"PROVINCE","DIVISION","DISTRICT","TEHSIL","ADMIN_UNIT","DISAB_FUNC_LIM","ALL_SEXES_OVERALL","MALE_OVERALL","FEMALE_OVERALL","ALL_SEXES_RURAL","MALE_RURAL","FEMALE_RURAL","ALL_SEXES_URBAN","MALE_URBAN","FEMALE_URBAN"
"BALOCHISTAN","KALAT","AWARAN","AWARAN","SUB-DIVISION","Population",45774,23192,22582,16994,8513,8481,28780,14679,14101
"BALOCHISTAN","KALAT","AWARAN","AWARAN","SUB-DIVISION","Disability",1344,571,773,724,346,378,620,225,395
"BALOCHISTAN","KALAT","AWARAN","AWARAN","SUB-DIVISION","Functional limitation",1684,773,911,823,405,418,861,368,493
"BALOCHISTAN","KALAT","AWARAN","AWARAN","SUB-DIVISION","Seeing",304,165,139,129,66,63,175,99,76
"BALOCHISTAN","KALAT","AWARAN","AWARAN","SUB-DIVISION","Hearing",218,108,110,98,50,48,120,58,62
"BALOCHISTAN","KALAT","AWARAN","AWARAN","SUB-DIVISION","Walking/ Climbing",787,354,433,378,172,206,409,182,227
"BALOCHISTAN","KALAT","AWARAN","AWARAN","SUB-DIVISION","Communication",213,105,108,92,50,42,121,55,66
"BALOCHISTAN","KALAT","AWARAN","AWARAN","SUB-DIVISION","Memorization/ Focus",265,132,133,118,58,60,147,74,73
"BALOCHISTAN","KALAT","AWARAN","AWARAN","SUB-DIVISION","Self care etc",195,87,108,104,56,48,91,31,60
"BALOCHISTAN","KALAT","AWARAN","GISHKORE","TEHSIL","Population",31462,16107,15355,31462,16107,15355,NA,NA,NA
"BALOCHISTAN","KALAT","AWARAN","GISHKORE","TEHSIL","Disability",1235,506,729,1235,506,729,NA,NA,NA
"BALOCHISTAN","KALAT","AWARAN","GISHKORE","TEHSIL","Functional limitation",1483,660,823,1483,660,823,NA,NA,NA
"BALOCHISTAN","KALAT","AWARAN","GISHKORE","TEHSIL","Seeing",266,129,137,266,129,137,NA,NA,NA
"BALOCHISTAN","KALAT","AWARAN","GISHKORE","TEHSIL","Hearing",175,91,84,175,91,84,NA,NA,NA
"BALOCHISTAN","KALAT","AWARAN","GISHKORE","TEHSIL","Walking/ Climbing",651,299,352,651,299,352,NA,NA,NA
"BALOCHISTAN","KALAT","AWARAN","GISHKORE","TEHSIL","Communication",217,86,131,217,86,131,NA,NA,NA
"BALOCHISTAN","KALAT","AWARAN","GISHKORE","TEHSIL","Memorization/ Focus",238,103,135,238,103,135,NA,NA,NA
"BALOCHISTAN","KALAT","AWARAN","GISHKORE","TEHSIL","Self care etc",173,73,100,173,73,100,NA,NA,NA
"BALOCHISTAN","KALAT","AWARAN","JHAL JAO","TEHSIL","Population",28132,14423,13709,28132,14423,13709,NA,NA,NA
"BALOCHISTAN","KALAT","AWARAN","JHAL JAO","TEHSIL","Disability",1439,688,751,1439,688,751,NA,NA,NA
"BALOCHISTAN","KALAT","AWARAN","JHAL JAO","TEHSIL","Functional limitation",1533,756,777,1533,756,777,NA,NA,NA
"BALOCHISTAN","KALAT","AWARAN","JHAL JAO","TEHSIL","Seeing",288,142,146,288,142,146,NA,NA,NA
"BALOCHISTAN","KALAT","AWARAN","JHAL JAO","TEHSIL","Hearing",290,145,145,290,145,145,NA,NA,NA
"BALOCHISTAN","KALAT","AWARAN","JHAL JAO","TEHSIL","Walking/ Climbing",351,189,162,351,189,162,NA,NA,NA
"BALOCHISTAN","KALAT","AWARAN","JHAL JAO","TEHSIL","Communication",252,124,128,252,124,128,NA,NA,NA
"BALOCHISTAN","KALAT","AWARAN","JHAL JAO","TEHSIL","Memorization/ Focus",260,124,136,260,124,136,NA,NA,NA
"BALOCHISTAN","KALAT","AWARAN","JHAL JAO","TEHSIL","Self care etc",246,120,126,246,120,126,NA,NA,NA
"BALOCHISTAN","KALAT","AWARAN","KORAK JHAO","TEHSIL","Population",27652,14238,13414,27652,14238,13414,NA,NA,NA
"BALOCHISTAN","KALAT","AWARAN","KORAK JHAO","TEHSIL","Disability",743,301,442,743,301,442,NA,NA,NA
"BALOCHISTAN","KALAT","AWARAN","KORAK JHAO","TEHSIL","Functional limitation",856,381,475,856,381,475,NA,NA,NA
"BALOCHISTAN","KALAT","AWARAN","KORAK JHAO","TEHSIL","Seeing",270,153,117,270,153,117,NA,NA,NA
"BALOCHISTAN","KALAT","AWARAN","KORAK JHAO","TEHSIL","Hearing",164,65,99,164,65,99,NA,NA,NA
"BALOCHISTAN","KALAT","AWARAN","KORAK JHAO","TEHSIL","Walking/ Climbing",347,150,197,347,150,197,NA,NA,NA
"BALOCHISTAN","KALAT","AWARAN","KORAK JHAO","TEHSIL","Communication",217,109,108,217,109,108,NA,NA,NA
"BALOCHISTAN","KALAT","AWARAN","KORAK JHAO","TEHSIL","Memorization/ Focus",167,95,72,167,95,72,NA,NA,NA
"BALOCHISTAN","KALAT","AWARAN","KORAK JHAO","TEHSIL","Self care etc",91,26,65,91,26,65,NA,NA,NA
"BALOCHISTAN","KALAT","AWARAN","MASHKAI","TEHSIL","Population",45938,23680,22258,27882,14247,13635,18056,9433,8623
"BALOCHISTAN","KALAT","AWARAN","MASHKAI","TEHSIL","Disability",1044,378,666,582,209,373,462,169,293
"BALOCHISTAN","KALAT","AWARAN","MASHKAI","TEHSIL","Functional limitation",1408,598,810,745,311,434,663,287,376
"BALOCHISTAN","KALAT","AWARAN","MASHKAI","TEHSIL","Seeing",278,128,150,123,54,69,155,74,81
"BALOCHISTAN","KALAT","AWARAN","MASHKAI","TEHSIL","Hearing",166,77,89,74,31,43,92,46,46
"BALOCHISTAN","KALAT","AWARAN","MASHKAI","TEHSIL","Walking/ Climbing",694,309,385,364,160,204,330,149,181
"BALOCHISTAN","KALAT","AWARAN","MASHKAI","TEHSIL","Communication",155,64,91,88,38,50,67,26,41
"BALOCHISTAN","KALAT","AWARAN","MASHKAI","TEHSIL","Memorization/ Focus",214,96,118,127,58,69,87,38,49
"BALOCHISTAN","KALAT","AWARAN","MASHKAI","TEHSIL","Self care etc",156,55,101,85,29,56,71,26,45
"BALOCHISTAN","LORALAI","BARKHAN","BARKHAN","TEHSIL","Population",210249,109632,100617,195824,102233,93591,14425,7399,7026
"BALOCHISTAN","LORALAI","BARKHAN","BARKHAN","TEHSIL","Disability",4442,2823,1619,4144,2607,1537,298,216,82
"BALOCHISTAN","LORALAI","BARKHAN","BARKHAN","TEHSIL","Functional limitation",20723,11572,9151,19110,10652,8458,1613,920,693
"BALOCHISTAN","LORALAI","BARKHAN","BARKHAN","TEHSIL","Seeing",5586,2947,2639,5199,2745,2454,387,202,185
"BALOCHISTAN","LORALAI","BARKHAN","BARKHAN","TEHSIL","Hearing",5570,2983,2587,5165,2778,2387,405,205,200
"BALOCHISTAN","LORALAI","BARKHAN","BARKHAN","TEHSIL","Walking/ Climbing",7197,3952,3245,6675,3668,3007,522,284,238
"BALOCHISTAN","LORALAI","BARKHAN","BARKHAN","TEHSIL","Communication",2508,1407,1101,2312,1306,1006,196,101,95
"BALOCHISTAN","LORALAI","BARKHAN","BARKHAN","TEHSIL","Memorization/ Focus",3479,1895,1584,3189,1736,1453,290,159,131
"BALOCHISTAN","LORALAI","BARKHAN","BARKHAN","TEHSIL","Self care etc",1852,1092,760,1678,983,695,174,109,65
"BALOCHISTAN","RAKHSHAN","CHAGAI","CHAGAI","TEHSIL","Population",73326,36995,36331,73326,36995,36331,NA,NA,NA
"BALOCHISTAN","RAKHSHAN","CHAGAI","CHAGAI","TEHSIL","Disability",977,482,495,977,482,495,NA,NA,NA
"BALOCHISTAN","RAKHSHAN","CHAGAI","CHAGAI","TEHSIL","Functional limitation",4875,2516,2359,4875,2516,2359,NA,NA,NA
"BALOCHISTAN","RAKHSHAN","CHAGAI","CHAGAI","TEHSIL","Seeing",1112,595,517,1112,595,517,NA,NA,NA
"BALOCHISTAN","RAKHSHAN","CHAGAI","CHAGAI","TEHSIL","Hearing",1214,645,569,1214,645,569,NA,NA,NA
"BALOCHISTAN","RAKHSHAN","CHAGAI","CHAGAI","TEHSIL","Walking/ Climbing",1702,891,811,1702,891,811,NA,NA,NA
"BALOCHISTAN","RAKHSHAN","CHAGAI","CHAGAI","TEHSIL","Communication",587,312,275,587,312,275,NA,NA,NA
"BALOCHISTAN","RAKHSHAN","CHAGAI","CHAGAI","TEHSIL","Memorization/ Focus",789,423,366,789,423,366,NA,NA,NA
"BALOCHISTAN","RAKHSHAN","CHAGAI","CHAGAI","TEHSIL","Self care etc",491,245,246,491,245,246,NA,NA,NA
"BALOCHISTAN","RAKHSHAN","CHAGAI","DALBANDIN","SUB-DIVISION","Population",122763,63631,59132,102804,53419,49385,19959,10212,9747
"BALOCHISTAN","RAKHSHAN","CHAGAI","DALBANDIN","SUB-DIVISION","Disability",1446,659,787,1200,560,640,246,99,147
"BALOCHISTAN","RAKHSHAN","CHAGAI","DALBANDIN","SUB-DIVISION","Functional limitation",7939,4108,3831,6473,3377,3096,1466,731,735
"BALOCHISTAN","RAKHSHAN","CHAGAI","DALBANDIN","SUB-DIVISION","Seeing",1824,980,844,1454,786,668,370,194,176
"BALOCHISTAN","RAKHSHAN","CHAGAI","DALBANDIN","SUB-DIVISION","Hearing",1903,1026,877,1514,820,694,389,206,183
"BALOCHISTAN","RAKHSHAN","CHAGAI","DALBANDIN","SUB-DIVISION","Walking/ Climbing",2661,1387,1274,2129,1115,1014,532,272,260
"BALOCHISTAN","RAKHSHAN","CHAGAI","DALBANDIN","SUB-DIVISION","Communication",865,461,404,651,353,298,214,108,106
"BALOCHISTAN","RAKHSHAN","CHAGAI","DALBANDIN","SUB-DIVISION","Memorization/ Focus",1271,665,606,990,519,471,281,146,135
"BALOCHISTAN","RAKHSHAN","CHAGAI","DALBANDIN","SUB-DIVISION","Self care etc",798,400,398,654,329,325,144,71,73
"BALOCHISTAN","RAKHSHAN","CHAGAI","NOKUNDI","TEHSIL","Population",30415,16527,13888,30415,16527,13888,NA,NA,NA
"BALOCHISTAN","RAKHSHAN","CHAGAI","NOKUNDI","TEHSIL","Disability",273,137,136,273,137,136,NA,NA,NA
"BALOCHISTAN","RAKHSHAN","CHAGAI","NOKUNDI","TEHSIL","Functional limitation",1624,849,775,1624,849,775,NA,NA,NA
"BALOCHISTAN","RAKHSHAN","CHAGAI","NOKUNDI","TEHSIL","Seeing",306,169,137,306,169,137,NA,NA,NA
"BALOCHISTAN","RAKHSHAN","CHAGAI","NOKUNDI","TEHSIL","Hearing",355,194,161,355,194,161,NA,NA,NA
"BALOCHISTAN","RAKHSHAN","CHAGAI","NOKUNDI","TEHSIL","Walking/ Climbing",492,257,235,492,257,235,NA,NA,NA
"BALOCHISTAN","RAKHSHAN","CHAGAI","NOKUNDI","TEHSIL","Communication",156,95,61,156,95,61,NA,NA,NA
"BALOCHISTAN","RAKHSHAN","CHAGAI","NOKUNDI","TEHSIL","Memorization/ Focus",233,122,111,233,122,111,NA,NA,NA
"BALOCHISTAN","RAKHSHAN","CHAGAI","NOKUNDI","TEHSIL","Self care etc",178,91,87,178,91,87,NA,NA,NA
"BALOCHISTAN","RAKHSHAN","CHAGAI","TAFTAN","SUB-DIVISION","Population",19259,10707,8552,19259,10707,8552,NA,NA,NA
"BALOCHISTAN","RAKHSHAN","CHAGAI","TAFTAN","SUB-DIVISION","Disability",1218,599,619,1218,599,619,NA,NA,NA
"BALOCHISTAN","RAKHSHAN","CHAGAI","TAFTAN","SUB-DIVISION","Functional limitation",2082,1109,973,2082,1109,973,NA,NA,NA
"BALOCHISTAN","RAKHSHAN","CHAGAI","TAFTAN","SUB-DIVISION","Seeing",397,209,188,397,209,188,NA,NA,NA
"BALOCHISTAN","RAKHSHAN","CHAGAI","TAFTAN","SUB-DIVISION","Hearing",403,221,182,403,221,182,NA,NA,NA
"BALOCHISTAN","RAKHSHAN","CHAGAI","TAFTAN","SUB-DIVISION","Walking/ Climbing",496,270,226,496,270,226,NA,NA,NA
"BALOCHISTAN","RAKHSHAN","CHAGAI","TAFTAN","SUB-DIVISION","Communication",210,103,107,210,103,107,NA,NA,NA
"BALOCHISTAN","RAKHSHAN","CHAGAI","TAFTAN","SUB-DIVISION","Memorization/ Focus",278,144,134,278,144,134,NA,NA,NA
"BALOCHISTAN","RAKHSHAN","CHAGAI","TAFTAN","SUB-DIVISION","Self care etc",309,168,141,309,168,141,NA,NA,NA
"BALOCHISTAN","RAKHSHAN","CHAGAI","YAK MACHH","SUB-TEHSIL","Population",22848,11787,11061,22848,11787,11061,NA,NA,NA
"BALOCHISTAN","RAKHSHAN","CHAGAI","YAK MACHH","SUB-TEHSIL","Disability",546,280,266,546,280,266,NA,NA,NA
"BALOCHISTAN","RAKHSHAN","CHAGAI","YAK MACHH","SUB-TEHSIL","Functional limitation",1752,891,861,1752,891,861,NA,NA,NA
"BALOCHISTAN","RAKHSHAN","CHAGAI","YAK MACHH","SUB-TEHSIL","Seeing",290,146,144,290,146,144,NA,NA,NA
"BALOCHISTAN","RAKHSHAN","CHAGAI","YAK MACHH","SUB-TEHSIL","Hearing",322,156,166,322,156,166,NA,NA,NA
"BALOCHISTAN","RAKHSHAN","CHAGAI","YAK MACHH","SUB-TEHSIL","Walking/ Climbing",510,263,247,510,263,247,NA,NA,NA
"BALOCHISTAN","RAKHSHAN","CHAGAI","YAK MACHH","SUB-TEHSIL","Communication",211,122,89,211,122,89,NA,NA,NA
"BALOCHISTAN","RAKHSHAN","CHAGAI","YAK MACHH","SUB-TEHSIL","Memorization/ Focus",249,132,117,249,132,117,NA,NA,NA
"BALOCHISTAN","RAKHSHAN","CHAGAI","YAK MACHH","SUB-TEHSIL","Self care etc",200,95,105,200,95,105,NA,NA,NA
NA,NA,"CHAMAN","CHAMAN CITY","SUB-DIVISION","Population",130139,71529,58610,NA,NA,NA,130139,71529,58610
NA,NA,"CHAMAN","CHAMAN CITY","SUB-DIVISION","Disability",4247,2300,1947,NA,NA,NA,4247,2300,1947
NA,NA,"CHAMAN","CHAMAN CITY","SUB-DIVISION","Functional limitation",8785,4868,3917,NA,NA,NA,8785,4868,3917
NA,NA,"CHAMAN","CHAMAN CITY","SUB-DIVISION","Seeing",1487,821,666,NA,NA,NA,1487,821,666
NA,NA,"CHAMAN","CHAMAN CITY","SUB-DIVISION","Hearing",1615,911,704,NA,NA,NA,1615,911,704
NA,NA,"CHAMAN","CHAMAN CITY","SUB-DIVISION","Walking/ Climbing",2613,1441,1172,NA,NA,NA,2613,1441,1172
NA,NA,"CHAMAN","CHAMAN CITY","SUB-DIVISION","Communication",935,523,412,NA,NA,NA,935,523,412
NA,NA,"CHAMAN","CHAMAN CITY","SUB-DIVISION","Memorization/ Focus",1238,693,545,NA,NA,NA,1238,693,545
NA,NA,"CHAMAN","CHAMAN CITY","SUB-DIVISION","Self care etc",1140,634,506,NA,NA,NA,1140,634,506
"BALOCHISTAN","QUETTA","CHAMAN","CHAMAN SADDAR","SUB-DIVISION","Population",336079,189678,146401,336079,189678,146401,NA,NA,NA
"BALOCHISTAN","QUETTA","CHAMAN","CHAMAN SADDAR","SUB-DIVISION","Disability",4976,2666,2310,4976,2666,2310,NA,NA,NA
"BALOCHISTAN","QUETTA","CHAMAN","CHAMAN SADDAR","SUB-DIVISION","Functional limitation",15094,8369,6725,15094,8369,6725,NA,NA,NA
"BALOCHISTAN","QUETTA","CHAMAN","CHAMAN SADDAR","SUB-DIVISION","Seeing",2528,1417,1111,2528,1417,1111,NA,NA,NA
"BALOCHISTAN","QUETTA","CHAMAN","CHAMAN SADDAR","SUB-DIVISION","Hearing",2774,1592,1182,2774,1592,1182,NA,NA,NA
"BALOCHISTAN","QUETTA","CHAMAN","CHAMAN SADDAR","SUB-DIVISION","Walking/ Climbing",5058,2777,2281,5058,2777,2281,NA,NA,NA
"BALOCHISTAN","QUETTA","CHAMAN","CHAMAN SADDAR","SUB-DIVISION","Communication",1263,722,541,1263,722,541,NA,NA,NA
"BALOCHISTAN","QUETTA","CHAMAN","CHAMAN SADDAR","SUB-DIVISION","Memorization/ Focus",2039,1144,895,2039,1144,895,NA,NA,NA
"BALOCHISTAN","QUETTA","CHAMAN","CHAMAN SADDAR","SUB-DIVISION","Self care etc",1855,1019,836,1855,1019,836,NA,NA,NA
"BALOCHISTAN","SIBI","DERA BUGTI","BAIKER","SUB-TEHSIL","Population",33410,18736,14674,33410,18736,14674,NA,NA,NA
"BALOCHISTAN","SIBI","DERA BUGTI","BAIKER","SUB-TEHSIL","Disability",45,26,19,45,26,19,NA,NA,NA
"BALOCHISTAN","SIBI","DERA BUGTI","BAIKER","SUB-TEHSIL","Functional limitation",357,263,94,357,263,94,NA,NA,NA
"BALOCHISTAN","SIBI","DERA BUGTI","BAIKER","SUB-TEHSIL","Seeing",90,53,37,90,53,37,NA,NA,NA
"BALOCHISTAN","SIBI","DERA BUGTI","BAIKER","SUB-TEHSIL","Hearing",100,78,22,100,78,22,NA,NA,NA
"BALOCHISTAN","SIBI","DERA BUGTI","BAIKER","SUB-TEHSIL","Walking/ Climbing",114,73,41,114,73,41,NA,NA,NA
"BALOCHISTAN","SIBI","DERA BUGTI","BAIKER","SUB-TEHSIL","Communication",22,18,4,22,18,4,NA,NA,NA
"BALOCHISTAN","SIBI","DERA BUGTI","BAIKER","SUB-TEHSIL","Memorization/ Focus",43,33,10,43,33,10,NA,NA,NA
"BALOCHISTAN","SIBI","DERA BUGTI","BAIKER","SUB-TEHSIL","Self care etc",24,22,2,24,22,2,NA,NA,NA
"BALOCHISTAN","SIBI","DERA BUGTI","DERA BUGTI","SUB-DIVISION","Population",50943,26696,24247,22063,11772,10291,28880,14924,13956
"BALOCHISTAN","SIBI","DERA BUGTI","DERA BUGTI","SUB-DIVISION","Disability",252,163,89,102,70,32,150,93,57
"BALOCHISTAN","SIBI","DERA BUGTI","DERA BUGTI","SUB-DIVISION","Functional limitation",798,541,257,266,197,69,532,344,188
"BALOCHISTAN","SIBI","DERA BUGTI","DERA BUGTI","SUB-DIVISION","Seeing",205,128,77,80,53,27,125,75,50
"BALOCHISTAN","SIBI","DERA BUGTI","DERA BUGTI","SUB-DIVISION","Hearing",200,130,70,55,37,18,145,93,52
"BALOCHISTAN","SIBI","DERA BUGTI","DERA BUGTI","SUB-DIVISION","Walking/ Climbing",345,232,113,137,101,36,208,131,77
"BALOCHISTAN","SIBI","DERA BUGTI","DERA BUGTI","SUB-DIVISION","Communication",113,78,35,35,23,12,78,55,23
"BALOCHISTAN","SIBI","DERA BUGTI","DERA BUGTI","SUB-DIVISION","Memorization/ Focus",144,91,53,48,35,13,96,56,40
"BALOCHISTAN","SIBI","DERA BUGTI","DERA BUGTI","SUB-DIVISION","Self care etc",49,34,15,12,10,2,37,24,13
"BALOCHISTAN","SIBI","DERA BUGTI","LOTI","SUB-TEHSIL","Population",21711,13350,8361,21711,13350,8361,NA,NA,NA
"BALOCHISTAN","SIBI","DERA BUGTI","LOTI","SUB-TEHSIL","Disability",223,58,165,223,58,165,NA,NA,NA
"BALOCHISTAN","SIBI","DERA BUGTI","LOTI","SUB-TEHSIL","Functional limitation",461,243,218,461,243,218,NA,NA,NA
"BALOCHISTAN","SIBI","DERA BUGTI","LOTI","SUB-TEHSIL","Seeing",152,92,60,152,92,60,NA,NA,NA
"BALOCHISTAN","SIBI","DERA BUGTI","LOTI","SUB-TEHSIL","Hearing",88,58,30,88,58,30,NA,NA,NA
"BALOCHISTAN","SIBI","DERA BUGTI","LOTI","SUB-TEHSIL","Walking/ Climbing",134,76,58,134,76,58,NA,NA,NA
"BALOCHISTAN","SIBI","DERA BUGTI","LOTI","SUB-TEHSIL","Communication",67,26,41,67,26,41,NA,NA,NA
"BALOCHISTAN","SIBI","DERA BUGTI","LOTI","SUB-TEHSIL","Memorization/ Focus",69,40,29,69,40,29,NA,NA,NA
"BALOCHISTAN","SIBI","DERA BUGTI","LOTI","SUB-TEHSIL","Self care etc",41,16,25,41,16,25,NA,NA,NA
"BALOCHISTAN","SIBI","DERA BUGTI","MALAM","SUB-TEHSIL","Population",33340,18690,14650,33340,18690,14650,NA,NA,NA
"BALOCHISTAN","SIBI","DERA BUGTI","MALAM","SUB-TEHSIL","Disability",41,28,13,41,28,13,NA,NA,NA
"BALOCHISTAN","SIBI","DERA BUGTI","MALAM","SUB-TEHSIL","Functional limitation",248,204,44,248,204,44,NA,NA,NA
"BALOCHISTAN","SIBI","DERA BUGTI","MALAM","SUB-TEHSIL","Seeing",65,44,21,65,44,21,NA,NA,NA
"BALOCHISTAN","SIBI","DERA BUGTI","MALAM","SUB-TEHSIL","Hearing",60,46,14,60,46,14,NA,NA,NA
"BALOCHISTAN","SIBI","DERA BUGTI","MALAM","SUB-TEHSIL","Walking/ Climbing",105,75,30,105,75,30,NA,NA,NA
"BALOCHISTAN","SIBI","DERA BUGTI","MALAM","SUB-TEHSIL","Communication",36,22,14,36,22,14,NA,NA,NA
"BALOCHISTAN","SIBI","DERA BUGTI","MALAM","SUB-TEHSIL","Memorization/ Focus",44,33,11,44,33,11,NA,NA,NA
"BALOCHISTAN","SIBI","DERA BUGTI","MALAM","SUB-TEHSIL","Self care etc",16,16,NA,16,16,NA,NA,NA,NA
"BALOCHISTAN","SIBI","DERA BUGTI","PIR KOH","SUB-TEHSIL","Population",44396,23866,20530,44396,23866,20530,NA,NA,NA
"BALOCHISTAN","SIBI","DERA BUGTI","PIR KOH","SUB-TEHSIL","Disability",132,84,48,132,84,48,NA,NA,NA
"BALOCHISTAN","SIBI","DERA BUGTI","PIR KOH","SUB-TEHSIL","Functional limitation",539,391,148,539,391,148,NA,NA,NA
"BALOCHISTAN","SIBI","DERA BUGTI","PIR KOH","SUB-TEHSIL","Seeing",170,115,55,170,115,55,NA,NA,NA
"BALOCHISTAN","SIBI","DERA BUGTI","PIR KOH","SUB-TEHSIL","Hearing",132,98,34,132,98,34,NA,NA,NA
"BALOCHISTAN","SIBI","DERA BUGTI","PIR KOH","SUB-TEHSIL","Walking/ Climbing",230,153,77,230,153,77,NA,NA,NA
"BALOCHISTAN","SIBI","DERA BUGTI","PIR KOH","SUB-TEHSIL","Communication",73,49,24,73,49,24,NA,NA,NA
"BALOCHISTAN","SIBI","DERA BUGTI","PIR KOH","SUB-TEHSIL","Memorization/ Focus",108,80,28,108,80,28,NA,NA,NA
"BALOCHISTAN","SIBI","DERA BUGTI","PIR KOH","SUB-TEHSIL","Self care etc",32,26,6,32,26,6,NA,NA,NA
"BALOCHISTAN","SIBI","DERA BUGTI","QADIRABAD","SUB-DIVISION","Population",32226,18391,13835,32226,18391,13835,NA,NA,NA
"BALOCHISTAN","SIBI","DERA BUGTI","QADIRABAD","SUB-DIVISION","Disability",56,36,20,56,36,20,NA,NA,NA
"BALOCHISTAN","SIBI","DERA BUGTI","QADIRABAD","SUB-DIVISION","Functional limitation",266,201,65,266,201,65,NA,NA,NA
"BALOCHISTAN","SIBI","DERA BUGTI","QADIRABAD","SUB-DIVISION","Seeing",83,58,25,83,58,25,NA,NA,NA
"BALOCHISTAN","SIBI","DERA BUGTI","QADIRABAD","SUB-DIVISION","Hearing",79,51,28,79,51,28,NA,NA,NA
"BALOCHISTAN","SIBI","DERA BUGTI","QADIRABAD","SUB-DIVISION","Walking/ Climbing",108,77,31,108,77,31,NA,NA,NA
"BALOCHISTAN","SIBI","DERA BUGTI","QADIRABAD","SUB-DIVISION","Communication",29,20,9,29,20,9,NA,NA,NA
"BALOCHISTAN","SIBI","DERA BUGTI","QADIRABAD","SUB-DIVISION","Memorization/ Focus",40,30,10,40,30,10,NA,NA,NA
"BALOCHISTAN","SIBI","DERA BUGTI","QADIRABAD","SUB-DIVISION","Self care etc",11,10,1,11,10,1,NA,NA,NA
"BALOCHISTAN","SIBI","DERA BUGTI","SANGSILLAH","SUB-TEHSIL","Population",12523,6635,5888,12523,6635,5888,NA,NA,NA
"BALOCHISTAN","SIBI","DERA BUGTI","SANGSILLAH","SUB-TEHSIL","Disability",590,189,401,590,189,401,NA,NA,NA
"BALOCHISTAN","SIBI","DERA BUGTI","SANGSILLAH","SUB-TEHSIL","Functional limitation",677,259,418,677,259,418,NA,NA,NA
"BALOCHISTAN","SIBI","DERA BUGTI","SANGSILLAH","SUB-TEHSIL","Seeing",105,48,57,105,48,57,NA,NA,NA
"BALOCHISTAN","SIBI","DERA BUGTI","SANGSILLAH","SUB-TEHSIL","Hearing",102,47,55,102,47,55,NA,NA,NA
"BALOCHISTAN","SIBI","DERA BUGTI","SANGSILLAH","SUB-TEHSIL","Walking/ Climbing",249,99,150,249,99,150,NA,NA,NA
"BALOCHISTAN","SIBI","DERA BUGTI","SANGSILLAH","SUB-TEHSIL","Communication",92,43,49,92,43,49,NA,NA,NA
"BALOCHISTAN","SIBI","DERA BUGTI","SANGSILLAH","SUB-TEHSIL","Memorization/ Focus",107,49,58,107,49,58,NA,NA,NA
"BALOCHISTAN","SIBI","DERA BUGTI","SANGSILLAH","SUB-TEHSIL","Self care etc",98,29,69,98,29,69,NA,NA,NA
"BALOCHISTAN","SIBI","DERA BUGTI","SUI","SUB-DIVISION","Population",126725,68228,58497,47158,26222,20936,79567,42006,37561
"BALOCHISTAN","SIBI","DERA BUGTI","SUI","SUB-DIVISION","Disability",454,291,163,117,62,55,337,229,108
"BALOCHISTAN","SIBI","DERA BUGTI","SUI","SUB-DIVISION","Functional limitation",1669,1166,503,553,398,155,1116,768,348
"BALOCHISTAN","SIBI","DERA BUGTI","SUI","SUB-DIVISION","Seeing",476,323,153,169,117,52,307,206,101
"BALOCHISTAN","SIBI","DERA BUGTI","SUI","SUB-DIVISION","Hearing",439,304,135,133,93,40,306,211,95
"BALOCHISTAN","SIBI","DERA BUGTI","SUI","SUB-DIVISION","Walking/ Climbing",767,506,261,248,160,88,519,346,173
"BALOCHISTAN","SIBI","DERA BUGTI","SUI","SUB-DIVISION","Communication",293,203,90,70,41,29,223,162,61
"BALOCHISTAN","SIBI","DERA BUGTI","SUI","SUB-DIVISION","Memorization/ Focus",343,238,105,91,64,27,252,174,78
"BALOCHISTAN","SIBI","DERA BUGTI","SUI","SUB-DIVISION","Self care etc",108,81,27,34,29,5,74,52,22
"BALOCHISTAN","LORALAI","DUKI","DUKI","SUB-DIVISION","Population",137294,72379,64915,127511,67095,60416,9783,5284,4499
"BALOCHISTAN","LORALAI","DUKI","DUKI","SUB-DIVISION","Disability",413,274,139,403,268,135,10,6,4
"BALOCHISTAN","LORALAI","DUKI","DUKI","SUB-DIVISION","Functional limitation",6262,3308,2954,5695,3002,2693,567,306,261
"BALOCHISTAN","LORALAI","DUKI","DUKI","SUB-DIVISION","Seeing",1510,812,698,1400,752,648,110,60,50
"BALOCHISTAN","LORALAI","DUKI","DUKI","SUB-DIVISION","Hearing",1495,801,694,1365,732,633,130,69,61
"BALOCHISTAN","LORALAI","DUKI","DUKI","SUB-DIVISION","Walking/ Climbing",1886,1023,863,1724,930,794,162,93,69
"BALOCHISTAN","LORALAI","DUKI","DUKI","SUB-DIVISION","Communication",563,314,249,519,288,231,44,26,18
"BALOCHISTAN","LORALAI","DUKI","DUKI","SUB-DIVISION","Memorization/ Focus",872,471,401,792,428,364,80,43,37
"BALOCHISTAN","LORALAI","DUKI","DUKI","SUB-DIVISION","Self care etc",586,306,280,526,276,250,60,30,30
"BALOCHISTAN","LORALAI","DUKI","LUNI","SUB-DIVISION","Population",13615,7152,6463,13615,7152,6463,NA,NA,NA
"BALOCHISTAN","LORALAI","DUKI","LUNI","SUB-DIVISION","Disability",162,129,33,162,129,33,NA,NA,NA
"BALOCHISTAN","LORALAI","DUKI","LUNI","SUB-DIVISION","Functional limitation",783,460,323,783,460,323,NA,NA,NA
"BALOCHISTAN","LORALAI","DUKI","LUNI","SUB-DIVISION","Seeing",171,100,71,171,100,71,NA,NA,NA
"BALOCHISTAN","LORALAI","DUKI","LUNI","SUB-DIVISION","Hearing",171,99,72,171,99,72,NA,NA,NA
"BALOCHISTAN","LORALAI","DUKI","LUNI","SUB-DIVISION","Walking/ Climbing",250,148,102,250,148,102,NA,NA,NA
"BALOCHISTAN","LORALAI","DUKI","LUNI","SUB-DIVISION","Communication",78,54,24,78,54,24,NA,NA,NA
"BALOCHISTAN","LORALAI","DUKI","LUNI","SUB-DIVISION","Memorization/ Focus",103,66,37,103,66,37,NA,NA,NA
"BALOCHISTAN","LORALAI","DUKI","LUNI","SUB-DIVISION","Self care etc",74,47,27,74,47,27,NA,NA,NA
"BALOCHISTAN","LORALAI","DUKI","TALAO","SUB-TEHSIL","Population",21930,11346,10584,21930,11346,10584,NA,NA,NA
"BALOCHISTAN","LORALAI","DUKI","TALAO","SUB-TEHSIL","Disability",568,411,157,568,411,157,NA,NA,NA
"BALOCHISTAN","LORALAI","DUKI","TALAO","SUB-TEHSIL","Functional limitation",1517,918,599,1517,918,599,NA,NA,NA
"BALOCHISTAN","LORALAI","DUKI","TALAO","SUB-TEHSIL","Seeing",286,175,111,286,175,111,NA,NA,NA
"BALOCHISTAN","LORALAI","DUKI","TALAO","SUB-TEHSIL","Hearing",302,183,119,302,183,119,NA,NA,NA
"BALOCHISTAN","LORALAI","DUKI","TALAO","SUB-TEHSIL","Walking/ Climbing",450,267,183,450,267,183,NA,NA,NA
"BALOCHISTAN","LORALAI","DUKI","TALAO","SUB-TEHSIL","Communication",132,85,47,132,85,47,NA,NA,NA
"BALOCHISTAN","LORALAI","DUKI","TALAO","SUB-TEHSIL","Memorization/ Focus",204,125,79,204,125,79,NA,NA,NA
"BALOCHISTAN","LORALAI","DUKI","TALAO","SUB-TEHSIL","Self care etc",181,110,71,181,110,71,NA,NA,NA
"BALOCHISTAN","LORALAI","DUKI","THAL CHUTYALI","SUB-DIVISION","Population",32205,16392,15813,32205,16392,15813,NA,NA,NA
"BALOCHISTAN","LORALAI","DUKI","THAL CHUTYALI","SUB-DIVISION","Disability",141,86,55,141,86,55,NA,NA,NA
"BALOCHISTAN","LORALAI","DUKI","THAL CHUTYALI","SUB-DIVISION","Functional limitation",1533,776,757,1533,776,757,NA,NA,NA
"BALOCHISTAN","LORALAI","DUKI","THAL CHUTYALI","SUB-DIVISION","Seeing",345,176,169,345,176,169,NA,NA,NA
"BALOCHISTAN","LORALAI","DUKI","THAL CHUTYALI","SUB-DIVISION","Hearing",364,182,182,364,182,182,NA,NA,NA
"BALOCHISTAN","LORALAI","DUKI","THAL CHUTYALI","SUB-DIVISION","Walking/ Climbing",498,255,243,498,255,243,NA,NA,NA
"BALOCHISTAN","LORALAI","DUKI","THAL CHUTYALI","SUB-DIVISION","Communication",114,60,54,114,60,54,NA,NA,NA
"BALOCHISTAN","LORALAI","DUKI","THAL CHUTYALI","SUB-DIVISION","Memorization/ Focus",217,105,112,217,105,112,NA,NA,NA
"BALOCHISTAN","LORALAI","DUKI","THAL CHUTYALI","SUB-DIVISION","Self care etc",136,66,70,136,66,70,NA,NA,NA
"BALOCHISTAN","MEKRAN","GWADAR","GWADAR","SUB-DIVISION","Population",147673,78294,69379,76821,40708,36113,70852,37586,33266
"BALOCHISTAN","MEKRAN","GWADAR","GWADAR","SUB-DIVISION","Disability",4419,1777,2642,2869,1202,1667,1550,575,975
"BALOCHISTAN","MEKRAN","GWADAR","GWADAR","SUB-DIVISION","Functional limitation",12905,6548,6357,6759,3329,3430,6146,3219,2927
"BALOCHISTAN","MEKRAN","GWADAR","GWADAR","SUB-DIVISION","Seeing",2308,1239,1069,1218,638,580,1090,601,489
"BALOCHISTAN","MEKRAN","GWADAR","GWADAR","SUB-DIVISION","Hearing",2458,1346,1112,1206,640,566,1252,706,546
"BALOCHISTAN","MEKRAN","GWADAR","GWADAR","SUB-DIVISION","Walking/ Climbing",4311,2153,2158,2322,1135,1187,1989,1018,971
"BALOCHISTAN","MEKRAN","GWADAR","GWADAR","SUB-DIVISION","Communication",1199,594,605,641,316,325,558,278,280
"BALOCHISTAN","MEKRAN","GWADAR","GWADAR","SUB-DIVISION","Memorization/ Focus",1781,926,855,942,470,472,839,456,383
"BALOCHISTAN","MEKRAN","GWADAR","GWADAR","SUB-DIVISION","Self care etc",1540,751,789,826,388,438,714,363,351
"BALOCHISTAN","MEKRAN","GWADAR","JIWANI","TEHSIL","Population",35004,18517,16487,9672,4595,5077,25332,13922,11410
"BALOCHISTAN","MEKRAN","GWADAR","JIWANI","TEHSIL","Disability",798,291,507,268,110,158,530,181,349
"BALOCHISTAN","MEKRAN","GWADAR","JIWANI","TEHSIL","Functional limitation",2810,1424,1386,809,400,409,2001,1024,977
"BALOCHISTAN","MEKRAN","GWADAR","JIWANI","TEHSIL","Seeing",474,253,221,126,66,60,348,187,161
"BALOCHISTAN","MEKRAN","GWADAR","JIWANI","TEHSIL","Hearing",529,286,243,139,71,68,390,215,175
"BALOCHISTAN","MEKRAN","GWADAR","JIWANI","TEHSIL","Walking/ Climbing",869,430,439,244,117,127,625,313,312
"BALOCHISTAN","MEKRAN","GWADAR","JIWANI","TEHSIL","Communication",295,135,160,121,58,63,174,77,97
"BALOCHISTAN","MEKRAN","GWADAR","JIWANI","TEHSIL","Memorization/ Focus",415,207,208,142,70,72,273,137,136
"BALOCHISTAN","MEKRAN","GWADAR","JIWANI","TEHSIL","Self care etc",323,160,163,83,41,42,240,119,121
"BALOCHISTAN","MEKRAN","GWADAR","ORMARA","TEHSIL","Population",25503,13255,12248,8475,4402,4073,17028,8853,8175
"BALOCHISTAN","MEKRAN","GWADAR","ORMARA","TEHSIL","Disability",1806,871,935,716,353,363,1090,518,572
"BALOCHISTAN","MEKRAN","GWADAR","ORMARA","TEHSIL","Functional limitation",3673,1886,1787,1404,720,684,2269,1166,1103
"BALOCHISTAN","MEKRAN","GWADAR","ORMARA","TEHSIL","Seeing",740,382,358,339,173,166,401,209,192
"BALOCHISTAN","MEKRAN","GWADAR","ORMARA","TEHSIL","Hearing",835,445,390,369,189,180,466,256,210
"BALOCHISTAN","MEKRAN","GWADAR","ORMARA","TEHSIL","Walking/ Climbing",946,479,467,328,165,163,618,314,304
"BALOCHISTAN","MEKRAN","GWADAR","ORMARA","TEHSIL","Communication",468,242,226,210,106,104,258,136,122
"BALOCHISTAN","MEKRAN","GWADAR","ORMARA","TEHSIL","Memorization/ Focus",572,289,283,241,122,119,331,167,164
"BALOCHISTAN","MEKRAN","GWADAR","ORMARA","TEHSIL","Self care etc",446,220,226,176,94,82,270,126,144
"BALOCHISTAN","MEKRAN","GWADAR","PASNI","SUB-DIVISION","Population",74128,38417,35711,30634,15607,15027,43494,22810,20684
"BALOCHISTAN","MEKRAN","GWADAR","PASNI","SUB-DIVISION","Disability",1716,600,1116,769,270,499,947,330,617
"BALOCHISTAN","MEKRAN","GWADAR","PASNI","SUB-DIVISION","Functional limitation",6231,3033,3198,2679,1301,1378,3552,1732,1820
"BALOCHISTAN","MEKRAN","GWADAR","PASNI","SUB-DIVISION","Seeing",1328,662,666,683,339,344,645,323,322
"BALOCHISTAN","MEKRAN","GWADAR","PASNI","SUB-DIVISION","Hearing",1369,695,674,626,315,311,743,380,363
"BALOCHISTAN","MEKRAN","GWADAR","PASNI","SUB-DIVISION","Walking/ Climbing",2128,1009,1119,977,457,520,1151,552,599
"BALOCHISTAN","MEKRAN","GWADAR","PASNI","SUB-DIVISION","Communication",594,308,286,264,137,127,330,171,159
"BALOCHISTAN","MEKRAN","GWADAR","PASNI","SUB-DIVISION","Memorization/ Focus",914,473,441,409,208,201,505,265,240
"BALOCHISTAN","MEKRAN","GWADAR","PASNI","SUB-DIVISION","Self care etc",669,305,364,267,119,148,402,186,216
"BALOCHISTAN","MEKRAN","GWADAR","SUNTSER","SUB-TEHSIL","Population",20523,11174,9349,20523,11174,9349,NA,NA,NA
"BALOCHISTAN","MEKRAN","GWADAR","SUNTSER","SUB-TEHSIL","Disability",562,281,281,562,281,281,NA,NA,NA
"BALOCHISTAN","MEKRAN","GWADAR","SUNTSER","SUB-TEHSIL","Functional limitation",1446,763,683,1446,763,683,NA,NA,NA
"BALOCHISTAN","MEKRAN","GWADAR","SUNTSER","SUB-TEHSIL","Seeing",279,141,138,279,141,138,NA,NA,NA
"BALOCHISTAN","MEKRAN","GWADAR","SUNTSER","SUB-TEHSIL","Hearing",349,182,167,349,182,167,NA,NA,NA
"BALOCHISTAN","MEKRAN","GWADAR","SUNTSER","SUB-TEHSIL","Walking/ Climbing",460,225,235,460,225,235,NA,NA,NA
"BALOCHISTAN","MEKRAN","GWADAR","SUNTSER","SUB-TEHSIL","Communication",112,68,44,112,68,44,NA,NA,NA
"BALOCHISTAN","MEKRAN","GWADAR","SUNTSER","SUB-TEHSIL","Memorization/ Focus",194,107,87,194,107,87,NA,NA,NA
"BALOCHISTAN","MEKRAN","GWADAR","SUNTSER","SUB-TEHSIL","Self care etc",212,115,97,212,115,97,NA,NA,NA
"BALOCHISTAN","SIBI","HARNAI","HARNAI","SUB-DIVISION","Population",82001,40998,41003,67724,33840,33884,14277,7158,7119
"BALOCHISTAN","SIBI","HARNAI","HARNAI","SUB-DIVISION","Disability",1341,760,581,1040,577,463,301,183,118
"BALOCHISTAN","SIBI","HARNAI","HARNAI","SUB-DIVISION","Functional limitation",5962,3332,2630,4651,2593,2058,1311,739,572
"BALOCHISTAN","SIBI","HARNAI","HARNAI","SUB-DIVISION","Seeing",1175,661,514,898,497,401,277,164,113
"BALOCHISTAN","SIBI","HARNAI","HARNAI","SUB-DIVISION","Hearing",1248,709,539,956,535,421,292,174,118
"BALOCHISTAN","SIBI","HARNAI","HARNAI","SUB-DIVISION","Walking/ Climbing",2046,1128,918,1587,871,716,459,257,202
"BALOCHISTAN","SIBI","HARNAI","HARNAI","SUB-DIVISION","Communication",565,317,248,410,219,191,155,98,57
"BALOCHISTAN","SIBI","HARNAI","HARNAI","SUB-DIVISION","Memorization/ Focus",871,499,372,660,375,285,211,124,87
"BALOCHISTAN","SIBI","HARNAI","HARNAI","SUB-DIVISION","Self care etc",614,343,271,482,269,213,132,74,58
"BALOCHISTAN","SIBI","HARNAI","KHOAST","SUB-DIVISION","Population",16565,9358,7207,16565,9358,7207,NA,NA,NA
"BALOCHISTAN","SIBI","HARNAI","KHOAST","SUB-DIVISION","Disability",1274,683,591,1274,683,591,NA,NA,NA
"BALOCHISTAN","SIBI","HARNAI","KHOAST","SUB-DIVISION","Functional limitation",2244,1275,969,2244,1275,969,NA,NA,NA
"BALOCHISTAN","SIBI","HARNAI","KHOAST","SUB-DIVISION","Seeing",404,233,171,404,233,171,NA,NA,NA
"BALOCHISTAN","SIBI","HARNAI","KHOAST","SUB-DIVISION","Hearing",420,240,180,420,240,180,NA,NA,NA
"BALOCHISTAN","SIBI","HARNAI","KHOAST","SUB-DIVISION","Walking/ Climbing",644,368,276,644,368,276,NA,NA,NA
"BALOCHISTAN","SIBI","HARNAI","KHOAST","SUB-DIVISION","Communication",247,141,106,247,141,106,NA,NA,NA
"BALOCHISTAN","SIBI","HARNAI","KHOAST","SUB-DIVISION","Memorization/ Focus",339,192,147,339,192,147,NA,NA,NA
"BALOCHISTAN","SIBI","HARNAI","KHOAST","SUB-DIVISION","Self care etc",307,167,140,307,167,140,NA,NA,NA
"BALOCHISTAN","SIBI","HARNAI","SHAHRIG","TEHSIL","Population",29005,17010,11995,9849,5459,4390,19156,11551,7605
"BALOCHISTAN","SIBI","HARNAI","SHAHRIG","TEHSIL","Disability",550,315,235,315,169,146,235,146,89
"BALOCHISTAN","SIBI","HARNAI","SHAHRIG","TEHSIL","Functional limitation",2042,1227,815,910,516,394,1132,711,421
"BALOCHISTAN","SIBI","HARNAI","SHAHRIG","TEHSIL","Seeing",399,235,164,184,105,79,215,130,85
"BALOCHISTAN","SIBI","HARNAI","SHAHRIG","TEHSIL","Hearing",447,265,182,200,113,87,247,152,95
"BALOCHISTAN","SIBI","HARNAI","SHAHRIG","TEHSIL","Walking/ Climbing",684,404,280,285,161,124,399,243,156
"BALOCHISTAN","SIBI","HARNAI","SHAHRIG","TEHSIL","Communication",235,139,96,126,70,56,109,69,40
"BALOCHISTAN","SIBI","HARNAI","SHAHRIG","TEHSIL","Memorization/ Focus",298,172,126,144,78,66,154,94,60
"BALOCHISTAN","SIBI","HARNAI","SHAHRIG","TEHSIL","Self care etc",211,129,82,92,52,40,119,77,42
"BALOCHISTAN","NASIRABAD","JAFFARABAD","GANDAKHA","TEHSIL","Population",81190,40638,40552,81190,40638,40552,NA,NA,NA
"BALOCHISTAN","NASIRABAD","JAFFARABAD","GANDAKHA","TEHSIL","Disability",3023,1542,1481,3023,1542,1481,NA,NA,NA
"BALOCHISTAN","NASIRABAD","JAFFARABAD","GANDAKHA","TEHSIL","Functional limitation",5000,2488,2512,5000,2488,2512,NA,NA,NA
"BALOCHISTAN","NASIRABAD","JAFFARABAD","GANDAKHA","TEHSIL","Seeing",969,477,492,969,477,492,NA,NA,NA
"BALOCHISTAN","NASIRABAD","JAFFARABAD","GANDAKHA","TEHSIL","Hearing",1000,490,510,1000,490,510,NA,NA,NA
"BALOCHISTAN","NASIRABAD","JAFFARABAD","GANDAKHA","TEHSIL","Walking/ Climbing",1355,677,678,1355,677,678,NA,NA,NA
"BALOCHISTAN","NASIRABAD","JAFFARABAD","GANDAKHA","TEHSIL","Communication",684,357,327,684,357,327,NA,NA,NA
"BALOCHISTAN","NASIRABAD","JAFFARABAD","GANDAKHA","TEHSIL","Memorization/ Focus",796,431,365,796,431,365,NA,NA,NA
"BALOCHISTAN","NASIRABAD","JAFFARABAD","GANDAKHA","TEHSIL","Self care etc",650,306,344,650,306,344,NA,NA,NA
"BALOCHISTAN","NASIRABAD","JAFFARABAD","JHAT PAT","SUB-DIVISION","Population",302498,154414,148084,203737,103668,100069,98761,50746,48015
"BALOCHISTAN","NASIRABAD","JAFFARABAD","JHAT PAT","SUB-DIVISION","Disability",5438,2850,2588,4301,2241,2060,1137,609,528
"BALOCHISTAN","NASIRABAD","JAFFARABAD","JHAT PAT","SUB-DIVISION","Functional limitation",13617,6769,6848,9759,4882,4877,3858,1887,1971
"BALOCHISTAN","NASIRABAD","JAFFARABAD","JHAT PAT","SUB-DIVISION","Seeing",2497,1229,1268,1747,853,894,750,376,374
"BALOCHISTAN","NASIRABAD","JAFFARABAD","JHAT PAT","SUB-DIVISION","Hearing",2430,1197,1233,1670,820,850,760,377,383
"BALOCHISTAN","NASIRABAD","JAFFARABAD","JHAT PAT","SUB-DIVISION","Walking/ Climbing",5131,2607,2524,3666,1870,1796,1465,737,728
"BALOCHISTAN","NASIRABAD","JAFFARABAD","JHAT PAT","SUB-DIVISION","Communication",1387,726,661,978,510,468,409,216,193
"BALOCHISTAN","NASIRABAD","JAFFARABAD","JHAT PAT","SUB-DIVISION","Memorization/ Focus",1894,958,936,1325,672,653,569,286,283
"BALOCHISTAN","NASIRABAD","JAFFARABAD","JHAT PAT","SUB-DIVISION","Self care etc",1455,714,741,1075,536,539,380,178,202
"BALOCHISTAN","NASIRABAD","JAFFARABAD","USTA MUHAMMAD","SUB-DIVISION","Population",210870,106329,104541,146238,74116,72122,64632,32213,32419
"BALOCHISTAN","NASIRABAD","JAFFARABAD","USTA MUHAMMAD","SUB-DIVISION","Disability",2423,1240,1183,1767,911,856,656,329,327
"BALOCHISTAN","NASIRABAD","JAFFARABAD","USTA MUHAMMAD","SUB-DIVISION","Functional limitation",8098,3891,4207,5728,2783,2945,2370,1108,1262
"BALOCHISTAN","NASIRABAD","JAFFARABAD","USTA MUHAMMAD","SUB-DIVISION","Seeing",1501,733,768,1016,502,514,485,231,254
"BALOCHISTAN","NASIRABAD","JAFFARABAD","USTA MUHAMMAD","SUB-DIVISION","Hearing",1594,772,822,1108,552,556,486,220,266
"BALOCHISTAN","NASIRABAD","JAFFARABAD","USTA MUHAMMAD","SUB-DIVISION","Walking/ Climbing",3056,1535,1521,2066,1047,1019,990,488,502
"BALOCHISTAN","NASIRABAD","JAFFARABAD","USTA MUHAMMAD","SUB-DIVISION","Communication",938,473,465,673,342,331,265,131,134
"BALOCHISTAN","NASIRABAD","JAFFARABAD","USTA MUHAMMAD","SUB-DIVISION","Memorization/ Focus",1212,572,640,856,404,452,356,168,188
"BALOCHISTAN","NASIRABAD","JAFFARABAD","USTA MUHAMMAD","SUB-DIVISION","Self care etc",751,354,397,552,266,286,199,88,111
"BALOCHISTAN","NASIRABAD","JHAL MAGSI","GANDAWA","TEHSIL","Population",71230,35270,35960,47100,23758,23342,24130,11512,12618
"BALOCHISTAN","NASIRABAD","JHAL MAGSI","GANDAWA","TEHSIL","Disability",1605,817,788,996,492,504,609,325,284
"BALOCHISTAN","NASIRABAD","JHAL MAGSI","GANDAWA","TEHSIL","Functional limitation",3764,1928,1836,2317,1179,1138,1447,749,698
"BALOCHISTAN","NASIRABAD","JHAL MAGSI","GANDAWA","TEHSIL","Seeing",654,355,299,414,223,191,240,132,108
"BALOCHISTAN","NASIRABAD","JHAL MAGSI","GANDAWA","TEHSIL","Hearing",630,321,309,360,171,189,270,150,120
"BALOCHISTAN","NASIRABAD","JHAL MAGSI","GANDAWA","TEHSIL","Walking/ Climbing",1357,682,675,871,436,435,486,246,240
"BALOCHISTAN","NASIRABAD","JHAL MAGSI","GANDAWA","TEHSIL","Communication",471,273,198,279,147,132,192,126,66
"BALOCHISTAN","NASIRABAD","JHAL MAGSI","GANDAWA","TEHSIL","Memorization/ Focus",512,265,247,289,156,133,223,109,114
"BALOCHISTAN","NASIRABAD","JHAL MAGSI","GANDAWA","TEHSIL","Self care etc",398,194,204,235,120,115,163,74,89
"BALOCHISTAN","NASIRABAD","JHAL MAGSI","JHAL MAGSI","TEHSIL","Population",116528,60368,56160,116528,60368,56160,NA,NA,NA
"BALOCHISTAN","NASIRABAD","JHAL MAGSI","JHAL MAGSI","TEHSIL","Disability",2362,1096,1266,2362,1096,1266,NA,NA,NA
"BALOCHISTAN","NASIRABAD","JHAL MAGSI","JHAL MAGSI","TEHSIL","Functional limitation",5152,2512,2640,5152,2512,2640,NA,NA,NA
"BALOCHISTAN","NASIRABAD","JHAL MAGSI","JHAL MAGSI","TEHSIL","Seeing",964,498,466,964,498,466,NA,NA,NA
"BALOCHISTAN","NASIRABAD","JHAL MAGSI","JHAL MAGSI","TEHSIL","Hearing",935,488,447,935,488,447,NA,NA,NA
"BALOCHISTAN","NASIRABAD","JHAL MAGSI","JHAL MAGSI","TEHSIL","Walking/ Climbing",2098,1040,1058,2098,1040,1058,NA,NA,NA
"BALOCHISTAN","NASIRABAD","JHAL MAGSI","JHAL MAGSI","TEHSIL","Communication",574,286,288,574,286,288,NA,NA,NA
"BALOCHISTAN","NASIRABAD","JHAL MAGSI","JHAL MAGSI","TEHSIL","Memorization/ Focus",777,372,405,777,372,405,NA,NA,NA
"BALOCHISTAN","NASIRABAD","JHAL MAGSI","JHAL MAGSI","TEHSIL","Self care etc",572,257,315,572,257,315,NA,NA,NA
"BALOCHISTAN","NASIRABAD","JHAL MAGSI","MIRPUR","SUB-TEHSIL","Population",15610,7797,7813,15610,7797,7813,NA,NA,NA
"BALOCHISTAN","NASIRABAD","JHAL MAGSI","MIRPUR","SUB-TEHSIL","Disability",867,411,456,867,411,456,NA,NA,NA
"BALOCHISTAN","NASIRABAD","JHAL MAGSI","MIRPUR","SUB-TEHSIL","Functional limitation",1210,606,604,1210,606,604,NA,NA,NA
"BALOCHISTAN","NASIRABAD","JHAL MAGSI","MIRPUR","SUB-TEHSIL","Seeing",270,132,138,270,132,138,NA,NA,NA
"BALOCHISTAN","NASIRABAD","JHAL MAGSI","MIRPUR","SUB-TEHSIL","Hearing",250,127,123,250,127,123,NA,NA,NA
"BALOCHISTAN","NASIRABAD","JHAL MAGSI","MIRPUR","SUB-TEHSIL","Walking/ Climbing",262,136,126,262,136,126,NA,NA,NA
"BALOCHISTAN","NASIRABAD","JHAL MAGSI","MIRPUR","SUB-TEHSIL","Communication",155,75,80,155,75,80,NA,NA,NA
"BALOCHISTAN","NASIRABAD","JHAL MAGSI","MIRPUR","SUB-TEHSIL","Memorization/ Focus",190,101,89,190,101,89,NA,NA,NA
"BALOCHISTAN","NASIRABAD","JHAL MAGSI","MIRPUR","SUB-TEHSIL","Self care etc",174,91,83,174,91,83,NA,NA,NA
"BALOCHISTAN","NASIRABAD","KACHHI","BALANARI","SUB-TEHSIL","Population",60158,32347,27811,60158,32347,27811,NA,NA,NA
"BALOCHISTAN","NASIRABAD","KACHHI","BALANARI","SUB-TEHSIL","Disability",1147,660,487,1147,660,487,NA,NA,NA
"BALOCHISTAN","NASIRABAD","KACHHI","BALANARI","SUB-TEHSIL","Functional limitation",2723,1567,1156,2723,1567,1156,NA,NA,NA
"BALOCHISTAN","NASIRABAD","KACHHI","BALANARI","SUB-TEHSIL","Seeing",528,300,228,528,300,228,NA,NA,NA
"BALOCHISTAN","NASIRABAD","KACHHI","BALANARI","SUB-TEHSIL","Hearing",568,320,248,568,320,248,NA,NA,NA
"BALOCHISTAN","NASIRABAD","KACHHI","BALANARI","SUB-TEHSIL","Walking/ Climbing",1074,613,461,1074,613,461,NA,NA,NA
"BALOCHISTAN","NASIRABAD","KACHHI","BALANARI","SUB-TEHSIL","Communication",277,167,110,277,167,110,NA,NA,NA
"BALOCHISTAN","NASIRABAD","KACHHI","BALANARI","SUB-TEHSIL","Memorization/ Focus",422,255,167,422,255,167,NA,NA,NA
"BALOCHISTAN","NASIRABAD","KACHHI","BALANARI","SUB-TEHSIL","Self care etc",340,187,153,340,187,153,NA,NA,NA
"BALOCHISTAN","NASIRABAD","KACHHI","BHAG","SUB-DIVISION","Population",83687,42457,41230,65053,33328,31725,18634,9129,9505
"BALOCHISTAN","NASIRABAD","KACHHI","BHAG","SUB-DIVISION","Disability",1455,802,653,1058,593,465,397,209,188
"BALOCHISTAN","NASIRABAD","KACHHI","BHAG","SUB-DIVISION","Functional limitation",3740,2087,1653,2651,1501,1150,1089,586,503
"BALOCHISTAN","NASIRABAD","KACHHI","BHAG","SUB-DIVISION","Seeing",817,471,346,607,355,252,210,116,94
"BALOCHISTAN","NASIRABAD","KACHHI","BHAG","SUB-DIVISION","Hearing",695,404,291,506,297,209,189,107,82
"BALOCHISTAN","NASIRABAD","KACHHI","BHAG","SUB-DIVISION","Walking/ Climbing",1478,838,640,1050,611,439,428,227,201
"BALOCHISTAN","NASIRABAD","KACHHI","BHAG","SUB-DIVISION","Communication",364,196,168,258,142,116,106,54,52
"BALOCHISTAN","NASIRABAD","KACHHI","BHAG","SUB-DIVISION","Memorization/ Focus",500,279,221,353,198,155,147,81,66
"BALOCHISTAN","NASIRABAD","KACHHI","BHAG","SUB-DIVISION","Self care etc",346,191,155,229,128,101,117,63,54
"BALOCHISTAN","NASIRABAD","KACHHI","DHADAR","SUB-DIVISION","Population",49836,25649,24187,32560,17113,15447,17276,8536,8740
"BALOCHISTAN","NASIRABAD","KACHHI","DHADAR","SUB-DIVISION","Disability",1635,891,744,1130,619,511,505,272,233
"BALOCHISTAN","NASIRABAD","KACHHI","DHADAR","SUB-DIVISION","Functional limitation",3387,1885,1502,2180,1246,934,1207,639,568
"BALOCHISTAN","NASIRABAD","KACHHI","DHADAR","SUB-DIVISION","Seeing",575,340,235,338,200,138,237,140,97
"BALOCHISTAN","NASIRABAD","KACHHI","DHADAR","SUB-DIVISION","Hearing",605,340,265,374,216,158,231,124,107
"BALOCHISTAN","NASIRABAD","KACHHI","DHADAR","SUB-DIVISION","Walking/ Climbing",1177,653,524,742,421,321,435,232,203
"BALOCHISTAN","NASIRABAD","KACHHI","DHADAR","SUB-DIVISION","Communication",449,244,205,276,157,119,173,87,86
"BALOCHISTAN","NASIRABAD","KACHHI","DHADAR","SUB-DIVISION","Memorization/ Focus",509,294,215,314,182,132,195,112,83
"BALOCHISTAN","NASIRABAD","KACHHI","DHADAR","SUB-DIVISION","Self care etc",403,234,169,273,165,108,130,69,61
"BALOCHISTAN","NASIRABAD","KACHHI","KHATTAN","SUB-TEHSIL","Population",22900,11789,11111,22900,11789,11111,NA,NA,NA
"BALOCHISTAN","NASIRABAD","KACHHI","KHATTAN","SUB-TEHSIL","Disability",1376,740,636,1376,740,636,NA,NA,NA
"BALOCHISTAN","NASIRABAD","KACHHI","KHATTAN","SUB-TEHSIL","Functional limitation",1851,1012,839,1851,1012,839,NA,NA,NA
"BALOCHISTAN","NASIRABAD","KACHHI","KHATTAN","SUB-TEHSIL","Seeing",312,163,149,312,163,149,NA,NA,NA
"BALOCHISTAN","NASIRABAD","KACHHI","KHATTAN","SUB-TEHSIL","Hearing",373,214,159,373,214,159,NA,NA,NA
"BALOCHISTAN","NASIRABAD","KACHHI","KHATTAN","SUB-TEHSIL","Walking/ Climbing",345,189,156,345,189,156,NA,NA,NA
"BALOCHISTAN","NASIRABAD","KACHHI","KHATTAN","SUB-TEHSIL","Communication",233,138,95,233,138,95,NA,NA,NA
"BALOCHISTAN","NASIRABAD","KACHHI","KHATTAN","SUB-TEHSIL","Memorization/ Focus",314,167,147,314,167,147,NA,NA,NA
"BALOCHISTAN","NASIRABAD","KACHHI","KHATTAN","SUB-TEHSIL","Self care etc",313,161,152,313,161,152,NA,NA,NA
"BALOCHISTAN","NASIRABAD","KACHHI","MACH","SUB-DIVISION","Population",75272,39917,35355,30730,16327,14403,44542,23590,20952
"BALOCHISTAN","NASIRABAD","KACHHI","MACH","SUB-DIVISION","Disability",923,556,367,602,357,245,321,199,122
"BALOCHISTAN","NASIRABAD","KACHHI","MACH","SUB-DIVISION","Functional limitation",2656,1541,1115,1551,889,662,1105,652,453
"BALOCHISTAN","NASIRABAD","KACHHI","MACH","SUB-DIVISION","Seeing",513,288,225,302,171,131,211,117,94
"BALOCHISTAN","NASIRABAD","KACHHI","MACH","SUB-DIVISION","Hearing",494,291,203,306,177,129,188,114,74
"BALOCHISTAN","NASIRABAD","KACHHI","MACH","SUB-DIVISION","Walking/ Climbing",1005,593,412,576,342,234,429,251,178
"BALOCHISTAN","NASIRABAD","KACHHI","MACH","SUB-DIVISION","Communication",221,134,87,149,88,61,72,46,26
"BALOCHISTAN","NASIRABAD","KACHHI","MACH","SUB-DIVISION","Memorization/ Focus",337,203,134,201,117,84,136,86,50
"BALOCHISTAN","NASIRABAD","KACHHI","MACH","SUB-DIVISION","Self care etc",291,172,119,173,97,76,118,75,43
"BALOCHISTAN","NASIRABAD","KACHHI","SANNI","SUB-DIVISION","Population",150821,81459,69362,150821,81459,69362,NA,NA,NA
"BALOCHISTAN","NASIRABAD","KACHHI","SANNI","SUB-DIVISION","Disability",3103,1532,1571,3103,1532,1571,NA,NA,NA
"BALOCHISTAN","NASIRABAD","KACHHI","SANNI","SUB-DIVISION","Functional limitation",6958,3455,3503,6958,3455,3503,NA,NA,NA
"BALOCHISTAN","NASIRABAD","KACHHI","SANNI","SUB-DIVISION","Seeing",1177,588,589,1177,588,589,NA,NA,NA
"BALOCHISTAN","NASIRABAD","KACHHI","SANNI","SUB-DIVISION","Hearing",1185,584,601,1185,584,601,NA,NA,NA
"BALOCHISTAN","NASIRABAD","KACHHI","SANNI","SUB-DIVISION","Walking/ Climbing",2324,1155,1169,2324,1155,1169,NA,NA,NA
"BALOCHISTAN","NASIRABAD","KACHHI","SANNI","SUB-DIVISION","Communication",633,313,320,633,313,320,NA,NA,NA
"BALOCHISTAN","NASIRABAD","KACHHI","SANNI","SUB-DIVISION","Memorization/ Focus",920,457,463,920,457,463,NA,NA,NA
"BALOCHISTAN","NASIRABAD","KACHHI","SANNI","SUB-DIVISION","Self care etc",895,449,446,895,449,446,NA,NA,NA
"BALOCHISTAN","KALAT","KALAT","GAZG","SUB-TEHSIL","Population",8286,4508,3778,8286,4508,3778,NA,NA,NA
"BALOCHISTAN","KALAT","KALAT","GAZG","SUB-TEHSIL","Disability",671,347,324,671,347,324,NA,NA,NA
"BALOCHISTAN","KALAT","KALAT","GAZG","SUB-TEHSIL","Functional limitation",896,467,429,896,467,429,NA,NA,NA
"BALOCHISTAN","KALAT","KALAT","GAZG","SUB-TEHSIL","Seeing",243,123,120,243,123,120,NA,NA,NA
"BALOCHISTAN","KALAT","KALAT","GAZG","SUB-TEHSIL","Hearing",213,112,101,213,112,101,NA,NA,NA
"BALOCHISTAN","KALAT","KALAT","GAZG","SUB-TEHSIL","Walking/ Climbing",157,87,70,157,87,70,NA,NA,NA
"BALOCHISTAN","KALAT","KALAT","GAZG","SUB-TEHSIL","Communication",94,47,47,94,47,47,NA,NA,NA
"BALOCHISTAN","KALAT","KALAT","GAZG","SUB-TEHSIL","Memorization/ Focus",114,56,58,114,56,58,NA,NA,NA
"BALOCHISTAN","KALAT","KALAT","GAZG","SUB-TEHSIL","Self care etc",121,69,52,121,69,52,NA,NA,NA
"BALOCHISTAN","KALAT","KALAT","JOHAN","SUB-TEHSIL","Population",15731,8010,7721,15731,8010,7721,NA,NA,NA
"BALOCHISTAN","KALAT","KALAT","JOHAN","SUB-TEHSIL","Disability",768,423,345,768,423,345,NA,NA,NA
"BALOCHISTAN","KALAT","KALAT","JOHAN","SUB-TEHSIL","Functional limitation",1274,682,592,1274,682,592,NA,NA,NA
"BALOCHISTAN","KALAT","KALAT","JOHAN","SUB-TEHSIL","Seeing",216,125,91,216,125,91,NA,NA,NA
"BALOCHISTAN","KALAT","KALAT","JOHAN","SUB-TEHSIL","Hearing",256,129,127,256,129,127,NA,NA,NA
"BALOCHISTAN","KALAT","KALAT","JOHAN","SUB-TEHSIL","Walking/ Climbing",348,177,171,348,177,171,NA,NA,NA
"BALOCHISTAN","KALAT","KALAT","JOHAN","SUB-TEHSIL","Communication",181,126,55,181,126,55,NA,NA,NA
"BALOCHISTAN","KALAT","KALAT","JOHAN","SUB-TEHSIL","Memorization/ Focus",219,143,76,219,143,76,NA,NA,NA
"BALOCHISTAN","KALAT","KALAT","JOHAN","SUB-TEHSIL","Self care etc",199,85,114,199,85,114,NA,NA,NA
"BALOCHISTAN","KALAT","KALAT","KALAT","SUB-DIVISION","Population",167405,85529,81876,122965,62563,60402,44440,22966,21474
"BALOCHISTAN","KALAT","KALAT","KALAT","SUB-DIVISION","Disability",3406,1627,1779,2737,1321,1416,669,306,363
"BALOCHISTAN","KALAT","KALAT","KALAT","SUB-DIVISION","Functional limitation",10951,5409,5542,7808,3880,3928,3143,1529,1614
"BALOCHISTAN","KALAT","KALAT","KALAT","SUB-DIVISION","Seeing",2098,1065,1033,1548,793,755,550,272,278
"BALOCHISTAN","KALAT","KALAT","KALAT","SUB-DIVISION","Hearing",2130,1058,1072,1483,737,746,647,321,326
"BALOCHISTAN","KALAT","KALAT","KALAT","SUB-DIVISION","Walking/ Climbing",3875,1959,1916,2865,1451,1414,1010,508,502
"BALOCHISTAN","KALAT","KALAT","KALAT","SUB-DIVISION","Communication",988,504,484,695,365,330,293,139,154
"BALOCHISTAN","KALAT","KALAT","KALAT","SUB-DIVISION","Memorization/ Focus",1481,736,745,1037,522,515,444,214,230
"BALOCHISTAN","KALAT","KALAT","KALAT","SUB-DIVISION","Self care etc",1151,533,618,804,371,433,347,162,185
"BALOCHISTAN","KALAT","KALAT","MANGOCHAR","SUB-DIVISION","Population",80138,40571,39567,80138,40571,39567,NA,NA,NA
"BALOCHISTAN","KALAT","KALAT","MANGOCHAR","SUB-DIVISION","Disability",951,467,484,951,467,484,NA,NA,NA
"BALOCHISTAN","KALAT","KALAT","MANGOCHAR","SUB-DIVISION","Functional limitation",4614,2317,2297,4614,2317,2297,NA,NA,NA
"BALOCHISTAN","KALAT","KALAT","MANGOCHAR","SUB-DIVISION","Seeing",822,410,412,822,410,412,NA,NA,NA
"BALOCHISTAN","KALAT","KALAT","MANGOCHAR","SUB-DIVISION","Hearing",904,468,436,904,468,436,NA,NA,NA
"BALOCHISTAN","KALAT","KALAT","MANGOCHAR","SUB-DIVISION","Walking/ Climbing",1496,769,727,1496,769,727,NA,NA,NA
"BALOCHISTAN","KALAT","KALAT","MANGOCHAR","SUB-DIVISION","Communication",425,199,226,425,199,226,NA,NA,NA
"BALOCHISTAN","KALAT","KALAT","MANGOCHAR","SUB-DIVISION","Memorization/ Focus",642,310,332,642,310,332,NA,NA,NA
"BALOCHISTAN","KALAT","KALAT","MANGOCHAR","SUB-DIVISION","Self care etc",496,255,241,496,255,241,NA,NA,NA
"BALOCHISTAN","MEKRAN","KECH","BALNIGORE","SUB-TEHSIL","Population",50404,26076,24328,50404,26076,24328,NA,NA,NA
"BALOCHISTAN","MEKRAN","KECH","BALNIGORE","SUB-TEHSIL","Disability",3311,1750,1561,3311,1750,1561,NA,NA,NA
"BALOCHISTAN","MEKRAN","KECH","BALNIGORE","SUB-TEHSIL","Functional limitation",5852,3006,2846,5852,3006,2846,NA,NA,NA
"BALOCHISTAN","MEKRAN","KECH","BALNIGORE","SUB-TEHSIL","Seeing",1247,645,602,1247,645,602,NA,NA,NA
"BALOCHISTAN","MEKRAN","KECH","BALNIGORE","SUB-TEHSIL","Hearing",1361,735,626,1361,735,626,NA,NA,NA
"BALOCHISTAN","MEKRAN","KECH","BALNIGORE","SUB-TEHSIL","Walking/ Climbing",1263,638,625,1263,638,625,NA,NA,NA
"BALOCHISTAN","MEKRAN","KECH","BALNIGORE","SUB-TEHSIL","Communication",790,360,430,790,360,430,NA,NA,NA
"BALOCHISTAN","MEKRAN","KECH","BALNIGORE","SUB-TEHSIL","Memorization/ Focus",993,538,455,993,538,455,NA,NA,NA
"BALOCHISTAN","MEKRAN","KECH","BALNIGORE","SUB-TEHSIL","Self care etc",838,446,392,838,446,392,NA,NA,NA
"BALOCHISTAN","MEKRAN","KECH","BULAIDA","SUB-DIVISION","Population",107847,57418,50429,39095,21413,17682,68752,36005,32747
"BALOCHISTAN","MEKRAN","KECH","BULAIDA","SUB-DIVISION","Disability",2003,936,1067,923,407,516,1080,529,551
"BALOCHISTAN","MEKRAN","KECH","BULAIDA","SUB-DIVISION","Functional limitation",7982,3868,4114,3424,1598,1826,4558,2270,2288
"BALOCHISTAN","MEKRAN","KECH","BULAIDA","SUB-DIVISION","Seeing",1628,822,806,726,362,364,902,460,442
"BALOCHISTAN","MEKRAN","KECH","BULAIDA","SUB-DIVISION","Hearing",1693,844,849,704,339,365,989,505,484
"BALOCHISTAN","MEKRAN","KECH","BULAIDA","SUB-DIVISION","Walking/ Climbing",2480,1234,1246,1056,513,543,1424,721,703
"BALOCHISTAN","MEKRAN","KECH","BULAIDA","SUB-DIVISION","Communication",775,384,391,318,147,171,457,237,220
"BALOCHISTAN","MEKRAN","KECH","BULAIDA","SUB-DIVISION","Memorization/ Focus",1112,542,570,470,216,254,642,326,316
"BALOCHISTAN","MEKRAN","KECH","BULAIDA","SUB-DIVISION","Self care etc",929,426,503,411,173,238,518,253,265
"BALOCHISTAN","MEKRAN","KECH","DASHT","SUB-DIVISION","Population",90080,45987,44093,90080,45987,44093,NA,NA,NA
"BALOCHISTAN","MEKRAN","KECH","DASHT","SUB-DIVISION","Disability",2142,999,1143,2142,999,1143,NA,NA,NA
"BALOCHISTAN","MEKRAN","KECH","DASHT","SUB-DIVISION","Functional limitation",5965,2924,3041,5965,2924,3041,NA,NA,NA
"BALOCHISTAN","MEKRAN","KECH","DASHT","SUB-DIVISION","Seeing",1314,648,666,1314,648,666,NA,NA,NA
"BALOCHISTAN","MEKRAN","KECH","DASHT","SUB-DIVISION","Hearing",1099,538,561,1099,538,561,NA,NA,NA
"BALOCHISTAN","MEKRAN","KECH","DASHT","SUB-DIVISION","Walking/ Climbing",1700,840,860,1700,840,860,NA,NA,NA
"BALOCHISTAN","MEKRAN","KECH","DASHT","SUB-DIVISION","Communication",619,318,301,619,318,301,NA,NA,NA
"BALOCHISTAN","MEKRAN","KECH","DASHT","SUB-DIVISION","Memorization/ Focus",846,421,425,846,421,425,NA,NA,NA
"BALOCHISTAN","MEKRAN","KECH","DASHT","SUB-DIVISION","Self care etc",624,285,339,624,285,339,NA,NA,NA
"BALOCHISTAN","MEKRAN","KECH","HOSHAB","SUB-TEHSIL","Population",66566,34951,31615,66566,34951,31615,NA,NA,NA
"BALOCHISTAN","MEKRAN","KECH","HOSHAB","SUB-TEHSIL","Disability",877,335,542,877,335,542,NA,NA,NA
"BALOCHISTAN","MEKRAN","KECH","HOSHAB","SUB-TEHSIL","Functional limitation",3239,1510,1729,3239,1510,1729,NA,NA,NA
"BALOCHISTAN","MEKRAN","KECH","HOSHAB","SUB-TEHSIL","Seeing",621,332,289,621,332,289,NA,NA,NA
"BALOCHISTAN","MEKRAN","KECH","HOSHAB","SUB-TEHSIL","Hearing",756,318,438,756,318,438,NA,NA,NA
"BALOCHISTAN","MEKRAN","KECH","HOSHAB","SUB-TEHSIL","Walking/ Climbing",1063,501,562,1063,501,562,NA,NA,NA
"BALOCHISTAN","MEKRAN","KECH","HOSHAB","SUB-TEHSIL","Communication",290,180,110,290,180,110,NA,NA,NA
"BALOCHISTAN","MEKRAN","KECH","HOSHAB","SUB-TEHSIL","Memorization/ Focus",391,191,200,391,191,200,NA,NA,NA
"BALOCHISTAN","MEKRAN","KECH","HOSHAB","SUB-TEHSIL","Self care etc",364,133,231,364,133,231,NA,NA,NA
"BALOCHISTAN","MEKRAN","KECH","MAND","TEHSIL","Population",56772,30128,26644,56772,30128,26644,NA,NA,NA
"BALOCHISTAN","MEKRAN","KECH","MAND","TEHSIL","Disability",1927,1223,704,1927,1223,704,NA,NA,NA
"BALOCHISTAN","MEKRAN","KECH","MAND","TEHSIL","Functional limitation",5213,2815,2398,5213,2815,2398,NA,NA,NA
"BALOCHISTAN","MEKRAN","KECH","MAND","TEHSIL","Seeing",978,522,456,978,522,456,NA,NA,NA
"BALOCHISTAN","MEKRAN","KECH","MAND","TEHSIL","Hearing",1076,601,475,1076,601,475,NA,NA,NA
"BALOCHISTAN","MEKRAN","KECH","MAND","TEHSIL","Walking/ Climbing",1575,862,713,1575,862,713,NA,NA,NA
"BALOCHISTAN","MEKRAN","KECH","MAND","TEHSIL","Communication",670,374,296,670,374,296,NA,NA,NA
"BALOCHISTAN","MEKRAN","KECH","MAND","TEHSIL","Memorization/ Focus",796,404,392,796,404,392,NA,NA,NA
"BALOCHISTAN","MEKRAN","KECH","MAND","TEHSIL","Self care etc",636,349,287,636,349,287,NA,NA,NA
"BALOCHISTAN","MEKRAN","KECH","TUMP","SUB-DIVISION","Population",147037,79814,67223,97768,52654,45114,49269,27160,22109
"BALOCHISTAN","MEKRAN","KECH","TUMP","SUB-DIVISION","Disability",1779,895,884,1022,504,518,757,391,366
"BALOCHISTAN","MEKRAN","KECH","TUMP","SUB-DIVISION","Functional limitation",9054,4759,4295,5357,2805,2552,3697,1954,1743
"BALOCHISTAN","MEKRAN","KECH","TUMP","SUB-DIVISION","Seeing",1910,1064,846,1216,689,527,694,375,319
"BALOCHISTAN","MEKRAN","KECH","TUMP","SUB-DIVISION","Hearing",1979,1089,890,1188,659,529,791,430,361
"BALOCHISTAN","MEKRAN","KECH","TUMP","SUB-DIVISION","Walking/ Climbing",3046,1641,1405,1883,1016,867,1163,625,538
"BALOCHISTAN","MEKRAN","KECH","TUMP","SUB-DIVISION","Communication",728,391,337,418,224,194,310,167,143
"BALOCHISTAN","MEKRAN","KECH","TUMP","SUB-DIVISION","Memorization/ Focus",1248,639,609,720,362,358,528,277,251
"BALOCHISTAN","MEKRAN","KECH","TUMP","SUB-DIVISION","Self care etc",941,474,467,534,261,273,407,213,194
"BALOCHISTAN","MEKRAN","KECH","TURBAT","SUB-DIVISION","Population",470492,241721,228771,201867,99397,102470,268625,142324,126301
"BALOCHISTAN","MEKRAN","KECH","TURBAT","SUB-DIVISION","Disability",7815,3897,3918,2396,1036,1360,5419,2861,2558
"BALOCHISTAN","MEKRAN","KECH","TURBAT","SUB-DIVISION","Functional limitation",28902,14439,14463,11611,5248,6363,17291,9191,8100
"BALOCHISTAN","MEKRAN","KECH","TURBAT","SUB-DIVISION","Seeing",5421,2757,2664,2296,1059,1237,3125,1698,1427
"BALOCHISTAN","MEKRAN","KECH","TURBAT","SUB-DIVISION","Hearing",5937,2970,2967,2531,1161,1370,3406,1809,1597
"BALOCHISTAN","MEKRAN","KECH","TURBAT","SUB-DIVISION","Walking/ Climbing",9498,4773,4725,3931,1832,2099,5567,2941,2626
"BALOCHISTAN","MEKRAN","KECH","TURBAT","SUB-DIVISION","Communication",2589,1346,1243,971,467,504,1618,879,739
"BALOCHISTAN","MEKRAN","KECH","TURBAT","SUB-DIVISION","Memorization/ Focus",3936,1995,1941,1577,742,835,2359,1253,1106
"BALOCHISTAN","MEKRAN","KECH","TURBAT","SUB-DIVISION","Self care etc",3311,1649,1662,1226,536,690,2085,1113,972
"BALOCHISTAN","MEKRAN","KECH","ZAMORAN","SUB-TEHSIL","Population",71616,39191,32425,71616,39191,32425,NA,NA,NA
"BALOCHISTAN","MEKRAN","KECH","ZAMORAN","SUB-TEHSIL","Disability",1547,773,774,1547,773,774,NA,NA,NA
"BALOCHISTAN","MEKRAN","KECH","ZAMORAN","SUB-TEHSIL","Functional limitation",7143,3600,3543,7143,3600,3543,NA,NA,NA
"BALOCHISTAN","MEKRAN","KECH","ZAMORAN","SUB-TEHSIL","Seeing",1631,884,747,1631,884,747,NA,NA,NA
"BALOCHISTAN","MEKRAN","KECH","ZAMORAN","SUB-TEHSIL","Hearing",1660,853,807,1660,853,807,NA,NA,NA
"BALOCHISTAN","MEKRAN","KECH","ZAMORAN","SUB-TEHSIL","Walking/ Climbing",2297,1161,1136,2297,1161,1136,NA,NA,NA
"BALOCHISTAN","MEKRAN","KECH","ZAMORAN","SUB-TEHSIL","Communication",618,321,297,618,321,297,NA,NA,NA
"BALOCHISTAN","MEKRAN","KECH","ZAMORAN","SUB-TEHSIL","Memorization/ Focus",959,502,457,959,502,457,NA,NA,NA
"BALOCHISTAN","MEKRAN","KECH","ZAMORAN","SUB-TEHSIL","Self care etc",757,365,392,757,365,392,NA,NA,NA
"BALOCHISTAN","RAKHSHAN","KHARAN","KHARAN","SUB-DIVISION","Population",104035,56665,47370,23229,12307,10922,80806,44358,36448
"BALOCHISTAN","RAKHSHAN","KHARAN","KHARAN","SUB-DIVISION","Disability",680,532,148,170,120,50,510,412,98
"BALOCHISTAN","RAKHSHAN","KHARAN","KHARAN","SUB-DIVISION","Functional limitation",5024,2817,2207,924,498,426,4100,2319,1781
"BALOCHISTAN","RAKHSHAN","KHARAN","KHARAN","SUB-DIVISION","Seeing",1045,566,479,182,92,90,863,474,389
"BALOCHISTAN","RAKHSHAN","KHARAN","KHARAN","SUB-DIVISION","Hearing",1179,634,545,204,105,99,975,529,446
"BALOCHISTAN","RAKHSHAN","KHARAN","KHARAN","SUB-DIVISION","Walking/ Climbing",1543,886,657,298,165,133,1245,721,524
"BALOCHISTAN","RAKHSHAN","KHARAN","KHARAN","SUB-DIVISION","Communication",482,278,204,93,53,40,389,225,164
"BALOCHISTAN","RAKHSHAN","KHARAN","KHARAN","SUB-DIVISION","Memorization/ Focus",706,396,310,115,63,52,591,333,258
"BALOCHISTAN","RAKHSHAN","KHARAN","KHARAN","SUB-DIVISION","Self care etc",532,304,228,87,47,40,445,257,188
"BALOCHISTAN","RAKHSHAN","KHARAN","PATKAIN","SUB-TEHSIL","Population",20499,10343,10156,20499,10343,10156,NA,NA,NA
"BALOCHISTAN","RAKHSHAN","KHARAN","PATKAIN","SUB-TEHSIL","Disability",779,451,328,779,451,328,NA,NA,NA
"BALOCHISTAN","RAKHSHAN","KHARAN","PATKAIN","SUB-TEHSIL","Functional limitation",1522,799,723,1522,799,723,NA,NA,NA
"BALOCHISTAN","RAKHSHAN","KHARAN","PATKAIN","SUB-TEHSIL","Seeing",332,183,149,332,183,149,NA,NA,NA
"BALOCHISTAN","RAKHSHAN","KHARAN","PATKAIN","SUB-TEHSIL","Hearing",312,166,146,312,166,146,NA,NA,NA
"BALOCHISTAN","RAKHSHAN","KHARAN","PATKAIN","SUB-TEHSIL","Walking/ Climbing",478,245,233,478,245,233,NA,NA,NA
"BALOCHISTAN","RAKHSHAN","KHARAN","PATKAIN","SUB-TEHSIL","Communication",154,82,72,154,82,72,NA,NA,NA
"BALOCHISTAN","RAKHSHAN","KHARAN","PATKAIN","SUB-TEHSIL","Memorization/ Focus",200,105,95,200,105,95,NA,NA,NA
"BALOCHISTAN","RAKHSHAN","KHARAN","PATKAIN","SUB-TEHSIL","Self care etc",181,98,83,181,98,83,NA,NA,NA
"BALOCHISTAN","RAKHSHAN","KHARAN","SAR KHARAN","SUB-DIVISION","Population",86015,45924,40091,86015,45924,40091,NA,NA,NA
"BALOCHISTAN","RAKHSHAN","KHARAN","SAR KHARAN","SUB-DIVISION","Disability",778,543,235,778,543,235,NA,NA,NA
"BALOCHISTAN","RAKHSHAN","KHARAN","SAR KHARAN","SUB-DIVISION","Functional limitation",3756,2039,1717,3756,2039,1717,NA,NA,NA
"BALOCHISTAN","RAKHSHAN","KHARAN","SAR KHARAN","SUB-DIVISION","Seeing",812,426,386,812,426,386,NA,NA,NA
"BALOCHISTAN","RAKHSHAN","KHARAN","SAR KHARAN","SUB-DIVISION","Hearing",820,426,394,820,426,394,NA,NA,NA
"BALOCHISTAN","RAKHSHAN","KHARAN","SAR KHARAN","SUB-DIVISION","Walking/ Climbing",1215,680,535,1215,680,535,NA,NA,NA
"BALOCHISTAN","RAKHSHAN","KHARAN","SAR KHARAN","SUB-DIVISION","Communication",374,219,155,374,219,155,NA,NA,NA
"BALOCHISTAN","RAKHSHAN","KHARAN","SAR KHARAN","SUB-DIVISION","Memorization/ Focus",542,286,256,542,286,256,NA,NA,NA
"BALOCHISTAN","RAKHSHAN","KHARAN","SAR KHARAN","SUB-DIVISION","Self care etc",377,208,169,377,208,169,NA,NA,NA
"BALOCHISTAN","RAKHSHAN","KHARAN","TOHMULK","SUB-TEHSIL","Population",49803,26774,23029,49803,26774,23029,NA,NA,NA
"BALOCHISTAN","RAKHSHAN","KHARAN","TOHMULK","SUB-TEHSIL","Disability",647,472,175,647,472,175,NA,NA,NA
"BALOCHISTAN","RAKHSHAN","KHARAN","TOHMULK","SUB-TEHSIL","Functional limitation",2398,1355,1043,2398,1355,1043,NA,NA,NA
"BALOCHISTAN","RAKHSHAN","KHARAN","TOHMULK","SUB-TEHSIL","Seeing",463,250,213,463,250,213,NA,NA,NA
"BALOCHISTAN","RAKHSHAN","KHARAN","TOHMULK","SUB-TEHSIL","Hearing",535,292,243,535,292,243,NA,NA,NA
"BALOCHISTAN","RAKHSHAN","KHARAN","TOHMULK","SUB-TEHSIL","Walking/ Climbing",733,409,324,733,409,324,NA,NA,NA
"BALOCHISTAN","RAKHSHAN","KHARAN","TOHMULK","SUB-TEHSIL","Communication",260,171,89,260,171,89,NA,NA,NA
"BALOCHISTAN","RAKHSHAN","KHARAN","TOHMULK","SUB-TEHSIL","Memorization/ Focus",379,233,146,379,233,146,NA,NA,NA
"BALOCHISTAN","RAKHSHAN","KHARAN","TOHMULK","SUB-TEHSIL","Self care etc",247,143,104,247,143,104,NA,NA,NA
"BALOCHISTAN","KALAT","KHUZDAR","ARANJI","SUB-TEHSIL","Population",50533,28058,22475,50533,28058,22475,NA,NA,NA
"BALOCHISTAN","KALAT","KHUZDAR","ARANJI","SUB-TEHSIL","Disability",1515,990,525,1515,990,525,NA,NA,NA
"BALOCHISTAN","KALAT","KHUZDAR","ARANJI","SUB-TEHSIL","Functional limitation",2317,1350,967,2317,1350,967,NA,NA,NA
"BALOCHISTAN","KALAT","KHUZDAR","ARANJI","SUB-TEHSIL","Seeing",483,243,240,483,243,240,NA,NA,NA
"BALOCHISTAN","KALAT","KHUZDAR","ARANJI","SUB-TEHSIL","Hearing",445,184,261,445,184,261,NA,NA,NA
"BALOCHISTAN","KALAT","KHUZDAR","ARANJI","SUB-TEHSIL","Walking/ Climbing",932,540,392,932,540,392,NA,NA,NA
"BALOCHISTAN","KALAT","KHUZDAR","ARANJI","SUB-TEHSIL","Communication",318,253,65,318,253,65,NA,NA,NA
"BALOCHISTAN","KALAT","KHUZDAR","ARANJI","SUB-TEHSIL","Memorization/ Focus",416,311,105,416,311,105,NA,NA,NA
"BALOCHISTAN","KALAT","KHUZDAR","ARANJI","SUB-TEHSIL","Self care etc",189,126,63,189,126,63,NA,NA,NA
"BALOCHISTAN","KALAT","KHUZDAR","GRESHA","SUB-TEHSIL","Population",69665,38365,31300,69665,38365,31300,NA,NA,NA
"BALOCHISTAN","KALAT","KHUZDAR","GRESHA","SUB-TEHSIL","Disability",2517,1469,1048,2517,1469,1048,NA,NA,NA
"BALOCHISTAN","KALAT","KHUZDAR","GRESHA","SUB-TEHSIL","Functional limitation",3797,2006,1791,3797,2006,1791,NA,NA,NA
"BALOCHISTAN","KALAT","KHUZDAR","GRESHA","SUB-TEHSIL","Seeing",647,336,311,647,336,311,NA,NA,NA
"BALOCHISTAN","KALAT","KHUZDAR","GRESHA","SUB-TEHSIL","Hearing",582,303,279,582,303,279,NA,NA,NA
"BALOCHISTAN","KALAT","KHUZDAR","GRESHA","SUB-TEHSIL","Walking/ Climbing",1632,830,802,1632,830,802,NA,NA,NA
"BALOCHISTAN","KALAT","KHUZDAR","GRESHA","SUB-TEHSIL","Communication",369,228,141,369,228,141,NA,NA,NA
"BALOCHISTAN","KALAT","KHUZDAR","GRESHA","SUB-TEHSIL","Memorization/ Focus",515,279,236,515,279,236,NA,NA,NA
"BALOCHISTAN","KALAT","KHUZDAR","GRESHA","SUB-TEHSIL","Self care etc",488,268,220,488,268,220,NA,NA,NA
"BALOCHISTAN","KALAT","KHUZDAR","KARAKH","SUB-DIVISION","Population",35990,18914,17076,35990,18914,17076,NA,NA,NA
"BALOCHISTAN","KALAT","KHUZDAR","KARAKH","SUB-DIVISION","Disability",2512,1454,1058,2512,1454,1058,NA,NA,NA
"BALOCHISTAN","KALAT","KHUZDAR","KARAKH","SUB-DIVISION","Functional limitation",3076,1678,1398,3076,1678,1398,NA,NA,NA
"BALOCHISTAN","KALAT","KHUZDAR","KARAKH","SUB-DIVISION","Seeing",304,187,117,304,187,117,NA,NA,NA
"BALOCHISTAN","KALAT","KHUZDAR","KARAKH","SUB-DIVISION","Hearing",415,207,208,415,207,208,NA,NA,NA
"BALOCHISTAN","KALAT","KHUZDAR","KARAKH","SUB-DIVISION","Walking/ Climbing",859,478,381,859,478,381,NA,NA,NA
"BALOCHISTAN","KALAT","KHUZDAR","KARAKH","SUB-DIVISION","Communication",611,359,252,611,359,252,NA,NA,NA
"BALOCHISTAN","KALAT","KHUZDAR","KARAKH","SUB-DIVISION","Memorization/ Focus",639,369,270,639,369,270,NA,NA,NA
"BALOCHISTAN","KALAT","KHUZDAR","KARAKH","SUB-DIVISION","Self care etc",489,221,268,489,221,268,NA,NA,NA
"BALOCHISTAN","KALAT","KHUZDAR","KHUZDAR","SUB-DIVISION","Population",359358,191115,168243,141246,75258,65988,218112,115857,102255
"BALOCHISTAN","KALAT","KHUZDAR","KHUZDAR","SUB-DIVISION","Disability",11201,6636,4565,4122,2414,1708,7079,4222,2857
"BALOCHISTAN","KALAT","KHUZDAR","KHUZDAR","SUB-DIVISION","Functional limitation",18303,9559,8744,6162,3189,2973,12141,6370,5771
"BALOCHISTAN","KALAT","KHUZDAR","KHUZDAR","SUB-DIVISION","Seeing",3009,1532,1477,1049,537,512,1960,995,965
"BALOCHISTAN","KALAT","KHUZDAR","KHUZDAR","SUB-DIVISION","Hearing",2817,1421,1396,901,445,456,1916,976,940
"BALOCHISTAN","KALAT","KHUZDAR","KHUZDAR","SUB-DIVISION","Walking/ Climbing",7316,3934,3382,2746,1485,1261,4570,2449,2121
"BALOCHISTAN","KALAT","KHUZDAR","KHUZDAR","SUB-DIVISION","Communication",1952,1118,834,669,387,282,1283,731,552
"BALOCHISTAN","KALAT","KHUZDAR","KHUZDAR","SUB-DIVISION","Memorization/ Focus",2495,1328,1167,833,437,396,1662,891,771
"BALOCHISTAN","KALAT","KHUZDAR","KHUZDAR","SUB-DIVISION","Self care etc",2329,1250,1079,722,379,343,1607,871,736
"BALOCHISTAN","KALAT","KHUZDAR","MOOLA","SUB-TEHSIL","Population",32689,17317,15372,32689,17317,15372,NA,NA,NA
"BALOCHISTAN","KALAT","KHUZDAR","MOOLA","SUB-TEHSIL","Disability",912,491,421,912,491,421,NA,NA,NA
"BALOCHISTAN","KALAT","KHUZDAR","MOOLA","SUB-TEHSIL","Functional limitation",1276,640,636,1276,640,636,NA,NA,NA
"BALOCHISTAN","KALAT","KHUZDAR","MOOLA","SUB-TEHSIL","Seeing",234,107,127,234,107,127,NA,NA,NA
"BALOCHISTAN","KALAT","KHUZDAR","MOOLA","SUB-TEHSIL","Hearing",173,89,84,173,89,84,NA,NA,NA
"BALOCHISTAN","KALAT","KHUZDAR","MOOLA","SUB-TEHSIL","Walking/ Climbing",507,338,169,507,338,169,NA,NA,NA
"BALOCHISTAN","KALAT","KHUZDAR","MOOLA","SUB-TEHSIL","Communication",305,74,231,305,74,231,NA,NA,NA
"BALOCHISTAN","KALAT","KHUZDAR","MOOLA","SUB-TEHSIL","Memorization/ Focus",196,72,124,196,72,124,NA,NA,NA
"BALOCHISTAN","KALAT","KHUZDAR","MOOLA","SUB-TEHSIL","Self care etc",175,146,29,175,146,29,NA,NA,NA
"BALOCHISTAN","KALAT","KHUZDAR","NAL","SUB-DIVISION","Population",103631,56393,47238,55150,29475,25675,48481,26918,21563
"BALOCHISTAN","KALAT","KHUZDAR","NAL","SUB-DIVISION","Disability",2621,1456,1165,1171,605,566,1450,851,599
"BALOCHISTAN","KALAT","KHUZDAR","NAL","SUB-DIVISION","Functional limitation",4367,2150,2217,2121,969,1152,2246,1181,1065
"BALOCHISTAN","KALAT","KHUZDAR","NAL","SUB-DIVISION","Seeing",724,366,358,332,162,170,392,204,188
"BALOCHISTAN","KALAT","KHUZDAR","NAL","SUB-DIVISION","Hearing",634,307,327,288,130,158,346,177,169
"BALOCHISTAN","KALAT","KHUZDAR","NAL","SUB-DIVISION","Walking/ Climbing",1782,933,849,878,443,435,904,490,414
"BALOCHISTAN","KALAT","KHUZDAR","NAL","SUB-DIVISION","Communication",376,213,163,159,82,77,217,131,86
"BALOCHISTAN","KALAT","KHUZDAR","NAL","SUB-DIVISION","Memorization/ Focus",696,302,394,368,126,242,328,176,152
"BALOCHISTAN","KALAT","KHUZDAR","NAL","SUB-DIVISION","Self care etc",594,274,320,258,116,142,336,158,178
"BALOCHISTAN","KALAT","KHUZDAR","ORNACH","SUB-DIVISION","Population",41811,22965,18846,41811,22965,18846,NA,NA,NA
"BALOCHISTAN","KALAT","KHUZDAR","ORNACH","SUB-DIVISION","Disability",2362,1427,935,2362,1427,935,NA,NA,NA
"BALOCHISTAN","KALAT","KHUZDAR","ORNACH","SUB-DIVISION","Functional limitation",3280,1831,1449,3280,1831,1449,NA,NA,NA
"BALOCHISTAN","KALAT","KHUZDAR","ORNACH","SUB-DIVISION","Seeing",509,296,213,509,296,213,NA,NA,NA
"BALOCHISTAN","KALAT","KHUZDAR","ORNACH","SUB-DIVISION","Hearing",505,280,225,505,280,225,NA,NA,NA
"BALOCHISTAN","KALAT","KHUZDAR","ORNACH","SUB-DIVISION","Walking/ Climbing",1054,546,508,1054,546,508,NA,NA,NA
"BALOCHISTAN","KALAT","KHUZDAR","ORNACH","SUB-DIVISION","Communication",328,257,71,328,257,71,NA,NA,NA
"BALOCHISTAN","KALAT","KHUZDAR","ORNACH","SUB-DIVISION","Memorization/ Focus",477,248,229,477,248,229,NA,NA,NA
"BALOCHISTAN","KALAT","KHUZDAR","ORNACH","SUB-DIVISION","Self care etc",524,261,263,524,261,263,NA,NA,NA
"BALOCHISTAN","KALAT","KHUZDAR","SAROONA","SUB-TEHSIL","Population",36380,20108,16272,36380,20108,16272,NA,NA,NA
"BALOCHISTAN","KALAT","KHUZDAR","SAROONA","SUB-TEHSIL","Disability",2877,1629,1248,2877,1629,1248,NA,NA,NA
"BALOCHISTAN","KALAT","KHUZDAR","SAROONA","SUB-TEHSIL","Functional limitation",3713,1977,1736,3713,1977,1736,NA,NA,NA
"BALOCHISTAN","KALAT","KHUZDAR","SAROONA","SUB-TEHSIL","Seeing",1091,531,560,1091,531,560,NA,NA,NA
"BALOCHISTAN","KALAT","KHUZDAR","SAROONA","SUB-TEHSIL","Hearing",963,528,435,963,528,435,NA,NA,NA
"BALOCHISTAN","KALAT","KHUZDAR","SAROONA","SUB-TEHSIL","Walking/ Climbing",544,283,261,544,283,261,NA,NA,NA
"BALOCHISTAN","KALAT","KHUZDAR","SAROONA","SUB-TEHSIL","Communication",419,222,197,419,222,197,NA,NA,NA
"BALOCHISTAN","KALAT","KHUZDAR","SAROONA","SUB-TEHSIL","Memorization/ Focus",472,244,228,472,244,228,NA,NA,NA
"BALOCHISTAN","KALAT","KHUZDAR","SAROONA","SUB-TEHSIL","Self care etc",467,275,192,467,275,192,NA,NA,NA
"BALOCHISTAN","KALAT","KHUZDAR","WADH","SUB-DIVISION","Population",116229,62106,54123,89354,47822,41532,26875,14284,12591
"BALOCHISTAN","KALAT","KHUZDAR","WADH","SUB-DIVISION","Disability",2543,1480,1063,1851,1051,800,692,429,263
"BALOCHISTAN","KALAT","KHUZDAR","WADH","SUB-DIVISION","Functional limitation",4552,2289,2263,3234,1590,1644,1318,699,619
"BALOCHISTAN","KALAT","KHUZDAR","WADH","SUB-DIVISION","Seeing",839,434,405,621,317,304,218,117,101
"BALOCHISTAN","KALAT","KHUZDAR","WADH","SUB-DIVISION","Hearing",658,314,344,439,200,239,219,114,105
"BALOCHISTAN","KALAT","KHUZDAR","WADH","SUB-DIVISION","Walking/ Climbing",2066,1085,981,1565,812,753,501,273,228
"BALOCHISTAN","KALAT","KHUZDAR","WADH","SUB-DIVISION","Communication",548,253,295,419,177,242,129,76,53
"BALOCHISTAN","KALAT","KHUZDAR","WADH","SUB-DIVISION","Memorization/ Focus",582,313,269,398,212,186,184,101,83
"BALOCHISTAN","KALAT","KHUZDAR","WADH","SUB-DIVISION","Self care etc",465,258,207,294,167,127,171,91,80
"BALOCHISTAN","KALAT","KHUZDAR","ZEHRI","SUB-DIVISION","Population",150928,82006,68922,80018,42927,37091,70910,39079,31831
"BALOCHISTAN","KALAT","KHUZDAR","ZEHRI","SUB-DIVISION","Disability",2946,1745,1201,1490,871,619,1456,874,582
"BALOCHISTAN","KALAT","KHUZDAR","ZEHRI","SUB-DIVISION","Functional limitation",5710,2900,2810,2851,1397,1454,2859,1503,1356
"BALOCHISTAN","KALAT","KHUZDAR","ZEHRI","SUB-DIVISION","Seeing",1085,560,525,532,266,266,553,294,259
"BALOCHISTAN","KALAT","KHUZDAR","ZEHRI","SUB-DIVISION","Hearing",985,481,504,450,199,251,535,282,253
"BALOCHISTAN","KALAT","KHUZDAR","ZEHRI","SUB-DIVISION","Walking/ Climbing",2187,1148,1039,1205,614,591,982,534,448
"BALOCHISTAN","KALAT","KHUZDAR","ZEHRI","SUB-DIVISION","Communication",640,353,287,276,145,131,364,208,156
"BALOCHISTAN","KALAT","KHUZDAR","ZEHRI","SUB-DIVISION","Memorization/ Focus",798,407,391,344,155,189,454,252,202
"BALOCHISTAN","KALAT","KHUZDAR","ZEHRI","SUB-DIVISION","Self care etc",690,361,329,319,161,158,371,200,171
"BALOCHISTAN","QUETTA","KILLA ABDULLAH","DOBANDI","SUB-TEHSIL","Population",69759,36582,33177,69759,36582,33177,NA,NA,NA
"BALOCHISTAN","QUETTA","KILLA ABDULLAH","DOBANDI","SUB-TEHSIL","Disability",2932,1686,1246,2932,1686,1246,NA,NA,NA
"BALOCHISTAN","QUETTA","KILLA ABDULLAH","DOBANDI","SUB-TEHSIL","Functional limitation",5081,2839,2242,5081,2839,2242,NA,NA,NA
"BALOCHISTAN","QUETTA","KILLA ABDULLAH","DOBANDI","SUB-TEHSIL","Seeing",834,467,367,834,467,367,NA,NA,NA
"BALOCHISTAN","QUETTA","KILLA ABDULLAH","DOBANDI","SUB-TEHSIL","Hearing",902,505,397,902,505,397,NA,NA,NA
"BALOCHISTAN","QUETTA","KILLA ABDULLAH","DOBANDI","SUB-TEHSIL","Walking/ Climbing",1399,772,627,1399,772,627,NA,NA,NA
"BALOCHISTAN","QUETTA","KILLA ABDULLAH","DOBANDI","SUB-TEHSIL","Communication",553,328,225,553,328,225,NA,NA,NA
"BALOCHISTAN","QUETTA","KILLA ABDULLAH","DOBANDI","SUB-TEHSIL","Memorization/ Focus",741,420,321,741,420,321,NA,NA,NA
"BALOCHISTAN","QUETTA","KILLA ABDULLAH","DOBANDI","SUB-TEHSIL","Self care etc",740,411,329,740,411,329,NA,NA,NA
"BALOCHISTAN","QUETTA","KILLA ABDULLAH","GULISTAN","SUB-DIVISION","Population",126474,66465,60009,126474,66465,60009,NA,NA,NA
"BALOCHISTAN","QUETTA","KILLA ABDULLAH","GULISTAN","SUB-DIVISION","Disability",1528,910,618,1528,910,618,NA,NA,NA
"BALOCHISTAN","QUETTA","KILLA ABDULLAH","GULISTAN","SUB-DIVISION","Functional limitation",5953,3251,2702,5953,3251,2702,NA,NA,NA
"BALOCHISTAN","QUETTA","KILLA ABDULLAH","GULISTAN","SUB-DIVISION","Seeing",1170,649,521,1170,649,521,NA,NA,NA
"BALOCHISTAN","QUETTA","KILLA ABDULLAH","GULISTAN","SUB-DIVISION","Hearing",1300,700,600,1300,700,600,NA,NA,NA
"BALOCHISTAN","QUETTA","KILLA ABDULLAH","GULISTAN","SUB-DIVISION","Walking/ Climbing",2054,1153,901,2054,1153,901,NA,NA,NA
"BALOCHISTAN","QUETTA","KILLA ABDULLAH","GULISTAN","SUB-DIVISION","Communication",600,371,229,600,371,229,NA,NA,NA
"BALOCHISTAN","QUETTA","KILLA ABDULLAH","GULISTAN","SUB-DIVISION","Memorization/ Focus",850,480,370,850,480,370,NA,NA,NA
"BALOCHISTAN","QUETTA","KILLA ABDULLAH","GULISTAN","SUB-DIVISION","Self care etc",619,340,279,619,340,279,NA,NA,NA
"BALOCHISTAN","QUETTA","KILLA ABDULLAH","KILLA ABDULLAH","SUB-DIVISION","Population",165738,86141,79597,130354,66414,63940,35384,19727,15657
"BALOCHISTAN","QUETTA","KILLA ABDULLAH","KILLA ABDULLAH","SUB-DIVISION","Disability",1536,855,681,1150,642,508,386,213,173
"BALOCHISTAN","QUETTA","KILLA ABDULLAH","KILLA ABDULLAH","SUB-DIVISION","Functional limitation",6887,3664,3223,5259,2799,2460,1628,865,763
"BALOCHISTAN","QUETTA","KILLA ABDULLAH","KILLA ABDULLAH","SUB-DIVISION","Seeing",1258,692,566,954,527,427,304,165,139
"BALOCHISTAN","QUETTA","KILLA ABDULLAH","KILLA ABDULLAH","SUB-DIVISION","Hearing",1410,765,645,1078,589,489,332,176,156
"BALOCHISTAN","QUETTA","KILLA ABDULLAH","KILLA ABDULLAH","SUB-DIVISION","Walking/ Climbing",2304,1245,1059,1775,963,812,529,282,247
"BALOCHISTAN","QUETTA","KILLA ABDULLAH","KILLA ABDULLAH","SUB-DIVISION","Communication",618,343,275,463,261,202,155,82,73
"BALOCHISTAN","QUETTA","KILLA ABDULLAH","KILLA ABDULLAH","SUB-DIVISION","Memorization/ Focus",990,533,457,745,405,340,245,128,117
"BALOCHISTAN","QUETTA","KILLA ABDULLAH","KILLA ABDULLAH","SUB-DIVISION","Self care etc",790,413,377,603,314,289,187,99,88
"BALOCHISTAN","ZHOB","KILLA SAIFULLAH","BADINI","SUB-TEHSIL","Population",20640,11519,9121,20640,11519,9121,NA,NA,NA
"BALOCHISTAN","ZHOB","KILLA SAIFULLAH","BADINI","SUB-TEHSIL","Disability",330,201,129,330,201,129,NA,NA,NA
"BALOCHISTAN","ZHOB","KILLA SAIFULLAH","BADINI","SUB-TEHSIL","Functional limitation",794,429,365,794,429,365,NA,NA,NA
"BALOCHISTAN","ZHOB","KILLA SAIFULLAH","BADINI","SUB-TEHSIL","Seeing",196,109,87,196,109,87,NA,NA,NA
"BALOCHISTAN","ZHOB","KILLA SAIFULLAH","BADINI","SUB-TEHSIL","Hearing",140,70,70,140,70,70,NA,NA,NA
"BALOCHISTAN","ZHOB","KILLA SAIFULLAH","BADINI","SUB-TEHSIL","Walking/ Climbing",270,141,129,270,141,129,NA,NA,NA
"BALOCHISTAN","ZHOB","KILLA SAIFULLAH","BADINI","SUB-TEHSIL","Communication",93,54,39,93,54,39,NA,NA,NA
"BALOCHISTAN","ZHOB","KILLA SAIFULLAH","BADINI","SUB-TEHSIL","Memorization/ Focus",146,81,65,146,81,65,NA,NA,NA
"BALOCHISTAN","ZHOB","KILLA SAIFULLAH","BADINI","SUB-TEHSIL","Self care etc",73,45,28,73,45,28,NA,NA,NA
"BALOCHISTAN","ZHOB","KILLA SAIFULLAH","KAN MEHTARZAI","SUB-TEHSIL","Population",34298,17410,16888,34298,17410,16888,NA,NA,NA
"BALOCHISTAN","ZHOB","KILLA SAIFULLAH","KAN MEHTARZAI","SUB-TEHSIL","Disability",1143,660,483,1143,660,483,NA,NA,NA
"BALOCHISTAN","ZHOB","KILLA SAIFULLAH","KAN MEHTARZAI","SUB-TEHSIL","Functional limitation",2455,1327,1128,2455,1327,1128,NA,NA,NA
"BALOCHISTAN","ZHOB","KILLA SAIFULLAH","KAN MEHTARZAI","SUB-TEHSIL","Seeing",404,229,175,404,229,175,NA,NA,NA
"BALOCHISTAN","ZHOB","KILLA SAIFULLAH","KAN MEHTARZAI","SUB-TEHSIL","Hearing",461,251,210,461,251,210,NA,NA,NA
"BALOCHISTAN","ZHOB","KILLA SAIFULLAH","KAN MEHTARZAI","SUB-TEHSIL","Walking/ Climbing",788,431,357,788,431,357,NA,NA,NA
"BALOCHISTAN","ZHOB","KILLA SAIFULLAH","KAN MEHTARZAI","SUB-TEHSIL","Communication",293,177,116,293,177,116,NA,NA,NA
"BALOCHISTAN","ZHOB","KILLA SAIFULLAH","KAN MEHTARZAI","SUB-TEHSIL","Memorization/ Focus",345,177,168,345,177,168,NA,NA,NA
"BALOCHISTAN","ZHOB","KILLA SAIFULLAH","KAN MEHTARZAI","SUB-TEHSIL","Self care etc",314,158,156,314,158,156,NA,NA,NA
"BALOCHISTAN","ZHOB","KILLA SAIFULLAH","KILLA SAIFULLAH","SUB-DIVISION","Population",152516,81377,71139,117473,63214,54259,35043,18163,16880
"BALOCHISTAN","ZHOB","KILLA SAIFULLAH","KILLA SAIFULLAH","SUB-DIVISION","Disability",3112,1711,1401,2610,1452,1158,502,259,243
"BALOCHISTAN","ZHOB","KILLA SAIFULLAH","KILLA SAIFULLAH","SUB-DIVISION","Functional limitation",8156,4266,3890,6419,3386,3033,1737,880,857
"BALOCHISTAN","ZHOB","KILLA SAIFULLAH","KILLA SAIFULLAH","SUB-DIVISION","Seeing",1575,850,725,1233,677,556,342,173,169
"BALOCHISTAN","ZHOB","KILLA SAIFULLAH","KILLA SAIFULLAH","SUB-DIVISION","Hearing",1533,810,723,1190,633,557,343,177,166
"BALOCHISTAN","ZHOB","KILLA SAIFULLAH","KILLA SAIFULLAH","SUB-DIVISION","Walking/ Climbing",2743,1474,1269,2152,1158,994,591,316,275
"BALOCHISTAN","ZHOB","KILLA SAIFULLAH","KILLA SAIFULLAH","SUB-DIVISION","Communication",837,456,381,668,369,299,169,87,82
"BALOCHISTAN","ZHOB","KILLA SAIFULLAH","KILLA SAIFULLAH","SUB-DIVISION","Memorization/ Focus",1183,627,556,934,500,434,249,127,122
"BALOCHISTAN","ZHOB","KILLA SAIFULLAH","KILLA SAIFULLAH","SUB-DIVISION","Self care etc",886,455,431,712,373,339,174,82,92
"BALOCHISTAN","ZHOB","KILLA SAIFULLAH","LOIBAND","TEHSIL","Population",29693,15170,14523,29693,15170,14523,NA,NA,NA
"BALOCHISTAN","ZHOB","KILLA SAIFULLAH","LOIBAND","TEHSIL","Disability",1521,758,763,1521,758,763,NA,NA,NA
"BALOCHISTAN","ZHOB","KILLA SAIFULLAH","LOIBAND","TEHSIL","Functional limitation",2270,1107,1163,2270,1107,1163,NA,NA,NA
"BALOCHISTAN","ZHOB","KILLA SAIFULLAH","LOIBAND","TEHSIL","Seeing",427,217,210,427,217,210,NA,NA,NA
"BALOCHISTAN","ZHOB","KILLA SAIFULLAH","LOIBAND","TEHSIL","Hearing",402,203,199,402,203,199,NA,NA,NA
"BALOCHISTAN","ZHOB","KILLA SAIFULLAH","LOIBAND","TEHSIL","Walking/ Climbing",619,289,330,619,289,330,NA,NA,NA
"BALOCHISTAN","ZHOB","KILLA SAIFULLAH","LOIBAND","TEHSIL","Communication",238,115,123,238,115,123,NA,NA,NA
"BALOCHISTAN","ZHOB","KILLA SAIFULLAH","LOIBAND","TEHSIL","Memorization/ Focus",337,177,160,337,177,160,NA,NA,NA
"BALOCHISTAN","ZHOB","KILLA SAIFULLAH","LOIBAND","TEHSIL","Self care etc",324,156,168,324,156,168,NA,NA,NA
"BALOCHISTAN","ZHOB","KILLA SAIFULLAH","MUSLIM BAGH","TEHSIL","Population",83795,43093,40702,54663,28629,26034,29132,14464,14668
"BALOCHISTAN","ZHOB","KILLA SAIFULLAH","MUSLIM BAGH","TEHSIL","Disability",1074,495,579,694,323,371,380,172,208
"BALOCHISTAN","ZHOB","KILLA SAIFULLAH","MUSLIM BAGH","TEHSIL","Functional limitation",3696,1739,1957,2386,1135,1251,1310,604,706
"BALOCHISTAN","ZHOB","KILLA SAIFULLAH","MUSLIM BAGH","TEHSIL","Seeing",714,343,371,465,222,243,249,121,128
"BALOCHISTAN","ZHOB","KILLA SAIFULLAH","MUSLIM BAGH","TEHSIL","Hearing",776,351,425,482,222,260,294,129,165
"BALOCHISTAN","ZHOB","KILLA SAIFULLAH","MUSLIM BAGH","TEHSIL","Walking/ Climbing",1333,662,671,856,428,428,477,234,243
"BALOCHISTAN","ZHOB","KILLA SAIFULLAH","MUSLIM BAGH","TEHSIL","Communication",358,192,166,228,120,108,130,72,58
"BALOCHISTAN","ZHOB","KILLA SAIFULLAH","MUSLIM BAGH","TEHSIL","Memorization/ Focus",516,252,264,312,153,159,204,99,105
"BALOCHISTAN","ZHOB","KILLA SAIFULLAH","MUSLIM BAGH","TEHSIL","Self care etc",372,164,208,232,105,127,140,59,81
"BALOCHISTAN","ZHOB","KILLA SAIFULLAH","SHINKI","SUB-TEHSIL","Population",59258,30506,28752,59258,30506,28752,NA,NA,NA
"BALOCHISTAN","ZHOB","KILLA SAIFULLAH","SHINKI","SUB-TEHSIL","Disability",776,354,422,776,354,422,NA,NA,NA
"BALOCHISTAN","ZHOB","KILLA SAIFULLAH","SHINKI","SUB-TEHSIL","Functional limitation",2727,1298,1429,2727,1298,1429,NA,NA,NA
"BALOCHISTAN","ZHOB","KILLA SAIFULLAH","SHINKI","SUB-TEHSIL","Seeing",565,264,301,565,264,301,NA,NA,NA
"BALOCHISTAN","ZHOB","KILLA SAIFULLAH","SHINKI","SUB-TEHSIL","Hearing",554,268,286,554,268,286,NA,NA,NA
"BALOCHISTAN","ZHOB","KILLA SAIFULLAH","SHINKI","SUB-TEHSIL","Walking/ Climbing",916,458,458,916,458,458,NA,NA,NA
"BALOCHISTAN","ZHOB","KILLA SAIFULLAH","SHINKI","SUB-TEHSIL","Communication",260,126,134,260,126,134,NA,NA,NA
"BALOCHISTAN","ZHOB","KILLA SAIFULLAH","SHINKI","SUB-TEHSIL","Memorization/ Focus",365,178,187,365,178,187,NA,NA,NA
"BALOCHISTAN","ZHOB","KILLA SAIFULLAH","SHINKI","SUB-TEHSIL","Self care etc",293,132,161,293,132,161,NA,NA,NA
"BALOCHISTAN","SIBI","KOHLU","GRISANI","SUB-TEHSIL","Population",15246,7868,7378,15246,7868,7378,NA,NA,NA
"BALOCHISTAN","SIBI","KOHLU","GRISANI","SUB-TEHSIL","Disability",321,187,134,321,187,134,NA,NA,NA
"BALOCHISTAN","SIBI","KOHLU","GRISANI","SUB-TEHSIL","Functional limitation",1322,703,619,1322,703,619,NA,NA,NA
"BALOCHISTAN","SIBI","KOHLU","GRISANI","SUB-TEHSIL","Seeing",231,120,111,231,120,111,NA,NA,NA
"BALOCHISTAN","SIBI","KOHLU","GRISANI","SUB-TEHSIL","Hearing",270,146,124,270,146,124,NA,NA,NA
"BALOCHISTAN","SIBI","KOHLU","GRISANI","SUB-TEHSIL","Walking/ Climbing",433,223,210,433,223,210,NA,NA,NA
"BALOCHISTAN","SIBI","KOHLU","GRISANI","SUB-TEHSIL","Communication",105,59,46,105,59,46,NA,NA,NA
"BALOCHISTAN","SIBI","KOHLU","GRISANI","SUB-TEHSIL","Memorization/ Focus",168,88,80,168,88,80,NA,NA,NA
"BALOCHISTAN","SIBI","KOHLU","GRISANI","SUB-TEHSIL","Self care etc",155,87,68,155,87,68,NA,NA,NA
"BALOCHISTAN","SIBI","KOHLU","KAHAN","SUB-DIVISION","Population",107840,59282,48558,107840,59282,48558,NA,NA,NA
"BALOCHISTAN","SIBI","KOHLU","KAHAN","SUB-DIVISION","Disability",2932,1752,1180,2932,1752,1180,NA,NA,NA
"BALOCHISTAN","SIBI","KOHLU","KAHAN","SUB-DIVISION","Functional limitation",10535,6040,4495,10535,6040,4495,NA,NA,NA
"BALOCHISTAN","SIBI","KOHLU","KAHAN","SUB-DIVISION","Seeing",2004,1112,892,2004,1112,892,NA,NA,NA
"BALOCHISTAN","SIBI","KOHLU","KAHAN","SUB-DIVISION","Hearing",2014,1170,844,2014,1170,844,NA,NA,NA
"BALOCHISTAN","SIBI","KOHLU","KAHAN","SUB-DIVISION","Walking/ Climbing",3563,2037,1526,3563,2037,1526,NA,NA,NA
"BALOCHISTAN","SIBI","KOHLU","KAHAN","SUB-DIVISION","Communication",668,411,257,668,411,257,NA,NA,NA
"BALOCHISTAN","SIBI","KOHLU","KAHAN","SUB-DIVISION","Memorization/ Focus",1363,782,581,1363,782,581,NA,NA,NA
"BALOCHISTAN","SIBI","KOHLU","KAHAN","SUB-DIVISION","Self care etc",1159,692,467,1159,692,467,NA,NA,NA
"BALOCHISTAN","SIBI","KOHLU","KOHLU","SUB-DIVISION","Population",48050,22940,25110,29072,13883,15189,18978,9057,9921
"BALOCHISTAN","SIBI","KOHLU","KOHLU","SUB-DIVISION","Disability",1696,898,798,1041,567,474,655,331,324
"BALOCHISTAN","SIBI","KOHLU","KOHLU","SUB-DIVISION","Functional limitation",5448,2722,2726,3276,1663,1613,2172,1059,1113
"BALOCHISTAN","SIBI","KOHLU","KOHLU","SUB-DIVISION","Seeing",888,428,460,540,262,278,348,166,182
"BALOCHISTAN","SIBI","KOHLU","KOHLU","SUB-DIVISION","Hearing",1042,514,528,627,315,312,415,199,216
"BALOCHISTAN","SIBI","KOHLU","KOHLU","SUB-DIVISION","Walking/ Climbing",1731,882,849,1031,546,485,700,336,364
"BALOCHISTAN","SIBI","KOHLU","KOHLU","SUB-DIVISION","Communication",471,227,244,299,144,155,172,83,89
"BALOCHISTAN","SIBI","KOHLU","KOHLU","SUB-DIVISION","Memorization/ Focus",733,362,371,435,207,228,298,155,143
"BALOCHISTAN","SIBI","KOHLU","KOHLU","SUB-DIVISION","Self care etc",671,355,316,404,219,185,267,136,131
"BALOCHISTAN","SIBI","KOHLU","MAWAND","SUB-DIVISION","Population",51635,27003,24632,51635,27003,24632,NA,NA,NA
"BALOCHISTAN","SIBI","KOHLU","MAWAND","SUB-DIVISION","Disability",2273,1288,985,2273,1288,985,NA,NA,NA
"BALOCHISTAN","SIBI","KOHLU","MAWAND","SUB-DIVISION","Functional limitation",5917,3250,2667,5917,3250,2667,NA,NA,NA
"BALOCHISTAN","SIBI","KOHLU","MAWAND","SUB-DIVISION","Seeing",978,534,444,978,534,444,NA,NA,NA
"BALOCHISTAN","SIBI","KOHLU","MAWAND","SUB-DIVISION","Hearing",1076,587,489,1076,587,489,NA,NA,NA
"BALOCHISTAN","SIBI","KOHLU","MAWAND","SUB-DIVISION","Walking/ Climbing",1969,1081,888,1969,1081,888,NA,NA,NA
"BALOCHISTAN","SIBI","KOHLU","MAWAND","SUB-DIVISION","Communication",539,318,221,539,318,221,NA,NA,NA
"BALOCHISTAN","SIBI","KOHLU","MAWAND","SUB-DIVISION","Memorization/ Focus",765,425,340,765,425,340,NA,NA,NA
"BALOCHISTAN","SIBI","KOHLU","MAWAND","SUB-DIVISION","Self care etc",724,403,321,724,403,321,NA,NA,NA
"BALOCHISTAN","SIBI","KOHLU","TAMBOO","SUB-TEHSIL","Population",37449,19166,18283,37449,19166,18283,NA,NA,NA
"BALOCHISTAN","SIBI","KOHLU","TAMBOO","SUB-TEHSIL","Disability",2454,1357,1097,2454,1357,1097,NA,NA,NA
"BALOCHISTAN","SIBI","KOHLU","TAMBOO","SUB-TEHSIL","Functional limitation",5085,2715,2370,5085,2715,2370,NA,NA,NA
"BALOCHISTAN","SIBI","KOHLU","TAMBOO","SUB-TEHSIL","Seeing",959,524,435,959,524,435,NA,NA,NA
"BALOCHISTAN","SIBI","KOHLU","TAMBOO","SUB-TEHSIL","Hearing",1025,558,467,1025,558,467,NA,NA,NA
"BALOCHISTAN","SIBI","KOHLU","TAMBOO","SUB-TEHSIL","Walking/ Climbing",1182,597,585,1182,597,585,NA,NA,NA
"BALOCHISTAN","SIBI","KOHLU","TAMBOO","SUB-TEHSIL","Communication",575,333,242,575,333,242,NA,NA,NA
"BALOCHISTAN","SIBI","KOHLU","TAMBOO","SUB-TEHSIL","Memorization/ Focus",762,429,333,762,429,333,NA,NA,NA
"BALOCHISTAN","SIBI","KOHLU","TAMBOO","SUB-TEHSIL","Self care etc",714,362,352,714,362,352,NA,NA,NA
"BALOCHISTAN","KALAT","LASBELA","BELA","SUB-DIVISION","Population",129264,67013,62251,99884,51135,48749,29380,15878,13502
"BALOCHISTAN","KALAT","LASBELA","BELA","SUB-DIVISION","Disability",882,532,350,711,437,274,171,95,76
"BALOCHISTAN","KALAT","LASBELA","BELA","SUB-DIVISION","Functional limitation",9206,4853,4353,7071,3736,3335,2135,1117,1018
"BALOCHISTAN","KALAT","LASBELA","BELA","SUB-DIVISION","Seeing",1936,1016,920,1535,809,726,401,207,194
"BALOCHISTAN","KALAT","LASBELA","BELA","SUB-DIVISION","Hearing",2181,1163,1018,1702,904,798,479,259,220
"BALOCHISTAN","KALAT","LASBELA","BELA","SUB-DIVISION","Walking/ Climbing",2856,1521,1335,2237,1199,1038,619,322,297
"BALOCHISTAN","KALAT","LASBELA","BELA","SUB-DIVISION","Communication",835,477,358,643,370,273,192,107,85
"BALOCHISTAN","KALAT","LASBELA","BELA","SUB-DIVISION","Memorization/ Focus",1329,708,621,1023,543,480,306,165,141
"BALOCHISTAN","KALAT","LASBELA","BELA","SUB-DIVISION","Self care etc",885,457,428,668,345,323,217,112,105
"BALOCHISTAN","KALAT","LASBELA","DUREJI","SUB-DIVISION","Population",52236,26584,25652,36548,18491,18057,15688,8093,7595
"BALOCHISTAN","KALAT","LASBELA","DUREJI","SUB-DIVISION","Disability",400,210,190,260,133,127,140,77,63
"BALOCHISTAN","KALAT","LASBELA","DUREJI","SUB-DIVISION","Functional limitation",4015,2074,1941,2902,1482,1420,1113,592,521
"BALOCHISTAN","KALAT","LASBELA","DUREJI","SUB-DIVISION","Seeing",878,455,423,604,313,291,274,142,132
"BALOCHISTAN","KALAT","LASBELA","DUREJI","SUB-DIVISION","Hearing",946,498,448,695,357,338,251,141,110
"BALOCHISTAN","KALAT","LASBELA","DUREJI","SUB-DIVISION","Walking/ Climbing",1274,662,612,899,462,437,375,200,175
"BALOCHISTAN","KALAT","LASBELA","DUREJI","SUB-DIVISION","Communication",393,205,188,295,150,145,98,55,43
"BALOCHISTAN","KALAT","LASBELA","DUREJI","SUB-DIVISION","Memorization/ Focus",578,309,269,428,228,200,150,81,69
"BALOCHISTAN","KALAT","LASBELA","DUREJI","SUB-DIVISION","Self care etc",383,196,187,293,149,144,90,47,43
"BALOCHISTAN","KALAT","LASBELA","GADDANI","TEHSIL","Population",29215,14664,14551,11675,5858,5817,17540,8806,8734
"BALOCHISTAN","KALAT","LASBELA","GADDANI","TEHSIL","Disability",1304,665,639,560,270,290,744,395,349
"BALOCHISTAN","KALAT","LASBELA","GADDANI","TEHSIL","Functional limitation",3799,1947,1852,1522,763,759,2277,1184,1093
"BALOCHISTAN","KALAT","LASBELA","GADDANI","TEHSIL","Seeing",748,390,358,263,134,129,485,256,229
"BALOCHISTAN","KALAT","LASBELA","GADDANI","TEHSIL","Hearing",768,417,351,262,129,133,506,288,218
"BALOCHISTAN","KALAT","LASBELA","GADDANI","TEHSIL","Walking/ Climbing",1090,534,556,430,188,242,660,346,314
"BALOCHISTAN","KALAT","LASBELA","GADDANI","TEHSIL","Communication",594,313,281,183,110,73,411,203,208
"BALOCHISTAN","KALAT","LASBELA","GADDANI","TEHSIL","Memorization/ Focus",737,394,343,345,192,153,392,202,190
"BALOCHISTAN","KALAT","LASBELA","GADDANI","TEHSIL","Self care etc",370,167,203,187,82,105,183,85,98
"BALOCHISTAN","KALAT","LASBELA","HUB","SUB-DIVISION","Population",233443,118863,114580,37782,18874,18908,195661,99989,95672
"BALOCHISTAN","KALAT","LASBELA","HUB","SUB-DIVISION","Disability",2125,1249,876,307,174,133,1818,1075,743
"BALOCHISTAN","KALAT","LASBELA","HUB","SUB-DIVISION","Functional limitation",17411,9164,8247,2925,1490,1435,14486,7674,6812
"BALOCHISTAN","KALAT","LASBELA","HUB","SUB-DIVISION","Seeing",3273,1733,1540,578,299,279,2695,1434,1261
"BALOCHISTAN","KALAT","LASBELA","HUB","SUB-DIVISION","Hearing",3995,2095,1900,680,356,324,3315,1739,1576
"BALOCHISTAN","KALAT","LASBELA","HUB","SUB-DIVISION","Walking/ Climbing",5266,2804,2462,873,449,424,4393,2355,2038
"BALOCHISTAN","KALAT","LASBELA","HUB","SUB-DIVISION","Communication",1692,927,765,287,152,135,1405,775,630
"BALOCHISTAN","KALAT","LASBELA","HUB","SUB-DIVISION","Memorization/ Focus",2556,1365,1191,450,226,224,2106,1139,967
"BALOCHISTAN","KALAT","LASBELA","HUB","SUB-DIVISION","Self care etc",1819,936,883,294,148,146,1525,788,737
"BALOCHISTAN","KALAT","LASBELA","KANRAJ","SUB-DIVISION","Population",15996,8189,7807,15996,8189,7807,NA,NA,NA
"BALOCHISTAN","KALAT","LASBELA","KANRAJ","SUB-DIVISION","Disability",973,523,450,973,523,450,NA,NA,NA
"BALOCHISTAN","KALAT","LASBELA","KANRAJ","SUB-DIVISION","Functional limitation",1895,1009,886,1895,1009,886,NA,NA,NA
"BALOCHISTAN","KALAT","LASBELA","KANRAJ","SUB-DIVISION","Seeing",470,240,230,470,240,230,NA,NA,NA
"BALOCHISTAN","KALAT","LASBELA","KANRAJ","SUB-DIVISION","Hearing",386,207,179,386,207,179,NA,NA,NA
"BALOCHISTAN","KALAT","LASBELA","KANRAJ","SUB-DIVISION","Walking/ Climbing",580,299,281,580,299,281,NA,NA,NA
"BALOCHISTAN","KALAT","LASBELA","KANRAJ","SUB-DIVISION","Communication",151,75,76,151,75,76,NA,NA,NA
"BALOCHISTAN","KALAT","LASBELA","KANRAJ","SUB-DIVISION","Memorization/ Focus",208,112,96,208,112,96,NA,NA,NA
"BALOCHISTAN","KALAT","LASBELA","KANRAJ","SUB-DIVISION","Self care etc",202,122,80,202,122,80,NA,NA,NA
"BALOCHISTAN","KALAT","LASBELA","LAKHRA","TEHSIL","Population",46744,23453,23291,46744,23453,23291,NA,NA,NA
"BALOCHISTAN","KALAT","LASBELA","LAKHRA","TEHSIL","Disability",812,426,386,812,426,386,NA,NA,NA
"BALOCHISTAN","KALAT","LASBELA","LAKHRA","TEHSIL","Functional limitation",3545,1823,1722,3545,1823,1722,NA,NA,NA
"BALOCHISTAN","KALAT","LASBELA","LAKHRA","TEHSIL","Seeing",623,326,297,623,326,297,NA,NA,NA
"BALOCHISTAN","KALAT","LASBELA","LAKHRA","TEHSIL","Hearing",734,361,373,734,361,373,NA,NA,NA
"BALOCHISTAN","KALAT","LASBELA","LAKHRA","TEHSIL","Walking/ Climbing",1064,554,510,1064,554,510,NA,NA,NA
"BALOCHISTAN","KALAT","LASBELA","LAKHRA","TEHSIL","Communication",335,197,138,335,197,138,NA,NA,NA
"BALOCHISTAN","KALAT","LASBELA","LAKHRA","TEHSIL","Memorization/ Focus",539,283,256,539,283,256,NA,NA,NA
"BALOCHISTAN","KALAT","LASBELA","LAKHRA","TEHSIL","Self care etc",424,220,204,424,220,204,NA,NA,NA
"BALOCHISTAN","KALAT","LASBELA","LIARI","SUB-TEHSIL","Population",16994,8891,8103,16994,8891,8103,NA,NA,NA
"BALOCHISTAN","KALAT","LASBELA","LIARI","SUB-TEHSIL","Disability",815,457,358,815,457,358,NA,NA,NA
"BALOCHISTAN","KALAT","LASBELA","LIARI","SUB-TEHSIL","Functional limitation",1535,847,688,1535,847,688,NA,NA,NA
"BALOCHISTAN","KALAT","LASBELA","LIARI","SUB-TEHSIL","Seeing",250,132,118,250,132,118,NA,NA,NA
"BALOCHISTAN","KALAT","LASBELA","LIARI","SUB-TEHSIL","Hearing",306,158,148,306,158,148,NA,NA,NA
"BALOCHISTAN","KALAT","LASBELA","LIARI","SUB-TEHSIL","Walking/ Climbing",457,272,185,457,272,185,NA,NA,NA
"BALOCHISTAN","KALAT","LASBELA","LIARI","SUB-TEHSIL","Communication",139,77,62,139,77,62,NA,NA,NA
"BALOCHISTAN","KALAT","LASBELA","LIARI","SUB-TEHSIL","Memorization/ Focus",205,117,88,205,117,88,NA,NA,NA
"BALOCHISTAN","KALAT","LASBELA","LIARI","SUB-TEHSIL","Self care etc",279,145,134,279,145,134,NA,NA,NA
"BALOCHISTAN","KALAT","LASBELA","SONMIANI/WINDER","TEHSIL","Population",67991,34162,33829,32746,16349,16397,35245,17813,17432
"BALOCHISTAN","KALAT","LASBELA","SONMIANI/WINDER","TEHSIL","Disability",686,406,280,309,192,117,377,214,163
"BALOCHISTAN","KALAT","LASBELA","SONMIANI/WINDER","TEHSIL","Functional limitation",5733,2977,2756,2789,1442,1347,2944,1535,1409
"BALOCHISTAN","KALAT","LASBELA","SONMIANI/WINDER","TEHSIL","Seeing",1107,586,521,526,279,247,581,307,274
"BALOCHISTAN","KALAT","LASBELA","SONMIANI/WINDER","TEHSIL","Hearing",1327,691,636,613,315,298,714,376,338
"BALOCHISTAN","KALAT","LASBELA","SONMIANI/WINDER","TEHSIL","Walking/ Climbing",1716,903,813,835,437,398,881,466,415
"BALOCHISTAN","KALAT","LASBELA","SONMIANI/WINDER","TEHSIL","Communication",541,294,247,235,124,111,306,170,136
"BALOCHISTAN","KALAT","LASBELA","SONMIANI/WINDER","TEHSIL","Memorization/ Focus",840,446,394,385,200,185,455,246,209
"BALOCHISTAN","KALAT","LASBELA","SONMIANI/WINDER","TEHSIL","Self care etc",578,296,282,270,135,135,308,161,147
"BALOCHISTAN","KALAT","LASBELA","UTHAL","SUB-DIVISION","Population",88933,46969,41964,51862,27488,24374,37071,19481,17590
"BALOCHISTAN","KALAT","LASBELA","UTHAL","SUB-DIVISION","Disability",586,325,261,386,208,178,200,117,83
"BALOCHISTAN","KALAT","LASBELA","UTHAL","SUB-DIVISION","Functional limitation",6499,3438,3061,3784,2003,1781,2715,1435,1280
"BALOCHISTAN","KALAT","LASBELA","UTHAL","SUB-DIVISION","Seeing",1421,756,665,882,463,419,539,293,246
"BALOCHISTAN","KALAT","LASBELA","UTHAL","SUB-DIVISION","Hearing",1535,799,736,904,466,438,631,333,298
"BALOCHISTAN","KALAT","LASBELA","UTHAL","SUB-DIVISION","Walking/ Climbing",1955,1030,925,1157,607,550,798,423,375
"BALOCHISTAN","KALAT","LASBELA","UTHAL","SUB-DIVISION","Communication",526,287,239,294,158,136,232,129,103
"BALOCHISTAN","KALAT","LASBELA","UTHAL","SUB-DIVISION","Memorization/ Focus",940,501,439,549,293,256,391,208,183
"BALOCHISTAN","KALAT","LASBELA","UTHAL","SUB-DIVISION","Self care etc",630,333,297,352,188,164,278,145,133
"BALOCHISTAN","LORALAI","LORALAI","BORI","SUB-DIVISION","Population",222590,116940,105650,165204,86981,78223,57386,29959,27427
"BALOCHISTAN","LORALAI","LORALAI","BORI","SUB-DIVISION","Disability",2675,1596,1079,1968,1174,794,707,422,285
"BALOCHISTAN","LORALAI","LORALAI","BORI","SUB-DIVISION","Functional limitation",14567,8268,6299,10655,6041,4614,3912,2227,1685
"BALOCHISTAN","LORALAI","LORALAI","BORI","SUB-DIVISION","Seeing",2838,1606,1232,2037,1152,885,801,454,347
"BALOCHISTAN","LORALAI","LORALAI","BORI","SUB-DIVISION","Hearing",3093,1761,1332,2282,1293,989,811,468,343
"BALOCHISTAN","LORALAI","LORALAI","BORI","SUB-DIVISION","Walking/ Climbing",4898,2766,2132,3541,2004,1537,1357,762,595
"BALOCHISTAN","LORALAI","LORALAI","BORI","SUB-DIVISION","Communication",1303,758,545,970,562,408,333,196,137
"BALOCHISTAN","LORALAI","LORALAI","BORI","SUB-DIVISION","Memorization/ Focus",2098,1197,901,1512,867,645,586,330,256
"BALOCHISTAN","LORALAI","LORALAI","BORI","SUB-DIVISION","Self care etc",1449,830,619,1062,608,454,387,222,165
"BALOCHISTAN","LORALAI","LORALAI","MEKHTAR","SUB-DIVISION","Population",46774,24378,22396,46774,24378,22396,NA,NA,NA
"BALOCHISTAN","LORALAI","LORALAI","MEKHTAR","SUB-DIVISION","Disability",2526,1393,1133,2526,1393,1133,NA,NA,NA
"BALOCHISTAN","LORALAI","LORALAI","MEKHTAR","SUB-DIVISION","Functional limitation",4466,2497,1969,4466,2497,1969,NA,NA,NA
"BALOCHISTAN","LORALAI","LORALAI","MEKHTAR","SUB-DIVISION","Seeing",958,536,422,958,536,422,NA,NA,NA
"BALOCHISTAN","LORALAI","LORALAI","MEKHTAR","SUB-DIVISION","Hearing",893,501,392,893,501,392,NA,NA,NA
"BALOCHISTAN","LORALAI","LORALAI","MEKHTAR","SUB-DIVISION","Walking/ Climbing",1476,819,657,1476,819,657,NA,NA,NA
"BALOCHISTAN","LORALAI","LORALAI","MEKHTAR","SUB-DIVISION","Communication",567,332,235,567,332,235,NA,NA,NA
"BALOCHISTAN","LORALAI","LORALAI","MEKHTAR","SUB-DIVISION","Memorization/ Focus",788,437,351,788,437,351,NA,NA,NA
"BALOCHISTAN","LORALAI","LORALAI","MEKHTAR","SUB-DIVISION","Self care etc",569,302,267,569,302,267,NA,NA,NA
"BALOCHISTAN","KALAT","MASTUNG","DASHT","SUB-DIVISION","Population",67890,36904,30986,67890,36904,30986,NA,NA,NA
"BALOCHISTAN","KALAT","MASTUNG","DASHT","SUB-DIVISION","Disability",555,281,274,555,281,274,NA,NA,NA
"BALOCHISTAN","KALAT","MASTUNG","DASHT","SUB-DIVISION","Functional limitation",3612,1712,1900,3612,1712,1900,NA,NA,NA
"BALOCHISTAN","KALAT","MASTUNG","DASHT","SUB-DIVISION","Seeing",701,356,345,701,356,345,NA,NA,NA
"BALOCHISTAN","KALAT","MASTUNG","DASHT","SUB-DIVISION","Hearing",761,365,396,761,365,396,NA,NA,NA
"BALOCHISTAN","KALAT","MASTUNG","DASHT","SUB-DIVISION","Walking/ Climbing",1229,578,651,1229,578,651,NA,NA,NA
"BALOCHISTAN","KALAT","MASTUNG","DASHT","SUB-DIVISION","Communication",265,155,110,265,155,110,NA,NA,NA
"BALOCHISTAN","KALAT","MASTUNG","DASHT","SUB-DIVISION","Memorization/ Focus",521,252,269,521,252,269,NA,NA,NA
"BALOCHISTAN","KALAT","MASTUNG","DASHT","SUB-DIVISION","Self care etc",387,169,218,387,169,218,NA,NA,NA
"BALOCHISTAN","KALAT","MASTUNG","KHAD KOCHA","SUB-TEHSIL","Population",46279,24579,21700,46279,24579,21700,NA,NA,NA
"BALOCHISTAN","KALAT","MASTUNG","KHAD KOCHA","SUB-TEHSIL","Disability",599,281,318,599,281,318,NA,NA,NA
"BALOCHISTAN","KALAT","MASTUNG","KHAD KOCHA","SUB-TEHSIL","Functional limitation",2539,1182,1357,2539,1182,1357,NA,NA,NA
"BALOCHISTAN","KALAT","MASTUNG","KHAD KOCHA","SUB-TEHSIL","Seeing",462,227,235,462,227,235,NA,NA,NA
"BALOCHISTAN","KALAT","MASTUNG","KHAD KOCHA","SUB-TEHSIL","Hearing",526,241,285,526,241,285,NA,NA,NA
"BALOCHISTAN","KALAT","MASTUNG","KHAD KOCHA","SUB-TEHSIL","Walking/ Climbing",837,402,435,837,402,435,NA,NA,NA
"BALOCHISTAN","KALAT","MASTUNG","KHAD KOCHA","SUB-TEHSIL","Communication",242,131,111,242,131,111,NA,NA,NA
"BALOCHISTAN","KALAT","MASTUNG","KHAD KOCHA","SUB-TEHSIL","Memorization/ Focus",324,141,183,324,141,183,NA,NA,NA
"BALOCHISTAN","KALAT","MASTUNG","KHAD KOCHA","SUB-TEHSIL","Self care etc",264,106,158,264,106,158,NA,NA,NA
"BALOCHISTAN","KALAT","MASTUNG","KIRDGAP","SUB-DIVISION","Population",36358,19149,17209,36358,19149,17209,NA,NA,NA
"BALOCHISTAN","KALAT","MASTUNG","KIRDGAP","SUB-DIVISION","Disability",2214,1073,1141,2214,1073,1141,NA,NA,NA
"BALOCHISTAN","KALAT","MASTUNG","KIRDGAP","SUB-DIVISION","Functional limitation",3625,1709,1916,3625,1709,1916,NA,NA,NA
"BALOCHISTAN","KALAT","MASTUNG","KIRDGAP","SUB-DIVISION","Seeing",651,293,358,651,293,358,NA,NA,NA
"BALOCHISTAN","KALAT","MASTUNG","KIRDGAP","SUB-DIVISION","Hearing",599,280,319,599,280,319,NA,NA,NA
"BALOCHISTAN","KALAT","MASTUNG","KIRDGAP","SUB-DIVISION","Walking/ Climbing",1055,522,533,1055,522,533,NA,NA,NA
"BALOCHISTAN","KALAT","MASTUNG","KIRDGAP","SUB-DIVISION","Communication",403,176,227,403,176,227,NA,NA,NA
"BALOCHISTAN","KALAT","MASTUNG","KIRDGAP","SUB-DIVISION","Memorization/ Focus",558,260,298,558,260,298,NA,NA,NA
"BALOCHISTAN","KALAT","MASTUNG","KIRDGAP","SUB-DIVISION","Self care etc",497,252,245,497,252,245,NA,NA,NA
"BALOCHISTAN","KALAT","MASTUNG","MASTUNG","SUB-DIVISION","Population",161851,85622,76229,121588,64317,57271,40263,21305,18958
"BALOCHISTAN","KALAT","MASTUNG","MASTUNG","SUB-DIVISION","Disability",1544,628,916,1182,498,684,362,130,232
"BALOCHISTAN","KALAT","MASTUNG","MASTUNG","SUB-DIVISION","Functional limitation",10034,4512,5522,7196,3254,3942,2838,1258,1580
"BALOCHISTAN","KALAT","MASTUNG","MASTUNG","SUB-DIVISION","Seeing",2107,993,1114,1546,729,817,561,264,297
"BALOCHISTAN","KALAT","MASTUNG","MASTUNG","SUB-DIVISION","Hearing",2289,1028,1261,1653,739,914,636,289,347
"BALOCHISTAN","KALAT","MASTUNG","MASTUNG","SUB-DIVISION","Walking/ Climbing",3446,1580,1866,2550,1172,1378,896,408,488
"BALOCHISTAN","KALAT","MASTUNG","MASTUNG","SUB-DIVISION","Communication",902,413,489,677,306,371,225,107,118
"BALOCHISTAN","KALAT","MASTUNG","MASTUNG","SUB-DIVISION","Memorization/ Focus",1431,658,773,1052,483,569,379,175,204
"BALOCHISTAN","KALAT","MASTUNG","MASTUNG","SUB-DIVISION","Self care etc",973,400,573,669,275,394,304,125,179
"BALOCHISTAN","LORALAI","MUSAKHEL","DRUG","TEHSIL","Population",21792,11081,10711,21792,11081,10711,NA,NA,NA
"BALOCHISTAN","LORALAI","MUSAKHEL","DRUG","TEHSIL","Disability",720,374,346,720,374,346,NA,NA,NA
"BALOCHISTAN","LORALAI","MUSAKHEL","DRUG","TEHSIL","Functional limitation",2079,1110,969,2079,1110,969,NA,NA,NA
"BALOCHISTAN","LORALAI","MUSAKHEL","DRUG","TEHSIL","Seeing",336,177,159,336,177,159,NA,NA,NA
"BALOCHISTAN","LORALAI","MUSAKHEL","DRUG","TEHSIL","Hearing",396,216,180,396,216,180,NA,NA,NA
"BALOCHISTAN","LORALAI","MUSAKHEL","DRUG","TEHSIL","Walking/ Climbing",647,346,301,647,346,301,NA,NA,NA
"BALOCHISTAN","LORALAI","MUSAKHEL","DRUG","TEHSIL","Communication",226,112,114,226,112,114,NA,NA,NA
"BALOCHISTAN","LORALAI","MUSAKHEL","DRUG","TEHSIL","Memorization/ Focus",289,150,139,289,150,139,NA,NA,NA
"BALOCHISTAN","LORALAI","MUSAKHEL","DRUG","TEHSIL","Self care etc",265,150,115,265,150,115,NA,NA,NA
"BALOCHISTAN","LORALAI","MUSAKHEL","KINGRI","TEHSIL","Population",33618,17112,16506,33618,17112,16506,NA,NA,NA
"BALOCHISTAN","LORALAI","MUSAKHEL","KINGRI","TEHSIL","Disability",662,303,359,662,303,359,NA,NA,NA
"BALOCHISTAN","LORALAI","MUSAKHEL","KINGRI","TEHSIL","Functional limitation",2582,1309,1273,2582,1309,1273,NA,NA,NA
"BALOCHISTAN","LORALAI","MUSAKHEL","KINGRI","TEHSIL","Seeing",492,259,233,492,259,233,NA,NA,NA
"BALOCHISTAN","LORALAI","MUSAKHEL","KINGRI","TEHSIL","Hearing",530,268,262,530,268,262,NA,NA,NA
"BALOCHISTAN","LORALAI","MUSAKHEL","KINGRI","TEHSIL","Walking/ Climbing",917,457,460,917,457,460,NA,NA,NA
"BALOCHISTAN","LORALAI","MUSAKHEL","KINGRI","TEHSIL","Communication",237,125,112,237,125,112,NA,NA,NA
"BALOCHISTAN","LORALAI","MUSAKHEL","KINGRI","TEHSIL","Memorization/ Focus",379,197,182,379,197,182,NA,NA,NA
"BALOCHISTAN","LORALAI","MUSAKHEL","KINGRI","TEHSIL","Self care etc",268,125,143,268,125,143,NA,NA,NA
"BALOCHISTAN","LORALAI","MUSAKHEL","MUSAKHEL","TEHSIL","Population",49809,27053,22756,34004,18552,15452,15805,8501,7304
"BALOCHISTAN","LORALAI","MUSAKHEL","MUSAKHEL","TEHSIL","Disability",833,428,405,721,378,343,112,50,62
"BALOCHISTAN","LORALAI","MUSAKHEL","MUSAKHEL","TEHSIL","Functional limitation",2626,1418,1208,1926,1064,862,700,354,346
"BALOCHISTAN","LORALAI","MUSAKHEL","MUSAKHEL","TEHSIL","Seeing",476,261,215,333,186,147,143,75,68
"BALOCHISTAN","LORALAI","MUSAKHEL","MUSAKHEL","TEHSIL","Hearing",464,258,206,332,192,140,132,66,66
"BALOCHISTAN","LORALAI","MUSAKHEL","MUSAKHEL","TEHSIL","Walking/ Climbing",992,533,459,704,383,321,288,150,138
"BALOCHISTAN","LORALAI","MUSAKHEL","MUSAKHEL","TEHSIL","Communication",215,118,97,168,95,73,47,23,24
"BALOCHISTAN","LORALAI","MUSAKHEL","MUSAKHEL","TEHSIL","Memorization/ Focus",330,182,148,243,137,106,87,45,42
"BALOCHISTAN","LORALAI","MUSAKHEL","MUSAKHEL","TEHSIL","Self care etc",283,152,131,221,124,97,62,28,34
"BALOCHISTAN","LORALAI","MUSAKHEL","TIYAR ESSOT","SUB-TEHSIL","Population",10568,6206,4362,10568,6206,4362,NA,NA,NA
"BALOCHISTAN","LORALAI","MUSAKHEL","TIYAR ESSOT","SUB-TEHSIL","Disability",222,133,89,222,133,89,NA,NA,NA
"BALOCHISTAN","LORALAI","MUSAKHEL","TIYAR ESSOT","SUB-TEHSIL","Functional limitation",576,346,230,576,346,230,NA,NA,NA
"BALOCHISTAN","LORALAI","MUSAKHEL","TIYAR ESSOT","SUB-TEHSIL","Seeing",105,64,41,105,64,41,NA,NA,NA
"BALOCHISTAN","LORALAI","MUSAKHEL","TIYAR ESSOT","SUB-TEHSIL","Hearing",114,69,45,114,69,45,NA,NA,NA
"BALOCHISTAN","LORALAI","MUSAKHEL","TIYAR ESSOT","SUB-TEHSIL","Walking/ Climbing",164,99,65,164,99,65,NA,NA,NA
"BALOCHISTAN","LORALAI","MUSAKHEL","TIYAR ESSOT","SUB-TEHSIL","Communication",75,48,27,75,48,27,NA,NA,NA
"BALOCHISTAN","LORALAI","MUSAKHEL","TIYAR ESSOT","SUB-TEHSIL","Memorization/ Focus",91,46,45,91,46,45,NA,NA,NA
"BALOCHISTAN","LORALAI","MUSAKHEL","TIYAR ESSOT","SUB-TEHSIL","Self care etc",49,29,20,49,29,20,NA,NA,NA
"BALOCHISTAN","LORALAI","MUSAKHEL","TOISAR","TEHSIL","Population",56818,30295,26523,56818,30295,26523,NA,NA,NA
"BALOCHISTAN","LORALAI","MUSAKHEL","TOISAR","TEHSIL","Disability",1334,705,629,1334,705,629,NA,NA,NA
"BALOCHISTAN","LORALAI","MUSAKHEL","TOISAR","TEHSIL","Functional limitation",4084,2144,1940,4084,2144,1940,NA,NA,NA
"BALOCHISTAN","LORALAI","MUSAKHEL","TOISAR","TEHSIL","Seeing",710,375,335,710,375,335,NA,NA,NA
"BALOCHISTAN","LORALAI","MUSAKHEL","TOISAR","TEHSIL","Hearing",818,423,395,818,423,395,NA,NA,NA
"BALOCHISTAN","LORALAI","MUSAKHEL","TOISAR","TEHSIL","Walking/ Climbing",1393,729,664,1393,729,664,NA,NA,NA
"BALOCHISTAN","LORALAI","MUSAKHEL","TOISAR","TEHSIL","Communication",356,188,168,356,188,168,NA,NA,NA
"BALOCHISTAN","LORALAI","MUSAKHEL","TOISAR","TEHSIL","Memorization/ Focus",557,298,259,557,298,259,NA,NA,NA
"BALOCHISTAN","LORALAI","MUSAKHEL","TOISAR","TEHSIL","Self care etc",478,243,235,478,243,235,NA,NA,NA
"BALOCHISTAN","LORALAI","MUSAKHEL","ZIMRI PLASEEN","SUB-TEHSIL","Population",9670,4962,4708,9670,4962,4708,NA,NA,NA
"BALOCHISTAN","LORALAI","MUSAKHEL","ZIMRI PLASEEN","SUB-TEHSIL","Disability",661,349,312,661,349,312,NA,NA,NA
"BALOCHISTAN","LORALAI","MUSAKHEL","ZIMRI PLASEEN","SUB-TEHSIL","Functional limitation",1277,694,583,1277,694,583,NA,NA,NA
"BALOCHISTAN","LORALAI","MUSAKHEL","ZIMRI PLASEEN","SUB-TEHSIL","Seeing",273,145,128,273,145,128,NA,NA,NA
"BALOCHISTAN","LORALAI","MUSAKHEL","ZIMRI PLASEEN","SUB-TEHSIL","Hearing",272,152,120,272,152,120,NA,NA,NA
"BALOCHISTAN","LORALAI","MUSAKHEL","ZIMRI PLASEEN","SUB-TEHSIL","Walking/ Climbing",254,143,111,254,143,111,NA,NA,NA
"BALOCHISTAN","LORALAI","MUSAKHEL","ZIMRI PLASEEN","SUB-TEHSIL","Communication",129,70,59,129,70,59,NA,NA,NA
"BALOCHISTAN","LORALAI","MUSAKHEL","ZIMRI PLASEEN","SUB-TEHSIL","Memorization/ Focus",186,107,79,186,107,79,NA,NA,NA
"BALOCHISTAN","LORALAI","MUSAKHEL","ZIMRI PLASEEN","SUB-TEHSIL","Self care etc",191,100,91,191,100,91,NA,NA,NA
"BALOCHISTAN","NASIRABAD","NASIRABAD","BABA KOT","TEHSIL","Population",53661,28639,25022,53661,28639,25022,NA,NA,NA
"BALOCHISTAN","NASIRABAD","NASIRABAD","BABA KOT","TEHSIL","Disability",170,91,79,170,91,79,NA,NA,NA
"BALOCHISTAN","NASIRABAD","NASIRABAD","BABA KOT","TEHSIL","Functional limitation",1539,827,712,1539,827,712,NA,NA,NA
"BALOCHISTAN","NASIRABAD","NASIRABAD","BABA KOT","TEHSIL","Seeing",305,170,135,305,170,135,NA,NA,NA
"BALOCHISTAN","NASIRABAD","NASIRABAD","BABA KOT","TEHSIL","Hearing",366,198,168,366,198,168,NA,NA,NA
"BALOCHISTAN","NASIRABAD","NASIRABAD","BABA KOT","TEHSIL","Walking/ Climbing",501,267,234,501,267,234,NA,NA,NA
"BALOCHISTAN","NASIRABAD","NASIRABAD","BABA KOT","TEHSIL","Communication",138,79,59,138,79,59,NA,NA,NA
"BALOCHISTAN","NASIRABAD","NASIRABAD","BABA KOT","TEHSIL","Memorization/ Focus",217,123,94,217,123,94,NA,NA,NA
"BALOCHISTAN","NASIRABAD","NASIRABAD","BABA KOT","TEHSIL","Self care etc",150,79,71,150,79,71,NA,NA,NA
"BALOCHISTAN","NASIRABAD","NASIRABAD","CHATTAR","SUB-DIVISION","Population",32276,16276,16000,32276,16276,16000,NA,NA,NA
"BALOCHISTAN","NASIRABAD","NASIRABAD","CHATTAR","SUB-DIVISION","Disability",1163,640,523,1163,640,523,NA,NA,NA
"BALOCHISTAN","NASIRABAD","NASIRABAD","CHATTAR","SUB-DIVISION","Functional limitation",2029,1104,925,2029,1104,925,NA,NA,NA
"BALOCHISTAN","NASIRABAD","NASIRABAD","CHATTAR","SUB-DIVISION","Seeing",272,147,125,272,147,125,NA,NA,NA
"BALOCHISTAN","NASIRABAD","NASIRABAD","CHATTAR","SUB-DIVISION","Hearing",320,179,141,320,179,141,NA,NA,NA
"BALOCHISTAN","NASIRABAD","NASIRABAD","CHATTAR","SUB-DIVISION","Walking/ Climbing",489,260,229,489,260,229,NA,NA,NA
"BALOCHISTAN","NASIRABAD","NASIRABAD","CHATTAR","SUB-DIVISION","Communication",325,182,143,325,182,143,NA,NA,NA
"BALOCHISTAN","NASIRABAD","NASIRABAD","CHATTAR","SUB-DIVISION","Memorization/ Focus",397,223,174,397,223,174,NA,NA,NA
"BALOCHISTAN","NASIRABAD","NASIRABAD","CHATTAR","SUB-DIVISION","Self care etc",339,175,164,339,175,164,NA,NA,NA
"BALOCHISTAN","NASIRABAD","NASIRABAD","DERA MURAD JAMALI","SUB-DIVISION","Population",265822,135951,129871,158870,82517,76353,106952,53434,53518
"BALOCHISTAN","NASIRABAD","NASIRABAD","DERA MURAD JAMALI","SUB-DIVISION","Disability",1805,1083,722,1279,762,517,526,321,205
"BALOCHISTAN","NASIRABAD","NASIRABAD","DERA MURAD JAMALI","SUB-DIVISION","Functional limitation",8256,4497,3759,5112,2803,2309,3144,1694,1450
"BALOCHISTAN","NASIRABAD","NASIRABAD","DERA MURAD JAMALI","SUB-DIVISION","Seeing",1603,868,735,939,514,425,664,354,310
"BALOCHISTAN","NASIRABAD","NASIRABAD","DERA MURAD JAMALI","SUB-DIVISION","Hearing",1837,993,844,1089,590,499,748,403,345
"BALOCHISTAN","NASIRABAD","NASIRABAD","DERA MURAD JAMALI","SUB-DIVISION","Walking/ Climbing",2759,1532,1227,1682,941,741,1077,591,486
"BALOCHISTAN","NASIRABAD","NASIRABAD","DERA MURAD JAMALI","SUB-DIVISION","Communication",938,542,396,557,319,238,381,223,158
"BALOCHISTAN","NASIRABAD","NASIRABAD","DERA MURAD JAMALI","SUB-DIVISION","Memorization/ Focus",1277,695,582,783,423,360,494,272,222
"BALOCHISTAN","NASIRABAD","NASIRABAD","DERA MURAD JAMALI","SUB-DIVISION","Self care etc",829,449,380,540,297,243,289,152,137
"BALOCHISTAN","NASIRABAD","NASIRABAD","LANDHI","TEHSIL","Population",8638,4358,4280,8638,4358,4280,NA,NA,NA
"BALOCHISTAN","NASIRABAD","NASIRABAD","LANDHI","TEHSIL","Disability",593,306,287,593,306,287,NA,NA,NA
"BALOCHISTAN","NASIRABAD","NASIRABAD","LANDHI","TEHSIL","Functional limitation",706,383,323,706,383,323,NA,NA,NA
"BALOCHISTAN","NASIRABAD","NASIRABAD","LANDHI","TEHSIL","Seeing",244,128,116,244,128,116,NA,NA,NA
"BALOCHISTAN","NASIRABAD","NASIRABAD","LANDHI","TEHSIL","Hearing",185,103,82,185,103,82,NA,NA,NA
"BALOCHISTAN","NASIRABAD","NASIRABAD","LANDHI","TEHSIL","Walking/ Climbing",175,91,84,175,91,84,NA,NA,NA
"BALOCHISTAN","NASIRABAD","NASIRABAD","LANDHI","TEHSIL","Communication",89,43,46,89,43,46,NA,NA,NA
"BALOCHISTAN","NASIRABAD","NASIRABAD","LANDHI","TEHSIL","Memorization/ Focus",92,44,48,92,44,48,NA,NA,NA
"BALOCHISTAN","NASIRABAD","NASIRABAD","LANDHI","TEHSIL","Self care etc",61,33,28,61,33,28,NA,NA,NA
"BALOCHISTAN","NASIRABAD","NASIRABAD","MIR HASSAN KHOSA","TEHSIL","Population",53400,26563,26837,53400,26563,26837,NA,NA,NA
"BALOCHISTAN","NASIRABAD","NASIRABAD","MIR HASSAN KHOSA","TEHSIL","Disability",531,285,246,531,285,246,NA,NA,NA
"BALOCHISTAN","NASIRABAD","NASIRABAD","MIR HASSAN KHOSA","TEHSIL","Functional limitation",1682,875,807,1682,875,807,NA,NA,NA
"BALOCHISTAN","NASIRABAD","NASIRABAD","MIR HASSAN KHOSA","TEHSIL","Seeing",299,154,145,299,154,145,NA,NA,NA
"BALOCHISTAN","NASIRABAD","NASIRABAD","MIR HASSAN KHOSA","TEHSIL","Hearing",372,185,187,372,185,187,NA,NA,NA
"BALOCHISTAN","NASIRABAD","NASIRABAD","MIR HASSAN KHOSA","TEHSIL","Walking/ Climbing",566,296,270,566,296,270,NA,NA,NA
"BALOCHISTAN","NASIRABAD","NASIRABAD","MIR HASSAN KHOSA","TEHSIL","Communication",203,110,93,203,110,93,NA,NA,NA
"BALOCHISTAN","NASIRABAD","NASIRABAD","MIR HASSAN KHOSA","TEHSIL","Memorization/ Focus",255,128,127,255,128,127,NA,NA,NA
"BALOCHISTAN","NASIRABAD","NASIRABAD","MIR HASSAN KHOSA","TEHSIL","Self care etc",191,102,89,191,102,89,NA,NA,NA
"BALOCHISTAN","NASIRABAD","NASIRABAD","TAMBOO","TEHSIL","Population",149518,76133,73385,149518,76133,73385,NA,NA,NA
"BALOCHISTAN","NASIRABAD","NASIRABAD","TAMBOO","TEHSIL","Disability",1158,683,475,1158,683,475,NA,NA,NA
"BALOCHISTAN","NASIRABAD","NASIRABAD","TAMBOO","TEHSIL","Functional limitation",4919,2641,2278,4919,2641,2278,NA,NA,NA
"BALOCHISTAN","NASIRABAD","NASIRABAD","TAMBOO","TEHSIL","Seeing",911,478,433,911,478,433,NA,NA,NA
"BALOCHISTAN","NASIRABAD","NASIRABAD","TAMBOO","TEHSIL","Hearing",1044,559,485,1044,559,485,NA,NA,NA
"BALOCHISTAN","NASIRABAD","NASIRABAD","TAMBOO","TEHSIL","Walking/ Climbing",1627,889,738,1627,889,738,NA,NA,NA
"BALOCHISTAN","NASIRABAD","NASIRABAD","TAMBOO","TEHSIL","Communication",534,302,232,534,302,232,NA,NA,NA
"BALOCHISTAN","NASIRABAD","NASIRABAD","TAMBOO","TEHSIL","Memorization/ Focus",693,375,318,693,375,318,NA,NA,NA
"BALOCHISTAN","NASIRABAD","NASIRABAD","TAMBOO","TEHSIL","Self care etc",493,265,228,493,265,228,NA,NA,NA
"BALOCHISTAN","RAKHSHAN","NUSHKI","DAK","SUB-TEHSIL","Population",16929,8544,8385,16929,8544,8385,NA,NA,NA
"BALOCHISTAN","RAKHSHAN","NUSHKI","DAK","SUB-TEHSIL","Disability",896,476,420,896,476,420,NA,NA,NA
"BALOCHISTAN","RAKHSHAN","NUSHKI","DAK","SUB-TEHSIL","Functional limitation",1549,816,733,1549,816,733,NA,NA,NA
"BALOCHISTAN","RAKHSHAN","NUSHKI","DAK","SUB-TEHSIL","Seeing",331,168,163,331,168,163,NA,NA,NA
"BALOCHISTAN","RAKHSHAN","NUSHKI","DAK","SUB-TEHSIL","Hearing",325,178,147,325,178,147,NA,NA,NA
"BALOCHISTAN","RAKHSHAN","NUSHKI","DAK","SUB-TEHSIL","Walking/ Climbing",492,259,233,492,259,233,NA,NA,NA
"BALOCHISTAN","RAKHSHAN","NUSHKI","DAK","SUB-TEHSIL","Communication",253,141,112,253,141,112,NA,NA,NA
"BALOCHISTAN","RAKHSHAN","NUSHKI","DAK","SUB-TEHSIL","Memorization/ Focus",287,153,134,287,153,134,NA,NA,NA
"BALOCHISTAN","RAKHSHAN","NUSHKI","DAK","SUB-TEHSIL","Self care etc",193,99,94,193,99,94,NA,NA,NA
"BALOCHISTAN","RAKHSHAN","NUSHKI","NUSHKI","SUB-DIVISION","Population",190271,99428,90843,142167,74181,67986,48104,25247,22857
"BALOCHISTAN","RAKHSHAN","NUSHKI","NUSHKI","SUB-DIVISION","Disability",1128,689,439,857,520,337,271,169,102
"BALOCHISTAN","RAKHSHAN","NUSHKI","NUSHKI","SUB-DIVISION","Functional limitation",7395,3993,3402,5458,2971,2487,1937,1022,915
"BALOCHISTAN","RAKHSHAN","NUSHKI","NUSHKI","SUB-DIVISION","Seeing",1357,746,611,1003,556,447,354,190,164
"BALOCHISTAN","RAKHSHAN","NUSHKI","NUSHKI","SUB-DIVISION","Hearing",1654,885,769,1211,652,559,443,233,210
"BALOCHISTAN","RAKHSHAN","NUSHKI","NUSHKI","SUB-DIVISION","Walking/ Climbing",2281,1273,1008,1668,943,725,613,330,283
"BALOCHISTAN","RAKHSHAN","NUSHKI","NUSHKI","SUB-DIVISION","Communication",764,446,318,577,334,243,187,112,75
"BALOCHISTAN","RAKHSHAN","NUSHKI","NUSHKI","SUB-DIVISION","Memorization/ Focus",1067,586,481,784,429,355,283,157,126
"BALOCHISTAN","RAKHSHAN","NUSHKI","NUSHKI","SUB-DIVISION","Self care etc",724,377,347,541,285,256,183,92,91
"BALOCHISTAN","MEKRAN","PANJGUR","GICHK","SUB-TEHSIL","Population",33578,21119,12459,33578,21119,12459,NA,NA,NA
"BALOCHISTAN","MEKRAN","PANJGUR","GICHK","SUB-TEHSIL","Disability",679,358,321,679,358,321,NA,NA,NA
"BALOCHISTAN","MEKRAN","PANJGUR","GICHK","SUB-TEHSIL","Functional limitation",2468,1416,1052,2468,1416,1052,NA,NA,NA
"BALOCHISTAN","MEKRAN","PANJGUR","GICHK","SUB-TEHSIL","Seeing",456,260,196,456,260,196,NA,NA,NA
"BALOCHISTAN","MEKRAN","PANJGUR","GICHK","SUB-TEHSIL","Hearing",486,298,188,486,298,188,NA,NA,NA
"BALOCHISTAN","MEKRAN","PANJGUR","GICHK","SUB-TEHSIL","Walking/ Climbing",798,448,350,798,448,350,NA,NA,NA
"BALOCHISTAN","MEKRAN","PANJGUR","GICHK","SUB-TEHSIL","Communication",207,117,90,207,117,90,NA,NA,NA
"BALOCHISTAN","MEKRAN","PANJGUR","GICHK","SUB-TEHSIL","Memorization/ Focus",339,196,143,339,196,143,NA,NA,NA
"BALOCHISTAN","MEKRAN","PANJGUR","GICHK","SUB-TEHSIL","Self care etc",284,167,117,284,167,117,NA,NA,NA
"BALOCHISTAN","MEKRAN","PANJGUR","GOWARGO","SUB-DIVISION","Population",31718,17250,14468,31718,17250,14468,NA,NA,NA
"BALOCHISTAN","MEKRAN","PANJGUR","GOWARGO","SUB-DIVISION","Disability",1055,469,586,1055,469,586,NA,NA,NA
"BALOCHISTAN","MEKRAN","PANJGUR","GOWARGO","SUB-DIVISION","Functional limitation",3260,1546,1714,3260,1546,1714,NA,NA,NA
"BALOCHISTAN","MEKRAN","PANJGUR","GOWARGO","SUB-DIVISION","Seeing",618,320,298,618,320,298,NA,NA,NA
"BALOCHISTAN","MEKRAN","PANJGUR","GOWARGO","SUB-DIVISION","Hearing",643,312,331,643,312,331,NA,NA,NA
"BALOCHISTAN","MEKRAN","PANJGUR","GOWARGO","SUB-DIVISION","Walking/ Climbing",1037,493,544,1037,493,544,NA,NA,NA
"BALOCHISTAN","MEKRAN","PANJGUR","GOWARGO","SUB-DIVISION","Communication",332,156,176,332,156,176,NA,NA,NA
"BALOCHISTAN","MEKRAN","PANJGUR","GOWARGO","SUB-DIVISION","Memorization/ Focus",456,219,237,456,219,237,NA,NA,NA
"BALOCHISTAN","MEKRAN","PANJGUR","GOWARGO","SUB-DIVISION","Self care etc",377,176,201,377,176,201,NA,NA,NA
"BALOCHISTAN","MEKRAN","PANJGUR","JAHEEN PAROME","TEHSIL","Population",31113,15935,15178,31113,15935,15178,NA,NA,NA
"BALOCHISTAN","MEKRAN","PANJGUR","JAHEEN PAROME","TEHSIL","Disability",779,314,465,779,314,465,NA,NA,NA
"BALOCHISTAN","MEKRAN","PANJGUR","JAHEEN PAROME","TEHSIL","Functional limitation",2559,1148,1411,2559,1148,1411,NA,NA,NA
"BALOCHISTAN","MEKRAN","PANJGUR","JAHEEN PAROME","TEHSIL","Seeing",454,216,238,454,216,238,NA,NA,NA
"BALOCHISTAN","MEKRAN","PANJGUR","JAHEEN PAROME","TEHSIL","Hearing",524,227,297,524,227,297,NA,NA,NA
"BALOCHISTAN","MEKRAN","PANJGUR","JAHEEN PAROME","TEHSIL","Walking/ Climbing",866,388,478,866,388,478,NA,NA,NA
"BALOCHISTAN","MEKRAN","PANJGUR","JAHEEN PAROME","TEHSIL","Communication",233,114,119,233,114,119,NA,NA,NA
"BALOCHISTAN","MEKRAN","PANJGUR","JAHEEN PAROME","TEHSIL","Memorization/ Focus",343,155,188,343,155,188,NA,NA,NA
"BALOCHISTAN","MEKRAN","PANJGUR","JAHEEN PAROME","TEHSIL","Self care etc",330,138,192,330,138,192,NA,NA,NA
NA,NA,"PANJGUR","KALLAG","SUB-TEHSIL","Population",21095,12233,8862,21095,12233,8862,NA,NA,NA
NA,NA,"PANJGUR","KALLAG","SUB-TEHSIL","Disability",1206,638,568,1206,638,568,NA,NA,NA
NA,NA,"PANJGUR","KALLAG","SUB-TEHSIL","Functional limitation",2543,1312,1231,2543,1312,1231,NA,NA,NA
NA,NA,"PANJGUR","KALLAG","SUB-TEHSIL","Seeing",507,266,241,507,266,241,NA,NA,NA
NA,NA,"PANJGUR","KALLAG","SUB-TEHSIL","Hearing",576,305,271,576,305,271,NA,NA,NA
NA,NA,"PANJGUR","KALLAG","SUB-TEHSIL","Walking/ Climbing",501,247,254,501,247,254,NA,NA,NA
NA,NA,"PANJGUR","KALLAG","SUB-TEHSIL","Communication",303,165,138,303,165,138,NA,NA,NA
NA,NA,"PANJGUR","KALLAG","SUB-TEHSIL","Memorization/ Focus",384,201,183,384,201,183,NA,NA,NA
NA,NA,"PANJGUR","KALLAG","SUB-TEHSIL","Self care etc",328,172,156,328,172,156,NA,NA,NA
"BALOCHISTAN","MEKRAN","PANJGUR","PANJGUR","SUB-DIVISION","Population",392277,202930,189347,234584,118057,116527,157693,84873,72820
"BALOCHISTAN","MEKRAN","PANJGUR","PANJGUR","SUB-DIVISION","Disability",11130,5147,5983,6492,3002,3490,4638,2145,2493
"BALOCHISTAN","MEKRAN","PANJGUR","PANJGUR","SUB-DIVISION","Functional limitation",33020,15659,17361,18422,8564,9858,14598,7095,7503
"BALOCHISTAN","MEKRAN","PANJGUR","PANJGUR","SUB-DIVISION","Seeing",5630,2686,2944,3205,1504,1701,2425,1182,1243
"BALOCHISTAN","MEKRAN","PANJGUR","PANJGUR","SUB-DIVISION","Hearing",6451,3065,3386,3581,1648,1933,2870,1417,1453
"BALOCHISTAN","MEKRAN","PANJGUR","PANJGUR","SUB-DIVISION","Walking/ Climbing",10191,4833,5358,5807,2709,3098,4384,2124,2260
"BALOCHISTAN","MEKRAN","PANJGUR","PANJGUR","SUB-DIVISION","Communication",3026,1426,1600,1707,794,913,1319,632,687
"BALOCHISTAN","MEKRAN","PANJGUR","PANJGUR","SUB-DIVISION","Memorization/ Focus",4430,2113,2317,2485,1164,1321,1945,949,996
"BALOCHISTAN","MEKRAN","PANJGUR","PANJGUR","SUB-DIVISION","Self care etc",4175,1969,2206,2309,1070,1239,1866,899,967
"BALOCHISTAN","QUETTA","PISHIN","BARSHORE","TEHSIL","Population",141994,75019,66975,141994,75019,66975,NA,NA,NA
"BALOCHISTAN","QUETTA","PISHIN","BARSHORE","TEHSIL","Disability",1647,778,869,1647,778,869,NA,NA,NA
"BALOCHISTAN","QUETTA","PISHIN","BARSHORE","TEHSIL","Functional limitation",5809,2984,2825,5809,2984,2825,NA,NA,NA
"BALOCHISTAN","QUETTA","PISHIN","BARSHORE","TEHSIL","Seeing",1603,886,717,1603,886,717,NA,NA,NA
"BALOCHISTAN","QUETTA","PISHIN","BARSHORE","TEHSIL","Hearing",1258,701,557,1258,701,557,NA,NA,NA
"BALOCHISTAN","QUETTA","PISHIN","BARSHORE","TEHSIL","Walking/ Climbing",2195,1130,1065,2195,1130,1065,NA,NA,NA
"BALOCHISTAN","QUETTA","PISHIN","BARSHORE","TEHSIL","Communication",553,290,263,553,290,263,NA,NA,NA
"BALOCHISTAN","QUETTA","PISHIN","BARSHORE","TEHSIL","Memorization/ Focus",723,414,309,723,414,309,NA,NA,NA
"BALOCHISTAN","QUETTA","PISHIN","BARSHORE","TEHSIL","Self care etc",430,186,244,430,186,244,NA,NA,NA
"BALOCHISTAN","QUETTA","PISHIN","BOSTAN","TEHSIL","Population",49721,25293,24428,49721,25293,24428,NA,NA,NA
"BALOCHISTAN","QUETTA","PISHIN","BOSTAN","TEHSIL","Disability",1433,818,615,1433,818,615,NA,NA,NA
"BALOCHISTAN","QUETTA","PISHIN","BOSTAN","TEHSIL","Functional limitation",3938,2142,1796,3938,2142,1796,NA,NA,NA
"BALOCHISTAN","QUETTA","PISHIN","BOSTAN","TEHSIL","Seeing",630,310,320,630,310,320,NA,NA,NA
"BALOCHISTAN","QUETTA","PISHIN","BOSTAN","TEHSIL","Hearing",728,415,313,728,415,313,NA,NA,NA
"BALOCHISTAN","QUETTA","PISHIN","BOSTAN","TEHSIL","Walking/ Climbing",1084,608,476,1084,608,476,NA,NA,NA
"BALOCHISTAN","QUETTA","PISHIN","BOSTAN","TEHSIL","Communication",435,229,206,435,229,206,NA,NA,NA
"BALOCHISTAN","QUETTA","PISHIN","BOSTAN","TEHSIL","Memorization/ Focus",665,371,294,665,371,294,NA,NA,NA
"BALOCHISTAN","QUETTA","PISHIN","BOSTAN","TEHSIL","Self care etc",588,320,268,588,320,268,NA,NA,NA
"BALOCHISTAN","QUETTA","PISHIN","HURRAM ZAI","SUB-DIVISION","Population",147844,73897,73947,104899,52292,52607,42945,21605,21340
"BALOCHISTAN","QUETTA","PISHIN","HURRAM ZAI","SUB-DIVISION","Disability",2347,1246,1101,1974,1058,916,373,188,185
"BALOCHISTAN","QUETTA","PISHIN","HURRAM ZAI","SUB-DIVISION","Functional limitation",8652,4568,4084,6472,3451,3021,2180,1117,1063
"BALOCHISTAN","QUETTA","PISHIN","HURRAM ZAI","SUB-DIVISION","Seeing",1567,833,734,1161,623,538,406,210,196
"BALOCHISTAN","QUETTA","PISHIN","HURRAM ZAI","SUB-DIVISION","Hearing",1628,865,763,1171,626,545,457,239,218
"BALOCHISTAN","QUETTA","PISHIN","HURRAM ZAI","SUB-DIVISION","Walking/ Climbing",2819,1491,1328,2123,1127,996,696,364,332
"BALOCHISTAN","QUETTA","PISHIN","HURRAM ZAI","SUB-DIVISION","Communication",742,445,297,584,358,226,158,87,71
"BALOCHISTAN","QUETTA","PISHIN","HURRAM ZAI","SUB-DIVISION","Memorization/ Focus",1216,640,576,905,483,422,311,157,154
"BALOCHISTAN","QUETTA","PISHIN","HURRAM ZAI","SUB-DIVISION","Self care etc",963,483,480,730,365,365,233,118,115
"BALOCHISTAN","QUETTA","PISHIN","KAREZAT","SUB-DIVISION","Population",59756,30297,29459,13074,6699,6375,46682,23598,23084
"BALOCHISTAN","QUETTA","PISHIN","KAREZAT","SUB-DIVISION","Disability",722,485,237,192,133,59,530,352,178
"BALOCHISTAN","QUETTA","PISHIN","KAREZAT","SUB-DIVISION","Functional limitation",3291,1867,1424,724,432,292,2567,1435,1132
"BALOCHISTAN","QUETTA","PISHIN","KAREZAT","SUB-DIVISION","Seeing",580,321,259,129,73,56,451,248,203
"BALOCHISTAN","QUETTA","PISHIN","KAREZAT","SUB-DIVISION","Hearing",653,344,309,149,81,68,504,263,241
"BALOCHISTAN","QUETTA","PISHIN","KAREZAT","SUB-DIVISION","Walking/ Climbing",1172,679,493,285,168,117,887,511,376
"BALOCHISTAN","QUETTA","PISHIN","KAREZAT","SUB-DIVISION","Communication",225,133,92,47,30,17,178,103,75
"BALOCHISTAN","QUETTA","PISHIN","KAREZAT","SUB-DIVISION","Memorization/ Focus",456,269,187,94,57,37,362,212,150
"BALOCHISTAN","QUETTA","PISHIN","KAREZAT","SUB-DIVISION","Self care etc",380,221,159,87,61,26,293,160,133
"BALOCHISTAN","QUETTA","PISHIN","NANA SAHIB","TEHSIL","Population",45369,23107,22262,45369,23107,22262,NA,NA,NA
"BALOCHISTAN","QUETTA","PISHIN","NANA SAHIB","TEHSIL","Disability",2909,1569,1340,2909,1569,1340,NA,NA,NA
"BALOCHISTAN","QUETTA","PISHIN","NANA SAHIB","TEHSIL","Functional limitation",5003,2684,2319,5003,2684,2319,NA,NA,NA
"BALOCHISTAN","QUETTA","PISHIN","NANA SAHIB","TEHSIL","Seeing",1114,629,485,1114,629,485,NA,NA,NA
"BALOCHISTAN","QUETTA","PISHIN","NANA SAHIB","TEHSIL","Hearing",989,530,459,989,530,459,NA,NA,NA
"BALOCHISTAN","QUETTA","PISHIN","NANA SAHIB","TEHSIL","Walking/ Climbing",1206,610,596,1206,610,596,NA,NA,NA
"BALOCHISTAN","QUETTA","PISHIN","NANA SAHIB","TEHSIL","Communication",537,296,241,537,296,241,NA,NA,NA
"BALOCHISTAN","QUETTA","PISHIN","NANA SAHIB","TEHSIL","Memorization/ Focus",700,384,316,700,384,316,NA,NA,NA
"BALOCHISTAN","QUETTA","PISHIN","NANA SAHIB","TEHSIL","Self care etc",683,375,308,683,375,308,NA,NA,NA
"BALOCHISTAN","QUETTA","PISHIN","PISHIN","SUB-DIVISION","Population",325641,166186,159455,217995,110567,107428,107646,55619,52027
"BALOCHISTAN","QUETTA","PISHIN","PISHIN","SUB-DIVISION","Disability",4638,2607,2031,3256,1803,1453,1382,804,578
"BALOCHISTAN","QUETTA","PISHIN","PISHIN","SUB-DIVISION","Functional limitation",19969,11095,8874,12900,7089,5811,7069,4006,3063
"BALOCHISTAN","QUETTA","PISHIN","PISHIN","SUB-DIVISION","Seeing",3849,2169,1680,2500,1400,1100,1349,769,580
"BALOCHISTAN","QUETTA","PISHIN","PISHIN","SUB-DIVISION","Hearing",4044,2274,1770,2577,1430,1147,1467,844,623
"BALOCHISTAN","QUETTA","PISHIN","PISHIN","SUB-DIVISION","Walking/ Climbing",6823,3787,3036,4487,2465,2022,2336,1322,1014
"BALOCHISTAN","QUETTA","PISHIN","PISHIN","SUB-DIVISION","Communication",1703,964,739,1082,591,491,621,373,248
"BALOCHISTAN","QUETTA","PISHIN","PISHIN","SUB-DIVISION","Memorization/ Focus",2813,1564,1249,1803,995,808,1010,569,441
"BALOCHISTAN","QUETTA","PISHIN","PISHIN","SUB-DIVISION","Self care etc",2101,1173,928,1356,751,605,745,422,323
"BALOCHISTAN","QUETTA","PISHIN","SARANAN","TEHSIL","Population",65157,32821,32336,18645,9392,9253,46512,23429,23083
"BALOCHISTAN","QUETTA","PISHIN","SARANAN","TEHSIL","Disability",1796,1040,756,607,340,267,1189,700,489
"BALOCHISTAN","QUETTA","PISHIN","SARANAN","TEHSIL","Functional limitation",4751,2630,2121,1520,831,689,3231,1799,1432
"BALOCHISTAN","QUETTA","PISHIN","SARANAN","TEHSIL","Seeing",835,465,370,329,185,144,506,280,226
"BALOCHISTAN","QUETTA","PISHIN","SARANAN","TEHSIL","Hearing",1001,543,458,299,155,144,702,388,314
"BALOCHISTAN","QUETTA","PISHIN","SARANAN","TEHSIL","Walking/ Climbing",1451,775,676,439,238,201,1012,537,475
"BALOCHISTAN","QUETTA","PISHIN","SARANAN","TEHSIL","Communication",543,343,200,128,76,52,415,267,148
"BALOCHISTAN","QUETTA","PISHIN","SARANAN","TEHSIL","Memorization/ Focus",658,376,282,278,158,120,380,218,162
"BALOCHISTAN","QUETTA","PISHIN","SARANAN","TEHSIL","Self care etc",513,277,236,202,101,101,311,176,135
"BALOCHISTAN","QUETTA","QUETTA","QUETTA","SUB-DIVISION_CITY","Population",1138620,581923,556697,118704,59158,59546,1019916,522765,497151
"BALOCHISTAN","QUETTA","QUETTA","QUETTA","SUB-DIVISION_CITY","Disability",23240,12796,10444,3080,1661,1419,20160,11135,9025
"BALOCHISTAN","QUETTA","QUETTA","QUETTA","SUB-DIVISION_CITY","Functional limitation",97803,51013,46790,11969,6071,5898,85834,44942,40892
"BALOCHISTAN","QUETTA","QUETTA","QUETTA","SUB-DIVISION_CITY","Seeing",17566,9192,8374,2034,1030,1004,15532,8162,7370
"BALOCHISTAN","QUETTA","QUETTA","QUETTA","SUB-DIVISION_CITY","Hearing",20497,10633,9864,2611,1394,1217,17886,9239,8647
"BALOCHISTAN","QUETTA","QUETTA","QUETTA","SUB-DIVISION_CITY","Walking/ Climbing",31840,16783,15057,3790,1987,1803,28050,14796,13254
"BALOCHISTAN","QUETTA","QUETTA","QUETTA","SUB-DIVISION_CITY","Communication",9001,4832,4169,1161,524,637,7840,4308,3532
"BALOCHISTAN","QUETTA","QUETTA","QUETTA","SUB-DIVISION_CITY","Memorization/ Focus",13947,7497,6450,1580,821,759,12367,6676,5691
"BALOCHISTAN","QUETTA","QUETTA","QUETTA","SUB-DIVISION_CITY","Self care etc",11344,5956,5388,1316,654,662,10028,5302,4726
"BALOCHISTAN","QUETTA","QUETTA","KUCHLAK","SUB-DIVISION","Population",263155,135647,127508,222678,114931,107747,40477,20716,19761
"BALOCHISTAN","QUETTA","QUETTA","KUCHLAK","SUB-DIVISION","Disability",10641,5565,5076,8382,4522,3860,2259,1043,1216
"BALOCHISTAN","QUETTA","QUETTA","KUCHLAK","SUB-DIVISION","Functional limitation",24867,12962,11905,20281,10707,9574,4586,2255,2331
"BALOCHISTAN","QUETTA","QUETTA","KUCHLAK","SUB-DIVISION","Seeing",4298,2381,1917,3176,1745,1431,1122,636,486
"BALOCHISTAN","QUETTA","QUETTA","KUCHLAK","SUB-DIVISION","Hearing",5025,2609,2416,4237,2221,2016,788,388,400
"BALOCHISTAN","QUETTA","QUETTA","KUCHLAK","SUB-DIVISION","Walking/ Climbing",6463,3399,3064,5053,2768,2285,1410,631,779
"BALOCHISTAN","QUETTA","QUETTA","KUCHLAK","SUB-DIVISION","Communication",2946,1593,1353,2653,1474,1179,293,119,174
"BALOCHISTAN","QUETTA","QUETTA","KUCHLAK","SUB-DIVISION","Memorization/ Focus",4148,2142,2006,3573,1871,1702,575,271,304
"BALOCHISTAN","QUETTA","QUETTA","KUCHLAK","SUB-DIVISION","Self care etc",3025,1532,1493,2514,1268,1246,511,264,247
NA,NA,"QUETTA","SADDAR TEHSIL","SUB-DIVISION","Population",286879,146374,140505,121248,61458,59790,165631,84916,80715
NA,NA,"QUETTA","SADDAR TEHSIL","SUB-DIVISION","Disability",6934,4187,2747,4294,2651,1643,2640,1536,1104
NA,NA,"QUETTA","SADDAR TEHSIL","SUB-DIVISION","Functional limitation",23328,12650,10678,10155,5661,4494,13173,6989,6184
NA,NA,"QUETTA","SADDAR TEHSIL","SUB-DIVISION","Seeing",4230,2300,1930,1807,1034,773,2423,1266,1157
NA,NA,"QUETTA","SADDAR TEHSIL","SUB-DIVISION","Hearing",4790,2611,2179,1949,1111,838,2841,1500,1341
NA,NA,"QUETTA","SADDAR TEHSIL","SUB-DIVISION","Walking/ Climbing",7422,4051,3371,3212,1793,1419,4210,2258,1952
NA,NA,"QUETTA","SADDAR TEHSIL","SUB-DIVISION","Communication",2246,1272,974,1062,597,465,1184,675,509
NA,NA,"QUETTA","SADDAR TEHSIL","SUB-DIVISION","Memorization/ Focus",3284,1766,1518,1423,763,660,1861,1003,858
NA,NA,"QUETTA","SADDAR TEHSIL","SUB-DIVISION","Self care etc",2701,1484,1217,1207,691,516,1494,793,701
"BALOCHISTAN","QUETTA","QUETTA","SARIAB","SUB-DIVISION","Population",561265,289762,271503,495433,255999,239434,65832,33763,32069
"BALOCHISTAN","QUETTA","QUETTA","SARIAB","SUB-DIVISION","Disability",13121,7352,5769,11557,6509,5048,1564,843,721
"BALOCHISTAN","QUETTA","QUETTA","SARIAB","SUB-DIVISION","Functional limitation",45142,24173,20969,39985,21469,18516,5157,2704,2453
"BALOCHISTAN","QUETTA","QUETTA","SARIAB","SUB-DIVISION","Seeing",7771,4123,3648,6966,3697,3269,805,426,379
"BALOCHISTAN","QUETTA","QUETTA","SARIAB","SUB-DIVISION","Hearing",8946,4773,4173,7990,4278,3712,956,495,461
"BALOCHISTAN","QUETTA","QUETTA","SARIAB","SUB-DIVISION","Walking/ Climbing",13993,7608,6385,12555,6835,5720,1438,773,665
"BALOCHISTAN","QUETTA","QUETTA","SARIAB","SUB-DIVISION","Communication",4743,2657,2086,4172,2274,1898,571,383,188
"BALOCHISTAN","QUETTA","QUETTA","SARIAB","SUB-DIVISION","Memorization/ Focus",6650,3631,3019,5811,3190,2621,839,441,398
"BALOCHISTAN","QUETTA","QUETTA","SARIAB","SUB-DIVISION","Self care etc",5350,2786,2564,4633,2502,2131,717,284,433
"BALOCHISTAN","QUETTA","QUETTA","PANJPAI","SUB-TEHSIL","Population",21371,10653,10718,21371,10653,10718,NA,NA,NA
"BALOCHISTAN","QUETTA","QUETTA","PANJPAI","SUB-TEHSIL","Disability",2808,1556,1252,2808,1556,1252,NA,NA,NA
"BALOCHISTAN","QUETTA","QUETTA","PANJPAI","SUB-TEHSIL","Functional limitation",3990,2172,1818,3990,2172,1818,NA,NA,NA
"BALOCHISTAN","QUETTA","QUETTA","PANJPAI","SUB-TEHSIL","Seeing",997,524,473,997,524,473,NA,NA,NA
"BALOCHISTAN","QUETTA","QUETTA","PANJPAI","SUB-TEHSIL","Hearing",947,549,398,947,549,398,NA,NA,NA
"BALOCHISTAN","QUETTA","QUETTA","PANJPAI","SUB-TEHSIL","Walking/ Climbing",492,262,230,492,262,230,NA,NA,NA
"BALOCHISTAN","QUETTA","QUETTA","PANJPAI","SUB-TEHSIL","Communication",402,215,187,402,215,187,NA,NA,NA
"BALOCHISTAN","QUETTA","QUETTA","PANJPAI","SUB-TEHSIL","Memorization/ Focus",426,245,181,426,245,181,NA,NA,NA
"BALOCHISTAN","QUETTA","QUETTA","PANJPAI","SUB-TEHSIL","Self care etc",751,393,358,751,393,358,NA,NA,NA
"BALOCHISTAN","ZHOB","SHERANI","SHERANI","SUB-DIVISION","Population",191673,105344,86329,191673,105344,86329,NA,NA,NA
"BALOCHISTAN","ZHOB","SHERANI","SHERANI","SUB-DIVISION","Disability",2026,1532,494,2026,1532,494,NA,NA,NA
"BALOCHISTAN","ZHOB","SHERANI","SHERANI","SUB-DIVISION","Functional limitation",6774,4966,1808,6774,4966,1808,NA,NA,NA
"BALOCHISTAN","ZHOB","SHERANI","SHERANI","SUB-DIVISION","Seeing",1503,1062,441,1503,1062,441,NA,NA,NA
"BALOCHISTAN","ZHOB","SHERANI","SHERANI","SUB-DIVISION","Hearing",1340,974,366,1340,974,366,NA,NA,NA
"BALOCHISTAN","ZHOB","SHERANI","SHERANI","SUB-DIVISION","Walking/ Climbing",2268,1611,657,2268,1611,657,NA,NA,NA
"BALOCHISTAN","ZHOB","SHERANI","SHERANI","SUB-DIVISION","Communication",685,493,192,685,493,192,NA,NA,NA
"BALOCHISTAN","ZHOB","SHERANI","SHERANI","SUB-DIVISION","Memorization/ Focus",935,687,248,935,687,248,NA,NA,NA
"BALOCHISTAN","ZHOB","SHERANI","SHERANI","SUB-DIVISION","Self care etc",647,512,135,647,512,135,NA,NA,NA
"BALOCHISTAN","SIBI","SIBI","KOT MANDAI","SUB-TEHSIL","Population",9748,5133,4615,9748,5133,4615,NA,NA,NA
"BALOCHISTAN","SIBI","SIBI","KOT MANDAI","SUB-TEHSIL","Disability",418,290,128,418,290,128,NA,NA,NA
"BALOCHISTAN","SIBI","SIBI","KOT MANDAI","SUB-TEHSIL","Functional limitation",783,466,317,783,466,317,NA,NA,NA
"BALOCHISTAN","SIBI","SIBI","KOT MANDAI","SUB-TEHSIL","Seeing",115,63,52,115,63,52,NA,NA,NA
"BALOCHISTAN","SIBI","SIBI","KOT MANDAI","SUB-TEHSIL","Hearing",148,79,69,148,79,69,NA,NA,NA
"BALOCHISTAN","SIBI","SIBI","KOT MANDAI","SUB-TEHSIL","Walking/ Climbing",170,102,68,170,102,68,NA,NA,NA
"BALOCHISTAN","SIBI","SIBI","KOT MANDAI","SUB-TEHSIL","Communication",122,78,44,122,78,44,NA,NA,NA
"BALOCHISTAN","SIBI","SIBI","KOT MANDAI","SUB-TEHSIL","Memorization/ Focus",161,106,55,161,106,55,NA,NA,NA
"BALOCHISTAN","SIBI","SIBI","KOT MANDAI","SUB-TEHSIL","Self care etc",83,53,30,83,53,30,NA,NA,NA
"BALOCHISTAN","SIBI","SIBI","LEHRI","SUB-DIVISION","Population",53999,27494,26505,53999,27494,26505,NA,NA,NA
"BALOCHISTAN","SIBI","SIBI","LEHRI","SUB-DIVISION","Disability",1216,750,466,1216,750,466,NA,NA,NA
"BALOCHISTAN","SIBI","SIBI","LEHRI","SUB-DIVISION","Functional limitation",3180,1638,1542,3180,1638,1542,NA,NA,NA
"BALOCHISTAN","SIBI","SIBI","LEHRI","SUB-DIVISION","Seeing",562,287,275,562,287,275,NA,NA,NA
"BALOCHISTAN","SIBI","SIBI","LEHRI","SUB-DIVISION","Hearing",583,294,289,583,294,289,NA,NA,NA
"BALOCHISTAN","SIBI","SIBI","LEHRI","SUB-DIVISION","Walking/ Climbing",1095,598,497,1095,598,497,NA,NA,NA
"BALOCHISTAN","SIBI","SIBI","LEHRI","SUB-DIVISION","Communication",355,195,160,355,195,160,NA,NA,NA
"BALOCHISTAN","SIBI","SIBI","LEHRI","SUB-DIVISION","Memorization/ Focus",441,226,215,441,226,215,NA,NA,NA
"BALOCHISTAN","SIBI","SIBI","LEHRI","SUB-DIVISION","Self care etc",355,179,176,355,179,176,NA,NA,NA
"BALOCHISTAN","SIBI","SIBI","SANGAN","SUB-TEHSIL","Population",5431,2704,2727,5431,2704,2727,NA,NA,NA
"BALOCHISTAN","SIBI","SIBI","SANGAN","SUB-TEHSIL","Disability",434,247,187,434,247,187,NA,NA,NA
"BALOCHISTAN","SIBI","SIBI","SANGAN","SUB-TEHSIL","Functional limitation",586,314,272,586,314,272,NA,NA,NA
"BALOCHISTAN","SIBI","SIBI","SANGAN","SUB-TEHSIL","Seeing",209,113,96,209,113,96,NA,NA,NA
"BALOCHISTAN","SIBI","SIBI","SANGAN","SUB-TEHSIL","Hearing",130,72,58,130,72,58,NA,NA,NA
"BALOCHISTAN","SIBI","SIBI","SANGAN","SUB-TEHSIL","Walking/ Climbing",102,46,56,102,46,56,NA,NA,NA
"BALOCHISTAN","SIBI","SIBI","SANGAN","SUB-TEHSIL","Communication",34,17,17,34,17,17,NA,NA,NA
"BALOCHISTAN","SIBI","SIBI","SANGAN","SUB-TEHSIL","Memorization/ Focus",58,29,29,58,29,29,NA,NA,NA
"BALOCHISTAN","SIBI","SIBI","SANGAN","SUB-TEHSIL","Self care etc",80,45,35,80,45,35,NA,NA,NA
"BALOCHISTAN","SIBI","SIBI","SIBI","SUB-DIVISION","Population",154970,79707,75263,85670,44613,41057,69300,35094,34206
"BALOCHISTAN","SIBI","SIBI","SIBI","SUB-DIVISION","Disability",4490,2901,1589,2564,1629,935,1926,1272,654
"BALOCHISTAN","SIBI","SIBI","SIBI","SUB-DIVISION","Functional limitation",13471,7234,6237,6825,3706,3119,6646,3528,3118
"BALOCHISTAN","SIBI","SIBI","SIBI","SUB-DIVISION","Seeing",2428,1246,1182,1267,648,619,1161,598,563
"BALOCHISTAN","SIBI","SIBI","SIBI","SUB-DIVISION","Hearing",2699,1384,1315,1327,686,641,1372,698,674
"BALOCHISTAN","SIBI","SIBI","SIBI","SUB-DIVISION","Walking/ Climbing",4626,2531,2095,2460,1352,1108,2166,1179,987
"BALOCHISTAN","SIBI","SIBI","SIBI","SUB-DIVISION","Communication",1330,752,578,692,389,303,638,363,275
"BALOCHISTAN","SIBI","SIBI","SIBI","SUB-DIVISION","Memorization/ Focus",1942,1046,896,966,515,451,976,531,445
"BALOCHISTAN","SIBI","SIBI","SIBI","SUB-DIVISION","Self care etc",1599,885,714,815,458,357,784,427,357
"BALOCHISTAN","NASIRABAD","SOHBATPUR","FARIDABAD","TEHSIL","Population",68948,35135,33813,68948,35135,33813,NA,NA,NA
"BALOCHISTAN","NASIRABAD","SOHBATPUR","FARIDABAD","TEHSIL","Disability",1790,1173,617,1790,1173,617,NA,NA,NA
"BALOCHISTAN","NASIRABAD","SOHBATPUR","FARIDABAD","TEHSIL","Functional limitation",3163,1954,1209,3163,1954,1209,NA,NA,NA
"BALOCHISTAN","NASIRABAD","SOHBATPUR","FARIDABAD","TEHSIL","Seeing",491,286,205,491,286,205,NA,NA,NA
"BALOCHISTAN","NASIRABAD","SOHBATPUR","FARIDABAD","TEHSIL","Hearing",544,321,223,544,321,223,NA,NA,NA
"BALOCHISTAN","NASIRABAD","SOHBATPUR","FARIDABAD","TEHSIL","Walking/ Climbing",1200,728,472,1200,728,472,NA,NA,NA
"BALOCHISTAN","NASIRABAD","SOHBATPUR","FARIDABAD","TEHSIL","Communication",399,244,155,399,244,155,NA,NA,NA
"BALOCHISTAN","NASIRABAD","SOHBATPUR","FARIDABAD","TEHSIL","Memorization/ Focus",435,266,169,435,266,169,NA,NA,NA
"BALOCHISTAN","NASIRABAD","SOHBATPUR","FARIDABAD","TEHSIL","Self care etc",375,245,130,375,245,130,NA,NA,NA
"BALOCHISTAN","NASIRABAD","SOHBATPUR","HAIR DIN","TEHSIL","Population",16891,8439,8452,16891,8439,8452,NA,NA,NA
"BALOCHISTAN","NASIRABAD","SOHBATPUR","HAIR DIN","TEHSIL","Disability",1004,496,508,1004,496,508,NA,NA,NA
"BALOCHISTAN","NASIRABAD","SOHBATPUR","HAIR DIN","TEHSIL","Functional limitation",1343,702,641,1343,702,641,NA,NA,NA
"BALOCHISTAN","NASIRABAD","SOHBATPUR","HAIR DIN","TEHSIL","Seeing",235,119,116,235,119,116,NA,NA,NA
"BALOCHISTAN","NASIRABAD","SOHBATPUR","HAIR DIN","TEHSIL","Hearing",267,149,118,267,149,118,NA,NA,NA
"BALOCHISTAN","NASIRABAD","SOHBATPUR","HAIR DIN","TEHSIL","Walking/ Climbing",297,155,142,297,155,142,NA,NA,NA
"BALOCHISTAN","NASIRABAD","SOHBATPUR","HAIR DIN","TEHSIL","Communication",199,108,91,199,108,91,NA,NA,NA
"BALOCHISTAN","NASIRABAD","SOHBATPUR","HAIR DIN","TEHSIL","Memorization/ Focus",216,107,109,216,107,109,NA,NA,NA
"BALOCHISTAN","NASIRABAD","SOHBATPUR","HAIR DIN","TEHSIL","Self care etc",208,99,109,208,99,109,NA,NA,NA
"BALOCHISTAN","NASIRABAD","SOHBATPUR","MANJHIPUR","TEHSIL","Population",23624,11876,11748,23624,11876,11748,NA,NA,NA
"BALOCHISTAN","NASIRABAD","SOHBATPUR","MANJHIPUR","TEHSIL","Disability",380,218,162,380,218,162,NA,NA,NA
"BALOCHISTAN","NASIRABAD","SOHBATPUR","MANJHIPUR","TEHSIL","Functional limitation",757,433,324,757,433,324,NA,NA,NA
"BALOCHISTAN","NASIRABAD","SOHBATPUR","MANJHIPUR","TEHSIL","Seeing",144,81,63,144,81,63,NA,NA,NA
"BALOCHISTAN","NASIRABAD","SOHBATPUR","MANJHIPUR","TEHSIL","Hearing",172,114,58,172,114,58,NA,NA,NA
"BALOCHISTAN","NASIRABAD","SOHBATPUR","MANJHIPUR","TEHSIL","Walking/ Climbing",288,171,117,288,171,117,NA,NA,NA
"BALOCHISTAN","NASIRABAD","SOHBATPUR","MANJHIPUR","TEHSIL","Communication",145,76,69,145,76,69,NA,NA,NA
"BALOCHISTAN","NASIRABAD","SOHBATPUR","MANJHIPUR","TEHSIL","Memorization/ Focus",129,67,62,129,67,62,NA,NA,NA
"BALOCHISTAN","NASIRABAD","SOHBATPUR","MANJHIPUR","TEHSIL","Self care etc",78,40,38,78,40,38,NA,NA,NA
"BALOCHISTAN","NASIRABAD","SOHBATPUR","PANHWAR","TEHSIL","Population",47624,24939,22685,47624,24939,22685,NA,NA,NA
"BALOCHISTAN","NASIRABAD","SOHBATPUR","PANHWAR","TEHSIL","Disability",524,383,141,524,383,141,NA,NA,NA
"BALOCHISTAN","NASIRABAD","SOHBATPUR","PANHWAR","TEHSIL","Functional limitation",1567,1008,559,1567,1008,559,NA,NA,NA
"BALOCHISTAN","NASIRABAD","SOHBATPUR","PANHWAR","TEHSIL","Seeing",409,231,178,409,231,178,NA,NA,NA
"BALOCHISTAN","NASIRABAD","SOHBATPUR","PANHWAR","TEHSIL","Hearing",385,224,161,385,224,161,NA,NA,NA
"BALOCHISTAN","NASIRABAD","SOHBATPUR","PANHWAR","TEHSIL","Walking/ Climbing",655,398,257,655,398,257,NA,NA,NA
"BALOCHISTAN","NASIRABAD","SOHBATPUR","PANHWAR","TEHSIL","Communication",255,156,99,255,156,99,NA,NA,NA
"BALOCHISTAN","NASIRABAD","SOHBATPUR","PANHWAR","TEHSIL","Memorization/ Focus",306,193,113,306,193,113,NA,NA,NA
"BALOCHISTAN","NASIRABAD","SOHBATPUR","PANHWAR","TEHSIL","Self care etc",148,106,42,148,106,42,NA,NA,NA
"BALOCHISTAN","NASIRABAD","SOHBATPUR","SAEED MUHAMMAD KANRANI","TEHSIL","Population",18175,8999,9176,18175,8999,9176,NA,NA,NA
"BALOCHISTAN","NASIRABAD","SOHBATPUR","SAEED MUHAMMAD KANRANI","TEHSIL","Disability",431,265,166,431,265,166,NA,NA,NA
"BALOCHISTAN","NASIRABAD","SOHBATPUR","SAEED MUHAMMAD KANRANI","TEHSIL","Functional limitation",782,460,322,782,460,322,NA,NA,NA
"BALOCHISTAN","NASIRABAD","SOHBATPUR","SAEED MUHAMMAD KANRANI","TEHSIL","Seeing",146,85,61,146,85,61,NA,NA,NA
"BALOCHISTAN","NASIRABAD","SOHBATPUR","SAEED MUHAMMAD KANRANI","TEHSIL","Hearing",148,75,73,148,75,73,NA,NA,NA
"BALOCHISTAN","NASIRABAD","SOHBATPUR","SAEED MUHAMMAD KANRANI","TEHSIL","Walking/ Climbing",268,164,104,268,164,104,NA,NA,NA
"BALOCHISTAN","NASIRABAD","SOHBATPUR","SAEED MUHAMMAD KANRANI","TEHSIL","Communication",158,87,71,158,87,71,NA,NA,NA
"BALOCHISTAN","NASIRABAD","SOHBATPUR","SAEED MUHAMMAD KANRANI","TEHSIL","Memorization/ Focus",127,76,51,127,76,51,NA,NA,NA
"BALOCHISTAN","NASIRABAD","SOHBATPUR","SAEED MUHAMMAD KANRANI","TEHSIL","Self care etc",69,50,19,69,50,19,NA,NA,NA
"BALOCHISTAN","NASIRABAD","SOHBATPUR","SOHBATPUR","SUB-DIVISION","Population",64844,32477,32367,50116,24993,25123,14728,7484,7244
"BALOCHISTAN","NASIRABAD","SOHBATPUR","SOHBATPUR","SUB-DIVISION","Disability",759,491,268,576,384,192,183,107,76
"BALOCHISTAN","NASIRABAD","SOHBATPUR","SOHBATPUR","SUB-DIVISION","Functional limitation",2018,1206,812,1585,956,629,433,250,183
"BALOCHISTAN","NASIRABAD","SOHBATPUR","SOHBATPUR","SUB-DIVISION","Seeing",403,232,171,317,185,132,86,47,39
"BALOCHISTAN","NASIRABAD","SOHBATPUR","SOHBATPUR","SUB-DIVISION","Hearing",373,220,153,300,178,122,73,42,31
"BALOCHISTAN","NASIRABAD","SOHBATPUR","SOHBATPUR","SUB-DIVISION","Walking/ Climbing",807,480,327,648,385,263,159,95,64
"BALOCHISTAN","NASIRABAD","SOHBATPUR","SOHBATPUR","SUB-DIVISION","Communication",249,141,108,190,108,82,59,33,26
"BALOCHISTAN","NASIRABAD","SOHBATPUR","SOHBATPUR","SUB-DIVISION","Memorization/ Focus",307,186,121,248,152,96,59,34,25
"BALOCHISTAN","NASIRABAD","SOHBATPUR","SOHBATPUR","SUB-DIVISION","Self care etc",181,117,64,144,93,51,37,24,13
"BALOCHISTAN","KALAT","SURAB","DASHT E GORAN","SUB-DIVISION","Population",27503,14954,12549,27503,14954,12549,NA,NA,NA
"BALOCHISTAN","KALAT","SURAB","DASHT E GORAN","SUB-DIVISION","Disability",1661,846,815,1661,846,815,NA,NA,NA
"BALOCHISTAN","KALAT","SURAB","DASHT E GORAN","SUB-DIVISION","Functional limitation",2319,1171,1148,2319,1171,1148,NA,NA,NA
"BALOCHISTAN","KALAT","SURAB","DASHT E GORAN","SUB-DIVISION","Seeing",423,221,202,423,221,202,NA,NA,NA
"BALOCHISTAN","KALAT","SURAB","DASHT E GORAN","SUB-DIVISION","Hearing",404,211,193,404,211,193,NA,NA,NA
"BALOCHISTAN","KALAT","SURAB","DASHT E GORAN","SUB-DIVISION","Walking/ Climbing",585,290,295,585,290,295,NA,NA,NA
"BALOCHISTAN","KALAT","SURAB","DASHT E GORAN","SUB-DIVISION","Communication",264,133,131,264,133,131,NA,NA,NA
"BALOCHISTAN","KALAT","SURAB","DASHT E GORAN","SUB-DIVISION","Memorization/ Focus",318,157,161,318,157,161,NA,NA,NA
"BALOCHISTAN","KALAT","SURAB","DASHT E GORAN","SUB-DIVISION","Self care etc",350,176,174,350,176,174,NA,NA,NA
"BALOCHISTAN","KALAT","SURAB","GIDDER","SUB-DIVISION","Population",89631,46371,43260,89631,46371,43260,NA,NA,NA
"BALOCHISTAN","KALAT","SURAB","GIDDER","SUB-DIVISION","Disability",968,547,421,968,547,421,NA,NA,NA
"BALOCHISTAN","KALAT","SURAB","GIDDER","SUB-DIVISION","Functional limitation",4152,2167,1985,4152,2167,1985,NA,NA,NA
"BALOCHISTAN","KALAT","SURAB","GIDDER","SUB-DIVISION","Seeing",871,453,418,871,453,418,NA,NA,NA
"BALOCHISTAN","KALAT","SURAB","GIDDER","SUB-DIVISION","Hearing",840,436,404,840,436,404,NA,NA,NA
"BALOCHISTAN","KALAT","SURAB","GIDDER","SUB-DIVISION","Walking/ Climbing",1497,789,708,1497,789,708,NA,NA,NA
"BALOCHISTAN","KALAT","SURAB","GIDDER","SUB-DIVISION","Communication",343,183,160,343,183,160,NA,NA,NA
"BALOCHISTAN","KALAT","SURAB","GIDDER","SUB-DIVISION","Memorization/ Focus",570,307,263,570,307,263,NA,NA,NA
"BALOCHISTAN","KALAT","SURAB","GIDDER","SUB-DIVISION","Self care etc",446,233,213,446,233,213,NA,NA,NA
"BALOCHISTAN","KALAT","SURAB","SHAHEED MEHARABAD ZEHRI","SUB-DIVISION","Population",66435,33731,32704,66435,33731,32704,NA,NA,NA
"BALOCHISTAN","KALAT","SURAB","SHAHEED MEHARABAD ZEHRI","SUB-DIVISION","Disability",1339,757,582,1339,757,582,NA,NA,NA
"BALOCHISTAN","KALAT","SURAB","SHAHEED MEHARABAD ZEHRI","SUB-DIVISION","Functional limitation",3785,1991,1794,3785,1991,1794,NA,NA,NA
"BALOCHISTAN","KALAT","SURAB","SHAHEED MEHARABAD ZEHRI","SUB-DIVISION","Seeing",686,349,337,686,349,337,NA,NA,NA
"BALOCHISTAN","KALAT","SURAB","SHAHEED MEHARABAD ZEHRI","SUB-DIVISION","Hearing",683,352,331,683,352,331,NA,NA,NA
"BALOCHISTAN","KALAT","SURAB","SHAHEED MEHARABAD ZEHRI","SUB-DIVISION","Walking/ Climbing",1286,691,595,1286,691,595,NA,NA,NA
"BALOCHISTAN","KALAT","SURAB","SHAHEED MEHARABAD ZEHRI","SUB-DIVISION","Communication",338,205,133,338,205,133,NA,NA,NA
"BALOCHISTAN","KALAT","SURAB","SHAHEED MEHARABAD ZEHRI","SUB-DIVISION","Memorization/ Focus",546,281,265,546,281,265,NA,NA,NA
"BALOCHISTAN","KALAT","SURAB","SHAHEED MEHARABAD ZEHRI","SUB-DIVISION","Self care etc",433,227,206,433,227,206,NA,NA,NA
"BALOCHISTAN","KALAT","SURAB","SURAB","SUB-DIVISION","Population",95469,46610,48859,59001,29479,29522,36468,17131,19337
"BALOCHISTAN","KALAT","SURAB","SURAB","SUB-DIVISION","Disability",1105,555,550,563,278,285,542,277,265
"BALOCHISTAN","KALAT","SURAB","SURAB","SUB-DIVISION","Functional limitation",4449,2197,2252,2352,1169,1183,2097,1028,1069
"BALOCHISTAN","KALAT","SURAB","SURAB","SUB-DIVISION","Seeing",832,435,397,471,251,220,361,184,177
"BALOCHISTAN","KALAT","SURAB","SURAB","SUB-DIVISION","Hearing",888,445,443,467,235,232,421,210,211
"BALOCHISTAN","KALAT","SURAB","SURAB","SUB-DIVISION","Walking/ Climbing",1587,801,786,903,463,440,684,338,346
"BALOCHISTAN","KALAT","SURAB","SURAB","SUB-DIVISION","Communication",375,180,195,198,90,108,177,90,87
"BALOCHISTAN","KALAT","SURAB","SURAB","SUB-DIVISION","Memorization/ Focus",598,302,296,308,155,153,290,147,143
"BALOCHISTAN","KALAT","SURAB","SURAB","SUB-DIVISION","Self care etc",490,234,256,234,115,119,256,119,137
"BALOCHISTAN","RAKHSHAN","WASHUK","BESIMA","SUB-DIVISION","Population",63368,34438,28930,63368,34438,28930,NA,NA,NA
"BALOCHISTAN","RAKHSHAN","WASHUK","BESIMA","SUB-DIVISION","Disability",817,432,385,817,432,385,NA,NA,NA
"BALOCHISTAN","RAKHSHAN","WASHUK","BESIMA","SUB-DIVISION","Functional limitation",4523,2314,2209,4523,2314,2209,NA,NA,NA
"BALOCHISTAN","RAKHSHAN","WASHUK","BESIMA","SUB-DIVISION","Seeing",829,423,406,829,423,406,NA,NA,NA
"BALOCHISTAN","RAKHSHAN","WASHUK","BESIMA","SUB-DIVISION","Hearing",958,481,477,958,481,477,NA,NA,NA
"BALOCHISTAN","RAKHSHAN","WASHUK","BESIMA","SUB-DIVISION","Walking/ Climbing",1397,708,689,1397,708,689,NA,NA,NA
"BALOCHISTAN","RAKHSHAN","WASHUK","BESIMA","SUB-DIVISION","Communication",401,232,169,401,232,169,NA,NA,NA
"BALOCHISTAN","RAKHSHAN","WASHUK","BESIMA","SUB-DIVISION","Memorization/ Focus",614,333,281,614,333,281,NA,NA,NA
"BALOCHISTAN","RAKHSHAN","WASHUK","BESIMA","SUB-DIVISION","Self care etc",533,266,267,533,266,267,NA,NA,NA
"BALOCHISTAN","RAKHSHAN","WASHUK","MASHKHEL","SUB-DIVISION","Population",67142,36629,30513,67142,36629,30513,NA,NA,NA
"BALOCHISTAN","RAKHSHAN","WASHUK","MASHKHEL","SUB-DIVISION","Disability",645,325,320,645,325,320,NA,NA,NA
"BALOCHISTAN","RAKHSHAN","WASHUK","MASHKHEL","SUB-DIVISION","Functional limitation",4598,2449,2149,4598,2449,2149,NA,NA,NA
"BALOCHISTAN","RAKHSHAN","WASHUK","MASHKHEL","SUB-DIVISION","Seeing",1191,664,527,1191,664,527,NA,NA,NA
"BALOCHISTAN","RAKHSHAN","WASHUK","MASHKHEL","SUB-DIVISION","Hearing",1005,518,487,1005,518,487,NA,NA,NA
"BALOCHISTAN","RAKHSHAN","WASHUK","MASHKHEL","SUB-DIVISION","Walking/ Climbing",1549,877,672,1549,877,672,NA,NA,NA
"BALOCHISTAN","RAKHSHAN","WASHUK","MASHKHEL","SUB-DIVISION","Communication",348,191,157,348,191,157,NA,NA,NA
"BALOCHISTAN","RAKHSHAN","WASHUK","MASHKHEL","SUB-DIVISION","Memorization/ Focus",596,316,280,596,316,280,NA,NA,NA
"BALOCHISTAN","RAKHSHAN","WASHUK","MASHKHEL","SUB-DIVISION","Self care etc",427,223,204,427,223,204,NA,NA,NA
"BALOCHISTAN","RAKHSHAN","WASHUK","NAG","SUB-TEHSIL","Population",57467,31313,26154,57467,31313,26154,NA,NA,NA
"BALOCHISTAN","RAKHSHAN","WASHUK","NAG","SUB-TEHSIL","Disability",893,479,414,893,479,414,NA,NA,NA
"BALOCHISTAN","RAKHSHAN","WASHUK","NAG","SUB-TEHSIL","Functional limitation",4095,2112,1983,4095,2112,1983,NA,NA,NA
"BALOCHISTAN","RAKHSHAN","WASHUK","NAG","SUB-TEHSIL","Seeing",829,446,383,829,446,383,NA,NA,NA
"BALOCHISTAN","RAKHSHAN","WASHUK","NAG","SUB-TEHSIL","Hearing",927,472,455,927,472,455,NA,NA,NA
"BALOCHISTAN","RAKHSHAN","WASHUK","NAG","SUB-TEHSIL","Walking/ Climbing",1369,703,666,1369,703,666,NA,NA,NA
"BALOCHISTAN","RAKHSHAN","WASHUK","NAG","SUB-TEHSIL","Communication",425,240,185,425,240,185,NA,NA,NA
"BALOCHISTAN","RAKHSHAN","WASHUK","NAG","SUB-TEHSIL","Memorization/ Focus",601,318,283,601,318,283,NA,NA,NA
"BALOCHISTAN","RAKHSHAN","WASHUK","NAG","SUB-TEHSIL","Self care etc",433,206,227,433,206,227,NA,NA,NA
"BALOCHISTAN","RAKHSHAN","WASHUK","SHAHOO GARHI","SUB-TEHSIL","Population",59061,31916,27145,59061,31916,27145,NA,NA,NA
"BALOCHISTAN","RAKHSHAN","WASHUK","SHAHOO GARHI","SUB-TEHSIL","Disability",492,220,272,492,220,272,NA,NA,NA
"BALOCHISTAN","RAKHSHAN","WASHUK","SHAHOO GARHI","SUB-TEHSIL","Functional limitation",3539,1773,1766,3539,1773,1766,NA,NA,NA
"BALOCHISTAN","RAKHSHAN","WASHUK","SHAHOO GARHI","SUB-TEHSIL","Seeing",695,353,342,695,353,342,NA,NA,NA
"BALOCHISTAN","RAKHSHAN","WASHUK","SHAHOO GARHI","SUB-TEHSIL","Hearing",749,380,369,749,380,369,NA,NA,NA
"BALOCHISTAN","RAKHSHAN","WASHUK","SHAHOO GARHI","SUB-TEHSIL","Walking/ Climbing",1139,577,562,1139,577,562,NA,NA,NA
"BALOCHISTAN","RAKHSHAN","WASHUK","SHAHOO GARHI","SUB-TEHSIL","Communication",227,124,103,227,124,103,NA,NA,NA
"BALOCHISTAN","RAKHSHAN","WASHUK","SHAHOO GARHI","SUB-TEHSIL","Memorization/ Focus",483,246,237,483,246,237,NA,NA,NA
"BALOCHISTAN","RAKHSHAN","WASHUK","SHAHOO GARHI","SUB-TEHSIL","Self care etc",358,168,190,358,168,190,NA,NA,NA
"BALOCHISTAN","RAKHSHAN","WASHUK","WASHUK","SUB-DIVISION","Population",55329,28519,26810,14478,7614,6864,40851,20905,19946
"BALOCHISTAN","RAKHSHAN","WASHUK","WASHUK","SUB-DIVISION","Disability",3130,1574,1556,464,249,215,2666,1325,1341
"BALOCHISTAN","RAKHSHAN","WASHUK","WASHUK","SUB-DIVISION","Functional limitation",6439,3209,3230,1223,629,594,5216,2580,2636
"BALOCHISTAN","RAKHSHAN","WASHUK","WASHUK","SUB-DIVISION","Seeing",1151,583,568,197,100,97,954,483,471
"BALOCHISTAN","RAKHSHAN","WASHUK","WASHUK","SUB-DIVISION","Hearing",1216,617,599,211,113,98,1005,504,501
"BALOCHISTAN","RAKHSHAN","WASHUK","WASHUK","SUB-DIVISION","Walking/ Climbing",1752,876,876,305,152,153,1447,724,723
"BALOCHISTAN","RAKHSHAN","WASHUK","WASHUK","SUB-DIVISION","Communication",674,328,346,119,61,58,555,267,288
"BALOCHISTAN","RAKHSHAN","WASHUK","WASHUK","SUB-DIVISION","Memorization/ Focus",923,459,464,205,104,101,718,355,363
"BALOCHISTAN","RAKHSHAN","WASHUK","WASHUK","SUB-DIVISION","Self care etc",894,464,430,203,112,91,691,352,339
"BALOCHISTAN","ZHOB","ZHOB","ASHWAT","SUB-TEHSIL","Population",25094,13534,11560,25094,13534,11560,NA,NA,NA
"BALOCHISTAN","ZHOB","ZHOB","ASHWAT","SUB-TEHSIL","Disability",669,400,269,669,400,269,NA,NA,NA
"BALOCHISTAN","ZHOB","ZHOB","ASHWAT","SUB-TEHSIL","Functional limitation",1595,903,692,1595,903,692,NA,NA,NA
"BALOCHISTAN","ZHOB","ZHOB","ASHWAT","SUB-TEHSIL","Seeing",373,211,162,373,211,162,NA,NA,NA
"BALOCHISTAN","ZHOB","ZHOB","ASHWAT","SUB-TEHSIL","Hearing",325,202,123,325,202,123,NA,NA,NA
"BALOCHISTAN","ZHOB","ZHOB","ASHWAT","SUB-TEHSIL","Walking/ Climbing",365,203,162,365,203,162,NA,NA,NA
"BALOCHISTAN","ZHOB","ZHOB","ASHWAT","SUB-TEHSIL","Communication",215,127,88,215,127,88,NA,NA,NA
"BALOCHISTAN","ZHOB","ZHOB","ASHWAT","SUB-TEHSIL","Memorization/ Focus",237,131,106,237,131,106,NA,NA,NA
"BALOCHISTAN","ZHOB","ZHOB","ASHWAT","SUB-TEHSIL","Self care etc",144,72,72,144,72,72,NA,NA,NA
"BALOCHISTAN","ZHOB","ZHOB","KAKAR KHURASAN","SUB-DIVISION","Population",14957,7799,7158,14957,7799,7158,NA,NA,NA
"BALOCHISTAN","ZHOB","ZHOB","KAKAR KHURASAN","SUB-DIVISION","Disability",1028,564,464,1028,564,464,NA,NA,NA
"BALOCHISTAN","ZHOB","ZHOB","KAKAR KHURASAN","SUB-DIVISION","Functional limitation",1804,977,827,1804,977,827,NA,NA,NA
"BALOCHISTAN","ZHOB","ZHOB","KAKAR KHURASAN","SUB-DIVISION","Seeing",396,207,189,396,207,189,NA,NA,NA
"BALOCHISTAN","ZHOB","ZHOB","KAKAR KHURASAN","SUB-DIVISION","Hearing",416,224,192,416,224,192,NA,NA,NA
"BALOCHISTAN","ZHOB","ZHOB","KAKAR KHURASAN","SUB-DIVISION","Walking/ Climbing",463,251,212,463,251,212,NA,NA,NA
"BALOCHISTAN","ZHOB","ZHOB","KAKAR KHURASAN","SUB-DIVISION","Communication",268,143,125,268,143,125,NA,NA,NA
"BALOCHISTAN","ZHOB","ZHOB","KAKAR KHURASAN","SUB-DIVISION","Memorization/ Focus",312,172,140,312,172,140,NA,NA,NA
"BALOCHISTAN","ZHOB","ZHOB","KAKAR KHURASAN","SUB-DIVISION","Self care etc",247,141,106,247,141,106,NA,NA,NA
"BALOCHISTAN","ZHOB","ZHOB","KASHATOO","SUB-TEHSIL","Population",5810,2937,2873,5810,2937,2873,NA,NA,NA
"BALOCHISTAN","ZHOB","ZHOB","KASHATOO","SUB-TEHSIL","Disability",410,209,201,410,209,201,NA,NA,NA
"BALOCHISTAN","ZHOB","ZHOB","KASHATOO","SUB-TEHSIL","Functional limitation",648,323,325,648,323,325,NA,NA,NA
"BALOCHISTAN","ZHOB","ZHOB","KASHATOO","SUB-TEHSIL","Seeing",200,107,93,200,107,93,NA,NA,NA
"BALOCHISTAN","ZHOB","ZHOB","KASHATOO","SUB-TEHSIL","Hearing",127,66,61,127,66,61,NA,NA,NA
"BALOCHISTAN","ZHOB","ZHOB","KASHATOO","SUB-TEHSIL","Walking/ Climbing",140,67,73,140,67,73,NA,NA,NA
"BALOCHISTAN","ZHOB","ZHOB","KASHATOO","SUB-TEHSIL","Communication",48,25,23,48,25,23,NA,NA,NA
"BALOCHISTAN","ZHOB","ZHOB","KASHATOO","SUB-TEHSIL","Memorization/ Focus",69,34,35,69,34,35,NA,NA,NA
"BALOCHISTAN","ZHOB","ZHOB","KASHATOO","SUB-TEHSIL","Self care etc",77,32,45,77,32,45,NA,NA,NA
"BALOCHISTAN","ZHOB","ZHOB","SAMBAZA","SUB-TEHSIL","Population",25150,15209,9941,25150,15209,9941,NA,NA,NA
"BALOCHISTAN","ZHOB","ZHOB","SAMBAZA","SUB-TEHSIL","Disability",775,403,372,775,403,372,NA,NA,NA
"BALOCHISTAN","ZHOB","ZHOB","SAMBAZA","SUB-TEHSIL","Functional limitation",1481,807,674,1481,807,674,NA,NA,NA
"BALOCHISTAN","ZHOB","ZHOB","SAMBAZA","SUB-TEHSIL","Seeing",218,118,100,218,118,100,NA,NA,NA
"BALOCHISTAN","ZHOB","ZHOB","SAMBAZA","SUB-TEHSIL","Hearing",249,113,136,249,113,136,NA,NA,NA
"BALOCHISTAN","ZHOB","ZHOB","SAMBAZA","SUB-TEHSIL","Walking/ Climbing",460,257,203,460,257,203,NA,NA,NA
"BALOCHISTAN","ZHOB","ZHOB","SAMBAZA","SUB-TEHSIL","Communication",151,88,63,151,88,63,NA,NA,NA
"BALOCHISTAN","ZHOB","ZHOB","SAMBAZA","SUB-TEHSIL","Memorization/ Focus",234,132,102,234,132,102,NA,NA,NA
"BALOCHISTAN","ZHOB","ZHOB","SAMBAZA","SUB-TEHSIL","Self care etc",226,136,90,226,136,90,NA,NA,NA
"BALOCHISTAN","ZHOB","ZHOB","ZHOB","SUB-DIVISION","Population",284545,152663,131882,237644,127259,110385,46901,25404,21497
"BALOCHISTAN","ZHOB","ZHOB","ZHOB","SUB-DIVISION","Disability",4930,2510,2420,4122,2070,2052,808,440,368
"BALOCHISTAN","ZHOB","ZHOB","ZHOB","SUB-DIVISION","Functional limitation",15623,8391,7232,12997,6930,6067,2626,1461,1165
"BALOCHISTAN","ZHOB","ZHOB","ZHOB","SUB-DIVISION","Seeing",2950,1598,1352,2463,1340,1123,487,258,229
"BALOCHISTAN","ZHOB","ZHOB","ZHOB","SUB-DIVISION","Hearing",3110,1716,1394,2597,1424,1173,513,292,221
"BALOCHISTAN","ZHOB","ZHOB","ZHOB","SUB-DIVISION","Walking/ Climbing",5439,2894,2545,4469,2377,2092,970,517,453
"BALOCHISTAN","ZHOB","ZHOB","ZHOB","SUB-DIVISION","Communication",1479,826,653,1172,643,529,307,183,124
"BALOCHISTAN","ZHOB","ZHOB","ZHOB","SUB-DIVISION","Memorization/ Focus",2230,1230,1000,1802,976,826,428,254,174
"BALOCHISTAN","ZHOB","ZHOB","ZHOB","SUB-DIVISION","Self care etc",1664,871,793,1420,736,684,244,135,109
"BALOCHISTAN","SIBI","ZIARAT","SINJAWI","SUB-DIVISION","Population",110623,57491,53132,65084,34001,31083,45539,23490,22049
"BALOCHISTAN","SIBI","ZIARAT","SINJAWI","SUB-DIVISION","Disability",1755,735,1020,1119,475,644,636,260,376
"BALOCHISTAN","SIBI","ZIARAT","SINJAWI","SUB-DIVISION","Functional limitation",6339,3273,3066,3890,2009,1881,2449,1264,1185
"BALOCHISTAN","SIBI","ZIARAT","SINJAWI","SUB-DIVISION","Seeing",1174,631,543,743,400,343,431,231,200
"BALOCHISTAN","SIBI","ZIARAT","SINJAWI","SUB-DIVISION","Hearing",1253,672,581,777,419,358,476,253,223
"BALOCHISTAN","SIBI","ZIARAT","SINJAWI","SUB-DIVISION","Walking/ Climbing",2224,1134,1090,1367,689,678,857,445,412
"BALOCHISTAN","SIBI","ZIARAT","SINJAWI","SUB-DIVISION","Communication",604,335,269,373,202,171,231,133,98
"BALOCHISTAN","SIBI","ZIARAT","SINJAWI","SUB-DIVISION","Memorization/ Focus",897,487,410,551,304,247,346,183,163
"BALOCHISTAN","SIBI","ZIARAT","SINJAWI","SUB-DIVISION","Self care etc",680,329,351,418,206,212,262,123,139
"BALOCHISTAN","SIBI","ZIARAT","ZIARAT","SUB-DIVISION","Population",78912,38689,40223,75049,36765,38284,3863,1924,1939
"BALOCHISTAN","SIBI","ZIARAT","ZIARAT","SUB-DIVISION","Disability",3068,1416,1652,3003,1389,1614,65,27,38
"BALOCHISTAN","SIBI","ZIARAT","ZIARAT","SUB-DIVISION","Functional limitation",6373,3169,3204,6120,3046,3074,253,123,130
"BALOCHISTAN","SIBI","ZIARAT","ZIARAT","SUB-DIVISION","Seeing",1138,587,551,1088,561,527,50,26,24
"BALOCHISTAN","SIBI","ZIARAT","ZIARAT","SUB-DIVISION","Hearing",1206,623,583,1158,597,561,48,26,22
"BALOCHISTAN","SIBI","ZIARAT","ZIARAT","SUB-DIVISION","Walking/ Climbing",1941,972,969,1843,925,918,98,47,51
"BALOCHISTAN","SIBI","ZIARAT","ZIARAT","SUB-DIVISION","Communication",731,365,366,704,355,349,27,10,17
"BALOCHISTAN","SIBI","ZIARAT","ZIARAT","SUB-DIVISION","Memorization/ Focus",961,477,484,928,461,467,33,16,17
"BALOCHISTAN","SIBI","ZIARAT","ZIARAT","SUB-DIVISION","Self care etc",792,381,411,768,369,399,24,12,12
"ISLAMABAD","ISLAMABAD","ISLAMABAD","ISLAMABAD","TEHSIL","Population",2283244,1209270,1073974,1240244,649079,591165,1043000,560191,482809
"ISLAMABAD","ISLAMABAD","ISLAMABAD","ISLAMABAD","TEHSIL","Disability",73022,43044,29978,44406,26168,18238,28616,16876,11740
"ISLAMABAD","ISLAMABAD","ISLAMABAD","ISLAMABAD","TEHSIL","Functional limitation",185380,105255,80125,105001,59529,45472,80379,45726,34653
"ISLAMABAD","ISLAMABAD","ISLAMABAD","ISLAMABAD","TEHSIL","Seeing",33769,19143,14626,18873,10717,8156,14896,8426,6470
"ISLAMABAD","ISLAMABAD","ISLAMABAD","ISLAMABAD","TEHSIL","Hearing",37581,21059,16522,20861,11703,9158,16720,9356,7364
"ISLAMABAD","ISLAMABAD","ISLAMABAD","ISLAMABAD","TEHSIL","Walking/ Climbing",61634,35195,26439,35178,20084,15094,26456,15111,11345
"ISLAMABAD","ISLAMABAD","ISLAMABAD","ISLAMABAD","TEHSIL","Communication",22481,13137,9344,12920,7587,5333,9561,5550,4011
"ISLAMABAD","ISLAMABAD","ISLAMABAD","ISLAMABAD","TEHSIL","Memorization/ Focus",29468,16884,12584,16975,9699,7276,12493,7185,5308
"ISLAMABAD","ISLAMABAD","ISLAMABAD","ISLAMABAD","TEHSIL","Self care etc",22336,12620,9716,13043,7289,5754,9293,5331,3962
"KPK","HAZARA","ABBOTTABAD","ABBOTTABAD","TEHSIL","Population",981967,495816,486151,727449,366465,360984,254518,129351,125167
"KPK","HAZARA","ABBOTTABAD","ABBOTTABAD","TEHSIL","Disability",33000,17610,15390,27040,14276,12764,5960,3334,2626
"KPK","HAZARA","ABBOTTABAD","ABBOTTABAD","TEHSIL","Functional limitation",98809,52495,46314,75343,39617,35726,23466,12878,10588
"KPK","HAZARA","ABBOTTABAD","ABBOTTABAD","TEHSIL","Seeing",19853,10602,9251,15254,8059,7195,4599,2543,2056
"KPK","HAZARA","ABBOTTABAD","ABBOTTABAD","TEHSIL","Hearing",21043,11139,9904,16033,8371,7662,5010,2768,2242
"KPK","HAZARA","ABBOTTABAD","ABBOTTABAD","TEHSIL","Walking/ Climbing",34764,18619,16145,26835,14266,12569,7929,4353,3576
"KPK","HAZARA","ABBOTTABAD","ABBOTTABAD","TEHSIL","Communication",12187,6620,5567,9598,5145,4453,2589,1475,1114
"KPK","HAZARA","ABBOTTABAD","ABBOTTABAD","TEHSIL","Memorization/ Focus",16264,8794,7470,12617,6746,5871,3647,2048,1599
"KPK","HAZARA","ABBOTTABAD","ABBOTTABAD","TEHSIL","Self care etc",10227,5320,4907,7748,3976,3772,2479,1344,1135
"KPK","HAZARA","ABBOTTABAD","HAVELIAN","TEHSIL","Population",256710,127600,129110,200329,99398,100931,56381,28202,28179
"KPK","HAZARA","ABBOTTABAD","HAVELIAN","TEHSIL","Disability",15335,8016,7319,13390,7004,6386,1945,1012,933
"KPK","HAZARA","ABBOTTABAD","HAVELIAN","TEHSIL","Functional limitation",32284,16793,15491,26808,13891,12917,5476,2902,2574
"KPK","HAZARA","ABBOTTABAD","HAVELIAN","TEHSIL","Seeing",5732,3002,2730,4834,2530,2304,898,472,426
"KPK","HAZARA","ABBOTTABAD","HAVELIAN","TEHSIL","Hearing",5975,3096,2879,4976,2561,2415,999,535,464
"KPK","HAZARA","ABBOTTABAD","HAVELIAN","TEHSIL","Walking/ Climbing",10818,5642,5176,9087,4736,4351,1731,906,825
"KPK","HAZARA","ABBOTTABAD","HAVELIAN","TEHSIL","Communication",4683,2577,2106,4015,2221,1794,668,356,312
"KPK","HAZARA","ABBOTTABAD","HAVELIAN","TEHSIL","Memorization/ Focus",5811,3066,2745,4744,2536,2208,1067,530,537
"KPK","HAZARA","ABBOTTABAD","HAVELIAN","TEHSIL","Self care etc",3685,1908,1777,2952,1465,1487,733,443,290
"KPK","HAZARA","ABBOTTABAD","LORA","TEHSIL","Population",98671,48642,50029,98671,48642,50029,NA,NA,NA
"KPK","HAZARA","ABBOTTABAD","LORA","TEHSIL","Disability",5797,3003,2794,5797,3003,2794,NA,NA,NA
"KPK","HAZARA","ABBOTTABAD","LORA","TEHSIL","Functional limitation",13107,6684,6423,13107,6684,6423,NA,NA,NA
"KPK","HAZARA","ABBOTTABAD","LORA","TEHSIL","Seeing",2293,1135,1158,2293,1135,1158,NA,NA,NA
"KPK","HAZARA","ABBOTTABAD","LORA","TEHSIL","Hearing",2923,1463,1460,2923,1463,1460,NA,NA,NA
"KPK","HAZARA","ABBOTTABAD","LORA","TEHSIL","Walking/ Climbing",3904,2060,1844,3904,2060,1844,NA,NA,NA
"KPK","HAZARA","ABBOTTABAD","LORA","TEHSIL","Communication",1813,947,866,1813,947,866,NA,NA,NA
"KPK","HAZARA","ABBOTTABAD","LORA","TEHSIL","Memorization/ Focus",2339,1200,1139,2339,1200,1139,NA,NA,NA
"KPK","HAZARA","ABBOTTABAD","LORA","TEHSIL","Self care etc",1672,864,808,1672,864,808,NA,NA,NA
"KPK","HAZARA","ABBOTTABAD","LOWER TANAWAL","TEHSIL","Population",60239,29952,30287,60239,29952,30287,NA,NA,NA
"KPK","HAZARA","ABBOTTABAD","LOWER TANAWAL","TEHSIL","Disability",4728,2403,2325,4728,2403,2325,NA,NA,NA
"KPK","HAZARA","ABBOTTABAD","LOWER TANAWAL","TEHSIL","Functional limitation",9373,4740,4633,9373,4740,4633,NA,NA,NA
"KPK","HAZARA","ABBOTTABAD","LOWER TANAWAL","TEHSIL","Seeing",2322,1185,1137,2322,1185,1137,NA,NA,NA
"KPK","HAZARA","ABBOTTABAD","LOWER TANAWAL","TEHSIL","Hearing",2227,1116,1111,2227,1116,1111,NA,NA,NA
"KPK","HAZARA","ABBOTTABAD","LOWER TANAWAL","TEHSIL","Walking/ Climbing",2772,1434,1338,2772,1434,1338,NA,NA,NA
"KPK","HAZARA","ABBOTTABAD","LOWER TANAWAL","TEHSIL","Communication",1079,582,497,1079,582,497,NA,NA,NA
"KPK","HAZARA","ABBOTTABAD","LOWER TANAWAL","TEHSIL","Memorization/ Focus",1325,681,644,1325,681,644,NA,NA,NA
"KPK","HAZARA","ABBOTTABAD","LOWER TANAWAL","TEHSIL","Self care etc",864,419,445,864,419,445,NA,NA,NA
"KPK","MALAKAND","BAJAUR","BAR CHAMER KAND","TEHSIL","Population",3574,1826,1748,3574,1826,1748,NA,NA,NA
"KPK","MALAKAND","BAJAUR","BAR CHAMER KAND","TEHSIL","Disability",886,444,442,886,444,442,NA,NA,NA
"KPK","MALAKAND","BAJAUR","BAR CHAMER KAND","TEHSIL","Functional limitation",975,492,483,975,492,483,NA,NA,NA
"KPK","MALAKAND","BAJAUR","BAR CHAMER KAND","TEHSIL","Seeing",422,219,203,422,219,203,NA,NA,NA
"KPK","MALAKAND","BAJAUR","BAR CHAMER KAND","TEHSIL","Hearing",155,59,96,155,59,96,NA,NA,NA
"KPK","MALAKAND","BAJAUR","BAR CHAMER KAND","TEHSIL","Walking/ Climbing",304,171,133,304,171,133,NA,NA,NA
"KPK","MALAKAND","BAJAUR","BAR CHAMER KAND","TEHSIL","Communication",42,16,26,42,16,26,NA,NA,NA
"KPK","MALAKAND","BAJAUR","BAR CHAMER KAND","TEHSIL","Memorization/ Focus",63,31,32,63,31,32,NA,NA,NA
"KPK","MALAKAND","BAJAUR","BAR CHAMER KAND","TEHSIL","Self care etc",49,23,26,49,23,26,NA,NA,NA
"KPK","MALAKAND","BAJAUR","BARANG","TEHSIL","Population",89981,45053,44928,89981,45053,44928,NA,NA,NA
"KPK","MALAKAND","BAJAUR","BARANG","TEHSIL","Disability",5878,2604,3274,5878,2604,3274,NA,NA,NA
"KPK","MALAKAND","BAJAUR","BARANG","TEHSIL","Functional limitation",8010,3586,4424,8010,3586,4424,NA,NA,NA
"KPK","MALAKAND","BAJAUR","BARANG","TEHSIL","Seeing",1410,670,740,1410,670,740,NA,NA,NA
"KPK","MALAKAND","BAJAUR","BARANG","TEHSIL","Hearing",1519,715,804,1519,715,804,NA,NA,NA
"KPK","MALAKAND","BAJAUR","BARANG","TEHSIL","Walking/ Climbing",1693,748,945,1693,748,945,NA,NA,NA
"KPK","MALAKAND","BAJAUR","BARANG","TEHSIL","Communication",1462,688,774,1462,688,774,NA,NA,NA
"KPK","MALAKAND","BAJAUR","BARANG","TEHSIL","Memorization/ Focus",1527,684,843,1527,684,843,NA,NA,NA
"KPK","MALAKAND","BAJAUR","BARANG","TEHSIL","Self care etc",1168,490,678,1168,490,678,NA,NA,NA
"KPK","MALAKAND","BAJAUR","KHAR BAJAUR","TEHSIL","Population",299385,151833,147552,299385,151833,147552,NA,NA,NA
"KPK","MALAKAND","BAJAUR","KHAR BAJAUR","TEHSIL","Disability",6395,3447,2948,6395,3447,2948,NA,NA,NA
"KPK","MALAKAND","BAJAUR","KHAR BAJAUR","TEHSIL","Functional limitation",16113,8226,7887,16113,8226,7887,NA,NA,NA
"KPK","MALAKAND","BAJAUR","KHAR BAJAUR","TEHSIL","Seeing",3191,1633,1558,3191,1633,1558,NA,NA,NA
"KPK","MALAKAND","BAJAUR","KHAR BAJAUR","TEHSIL","Hearing",3156,1589,1567,3156,1589,1567,NA,NA,NA
"KPK","MALAKAND","BAJAUR","KHAR BAJAUR","TEHSIL","Walking/ Climbing",6004,3156,2848,6004,3156,2848,NA,NA,NA
"KPK","MALAKAND","BAJAUR","KHAR BAJAUR","TEHSIL","Communication",1984,1057,927,1984,1057,927,NA,NA,NA
"KPK","MALAKAND","BAJAUR","KHAR BAJAUR","TEHSIL","Memorization/ Focus",2797,1447,1350,2797,1447,1350,NA,NA,NA
"KPK","MALAKAND","BAJAUR","KHAR BAJAUR","TEHSIL","Self care etc",1707,866,841,1707,866,841,NA,NA,NA
"KPK","MALAKAND","BAJAUR","MAMUND","TEHSIL","Population",357135,181491,175644,357135,181491,175644,NA,NA,NA
"KPK","MALAKAND","BAJAUR","MAMUND","TEHSIL","Disability",11238,6269,4969,11238,6269,4969,NA,NA,NA
"KPK","MALAKAND","BAJAUR","MAMUND","TEHSIL","Functional limitation",23133,12021,11112,23133,12021,11112,NA,NA,NA
"KPK","MALAKAND","BAJAUR","MAMUND","TEHSIL","Seeing",4067,2108,1959,4067,2108,1959,NA,NA,NA
"KPK","MALAKAND","BAJAUR","MAMUND","TEHSIL","Hearing",4175,2146,2029,4175,2146,2029,NA,NA,NA
"KPK","MALAKAND","BAJAUR","MAMUND","TEHSIL","Walking/ Climbing",8531,4495,4036,8531,4495,4036,NA,NA,NA
"KPK","MALAKAND","BAJAUR","MAMUND","TEHSIL","Communication",2885,1545,1340,2885,1545,1340,NA,NA,NA
"KPK","MALAKAND","BAJAUR","MAMUND","TEHSIL","Memorization/ Focus",3559,1888,1671,3559,1888,1671,NA,NA,NA
"KPK","MALAKAND","BAJAUR","MAMUND","TEHSIL","Self care etc",2657,1395,1262,2657,1395,1262,NA,NA,NA
"KPK","MALAKAND","BAJAUR","NAWAGAI","TEHSIL","Population",93706,47597,46109,93706,47597,46109,NA,NA,NA
"KPK","MALAKAND","BAJAUR","NAWAGAI","TEHSIL","Disability",3864,2076,1788,3864,2076,1788,NA,NA,NA
"KPK","MALAKAND","BAJAUR","NAWAGAI","TEHSIL","Functional limitation",6578,3418,3160,6578,3418,3160,NA,NA,NA
"KPK","MALAKAND","BAJAUR","NAWAGAI","TEHSIL","Seeing",1222,606,616,1222,606,616,NA,NA,NA
"KPK","MALAKAND","BAJAUR","NAWAGAI","TEHSIL","Hearing",1468,728,740,1468,728,740,NA,NA,NA
"KPK","MALAKAND","BAJAUR","NAWAGAI","TEHSIL","Walking/ Climbing",2197,1174,1023,2197,1174,1023,NA,NA,NA
"KPK","MALAKAND","BAJAUR","NAWAGAI","TEHSIL","Communication",751,390,361,751,390,361,NA,NA,NA
"KPK","MALAKAND","BAJAUR","NAWAGAI","TEHSIL","Memorization/ Focus",1187,635,552,1187,635,552,NA,NA,NA
"KPK","MALAKAND","BAJAUR","NAWAGAI","TEHSIL","Self care etc",875,500,375,875,500,375,NA,NA,NA
"KPK","MALAKAND","BAJAUR","SALARZAI","TEHSIL","Population",315745,158689,157056,315745,158689,157056,NA,NA,NA
"KPK","MALAKAND","BAJAUR","SALARZAI","TEHSIL","Disability",9733,5441,4292,9733,5441,4292,NA,NA,NA
"KPK","MALAKAND","BAJAUR","SALARZAI","TEHSIL","Functional limitation",19021,9821,9200,19021,9821,9200,NA,NA,NA
"KPK","MALAKAND","BAJAUR","SALARZAI","TEHSIL","Seeing",3349,1760,1589,3349,1760,1589,NA,NA,NA
"KPK","MALAKAND","BAJAUR","SALARZAI","TEHSIL","Hearing",3485,1781,1704,3485,1781,1704,NA,NA,NA
"KPK","MALAKAND","BAJAUR","SALARZAI","TEHSIL","Walking/ Climbing",7282,3851,3431,7282,3851,3431,NA,NA,NA
"KPK","MALAKAND","BAJAUR","SALARZAI","TEHSIL","Communication",2556,1416,1140,2556,1416,1140,NA,NA,NA
"KPK","MALAKAND","BAJAUR","SALARZAI","TEHSIL","Memorization/ Focus",3136,1679,1457,3136,1679,1457,NA,NA,NA
"KPK","MALAKAND","BAJAUR","SALARZAI","TEHSIL","Self care etc",2174,1117,1057,2174,1117,1057,NA,NA,NA
"KPK","MALAKAND","BAJAUR","UTMAN KHEL","TEHSIL","Population",123587,61999,61588,123587,61999,61588,NA,NA,NA
"KPK","MALAKAND","BAJAUR","UTMAN KHEL","TEHSIL","Disability",3378,1843,1535,3378,1843,1535,NA,NA,NA
"KPK","MALAKAND","BAJAUR","UTMAN KHEL","TEHSIL","Functional limitation",7225,3650,3575,7225,3650,3575,NA,NA,NA
"KPK","MALAKAND","BAJAUR","UTMAN KHEL","TEHSIL","Seeing",1371,700,671,1371,700,671,NA,NA,NA
"KPK","MALAKAND","BAJAUR","UTMAN KHEL","TEHSIL","Hearing",1356,682,674,1356,682,674,NA,NA,NA
"KPK","MALAKAND","BAJAUR","UTMAN KHEL","TEHSIL","Walking/ Climbing",2671,1365,1306,2671,1365,1306,NA,NA,NA
"KPK","MALAKAND","BAJAUR","UTMAN KHEL","TEHSIL","Communication",1282,737,545,1282,737,545,NA,NA,NA
"KPK","MALAKAND","BAJAUR","UTMAN KHEL","TEHSIL","Memorization/ Focus",1365,766,599,1365,766,599,NA,NA,NA
"KPK","MALAKAND","BAJAUR","UTMAN KHEL","TEHSIL","Self care etc",692,290,402,692,290,402,NA,NA,NA
"KPK","BANNU","BANNU","BAKKA KHEL","TEHSIL","Population",192732,100004,92728,192732,100004,92728,NA,NA,NA
"KPK","BANNU","BANNU","BAKKA KHEL","TEHSIL","Disability",5138,2594,2544,5138,2594,2544,NA,NA,NA
"KPK","BANNU","BANNU","BAKKA KHEL","TEHSIL","Functional limitation",20538,10067,10471,20538,10067,10471,NA,NA,NA
"KPK","BANNU","BANNU","BAKKA KHEL","TEHSIL","Seeing",3793,1942,1851,3793,1942,1851,NA,NA,NA
"KPK","BANNU","BANNU","BAKKA KHEL","TEHSIL","Hearing",4332,2148,2184,4332,2148,2184,NA,NA,NA
"KPK","BANNU","BANNU","BAKKA KHEL","TEHSIL","Walking/ Climbing",6631,3328,3303,6631,3328,3303,NA,NA,NA
"KPK","BANNU","BANNU","BAKKA KHEL","TEHSIL","Communication",2060,1088,972,2060,1088,972,NA,NA,NA
"KPK","BANNU","BANNU","BAKKA KHEL","TEHSIL","Memorization/ Focus",2994,1526,1468,2994,1526,1468,NA,NA,NA
"KPK","BANNU","BANNU","BAKKA KHEL","TEHSIL","Self care etc",2290,1091,1199,2290,1091,1199,NA,NA,NA
"KPK","BANNU","BANNU","BANNU","TEHSIL","Population",642835,332329,310506,594739,306404,288335,48096,25925,22171
"KPK","BANNU","BANNU","BANNU","TEHSIL","Disability",24047,12465,11582,22713,11781,10932,1334,684,650
"KPK","BANNU","BANNU","BANNU","TEHSIL","Functional limitation",79030,40277,38753,73249,37269,35980,5781,3008,2773
"KPK","BANNU","BANNU","BANNU","TEHSIL","Seeing",14878,7763,7115,13751,7165,6586,1127,598,529
"KPK","BANNU","BANNU","BANNU","TEHSIL","Hearing",15692,7956,7736,14469,7316,7153,1223,640,583
"KPK","BANNU","BANNU","BANNU","TEHSIL","Walking/ Climbing",27003,13901,13102,25025,12875,12150,1978,1026,952
"KPK","BANNU","BANNU","BANNU","TEHSIL","Communication",7968,4292,3676,7414,3977,3437,554,315,239
"KPK","BANNU","BANNU","BANNU","TEHSIL","Memorization/ Focus",12033,6336,5697,11132,5844,5288,901,492,409
"KPK","BANNU","BANNU","BANNU","TEHSIL","Self care etc",8502,4207,4295,7917,3900,4017,585,307,278
"KPK","BANNU","BANNU","DOMEL","TEHSIL","Population",223534,119874,103660,223534,119874,103660,NA,NA,NA
"KPK","BANNU","BANNU","DOMEL","TEHSIL","Disability",6735,3533,3202,6735,3533,3202,NA,NA,NA
"KPK","BANNU","BANNU","DOMEL","TEHSIL","Functional limitation",25871,13364,12507,25871,13364,12507,NA,NA,NA
"KPK","BANNU","BANNU","DOMEL","TEHSIL","Seeing",4790,2494,2296,4790,2494,2296,NA,NA,NA
"KPK","BANNU","BANNU","DOMEL","TEHSIL","Hearing",5393,2781,2612,5393,2781,2612,NA,NA,NA
"KPK","BANNU","BANNU","DOMEL","TEHSIL","Walking/ Climbing",8363,4323,4040,8363,4323,4040,NA,NA,NA
"KPK","BANNU","BANNU","DOMEL","TEHSIL","Communication",2536,1345,1191,2536,1345,1191,NA,NA,NA
"KPK","BANNU","BANNU","DOMEL","TEHSIL","Memorization/ Focus",3747,1981,1766,3747,1981,1766,NA,NA,NA
"KPK","BANNU","BANNU","DOMEL","TEHSIL","Self care etc",2882,1463,1419,2882,1463,1419,NA,NA,NA
"KPK","BANNU","BANNU","KAKKI","TEHSIL","Population",92021,47995,44026,92021,47995,44026,NA,NA,NA
"KPK","BANNU","BANNU","KAKKI","TEHSIL","Disability",4505,2438,2067,4505,2438,2067,NA,NA,NA
"KPK","BANNU","BANNU","KAKKI","TEHSIL","Functional limitation",12476,6424,6052,12476,6424,6052,NA,NA,NA
"KPK","BANNU","BANNU","KAKKI","TEHSIL","Seeing",1943,992,951,1943,992,951,NA,NA,NA
"KPK","BANNU","BANNU","KAKKI","TEHSIL","Hearing",2583,1381,1202,2583,1381,1202,NA,NA,NA
"KPK","BANNU","BANNU","KAKKI","TEHSIL","Walking/ Climbing",3599,1889,1710,3599,1889,1710,NA,NA,NA
"KPK","BANNU","BANNU","KAKKI","TEHSIL","Communication",1398,720,678,1398,720,678,NA,NA,NA
"KPK","BANNU","BANNU","KAKKI","TEHSIL","Memorization/ Focus",2142,1123,1019,2142,1123,1019,NA,NA,NA
"KPK","BANNU","BANNU","KAKKI","TEHSIL","Self care etc",1589,845,744,1589,845,744,NA,NA,NA
"KPK","BANNU","BANNU","MERYAN","TEHSIL","Population",166290,84975,81315,166290,84975,81315,NA,NA,NA
"KPK","BANNU","BANNU","MERYAN","TEHSIL","Disability",6347,3209,3138,6347,3209,3138,NA,NA,NA
"KPK","BANNU","BANNU","MERYAN","TEHSIL","Functional limitation",20093,9818,10275,20093,9818,10275,NA,NA,NA
"KPK","BANNU","BANNU","MERYAN","TEHSIL","Seeing",3502,1752,1750,3502,1752,1750,NA,NA,NA
"KPK","BANNU","BANNU","MERYAN","TEHSIL","Hearing",3928,1902,2026,3928,1902,2026,NA,NA,NA
"KPK","BANNU","BANNU","MERYAN","TEHSIL","Walking/ Climbing",6527,3252,3275,6527,3252,3275,NA,NA,NA
"KPK","BANNU","BANNU","MERYAN","TEHSIL","Communication",2108,1119,989,2108,1119,989,NA,NA,NA
"KPK","BANNU","BANNU","MERYAN","TEHSIL","Memorization/ Focus",2886,1451,1435,2886,1451,1435,NA,NA,NA
"KPK","BANNU","BANNU","MERYAN","TEHSIL","Self care etc",2300,1076,1224,2300,1076,1224,NA,NA,NA
"KPK","BANNU","BANNU","WAZIR","SUB-DIVISION","Population",37262,19398,17864,37262,19398,17864,NA,NA,NA
"KPK","BANNU","BANNU","WAZIR","SUB-DIVISION","Disability",3739,1895,1844,3739,1895,1844,NA,NA,NA
"KPK","BANNU","BANNU","WAZIR","SUB-DIVISION","Functional limitation",5349,2689,2660,5349,2689,2660,NA,NA,NA
"KPK","BANNU","BANNU","WAZIR","SUB-DIVISION","Seeing",1460,774,686,1460,774,686,NA,NA,NA
"KPK","BANNU","BANNU","WAZIR","SUB-DIVISION","Hearing",1160,610,550,1160,610,550,NA,NA,NA
"KPK","BANNU","BANNU","WAZIR","SUB-DIVISION","Walking/ Climbing",1121,550,571,1121,550,571,NA,NA,NA
"KPK","BANNU","BANNU","WAZIR","SUB-DIVISION","Communication",844,432,412,844,432,412,NA,NA,NA
"KPK","BANNU","BANNU","WAZIR","SUB-DIVISION","Memorization/ Focus",859,437,422,859,437,422,NA,NA,NA
"KPK","BANNU","BANNU","WAZIR","SUB-DIVISION","Self care etc",512,223,289,512,223,289,NA,NA,NA
NA,NA,"BATAGRAM","ALLAI","TEHSIL","Population",217566,111982,105584,217566,111982,105584,NA,NA,NA
NA,NA,"BATAGRAM","ALLAI","TEHSIL","Disability",7993,3950,4043,7993,3950,4043,NA,NA,NA
NA,NA,"BATAGRAM","ALLAI","TEHSIL","Functional limitation",19962,10245,9717,19962,10245,9717,NA,NA,NA
NA,NA,"BATAGRAM","ALLAI","TEHSIL","Seeing",4054,2186,1868,4054,2186,1868,NA,NA,NA
NA,NA,"BATAGRAM","ALLAI","TEHSIL","Hearing",4282,2258,2024,4282,2258,2024,NA,NA,NA
NA,NA,"BATAGRAM","ALLAI","TEHSIL","Walking/ Climbing",6741,3513,3228,6741,3513,3228,NA,NA,NA
NA,NA,"BATAGRAM","ALLAI","TEHSIL","Communication",2845,1594,1251,2845,1594,1251,NA,NA,NA
NA,NA,"BATAGRAM","ALLAI","TEHSIL","Memorization/ Focus",3283,1757,1526,3283,1757,1526,NA,NA,NA
NA,NA,"BATAGRAM","ALLAI","TEHSIL","Self care etc",2028,936,1092,2028,936,1092,NA,NA,NA
"KPK","HAZARA","BATAGRAM","BATAGRAM","TEHSIL","Population",335719,168921,166798,335719,168921,166798,NA,NA,NA
"KPK","HAZARA","BATAGRAM","BATAGRAM","TEHSIL","Disability",7911,3775,4136,7911,3775,4136,NA,NA,NA
"KPK","HAZARA","BATAGRAM","BATAGRAM","TEHSIL","Functional limitation",27961,13885,14076,27961,13885,14076,NA,NA,NA
"KPK","HAZARA","BATAGRAM","BATAGRAM","TEHSIL","Seeing",5980,3081,2899,5980,3081,2899,NA,NA,NA
"KPK","HAZARA","BATAGRAM","BATAGRAM","TEHSIL","Hearing",6422,3301,3121,6422,3301,3121,NA,NA,NA
"KPK","HAZARA","BATAGRAM","BATAGRAM","TEHSIL","Walking/ Climbing",10241,5224,5017,10241,5224,5017,NA,NA,NA
"KPK","HAZARA","BATAGRAM","BATAGRAM","TEHSIL","Communication",3889,2029,1860,3889,2029,1860,NA,NA,NA
"KPK","HAZARA","BATAGRAM","BATAGRAM","TEHSIL","Memorization/ Focus",5122,2633,2489,5122,2633,2489,NA,NA,NA
"KPK","HAZARA","BATAGRAM","BATAGRAM","TEHSIL","Self care etc",2530,1178,1352,2530,1178,1352,NA,NA,NA
"KPK","MALAKAND","BUNER","CHAGHARZAI","TEHSIL","Population",125919,62890,63029,125919,62890,63029,NA,NA,NA
"KPK","MALAKAND","BUNER","CHAGHARZAI","TEHSIL","Disability",6130,3202,2928,6130,3202,2928,NA,NA,NA
"KPK","MALAKAND","BUNER","CHAGHARZAI","TEHSIL","Functional limitation",12873,6198,6675,12873,6198,6675,NA,NA,NA
"KPK","MALAKAND","BUNER","CHAGHARZAI","TEHSIL","Seeing",2724,1330,1394,2724,1330,1394,NA,NA,NA
"KPK","MALAKAND","BUNER","CHAGHARZAI","TEHSIL","Hearing",2909,1407,1502,2909,1407,1502,NA,NA,NA
"KPK","MALAKAND","BUNER","CHAGHARZAI","TEHSIL","Walking/ Climbing",3855,1904,1951,3855,1904,1951,NA,NA,NA
"KPK","MALAKAND","BUNER","CHAGHARZAI","TEHSIL","Communication",1752,899,853,1752,899,853,NA,NA,NA
"KPK","MALAKAND","BUNER","CHAGHARZAI","TEHSIL","Memorization/ Focus",2225,1140,1085,2225,1140,1085,NA,NA,NA
"KPK","MALAKAND","BUNER","CHAGHARZAI","TEHSIL","Self care etc",1463,683,780,1463,683,780,NA,NA,NA
"KPK","MALAKAND","BUNER","DAGGAR","TEHSIL","Population",192749,95425,97324,192749,95425,97324,NA,NA,NA
"KPK","MALAKAND","BUNER","DAGGAR","TEHSIL","Disability",6914,3645,3269,6914,3645,3269,NA,NA,NA
"KPK","MALAKAND","BUNER","DAGGAR","TEHSIL","Functional limitation",17792,8575,9217,17792,8575,9217,NA,NA,NA
"KPK","MALAKAND","BUNER","DAGGAR","TEHSIL","Seeing",3159,1525,1634,3159,1525,1634,NA,NA,NA
"KPK","MALAKAND","BUNER","DAGGAR","TEHSIL","Hearing",3317,1578,1739,3317,1578,1739,NA,NA,NA
"KPK","MALAKAND","BUNER","DAGGAR","TEHSIL","Walking/ Climbing",6249,3106,3143,6249,3106,3143,NA,NA,NA
"KPK","MALAKAND","BUNER","DAGGAR","TEHSIL","Communication",2150,1133,1017,2150,1133,1017,NA,NA,NA
"KPK","MALAKAND","BUNER","DAGGAR","TEHSIL","Memorization/ Focus",2863,1429,1434,2863,1429,1434,NA,NA,NA
"KPK","MALAKAND","BUNER","DAGGAR","TEHSIL","Self care etc",1940,900,1040,1940,900,1040,NA,NA,NA
"KPK","MALAKAND","BUNER","GADEZAI","TEHSIL","Population",197466,97694,99772,197466,97694,99772,NA,NA,NA
"KPK","MALAKAND","BUNER","GADEZAI","TEHSIL","Disability",7590,3943,3647,7590,3943,3647,NA,NA,NA
"KPK","MALAKAND","BUNER","GADEZAI","TEHSIL","Functional limitation",18938,9081,9857,18938,9081,9857,NA,NA,NA
"KPK","MALAKAND","BUNER","GADEZAI","TEHSIL","Seeing",3488,1656,1832,3488,1656,1832,NA,NA,NA
"KPK","MALAKAND","BUNER","GADEZAI","TEHSIL","Hearing",3587,1692,1895,3587,1692,1895,NA,NA,NA
"KPK","MALAKAND","BUNER","GADEZAI","TEHSIL","Walking/ Climbing",6785,3365,3420,6785,3365,3420,NA,NA,NA
"KPK","MALAKAND","BUNER","GADEZAI","TEHSIL","Communication",2273,1157,1116,2273,1157,1116,NA,NA,NA
"KPK","MALAKAND","BUNER","GADEZAI","TEHSIL","Memorization/ Focus",3093,1529,1564,3093,1529,1564,NA,NA,NA
"KPK","MALAKAND","BUNER","GADEZAI","TEHSIL","Self care etc",2004,938,1066,2004,938,1066,NA,NA,NA
"KPK","MALAKAND","BUNER","GAGRA","TEHSIL","Population",178949,89861,89088,178949,89861,89088,NA,NA,NA
"KPK","MALAKAND","BUNER","GAGRA","TEHSIL","Disability",6296,3275,3021,6296,3275,3021,NA,NA,NA
"KPK","MALAKAND","BUNER","GAGRA","TEHSIL","Functional limitation",16475,8148,8327,16475,8148,8327,NA,NA,NA
"KPK","MALAKAND","BUNER","GAGRA","TEHSIL","Seeing",3013,1530,1483,3013,1530,1483,NA,NA,NA
"KPK","MALAKAND","BUNER","GAGRA","TEHSIL","Hearing",3249,1638,1611,3249,1638,1611,NA,NA,NA
"KPK","MALAKAND","BUNER","GAGRA","TEHSIL","Walking/ Climbing",5658,2884,2774,5658,2884,2774,NA,NA,NA
"KPK","MALAKAND","BUNER","GAGRA","TEHSIL","Communication",2051,1064,987,2051,1064,987,NA,NA,NA
"KPK","MALAKAND","BUNER","GAGRA","TEHSIL","Memorization/ Focus",2780,1393,1387,2780,1393,1387,NA,NA,NA
"KPK","MALAKAND","BUNER","GAGRA","TEHSIL","Self care etc",1872,921,951,1872,921,951,NA,NA,NA
"KPK","MALAKAND","BUNER","KHADO KHEL","TEHSIL","Population",136560,68347,68213,136560,68347,68213,NA,NA,NA
"KPK","MALAKAND","BUNER","KHADO KHEL","TEHSIL","Disability",5163,2640,2523,5163,2640,2523,NA,NA,NA
"KPK","MALAKAND","BUNER","KHADO KHEL","TEHSIL","Functional limitation",13337,6482,6855,13337,6482,6855,NA,NA,NA
"KPK","MALAKAND","BUNER","KHADO KHEL","TEHSIL","Seeing",2430,1220,1210,2430,1220,1210,NA,NA,NA
"KPK","MALAKAND","BUNER","KHADO KHEL","TEHSIL","Hearing",2675,1261,1414,2675,1261,1414,NA,NA,NA
"KPK","MALAKAND","BUNER","KHADO KHEL","TEHSIL","Walking/ Climbing",4602,2319,2283,4602,2319,2283,NA,NA,NA
"KPK","MALAKAND","BUNER","KHADO KHEL","TEHSIL","Communication",1909,1035,874,1909,1035,874,NA,NA,NA
"KPK","MALAKAND","BUNER","KHADO KHEL","TEHSIL","Memorization/ Focus",2317,1156,1161,2317,1156,1161,NA,NA,NA
"KPK","MALAKAND","BUNER","KHADO KHEL","TEHSIL","Self care etc",1432,655,777,1432,655,777,NA,NA,NA
"KPK","MALAKAND","BUNER","MANDANR","TEHSIL","Population",185031,93890,91141,185031,93890,91141,NA,NA,NA
"KPK","MALAKAND","BUNER","MANDANR","TEHSIL","Disability",6779,3661,3118,6779,3661,3118,NA,NA,NA
"KPK","MALAKAND","BUNER","MANDANR","TEHSIL","Functional limitation",17247,8768,8479,17247,8768,8479,NA,NA,NA
"KPK","MALAKAND","BUNER","MANDANR","TEHSIL","Seeing",3074,1546,1528,3074,1546,1528,NA,NA,NA
"KPK","MALAKAND","BUNER","MANDANR","TEHSIL","Hearing",3339,1688,1651,3339,1688,1651,NA,NA,NA
"KPK","MALAKAND","BUNER","MANDANR","TEHSIL","Walking/ Climbing",5930,3090,2840,5930,3090,2840,NA,NA,NA
"KPK","MALAKAND","BUNER","MANDANR","TEHSIL","Communication",2145,1149,996,2145,1149,996,NA,NA,NA
"KPK","MALAKAND","BUNER","MANDANR","TEHSIL","Memorization/ Focus",2793,1460,1333,2793,1460,1333,NA,NA,NA
"KPK","MALAKAND","BUNER","MANDANR","TEHSIL","Self care etc",1873,934,939,1873,934,939,NA,NA,NA
"KPK","PESHAWAR","CHARSADDA","CHARSADDA","TEHSIL","Population",909438,473711,435727,755011,393866,361145,154427,79845,74582
"KPK","PESHAWAR","CHARSADDA","CHARSADDA","TEHSIL","Disability",24229,12627,11602,19740,10340,9400,4489,2287,2202
"KPK","PESHAWAR","CHARSADDA","CHARSADDA","TEHSIL","Functional limitation",81300,44938,36362,65764,36481,29283,15536,8457,7079
"KPK","PESHAWAR","CHARSADDA","CHARSADDA","TEHSIL","Seeing",15703,8777,6926,12269,6901,5368,3434,1876,1558
"KPK","PESHAWAR","CHARSADDA","CHARSADDA","TEHSIL","Hearing",15974,9009,6965,12957,7327,5630,3017,1682,1335
"KPK","PESHAWAR","CHARSADDA","CHARSADDA","TEHSIL","Walking/ Climbing",28153,15594,12559,22887,12747,10140,5266,2847,2419
"KPK","PESHAWAR","CHARSADDA","CHARSADDA","TEHSIL","Communication",8798,4911,3887,7163,4030,3133,1635,881,754
"KPK","PESHAWAR","CHARSADDA","CHARSADDA","TEHSIL","Memorization/ Focus",12895,7185,5710,10497,5858,4639,2398,1327,1071
"KPK","PESHAWAR","CHARSADDA","CHARSADDA","TEHSIL","Self care etc",8143,4335,3808,6660,3540,3120,1483,795,688
"KPK","PESHAWAR","CHARSADDA","SHABQADAR","TEHSIL","Population",440166,226521,213645,337837,172925,164912,102329,53596,48733
"KPK","PESHAWAR","CHARSADDA","SHABQADAR","TEHSIL","Disability",25179,13447,11732,21407,11329,10078,3772,2118,1654
"KPK","PESHAWAR","CHARSADDA","SHABQADAR","TEHSIL","Functional limitation",51198,28040,23158,41323,22391,18932,9875,5649,4226
"KPK","PESHAWAR","CHARSADDA","SHABQADAR","TEHSIL","Seeing",8753,4801,3952,6927,3749,3178,1826,1052,774
"KPK","PESHAWAR","CHARSADDA","SHABQADAR","TEHSIL","Hearing",9452,5304,4148,7622,4236,3386,1830,1068,762
"KPK","PESHAWAR","CHARSADDA","SHABQADAR","TEHSIL","Walking/ Climbing",15846,8696,7150,12843,6955,5888,3003,1741,1262
"KPK","PESHAWAR","CHARSADDA","SHABQADAR","TEHSIL","Communication",6792,3771,3021,5268,2896,2372,1524,875,649
"KPK","PESHAWAR","CHARSADDA","SHABQADAR","TEHSIL","Memorization/ Focus",8338,4696,3642,6604,3642,2962,1734,1054,680
"KPK","PESHAWAR","CHARSADDA","SHABQADAR","TEHSIL","Self care etc",6578,3545,3033,5412,2893,2519,1166,652,514
"KPK","PESHAWAR","CHARSADDA","TANGI","TEHSIL","Population",485532,250485,235047,449873,232154,217719,35659,18331,17328
"KPK","PESHAWAR","CHARSADDA","TANGI","TEHSIL","Disability",12328,6259,6069,11351,5751,5600,977,508,469
"KPK","PESHAWAR","CHARSADDA","TANGI","TEHSIL","Functional limitation",40177,21968,18209,36767,20092,16675,3410,1876,1534
"KPK","PESHAWAR","CHARSADDA","TANGI","TEHSIL","Seeing",7317,4088,3229,6717,3753,2964,600,335,265
"KPK","PESHAWAR","CHARSADDA","TANGI","TEHSIL","Hearing",8202,4490,3712,7497,4102,3395,705,388,317
"KPK","PESHAWAR","CHARSADDA","TANGI","TEHSIL","Walking/ Climbing",13740,7484,6256,12576,6838,5738,1164,646,518
"KPK","PESHAWAR","CHARSADDA","TANGI","TEHSIL","Communication",4352,2460,1892,4002,2255,1747,350,205,145
"KPK","PESHAWAR","CHARSADDA","TANGI","TEHSIL","Memorization/ Focus",6033,3433,2600,5525,3139,2386,508,294,214
"KPK","PESHAWAR","CHARSADDA","TANGI","TEHSIL","Self care etc",4151,2197,1954,3792,2006,1786,359,191,168
"KPK","DERA ISMAIL KHAN","DERA ISMAIL KHAN","DARABAN","TEHSIL","Population",149447,79172,70275,149447,79172,70275,NA,NA,NA
"KPK","DERA ISMAIL KHAN","DERA ISMAIL KHAN","DARABAN","TEHSIL","Disability",3404,2474,930,3404,2474,930,NA,NA,NA
"KPK","DERA ISMAIL KHAN","DERA ISMAIL KHAN","DARABAN","TEHSIL","Functional limitation",10236,5724,4512,10236,5724,4512,NA,NA,NA
"KPK","DERA ISMAIL KHAN","DERA ISMAIL KHAN","DARABAN","TEHSIL","Seeing",1784,930,854,1784,930,854,NA,NA,NA
"KPK","DERA ISMAIL KHAN","DERA ISMAIL KHAN","DARABAN","TEHSIL","Hearing",1918,933,985,1918,933,985,NA,NA,NA
"KPK","DERA ISMAIL KHAN","DERA ISMAIL KHAN","DARABAN","TEHSIL","Walking/ Climbing",3201,1763,1438,3201,1763,1438,NA,NA,NA
"KPK","DERA ISMAIL KHAN","DERA ISMAIL KHAN","DARABAN","TEHSIL","Communication",1336,935,401,1336,935,401,NA,NA,NA
"KPK","DERA ISMAIL KHAN","DERA ISMAIL KHAN","DARABAN","TEHSIL","Memorization/ Focus",1685,1037,648,1685,1037,648,NA,NA,NA
"KPK","DERA ISMAIL KHAN","DERA ISMAIL KHAN","DARABAN","TEHSIL","Self care etc",1116,599,517,1116,599,517,NA,NA,NA
"KPK","DERA ISMAIL KHAN","DERA ISMAIL KHAN","DERA ISMAIL KHAN","TEHSIL","Population",763195,402114,361081,545740,287124,258616,217455,114990,102465
"KPK","DERA ISMAIL KHAN","DERA ISMAIL KHAN","DERA ISMAIL KHAN","TEHSIL","Disability",16592,11927,4665,11046,7841,3205,5546,4086,1460
"KPK","DERA ISMAIL KHAN","DERA ISMAIL KHAN","DERA ISMAIL KHAN","TEHSIL","Functional limitation",53952,29817,24135,35480,19533,15947,18472,10284,8188
"KPK","DERA ISMAIL KHAN","DERA ISMAIL KHAN","DERA ISMAIL KHAN","TEHSIL","Seeing",10457,5570,4887,7104,3760,3344,3353,1810,1543
"KPK","DERA ISMAIL KHAN","DERA ISMAIL KHAN","DERA ISMAIL KHAN","TEHSIL","Hearing",11036,5721,5315,7232,3750,3482,3804,1971,1833
"KPK","DERA ISMAIL KHAN","DERA ISMAIL KHAN","DERA ISMAIL KHAN","TEHSIL","Walking/ Climbing",19360,10984,8376,13173,7447,5726,6187,3537,2650
"KPK","DERA ISMAIL KHAN","DERA ISMAIL KHAN","DERA ISMAIL KHAN","TEHSIL","Communication",6418,3833,2585,4325,2580,1745,2093,1253,840
"KPK","DERA ISMAIL KHAN","DERA ISMAIL KHAN","DERA ISMAIL KHAN","TEHSIL","Memorization/ Focus",8684,4877,3807,5760,3237,2523,2924,1640,1284
"KPK","DERA ISMAIL KHAN","DERA ISMAIL KHAN","DERA ISMAIL KHAN","TEHSIL","Self care etc",5395,3084,2311,3358,1904,1454,2037,1180,857
"KPK","DERA ISMAIL KHAN","DERA ISMAIL KHAN","DRAZANDA","SUB-DIVISION","Population",82386,43675,38711,82386,43675,38711,NA,NA,NA
"KPK","DERA ISMAIL KHAN","DERA ISMAIL KHAN","DRAZANDA","SUB-DIVISION","Disability",3277,2204,1073,3277,2204,1073,NA,NA,NA
"KPK","DERA ISMAIL KHAN","DERA ISMAIL KHAN","DRAZANDA","SUB-DIVISION","Functional limitation",6205,3536,2669,6205,3536,2669,NA,NA,NA
"KPK","DERA ISMAIL KHAN","DERA ISMAIL KHAN","DRAZANDA","SUB-DIVISION","Seeing",1264,680,584,1264,680,584,NA,NA,NA
"KPK","DERA ISMAIL KHAN","DERA ISMAIL KHAN","DRAZANDA","SUB-DIVISION","Hearing",1101,658,443,1101,658,443,NA,NA,NA
"KPK","DERA ISMAIL KHAN","DERA ISMAIL KHAN","DRAZANDA","SUB-DIVISION","Walking/ Climbing",1701,901,800,1701,901,800,NA,NA,NA
"KPK","DERA ISMAIL KHAN","DERA ISMAIL KHAN","DRAZANDA","SUB-DIVISION","Communication",848,575,273,848,575,273,NA,NA,NA
"KPK","DERA ISMAIL KHAN","DERA ISMAIL KHAN","DRAZANDA","SUB-DIVISION","Memorization/ Focus",1006,609,397,1006,609,397,NA,NA,NA
"KPK","DERA ISMAIL KHAN","DERA ISMAIL KHAN","DRAZANDA","SUB-DIVISION","Self care etc",739,395,344,739,395,344,NA,NA,NA
"KPK","DERA ISMAIL KHAN","DERA ISMAIL KHAN","KULACHI","TEHSIL","Population",102595,54242,48353,78114,41239,36875,24481,13003,11478
"KPK","DERA ISMAIL KHAN","DERA ISMAIL KHAN","KULACHI","TEHSIL","Disability",5752,3275,2477,4367,2422,1945,1385,853,532
"KPK","DERA ISMAIL KHAN","DERA ISMAIL KHAN","KULACHI","TEHSIL","Functional limitation",10887,5653,5234,8004,4111,3893,2883,1542,1341
"KPK","DERA ISMAIL KHAN","DERA ISMAIL KHAN","KULACHI","TEHSIL","Seeing",2034,1084,950,1625,860,765,409,224,185
"KPK","DERA ISMAIL KHAN","DERA ISMAIL KHAN","KULACHI","TEHSIL","Hearing",2340,1223,1117,1690,847,843,650,376,274
"KPK","DERA ISMAIL KHAN","DERA ISMAIL KHAN","KULACHI","TEHSIL","Walking/ Climbing",3221,1687,1534,2368,1185,1183,853,502,351
"KPK","DERA ISMAIL KHAN","DERA ISMAIL KHAN","KULACHI","TEHSIL","Communication",1069,520,549,811,400,411,258,120,138
"KPK","DERA ISMAIL KHAN","DERA ISMAIL KHAN","KULACHI","TEHSIL","Memorization/ Focus",1509,812,697,1107,643,464,402,169,233
"KPK","DERA ISMAIL KHAN","DERA ISMAIL KHAN","KULACHI","TEHSIL","Self care etc",1336,712,624,907,481,426,429,231,198
"KPK","DERA ISMAIL KHAN","DERA ISMAIL KHAN","PAHARPUR","TEHSIL","Population",406467,209841,196626,318771,164054,154717,87696,45787,41909
"KPK","DERA ISMAIL KHAN","DERA ISMAIL KHAN","PAHARPUR","TEHSIL","Disability",11093,7169,3924,8832,5740,3092,2261,1429,832
"KPK","DERA ISMAIL KHAN","DERA ISMAIL KHAN","PAHARPUR","TEHSIL","Functional limitation",31655,16620,15035,24922,13093,11829,6733,3527,3206
"KPK","DERA ISMAIL KHAN","DERA ISMAIL KHAN","PAHARPUR","TEHSIL","Seeing",6179,3211,2968,4802,2487,2315,1377,724,653
"KPK","DERA ISMAIL KHAN","DERA ISMAIL KHAN","PAHARPUR","TEHSIL","Hearing",6361,3183,3178,5000,2492,2508,1361,691,670
"KPK","DERA ISMAIL KHAN","DERA ISMAIL KHAN","PAHARPUR","TEHSIL","Walking/ Climbing",11466,6218,5248,8978,4835,4143,2488,1383,1105
"KPK","DERA ISMAIL KHAN","DERA ISMAIL KHAN","PAHARPUR","TEHSIL","Communication",3955,2217,1738,3060,1754,1306,895,463,432
"KPK","DERA ISMAIL KHAN","DERA ISMAIL KHAN","PAHARPUR","TEHSIL","Memorization/ Focus",5117,2724,2393,3952,2118,1834,1165,606,559
"KPK","DERA ISMAIL KHAN","DERA ISMAIL KHAN","PAHARPUR","TEHSIL","Self care etc",3150,1634,1516,2542,1304,1238,608,330,278
"KPK","DERA ISMAIL KHAN","DERA ISMAIL KHAN","PAROA","TEHSIL","Population",318826,167205,151621,276996,145362,131634,41830,21843,19987
"KPK","DERA ISMAIL KHAN","DERA ISMAIL KHAN","PAROA","TEHSIL","Disability",7210,4715,2495,6318,4155,2163,892,560,332
"KPK","DERA ISMAIL KHAN","DERA ISMAIL KHAN","PAROA","TEHSIL","Functional limitation",21445,11477,9968,18549,9948,8601,2896,1529,1367
"KPK","DERA ISMAIL KHAN","DERA ISMAIL KHAN","PAROA","TEHSIL","Seeing",4237,2210,2027,3560,1855,1705,677,355,322
"KPK","DERA ISMAIL KHAN","DERA ISMAIL KHAN","PAROA","TEHSIL","Hearing",4374,2192,2182,3683,1837,1846,691,355,336
"KPK","DERA ISMAIL KHAN","DERA ISMAIL KHAN","PAROA","TEHSIL","Walking/ Climbing",7435,4167,3268,6363,3583,2780,1072,584,488
"KPK","DERA ISMAIL KHAN","DERA ISMAIL KHAN","PAROA","TEHSIL","Communication",2773,1513,1260,2316,1271,1045,457,242,215
"KPK","DERA ISMAIL KHAN","DERA ISMAIL KHAN","PAROA","TEHSIL","Memorization/ Focus",3484,1828,1656,2932,1526,1406,552,302,250
"KPK","DERA ISMAIL KHAN","DERA ISMAIL KHAN","PAROA","TEHSIL","Self care etc",2020,1164,856,1781,1032,749,239,132,107
"KPK","KOHAT","HANGU","HANGU","TEHSIL","Population",280703,138310,142393,237089,116342,120747,43614,21968,21646
"KPK","KOHAT","HANGU","HANGU","TEHSIL","Disability",8930,4600,4330,7741,3966,3775,1189,634,555
"KPK","KOHAT","HANGU","HANGU","TEHSIL","Functional limitation",26298,12568,13730,22250,10525,11725,4048,2043,2005
"KPK","KOHAT","HANGU","HANGU","TEHSIL","Seeing",5470,2699,2771,4643,2288,2355,827,411,416
"KPK","KOHAT","HANGU","HANGU","TEHSIL","Hearing",5593,2692,2901,4750,2279,2471,843,413,430
"KPK","KOHAT","HANGU","HANGU","TEHSIL","Walking/ Climbing",9593,4673,4920,8128,3913,4215,1465,760,705
"KPK","KOHAT","HANGU","HANGU","TEHSIL","Communication",3264,1704,1560,2855,1494,1361,409,210,199
"KPK","KOHAT","HANGU","HANGU","TEHSIL","Memorization/ Focus",4437,2246,2191,3764,1893,1871,673,353,320
"KPK","KOHAT","HANGU","HANGU","TEHSIL","Self care etc",2693,1216,1477,2245,999,1246,448,217,231
"KPK","KOHAT","HANGU","TALL","TEHSIL","Population",244920,120419,124501,204965,100020,104945,39955,20399,19556
"KPK","KOHAT","HANGU","TALL","TEHSIL","Disability",11660,5939,5721,10482,5261,5221,1178,678,500
"KPK","KOHAT","HANGU","TALL","TEHSIL","Functional limitation",26146,12541,13605,22502,10620,11882,3644,1921,1723
"KPK","KOHAT","HANGU","TALL","TEHSIL","Seeing",4978,2447,2531,4205,2034,2171,773,413,360
"KPK","KOHAT","HANGU","TALL","TEHSIL","Hearing",5121,2414,2707,4391,2036,2355,730,378,352
"KPK","KOHAT","HANGU","TALL","TEHSIL","Walking/ Climbing",8701,4241,4460,7426,3566,3860,1275,675,600
"KPK","KOHAT","HANGU","TALL","TEHSIL","Communication",3190,1617,1573,2818,1408,1410,372,209,163
"KPK","KOHAT","HANGU","TALL","TEHSIL","Memorization/ Focus",4189,2078,2111,3626,1771,1855,563,307,256
"KPK","KOHAT","HANGU","TALL","TEHSIL","Self care etc",3019,1399,1620,2635,1203,1432,384,196,188
"KPK","HAZARA","HARIPUR","GHAZI","TEHSIL","Population",151446,75398,76048,151446,75398,76048,NA,NA,NA
"KPK","HAZARA","HARIPUR","GHAZI","TEHSIL","Disability",8912,4304,4608,8912,4304,4608,NA,NA,NA
"KPK","HAZARA","HARIPUR","GHAZI","TEHSIL","Functional limitation",20975,10984,9991,20975,10984,9991,NA,NA,NA
"KPK","HAZARA","HARIPUR","GHAZI","TEHSIL","Seeing",4222,2205,2017,4222,2205,2017,NA,NA,NA
"KPK","HAZARA","HARIPUR","GHAZI","TEHSIL","Hearing",4253,2286,1967,4253,2286,1967,NA,NA,NA
"KPK","HAZARA","HARIPUR","GHAZI","TEHSIL","Walking/ Climbing",5818,3099,2719,5818,3099,2719,NA,NA,NA
"KPK","HAZARA","HARIPUR","GHAZI","TEHSIL","Communication",2739,1393,1346,2739,1393,1346,NA,NA,NA
"KPK","HAZARA","HARIPUR","GHAZI","TEHSIL","Memorization/ Focus",3441,1824,1617,3441,1824,1617,NA,NA,NA
"KPK","HAZARA","HARIPUR","GHAZI","TEHSIL","Self care etc",2376,1191,1185,2376,1191,1185,NA,NA,NA
"KPK","HAZARA","HARIPUR","HARIPUR","TEHSIL","Population",834974,422563,412411,687614,348553,339061,147360,74010,73350
"KPK","HAZARA","HARIPUR","HARIPUR","TEHSIL","Disability",37271,20991,16280,30555,17215,13340,6716,3776,2940
"KPK","HAZARA","HARIPUR","HARIPUR","TEHSIL","Functional limitation",105053,58891,46162,85577,48034,37543,19476,10857,8619
"KPK","HAZARA","HARIPUR","HARIPUR","TEHSIL","Seeing",18482,10403,8079,14980,8458,6522,3502,1945,1557
"KPK","HAZARA","HARIPUR","HARIPUR","TEHSIL","Hearing",20700,11670,9030,16886,9552,7334,3814,2118,1696
"KPK","HAZARA","HARIPUR","HARIPUR","TEHSIL","Walking/ Climbing",35697,19939,15758,29061,16264,12797,6636,3675,2961
"KPK","HAZARA","HARIPUR","HARIPUR","TEHSIL","Communication",11958,6832,5126,9733,5560,4173,2225,1272,953
"KPK","HAZARA","HARIPUR","HARIPUR","TEHSIL","Memorization/ Focus",16520,9415,7105,13485,7706,5779,3035,1709,1326
"KPK","HAZARA","HARIPUR","HARIPUR","TEHSIL","Self care etc",11790,6546,5244,9595,5344,4251,2195,1202,993
"KPK","HAZARA","HARIPUR","KHANPUR","TEHSIL","Population",186636,92796,93840,186636,92796,93840,NA,NA,NA
"KPK","HAZARA","HARIPUR","KHANPUR","TEHSIL","Disability",9353,5148,4205,9353,5148,4205,NA,NA,NA
"KPK","HAZARA","HARIPUR","KHANPUR","TEHSIL","Functional limitation",24366,13278,11088,24366,13278,11088,NA,NA,NA
"KPK","HAZARA","HARIPUR","KHANPUR","TEHSIL","Seeing",4237,2320,1917,4237,2320,1917,NA,NA,NA
"KPK","HAZARA","HARIPUR","KHANPUR","TEHSIL","Hearing",4682,2575,2107,4682,2575,2107,NA,NA,NA
"KPK","HAZARA","HARIPUR","KHANPUR","TEHSIL","Walking/ Climbing",8344,4547,3797,8344,4547,3797,NA,NA,NA
"KPK","HAZARA","HARIPUR","KHANPUR","TEHSIL","Communication",2799,1591,1208,2799,1591,1208,NA,NA,NA
"KPK","HAZARA","HARIPUR","KHANPUR","TEHSIL","Memorization/ Focus",3808,2131,1677,3808,2131,1677,NA,NA,NA
"KPK","HAZARA","HARIPUR","KHANPUR","TEHSIL","Self care etc",2725,1466,1259,2725,1466,1259,NA,NA,NA
"KPK","KOHAT","KARAK","BANDA DAUD SHAH","TEHSIL","Population",177136,89045,88091,177136,89045,88091,NA,NA,NA
"KPK","KOHAT","KARAK","BANDA DAUD SHAH","TEHSIL","Disability",9633,4772,4861,9633,4772,4861,NA,NA,NA
"KPK","KOHAT","KARAK","BANDA DAUD SHAH","TEHSIL","Functional limitation",24893,12183,12710,24893,12183,12710,NA,NA,NA
"KPK","KOHAT","KARAK","BANDA DAUD SHAH","TEHSIL","Seeing",5094,2501,2593,5094,2501,2593,NA,NA,NA
"KPK","KOHAT","KARAK","BANDA DAUD SHAH","TEHSIL","Hearing",5329,2591,2738,5329,2591,2738,NA,NA,NA
"KPK","KOHAT","KARAK","BANDA DAUD SHAH","TEHSIL","Walking/ Climbing",7615,3764,3851,7615,3764,3851,NA,NA,NA
"KPK","KOHAT","KARAK","BANDA DAUD SHAH","TEHSIL","Communication",3148,1605,1543,3148,1605,1543,NA,NA,NA
"KPK","KOHAT","KARAK","BANDA DAUD SHAH","TEHSIL","Memorization/ Focus",4180,2134,2046,4180,2134,2046,NA,NA,NA
"KPK","KOHAT","KARAK","BANDA DAUD SHAH","TEHSIL","Self care etc",2766,1328,1438,2766,1328,1438,NA,NA,NA
"KPK","KOHAT","KARAK","KARAK","TEHSIL","Population",339889,176208,163681,281852,146131,135721,58037,30077,27960
"KPK","KOHAT","KARAK","KARAK","TEHSIL","Disability",10698,5292,5406,9364,4633,4731,1334,659,675
"KPK","KOHAT","KARAK","KARAK","TEHSIL","Functional limitation",39928,20157,19771,33529,16843,16686,6399,3314,3085
"KPK","KOHAT","KARAK","KARAK","TEHSIL","Seeing",8165,4198,3967,6906,3532,3374,1259,666,593
"KPK","KOHAT","KARAK","KARAK","TEHSIL","Hearing",8776,4471,4305,7317,3709,3608,1459,762,697
"KPK","KOHAT","KARAK","KARAK","TEHSIL","Walking/ Climbing",13474,6840,6634,11382,5759,5623,2092,1081,1011
"KPK","KOHAT","KARAK","KARAK","TEHSIL","Communication",4690,2428,2262,3973,2046,1927,717,382,335
"KPK","KOHAT","KARAK","KARAK","TEHSIL","Memorization/ Focus",6775,3476,3299,5733,2928,2805,1042,548,494
"KPK","KOHAT","KARAK","KARAK","TEHSIL","Self care etc",4051,1961,2090,3368,1615,1753,683,346,337
"KPK","KOHAT","KARAK","TAKHT-E-NASRATI","TEHSIL","Population",298125,155707,142418,298125,155707,142418,NA,NA,NA
"KPK","KOHAT","KARAK","TAKHT-E-NASRATI","TEHSIL","Disability",9640,4759,4881,9640,4759,4881,NA,NA,NA
"KPK","KOHAT","KARAK","TAKHT-E-NASRATI","TEHSIL","Functional limitation",35113,17814,17299,35113,17814,17299,NA,NA,NA
"KPK","KOHAT","KARAK","TAKHT-E-NASRATI","TEHSIL","Seeing",6715,3497,3218,6715,3497,3218,NA,NA,NA
"KPK","KOHAT","KARAK","TAKHT-E-NASRATI","TEHSIL","Hearing",7506,3833,3673,7506,3833,3673,NA,NA,NA
"KPK","KOHAT","KARAK","TAKHT-E-NASRATI","TEHSIL","Walking/ Climbing",11325,5802,5523,11325,5802,5523,NA,NA,NA
"KPK","KOHAT","KARAK","TAKHT-E-NASRATI","TEHSIL","Communication",3829,2059,1770,3829,2059,1770,NA,NA,NA
"KPK","KOHAT","KARAK","TAKHT-E-NASRATI","TEHSIL","Memorization/ Focus",5686,2958,2728,5686,2958,2728,NA,NA,NA
"KPK","KOHAT","KARAK","TAKHT-E-NASRATI","TEHSIL","Self care etc",3783,1854,1929,3783,1854,1929,NA,NA,NA
"KPK","PESHAWAR","KHYBER","BARA","TEHSIL","Population",548084,284163,263921,548084,284163,263921,NA,NA,NA
"KPK","PESHAWAR","KHYBER","BARA","TEHSIL","Disability",7970,4553,3417,7970,4553,3417,NA,NA,NA
"KPK","PESHAWAR","KHYBER","BARA","TEHSIL","Functional limitation",24565,12235,12330,24565,12235,12330,NA,NA,NA
"KPK","PESHAWAR","KHYBER","BARA","TEHSIL","Seeing",5318,2736,2582,5318,2736,2582,NA,NA,NA
"KPK","PESHAWAR","KHYBER","BARA","TEHSIL","Hearing",5397,2677,2720,5397,2677,2720,NA,NA,NA
"KPK","PESHAWAR","KHYBER","BARA","TEHSIL","Walking/ Climbing",9198,4800,4398,9198,4800,4398,NA,NA,NA
"KPK","PESHAWAR","KHYBER","BARA","TEHSIL","Communication",3442,1899,1543,3442,1899,1543,NA,NA,NA
"KPK","PESHAWAR","KHYBER","BARA","TEHSIL","Memorization/ Focus",4375,2366,2009,4375,2366,2009,NA,NA,NA
"KPK","PESHAWAR","KHYBER","BARA","TEHSIL","Self care etc",2085,931,1154,2085,931,1154,NA,NA,NA
"KPK","PESHAWAR","KHYBER","JAMRUD","TEHSIL","Population",243005,128226,114779,186492,98655,87837,56513,29571,26942
"KPK","PESHAWAR","KHYBER","JAMRUD","TEHSIL","Disability",4544,3029,1515,3649,2414,1235,895,615,280
"KPK","PESHAWAR","KHYBER","JAMRUD","TEHSIL","Functional limitation",11794,6560,5234,9133,5057,4076,2661,1503,1158
"KPK","PESHAWAR","KHYBER","JAMRUD","TEHSIL","Seeing",2276,1215,1061,1676,882,794,600,333,267
"KPK","PESHAWAR","KHYBER","JAMRUD","TEHSIL","Hearing",2575,1376,1199,1833,980,853,742,396,346
"KPK","PESHAWAR","KHYBER","JAMRUD","TEHSIL","Walking/ Climbing",4133,2361,1772,3135,1793,1342,998,568,430
"KPK","PESHAWAR","KHYBER","JAMRUD","TEHSIL","Communication",1855,1153,702,1358,849,509,497,304,193
"KPK","PESHAWAR","KHYBER","JAMRUD","TEHSIL","Memorization/ Focus",2126,1272,854,1561,937,624,565,335,230
"KPK","PESHAWAR","KHYBER","JAMRUD","TEHSIL","Self care etc",1114,654,460,863,498,365,251,156,95
"KPK","PESHAWAR","KHYBER","LANDI KOTAL","TEHSIL","Population",312313,163168,149145,274248,143084,131164,38065,20084,17981
"KPK","PESHAWAR","KHYBER","LANDI KOTAL","TEHSIL","Disability",4187,2415,1772,3757,2156,1601,430,259,171
"KPK","PESHAWAR","KHYBER","LANDI KOTAL","TEHSIL","Functional limitation",13281,6670,6611,11573,5799,5774,1708,871,837
"KPK","PESHAWAR","KHYBER","LANDI KOTAL","TEHSIL","Seeing",2839,1508,1331,2511,1328,1183,328,180,148
"KPK","PESHAWAR","KHYBER","LANDI KOTAL","TEHSIL","Hearing",2690,1314,1376,2313,1117,1196,377,197,180
"KPK","PESHAWAR","KHYBER","LANDI KOTAL","TEHSIL","Walking/ Climbing",5047,2690,2357,4451,2362,2089,596,328,268
"KPK","PESHAWAR","KHYBER","LANDI KOTAL","TEHSIL","Communication",1590,939,651,1386,822,564,204,117,87
"KPK","PESHAWAR","KHYBER","LANDI KOTAL","TEHSIL","Memorization/ Focus",2322,1200,1122,2022,1040,982,300,160,140
"KPK","PESHAWAR","KHYBER","LANDI KOTAL","TEHSIL","Self care etc",1088,453,635,933,376,557,155,77,78
"KPK","PESHAWAR","KHYBER","MULLA GORI","TEHSIL","Population",42580,22584,19996,42580,22584,19996,NA,NA,NA
"KPK","PESHAWAR","KHYBER","MULLA GORI","TEHSIL","Disability",2243,1281,962,2243,1281,962,NA,NA,NA
"KPK","PESHAWAR","KHYBER","MULLA GORI","TEHSIL","Functional limitation",3411,1836,1575,3411,1836,1575,NA,NA,NA
"KPK","PESHAWAR","KHYBER","MULLA GORI","TEHSIL","Seeing",709,417,292,709,417,292,NA,NA,NA
"KPK","PESHAWAR","KHYBER","MULLA GORI","TEHSIL","Hearing",633,355,278,633,355,278,NA,NA,NA
"KPK","PESHAWAR","KHYBER","MULLA GORI","TEHSIL","Walking/ Climbing",972,504,468,972,504,468,NA,NA,NA
"KPK","PESHAWAR","KHYBER","MULLA GORI","TEHSIL","Communication",378,217,161,378,217,161,NA,NA,NA
"KPK","PESHAWAR","KHYBER","MULLA GORI","TEHSIL","Memorization/ Focus",516,289,227,516,289,227,NA,NA,NA
"KPK","PESHAWAR","KHYBER","MULLA GORI","TEHSIL","Self care etc",520,274,246,520,274,246,NA,NA,NA
"KPK","KOHAT","KOHAT","DARRA ADAM KHEL","SUB-DIVISION","Population",139839,70667,69172,139839,70667,69172,NA,NA,NA
"KPK","KOHAT","KOHAT","DARRA ADAM KHEL","SUB-DIVISION","Disability",5523,2953,2570,5523,2953,2570,NA,NA,NA
"KPK","KOHAT","KOHAT","DARRA ADAM KHEL","SUB-DIVISION","Functional limitation",15654,7991,7663,15654,7991,7663,NA,NA,NA
"KPK","KOHAT","KOHAT","DARRA ADAM KHEL","SUB-DIVISION","Seeing",3240,1669,1571,3240,1669,1571,NA,NA,NA
"KPK","KOHAT","KOHAT","DARRA ADAM KHEL","SUB-DIVISION","Hearing",3063,1559,1504,3063,1559,1504,NA,NA,NA
"KPK","KOHAT","KOHAT","DARRA ADAM KHEL","SUB-DIVISION","Walking/ Climbing",5521,2755,2766,5521,2755,2766,NA,NA,NA
"KPK","KOHAT","KOHAT","DARRA ADAM KHEL","SUB-DIVISION","Communication",1916,1074,842,1916,1074,842,NA,NA,NA
"KPK","KOHAT","KOHAT","DARRA ADAM KHEL","SUB-DIVISION","Memorization/ Focus",2591,1422,1169,2591,1422,1169,NA,NA,NA
"KPK","KOHAT","KOHAT","DARRA ADAM KHEL","SUB-DIVISION","Self care etc",1473,712,761,1473,712,761,NA,NA,NA
"KPK","KOHAT","KOHAT","GUMBAT","TEHSIL","Population",124530,63028,61502,124530,63028,61502,NA,NA,NA
"KPK","KOHAT","KOHAT","GUMBAT","TEHSIL","Disability",7573,3928,3645,7573,3928,3645,NA,NA,NA
"KPK","KOHAT","KOHAT","GUMBAT","TEHSIL","Functional limitation",17617,8927,8690,17617,8927,8690,NA,NA,NA
"KPK","KOHAT","KOHAT","GUMBAT","TEHSIL","Seeing",3590,1826,1764,3590,1826,1764,NA,NA,NA
"KPK","KOHAT","KOHAT","GUMBAT","TEHSIL","Hearing",4007,2058,1949,4007,2058,1949,NA,NA,NA
"KPK","KOHAT","KOHAT","GUMBAT","TEHSIL","Walking/ Climbing",4145,2128,2017,4145,2128,2017,NA,NA,NA
"KPK","KOHAT","KOHAT","GUMBAT","TEHSIL","Communication",2406,1226,1180,2406,1226,1180,NA,NA,NA
"KPK","KOHAT","KOHAT","GUMBAT","TEHSIL","Memorization/ Focus",3132,1634,1498,3132,1634,1498,NA,NA,NA
"KPK","KOHAT","KOHAT","GUMBAT","TEHSIL","Self care etc",2151,1093,1058,2151,1093,1058,NA,NA,NA
"KPK","KOHAT","KOHAT","KOHAT","TEHSIL","Population",817530,417357,400173,581692,295018,286674,235838,122339,113499
"KPK","KOHAT","KOHAT","KOHAT","TEHSIL","Disability",35518,18438,17080,26157,13465,12692,9361,4973,4388
"KPK","KOHAT","KOHAT","KOHAT","TEHSIL","Functional limitation",94963,48916,46047,67517,34249,33268,27446,14667,12779
"KPK","KOHAT","KOHAT","KOHAT","TEHSIL","Seeing",16911,8856,8055,12204,6317,5887,4707,2539,2168
"KPK","KOHAT","KOHAT","KOHAT","TEHSIL","Hearing",18310,9514,8796,13092,6698,6394,5218,2816,2402
"KPK","KOHAT","KOHAT","KOHAT","TEHSIL","Walking/ Climbing",32509,16875,15634,23452,12018,11434,9057,4857,4200
"KPK","KOHAT","KOHAT","KOHAT","TEHSIL","Communication",10595,5655,4940,7817,4131,3686,2778,1524,1254
"KPK","KOHAT","KOHAT","KOHAT","TEHSIL","Memorization/ Focus",14574,7655,6919,10497,5461,5036,4077,2194,1883
"KPK","KOHAT","KOHAT","KOHAT","TEHSIL","Self care etc",10892,5459,5433,7638,3766,3872,3254,1693,1561
"KPK","KOHAT","KOHAT","LACHI","TEHSIL","Population",152680,78506,74174,109819,56147,53672,42861,22359,20502
"KPK","KOHAT","KOHAT","LACHI","TEHSIL","Disability",6460,3396,3064,4500,2340,2160,1960,1056,904
"KPK","KOHAT","KOHAT","LACHI","TEHSIL","Functional limitation",19004,9836,9168,13275,6760,6515,5729,3076,2653
"KPK","KOHAT","KOHAT","LACHI","TEHSIL","Seeing",4290,2218,2072,2807,1450,1357,1483,768,715
"KPK","KOHAT","KOHAT","LACHI","TEHSIL","Hearing",3983,1988,1995,2862,1406,1456,1121,582,539
"KPK","KOHAT","KOHAT","LACHI","TEHSIL","Walking/ Climbing",6955,3608,3347,4842,2485,2357,2113,1123,990
"KPK","KOHAT","KOHAT","LACHI","TEHSIL","Communication",2298,1264,1034,1682,923,759,616,341,275
"KPK","KOHAT","KOHAT","LACHI","TEHSIL","Memorization/ Focus",3148,1659,1489,2214,1149,1065,934,510,424
"KPK","KOHAT","KOHAT","LACHI","TEHSIL","Self care etc",1730,870,860,1219,594,625,511,276,235
"KPK","HAZARA","KOLAI PALAS KOHISTAN","BATTAIRA","SUB-DIVISION","Population",139976,72510,67466,139976,72510,67466,NA,NA,NA
"KPK","HAZARA","KOLAI PALAS KOHISTAN","BATTAIRA","SUB-DIVISION","Disability",1198,441,757,1198,441,757,NA,NA,NA
"KPK","HAZARA","KOLAI PALAS KOHISTAN","BATTAIRA","SUB-DIVISION","Functional limitation",3278,1538,1740,3278,1538,1740,NA,NA,NA
"KPK","HAZARA","KOLAI PALAS KOHISTAN","BATTAIRA","SUB-DIVISION","Seeing",651,350,301,651,350,301,NA,NA,NA
"KPK","HAZARA","KOLAI PALAS KOHISTAN","BATTAIRA","SUB-DIVISION","Hearing",578,290,288,578,290,288,NA,NA,NA
"KPK","HAZARA","KOLAI PALAS KOHISTAN","BATTAIRA","SUB-DIVISION","Walking/ Climbing",1444,692,752,1444,692,752,NA,NA,NA
"KPK","HAZARA","KOLAI PALAS KOHISTAN","BATTAIRA","SUB-DIVISION","Communication",301,138,163,301,138,163,NA,NA,NA
"KPK","HAZARA","KOLAI PALAS KOHISTAN","BATTAIRA","SUB-DIVISION","Memorization/ Focus",450,212,238,450,212,238,NA,NA,NA
"KPK","HAZARA","KOLAI PALAS KOHISTAN","BATTAIRA","SUB-DIVISION","Self care etc",313,126,187,313,126,187,NA,NA,NA
"KPK","HAZARA","KOLAI PALAS KOHISTAN","PALAS","SUB-DIVISION","Population",96750,49234,47516,96750,49234,47516,NA,NA,NA
"KPK","HAZARA","KOLAI PALAS KOHISTAN","PALAS","SUB-DIVISION","Disability",2950,1572,1378,2950,1572,1378,NA,NA,NA
"KPK","HAZARA","KOLAI PALAS KOHISTAN","PALAS","SUB-DIVISION","Functional limitation",3836,2097,1739,3836,2097,1739,NA,NA,NA
"KPK","HAZARA","KOLAI PALAS KOHISTAN","PALAS","SUB-DIVISION","Seeing",753,412,341,753,412,341,NA,NA,NA
"KPK","HAZARA","KOLAI PALAS KOHISTAN","PALAS","SUB-DIVISION","Hearing",596,338,258,596,338,258,NA,NA,NA
"KPK","HAZARA","KOLAI PALAS KOHISTAN","PALAS","SUB-DIVISION","Walking/ Climbing",1365,740,625,1365,740,625,NA,NA,NA
"KPK","HAZARA","KOLAI PALAS KOHISTAN","PALAS","SUB-DIVISION","Communication",532,293,239,532,293,239,NA,NA,NA
"KPK","HAZARA","KOLAI PALAS KOHISTAN","PALAS","SUB-DIVISION","Memorization/ Focus",612,347,265,612,347,265,NA,NA,NA
"KPK","HAZARA","KOLAI PALAS KOHISTAN","PALAS","SUB-DIVISION","Self care etc",496,271,225,496,271,225,NA,NA,NA
"KPK","KOHAT","KURRAM","CENTRAL KURRAM F.R","TEHSIL","Population",358670,190460,168210,358670,190460,168210,NA,NA,NA
"KPK","KOHAT","KURRAM","CENTRAL KURRAM F.R","TEHSIL","Disability",6610,3862,2748,6610,3862,2748,NA,NA,NA
"KPK","KOHAT","KURRAM","CENTRAL KURRAM F.R","TEHSIL","Functional limitation",19293,9565,9728,19293,9565,9728,NA,NA,NA
"KPK","KOHAT","KURRAM","CENTRAL KURRAM F.R","TEHSIL","Seeing",4149,2113,2036,4149,2113,2036,NA,NA,NA
"KPK","KOHAT","KURRAM","CENTRAL KURRAM F.R","TEHSIL","Hearing",3889,1907,1982,3889,1907,1982,NA,NA,NA
"KPK","KOHAT","KURRAM","CENTRAL KURRAM F.R","TEHSIL","Walking/ Climbing",7068,3656,3412,7068,3656,3412,NA,NA,NA
"KPK","KOHAT","KURRAM","CENTRAL KURRAM F.R","TEHSIL","Communication",2232,1205,1027,2232,1205,1027,NA,NA,NA
"KPK","KOHAT","KURRAM","CENTRAL KURRAM F.R","TEHSIL","Memorization/ Focus",2989,1529,1460,2989,1529,1460,NA,NA,NA
"KPK","KOHAT","KURRAM","CENTRAL KURRAM F.R","TEHSIL","Self care etc",1787,869,918,1787,869,918,NA,NA,NA
"KPK","KOHAT","KURRAM","LOWER KURRAM","TEHSIL","Population",150945,77729,73216,111057,56535,54522,39888,21194,18694
"KPK","KOHAT","KURRAM","LOWER KURRAM","TEHSIL","Disability",9030,5135,3895,7845,4457,3388,1185,678,507
"KPK","KOHAT","KURRAM","LOWER KURRAM","TEHSIL","Functional limitation",16273,8423,7850,13362,6907,6455,2911,1516,1395
"KPK","KOHAT","KURRAM","LOWER KURRAM","TEHSIL","Seeing",2963,1526,1437,2383,1222,1161,580,304,276
"KPK","KOHAT","KURRAM","LOWER KURRAM","TEHSIL","Hearing",3064,1594,1470,2476,1287,1189,588,307,281
"KPK","KOHAT","KURRAM","LOWER KURRAM","TEHSIL","Walking/ Climbing",5114,2643,2471,4103,2092,2011,1011,551,460
"KPK","KOHAT","KURRAM","LOWER KURRAM","TEHSIL","Communication",2006,1079,927,1617,870,747,389,209,180
"KPK","KOHAT","KURRAM","LOWER KURRAM","TEHSIL","Memorization/ Focus",2538,1351,1187,1986,1098,888,552,253,299
"KPK","KOHAT","KURRAM","LOWER KURRAM","TEHSIL","Self care etc",2031,1080,951,1745,928,817,286,152,134
"KPK","KOHAT","KURRAM","UPPER KURRAM","TEHSIL","Population",275819,138740,137079,270236,135766,134470,5583,2974,2609
"KPK","KOHAT","KURRAM","UPPER KURRAM","TEHSIL","Disability",8808,5198,3610,8649,5110,3539,159,88,71
"KPK","KOHAT","KURRAM","UPPER KURRAM","TEHSIL","Functional limitation",24062,12003,12059,23596,11771,11825,466,232,234
"KPK","KOHAT","KURRAM","UPPER KURRAM","TEHSIL","Seeing",4784,2394,2390,4689,2344,2345,95,50,45
"KPK","KOHAT","KURRAM","UPPER KURRAM","TEHSIL","Hearing",5026,2433,2593,4936,2392,2544,90,41,49
"KPK","KOHAT","KURRAM","UPPER KURRAM","TEHSIL","Walking/ Climbing",8811,4564,4247,8643,4483,4160,168,81,87
"KPK","KOHAT","KURRAM","UPPER KURRAM","TEHSIL","Communication",3063,1730,1333,3009,1700,1309,54,30,24
"KPK","KOHAT","KURRAM","UPPER KURRAM","TEHSIL","Memorization/ Focus",4107,2182,1925,4015,2140,1875,92,42,50
"KPK","KOHAT","KURRAM","UPPER KURRAM","TEHSIL","Self care etc",2464,1182,1282,2415,1157,1258,49,25,24
"KPK","BANNU","LAKKI MARWAT","BETTANI","SUB-DIVISION","Population",35570,18290,17280,35570,18290,17280,NA,NA,NA
"KPK","BANNU","LAKKI MARWAT","BETTANI","SUB-DIVISION","Disability",2338,1234,1104,2338,1234,1104,NA,NA,NA
"KPK","BANNU","LAKKI MARWAT","BETTANI","SUB-DIVISION","Functional limitation",4181,2112,2069,4181,2112,2069,NA,NA,NA
"KPK","BANNU","LAKKI MARWAT","BETTANI","SUB-DIVISION","Seeing",819,421,398,819,421,398,NA,NA,NA
"KPK","BANNU","LAKKI MARWAT","BETTANI","SUB-DIVISION","Hearing",946,530,416,946,530,416,NA,NA,NA
"KPK","BANNU","LAKKI MARWAT","BETTANI","SUB-DIVISION","Walking/ Climbing",1212,598,614,1212,598,614,NA,NA,NA
"KPK","BANNU","LAKKI MARWAT","BETTANI","SUB-DIVISION","Communication",372,182,190,372,182,190,NA,NA,NA
"KPK","BANNU","LAKKI MARWAT","BETTANI","SUB-DIVISION","Memorization/ Focus",522,263,259,522,263,259,NA,NA,NA
"KPK","BANNU","LAKKI MARWAT","BETTANI","SUB-DIVISION","Self care etc",465,219,246,465,219,246,NA,NA,NA
"KPK","BANNU","LAKKI MARWAT","GHAZNI KHEL","TEHSIL","Population",327584,164757,162827,327584,164757,162827,NA,NA,NA
"KPK","BANNU","LAKKI MARWAT","GHAZNI KHEL","TEHSIL","Disability",10179,5266,4913,10179,5266,4913,NA,NA,NA
"KPK","BANNU","LAKKI MARWAT","GHAZNI KHEL","TEHSIL","Functional limitation",33951,16889,17062,33951,16889,17062,NA,NA,NA
"KPK","BANNU","LAKKI MARWAT","GHAZNI KHEL","TEHSIL","Seeing",5858,2947,2911,5858,2947,2911,NA,NA,NA
"KPK","BANNU","LAKKI MARWAT","GHAZNI KHEL","TEHSIL","Hearing",6592,3176,3416,6592,3176,3416,NA,NA,NA
"KPK","BANNU","LAKKI MARWAT","GHAZNI KHEL","TEHSIL","Walking/ Climbing",10618,5348,5270,10618,5348,5270,NA,NA,NA
"KPK","BANNU","LAKKI MARWAT","GHAZNI KHEL","TEHSIL","Communication",3414,1804,1610,3414,1804,1610,NA,NA,NA
"KPK","BANNU","LAKKI MARWAT","GHAZNI KHEL","TEHSIL","Memorization/ Focus",5189,2651,2538,5189,2651,2538,NA,NA,NA
"KPK","BANNU","LAKKI MARWAT","GHAZNI KHEL","TEHSIL","Self care etc",3910,1915,1995,3910,1915,1995,NA,NA,NA
"KPK","BANNU","LAKKI MARWAT","LAKKI MARWAT","TEHSIL","Population",340598,172436,168162,270872,137003,133869,69726,35433,34293
"KPK","BANNU","LAKKI MARWAT","LAKKI MARWAT","TEHSIL","Disability",8407,4339,4068,6812,3505,3307,1595,834,761
"KPK","BANNU","LAKKI MARWAT","LAKKI MARWAT","TEHSIL","Functional limitation",33141,16505,16636,26100,12955,13145,7041,3550,3491
"KPK","BANNU","LAKKI MARWAT","LAKKI MARWAT","TEHSIL","Seeing",5894,2974,2920,4616,2331,2285,1278,643,635
"KPK","BANNU","LAKKI MARWAT","LAKKI MARWAT","TEHSIL","Hearing",6851,3420,3431,5338,2651,2687,1513,769,744
"KPK","BANNU","LAKKI MARWAT","LAKKI MARWAT","TEHSIL","Walking/ Climbing",10321,5204,5117,8126,4087,4039,2195,1117,1078
"KPK","BANNU","LAKKI MARWAT","LAKKI MARWAT","TEHSIL","Communication",3265,1685,1580,2548,1317,1231,717,368,349
"KPK","BANNU","LAKKI MARWAT","LAKKI MARWAT","TEHSIL","Memorization/ Focus",4788,2434,2354,3728,1891,1837,1060,543,517
"KPK","BANNU","LAKKI MARWAT","LAKKI MARWAT","TEHSIL","Self care etc",3786,1850,1936,2993,1459,1534,793,391,402
"KPK","BANNU","LAKKI MARWAT","SARAI NAURANG","TEHSIL","Population",332548,169463,163085,300336,153235,147101,32212,16228,15984
"KPK","BANNU","LAKKI MARWAT","SARAI NAURANG","TEHSIL","Disability",7697,4129,3568,7127,3835,3292,570,294,276
"KPK","BANNU","LAKKI MARWAT","SARAI NAURANG","TEHSIL","Functional limitation",29244,14988,14256,26417,13572,12845,2827,1416,1411
"KPK","BANNU","LAKKI MARWAT","SARAI NAURANG","TEHSIL","Seeing",5432,2859,2573,4923,2597,2326,509,262,247
"KPK","BANNU","LAKKI MARWAT","SARAI NAURANG","TEHSIL","Hearing",6085,3112,2973,5507,2824,2683,578,288,290
"KPK","BANNU","LAKKI MARWAT","SARAI NAURANG","TEHSIL","Walking/ Climbing",9319,4865,4454,8444,4425,4019,875,440,435
"KPK","BANNU","LAKKI MARWAT","SARAI NAURANG","TEHSIL","Communication",2943,1526,1417,2691,1390,1301,252,136,116
"KPK","BANNU","LAKKI MARWAT","SARAI NAURANG","TEHSIL","Memorization/ Focus",4373,2291,2082,3969,2087,1882,404,204,200
"KPK","BANNU","LAKKI MARWAT","SARAI NAURANG","TEHSIL","Self care etc",3226,1618,1608,2915,1466,1449,311,152,159
"KPK","MALAKAND","LOWER CHITRAL","CHITRAL","SUB-DIVISION","Population",209301,106756,102545,153777,78258,75519,55524,28498,27026
"KPK","MALAKAND","LOWER CHITRAL","CHITRAL","SUB-DIVISION","Disability",6967,4204,2763,5835,3452,2383,1132,752,380
"KPK","MALAKAND","LOWER CHITRAL","CHITRAL","SUB-DIVISION","Functional limitation",16629,9721,6908,12985,7484,5501,3644,2237,1407
"KPK","MALAKAND","LOWER CHITRAL","CHITRAL","SUB-DIVISION","Seeing",3955,2208,1747,3230,1782,1448,725,426,299
"KPK","MALAKAND","LOWER CHITRAL","CHITRAL","SUB-DIVISION","Hearing",3791,2229,1562,2978,1734,1244,813,495,318
"KPK","MALAKAND","LOWER CHITRAL","CHITRAL","SUB-DIVISION","Walking/ Climbing",6442,3626,2816,5177,2866,2311,1265,760,505
"KPK","MALAKAND","LOWER CHITRAL","CHITRAL","SUB-DIVISION","Communication",2217,1334,883,1752,1049,703,465,285,180
"KPK","MALAKAND","LOWER CHITRAL","CHITRAL","SUB-DIVISION","Memorization/ Focus",2677,1527,1150,2097,1178,919,580,349,231
"KPK","MALAKAND","LOWER CHITRAL","CHITRAL","SUB-DIVISION","Self care etc",1368,836,532,1004,609,395,364,227,137
"KPK","MALAKAND","LOWER CHITRAL","DROSH","SUB-DIVISION","Population",108933,55785,53148,108933,55785,53148,NA,NA,NA
"KPK","MALAKAND","LOWER CHITRAL","DROSH","SUB-DIVISION","Disability",4097,2461,1636,4097,2461,1636,NA,NA,NA
"KPK","MALAKAND","LOWER CHITRAL","DROSH","SUB-DIVISION","Functional limitation",7687,4586,3101,7687,4586,3101,NA,NA,NA
"KPK","MALAKAND","LOWER CHITRAL","DROSH","SUB-DIVISION","Seeing",1607,921,686,1607,921,686,NA,NA,NA
"KPK","MALAKAND","LOWER CHITRAL","DROSH","SUB-DIVISION","Hearing",1475,870,605,1475,870,605,NA,NA,NA
"KPK","MALAKAND","LOWER CHITRAL","DROSH","SUB-DIVISION","Walking/ Climbing",2920,1697,1223,2920,1697,1223,NA,NA,NA
"KPK","MALAKAND","LOWER CHITRAL","DROSH","SUB-DIVISION","Communication",1042,624,418,1042,624,418,NA,NA,NA
"KPK","MALAKAND","LOWER CHITRAL","DROSH","SUB-DIVISION","Memorization/ Focus",1477,888,589,1477,888,589,NA,NA,NA
"KPK","MALAKAND","LOWER CHITRAL","DROSH","SUB-DIVISION","Self care etc",768,483,285,768,483,285,NA,NA,NA
"KPK","MALAKAND","LOWER DIR","ADENZAI","SUB-DIVISION","Population",377568,192243,185325,377568,192243,185325,NA,NA,NA
"KPK","MALAKAND","LOWER DIR","ADENZAI","SUB-DIVISION","Disability",7044,4554,2490,7044,4554,2490,NA,NA,NA
"KPK","MALAKAND","LOWER DIR","ADENZAI","SUB-DIVISION","Functional limitation",16460,10093,6367,16460,10093,6367,NA,NA,NA
"KPK","MALAKAND","LOWER DIR","ADENZAI","SUB-DIVISION","Seeing",4040,2413,1627,4040,2413,1627,NA,NA,NA
"KPK","MALAKAND","LOWER DIR","ADENZAI","SUB-DIVISION","Hearing",3553,2129,1424,3553,2129,1424,NA,NA,NA
"KPK","MALAKAND","LOWER DIR","ADENZAI","SUB-DIVISION","Walking/ Climbing",7023,4212,2811,7023,4212,2811,NA,NA,NA
"KPK","MALAKAND","LOWER DIR","ADENZAI","SUB-DIVISION","Communication",2735,1679,1056,2735,1679,1056,NA,NA,NA
"KPK","MALAKAND","LOWER DIR","ADENZAI","SUB-DIVISION","Memorization/ Focus",3667,2172,1495,3667,2172,1495,NA,NA,NA
"KPK","MALAKAND","LOWER DIR","ADENZAI","SUB-DIVISION","Self care etc",1124,733,391,1124,733,391,NA,NA,NA
"KPK","MALAKAND","LOWER DIR","LAL QILA","SUB-DIVISION","Population",247297,116928,130369,247297,116928,130369,NA,NA,NA
"KPK","MALAKAND","LOWER DIR","LAL QILA","SUB-DIVISION","Disability",14192,8772,5420,14192,8772,5420,NA,NA,NA
"KPK","MALAKAND","LOWER DIR","LAL QILA","SUB-DIVISION","Functional limitation",20403,11925,8478,20403,11925,8478,NA,NA,NA
"KPK","MALAKAND","LOWER DIR","LAL QILA","SUB-DIVISION","Seeing",3834,2162,1672,3834,2162,1672,NA,NA,NA
"KPK","MALAKAND","LOWER DIR","LAL QILA","SUB-DIVISION","Hearing",3557,2062,1495,3557,2062,1495,NA,NA,NA
"KPK","MALAKAND","LOWER DIR","LAL QILA","SUB-DIVISION","Walking/ Climbing",6784,3918,2866,6784,3918,2866,NA,NA,NA
"KPK","MALAKAND","LOWER DIR","LAL QILA","SUB-DIVISION","Communication",3307,1983,1324,3307,1983,1324,NA,NA,NA
"KPK","MALAKAND","LOWER DIR","LAL QILA","SUB-DIVISION","Memorization/ Focus",3775,2209,1566,3775,2209,1566,NA,NA,NA
"KPK","MALAKAND","LOWER DIR","LAL QILA","SUB-DIVISION","Self care etc",2473,1490,983,2473,1490,983,NA,NA,NA
"KPK","MALAKAND","LOWER DIR","SAMARBAGH","SUB-DIVISION","Population",427628,211604,216024,427628,211604,216024,NA,NA,NA
"KPK","MALAKAND","LOWER DIR","SAMARBAGH","SUB-DIVISION","Disability",6449,4045,2404,6449,4045,2404,NA,NA,NA
"KPK","MALAKAND","LOWER DIR","SAMARBAGH","SUB-DIVISION","Functional limitation",16178,9244,6934,16178,9244,6934,NA,NA,NA
"KPK","MALAKAND","LOWER DIR","SAMARBAGH","SUB-DIVISION","Seeing",3902,2140,1762,3902,2140,1762,NA,NA,NA
"KPK","MALAKAND","LOWER DIR","SAMARBAGH","SUB-DIVISION","Hearing",3498,1955,1543,3498,1955,1543,NA,NA,NA
"KPK","MALAKAND","LOWER DIR","SAMARBAGH","SUB-DIVISION","Walking/ Climbing",6934,3966,2968,6934,3966,2968,NA,NA,NA
"KPK","MALAKAND","LOWER DIR","SAMARBAGH","SUB-DIVISION","Communication",2727,1673,1054,2727,1673,1054,NA,NA,NA
"KPK","MALAKAND","LOWER DIR","SAMARBAGH","SUB-DIVISION","Memorization/ Focus",3483,2018,1465,3483,2018,1465,NA,NA,NA
"KPK","MALAKAND","LOWER DIR","SAMARBAGH","SUB-DIVISION","Self care etc",1098,632,466,1098,632,466,NA,NA,NA
"KPK","MALAKAND","LOWER DIR","TEMERGARA","SUB-DIVISION","Population",596127,292054,304073,548267,267634,280633,47860,24420,23440
"KPK","MALAKAND","LOWER DIR","TEMERGARA","SUB-DIVISION","Disability",12428,7581,4847,11558,7011,4547,870,570,300
"KPK","MALAKAND","LOWER DIR","TEMERGARA","SUB-DIVISION","Functional limitation",27401,15741,11660,25248,14409,10839,2153,1332,821
"KPK","MALAKAND","LOWER DIR","TEMERGARA","SUB-DIVISION","Seeing",7123,3913,3210,6600,3604,2996,523,309,214
"KPK","MALAKAND","LOWER DIR","TEMERGARA","SUB-DIVISION","Hearing",5781,3198,2583,5347,2935,2412,434,263,171
"KPK","MALAKAND","LOWER DIR","TEMERGARA","SUB-DIVISION","Walking/ Climbing",12236,6965,5271,11358,6439,4919,878,526,352
"KPK","MALAKAND","LOWER DIR","TEMERGARA","SUB-DIVISION","Communication",4694,2793,1901,4354,2578,1776,340,215,125
"KPK","MALAKAND","LOWER DIR","TEMERGARA","SUB-DIVISION","Memorization/ Focus",6203,3567,2636,5733,3278,2455,470,289,181
"KPK","MALAKAND","LOWER DIR","TEMERGARA","SUB-DIVISION","Self care etc",1654,998,656,1500,902,598,154,96,58
"KPK","HAZARA","LOWER KOHISTAN","BANKAND RANOLIA","TEHSIL","Population",177057,91348,85709,177057,91348,85709,NA,NA,NA
"KPK","HAZARA","LOWER KOHISTAN","BANKAND RANOLIA","TEHSIL","Disability",2951,1680,1271,2951,1680,1271,NA,NA,NA
"KPK","HAZARA","LOWER KOHISTAN","BANKAND RANOLIA","TEHSIL","Functional limitation",7817,4296,3521,7817,4296,3521,NA,NA,NA
"KPK","HAZARA","LOWER KOHISTAN","BANKAND RANOLIA","TEHSIL","Seeing",1653,889,764,1653,889,764,NA,NA,NA
"KPK","HAZARA","LOWER KOHISTAN","BANKAND RANOLIA","TEHSIL","Hearing",1416,781,635,1416,781,635,NA,NA,NA
"KPK","HAZARA","LOWER KOHISTAN","BANKAND RANOLIA","TEHSIL","Walking/ Climbing",3110,1710,1400,3110,1710,1400,NA,NA,NA
"KPK","HAZARA","LOWER KOHISTAN","BANKAND RANOLIA","TEHSIL","Communication",778,441,337,778,441,337,NA,NA,NA
"KPK","HAZARA","LOWER KOHISTAN","BANKAND RANOLIA","TEHSIL","Memorization/ Focus",1137,655,482,1137,655,482,NA,NA,NA
"KPK","HAZARA","LOWER KOHISTAN","BANKAND RANOLIA","TEHSIL","Self care etc",781,450,331,781,450,331,NA,NA,NA
"KPK","HAZARA","LOWER KOHISTAN","PATTAN","SUB-DIVISION","Population",126248,64695,61553,126248,64695,61553,NA,NA,NA
"KPK","HAZARA","LOWER KOHISTAN","PATTAN","SUB-DIVISION","Disability",5199,2811,2388,5199,2811,2388,NA,NA,NA
"KPK","HAZARA","LOWER KOHISTAN","PATTAN","SUB-DIVISION","Functional limitation",7824,4236,3588,7824,4236,3588,NA,NA,NA
"KPK","HAZARA","LOWER KOHISTAN","PATTAN","SUB-DIVISION","Seeing",1467,834,633,1467,834,633,NA,NA,NA
"KPK","HAZARA","LOWER KOHISTAN","PATTAN","SUB-DIVISION","Hearing",1312,745,567,1312,745,567,NA,NA,NA
"KPK","HAZARA","LOWER KOHISTAN","PATTAN","SUB-DIVISION","Walking/ Climbing",2644,1431,1213,2644,1431,1213,NA,NA,NA
"KPK","HAZARA","LOWER KOHISTAN","PATTAN","SUB-DIVISION","Communication",1019,567,452,1019,567,452,NA,NA,NA
"KPK","HAZARA","LOWER KOHISTAN","PATTAN","SUB-DIVISION","Memorization/ Focus",1176,646,530,1176,646,530,NA,NA,NA
"KPK","HAZARA","LOWER KOHISTAN","PATTAN","SUB-DIVISION","Self care etc",1036,536,500,1036,536,500,NA,NA,NA
"KPK","MALAKAND","MALAKAND","SAM RANI ZAI","SUB-DIVISION","Population",352872,180546,172326,352872,180546,172326,NA,NA,NA
"KPK","MALAKAND","MALAKAND","SAM RANI ZAI","SUB-DIVISION","Disability",15935,8409,7526,15935,8409,7526,NA,NA,NA
"KPK","MALAKAND","MALAKAND","SAM RANI ZAI","SUB-DIVISION","Functional limitation",30847,15639,15208,30847,15639,15208,NA,NA,NA
"KPK","MALAKAND","MALAKAND","SAM RANI ZAI","SUB-DIVISION","Seeing",5736,2930,2806,5736,2930,2806,NA,NA,NA
"KPK","MALAKAND","MALAKAND","SAM RANI ZAI","SUB-DIVISION","Hearing",6092,3106,2986,6092,3106,2986,NA,NA,NA
"KPK","MALAKAND","MALAKAND","SAM RANI ZAI","SUB-DIVISION","Walking/ Climbing",10240,5263,4977,10240,5263,4977,NA,NA,NA
"KPK","MALAKAND","MALAKAND","SAM RANI ZAI","SUB-DIVISION","Communication",4591,2444,2147,4591,2444,2147,NA,NA,NA
"KPK","MALAKAND","MALAKAND","SAM RANI ZAI","SUB-DIVISION","Memorization/ Focus",5621,2956,2665,5621,2956,2665,NA,NA,NA
"KPK","MALAKAND","MALAKAND","SAM RANI ZAI","SUB-DIVISION","Self care etc",3617,1803,1814,3617,1803,1814,NA,NA,NA
"KPK","MALAKAND","MALAKAND","SWAT RANI ZAI","SUB-DIVISION","Population",472505,241840,230665,398980,203485,195495,73525,38355,35170
"KPK","MALAKAND","MALAKAND","SWAT RANI ZAI","SUB-DIVISION","Disability",13117,6927,6190,11255,5895,5360,1862,1032,830
"KPK","MALAKAND","MALAKAND","SWAT RANI ZAI","SUB-DIVISION","Functional limitation",32919,16629,16290,28029,14010,14019,4890,2619,2271
"KPK","MALAKAND","MALAKAND","SWAT RANI ZAI","SUB-DIVISION","Seeing",6880,3529,3351,5887,2991,2896,993,538,455
"KPK","MALAKAND","MALAKAND","SWAT RANI ZAI","SUB-DIVISION","Hearing",6727,3403,3324,5791,2906,2885,936,497,439
"KPK","MALAKAND","MALAKAND","SWAT RANI ZAI","SUB-DIVISION","Walking/ Climbing",12793,6537,6256,10959,5560,5399,1834,977,857
"KPK","MALAKAND","MALAKAND","SWAT RANI ZAI","SUB-DIVISION","Communication",4438,2386,2052,3845,2055,1790,593,331,262
"KPK","MALAKAND","MALAKAND","SWAT RANI ZAI","SUB-DIVISION","Memorization/ Focus",5850,3024,2826,5003,2564,2439,847,460,387
"KPK","MALAKAND","MALAKAND","SWAT RANI ZAI","SUB-DIVISION","Self care etc",3056,1465,1591,2605,1223,1382,451,242,209
"KPK","HAZARA","MANSEHRA","BAFFA PAKHAL","TEHSIL","Population",455544,232982,222562,438043,223899,214144,17501,9083,8418
"KPK","HAZARA","MANSEHRA","BAFFA PAKHAL","TEHSIL","Disability",17572,9927,7645,17189,9694,7495,383,233,150
"KPK","HAZARA","MANSEHRA","BAFFA PAKHAL","TEHSIL","Functional limitation",41797,23385,18412,40322,22543,17779,1475,842,633
"KPK","HAZARA","MANSEHRA","BAFFA PAKHAL","TEHSIL","Seeing",8600,4784,3816,8305,4618,3687,295,166,129
"KPK","HAZARA","MANSEHRA","BAFFA PAKHAL","TEHSIL","Hearing",8963,4985,3978,8630,4794,3836,333,191,142
"KPK","HAZARA","MANSEHRA","BAFFA PAKHAL","TEHSIL","Walking/ Climbing",15446,8665,6781,14954,8374,6580,492,291,201
"KPK","HAZARA","MANSEHRA","BAFFA PAKHAL","TEHSIL","Communication",6032,3462,2570,5867,3361,2506,165,101,64
"KPK","HAZARA","MANSEHRA","BAFFA PAKHAL","TEHSIL","Memorization/ Focus",7648,4354,3294,7380,4191,3189,268,163,105
"KPK","HAZARA","MANSEHRA","BAFFA PAKHAL","TEHSIL","Self care etc",4271,2347,1924,4128,2268,1860,143,79,64
"KPK","HAZARA","MANSEHRA","BALAKOT","TEHSIL","Population",310164,157177,152987,310164,157177,152987,NA,NA,NA
"KPK","HAZARA","MANSEHRA","BALAKOT","TEHSIL","Disability",8405,4440,3965,8405,4440,3965,NA,NA,NA
"KPK","HAZARA","MANSEHRA","BALAKOT","TEHSIL","Functional limitation",24824,13537,11287,24824,13537,11287,NA,NA,NA
"KPK","HAZARA","MANSEHRA","BALAKOT","TEHSIL","Seeing",5320,2938,2382,5320,2938,2382,NA,NA,NA
"KPK","HAZARA","MANSEHRA","BALAKOT","TEHSIL","Hearing",5396,3003,2393,5396,3003,2393,NA,NA,NA
"KPK","HAZARA","MANSEHRA","BALAKOT","TEHSIL","Walking/ Climbing",9341,5239,4102,9341,5239,4102,NA,NA,NA
"KPK","HAZARA","MANSEHRA","BALAKOT","TEHSIL","Communication",3729,1994,1735,3729,1994,1735,NA,NA,NA
"KPK","HAZARA","MANSEHRA","BALAKOT","TEHSIL","Memorization/ Focus",4755,2516,2239,4755,2516,2239,NA,NA,NA
"KPK","HAZARA","MANSEHRA","BALAKOT","TEHSIL","Self care etc",2025,1069,956,2025,1069,956,NA,NA,NA
"KPK","HAZARA","MANSEHRA","DARBAND","TEHSIL","Population",51702,24990,26712,51702,24990,26712,NA,NA,NA
"KPK","HAZARA","MANSEHRA","DARBAND","TEHSIL","Disability",3291,1459,1832,3291,1459,1832,NA,NA,NA
"KPK","HAZARA","MANSEHRA","DARBAND","TEHSIL","Functional limitation",6366,3011,3355,6366,3011,3355,NA,NA,NA
"KPK","HAZARA","MANSEHRA","DARBAND","TEHSIL","Seeing",1353,657,696,1353,657,696,NA,NA,NA
"KPK","HAZARA","MANSEHRA","DARBAND","TEHSIL","Hearing",1448,712,736,1448,712,736,NA,NA,NA
"KPK","HAZARA","MANSEHRA","DARBAND","TEHSIL","Walking/ Climbing",1948,907,1041,1948,907,1041,NA,NA,NA
"KPK","HAZARA","MANSEHRA","DARBAND","TEHSIL","Communication",764,403,361,764,403,361,NA,NA,NA
"KPK","HAZARA","MANSEHRA","DARBAND","TEHSIL","Memorization/ Focus",992,482,510,992,482,510,NA,NA,NA
"KPK","HAZARA","MANSEHRA","DARBAND","TEHSIL","Self care etc",715,324,391,715,324,391,NA,NA,NA
"KPK","HAZARA","MANSEHRA","MANSEHRA","TEHSIL","Population",720681,369100,351581,583849,298799,285050,136832,70301,66531
"KPK","HAZARA","MANSEHRA","MANSEHRA","TEHSIL","Disability",17819,10127,7692,15226,8610,6616,2593,1517,1076
"KPK","HAZARA","MANSEHRA","MANSEHRA","TEHSIL","Functional limitation",57876,32215,25661,47111,26126,20985,10765,6089,4676
"KPK","HAZARA","MANSEHRA","MANSEHRA","TEHSIL","Seeing",12099,6740,5359,9963,5516,4447,2136,1224,912
"KPK","HAZARA","MANSEHRA","MANSEHRA","TEHSIL","Hearing",12899,7182,5717,10456,5796,4660,2443,1386,1057
"KPK","HAZARA","MANSEHRA","MANSEHRA","TEHSIL","Walking/ Climbing",20986,11768,9218,17295,9670,7625,3691,2098,1593
"KPK","HAZARA","MANSEHRA","MANSEHRA","TEHSIL","Communication",7834,4515,3319,6512,3745,2767,1322,770,552
"KPK","HAZARA","MANSEHRA","MANSEHRA","TEHSIL","Memorization/ Focus",10442,5920,4522,8552,4834,3718,1890,1086,804
"KPK","HAZARA","MANSEHRA","MANSEHRA","TEHSIL","Self care etc",5532,3018,2514,4427,2401,2026,1105,617,488
"KPK","HAZARA","MANSEHRA","OGHI","TEHSIL","Population",251533,124398,127135,251533,124398,127135,NA,NA,NA
"KPK","HAZARA","MANSEHRA","OGHI","TEHSIL","Disability",11314,6288,5026,11314,6288,5026,NA,NA,NA
"KPK","HAZARA","MANSEHRA","OGHI","TEHSIL","Functional limitation",25272,13495,11777,25272,13495,11777,NA,NA,NA
"KPK","HAZARA","MANSEHRA","OGHI","TEHSIL","Seeing",4827,2524,2303,4827,2524,2303,NA,NA,NA
"KPK","HAZARA","MANSEHRA","OGHI","TEHSIL","Hearing",5255,2734,2521,5255,2734,2521,NA,NA,NA
"KPK","HAZARA","MANSEHRA","OGHI","TEHSIL","Walking/ Climbing",8034,4250,3784,8034,4250,3784,NA,NA,NA
"KPK","HAZARA","MANSEHRA","OGHI","TEHSIL","Communication",3758,2176,1582,3758,2176,1582,NA,NA,NA
"KPK","HAZARA","MANSEHRA","OGHI","TEHSIL","Memorization/ Focus",4379,2513,1866,4379,2513,1866,NA,NA,NA
"KPK","HAZARA","MANSEHRA","OGHI","TEHSIL","Self care etc",2728,1403,1325,2728,1403,1325,NA,NA,NA
"KPK","MARDAN","MARDAN","GHARI KAPOORA","TEHSIL","Population",319462,162369,157093,319462,162369,157093,NA,NA,NA
"KPK","MARDAN","MARDAN","GHARI KAPOORA","TEHSIL","Disability",9420,4791,4629,9420,4791,4629,NA,NA,NA
"KPK","MARDAN","MARDAN","GHARI KAPOORA","TEHSIL","Functional limitation",28862,15267,13595,28862,15267,13595,NA,NA,NA
"KPK","MARDAN","MARDAN","GHARI KAPOORA","TEHSIL","Seeing",5343,2843,2500,5343,2843,2500,NA,NA,NA
"KPK","MARDAN","MARDAN","GHARI KAPOORA","TEHSIL","Hearing",5902,3068,2834,5902,3068,2834,NA,NA,NA
"KPK","MARDAN","MARDAN","GHARI KAPOORA","TEHSIL","Walking/ Climbing",10135,5414,4721,10135,5414,4721,NA,NA,NA
"KPK","MARDAN","MARDAN","GHARI KAPOORA","TEHSIL","Communication",3413,1850,1563,3413,1850,1563,NA,NA,NA
"KPK","MARDAN","MARDAN","GHARI KAPOORA","TEHSIL","Memorization/ Focus",4672,2539,2133,4672,2539,2133,NA,NA,NA
"KPK","MARDAN","MARDAN","GHARI KAPOORA","TEHSIL","Self care etc",2913,1474,1439,2913,1474,1439,NA,NA,NA
"KPK","MARDAN","MARDAN","KATLANG","TEHSIL","Population",377535,192668,184867,377535,192668,184867,NA,NA,NA
"KPK","MARDAN","MARDAN","KATLANG","TEHSIL","Disability",13079,6825,6254,13079,6825,6254,NA,NA,NA
"KPK","MARDAN","MARDAN","KATLANG","TEHSIL","Functional limitation",36864,19630,17234,36864,19630,17234,NA,NA,NA
"KPK","MARDAN","MARDAN","KATLANG","TEHSIL","Seeing",7073,3836,3237,7073,3836,3237,NA,NA,NA
"KPK","MARDAN","MARDAN","KATLANG","TEHSIL","Hearing",7102,3871,3231,7102,3871,3231,NA,NA,NA
"KPK","MARDAN","MARDAN","KATLANG","TEHSIL","Walking/ Climbing",12725,6829,5896,12725,6829,5896,NA,NA,NA
"KPK","MARDAN","MARDAN","KATLANG","TEHSIL","Communication",4550,2471,2079,4550,2471,2079,NA,NA,NA
"KPK","MARDAN","MARDAN","KATLANG","TEHSIL","Memorization/ Focus",6176,3274,2902,6176,3274,2902,NA,NA,NA
"KPK","MARDAN","MARDAN","KATLANG","TEHSIL","Self care etc",3743,1957,1786,3743,1957,1786,NA,NA,NA
"KPK","MARDAN","MARDAN","MARDAN","TEHSIL","Population",1039962,539109,500853,671771,347937,323834,368191,191172,177019
"KPK","MARDAN","MARDAN","MARDAN","TEHSIL","Disability",35514,19722,15792,22099,12124,9975,13415,7598,5817
"KPK","MARDAN","MARDAN","MARDAN","TEHSIL","Functional limitation",98426,54919,43507,62427,34568,27859,35999,20351,15648
"KPK","MARDAN","MARDAN","MARDAN","TEHSIL","Seeing",17798,9850,7948,11434,6263,5171,6364,3587,2777
"KPK","MARDAN","MARDAN","MARDAN","TEHSIL","Hearing",18527,10446,8081,11839,6614,5225,6688,3832,2856
"KPK","MARDAN","MARDAN","MARDAN","TEHSIL","Walking/ Climbing",34032,18723,15309,21549,11788,9761,12483,6935,5548
"KPK","MARDAN","MARDAN","MARDAN","TEHSIL","Communication",10946,6236,4710,6953,3964,2989,3993,2272,1721
"KPK","MARDAN","MARDAN","MARDAN","TEHSIL","Memorization/ Focus",15351,8701,6650,9782,5509,4273,5569,3192,2377
"KPK","MARDAN","MARDAN","MARDAN","TEHSIL","Self care etc",10789,6020,4769,6739,3715,3024,4050,2305,1745
"KPK","MARDAN","MARDAN","RUSTAM","TEHSIL","Population",279509,140890,138619,279509,140890,138619,NA,NA,NA
"KPK","MARDAN","MARDAN","RUSTAM","TEHSIL","Disability",16942,7198,9744,16942,7198,9744,NA,NA,NA
"KPK","MARDAN","MARDAN","RUSTAM","TEHSIL","Functional limitation",34716,16699,18017,34716,16699,18017,NA,NA,NA
"KPK","MARDAN","MARDAN","RUSTAM","TEHSIL","Seeing",6883,3417,3466,6883,3417,3466,NA,NA,NA
"KPK","MARDAN","MARDAN","RUSTAM","TEHSIL","Hearing",7187,3668,3519,7187,3668,3519,NA,NA,NA
"KPK","MARDAN","MARDAN","RUSTAM","TEHSIL","Walking/ Climbing",9316,4500,4816,9316,4500,4816,NA,NA,NA
"KPK","MARDAN","MARDAN","RUSTAM","TEHSIL","Communication",4851,2309,2542,4851,2309,2542,NA,NA,NA
"KPK","MARDAN","MARDAN","RUSTAM","TEHSIL","Memorization/ Focus",5882,2952,2930,5882,2952,2930,NA,NA,NA
"KPK","MARDAN","MARDAN","RUSTAM","TEHSIL","Self care etc",4104,1823,2281,4104,1823,2281,NA,NA,NA
"KPK","MARDAN","MARDAN","TAKHT BHAI","TEHSIL","Population",724224,371780,352444,639300,328627,310673,84924,43153,41771
"KPK","MARDAN","MARDAN","TAKHT BHAI","TEHSIL","Disability",23869,13111,10758,21814,11997,9817,2055,1114,941
"KPK","MARDAN","MARDAN","TAKHT BHAI","TEHSIL","Functional limitation",67159,36977,30182,60031,33055,26976,7128,3922,3206
"KPK","MARDAN","MARDAN","TAKHT BHAI","TEHSIL","Seeing",12532,6896,5636,11140,6142,4998,1392,754,638
"KPK","MARDAN","MARDAN","TAKHT BHAI","TEHSIL","Hearing",13406,7473,5933,11933,6675,5258,1473,798,675
"KPK","MARDAN","MARDAN","TAKHT BHAI","TEHSIL","Walking/ Climbing",23509,12857,10652,20962,11476,9486,2547,1381,1166
"KPK","MARDAN","MARDAN","TAKHT BHAI","TEHSIL","Communication",8263,4631,3632,7397,4145,3252,866,486,380
"KPK","MARDAN","MARDAN","TAKHT BHAI","TEHSIL","Memorization/ Focus",11322,6371,4951,10100,5685,4415,1222,686,536
"KPK","MARDAN","MARDAN","TAKHT BHAI","TEHSIL","Self care etc",7304,3988,3316,6579,3600,2979,725,388,337
"KPK","PESHAWAR","MOHMAND","AMBAR UTMAN KHEL","TEHSIL","Population",79455,40384,39071,79455,40384,39071,NA,NA,NA
"KPK","PESHAWAR","MOHMAND","AMBAR UTMAN KHEL","TEHSIL","Disability",1854,997,857,1854,997,857,NA,NA,NA
"KPK","PESHAWAR","MOHMAND","AMBAR UTMAN KHEL","TEHSIL","Functional limitation",4244,2746,1498,4244,2746,1498,NA,NA,NA
"KPK","PESHAWAR","MOHMAND","AMBAR UTMAN KHEL","TEHSIL","Seeing",727,460,267,727,460,267,NA,NA,NA
"KPK","PESHAWAR","MOHMAND","AMBAR UTMAN KHEL","TEHSIL","Hearing",730,512,218,730,512,218,NA,NA,NA
"KPK","PESHAWAR","MOHMAND","AMBAR UTMAN KHEL","TEHSIL","Walking/ Climbing",1751,1061,690,1751,1061,690,NA,NA,NA
"KPK","PESHAWAR","MOHMAND","AMBAR UTMAN KHEL","TEHSIL","Communication",475,300,175,475,300,175,NA,NA,NA
"KPK","PESHAWAR","MOHMAND","AMBAR UTMAN KHEL","TEHSIL","Memorization/ Focus",672,424,248,672,424,248,NA,NA,NA
"KPK","PESHAWAR","MOHMAND","AMBAR UTMAN KHEL","TEHSIL","Self care etc",483,308,175,483,308,175,NA,NA,NA
"KPK","PESHAWAR","MOHMAND","HALIM ZAI","TEHSIL","Population",89149,45216,43933,89149,45216,43933,NA,NA,NA
"KPK","PESHAWAR","MOHMAND","HALIM ZAI","TEHSIL","Disability",3645,2036,1609,3645,2036,1609,NA,NA,NA
"KPK","PESHAWAR","MOHMAND","HALIM ZAI","TEHSIL","Functional limitation",7681,4864,2817,7681,4864,2817,NA,NA,NA
"KPK","PESHAWAR","MOHMAND","HALIM ZAI","TEHSIL","Seeing",1304,831,473,1304,831,473,NA,NA,NA
"KPK","PESHAWAR","MOHMAND","HALIM ZAI","TEHSIL","Hearing",1331,877,454,1331,877,454,NA,NA,NA
"KPK","PESHAWAR","MOHMAND","HALIM ZAI","TEHSIL","Walking/ Climbing",2697,1645,1052,2697,1645,1052,NA,NA,NA
"KPK","PESHAWAR","MOHMAND","HALIM ZAI","TEHSIL","Communication",944,593,351,944,593,351,NA,NA,NA
"KPK","PESHAWAR","MOHMAND","HALIM ZAI","TEHSIL","Memorization/ Focus",1201,764,437,1201,764,437,NA,NA,NA
"KPK","PESHAWAR","MOHMAND","HALIM ZAI","TEHSIL","Self care etc",869,543,326,869,543,326,NA,NA,NA
"KPK","PESHAWAR","MOHMAND","PINDIALI","TEHSIL","Population",112247,57331,54916,112247,57331,54916,NA,NA,NA
"KPK","PESHAWAR","MOHMAND","PINDIALI","TEHSIL","Disability",3884,2107,1777,3884,2107,1777,NA,NA,NA
"KPK","PESHAWAR","MOHMAND","PINDIALI","TEHSIL","Functional limitation",8422,5278,3144,8422,5278,3144,NA,NA,NA
"KPK","PESHAWAR","MOHMAND","PINDIALI","TEHSIL","Seeing",1389,894,495,1389,894,495,NA,NA,NA
"KPK","PESHAWAR","MOHMAND","PINDIALI","TEHSIL","Hearing",1560,1025,535,1560,1025,535,NA,NA,NA
"KPK","PESHAWAR","MOHMAND","PINDIALI","TEHSIL","Walking/ Climbing",2983,1816,1167,2983,1816,1167,NA,NA,NA
"KPK","PESHAWAR","MOHMAND","PINDIALI","TEHSIL","Communication",969,573,396,969,573,396,NA,NA,NA
"KPK","PESHAWAR","MOHMAND","PINDIALI","TEHSIL","Memorization/ Focus",1264,783,481,1264,783,481,NA,NA,NA
"KPK","PESHAWAR","MOHMAND","PINDIALI","TEHSIL","Self care etc",971,586,385,971,586,385,NA,NA,NA
"KPK","PESHAWAR","MOHMAND","PRANG GHAR","TEHSIL","Population",36046,17927,18119,36046,17927,18119,NA,NA,NA
"KPK","PESHAWAR","MOHMAND","PRANG GHAR","TEHSIL","Disability",2577,1314,1263,2577,1314,1263,NA,NA,NA
"KPK","PESHAWAR","MOHMAND","PRANG GHAR","TEHSIL","Functional limitation",3968,2271,1697,3968,2271,1697,NA,NA,NA
"KPK","PESHAWAR","MOHMAND","PRANG GHAR","TEHSIL","Seeing",628,312,316,628,312,316,NA,NA,NA
"KPK","PESHAWAR","MOHMAND","PRANG GHAR","TEHSIL","Hearing",659,390,269,659,390,269,NA,NA,NA
"KPK","PESHAWAR","MOHMAND","PRANG GHAR","TEHSIL","Walking/ Climbing",1145,677,468,1145,677,468,NA,NA,NA
"KPK","PESHAWAR","MOHMAND","PRANG GHAR","TEHSIL","Communication",691,390,301,691,390,301,NA,NA,NA
"KPK","PESHAWAR","MOHMAND","PRANG GHAR","TEHSIL","Memorization/ Focus",581,339,242,581,339,242,NA,NA,NA
"KPK","PESHAWAR","MOHMAND","PRANG GHAR","TEHSIL","Self care etc",451,268,183,451,268,183,NA,NA,NA
"KPK","PESHAWAR","MOHMAND","SAFI","TEHSIL","Population",109620,56363,53257,109620,56363,53257,NA,NA,NA
"KPK","PESHAWAR","MOHMAND","SAFI","TEHSIL","Disability",7521,3885,3636,7521,3885,3636,NA,NA,NA
"KPK","PESHAWAR","MOHMAND","SAFI","TEHSIL","Functional limitation",11935,7005,4930,11935,7005,4930,NA,NA,NA
"KPK","PESHAWAR","MOHMAND","SAFI","TEHSIL","Seeing",1936,1181,755,1936,1181,755,NA,NA,NA
"KPK","PESHAWAR","MOHMAND","SAFI","TEHSIL","Hearing",1999,1196,803,1999,1196,803,NA,NA,NA
"KPK","PESHAWAR","MOHMAND","SAFI","TEHSIL","Walking/ Climbing",3620,2127,1493,3620,2127,1493,NA,NA,NA
"KPK","PESHAWAR","MOHMAND","SAFI","TEHSIL","Communication",1397,776,621,1397,776,621,NA,NA,NA
"KPK","PESHAWAR","MOHMAND","SAFI","TEHSIL","Memorization/ Focus",1814,1063,751,1814,1063,751,NA,NA,NA
"KPK","PESHAWAR","MOHMAND","SAFI","TEHSIL","Self care etc",1690,961,729,1690,961,729,NA,NA,NA
"KPK","PESHAWAR","MOHMAND","UPPER MOHMAND","TEHSIL","Population",63659,31906,31753,63659,31906,31753,NA,NA,NA
"KPK","PESHAWAR","MOHMAND","UPPER MOHMAND","TEHSIL","Disability",2233,1315,918,2233,1315,918,NA,NA,NA
"KPK","PESHAWAR","MOHMAND","UPPER MOHMAND","TEHSIL","Functional limitation",4458,2955,1503,4458,2955,1503,NA,NA,NA
"KPK","PESHAWAR","MOHMAND","UPPER MOHMAND","TEHSIL","Seeing",855,601,254,855,601,254,NA,NA,NA
"KPK","PESHAWAR","MOHMAND","UPPER MOHMAND","TEHSIL","Hearing",769,549,220,769,549,220,NA,NA,NA
"KPK","PESHAWAR","MOHMAND","UPPER MOHMAND","TEHSIL","Walking/ Climbing",1580,974,606,1580,974,606,NA,NA,NA
"KPK","PESHAWAR","MOHMAND","UPPER MOHMAND","TEHSIL","Communication",528,351,177,528,351,177,NA,NA,NA
"KPK","PESHAWAR","MOHMAND","UPPER MOHMAND","TEHSIL","Memorization/ Focus",698,440,258,698,440,258,NA,NA,NA
"KPK","PESHAWAR","MOHMAND","UPPER MOHMAND","TEHSIL","Self care etc",467,303,164,467,303,164,NA,NA,NA
"KPK","PESHAWAR","MOHMAND","YAKE GHUND","TEHSIL","Population",63757,32263,31494,63757,32263,31494,NA,NA,NA
"KPK","PESHAWAR","MOHMAND","YAKE GHUND","TEHSIL","Disability",2576,1414,1162,2576,1414,1162,NA,NA,NA
"KPK","PESHAWAR","MOHMAND","YAKE GHUND","TEHSIL","Functional limitation",5416,3412,2004,5416,3412,2004,NA,NA,NA
"KPK","PESHAWAR","MOHMAND","YAKE GHUND","TEHSIL","Seeing",926,607,319,926,607,319,NA,NA,NA
"KPK","PESHAWAR","MOHMAND","YAKE GHUND","TEHSIL","Hearing",1020,665,355,1020,665,355,NA,NA,NA
"KPK","PESHAWAR","MOHMAND","YAKE GHUND","TEHSIL","Walking/ Climbing",1932,1183,749,1932,1183,749,NA,NA,NA
"KPK","PESHAWAR","MOHMAND","YAKE GHUND","TEHSIL","Communication",679,416,263,679,416,263,NA,NA,NA
"KPK","PESHAWAR","MOHMAND","YAKE GHUND","TEHSIL","Memorization/ Focus",907,545,362,907,545,362,NA,NA,NA
"KPK","PESHAWAR","MOHMAND","YAKE GHUND","TEHSIL","Self care etc",638,390,248,638,390,248,NA,NA,NA
"KPK","BANNU","NORTH WAZIRISTAN","DATTA KHEL","TEHSIL","Population",92196,46220,45976,92196,46220,45976,NA,NA,NA
"KPK","BANNU","NORTH WAZIRISTAN","DATTA KHEL","TEHSIL","Disability",1131,552,579,1131,552,579,NA,NA,NA
"KPK","BANNU","NORTH WAZIRISTAN","DATTA KHEL","TEHSIL","Functional limitation",5735,2483,3252,5735,2483,3252,NA,NA,NA
"KPK","BANNU","NORTH WAZIRISTAN","DATTA KHEL","TEHSIL","Seeing",1182,544,638,1182,544,638,NA,NA,NA
"KPK","BANNU","NORTH WAZIRISTAN","DATTA KHEL","TEHSIL","Hearing",1276,528,748,1276,528,748,NA,NA,NA
"KPK","BANNU","NORTH WAZIRISTAN","DATTA KHEL","TEHSIL","Walking/ Climbing",2009,913,1096,2009,913,1096,NA,NA,NA
"KPK","BANNU","NORTH WAZIRISTAN","DATTA KHEL","TEHSIL","Communication",549,244,305,549,244,305,NA,NA,NA
"KPK","BANNU","NORTH WAZIRISTAN","DATTA KHEL","TEHSIL","Memorization/ Focus",870,403,467,870,403,467,NA,NA,NA
"KPK","BANNU","NORTH WAZIRISTAN","DATTA KHEL","TEHSIL","Self care etc",525,226,299,525,226,299,NA,NA,NA
"KPK","BANNU","NORTH WAZIRISTAN","DOSSALI","TEHSIL","Population",50524,25298,25226,50524,25298,25226,NA,NA,NA
"KPK","BANNU","NORTH WAZIRISTAN","DOSSALI","TEHSIL","Disability",1415,864,551,1415,864,551,NA,NA,NA
"KPK","BANNU","NORTH WAZIRISTAN","DOSSALI","TEHSIL","Functional limitation",3920,1970,1950,3920,1970,1950,NA,NA,NA
"KPK","BANNU","NORTH WAZIRISTAN","DOSSALI","TEHSIL","Seeing",788,402,386,788,402,386,NA,NA,NA
"KPK","BANNU","NORTH WAZIRISTAN","DOSSALI","TEHSIL","Hearing",931,459,472,931,459,472,NA,NA,NA
"KPK","BANNU","NORTH WAZIRISTAN","DOSSALI","TEHSIL","Walking/ Climbing",1244,642,602,1244,642,602,NA,NA,NA
"KPK","BANNU","NORTH WAZIRISTAN","DOSSALI","TEHSIL","Communication",450,251,199,450,251,199,NA,NA,NA
"KPK","BANNU","NORTH WAZIRISTAN","DOSSALI","TEHSIL","Memorization/ Focus",539,252,287,539,252,287,NA,NA,NA
"KPK","BANNU","NORTH WAZIRISTAN","DOSSALI","TEHSIL","Self care etc",372,188,184,372,188,184,NA,NA,NA
"KPK","BANNU","NORTH WAZIRISTAN","GHARYUM","TEHSIL","Population",18931,9560,9371,18931,9560,9371,NA,NA,NA
"KPK","BANNU","NORTH WAZIRISTAN","GHARYUM","TEHSIL","Disability",1192,588,604,1192,588,604,NA,NA,NA
"KPK","BANNU","NORTH WAZIRISTAN","GHARYUM","TEHSIL","Functional limitation",1834,848,986,1834,848,986,NA,NA,NA
"KPK","BANNU","NORTH WAZIRISTAN","GHARYUM","TEHSIL","Seeing",438,235,203,438,235,203,NA,NA,NA
"KPK","BANNU","NORTH WAZIRISTAN","GHARYUM","TEHSIL","Hearing",380,179,201,380,179,201,NA,NA,NA
"KPK","BANNU","NORTH WAZIRISTAN","GHARYUM","TEHSIL","Walking/ Climbing",526,232,294,526,232,294,NA,NA,NA
"KPK","BANNU","NORTH WAZIRISTAN","GHARYUM","TEHSIL","Communication",200,99,101,200,99,101,NA,NA,NA
"KPK","BANNU","NORTH WAZIRISTAN","GHARYUM","TEHSIL","Memorization/ Focus",234,108,126,234,108,126,NA,NA,NA
"KPK","BANNU","NORTH WAZIRISTAN","GHARYUM","TEHSIL","Self care etc",210,90,120,210,90,120,NA,NA,NA
"KPK","BANNU","NORTH WAZIRISTAN","GHULAM KHAN","TEHSIL","Population",31015,15456,15559,31015,15456,15559,NA,NA,NA
"KPK","BANNU","NORTH WAZIRISTAN","GHULAM KHAN","TEHSIL","Disability",1343,768,575,1343,768,575,NA,NA,NA
"KPK","BANNU","NORTH WAZIRISTAN","GHULAM KHAN","TEHSIL","Functional limitation",2871,1412,1459,2871,1412,1459,NA,NA,NA
"KPK","BANNU","NORTH WAZIRISTAN","GHULAM KHAN","TEHSIL","Seeing",494,210,284,494,210,284,NA,NA,NA
"KPK","BANNU","NORTH WAZIRISTAN","GHULAM KHAN","TEHSIL","Hearing",617,286,331,617,286,331,NA,NA,NA
"KPK","BANNU","NORTH WAZIRISTAN","GHULAM KHAN","TEHSIL","Walking/ Climbing",947,447,500,947,447,500,NA,NA,NA
"KPK","BANNU","NORTH WAZIRISTAN","GHULAM KHAN","TEHSIL","Communication",268,153,115,268,153,115,NA,NA,NA
"KPK","BANNU","NORTH WAZIRISTAN","GHULAM KHAN","TEHSIL","Memorization/ Focus",432,240,192,432,240,192,NA,NA,NA
"KPK","BANNU","NORTH WAZIRISTAN","GHULAM KHAN","TEHSIL","Self care etc",380,209,171,380,209,171,NA,NA,NA
"KPK","BANNU","NORTH WAZIRISTAN","MIR ALI","TEHSIL","Population",229647,119084,110563,229647,119084,110563,NA,NA,NA
"KPK","BANNU","NORTH WAZIRISTAN","MIR ALI","TEHSIL","Disability",5293,2982,2311,5293,2982,2311,NA,NA,NA
"KPK","BANNU","NORTH WAZIRISTAN","MIR ALI","TEHSIL","Functional limitation",16276,7810,8466,16276,7810,8466,NA,NA,NA
"KPK","BANNU","NORTH WAZIRISTAN","MIR ALI","TEHSIL","Seeing",3396,1682,1714,3396,1682,1714,NA,NA,NA
"KPK","BANNU","NORTH WAZIRISTAN","MIR ALI","TEHSIL","Hearing",3451,1658,1793,3451,1658,1793,NA,NA,NA
"KPK","BANNU","NORTH WAZIRISTAN","MIR ALI","TEHSIL","Walking/ Climbing",5740,2864,2876,5740,2864,2876,NA,NA,NA
"KPK","BANNU","NORTH WAZIRISTAN","MIR ALI","TEHSIL","Communication",1808,957,851,1808,957,851,NA,NA,NA
"KPK","BANNU","NORTH WAZIRISTAN","MIR ALI","TEHSIL","Memorization/ Focus",2690,1325,1365,2690,1325,1365,NA,NA,NA
"KPK","BANNU","NORTH WAZIRISTAN","MIR ALI","TEHSIL","Self care etc",1662,795,867,1662,795,867,NA,NA,NA
"KPK","BANNU","NORTH WAZIRISTAN","MIRAN SHAH","TEHSIL","Population",123122,62182,60940,119186,60010,59176,3936,2172,1764
"KPK","BANNU","NORTH WAZIRISTAN","MIRAN SHAH","TEHSIL","Disability",1366,801,565,1343,788,555,23,13,10
"KPK","BANNU","NORTH WAZIRISTAN","MIRAN SHAH","TEHSIL","Functional limitation",6954,3358,3596,6804,3281,3523,150,77,73
"KPK","BANNU","NORTH WAZIRISTAN","MIRAN SHAH","TEHSIL","Seeing",1513,755,758,1483,736,747,30,19,11
"KPK","BANNU","NORTH WAZIRISTAN","MIRAN SHAH","TEHSIL","Hearing",1502,710,792,1468,693,775,34,17,17
"KPK","BANNU","NORTH WAZIRISTAN","MIRAN SHAH","TEHSIL","Walking/ Climbing",2465,1235,1230,2407,1203,1204,58,32,26
"KPK","BANNU","NORTH WAZIRISTAN","MIRAN SHAH","TEHSIL","Communication",613,323,290,595,314,281,18,9,9
"KPK","BANNU","NORTH WAZIRISTAN","MIRAN SHAH","TEHSIL","Memorization/ Focus",1110,554,556,1087,542,545,23,12,11
"KPK","BANNU","NORTH WAZIRISTAN","MIRAN SHAH","TEHSIL","Self care etc",666,299,367,651,293,358,15,6,9
"KPK","BANNU","NORTH WAZIRISTAN","RAZMAK","TEHSIL","Population",49367,28328,21039,49367,28328,21039,NA,NA,NA
"KPK","BANNU","NORTH WAZIRISTAN","RAZMAK","TEHSIL","Disability",1148,695,453,1148,695,453,NA,NA,NA
"KPK","BANNU","NORTH WAZIRISTAN","RAZMAK","TEHSIL","Functional limitation",3224,1696,1528,3224,1696,1528,NA,NA,NA
"KPK","BANNU","NORTH WAZIRISTAN","RAZMAK","TEHSIL","Seeing",641,323,318,641,323,318,NA,NA,NA
"KPK","BANNU","NORTH WAZIRISTAN","RAZMAK","TEHSIL","Hearing",597,299,298,597,299,298,NA,NA,NA
"KPK","BANNU","NORTH WAZIRISTAN","RAZMAK","TEHSIL","Walking/ Climbing",1022,508,514,1022,508,514,NA,NA,NA
"KPK","BANNU","NORTH WAZIRISTAN","RAZMAK","TEHSIL","Communication",375,254,121,375,254,121,NA,NA,NA
"KPK","BANNU","NORTH WAZIRISTAN","RAZMAK","TEHSIL","Memorization/ Focus",557,352,205,557,352,205,NA,NA,NA
"KPK","BANNU","NORTH WAZIRISTAN","RAZMAK","TEHSIL","Self care etc",468,211,257,468,211,257,NA,NA,NA
"KPK","BANNU","NORTH WAZIRISTAN","SHEWA","TEHSIL","Population",44126,21347,22779,44126,21347,22779,NA,NA,NA
"KPK","BANNU","NORTH WAZIRISTAN","SHEWA","TEHSIL","Disability",1339,655,684,1339,655,684,NA,NA,NA
"KPK","BANNU","NORTH WAZIRISTAN","SHEWA","TEHSIL","Functional limitation",3766,1643,2123,3766,1643,2123,NA,NA,NA
"KPK","BANNU","NORTH WAZIRISTAN","SHEWA","TEHSIL","Seeing",1093,533,560,1093,533,560,NA,NA,NA
"KPK","BANNU","NORTH WAZIRISTAN","SHEWA","TEHSIL","Hearing",1023,452,571,1023,452,571,NA,NA,NA
"KPK","BANNU","NORTH WAZIRISTAN","SHEWA","TEHSIL","Walking/ Climbing",1508,683,825,1508,683,825,NA,NA,NA
"KPK","BANNU","NORTH WAZIRISTAN","SHEWA","TEHSIL","Communication",736,334,402,736,334,402,NA,NA,NA
"KPK","BANNU","NORTH WAZIRISTAN","SHEWA","TEHSIL","Memorization/ Focus",857,405,452,857,405,452,NA,NA,NA
"KPK","BANNU","NORTH WAZIRISTAN","SHEWA","TEHSIL","Self care etc",290,115,175,290,115,175,NA,NA,NA
"KPK","BANNU","NORTH WAZIRISTAN","SPINWAM","TEHSIL","Population",54209,27082,27127,54209,27082,27127,NA,NA,NA
"KPK","BANNU","NORTH WAZIRISTAN","SPINWAM","TEHSIL","Disability",983,442,541,983,442,541,NA,NA,NA
"KPK","BANNU","NORTH WAZIRISTAN","SPINWAM","TEHSIL","Functional limitation",3784,1585,2199,3784,1585,2199,NA,NA,NA
"KPK","BANNU","NORTH WAZIRISTAN","SPINWAM","TEHSIL","Seeing",724,344,380,724,344,380,NA,NA,NA
"KPK","BANNU","NORTH WAZIRISTAN","SPINWAM","TEHSIL","Hearing",780,332,448,780,332,448,NA,NA,NA
"KPK","BANNU","NORTH WAZIRISTAN","SPINWAM","TEHSIL","Walking/ Climbing",1111,508,603,1111,508,603,NA,NA,NA
"KPK","BANNU","NORTH WAZIRISTAN","SPINWAM","TEHSIL","Communication",477,200,277,477,200,277,NA,NA,NA
"KPK","BANNU","NORTH WAZIRISTAN","SPINWAM","TEHSIL","Memorization/ Focus",630,232,398,630,232,398,NA,NA,NA
"KPK","BANNU","NORTH WAZIRISTAN","SPINWAM","TEHSIL","Self care etc",356,138,218,356,138,218,NA,NA,NA
"KPK","PESHAWAR","NOWSHERA","JEHANGIRA","TEHSIL","Population",434984,218276,216708,348223,174760,173463,86761,43516,43245
"KPK","PESHAWAR","NOWSHERA","JEHANGIRA","TEHSIL","Disability",16870,9221,7649,14534,7929,6605,2336,1292,1044
"KPK","PESHAWAR","NOWSHERA","JEHANGIRA","TEHSIL","Functional limitation",44124,22758,21366,35988,18488,17500,8136,4270,3866
"KPK","PESHAWAR","NOWSHERA","JEHANGIRA","TEHSIL","Seeing",8578,4323,4255,7118,3562,3556,1460,761,699
"KPK","PESHAWAR","NOWSHERA","JEHANGIRA","TEHSIL","Hearing",8768,4483,4285,7093,3639,3454,1675,844,831
"KPK","PESHAWAR","NOWSHERA","JEHANGIRA","TEHSIL","Walking/ Climbing",14678,7610,7068,11970,6140,5830,2708,1470,1238
"KPK","PESHAWAR","NOWSHERA","JEHANGIRA","TEHSIL","Communication",5581,3024,2557,4631,2510,2121,950,514,436
"KPK","PESHAWAR","NOWSHERA","JEHANGIRA","TEHSIL","Memorization/ Focus",7729,4102,3627,6395,3404,2991,1334,698,636
"KPK","PESHAWAR","NOWSHERA","JEHANGIRA","TEHSIL","Self care etc",4482,2280,2202,3655,1849,1806,827,431,396
"KPK","PESHAWAR","NOWSHERA","NOWSHERA","TEHSIL","Population",791210,408049,383161,593100,301979,291121,198110,106070,92040
"KPK","PESHAWAR","NOWSHERA","NOWSHERA","TEHSIL","Disability",26326,14579,11747,20252,11127,9125,6074,3452,2622
"KPK","PESHAWAR","NOWSHERA","NOWSHERA","TEHSIL","Functional limitation",73903,39281,34622,55906,29307,26599,17997,9974,8023
"KPK","PESHAWAR","NOWSHERA","NOWSHERA","TEHSIL","Seeing",14198,7567,6631,10870,5712,5158,3328,1855,1473
"KPK","PESHAWAR","NOWSHERA","NOWSHERA","TEHSIL","Hearing",14923,7886,7037,11306,5899,5407,3617,1987,1630
"KPK","PESHAWAR","NOWSHERA","NOWSHERA","TEHSIL","Walking/ Climbing",24934,13328,11606,19065,10064,9001,5869,3264,2605
"KPK","PESHAWAR","NOWSHERA","NOWSHERA","TEHSIL","Communication",8371,4561,3810,6308,3383,2925,2063,1178,885
"KPK","PESHAWAR","NOWSHERA","NOWSHERA","TEHSIL","Memorization/ Focus",11708,6237,5471,8596,4550,4046,3112,1687,1425
"KPK","PESHAWAR","NOWSHERA","NOWSHERA","TEHSIL","Self care etc",8065,4336,3729,5940,3121,2819,2125,1215,910
"KPK","PESHAWAR","NOWSHERA","PABBI","TEHSIL","Population",509495,257791,251704,456794,231163,225631,52701,26628,26073
"KPK","PESHAWAR","NOWSHERA","PABBI","TEHSIL","Disability",12749,6958,5791,11614,6332,5282,1135,626,509
"KPK","PESHAWAR","NOWSHERA","PABBI","TEHSIL","Functional limitation",43696,22597,21099,39331,20305,19026,4365,2292,2073
"KPK","PESHAWAR","NOWSHERA","PABBI","TEHSIL","Seeing",8527,4393,4134,7630,3915,3715,897,478,419
"KPK","PESHAWAR","NOWSHERA","PABBI","TEHSIL","Hearing",8871,4509,4362,7986,4040,3946,885,469,416
"KPK","PESHAWAR","NOWSHERA","PABBI","TEHSIL","Walking/ Climbing",15323,8025,7298,13829,7242,6587,1494,783,711
"KPK","PESHAWAR","NOWSHERA","PABBI","TEHSIL","Communication",4824,2618,2206,4393,2378,2015,431,240,191
"KPK","PESHAWAR","NOWSHERA","PABBI","TEHSIL","Memorization/ Focus",7060,3709,3351,6369,3354,3015,691,355,336
"KPK","PESHAWAR","NOWSHERA","PABBI","TEHSIL","Self care etc",4439,2184,2255,4020,1964,2056,419,220,199
"KPK","KOHAT","ORAKZAI","CENTRAL","TEHSIL","Population",92819,48955,43864,92819,48955,43864,NA,NA,NA
"KPK","KOHAT","ORAKZAI","CENTRAL","TEHSIL","Disability",1611,954,657,1611,954,657,NA,NA,NA
"KPK","KOHAT","ORAKZAI","CENTRAL","TEHSIL","Functional limitation",7271,4161,3110,7271,4161,3110,NA,NA,NA
"KPK","KOHAT","ORAKZAI","CENTRAL","TEHSIL","Seeing",1400,795,605,1400,795,605,NA,NA,NA
"KPK","KOHAT","ORAKZAI","CENTRAL","TEHSIL","Hearing",1523,874,649,1523,874,649,NA,NA,NA
"KPK","KOHAT","ORAKZAI","CENTRAL","TEHSIL","Walking/ Climbing",2267,1267,1000,2267,1267,1000,NA,NA,NA
"KPK","KOHAT","ORAKZAI","CENTRAL","TEHSIL","Communication",752,446,306,752,446,306,NA,NA,NA
"KPK","KOHAT","ORAKZAI","CENTRAL","TEHSIL","Memorization/ Focus",1209,710,499,1209,710,499,NA,NA,NA
"KPK","KOHAT","ORAKZAI","CENTRAL","TEHSIL","Self care etc",763,425,338,763,425,338,NA,NA,NA
"KPK","KOHAT","ORAKZAI","ISMAIL ZAI","TEHSIL","Population",39328,20403,18925,39328,20403,18925,NA,NA,NA
"KPK","KOHAT","ORAKZAI","ISMAIL ZAI","TEHSIL","Disability",1897,954,943,1897,954,943,NA,NA,NA
"KPK","KOHAT","ORAKZAI","ISMAIL ZAI","TEHSIL","Functional limitation",4453,2410,2043,4453,2410,2043,NA,NA,NA
"KPK","KOHAT","ORAKZAI","ISMAIL ZAI","TEHSIL","Seeing",927,500,427,927,500,427,NA,NA,NA
"KPK","KOHAT","ORAKZAI","ISMAIL ZAI","TEHSIL","Hearing",900,500,400,900,500,400,NA,NA,NA
"KPK","KOHAT","ORAKZAI","ISMAIL ZAI","TEHSIL","Walking/ Climbing",1379,744,635,1379,744,635,NA,NA,NA
"KPK","KOHAT","ORAKZAI","ISMAIL ZAI","TEHSIL","Communication",439,230,209,439,230,209,NA,NA,NA
"KPK","KOHAT","ORAKZAI","ISMAIL ZAI","TEHSIL","Memorization/ Focus",598,326,272,598,326,272,NA,NA,NA
"KPK","KOHAT","ORAKZAI","ISMAIL ZAI","TEHSIL","Self care etc",526,290,236,526,290,236,NA,NA,NA
"KPK","KOHAT","ORAKZAI","LOWER","TEHSIL","Population",125944,65309,60635,125944,65309,60635,NA,NA,NA
"KPK","KOHAT","ORAKZAI","LOWER","TEHSIL","Disability",1726,972,754,1726,972,754,NA,NA,NA
"KPK","KOHAT","ORAKZAI","LOWER","TEHSIL","Functional limitation",10087,5723,4364,10087,5723,4364,NA,NA,NA
"KPK","KOHAT","ORAKZAI","LOWER","TEHSIL","Seeing",1994,1136,858,1994,1136,858,NA,NA,NA
"KPK","KOHAT","ORAKZAI","LOWER","TEHSIL","Hearing",2297,1323,974,2297,1323,974,NA,NA,NA
"KPK","KOHAT","ORAKZAI","LOWER","TEHSIL","Walking/ Climbing",3225,1823,1402,3225,1823,1402,NA,NA,NA
"KPK","KOHAT","ORAKZAI","LOWER","TEHSIL","Communication",997,560,437,997,560,437,NA,NA,NA
"KPK","KOHAT","ORAKZAI","LOWER","TEHSIL","Memorization/ Focus",1481,862,619,1481,862,619,NA,NA,NA
"KPK","KOHAT","ORAKZAI","LOWER","TEHSIL","Self care etc",999,563,436,999,563,436,NA,NA,NA
"KPK","KOHAT","ORAKZAI","UPPER","TEHSIL","Population",129470,70210,59260,129470,70210,59260,NA,NA,NA
"KPK","KOHAT","ORAKZAI","UPPER","TEHSIL","Disability",994,627,367,994,627,367,NA,NA,NA
"KPK","KOHAT","ORAKZAI","UPPER","TEHSIL","Functional limitation",8412,5022,3390,8412,5022,3390,NA,NA,NA
"KPK","KOHAT","ORAKZAI","UPPER","TEHSIL","Seeing",1792,1063,729,1792,1063,729,NA,NA,NA
"KPK","KOHAT","ORAKZAI","UPPER","TEHSIL","Hearing",1916,1160,756,1916,1160,756,NA,NA,NA
"KPK","KOHAT","ORAKZAI","UPPER","TEHSIL","Walking/ Climbing",2717,1585,1132,2717,1585,1132,NA,NA,NA
"KPK","KOHAT","ORAKZAI","UPPER","TEHSIL","Communication",777,487,290,777,487,290,NA,NA,NA
"KPK","KOHAT","ORAKZAI","UPPER","TEHSIL","Memorization/ Focus",1269,784,485,1269,784,485,NA,NA,NA
"KPK","KOHAT","ORAKZAI","UPPER","TEHSIL","Self care etc",833,509,324,833,509,324,NA,NA,NA
"KPK","PESHAWAR","PESHAWAR","BADHBER","TEHSIL","Population",439849,222978,216871,439849,222978,216871,NA,NA,NA
"KPK","PESHAWAR","PESHAWAR","BADHBER","TEHSIL","Disability",16123,8583,7540,16123,8583,7540,NA,NA,NA
"KPK","PESHAWAR","PESHAWAR","BADHBER","TEHSIL","Functional limitation",40023,19658,20365,40023,19658,20365,NA,NA,NA
"KPK","PESHAWAR","PESHAWAR","BADHBER","TEHSIL","Seeing",6423,3019,3404,6423,3019,3404,NA,NA,NA
"KPK","PESHAWAR","PESHAWAR","BADHBER","TEHSIL","Hearing",7697,3723,3974,7697,3723,3974,NA,NA,NA
"KPK","PESHAWAR","PESHAWAR","BADHBER","TEHSIL","Walking/ Climbing",11855,5908,5947,11855,5908,5947,NA,NA,NA
"KPK","PESHAWAR","PESHAWAR","BADHBER","TEHSIL","Communication",5366,2721,2645,5366,2721,2645,NA,NA,NA
"KPK","PESHAWAR","PESHAWAR","BADHBER","TEHSIL","Memorization/ Focus",6969,3635,3334,6969,3635,3334,NA,NA,NA
"KPK","PESHAWAR","PESHAWAR","BADHBER","TEHSIL","Self care etc",4814,2469,2345,4814,2469,2345,NA,NA,NA
"KPK","PESHAWAR","PESHAWAR","CHAM KANI","TEHSIL","Population",624354,315700,308654,624354,315700,308654,NA,NA,NA
"KPK","PESHAWAR","PESHAWAR","CHAM KANI","TEHSIL","Disability",19599,11049,8550,19599,11049,8550,NA,NA,NA
"KPK","PESHAWAR","PESHAWAR","CHAM KANI","TEHSIL","Functional limitation",54686,27690,26996,54686,27690,26996,NA,NA,NA
"KPK","PESHAWAR","PESHAWAR","CHAM KANI","TEHSIL","Seeing",9722,4829,4893,9722,4829,4893,NA,NA,NA
"KPK","PESHAWAR","PESHAWAR","CHAM KANI","TEHSIL","Hearing",10682,5228,5454,10682,5228,5454,NA,NA,NA
"KPK","PESHAWAR","PESHAWAR","CHAM KANI","TEHSIL","Walking/ Climbing",18559,9614,8945,18559,9614,8945,NA,NA,NA
"KPK","PESHAWAR","PESHAWAR","CHAM KANI","TEHSIL","Communication",6003,3215,2788,6003,3215,2788,NA,NA,NA
"KPK","PESHAWAR","PESHAWAR","CHAM KANI","TEHSIL","Memorization/ Focus",8563,4428,4135,8563,4428,4135,NA,NA,NA
"KPK","PESHAWAR","PESHAWAR","CHAM KANI","TEHSIL","Self care etc",6137,3081,3056,6137,3081,3056,NA,NA,NA
"KPK","PESHAWAR","PESHAWAR","HASSAN KHEL","SUB-DIVISION","Population",72547,35693,36854,72547,35693,36854,NA,NA,NA
"KPK","PESHAWAR","PESHAWAR","HASSAN KHEL","SUB-DIVISION","Disability",6727,3579,3148,6727,3579,3148,NA,NA,NA
"KPK","PESHAWAR","PESHAWAR","HASSAN KHEL","SUB-DIVISION","Functional limitation",11373,5530,5843,11373,5530,5843,NA,NA,NA
"KPK","PESHAWAR","PESHAWAR","HASSAN KHEL","SUB-DIVISION","Seeing",3056,1588,1468,3056,1588,1468,NA,NA,NA
"KPK","PESHAWAR","PESHAWAR","HASSAN KHEL","SUB-DIVISION","Hearing",2534,1329,1205,2534,1329,1205,NA,NA,NA
"KPK","PESHAWAR","PESHAWAR","HASSAN KHEL","SUB-DIVISION","Walking/ Climbing",2558,1175,1383,2558,1175,1383,NA,NA,NA
"KPK","PESHAWAR","PESHAWAR","HASSAN KHEL","SUB-DIVISION","Communication",962,498,464,962,498,464,NA,NA,NA
"KPK","PESHAWAR","PESHAWAR","HASSAN KHEL","SUB-DIVISION","Memorization/ Focus",1278,636,642,1278,636,642,NA,NA,NA
"KPK","PESHAWAR","PESHAWAR","HASSAN KHEL","SUB-DIVISION","Self care etc",1781,719,1062,1781,719,1062,NA,NA,NA
"KPK","PESHAWAR","PESHAWAR","MATHRA","TEHSIL","Population",495059,249836,245223,495059,249836,245223,NA,NA,NA
"KPK","PESHAWAR","PESHAWAR","MATHRA","TEHSIL","Disability",11640,6662,4978,11640,6662,4978,NA,NA,NA
"KPK","PESHAWAR","PESHAWAR","MATHRA","TEHSIL","Functional limitation",39247,19606,19641,39247,19606,19641,NA,NA,NA
"KPK","PESHAWAR","PESHAWAR","MATHRA","TEHSIL","Seeing",7779,3862,3917,7779,3862,3917,NA,NA,NA
"KPK","PESHAWAR","PESHAWAR","MATHRA","TEHSIL","Hearing",8001,3958,4043,8001,3958,4043,NA,NA,NA
"KPK","PESHAWAR","PESHAWAR","MATHRA","TEHSIL","Walking/ Climbing",13523,6954,6569,13523,6954,6569,NA,NA,NA
"KPK","PESHAWAR","PESHAWAR","MATHRA","TEHSIL","Communication",4361,2336,2025,4361,2336,2025,NA,NA,NA
"KPK","PESHAWAR","PESHAWAR","MATHRA","TEHSIL","Memorization/ Focus",6297,3257,3040,6297,3257,3040,NA,NA,NA
"KPK","PESHAWAR","PESHAWAR","MATHRA","TEHSIL","Self care etc",4025,1972,2053,4025,1972,2053,NA,NA,NA
"KPK","PESHAWAR","PESHAWAR","PESHAWAR","TEHSIL","Population",2107136,1083479,1023657,207576,106413,101163,1899560,977066,922494
"KPK","PESHAWAR","PESHAWAR","PESHAWAR","TEHSIL","Disability",61697,35257,26440,4842,2825,2017,56855,32432,24423
"KPK","PESHAWAR","PESHAWAR","PESHAWAR","TEHSIL","Functional limitation",189469,96843,92626,16664,8625,8039,172805,88218,84587
"KPK","PESHAWAR","PESHAWAR","PESHAWAR","TEHSIL","Seeing",33885,17453,16432,2930,1534,1396,30955,15919,15036
"KPK","PESHAWAR","PESHAWAR","PESHAWAR","TEHSIL","Hearing",37693,18780,18913,3350,1651,1699,34343,17129,17214
"KPK","PESHAWAR","PESHAWAR","PESHAWAR","TEHSIL","Walking/ Climbing",62484,32405,30079,5401,2882,2519,57083,29523,27560
"KPK","PESHAWAR","PESHAWAR","PESHAWAR","TEHSIL","Communication",20322,11138,9184,1785,954,831,18537,10184,8353
"KPK","PESHAWAR","PESHAWAR","PESHAWAR","TEHSIL","Memorization/ Focus",29253,15125,14128,2687,1432,1255,26566,13693,12873
"KPK","PESHAWAR","PESHAWAR","PESHAWAR","TEHSIL","Self care etc",21240,10798,10442,1717,885,832,19523,9913,9610
"KPK","PESHAWAR","PESHAWAR","PISHTA KHARA","TEHSIL","Population",478595,243115,235480,478595,243115,235480,NA,NA,NA
"KPK","PESHAWAR","PESHAWAR","PISHTA KHARA","TEHSIL","Disability",10750,5977,4773,10750,5977,4773,NA,NA,NA
"KPK","PESHAWAR","PESHAWAR","PISHTA KHARA","TEHSIL","Functional limitation",35931,17977,17954,35931,17977,17954,NA,NA,NA
"KPK","PESHAWAR","PESHAWAR","PISHTA KHARA","TEHSIL","Seeing",7042,3528,3514,7042,3528,3514,NA,NA,NA
"KPK","PESHAWAR","PESHAWAR","PISHTA KHARA","TEHSIL","Hearing",7075,3513,3562,7075,3513,3562,NA,NA,NA
"KPK","PESHAWAR","PESHAWAR","PISHTA KHARA","TEHSIL","Walking/ Climbing",12450,6487,5963,12450,6487,5963,NA,NA,NA
"KPK","PESHAWAR","PESHAWAR","PISHTA KHARA","TEHSIL","Communication",4308,2124,2184,4308,2124,2184,NA,NA,NA
"KPK","PESHAWAR","PESHAWAR","PISHTA KHARA","TEHSIL","Memorization/ Focus",5588,2929,2659,5588,2929,2659,NA,NA,NA
"KPK","PESHAWAR","PESHAWAR","PISHTA KHARA","TEHSIL","Self care etc",3554,1769,1785,3554,1769,1785,NA,NA,NA
"KPK","PESHAWAR","PESHAWAR","SHAH ALAM","TEHSIL","Population",532848,271189,261659,532848,271189,261659,NA,NA,NA
"KPK","PESHAWAR","PESHAWAR","SHAH ALAM","TEHSIL","Disability",11335,6534,4801,11335,6534,4801,NA,NA,NA
"KPK","PESHAWAR","PESHAWAR","SHAH ALAM","TEHSIL","Functional limitation",40359,20433,19926,40359,20433,19926,NA,NA,NA
"KPK","PESHAWAR","PESHAWAR","SHAH ALAM","TEHSIL","Seeing",7668,3818,3850,7668,3818,3850,NA,NA,NA
"KPK","PESHAWAR","PESHAWAR","SHAH ALAM","TEHSIL","Hearing",8033,4009,4024,8033,4009,4024,NA,NA,NA
"KPK","PESHAWAR","PESHAWAR","SHAH ALAM","TEHSIL","Walking/ Climbing",13669,7094,6575,13669,7094,6575,NA,NA,NA
"KPK","PESHAWAR","PESHAWAR","SHAH ALAM","TEHSIL","Communication",4294,2332,1962,4294,2332,1962,NA,NA,NA
"KPK","PESHAWAR","PESHAWAR","SHAH ALAM","TEHSIL","Memorization/ Focus",6344,3297,3047,6344,3297,3047,NA,NA,NA
"KPK","PESHAWAR","PESHAWAR","SHAH ALAM","TEHSIL","Self care etc",4200,2099,2101,4200,2099,2101,NA,NA,NA
"KPK","MALAKAND","SHANGLA","ALPURI","TEHSIL","Population",366643,189206,177437,366643,189206,177437,NA,NA,NA
"KPK","MALAKAND","SHANGLA","ALPURI","TEHSIL","Disability",10267,5462,4805,10267,5462,4805,NA,NA,NA
"KPK","MALAKAND","SHANGLA","ALPURI","TEHSIL","Functional limitation",24779,11390,13389,24779,11390,13389,NA,NA,NA
"KPK","MALAKAND","SHANGLA","ALPURI","TEHSIL","Seeing",4506,2090,2416,4506,2090,2416,NA,NA,NA
"KPK","MALAKAND","SHANGLA","ALPURI","TEHSIL","Hearing",4742,2129,2613,4742,2129,2613,NA,NA,NA
"KPK","MALAKAND","SHANGLA","ALPURI","TEHSIL","Walking/ Climbing",9193,4465,4728,9193,4465,4728,NA,NA,NA
"KPK","MALAKAND","SHANGLA","ALPURI","TEHSIL","Communication",3162,1603,1559,3162,1603,1559,NA,NA,NA
"KPK","MALAKAND","SHANGLA","ALPURI","TEHSIL","Memorization/ Focus",3968,1863,2105,3968,1863,2105,NA,NA,NA
"KPK","MALAKAND","SHANGLA","ALPURI","TEHSIL","Self care etc",2604,1136,1468,2604,1136,1468,NA,NA,NA
"KPK","MALAKAND","SHANGLA","BISHAM","TEHSIL","Population",121252,62055,59197,121252,62055,59197,NA,NA,NA
"KPK","MALAKAND","SHANGLA","BISHAM","TEHSIL","Disability",5121,2695,2426,5121,2695,2426,NA,NA,NA
"KPK","MALAKAND","SHANGLA","BISHAM","TEHSIL","Functional limitation",10047,4725,5322,10047,4725,5322,NA,NA,NA
"KPK","MALAKAND","SHANGLA","BISHAM","TEHSIL","Seeing",1590,730,860,1590,730,860,NA,NA,NA
"KPK","MALAKAND","SHANGLA","BISHAM","TEHSIL","Hearing",1723,782,941,1723,782,941,NA,NA,NA
"KPK","MALAKAND","SHANGLA","BISHAM","TEHSIL","Walking/ Climbing",3673,1804,1869,3673,1804,1869,NA,NA,NA
"KPK","MALAKAND","SHANGLA","BISHAM","TEHSIL","Communication",1339,683,656,1339,683,656,NA,NA,NA
"KPK","MALAKAND","SHANGLA","BISHAM","TEHSIL","Memorization/ Focus",1515,733,782,1515,733,782,NA,NA,NA
"KPK","MALAKAND","SHANGLA","BISHAM","TEHSIL","Self care etc",1118,514,604,1118,514,604,NA,NA,NA
"KPK","MALAKAND","SHANGLA","CHAKISAR","TEHSIL","Population",127993,65197,62796,127993,65197,62796,NA,NA,NA
"KPK","MALAKAND","SHANGLA","CHAKISAR","TEHSIL","Disability",4195,2217,1978,4195,2217,1978,NA,NA,NA
"KPK","MALAKAND","SHANGLA","CHAKISAR","TEHSIL","Functional limitation",9539,4392,5147,9539,4392,5147,NA,NA,NA
"KPK","MALAKAND","SHANGLA","CHAKISAR","TEHSIL","Seeing",1996,949,1047,1996,949,1047,NA,NA,NA
"KPK","MALAKAND","SHANGLA","CHAKISAR","TEHSIL","Hearing",1931,888,1043,1931,888,1043,NA,NA,NA
"KPK","MALAKAND","SHANGLA","CHAKISAR","TEHSIL","Walking/ Climbing",3703,1809,1894,3703,1809,1894,NA,NA,NA
"KPK","MALAKAND","SHANGLA","CHAKISAR","TEHSIL","Communication",1270,663,607,1270,663,607,NA,NA,NA
"KPK","MALAKAND","SHANGLA","CHAKISAR","TEHSIL","Memorization/ Focus",1593,800,793,1593,800,793,NA,NA,NA
"KPK","MALAKAND","SHANGLA","CHAKISAR","TEHSIL","Self care etc",935,407,528,935,407,528,NA,NA,NA
"KPK","MALAKAND","SHANGLA","MARTUNG","TEHSIL","Population",103205,53428,49777,103205,53428,49777,NA,NA,NA
"KPK","MALAKAND","SHANGLA","MARTUNG","TEHSIL","Disability",6296,3274,3022,6296,3274,3022,NA,NA,NA
"KPK","MALAKAND","SHANGLA","MARTUNG","TEHSIL","Functional limitation",10599,5007,5592,10599,5007,5592,NA,NA,NA
"KPK","MALAKAND","SHANGLA","MARTUNG","TEHSIL","Seeing",1896,896,1000,1896,896,1000,NA,NA,NA
"KPK","MALAKAND","SHANGLA","MARTUNG","TEHSIL","Hearing",1981,926,1055,1981,926,1055,NA,NA,NA
"KPK","MALAKAND","SHANGLA","MARTUNG","TEHSIL","Walking/ Climbing",2794,1273,1521,2794,1273,1521,NA,NA,NA
"KPK","MALAKAND","SHANGLA","MARTUNG","TEHSIL","Communication",1480,759,721,1480,759,721,NA,NA,NA
"KPK","MALAKAND","SHANGLA","MARTUNG","TEHSIL","Memorization/ Focus",1808,890,918,1808,890,918,NA,NA,NA
"KPK","MALAKAND","SHANGLA","MARTUNG","TEHSIL","Self care etc",1498,696,802,1498,696,802,NA,NA,NA
"KPK","MALAKAND","SHANGLA","PURAN","TEHSIL","Population",171753,89890,81863,171753,89890,81863,NA,NA,NA
"KPK","MALAKAND","SHANGLA","PURAN","TEHSIL","Disability",7978,4196,3782,7978,4196,3782,NA,NA,NA
"KPK","MALAKAND","SHANGLA","PURAN","TEHSIL","Functional limitation",15075,7221,7854,15075,7221,7854,NA,NA,NA
"KPK","MALAKAND","SHANGLA","PURAN","TEHSIL","Seeing",2717,1294,1423,2717,1294,1423,NA,NA,NA
"KPK","MALAKAND","SHANGLA","PURAN","TEHSIL","Hearing",2814,1295,1519,2814,1295,1519,NA,NA,NA
"KPK","MALAKAND","SHANGLA","PURAN","TEHSIL","Walking/ Climbing",5609,2813,2796,5609,2813,2796,NA,NA,NA
"KPK","MALAKAND","SHANGLA","PURAN","TEHSIL","Communication",2114,1065,1049,2114,1065,1049,NA,NA,NA
"KPK","MALAKAND","SHANGLA","PURAN","TEHSIL","Memorization/ Focus",2458,1202,1256,2458,1202,1256,NA,NA,NA
"KPK","MALAKAND","SHANGLA","PURAN","TEHSIL","Self care etc",1745,830,915,1745,830,915,NA,NA,NA
"KPK","DERA ISMAIL KHAN","SOUTH WAZIRISTAN","BIRMIL","TEHSIL","Population",112757,56389,56368,112757,56389,56368,NA,NA,NA
"KPK","DERA ISMAIL KHAN","SOUTH WAZIRISTAN","BIRMIL","TEHSIL","Disability",2796,1445,1351,2796,1445,1351,NA,NA,NA
"KPK","DERA ISMAIL KHAN","SOUTH WAZIRISTAN","BIRMIL","TEHSIL","Functional limitation",6280,3008,3272,6280,3008,3272,NA,NA,NA
"KPK","DERA ISMAIL KHAN","SOUTH WAZIRISTAN","BIRMIL","TEHSIL","Seeing",1132,560,572,1132,560,572,NA,NA,NA
"KPK","DERA ISMAIL KHAN","SOUTH WAZIRISTAN","BIRMIL","TEHSIL","Hearing",1177,541,636,1177,541,636,NA,NA,NA
"KPK","DERA ISMAIL KHAN","SOUTH WAZIRISTAN","BIRMIL","TEHSIL","Walking/ Climbing",2342,1169,1173,2342,1169,1173,NA,NA,NA
"KPK","DERA ISMAIL KHAN","SOUTH WAZIRISTAN","BIRMIL","TEHSIL","Communication",693,350,343,693,350,343,NA,NA,NA
"KPK","DERA ISMAIL KHAN","SOUTH WAZIRISTAN","BIRMIL","TEHSIL","Memorization/ Focus",940,473,467,940,473,467,NA,NA,NA
"KPK","DERA ISMAIL KHAN","SOUTH WAZIRISTAN","BIRMIL","TEHSIL","Self care etc",670,323,347,670,323,347,NA,NA,NA
"KPK","DERA ISMAIL KHAN","SOUTH WAZIRISTAN","LADHA","TEHSIL","Population",108344,56823,51521,108344,56823,51521,NA,NA,NA
"KPK","DERA ISMAIL KHAN","SOUTH WAZIRISTAN","LADHA","TEHSIL","Disability",1643,822,821,1643,822,821,NA,NA,NA
"KPK","DERA ISMAIL KHAN","SOUTH WAZIRISTAN","LADHA","TEHSIL","Functional limitation",6285,3081,3204,6285,3081,3204,NA,NA,NA
"KPK","DERA ISMAIL KHAN","SOUTH WAZIRISTAN","LADHA","TEHSIL","Seeing",1278,612,666,1278,612,666,NA,NA,NA
"KPK","DERA ISMAIL KHAN","SOUTH WAZIRISTAN","LADHA","TEHSIL","Hearing",1272,620,652,1272,620,652,NA,NA,NA
"KPK","DERA ISMAIL KHAN","SOUTH WAZIRISTAN","LADHA","TEHSIL","Walking/ Climbing",2163,1097,1066,2163,1097,1066,NA,NA,NA
"KPK","DERA ISMAIL KHAN","SOUTH WAZIRISTAN","LADHA","TEHSIL","Communication",593,282,311,593,282,311,NA,NA,NA
"KPK","DERA ISMAIL KHAN","SOUTH WAZIRISTAN","LADHA","TEHSIL","Memorization/ Focus",853,429,424,853,429,424,NA,NA,NA
"KPK","DERA ISMAIL KHAN","SOUTH WAZIRISTAN","LADHA","TEHSIL","Self care etc",648,328,320,648,328,320,NA,NA,NA
"KPK","DERA ISMAIL KHAN","SOUTH WAZIRISTAN","MAKIN","TEHSIL","Population",66042,35907,30135,66042,35907,30135,NA,NA,NA
"KPK","DERA ISMAIL KHAN","SOUTH WAZIRISTAN","MAKIN","TEHSIL","Disability",1193,657,536,1193,657,536,NA,NA,NA
"KPK","DERA ISMAIL KHAN","SOUTH WAZIRISTAN","MAKIN","TEHSIL","Functional limitation",3468,1797,1671,3468,1797,1671,NA,NA,NA
"KPK","DERA ISMAIL KHAN","SOUTH WAZIRISTAN","MAKIN","TEHSIL","Seeing",551,284,267,551,284,267,NA,NA,NA
"KPK","DERA ISMAIL KHAN","SOUTH WAZIRISTAN","MAKIN","TEHSIL","Hearing",582,301,281,582,301,281,NA,NA,NA
"KPK","DERA ISMAIL KHAN","SOUTH WAZIRISTAN","MAKIN","TEHSIL","Walking/ Climbing",1046,545,501,1046,545,501,NA,NA,NA
"KPK","DERA ISMAIL KHAN","SOUTH WAZIRISTAN","MAKIN","TEHSIL","Communication",470,290,180,470,290,180,NA,NA,NA
"KPK","DERA ISMAIL KHAN","SOUTH WAZIRISTAN","MAKIN","TEHSIL","Memorization/ Focus",581,318,263,581,318,263,NA,NA,NA
"KPK","DERA ISMAIL KHAN","SOUTH WAZIRISTAN","MAKIN","TEHSIL","Self care etc",416,159,257,416,159,257,NA,NA,NA
"KPK","DERA ISMAIL KHAN","SOUTH WAZIRISTAN","SARAROGHA","TEHSIL","Population",145118,75862,69256,145118,75862,69256,NA,NA,NA
"KPK","DERA ISMAIL KHAN","SOUTH WAZIRISTAN","SARAROGHA","TEHSIL","Disability",4724,2500,2224,4724,2500,2224,NA,NA,NA
"KPK","DERA ISMAIL KHAN","SOUTH WAZIRISTAN","SARAROGHA","TEHSIL","Functional limitation",10951,5427,5524,10951,5427,5524,NA,NA,NA
"KPK","DERA ISMAIL KHAN","SOUTH WAZIRISTAN","SARAROGHA","TEHSIL","Seeing",1876,954,922,1876,954,922,NA,NA,NA
"KPK","DERA ISMAIL KHAN","SOUTH WAZIRISTAN","SARAROGHA","TEHSIL","Hearing",2010,995,1015,2010,995,1015,NA,NA,NA
"KPK","DERA ISMAIL KHAN","SOUTH WAZIRISTAN","SARAROGHA","TEHSIL","Walking/ Climbing",3784,1891,1893,3784,1891,1893,NA,NA,NA
"KPK","DERA ISMAIL KHAN","SOUTH WAZIRISTAN","SARAROGHA","TEHSIL","Communication",1096,579,517,1096,579,517,NA,NA,NA
"KPK","DERA ISMAIL KHAN","SOUTH WAZIRISTAN","SARAROGHA","TEHSIL","Memorization/ Focus",1529,774,755,1529,774,755,NA,NA,NA
"KPK","DERA ISMAIL KHAN","SOUTH WAZIRISTAN","SARAROGHA","TEHSIL","Self care etc",1345,655,690,1345,655,690,NA,NA,NA
"KPK","DERA ISMAIL KHAN","SOUTH WAZIRISTAN","SERWEKAI","TEHSIL","Population",58804,30137,28667,58804,30137,28667,NA,NA,NA
"KPK","DERA ISMAIL KHAN","SOUTH WAZIRISTAN","SERWEKAI","TEHSIL","Disability",2210,1248,962,2210,1248,962,NA,NA,NA
"KPK","DERA ISMAIL KHAN","SOUTH WAZIRISTAN","SERWEKAI","TEHSIL","Functional limitation",4536,2306,2230,4536,2306,2230,NA,NA,NA
"KPK","DERA ISMAIL KHAN","SOUTH WAZIRISTAN","SERWEKAI","TEHSIL","Seeing",777,394,383,777,394,383,NA,NA,NA
"KPK","DERA ISMAIL KHAN","SOUTH WAZIRISTAN","SERWEKAI","TEHSIL","Hearing",925,476,449,925,476,449,NA,NA,NA
"KPK","DERA ISMAIL KHAN","SOUTH WAZIRISTAN","SERWEKAI","TEHSIL","Walking/ Climbing",1470,774,696,1470,774,696,NA,NA,NA
"KPK","DERA ISMAIL KHAN","SOUTH WAZIRISTAN","SERWEKAI","TEHSIL","Communication",608,296,312,608,296,312,NA,NA,NA
"KPK","DERA ISMAIL KHAN","SOUTH WAZIRISTAN","SERWEKAI","TEHSIL","Memorization/ Focus",724,328,396,724,328,396,NA,NA,NA
"KPK","DERA ISMAIL KHAN","SOUTH WAZIRISTAN","SERWEKAI","TEHSIL","Self care etc",524,337,187,524,337,187,NA,NA,NA
"KPK","DERA ISMAIL KHAN","SOUTH WAZIRISTAN","SHAKTOI","TEHSIL","Population",44332,23152,21180,44332,23152,21180,NA,NA,NA
"KPK","DERA ISMAIL KHAN","SOUTH WAZIRISTAN","SHAKTOI","TEHSIL","Disability",2780,1518,1262,2780,1518,1262,NA,NA,NA
"KPK","DERA ISMAIL KHAN","SOUTH WAZIRISTAN","SHAKTOI","TEHSIL","Functional limitation",4184,2175,2009,4184,2175,2009,NA,NA,NA
"KPK","DERA ISMAIL KHAN","SOUTH WAZIRISTAN","SHAKTOI","TEHSIL","Seeing",862,453,409,862,453,409,NA,NA,NA
"KPK","DERA ISMAIL KHAN","SOUTH WAZIRISTAN","SHAKTOI","TEHSIL","Hearing",858,444,414,858,444,414,NA,NA,NA
"KPK","DERA ISMAIL KHAN","SOUTH WAZIRISTAN","SHAKTOI","TEHSIL","Walking/ Climbing",959,475,484,959,475,484,NA,NA,NA
"KPK","DERA ISMAIL KHAN","SOUTH WAZIRISTAN","SHAKTOI","TEHSIL","Communication",451,250,201,451,250,201,NA,NA,NA
"KPK","DERA ISMAIL KHAN","SOUTH WAZIRISTAN","SHAKTOI","TEHSIL","Memorization/ Focus",588,344,244,588,344,244,NA,NA,NA
"KPK","DERA ISMAIL KHAN","SOUTH WAZIRISTAN","SHAKTOI","TEHSIL","Self care etc",671,334,337,671,334,337,NA,NA,NA
"KPK","DERA ISMAIL KHAN","SOUTH WAZIRISTAN","TIARZA","TEHSIL","Population",65798,34896,30902,65798,34896,30902,NA,NA,NA
"KPK","DERA ISMAIL KHAN","SOUTH WAZIRISTAN","TIARZA","TEHSIL","Disability",932,501,431,932,501,431,NA,NA,NA
"KPK","DERA ISMAIL KHAN","SOUTH WAZIRISTAN","TIARZA","TEHSIL","Functional limitation",3755,1872,1883,3755,1872,1883,NA,NA,NA
"KPK","DERA ISMAIL KHAN","SOUTH WAZIRISTAN","TIARZA","TEHSIL","Seeing",728,367,361,728,367,361,NA,NA,NA
"KPK","DERA ISMAIL KHAN","SOUTH WAZIRISTAN","TIARZA","TEHSIL","Hearing",787,396,391,787,396,391,NA,NA,NA
"KPK","DERA ISMAIL KHAN","SOUTH WAZIRISTAN","TIARZA","TEHSIL","Walking/ Climbing",1283,659,624,1283,659,624,NA,NA,NA
"KPK","DERA ISMAIL KHAN","SOUTH WAZIRISTAN","TIARZA","TEHSIL","Communication",361,189,172,361,189,172,NA,NA,NA
"KPK","DERA ISMAIL KHAN","SOUTH WAZIRISTAN","TIARZA","TEHSIL","Memorization/ Focus",589,288,301,589,288,301,NA,NA,NA
"KPK","DERA ISMAIL KHAN","SOUTH WAZIRISTAN","TIARZA","TEHSIL","Self care etc",413,205,208,413,205,208,NA,NA,NA
"KPK","DERA ISMAIL KHAN","SOUTH WAZIRISTAN","TOI KHULLA","TEHSIL","Population",102835,53708,49127,102835,53708,49127,NA,NA,NA
"KPK","DERA ISMAIL KHAN","SOUTH WAZIRISTAN","TOI KHULLA","TEHSIL","Disability",1461,762,699,1461,762,699,NA,NA,NA
"KPK","DERA ISMAIL KHAN","SOUTH WAZIRISTAN","TOI KHULLA","TEHSIL","Functional limitation",5794,2807,2987,5794,2807,2987,NA,NA,NA
"KPK","DERA ISMAIL KHAN","SOUTH WAZIRISTAN","TOI KHULLA","TEHSIL","Seeing",1010,495,515,1010,495,515,NA,NA,NA
"KPK","DERA ISMAIL KHAN","SOUTH WAZIRISTAN","TOI KHULLA","TEHSIL","Hearing",1185,571,614,1185,571,614,NA,NA,NA
"KPK","DERA ISMAIL KHAN","SOUTH WAZIRISTAN","TOI KHULLA","TEHSIL","Walking/ Climbing",1815,897,918,1815,897,918,NA,NA,NA
"KPK","DERA ISMAIL KHAN","SOUTH WAZIRISTAN","TOI KHULLA","TEHSIL","Communication",515,246,269,515,246,269,NA,NA,NA
"KPK","DERA ISMAIL KHAN","SOUTH WAZIRISTAN","TOI KHULLA","TEHSIL","Memorization/ Focus",769,379,390,769,379,390,NA,NA,NA
"KPK","DERA ISMAIL KHAN","SOUTH WAZIRISTAN","TOI KHULLA","TEHSIL","Self care etc",695,340,355,695,340,355,NA,NA,NA
"KPK","DERA ISMAIL KHAN","SOUTH WAZIRISTAN","WANA","TEHSIL","Population",184645,92671,91974,184645,92671,91974,NA,NA,NA
"KPK","DERA ISMAIL KHAN","SOUTH WAZIRISTAN","WANA","TEHSIL","Disability",2519,1244,1275,2519,1244,1275,NA,NA,NA
"KPK","DERA ISMAIL KHAN","SOUTH WAZIRISTAN","WANA","TEHSIL","Functional limitation",8883,4136,4747,8883,4136,4747,NA,NA,NA
"KPK","DERA ISMAIL KHAN","SOUTH WAZIRISTAN","WANA","TEHSIL","Seeing",1792,875,917,1792,875,917,NA,NA,NA
"KPK","DERA ISMAIL KHAN","SOUTH WAZIRISTAN","WANA","TEHSIL","Hearing",1817,849,968,1817,849,968,NA,NA,NA
"KPK","DERA ISMAIL KHAN","SOUTH WAZIRISTAN","WANA","TEHSIL","Walking/ Climbing",3208,1539,1669,3208,1539,1669,NA,NA,NA
"KPK","DERA ISMAIL KHAN","SOUTH WAZIRISTAN","WANA","TEHSIL","Communication",915,443,472,915,443,472,NA,NA,NA
"KPK","DERA ISMAIL KHAN","SOUTH WAZIRISTAN","WANA","TEHSIL","Memorization/ Focus",1410,660,750,1410,660,750,NA,NA,NA
"KPK","DERA ISMAIL KHAN","SOUTH WAZIRISTAN","WANA","TEHSIL","Self care etc",921,406,515,921,406,515,NA,NA,NA
"KPK","MARDAN","SWABI","LAHOR","TEHSIL","Population",354383,180756,173627,308063,157441,150622,46320,23315,23005
"KPK","MARDAN","SWABI","LAHOR","TEHSIL","Disability",11733,6349,5384,10892,5902,4990,841,447,394
"KPK","MARDAN","SWABI","LAHOR","TEHSIL","Functional limitation",27608,14567,13041,24528,12985,11543,3080,1582,1498
"KPK","MARDAN","SWABI","LAHOR","TEHSIL","Seeing",4890,2636,2254,4314,2337,1977,576,299,277
"KPK","MARDAN","SWABI","LAHOR","TEHSIL","Hearing",5565,2843,2722,4880,2480,2400,685,363,322
"KPK","MARDAN","SWABI","LAHOR","TEHSIL","Walking/ Climbing",8589,4602,3987,7584,4077,3507,1005,525,480
"KPK","MARDAN","SWABI","LAHOR","TEHSIL","Communication",4114,2273,1841,3692,2056,1636,422,217,205
"KPK","MARDAN","SWABI","LAHOR","TEHSIL","Memorization/ Focus",4938,2664,2274,4403,2376,2027,535,288,247
"KPK","MARDAN","SWABI","LAHOR","TEHSIL","Self care etc",3091,1612,1479,2774,1459,1315,317,153,164
"KPK","MARDAN","SWABI","RAZAR","TEHSIL","Population",679967,347065,332902,652349,332951,319398,27618,14114,13504
"KPK","MARDAN","SWABI","RAZAR","TEHSIL","Disability",12626,7234,5392,12126,6929,5197,500,305,195
"KPK","MARDAN","SWABI","RAZAR","TEHSIL","Functional limitation",43432,23566,19866,41512,22508,19004,1920,1058,862
"KPK","MARDAN","SWABI","RAZAR","TEHSIL","Seeing",8805,4724,4081,8460,4533,3927,345,191,154
"KPK","MARDAN","SWABI","RAZAR","TEHSIL","Hearing",9034,4845,4189,8655,4647,4008,379,198,181
"KPK","MARDAN","SWABI","RAZAR","TEHSIL","Walking/ Climbing",15665,8521,7144,15005,8152,6853,660,369,291
"KPK","MARDAN","SWABI","RAZAR","TEHSIL","Communication",5506,3092,2414,5294,2971,2323,212,121,91
"KPK","MARDAN","SWABI","RAZAR","TEHSIL","Memorization/ Focus",7427,4045,3382,7117,3867,3250,310,178,132
"KPK","MARDAN","SWABI","RAZAR","TEHSIL","Self care etc",3825,2026,1799,3646,1933,1713,179,93,86
"KPK","MARDAN","SWABI","SWABI","TEHSIL","Population",475352,236647,238705,284656,141278,143378,190696,95369,95327
"KPK","MARDAN","SWABI","SWABI","TEHSIL","Disability",9758,5471,4287,6241,3505,2736,3517,1966,1551
"KPK","MARDAN","SWABI","SWABI","TEHSIL","Functional limitation",32691,17105,15586,20158,10547,9611,12533,6558,5975
"KPK","MARDAN","SWABI","SWABI","TEHSIL","Seeing",7137,3789,3348,4482,2370,2112,2655,1419,1236
"KPK","MARDAN","SWABI","SWABI","TEHSIL","Hearing",7159,3712,3447,4248,2173,2075,2911,1539,1372
"KPK","MARDAN","SWABI","SWABI","TEHSIL","Walking/ Climbing",11984,6325,5659,7532,3962,3570,4452,2363,2089
"KPK","MARDAN","SWABI","SWABI","TEHSIL","Communication",4221,2338,1883,2480,1371,1109,1741,967,774
"KPK","MARDAN","SWABI","SWABI","TEHSIL","Memorization/ Focus",6155,3333,2822,3756,2027,1729,2399,1306,1093
"KPK","MARDAN","SWABI","SWABI","TEHSIL","Self care etc",2920,1468,1452,1745,877,868,1175,591,584
"KPK","MARDAN","SWABI","TOPI","TEHSIL","Population",380528,192519,188009,305822,153941,151881,74706,38578,36128
"KPK","MARDAN","SWABI","TOPI","TEHSIL","Disability",15082,8087,6995,13070,6956,6114,2012,1131,881
"KPK","MARDAN","SWABI","TOPI","TEHSIL","Functional limitation",32469,16872,15597,27335,14099,13236,5134,2773,2361
"KPK","MARDAN","SWABI","TOPI","TEHSIL","Seeing",7103,3634,3469,6022,3059,2963,1081,575,506
"KPK","MARDAN","SWABI","TOPI","TEHSIL","Hearing",6799,3509,3290,5636,2887,2749,1163,622,541
"KPK","MARDAN","SWABI","TOPI","TEHSIL","Walking/ Climbing",12447,6472,5975,10549,5442,5107,1898,1030,868
"KPK","MARDAN","SWABI","TOPI","TEHSIL","Communication",4245,2295,1950,3431,1803,1628,814,492,322
"KPK","MARDAN","SWABI","TOPI","TEHSIL","Memorization/ Focus",6117,3227,2890,5011,2585,2426,1106,642,464
"KPK","MARDAN","SWABI","TOPI","TEHSIL","Self care etc",2974,1492,1482,2435,1220,1215,539,272,267
"KPK","MALAKAND","SWAT","BABUZAI","TEHSIL","Population",696404,362887,333517,335584,174164,161420,360820,188723,172097
"KPK","MALAKAND","SWAT","BABUZAI","TEHSIL","Disability",15806,9252,6554,7737,4497,3240,8069,4755,3314
"KPK","MALAKAND","SWAT","BABUZAI","TEHSIL","Functional limitation",42190,23347,18843,20263,11096,9167,21927,12251,9676
"KPK","MALAKAND","SWAT","BABUZAI","TEHSIL","Seeing",8239,4580,3659,3941,2185,1756,4298,2395,1903
"KPK","MALAKAND","SWAT","BABUZAI","TEHSIL","Hearing",8940,4947,3993,4309,2357,1952,4631,2590,2041
"KPK","MALAKAND","SWAT","BABUZAI","TEHSIL","Walking/ Climbing",15377,8539,6838,7303,4006,3297,8074,4533,3541
"KPK","MALAKAND","SWAT","BABUZAI","TEHSIL","Communication",6256,3639,2617,3044,1726,1318,3212,1913,1299
"KPK","MALAKAND","SWAT","BABUZAI","TEHSIL","Memorization/ Focus",7733,4390,3343,3686,2056,1630,4047,2334,1713
"KPK","MALAKAND","SWAT","BABUZAI","TEHSIL","Self care etc",4328,2366,1962,2110,1142,968,2218,1224,994
"KPK","MALAKAND","SWAT","BARIKOT","TEHSIL","Population",219843,110590,109253,105103,53845,51258,114740,56745,57995
"KPK","MALAKAND","SWAT","BARIKOT","TEHSIL","Disability",6715,3150,3565,3975,1828,2147,2740,1322,1418
"KPK","MALAKAND","SWAT","BARIKOT","TEHSIL","Functional limitation",15523,7591,7932,8180,3982,4198,7343,3609,3734
"KPK","MALAKAND","SWAT","BARIKOT","TEHSIL","Seeing",2730,1369,1361,1341,637,704,1389,732,657
"KPK","MALAKAND","SWAT","BARIKOT","TEHSIL","Hearing",3098,1490,1608,1586,750,836,1512,740,772
"KPK","MALAKAND","SWAT","BARIKOT","TEHSIL","Walking/ Climbing",4897,2516,2381,2299,1171,1128,2598,1345,1253
"KPK","MALAKAND","SWAT","BARIKOT","TEHSIL","Communication",2627,1468,1159,1558,884,674,1069,584,485
"KPK","MALAKAND","SWAT","BARIKOT","TEHSIL","Memorization/ Focus",3042,1572,1470,1739,896,843,1303,676,627
"KPK","MALAKAND","SWAT","BARIKOT","TEHSIL","Self care etc",1858,786,1072,1021,462,559,837,324,513
"KPK","MALAKAND","SWAT","BEHRAIN","TEHSIL","Population",270620,139438,131182,193895,100471,93424,76725,38967,37758
"KPK","MALAKAND","SWAT","BEHRAIN","TEHSIL","Disability",4092,2135,1957,2832,1430,1402,1260,705,555
"KPK","MALAKAND","SWAT","BEHRAIN","TEHSIL","Functional limitation",13558,6925,6633,9453,4806,4647,4105,2119,1986
"KPK","MALAKAND","SWAT","BEHRAIN","TEHSIL","Seeing",2643,1416,1227,1836,978,858,807,438,369
"KPK","MALAKAND","SWAT","BEHRAIN","TEHSIL","Hearing",2827,1472,1355,1932,1000,932,895,472,423
"KPK","MALAKAND","SWAT","BEHRAIN","TEHSIL","Walking/ Climbing",4717,2557,2160,3290,1785,1505,1427,772,655
"KPK","MALAKAND","SWAT","BEHRAIN","TEHSIL","Communication",1956,1017,939,1368,698,670,588,319,269
"KPK","MALAKAND","SWAT","BEHRAIN","TEHSIL","Memorization/ Focus",2408,1214,1194,1675,811,864,733,403,330
"KPK","MALAKAND","SWAT","BEHRAIN","TEHSIL","Self care etc",1250,620,630,851,425,426,399,195,204
"KPK","MALAKAND","SWAT","CHARBAGH","TEHSIL","Population",159269,82144,77125,159269,82144,77125,NA,NA,NA
"KPK","MALAKAND","SWAT","CHARBAGH","TEHSIL","Disability",9861,5573,4288,9861,5573,4288,NA,NA,NA
"KPK","MALAKAND","SWAT","CHARBAGH","TEHSIL","Functional limitation",15612,8543,7069,15612,8543,7069,NA,NA,NA
"KPK","MALAKAND","SWAT","CHARBAGH","TEHSIL","Seeing",3009,1632,1377,3009,1632,1377,NA,NA,NA
"KPK","MALAKAND","SWAT","CHARBAGH","TEHSIL","Hearing",3336,1846,1490,3336,1846,1490,NA,NA,NA
"KPK","MALAKAND","SWAT","CHARBAGH","TEHSIL","Walking/ Climbing",4225,2299,1926,4225,2299,1926,NA,NA,NA
"KPK","MALAKAND","SWAT","CHARBAGH","TEHSIL","Communication",2349,1292,1057,2349,1292,1057,NA,NA,NA
"KPK","MALAKAND","SWAT","CHARBAGH","TEHSIL","Memorization/ Focus",2646,1494,1152,2646,1494,1152,NA,NA,NA
"KPK","MALAKAND","SWAT","CHARBAGH","TEHSIL","Self care etc",1891,1051,840,1891,1051,840,NA,NA,NA
"KPK","MALAKAND","SWAT","KABAL","TEHSIL","Population",480692,246026,234666,348278,176487,171791,132414,69539,62875
"KPK","MALAKAND","SWAT","KABAL","TEHSIL","Disability",10225,5792,4433,8084,4530,3554,2141,1262,879
"KPK","MALAKAND","SWAT","KABAL","TEHSIL","Functional limitation",29015,15363,13652,21456,11219,10237,7559,4144,3415
"KPK","MALAKAND","SWAT","KABAL","TEHSIL","Seeing",5653,2999,2654,4093,2144,1949,1560,855,705
"KPK","MALAKAND","SWAT","KABAL","TEHSIL","Hearing",6260,3295,2965,4555,2371,2184,1705,924,781
"KPK","MALAKAND","SWAT","KABAL","TEHSIL","Walking/ Climbing",10153,5476,4677,7511,4017,3494,2642,1459,1183
"KPK","MALAKAND","SWAT","KABAL","TEHSIL","Communication",4183,2311,1872,3125,1705,1420,1058,606,452
"KPK","MALAKAND","SWAT","KABAL","TEHSIL","Memorization/ Focus",5137,2784,2353,3759,2016,1743,1378,768,610
"KPK","MALAKAND","SWAT","KABAL","TEHSIL","Self care etc",3059,1601,1458,2279,1178,1101,780,423,357
"KPK","MALAKAND","SWAT","KHAWAZAKHELA","TEHSIL","Population",307268,154439,152829,250155,124713,125442,57113,29726,27387
"KPK","MALAKAND","SWAT","KHAWAZAKHELA","TEHSIL","Disability",6100,3434,2666,5156,2883,2273,944,551,393
"KPK","MALAKAND","SWAT","KHAWAZAKHELA","TEHSIL","Functional limitation",18182,9415,8767,15137,7783,7354,3045,1632,1413
"KPK","MALAKAND","SWAT","KHAWAZAKHELA","TEHSIL","Seeing",3935,2047,1888,3308,1701,1607,627,346,281
"KPK","MALAKAND","SWAT","KHAWAZAKHELA","TEHSIL","Hearing",3759,1932,1827,3121,1597,1524,638,335,303
"KPK","MALAKAND","SWAT","KHAWAZAKHELA","TEHSIL","Walking/ Climbing",6902,3701,3201,5782,3082,2700,1120,619,501
"KPK","MALAKAND","SWAT","KHAWAZAKHELA","TEHSIL","Communication",2635,1432,1203,2192,1184,1008,443,248,195
"KPK","MALAKAND","SWAT","KHAWAZAKHELA","TEHSIL","Memorization/ Focus",3266,1734,1532,2703,1437,1266,563,297,266
"KPK","MALAKAND","SWAT","KHAWAZAKHELA","TEHSIL","Self care etc",1553,769,784,1270,624,646,283,145,138
"KPK","MALAKAND","SWAT","MATTA","TEHSIL","Population",551980,279295,272685,500386,252861,247525,51594,26434,25160
"KPK","MALAKAND","SWAT","MATTA","TEHSIL","Disability",9984,5709,4275,9074,5159,3915,910,550,360
"KPK","MALAKAND","SWAT","MATTA","TEHSIL","Functional limitation",30460,15848,14612,27636,14333,13303,2824,1515,1309
"KPK","MALAKAND","SWAT","MATTA","TEHSIL","Seeing",6540,3469,3071,5992,3167,2825,548,302,246
"KPK","MALAKAND","SWAT","MATTA","TEHSIL","Hearing",6721,3465,3256,6117,3154,2963,604,311,293
"KPK","MALAKAND","SWAT","MATTA","TEHSIL","Walking/ Climbing",11199,5979,5220,10183,5424,4759,1016,555,461
"KPK","MALAKAND","SWAT","MATTA","TEHSIL","Communication",4689,2605,2084,4202,2325,1877,487,280,207
"KPK","MALAKAND","SWAT","MATTA","TEHSIL","Memorization/ Focus",5992,3263,2729,5384,2917,2467,608,346,262
"KPK","MALAKAND","SWAT","MATTA","TEHSIL","Self care etc",2793,1394,1399,2538,1263,1275,255,131,124
"KPK","DERA ISMAIL KHAN","TANK","JANDOLA","SUB-DIVISION","Population",44794,22938,21856,44794,22938,21856,NA,NA,NA
"KPK","DERA ISMAIL KHAN","TANK","JANDOLA","SUB-DIVISION","Disability",2185,1153,1032,2185,1153,1032,NA,NA,NA
"KPK","DERA ISMAIL KHAN","TANK","JANDOLA","SUB-DIVISION","Functional limitation",3972,1949,2023,3972,1949,2023,NA,NA,NA
"KPK","DERA ISMAIL KHAN","TANK","JANDOLA","SUB-DIVISION","Seeing",706,365,341,706,365,341,NA,NA,NA
"KPK","DERA ISMAIL KHAN","TANK","JANDOLA","SUB-DIVISION","Hearing",791,401,390,791,401,390,NA,NA,NA
"KPK","DERA ISMAIL KHAN","TANK","JANDOLA","SUB-DIVISION","Walking/ Climbing",1084,541,543,1084,541,543,NA,NA,NA
"KPK","DERA ISMAIL KHAN","TANK","JANDOLA","SUB-DIVISION","Communication",468,226,242,468,226,242,NA,NA,NA
"KPK","DERA ISMAIL KHAN","TANK","JANDOLA","SUB-DIVISION","Memorization/ Focus",700,328,372,700,328,372,NA,NA,NA
"KPK","DERA ISMAIL KHAN","TANK","JANDOLA","SUB-DIVISION","Self care etc",572,280,292,572,280,292,NA,NA,NA
"KPK","DERA ISMAIL KHAN","TANK","TANK","TEHSIL","Population",425499,218652,206847,376327,192604,183723,49172,26048,23124
"KPK","DERA ISMAIL KHAN","TANK","TANK","TEHSIL","Disability",9437,5100,4337,8666,4669,3997,771,431,340
"KPK","DERA ISMAIL KHAN","TANK","TANK","TEHSIL","Functional limitation",26457,12885,13572,23565,11445,12120,2892,1440,1452
"KPK","DERA ISMAIL KHAN","TANK","TANK","TEHSIL","Seeing",4833,2368,2465,4329,2116,2213,504,252,252
"KPK","DERA ISMAIL KHAN","TANK","TANK","TEHSIL","Hearing",5282,2476,2806,4684,2192,2492,598,284,314
"KPK","DERA ISMAIL KHAN","TANK","TANK","TEHSIL","Walking/ Climbing",9009,4521,4488,8085,4044,4041,924,477,447
"KPK","DERA ISMAIL KHAN","TANK","TANK","TEHSIL","Communication",3171,1659,1512,2872,1495,1377,299,164,135
"KPK","DERA ISMAIL KHAN","TANK","TANK","TEHSIL","Memorization/ Focus",3929,1964,1965,3510,1751,1759,419,213,206
"KPK","DERA ISMAIL KHAN","TANK","TANK","TEHSIL","Self care etc",2840,1344,1496,2518,1184,1334,322,160,162
"KPK","HAZARA","TORGHAR","DAUR MERA","TEHSIL","Population",50503,25938,24565,50503,25938,24565,NA,NA,NA
"KPK","HAZARA","TORGHAR","DAUR MERA","TEHSIL","Disability",3265,1655,1610,3265,1655,1610,NA,NA,NA
"KPK","HAZARA","TORGHAR","DAUR MERA","TEHSIL","Functional limitation",5105,2454,2651,5105,2454,2651,NA,NA,NA
"KPK","HAZARA","TORGHAR","DAUR MERA","TEHSIL","Seeing",1027,509,518,1027,509,518,NA,NA,NA
"KPK","HAZARA","TORGHAR","DAUR MERA","TEHSIL","Hearing",957,438,519,957,438,519,NA,NA,NA
"KPK","HAZARA","TORGHAR","DAUR MERA","TEHSIL","Walking/ Climbing",1732,851,881,1732,851,881,NA,NA,NA
"KPK","HAZARA","TORGHAR","DAUR MERA","TEHSIL","Communication",731,394,337,731,394,337,NA,NA,NA
"KPK","HAZARA","TORGHAR","DAUR MERA","TEHSIL","Memorization/ Focus",869,414,455,869,414,455,NA,NA,NA
"KPK","HAZARA","TORGHAR","DAUR MERA","TEHSIL","Self care etc",607,287,320,607,287,320,NA,NA,NA
"KPK","HAZARA","TORGHAR","JUDBA","TEHSIL","Population",63083,32096,30987,63083,32096,30987,NA,NA,NA
"KPK","HAZARA","TORGHAR","JUDBA","TEHSIL","Disability",1404,600,804,1404,600,804,NA,NA,NA
"KPK","HAZARA","TORGHAR","JUDBA","TEHSIL","Functional limitation",3674,1540,2134,3674,1540,2134,NA,NA,NA
"KPK","HAZARA","TORGHAR","JUDBA","TEHSIL","Seeing",814,371,443,814,371,443,NA,NA,NA
"KPK","HAZARA","TORGHAR","JUDBA","TEHSIL","Hearing",774,324,450,774,324,450,NA,NA,NA
"KPK","HAZARA","TORGHAR","JUDBA","TEHSIL","Walking/ Climbing",1467,637,830,1467,637,830,NA,NA,NA
"KPK","HAZARA","TORGHAR","JUDBA","TEHSIL","Communication",480,211,269,480,211,269,NA,NA,NA
"KPK","HAZARA","TORGHAR","JUDBA","TEHSIL","Memorization/ Focus",650,290,360,650,290,360,NA,NA,NA
"KPK","HAZARA","TORGHAR","JUDBA","TEHSIL","Self care etc",320,121,199,320,121,199,NA,NA,NA
"KPK","HAZARA","TORGHAR","KHANDER","TEHSIL","Population",86859,44130,42729,86859,44130,42729,NA,NA,NA
"KPK","HAZARA","TORGHAR","KHANDER","TEHSIL","Disability",2284,1168,1116,2284,1168,1116,NA,NA,NA
"KPK","HAZARA","TORGHAR","KHANDER","TEHSIL","Functional limitation",5571,2576,2995,5571,2576,2995,NA,NA,NA
"KPK","HAZARA","TORGHAR","KHANDER","TEHSIL","Seeing",1374,684,690,1374,684,690,NA,NA,NA
"KPK","HAZARA","TORGHAR","KHANDER","TEHSIL","Hearing",1219,564,655,1219,564,655,NA,NA,NA
"KPK","HAZARA","TORGHAR","KHANDER","TEHSIL","Walking/ Climbing",2356,1141,1215,2356,1141,1215,NA,NA,NA
"KPK","HAZARA","TORGHAR","KHANDER","TEHSIL","Communication",722,387,335,722,387,335,NA,NA,NA
"KPK","HAZARA","TORGHAR","KHANDER","TEHSIL","Memorization/ Focus",989,517,472,989,517,472,NA,NA,NA
"KPK","HAZARA","TORGHAR","KHANDER","TEHSIL","Self care etc",389,145,244,389,145,244,NA,NA,NA
"KPK","MALAKAND","UPPER CHITRAL","MASTUJ","SUB-DIVISION","Population",195161,100319,94842,195161,100319,94842,NA,NA,NA
"KPK","MALAKAND","UPPER CHITRAL","MASTUJ","SUB-DIVISION","Disability",5247,2799,2448,5247,2799,2448,NA,NA,NA
"KPK","MALAKAND","UPPER CHITRAL","MASTUJ","SUB-DIVISION","Functional limitation",12480,6311,6169,12480,6311,6169,NA,NA,NA
"KPK","MALAKAND","UPPER CHITRAL","MASTUJ","SUB-DIVISION","Seeing",3019,1580,1439,3019,1580,1439,NA,NA,NA
"KPK","MALAKAND","UPPER CHITRAL","MASTUJ","SUB-DIVISION","Hearing",3290,1681,1609,3290,1681,1609,NA,NA,NA
"KPK","MALAKAND","UPPER CHITRAL","MASTUJ","SUB-DIVISION","Walking/ Climbing",4892,2451,2441,4892,2451,2441,NA,NA,NA
"KPK","MALAKAND","UPPER CHITRAL","MASTUJ","SUB-DIVISION","Communication",2125,1127,998,2125,1127,998,NA,NA,NA
"KPK","MALAKAND","UPPER CHITRAL","MASTUJ","SUB-DIVISION","Memorization/ Focus",2339,1192,1147,2339,1192,1147,NA,NA,NA
"KPK","MALAKAND","UPPER CHITRAL","MASTUJ","SUB-DIVISION","Self care etc",908,443,465,908,443,465,NA,NA,NA
"KPK","MALAKAND","UPPER DIR","DIR","SUB-DIVISION","Population",383541,191233,192308,336703,167406,169297,46838,23827,23011
"KPK","MALAKAND","UPPER DIR","DIR","SUB-DIVISION","Disability",15386,8261,7125,13754,7349,6405,1632,912,720
"KPK","MALAKAND","UPPER DIR","DIR","SUB-DIVISION","Functional limitation",28362,15245,13117,24855,13283,11572,3507,1962,1545
"KPK","MALAKAND","UPPER DIR","DIR","SUB-DIVISION","Seeing",5861,3141,2720,5013,2682,2331,848,459,389
"KPK","MALAKAND","UPPER DIR","DIR","SUB-DIVISION","Hearing",5193,2770,2423,4492,2389,2103,701,381,320
"KPK","MALAKAND","UPPER DIR","DIR","SUB-DIVISION","Walking/ Climbing",11322,6054,5268,9974,5316,4658,1348,738,610
"KPK","MALAKAND","UPPER DIR","DIR","SUB-DIVISION","Communication",4042,2256,1786,3549,1976,1573,493,280,213
"KPK","MALAKAND","UPPER DIR","DIR","SUB-DIVISION","Memorization/ Focus",4974,2717,2257,4350,2360,1990,624,357,267
"KPK","MALAKAND","UPPER DIR","DIR","SUB-DIVISION","Self care etc",2864,1503,1361,2503,1301,1202,361,202,159
"KPK","MALAKAND","UPPER DIR","LARJUM","SUB-DIVISION","Population",119396,59978,59418,119396,59978,59418,NA,NA,NA
"KPK","MALAKAND","UPPER DIR","LARJUM","SUB-DIVISION","Disability",7629,4020,3609,7629,4020,3609,NA,NA,NA
"KPK","MALAKAND","UPPER DIR","LARJUM","SUB-DIVISION","Functional limitation",11662,6192,5470,11662,6192,5470,NA,NA,NA
"KPK","MALAKAND","UPPER DIR","LARJUM","SUB-DIVISION","Seeing",2424,1289,1135,2424,1289,1135,NA,NA,NA
"KPK","MALAKAND","UPPER DIR","LARJUM","SUB-DIVISION","Hearing",2186,1154,1032,2186,1154,1032,NA,NA,NA
"KPK","MALAKAND","UPPER DIR","LARJUM","SUB-DIVISION","Walking/ Climbing",4037,2188,1849,4037,2188,1849,NA,NA,NA
"KPK","MALAKAND","UPPER DIR","LARJUM","SUB-DIVISION","Communication",1811,999,812,1811,999,812,NA,NA,NA
"KPK","MALAKAND","UPPER DIR","LARJUM","SUB-DIVISION","Memorization/ Focus",2083,1112,971,2083,1112,971,NA,NA,NA
"KPK","MALAKAND","UPPER DIR","LARJUM","SUB-DIVISION","Self care etc",1206,613,593,1206,613,593,NA,NA,NA
"KPK","MALAKAND","UPPER DIR","SHARINGAL","SUB-DIVISION","Population",210356,105129,105227,210356,105129,105227,NA,NA,NA
"KPK","MALAKAND","UPPER DIR","SHARINGAL","SUB-DIVISION","Disability",10241,5322,4919,10241,5322,4919,NA,NA,NA
"KPK","MALAKAND","UPPER DIR","SHARINGAL","SUB-DIVISION","Functional limitation",16399,8654,7745,16399,8654,7745,NA,NA,NA
"KPK","MALAKAND","UPPER DIR","SHARINGAL","SUB-DIVISION","Seeing",3572,1871,1701,3572,1871,1701,NA,NA,NA
"KPK","MALAKAND","UPPER DIR","SHARINGAL","SUB-DIVISION","Hearing",2924,1567,1357,2924,1567,1357,NA,NA,NA
"KPK","MALAKAND","UPPER DIR","SHARINGAL","SUB-DIVISION","Walking/ Climbing",6800,3534,3266,6800,3534,3266,NA,NA,NA
"KPK","MALAKAND","UPPER DIR","SHARINGAL","SUB-DIVISION","Communication",2238,1242,996,2238,1242,996,NA,NA,NA
"KPK","MALAKAND","UPPER DIR","SHARINGAL","SUB-DIVISION","Memorization/ Focus",2809,1515,1294,2809,1515,1294,NA,NA,NA
"KPK","MALAKAND","UPPER DIR","SHARINGAL","SUB-DIVISION","Self care etc",1558,856,702,1558,856,702,NA,NA,NA
"KPK","MALAKAND","UPPER DIR","WARI","SUB-DIVISION","Population",369123,180411,188712,369123,180411,188712,NA,NA,NA
"KPK","MALAKAND","UPPER DIR","WARI","SUB-DIVISION","Disability",14866,7559,7307,14866,7559,7307,NA,NA,NA
"KPK","MALAKAND","UPPER DIR","WARI","SUB-DIVISION","Functional limitation",26550,13437,13113,26550,13437,13113,NA,NA,NA
"KPK","MALAKAND","UPPER DIR","WARI","SUB-DIVISION","Seeing",5458,2766,2692,5458,2766,2692,NA,NA,NA
"KPK","MALAKAND","UPPER DIR","WARI","SUB-DIVISION","Hearing",4938,2490,2448,4938,2490,2448,NA,NA,NA
"KPK","MALAKAND","UPPER DIR","WARI","SUB-DIVISION","Walking/ Climbing",10710,5534,5176,10710,5534,5176,NA,NA,NA
"KPK","MALAKAND","UPPER DIR","WARI","SUB-DIVISION","Communication",4171,2175,1996,4171,2175,1996,NA,NA,NA
"KPK","MALAKAND","UPPER DIR","WARI","SUB-DIVISION","Memorization/ Focus",4953,2567,2386,4953,2567,2386,NA,NA,NA
"KPK","MALAKAND","UPPER DIR","WARI","SUB-DIVISION","Self care etc",2659,1270,1389,2659,1270,1389,NA,NA,NA
"KPK","HAZARA","UPPER KOHISTAN","DASSU","SUB-DIVISION","Population",133610,69556,64054,133610,69556,64054,NA,NA,NA
"KPK","HAZARA","UPPER KOHISTAN","DASSU","SUB-DIVISION","Disability",6826,3802,3024,6826,3802,3024,NA,NA,NA
"KPK","HAZARA","UPPER KOHISTAN","DASSU","SUB-DIVISION","Functional limitation",8932,4788,4144,8932,4788,4144,NA,NA,NA
"KPK","HAZARA","UPPER KOHISTAN","DASSU","SUB-DIVISION","Seeing",1455,771,684,1455,771,684,NA,NA,NA
"KPK","HAZARA","UPPER KOHISTAN","DASSU","SUB-DIVISION","Hearing",1352,725,627,1352,725,627,NA,NA,NA
"KPK","HAZARA","UPPER KOHISTAN","DASSU","SUB-DIVISION","Walking/ Climbing",2872,1504,1368,2872,1504,1368,NA,NA,NA
"KPK","HAZARA","UPPER KOHISTAN","DASSU","SUB-DIVISION","Communication",1065,626,439,1065,626,439,NA,NA,NA
"KPK","HAZARA","UPPER KOHISTAN","DASSU","SUB-DIVISION","Memorization/ Focus",1364,717,647,1364,717,647,NA,NA,NA
"KPK","HAZARA","UPPER KOHISTAN","DASSU","SUB-DIVISION","Self care etc",1358,744,614,1358,744,614,NA,NA,NA
"KPK","HAZARA","UPPER KOHISTAN","HARBAN BHASHA","TEHSIL","Population",44676,20709,23967,44676,20709,23967,NA,NA,NA
"KPK","HAZARA","UPPER KOHISTAN","HARBAN BHASHA","TEHSIL","Disability",615,282,333,615,282,333,NA,NA,NA
"KPK","HAZARA","UPPER KOHISTAN","HARBAN BHASHA","TEHSIL","Functional limitation",1489,607,882,1489,607,882,NA,NA,NA
"KPK","HAZARA","UPPER KOHISTAN","HARBAN BHASHA","TEHSIL","Seeing",348,162,186,348,162,186,NA,NA,NA
"KPK","HAZARA","UPPER KOHISTAN","HARBAN BHASHA","TEHSIL","Hearing",274,123,151,274,123,151,NA,NA,NA
"KPK","HAZARA","UPPER KOHISTAN","HARBAN BHASHA","TEHSIL","Walking/ Climbing",719,332,387,719,332,387,NA,NA,NA
"KPK","HAZARA","UPPER KOHISTAN","HARBAN BHASHA","TEHSIL","Communication",186,98,88,186,98,88,NA,NA,NA
"KPK","HAZARA","UPPER KOHISTAN","HARBAN BHASHA","TEHSIL","Memorization/ Focus",234,108,126,234,108,126,NA,NA,NA
"KPK","HAZARA","UPPER KOHISTAN","HARBAN BHASHA","TEHSIL","Self care etc",125,37,88,125,37,88,NA,NA,NA
"KPK","HAZARA","UPPER KOHISTAN","KANDIA","SUB-DIVISION","Population",141271,75871,65400,141271,75871,65400,NA,NA,NA
"KPK","HAZARA","UPPER KOHISTAN","KANDIA","SUB-DIVISION","Disability",2021,1019,1002,2021,1019,1002,NA,NA,NA
"KPK","HAZARA","UPPER KOHISTAN","KANDIA","SUB-DIVISION","Functional limitation",5048,2463,2585,5048,2463,2585,NA,NA,NA
"KPK","HAZARA","UPPER KOHISTAN","KANDIA","SUB-DIVISION","Seeing",940,469,471,940,469,471,NA,NA,NA
"KPK","HAZARA","UPPER KOHISTAN","KANDIA","SUB-DIVISION","Hearing",855,395,460,855,395,460,NA,NA,NA
"KPK","HAZARA","UPPER KOHISTAN","KANDIA","SUB-DIVISION","Walking/ Climbing",2098,1074,1024,2098,1074,1024,NA,NA,NA
"KPK","HAZARA","UPPER KOHISTAN","KANDIA","SUB-DIVISION","Communication",521,258,263,521,258,263,NA,NA,NA
"KPK","HAZARA","UPPER KOHISTAN","KANDIA","SUB-DIVISION","Memorization/ Focus",633,361,272,633,361,272,NA,NA,NA
"KPK","HAZARA","UPPER KOHISTAN","KANDIA","SUB-DIVISION","Self care etc",500,229,271,500,229,271,NA,NA,NA
"KPK","HAZARA","UPPER KOHISTAN","SEO","SUB-DIVISION","Population",54626,26644,27982,54626,26644,27982,NA,NA,NA
"KPK","HAZARA","UPPER KOHISTAN","SEO","SUB-DIVISION","Disability",707,314,393,707,314,393,NA,NA,NA
"KPK","HAZARA","UPPER KOHISTAN","SEO","SUB-DIVISION","Functional limitation",1650,730,920,1650,730,920,NA,NA,NA
"KPK","HAZARA","UPPER KOHISTAN","SEO","SUB-DIVISION","Seeing",333,179,154,333,179,154,NA,NA,NA
"KPK","HAZARA","UPPER KOHISTAN","SEO","SUB-DIVISION","Hearing",275,135,140,275,135,140,NA,NA,NA
"KPK","HAZARA","UPPER KOHISTAN","SEO","SUB-DIVISION","Walking/ Climbing",804,408,396,804,408,396,NA,NA,NA
"KPK","HAZARA","UPPER KOHISTAN","SEO","SUB-DIVISION","Communication",224,94,130,224,94,130,NA,NA,NA
"KPK","HAZARA","UPPER KOHISTAN","SEO","SUB-DIVISION","Memorization/ Focus",264,111,153,264,111,153,NA,NA,NA
"KPK","HAZARA","UPPER KOHISTAN","SEO","SUB-DIVISION","Self care etc",98,32,66,98,32,66,NA,NA,NA
"PUNJAB","RAWALPINDI","ATTOCK","ATTOCK","TEHSIL","Population",479094,241734,237360,226155,114313,111842,252939,127421,125518
"PUNJAB","RAWALPINDI","ATTOCK","ATTOCK","TEHSIL","Disability",20861,11504,9357,11290,6249,5041,9571,5255,4316
"PUNJAB","RAWALPINDI","ATTOCK","ATTOCK","TEHSIL","Functional limitation",46794,23105,23689,23774,11817,11957,23020,11288,11732
"PUNJAB","RAWALPINDI","ATTOCK","ATTOCK","TEHSIL","Seeing",8504,4186,4318,4288,2131,2157,4216,2055,2161
"PUNJAB","RAWALPINDI","ATTOCK","ATTOCK","TEHSIL","Hearing",8841,4266,4575,4308,2103,2205,4533,2163,2370
"PUNJAB","RAWALPINDI","ATTOCK","ATTOCK","TEHSIL","Walking/ Climbing",16587,8431,8156,8365,4303,4062,8222,4128,4094
"PUNJAB","RAWALPINDI","ATTOCK","ATTOCK","TEHSIL","Communication",5724,3047,2677,2844,1546,1298,2880,1501,1379
"PUNJAB","RAWALPINDI","ATTOCK","ATTOCK","TEHSIL","Memorization/ Focus",7252,3699,3553,3509,1803,1706,3743,1896,1847
"PUNJAB","RAWALPINDI","ATTOCK","ATTOCK","TEHSIL","Self care etc",5401,2651,2750,2745,1354,1391,2656,1297,1359
"PUNJAB","RAWALPINDI","ATTOCK","FATEH JANG","TEHSIL","Population",374726,189300,185426,293405,148268,145137,81321,41032,40289
"PUNJAB","RAWALPINDI","ATTOCK","FATEH JANG","TEHSIL","Disability",16068,8772,7296,13596,7411,6185,2472,1361,1111
"PUNJAB","RAWALPINDI","ATTOCK","FATEH JANG","TEHSIL","Functional limitation",39580,19227,20353,32532,15810,16722,7048,3417,3631
"PUNJAB","RAWALPINDI","ATTOCK","FATEH JANG","TEHSIL","Seeing",7381,3577,3804,5666,2730,2936,1715,847,868
"PUNJAB","RAWALPINDI","ATTOCK","FATEH JANG","TEHSIL","Hearing",7564,3581,3983,6226,2953,3273,1338,628,710
"PUNJAB","RAWALPINDI","ATTOCK","FATEH JANG","TEHSIL","Walking/ Climbing",13814,6895,6919,11278,5625,5653,2536,1270,1266
"PUNJAB","RAWALPINDI","ATTOCK","FATEH JANG","TEHSIL","Communication",4895,2513,2382,4015,2075,1940,880,438,442
"PUNJAB","RAWALPINDI","ATTOCK","FATEH JANG","TEHSIL","Memorization/ Focus",6081,3042,3039,4960,2503,2457,1121,539,582
"PUNJAB","RAWALPINDI","ATTOCK","FATEH JANG","TEHSIL","Self care etc",4449,2142,2307,3782,1831,1951,667,311,356
"PUNJAB","RAWALPINDI","ATTOCK","HASAN ABDAL","TEHSIL","Population",253435,128996,124439,184082,93490,90592,69353,35506,33847
"PUNJAB","RAWALPINDI","ATTOCK","HASAN ABDAL","TEHSIL","Disability",16366,8982,7384,13194,7107,6087,3172,1875,1297
"PUNJAB","RAWALPINDI","ATTOCK","HASAN ABDAL","TEHSIL","Functional limitation",29979,15147,14832,23198,11607,11591,6781,3540,3241
"PUNJAB","RAWALPINDI","ATTOCK","HASAN ABDAL","TEHSIL","Seeing",5568,2735,2833,4458,2297,2161,1110,438,672
"PUNJAB","RAWALPINDI","ATTOCK","HASAN ABDAL","TEHSIL","Hearing",6184,2982,3202,4686,2319,2367,1498,663,835
"PUNJAB","RAWALPINDI","ATTOCK","HASAN ABDAL","TEHSIL","Walking/ Climbing",7480,3787,3693,5533,2726,2807,1947,1061,886
"PUNJAB","RAWALPINDI","ATTOCK","HASAN ABDAL","TEHSIL","Communication",3977,2204,1773,3205,1763,1442,772,441,331
"PUNJAB","RAWALPINDI","ATTOCK","HASAN ABDAL","TEHSIL","Memorization/ Focus",4763,2609,2154,3714,1955,1759,1049,654,395
"PUNJAB","RAWALPINDI","ATTOCK","HASAN ABDAL","TEHSIL","Self care etc",3990,2023,1967,3194,1515,1679,796,508,288
"PUNJAB","RAWALPINDI","ATTOCK","HAZRO","TEHSIL","Population",386544,195019,191525,323572,163258,160314,62972,31761,31211
"PUNJAB","RAWALPINDI","ATTOCK","HAZRO","TEHSIL","Disability",13853,7606,6247,12117,6655,5462,1736,951,785
"PUNJAB","RAWALPINDI","ATTOCK","HAZRO","TEHSIL","Functional limitation",36135,17570,18565,30644,14955,15689,5491,2615,2876
"PUNJAB","RAWALPINDI","ATTOCK","HAZRO","TEHSIL","Seeing",7098,3440,3658,6089,2961,3128,1009,479,530
"PUNJAB","RAWALPINDI","ATTOCK","HAZRO","TEHSIL","Hearing",7008,3310,3698,5887,2786,3101,1121,524,597
"PUNJAB","RAWALPINDI","ATTOCK","HAZRO","TEHSIL","Walking/ Climbing",13015,6511,6504,11040,5530,5510,1975,981,994
"PUNJAB","RAWALPINDI","ATTOCK","HAZRO","TEHSIL","Communication",4175,2164,2011,3591,1862,1729,584,302,282
"PUNJAB","RAWALPINDI","ATTOCK","HAZRO","TEHSIL","Memorization/ Focus",5575,2779,2796,4751,2382,2369,824,397,427
"PUNJAB","RAWALPINDI","ATTOCK","HAZRO","TEHSIL","Self care etc",3927,1880,2047,3317,1588,1729,610,292,318
"PUNJAB","RAWALPINDI","ATTOCK","JAND","TEHSIL","Population",330328,162889,167439,274074,135161,138913,56254,27728,28526
"PUNJAB","RAWALPINDI","ATTOCK","JAND","TEHSIL","Disability",13222,6940,6282,10913,5710,5203,2309,1230,1079
"PUNJAB","RAWALPINDI","ATTOCK","JAND","TEHSIL","Functional limitation",35845,16580,19265,30199,13903,16296,5646,2677,2969
"PUNJAB","RAWALPINDI","ATTOCK","JAND","TEHSIL","Seeing",6844,3128,3716,5831,2658,3173,1013,470,543
"PUNJAB","RAWALPINDI","ATTOCK","JAND","TEHSIL","Hearing",7180,3298,3882,6095,2772,3323,1085,526,559
"PUNJAB","RAWALPINDI","ATTOCK","JAND","TEHSIL","Walking/ Climbing",12933,6145,6788,10887,5161,5726,2046,984,1062
"PUNJAB","RAWALPINDI","ATTOCK","JAND","TEHSIL","Communication",4121,2090,2031,3453,1740,1713,668,350,318
"PUNJAB","RAWALPINDI","ATTOCK","JAND","TEHSIL","Memorization/ Focus",5464,2659,2805,4603,2222,2381,861,437,424
"PUNJAB","RAWALPINDI","ATTOCK","JAND","TEHSIL","Self care etc",3767,1713,2054,3140,1419,1721,627,294,333
"PUNJAB","RAWALPINDI","ATTOCK","PINDI GHEB","TEHSIL","Population",308878,153836,155042,245068,121267,123801,63810,32569,31241
"PUNJAB","RAWALPINDI","ATTOCK","PINDI GHEB","TEHSIL","Disability",11542,5515,6027,9823,4533,5290,1719,982,737
"PUNJAB","RAWALPINDI","ATTOCK","PINDI GHEB","TEHSIL","Functional limitation",32326,14526,17800,26740,11799,14941,5586,2727,2859
"PUNJAB","RAWALPINDI","ATTOCK","PINDI GHEB","TEHSIL","Seeing",5766,2728,3038,4702,2213,2489,1064,515,549
"PUNJAB","RAWALPINDI","ATTOCK","PINDI GHEB","TEHSIL","Hearing",6338,2917,3421,5147,2349,2798,1191,568,623
"PUNJAB","RAWALPINDI","ATTOCK","PINDI GHEB","TEHSIL","Walking/ Climbing",11059,5337,5722,9047,4330,4717,2012,1007,1005
"PUNJAB","RAWALPINDI","ATTOCK","PINDI GHEB","TEHSIL","Communication",4038,1771,2267,3453,1455,1998,585,316,269
"PUNJAB","RAWALPINDI","ATTOCK","PINDI GHEB","TEHSIL","Memorization/ Focus",5193,2281,2912,4395,1879,2516,798,402,396
"PUNJAB","RAWALPINDI","ATTOCK","PINDI GHEB","TEHSIL","Self care etc",3532,1527,2005,2924,1230,1694,608,297,311
"PUNJAB","BAHAWALPUR","BAHAWALNAGAR","BAHAWALNAGAR","TEHSIL","Population",973483,507908,465575,692476,361273,331203,281007,146635,134372
"PUNJAB","BAHAWALPUR","BAHAWALNAGAR","BAHAWALNAGAR","TEHSIL","Disability",38885,20634,18251,26028,13982,12046,12857,6652,6205
"PUNJAB","BAHAWALPUR","BAHAWALNAGAR","BAHAWALNAGAR","TEHSIL","Functional limitation",89795,46817,42978,61769,32366,29403,28026,14451,13575
"PUNJAB","BAHAWALPUR","BAHAWALNAGAR","BAHAWALNAGAR","TEHSIL","Seeing",16701,8657,8044,11885,6161,5724,4816,2496,2320
"PUNJAB","BAHAWALPUR","BAHAWALNAGAR","BAHAWALNAGAR","TEHSIL","Hearing",17164,8963,8201,12058,6323,5735,5106,2640,2466
"PUNJAB","BAHAWALPUR","BAHAWALNAGAR","BAHAWALNAGAR","TEHSIL","Walking/ Climbing",32922,17402,15520,22949,12173,10776,9973,5229,4744
"PUNJAB","BAHAWALPUR","BAHAWALNAGAR","BAHAWALNAGAR","TEHSIL","Communication",10798,5994,4804,7400,4154,3246,3398,1840,1558
"PUNJAB","BAHAWALPUR","BAHAWALNAGAR","BAHAWALNAGAR","TEHSIL","Memorization/ Focus",13422,7087,6335,9241,4892,4349,4181,2195,1986
"PUNJAB","BAHAWALPUR","BAHAWALNAGAR","BAHAWALNAGAR","TEHSIL","Self care etc",10053,5086,4967,6735,3422,3313,3318,1664,1654
"PUNJAB","BAHAWALPUR","BAHAWALNAGAR","CHISHTIAN","TEHSIL","Population",843342,437489,405853,614192,318950,295242,229150,118539,110611
"PUNJAB","BAHAWALPUR","BAHAWALNAGAR","CHISHTIAN","TEHSIL","Disability",36619,19724,16895,25637,13983,11654,10982,5741,5241
"PUNJAB","BAHAWALPUR","BAHAWALNAGAR","CHISHTIAN","TEHSIL","Functional limitation",83265,43968,39297,59497,31597,27900,23768,12371,11397
"PUNJAB","BAHAWALPUR","BAHAWALNAGAR","CHISHTIAN","TEHSIL","Seeing",14316,7645,6671,10273,5494,4779,4043,2151,1892
"PUNJAB","BAHAWALPUR","BAHAWALNAGAR","CHISHTIAN","TEHSIL","Hearing",15735,8363,7372,11368,6052,5316,4367,2311,2056
"PUNJAB","BAHAWALPUR","BAHAWALNAGAR","CHISHTIAN","TEHSIL","Walking/ Climbing",29447,15634,13813,21043,11240,9803,8404,4394,4010
"PUNJAB","BAHAWALPUR","BAHAWALNAGAR","CHISHTIAN","TEHSIL","Communication",9983,5484,4499,7008,3878,3130,2975,1606,1369
"PUNJAB","BAHAWALPUR","BAHAWALNAGAR","CHISHTIAN","TEHSIL","Memorization/ Focus",12383,6673,5710,8715,4713,4002,3668,1960,1708
"PUNJAB","BAHAWALPUR","BAHAWALNAGAR","CHISHTIAN","TEHSIL","Self care etc",9551,5085,4466,6757,3663,3094,2794,1422,1372
"PUNJAB","BAHAWALPUR","BAHAWALNAGAR","FORT ABBAS","TEHSIL","Population",509974,266109,243865,375999,195875,180124,133975,70234,63741
"PUNJAB","BAHAWALPUR","BAHAWALNAGAR","FORT ABBAS","TEHSIL","Disability",34357,18012,16345,28798,15159,13639,5559,2853,2706
"PUNJAB","BAHAWALPUR","BAHAWALNAGAR","FORT ABBAS","TEHSIL","Functional limitation",61790,32421,29369,49444,25988,23456,12346,6433,5913
"PUNJAB","BAHAWALPUR","BAHAWALNAGAR","FORT ABBAS","TEHSIL","Seeing",10669,5678,4991,8521,4596,3925,2148,1082,1066
"PUNJAB","BAHAWALPUR","BAHAWALNAGAR","FORT ABBAS","TEHSIL","Hearing",11951,6555,5396,9658,5287,4371,2293,1268,1025
"PUNJAB","BAHAWALPUR","BAHAWALNAGAR","FORT ABBAS","TEHSIL","Walking/ Climbing",17237,9140,8097,13486,7121,6365,3751,2019,1732
"PUNJAB","BAHAWALPUR","BAHAWALNAGAR","FORT ABBAS","TEHSIL","Communication",9067,4743,4324,6926,3553,3373,2141,1190,951
"PUNJAB","BAHAWALPUR","BAHAWALNAGAR","FORT ABBAS","TEHSIL","Memorization/ Focus",10354,5507,4847,8309,4390,3919,2045,1117,928
"PUNJAB","BAHAWALPUR","BAHAWALNAGAR","FORT ABBAS","TEHSIL","Self care etc",7886,4024,3862,6283,3344,2939,1603,680,923
"PUNJAB","BAHAWALPUR","BAHAWALNAGAR","HAROONABAD","TEHSIL","Population",614987,317641,297346,403740,208195,195545,211247,109446,101801
"PUNJAB","BAHAWALPUR","BAHAWALNAGAR","HAROONABAD","TEHSIL","Disability",20384,10370,10014,13984,7131,6853,6400,3239,3161
"PUNJAB","BAHAWALPUR","BAHAWALNAGAR","HAROONABAD","TEHSIL","Functional limitation",56616,29043,27573,38256,19566,18690,18360,9477,8883
"PUNJAB","BAHAWALPUR","BAHAWALNAGAR","HAROONABAD","TEHSIL","Seeing",10045,5254,4791,6753,3504,3249,3292,1750,1542
"PUNJAB","BAHAWALPUR","BAHAWALNAGAR","HAROONABAD","TEHSIL","Hearing",11446,5933,5513,7805,4014,3791,3641,1919,1722
"PUNJAB","BAHAWALPUR","BAHAWALNAGAR","HAROONABAD","TEHSIL","Walking/ Climbing",19916,10412,9504,13494,7035,6459,6422,3377,3045
"PUNJAB","BAHAWALPUR","BAHAWALNAGAR","HAROONABAD","TEHSIL","Communication",6669,3624,3045,4547,2453,2094,2122,1171,951
"PUNJAB","BAHAWALPUR","BAHAWALNAGAR","HAROONABAD","TEHSIL","Memorization/ Focus",8902,4577,4325,5933,3093,2840,2969,1484,1485
"PUNJAB","BAHAWALPUR","BAHAWALNAGAR","HAROONABAD","TEHSIL","Self care etc",6349,3116,3233,4356,2102,2254,1993,1014,979
"PUNJAB","BAHAWALPUR","BAHAWALNAGAR","MINCHINABAD","TEHSIL","Population",603125,314111,289014,484889,252757,232132,118236,61354,56882
"PUNJAB","BAHAWALPUR","BAHAWALNAGAR","MINCHINABAD","TEHSIL","Disability",18214,9570,8644,14905,7872,7033,3309,1698,1611
"PUNJAB","BAHAWALPUR","BAHAWALNAGAR","MINCHINABAD","TEHSIL","Functional limitation",49540,25892,23648,40219,21058,19161,9321,4834,4487
"PUNJAB","BAHAWALPUR","BAHAWALNAGAR","MINCHINABAD","TEHSIL","Seeing",10002,5231,4771,8184,4278,3906,1818,953,865
"PUNJAB","BAHAWALPUR","BAHAWALNAGAR","MINCHINABAD","TEHSIL","Hearing",10445,5337,5108,8490,4380,4110,1955,957,998
"PUNJAB","BAHAWALPUR","BAHAWALNAGAR","MINCHINABAD","TEHSIL","Walking/ Climbing",17253,9226,8027,13896,7424,6472,3357,1802,1555
"PUNJAB","BAHAWALPUR","BAHAWALNAGAR","MINCHINABAD","TEHSIL","Communication",5989,3416,2573,4905,2833,2072,1084,583,501
"PUNJAB","BAHAWALPUR","BAHAWALNAGAR","MINCHINABAD","TEHSIL","Memorization/ Focus",7502,4107,3395,6091,3344,2747,1411,763,648
"PUNJAB","BAHAWALPUR","BAHAWALNAGAR","MINCHINABAD","TEHSIL","Self care etc",5084,2575,2509,4141,2102,2039,943,473,470
"PUNJAB","BAHAWALPUR","BAHAWALPUR","AHMADPUR EAST","TEHSIL","Population",1307408,666086,641322,958833,488307,470526,348575,177779,170796
"PUNJAB","BAHAWALPUR","BAHAWALPUR","AHMADPUR EAST","TEHSIL","Disability",39002,23131,15871,27705,16396,11309,11297,6735,4562
"PUNJAB","BAHAWALPUR","BAHAWALPUR","AHMADPUR EAST","TEHSIL","Functional limitation",94134,52223,41911,67685,37398,30287,26449,14825,11624
"PUNJAB","BAHAWALPUR","BAHAWALPUR","AHMADPUR EAST","TEHSIL","Seeing",17539,9570,7969,12591,6837,5754,4948,2733,2215
"PUNJAB","BAHAWALPUR","BAHAWALPUR","AHMADPUR EAST","TEHSIL","Hearing",19052,10351,8701,13788,7448,6340,5264,2903,2361
"PUNJAB","BAHAWALPUR","BAHAWALPUR","AHMADPUR EAST","TEHSIL","Walking/ Climbing",34066,19517,14549,24565,14055,10510,9501,5462,4039
"PUNJAB","BAHAWALPUR","BAHAWALPUR","AHMADPUR EAST","TEHSIL","Communication",11818,6714,5104,8473,4805,3668,3345,1909,1436
"PUNJAB","BAHAWALPUR","BAHAWALPUR","AHMADPUR EAST","TEHSIL","Memorization/ Focus",14992,8325,6667,10739,5926,4813,4253,2399,1854
"PUNJAB","BAHAWALPUR","BAHAWALPUR","AHMADPUR EAST","TEHSIL","Self care etc",10190,5644,4546,7223,3982,3241,2967,1662,1305
"PUNJAB","BAHAWALPUR","BAHAWALPUR","BAHAWALPUR CITY","TEHSIL","Population",813422,414129,399293,NA,NA,NA,813422,414129,399293
"PUNJAB","BAHAWALPUR","BAHAWALPUR","BAHAWALPUR CITY","TEHSIL","Disability",24753,15287,9466,NA,NA,NA,24753,15287,9466
"PUNJAB","BAHAWALPUR","BAHAWALPUR","BAHAWALPUR CITY","TEHSIL","Functional limitation",63999,36799,27200,NA,NA,NA,63999,36799,27200
"PUNJAB","BAHAWALPUR","BAHAWALPUR","BAHAWALPUR CITY","TEHSIL","Seeing",11410,6409,5001,NA,NA,NA,11410,6409,5001
"PUNJAB","BAHAWALPUR","BAHAWALPUR","BAHAWALPUR CITY","TEHSIL","Hearing",12762,7141,5621,NA,NA,NA,12762,7141,5621
"PUNJAB","BAHAWALPUR","BAHAWALPUR","BAHAWALPUR CITY","TEHSIL","Walking/ Climbing",22425,13160,9265,NA,NA,NA,22425,13160,9265
"PUNJAB","BAHAWALPUR","BAHAWALPUR","BAHAWALPUR CITY","TEHSIL","Communication",7585,4486,3099,NA,NA,NA,7585,4486,3099
"PUNJAB","BAHAWALPUR","BAHAWALPUR","BAHAWALPUR CITY","TEHSIL","Memorization/ Focus",9857,5637,4220,NA,NA,NA,9857,5637,4220
"PUNJAB","BAHAWALPUR","BAHAWALPUR","BAHAWALPUR CITY","TEHSIL","Self care etc",7135,4159,2976,NA,NA,NA,7135,4159,2976
"PUNJAB","BAHAWALPUR","BAHAWALPUR","BAHAWALPUR SADDAR","TEHSIL","Population",661543,338636,322907,524996,266896,258100,136547,71740,64807
"PUNJAB","BAHAWALPUR","BAHAWALPUR","BAHAWALPUR SADDAR","TEHSIL","Disability",21589,12664,8925,18685,10869,7816,2904,1795,1109
"PUNJAB","BAHAWALPUR","BAHAWALPUR","BAHAWALPUR SADDAR","TEHSIL","Functional limitation",51159,28613,22546,42468,23537,18931,8691,5076,3615
"PUNJAB","BAHAWALPUR","BAHAWALPUR","BAHAWALPUR SADDAR","TEHSIL","Seeing",9299,5103,4196,7677,4181,3496,1622,922,700
"PUNJAB","BAHAWALPUR","BAHAWALPUR","BAHAWALPUR SADDAR","TEHSIL","Hearing",10230,5651,4579,8434,4623,3811,1796,1028,768
"PUNJAB","BAHAWALPUR","BAHAWALPUR","BAHAWALPUR SADDAR","TEHSIL","Walking/ Climbing",17635,10232,7403,14645,8407,6238,2990,1825,1165
"PUNJAB","BAHAWALPUR","BAHAWALPUR","BAHAWALPUR SADDAR","TEHSIL","Communication",7048,3677,3371,5878,3091,2787,1170,586,584
"PUNJAB","BAHAWALPUR","BAHAWALPUR","BAHAWALPUR SADDAR","TEHSIL","Memorization/ Focus",9065,5002,4063,7689,4214,3475,1376,788,588
"PUNJAB","BAHAWALPUR","BAHAWALPUR","BAHAWALPUR SADDAR","TEHSIL","Self care etc",5601,3355,2246,4622,2721,1901,979,634,345
"PUNJAB","BAHAWALPUR","BAHAWALPUR","HASILPUR","TEHSIL","Population",506604,253471,253133,310921,155627,155294,195683,97844,97839
"PUNJAB","BAHAWALPUR","BAHAWALPUR","HASILPUR","TEHSIL","Disability",23303,13713,9590,14355,8502,5853,8948,5211,3737
"PUNJAB","BAHAWALPUR","BAHAWALPUR","HASILPUR","TEHSIL","Functional limitation",50877,28522,22355,31646,17814,13832,19231,10708,8523
"PUNJAB","BAHAWALPUR","BAHAWALPUR","HASILPUR","TEHSIL","Seeing",8105,4593,3512,4860,2770,2090,3245,1823,1422
"PUNJAB","BAHAWALPUR","BAHAWALPUR","HASILPUR","TEHSIL","Hearing",10009,5858,4151,6181,3607,2574,3828,2251,1577
"PUNJAB","BAHAWALPUR","BAHAWALPUR","HASILPUR","TEHSIL","Walking/ Climbing",16860,9530,7330,10337,5750,4587,6523,3780,2743
"PUNJAB","BAHAWALPUR","BAHAWALPUR","HASILPUR","TEHSIL","Communication",6450,3777,2673,4195,2462,1733,2255,1315,940
"PUNJAB","BAHAWALPUR","BAHAWALPUR","HASILPUR","TEHSIL","Memorization/ Focus",7959,4515,3444,5038,2882,2156,2921,1633,1288
"PUNJAB","BAHAWALPUR","BAHAWALPUR","HASILPUR","TEHSIL","Self care etc",6885,3535,3350,4233,2308,1925,2652,1227,1425
"PUNJAB","BAHAWALPUR","BAHAWALPUR","KHAIRPUR TAMEWALI","TEHSIL","Population",288741,145789,142952,241592,122067,119525,47149,23722,23427
"PUNJAB","BAHAWALPUR","BAHAWALPUR","KHAIRPUR TAMEWALI","TEHSIL","Disability",25961,14561,11400,23368,13138,10230,2593,1423,1170
"PUNJAB","BAHAWALPUR","BAHAWALPUR","KHAIRPUR TAMEWALI","TEHSIL","Functional limitation",40368,22320,18048,35367,19601,15766,5001,2719,2282
"PUNJAB","BAHAWALPUR","BAHAWALPUR","KHAIRPUR TAMEWALI","TEHSIL","Seeing",8384,4766,3618,7227,4154,3073,1157,612,545
"PUNJAB","BAHAWALPUR","BAHAWALPUR","KHAIRPUR TAMEWALI","TEHSIL","Hearing",8067,4309,3758,6940,3814,3126,1127,495,632
"PUNJAB","BAHAWALPUR","BAHAWALPUR","KHAIRPUR TAMEWALI","TEHSIL","Walking/ Climbing",9451,4876,4575,8110,4166,3944,1341,710,631
"PUNJAB","BAHAWALPUR","BAHAWALPUR","KHAIRPUR TAMEWALI","TEHSIL","Communication",5938,3497,2441,4979,2831,2148,959,666,293
"PUNJAB","BAHAWALPUR","BAHAWALPUR","KHAIRPUR TAMEWALI","TEHSIL","Memorization/ Focus",6767,3844,2923,6166,3512,2654,601,332,269
"PUNJAB","BAHAWALPUR","BAHAWALPUR","KHAIRPUR TAMEWALI","TEHSIL","Self care etc",5284,2954,2330,4945,2762,2183,339,192,147
"PUNJAB","BAHAWALPUR","BAHAWALPUR","YAZMAN","TEHSIL","Population",686739,347516,339223,626145,317386,308759,60594,30130,30464
"PUNJAB","BAHAWALPUR","BAHAWALPUR","YAZMAN","TEHSIL","Disability",22573,14007,8566,20958,13011,7947,1615,996,619
"PUNJAB","BAHAWALPUR","BAHAWALPUR","YAZMAN","TEHSIL","Functional limitation",56250,32436,23814,51542,29761,21781,4708,2675,2033
"PUNJAB","BAHAWALPUR","BAHAWALPUR","YAZMAN","TEHSIL","Seeing",9718,5428,4290,8797,4914,3883,921,514,407
"PUNJAB","BAHAWALPUR","BAHAWALPUR","YAZMAN","TEHSIL","Hearing",10943,6127,4816,9972,5589,4383,971,538,433
"PUNJAB","BAHAWALPUR","BAHAWALPUR","YAZMAN","TEHSIL","Walking/ Climbing",19424,11327,8097,17784,10395,7389,1640,932,708
"PUNJAB","BAHAWALPUR","BAHAWALPUR","YAZMAN","TEHSIL","Communication",6921,4229,2692,6317,3886,2431,604,343,261
"PUNJAB","BAHAWALPUR","BAHAWALPUR","YAZMAN","TEHSIL","Memorization/ Focus",8442,4890,3552,7617,4404,3213,825,486,339
"PUNJAB","BAHAWALPUR","BAHAWALPUR","YAZMAN","TEHSIL","Self care etc",6387,3717,2670,5906,3444,2462,481,273,208
"PUNJAB","SARGODHA","BHAKKAR","BHAKKAR","TEHSIL","Population",809649,421228,388421,650306,338068,312238,159343,83160,76183
"PUNJAB","SARGODHA","BHAKKAR","BHAKKAR","TEHSIL","Disability",32564,18378,14186,25072,14226,10846,7492,4152,3340
"PUNJAB","SARGODHA","BHAKKAR","BHAKKAR","TEHSIL","Functional limitation",90732,52542,38190,70944,41166,29778,19788,11376,8412
"PUNJAB","SARGODHA","BHAKKAR","BHAKKAR","TEHSIL","Seeing",16132,9341,6791,12716,7364,5352,3416,1977,1439
"PUNJAB","SARGODHA","BHAKKAR","BHAKKAR","TEHSIL","Hearing",17928,10516,7412,14057,8219,5838,3871,2297,1574
"PUNJAB","SARGODHA","BHAKKAR","BHAKKAR","TEHSIL","Walking/ Climbing",31648,18248,13400,24897,14392,10505,6751,3856,2895
"PUNJAB","SARGODHA","BHAKKAR","BHAKKAR","TEHSIL","Communication",10243,5994,4249,7870,4653,3217,2373,1341,1032
"PUNJAB","SARGODHA","BHAKKAR","BHAKKAR","TEHSIL","Memorization/ Focus",13377,7816,5561,10546,6153,4393,2831,1663,1168
"PUNJAB","SARGODHA","BHAKKAR","BHAKKAR","TEHSIL","Self care etc",10049,5782,4267,7781,4483,3298,2268,1299,969
"PUNJAB","SARGODHA","BHAKKAR","DARYA KHAN","TEHSIL","Population",421233,218514,202719,327385,170081,157304,93848,48433,45415
"PUNJAB","SARGODHA","BHAKKAR","DARYA KHAN","TEHSIL","Disability",19948,10958,8990,15884,8813,7071,4064,2145,1919
"PUNJAB","SARGODHA","BHAKKAR","DARYA KHAN","TEHSIL","Functional limitation",51334,29248,22086,40281,23071,17210,11053,6177,4876
"PUNJAB","SARGODHA","BHAKKAR","DARYA KHAN","TEHSIL","Seeing",9203,5234,3969,7086,4051,3035,2117,1183,934
"PUNJAB","SARGODHA","BHAKKAR","DARYA KHAN","TEHSIL","Hearing",9875,5719,4156,7711,4477,3234,2164,1242,922
"PUNJAB","SARGODHA","BHAKKAR","DARYA KHAN","TEHSIL","Walking/ Climbing",17680,9986,7694,13996,7945,6051,3684,2041,1643
"PUNJAB","SARGODHA","BHAKKAR","DARYA KHAN","TEHSIL","Communication",5541,3234,2307,4327,2542,1785,1214,692,522
"PUNJAB","SARGODHA","BHAKKAR","DARYA KHAN","TEHSIL","Memorization/ Focus",8107,4624,3483,6057,3509,2548,2050,1115,935
"PUNJAB","SARGODHA","BHAKKAR","DARYA KHAN","TEHSIL","Self care etc",5881,3251,2630,4774,2637,2137,1107,614,493
"PUNJAB","SARGODHA","BHAKKAR","KALUR KOT","TEHSIL","Population",415546,215127,200419,359947,186431,173516,55599,28696,26903
"PUNJAB","SARGODHA","BHAKKAR","KALUR KOT","TEHSIL","Disability",21356,11864,9492,19002,10608,8394,2354,1256,1098
"PUNJAB","SARGODHA","BHAKKAR","KALUR KOT","TEHSIL","Functional limitation",51561,29427,22134,45011,25750,19261,6550,3677,2873
"PUNJAB","SARGODHA","BHAKKAR","KALUR KOT","TEHSIL","Seeing",9539,5402,4137,8375,4721,3654,1164,681,483
"PUNJAB","SARGODHA","BHAKKAR","KALUR KOT","TEHSIL","Hearing",10150,5851,4299,8893,5157,3736,1257,694,563
"PUNJAB","SARGODHA","BHAKKAR","KALUR KOT","TEHSIL","Walking/ Climbing",17511,9817,7694,15116,8544,6572,2395,1273,1122
"PUNJAB","SARGODHA","BHAKKAR","KALUR KOT","TEHSIL","Communication",6395,3742,2653,5799,3389,2410,596,353,243
"PUNJAB","SARGODHA","BHAKKAR","KALUR KOT","TEHSIL","Memorization/ Focus",7774,4492,3282,6883,3984,2899,891,508,383
"PUNJAB","SARGODHA","BHAKKAR","KALUR KOT","TEHSIL","Self care etc",5443,3070,2373,4706,2628,2078,737,442,295
"PUNJAB","SARGODHA","BHAKKAR","MANKERA","TEHSIL","Population",310543,161332,149211,267042,138489,128553,43501,22843,20658
"PUNJAB","SARGODHA","BHAKKAR","MANKERA","TEHSIL","Disability",20332,11006,9326,17470,9435,8035,2862,1571,1291
"PUNJAB","SARGODHA","BHAKKAR","MANKERA","TEHSIL","Functional limitation",43789,24938,18851,37591,21405,16186,6198,3533,2665
"PUNJAB","SARGODHA","BHAKKAR","MANKERA","TEHSIL","Seeing",8477,4811,3666,7451,4226,3225,1026,585,441
"PUNJAB","SARGODHA","BHAKKAR","MANKERA","TEHSIL","Hearing",8936,5139,3797,7657,4457,3200,1279,682,597
"PUNJAB","SARGODHA","BHAKKAR","MANKERA","TEHSIL","Walking/ Climbing",12776,7255,5521,11136,6295,4841,1640,960,680
"PUNJAB","SARGODHA","BHAKKAR","MANKERA","TEHSIL","Communication",5547,3188,2359,4407,2528,1879,1140,660,480
"PUNJAB","SARGODHA","BHAKKAR","MANKERA","TEHSIL","Memorization/ Focus",7171,4098,3073,5909,3330,2579,1262,768,494
"PUNJAB","SARGODHA","BHAKKAR","MANKERA","TEHSIL","Self care etc",5557,3170,2387,4831,2748,2083,726,422,304
"PUNJAB","RAWALPINDI","CHAKWAL","CHAKWAL","TEHSIL","Population",768622,377609,391013,524580,256188,268392,244042,121421,122621
"PUNJAB","RAWALPINDI","CHAKWAL","CHAKWAL","TEHSIL","Disability",33855,19223,14632,23715,13337,10378,10140,5886,4254
"PUNJAB","RAWALPINDI","CHAKWAL","CHAKWAL","TEHSIL","Functional limitation",78346,42393,35953,55308,29559,25749,23038,12834,10204
"PUNJAB","RAWALPINDI","CHAKWAL","CHAKWAL","TEHSIL","Seeing",13742,7322,6420,9689,5095,4594,4053,2227,1826
"PUNJAB","RAWALPINDI","CHAKWAL","CHAKWAL","TEHSIL","Hearing",14699,7801,6898,10529,5523,5006,4170,2278,1892
"PUNJAB","RAWALPINDI","CHAKWAL","CHAKWAL","TEHSIL","Walking/ Climbing",28433,15670,12763,19997,10914,9083,8436,4756,3680
"PUNJAB","RAWALPINDI","CHAKWAL","CHAKWAL","TEHSIL","Communication",9238,5179,4059,6650,3705,2945,2588,1474,1114
"PUNJAB","RAWALPINDI","CHAKWAL","CHAKWAL","TEHSIL","Memorization/ Focus",11892,6473,5419,8503,4580,3923,3389,1893,1496
"PUNJAB","RAWALPINDI","CHAKWAL","CHAKWAL","TEHSIL","Self care etc",8760,4735,4025,6156,3284,2872,2604,1451,1153
"PUNJAB","RAWALPINDI","CHAKWAL","CHOA SAIDAN SHAH","TEHSIL","Population",167537,83615,83922,126463,62826,63637,41074,20789,20285
"PUNJAB","RAWALPINDI","CHAKWAL","CHOA SAIDAN SHAH","TEHSIL","Disability",7071,4364,2707,6044,3709,2335,1027,655,372
"PUNJAB","RAWALPINDI","CHAKWAL","CHOA SAIDAN SHAH","TEHSIL","Functional limitation",15728,8992,6736,12699,7234,5465,3029,1758,1271
"PUNJAB","RAWALPINDI","CHAKWAL","CHOA SAIDAN SHAH","TEHSIL","Seeing",2773,1496,1277,2201,1161,1040,572,335,237
"PUNJAB","RAWALPINDI","CHAKWAL","CHOA SAIDAN SHAH","TEHSIL","Hearing",2925,1588,1337,2284,1217,1067,641,371,270
"PUNJAB","RAWALPINDI","CHAKWAL","CHOA SAIDAN SHAH","TEHSIL","Walking/ Climbing",5545,3116,2429,4410,2447,1963,1135,669,466
"PUNJAB","RAWALPINDI","CHAKWAL","CHOA SAIDAN SHAH","TEHSIL","Communication",2242,1355,887,1867,1124,743,375,231,144
"PUNJAB","RAWALPINDI","CHAKWAL","CHOA SAIDAN SHAH","TEHSIL","Memorization/ Focus",2629,1585,1044,2150,1300,850,479,285,194
"PUNJAB","RAWALPINDI","CHAKWAL","CHOA SAIDAN SHAH","TEHSIL","Self care etc",1704,1023,681,1382,831,551,322,192,130
NA,NA,"CHAKWAL","KALLAR KAHAR","TEHSIL","Population",193284,99446,93838,143692,73194,70498,49592,26252,23340
NA,NA,"CHAKWAL","KALLAR KAHAR","TEHSIL","Disability",8449,4840,3609,7046,3965,3081,1403,875,528
NA,NA,"CHAKWAL","KALLAR KAHAR","TEHSIL","Functional limitation",20189,11136,9053,16008,8697,7311,4181,2439,1742
NA,NA,"CHAKWAL","KALLAR KAHAR","TEHSIL","Seeing",3647,1955,1692,2909,1537,1372,738,418,320
NA,NA,"CHAKWAL","KALLAR KAHAR","TEHSIL","Hearing",3883,2109,1774,3041,1634,1407,842,475,367
NA,NA,"CHAKWAL","KALLAR KAHAR","TEHSIL","Walking/ Climbing",7301,4070,3231,5779,3177,2602,1522,893,629
NA,NA,"CHAKWAL","KALLAR KAHAR","TEHSIL","Communication",2378,1326,1052,1903,1047,856,475,279,196
NA,NA,"CHAKWAL","KALLAR KAHAR","TEHSIL","Memorization/ Focus",2934,1614,1320,2311,1260,1051,623,354,269
NA,NA,"CHAKWAL","KALLAR KAHAR","TEHSIL","Self care etc",2185,1209,976,1725,930,795,460,279,181
"PUNJAB","RAWALPINDI","CHAKWAL","LAWA","TEHSIL","Population",144611,72904,71707,123992,62596,61396,20619,10308,10311
"PUNJAB","RAWALPINDI","CHAKWAL","LAWA","TEHSIL","Disability",13575,7417,6158,11939,6579,5360,1636,838,798
"PUNJAB","RAWALPINDI","CHAKWAL","LAWA","TEHSIL","Functional limitation",22315,11995,10320,19559,10572,8987,2756,1423,1333
"PUNJAB","RAWALPINDI","CHAKWAL","LAWA","TEHSIL","Seeing",4133,2349,1784,3802,2169,1633,331,180,151
"PUNJAB","RAWALPINDI","CHAKWAL","LAWA","TEHSIL","Hearing",4559,2563,1996,4019,2173,1846,540,390,150
"PUNJAB","RAWALPINDI","CHAKWAL","LAWA","TEHSIL","Walking/ Climbing",4988,2575,2413,4150,2127,2023,838,448,390
"PUNJAB","RAWALPINDI","CHAKWAL","LAWA","TEHSIL","Communication",3409,1869,1540,2937,1644,1293,472,225,247
"PUNJAB","RAWALPINDI","CHAKWAL","LAWA","TEHSIL","Memorization/ Focus",3842,2045,1797,3581,1912,1669,261,133,128
"PUNJAB","RAWALPINDI","CHAKWAL","LAWA","TEHSIL","Self care etc",3129,1645,1484,2696,1533,1163,433,112,321
"PUNJAB","RAWALPINDI","CHAKWAL","TALA GANG","TEHSIL","Population",457635,229024,228611,378204,188867,189337,79431,40157,39274
"PUNJAB","RAWALPINDI","CHAKWAL","TALA GANG","TEHSIL","Disability",23482,13489,9993,19954,11410,8544,3528,2079,1449
"PUNJAB","RAWALPINDI","CHAKWAL","TALA GANG","TEHSIL","Functional limitation",51623,28433,23190,43562,23911,19651,8061,4522,3539
"PUNJAB","RAWALPINDI","CHAKWAL","TALA GANG","TEHSIL","Seeing",8736,4782,3954,7335,3992,3343,1401,790,611
"PUNJAB","RAWALPINDI","CHAKWAL","TALA GANG","TEHSIL","Hearing",9356,5077,4279,7911,4287,3624,1445,790,655
"PUNJAB","RAWALPINDI","CHAKWAL","TALA GANG","TEHSIL","Walking/ Climbing",18676,10360,8316,15719,8689,7030,2957,1671,1286
"PUNJAB","RAWALPINDI","CHAKWAL","TALA GANG","TEHSIL","Communication",6119,3473,2646,5235,2961,2274,884,512,372
"PUNJAB","RAWALPINDI","CHAKWAL","TALA GANG","TEHSIL","Memorization/ Focus",7624,4241,3383,6457,3578,2879,1167,663,504
"PUNJAB","RAWALPINDI","CHAKWAL","TALA GANG","TEHSIL","Self care etc",5818,3195,2623,4894,2682,2212,924,513,411
"PUNJAB","FAISALABAD","CHINIOT","BHAWANA","TEHSIL","Population",428617,217078,211539,389347,197369,191978,39270,19709,19561
"PUNJAB","FAISALABAD","CHINIOT","BHAWANA","TEHSIL","Disability",20674,11179,9495,19855,10705,9150,819,474,345
"PUNJAB","FAISALABAD","CHINIOT","BHAWANA","TEHSIL","Functional limitation",43813,23620,20193,41037,22095,18942,2776,1525,1251
"PUNJAB","FAISALABAD","CHINIOT","BHAWANA","TEHSIL","Seeing",7632,4106,3526,7142,3832,3310,490,274,216
"PUNJAB","FAISALABAD","CHINIOT","BHAWANA","TEHSIL","Hearing",8564,4647,3917,7957,4319,3638,607,328,279
"PUNJAB","FAISALABAD","CHINIOT","BHAWANA","TEHSIL","Walking/ Climbing",13444,7289,6155,12507,6769,5738,937,520,417
"PUNJAB","FAISALABAD","CHINIOT","BHAWANA","TEHSIL","Communication",5926,3233,2693,5574,3034,2540,352,199,153
"PUNJAB","FAISALABAD","CHINIOT","BHAWANA","TEHSIL","Memorization/ Focus",6772,3745,3027,6350,3510,2840,422,235,187
"PUNJAB","FAISALABAD","CHINIOT","BHAWANA","TEHSIL","Self care etc",5237,2761,2476,4926,2588,2338,311,173,138
"PUNJAB","FAISALABAD","CHINIOT","CHINIOT","TEHSIL","Population",633621,322195,311426,315456,160367,155089,318165,161828,156337
"PUNJAB","FAISALABAD","CHINIOT","CHINIOT","TEHSIL","Disability",21091,12349,8742,11102,6441,4661,9989,5908,4081
"PUNJAB","FAISALABAD","CHINIOT","CHINIOT","TEHSIL","Functional limitation",54834,30782,24052,28345,15779,12566,26489,15003,11486
"PUNJAB","FAISALABAD","CHINIOT","CHINIOT","TEHSIL","Seeing",10059,5590,4469,5126,2797,2329,4933,2793,2140
"PUNJAB","FAISALABAD","CHINIOT","CHINIOT","TEHSIL","Hearing",10659,5855,4804,5701,3114,2587,4958,2741,2217
"PUNJAB","FAISALABAD","CHINIOT","CHINIOT","TEHSIL","Walking/ Climbing",19580,11139,8441,10076,5690,4386,9504,5449,4055
"PUNJAB","FAISALABAD","CHINIOT","CHINIOT","TEHSIL","Communication",6548,3749,2799,3408,1974,1434,3140,1775,1365
"PUNJAB","FAISALABAD","CHINIOT","CHINIOT","TEHSIL","Memorization/ Focus",8234,4656,3578,4265,2390,1875,3969,2266,1703
"PUNJAB","FAISALABAD","CHINIOT","CHINIOT","TEHSIL","Self care etc",5912,3296,2616,3113,1725,1388,2799,1571,1228
"PUNJAB","FAISALABAD","CHINIOT","LALIAN","TEHSIL","Population",500786,251625,249161,366549,185021,181528,134237,66604,67633
"PUNJAB","FAISALABAD","CHINIOT","LALIAN","TEHSIL","Disability",17914,10329,7585,13214,7648,5566,4700,2681,2019
"PUNJAB","FAISALABAD","CHINIOT","LALIAN","TEHSIL","Functional limitation",46777,25645,21132,33700,18619,15081,13077,7026,6051
"PUNJAB","FAISALABAD","CHINIOT","LALIAN","TEHSIL","Seeing",8663,4731,3932,6184,3416,2768,2479,1315,1164
"PUNJAB","FAISALABAD","CHINIOT","LALIAN","TEHSIL","Hearing",9400,5085,4315,6786,3701,3085,2614,1384,1230
"PUNJAB","FAISALABAD","CHINIOT","LALIAN","TEHSIL","Walking/ Climbing",16410,9113,7297,11877,6657,5220,4533,2456,2077
"PUNJAB","FAISALABAD","CHINIOT","LALIAN","TEHSIL","Communication",5946,3349,2597,4356,2466,1890,1590,883,707
"PUNJAB","FAISALABAD","CHINIOT","LALIAN","TEHSIL","Memorization/ Focus",7404,4048,3356,5322,2931,2391,2082,1117,965
"PUNJAB","FAISALABAD","CHINIOT","LALIAN","TEHSIL","Self care etc",5141,2808,2333,3696,2030,1666,1445,778,667
"PUNJAB","DERA GHAZI KHAN","DERA GHAZI KHAN","DERA GHAZI KHAN","TEHSIL","Population",1436937,722702,714235,913542,457134,456408,523395,265568,257827
"PUNJAB","DERA GHAZI KHAN","DERA GHAZI KHAN","DERA GHAZI KHAN","TEHSIL","Disability",44752,23364,21388,26717,13867,12850,18035,9497,8538
"PUNJAB","DERA GHAZI KHAN","DERA GHAZI KHAN","DERA GHAZI KHAN","TEHSIL","Functional limitation",125524,63215,62309,75117,37444,37673,50407,25771,24636
"PUNJAB","DERA GHAZI KHAN","DERA GHAZI KHAN","DERA GHAZI KHAN","TEHSIL","Seeing",21759,11013,10746,12961,6490,6471,8798,4523,4275
"PUNJAB","DERA GHAZI KHAN","DERA GHAZI KHAN","DERA GHAZI KHAN","TEHSIL","Hearing",24778,12440,12338,14679,7273,7406,10099,5167,4932
"PUNJAB","DERA GHAZI KHAN","DERA GHAZI KHAN","DERA GHAZI KHAN","TEHSIL","Walking/ Climbing",40241,20698,19543,24089,12275,11814,16152,8423,7729
"PUNJAB","DERA GHAZI KHAN","DERA GHAZI KHAN","DERA GHAZI KHAN","TEHSIL","Communication",13505,7131,6374,7874,4125,3749,5631,3006,2625
"PUNJAB","DERA GHAZI KHAN","DERA GHAZI KHAN","DERA GHAZI KHAN","TEHSIL","Memorization/ Focus",18865,9783,9082,11023,5573,5450,7842,4210,3632
"PUNJAB","DERA GHAZI KHAN","DERA GHAZI KHAN","DERA GHAZI KHAN","TEHSIL","Self care etc",15160,7409,7751,8990,4393,4597,6170,3016,3154
"PUNJAB","DERA GHAZI KHAN","DERA GHAZI KHAN","KOH-E-SULEMAN","TEHSIL","Population",248683,126946,121737,248683,126946,121737,NA,NA,NA
"PUNJAB","DERA GHAZI KHAN","DERA GHAZI KHAN","KOH-E-SULEMAN","TEHSIL","Disability",17107,8857,8250,17107,8857,8250,NA,NA,NA
"PUNJAB","DERA GHAZI KHAN","DERA GHAZI KHAN","KOH-E-SULEMAN","TEHSIL","Functional limitation",27840,14248,13592,27840,14248,13592,NA,NA,NA
"PUNJAB","DERA GHAZI KHAN","DERA GHAZI KHAN","KOH-E-SULEMAN","TEHSIL","Seeing",5318,2721,2597,5318,2721,2597,NA,NA,NA
"PUNJAB","DERA GHAZI KHAN","DERA GHAZI KHAN","KOH-E-SULEMAN","TEHSIL","Hearing",5562,2809,2753,5562,2809,2753,NA,NA,NA
"PUNJAB","DERA GHAZI KHAN","DERA GHAZI KHAN","KOH-E-SULEMAN","TEHSIL","Walking/ Climbing",8428,4378,4050,8428,4378,4050,NA,NA,NA
"PUNJAB","DERA GHAZI KHAN","DERA GHAZI KHAN","KOH-E-SULEMAN","TEHSIL","Communication",3481,1806,1675,3481,1806,1675,NA,NA,NA
"PUNJAB","DERA GHAZI KHAN","DERA GHAZI KHAN","KOH-E-SULEMAN","TEHSIL","Memorization/ Focus",3885,1994,1891,3885,1994,1891,NA,NA,NA
"PUNJAB","DERA GHAZI KHAN","DERA GHAZI KHAN","KOH-E-SULEMAN","TEHSIL","Self care etc",3340,1766,1574,3340,1766,1574,NA,NA,NA
"PUNJAB","DERA GHAZI KHAN","DERA GHAZI KHAN","KOT CHHUTTA","TEHSIL","Population",904701,452454,452247,781423,391639,389784,123278,60815,62463
"PUNJAB","DERA GHAZI KHAN","DERA GHAZI KHAN","KOT CHHUTTA","TEHSIL","Disability",30969,15830,15139,27477,14121,13356,3492,1709,1783
"PUNJAB","DERA GHAZI KHAN","DERA GHAZI KHAN","KOT CHHUTTA","TEHSIL","Functional limitation",80964,40100,40864,70278,34964,35314,10686,5136,5550
"PUNJAB","DERA GHAZI KHAN","DERA GHAZI KHAN","KOT CHHUTTA","TEHSIL","Seeing",13993,6997,6996,12162,6109,6053,1831,888,943
"PUNJAB","DERA GHAZI KHAN","DERA GHAZI KHAN","KOT CHHUTTA","TEHSIL","Hearing",15955,7937,8018,13776,6889,6887,2179,1048,1131
"PUNJAB","DERA GHAZI KHAN","DERA GHAZI KHAN","KOT CHHUTTA","TEHSIL","Walking/ Climbing",26402,13367,13035,22997,11671,11326,3405,1696,1709
"PUNJAB","DERA GHAZI KHAN","DERA GHAZI KHAN","KOT CHHUTTA","TEHSIL","Communication",9325,4840,4485,8069,4256,3813,1256,584,672
"PUNJAB","DERA GHAZI KHAN","DERA GHAZI KHAN","KOT CHHUTTA","TEHSIL","Memorization/ Focus",12116,6036,6080,10554,5259,5295,1562,777,785
"PUNJAB","DERA GHAZI KHAN","DERA GHAZI KHAN","KOT CHHUTTA","TEHSIL","Self care etc",9514,4614,4900,8306,4045,4261,1208,569,639
"PUNJAB","DERA GHAZI KHAN","DERA GHAZI KHAN","TAUNSA","TEHSIL","Population",796254,407529,388725,638255,326676,311579,157999,80853,77146
"PUNJAB","DERA GHAZI KHAN","DERA GHAZI KHAN","TAUNSA","TEHSIL","Disability",24634,12959,11675,18869,9918,8951,5765,3041,2724
"PUNJAB","DERA GHAZI KHAN","DERA GHAZI KHAN","TAUNSA","TEHSIL","Functional limitation",69240,35633,33607,53782,27618,26164,15458,8015,7443
"PUNJAB","DERA GHAZI KHAN","DERA GHAZI KHAN","TAUNSA","TEHSIL","Seeing",12396,6439,5957,9670,5032,4638,2726,1407,1319
"PUNJAB","DERA GHAZI KHAN","DERA GHAZI KHAN","TAUNSA","TEHSIL","Hearing",13466,6998,6468,10491,5446,5045,2975,1552,1423
"PUNJAB","DERA GHAZI KHAN","DERA GHAZI KHAN","TAUNSA","TEHSIL","Walking/ Climbing",23282,12185,11097,18166,9519,8647,5116,2666,2450
"PUNJAB","DERA GHAZI KHAN","DERA GHAZI KHAN","TAUNSA","TEHSIL","Communication",8068,4357,3711,6377,3423,2954,1691,934,757
"PUNJAB","DERA GHAZI KHAN","DERA GHAZI KHAN","TAUNSA","TEHSIL","Memorization/ Focus",10525,5460,5065,8224,4272,3952,2301,1188,1113
"PUNJAB","DERA GHAZI KHAN","DERA GHAZI KHAN","TAUNSA","TEHSIL","Self care etc",7621,3788,3833,5849,2884,2965,1772,904,868
"PUNJAB","FAISALABAD","FAISALABAD","CHAK JHUMRA","TEHSIL","Population",385169,203153,182016,325038,172199,152839,60131,30954,29177
"PUNJAB","FAISALABAD","FAISALABAD","CHAK JHUMRA","TEHSIL","Disability",36189,20008,16181,31375,17397,13978,4814,2611,2203
"PUNJAB","FAISALABAD","FAISALABAD","CHAK JHUMRA","TEHSIL","Functional limitation",58818,32283,26535,50691,27893,22798,8127,4390,3737
"PUNJAB","FAISALABAD","FAISALABAD","CHAK JHUMRA","TEHSIL","Seeing",10405,5881,4524,9035,5121,3914,1370,760,610
"PUNJAB","FAISALABAD","FAISALABAD","CHAK JHUMRA","TEHSIL","Hearing",10369,5694,4675,8949,4910,4039,1420,784,636
"PUNJAB","FAISALABAD","FAISALABAD","CHAK JHUMRA","TEHSIL","Walking/ Climbing",13716,7636,6080,11696,6519,5177,2020,1117,903
"PUNJAB","FAISALABAD","FAISALABAD","CHAK JHUMRA","TEHSIL","Communication",7459,4286,3173,6903,3980,2923,556,306,250
"PUNJAB","FAISALABAD","FAISALABAD","CHAK JHUMRA","TEHSIL","Memorization/ Focus",10171,5640,4531,9347,5164,4183,824,476,348
"PUNJAB","FAISALABAD","FAISALABAD","CHAK JHUMRA","TEHSIL","Self care etc",9574,4875,4699,7155,3652,3503,2419,1223,1196
"PUNJAB","FAISALABAD","FAISALABAD","FAISALABAD CITY","TEHSIL","Population",3682036,1925102,1756934,NA,NA,NA,3682036,1925102,1756934
"PUNJAB","FAISALABAD","FAISALABAD","FAISALABAD CITY","TEHSIL","Disability",125029,71868,53161,NA,NA,NA,125029,71868,53161
"PUNJAB","FAISALABAD","FAISALABAD","FAISALABAD CITY","TEHSIL","Functional limitation",330064,182702,147362,NA,NA,NA,330064,182702,147362
"PUNJAB","FAISALABAD","FAISALABAD","FAISALABAD CITY","TEHSIL","Seeing",59038,32439,26599,NA,NA,NA,59038,32439,26599
"PUNJAB","FAISALABAD","FAISALABAD","FAISALABAD CITY","TEHSIL","Hearing",66008,36515,29493,NA,NA,NA,66008,36515,29493
"PUNJAB","FAISALABAD","FAISALABAD","FAISALABAD CITY","TEHSIL","Walking/ Climbing",109223,60994,48229,NA,NA,NA,109223,60994,48229
"PUNJAB","FAISALABAD","FAISALABAD","FAISALABAD CITY","TEHSIL","Communication",36996,20775,16221,NA,NA,NA,36996,20775,16221
"PUNJAB","FAISALABAD","FAISALABAD","FAISALABAD CITY","TEHSIL","Memorization/ Focus",45814,25788,20026,NA,NA,NA,45814,25788,20026
"PUNJAB","FAISALABAD","FAISALABAD","FAISALABAD CITY","TEHSIL","Self care etc",37839,21418,16421,NA,NA,NA,37839,21418,16421
"PUNJAB","FAISALABAD","FAISALABAD","FAISALABAD SADAR","TEHSIL","Population",1742958,907510,835448,1646024,857856,788168,96934,49654,47280
"PUNJAB","FAISALABAD","FAISALABAD","FAISALABAD SADAR","TEHSIL","Disability",54861,31777,23084,52475,30355,22120,2386,1422,964
"PUNJAB","FAISALABAD","FAISALABAD","FAISALABAD SADAR","TEHSIL","Functional limitation",153479,84685,68794,145391,80210,65181,8088,4475,3613
"PUNJAB","FAISALABAD","FAISALABAD","FAISALABAD SADAR","TEHSIL","Seeing",26449,14577,11872,25027,13789,11238,1422,788,634
"PUNJAB","FAISALABAD","FAISALABAD","FAISALABAD SADAR","TEHSIL","Hearing",30329,16472,13857,28640,15552,13088,1689,920,769
"PUNJAB","FAISALABAD","FAISALABAD","FAISALABAD SADAR","TEHSIL","Walking/ Climbing",52302,29352,22950,49563,27811,21752,2739,1541,1198
"PUNJAB","FAISALABAD","FAISALABAD","FAISALABAD SADAR","TEHSIL","Communication",17772,10127,7645,16840,9582,7258,932,545,387
"PUNJAB","FAISALABAD","FAISALABAD","FAISALABAD SADAR","TEHSIL","Memorization/ Focus",22708,12721,9987,21473,12015,9458,1235,706,529
"PUNJAB","FAISALABAD","FAISALABAD","FAISALABAD SADAR","TEHSIL","Self care etc",17724,9701,8023,16796,9186,7610,928,515,413
"PUNJAB","FAISALABAD","FAISALABAD","JARANWALA","TEHSIL","Population",1731148,903238,827910,1463533,762492,701041,267615,140746,126869
"PUNJAB","FAISALABAD","FAISALABAD","JARANWALA","TEHSIL","Disability",52419,29736,22683,43994,24774,19220,8425,4962,3463
"PUNJAB","FAISALABAD","FAISALABAD","JARANWALA","TEHSIL","Functional limitation",150064,82413,67651,126897,69426,57471,23167,12987,10180
"PUNJAB","FAISALABAD","FAISALABAD","JARANWALA","TEHSIL","Seeing",26503,14637,11866,22228,12248,9980,4275,2389,1886
"PUNJAB","FAISALABAD","FAISALABAD","JARANWALA","TEHSIL","Hearing",29839,16345,13494,25419,13891,11528,4420,2454,1966
"PUNJAB","FAISALABAD","FAISALABAD","JARANWALA","TEHSIL","Walking/ Climbing",51203,28989,22214,43286,24482,18804,7917,4507,3410
"PUNJAB","FAISALABAD","FAISALABAD","JARANWALA","TEHSIL","Communication",18349,9988,8361,15781,8494,7287,2568,1494,1074
"PUNJAB","FAISALABAD","FAISALABAD","JARANWALA","TEHSIL","Memorization/ Focus",22595,12446,10149,19269,10536,8733,3326,1910,1416
"PUNJAB","FAISALABAD","FAISALABAD","JARANWALA","TEHSIL","Self care etc",16545,9086,7459,13929,7635,6294,2616,1451,1165
"PUNJAB","FAISALABAD","FAISALABAD","SAMMUNDRI","TEHSIL","Population",729672,375218,354454,543301,280105,263196,186371,95113,91258
"PUNJAB","FAISALABAD","FAISALABAD","SAMMUNDRI","TEHSIL","Disability",32852,18196,14656,24717,13655,11062,8135,4541,3594
"PUNJAB","FAISALABAD","FAISALABAD","SAMMUNDRI","TEHSIL","Functional limitation",76528,41818,34710,57863,31599,26264,18665,10219,8446
"PUNJAB","FAISALABAD","FAISALABAD","SAMMUNDRI","TEHSIL","Seeing",11645,6428,5217,8659,4764,3895,2986,1664,1322
"PUNJAB","FAISALABAD","FAISALABAD","SAMMUNDRI","TEHSIL","Hearing",14984,7620,7364,11244,5747,5497,3740,1873,1867
"PUNJAB","FAISALABAD","FAISALABAD","SAMMUNDRI","TEHSIL","Walking/ Climbing",22767,12826,9941,16848,9508,7340,5919,3318,2601
"PUNJAB","FAISALABAD","FAISALABAD","SAMMUNDRI","TEHSIL","Communication",10896,6349,4547,8178,4937,3241,2718,1412,1306
"PUNJAB","FAISALABAD","FAISALABAD","SAMMUNDRI","TEHSIL","Memorization/ Focus",13140,7647,5493,9959,5649,4310,3181,1998,1183
"PUNJAB","FAISALABAD","FAISALABAD","SAMMUNDRI","TEHSIL","Self care etc",9333,4694,4639,7280,3563,3717,2053,1131,922
"PUNJAB","FAISALABAD","FAISALABAD","TANDLIAN WALA","TEHSIL","Population",794323,412923,381400,704844,366595,338249,89479,46328,43151
"PUNJAB","FAISALABAD","FAISALABAD","TANDLIAN WALA","TEHSIL","Disability",24240,13293,10947,21607,11872,9735,2633,1421,1212
"PUNJAB","FAISALABAD","FAISALABAD","TANDLIAN WALA","TEHSIL","Functional limitation",69160,37593,31567,61850,33614,28236,7310,3979,3331
"PUNJAB","FAISALABAD","FAISALABAD","TANDLIAN WALA","TEHSIL","Seeing",11798,6540,5258,10509,5831,4678,1289,709,580
"PUNJAB","FAISALABAD","FAISALABAD","TANDLIAN WALA","TEHSIL","Hearing",13727,7526,6201,12247,6702,5545,1480,824,656
"PUNJAB","FAISALABAD","FAISALABAD","TANDLIAN WALA","TEHSIL","Walking/ Climbing",23105,13021,10084,20629,11653,8976,2476,1368,1108
"PUNJAB","FAISALABAD","FAISALABAD","TANDLIAN WALA","TEHSIL","Communication",7916,4563,3353,7056,4076,2980,860,487,373
"PUNJAB","FAISALABAD","FAISALABAD","TANDLIAN WALA","TEHSIL","Memorization/ Focus",10797,5748,5049,9467,5048,4419,1330,700,630
"PUNJAB","FAISALABAD","FAISALABAD","TANDLIAN WALA","TEHSIL","Self care etc",8366,4098,4268,7451,3634,3817,915,464,451
"PUNJAB","GUJRANWALA","GUJRANWALA","GUJRANWALA CITY","TEHSIL","Population",2510883,1290446,1220437,NA,NA,NA,2510883,1290446,1220437
"PUNJAB","GUJRANWALA","GUJRANWALA","GUJRANWALA CITY","TEHSIL","Disability",77983,43266,34717,NA,NA,NA,77983,43266,34717
"PUNJAB","GUJRANWALA","GUJRANWALA","GUJRANWALA CITY","TEHSIL","Functional limitation",308486,161165,147321,NA,NA,NA,308486,161165,147321
"PUNJAB","GUJRANWALA","GUJRANWALA","GUJRANWALA CITY","TEHSIL","Seeing",54547,28740,25807,NA,NA,NA,54547,28740,25807
"PUNJAB","GUJRANWALA","GUJRANWALA","GUJRANWALA CITY","TEHSIL","Hearing",64905,33831,31074,NA,NA,NA,64905,33831,31074
"PUNJAB","GUJRANWALA","GUJRANWALA","GUJRANWALA CITY","TEHSIL","Walking/ Climbing",92016,48466,43550,NA,NA,NA,92016,48466,43550
"PUNJAB","GUJRANWALA","GUJRANWALA","GUJRANWALA CITY","TEHSIL","Communication",29137,15685,13452,NA,NA,NA,29137,15685,13452
"PUNJAB","GUJRANWALA","GUJRANWALA","GUJRANWALA CITY","TEHSIL","Memorization/ Focus",43249,22819,20430,NA,NA,NA,43249,22819,20430
"PUNJAB","GUJRANWALA","GUJRANWALA","GUJRANWALA CITY","TEHSIL","Self care etc",37851,19747,18104,NA,NA,NA,37851,19747,18104
"PUNJAB","GUJRANWALA","GUJRANWALA","GUJRANWALA SADDAR","TEHSIL","Population",1114167,562415,551752,770919,389719,381200,343248,172696,170552
"PUNJAB","GUJRANWALA","GUJRANWALA","GUJRANWALA SADDAR","TEHSIL","Disability",23600,13434,10166,15450,8810,6640,8150,4624,3526
"PUNJAB","GUJRANWALA","GUJRANWALA","GUJRANWALA SADDAR","TEHSIL","Functional limitation",127847,65846,62001,87086,44807,42279,40761,21039,19722
"PUNJAB","GUJRANWALA","GUJRANWALA","GUJRANWALA SADDAR","TEHSIL","Seeing",23128,11867,11261,15992,8184,7808,7136,3683,3453
"PUNJAB","GUJRANWALA","GUJRANWALA","GUJRANWALA SADDAR","TEHSIL","Hearing",27811,14220,13591,19072,9751,9321,8739,4469,4270
"PUNJAB","GUJRANWALA","GUJRANWALA","GUJRANWALA SADDAR","TEHSIL","Walking/ Climbing",38255,19906,18349,26279,13686,12593,11976,6220,5756
"PUNJAB","GUJRANWALA","GUJRANWALA","GUJRANWALA SADDAR","TEHSIL","Communication",12092,6531,5561,8146,4402,3744,3946,2129,1817
"PUNJAB","GUJRANWALA","GUJRANWALA","GUJRANWALA SADDAR","TEHSIL","Memorization/ Focus",18903,9879,9024,12745,6697,6048,6158,3182,2976
"PUNJAB","GUJRANWALA","GUJRANWALA","GUJRANWALA SADDAR","TEHSIL","Self care etc",14238,7294,6944,9739,4987,4752,4499,2307,2192
"PUNJAB","GUJRANWALA","GUJRANWALA","KAMOKE","TEHSIL","Population",681296,344876,336420,389316,197249,192067,291980,147627,144353
"PUNJAB","GUJRANWALA","GUJRANWALA","KAMOKE","TEHSIL","Disability",15425,8070,7355,8684,4463,4221,6741,3607,3134
"PUNJAB","GUJRANWALA","GUJRANWALA","KAMOKE","TEHSIL","Functional limitation",77867,39576,38291,44097,22339,21758,33770,17237,16533
"PUNJAB","GUJRANWALA","GUJRANWALA","KAMOKE","TEHSIL","Seeing",14098,7279,6819,7856,4053,3803,6242,3226,3016
"PUNJAB","GUJRANWALA","GUJRANWALA","KAMOKE","TEHSIL","Hearing",17210,8572,8638,9868,4822,5046,7342,3750,3592
"PUNJAB","GUJRANWALA","GUJRANWALA","KAMOKE","TEHSIL","Walking/ Climbing",23464,12296,11168,13208,6915,6293,10256,5381,4875
"PUNJAB","GUJRANWALA","GUJRANWALA","KAMOKE","TEHSIL","Communication",8014,4252,3762,4347,2280,2067,3667,1972,1695
"PUNJAB","GUJRANWALA","GUJRANWALA","KAMOKE","TEHSIL","Memorization/ Focus",11022,5719,5303,6085,3169,2916,4937,2550,2387
"PUNJAB","GUJRANWALA","GUJRANWALA","KAMOKE","TEHSIL","Self care etc",8891,4302,4589,4968,2448,2520,3923,1854,2069
"PUNJAB","GUJRANWALA","GUJRANWALA","NOWSHERA VIRKAN","TEHSIL","Population",640415,324433,315982,580780,294132,286648,59635,30301,29334
"PUNJAB","GUJRANWALA","GUJRANWALA","NOWSHERA VIRKAN","TEHSIL","Disability",34435,18514,15921,31811,17349,14462,2624,1165,1459
"PUNJAB","GUJRANWALA","GUJRANWALA","NOWSHERA VIRKAN","TEHSIL","Functional limitation",95001,48951,46050,86862,44999,41863,8139,3952,4187
"PUNJAB","GUJRANWALA","GUJRANWALA","NOWSHERA VIRKAN","TEHSIL","Seeing",17521,8793,8728,16120,8074,8046,1401,719,682
"PUNJAB","GUJRANWALA","GUJRANWALA","NOWSHERA VIRKAN","TEHSIL","Hearing",20639,10568,10071,18991,9786,9205,1648,782,866
"PUNJAB","GUJRANWALA","GUJRANWALA","NOWSHERA VIRKAN","TEHSIL","Walking/ Climbing",26616,13794,12822,24378,12636,11742,2238,1158,1080
"PUNJAB","GUJRANWALA","GUJRANWALA","NOWSHERA VIRKAN","TEHSIL","Communication",11906,6459,5447,10779,6087,4692,1127,372,755
"PUNJAB","GUJRANWALA","GUJRANWALA","NOWSHERA VIRKAN","TEHSIL","Memorization/ Focus",15040,8074,6966,13920,7454,6466,1120,620,500
"PUNJAB","GUJRANWALA","GUJRANWALA","NOWSHERA VIRKAN","TEHSIL","Self care etc",11008,5662,5346,9835,5065,4770,1173,597,576
"PUNJAB","GUJRANWALA","GUJRANWALA","WAZIRABAD","TEHSIL","Population",993412,497262,496150,624403,312561,311842,369009,184701,184308
"PUNJAB","GUJRANWALA","GUJRANWALA","WAZIRABAD","TEHSIL","Disability",24574,12814,11760,15795,8319,7476,8779,4495,4284
"PUNJAB","GUJRANWALA","GUJRANWALA","WAZIRABAD","TEHSIL","Functional limitation",122355,60967,61388,77697,38836,38861,44658,22131,22527
"PUNJAB","GUJRANWALA","GUJRANWALA","WAZIRABAD","TEHSIL","Seeing",22249,11186,11063,14512,7306,7206,7737,3880,3857
"PUNJAB","GUJRANWALA","GUJRANWALA","WAZIRABAD","TEHSIL","Hearing",25844,12906,12938,16357,8199,8158,9487,4707,4780
"PUNJAB","GUJRANWALA","GUJRANWALA","WAZIRABAD","TEHSIL","Walking/ Climbing",36954,18945,18009,23499,12069,11430,13455,6876,6579
"PUNJAB","GUJRANWALA","GUJRANWALA","WAZIRABAD","TEHSIL","Communication",11640,5797,5843,7540,3682,3858,4100,2115,1985
"PUNJAB","GUJRANWALA","GUJRANWALA","WAZIRABAD","TEHSIL","Memorization/ Focus",17654,8665,8989,10866,5485,5381,6788,3180,3608
"PUNJAB","GUJRANWALA","GUJRANWALA","WAZIRABAD","TEHSIL","Self care etc",13567,6773,6794,8556,4281,4275,5011,2492,2519
"PUNJAB","GUJRANWALA","GUJRAT","GUJRAT","TEHSIL","Population",1744046,871482,872564,812767,404414,408353,931279,467068,464211
"PUNJAB","GUJRANWALA","GUJRAT","GUJRAT","TEHSIL","Disability",54539,33710,20829,22931,13857,9074,31608,19853,11755
"PUNJAB","GUJRANWALA","GUJRAT","GUJRAT","TEHSIL","Functional limitation",229357,122456,106901,105659,55291,50368,123698,67165,56533
"PUNJAB","GUJRANWALA","GUJRAT","GUJRAT","TEHSIL","Seeing",43060,22409,20651,19958,10256,9702,23102,12153,10949
"PUNJAB","GUJRANWALA","GUJRAT","GUJRAT","TEHSIL","Hearing",48326,25309,23017,22970,11807,11163,25356,13502,11854
"PUNJAB","GUJRANWALA","GUJRAT","GUJRAT","TEHSIL","Walking/ Climbing",72996,39986,33010,34102,18336,15766,38894,21650,17244
"PUNJAB","GUJRANWALA","GUJRAT","GUJRAT","TEHSIL","Communication",23171,12696,10475,10755,5864,4891,12416,6832,5584
"PUNJAB","GUJRANWALA","GUJRAT","GUJRAT","TEHSIL","Memorization/ Focus",33116,17691,15425,15363,8104,7259,17753,9587,8166
"PUNJAB","GUJRANWALA","GUJRAT","GUJRAT","TEHSIL","Self care etc",25463,13893,11570,11425,5873,5552,14038,8020,6018
"PUNJAB","GUJRANWALA","GUJRAT","KHARIAN","TEHSIL","Population",1174083,586531,587552,855985,417926,438059,318098,168605,149493
"PUNJAB","GUJRANWALA","GUJRAT","KHARIAN","TEHSIL","Disability",41518,25090,16428,30767,18242,12525,10751,6848,3903
"PUNJAB","GUJRANWALA","GUJRAT","KHARIAN","TEHSIL","Functional limitation",160742,84440,76302,120889,62555,58334,39853,21885,17968
"PUNJAB","GUJRANWALA","GUJRAT","KHARIAN","TEHSIL","Seeing",30923,15811,15112,23112,11654,11458,7811,4157,3654
"PUNJAB","GUJRANWALA","GUJRAT","KHARIAN","TEHSIL","Hearing",32661,16748,15913,24705,12505,12200,7956,4243,3713
"PUNJAB","GUJRANWALA","GUJRAT","KHARIAN","TEHSIL","Walking/ Climbing",50958,27160,23798,38153,20027,18126,12805,7133,5672
"PUNJAB","GUJRANWALA","GUJRAT","KHARIAN","TEHSIL","Communication",17283,9660,7623,13271,7333,5938,4012,2327,1685
"PUNJAB","GUJRANWALA","GUJRAT","KHARIAN","TEHSIL","Memorization/ Focus",24004,12907,11097,18338,9781,8557,5666,3126,2540
"PUNJAB","GUJRANWALA","GUJRAT","KHARIAN","TEHSIL","Self care etc",17498,9165,8333,13123,6724,6399,4375,2441,1934
"PUNJAB","GUJRANWALA","GUJRAT","SARAI ALAMGIR","TEHSIL","Population",297871,148778,149093,224068,112156,111912,73803,36622,37181
"PUNJAB","GUJRANWALA","GUJRAT","SARAI ALAMGIR","TEHSIL","Disability",22163,12013,10150,18957,10234,8723,3206,1779,1427
"PUNJAB","GUJRANWALA","GUJRAT","SARAI ALAMGIR","TEHSIL","Functional limitation",51519,26620,24899,41344,21358,19986,10175,5262,4913
"PUNJAB","GUJRANWALA","GUJRAT","SARAI ALAMGIR","TEHSIL","Seeing",10254,5457,4797,8545,4538,4007,1709,919,790
"PUNJAB","GUJRANWALA","GUJRAT","SARAI ALAMGIR","TEHSIL","Hearing",10740,5492,5248,8499,4235,4264,2241,1257,984
"PUNJAB","GUJRANWALA","GUJRAT","SARAI ALAMGIR","TEHSIL","Walking/ Climbing",14399,7283,7116,11573,5906,5667,2826,1377,1449
"PUNJAB","GUJRANWALA","GUJRAT","SARAI ALAMGIR","TEHSIL","Communication",6222,3386,2836,5120,2915,2205,1102,471,631
"PUNJAB","GUJRANWALA","GUJRAT","SARAI ALAMGIR","TEHSIL","Memorization/ Focus",7545,4006,3539,5781,2982,2799,1764,1024,740
"PUNJAB","GUJRANWALA","GUJRAT","SARAI ALAMGIR","TEHSIL","Self care etc",6003,3020,2983,5027,2554,2473,976,466,510
"PUNJAB","GUJRANWALA","HAFIZABAD","HAFIZABAD","TEHSIL","Population",760900,385151,375749,418156,211302,206854,342744,173849,168895
"PUNJAB","GUJRANWALA","HAFIZABAD","HAFIZABAD","TEHSIL","Disability",22844,12375,10469,13154,6996,6158,9690,5379,4311
"PUNJAB","GUJRANWALA","HAFIZABAD","HAFIZABAD","TEHSIL","Functional limitation",89231,47533,41698,49974,26477,23497,39257,21056,18201
"PUNJAB","GUJRANWALA","HAFIZABAD","HAFIZABAD","TEHSIL","Seeing",17000,9084,7916,9601,5121,4480,7399,3963,3436
"PUNJAB","GUJRANWALA","HAFIZABAD","HAFIZABAD","TEHSIL","Hearing",18491,9963,8528,10269,5530,4739,8222,4433,3789
"PUNJAB","GUJRANWALA","HAFIZABAD","HAFIZABAD","TEHSIL","Walking/ Climbing",28300,15181,13119,16271,8712,7559,12029,6469,5560
"PUNJAB","GUJRANWALA","HAFIZABAD","HAFIZABAD","TEHSIL","Communication",9027,4949,4078,4850,2649,2201,4177,2300,1877
"PUNJAB","GUJRANWALA","HAFIZABAD","HAFIZABAD","TEHSIL","Memorization/ Focus",12833,6900,5933,7061,3770,3291,5772,3130,2642
"PUNJAB","GUJRANWALA","HAFIZABAD","HAFIZABAD","TEHSIL","Self care etc",9750,5131,4619,5404,2803,2601,4346,2328,2018
"PUNJAB","GUJRANWALA","HAFIZABAD","PINDI BHATTIAN","TEHSIL","Population",558751,284809,273942,397361,203249,194112,161390,81560,79830
"PUNJAB","GUJRANWALA","HAFIZABAD","PINDI BHATTIAN","TEHSIL","Disability",17828,9344,8484,14304,7505,6799,3524,1839,1685
"PUNJAB","GUJRANWALA","HAFIZABAD","PINDI BHATTIAN","TEHSIL","Functional limitation",65916,34696,31220,48908,25810,23098,17008,8886,8122
"PUNJAB","GUJRANWALA","HAFIZABAD","PINDI BHATTIAN","TEHSIL","Seeing",12089,6395,5694,8654,4597,4057,3435,1798,1637
"PUNJAB","GUJRANWALA","HAFIZABAD","PINDI BHATTIAN","TEHSIL","Hearing",13721,7277,6444,10201,5421,4780,3520,1856,1664
"PUNJAB","GUJRANWALA","HAFIZABAD","PINDI BHATTIAN","TEHSIL","Walking/ Climbing",20012,10673,9339,14633,7850,6783,5379,2823,2556
"PUNJAB","GUJRANWALA","HAFIZABAD","PINDI BHATTIAN","TEHSIL","Communication",7297,3920,3377,5602,3050,2552,1695,870,825
"PUNJAB","GUJRANWALA","HAFIZABAD","PINDI BHATTIAN","TEHSIL","Memorization/ Focus",10027,5315,4712,7593,4046,3547,2434,1269,1165
"PUNJAB","GUJRANWALA","HAFIZABAD","PINDI BHATTIAN","TEHSIL","Self care etc",7531,3902,3629,5675,2915,2760,1856,987,869
NA,NA,"JHANG","-HAZARI","TEHSIL","Population",332295,171011,161284,302158,155439,146719,30137,15572,14565
NA,NA,"JHANG","-HAZARI","TEHSIL","Disability",24444,13304,11140,22010,12076,9934,2434,1228,1206
NA,NA,"JHANG","-HAZARI","TEHSIL","Functional limitation",52501,27769,24732,47554,25229,22325,4947,2540,2407
NA,NA,"JHANG","-HAZARI","TEHSIL","Seeing",10449,5469,4980,8937,4681,4256,1512,788,724
NA,NA,"JHANG","-HAZARI","TEHSIL","Hearing",11686,6127,5559,10614,5555,5059,1072,572,500
NA,NA,"JHANG","-HAZARI","TEHSIL","Walking/ Climbing",13691,7078,6613,12530,6459,6071,1161,619,542
NA,NA,"JHANG","-HAZARI","TEHSIL","Communication",6576,3779,2797,6040,3449,2591,536,330,206
NA,NA,"JHANG","-HAZARI","TEHSIL","Memorization/ Focus",8099,4519,3580,7430,4268,3162,669,251,418
NA,NA,"JHANG","-HAZARI","TEHSIL","Self care etc",6197,3267,2930,5870,3088,2782,327,179,148
"PUNJAB","FAISALABAD","JHANG","AHMADPUR SIAL","TEHSIL","Population",487905,252569,235336,407703,211393,196310,80202,41176,39026
"PUNJAB","FAISALABAD","JHANG","AHMADPUR SIAL","TEHSIL","Disability",24214,12623,11591,21816,11320,10496,2398,1303,1095
"PUNJAB","FAISALABAD","JHANG","AHMADPUR SIAL","TEHSIL","Functional limitation",64463,33330,31133,55330,28585,26745,9133,4745,4388
"PUNJAB","FAISALABAD","JHANG","AHMADPUR SIAL","TEHSIL","Seeing",11366,6001,5365,9676,5122,4554,1690,879,811
"PUNJAB","FAISALABAD","JHANG","AHMADPUR SIAL","TEHSIL","Hearing",12763,6774,5989,10909,5802,5107,1854,972,882
"PUNJAB","FAISALABAD","JHANG","AHMADPUR SIAL","TEHSIL","Walking/ Climbing",20728,11119,9609,17761,9526,8235,2967,1593,1374
"PUNJAB","FAISALABAD","JHANG","AHMADPUR SIAL","TEHSIL","Communication",7827,3956,3871,6791,3441,3350,1036,515,521
"PUNJAB","FAISALABAD","JHANG","AHMADPUR SIAL","TEHSIL","Memorization/ Focus",10257,5284,4973,8911,4556,4355,1346,728,618
"PUNJAB","FAISALABAD","JHANG","AHMADPUR SIAL","TEHSIL","Self care etc",7626,3870,3756,6679,3381,3298,947,489,458
"PUNJAB","FAISALABAD","JHANG","JHANG","TEHSIL","Population",1640676,850082,790594,1017583,527747,489836,623093,322335,300758
"PUNJAB","FAISALABAD","JHANG","JHANG","TEHSIL","Disability",64636,36461,28175,39771,22559,17212,24865,13902,10963
"PUNJAB","FAISALABAD","JHANG","JHANG","TEHSIL","Functional limitation",204905,109496,95409,126454,67804,58650,78451,41692,36759
"PUNJAB","FAISALABAD","JHANG","JHANG","TEHSIL","Seeing",36503,19431,17072,22931,12226,10705,13572,7205,6367
"PUNJAB","FAISALABAD","JHANG","JHANG","TEHSIL","Hearing",41029,21945,19084,25464,13701,11763,15565,8244,7321
"PUNJAB","FAISALABAD","JHANG","JHANG","TEHSIL","Walking/ Climbing",67496,36394,31102,41938,22673,19265,25558,13721,11837
"PUNJAB","FAISALABAD","JHANG","JHANG","TEHSIL","Communication",21795,12180,9615,13414,7524,5890,8381,4656,3725
"PUNJAB","FAISALABAD","JHANG","JHANG","TEHSIL","Memorization/ Focus",30258,16392,13866,18712,10131,8581,11546,6261,5285
"PUNJAB","FAISALABAD","JHANG","JHANG","TEHSIL","Self care etc",23452,12434,11018,14329,7631,6698,9123,4803,4320
"PUNJAB","FAISALABAD","JHANG","SHORKOT","TEHSIL","Population",604763,312206,292557,537269,277867,259402,67494,34339,33155
"PUNJAB","FAISALABAD","JHANG","SHORKOT","TEHSIL","Disability",19670,11142,8528,17603,9950,7653,2067,1192,875
"PUNJAB","FAISALABAD","JHANG","SHORKOT","TEHSIL","Functional limitation",72278,38292,33986,64081,33955,30126,8197,4337,3860
"PUNJAB","FAISALABAD","JHANG","SHORKOT","TEHSIL","Seeing",13620,7211,6409,12153,6423,5730,1467,788,679
"PUNJAB","FAISALABAD","JHANG","SHORKOT","TEHSIL","Hearing",15112,8002,7110,13414,7119,6295,1698,883,815
"PUNJAB","FAISALABAD","JHANG","SHORKOT","TEHSIL","Walking/ Climbing",23904,12793,11111,21277,11375,9902,2627,1418,1209
"PUNJAB","FAISALABAD","JHANG","SHORKOT","TEHSIL","Communication",7792,4355,3437,6947,3878,3069,845,477,368
"PUNJAB","FAISALABAD","JHANG","SHORKOT","TEHSIL","Memorization/ Focus",10907,5863,5044,9696,5209,4487,1211,654,557
"PUNJAB","FAISALABAD","JHANG","SHORKOT","TEHSIL","Self care etc",7781,4059,3722,6861,3584,3277,920,475,445
"PUNJAB","RAWALPINDI","JHELUM","DINA","TEHSIL","Population",269927,139542,130385,170935,87602,83333,98992,51940,47052
"PUNJAB","RAWALPINDI","JHELUM","DINA","TEHSIL","Disability",12137,7101,5036,7694,4485,3209,4443,2616,1827
"PUNJAB","RAWALPINDI","JHELUM","DINA","TEHSIL","Functional limitation",24405,13263,11142,16009,8590,7419,8396,4673,3723
"PUNJAB","RAWALPINDI","JHELUM","DINA","TEHSIL","Seeing",4913,2605,2308,3457,1816,1641,1456,789,667
"PUNJAB","RAWALPINDI","JHELUM","DINA","TEHSIL","Hearing",4897,2626,2271,3278,1744,1534,1619,882,737
"PUNJAB","RAWALPINDI","JHELUM","DINA","TEHSIL","Walking/ Climbing",9039,5014,4025,6042,3335,2707,2997,1679,1318
"PUNJAB","RAWALPINDI","JHELUM","DINA","TEHSIL","Communication",3494,1954,1540,2325,1295,1030,1169,659,510
"PUNJAB","RAWALPINDI","JHELUM","DINA","TEHSIL","Memorization/ Focus",4161,2315,1846,2755,1515,1240,1406,800,606
"PUNJAB","RAWALPINDI","JHELUM","DINA","TEHSIL","Self care etc",2787,1526,1261,1743,940,803,1044,586,458
"PUNJAB","RAWALPINDI","JHELUM","JHELUM","TEHSIL","Population",499032,254893,244139,194788,98912,95876,304244,155981,148263
"PUNJAB","RAWALPINDI","JHELUM","JHELUM","TEHSIL","Disability",23121,13688,9433,8280,4891,3389,14841,8797,6044
"PUNJAB","RAWALPINDI","JHELUM","JHELUM","TEHSIL","Functional limitation",45694,25215,20479,17277,9426,7851,28417,15789,12628
"PUNJAB","RAWALPINDI","JHELUM","JHELUM","TEHSIL","Seeing",7609,4128,3481,3115,1673,1442,4494,2455,2039
"PUNJAB","RAWALPINDI","JHELUM","JHELUM","TEHSIL","Hearing",8312,4477,3835,3271,1742,1529,5041,2735,2306
"PUNJAB","RAWALPINDI","JHELUM","JHELUM","TEHSIL","Walking/ Climbing",16172,8992,7180,6296,3493,2803,9876,5499,4377
"PUNJAB","RAWALPINDI","JHELUM","JHELUM","TEHSIL","Communication",6027,3470,2557,2352,1355,997,3675,2115,1560
"PUNJAB","RAWALPINDI","JHELUM","JHELUM","TEHSIL","Memorization/ Focus",7212,4071,3141,2803,1562,1241,4409,2509,1900
"PUNJAB","RAWALPINDI","JHELUM","JHELUM","TEHSIL","Self care etc",5504,3040,2464,1930,1045,885,3574,1995,1579
"PUNJAB","RAWALPINDI","JHELUM","PIND DADAN KHAN","TEHSIL","Population",371971,188601,183370,307222,155583,151639,64749,33018,31731
"PUNJAB","RAWALPINDI","JHELUM","PIND DADAN KHAN","TEHSIL","Disability",17735,10439,7296,15669,9155,6514,2066,1284,782
"PUNJAB","RAWALPINDI","JHELUM","PIND DADAN KHAN","TEHSIL","Functional limitation",34836,19105,15731,29867,16352,13515,4969,2753,2216
"PUNJAB","RAWALPINDI","JHELUM","PIND DADAN KHAN","TEHSIL","Seeing",6744,3620,3124,5782,3090,2692,962,530,432
"PUNJAB","RAWALPINDI","JHELUM","PIND DADAN KHAN","TEHSIL","Hearing",6805,3693,3112,5763,3125,2638,1042,568,474
"PUNJAB","RAWALPINDI","JHELUM","PIND DADAN KHAN","TEHSIL","Walking/ Climbing",12830,7141,5689,11078,6149,4929,1752,992,760
"PUNJAB","RAWALPINDI","JHELUM","PIND DADAN KHAN","TEHSIL","Communication",4991,2874,2117,4294,2452,1842,697,422,275
"PUNJAB","RAWALPINDI","JHELUM","PIND DADAN KHAN","TEHSIL","Memorization/ Focus",5777,3239,2538,4947,2751,2196,830,488,342
"PUNJAB","RAWALPINDI","JHELUM","PIND DADAN KHAN","TEHSIL","Self care etc",4031,2243,1788,3463,1922,1541,568,321,247
"PUNJAB","RAWALPINDI","JHELUM","SOHAWA","TEHSIL","Population",225367,113045,112322,164982,82971,82011,60385,30074,30311
"PUNJAB","RAWALPINDI","JHELUM","SOHAWA","TEHSIL","Disability",14323,7706,6617,11257,5958,5299,3066,1748,1318
"PUNJAB","RAWALPINDI","JHELUM","SOHAWA","TEHSIL","Functional limitation",25049,12920,12129,19239,9839,9400,5810,3081,2729
"PUNJAB","RAWALPINDI","JHELUM","SOHAWA","TEHSIL","Seeing",5186,2705,2481,4233,2187,2046,953,518,435
"PUNJAB","RAWALPINDI","JHELUM","SOHAWA","TEHSIL","Hearing",5089,2630,2459,4048,2098,1950,1041,532,509
"PUNJAB","RAWALPINDI","JHELUM","SOHAWA","TEHSIL","Walking/ Climbing",7530,3975,3555,5417,2824,2593,2113,1151,962
"PUNJAB","RAWALPINDI","JHELUM","SOHAWA","TEHSIL","Communication",3916,2146,1770,3092,1678,1414,824,468,356
"PUNJAB","RAWALPINDI","JHELUM","SOHAWA","TEHSIL","Memorization/ Focus",4382,2279,2103,3443,1766,1677,939,513,426
"PUNJAB","RAWALPINDI","JHELUM","SOHAWA","TEHSIL","Self care etc",2770,1378,1392,2083,1017,1066,687,361,326
"PUNJAB","LAHORE","KASUR","CHUNIAN","TEHSIL","Population",977028,498084,478944,773329,394620,378709,203699,103464,100235
"PUNJAB","LAHORE","KASUR","CHUNIAN","TEHSIL","Disability",30474,15251,15223,25978,12815,13163,4496,2436,2060
"PUNJAB","LAHORE","KASUR","CHUNIAN","TEHSIL","Functional limitation",96092,45726,50366,78205,37094,41111,17887,8632,9255
"PUNJAB","LAHORE","KASUR","CHUNIAN","TEHSIL","Seeing",19218,9313,9905,15689,7660,8029,3529,1653,1876
"PUNJAB","LAHORE","KASUR","CHUNIAN","TEHSIL","Hearing",19462,9486,9976,15726,7645,8081,3736,1841,1895
"PUNJAB","LAHORE","KASUR","CHUNIAN","TEHSIL","Walking/ Climbing",31273,15787,15486,25272,12758,12514,6001,3029,2972
"PUNJAB","LAHORE","KASUR","CHUNIAN","TEHSIL","Communication",11438,5476,5962,9521,4528,4993,1917,948,969
"PUNJAB","LAHORE","KASUR","CHUNIAN","TEHSIL","Memorization/ Focus",15125,7289,7836,12281,5750,6531,2844,1539,1305
"PUNJAB","LAHORE","KASUR","CHUNIAN","TEHSIL","Self care etc",10783,4893,5890,8834,4065,4769,1949,828,1121
"PUNJAB","LAHORE","KASUR","KASUR","TEHSIL","Population",1603658,819750,783908,896310,458917,437393,707348,360833,346515
"PUNJAB","LAHORE","KASUR","KASUR","TEHSIL","Disability",31135,17496,13639,14903,8318,6585,16232,9178,7054
"PUNJAB","LAHORE","KASUR","KASUR","TEHSIL","Functional limitation",135953,67227,68726,71544,35144,36400,64409,32083,32326
"PUNJAB","LAHORE","KASUR","KASUR","TEHSIL","Seeing",26594,13142,13452,14373,7067,7306,12221,6075,6146
"PUNJAB","LAHORE","KASUR","KASUR","TEHSIL","Hearing",28891,14113,14778,15451,7557,7894,13440,6556,6884
"PUNJAB","LAHORE","KASUR","KASUR","TEHSIL","Walking/ Climbing",45989,23581,22408,24604,12573,12031,21385,11008,10377
"PUNJAB","LAHORE","KASUR","KASUR","TEHSIL","Communication",14048,7433,6615,7471,3966,3505,6577,3467,3110
"PUNJAB","LAHORE","KASUR","KASUR","TEHSIL","Memorization/ Focus",20318,10210,10108,10705,5364,5341,9613,4846,4767
"PUNJAB","LAHORE","KASUR","KASUR","TEHSIL","Self care etc",14019,6781,7238,7028,3350,3678,6991,3431,3560
"PUNJAB","LAHORE","KASUR","KOT RADHA KISHAN","TEHSIL","Population",424875,218516,206359,322818,166447,156371,102057,52069,49988
"PUNJAB","LAHORE","KASUR","KOT RADHA KISHAN","TEHSIL","Disability",28981,16007,12974,22491,12371,10120,6490,3636,2854
"PUNJAB","LAHORE","KASUR","KOT RADHA KISHAN","TEHSIL","Functional limitation",56296,28980,27316,42790,22024,20766,13506,6956,6550
"PUNJAB","LAHORE","KASUR","KOT RADHA KISHAN","TEHSIL","Seeing",9517,4866,4651,7440,3838,3602,2077,1028,1049
"PUNJAB","LAHORE","KASUR","KOT RADHA KISHAN","TEHSIL","Hearing",11208,5503,5705,8033,3783,4250,3175,1720,1455
"PUNJAB","LAHORE","KASUR","KOT RADHA KISHAN","TEHSIL","Walking/ Climbing",16720,8405,8315,12783,6609,6174,3937,1796,2141
"PUNJAB","LAHORE","KASUR","KOT RADHA KISHAN","TEHSIL","Communication",7249,4237,3012,5090,2709,2381,2159,1528,631
"PUNJAB","LAHORE","KASUR","KOT RADHA KISHAN","TEHSIL","Memorization/ Focus",8510,4585,3925,6989,3884,3105,1521,701,820
"PUNJAB","LAHORE","KASUR","KOT RADHA KISHAN","TEHSIL","Self care etc",7043,3723,3320,5630,3122,2508,1413,601,812
"PUNJAB","LAHORE","KASUR","PATTOKI","TEHSIL","Population",1076007,549961,526046,847742,434513,413229,228265,115448,112817
"PUNJAB","LAHORE","KASUR","PATTOKI","TEHSIL","Disability",18031,9985,8046,13768,7610,6158,4263,2375,1888
"PUNJAB","LAHORE","KASUR","PATTOKI","TEHSIL","Functional limitation",89466,43722,45744,69392,33897,35495,20074,9825,10249
"PUNJAB","LAHORE","KASUR","PATTOKI","TEHSIL","Seeing",17856,8703,9153,13875,6742,7133,3981,1961,2020
"PUNJAB","LAHORE","KASUR","PATTOKI","TEHSIL","Hearing",19221,9272,9949,14836,7147,7689,4385,2125,2260
"PUNJAB","LAHORE","KASUR","PATTOKI","TEHSIL","Walking/ Climbing",29855,15121,14734,23232,11748,11484,6623,3373,3250
"PUNJAB","LAHORE","KASUR","PATTOKI","TEHSIL","Communication",8821,4639,4182,6798,3559,3239,2023,1080,943
"PUNJAB","LAHORE","KASUR","PATTOKI","TEHSIL","Memorization/ Focus",13027,6494,6533,10039,4995,5044,2988,1499,1489
"PUNJAB","LAHORE","KASUR","PATTOKI","TEHSIL","Self care etc",8939,4258,4681,6925,3301,3624,2014,957,1057
"PUNJAB","MULTAN","KHANEWAL","JAHANIAN","TEHSIL","Population",384758,196002,188756,334488,170439,164049,50270,25563,24707
"PUNJAB","MULTAN","KHANEWAL","JAHANIAN","TEHSIL","Disability",27010,15074,11936,22841,12696,10145,4169,2378,1791
"PUNJAB","MULTAN","KHANEWAL","JAHANIAN","TEHSIL","Functional limitation",63448,33207,30241,54496,28443,26053,8952,4764,4188
"PUNJAB","MULTAN","KHANEWAL","JAHANIAN","TEHSIL","Seeing",11659,6107,5552,10265,5425,4840,1394,682,712
"PUNJAB","MULTAN","KHANEWAL","JAHANIAN","TEHSIL","Hearing",13703,7072,6631,12123,6228,5895,1580,844,736
"PUNJAB","MULTAN","KHANEWAL","JAHANIAN","TEHSIL","Walking/ Climbing",16565,8656,7909,14325,7369,6956,2240,1287,953
"PUNJAB","MULTAN","KHANEWAL","JAHANIAN","TEHSIL","Communication",7564,4245,3319,6292,3479,2813,1272,766,506
"PUNJAB","MULTAN","KHANEWAL","JAHANIAN","TEHSIL","Memorization/ Focus",10356,5714,4642,9029,5033,3996,1327,681,646
"PUNJAB","MULTAN","KHANEWAL","JAHANIAN","TEHSIL","Self care etc",8261,4128,4133,6652,3363,3289,1609,765,844
"PUNJAB","MULTAN","KHANEWAL","KABIRWALA","TEHSIL","Population",1118944,582396,536548,938637,489767,448870,180307,92629,87678
"PUNJAB","MULTAN","KHANEWAL","KABIRWALA","TEHSIL","Disability",29570,17327,12243,25721,15062,10659,3849,2265,1584
"PUNJAB","MULTAN","KHANEWAL","KABIRWALA","TEHSIL","Functional limitation",130466,68602,61864,109991,57977,52014,20475,10625,9850
"PUNJAB","MULTAN","KHANEWAL","KABIRWALA","TEHSIL","Seeing",23930,12555,11375,20083,10556,9527,3847,1999,1848
"PUNJAB","MULTAN","KHANEWAL","KABIRWALA","TEHSIL","Hearing",28730,15052,13678,24172,12717,11455,4558,2335,2223
"PUNJAB","MULTAN","KHANEWAL","KABIRWALA","TEHSIL","Walking/ Climbing",40974,22109,18865,34569,18710,15859,6405,3399,3006
"PUNJAB","MULTAN","KHANEWAL","KABIRWALA","TEHSIL","Communication",13215,7439,5776,11110,6276,4834,2105,1163,942
"PUNJAB","MULTAN","KHANEWAL","KABIRWALA","TEHSIL","Memorization/ Focus",19372,10259,9113,16242,8639,7603,3130,1620,1510
"PUNJAB","MULTAN","KHANEWAL","KABIRWALA","TEHSIL","Self care etc",14493,7559,6934,12274,6417,5857,2219,1142,1077
"PUNJAB","MULTAN","KHANEWAL","KHANEWAL","TEHSIL","Population",987408,511542,475866,676490,351150,325340,310918,160392,150526
"PUNJAB","MULTAN","KHANEWAL","KHANEWAL","TEHSIL","Disability",27997,16374,11623,16706,9833,6873,11291,6541,4750
"PUNJAB","MULTAN","KHANEWAL","KHANEWAL","TEHSIL","Functional limitation",118825,62494,56331,78672,41262,37410,40153,21232,18921
"PUNJAB","MULTAN","KHANEWAL","KHANEWAL","TEHSIL","Seeing",21466,11198,10268,14342,7480,6862,7124,3718,3406
"PUNJAB","MULTAN","KHANEWAL","KHANEWAL","TEHSIL","Hearing",25786,13434,12352,17428,9102,8326,8358,4332,4026
"PUNJAB","MULTAN","KHANEWAL","KHANEWAL","TEHSIL","Walking/ Climbing",37535,20162,17373,24691,13248,11443,12844,6914,5930
"PUNJAB","MULTAN","KHANEWAL","KHANEWAL","TEHSIL","Communication",12352,6892,5460,7843,4382,3461,4509,2510,1999
"PUNJAB","MULTAN","KHANEWAL","KHANEWAL","TEHSIL","Memorization/ Focus",17556,9361,8195,11587,6159,5428,5969,3202,2767
"PUNJAB","MULTAN","KHANEWAL","KHANEWAL","TEHSIL","Self care etc",13157,6854,6303,8646,4490,4156,4511,2364,2147
"PUNJAB","MULTAN","KHANEWAL","MIAN CHANNU","TEHSIL","Population",872479,444867,427612,697375,355891,341484,175104,88976,86128
"PUNJAB","MULTAN","KHANEWAL","MIAN CHANNU","TEHSIL","Disability",34528,19230,15298,28028,15563,12465,6500,3667,2833
"PUNJAB","MULTAN","KHANEWAL","MIAN CHANNU","TEHSIL","Functional limitation",118276,60713,57563,94355,48400,45955,23921,12313,11608
"PUNJAB","MULTAN","KHANEWAL","MIAN CHANNU","TEHSIL","Seeing",21193,10838,10355,16837,8616,8221,4356,2222,2134
"PUNJAB","MULTAN","KHANEWAL","MIAN CHANNU","TEHSIL","Hearing",24395,12409,11986,19416,9872,9544,4979,2537,2442
"PUNJAB","MULTAN","KHANEWAL","MIAN CHANNU","TEHSIL","Walking/ Climbing",37842,20026,17816,30197,15990,14207,7645,4036,3609
"PUNJAB","MULTAN","KHANEWAL","MIAN CHANNU","TEHSIL","Communication",13071,6878,6193,10494,5496,4998,2577,1382,1195
"PUNJAB","MULTAN","KHANEWAL","MIAN CHANNU","TEHSIL","Memorization/ Focus",17541,9012,8529,13950,7125,6825,3591,1887,1704
"PUNJAB","MULTAN","KHANEWAL","MIAN CHANNU","TEHSIL","Self care etc",12851,6545,6306,10189,5172,5017,2662,1373,1289
"PUNJAB","SARGODHA","KHUSHAB","KHUSHAB","TEHSIL","Population",816654,421182,395472,461125,237816,223309,355529,183366,172163
"PUNJAB","SARGODHA","KHUSHAB","KHUSHAB","TEHSIL","Disability",31277,17839,13438,16545,9457,7088,14732,8382,6350
"PUNJAB","SARGODHA","KHUSHAB","KHUSHAB","TEHSIL","Functional limitation",96534,50927,45607,53744,28315,25429,42790,22612,20178
"PUNJAB","SARGODHA","KHUSHAB","KHUSHAB","TEHSIL","Seeing",18303,9642,8661,10361,5452,4909,7942,4190,3752
"PUNJAB","SARGODHA","KHUSHAB","KHUSHAB","TEHSIL","Hearing",19685,10363,9322,11058,5807,5251,8627,4556,4071
"PUNJAB","SARGODHA","KHUSHAB","KHUSHAB","TEHSIL","Walking/ Climbing",33947,18228,15719,19135,10274,8861,14812,7954,6858
"PUNJAB","SARGODHA","KHUSHAB","KHUSHAB","TEHSIL","Communication",11099,6236,4863,6169,3458,2711,4930,2778,2152
"PUNJAB","SARGODHA","KHUSHAB","KHUSHAB","TEHSIL","Memorization/ Focus",14753,7983,6770,8233,4456,3777,6520,3527,2993
"PUNJAB","SARGODHA","KHUSHAB","KHUSHAB","TEHSIL","Self care etc",10114,5249,4865,5394,2780,2614,4720,2469,2251
"PUNJAB","SARGODHA","KHUSHAB","NOOR PUR","TEHSIL","Population",264535,133870,130665,244435,123682,120753,20100,10188,9912
"PUNJAB","SARGODHA","KHUSHAB","NOOR PUR","TEHSIL","Disability",11019,5963,5056,10248,5534,4714,771,429,342
"PUNJAB","SARGODHA","KHUSHAB","NOOR PUR","TEHSIL","Functional limitation",33008,16993,16015,30534,15715,14819,2474,1278,1196
"PUNJAB","SARGODHA","KHUSHAB","NOOR PUR","TEHSIL","Seeing",6373,3333,3040,5836,3060,2776,537,273,264
"PUNJAB","SARGODHA","KHUSHAB","NOOR PUR","TEHSIL","Hearing",6779,3523,3256,6273,3253,3020,506,270,236
"PUNJAB","SARGODHA","KHUSHAB","NOOR PUR","TEHSIL","Walking/ Climbing",11548,6029,5519,10638,5561,5077,910,468,442
"PUNJAB","SARGODHA","KHUSHAB","NOOR PUR","TEHSIL","Communication",4650,2491,2159,4357,2321,2036,293,170,123
"PUNJAB","SARGODHA","KHUSHAB","NOOR PUR","TEHSIL","Memorization/ Focus",5631,2914,2717,5278,2720,2558,353,194,159
"PUNJAB","SARGODHA","KHUSHAB","NOOR PUR","TEHSIL","Self care etc",3132,1635,1497,2908,1524,1384,224,111,113
"PUNJAB","SARGODHA","KHUSHAB","NOWSHERA","TEHSIL","Population",144797,71626,73171,126220,62636,63584,18577,8990,9587
"PUNJAB","SARGODHA","KHUSHAB","NOWSHERA","TEHSIL","Disability",8593,4082,4511,7626,3577,4049,967,505,462
"PUNJAB","SARGODHA","KHUSHAB","NOWSHERA","TEHSIL","Functional limitation",20844,9872,10972,18126,8562,9564,2718,1310,1408
"PUNJAB","SARGODHA","KHUSHAB","NOWSHERA","TEHSIL","Seeing",3934,1887,2047,3494,1683,1811,440,204,236
"PUNJAB","SARGODHA","KHUSHAB","NOWSHERA","TEHSIL","Hearing",4454,2136,2318,3963,1901,2062,491,235,256
"PUNJAB","SARGODHA","KHUSHAB","NOWSHERA","TEHSIL","Walking/ Climbing",5966,2812,3154,5112,2380,2732,854,432,422
"PUNJAB","SARGODHA","KHUSHAB","NOWSHERA","TEHSIL","Communication",2312,1187,1125,2019,1023,996,293,164,129
"PUNJAB","SARGODHA","KHUSHAB","NOWSHERA","TEHSIL","Memorization/ Focus",3148,1601,1547,2750,1409,1341,398,192,206
"PUNJAB","SARGODHA","KHUSHAB","NOWSHERA","TEHSIL","Self care etc",2633,1150,1483,2172,949,1223,461,201,260
"PUNJAB","SARGODHA","KHUSHAB","QUAIDABAD","TEHSIL","Population",274849,141377,133472,250344,128257,122087,24505,13120,11385
"PUNJAB","SARGODHA","KHUSHAB","QUAIDABAD","TEHSIL","Disability",11484,6500,4984,11020,6229,4791,464,271,193
"PUNJAB","SARGODHA","KHUSHAB","QUAIDABAD","TEHSIL","Functional limitation",33142,17523,15619,30934,16348,14586,2208,1175,1033
"PUNJAB","SARGODHA","KHUSHAB","QUAIDABAD","TEHSIL","Seeing",6231,3296,2935,5761,3039,2722,470,257,213
"PUNJAB","SARGODHA","KHUSHAB","QUAIDABAD","TEHSIL","Hearing",6665,3543,3122,6167,3275,2892,498,268,230
"PUNJAB","SARGODHA","KHUSHAB","QUAIDABAD","TEHSIL","Walking/ Climbing",11539,6182,5357,10785,5767,5018,754,415,339
"PUNJAB","SARGODHA","KHUSHAB","QUAIDABAD","TEHSIL","Communication",3857,2182,1675,3614,2042,1572,243,140,103
"PUNJAB","SARGODHA","KHUSHAB","QUAIDABAD","TEHSIL","Memorization/ Focus",5122,2768,2354,4763,2566,2197,359,202,157
"PUNJAB","SARGODHA","KHUSHAB","QUAIDABAD","TEHSIL","Self care etc",3588,1875,1713,3356,1755,1601,232,120,112
"PUNJAB","LAHORE","LAHORE","LAHORE CANTT","TEHSIL","Population",1860427,994113,866314,NA,NA,NA,1860427,994113,866314
"PUNJAB","LAHORE","LAHORE","LAHORE CANTT","TEHSIL","Disability",56841,29561,27280,NA,NA,NA,56841,29561,27280
"PUNJAB","LAHORE","LAHORE","LAHORE CANTT","TEHSIL","Functional limitation",211125,109794,101331,NA,NA,NA,211125,109794,101331
"PUNJAB","LAHORE","LAHORE","LAHORE CANTT","TEHSIL","Seeing",35597,18854,16743,NA,NA,NA,35597,18854,16743
"PUNJAB","LAHORE","LAHORE","LAHORE CANTT","TEHSIL","Hearing",44613,22296,22317,NA,NA,NA,44613,22296,22317
"PUNJAB","LAHORE","LAHORE","LAHORE CANTT","TEHSIL","Walking/ Climbing",63152,33034,30118,NA,NA,NA,63152,33034,30118
"PUNJAB","LAHORE","LAHORE","LAHORE CANTT","TEHSIL","Communication",23109,12963,10146,NA,NA,NA,23109,12963,10146
"PUNJAB","LAHORE","LAHORE","LAHORE CANTT","TEHSIL","Memorization/ Focus",32286,17652,14634,NA,NA,NA,32286,17652,14634
"PUNJAB","LAHORE","LAHORE","LAHORE CANTT","TEHSIL","Self care etc",25218,12660,12558,NA,NA,NA,25218,12660,12558
"PUNJAB","LAHORE","LAHORE","LAHORE CITY","TEHSIL","Population",4123354,2205631,1917723,NA,NA,NA,4123354,2205631,1917723
"PUNJAB","LAHORE","LAHORE","LAHORE CITY","TEHSIL","Disability",119454,73252,46202,NA,NA,NA,119454,73252,46202
"PUNJAB","LAHORE","LAHORE","LAHORE CITY","TEHSIL","Functional limitation",447261,245057,202204,NA,NA,NA,447261,245057,202204
"PUNJAB","LAHORE","LAHORE","LAHORE CITY","TEHSIL","Seeing",79047,42830,36217,NA,NA,NA,79047,42830,36217
"PUNJAB","LAHORE","LAHORE","LAHORE CITY","TEHSIL","Hearing",92194,49645,42549,NA,NA,NA,92194,49645,42549
"PUNJAB","LAHORE","LAHORE","LAHORE CITY","TEHSIL","Walking/ Climbing",140789,77915,62874,NA,NA,NA,140789,77915,62874
"PUNJAB","LAHORE","LAHORE","LAHORE CITY","TEHSIL","Communication",43370,24859,18511,NA,NA,NA,43370,24859,18511
"PUNJAB","LAHORE","LAHORE","LAHORE CITY","TEHSIL","Memorization/ Focus",63625,35308,28317,NA,NA,NA,63625,35308,28317
"PUNJAB","LAHORE","LAHORE","LAHORE CITY","TEHSIL","Self care etc",53228,29551,23677,NA,NA,NA,53228,29551,23677
"PUNJAB","LAHORE","LAHORE","MODEL TOWN","TEHSIL","Population",3244906,1688544,1556362,NA,NA,NA,3244906,1688544,1556362
"PUNJAB","LAHORE","LAHORE","MODEL TOWN","TEHSIL","Disability",99491,59624,39867,NA,NA,NA,99491,59624,39867
"PUNJAB","LAHORE","LAHORE","MODEL TOWN","TEHSIL","Functional limitation",352027,189640,162387,NA,NA,NA,352027,189640,162387
"PUNJAB","LAHORE","LAHORE","MODEL TOWN","TEHSIL","Seeing",61650,32963,28687,NA,NA,NA,61650,32963,28687
"PUNJAB","LAHORE","LAHORE","MODEL TOWN","TEHSIL","Hearing",72193,38387,33806,NA,NA,NA,72193,38387,33806
"PUNJAB","LAHORE","LAHORE","MODEL TOWN","TEHSIL","Walking/ Climbing",110902,60843,50059,NA,NA,NA,110902,60843,50059
"PUNJAB","LAHORE","LAHORE","MODEL TOWN","TEHSIL","Communication",36101,19608,16493,NA,NA,NA,36101,19608,16493
"PUNJAB","LAHORE","LAHORE","MODEL TOWN","TEHSIL","Memorization/ Focus",50606,27607,22999,NA,NA,NA,50606,27607,22999
"PUNJAB","LAHORE","LAHORE","MODEL TOWN","TEHSIL","Self care etc",42147,23139,19008,NA,NA,NA,42147,23139,19008
"PUNJAB","LAHORE","LAHORE","RAIWIND","TEHSIL","Population",1080637,582218,498419,NA,NA,NA,1080637,582218,498419
"PUNJAB","LAHORE","LAHORE","RAIWIND","TEHSIL","Disability",68651,33696,34955,NA,NA,NA,68651,33696,34955
"PUNJAB","LAHORE","LAHORE","RAIWIND","TEHSIL","Functional limitation",150490,76659,73831,NA,NA,NA,150490,76659,73831
"PUNJAB","LAHORE","LAHORE","RAIWIND","TEHSIL","Seeing",29713,15387,14326,NA,NA,NA,29713,15387,14326
"PUNJAB","LAHORE","LAHORE","RAIWIND","TEHSIL","Hearing",32406,17761,14645,NA,NA,NA,32406,17761,14645
"PUNJAB","LAHORE","LAHORE","RAIWIND","TEHSIL","Walking/ Climbing",36169,18018,18151,NA,NA,NA,36169,18018,18151
"PUNJAB","LAHORE","LAHORE","RAIWIND","TEHSIL","Communication",17406,8866,8540,NA,NA,NA,17406,8866,8540
"PUNJAB","LAHORE","LAHORE","RAIWIND","TEHSIL","Memorization/ Focus",22300,11264,11036,NA,NA,NA,22300,11264,11036
"PUNJAB","LAHORE","LAHORE","RAIWIND","TEHSIL","Self care etc",19361,9585,9776,NA,NA,NA,19361,9585,9776
"PUNJAB","LAHORE","LAHORE","SHALIMAR","TEHSIL","Population",2669337,1402444,1266893,NA,NA,NA,2669337,1402444,1266893
"PUNJAB","LAHORE","LAHORE","SHALIMAR","TEHSIL","Disability",59270,33594,25676,NA,NA,NA,59270,33594,25676
"PUNJAB","LAHORE","LAHORE","SHALIMAR","TEHSIL","Functional limitation",271877,143084,128793,NA,NA,NA,271877,143084,128793
"PUNJAB","LAHORE","LAHORE","SHALIMAR","TEHSIL","Seeing",49133,25957,23176,NA,NA,NA,49133,25957,23176
"PUNJAB","LAHORE","LAHORE","SHALIMAR","TEHSIL","Hearing",58120,30591,27529,NA,NA,NA,58120,30591,27529
"PUNJAB","LAHORE","LAHORE","SHALIMAR","TEHSIL","Walking/ Climbing",84853,45807,39046,NA,NA,NA,84853,45807,39046
"PUNJAB","LAHORE","LAHORE","SHALIMAR","TEHSIL","Communication",25856,14411,11445,NA,NA,NA,25856,14411,11445
"PUNJAB","LAHORE","LAHORE","SHALIMAR","TEHSIL","Memorization/ Focus",40085,20976,19109,NA,NA,NA,40085,20976,19109
"PUNJAB","LAHORE","LAHORE","SHALIMAR","TEHSIL","Self care etc",31985,16499,15486,NA,NA,NA,31985,16499,15486
"PUNJAB","DERA GHAZI KHAN","LAYYAH","CHOUBARA","TEHSIL","Population",299069,156260,142809,242080,126589,115491,56989,29671,27318
"PUNJAB","DERA GHAZI KHAN","LAYYAH","CHOUBARA","TEHSIL","Disability",20462,10744,9718,18050,9453,8597,2412,1291,1121
"PUNJAB","DERA GHAZI KHAN","LAYYAH","CHOUBARA","TEHSIL","Functional limitation",38988,19929,19059,32854,16771,16083,6134,3158,2976
"PUNJAB","DERA GHAZI KHAN","LAYYAH","CHOUBARA","TEHSIL","Seeing",7846,4098,3748,6682,3481,3201,1164,617,547
"PUNJAB","DERA GHAZI KHAN","LAYYAH","CHOUBARA","TEHSIL","Hearing",8048,4118,3930,6728,3427,3301,1320,691,629
"PUNJAB","DERA GHAZI KHAN","LAYYAH","CHOUBARA","TEHSIL","Walking/ Climbing",11562,6098,5464,9517,4992,4525,2045,1106,939
"PUNJAB","DERA GHAZI KHAN","LAYYAH","CHOUBARA","TEHSIL","Communication",5469,2933,2536,4703,2525,2178,766,408,358
"PUNJAB","DERA GHAZI KHAN","LAYYAH","CHOUBARA","TEHSIL","Memorization/ Focus",6127,3190,2937,5212,2703,2509,915,487,428
"PUNJAB","DERA GHAZI KHAN","LAYYAH","CHOUBARA","TEHSIL","Self care etc",4408,2216,2192,3749,1889,1860,659,327,332
"PUNJAB","DERA GHAZI KHAN","LAYYAH","KAROR LAL ESAN","TEHSIL","Population",684717,352150,332567,594087,306104,287983,90630,46046,44584
"PUNJAB","DERA GHAZI KHAN","LAYYAH","KAROR LAL ESAN","TEHSIL","Disability",28037,15326,12711,24613,13480,11133,3424,1846,1578
"PUNJAB","DERA GHAZI KHAN","LAYYAH","KAROR LAL ESAN","TEHSIL","Functional limitation",72259,37079,35180,62543,32197,30346,9716,4882,4834
"PUNJAB","DERA GHAZI KHAN","LAYYAH","KAROR LAL ESAN","TEHSIL","Seeing",12780,6598,6182,11016,5701,5315,1764,897,867
"PUNJAB","DERA GHAZI KHAN","LAYYAH","KAROR LAL ESAN","TEHSIL","Hearing",14046,7228,6818,12076,6253,5823,1970,975,995
"PUNJAB","DERA GHAZI KHAN","LAYYAH","KAROR LAL ESAN","TEHSIL","Walking/ Climbing",24578,12905,11673,21327,11214,10113,3251,1691,1560
"PUNJAB","DERA GHAZI KHAN","LAYYAH","KAROR LAL ESAN","TEHSIL","Communication",8267,4519,3748,7111,3909,3202,1156,610,546
"PUNJAB","DERA GHAZI KHAN","LAYYAH","KAROR LAL ESAN","TEHSIL","Memorization/ Focus",11095,5767,5328,9550,4967,4583,1545,800,745
"PUNJAB","DERA GHAZI KHAN","LAYYAH","KAROR LAL ESAN","TEHSIL","Self care etc",8299,4176,4123,7200,3635,3565,1099,541,558
"PUNJAB","DERA GHAZI KHAN","LAYYAH","LAYYAH","TEHSIL","Population",1118575,574589,543986,879925,452483,427442,238650,122106,116544
"PUNJAB","DERA GHAZI KHAN","LAYYAH","LAYYAH","TEHSIL","Disability",43000,23440,19560,32887,17962,14925,10113,5478,4635
"PUNJAB","DERA GHAZI KHAN","LAYYAH","LAYYAH","TEHSIL","Functional limitation",113028,57491,55537,86424,43963,42461,26604,13528,13076
"PUNJAB","DERA GHAZI KHAN","LAYYAH","LAYYAH","TEHSIL","Seeing",20207,10379,9828,15540,7981,7559,4667,2398,2269
"PUNJAB","DERA GHAZI KHAN","LAYYAH","LAYYAH","TEHSIL","Hearing",22013,11166,10847,16759,8488,8271,5254,2678,2576
"PUNJAB","DERA GHAZI KHAN","LAYYAH","LAYYAH","TEHSIL","Walking/ Climbing",39044,20376,18668,30126,15730,14396,8918,4646,4272
"PUNJAB","DERA GHAZI KHAN","LAYYAH","LAYYAH","TEHSIL","Communication",12887,7051,5836,9900,5427,4473,2987,1624,1363
"PUNJAB","DERA GHAZI KHAN","LAYYAH","LAYYAH","TEHSIL","Memorization/ Focus",17439,9129,8310,13359,7000,6359,4080,2129,1951
"PUNJAB","DERA GHAZI KHAN","LAYYAH","LAYYAH","TEHSIL","Self care etc",12939,6442,6497,9765,4847,4918,3174,1595,1579
"PUNJAB","MULTAN","LODHRAN","DUNYAPUR","TEHSIL","Population",571328,294355,276973,519440,267783,251657,51888,26572,25316
"PUNJAB","MULTAN","LODHRAN","DUNYAPUR","TEHSIL","Disability",10661,6510,4151,10015,6107,3908,646,403,243
"PUNJAB","MULTAN","LODHRAN","DUNYAPUR","TEHSIL","Functional limitation",40184,21190,18994,36958,19510,17448,3226,1680,1546
"PUNJAB","MULTAN","LODHRAN","DUNYAPUR","TEHSIL","Seeing",7734,4103,3631,7068,3751,3317,666,352,314
"PUNJAB","MULTAN","LODHRAN","DUNYAPUR","TEHSIL","Hearing",8965,4667,4298,8235,4299,3936,730,368,362
"PUNJAB","MULTAN","LODHRAN","DUNYAPUR","TEHSIL","Walking/ Climbing",13411,7368,6043,12334,6781,5553,1077,587,490
"PUNJAB","MULTAN","LODHRAN","DUNYAPUR","TEHSIL","Communication",5123,2905,2218,4755,2705,2050,368,200,168
"PUNJAB","MULTAN","LODHRAN","DUNYAPUR","TEHSIL","Memorization/ Focus",6574,3520,3054,6057,3251,2806,517,269,248
"PUNJAB","MULTAN","LODHRAN","DUNYAPUR","TEHSIL","Self care etc",4128,2118,2010,3803,1953,1850,325,165,160
"PUNJAB","MULTAN","LODHRAN","KAHROR PACCA","TEHSIL","Population",546058,283641,262417,419104,218257,200847,126954,65384,61570
"PUNJAB","MULTAN","LODHRAN","KAHROR PACCA","TEHSIL","Disability",18249,10421,7828,13370,7528,5842,4879,2893,1986
"PUNJAB","MULTAN","LODHRAN","KAHROR PACCA","TEHSIL","Functional limitation",46585,24691,21894,35135,18497,16638,11450,6194,5256
"PUNJAB","MULTAN","LODHRAN","KAHROR PACCA","TEHSIL","Seeing",8919,4676,4243,7026,3652,3374,1893,1024,869
"PUNJAB","MULTAN","LODHRAN","KAHROR PACCA","TEHSIL","Hearing",9999,5195,4804,7690,3925,3765,2309,1270,1039
"PUNJAB","MULTAN","LODHRAN","KAHROR PACCA","TEHSIL","Walking/ Climbing",14439,7799,6640,10849,5754,5095,3590,2045,1545
"PUNJAB","MULTAN","LODHRAN","KAHROR PACCA","TEHSIL","Communication",6520,3654,2866,4930,2749,2181,1590,905,685
"PUNJAB","MULTAN","LODHRAN","KAHROR PACCA","TEHSIL","Memorization/ Focus",7815,4196,3619,5714,3149,2565,2101,1047,1054
"PUNJAB","MULTAN","LODHRAN","KAHROR PACCA","TEHSIL","Self care etc",5258,2789,2469,3826,2022,1804,1432,767,665
"PUNJAB","MULTAN","LODHRAN","LODHRAN","TEHSIL","Population",808971,419035,389936,664611,344768,319843,144360,74267,70093
"PUNJAB","MULTAN","LODHRAN","LODHRAN","TEHSIL","Disability",13902,8560,5342,12025,7372,4653,1877,1188,689
"PUNJAB","MULTAN","LODHRAN","LODHRAN","TEHSIL","Functional limitation",50349,26878,23471,42000,22377,19623,8349,4501,3848
"PUNJAB","MULTAN","LODHRAN","LODHRAN","TEHSIL","Seeing",10018,5282,4736,8413,4423,3990,1605,859,746
"PUNJAB","MULTAN","LODHRAN","LODHRAN","TEHSIL","Hearing",11370,5961,5409,9497,4972,4525,1873,989,884
"PUNJAB","MULTAN","LODHRAN","LODHRAN","TEHSIL","Walking/ Climbing",17492,9599,7893,14622,8013,6609,2870,1586,1284
"PUNJAB","MULTAN","LODHRAN","LODHRAN","TEHSIL","Communication",6707,3807,2900,5687,3223,2464,1020,584,436
"PUNJAB","MULTAN","LODHRAN","LODHRAN","TEHSIL","Memorization/ Focus",8609,4688,3921,7217,3910,3307,1392,778,614
"PUNJAB","MULTAN","LODHRAN","LODHRAN","TEHSIL","Self care etc",4956,2603,2353,4131,2162,1969,825,441,384
"PUNJAB","GUJRANWALA","MANDI BAHAUDDIN","MALAKWAL","TEHSIL","Population",429189,215548,213641,377909,190120,187789,51280,25428,25852
"PUNJAB","GUJRANWALA","MANDI BAHAUDDIN","MALAKWAL","TEHSIL","Disability",27005,14382,12623,24158,12841,11317,2847,1541,1306
"PUNJAB","GUJRANWALA","MANDI BAHAUDDIN","MALAKWAL","TEHSIL","Functional limitation",77180,39667,37513,68292,35167,33125,8888,4500,4388
"PUNJAB","GUJRANWALA","MANDI BAHAUDDIN","MALAKWAL","TEHSIL","Seeing",13680,7019,6661,12199,6301,5898,1481,718,763
"PUNJAB","GUJRANWALA","MANDI BAHAUDDIN","MALAKWAL","TEHSIL","Hearing",16191,8276,7915,14370,7438,6932,1821,838,983
"PUNJAB","GUJRANWALA","MANDI BAHAUDDIN","MALAKWAL","TEHSIL","Walking/ Climbing",22027,11440,10587,19852,10285,9567,2175,1155,1020
"PUNJAB","GUJRANWALA","MANDI BAHAUDDIN","MALAKWAL","TEHSIL","Communication",8412,4482,3930,7163,3791,3372,1249,691,558
"PUNJAB","GUJRANWALA","MANDI BAHAUDDIN","MALAKWAL","TEHSIL","Memorization/ Focus",11482,6109,5373,9794,5249,4545,1688,860,828
"PUNJAB","GUJRANWALA","MANDI BAHAUDDIN","MALAKWAL","TEHSIL","Self care etc",9464,4794,4670,8573,4310,4263,891,484,407
"PUNJAB","GUJRANWALA","MANDI BAHAUDDIN","MANDI BAHAUDDIN","TEHSIL","Population",764327,382954,381373,532167,265652,266515,232160,117302,114858
"PUNJAB","GUJRANWALA","MANDI BAHAUDDIN","MANDI BAHAUDDIN","TEHSIL","Disability",24162,13538,10624,16758,9395,7363,7404,4143,3261
"PUNJAB","GUJRANWALA","MANDI BAHAUDDIN","MANDI BAHAUDDIN","TEHSIL","Functional limitation",110021,56623,53398,77476,39787,37689,32545,16836,15709
"PUNJAB","GUJRANWALA","MANDI BAHAUDDIN","MANDI BAHAUDDIN","TEHSIL","Seeing",20017,10325,9692,14100,7258,6842,5917,3067,2850
"PUNJAB","GUJRANWALA","MANDI BAHAUDDIN","MANDI BAHAUDDIN","TEHSIL","Hearing",23685,12072,11613,16685,8473,8212,7000,3599,3401
"PUNJAB","GUJRANWALA","MANDI BAHAUDDIN","MANDI BAHAUDDIN","TEHSIL","Walking/ Climbing",33923,17804,16119,23942,12564,11378,9981,5240,4741
"PUNJAB","GUJRANWALA","MANDI BAHAUDDIN","MANDI BAHAUDDIN","TEHSIL","Communication",10910,5858,5052,7550,4046,3504,3360,1812,1548
"PUNJAB","GUJRANWALA","MANDI BAHAUDDIN","MANDI BAHAUDDIN","TEHSIL","Memorization/ Focus",16112,8442,7670,11252,5896,5356,4860,2546,2314
"PUNJAB","GUJRANWALA","MANDI BAHAUDDIN","MANDI BAHAUDDIN","TEHSIL","Self care etc",12598,6417,6181,8867,4506,4361,3731,1911,1820
"PUNJAB","GUJRANWALA","MANDI BAHAUDDIN","PHALIA","TEHSIL","Population",635636,318603,317033,573183,287438,285745,62453,31165,31288
"PUNJAB","GUJRANWALA","MANDI BAHAUDDIN","PHALIA","TEHSIL","Disability",21902,12041,9861,20297,11140,9157,1605,901,704
"PUNJAB","GUJRANWALA","MANDI BAHAUDDIN","PHALIA","TEHSIL","Functional limitation",94848,48748,46100,86296,44396,41900,8552,4352,4200
"PUNJAB","GUJRANWALA","MANDI BAHAUDDIN","PHALIA","TEHSIL","Seeing",17500,9045,8455,15922,8238,7684,1578,807,771
"PUNJAB","GUJRANWALA","MANDI BAHAUDDIN","PHALIA","TEHSIL","Hearing",19986,10299,9687,18109,9345,8764,1877,954,923
"PUNJAB","GUJRANWALA","MANDI BAHAUDDIN","PHALIA","TEHSIL","Walking/ Climbing",29036,15281,13755,26471,13942,12529,2565,1339,1226
"PUNJAB","GUJRANWALA","MANDI BAHAUDDIN","PHALIA","TEHSIL","Communication",9460,5044,4416,8622,4602,4020,838,442,396
"PUNJAB","GUJRANWALA","MANDI BAHAUDDIN","PHALIA","TEHSIL","Memorization/ Focus",13901,7195,6706,12649,6538,6111,1252,657,595
"PUNJAB","GUJRANWALA","MANDI BAHAUDDIN","PHALIA","TEHSIL","Self care etc",10762,5506,5256,9791,5019,4772,971,487,484
"PUNJAB","SARGODHA","MIANWALI","ISAKHEL","TEHSIL","Population",414091,206478,207613,319550,159567,159983,94541,46911,47630
"PUNJAB","SARGODHA","MIANWALI","ISAKHEL","TEHSIL","Disability",28928,15428,13500,22899,12181,10718,6029,3247,2782
"PUNJAB","SARGODHA","MIANWALI","ISAKHEL","TEHSIL","Functional limitation",75123,39392,35731,57863,30297,27566,17260,9095,8165
"PUNJAB","SARGODHA","MIANWALI","ISAKHEL","TEHSIL","Seeing",14022,7419,6603,10959,5774,5185,3063,1645,1418
"PUNJAB","SARGODHA","MIANWALI","ISAKHEL","TEHSIL","Hearing",15627,8247,7380,11984,6290,5694,3643,1957,1686
"PUNJAB","SARGODHA","MIANWALI","ISAKHEL","TEHSIL","Walking/ Climbing",20986,11113,9873,15527,8235,7292,5459,2878,2581
"PUNJAB","SARGODHA","MIANWALI","ISAKHEL","TEHSIL","Communication",8802,4621,4181,7005,3676,3329,1797,945,852
"PUNJAB","SARGODHA","MIANWALI","ISAKHEL","TEHSIL","Memorization/ Focus",11666,6185,5481,9282,4934,4348,2384,1251,1133
"PUNJAB","SARGODHA","MIANWALI","ISAKHEL","TEHSIL","Self care etc",9216,4767,4449,7040,3636,3404,2176,1131,1045
"PUNJAB","SARGODHA","MIANWALI","MIANWALI","TEHSIL","Population",906756,465064,441692,744174,381049,363125,162582,84015,78567
"PUNJAB","SARGODHA","MIANWALI","MIANWALI","TEHSIL","Disability",44012,25512,18500,37397,21619,15778,6615,3893,2722
"PUNJAB","SARGODHA","MIANWALI","MIANWALI","TEHSIL","Functional limitation",149946,82195,67751,123738,67562,56176,26208,14633,11575
"PUNJAB","SARGODHA","MIANWALI","MIANWALI","TEHSIL","Seeing",25836,14099,11737,21213,11541,9672,4623,2558,2065
"PUNJAB","SARGODHA","MIANWALI","MIANWALI","TEHSIL","Hearing",30538,16529,14009,25072,13530,11542,5466,2999,2467
"PUNJAB","SARGODHA","MIANWALI","MIANWALI","TEHSIL","Walking/ Climbing",48459,26751,21708,40063,22065,17998,8396,4686,3710
"PUNJAB","SARGODHA","MIANWALI","MIANWALI","TEHSIL","Communication",15397,8760,6637,12688,7256,5432,2709,1504,1205
"PUNJAB","SARGODHA","MIANWALI","MIANWALI","TEHSIL","Memorization/ Focus",22056,12133,9923,18258,10035,8223,3798,2098,1700
"PUNJAB","SARGODHA","MIANWALI","MIANWALI","TEHSIL","Self care etc",17301,9491,7810,14340,7814,6526,2961,1677,1284
"PUNJAB","SARGODHA","MIANWALI","PIPLAN","TEHSIL","Population",475050,245500,229550,368781,190491,178290,106269,55009,51260
"PUNJAB","SARGODHA","MIANWALI","PIPLAN","TEHSIL","Disability",20895,12401,8494,16867,10033,6834,4028,2368,1660
"PUNJAB","SARGODHA","MIANWALI","PIPLAN","TEHSIL","Functional limitation",73153,40639,32514,56799,31659,25140,16354,8980,7374
"PUNJAB","SARGODHA","MIANWALI","PIPLAN","TEHSIL","Seeing",12859,7121,5738,9956,5528,4428,2903,1593,1310
"PUNJAB","SARGODHA","MIANWALI","PIPLAN","TEHSIL","Hearing",14900,8202,6698,11451,6311,5140,3449,1891,1558
"PUNJAB","SARGODHA","MIANWALI","PIPLAN","TEHSIL","Walking/ Climbing",24139,13446,10693,18844,10538,8306,5295,2908,2387
"PUNJAB","SARGODHA","MIANWALI","PIPLAN","TEHSIL","Communication",7377,4275,3102,5722,3339,2383,1655,936,719
"PUNJAB","SARGODHA","MIANWALI","PIPLAN","TEHSIL","Memorization/ Focus",10454,5851,4603,8081,4532,3549,2373,1319,1054
"PUNJAB","SARGODHA","MIANWALI","PIPLAN","TEHSIL","Self care etc",8251,4595,3656,6407,3581,2826,1844,1014,830
"PUNJAB","MULTAN","MULTAN","JALALPUR PIRWALA","TEHSIL","Population",608174,304414,303760,518714,259541,259173,89460,44873,44587
"PUNJAB","MULTAN","MULTAN","JALALPUR PIRWALA","TEHSIL","Disability",36076,19250,16826,31708,16804,14904,4368,2446,1922
"PUNJAB","MULTAN","MULTAN","JALALPUR PIRWALA","TEHSIL","Functional limitation",78165,39947,38218,67519,34368,33151,10646,5579,5067
"PUNJAB","MULTAN","MULTAN","JALALPUR PIRWALA","TEHSIL","Seeing",15059,7574,7485,13396,6752,6644,1663,822,841
"PUNJAB","MULTAN","MULTAN","JALALPUR PIRWALA","TEHSIL","Hearing",16663,8335,8328,14649,7302,7347,2014,1033,981
"PUNJAB","MULTAN","MULTAN","JALALPUR PIRWALA","TEHSIL","Walking/ Climbing",22796,11938,10858,19258,10346,8912,3538,1592,1946
"PUNJAB","MULTAN","MULTAN","JALALPUR PIRWALA","TEHSIL","Communication",9169,4760,4409,8287,4281,4006,882,479,403
"PUNJAB","MULTAN","MULTAN","JALALPUR PIRWALA","TEHSIL","Memorization/ Focus",11864,6235,5629,10252,5228,5024,1612,1007,605
"PUNJAB","MULTAN","MULTAN","JALALPUR PIRWALA","TEHSIL","Self care etc",9950,5367,4583,8036,4165,3871,1914,1202,712
"PUNJAB","MULTAN","MULTAN","MULTAN CITY","TEHSIL","Population",2548828,1307182,1241646,385302,198274,187028,2163526,1108908,1054618
"PUNJAB","MULTAN","MULTAN","MULTAN CITY","TEHSIL","Disability",60028,33671,26357,9237,5192,4045,50791,28479,22312
"PUNJAB","MULTAN","MULTAN","MULTAN CITY","TEHSIL","Functional limitation",249410,131742,117668,36297,19333,16964,213113,112409,100704
"PUNJAB","MULTAN","MULTAN","MULTAN CITY","TEHSIL","Seeing",46116,24472,21644,6632,3529,3103,39484,20943,18541
"PUNJAB","MULTAN","MULTAN","MULTAN CITY","TEHSIL","Hearing",51956,27401,24555,7490,3975,3515,44466,23426,21040
"PUNJAB","MULTAN","MULTAN","MULTAN CITY","TEHSIL","Walking/ Climbing",81333,43597,37736,11811,6390,5421,69522,37207,32315
"PUNJAB","MULTAN","MULTAN","MULTAN CITY","TEHSIL","Communication",25661,13890,11771,3762,2077,1685,21899,11813,10086
"PUNJAB","MULTAN","MULTAN","MULTAN CITY","TEHSIL","Memorization/ Focus",37284,20158,17126,5293,2852,2441,31991,17306,14685
"PUNJAB","MULTAN","MULTAN","MULTAN CITY","TEHSIL","Self care etc",26932,14003,12929,3977,2106,1871,22955,11897,11058
"PUNJAB","MULTAN","MULTAN","MULTAN SADDAR","TEHSIL","Population",1501453,762927,738526,1424032,723652,700380,77421,39275,38146
"PUNJAB","MULTAN","MULTAN","MULTAN SADDAR","TEHSIL","Disability",34254,19065,15189,32889,18330,14559,1365,735,630
"PUNJAB","MULTAN","MULTAN","MULTAN SADDAR","TEHSIL","Functional limitation",140600,72479,68121,133260,68727,64533,7340,3752,3588
"PUNJAB","MULTAN","MULTAN","MULTAN SADDAR","TEHSIL","Seeing",26594,13791,12803,25169,13039,12130,1425,752,673
"PUNJAB","MULTAN","MULTAN","MULTAN SADDAR","TEHSIL","Hearing",29729,15306,14423,28093,14474,13619,1636,832,804
"PUNJAB","MULTAN","MULTAN","MULTAN SADDAR","TEHSIL","Walking/ Climbing",46888,24666,22222,44457,23422,21035,2431,1244,1187
"PUNJAB","MULTAN","MULTAN","MULTAN SADDAR","TEHSIL","Communication",15080,8218,6862,14318,7807,6511,762,411,351
"PUNJAB","MULTAN","MULTAN","MULTAN SADDAR","TEHSIL","Memorization/ Focus",20908,11039,9869,19808,10464,9344,1100,575,525
"PUNJAB","MULTAN","MULTAN","MULTAN SADDAR","TEHSIL","Self care etc",14579,7358,7221,13845,6987,6858,734,371,363
"PUNJAB","MULTAN","MULTAN","SHUJABAD","TEHSIL","Population",682307,346161,336146,531212,269480,261732,151095,76681,74414
"PUNJAB","MULTAN","MULTAN","SHUJABAD","TEHSIL","Disability",20767,10276,10491,16646,8262,8384,4121,2014,2107
"PUNJAB","MULTAN","MULTAN","SHUJABAD","TEHSIL","Functional limitation",66973,33423,33550,52369,26097,26272,14604,7326,7278
"PUNJAB","MULTAN","MULTAN","SHUJABAD","TEHSIL","Seeing",11949,6082,5867,9164,4650,4514,2785,1432,1353
"PUNJAB","MULTAN","MULTAN","SHUJABAD","TEHSIL","Hearing",12820,6539,6281,9939,5049,4890,2881,1490,1391
"PUNJAB","MULTAN","MULTAN","SHUJABAD","TEHSIL","Walking/ Climbing",21276,10916,10360,16539,8407,8132,4737,2509,2228
"PUNJAB","MULTAN","MULTAN","SHUJABAD","TEHSIL","Communication",9162,5071,4091,7571,4260,3311,1591,811,780
"PUNJAB","MULTAN","MULTAN","SHUJABAD","TEHSIL","Memorization/ Focus",11167,5452,5715,8602,4348,4254,2565,1104,1461
"PUNJAB","MULTAN","MULTAN","SHUJABAD","TEHSIL","Self care etc",7087,3028,4059,5676,2311,3365,1411,717,694
"PUNJAB","DERA GHAZI KHAN","MUZAFFARGARH","ALIPUR","TEHSIL","Population",760524,389281,371243,582631,298295,284336,177893,90986,86907
"PUNJAB","DERA GHAZI KHAN","MUZAFFARGARH","ALIPUR","TEHSIL","Disability",29306,15498,13808,19922,10873,9049,9384,4625,4759
"PUNJAB","DERA GHAZI KHAN","MUZAFFARGARH","ALIPUR","TEHSIL","Functional limitation",81786,43350,38436,59564,31947,27617,22222,11403,10819
"PUNJAB","DERA GHAZI KHAN","MUZAFFARGARH","ALIPUR","TEHSIL","Seeing",15462,8184,7278,10162,5422,4740,5300,2762,2538
"PUNJAB","DERA GHAZI KHAN","MUZAFFARGARH","ALIPUR","TEHSIL","Hearing",15926,8329,7597,11563,6068,5495,4363,2261,2102
"PUNJAB","DERA GHAZI KHAN","MUZAFFARGARH","ALIPUR","TEHSIL","Walking/ Climbing",25063,13208,11855,18443,9733,8710,6620,3475,3145
"PUNJAB","DERA GHAZI KHAN","MUZAFFARGARH","ALIPUR","TEHSIL","Communication",9284,5513,3771,7051,4138,2913,2233,1375,858
"PUNJAB","DERA GHAZI KHAN","MUZAFFARGARH","ALIPUR","TEHSIL","Memorization/ Focus",12413,6574,5839,9584,5325,4259,2829,1249,1580
"PUNJAB","DERA GHAZI KHAN","MUZAFFARGARH","ALIPUR","TEHSIL","Self care etc",9410,4777,4633,7366,3859,3507,2044,918,1126
NA,NA,"MUZAFFARGARH","CHOWK SARWAR SHAHEED","TEHSIL","Population",414200,207532,206668,351069,176181,174888,63131,31351,31780
NA,NA,"MUZAFFARGARH","CHOWK SARWAR SHAHEED","TEHSIL","Disability",27595,14299,13296,23661,12174,11487,3934,2125,1809
NA,NA,"MUZAFFARGARH","CHOWK SARWAR SHAHEED","TEHSIL","Functional limitation",59705,31383,28322,50362,26370,23992,9343,5013,4330
NA,NA,"MUZAFFARGARH","CHOWK SARWAR SHAHEED","TEHSIL","Seeing",8769,4458,4311,7259,3703,3556,1510,755,755
NA,NA,"MUZAFFARGARH","CHOWK SARWAR SHAHEED","TEHSIL","Hearing",12963,6852,6111,10890,5823,5067,2073,1029,1044
NA,NA,"MUZAFFARGARH","CHOWK SARWAR SHAHEED","TEHSIL","Walking/ Climbing",16797,9020,7777,14130,7525,6605,2667,1495,1172
NA,NA,"MUZAFFARGARH","CHOWK SARWAR SHAHEED","TEHSIL","Communication",7632,4066,3566,6496,3306,3190,1136,760,376
NA,NA,"MUZAFFARGARH","CHOWK SARWAR SHAHEED","TEHSIL","Memorization/ Focus",9062,4792,4270,7754,4168,3586,1308,624,684
NA,NA,"MUZAFFARGARH","CHOWK SARWAR SHAHEED","TEHSIL","Self care etc",8245,4300,3945,6869,3546,3323,1376,754,622
"PUNJAB","DERA GHAZI KHAN","MUZAFFARGARH","JATOI","TEHSIL","Population",861713,436563,425150,644502,327404,317098,217211,109159,108052
"PUNJAB","DERA GHAZI KHAN","MUZAFFARGARH","JATOI","TEHSIL","Disability",32888,16913,15975,26082,13388,12694,6806,3525,3281
"PUNJAB","DERA GHAZI KHAN","MUZAFFARGARH","JATOI","TEHSIL","Functional limitation",92539,48383,44156,70144,36704,33440,22395,11679,10716
"PUNJAB","DERA GHAZI KHAN","MUZAFFARGARH","JATOI","TEHSIL","Seeing",16928,9061,7867,12694,6825,5869,4234,2236,1998
"PUNJAB","DERA GHAZI KHAN","MUZAFFARGARH","JATOI","TEHSIL","Hearing",18179,9755,8424,13484,7221,6263,4695,2534,2161
"PUNJAB","DERA GHAZI KHAN","MUZAFFARGARH","JATOI","TEHSIL","Walking/ Climbing",30520,16227,14293,23218,12276,10942,7302,3951,3351
"PUNJAB","DERA GHAZI KHAN","MUZAFFARGARH","JATOI","TEHSIL","Communication",10457,5085,5372,7923,3914,4009,2534,1171,1363
"PUNJAB","DERA GHAZI KHAN","MUZAFFARGARH","JATOI","TEHSIL","Memorization/ Focus",13675,7112,6563,10439,5403,5036,3236,1709,1527
"PUNJAB","DERA GHAZI KHAN","MUZAFFARGARH","JATOI","TEHSIL","Self care etc",10036,5308,4728,7678,4096,3582,2358,1212,1146
"PUNJAB","DERA GHAZI KHAN","MUZAFFARGARH","KOT ADDU","TEHSIL","Population",1071282,538387,532895,851396,428898,422498,219886,109489,110397
"PUNJAB","DERA GHAZI KHAN","MUZAFFARGARH","KOT ADDU","TEHSIL","Disability",34097,18201,15896,26286,14163,12123,7811,4038,3773
"PUNJAB","DERA GHAZI KHAN","MUZAFFARGARH","KOT ADDU","TEHSIL","Functional limitation",115349,61190,54159,89426,47624,41802,25923,13566,12357
"PUNJAB","DERA GHAZI KHAN","MUZAFFARGARH","KOT ADDU","TEHSIL","Seeing",20997,11153,9844,16195,8626,7569,4802,2527,2275
"PUNJAB","DERA GHAZI KHAN","MUZAFFARGARH","KOT ADDU","TEHSIL","Hearing",23826,12741,11085,18450,9945,8505,5376,2796,2580
"PUNJAB","DERA GHAZI KHAN","MUZAFFARGARH","KOT ADDU","TEHSIL","Walking/ Climbing",37714,20274,17440,29259,15710,13549,8455,4564,3891
"PUNJAB","DERA GHAZI KHAN","MUZAFFARGARH","KOT ADDU","TEHSIL","Communication",12062,6600,5462,9160,5144,4016,2902,1456,1446
"PUNJAB","DERA GHAZI KHAN","MUZAFFARGARH","KOT ADDU","TEHSIL","Memorization/ Focus",17078,9144,7934,13254,7163,6091,3824,1981,1843
"PUNJAB","DERA GHAZI KHAN","MUZAFFARGARH","KOT ADDU","TEHSIL","Self care etc",12851,6709,6142,10150,5302,4848,2701,1407,1294
"PUNJAB","DERA GHAZI KHAN","MUZAFFARGARH","MUZAFFARGARH","TEHSIL","Population",1904405,973689,930716,1637247,835574,801673,267158,138115,129043
"PUNJAB","DERA GHAZI KHAN","MUZAFFARGARH","MUZAFFARGARH","TEHSIL","Disability",54554,29301,25253,45711,24507,21204,8843,4794,4049
"PUNJAB","DERA GHAZI KHAN","MUZAFFARGARH","MUZAFFARGARH","TEHSIL","Functional limitation",192605,103207,89398,162502,86822,75680,30103,16385,13718
"PUNJAB","DERA GHAZI KHAN","MUZAFFARGARH","MUZAFFARGARH","TEHSIL","Seeing",35050,18903,16147,29825,16038,13787,5225,2865,2360
"PUNJAB","DERA GHAZI KHAN","MUZAFFARGARH","MUZAFFARGARH","TEHSIL","Hearing",39738,21430,18308,33800,18174,15626,5938,3256,2682
"PUNJAB","DERA GHAZI KHAN","MUZAFFARGARH","MUZAFFARGARH","TEHSIL","Walking/ Climbing",63411,34218,29193,53941,29003,24938,9470,5215,4255
"PUNJAB","DERA GHAZI KHAN","MUZAFFARGARH","MUZAFFARGARH","TEHSIL","Communication",18946,10474,8472,16163,8935,7228,2783,1539,1244
"PUNJAB","DERA GHAZI KHAN","MUZAFFARGARH","MUZAFFARGARH","TEHSIL","Memorization/ Focus",28996,15649,13347,24314,13168,11146,4682,2481,2201
"PUNJAB","DERA GHAZI KHAN","MUZAFFARGARH","MUZAFFARGARH","TEHSIL","Self care etc",21945,11524,10421,18308,9541,8767,3637,1983,1654
"PUNJAB","LAHORE","NANKANA SAHIB","NANKANA SAHIB","TEHSIL","Population",1065063,545681,519382,935022,480245,454777,130041,65436,64605
"PUNJAB","LAHORE","NANKANA SAHIB","NANKANA SAHIB","TEHSIL","Disability",18516,11312,7204,16698,10200,6498,1818,1112,706
"PUNJAB","LAHORE","NANKANA SAHIB","NANKANA SAHIB","TEHSIL","Functional limitation",81463,41998,39465,71537,37021,34516,9926,4977,4949
"PUNJAB","LAHORE","NANKANA SAHIB","NANKANA SAHIB","TEHSIL","Seeing",15924,8206,7718,13798,7120,6678,2126,1086,1040
"PUNJAB","LAHORE","NANKANA SAHIB","NANKANA SAHIB","TEHSIL","Hearing",18487,9407,9080,16078,8222,7856,2409,1185,1224
"PUNJAB","LAHORE","NANKANA SAHIB","NANKANA SAHIB","TEHSIL","Walking/ Climbing",26294,14075,12219,22978,12355,10623,3316,1720,1596
"PUNJAB","LAHORE","NANKANA SAHIB","NANKANA SAHIB","TEHSIL","Communication",9385,5119,4266,8096,4419,3677,1289,700,589
"PUNJAB","LAHORE","NANKANA SAHIB","NANKANA SAHIB","TEHSIL","Memorization/ Focus",12910,6841,6069,11176,5944,5232,1734,897,837
"PUNJAB","LAHORE","NANKANA SAHIB","NANKANA SAHIB","TEHSIL","Self care etc",8681,4409,4272,7671,3916,3755,1010,493,517
"PUNJAB","LAHORE","NANKANA SAHIB","SANGLA HILL","TEHSIL","Population",269993,135014,134979,166284,83297,82987,103709,51717,51992
"PUNJAB","LAHORE","NANKANA SAHIB","SANGLA HILL","TEHSIL","Disability",12729,7331,5398,9294,5471,3823,3435,1860,1575
"PUNJAB","LAHORE","NANKANA SAHIB","SANGLA HILL","TEHSIL","Functional limitation",30506,15933,14573,20604,10897,9707,9902,5036,4866
"PUNJAB","LAHORE","NANKANA SAHIB","SANGLA HILL","TEHSIL","Seeing",5410,2802,2608,3891,2004,1887,1519,798,721
"PUNJAB","LAHORE","NANKANA SAHIB","SANGLA HILL","TEHSIL","Hearing",6293,3194,3099,4487,2310,2177,1806,884,922
"PUNJAB","LAHORE","NANKANA SAHIB","SANGLA HILL","TEHSIL","Walking/ Climbing",8532,4418,4114,5903,3085,2818,2629,1333,1296
"PUNJAB","LAHORE","NANKANA SAHIB","SANGLA HILL","TEHSIL","Communication",3960,2306,1654,2355,1319,1036,1605,987,618
"PUNJAB","LAHORE","NANKANA SAHIB","SANGLA HILL","TEHSIL","Memorization/ Focus",4849,2539,2310,2860,1516,1344,1989,1023,966
"PUNJAB","LAHORE","NANKANA SAHIB","SANGLA HILL","TEHSIL","Self care etc",3823,2018,1805,2585,1475,1110,1238,543,695
"PUNJAB","LAHORE","NANKANA SAHIB","SHAH KOT","TEHSIL","Population",299815,151317,148498,210177,106074,104103,89638,45243,44395
"PUNJAB","LAHORE","NANKANA SAHIB","SHAH KOT","TEHSIL","Disability",5930,3088,2842,4633,2406,2227,1297,682,615
"PUNJAB","LAHORE","NANKANA SAHIB","SHAH KOT","TEHSIL","Functional limitation",24687,12191,12496,18100,8967,9133,6587,3224,3363
"PUNJAB","LAHORE","NANKANA SAHIB","SHAH KOT","TEHSIL","Seeing",4449,2217,2232,3285,1623,1662,1164,594,570
"PUNJAB","LAHORE","NANKANA SAHIB","SHAH KOT","TEHSIL","Hearing",5411,2666,2745,3959,1944,2015,1452,722,730
"PUNJAB","LAHORE","NANKANA SAHIB","SHAH KOT","TEHSIL","Walking/ Climbing",7685,3929,3756,5535,2865,2670,2150,1064,1086
"PUNJAB","LAHORE","NANKANA SAHIB","SHAH KOT","TEHSIL","Communication",2753,1366,1387,2027,995,1032,726,371,355
"PUNJAB","LAHORE","NANKANA SAHIB","SHAH KOT","TEHSIL","Memorization/ Focus",3749,1891,1858,2743,1371,1372,1006,520,486
"PUNJAB","LAHORE","NANKANA SAHIB","SHAH KOT","TEHSIL","Self care etc",2769,1332,1437,2064,989,1075,705,343,362
"PUNJAB","GUJRANWALA","NAROWAL","NAROWAL","TEHSIL","Population",680217,347670,332547,510578,261392,249186,169639,86278,83361
"PUNJAB","GUJRANWALA","NAROWAL","NAROWAL","TEHSIL","Disability",17127,10673,6454,11569,7245,4324,5558,3428,2130
"PUNJAB","GUJRANWALA","NAROWAL","NAROWAL","TEHSIL","Functional limitation",62530,34391,28139,44982,24720,20262,17548,9671,7877
"PUNJAB","GUJRANWALA","NAROWAL","NAROWAL","TEHSIL","Seeing",12179,6526,5653,9138,4897,4241,3041,1629,1412
"PUNJAB","GUJRANWALA","NAROWAL","NAROWAL","TEHSIL","Hearing",12737,6890,5847,9311,5051,4260,3426,1839,1587
"PUNJAB","GUJRANWALA","NAROWAL","NAROWAL","TEHSIL","Walking/ Climbing",21372,11996,9376,15644,8814,6830,5728,3182,2546
"PUNJAB","GUJRANWALA","NAROWAL","NAROWAL","TEHSIL","Communication",6780,3937,2843,4990,2904,2086,1790,1033,757
"PUNJAB","GUJRANWALA","NAROWAL","NAROWAL","TEHSIL","Memorization/ Focus",9395,5239,4156,6843,3813,3030,2552,1426,1126
"PUNJAB","GUJRANWALA","NAROWAL","NAROWAL","TEHSIL","Self care etc",6505,3621,2884,4441,2457,1984,2064,1164,900
"PUNJAB","GUJRANWALA","NAROWAL","SHAKARGARH","TEHSIL","Population",769339,393530,375809,642597,329038,313559,126742,64492,62250
"PUNJAB","GUJRANWALA","NAROWAL","SHAKARGARH","TEHSIL","Disability",18908,11639,7269,14044,8650,5394,4864,2989,1875
"PUNJAB","GUJRANWALA","NAROWAL","SHAKARGARH","TEHSIL","Functional limitation",71815,38921,32894,57739,31123,26616,14076,7798,6278
"PUNJAB","GUJRANWALA","NAROWAL","SHAKARGARH","TEHSIL","Seeing",13475,7229,6246,11116,5956,5160,2359,1273,1086
"PUNJAB","GUJRANWALA","NAROWAL","SHAKARGARH","TEHSIL","Hearing",14775,7897,6878,12058,6426,5632,2717,1471,1246
"PUNJAB","GUJRANWALA","NAROWAL","SHAKARGARH","TEHSIL","Walking/ Climbing",24284,13359,10925,19726,10805,8921,4558,2554,2004
"PUNJAB","GUJRANWALA","NAROWAL","SHAKARGARH","TEHSIL","Communication",7679,4459,3220,6230,3611,2619,1449,848,601
"PUNJAB","GUJRANWALA","NAROWAL","SHAKARGARH","TEHSIL","Memorization/ Focus",10604,5863,4741,8603,4736,3867,2001,1127,874
"PUNJAB","GUJRANWALA","NAROWAL","SHAKARGARH","TEHSIL","Self care etc",7772,4249,3523,6059,3286,2773,1713,963,750
"PUNJAB","GUJRANWALA","NAROWAL","ZAFARWAL","TEHSIL","Population",501213,255242,245971,448574,228495,220079,52639,26747,25892
"PUNJAB","GUJRANWALA","NAROWAL","ZAFARWAL","TEHSIL","Disability",23804,12932,10872,22178,11940,10238,1626,992,634
"PUNJAB","GUJRANWALA","NAROWAL","ZAFARWAL","TEHSIL","Functional limitation",57636,30264,27372,52369,27399,24970,5267,2865,2402
"PUNJAB","GUJRANWALA","NAROWAL","ZAFARWAL","TEHSIL","Seeing",10552,5639,4913,9615,5147,4468,937,492,445
"PUNJAB","GUJRANWALA","NAROWAL","ZAFARWAL","TEHSIL","Hearing",11555,6146,5409,10514,5591,4923,1041,555,486
"PUNJAB","GUJRANWALA","NAROWAL","ZAFARWAL","TEHSIL","Walking/ Climbing",17017,9081,7936,15314,8132,7182,1703,949,754
"PUNJAB","GUJRANWALA","NAROWAL","ZAFARWAL","TEHSIL","Communication",7296,3903,3393,6751,3603,3148,545,300,245
"PUNJAB","GUJRANWALA","NAROWAL","ZAFARWAL","TEHSIL","Memorization/ Focus",9139,4890,4249,8381,4483,3898,758,407,351
"PUNJAB","GUJRANWALA","NAROWAL","ZAFARWAL","TEHSIL","Self care etc",6842,3531,3311,6237,3199,3038,605,332,273
"PUNJAB","SAHIWAL","OKARA","DEPALPUR","TEHSIL","Population",1592201,811015,781186,1130731,577802,552929,461470,233213,228257
"PUNJAB","SAHIWAL","OKARA","DEPALPUR","TEHSIL","Disability",31703,18808,12895,21885,13056,8829,9818,5752,4066
"PUNJAB","SAHIWAL","OKARA","DEPALPUR","TEHSIL","Functional limitation",143176,79470,63706,100084,55792,44292,43092,23678,19414
"PUNJAB","SAHIWAL","OKARA","DEPALPUR","TEHSIL","Seeing",28207,15502,12705,19863,10936,8927,8344,4566,3778
"PUNJAB","SAHIWAL","OKARA","DEPALPUR","TEHSIL","Hearing",31347,17288,14059,21876,12144,9732,9471,5144,4327
"PUNJAB","SAHIWAL","OKARA","DEPALPUR","TEHSIL","Walking/ Climbing",46246,25964,20282,32715,18427,14288,13531,7537,5994
"PUNJAB","SAHIWAL","OKARA","DEPALPUR","TEHSIL","Communication",14939,8557,6382,10253,5935,4318,4686,2622,2064
"PUNJAB","SAHIWAL","OKARA","DEPALPUR","TEHSIL","Memorization/ Focus",21787,12060,9727,15147,8435,6712,6640,3625,3015
"PUNJAB","SAHIWAL","OKARA","DEPALPUR","TEHSIL","Self care etc",14756,8161,6595,10171,5656,4515,4585,2505,2080
"PUNJAB","SAHIWAL","OKARA","OKARA","TEHSIL","Population",1382002,703875,678127,767766,390835,376931,614236,313040,301196
"PUNJAB","SAHIWAL","OKARA","OKARA","TEHSIL","Disability",29899,17913,11986,15362,9268,6094,14537,8645,5892
"PUNJAB","SAHIWAL","OKARA","OKARA","TEHSIL","Functional limitation",128539,71684,56855,69820,38861,30959,58719,32823,25896
"PUNJAB","SAHIWAL","OKARA","OKARA","TEHSIL","Seeing",24287,13411,10876,13446,7391,6055,10841,6020,4821
"PUNJAB","SAHIWAL","OKARA","OKARA","TEHSIL","Hearing",27725,15341,12384,15154,8374,6780,12571,6967,5604
"PUNJAB","SAHIWAL","OKARA","OKARA","TEHSIL","Walking/ Climbing",41550,23494,18056,22860,12928,9932,18690,10566,8124
"PUNJAB","SAHIWAL","OKARA","OKARA","TEHSIL","Communication",13648,7907,5741,7347,4290,3057,6301,3617,2684
"PUNJAB","SAHIWAL","OKARA","OKARA","TEHSIL","Memorization/ Focus",19400,10821,8579,10506,5843,4663,8894,4978,3916
"PUNJAB","SAHIWAL","OKARA","OKARA","TEHSIL","Self care etc",13570,7545,6025,7068,3920,3148,6502,3625,2877
"PUNJAB","SAHIWAL","OKARA","RENALA KHURD","TEHSIL","Population",529248,269411,259837,429478,218708,210770,99770,50703,49067
"PUNJAB","SAHIWAL","OKARA","RENALA KHURD","TEHSIL","Disability",25707,14299,11408,23565,13293,10272,2142,1006,1136
"PUNJAB","SAHIWAL","OKARA","RENALA KHURD","TEHSIL","Functional limitation",63794,34837,28957,54487,29995,24492,9307,4842,4465
"PUNJAB","SAHIWAL","OKARA","RENALA KHURD","TEHSIL","Seeing",10979,6080,4899,9243,5122,4121,1736,958,778
"PUNJAB","SAHIWAL","OKARA","RENALA KHURD","TEHSIL","Hearing",13009,7096,5913,10979,5975,5004,2030,1121,909
"PUNJAB","SAHIWAL","OKARA","RENALA KHURD","TEHSIL","Walking/ Climbing",18269,9938,8331,15464,8357,7107,2805,1581,1224
"PUNJAB","SAHIWAL","OKARA","RENALA KHURD","TEHSIL","Communication",7967,4470,3497,6589,3916,2673,1378,554,824
"PUNJAB","SAHIWAL","OKARA","RENALA KHURD","TEHSIL","Memorization/ Focus",10005,5545,4460,8557,4778,3779,1448,767,681
"PUNJAB","SAHIWAL","OKARA","RENALA KHURD","TEHSIL","Self care etc",8143,4451,3692,7215,3949,3266,928,502,426
"PUNJAB","SAHIWAL","PAKPATTAN","ARIF WALA","TEHSIL","Population",999278,506872,492406,789720,399637,390083,209558,107235,102323
"PUNJAB","SAHIWAL","PAKPATTAN","ARIF WALA","TEHSIL","Disability",36176,20333,15843,26917,15195,11722,9259,5138,4121
"PUNJAB","SAHIWAL","PAKPATTAN","ARIF WALA","TEHSIL","Functional limitation",116515,63742,52773,91142,49893,41249,25373,13849,11524
"PUNJAB","SAHIWAL","PAKPATTAN","ARIF WALA","TEHSIL","Seeing",21357,11684,9673,17115,9403,7712,4242,2281,1961
"PUNJAB","SAHIWAL","PAKPATTAN","ARIF WALA","TEHSIL","Hearing",24153,13302,10851,19009,10514,8495,5144,2788,2356
"PUNJAB","SAHIWAL","PAKPATTAN","ARIF WALA","TEHSIL","Walking/ Climbing",36698,20254,16444,28765,15983,12782,7933,4271,3662
"PUNJAB","SAHIWAL","PAKPATTAN","ARIF WALA","TEHSIL","Communication",13648,7657,5991,10522,5905,4617,3126,1752,1374
"PUNJAB","SAHIWAL","PAKPATTAN","ARIF WALA","TEHSIL","Memorization/ Focus",18248,10072,8176,14279,7895,6384,3969,2177,1792
"PUNJAB","SAHIWAL","PAKPATTAN","ARIF WALA","TEHSIL","Self care etc",13345,7301,6044,10557,5738,4819,2788,1563,1225
"PUNJAB","SAHIWAL","PAKPATTAN","PAKPATTAN","TEHSIL","Population",1136233,578288,557945,873271,445983,427288,262962,132305,130657
"PUNJAB","SAHIWAL","PAKPATTAN","PAKPATTAN","TEHSIL","Disability",31324,17709,13615,24151,13595,10556,7173,4114,3059
"PUNJAB","SAHIWAL","PAKPATTAN","PAKPATTAN","TEHSIL","Functional limitation",118535,65160,53375,90787,49959,40828,27748,15201,12547
"PUNJAB","SAHIWAL","PAKPATTAN","PAKPATTAN","TEHSIL","Seeing",24075,13100,10975,18611,10154,8457,5464,2946,2518
"PUNJAB","SAHIWAL","PAKPATTAN","PAKPATTAN","TEHSIL","Hearing",25279,13929,11350,19386,10739,8647,5893,3190,2703
"PUNJAB","SAHIWAL","PAKPATTAN","PAKPATTAN","TEHSIL","Walking/ Climbing",39394,21859,17535,30266,16820,13446,9128,5039,4089
"PUNJAB","SAHIWAL","PAKPATTAN","PAKPATTAN","TEHSIL","Communication",12195,6879,5316,9420,5289,4131,2775,1590,1185
"PUNJAB","SAHIWAL","PAKPATTAN","PAKPATTAN","TEHSIL","Memorization/ Focus",17521,9702,7819,13525,7482,6043,3996,2220,1776
"PUNJAB","SAHIWAL","PAKPATTAN","PAKPATTAN","TEHSIL","Self care etc",12262,6658,5604,9289,5105,4184,2973,1553,1420
"PUNJAB","BAHAWALPUR","RAHIM YAR KHAN","KHANPUR","TEHSIL","Population",1168885,609307,559578,844878,440407,404471,324007,168900,155107
"PUNJAB","BAHAWALPUR","RAHIM YAR KHAN","KHANPUR","TEHSIL","Disability",62318,33198,29120,46526,24861,21665,15792,8337,7455
"PUNJAB","BAHAWALPUR","RAHIM YAR KHAN","KHANPUR","TEHSIL","Functional limitation",158067,81658,76409,114902,59420,55482,43165,22238,20927
"PUNJAB","BAHAWALPUR","RAHIM YAR KHAN","KHANPUR","TEHSIL","Seeing",27315,14006,13309,19959,10222,9737,7356,3784,3572
"PUNJAB","BAHAWALPUR","RAHIM YAR KHAN","KHANPUR","TEHSIL","Hearing",32129,16371,15758,23912,12391,11521,8217,3980,4237
"PUNJAB","BAHAWALPUR","RAHIM YAR KHAN","KHANPUR","TEHSIL","Walking/ Climbing",44749,23310,21439,32096,16756,15340,12653,6554,6099
"PUNJAB","BAHAWALPUR","RAHIM YAR KHAN","KHANPUR","TEHSIL","Communication",19268,10478,8790,14235,7861,6374,5033,2617,2416
"PUNJAB","BAHAWALPUR","RAHIM YAR KHAN","KHANPUR","TEHSIL","Memorization/ Focus",24472,13131,11341,17826,9442,8384,6646,3689,2957
"PUNJAB","BAHAWALPUR","RAHIM YAR KHAN","KHANPUR","TEHSIL","Self care etc",20165,10257,9908,14584,7229,7355,5581,3028,2553
"PUNJAB","BAHAWALPUR","RAHIM YAR KHAN","LIAQUAT PUR","TEHSIL","Population",1234974,643464,591510,1132382,590235,542147,102592,53229,49363
"PUNJAB","BAHAWALPUR","RAHIM YAR KHAN","LIAQUAT PUR","TEHSIL","Disability",44576,22549,22027,41756,21112,20644,2820,1437,1383
"PUNJAB","BAHAWALPUR","RAHIM YAR KHAN","LIAQUAT PUR","TEHSIL","Functional limitation",141264,71681,69583,130115,65976,64139,11149,5705,5444
"PUNJAB","BAHAWALPUR","RAHIM YAR KHAN","LIAQUAT PUR","TEHSIL","Seeing",25056,12912,12144,22976,11824,11152,2080,1088,992
"PUNJAB","BAHAWALPUR","RAHIM YAR KHAN","LIAQUAT PUR","TEHSIL","Hearing",28305,14556,13749,25948,13341,12607,2357,1215,1142
"PUNJAB","BAHAWALPUR","RAHIM YAR KHAN","LIAQUAT PUR","TEHSIL","Walking/ Climbing",46055,24033,22022,42366,22091,20275,3689,1942,1747
"PUNJAB","BAHAWALPUR","RAHIM YAR KHAN","LIAQUAT PUR","TEHSIL","Communication",14790,7515,7275,13664,6907,6757,1126,608,518
"PUNJAB","BAHAWALPUR","RAHIM YAR KHAN","LIAQUAT PUR","TEHSIL","Memorization/ Focus",20962,10564,10398,19147,9685,9462,1815,879,936
"PUNJAB","BAHAWALPUR","RAHIM YAR KHAN","LIAQUAT PUR","TEHSIL","Self care etc",16221,8035,8186,15017,7419,7598,1204,616,588
"PUNJAB","BAHAWALPUR","RAHIM YAR KHAN","RAHIM YAR KHAN","TEHSIL","Population",1776665,924121,852544,1186749,618655,568094,589916,305466,284450
"PUNJAB","BAHAWALPUR","RAHIM YAR KHAN","RAHIM YAR KHAN","TEHSIL","Disability",62876,33584,29292,43107,23016,20091,19769,10568,9201
"PUNJAB","BAHAWALPUR","RAHIM YAR KHAN","RAHIM YAR KHAN","TEHSIL","Functional limitation",206194,106781,99413,136392,70683,65709,69802,36098,33704
"PUNJAB","BAHAWALPUR","RAHIM YAR KHAN","RAHIM YAR KHAN","TEHSIL","Seeing",38095,19730,18365,25660,13280,12380,12435,6450,5985
"PUNJAB","BAHAWALPUR","RAHIM YAR KHAN","RAHIM YAR KHAN","TEHSIL","Hearing",41843,21642,20201,27691,14337,13354,14152,7305,6847
"PUNJAB","BAHAWALPUR","RAHIM YAR KHAN","RAHIM YAR KHAN","TEHSIL","Walking/ Climbing",66740,35007,31733,43914,23061,20853,22826,11946,10880
"PUNJAB","BAHAWALPUR","RAHIM YAR KHAN","RAHIM YAR KHAN","TEHSIL","Communication",20499,11085,9414,13323,7254,6069,7176,3831,3345
"PUNJAB","BAHAWALPUR","RAHIM YAR KHAN","RAHIM YAR KHAN","TEHSIL","Memorization/ Focus",29163,15384,13779,19008,10068,8940,10155,5316,4839
"PUNJAB","BAHAWALPUR","RAHIM YAR KHAN","RAHIM YAR KHAN","TEHSIL","Self care etc",23081,11772,11309,15134,7696,7438,7947,4076,3871
"PUNJAB","BAHAWALPUR","RAHIM YAR KHAN","SADIQABAD","TEHSIL","Population",1381196,719049,662147,1057625,553276,504349,323571,165773,157798
"PUNJAB","BAHAWALPUR","RAHIM YAR KHAN","SADIQABAD","TEHSIL","Disability",40362,21774,18588,29849,16173,13676,10513,5601,4912
"PUNJAB","BAHAWALPUR","RAHIM YAR KHAN","SADIQABAD","TEHSIL","Functional limitation",150314,78212,72102,112044,58569,53475,38270,19643,18627
"PUNJAB","BAHAWALPUR","RAHIM YAR KHAN","SADIQABAD","TEHSIL","Seeing",27137,14141,12996,20192,10573,9619,6945,3568,3377
"PUNJAB","BAHAWALPUR","RAHIM YAR KHAN","SADIQABAD","TEHSIL","Hearing",31012,16188,14824,23195,12164,11031,7817,4024,3793
"PUNJAB","BAHAWALPUR","RAHIM YAR KHAN","SADIQABAD","TEHSIL","Walking/ Climbing",49535,26141,23394,36782,19518,17264,12753,6623,6130
"PUNJAB","BAHAWALPUR","RAHIM YAR KHAN","SADIQABAD","TEHSIL","Communication",15281,8326,6955,11323,6197,5126,3958,2129,1829
"PUNJAB","BAHAWALPUR","RAHIM YAR KHAN","SADIQABAD","TEHSIL","Memorization/ Focus",21788,11560,10228,16173,8606,7567,5615,2954,2661
"PUNJAB","BAHAWALPUR","RAHIM YAR KHAN","SADIQABAD","TEHSIL","Self care etc",16756,8561,8195,12512,6430,6082,4244,2131,2113
"PUNJAB","DERA GHAZI KHAN","RAJANPUR","RAJANPUR","DE-EXCLUDED_AREA","Population",41741,22156,19585,41741,22156,19585,NA,NA,NA
"PUNJAB","DERA GHAZI KHAN","RAJANPUR","RAJANPUR","DE-EXCLUDED_AREA","Disability",6565,3454,3111,6565,3454,3111,NA,NA,NA
"PUNJAB","DERA GHAZI KHAN","RAJANPUR","RAJANPUR","DE-EXCLUDED_AREA","Functional limitation",8016,4165,3851,8016,4165,3851,NA,NA,NA
"PUNJAB","DERA GHAZI KHAN","RAJANPUR","RAJANPUR","DE-EXCLUDED_AREA","Seeing",2175,1106,1069,2175,1106,1069,NA,NA,NA
"PUNJAB","DERA GHAZI KHAN","RAJANPUR","RAJANPUR","DE-EXCLUDED_AREA","Hearing",1575,803,772,1575,803,772,NA,NA,NA
"PUNJAB","DERA GHAZI KHAN","RAJANPUR","RAJANPUR","DE-EXCLUDED_AREA","Walking/ Climbing",1364,700,664,1364,700,664,NA,NA,NA
"PUNJAB","DERA GHAZI KHAN","RAJANPUR","RAJANPUR","DE-EXCLUDED_AREA","Communication",595,340,255,595,340,255,NA,NA,NA
"PUNJAB","DERA GHAZI KHAN","RAJANPUR","RAJANPUR","DE-EXCLUDED_AREA","Memorization/ Focus",1053,622,431,1053,622,431,NA,NA,NA
"PUNJAB","DERA GHAZI KHAN","RAJANPUR","RAJANPUR","DE-EXCLUDED_AREA","Self care etc",1309,626,683,1309,626,683,NA,NA,NA
"PUNJAB","DERA GHAZI KHAN","RAJANPUR","JAMPUR","TEHSIL","Population",1011499,509587,501912,706867,356483,350384,304632,153104,151528
"PUNJAB","DERA GHAZI KHAN","RAJANPUR","JAMPUR","TEHSIL","Disability",32349,16239,16110,22736,11390,11346,9613,4849,4764
"PUNJAB","DERA GHAZI KHAN","RAJANPUR","JAMPUR","TEHSIL","Functional limitation",78373,36569,41804,53895,25116,28779,24478,11453,13025
"PUNJAB","DERA GHAZI KHAN","RAJANPUR","JAMPUR","TEHSIL","Seeing",13950,6565,7385,9485,4433,5052,4465,2132,2333
"PUNJAB","DERA GHAZI KHAN","RAJANPUR","JAMPUR","TEHSIL","Hearing",14635,6738,7897,9917,4569,5348,4718,2169,2549
"PUNJAB","DERA GHAZI KHAN","RAJANPUR","JAMPUR","TEHSIL","Walking/ Climbing",28044,13603,14441,19338,9349,9989,8706,4254,4452
"PUNJAB","DERA GHAZI KHAN","RAJANPUR","JAMPUR","TEHSIL","Communication",8784,4451,4333,5965,3034,2931,2819,1417,1402
"PUNJAB","DERA GHAZI KHAN","RAJANPUR","JAMPUR","TEHSIL","Memorization/ Focus",11719,5616,6103,7882,3765,4117,3837,1851,1986
"PUNJAB","DERA GHAZI KHAN","RAJANPUR","JAMPUR","TEHSIL","Self care etc",8837,4005,4832,6112,2775,3337,2725,1230,1495
"PUNJAB","DERA GHAZI KHAN","RAJANPUR","RAJANPUR","TEHSIL","Population",851729,430052,421677,542533,274646,267887,309196,155406,153790
"PUNJAB","DERA GHAZI KHAN","RAJANPUR","RAJANPUR","TEHSIL","Disability",27756,14119,13637,17985,9220,8765,9771,4899,4872
"PUNJAB","DERA GHAZI KHAN","RAJANPUR","RAJANPUR","TEHSIL","Functional limitation",68223,32245,35978,42795,20351,22444,25428,11894,13534
"PUNJAB","DERA GHAZI KHAN","RAJANPUR","RAJANPUR","TEHSIL","Seeing",11961,5741,6220,7389,3537,3852,4572,2204,2368
"PUNJAB","DERA GHAZI KHAN","RAJANPUR","RAJANPUR","TEHSIL","Hearing",13012,6149,6863,7966,3760,4206,5046,2389,2657
"PUNJAB","DERA GHAZI KHAN","RAJANPUR","RAJANPUR","TEHSIL","Walking/ Climbing",24079,11821,12258,15126,7464,7662,8953,4357,4596
"PUNJAB","DERA GHAZI KHAN","RAJANPUR","RAJANPUR","TEHSIL","Communication",7795,4005,3790,4775,2480,2295,3020,1525,1495
"PUNJAB","DERA GHAZI KHAN","RAJANPUR","RAJANPUR","TEHSIL","Memorization/ Focus",10171,4993,5178,6165,3024,3141,4006,1969,2037
"PUNJAB","DERA GHAZI KHAN","RAJANPUR","RAJANPUR","TEHSIL","Self care etc",7742,3516,4226,4851,2213,2638,2891,1303,1588
"PUNJAB","DERA GHAZI KHAN","RAJANPUR","ROJHAN","TEHSIL","Population",419011,220112,198899,403140,212100,191040,15871,8012,7859
"PUNJAB","DERA GHAZI KHAN","RAJANPUR","ROJHAN","TEHSIL","Disability",17318,8536,8782,16687,8259,8428,631,277,354
"PUNJAB","DERA GHAZI KHAN","RAJANPUR","ROJHAN","TEHSIL","Functional limitation",34103,16351,17752,32644,15698,16946,1459,653,806
"PUNJAB","DERA GHAZI KHAN","RAJANPUR","ROJHAN","TEHSIL","Seeing",5781,2845,2936,5564,2742,2822,217,103,114
"PUNJAB","DERA GHAZI KHAN","RAJANPUR","ROJHAN","TEHSIL","Hearing",6264,3005,3259,6040,2906,3134,224,99,125
"PUNJAB","DERA GHAZI KHAN","RAJANPUR","ROJHAN","TEHSIL","Walking/ Climbing",10119,5096,5023,9680,4882,4798,439,214,225
"PUNJAB","DERA GHAZI KHAN","RAJANPUR","ROJHAN","TEHSIL","Communication",5104,2495,2609,4926,2378,2548,178,117,61
"PUNJAB","DERA GHAZI KHAN","RAJANPUR","ROJHAN","TEHSIL","Memorization/ Focus",5544,2579,2965,5331,2491,2840,213,88,125
"PUNJAB","DERA GHAZI KHAN","RAJANPUR","ROJHAN","TEHSIL","Self care etc",4186,2009,2177,3943,1947,1996,243,62,181
"PUNJAB","RAWALPINDI","RAWALPINDI","GUJAR KHAN","TEHSIL","Population",781578,383042,398536,651057,318309,332748,130521,64733,65788
"PUNJAB","RAWALPINDI","RAWALPINDI","GUJAR KHAN","TEHSIL","Disability",32900,16944,15956,27110,13884,13226,5790,3060,2730
"PUNJAB","RAWALPINDI","RAWALPINDI","GUJAR KHAN","TEHSIL","Functional limitation",86794,42412,44382,72975,35459,37516,13819,6953,6866
"PUNJAB","RAWALPINDI","RAWALPINDI","GUJAR KHAN","TEHSIL","Seeing",15813,7850,7963,13405,6616,6789,2408,1234,1174
"PUNJAB","RAWALPINDI","RAWALPINDI","GUJAR KHAN","TEHSIL","Hearing",16990,8222,8768,14474,6968,7506,2516,1254,1262
"PUNJAB","RAWALPINDI","RAWALPINDI","GUJAR KHAN","TEHSIL","Walking/ Climbing",30840,15406,15434,26033,12950,13083,4807,2456,2351
"PUNJAB","RAWALPINDI","RAWALPINDI","GUJAR KHAN","TEHSIL","Communication",10366,5240,5126,8799,4431,4368,1567,809,758
"PUNJAB","RAWALPINDI","RAWALPINDI","GUJAR KHAN","TEHSIL","Memorization/ Focus",13624,6768,6856,11530,5709,5821,2094,1059,1035
"PUNJAB","RAWALPINDI","RAWALPINDI","GUJAR KHAN","TEHSIL","Self care etc",9545,4568,4977,7947,3772,4175,1598,796,802
"PUNJAB","RAWALPINDI","RAWALPINDI","KAHUTA","TEHSIL","Population",237843,114961,122882,162494,77885,84609,75349,37076,38273
"PUNJAB","RAWALPINDI","RAWALPINDI","KAHUTA","TEHSIL","Disability",30442,15945,14497,25615,13367,12248,4827,2578,2249
"PUNJAB","RAWALPINDI","RAWALPINDI","KAHUTA","TEHSIL","Functional limitation",47863,24072,23791,37845,18973,18872,10018,5099,4919
"PUNJAB","RAWALPINDI","RAWALPINDI","KAHUTA","TEHSIL","Seeing",10805,5445,5360,9315,4713,4602,1490,732,758
"PUNJAB","RAWALPINDI","RAWALPINDI","KAHUTA","TEHSIL","Hearing",11953,5823,6130,9200,4716,4484,2753,1107,1646
"PUNJAB","RAWALPINDI","RAWALPINDI","KAHUTA","TEHSIL","Walking/ Climbing",11255,5778,5477,8462,4332,4130,2793,1446,1347
"PUNJAB","RAWALPINDI","RAWALPINDI","KAHUTA","TEHSIL","Communication",6954,3582,3372,5510,2812,2698,1444,770,674
"PUNJAB","RAWALPINDI","RAWALPINDI","KAHUTA","TEHSIL","Memorization/ Focus",7649,3749,3900,6140,2843,3297,1509,906,603
"PUNJAB","RAWALPINDI","RAWALPINDI","KAHUTA","TEHSIL","Self care etc",5616,3039,2577,4120,2070,2050,1496,969,527
NA,NA,"RAWALPINDI","KALLAR SAYADDAN","TEHSIL","Population",242709,116450,126259,181768,87158,94610,60941,29292,31649
NA,NA,"RAWALPINDI","KALLAR SAYADDAN","TEHSIL","Disability",12615,5659,6956,9923,4300,5623,2692,1359,1333
NA,NA,"RAWALPINDI","KALLAR SAYADDAN","TEHSIL","Functional limitation",31263,14264,16999,24094,10788,13306,7169,3476,3693
NA,NA,"RAWALPINDI","KALLAR SAYADDAN","TEHSIL","Seeing",6313,3031,3282,4772,2263,2509,1541,768,773
NA,NA,"RAWALPINDI","KALLAR SAYADDAN","TEHSIL","Hearing",6092,2890,3202,4677,2202,2475,1415,688,727
NA,NA,"RAWALPINDI","KALLAR SAYADDAN","TEHSIL","Walking/ Climbing",11018,5317,5701,8460,4069,4391,2558,1248,1310
NA,NA,"RAWALPINDI","KALLAR SAYADDAN","TEHSIL","Communication",4788,1875,2913,3950,1430,2520,838,445,393
NA,NA,"RAWALPINDI","KALLAR SAYADDAN","TEHSIL","Memorization/ Focus",5194,2409,2785,4086,1861,2225,1108,548,560
NA,NA,"RAWALPINDI","KALLAR SAYADDAN","TEHSIL","Self care etc",2957,1367,1590,2246,1034,1212,711,333,378
"PUNJAB","RAWALPINDI","RAWALPINDI","KOTLI SATTIAN","TEHSIL","Population",120421,60975,59446,96878,49169,47709,23543,11806,11737
"PUNJAB","RAWALPINDI","RAWALPINDI","KOTLI SATTIAN","TEHSIL","Disability",4946,2653,2293,3881,2094,1787,1065,559,506
"PUNJAB","RAWALPINDI","RAWALPINDI","KOTLI SATTIAN","TEHSIL","Functional limitation",12931,6555,6376,10247,5218,5029,2684,1337,1347
"PUNJAB","RAWALPINDI","RAWALPINDI","KOTLI SATTIAN","TEHSIL","Seeing",2933,1471,1462,2310,1174,1136,623,297,326
"PUNJAB","RAWALPINDI","RAWALPINDI","KOTLI SATTIAN","TEHSIL","Hearing",2815,1385,1430,2265,1120,1145,550,265,285
"PUNJAB","RAWALPINDI","RAWALPINDI","KOTLI SATTIAN","TEHSIL","Walking/ Climbing",4992,2586,2406,3944,2053,1891,1048,533,515
"PUNJAB","RAWALPINDI","RAWALPINDI","KOTLI SATTIAN","TEHSIL","Communication",1708,932,776,1396,759,637,312,173,139
"PUNJAB","RAWALPINDI","RAWALPINDI","KOTLI SATTIAN","TEHSIL","Memorization/ Focus",2389,1233,1156,1928,998,930,461,235,226
"PUNJAB","RAWALPINDI","RAWALPINDI","KOTLI SATTIAN","TEHSIL","Self care etc",1240,605,635,994,487,507,246,118,128
"PUNJAB","RAWALPINDI","RAWALPINDI","MURREE","TEHSIL","Population",249410,125101,124309,227340,113392,113948,22070,11709,10361
"PUNJAB","RAWALPINDI","RAWALPINDI","MURREE","TEHSIL","Disability",17631,8964,8667,16850,8673,8177,781,291,490
"PUNJAB","RAWALPINDI","RAWALPINDI","MURREE","TEHSIL","Functional limitation",33751,16994,16757,31940,16128,15812,1811,866,945
"PUNJAB","RAWALPINDI","RAWALPINDI","MURREE","TEHSIL","Seeing",5644,2853,2791,5322,2674,2648,322,179,143
"PUNJAB","RAWALPINDI","RAWALPINDI","MURREE","TEHSIL","Hearing",5330,2702,2628,5002,2520,2482,328,182,146
"PUNJAB","RAWALPINDI","RAWALPINDI","MURREE","TEHSIL","Walking/ Climbing",10404,5053,5351,9800,4705,5095,604,348,256
"PUNJAB","RAWALPINDI","RAWALPINDI","MURREE","TEHSIL","Communication",5230,3253,1977,4863,3137,1726,367,116,251
"PUNJAB","RAWALPINDI","RAWALPINDI","MURREE","TEHSIL","Memorization/ Focus",7571,3990,3581,7187,3835,3352,384,155,229
"PUNJAB","RAWALPINDI","RAWALPINDI","MURREE","TEHSIL","Self care etc",4680,1888,2792,4543,1813,2730,137,75,62
"PUNJAB","RAWALPINDI","RAWALPINDI","RAWALPINDI","TEHSIL","Population",3689775,1908299,1781476,386054,192112,193942,3303721,1716187,1587534
"PUNJAB","RAWALPINDI","RAWALPINDI","RAWALPINDI","TEHSIL","Disability",138176,76073,62103,13787,7266,6521,124389,68807,55582
"PUNJAB","RAWALPINDI","RAWALPINDI","RAWALPINDI","TEHSIL","Functional limitation",360085,191145,168940,38807,19349,19458,321278,171796,149482
"PUNJAB","RAWALPINDI","RAWALPINDI","RAWALPINDI","TEHSIL","Seeing",64210,34028,30182,7215,3593,3622,56995,30435,26560
"PUNJAB","RAWALPINDI","RAWALPINDI","RAWALPINDI","TEHSIL","Hearing",68737,36448,32289,7605,3764,3841,61132,32684,28448
"PUNJAB","RAWALPINDI","RAWALPINDI","RAWALPINDI","TEHSIL","Walking/ Climbing",125371,66971,58400,13693,6992,6701,111678,59979,51699
"PUNJAB","RAWALPINDI","RAWALPINDI","RAWALPINDI","TEHSIL","Communication",40480,22193,18287,4334,2234,2100,36146,19959,16187
"PUNJAB","RAWALPINDI","RAWALPINDI","RAWALPINDI","TEHSIL","Memorization/ Focus",54291,29248,25043,5928,3012,2916,48363,26236,22127
"PUNJAB","RAWALPINDI","RAWALPINDI","RAWALPINDI","TEHSIL","Self care etc",42247,22354,19893,4199,2061,2138,38048,20293,17755
"PUNJAB","RAWALPINDI","RAWALPINDI","TAXILA","TEHSIL","Population",736804,373346,363458,201520,102452,99068,535284,270894,264390
"PUNJAB","RAWALPINDI","RAWALPINDI","TAXILA","TEHSIL","Disability",31256,17076,14180,7606,4202,3404,23650,12874,10776
"PUNJAB","RAWALPINDI","RAWALPINDI","TAXILA","TEHSIL","Functional limitation",77884,41009,36875,19677,10383,9294,58207,30626,27581
"PUNJAB","RAWALPINDI","RAWALPINDI","TAXILA","TEHSIL","Seeing",13684,7214,6470,3518,1871,1647,10166,5343,4823
"PUNJAB","RAWALPINDI","RAWALPINDI","TAXILA","TEHSIL","Hearing",14846,7809,7037,3870,2036,1834,10976,5773,5203
"PUNJAB","RAWALPINDI","RAWALPINDI","TAXILA","TEHSIL","Walking/ Climbing",26859,14194,12665,6938,3722,3216,19921,10472,9449
"PUNJAB","RAWALPINDI","RAWALPINDI","TAXILA","TEHSIL","Communication",8763,4793,3970,2255,1261,994,6508,3532,2976
"PUNJAB","RAWALPINDI","RAWALPINDI","TAXILA","TEHSIL","Memorization/ Focus",11683,6216,5467,3075,1653,1422,8608,4563,4045
"PUNJAB","RAWALPINDI","RAWALPINDI","TAXILA","TEHSIL","Self care etc",9346,4918,4428,2308,1213,1095,7038,3705,3333
"PUNJAB","SAHIWAL","SAHIWAL","CHICHAWATNI","TEHSIL","Population",1155978,582624,573354,1043787,525824,517963,112191,56800,55391
"PUNJAB","SAHIWAL","SAHIWAL","CHICHAWATNI","TEHSIL","Disability",43055,23997,19058,39845,22243,17602,3210,1754,1456
"PUNJAB","SAHIWAL","SAHIWAL","CHICHAWATNI","TEHSIL","Functional limitation",151696,79612,72084,137777,72332,65445,13919,7280,6639
"PUNJAB","SAHIWAL","SAHIWAL","CHICHAWATNI","TEHSIL","Seeing",27736,14440,13296,25120,13058,12062,2616,1382,1234
"PUNJAB","SAHIWAL","SAHIWAL","CHICHAWATNI","TEHSIL","Hearing",30935,16101,14834,28013,14564,13449,2922,1537,1385
"PUNJAB","SAHIWAL","SAHIWAL","CHICHAWATNI","TEHSIL","Walking/ Climbing",48467,25946,22521,44160,23608,20552,4307,2338,1969
"PUNJAB","SAHIWAL","SAHIWAL","CHICHAWATNI","TEHSIL","Communication",16248,8766,7482,14769,8071,6698,1479,695,784
"PUNJAB","SAHIWAL","SAHIWAL","CHICHAWATNI","TEHSIL","Memorization/ Focus",22774,11999,10775,20804,10948,9856,1970,1051,919
"PUNJAB","SAHIWAL","SAHIWAL","CHICHAWATNI","TEHSIL","Self care etc",17227,9011,8216,15724,8220,7504,1503,791,712
"PUNJAB","SAHIWAL","SAHIWAL","SAHIWAL","TEHSIL","Population",1722144,876510,845634,1080341,551323,529018,641803,325187,316616
"PUNJAB","SAHIWAL","SAHIWAL","SAHIWAL","TEHSIL","Disability",69142,39897,29245,36006,20694,15312,33136,19203,13933
"PUNJAB","SAHIWAL","SAHIWAL","SAHIWAL","TEHSIL","Functional limitation",225171,120961,104210,133127,71193,61934,92044,49768,42276
"PUNJAB","SAHIWAL","SAHIWAL","SAHIWAL","TEHSIL","Seeing",41194,21938,19256,25539,13551,11988,15655,8387,7268
"PUNJAB","SAHIWAL","SAHIWAL","SAHIWAL","TEHSIL","Hearing",46365,24781,21584,27782,14854,12928,18583,9927,8656
"PUNJAB","SAHIWAL","SAHIWAL","SAHIWAL","TEHSIL","Walking/ Climbing",70830,38373,32457,43156,23336,19820,27674,15037,12637
"PUNJAB","SAHIWAL","SAHIWAL","SAHIWAL","TEHSIL","Communication",22460,12626,9834,12362,6888,5474,10098,5738,4360
"PUNJAB","SAHIWAL","SAHIWAL","SAHIWAL","TEHSIL","Memorization/ Focus",32473,17563,14910,18666,10074,8592,13807,7489,6318
"PUNJAB","SAHIWAL","SAHIWAL","SAHIWAL","TEHSIL","Self care etc",25852,13964,11888,14379,7713,6666,11473,6251,5222
"PUNJAB","SARGODHA","SARGODHA","BHALWAL","TEHSIL","Population",387194,191904,195290,243520,120666,122854,143674,71238,72436
"PUNJAB","SARGODHA","SARGODHA","BHALWAL","TEHSIL","Disability",22071,11528,10543,14367,7471,6896,7704,4057,3647
"PUNJAB","SARGODHA","SARGODHA","BHALWAL","TEHSIL","Functional limitation",58306,30700,27606,37540,19759,17781,20766,10941,9825
"PUNJAB","SARGODHA","SARGODHA","BHALWAL","TEHSIL","Seeing",11417,5913,5504,7740,3941,3799,3677,1972,1705
"PUNJAB","SARGODHA","SARGODHA","BHALWAL","TEHSIL","Hearing",12117,6385,5732,7790,4217,3573,4327,2168,2159
"PUNJAB","SARGODHA","SARGODHA","BHALWAL","TEHSIL","Walking/ Climbing",20092,11156,8936,13431,7440,5991,6661,3716,2945
"PUNJAB","SARGODHA","SARGODHA","BHALWAL","TEHSIL","Communication",6412,3213,3199,4160,2079,2081,2252,1134,1118
"PUNJAB","SARGODHA","SARGODHA","BHALWAL","TEHSIL","Memorization/ Focus",9155,4690,4465,5766,2887,2879,3389,1803,1586
"PUNJAB","SARGODHA","SARGODHA","BHALWAL","TEHSIL","Self care etc",6114,3310,2804,3581,1921,1660,2533,1389,1144
"PUNJAB","SARGODHA","SARGODHA","BHERA","TEHSIL","Population",384395,193708,190687,272701,137517,135184,111694,56191,55503
"PUNJAB","SARGODHA","SARGODHA","BHERA","TEHSIL","Disability",15346,8672,6674,10415,5897,4518,4931,2775,2156
"PUNJAB","SARGODHA","SARGODHA","BHERA","TEHSIL","Functional limitation",50756,27686,23070,35654,19470,16184,15102,8216,6886
"PUNJAB","SARGODHA","SARGODHA","BHERA","TEHSIL","Seeing",9731,5257,4474,6581,3560,3021,3150,1697,1453
"PUNJAB","SARGODHA","SARGODHA","BHERA","TEHSIL","Hearing",10318,5608,4710,7313,3989,3324,3005,1619,1386
"PUNJAB","SARGODHA","SARGODHA","BHERA","TEHSIL","Walking/ Climbing",16720,9137,7583,11881,6526,5355,4839,2611,2228
"PUNJAB","SARGODHA","SARGODHA","BHERA","TEHSIL","Communication",5509,3141,2368,3875,2195,1680,1634,946,688
"PUNJAB","SARGODHA","SARGODHA","BHERA","TEHSIL","Memorization/ Focus",7975,4538,3437,5488,3066,2422,2487,1472,1015
"PUNJAB","SARGODHA","SARGODHA","BHERA","TEHSIL","Self care etc",5843,3063,2780,4008,2150,1858,1835,913,922
"PUNJAB","SARGODHA","SARGODHA","KOT MOMIN","TEHSIL","Population",544165,278393,265772,480754,246073,234681,63411,32320,31091
"PUNJAB","SARGODHA","SARGODHA","KOT MOMIN","TEHSIL","Disability",22393,12741,9652,20456,11628,8828,1937,1113,824
"PUNJAB","SARGODHA","SARGODHA","KOT MOMIN","TEHSIL","Functional limitation",69840,38635,31205,62179,34420,27759,7661,4215,3446
"PUNJAB","SARGODHA","SARGODHA","KOT MOMIN","TEHSIL","Seeing",12911,7085,5826,11235,6172,5063,1676,913,763
"PUNJAB","SARGODHA","SARGODHA","KOT MOMIN","TEHSIL","Hearing",13769,7579,6190,12262,6761,5501,1507,818,689
"PUNJAB","SARGODHA","SARGODHA","KOT MOMIN","TEHSIL","Walking/ Climbing",23424,13018,10406,20934,11631,9303,2490,1387,1103
"PUNJAB","SARGODHA","SARGODHA","KOT MOMIN","TEHSIL","Communication",7291,4138,3153,6557,3720,2837,734,418,316
"PUNJAB","SARGODHA","SARGODHA","KOT MOMIN","TEHSIL","Memorization/ Focus",10153,5646,4507,9102,5058,4044,1051,588,463
"PUNJAB","SARGODHA","SARGODHA","KOT MOMIN","TEHSIL","Self care etc",7867,4365,3502,7048,3916,3132,819,449,370
"PUNJAB","SARGODHA","SARGODHA","SAHIWAL","TEHSIL","Population",407486,205892,201594,313408,158395,155013,94078,47497,46581
"PUNJAB","SARGODHA","SARGODHA","SAHIWAL","TEHSIL","Disability",18462,10384,8078,15135,8506,6629,3327,1878,1449
"PUNJAB","SARGODHA","SARGODHA","SAHIWAL","TEHSIL","Functional limitation",54375,29592,24783,42893,23359,19534,11482,6233,5249
"PUNJAB","SARGODHA","SARGODHA","SAHIWAL","TEHSIL","Seeing",9630,5216,4414,7641,4133,3508,1989,1083,906
"PUNJAB","SARGODHA","SARGODHA","SAHIWAL","TEHSIL","Hearing",10817,5777,5040,8508,4557,3951,2309,1220,1089
"PUNJAB","SARGODHA","SARGODHA","SAHIWAL","TEHSIL","Walking/ Climbing",18097,9849,8248,14416,7838,6578,3681,2011,1670
"PUNJAB","SARGODHA","SARGODHA","SAHIWAL","TEHSIL","Communication",5746,3200,2546,4626,2591,2035,1120,609,511
"PUNJAB","SARGODHA","SARGODHA","SAHIWAL","TEHSIL","Memorization/ Focus",8194,4634,3560,6454,3627,2827,1740,1007,733
"PUNJAB","SARGODHA","SARGODHA","SAHIWAL","TEHSIL","Self care etc",6561,3549,3012,5147,2819,2328,1414,730,684
"PUNJAB","SARGODHA","SARGODHA","SARGODHA","TEHSIL","Population",1793400,911017,882383,742693,377532,365161,1050707,533485,517222
"PUNJAB","SARGODHA","SARGODHA","SARGODHA","TEHSIL","Disability",76738,43677,33061,29432,16779,12653,47306,26898,20408
"PUNJAB","SARGODHA","SARGODHA","SARGODHA","TEHSIL","Functional limitation",233142,128204,104938,93460,51303,42157,139682,76901,62781
"PUNJAB","SARGODHA","SARGODHA","SARGODHA","TEHSIL","Seeing",41652,22830,18822,17229,9475,7754,24423,13355,11068
"PUNJAB","SARGODHA","SARGODHA","SARGODHA","TEHSIL","Hearing",45747,25054,20693,18408,10054,8354,27339,15000,12339
"PUNJAB","SARGODHA","SARGODHA","SARGODHA","TEHSIL","Walking/ Climbing",76870,42455,34415,31282,17305,13977,45588,25150,20438
"PUNJAB","SARGODHA","SARGODHA","SARGODHA","TEHSIL","Communication",23961,13565,10396,9581,5489,4092,14380,8076,6304
"PUNJAB","SARGODHA","SARGODHA","SARGODHA","TEHSIL","Memorization/ Focus",33869,18864,15005,13488,7520,5968,20381,11344,9037
"PUNJAB","SARGODHA","SARGODHA","SARGODHA","TEHSIL","Self care etc",27164,14909,12255,10578,5764,4814,16586,9145,7441
"PUNJAB","SARGODHA","SARGODHA","SHAHPUR","TEHSIL","Population",424745,216148,208597,332908,168741,164167,91837,47407,44430
"PUNJAB","SARGODHA","SARGODHA","SHAHPUR","TEHSIL","Disability",18430,10612,7818,14198,8132,6066,4232,2480,1752
"PUNJAB","SARGODHA","SARGODHA","SHAHPUR","TEHSIL","Functional limitation",58342,32104,26238,45331,24841,20490,13011,7263,5748
"PUNJAB","SARGODHA","SARGODHA","SHAHPUR","TEHSIL","Seeing",10255,5632,4623,8032,4389,3643,2223,1243,980
"PUNJAB","SARGODHA","SARGODHA","SHAHPUR","TEHSIL","Hearing",11961,6430,5531,9371,5059,4312,2590,1371,1219
"PUNJAB","SARGODHA","SARGODHA","SHAHPUR","TEHSIL","Walking/ Climbing",19232,10409,8823,14844,8027,6817,4388,2382,2006
"PUNJAB","SARGODHA","SARGODHA","SHAHPUR","TEHSIL","Communication",6675,3820,2855,5367,3062,2305,1308,758,550
"PUNJAB","SARGODHA","SARGODHA","SHAHPUR","TEHSIL","Memorization/ Focus",8716,4969,3747,6769,3811,2958,1947,1158,789
"PUNJAB","SARGODHA","SARGODHA","SHAHPUR","TEHSIL","Self care etc",6836,4014,2822,5171,2979,2192,1665,1035,630
"PUNJAB","SARGODHA","SARGODHA","SILLANWALI","TEHSIL","Population",385878,194026,191852,336575,169226,167349,49303,24800,24503
"PUNJAB","SARGODHA","SARGODHA","SILLANWALI","TEHSIL","Disability",29085,15654,13431,25993,13782,12211,3092,1872,1220
"PUNJAB","SARGODHA","SARGODHA","SILLANWALI","TEHSIL","Functional limitation",62813,33808,29005,55438,29602,25836,7375,4206,3169
"PUNJAB","SARGODHA","SARGODHA","SILLANWALI","TEHSIL","Seeing",12303,6697,5606,11035,6046,4989,1268,651,617
"PUNJAB","SARGODHA","SARGODHA","SILLANWALI","TEHSIL","Hearing",13348,7402,5946,11655,6300,5355,1693,1102,591
"PUNJAB","SARGODHA","SARGODHA","SILLANWALI","TEHSIL","Walking/ Climbing",15593,8546,7047,13987,7645,6342,1606,901,705
"PUNJAB","SARGODHA","SARGODHA","SILLANWALI","TEHSIL","Communication",9346,5220,4126,7699,4337,3362,1647,883,764
"PUNJAB","SARGODHA","SARGODHA","SILLANWALI","TEHSIL","Memorization/ Focus",10411,5595,4816,9373,5006,4367,1038,589,449
"PUNJAB","SARGODHA","SARGODHA","SILLANWALI","TEHSIL","Self care etc",7133,3412,3721,6473,3006,3467,660,406,254
"PUNJAB","LAHORE","SHEIKHUPURA","FEROZEWALA","TEHSIL","Population",997246,519450,477796,657978,340909,317069,339268,178541,160727
"PUNJAB","LAHORE","SHEIKHUPURA","FEROZEWALA","TEHSIL","Disability",19369,10688,8681,15132,8282,6850,4237,2406,1831
"PUNJAB","LAHORE","SHEIKHUPURA","FEROZEWALA","TEHSIL","Functional limitation",68230,34542,33688,47058,23883,23175,21172,10659,10513
"PUNJAB","LAHORE","SHEIKHUPURA","FEROZEWALA","TEHSIL","Seeing",12058,6093,5965,8172,4126,4046,3886,1967,1919
"PUNJAB","LAHORE","SHEIKHUPURA","FEROZEWALA","TEHSIL","Hearing",14213,7267,6946,9688,4994,4694,4525,2273,2252
"PUNJAB","LAHORE","SHEIKHUPURA","FEROZEWALA","TEHSIL","Walking/ Climbing",23014,11985,11029,16069,8418,7651,6945,3567,3378
"PUNJAB","LAHORE","SHEIKHUPURA","FEROZEWALA","TEHSIL","Communication",6840,3649,3191,4820,2585,2235,2020,1064,956
"PUNJAB","LAHORE","SHEIKHUPURA","FEROZEWALA","TEHSIL","Memorization/ Focus",10142,5366,4776,7139,3820,3319,3003,1546,1457
"PUNJAB","LAHORE","SHEIKHUPURA","FEROZEWALA","TEHSIL","Self care etc",7703,3840,3863,5409,2700,2709,2294,1140,1154
"PUNJAB","LAHORE","SHEIKHUPURA","MURIDKE","TEHSIL","Population",721166,367781,353385,399764,205043,194721,321402,162738,158664
"PUNJAB","LAHORE","SHEIKHUPURA","MURIDKE","TEHSIL","Disability",17503,8742,8761,9656,4675,4981,7847,4067,3780
"PUNJAB","LAHORE","SHEIKHUPURA","MURIDKE","TEHSIL","Functional limitation",55446,26596,28850,30011,14318,15693,25435,12278,13157
"PUNJAB","LAHORE","SHEIKHUPURA","MURIDKE","TEHSIL","Seeing",10266,5062,5204,5551,2763,2788,4715,2299,2416
"PUNJAB","LAHORE","SHEIKHUPURA","MURIDKE","TEHSIL","Hearing",11097,5399,5698,6076,2994,3082,5021,2405,2616
"PUNJAB","LAHORE","SHEIKHUPURA","MURIDKE","TEHSIL","Walking/ Climbing",18419,9327,9092,10005,5116,4889,8414,4211,4203
"PUNJAB","LAHORE","SHEIKHUPURA","MURIDKE","TEHSIL","Communication",6638,3183,3455,3647,1779,1868,2991,1404,1587
"PUNJAB","LAHORE","SHEIKHUPURA","MURIDKE","TEHSIL","Memorization/ Focus",8729,4078,4651,5070,2269,2801,3659,1809,1850
"PUNJAB","LAHORE","SHEIKHUPURA","MURIDKE","TEHSIL","Self care etc",6023,2768,3255,3336,1496,1840,2687,1272,1415
"PUNJAB","LAHORE","SHEIKHUPURA","SAFDARABAD","TEHSIL","Population",320836,161359,159477,231660,116450,115210,89176,44909,44267
"PUNJAB","LAHORE","SHEIKHUPURA","SAFDARABAD","TEHSIL","Disability",12899,6264,6635,10445,5440,5005,2454,824,1630
"PUNJAB","LAHORE","SHEIKHUPURA","SAFDARABAD","TEHSIL","Functional limitation",31281,14693,16588,23907,11609,12298,7374,3084,4290
"PUNJAB","LAHORE","SHEIKHUPURA","SAFDARABAD","TEHSIL","Seeing",4711,2179,2532,3533,1604,1929,1178,575,603
"PUNJAB","LAHORE","SHEIKHUPURA","SAFDARABAD","TEHSIL","Hearing",6036,2579,3457,4653,1932,2721,1383,647,736
"PUNJAB","LAHORE","SHEIKHUPURA","SAFDARABAD","TEHSIL","Walking/ Climbing",9684,4693,4991,7432,3635,3797,2252,1058,1194
"PUNJAB","LAHORE","SHEIKHUPURA","SAFDARABAD","TEHSIL","Communication",4447,2333,2114,3431,1972,1459,1016,361,655
"PUNJAB","LAHORE","SHEIKHUPURA","SAFDARABAD","TEHSIL","Memorization/ Focus",4707,2418,2289,3388,1940,1448,1319,478,841
"PUNJAB","LAHORE","SHEIKHUPURA","SAFDARABAD","TEHSIL","Self care etc",3824,1726,2098,2994,1405,1589,830,321,509
"PUNJAB","LAHORE","SHEIKHUPURA","SHARAK PUR","TEHSIL","Population",229292,115769,113523,181273,92093,89180,48019,23676,24343
"PUNJAB","LAHORE","SHEIKHUPURA","SHARAK PUR","TEHSIL","Disability",16803,9628,7175,14084,8009,6075,2719,1619,1100
"PUNJAB","LAHORE","SHEIKHUPURA","SHARAK PUR","TEHSIL","Functional limitation",30344,15935,14409,24250,12724,11526,6094,3211,2883
"PUNJAB","LAHORE","SHEIKHUPURA","SHARAK PUR","TEHSIL","Seeing",6272,3217,3055,5076,2620,2456,1196,597,599
"PUNJAB","LAHORE","SHEIKHUPURA","SHARAK PUR","TEHSIL","Hearing",6180,3275,2905,5218,2837,2381,962,438,524
"PUNJAB","LAHORE","SHEIKHUPURA","SHARAK PUR","TEHSIL","Walking/ Climbing",7097,3627,3470,5680,2900,2780,1417,727,690
"PUNJAB","LAHORE","SHEIKHUPURA","SHARAK PUR","TEHSIL","Communication",3408,1930,1478,2687,1419,1268,721,511,210
"PUNJAB","LAHORE","SHEIKHUPURA","SHARAK PUR","TEHSIL","Memorization/ Focus",4997,2701,2296,3721,1986,1735,1276,715,561
"PUNJAB","LAHORE","SHEIKHUPURA","SHARAK PUR","TEHSIL","Self care etc",4471,2363,2108,3461,1847,1614,1010,516,494
"PUNJAB","LAHORE","SHEIKHUPURA","SHEIKHUPURA","TEHSIL","Population",1780837,915606,865231,1027950,532293,495657,752887,383313,369574
"PUNJAB","LAHORE","SHEIKHUPURA","SHEIKHUPURA","TEHSIL","Disability",40940,22358,18582,19344,10711,8633,21596,11647,9949
"PUNJAB","LAHORE","SHEIKHUPURA","SHEIKHUPURA","TEHSIL","Functional limitation",144139,71464,72675,78103,38985,39118,66036,32479,33557
"PUNJAB","LAHORE","SHEIKHUPURA","SHEIKHUPURA","TEHSIL","Seeing",26639,13307,13332,15180,7631,7549,11459,5676,5783
"PUNJAB","LAHORE","SHEIKHUPURA","SHEIKHUPURA","TEHSIL","Hearing",29735,14653,15082,16587,8244,8343,13148,6409,6739
"PUNJAB","LAHORE","SHEIKHUPURA","SHEIKHUPURA","TEHSIL","Walking/ Climbing",48205,24499,23706,26118,13380,12738,22087,11119,10968
"PUNJAB","LAHORE","SHEIKHUPURA","SHEIKHUPURA","TEHSIL","Communication",15240,8050,7190,8177,4386,3791,7063,3664,3399
"PUNJAB","LAHORE","SHEIKHUPURA","SHEIKHUPURA","TEHSIL","Memorization/ Focus",21170,10820,10350,11583,5962,5621,9587,4858,4729
"PUNJAB","LAHORE","SHEIKHUPURA","SHEIKHUPURA","TEHSIL","Self care etc",15766,7672,8094,8182,3993,4189,7584,3679,3905
"PUNJAB","GUJRANWALA","SIALKOT","DASKA","TEHSIL","Population",980495,496973,483522,721177,365134,356043,259318,131839,127479
"PUNJAB","GUJRANWALA","SIALKOT","DASKA","TEHSIL","Disability",25664,14477,11187,18482,10424,8058,7182,4053,3129
"PUNJAB","GUJRANWALA","SIALKOT","DASKA","TEHSIL","Functional limitation",76793,42355,34438,55856,30772,25084,20937,11583,9354
"PUNJAB","GUJRANWALA","SIALKOT","DASKA","TEHSIL","Seeing",14629,8093,6536,10953,6046,4907,3676,2047,1629
"PUNJAB","GUJRANWALA","SIALKOT","DASKA","TEHSIL","Hearing",15742,8843,6899,11656,6557,5099,4086,2286,1800
"PUNJAB","GUJRANWALA","SIALKOT","DASKA","TEHSIL","Walking/ Climbing",26511,14831,11680,18953,10563,8390,7558,4268,3290
"PUNJAB","GUJRANWALA","SIALKOT","DASKA","TEHSIL","Communication",8696,5088,3608,6656,3883,2773,2040,1205,835
"PUNJAB","GUJRANWALA","SIALKOT","DASKA","TEHSIL","Memorization/ Focus",11401,6346,5055,8025,4477,3548,3376,1869,1507
"PUNJAB","GUJRANWALA","SIALKOT","DASKA","TEHSIL","Self care etc",8553,4592,3961,6301,3393,2908,2252,1199,1053
"PUNJAB","GUJRANWALA","SIALKOT","PASRUR","TEHSIL","Population",970043,490148,479895,838242,422890,415352,131801,67258,64543
"PUNJAB","GUJRANWALA","SIALKOT","PASRUR","TEHSIL","Disability",22398,12699,9699,19145,10820,8325,3253,1879,1374
"PUNJAB","GUJRANWALA","SIALKOT","PASRUR","TEHSIL","Functional limitation",70664,38851,31813,60644,33308,27336,10020,5543,4477
"PUNJAB","GUJRANWALA","SIALKOT","PASRUR","TEHSIL","Seeing",13082,7275,5807,11250,6279,4971,1832,996,836
"PUNJAB","GUJRANWALA","SIALKOT","PASRUR","TEHSIL","Hearing",14497,8013,6484,12491,6904,5587,2006,1109,897
"PUNJAB","GUJRANWALA","SIALKOT","PASRUR","TEHSIL","Walking/ Climbing",24187,13591,10596,20844,11733,9111,3343,1858,1485
"PUNJAB","GUJRANWALA","SIALKOT","PASRUR","TEHSIL","Communication",9053,4976,4077,7575,4123,3452,1478,853,625
"PUNJAB","GUJRANWALA","SIALKOT","PASRUR","TEHSIL","Memorization/ Focus",11560,6551,5009,10081,5656,4425,1479,895,584
"PUNJAB","GUJRANWALA","SIALKOT","PASRUR","TEHSIL","Self care etc",7450,4109,3341,6505,3599,2906,945,510,435
"PUNJAB","GUJRANWALA","SIALKOT","SAMBRIAL","TEHSIL","Population",460280,231557,228723,318373,159363,159010,141907,72194,69713
"PUNJAB","GUJRANWALA","SIALKOT","SAMBRIAL","TEHSIL","Disability",20730,11041,9689,17635,9481,8154,3095,1560,1535
"PUNJAB","GUJRANWALA","SIALKOT","SAMBRIAL","TEHSIL","Functional limitation",45443,24580,20863,34940,18903,16037,10503,5677,4826
"PUNJAB","GUJRANWALA","SIALKOT","SAMBRIAL","TEHSIL","Seeing",7016,3919,3097,5145,2863,2282,1871,1056,815
"PUNJAB","GUJRANWALA","SIALKOT","SAMBRIAL","TEHSIL","Hearing",8351,4446,3905,6382,3324,3058,1969,1122,847
"PUNJAB","GUJRANWALA","SIALKOT","SAMBRIAL","TEHSIL","Walking/ Climbing",13099,7152,5947,9564,5134,4430,3535,2018,1517
"PUNJAB","GUJRANWALA","SIALKOT","SAMBRIAL","TEHSIL","Communication",6679,3841,2838,5407,3254,2153,1272,587,685
"PUNJAB","GUJRANWALA","SIALKOT","SAMBRIAL","TEHSIL","Memorization/ Focus",7701,4194,3507,6107,3383,2724,1594,811,783
"PUNJAB","GUJRANWALA","SIALKOT","SAMBRIAL","TEHSIL","Self care etc",5915,3069,2846,4881,2481,2400,1034,588,446
"PUNJAB","GUJRANWALA","SIALKOT","SIALKOT","TEHSIL","Population",2061644,1047193,1014451,1139295,572157,567138,922349,475036,447313
"PUNJAB","GUJRANWALA","SIALKOT","SIALKOT","TEHSIL","Disability",59933,33741,26192,38284,20851,17433,21649,12890,8759
"PUNJAB","GUJRANWALA","SIALKOT","SIALKOT","TEHSIL","Functional limitation",167649,92681,74968,96483,52432,44051,71166,40249,30917
"PUNJAB","GUJRANWALA","SIALKOT","SIALKOT","TEHSIL","Seeing",31312,17526,13786,18635,10333,8302,12677,7193,5484
"PUNJAB","GUJRANWALA","SIALKOT","SIALKOT","TEHSIL","Hearing",32774,18054,14720,18689,10111,8578,14085,7943,6142
"PUNJAB","GUJRANWALA","SIALKOT","SIALKOT","TEHSIL","Walking/ Climbing",56968,31623,25345,33283,18193,15090,23685,13430,10255
"PUNJAB","GUJRANWALA","SIALKOT","SIALKOT","TEHSIL","Communication",17658,10090,7568,10204,5706,4498,7454,4384,3070
"PUNJAB","GUJRANWALA","SIALKOT","SIALKOT","TEHSIL","Memorization/ Focus",23925,13421,10504,13255,7302,5953,10670,6119,4551
"PUNJAB","GUJRANWALA","SIALKOT","SIALKOT","TEHSIL","Self care etc",19123,10505,8618,10547,5694,4853,8576,4811,3765
"PUNJAB","FAISALABAD","TOBA TEK SINGH","GOJRA","TEHSIL","Population",755579,388022,367557,541230,277924,263306,214349,110098,104251
"PUNJAB","FAISALABAD","TOBA TEK SINGH","GOJRA","TEHSIL","Disability",26671,15467,11204,19865,11532,8333,6806,3935,2871
"PUNJAB","FAISALABAD","TOBA TEK SINGH","GOJRA","TEHSIL","Functional limitation",89127,49474,39653,65134,36158,28976,23993,13316,10677
"PUNJAB","FAISALABAD","TOBA TEK SINGH","GOJRA","TEHSIL","Seeing",15980,8769,7211,11496,6301,5195,4484,2468,2016
"PUNJAB","FAISALABAD","TOBA TEK SINGH","GOJRA","TEHSIL","Hearing",17781,9900,7881,12794,7125,5669,4987,2775,2212
"PUNJAB","FAISALABAD","TOBA TEK SINGH","GOJRA","TEHSIL","Walking/ Climbing",29369,16342,13027,21460,11952,9508,7909,4390,3519
"PUNJAB","FAISALABAD","TOBA TEK SINGH","GOJRA","TEHSIL","Communication",9109,5203,3906,6656,3794,2862,2453,1409,1044
"PUNJAB","FAISALABAD","TOBA TEK SINGH","GOJRA","TEHSIL","Memorization/ Focus",13028,7349,5679,9465,5342,4123,3563,2007,1556
"PUNJAB","FAISALABAD","TOBA TEK SINGH","GOJRA","TEHSIL","Self care etc",10184,5686,4498,7458,4169,3289,2726,1517,1209
"PUNJAB","FAISALABAD","TOBA TEK SINGH","KAMALIA","TEHSIL","Population",422477,216600,205877,255860,131277,124583,166617,85323,81294
"PUNJAB","FAISALABAD","TOBA TEK SINGH","KAMALIA","TEHSIL","Disability",28183,14778,13405,19814,10039,9775,8369,4739,3630
"PUNJAB","FAISALABAD","TOBA TEK SINGH","KAMALIA","TEHSIL","Functional limitation",62024,33127,28897,40094,21063,19031,21930,12064,9866
"PUNJAB","FAISALABAD","TOBA TEK SINGH","KAMALIA","TEHSIL","Seeing",11357,6181,5176,7354,3980,3374,4003,2201,1802
"PUNJAB","FAISALABAD","TOBA TEK SINGH","KAMALIA","TEHSIL","Hearing",12675,6852,5823,7552,4084,3468,5123,2768,2355
"PUNJAB","FAISALABAD","TOBA TEK SINGH","KAMALIA","TEHSIL","Walking/ Climbing",16705,9001,7704,10915,5780,5135,5790,3221,2569
"PUNJAB","FAISALABAD","TOBA TEK SINGH","KAMALIA","TEHSIL","Communication",8021,4399,3622,4964,2616,2348,3057,1783,1274
"PUNJAB","FAISALABAD","TOBA TEK SINGH","KAMALIA","TEHSIL","Memorization/ Focus",9905,5299,4606,6151,3158,2993,3754,2141,1613
"PUNJAB","FAISALABAD","TOBA TEK SINGH","KAMALIA","TEHSIL","Self care etc",7591,3968,3623,5097,2626,2471,2494,1342,1152
"PUNJAB","FAISALABAD","TOBA TEK SINGH","PIRMAHAL","TEHSIL","Population",496636,255302,241334,437179,224590,212589,59457,30712,28745
"PUNJAB","FAISALABAD","TOBA TEK SINGH","PIRMAHAL","TEHSIL","Disability",15897,9246,6651,14558,8474,6084,1339,772,567
"PUNJAB","FAISALABAD","TOBA TEK SINGH","PIRMAHAL","TEHSIL","Functional limitation",54469,30255,24214,48469,26933,21536,6000,3322,2678
"PUNJAB","FAISALABAD","TOBA TEK SINGH","PIRMAHAL","TEHSIL","Seeing",10052,5564,4488,8957,4966,3991,1095,598,497
"PUNJAB","FAISALABAD","TOBA TEK SINGH","PIRMAHAL","TEHSIL","Hearing",11132,6202,4930,9912,5520,4392,1220,682,538
"PUNJAB","FAISALABAD","TOBA TEK SINGH","PIRMAHAL","TEHSIL","Walking/ Climbing",18292,10206,8086,16293,9106,7187,1999,1100,899
"PUNJAB","FAISALABAD","TOBA TEK SINGH","PIRMAHAL","TEHSIL","Communication",5890,3403,2487,5318,3084,2234,572,319,253
"PUNJAB","FAISALABAD","TOBA TEK SINGH","PIRMAHAL","TEHSIL","Memorization/ Focus",8103,4564,3539,7238,4089,3149,865,475,390
"PUNJAB","FAISALABAD","TOBA TEK SINGH","PIRMAHAL","TEHSIL","Self care etc",5974,3302,2672,5333,2943,2390,641,359,282
"PUNJAB","FAISALABAD","TOBA TEK SINGH","TOBA TEK SINGH","TEHSIL","Population",849352,435958,413394,726250,373294,352956,123102,62664,60438
"PUNJAB","FAISALABAD","TOBA TEK SINGH","TOBA TEK SINGH","TEHSIL","Disability",30540,17529,13011,24899,14332,10567,5641,3197,2444
"PUNJAB","FAISALABAD","TOBA TEK SINGH","TOBA TEK SINGH","TEHSIL","Functional limitation",101860,56060,45800,85821,47278,38543,16039,8782,7257
"PUNJAB","FAISALABAD","TOBA TEK SINGH","TOBA TEK SINGH","TEHSIL","Seeing",18810,10240,8570,15942,8685,7257,2868,1555,1313
"PUNJAB","FAISALABAD","TOBA TEK SINGH","TOBA TEK SINGH","TEHSIL","Hearing",20572,11391,9181,17358,9618,7740,3214,1773,1441
"PUNJAB","FAISALABAD","TOBA TEK SINGH","TOBA TEK SINGH","TEHSIL","Walking/ Climbing",33666,18613,15053,28280,15656,12624,5386,2957,2429
"PUNJAB","FAISALABAD","TOBA TEK SINGH","TOBA TEK SINGH","TEHSIL","Communication",10414,5918,4496,8616,4918,3698,1798,1000,798
"PUNJAB","FAISALABAD","TOBA TEK SINGH","TOBA TEK SINGH","TEHSIL","Memorization/ Focus",14813,8274,6539,12369,6925,5444,2444,1349,1095
"PUNJAB","FAISALABAD","TOBA TEK SINGH","TOBA TEK SINGH","TEHSIL","Self care etc",11354,6254,5100,9480,5225,4255,1874,1029,845
"PUNJAB","MULTAN","VEHARI","BUREWALA","TEHSIL","Population",1203944,605630,598314,842323,424800,417523,361621,180830,180791
"PUNJAB","MULTAN","VEHARI","BUREWALA","TEHSIL","Disability",23544,13052,10492,16342,9105,7237,7202,3947,3255
"PUNJAB","MULTAN","VEHARI","BUREWALA","TEHSIL","Functional limitation",75390,39907,35483,53408,28321,25087,21982,11586,10396
"PUNJAB","MULTAN","VEHARI","BUREWALA","TEHSIL","Seeing",14482,7741,6741,10407,5562,4845,4075,2179,1896
"PUNJAB","MULTAN","VEHARI","BUREWALA","TEHSIL","Hearing",16506,8733,7773,11811,6250,5561,4695,2483,2212
"PUNJAB","MULTAN","VEHARI","BUREWALA","TEHSIL","Walking/ Climbing",25984,14148,11836,18461,10078,8383,7523,4070,3453
"PUNJAB","MULTAN","VEHARI","BUREWALA","TEHSIL","Communication",9858,5527,4331,6970,3912,3058,2888,1615,1273
"PUNJAB","MULTAN","VEHARI","BUREWALA","TEHSIL","Memorization/ Focus",12391,6691,5700,8811,4763,4048,3580,1928,1652
"PUNJAB","MULTAN","VEHARI","BUREWALA","TEHSIL","Self care etc",8047,4148,3899,5669,2924,2745,2378,1224,1154
"PUNJAB","MULTAN","VEHARI","MAILSI","TEHSIL","Population",1118673,566730,551943,908099,459538,448561,210574,107192,103382
"PUNJAB","MULTAN","VEHARI","MAILSI","TEHSIL","Disability",18673,10278,8395,15344,8491,6853,3329,1787,1542
"PUNJAB","MULTAN","VEHARI","MAILSI","TEHSIL","Functional limitation",65431,34267,31164,53452,27991,25461,11979,6276,5703
"PUNJAB","MULTAN","VEHARI","MAILSI","TEHSIL","Seeing",12382,6514,5868,10189,5371,4818,2193,1143,1050
"PUNJAB","MULTAN","VEHARI","MAILSI","TEHSIL","Hearing",14189,7444,6745,11581,6077,5504,2608,1367,1241
"PUNJAB","MULTAN","VEHARI","MAILSI","TEHSIL","Walking/ Climbing",22111,11838,10273,18068,9657,8411,4043,2181,1862
"PUNJAB","MULTAN","VEHARI","MAILSI","TEHSIL","Communication",8077,4516,3561,6610,3703,2907,1467,813,654
"PUNJAB","MULTAN","VEHARI","MAILSI","TEHSIL","Memorization/ Focus",10521,5579,4942,8617,4578,4039,1904,1001,903
"PUNJAB","MULTAN","VEHARI","MAILSI","TEHSIL","Self care etc",6896,3513,3383,5612,2859,2753,1284,654,630
"PUNJAB","MULTAN","VEHARI","VEHARI","TEHSIL","Population",1105574,561744,543830,895305,455517,439788,210269,106227,104042
"PUNJAB","MULTAN","VEHARI","VEHARI","TEHSIL","Disability",37970,19820,18150,35378,18347,17031,2592,1473,1119
"PUNJAB","MULTAN","VEHARI","VEHARI","TEHSIL","Functional limitation",83093,43170,39923,71956,37247,34709,11137,5923,5214
"PUNJAB","MULTAN","VEHARI","VEHARI","TEHSIL","Seeing",14998,7830,7168,12594,6558,6036,2404,1272,1132
"PUNJAB","MULTAN","VEHARI","VEHARI","TEHSIL","Hearing",17640,9251,8389,15072,7884,7188,2568,1367,1201
"PUNJAB","MULTAN","VEHARI","VEHARI","TEHSIL","Walking/ Climbing",24413,13029,11384,20537,10964,9573,3876,2065,1811
"PUNJAB","MULTAN","VEHARI","VEHARI","TEHSIL","Communication",12381,6608,5773,10912,5784,5128,1469,824,645
"PUNJAB","MULTAN","VEHARI","VEHARI","TEHSIL","Memorization/ Focus",13672,7167,6505,11772,6147,5625,1900,1020,880
"PUNJAB","MULTAN","VEHARI","VEHARI","TEHSIL","Self care etc",9783,4920,4863,8685,4349,4336,1098,571,527
"SINDH","HYDERABAD","BADIN","BADIN","TALUKA","Population",488722,254897,233825,347159,181564,165595,141563,73333,68230
"SINDH","HYDERABAD","BADIN","BADIN","TALUKA","Disability",7137,4230,2907,5240,3110,2130,1897,1120,777
"SINDH","HYDERABAD","BADIN","BADIN","TALUKA","Functional limitation",35731,20166,15565,25524,14381,11143,10207,5785,4422
"SINDH","HYDERABAD","BADIN","BADIN","TALUKA","Seeing",7531,4231,3300,5369,2995,2374,2162,1236,926
"SINDH","HYDERABAD","BADIN","BADIN","TALUKA","Hearing",8175,4647,3528,5876,3327,2549,2299,1320,979
"SINDH","HYDERABAD","BADIN","BADIN","TALUKA","Walking/ Climbing",12034,6783,5251,8534,4816,3718,3500,1967,1533
"SINDH","HYDERABAD","BADIN","BADIN","TALUKA","Communication",4255,2526,1729,3017,1788,1229,1238,738,500
"SINDH","HYDERABAD","BADIN","BADIN","TALUKA","Memorization/ Focus",5730,3317,2413,4087,2368,1719,1643,949,694
"SINDH","HYDERABAD","BADIN","BADIN","TALUKA","Self care etc",3433,1900,1533,2474,1361,1113,959,539,420
"SINDH","HYDERABAD","BADIN","GOLARCHI (S.F.RAHU)","TALUKA","Population",374854,195989,178865,317766,166141,151625,57088,29848,27240
"SINDH","HYDERABAD","BADIN","GOLARCHI (S.F.RAHU)","TALUKA","Disability",7272,3938,3334,6289,3416,2873,983,522,461
"SINDH","HYDERABAD","BADIN","GOLARCHI (S.F.RAHU)","TALUKA","Functional limitation",28145,15570,12575,24075,13316,10759,4070,2254,1816
"SINDH","HYDERABAD","BADIN","GOLARCHI (S.F.RAHU)","TALUKA","Seeing",5769,3253,2516,4918,2779,2139,851,474,377
"SINDH","HYDERABAD","BADIN","GOLARCHI (S.F.RAHU)","TALUKA","Hearing",6232,3531,2701,5326,3014,2312,906,517,389
"SINDH","HYDERABAD","BADIN","GOLARCHI (S.F.RAHU)","TALUKA","Walking/ Climbing",8998,5023,3975,7685,4279,3406,1313,744,569
"SINDH","HYDERABAD","BADIN","GOLARCHI (S.F.RAHU)","TALUKA","Communication",3121,1640,1481,2471,1374,1097,650,266,384
"SINDH","HYDERABAD","BADIN","GOLARCHI (S.F.RAHU)","TALUKA","Memorization/ Focus",4486,2481,2005,3705,2003,1702,781,478,303
"SINDH","HYDERABAD","BADIN","GOLARCHI (S.F.RAHU)","TALUKA","Self care etc",3081,1678,1403,2649,1405,1244,432,273,159
"SINDH","HYDERABAD","BADIN","MATLI","TALUKA","Population",471100,244702,226398,359737,186688,173049,111363,58014,53349
"SINDH","HYDERABAD","BADIN","MATLI","TALUKA","Disability",6343,3611,2732,4583,2587,1996,1760,1024,736
"SINDH","HYDERABAD","BADIN","MATLI","TALUKA","Functional limitation",34649,19085,15564,25437,13941,11496,9212,5144,4068
"SINDH","HYDERABAD","BADIN","MATLI","TALUKA","Seeing",7388,4035,3353,5331,2903,2428,2057,1132,925
"SINDH","HYDERABAD","BADIN","MATLI","TALUKA","Hearing",7807,4289,3518,5790,3161,2629,2017,1128,889
"SINDH","HYDERABAD","BADIN","MATLI","TALUKA","Walking/ Climbing",11531,6389,5142,8447,4660,3787,3084,1729,1355
"SINDH","HYDERABAD","BADIN","MATLI","TALUKA","Communication",3799,2174,1625,2811,1601,1210,988,573,415
"SINDH","HYDERABAD","BADIN","MATLI","TALUKA","Memorization/ Focus",5520,3096,2424,4033,2261,1772,1487,835,652
"SINDH","HYDERABAD","BADIN","MATLI","TALUKA","Self care etc",3364,1820,1544,2462,1315,1147,902,505,397
"SINDH","HYDERABAD","BADIN","TALHAR","TALUKA","Population",184206,94972,89234,135462,69861,65601,48744,25111,23633
"SINDH","HYDERABAD","BADIN","TALHAR","TALUKA","Disability",12583,6435,6148,10343,5322,5021,2240,1113,1127
"SINDH","HYDERABAD","BADIN","TALHAR","TALUKA","Functional limitation",23379,12397,10982,18150,9626,8524,5229,2771,2458
"SINDH","HYDERABAD","BADIN","TALHAR","TALUKA","Seeing",4022,2063,1959,3165,1665,1500,857,398,459
"SINDH","HYDERABAD","BADIN","TALHAR","TALUKA","Hearing",4296,2325,1971,3151,1670,1481,1145,655,490
"SINDH","HYDERABAD","BADIN","TALHAR","TALUKA","Walking/ Climbing",6942,3719,3223,5348,2823,2525,1594,896,698
"SINDH","HYDERABAD","BADIN","TALHAR","TALUKA","Communication",2800,1486,1314,1956,1001,955,844,485,359
"SINDH","HYDERABAD","BADIN","TALHAR","TALUKA","Memorization/ Focus",3500,1902,1598,2763,1557,1206,737,345,392
"SINDH","HYDERABAD","BADIN","TALHAR","TALUKA","Self care etc",2922,1551,1371,2495,1327,1168,427,224,203
"SINDH","HYDERABAD","BADIN","TANDO BAGO","TALUKA","Population",426535,221570,204965,356443,185490,170953,70092,36080,34012
"SINDH","HYDERABAD","BADIN","TANDO BAGO","TALUKA","Disability",6119,3571,2548,5027,2984,2043,1092,587,505
"SINDH","HYDERABAD","BADIN","TANDO BAGO","TALUKA","Functional limitation",30784,17139,13645,25312,14142,11170,5472,2997,2475
"SINDH","HYDERABAD","BADIN","TANDO BAGO","TALUKA","Seeing",6227,3457,2770,5198,2880,2318,1029,577,452
"SINDH","HYDERABAD","BADIN","TANDO BAGO","TALUKA","Hearing",6979,3867,3112,5741,3198,2543,1238,669,569
"SINDH","HYDERABAD","BADIN","TANDO BAGO","TALUKA","Walking/ Climbing",10258,5696,4562,8518,4755,3763,1740,941,799
"SINDH","HYDERABAD","BADIN","TANDO BAGO","TALUKA","Communication",3452,2095,1357,2887,1766,1121,565,329,236
"SINDH","HYDERABAD","BADIN","TANDO BAGO","TALUKA","Memorization/ Focus",4798,2679,2119,3945,2201,1744,853,478,375
"SINDH","HYDERABAD","BADIN","TANDO BAGO","TALUKA","Self care etc",3030,1659,1371,2473,1357,1116,557,302,255
"SINDH","HYDERABAD","DADU","DADU","TALUKA","Population",508607,257700,250907,307590,156224,151366,201017,101476,99541
"SINDH","HYDERABAD","DADU","DADU","TALUKA","Disability",4845,3040,1805,2965,1871,1094,1880,1169,711
"SINDH","HYDERABAD","DADU","DADU","TALUKA","Functional limitation",25124,11186,13938,14879,6666,8213,10245,4520,5725
"SINDH","HYDERABAD","DADU","DADU","TALUKA","Seeing",5092,2311,2781,2987,1352,1635,2105,959,1146
"SINDH","HYDERABAD","DADU","DADU","TALUKA","Hearing",5722,2472,3250,3334,1452,1882,2388,1020,1368
"SINDH","HYDERABAD","DADU","DADU","TALUKA","Walking/ Climbing",8524,4087,4437,5038,2413,2625,3486,1674,1812
"SINDH","HYDERABAD","DADU","DADU","TALUKA","Communication",2982,1500,1482,1712,879,833,1270,621,649
"SINDH","HYDERABAD","DADU","DADU","TALUKA","Memorization/ Focus",4077,1920,2157,2322,1087,1235,1755,833,922
"SINDH","HYDERABAD","DADU","DADU","TALUKA","Self care etc",2461,1056,1405,1464,634,830,997,422,575
"SINDH","HYDERABAD","DADU","JOHI","TALUKA","Population",333179,170017,163162,293093,149674,143419,40086,20343,19743
"SINDH","HYDERABAD","DADU","JOHI","TALUKA","Disability",11311,6559,4752,10398,6012,4386,913,547,366
"SINDH","HYDERABAD","DADU","JOHI","TALUKA","Functional limitation",24965,11910,13055,22499,10767,11732,2466,1143,1323
"SINDH","HYDERABAD","DADU","JOHI","TALUKA","Seeing",4153,1899,2254,3762,1726,2036,391,173,218
"SINDH","HYDERABAD","DADU","JOHI","TALUKA","Hearing",4918,2228,2690,4420,1994,2426,498,234,264
"SINDH","HYDERABAD","DADU","JOHI","TALUKA","Walking/ Climbing",7511,3694,3817,6753,3309,3444,758,385,373
"SINDH","HYDERABAD","DADU","JOHI","TALUKA","Communication",3337,1825,1512,2882,1607,1275,455,218,237
"SINDH","HYDERABAD","DADU","JOHI","TALUKA","Memorization/ Focus",4041,2037,2004,3603,1814,1789,438,223,215
"SINDH","HYDERABAD","DADU","JOHI","TALUKA","Self care etc",3147,1505,1642,2933,1431,1502,214,74,140
"SINDH","HYDERABAD","DADU","KHAIRPUR NATHAN SHAH","TALUKA","Population",379962,192059,187903,296429,150281,146148,83533,41778,41755
"SINDH","HYDERABAD","DADU","KHAIRPUR NATHAN SHAH","TALUKA","Disability",8495,4884,3611,4298,2473,1825,4197,2411,1786
"SINDH","HYDERABAD","DADU","KHAIRPUR NATHAN SHAH","TALUKA","Functional limitation",23356,10613,12743,15836,6879,8957,7520,3734,3786
"SINDH","HYDERABAD","DADU","KHAIRPUR NATHAN SHAH","TALUKA","Seeing",4820,2314,2506,3472,1636,1836,1348,678,670
"SINDH","HYDERABAD","DADU","KHAIRPUR NATHAN SHAH","TALUKA","Hearing",4944,2210,2734,3623,1574,2049,1321,636,685
"SINDH","HYDERABAD","DADU","KHAIRPUR NATHAN SHAH","TALUKA","Walking/ Climbing",7975,3904,4071,5334,2534,2800,2641,1370,1271
"SINDH","HYDERABAD","DADU","KHAIRPUR NATHAN SHAH","TALUKA","Communication",2683,1289,1394,1926,897,1029,757,392,365
"SINDH","HYDERABAD","DADU","KHAIRPUR NATHAN SHAH","TALUKA","Memorization/ Focus",3453,1614,1839,2419,1120,1299,1034,494,540
"SINDH","HYDERABAD","DADU","KHAIRPUR NATHAN SHAH","TALUKA","Self care etc",2323,999,1324,1448,578,870,875,421,454
"SINDH","HYDERABAD","DADU","MEHAR","TALUKA","Population",520559,264097,256462,406174,206725,199449,114385,57372,57013
"SINDH","HYDERABAD","DADU","MEHAR","TALUKA","Disability",4945,3008,1937,3859,2323,1536,1086,685,401
"SINDH","HYDERABAD","DADU","MEHAR","TALUKA","Functional limitation",24534,10601,13933,18929,8182,10747,5605,2419,3186
"SINDH","HYDERABAD","DADU","MEHAR","TALUKA","Seeing",5170,2323,2847,4006,1790,2216,1164,533,631
"SINDH","HYDERABAD","DADU","MEHAR","TALUKA","Hearing",5702,2448,3254,4420,1883,2537,1282,565,717
"SINDH","HYDERABAD","DADU","MEHAR","TALUKA","Walking/ Climbing",8610,4078,4532,6675,3163,3512,1935,915,1020
"SINDH","HYDERABAD","DADU","MEHAR","TALUKA","Communication",3005,1517,1488,2336,1180,1156,669,337,332
"SINDH","HYDERABAD","DADU","MEHAR","TALUKA","Memorization/ Focus",4021,1852,2169,3089,1414,1675,932,438,494
"SINDH","HYDERABAD","DADU","MEHAR","TALUKA","Self care etc",2327,955,1372,1783,734,1049,544,221,323
"SINDH","SUKKUR","GHOTKI","DAHARKI","TALUKA","Population",335145,174439,160706,244968,127573,117395,90177,46866,43311
"SINDH","SUKKUR","GHOTKI","DAHARKI","TALUKA","Disability",5750,3245,2505,4121,2307,1814,1629,938,691
"SINDH","SUKKUR","GHOTKI","DAHARKI","TALUKA","Functional limitation",26605,13509,13096,18953,9572,9381,7652,3937,3715
"SINDH","SUKKUR","GHOTKI","DAHARKI","TALUKA","Seeing",5006,2570,2436,3493,1807,1686,1513,763,750
"SINDH","SUKKUR","GHOTKI","DAHARKI","TALUKA","Hearing",5747,2974,2773,3986,2015,1971,1761,959,802
"SINDH","SUKKUR","GHOTKI","DAHARKI","TALUKA","Walking/ Climbing",8506,4458,4048,5897,3024,2873,2609,1434,1175
"SINDH","SUKKUR","GHOTKI","DAHARKI","TALUKA","Communication",3188,1672,1516,2200,1213,987,988,459,529
"SINDH","SUKKUR","GHOTKI","DAHARKI","TALUKA","Memorization/ Focus",4204,2144,2060,3028,1556,1472,1176,588,588
"SINDH","SUKKUR","GHOTKI","DAHARKI","TALUKA","Self care etc",2676,1274,1402,2019,954,1065,657,320,337
"SINDH","SUKKUR","GHOTKI","GHOTKI","TALUKA","Population",540939,280914,260025,410014,213041,196973,130925,67873,63052
"SINDH","SUKKUR","GHOTKI","GHOTKI","TALUKA","Disability",9794,4759,5035,8426,3962,4464,1368,797,571
"SINDH","SUKKUR","GHOTKI","GHOTKI","TALUKA","Functional limitation",43059,21298,21761,32995,16207,16788,10064,5091,4973
"SINDH","SUKKUR","GHOTKI","GHOTKI","TALUKA","Seeing",8087,4111,3976,6073,3070,3003,2014,1041,973
"SINDH","SUKKUR","GHOTKI","GHOTKI","TALUKA","Hearing",9221,4705,4516,6895,3509,3386,2326,1196,1130
"SINDH","SUKKUR","GHOTKI","GHOTKI","TALUKA","Walking/ Climbing",14531,7341,7190,11113,5566,5547,3418,1775,1643
"SINDH","SUKKUR","GHOTKI","GHOTKI","TALUKA","Communication",4754,2529,2225,3660,1908,1752,1094,621,473
"SINDH","SUKKUR","GHOTKI","GHOTKI","TALUKA","Memorization/ Focus",6392,3283,3109,4836,2446,2390,1556,837,719
"SINDH","SUKKUR","GHOTKI","GHOTKI","TALUKA","Self care etc",4394,2058,2336,3439,1594,1845,955,464,491
"SINDH","SUKKUR","GHOTKI","KHANGARH","TALUKA","Population",162317,84174,78143,129670,67419,62251,32647,16755,15892
"SINDH","SUKKUR","GHOTKI","KHANGARH","TALUKA","Disability",8503,4424,4079,7214,3735,3479,1289,689,600
"SINDH","SUKKUR","GHOTKI","KHANGARH","TALUKA","Functional limitation",17665,8941,8724,14457,7334,7123,3208,1607,1601
"SINDH","SUKKUR","GHOTKI","KHANGARH","TALUKA","Seeing",3527,1788,1739,2980,1510,1470,547,278,269
"SINDH","SUKKUR","GHOTKI","KHANGARH","TALUKA","Hearing",3734,1893,1841,2992,1515,1477,742,378,364
"SINDH","SUKKUR","GHOTKI","KHANGARH","TALUKA","Walking/ Climbing",5548,2922,2626,4606,2405,2201,942,517,425
"SINDH","SUKKUR","GHOTKI","KHANGARH","TALUKA","Communication",2081,1129,952,1605,933,672,476,196,280
"SINDH","SUKKUR","GHOTKI","KHANGARH","TALUKA","Memorization/ Focus",2595,1298,1297,2040,1006,1034,555,292,263
"SINDH","SUKKUR","GHOTKI","KHANGARH","TALUKA","Self care etc",2087,1047,1040,1724,828,896,363,219,144
"SINDH","SUKKUR","GHOTKI","MIRPUR MATHELO","TALUKA","Population",350639,181706,168933,275996,142827,133169,74643,38879,35764
"SINDH","SUKKUR","GHOTKI","MIRPUR MATHELO","TALUKA","Disability",5118,2686,2432,4167,2242,1925,951,444,507
"SINDH","SUKKUR","GHOTKI","MIRPUR MATHELO","TALUKA","Functional limitation",26435,13091,13344,20503,10197,10306,5932,2894,3038
"SINDH","SUKKUR","GHOTKI","MIRPUR MATHELO","TALUKA","Seeing",5005,2435,2570,3935,1897,2038,1070,538,532
"SINDH","SUKKUR","GHOTKI","MIRPUR MATHELO","TALUKA","Hearing",6016,2936,3080,4717,2278,2439,1299,658,641
"SINDH","SUKKUR","GHOTKI","MIRPUR MATHELO","TALUKA","Walking/ Climbing",8553,4258,4295,6498,3272,3226,2055,986,1069
"SINDH","SUKKUR","GHOTKI","MIRPUR MATHELO","TALUKA","Communication",3121,1787,1334,2530,1465,1065,591,322,269
"SINDH","SUKKUR","GHOTKI","MIRPUR MATHELO","TALUKA","Memorization/ Focus",3854,2065,1789,3004,1619,1385,850,446,404
"SINDH","SUKKUR","GHOTKI","MIRPUR MATHELO","TALUKA","Self care etc",2722,1330,1392,2156,1059,1097,566,271,295
"SINDH","SUKKUR","GHOTKI","UBAURO","TALUKA","Population",371721,193456,178265,320740,167032,153708,50981,26424,24557
"SINDH","SUKKUR","GHOTKI","UBAURO","TALUKA","Disability",4498,2206,2292,3822,1825,1997,676,381,295
"SINDH","SUKKUR","GHOTKI","UBAURO","TALUKA","Functional limitation",26246,12815,13431,22308,10861,11447,3938,1954,1984
"SINDH","SUKKUR","GHOTKI","UBAURO","TALUKA","Seeing",5040,2539,2501,4300,2170,2130,740,369,371
"SINDH","SUKKUR","GHOTKI","UBAURO","TALUKA","Hearing",5748,2891,2857,4899,2469,2430,849,422,427
"SINDH","SUKKUR","GHOTKI","UBAURO","TALUKA","Walking/ Climbing",8741,4507,4234,7407,3823,3584,1334,684,650
"SINDH","SUKKUR","GHOTKI","UBAURO","TALUKA","Communication",2914,1430,1484,2498,1207,1291,416,223,193
"SINDH","SUKKUR","GHOTKI","UBAURO","TALUKA","Memorization/ Focus",3939,1887,2052,3353,1593,1760,586,294,292
"SINDH","SUKKUR","GHOTKI","UBAURO","TALUKA","Self care etc",2519,1139,1380,2155,970,1185,364,169,195
"SINDH","HYDERABAD","HYDERABAD","HYDERABAD CITY","TALUKA","Population",778132,410519,367613,NA,NA,NA,778132,410519,367613
"SINDH","HYDERABAD","HYDERABAD","HYDERABAD CITY","TALUKA","Disability",26059,12745,13314,NA,NA,NA,26059,12745,13314
"SINDH","HYDERABAD","HYDERABAD","HYDERABAD CITY","TALUKA","Functional limitation",86860,45210,41650,NA,NA,NA,86860,45210,41650
"SINDH","HYDERABAD","HYDERABAD","HYDERABAD CITY","TALUKA","Seeing",15822,8462,7360,NA,NA,NA,15822,8462,7360
"SINDH","HYDERABAD","HYDERABAD","HYDERABAD CITY","TALUKA","Hearing",17405,9267,8138,NA,NA,NA,17405,9267,8138
"SINDH","HYDERABAD","HYDERABAD","HYDERABAD CITY","TALUKA","Walking/ Climbing",29132,15250,13882,NA,NA,NA,29132,15250,13882
"SINDH","HYDERABAD","HYDERABAD","HYDERABAD CITY","TALUKA","Communication",8811,4660,4151,NA,NA,NA,8811,4660,4151
"SINDH","HYDERABAD","HYDERABAD","HYDERABAD CITY","TALUKA","Memorization/ Focus",12844,6861,5983,NA,NA,NA,12844,6861,5983
"SINDH","HYDERABAD","HYDERABAD","HYDERABAD CITY","TALUKA","Self care etc",9907,5015,4892,NA,NA,NA,9907,5015,4892
"SINDH","HYDERABAD","HYDERABAD","HYDERABAD","TALUKA","Population",511265,270161,241104,410161,216725,193436,101104,53436,47668
"SINDH","HYDERABAD","HYDERABAD","HYDERABAD","TALUKA","Disability",10877,5056,5821,8580,4024,4556,2297,1032,1265
"SINDH","HYDERABAD","HYDERABAD","HYDERABAD","TALUKA","Functional limitation",45412,22965,22447,35659,18030,17629,9753,4935,4818
"SINDH","HYDERABAD","HYDERABAD","HYDERABAD","TALUKA","Seeing",8134,4220,3914,6428,3318,3110,1706,902,804
"SINDH","HYDERABAD","HYDERABAD","HYDERABAD","TALUKA","Hearing",9234,4760,4474,7298,3747,3551,1936,1013,923
"SINDH","HYDERABAD","HYDERABAD","HYDERABAD","TALUKA","Walking/ Climbing",14675,7348,7327,11586,5727,5859,3089,1621,1468
"SINDH","HYDERABAD","HYDERABAD","HYDERABAD","TALUKA","Communication",4553,2445,2108,3649,1961,1688,904,484,420
"SINDH","HYDERABAD","HYDERABAD","HYDERABAD","TALUKA","Memorization/ Focus",6814,3601,3213,5305,2861,2444,1509,740,769
"SINDH","HYDERABAD","HYDERABAD","HYDERABAD","TALUKA","Self care etc",5368,2630,2738,4214,2115,2099,1154,515,639
"SINDH","HYDERABAD","HYDERABAD","LATIFABAD","TALUKA","Population",800983,422516,378467,NA,NA,NA,800983,422516,378467
"SINDH","HYDERABAD","HYDERABAD","LATIFABAD","TALUKA","Disability",17233,8531,8702,NA,NA,NA,17233,8531,8702
"SINDH","HYDERABAD","HYDERABAD","LATIFABAD","TALUKA","Functional limitation",77790,40564,37226,NA,NA,NA,77790,40564,37226
"SINDH","HYDERABAD","HYDERABAD","LATIFABAD","TALUKA","Seeing",15502,8184,7318,NA,NA,NA,15502,8184,7318
"SINDH","HYDERABAD","HYDERABAD","LATIFABAD","TALUKA","Hearing",16554,8752,7802,NA,NA,NA,16554,8752,7802
"SINDH","HYDERABAD","HYDERABAD","LATIFABAD","TALUKA","Walking/ Climbing",25762,13481,12281,NA,NA,NA,25762,13481,12281
"SINDH","HYDERABAD","HYDERABAD","LATIFABAD","TALUKA","Communication",7041,3854,3187,NA,NA,NA,7041,3854,3187
"SINDH","HYDERABAD","HYDERABAD","LATIFABAD","TALUKA","Memorization/ Focus",11295,6040,5255,NA,NA,NA,11295,6040,5255
"SINDH","HYDERABAD","HYDERABAD","LATIFABAD","TALUKA","Self care etc",8371,4263,4108,NA,NA,NA,8371,4263,4108
"SINDH","HYDERABAD","HYDERABAD","QASIMABAD","TALUKA","Population",342160,186252,155908,NA,NA,NA,342160,186252,155908
"SINDH","HYDERABAD","HYDERABAD","QASIMABAD","TALUKA","Disability",16455,8320,8135,NA,NA,NA,16455,8320,8135
"SINDH","HYDERABAD","HYDERABAD","QASIMABAD","TALUKA","Functional limitation",41818,21861,19957,NA,NA,NA,41818,21861,19957
"SINDH","HYDERABAD","HYDERABAD","QASIMABAD","TALUKA","Seeing",7609,4113,3496,NA,NA,NA,7609,4113,3496
"SINDH","HYDERABAD","HYDERABAD","QASIMABAD","TALUKA","Hearing",9303,4982,4321,NA,NA,NA,9303,4982,4321
"SINDH","HYDERABAD","HYDERABAD","QASIMABAD","TALUKA","Walking/ Climbing",10539,5629,4910,NA,NA,NA,10539,5629,4910
"SINDH","HYDERABAD","HYDERABAD","QASIMABAD","TALUKA","Communication",5148,2794,2354,NA,NA,NA,5148,2794,2354
"SINDH","HYDERABAD","HYDERABAD","QASIMABAD","TALUKA","Memorization/ Focus",6572,3478,3094,NA,NA,NA,6572,3478,3094
"SINDH","HYDERABAD","HYDERABAD","QASIMABAD","TALUKA","Self care etc",5235,2597,2638,NA,NA,NA,5235,2597,2638
"SINDH","LARKANA","JACOBABAD","GARHI KHAIRO","TALUKA","Population",193297,97130,96167,173290,86940,86350,20007,10190,9817
"SINDH","LARKANA","JACOBABAD","GARHI KHAIRO","TALUKA","Disability",7536,3999,3537,7244,3855,3389,292,144,148
"SINDH","LARKANA","JACOBABAD","GARHI KHAIRO","TALUKA","Functional limitation",16800,8779,8021,15627,8189,7438,1173,590,583
"SINDH","LARKANA","JACOBABAD","GARHI KHAIRO","TALUKA","Seeing",3468,1824,1644,3225,1690,1535,243,134,109
"SINDH","LARKANA","JACOBABAD","GARHI KHAIRO","TALUKA","Hearing",3531,1834,1697,3293,1710,1583,238,124,114
"SINDH","LARKANA","JACOBABAD","GARHI KHAIRO","TALUKA","Walking/ Climbing",5086,2705,2381,4707,2515,2192,379,190,189
"SINDH","LARKANA","JACOBABAD","GARHI KHAIRO","TALUKA","Communication",1972,1071,901,1869,1015,854,103,56,47
"SINDH","LARKANA","JACOBABAD","GARHI KHAIRO","TALUKA","Memorization/ Focus",2751,1470,1281,2512,1337,1175,239,133,106
"SINDH","LARKANA","JACOBABAD","GARHI KHAIRO","TALUKA","Self care etc",1963,1032,931,1825,972,853,138,60,78
"SINDH","LARKANA","JACOBABAD","JACOBABAD","TALUKA","Population",447647,227047,220600,228332,115772,112560,219315,111275,108040
"SINDH","LARKANA","JACOBABAD","JACOBABAD","TALUKA","Disability",11963,5665,6298,4094,2002,2092,7869,3663,4206
"SINDH","LARKANA","JACOBABAD","JACOBABAD","TALUKA","Functional limitation",34903,17721,17182,15205,7820,7385,19698,9901,9797
"SINDH","LARKANA","JACOBABAD","JACOBABAD","TALUKA","Seeing",6457,3318,3139,3090,1595,1495,3367,1723,1644
"SINDH","LARKANA","JACOBABAD","JACOBABAD","TALUKA","Hearing",7059,3636,3423,3313,1769,1544,3746,1867,1879
"SINDH","LARKANA","JACOBABAD","JACOBABAD","TALUKA","Walking/ Climbing",11597,5913,5684,4858,2534,2324,6739,3379,3360
"SINDH","LARKANA","JACOBABAD","JACOBABAD","TALUKA","Communication",3930,2044,1886,1757,889,868,2173,1155,1018
"SINDH","LARKANA","JACOBABAD","JACOBABAD","TALUKA","Memorization/ Focus",5344,2766,2578,2288,1172,1116,3056,1594,1462
"SINDH","LARKANA","JACOBABAD","JACOBABAD","TALUKA","Self care etc",3917,1955,1962,1527,776,751,2390,1179,1211
"SINDH","LARKANA","JACOBABAD","THUL","TALUKA","Population",533153,271719,261434,410558,209099,201459,122595,62620,59975
"SINDH","LARKANA","JACOBABAD","THUL","TALUKA","Disability",5961,3073,2888,4457,2287,2170,1504,786,718
"SINDH","LARKANA","JACOBABAD","THUL","TALUKA","Functional limitation",30843,16521,14322,23481,12590,10891,7362,3931,3431
"SINDH","LARKANA","JACOBABAD","THUL","TALUKA","Seeing",6432,3470,2962,4914,2651,2263,1518,819,699
"SINDH","LARKANA","JACOBABAD","THUL","TALUKA","Hearing",6794,3689,3105,5085,2742,2343,1709,947,762
"SINDH","LARKANA","JACOBABAD","THUL","TALUKA","Walking/ Climbing",11206,5981,5225,8647,4614,4033,2559,1367,1192
"SINDH","LARKANA","JACOBABAD","THUL","TALUKA","Communication",2922,1631,1291,2096,1167,929,826,464,362
"SINDH","LARKANA","JACOBABAD","THUL","TALUKA","Memorization/ Focus",4633,2529,2104,3396,1851,1545,1237,678,559
"SINDH","LARKANA","JACOBABAD","THUL","TALUKA","Self care etc",3132,1652,1480,2355,1245,1110,777,407,370
"SINDH","HYDERABAD","JAMSHORO","KOTRI","TALUKA","Population",472003,244147,227856,107585,56586,50999,364418,187561,176857
"SINDH","HYDERABAD","JAMSHORO","KOTRI","TALUKA","Disability",7292,4421,2871,1591,963,628,5701,3458,2243
"SINDH","HYDERABAD","JAMSHORO","KOTRI","TALUKA","Functional limitation",35625,18707,16918,7626,4018,3608,27999,14689,13310
"SINDH","HYDERABAD","JAMSHORO","KOTRI","TALUKA","Seeing",6932,3652,3280,1419,740,679,5513,2912,2601
"SINDH","HYDERABAD","JAMSHORO","KOTRI","TALUKA","Hearing",7766,4018,3748,1606,829,777,6160,3189,2971
"SINDH","HYDERABAD","JAMSHORO","KOTRI","TALUKA","Walking/ Climbing",11587,6199,5388,2453,1309,1144,9134,4890,4244
"SINDH","HYDERABAD","JAMSHORO","KOTRI","TALUKA","Communication",3484,1915,1569,659,346,313,2825,1569,1256
"SINDH","HYDERABAD","JAMSHORO","KOTRI","TALUKA","Memorization/ Focus",5383,2879,2504,1084,569,515,4299,2310,1989
"SINDH","HYDERABAD","JAMSHORO","KOTRI","TALUKA","Self care etc",3775,1951,1824,812,424,388,2963,1527,1436
"SINDH","HYDERABAD","JAMSHORO","MANJHAND","TALUKA","Population",161794,84444,77350,140203,73517,66686,21591,10927,10664
"SINDH","HYDERABAD","JAMSHORO","MANJHAND","TALUKA","Disability",2955,1620,1335,2509,1418,1091,446,202,244
"SINDH","HYDERABAD","JAMSHORO","MANJHAND","TALUKA","Functional limitation",11960,6106,5854,10176,5272,4904,1784,834,950
"SINDH","HYDERABAD","JAMSHORO","MANJHAND","TALUKA","Seeing",2288,1149,1139,1892,969,923,396,180,216
"SINDH","HYDERABAD","JAMSHORO","MANJHAND","TALUKA","Hearing",2541,1247,1294,2091,1047,1044,450,200,250
"SINDH","HYDERABAD","JAMSHORO","MANJHAND","TALUKA","Walking/ Climbing",3872,1994,1878,3246,1685,1561,626,309,317
"SINDH","HYDERABAD","JAMSHORO","MANJHAND","TALUKA","Communication",1148,676,472,938,578,360,210,98,112
"SINDH","HYDERABAD","JAMSHORO","MANJHAND","TALUKA","Memorization/ Focus",1811,955,856,1466,818,648,345,137,208
"SINDH","HYDERABAD","JAMSHORO","MANJHAND","TALUKA","Self care etc",1341,656,685,1157,575,582,184,81,103
"SINDH","HYDERABAD","JAMSHORO","SEHWAN","TALUKA","Population",321919,165811,156108,203644,104986,98658,118275,60825,57450
"SINDH","HYDERABAD","JAMSHORO","SEHWAN","TALUKA","Disability",5113,3050,2063,3278,1920,1358,1835,1130,705
"SINDH","HYDERABAD","JAMSHORO","SEHWAN","TALUKA","Functional limitation",23879,12320,11559,15006,7697,7309,8873,4623,4250
"SINDH","HYDERABAD","JAMSHORO","SEHWAN","TALUKA","Seeing",5105,2648,2457,3323,1714,1609,1782,934,848
"SINDH","HYDERABAD","JAMSHORO","SEHWAN","TALUKA","Hearing",5143,2633,2510,3239,1654,1585,1904,979,925
"SINDH","HYDERABAD","JAMSHORO","SEHWAN","TALUKA","Walking/ Climbing",8067,4310,3757,5093,2720,2373,2974,1590,1384
"SINDH","HYDERABAD","JAMSHORO","SEHWAN","TALUKA","Communication",2325,1264,1061,1492,803,689,833,461,372
"SINDH","HYDERABAD","JAMSHORO","SEHWAN","TALUKA","Memorization/ Focus",3609,1921,1688,2279,1219,1060,1330,702,628
"SINDH","HYDERABAD","JAMSHORO","SEHWAN","TALUKA","Self care etc",2395,1231,1164,1485,763,722,910,468,442
"SINDH","HYDERABAD","JAMSHORO","THANO BULA KHAN","TALUKA","Population",161500,83657,77843,144038,74532,69506,17462,9125,8337
"SINDH","HYDERABAD","JAMSHORO","THANO BULA KHAN","TALUKA","Disability",8979,5095,3884,8623,4878,3745,356,217,139
"SINDH","HYDERABAD","JAMSHORO","THANO BULA KHAN","TALUKA","Functional limitation",19293,10321,8972,17781,9534,8247,1512,787,725
"SINDH","HYDERABAD","JAMSHORO","THANO BULA KHAN","TALUKA","Seeing",3379,1794,1585,3108,1652,1456,271,142,129
"SINDH","HYDERABAD","JAMSHORO","THANO BULA KHAN","TALUKA","Hearing",3859,2026,1833,3545,1866,1679,314,160,154
"SINDH","HYDERABAD","JAMSHORO","THANO BULA KHAN","TALUKA","Walking/ Climbing",5600,3060,2540,5124,2806,2318,476,254,222
"SINDH","HYDERABAD","JAMSHORO","THANO BULA KHAN","TALUKA","Communication",2249,1219,1030,2064,1137,927,185,82,103
"SINDH","HYDERABAD","JAMSHORO","THANO BULA KHAN","TALUKA","Memorization/ Focus",2783,1471,1312,2572,1359,1213,211,112,99
"SINDH","HYDERABAD","JAMSHORO","THANO BULA KHAN","TALUKA","Self care etc",2453,1325,1128,2259,1202,1057,194,123,71
"SINDH","LARKANA","KAMBAR SHAHDAD KOT","KAMBAR ALI KHAN","TALUKA","Population",448990,234531,214459,336677,176250,160427,112313,58281,54032
"SINDH","LARKANA","KAMBAR SHAHDAD KOT","KAMBAR ALI KHAN","TALUKA","Disability",5447,2165,3282,4660,1790,2870,787,375,412
"SINDH","LARKANA","KAMBAR SHAHDAD KOT","KAMBAR ALI KHAN","TALUKA","Functional limitation",32582,20503,12079,25088,15649,9439,7494,4854,2640
"SINDH","LARKANA","KAMBAR SHAHDAD KOT","KAMBAR ALI KHAN","TALUKA","Seeing",6299,4110,2189,4746,3089,1657,1553,1021,532
"SINDH","LARKANA","KAMBAR SHAHDAD KOT","KAMBAR ALI KHAN","TALUKA","Hearing",7194,4718,2476,5431,3546,1885,1763,1172,591
"SINDH","LARKANA","KAMBAR SHAHDAD KOT","KAMBAR ALI KHAN","TALUKA","Walking/ Climbing",10257,6284,3973,7872,4772,3100,2385,1512,873
"SINDH","LARKANA","KAMBAR SHAHDAD KOT","KAMBAR ALI KHAN","TALUKA","Communication",3294,2044,1250,2559,1558,1001,735,486,249
"SINDH","LARKANA","KAMBAR SHAHDAD KOT","KAMBAR ALI KHAN","TALUKA","Memorization/ Focus",4644,2968,1676,3513,2216,1297,1131,752,379
"SINDH","LARKANA","KAMBAR SHAHDAD KOT","KAMBAR ALI KHAN","TALUKA","Self care etc",3453,2059,1394,2684,1575,1109,769,484,285
"SINDH","LARKANA","KAMBAR SHAHDAD KOT","MIRO KHAN","TALUKA","Population",182461,96093,86368,135354,71361,63993,47107,24732,22375
"SINDH","LARKANA","KAMBAR SHAHDAD KOT","MIRO KHAN","TALUKA","Disability",1489,839,650,1032,589,443,457,250,207
"SINDH","LARKANA","KAMBAR SHAHDAD KOT","MIRO KHAN","TALUKA","Functional limitation",11445,7503,3942,8450,5592,2858,2995,1911,1084
"SINDH","LARKANA","KAMBAR SHAHDAD KOT","MIRO KHAN","TALUKA","Seeing",2301,1486,815,1684,1108,576,617,378,239
"SINDH","LARKANA","KAMBAR SHAHDAD KOT","MIRO KHAN","TALUKA","Hearing",2562,1681,881,1904,1263,641,658,418,240
"SINDH","LARKANA","KAMBAR SHAHDAD KOT","MIRO KHAN","TALUKA","Walking/ Climbing",3595,2266,1329,2646,1668,978,949,598,351
"SINDH","LARKANA","KAMBAR SHAHDAD KOT","MIRO KHAN","TALUKA","Communication",1085,693,392,789,512,277,296,181,115
"SINDH","LARKANA","KAMBAR SHAHDAD KOT","MIRO KHAN","TALUKA","Memorization/ Focus",1800,1194,606,1294,871,423,506,323,183
"SINDH","LARKANA","KAMBAR SHAHDAD KOT","MIRO KHAN","TALUKA","Self care etc",1221,831,390,938,649,289,283,182,101
"SINDH","LARKANA","KAMBAR SHAHDAD KOT","NASIRABAD","TALUKA","Population",174708,91581,83127,136603,71443,65160,38105,20138,17967
"SINDH","LARKANA","KAMBAR SHAHDAD KOT","NASIRABAD","TALUKA","Disability",2416,905,1511,1849,716,1133,567,189,378
"SINDH","LARKANA","KAMBAR SHAHDAD KOT","NASIRABAD","TALUKA","Functional limitation",12974,8017,4957,10202,6324,3878,2772,1693,1079
"SINDH","LARKANA","KAMBAR SHAHDAD KOT","NASIRABAD","TALUKA","Seeing",2364,1541,823,1867,1218,649,497,323,174
"SINDH","LARKANA","KAMBAR SHAHDAD KOT","NASIRABAD","TALUKA","Hearing",2706,1819,887,2173,1460,713,533,359,174
"SINDH","LARKANA","KAMBAR SHAHDAD KOT","NASIRABAD","TALUKA","Walking/ Climbing",4063,2496,1567,3218,1942,1276,845,554,291
"SINDH","LARKANA","KAMBAR SHAHDAD KOT","NASIRABAD","TALUKA","Communication",1355,709,646,986,570,416,369,139,230
"SINDH","LARKANA","KAMBAR SHAHDAD KOT","NASIRABAD","TALUKA","Memorization/ Focus",1858,1092,766,1458,869,589,400,223,177
"SINDH","LARKANA","KAMBAR SHAHDAD KOT","NASIRABAD","TALUKA","Self care etc",1430,807,623,1183,644,539,247,163,84
"SINDH","LARKANA","KAMBAR SHAHDAD KOT","QUBO SAEED KHAN","TALUKA","Population",99308,51362,47946,68662,35528,33134,30646,15834,14812
"SINDH","LARKANA","KAMBAR SHAHDAD KOT","QUBO SAEED KHAN","TALUKA","Disability",4143,1422,2721,2488,814,1674,1655,608,1047
"SINDH","LARKANA","KAMBAR SHAHDAD KOT","QUBO SAEED KHAN","TALUKA","Functional limitation",9749,5097,4652,6250,3284,2966,3499,1813,1686
"SINDH","LARKANA","KAMBAR SHAHDAD KOT","QUBO SAEED KHAN","TALUKA","Seeing",1893,1018,875,1254,694,560,639,324,315
"SINDH","LARKANA","KAMBAR SHAHDAD KOT","QUBO SAEED KHAN","TALUKA","Hearing",2108,1088,1020,1383,730,653,725,358,367
"SINDH","LARKANA","KAMBAR SHAHDAD KOT","QUBO SAEED KHAN","TALUKA","Walking/ Climbing",2921,1579,1342,1775,1005,770,1146,574,572
"SINDH","LARKANA","KAMBAR SHAHDAD KOT","QUBO SAEED KHAN","TALUKA","Communication",1003,538,465,656,353,303,347,185,162
"SINDH","LARKANA","KAMBAR SHAHDAD KOT","QUBO SAEED KHAN","TALUKA","Memorization/ Focus",1377,760,617,920,502,418,457,258,199
"SINDH","LARKANA","KAMBAR SHAHDAD KOT","QUBO SAEED KHAN","TALUKA","Self care etc",1231,562,669,828,334,494,403,228,175
"SINDH","LARKANA","KAMBAR SHAHDAD KOT","SHAHDAD KOT","TALUKA","Population",225086,117547,107539,104399,54827,49572,120687,62720,57967
"SINDH","LARKANA","KAMBAR SHAHDAD KOT","SHAHDAD KOT","TALUKA","Disability",2178,1212,966,893,451,442,1285,761,524
"SINDH","LARKANA","KAMBAR SHAHDAD KOT","SHAHDAD KOT","TALUKA","Functional limitation",15368,10086,5282,7093,4603,2490,8275,5483,2792
"SINDH","LARKANA","KAMBAR SHAHDAD KOT","SHAHDAD KOT","TALUKA","Seeing",3307,2151,1156,1451,928,523,1856,1223,633
"SINDH","LARKANA","KAMBAR SHAHDAD KOT","SHAHDAD KOT","TALUKA","Hearing",3692,2451,1241,1743,1142,601,1949,1309,640
"SINDH","LARKANA","KAMBAR SHAHDAD KOT","SHAHDAD KOT","TALUKA","Walking/ Climbing",4938,3058,1880,2220,1372,848,2718,1686,1032
"SINDH","LARKANA","KAMBAR SHAHDAD KOT","SHAHDAD KOT","TALUKA","Communication",1742,1174,568,796,515,281,946,659,287
"SINDH","LARKANA","KAMBAR SHAHDAD KOT","SHAHDAD KOT","TALUKA","Memorization/ Focus",2470,1594,876,1098,686,412,1372,908,464
"SINDH","LARKANA","KAMBAR SHAHDAD KOT","SHAHDAD KOT","TALUKA","Self care etc",1432,938,494,707,452,255,725,486,239
"SINDH","LARKANA","KAMBAR SHAHDAD KOT","SUJAWAL JUNEJO","TALUKA","Population",130635,67879,62756,130635,67879,62756,NA,NA,NA
"SINDH","LARKANA","KAMBAR SHAHDAD KOT","SUJAWAL JUNEJO","TALUKA","Disability",2186,611,1575,2186,611,1575,NA,NA,NA
"SINDH","LARKANA","KAMBAR SHAHDAD KOT","SUJAWAL JUNEJO","TALUKA","Functional limitation",9703,5624,4079,9703,5624,4079,NA,NA,NA
"SINDH","LARKANA","KAMBAR SHAHDAD KOT","SUJAWAL JUNEJO","TALUKA","Seeing",1918,1189,729,1918,1189,729,NA,NA,NA
"SINDH","LARKANA","KAMBAR SHAHDAD KOT","SUJAWAL JUNEJO","TALUKA","Hearing",2190,1332,858,2190,1332,858,NA,NA,NA
"SINDH","LARKANA","KAMBAR SHAHDAD KOT","SUJAWAL JUNEJO","TALUKA","Walking/ Climbing",2775,1705,1070,2775,1705,1070,NA,NA,NA
"SINDH","LARKANA","KAMBAR SHAHDAD KOT","SUJAWAL JUNEJO","TALUKA","Communication",1298,600,698,1298,600,698,NA,NA,NA
"SINDH","LARKANA","KAMBAR SHAHDAD KOT","SUJAWAL JUNEJO","TALUKA","Memorization/ Focus",1516,793,723,1516,793,723,NA,NA,NA
"SINDH","LARKANA","KAMBAR SHAHDAD KOT","SUJAWAL JUNEJO","TALUKA","Self care etc",905,519,386,905,519,386,NA,NA,NA
"SINDH","LARKANA","KAMBAR SHAHDAD KOT","WARAH","TALUKA","Population",253681,132166,121515,180674,94404,86270,73007,37762,35245
"SINDH","LARKANA","KAMBAR SHAHDAD KOT","WARAH","TALUKA","Disability",2355,1284,1071,1699,914,785,656,370,286
"SINDH","LARKANA","KAMBAR SHAHDAD KOT","WARAH","TALUKA","Functional limitation",18078,11796,6282,12710,8287,4423,5368,3509,1859
"SINDH","LARKANA","KAMBAR SHAHDAD KOT","WARAH","TALUKA","Seeing",3604,2363,1241,2584,1697,887,1020,666,354
"SINDH","LARKANA","KAMBAR SHAHDAD KOT","WARAH","TALUKA","Hearing",4127,2736,1391,2921,1933,988,1206,803,403
"SINDH","LARKANA","KAMBAR SHAHDAD KOT","WARAH","TALUKA","Walking/ Climbing",5876,3759,2117,4190,2678,1512,1686,1081,605
"SINDH","LARKANA","KAMBAR SHAHDAD KOT","WARAH","TALUKA","Communication",1794,1186,608,1256,827,429,538,359,179
"SINDH","LARKANA","KAMBAR SHAHDAD KOT","WARAH","TALUKA","Memorization/ Focus",2721,1781,940,1934,1275,659,787,506,281
"SINDH","LARKANA","KAMBAR SHAHDAD KOT","WARAH","TALUKA","Self care etc",1845,1211,634,1243,804,439,602,407,195
"SINDH","KARACHI","KARACHI CENTRAL","GULBERG","SUB-DIVISION","Population",613724,328040,285684,NA,NA,NA,613724,328040,285684
"SINDH","KARACHI","KARACHI CENTRAL","GULBERG","SUB-DIVISION","Disability",15473,9211,6262,NA,NA,NA,15473,9211,6262
"SINDH","KARACHI","KARACHI CENTRAL","GULBERG","SUB-DIVISION","Functional limitation",95028,48534,46494,NA,NA,NA,95028,48534,46494
"SINDH","KARACHI","KARACHI CENTRAL","GULBERG","SUB-DIVISION","Seeing",17370,8746,8624,NA,NA,NA,17370,8746,8624
"SINDH","KARACHI","KARACHI CENTRAL","GULBERG","SUB-DIVISION","Hearing",21204,10462,10742,NA,NA,NA,21204,10462,10742
"SINDH","KARACHI","KARACHI CENTRAL","GULBERG","SUB-DIVISION","Walking/ Climbing",28641,14695,13946,NA,NA,NA,28641,14695,13946
"SINDH","KARACHI","KARACHI CENTRAL","GULBERG","SUB-DIVISION","Communication",8762,4843,3919,NA,NA,NA,8762,4843,3919
"SINDH","KARACHI","KARACHI CENTRAL","GULBERG","SUB-DIVISION","Memorization/ Focus",13818,7297,6521,NA,NA,NA,13818,7297,6521
"SINDH","KARACHI","KARACHI CENTRAL","GULBERG","SUB-DIVISION","Self care etc",10678,5450,5228,NA,NA,NA,10678,5450,5228
"SINDH","KARACHI","KARACHI CENTRAL","LIAQUATABAD","SUB-DIVISION","Population",547706,289440,258266,NA,NA,NA,547706,289440,258266
"SINDH","KARACHI","KARACHI CENTRAL","LIAQUATABAD","SUB-DIVISION","Disability",30067,16853,13214,NA,NA,NA,30067,16853,13214
"SINDH","KARACHI","KARACHI CENTRAL","LIAQUATABAD","SUB-DIVISION","Functional limitation",92832,48316,44516,NA,NA,NA,92832,48316,44516
"SINDH","KARACHI","KARACHI CENTRAL","LIAQUATABAD","SUB-DIVISION","Seeing",17846,9589,8257,NA,NA,NA,17846,9589,8257
"SINDH","KARACHI","KARACHI CENTRAL","LIAQUATABAD","SUB-DIVISION","Hearing",19239,9988,9251,NA,NA,NA,19239,9988,9251
"SINDH","KARACHI","KARACHI CENTRAL","LIAQUATABAD","SUB-DIVISION","Walking/ Climbing",25941,13475,12466,NA,NA,NA,25941,13475,12466
"SINDH","KARACHI","KARACHI CENTRAL","LIAQUATABAD","SUB-DIVISION","Communication",9959,5298,4661,NA,NA,NA,9959,5298,4661
"SINDH","KARACHI","KARACHI CENTRAL","LIAQUATABAD","SUB-DIVISION","Memorization/ Focus",14291,7398,6893,NA,NA,NA,14291,7398,6893
"SINDH","KARACHI","KARACHI CENTRAL","LIAQUATABAD","SUB-DIVISION","Self care etc",11239,5890,5349,NA,NA,NA,11239,5890,5349
"SINDH","KARACHI","KARACHI CENTRAL","NAZIMABAD","SUB-DIVISION","Population",572740,304467,268273,NA,NA,NA,572740,304467,268273
"SINDH","KARACHI","KARACHI CENTRAL","NAZIMABAD","SUB-DIVISION","Disability",12821,7419,5402,NA,NA,NA,12821,7419,5402
"SINDH","KARACHI","KARACHI CENTRAL","NAZIMABAD","SUB-DIVISION","Functional limitation",79718,40515,39203,NA,NA,NA,79718,40515,39203
"SINDH","KARACHI","KARACHI CENTRAL","NAZIMABAD","SUB-DIVISION","Seeing",15059,7448,7611,NA,NA,NA,15059,7448,7611
"SINDH","KARACHI","KARACHI CENTRAL","NAZIMABAD","SUB-DIVISION","Hearing",17669,9129,8540,NA,NA,NA,17669,9129,8540
"SINDH","KARACHI","KARACHI CENTRAL","NAZIMABAD","SUB-DIVISION","Walking/ Climbing",23365,12157,11208,NA,NA,NA,23365,12157,11208
"SINDH","KARACHI","KARACHI CENTRAL","NAZIMABAD","SUB-DIVISION","Communication",7213,3693,3520,NA,NA,NA,7213,3693,3520
"SINDH","KARACHI","KARACHI CENTRAL","NAZIMABAD","SUB-DIVISION","Memorization/ Focus",11571,5923,5648,NA,NA,NA,11571,5923,5648
"SINDH","KARACHI","KARACHI CENTRAL","NAZIMABAD","SUB-DIVISION","Self care etc",9306,4894,4412,NA,NA,NA,9306,4894,4412
"SINDH","KARACHI","KARACHI CENTRAL","NEW KARACHI","SUB-DIVISION","Population",1165742,611355,554387,NA,NA,NA,1165742,611355,554387
"SINDH","KARACHI","KARACHI CENTRAL","NEW KARACHI","SUB-DIVISION","Disability",38422,22141,16281,NA,NA,NA,38422,22141,16281
"SINDH","KARACHI","KARACHI CENTRAL","NEW KARACHI","SUB-DIVISION","Functional limitation",165868,85461,80407,NA,NA,NA,165868,85461,80407
"SINDH","KARACHI","KARACHI CENTRAL","NEW KARACHI","SUB-DIVISION","Seeing",29689,15250,14439,NA,NA,NA,29689,15250,14439
"SINDH","KARACHI","KARACHI CENTRAL","NEW KARACHI","SUB-DIVISION","Hearing",34560,17597,16963,NA,NA,NA,34560,17597,16963
"SINDH","KARACHI","KARACHI CENTRAL","NEW KARACHI","SUB-DIVISION","Walking/ Climbing",50295,26433,23862,NA,NA,NA,50295,26433,23862
"SINDH","KARACHI","KARACHI CENTRAL","NEW KARACHI","SUB-DIVISION","Communication",15100,8078,7022,NA,NA,NA,15100,8078,7022
"SINDH","KARACHI","KARACHI CENTRAL","NEW KARACHI","SUB-DIVISION","Memorization/ Focus",23097,12098,10999,NA,NA,NA,23097,12098,10999
"SINDH","KARACHI","KARACHI CENTRAL","NEW KARACHI","SUB-DIVISION","Self care etc",19797,10036,9761,NA,NA,NA,19797,10036,9761
"SINDH","KARACHI","KARACHI CENTRAL","NORTH NAZIMABAD","SUB-DIVISION","Population",920476,485447,435029,NA,NA,NA,920476,485447,435029
"SINDH","KARACHI","KARACHI CENTRAL","NORTH NAZIMABAD","SUB-DIVISION","Disability",20693,11917,8776,NA,NA,NA,20693,11917,8776
"SINDH","KARACHI","KARACHI CENTRAL","NORTH NAZIMABAD","SUB-DIVISION","Functional limitation",134479,67758,66721,NA,NA,NA,134479,67758,66721
"SINDH","KARACHI","KARACHI CENTRAL","NORTH NAZIMABAD","SUB-DIVISION","Seeing",26116,13249,12867,NA,NA,NA,26116,13249,12867
"SINDH","KARACHI","KARACHI CENTRAL","NORTH NAZIMABAD","SUB-DIVISION","Hearing",29956,14927,15029,NA,NA,NA,29956,14927,15029
"SINDH","KARACHI","KARACHI CENTRAL","NORTH NAZIMABAD","SUB-DIVISION","Walking/ Climbing",40771,20768,20003,NA,NA,NA,40771,20768,20003
"SINDH","KARACHI","KARACHI CENTRAL","NORTH NAZIMABAD","SUB-DIVISION","Communication",12166,6385,5781,NA,NA,NA,12166,6385,5781
"SINDH","KARACHI","KARACHI CENTRAL","NORTH NAZIMABAD","SUB-DIVISION","Memorization/ Focus",19204,9855,9349,NA,NA,NA,19204,9855,9349
"SINDH","KARACHI","KARACHI CENTRAL","NORTH NAZIMABAD","SUB-DIVISION","Self care etc",14876,7556,7320,NA,NA,NA,14876,7556,7320
"SINDH","KARACHI","KARACHI EAST","FEROZABAD","SUB-DIVISION","Population",1165794,627147,538647,NA,NA,NA,1165794,627147,538647
"SINDH","KARACHI","KARACHI EAST","FEROZABAD","SUB-DIVISION","Disability",25077,12845,12232,NA,NA,NA,25077,12845,12232
"SINDH","KARACHI","KARACHI EAST","FEROZABAD","SUB-DIVISION","Functional limitation",132298,71550,60748,NA,NA,NA,132298,71550,60748
"SINDH","KARACHI","KARACHI EAST","FEROZABAD","SUB-DIVISION","Seeing",24865,13627,11238,NA,NA,NA,24865,13627,11238
"SINDH","KARACHI","KARACHI EAST","FEROZABAD","SUB-DIVISION","Hearing",28734,15778,12956,NA,NA,NA,28734,15778,12956
"SINDH","KARACHI","KARACHI EAST","FEROZABAD","SUB-DIVISION","Walking/ Climbing",41362,22202,19160,NA,NA,NA,41362,22202,19160
"SINDH","KARACHI","KARACHI EAST","FEROZABAD","SUB-DIVISION","Communication",11839,6678,5161,NA,NA,NA,11839,6678,5161
"SINDH","KARACHI","KARACHI EAST","FEROZABAD","SUB-DIVISION","Memorization/ Focus",19563,10672,8891,NA,NA,NA,19563,10672,8891
"SINDH","KARACHI","KARACHI EAST","FEROZABAD","SUB-DIVISION","Self care etc",14935,8001,6934,NA,NA,NA,14935,8001,6934
"SINDH","KARACHI","KARACHI EAST","GULSHAN-E-IQBAL","SUB-DIVISION","Population",973314,505927,467387,NA,NA,NA,973314,505927,467387
"SINDH","KARACHI","KARACHI EAST","GULSHAN-E-IQBAL","SUB-DIVISION","Disability",28132,14253,13879,NA,NA,NA,28132,14253,13879
"SINDH","KARACHI","KARACHI EAST","GULSHAN-E-IQBAL","SUB-DIVISION","Functional limitation",135598,70188,65410,NA,NA,NA,135598,70188,65410
"SINDH","KARACHI","KARACHI EAST","GULSHAN-E-IQBAL","SUB-DIVISION","Seeing",26116,13417,12699,NA,NA,NA,26116,13417,12699
"SINDH","KARACHI","KARACHI EAST","GULSHAN-E-IQBAL","SUB-DIVISION","Hearing",29056,15035,14021,NA,NA,NA,29056,15035,14021
"SINDH","KARACHI","KARACHI EAST","GULSHAN-E-IQBAL","SUB-DIVISION","Walking/ Climbing",41805,21371,20434,NA,NA,NA,41805,21371,20434
"SINDH","KARACHI","KARACHI EAST","GULSHAN-E-IQBAL","SUB-DIVISION","Communication",12644,6871,5773,NA,NA,NA,12644,6871,5773
"SINDH","KARACHI","KARACHI EAST","GULSHAN-E-IQBAL","SUB-DIVISION","Memorization/ Focus",19823,10512,9311,NA,NA,NA,19823,10512,9311
"SINDH","KARACHI","KARACHI EAST","GULSHAN-E-IQBAL","SUB-DIVISION","Self care etc",15636,8198,7438,NA,NA,NA,15636,8198,7438
"SINDH","KARACHI","KARACHI EAST","GULZAR-E-HIJRI","SUB-DIVISION","Population",1118534,601482,517052,NA,NA,NA,1118534,601482,517052
"SINDH","KARACHI","KARACHI EAST","GULZAR-E-HIJRI","SUB-DIVISION","Disability",20257,10795,9462,NA,NA,NA,20257,10795,9462
"SINDH","KARACHI","KARACHI EAST","GULZAR-E-HIJRI","SUB-DIVISION","Functional limitation",115686,63277,52409,NA,NA,NA,115686,63277,52409
"SINDH","KARACHI","KARACHI EAST","GULZAR-E-HIJRI","SUB-DIVISION","Seeing",21561,11959,9602,NA,NA,NA,21561,11959,9602
"SINDH","KARACHI","KARACHI EAST","GULZAR-E-HIJRI","SUB-DIVISION","Hearing",25624,14197,11427,NA,NA,NA,25624,14197,11427
"SINDH","KARACHI","KARACHI EAST","GULZAR-E-HIJRI","SUB-DIVISION","Walking/ Climbing",35388,19443,15945,NA,NA,NA,35388,19443,15945
"SINDH","KARACHI","KARACHI EAST","GULZAR-E-HIJRI","SUB-DIVISION","Communication",10652,6048,4604,NA,NA,NA,10652,6048,4604
"SINDH","KARACHI","KARACHI EAST","GULZAR-E-HIJRI","SUB-DIVISION","Memorization/ Focus",17039,9386,7653,NA,NA,NA,17039,9386,7653
"SINDH","KARACHI","KARACHI EAST","GULZAR-E-HIJRI","SUB-DIVISION","Self care etc",13374,7158,6216,NA,NA,NA,13374,7158,6216
"SINDH","KARACHI","KARACHI EAST","JAMSHED QUARTERS","SUB-DIVISION","Population",656014,346709,309305,NA,NA,NA,656014,346709,309305
"SINDH","KARACHI","KARACHI EAST","JAMSHED QUARTERS","SUB-DIVISION","Disability",48330,24667,23663,NA,NA,NA,48330,24667,23663
"SINDH","KARACHI","KARACHI EAST","JAMSHED QUARTERS","SUB-DIVISION","Functional limitation",116215,60731,55484,NA,NA,NA,116215,60731,55484
"SINDH","KARACHI","KARACHI EAST","JAMSHED QUARTERS","SUB-DIVISION","Seeing",19958,10608,9350,NA,NA,NA,19958,10608,9350
"SINDH","KARACHI","KARACHI EAST","JAMSHED QUARTERS","SUB-DIVISION","Hearing",23039,12300,10739,NA,NA,NA,23039,12300,10739
"SINDH","KARACHI","KARACHI EAST","JAMSHED QUARTERS","SUB-DIVISION","Walking/ Climbing",34025,17897,16128,NA,NA,NA,34025,17897,16128
"SINDH","KARACHI","KARACHI EAST","JAMSHED QUARTERS","SUB-DIVISION","Communication",12999,6620,6379,NA,NA,NA,12999,6620,6379
"SINDH","KARACHI","KARACHI EAST","JAMSHED QUARTERS","SUB-DIVISION","Memorization/ Focus",17014,8911,8103,NA,NA,NA,17014,8911,8103
"SINDH","KARACHI","KARACHI EAST","JAMSHED QUARTERS","SUB-DIVISION","Self care etc",14628,7526,7102,NA,NA,NA,14628,7526,7102
"SINDH","KARACHI","KARACHI SOUTH","ARAM BAGH","SUB-DIVISION","Population",237224,128418,108806,NA,NA,NA,237224,128418,108806
"SINDH","KARACHI","KARACHI SOUTH","ARAM BAGH","SUB-DIVISION","Disability",7502,3572,3930,NA,NA,NA,7502,3572,3930
"SINDH","KARACHI","KARACHI SOUTH","ARAM BAGH","SUB-DIVISION","Functional limitation",30737,15583,15154,NA,NA,NA,30737,15583,15154
"SINDH","KARACHI","KARACHI SOUTH","ARAM BAGH","SUB-DIVISION","Seeing",5568,2799,2769,NA,NA,NA,5568,2799,2769
"SINDH","KARACHI","KARACHI SOUTH","ARAM BAGH","SUB-DIVISION","Hearing",6408,3183,3225,NA,NA,NA,6408,3183,3225
"SINDH","KARACHI","KARACHI SOUTH","ARAM BAGH","SUB-DIVISION","Walking/ Climbing",8971,4472,4499,NA,NA,NA,8971,4472,4499
"SINDH","KARACHI","KARACHI SOUTH","ARAM BAGH","SUB-DIVISION","Communication",3097,1583,1514,NA,NA,NA,3097,1583,1514
"SINDH","KARACHI","KARACHI SOUTH","ARAM BAGH","SUB-DIVISION","Memorization/ Focus",4875,2662,2213,NA,NA,NA,4875,2662,2213
"SINDH","KARACHI","KARACHI SOUTH","ARAM BAGH","SUB-DIVISION","Self care etc",3730,1914,1816,NA,NA,NA,3730,1914,1816
"SINDH","KARACHI","KARACHI SOUTH","CIVIL LINES","SUB-DIVISION","Population",480480,265680,214800,NA,NA,NA,480480,265680,214800
"SINDH","KARACHI","KARACHI SOUTH","CIVIL LINES","SUB-DIVISION","Disability",9770,4890,4880,NA,NA,NA,9770,4890,4880
"SINDH","KARACHI","KARACHI SOUTH","CIVIL LINES","SUB-DIVISION","Functional limitation",60918,31621,29297,NA,NA,NA,60918,31621,29297
"SINDH","KARACHI","KARACHI SOUTH","CIVIL LINES","SUB-DIVISION","Seeing",11467,6015,5452,NA,NA,NA,11467,6015,5452
"SINDH","KARACHI","KARACHI SOUTH","CIVIL LINES","SUB-DIVISION","Hearing",13645,6998,6647,NA,NA,NA,13645,6998,6647
"SINDH","KARACHI","KARACHI SOUTH","CIVIL LINES","SUB-DIVISION","Walking/ Climbing",18654,9706,8948,NA,NA,NA,18654,9706,8948
"SINDH","KARACHI","KARACHI SOUTH","CIVIL LINES","SUB-DIVISION","Communication",5461,2956,2505,NA,NA,NA,5461,2956,2505
"SINDH","KARACHI","KARACHI SOUTH","CIVIL LINES","SUB-DIVISION","Memorization/ Focus",8720,4677,4043,NA,NA,NA,8720,4677,4043
"SINDH","KARACHI","KARACHI SOUTH","CIVIL LINES","SUB-DIVISION","Self care etc",6774,3488,3286,NA,NA,NA,6774,3488,3286
"SINDH","KARACHI","KARACHI SOUTH","GARDEN","SUB-DIVISION","Population",502819,263273,239546,NA,NA,NA,502819,263273,239546
"SINDH","KARACHI","KARACHI SOUTH","GARDEN","SUB-DIVISION","Disability",10643,5480,5163,NA,NA,NA,10643,5480,5163
"SINDH","KARACHI","KARACHI SOUTH","GARDEN","SUB-DIVISION","Functional limitation",61530,30573,30957,NA,NA,NA,61530,30573,30957
"SINDH","KARACHI","KARACHI SOUTH","GARDEN","SUB-DIVISION","Seeing",12375,6163,6212,NA,NA,NA,12375,6163,6212
"SINDH","KARACHI","KARACHI SOUTH","GARDEN","SUB-DIVISION","Hearing",13762,6904,6858,NA,NA,NA,13762,6904,6858
"SINDH","KARACHI","KARACHI SOUTH","GARDEN","SUB-DIVISION","Walking/ Climbing",19553,9801,9752,NA,NA,NA,19553,9801,9752
"SINDH","KARACHI","KARACHI SOUTH","GARDEN","SUB-DIVISION","Communication",6537,3561,2976,NA,NA,NA,6537,3561,2976
"SINDH","KARACHI","KARACHI SOUTH","GARDEN","SUB-DIVISION","Memorization/ Focus",9367,4838,4529,NA,NA,NA,9367,4838,4529
"SINDH","KARACHI","KARACHI SOUTH","GARDEN","SUB-DIVISION","Self care etc",6447,3143,3304,NA,NA,NA,6447,3143,3304
"SINDH","KARACHI","KARACHI SOUTH","LYARI","SUB-DIVISION","Population",949878,497885,451993,NA,NA,NA,949878,497885,451993
"SINDH","KARACHI","KARACHI SOUTH","LYARI","SUB-DIVISION","Disability",29125,14745,14380,NA,NA,NA,29125,14745,14380
"SINDH","KARACHI","KARACHI SOUTH","LYARI","SUB-DIVISION","Functional limitation",120202,59916,60286,NA,NA,NA,120202,59916,60286
"SINDH","KARACHI","KARACHI SOUTH","LYARI","SUB-DIVISION","Seeing",21664,11030,10634,NA,NA,NA,21664,11030,10634
"SINDH","KARACHI","KARACHI SOUTH","LYARI","SUB-DIVISION","Hearing",25669,12812,12857,NA,NA,NA,25669,12812,12857
"SINDH","KARACHI","KARACHI SOUTH","LYARI","SUB-DIVISION","Walking/ Climbing",37407,18871,18536,NA,NA,NA,37407,18871,18536
"SINDH","KARACHI","KARACHI SOUTH","LYARI","SUB-DIVISION","Communication",11779,6114,5665,NA,NA,NA,11779,6114,5665
"SINDH","KARACHI","KARACHI SOUTH","LYARI","SUB-DIVISION","Memorization/ Focus",17754,9103,8651,NA,NA,NA,17754,9103,8651
"SINDH","KARACHI","KARACHI SOUTH","LYARI","SUB-DIVISION","Self care etc",13786,6770,7016,NA,NA,NA,13786,6770,7016
"SINDH","KARACHI","KARACHI SOUTH","SADDAR","SUB-DIVISION","Population",159363,85988,73375,NA,NA,NA,159363,85988,73375
"SINDH","KARACHI","KARACHI SOUTH","SADDAR","SUB-DIVISION","Disability",10772,5820,4952,NA,NA,NA,10772,5820,4952
"SINDH","KARACHI","KARACHI SOUTH","SADDAR","SUB-DIVISION","Functional limitation",27694,14470,13224,NA,NA,NA,27694,14470,13224
"SINDH","KARACHI","KARACHI SOUTH","SADDAR","SUB-DIVISION","Seeing",5183,2867,2316,NA,NA,NA,5183,2867,2316
"SINDH","KARACHI","KARACHI SOUTH","SADDAR","SUB-DIVISION","Hearing",5815,3208,2607,NA,NA,NA,5815,3208,2607
"SINDH","KARACHI","KARACHI SOUTH","SADDAR","SUB-DIVISION","Walking/ Climbing",7324,3976,3348,NA,NA,NA,7324,3976,3348
"SINDH","KARACHI","KARACHI SOUTH","SADDAR","SUB-DIVISION","Communication",2968,1443,1525,NA,NA,NA,2968,1443,1525
"SINDH","KARACHI","KARACHI SOUTH","SADDAR","SUB-DIVISION","Memorization/ Focus",4279,2014,2265,NA,NA,NA,4279,2014,2265
"SINDH","KARACHI","KARACHI SOUTH","SADDAR","SUB-DIVISION","Self care etc",3576,1760,1816,NA,NA,NA,3576,1760,1816
"SINDH","KARACHI","KARACHI WEST","MANGHOPIR","SUB-DIVISION","Population",1081753,573139,508614,248952,132592,116360,832801,440547,392254
"SINDH","KARACHI","KARACHI WEST","MANGHOPIR","SUB-DIVISION","Disability",17805,11420,6385,4479,2877,1602,13326,8543,4783
"SINDH","KARACHI","KARACHI WEST","MANGHOPIR","SUB-DIVISION","Functional limitation",99583,58539,41044,21691,13031,8660,77892,45508,32384
"SINDH","KARACHI","KARACHI WEST","MANGHOPIR","SUB-DIVISION","Seeing",18669,10913,7756,4083,2452,1631,14586,8461,6125
"SINDH","KARACHI","KARACHI WEST","MANGHOPIR","SUB-DIVISION","Hearing",21845,12740,9105,4740,2817,1923,17105,9923,7182
"SINDH","KARACHI","KARACHI WEST","MANGHOPIR","SUB-DIVISION","Walking/ Climbing",30937,18265,12672,6836,4153,2683,24101,14112,9989
"SINDH","KARACHI","KARACHI WEST","MANGHOPIR","SUB-DIVISION","Communication",9830,5797,4033,2219,1326,893,7611,4471,3140
"SINDH","KARACHI","KARACHI WEST","MANGHOPIR","SUB-DIVISION","Memorization/ Focus",14939,8938,6001,3503,2111,1392,11436,6827,4609
"SINDH","KARACHI","KARACHI WEST","MANGHOPIR","SUB-DIVISION","Self care etc",11115,6677,4438,2461,1563,898,8654,5114,3540
"SINDH","KARACHI","KARACHI WEST","MOMINABAD","SUB-DIVISION","Population",1000708,525590,475118,NA,NA,NA,1000708,525590,475118
"SINDH","KARACHI","KARACHI WEST","MOMINABAD","SUB-DIVISION","Disability",14945,9715,5230,NA,NA,NA,14945,9715,5230
"SINDH","KARACHI","KARACHI WEST","MOMINABAD","SUB-DIVISION","Functional limitation",89545,52390,37155,NA,NA,NA,89545,52390,37155
"SINDH","KARACHI","KARACHI WEST","MOMINABAD","SUB-DIVISION","Seeing",17901,10510,7391,NA,NA,NA,17901,10510,7391
"SINDH","KARACHI","KARACHI WEST","MOMINABAD","SUB-DIVISION","Hearing",20104,11674,8430,NA,NA,NA,20104,11674,8430
"SINDH","KARACHI","KARACHI WEST","MOMINABAD","SUB-DIVISION","Walking/ Climbing",29366,17285,12081,NA,NA,NA,29366,17285,12081
"SINDH","KARACHI","KARACHI WEST","MOMINABAD","SUB-DIVISION","Communication",9355,5716,3639,NA,NA,NA,9355,5716,3639
"SINDH","KARACHI","KARACHI WEST","MOMINABAD","SUB-DIVISION","Memorization/ Focus",13630,8065,5565,NA,NA,NA,13630,8065,5565
"SINDH","KARACHI","KARACHI WEST","MOMINABAD","SUB-DIVISION","Self care etc",9227,5363,3864,NA,NA,NA,9227,5363,3864
"SINDH","KARACHI","KARACHI WEST","ORANGI","SUB-DIVISION","Population",596919,316898,280021,NA,NA,NA,596919,316898,280021
"SINDH","KARACHI","KARACHI WEST","ORANGI","SUB-DIVISION","Disability",21556,13068,8488,NA,NA,NA,21556,13068,8488
"SINDH","KARACHI","KARACHI WEST","ORANGI","SUB-DIVISION","Functional limitation",61744,36284,25460,NA,NA,NA,61744,36284,25460
"SINDH","KARACHI","KARACHI WEST","ORANGI","SUB-DIVISION","Seeing",12143,7064,5079,NA,NA,NA,12143,7064,5079
"SINDH","KARACHI","KARACHI WEST","ORANGI","SUB-DIVISION","Hearing",12938,7569,5369,NA,NA,NA,12938,7569,5369
"SINDH","KARACHI","KARACHI WEST","ORANGI","SUB-DIVISION","Walking/ Climbing",17572,10319,7253,NA,NA,NA,17572,10319,7253
"SINDH","KARACHI","KARACHI WEST","ORANGI","SUB-DIVISION","Communication",6869,4277,2592,NA,NA,NA,6869,4277,2592
"SINDH","KARACHI","KARACHI WEST","ORANGI","SUB-DIVISION","Memorization/ Focus",9341,5635,3706,NA,NA,NA,9341,5635,3706
"SINDH","KARACHI","KARACHI WEST","ORANGI","SUB-DIVISION","Self care etc",7343,4261,3082,NA,NA,NA,7343,4261,3082
"SINDH","LARKANA","KASHMORE","KANDHKOT","TALUKA","Population",407593,209407,198186,264961,139012,125949,142632,70395,72237
"SINDH","LARKANA","KASHMORE","KANDHKOT","TALUKA","Disability",4378,2233,2145,2486,1284,1202,1892,949,943
"SINDH","LARKANA","KASHMORE","KANDHKOT","TALUKA","Functional limitation",19948,11588,8360,12096,7108,4988,7852,4480,3372
"SINDH","LARKANA","KASHMORE","KANDHKOT","TALUKA","Seeing",3771,2190,1581,2174,1289,885,1597,901,696
"SINDH","LARKANA","KASHMORE","KANDHKOT","TALUKA","Hearing",4043,2419,1624,2392,1441,951,1651,978,673
"SINDH","LARKANA","KASHMORE","KANDHKOT","TALUKA","Walking/ Climbing",7134,4025,3109,4095,2338,1757,3039,1687,1352
"SINDH","LARKANA","KASHMORE","KANDHKOT","TALUKA","Communication",1751,1026,725,951,565,386,800,461,339
"SINDH","LARKANA","KASHMORE","KANDHKOT","TALUKA","Memorization/ Focus",2788,1620,1168,1592,946,646,1196,674,522
"SINDH","LARKANA","KASHMORE","KANDHKOT","TALUKA","Self care etc",2096,1207,889,1332,773,559,764,434,330
"SINDH","LARKANA","KASHMORE","KASHMORE","TALUKA","Population",487601,245511,242090,390515,196443,194072,97086,49068,48018
"SINDH","LARKANA","KASHMORE","KASHMORE","TALUKA","Disability",8491,4427,4064,7324,3799,3525,1167,628,539
"SINDH","LARKANA","KASHMORE","KASHMORE","TALUKA","Functional limitation",26869,15304,11565,22035,12449,9586,4834,2855,1979
"SINDH","LARKANA","KASHMORE","KASHMORE","TALUKA","Seeing",5143,2968,2175,4162,2384,1778,981,584,397
"SINDH","LARKANA","KASHMORE","KASHMORE","TALUKA","Hearing",5384,3144,2240,4344,2526,1818,1040,618,422
"SINDH","LARKANA","KASHMORE","KASHMORE","TALUKA","Walking/ Climbing",9869,5527,4342,7988,4459,3529,1881,1068,813
"SINDH","LARKANA","KASHMORE","KASHMORE","TALUKA","Communication",2821,1608,1213,2321,1321,1000,500,287,213
"SINDH","LARKANA","KASHMORE","KASHMORE","TALUKA","Memorization/ Focus",4012,2275,1737,3226,1824,1402,786,451,335
"SINDH","LARKANA","KASHMORE","KASHMORE","TALUKA","Self care etc",2833,1584,1249,2373,1312,1061,460,272,188
"SINDH","LARKANA","KASHMORE","TANGWANI","TALUKA","Population",338763,173393,165370,306698,157207,149491,32065,16186,15879
"SINDH","LARKANA","KASHMORE","TANGWANI","TALUKA","Disability",12810,6402,6408,12385,6198,6187,425,204,221
"SINDH","LARKANA","KASHMORE","TANGWANI","TALUKA","Functional limitation",25382,13817,11565,24126,13137,10989,1256,680,576
"SINDH","LARKANA","KASHMORE","TANGWANI","TALUKA","Seeing",4517,2487,2030,4312,2375,1937,205,112,93
"SINDH","LARKANA","KASHMORE","TANGWANI","TALUKA","Hearing",4970,2764,2206,4773,2649,2124,197,115,82
"SINDH","LARKANA","KASHMORE","TANGWANI","TALUKA","Walking/ Climbing",7422,4063,3359,7010,3840,3170,412,223,189
"SINDH","LARKANA","KASHMORE","TANGWANI","TALUKA","Communication",3349,1808,1541,3137,1720,1417,212,88,124
"SINDH","LARKANA","KASHMORE","TANGWANI","TALUKA","Memorization/ Focus",4005,2169,1836,3791,2037,1754,214,132,82
"SINDH","LARKANA","KASHMORE","TANGWANI","TALUKA","Self care etc",3234,1724,1510,3144,1677,1467,90,47,43
"SINDH","KARACHI","KEAMARI","BALDIA","SUB-DIVISION","Population",948399,498176,450223,NA,NA,NA,948399,498176,450223
"SINDH","KARACHI","KEAMARI","BALDIA","SUB-DIVISION","Disability",12909,6413,6496,NA,NA,NA,12909,6413,6496
"SINDH","KARACHI","KEAMARI","BALDIA","SUB-DIVISION","Functional limitation",86697,48631,38066,NA,NA,NA,86697,48631,38066
"SINDH","KARACHI","KEAMARI","BALDIA","SUB-DIVISION","Seeing",16895,9655,7240,NA,NA,NA,16895,9655,7240
"SINDH","KARACHI","KEAMARI","BALDIA","SUB-DIVISION","Hearing",19571,11259,8312,NA,NA,NA,19571,11259,8312
"SINDH","KARACHI","KEAMARI","BALDIA","SUB-DIVISION","Walking/ Climbing",27219,15196,12023,NA,NA,NA,27219,15196,12023
"SINDH","KARACHI","KEAMARI","BALDIA","SUB-DIVISION","Communication",8728,4993,3735,NA,NA,NA,8728,4993,3735
"SINDH","KARACHI","KEAMARI","BALDIA","SUB-DIVISION","Memorization/ Focus",13332,7547,5785,NA,NA,NA,13332,7547,5785
"SINDH","KARACHI","KEAMARI","BALDIA","SUB-DIVISION","Self care etc",9377,5096,4281,NA,NA,NA,9377,5096,4281
"SINDH","KARACHI","KEAMARI","KEAMARI","SUB-DIVISION","Population",451147,242799,208348,NA,NA,NA,451147,242799,208348
"SINDH","KARACHI","KEAMARI","KEAMARI","SUB-DIVISION","Disability",6334,3547,2787,NA,NA,NA,6334,3547,2787
"SINDH","KARACHI","KEAMARI","KEAMARI","SUB-DIVISION","Functional limitation",40711,23752,16959,NA,NA,NA,40711,23752,16959
"SINDH","KARACHI","KEAMARI","KEAMARI","SUB-DIVISION","Seeing",7735,4434,3301,NA,NA,NA,7735,4434,3301
"SINDH","KARACHI","KEAMARI","KEAMARI","SUB-DIVISION","Hearing",9141,5277,3864,NA,NA,NA,9141,5277,3864
"SINDH","KARACHI","KEAMARI","KEAMARI","SUB-DIVISION","Walking/ Climbing",12310,7191,5119,NA,NA,NA,12310,7191,5119
"SINDH","KARACHI","KEAMARI","KEAMARI","SUB-DIVISION","Communication",3669,2187,1482,NA,NA,NA,3669,2187,1482
"SINDH","KARACHI","KEAMARI","KEAMARI","SUB-DIVISION","Memorization/ Focus",6062,3685,2377,NA,NA,NA,6062,3685,2377
"SINDH","KARACHI","KEAMARI","KEAMARI","SUB-DIVISION","Self care etc",4615,2766,1849,NA,NA,NA,4615,2766,1849
"SINDH","KARACHI","KEAMARI","MAURIPUR","SUB-DIVISION","Population",217930,115156,102774,NA,NA,NA,217930,115156,102774
"SINDH","KARACHI","KEAMARI","MAURIPUR","SUB-DIVISION","Disability",12399,6450,5949,NA,NA,NA,12399,6450,5949
"SINDH","KARACHI","KEAMARI","MAURIPUR","SUB-DIVISION","Functional limitation",30073,16355,13718,NA,NA,NA,30073,16355,13718
"SINDH","KARACHI","KEAMARI","MAURIPUR","SUB-DIVISION","Seeing",5870,3197,2673,NA,NA,NA,5870,3197,2673
"SINDH","KARACHI","KEAMARI","MAURIPUR","SUB-DIVISION","Hearing",6208,3543,2665,NA,NA,NA,6208,3543,2665
"SINDH","KARACHI","KEAMARI","MAURIPUR","SUB-DIVISION","Walking/ Climbing",8367,4513,3854,NA,NA,NA,8367,4513,3854
"SINDH","KARACHI","KEAMARI","MAURIPUR","SUB-DIVISION","Communication",3379,1809,1570,NA,NA,NA,3379,1809,1570
"SINDH","KARACHI","KEAMARI","MAURIPUR","SUB-DIVISION","Memorization/ Focus",4570,2493,2077,NA,NA,NA,4570,2493,2077
"SINDH","KARACHI","KEAMARI","MAURIPUR","SUB-DIVISION","Self care etc",3625,1928,1697,NA,NA,NA,3625,1928,1697
"SINDH","KARACHI","KEAMARI","SITE","SUB-DIVISION","Population",449098,243806,205292,NA,NA,NA,449098,243806,205292
"SINDH","KARACHI","KEAMARI","SITE","SUB-DIVISION","Disability",8751,4549,4202,NA,NA,NA,8751,4549,4202
"SINDH","KARACHI","KEAMARI","SITE","SUB-DIVISION","Functional limitation",44754,25624,19130,NA,NA,NA,44754,25624,19130
"SINDH","KARACHI","KEAMARI","SITE","SUB-DIVISION","Seeing",8444,4929,3515,NA,NA,NA,8444,4929,3515
"SINDH","KARACHI","KEAMARI","SITE","SUB-DIVISION","Hearing",9889,5735,4154,NA,NA,NA,9889,5735,4154
"SINDH","KARACHI","KEAMARI","SITE","SUB-DIVISION","Walking/ Climbing",13555,7693,5862,NA,NA,NA,13555,7693,5862
"SINDH","KARACHI","KEAMARI","SITE","SUB-DIVISION","Communication",4525,2661,1864,NA,NA,NA,4525,2661,1864
"SINDH","KARACHI","KEAMARI","SITE","SUB-DIVISION","Memorization/ Focus",6814,3945,2869,NA,NA,NA,6814,3945,2869
"SINDH","KARACHI","KEAMARI","SITE","SUB-DIVISION","Self care etc",4931,2806,2125,NA,NA,NA,4931,2806,2125
"SINDH","SUKKUR","KHAIRPUR","FAIZ GANJ","TALUKA","Population",243254,122433,120821,194539,97918,96621,48715,24515,24200
"SINDH","SUKKUR","KHAIRPUR","FAIZ GANJ","TALUKA","Disability",7718,3651,4067,6449,3004,3445,1269,647,622
"SINDH","SUKKUR","KHAIRPUR","FAIZ GANJ","TALUKA","Functional limitation",20498,9710,10788,16478,7792,8686,4020,1918,2102
"SINDH","SUKKUR","KHAIRPUR","FAIZ GANJ","TALUKA","Seeing",3896,1849,2047,3189,1506,1683,707,343,364
"SINDH","SUKKUR","KHAIRPUR","FAIZ GANJ","TALUKA","Hearing",4193,1943,2250,3435,1590,1845,758,353,405
"SINDH","SUKKUR","KHAIRPUR","FAIZ GANJ","TALUKA","Walking/ Climbing",7470,3625,3845,5931,2910,3021,1539,715,824
"SINDH","SUKKUR","KHAIRPUR","FAIZ GANJ","TALUKA","Communication",2535,1338,1197,2123,1129,994,412,209,203
"SINDH","SUKKUR","KHAIRPUR","FAIZ GANJ","TALUKA","Memorization/ Focus",2914,1424,1490,2360,1158,1202,554,266,288
"SINDH","SUKKUR","KHAIRPUR","FAIZ GANJ","TALUKA","Self care etc",2026,950,1076,1559,682,877,467,268,199
"SINDH","SUKKUR","KHAIRPUR","GAMBAT","TALUKA","Population",286128,144646,141482,181776,92189,89587,104352,52457,51895
"SINDH","SUKKUR","KHAIRPUR","GAMBAT","TALUKA","Disability",9407,4269,5138,4445,2005,2440,4962,2264,2698
"SINDH","SUKKUR","KHAIRPUR","GAMBAT","TALUKA","Functional limitation",24454,11383,13071,13639,6351,7288,10815,5032,5783
"SINDH","SUKKUR","KHAIRPUR","GAMBAT","TALUKA","Seeing",4998,2431,2567,2907,1425,1482,2091,1006,1085
"SINDH","SUKKUR","KHAIRPUR","GAMBAT","TALUKA","Hearing",4487,2126,2361,2593,1249,1344,1894,877,1017
"SINDH","SUKKUR","KHAIRPUR","GAMBAT","TALUKA","Walking/ Climbing",8633,4139,4494,4747,2305,2442,3886,1834,2052
"SINDH","SUKKUR","KHAIRPUR","GAMBAT","TALUKA","Communication",2544,1138,1406,1430,635,795,1114,503,611
"SINDH","SUKKUR","KHAIRPUR","GAMBAT","TALUKA","Memorization/ Focus",3394,1564,1830,1935,858,1077,1459,706,753
"SINDH","SUKKUR","KHAIRPUR","GAMBAT","TALUKA","Self care etc",2373,1093,1280,1182,530,652,1191,563,628
"SINDH","SUKKUR","KHAIRPUR","KHAIRPUR","TALUKA","Population",465233,232824,232409,217992,109238,108754,247241,123586,123655
"SINDH","SUKKUR","KHAIRPUR","KHAIRPUR","TALUKA","Disability",10831,5282,5549,3945,1900,2045,6886,3382,3504
"SINDH","SUKKUR","KHAIRPUR","KHAIRPUR","TALUKA","Functional limitation",36978,17707,19271,15106,7127,7979,21872,10580,11292
"SINDH","SUKKUR","KHAIRPUR","KHAIRPUR","TALUKA","Seeing",7290,3575,3715,3106,1495,1611,4184,2080,2104
"SINDH","SUKKUR","KHAIRPUR","KHAIRPUR","TALUKA","Hearing",7530,3563,3967,3147,1443,1704,4383,2120,2263
"SINDH","SUKKUR","KHAIRPUR","KHAIRPUR","TALUKA","Walking/ Climbing",13274,6557,6717,5603,2755,2848,7671,3802,3869
"SINDH","SUKKUR","KHAIRPUR","KHAIRPUR","TALUKA","Communication",3704,1842,1862,1515,737,778,2189,1105,1084
"SINDH","SUKKUR","KHAIRPUR","KHAIRPUR","TALUKA","Memorization/ Focus",5655,2745,2910,2335,1125,1210,3320,1620,1700
"SINDH","SUKKUR","KHAIRPUR","KHAIRPUR","TALUKA","Self care etc",3728,1693,2035,1373,598,775,2355,1095,1260
"SINDH","SUKKUR","KHAIRPUR","KINGRI","TALUKA","Population",370218,188012,182206,263846,133433,130413,106372,54579,51793
"SINDH","SUKKUR","KHAIRPUR","KINGRI","TALUKA","Disability",7948,3833,4115,6389,3089,3300,1559,744,815
"SINDH","SUKKUR","KHAIRPUR","KINGRI","TALUKA","Functional limitation",26751,12791,13960,19725,9374,10351,7026,3417,3609
"SINDH","SUKKUR","KHAIRPUR","KINGRI","TALUKA","Seeing",5059,2471,2588,3616,1740,1876,1443,731,712
"SINDH","SUKKUR","KHAIRPUR","KINGRI","TALUKA","Hearing",5315,2580,2735,3750,1795,1955,1565,785,780
"SINDH","SUKKUR","KHAIRPUR","KINGRI","TALUKA","Walking/ Climbing",9627,4748,4879,7094,3480,3614,2533,1268,1265
"SINDH","SUKKUR","KHAIRPUR","KINGRI","TALUKA","Communication",2683,1345,1338,1946,953,993,737,392,345
"SINDH","SUKKUR","KHAIRPUR","KINGRI","TALUKA","Memorization/ Focus",4020,1943,2077,2885,1374,1511,1135,569,566
"SINDH","SUKKUR","KHAIRPUR","KINGRI","TALUKA","Self care etc",2766,1262,1504,2058,934,1124,708,328,380
"SINDH","SUKKUR","KHAIRPUR","KOT DIJI","TALUKA","Population",385872,198656,187216,291472,150061,141411,94400,48595,45805
"SINDH","SUKKUR","KHAIRPUR","KOT DIJI","TALUKA","Disability",6525,3201,3324,5186,2569,2617,1339,632,707
"SINDH","SUKKUR","KHAIRPUR","KOT DIJI","TALUKA","Functional limitation",26639,12778,13861,20488,9886,10602,6151,2892,3259
"SINDH","SUKKUR","KHAIRPUR","KOT DIJI","TALUKA","Seeing",5234,2573,2661,4080,2005,2075,1154,568,586
"SINDH","SUKKUR","KHAIRPUR","KOT DIJI","TALUKA","Hearing",5691,2759,2932,4417,2154,2263,1274,605,669
"SINDH","SUKKUR","KHAIRPUR","KOT DIJI","TALUKA","Walking/ Climbing",9222,4569,4653,7139,3567,3572,2083,1002,1081
"SINDH","SUKKUR","KHAIRPUR","KOT DIJI","TALUKA","Communication",2796,1446,1350,2252,1179,1073,544,267,277
"SINDH","SUKKUR","KHAIRPUR","KOT DIJI","TALUKA","Memorization/ Focus",4086,2004,2082,3204,1580,1624,882,424,458
"SINDH","SUKKUR","KHAIRPUR","KOT DIJI","TALUKA","Self care etc",2633,1171,1462,2004,890,1114,629,281,348
"SINDH","SUKKUR","KHAIRPUR","MIRWAH","TALUKA","Population",379615,192341,187274,278046,140786,137260,101569,51555,50014
"SINDH","SUKKUR","KHAIRPUR","MIRWAH","TALUKA","Disability",6746,3336,3410,4993,2502,2491,1753,834,919
"SINDH","SUKKUR","KHAIRPUR","MIRWAH","TALUKA","Functional limitation",26452,12709,13743,19255,9285,9970,7197,3424,3773
"SINDH","SUKKUR","KHAIRPUR","MIRWAH","TALUKA","Seeing",5244,2596,2648,3790,1887,1903,1454,709,745
"SINDH","SUKKUR","KHAIRPUR","MIRWAH","TALUKA","Hearing",5563,2699,2864,4060,1991,2069,1503,708,795
"SINDH","SUKKUR","KHAIRPUR","MIRWAH","TALUKA","Walking/ Climbing",9735,4833,4902,7134,3556,3578,2601,1277,1324
"SINDH","SUKKUR","KHAIRPUR","MIRWAH","TALUKA","Communication",2876,1497,1379,2125,1107,1018,751,390,361
"SINDH","SUKKUR","KHAIRPUR","MIRWAH","TALUKA","Memorization/ Focus",3959,1937,2022,2877,1410,1467,1082,527,555
"SINDH","SUKKUR","KHAIRPUR","MIRWAH","TALUKA","Self care etc",2460,1104,1356,1776,799,977,684,305,379
"SINDH","SUKKUR","KHAIRPUR","NARA","TALUKA","Population",173968,89407,84561,133663,68903,64760,40305,20504,19801
"SINDH","SUKKUR","KHAIRPUR","NARA","TALUKA","Disability",9545,4665,4880,7501,3674,3827,2044,991,1053
"SINDH","SUKKUR","KHAIRPUR","NARA","TALUKA","Functional limitation",17953,8784,9169,13935,6841,7094,4018,1943,2075
"SINDH","SUKKUR","KHAIRPUR","NARA","TALUKA","Seeing",3052,1528,1524,2477,1241,1236,575,287,288
"SINDH","SUKKUR","KHAIRPUR","NARA","TALUKA","Hearing",3981,2003,1978,3192,1561,1631,789,442,347
"SINDH","SUKKUR","KHAIRPUR","NARA","TALUKA","Walking/ Climbing",3895,1926,1969,2858,1452,1406,1037,474,563
"SINDH","SUKKUR","KHAIRPUR","NARA","TALUKA","Communication",2506,1180,1326,1976,905,1071,530,275,255
"SINDH","SUKKUR","KHAIRPUR","NARA","TALUKA","Memorization/ Focus",3227,1593,1634,2246,1077,1169,981,516,465
"SINDH","SUKKUR","KHAIRPUR","NARA","TALUKA","Self care etc",2551,1257,1294,2042,1101,941,509,156,353
"SINDH","SUKKUR","KHAIRPUR","SOBHO DERO","TALUKA","Population",293160,147703,145457,191852,96549,95303,101308,51154,50154
"SINDH","SUKKUR","KHAIRPUR","SOBHO DERO","TALUKA","Disability",6218,2946,3272,4284,2049,2235,1934,897,1037
"SINDH","SUKKUR","KHAIRPUR","SOBHO DERO","TALUKA","Functional limitation",22622,10746,11876,14949,7103,7846,7673,3643,4030
"SINDH","SUKKUR","KHAIRPUR","SOBHO DERO","TALUKA","Seeing",4233,2090,2143,2784,1366,1418,1449,724,725
"SINDH","SUKKUR","KHAIRPUR","SOBHO DERO","TALUKA","Hearing",4449,2142,2307,2921,1405,1516,1528,737,791
"SINDH","SUKKUR","KHAIRPUR","SOBHO DERO","TALUKA","Walking/ Climbing",7871,3777,4094,5250,2499,2751,2621,1278,1343
"SINDH","SUKKUR","KHAIRPUR","SOBHO DERO","TALUKA","Communication",2281,1278,1003,1533,861,672,748,417,331
"SINDH","SUKKUR","KHAIRPUR","SOBHO DERO","TALUKA","Memorization/ Focus",3508,1757,1751,2320,1208,1112,1188,549,639
"SINDH","SUKKUR","KHAIRPUR","SOBHO DERO","TALUKA","Self care etc",2424,967,1457,1603,626,977,821,341,480
"SINDH","KARACHI","KORANGI","KORANGI","SUB-DIVISION","Population",1362998,720832,642166,NA,NA,NA,1362998,720832,642166
"SINDH","KARACHI","KORANGI","KORANGI","SUB-DIVISION","Disability",16809,9194,7615,NA,NA,NA,16809,9194,7615
"SINDH","KARACHI","KORANGI","KORANGI","SUB-DIVISION","Functional limitation",132046,76949,55097,NA,NA,NA,132046,76949,55097
"SINDH","KARACHI","KORANGI","KORANGI","SUB-DIVISION","Seeing",24362,14418,9944,NA,NA,NA,24362,14418,9944
"SINDH","KARACHI","KORANGI","KORANGI","SUB-DIVISION","Hearing",29653,17437,12216,NA,NA,NA,29653,17437,12216
"SINDH","KARACHI","KORANGI","KORANGI","SUB-DIVISION","Walking/ Climbing",40324,23318,17006,NA,NA,NA,40324,23318,17006
"SINDH","KARACHI","KORANGI","KORANGI","SUB-DIVISION","Communication",13104,7765,5339,NA,NA,NA,13104,7765,5339
"SINDH","KARACHI","KORANGI","KORANGI","SUB-DIVISION","Memorization/ Focus",19389,11582,7807,NA,NA,NA,19389,11582,7807
"SINDH","KARACHI","KORANGI","KORANGI","SUB-DIVISION","Self care etc",14146,8101,6045,NA,NA,NA,14146,8101,6045
"SINDH","KARACHI","KORANGI","LANDHI","SUB-DIVISION","Population",681293,357885,323408,NA,NA,NA,681293,357885,323408
"SINDH","KARACHI","KORANGI","LANDHI","SUB-DIVISION","Disability",11130,5651,5479,NA,NA,NA,11130,5651,5479
"SINDH","KARACHI","KORANGI","LANDHI","SUB-DIVISION","Functional limitation",77154,43984,33170,NA,NA,NA,77154,43984,33170
"SINDH","KARACHI","KORANGI","LANDHI","SUB-DIVISION","Seeing",14485,8410,6075,NA,NA,NA,14485,8410,6075
"SINDH","KARACHI","KORANGI","LANDHI","SUB-DIVISION","Hearing",17396,10094,7302,NA,NA,NA,17396,10094,7302
"SINDH","KARACHI","KORANGI","LANDHI","SUB-DIVISION","Walking/ Climbing",23599,13334,10265,NA,NA,NA,23599,13334,10265
"SINDH","KARACHI","KORANGI","LANDHI","SUB-DIVISION","Communication",6667,3906,2761,NA,NA,NA,6667,3906,2761
"SINDH","KARACHI","KORANGI","LANDHI","SUB-DIVISION","Memorization/ Focus",10999,6134,4865,NA,NA,NA,10999,6134,4865
"SINDH","KARACHI","KORANGI","LANDHI","SUB-DIVISION","Self care etc",8860,4947,3913,NA,NA,NA,8860,4947,3913
"SINDH","KARACHI","KORANGI","MODEL COLONY","SUB-DIVISION","Population",441791,231607,210184,NA,NA,NA,441791,231607,210184
"SINDH","KARACHI","KORANGI","MODEL COLONY","SUB-DIVISION","Disability",31059,15410,15649,NA,NA,NA,31059,15410,15649
"SINDH","KARACHI","KORANGI","MODEL COLONY","SUB-DIVISION","Functional limitation",76739,41705,35034,NA,NA,NA,76739,41705,35034
"SINDH","KARACHI","KORANGI","MODEL COLONY","SUB-DIVISION","Seeing",13809,7620,6189,NA,NA,NA,13809,7620,6189
"SINDH","KARACHI","KORANGI","MODEL COLONY","SUB-DIVISION","Hearing",15807,8818,6989,NA,NA,NA,15807,8818,6989
"SINDH","KARACHI","KORANGI","MODEL COLONY","SUB-DIVISION","Walking/ Climbing",21031,11421,9610,NA,NA,NA,21031,11421,9610
"SINDH","KARACHI","KORANGI","MODEL COLONY","SUB-DIVISION","Communication",8431,4662,3769,NA,NA,NA,8431,4662,3769
"SINDH","KARACHI","KORANGI","MODEL COLONY","SUB-DIVISION","Memorization/ Focus",11790,6361,5429,NA,NA,NA,11790,6361,5429
"SINDH","KARACHI","KORANGI","MODEL COLONY","SUB-DIVISION","Self care etc",10284,5444,4840,NA,NA,NA,10284,5444,4840
"SINDH","KARACHI","KORANGI","SHAH FAISAL","SUB-DIVISION","Population",641894,340036,301858,NA,NA,NA,641894,340036,301858
"SINDH","KARACHI","KORANGI","SHAH FAISAL","SUB-DIVISION","Disability",11152,5435,5717,NA,NA,NA,11152,5435,5717
"SINDH","KARACHI","KORANGI","SHAH FAISAL","SUB-DIVISION","Functional limitation",70075,39421,30654,NA,NA,NA,70075,39421,30654
"SINDH","KARACHI","KORANGI","SHAH FAISAL","SUB-DIVISION","Seeing",13887,7752,6135,NA,NA,NA,13887,7752,6135
"SINDH","KARACHI","KORANGI","SHAH FAISAL","SUB-DIVISION","Hearing",15427,8690,6737,NA,NA,NA,15427,8690,6737
"SINDH","KARACHI","KORANGI","SHAH FAISAL","SUB-DIVISION","Walking/ Climbing",21294,11910,9384,NA,NA,NA,21294,11910,9384
"SINDH","KARACHI","KORANGI","SHAH FAISAL","SUB-DIVISION","Communication",7018,3905,3113,NA,NA,NA,7018,3905,3113
"SINDH","KARACHI","KORANGI","SHAH FAISAL","SUB-DIVISION","Memorization/ Focus",9815,5688,4127,NA,NA,NA,9815,5688,4127
"SINDH","KARACHI","KORANGI","SHAH FAISAL","SUB-DIVISION","Self care etc",7311,4111,3200,NA,NA,NA,7311,4111,3200
"SINDH","LARKANA","LARKANA","BAKRANI","TALUKA","Population",275268,144052,131216,234495,122827,111668,40773,21225,19548
"SINDH","LARKANA","LARKANA","BAKRANI","TALUKA","Disability",3424,1949,1475,2824,1652,1172,600,297,303
"SINDH","LARKANA","LARKANA","BAKRANI","TALUKA","Functional limitation",27014,14931,12083,22980,12750,10230,4034,2181,1853
"SINDH","LARKANA","LARKANA","BAKRANI","TALUKA","Seeing",5141,2873,2268,4400,2466,1934,741,407,334
"SINDH","LARKANA","LARKANA","BAKRANI","TALUKA","Hearing",6236,3471,2765,5376,3011,2365,860,460,400
"SINDH","LARKANA","LARKANA","BAKRANI","TALUKA","Walking/ Climbing",7765,4224,3541,6619,3585,3034,1146,639,507
"SINDH","LARKANA","LARKANA","BAKRANI","TALUKA","Communication",2508,1509,999,2129,1249,880,379,260,119
"SINDH","LARKANA","LARKANA","BAKRANI","TALUKA","Memorization/ Focus",4042,2322,1720,3426,1976,1450,616,346,270
"SINDH","LARKANA","LARKANA","BAKRANI","TALUKA","Self care etc",2832,1483,1349,2337,1280,1057,495,203,292
"SINDH","LARKANA","LARKANA","DOKRI","TALUKA","Population",257394,133151,124243,186513,96537,89976,70881,36614,34267
"SINDH","LARKANA","LARKANA","DOKRI","TALUKA","Disability",10702,6014,4688,8481,4756,3725,2221,1258,963
"SINDH","LARKANA","LARKANA","DOKRI","TALUKA","Functional limitation",32716,18014,14702,24237,13303,10934,8479,4711,3768
"SINDH","LARKANA","LARKANA","DOKRI","TALUKA","Seeing",6066,3371,2695,4484,2505,1979,1582,866,716
"SINDH","LARKANA","LARKANA","DOKRI","TALUKA","Hearing",6933,3886,3047,5247,2878,2369,1686,1008,678
"SINDH","LARKANA","LARKANA","DOKRI","TALUKA","Walking/ Climbing",9452,5304,4148,6794,3714,3080,2658,1590,1068
"SINDH","LARKANA","LARKANA","DOKRI","TALUKA","Communication",3365,1860,1505,2539,1472,1067,826,388,438
"SINDH","LARKANA","LARKANA","DOKRI","TALUKA","Memorization/ Focus",4737,2553,2184,3640,1960,1680,1097,593,504
"SINDH","LARKANA","LARKANA","DOKRI","TALUKA","Self care etc",4133,2270,1863,2991,1683,1308,1142,587,555
"SINDH","LARKANA","LARKANA","LARKANA","TALUKA","Population",873868,460493,413375,322152,169227,152925,551716,291266,260450
"SINDH","LARKANA","LARKANA","LARKANA","TALUKA","Disability",4654,3012,1642,1791,1162,629,2863,1850,1013
"SINDH","LARKANA","LARKANA","LARKANA","TALUKA","Functional limitation",81408,46006,35402,29181,16407,12774,52227,29599,22628
"SINDH","LARKANA","LARKANA","LARKANA","TALUKA","Seeing",15869,8846,7023,5648,3111,2537,10221,5735,4486
"SINDH","LARKANA","LARKANA","LARKANA","TALUKA","Hearing",19472,10974,8498,6968,3927,3041,12504,7047,5457
"SINDH","LARKANA","LARKANA","LARKANA","TALUKA","Walking/ Climbing",23550,13327,10223,8440,4742,3698,15110,8585,6525
"SINDH","LARKANA","LARKANA","LARKANA","TALUKA","Communication",6878,4045,2833,2413,1430,983,4465,2615,1850
"SINDH","LARKANA","LARKANA","LARKANA","TALUKA","Memorization/ Focus",11875,6755,5120,4245,2414,1831,7630,4341,3289
"SINDH","LARKANA","LARKANA","LARKANA","TALUKA","Self care etc",8688,4937,3751,3114,1765,1349,5574,3172,2402
"SINDH","LARKANA","LARKANA","RATODERO","TALUKA","Population",377923,195025,182898,243142,125576,117566,134781,69449,65332
"SINDH","LARKANA","LARKANA","RATODERO","TALUKA","Disability",3643,2694,949,2419,1802,617,1224,892,332
"SINDH","LARKANA","LARKANA","RATODERO","TALUKA","Functional limitation",35560,20168,15392,22699,12925,9774,12861,7243,5618
"SINDH","LARKANA","LARKANA","RATODERO","TALUKA","Seeing",6955,3850,3105,4451,2445,2006,2504,1405,1099
"SINDH","LARKANA","LARKANA","RATODERO","TALUKA","Hearing",8011,4458,3553,5089,2819,2270,2922,1639,1283
"SINDH","LARKANA","LARKANA","RATODERO","TALUKA","Walking/ Climbing",10815,6194,4621,6983,4018,2965,3832,2176,1656
"SINDH","LARKANA","LARKANA","RATODERO","TALUKA","Communication",3247,2042,1205,1954,1175,779,1293,867,426
"SINDH","LARKANA","LARKANA","RATODERO","TALUKA","Memorization/ Focus",5231,3044,2187,3393,1998,1395,1838,1046,792
"SINDH","LARKANA","LARKANA","RATODERO","TALUKA","Self care etc",3743,2178,1565,2452,1469,983,1291,709,582
"SINDH","KARACHI","MALIR","AIRPORT","SUB-DIVISION","Population",249544,128302,121242,NA,NA,NA,249544,128302,121242
"SINDH","KARACHI","MALIR","AIRPORT","SUB-DIVISION","Disability",4864,2436,2428,NA,NA,NA,4864,2436,2428
"SINDH","KARACHI","MALIR","AIRPORT","SUB-DIVISION","Functional limitation",20716,10553,10163,NA,NA,NA,20716,10553,10163
"SINDH","KARACHI","MALIR","AIRPORT","SUB-DIVISION","Seeing",4058,2143,1915,NA,NA,NA,4058,2143,1915
"SINDH","KARACHI","MALIR","AIRPORT","SUB-DIVISION","Hearing",4759,2515,2244,NA,NA,NA,4759,2515,2244
"SINDH","KARACHI","MALIR","AIRPORT","SUB-DIVISION","Walking/ Climbing",6128,3140,2988,NA,NA,NA,6128,3140,2988
"SINDH","KARACHI","MALIR","AIRPORT","SUB-DIVISION","Communication",2766,1345,1421,NA,NA,NA,2766,1345,1421
"SINDH","KARACHI","MALIR","AIRPORT","SUB-DIVISION","Memorization/ Focus",3118,1641,1477,NA,NA,NA,3118,1641,1477
"SINDH","KARACHI","MALIR","AIRPORT","SUB-DIVISION","Self care etc",2091,1035,1056,NA,NA,NA,2091,1035,1056
"SINDH","KARACHI","MALIR","BIN QASIM","SUB-DIVISION","Population",322915,172419,150496,322915,172419,150496,NA,NA,NA
"SINDH","KARACHI","MALIR","BIN QASIM","SUB-DIVISION","Disability",4979,2944,2035,4979,2944,2035,NA,NA,NA
"SINDH","KARACHI","MALIR","BIN QASIM","SUB-DIVISION","Functional limitation",21044,11672,9372,21044,11672,9372,NA,NA,NA
"SINDH","KARACHI","MALIR","BIN QASIM","SUB-DIVISION","Seeing",4239,2333,1906,4239,2333,1906,NA,NA,NA
"SINDH","KARACHI","MALIR","BIN QASIM","SUB-DIVISION","Hearing",4769,2571,2198,4769,2571,2198,NA,NA,NA
"SINDH","KARACHI","MALIR","BIN QASIM","SUB-DIVISION","Walking/ Climbing",6724,3712,3012,6724,3712,3012,NA,NA,NA
"SINDH","KARACHI","MALIR","BIN QASIM","SUB-DIVISION","Communication",2617,1615,1002,2617,1615,1002,NA,NA,NA
"SINDH","KARACHI","MALIR","BIN QASIM","SUB-DIVISION","Memorization/ Focus",3507,2068,1439,3507,2068,1439,NA,NA,NA
"SINDH","KARACHI","MALIR","BIN QASIM","SUB-DIVISION","Self care etc",2360,1342,1018,2360,1342,1018,NA,NA,NA
"SINDH","KARACHI","MALIR","GADAP","SUB-DIVISION","Population",100200,52257,47943,100200,52257,47943,NA,NA,NA
"SINDH","KARACHI","MALIR","GADAP","SUB-DIVISION","Disability",5471,2293,3178,5471,2293,3178,NA,NA,NA
"SINDH","KARACHI","MALIR","GADAP","SUB-DIVISION","Functional limitation",11196,5133,6063,11196,5133,6063,NA,NA,NA
"SINDH","KARACHI","MALIR","GADAP","SUB-DIVISION","Seeing",1858,879,979,1858,879,979,NA,NA,NA
"SINDH","KARACHI","MALIR","GADAP","SUB-DIVISION","Hearing",2215,1224,991,2215,1224,991,NA,NA,NA
"SINDH","KARACHI","MALIR","GADAP","SUB-DIVISION","Walking/ Climbing",3033,1372,1661,3033,1372,1661,NA,NA,NA
"SINDH","KARACHI","MALIR","GADAP","SUB-DIVISION","Communication",1381,694,687,1381,694,687,NA,NA,NA
"SINDH","KARACHI","MALIR","GADAP","SUB-DIVISION","Memorization/ Focus",2183,951,1232,2183,951,1232,NA,NA,NA
"SINDH","KARACHI","MALIR","GADAP","SUB-DIVISION","Self care etc",1782,705,1077,1782,705,1077,NA,NA,NA
"SINDH","KARACHI","MALIR","IBRAHIM HYDRI","SUB-DIVISION","Population",1334133,714778,619355,654857,351128,303729,679276,363650,315626
"SINDH","KARACHI","MALIR","IBRAHIM HYDRI","SUB-DIVISION","Disability",22961,11468,11493,6721,3304,3417,16240,8164,8076
"SINDH","KARACHI","MALIR","IBRAHIM HYDRI","SUB-DIVISION","Functional limitation",83470,44810,38660,35182,18885,16297,48288,25925,22363
"SINDH","KARACHI","MALIR","IBRAHIM HYDRI","SUB-DIVISION","Seeing",17879,9783,8096,7138,3855,3283,10741,5928,4813
"SINDH","KARACHI","MALIR","IBRAHIM HYDRI","SUB-DIVISION","Hearing",19595,10726,8869,7979,4305,3674,11616,6421,5195
"SINDH","KARACHI","MALIR","IBRAHIM HYDRI","SUB-DIVISION","Walking/ Climbing",29188,15844,13344,11592,6286,5306,17596,9558,8038
"SINDH","KARACHI","MALIR","IBRAHIM HYDRI","SUB-DIVISION","Communication",11305,6417,4888,3828,2170,1658,7477,4247,3230
"SINDH","KARACHI","MALIR","IBRAHIM HYDRI","SUB-DIVISION","Memorization/ Focus",14768,8261,6507,5522,3063,2459,9246,5198,4048
"SINDH","KARACHI","MALIR","IBRAHIM HYDRI","SUB-DIVISION","Self care etc",8705,4599,4106,3523,1866,1657,5182,2733,2449
"SINDH","KARACHI","MALIR","MURAD MEMON","SUB-DIVISION","Population",376957,195981,180976,150719,78782,71937,226238,117199,109039
"SINDH","KARACHI","MALIR","MURAD MEMON","SUB-DIVISION","Disability",5225,2498,2727,2104,1026,1078,3121,1472,1649
"SINDH","KARACHI","MALIR","MURAD MEMON","SUB-DIVISION","Functional limitation",26812,13616,13196,9807,5023,4784,17005,8593,8412
"SINDH","KARACHI","MALIR","MURAD MEMON","SUB-DIVISION","Seeing",5423,2852,2571,2031,1088,943,3392,1764,1628
"SINDH","KARACHI","MALIR","MURAD MEMON","SUB-DIVISION","Hearing",5983,3107,2876,2078,1100,978,3905,2007,1898
"SINDH","KARACHI","MALIR","MURAD MEMON","SUB-DIVISION","Walking/ Climbing",8559,4408,4151,3143,1624,1519,5416,2784,2632
"SINDH","KARACHI","MALIR","MURAD MEMON","SUB-DIVISION","Communication",3071,1621,1450,1124,599,525,1947,1022,925
"SINDH","KARACHI","MALIR","MURAD MEMON","SUB-DIVISION","Memorization/ Focus",4458,2335,2123,1626,824,802,2832,1511,1321
"SINDH","KARACHI","MALIR","MURAD MEMON","SUB-DIVISION","Self care etc",2742,1317,1425,958,453,505,1784,864,920
"SINDH","KARACHI","MALIR","SHAH MUREED","SUB-DIVISION","Population",35987,19092,16895,35987,19092,16895,NA,NA,NA
"SINDH","KARACHI","MALIR","SHAH MUREED","SUB-DIVISION","Disability",2920,1351,1569,2920,1351,1569,NA,NA,NA
"SINDH","KARACHI","MALIR","SHAH MUREED","SUB-DIVISION","Functional limitation",4569,2195,2374,4569,2195,2374,NA,NA,NA
"SINDH","KARACHI","MALIR","SHAH MUREED","SUB-DIVISION","Seeing",1038,524,514,1038,524,514,NA,NA,NA
"SINDH","KARACHI","MALIR","SHAH MUREED","SUB-DIVISION","Hearing",883,380,503,883,380,503,NA,NA,NA
"SINDH","KARACHI","MALIR","SHAH MUREED","SUB-DIVISION","Walking/ Climbing",1160,618,542,1160,618,542,NA,NA,NA
"SINDH","KARACHI","MALIR","SHAH MUREED","SUB-DIVISION","Communication",480,230,250,480,230,250,NA,NA,NA
"SINDH","KARACHI","MALIR","SHAH MUREED","SUB-DIVISION","Memorization/ Focus",579,283,296,579,283,296,NA,NA,NA
"SINDH","KARACHI","MALIR","SHAH MUREED","SUB-DIVISION","Self care etc",620,262,358,620,262,358,NA,NA,NA
"SINDH","HYDERABAD","MATIARI","HALA","TALUKA","Population",286155,144005,142150,155724,78472,77252,130431,65533,64898
"SINDH","HYDERABAD","MATIARI","HALA","TALUKA","Disability",4148,2188,1960,2297,1212,1085,1851,976,875
"SINDH","HYDERABAD","MATIARI","HALA","TALUKA","Functional limitation",18856,9547,9309,10019,5072,4947,8837,4475,4362
"SINDH","HYDERABAD","MATIARI","HALA","TALUKA","Seeing",3748,1936,1812,2022,1052,970,1726,884,842
"SINDH","HYDERABAD","MATIARI","HALA","TALUKA","Hearing",3963,2016,1947,2098,1063,1035,1865,953,912
"SINDH","HYDERABAD","MATIARI","HALA","TALUKA","Walking/ Climbing",6301,3240,3061,3349,1719,1630,2952,1521,1431
"SINDH","HYDERABAD","MATIARI","HALA","TALUKA","Communication",2168,1199,969,1273,715,558,895,484,411
"SINDH","HYDERABAD","MATIARI","HALA","TALUKA","Memorization/ Focus",2823,1452,1371,1469,748,721,1354,704,650
"SINDH","HYDERABAD","MATIARI","HALA","TALUKA","Self care etc",1836,894,942,949,460,489,887,434,453
"SINDH","HYDERABAD","MATIARI","MATIARI","TALUKA","Population",377945,192619,185326,329787,167997,161790,48158,24622,23536
"SINDH","HYDERABAD","MATIARI","MATIARI","TALUKA","Disability",4417,2318,2099,3831,2004,1827,586,314,272
"SINDH","HYDERABAD","MATIARI","MATIARI","TALUKA","Functional limitation",22430,11411,11019,19373,9823,9550,3057,1588,1469
"SINDH","HYDERABAD","MATIARI","MATIARI","TALUKA","Seeing",4510,2312,2198,3918,2000,1918,592,312,280
"SINDH","HYDERABAD","MATIARI","MATIARI","TALUKA","Hearing",4825,2446,2379,4164,2105,2059,661,341,320
"SINDH","HYDERABAD","MATIARI","MATIARI","TALUKA","Walking/ Climbing",7522,3885,3637,6526,3361,3165,996,524,472
"SINDH","HYDERABAD","MATIARI","MATIARI","TALUKA","Communication",2336,1252,1084,2011,1069,942,325,183,142
"SINDH","HYDERABAD","MATIARI","MATIARI","TALUKA","Memorization/ Focus",3385,1758,1627,2940,1519,1421,445,239,206
"SINDH","HYDERABAD","MATIARI","MATIARI","TALUKA","Self care etc",2229,1089,1140,1915,932,983,314,157,157
"SINDH","HYDERABAD","MATIARI","SAEEDABAD","TALUKA","Population",185251,93481,91770,161177,81405,79772,24074,12076,11998
"SINDH","HYDERABAD","MATIARI","SAEEDABAD","TALUKA","Disability",9762,4798,4964,9220,4514,4706,542,284,258
"SINDH","HYDERABAD","MATIARI","SAEEDABAD","TALUKA","Functional limitation",18926,9337,9589,17124,8410,8714,1802,927,875
"SINDH","HYDERABAD","MATIARI","SAEEDABAD","TALUKA","Seeing",3426,1708,1718,3116,1545,1571,310,163,147
"SINDH","HYDERABAD","MATIARI","SAEEDABAD","TALUKA","Hearing",3616,1817,1799,3268,1638,1630,348,179,169
"SINDH","HYDERABAD","MATIARI","SAEEDABAD","TALUKA","Walking/ Climbing",6110,3061,3049,5536,2751,2785,574,310,264
"SINDH","HYDERABAD","MATIARI","SAEEDABAD","TALUKA","Communication",2431,1221,1210,2256,1129,1127,175,92,83
"SINDH","HYDERABAD","MATIARI","SAEEDABAD","TALUKA","Memorization/ Focus",3041,1531,1510,2728,1389,1339,313,142,171
"SINDH","HYDERABAD","MATIARI","SAEEDABAD","TALUKA","Self care etc",2334,1133,1201,2092,996,1096,242,137,105
"SINDH","MIRPUR KHAS","MIRPUR KHAS","DIGRI","TALUKA","Population",234578,122270,112308,151616,78682,72934,82962,43588,39374
"SINDH","MIRPUR KHAS","MIRPUR KHAS","DIGRI","TALUKA","Disability",4704,2424,2280,2996,1581,1415,1708,843,865
"SINDH","MIRPUR KHAS","MIRPUR KHAS","DIGRI","TALUKA","Functional limitation",24028,12628,11400,14950,7865,7085,9078,4763,4315
"SINDH","MIRPUR KHAS","MIRPUR KHAS","DIGRI","TALUKA","Seeing",4872,2538,2334,3085,1594,1491,1787,944,843
"SINDH","MIRPUR KHAS","MIRPUR KHAS","DIGRI","TALUKA","Hearing",5321,2880,2441,3252,1728,1524,2069,1152,917
"SINDH","MIRPUR KHAS","MIRPUR KHAS","DIGRI","TALUKA","Walking/ Climbing",7344,3980,3364,4519,2417,2102,2825,1563,1262
"SINDH","MIRPUR KHAS","MIRPUR KHAS","DIGRI","TALUKA","Communication",2489,1294,1195,1702,874,828,787,420,367
"SINDH","MIRPUR KHAS","MIRPUR KHAS","DIGRI","TALUKA","Memorization/ Focus",3860,1996,1864,2534,1322,1212,1326,674,652
"SINDH","MIRPUR KHAS","MIRPUR KHAS","DIGRI","TALUKA","Self care etc",2690,1355,1335,1586,906,680,1104,449,655
"SINDH","MIRPUR KHAS","MIRPUR KHAS","HUSSAIN BUX MARI","TALUKA","Population",172143,90141,82002,172143,90141,82002,NA,NA,NA
"SINDH","MIRPUR KHAS","MIRPUR KHAS","HUSSAIN BUX MARI","TALUKA","Disability",7362,3388,3974,7362,3388,3974,NA,NA,NA
"SINDH","MIRPUR KHAS","MIRPUR KHAS","HUSSAIN BUX MARI","TALUKA","Functional limitation",20437,10274,10163,20437,10274,10163,NA,NA,NA
"SINDH","MIRPUR KHAS","MIRPUR KHAS","HUSSAIN BUX MARI","TALUKA","Seeing",3779,1983,1796,3779,1983,1796,NA,NA,NA
"SINDH","MIRPUR KHAS","MIRPUR KHAS","HUSSAIN BUX MARI","TALUKA","Hearing",4396,2266,2130,4396,2266,2130,NA,NA,NA
"SINDH","MIRPUR KHAS","MIRPUR KHAS","HUSSAIN BUX MARI","TALUKA","Walking/ Climbing",5983,3007,2976,5983,3007,2976,NA,NA,NA
"SINDH","MIRPUR KHAS","MIRPUR KHAS","HUSSAIN BUX MARI","TALUKA","Communication",1928,1009,919,1928,1009,919,NA,NA,NA
"SINDH","MIRPUR KHAS","MIRPUR KHAS","HUSSAIN BUX MARI","TALUKA","Memorization/ Focus",2930,1472,1458,2930,1472,1458,NA,NA,NA
"SINDH","MIRPUR KHAS","MIRPUR KHAS","HUSSAIN BUX MARI","TALUKA","Self care etc",2482,1201,1281,2482,1201,1281,NA,NA,NA
"SINDH","MIRPUR KHAS","MIRPUR KHAS","JHUDO","TALUKA","Population",230285,122368,107917,162610,86494,76116,67675,35874,31801
"SINDH","MIRPUR KHAS","MIRPUR KHAS","JHUDO","TALUKA","Disability",2186,1081,1105,1444,730,714,742,351,391
"SINDH","MIRPUR KHAS","MIRPUR KHAS","JHUDO","TALUKA","Functional limitation",19052,10068,8984,12946,6808,6138,6106,3260,2846
"SINDH","MIRPUR KHAS","MIRPUR KHAS","JHUDO","TALUKA","Seeing",3812,1979,1833,2573,1320,1253,1239,659,580
"SINDH","MIRPUR KHAS","MIRPUR KHAS","JHUDO","TALUKA","Hearing",4424,2380,2044,3049,1619,1430,1375,761,614
"SINDH","MIRPUR KHAS","MIRPUR KHAS","JHUDO","TALUKA","Walking/ Climbing",5759,3025,2734,3814,1990,1824,1945,1035,910
"SINDH","MIRPUR KHAS","MIRPUR KHAS","JHUDO","TALUKA","Communication",1616,907,709,1097,629,468,519,278,241
"SINDH","MIRPUR KHAS","MIRPUR KHAS","JHUDO","TALUKA","Memorization/ Focus",2832,1507,1325,1926,1017,909,906,490,416
"SINDH","MIRPUR KHAS","MIRPUR KHAS","JHUDO","TALUKA","Self care etc",2014,1042,972,1381,709,672,633,333,300
"SINDH","MIRPUR KHAS","MIRPUR KHAS","KOT GHULAM MUHAMMAD","TALUKA","Population",309901,162288,147613,279988,146689,133299,29913,15599,14314
"SINDH","MIRPUR KHAS","MIRPUR KHAS","KOT GHULAM MUHAMMAD","TALUKA","Disability",3752,1886,1866,3283,1655,1628,469,231,238
"SINDH","MIRPUR KHAS","MIRPUR KHAS","KOT GHULAM MUHAMMAD","TALUKA","Functional limitation",26754,13960,12794,23622,12331,11291,3132,1629,1503
"SINDH","MIRPUR KHAS","MIRPUR KHAS","KOT GHULAM MUHAMMAD","TALUKA","Seeing",5647,2950,2697,5024,2623,2401,623,327,296
"SINDH","MIRPUR KHAS","MIRPUR KHAS","KOT GHULAM MUHAMMAD","TALUKA","Hearing",6219,3297,2922,5520,2932,2588,699,365,334
"SINDH","MIRPUR KHAS","MIRPUR KHAS","KOT GHULAM MUHAMMAD","TALUKA","Walking/ Climbing",8429,4455,3974,7406,3904,3502,1023,551,472
"SINDH","MIRPUR KHAS","MIRPUR KHAS","KOT GHULAM MUHAMMAD","TALUKA","Communication",2503,1392,1111,2204,1226,978,299,166,133
"SINDH","MIRPUR KHAS","MIRPUR KHAS","KOT GHULAM MUHAMMAD","TALUKA","Memorization/ Focus",4121,2208,1913,3640,1956,1684,481,252,229
"SINDH","MIRPUR KHAS","MIRPUR KHAS","KOT GHULAM MUHAMMAD","TALUKA","Self care etc",2704,1373,1331,2378,1205,1173,326,168,158
"SINDH","MIRPUR KHAS","MIRPUR KHAS","MIRPUR KHAS","TALUKA","Population",287637,150410,137227,19856,10350,9506,267781,140060,127721
"SINDH","MIRPUR KHAS","MIRPUR KHAS","MIRPUR KHAS","TALUKA","Disability",7316,3435,3881,245,115,130,7071,3320,3751
"SINDH","MIRPUR KHAS","MIRPUR KHAS","MIRPUR KHAS","TALUKA","Functional limitation",32888,17177,15711,1894,989,905,30994,16188,14806
"SINDH","MIRPUR KHAS","MIRPUR KHAS","MIRPUR KHAS","TALUKA","Seeing",6504,3443,3061,359,188,171,6145,3255,2890
"SINDH","MIRPUR KHAS","MIRPUR KHAS","MIRPUR KHAS","TALUKA","Hearing",6898,3671,3227,432,228,204,6466,3443,3023
"SINDH","MIRPUR KHAS","MIRPUR KHAS","MIRPUR KHAS","TALUKA","Walking/ Climbing",10632,5524,5108,585,311,274,10047,5213,4834
"SINDH","MIRPUR KHAS","MIRPUR KHAS","MIRPUR KHAS","TALUKA","Communication",3121,1676,1445,169,88,81,2952,1588,1364
"SINDH","MIRPUR KHAS","MIRPUR KHAS","MIRPUR KHAS","TALUKA","Memorization/ Focus",4835,2567,2268,270,139,131,4565,2428,2137
"SINDH","MIRPUR KHAS","MIRPUR KHAS","MIRPUR KHAS","TALUKA","Self care etc",3550,1802,1748,200,104,96,3350,1698,1652
"SINDH","MIRPUR KHAS","MIRPUR KHAS","SHUJAABAD","TALUKA","Population",185654,96634,89020,162606,84584,78022,23048,12050,10998
"SINDH","MIRPUR KHAS","MIRPUR KHAS","SHUJAABAD","TALUKA","Disability",3646,1764,1882,3218,1546,1672,428,218,210
"SINDH","MIRPUR KHAS","MIRPUR KHAS","SHUJAABAD","TALUKA","Functional limitation",18200,9398,8802,15855,8188,7667,2345,1210,1135
"SINDH","MIRPUR KHAS","MIRPUR KHAS","SHUJAABAD","TALUKA","Seeing",3498,1783,1715,3079,1572,1507,419,211,208
"SINDH","MIRPUR KHAS","MIRPUR KHAS","SHUJAABAD","TALUKA","Hearing",4057,2043,2014,3561,1796,1765,496,247,249
"SINDH","MIRPUR KHAS","MIRPUR KHAS","SHUJAABAD","TALUKA","Walking/ Climbing",5347,2693,2654,4602,2346,2256,745,347,398
"SINDH","MIRPUR KHAS","MIRPUR KHAS","SHUJAABAD","TALUKA","Communication",1956,1036,920,1683,853,830,273,183,90
"SINDH","MIRPUR KHAS","MIRPUR KHAS","SHUJAABAD","TALUKA","Memorization/ Focus",2678,1495,1183,2374,1340,1034,304,155,149
"SINDH","MIRPUR KHAS","MIRPUR KHAS","SHUJAABAD","TALUKA","Self care etc",1853,989,864,1631,880,751,222,109,113
"SINDH","MIRPUR KHAS","MIRPUR KHAS","SINDHRI","TALUKA","Population",260782,137831,122951,240213,126975,113238,20569,10856,9713
"SINDH","MIRPUR KHAS","MIRPUR KHAS","SINDHRI","TALUKA","Disability",2253,1092,1161,2045,1001,1044,208,91,117
"SINDH","MIRPUR KHAS","MIRPUR KHAS","SINDHRI","TALUKA","Functional limitation",20762,10909,9853,19137,10090,9047,1625,819,806
"SINDH","MIRPUR KHAS","MIRPUR KHAS","SINDHRI","TALUKA","Seeing",4175,2231,1944,3865,2076,1789,310,155,155
"SINDH","MIRPUR KHAS","MIRPUR KHAS","SINDHRI","TALUKA","Hearing",4848,2600,2248,4483,2417,2066,365,183,182
"SINDH","MIRPUR KHAS","MIRPUR KHAS","SINDHRI","TALUKA","Walking/ Climbing",6435,3400,3035,5929,3148,2781,506,252,254
"SINDH","MIRPUR KHAS","MIRPUR KHAS","SINDHRI","TALUKA","Communication",1781,994,787,1639,917,722,142,77,65
"SINDH","MIRPUR KHAS","MIRPUR KHAS","SINDHRI","TALUKA","Memorization/ Focus",3079,1656,1423,2857,1542,1315,222,114,108
"SINDH","MIRPUR KHAS","MIRPUR KHAS","SINDHRI","TALUKA","Self care etc",2164,1106,1058,2001,1025,976,163,81,82
"SINDH","SHAHEED BENAZIRABAD","NAUSHAHRO FEROZE","BHIRIA","TALUKA","Population",329920,167762,162158,257760,131459,126301,72160,36303,35857
"SINDH","SHAHEED BENAZIRABAD","NAUSHAHRO FEROZE","BHIRIA","TALUKA","Disability",5589,2831,2758,3816,1969,1847,1773,862,911
"SINDH","SHAHEED BENAZIRABAD","NAUSHAHRO FEROZE","BHIRIA","TALUKA","Functional limitation",29819,13763,16056,22452,10403,12049,7367,3360,4007
"SINDH","SHAHEED BENAZIRABAD","NAUSHAHRO FEROZE","BHIRIA","TALUKA","Seeing",5592,2627,2965,4175,1976,2199,1417,651,766
"SINDH","SHAHEED BENAZIRABAD","NAUSHAHRO FEROZE","BHIRIA","TALUKA","Hearing",6511,3031,3480,4932,2298,2634,1579,733,846
"SINDH","SHAHEED BENAZIRABAD","NAUSHAHRO FEROZE","BHIRIA","TALUKA","Walking/ Climbing",9008,4274,4734,6760,3212,3548,2248,1062,1186
"SINDH","SHAHEED BENAZIRABAD","NAUSHAHRO FEROZE","BHIRIA","TALUKA","Communication",2952,1446,1506,2271,1138,1133,681,308,373
"SINDH","SHAHEED BENAZIRABAD","NAUSHAHRO FEROZE","BHIRIA","TALUKA","Memorization/ Focus",4222,1997,2225,3219,1534,1685,1003,463,540
"SINDH","SHAHEED BENAZIRABAD","NAUSHAHRO FEROZE","BHIRIA","TALUKA","Self care etc",3187,1455,1732,2362,1067,1295,825,388,437
"SINDH","SHAHEED BENAZIRABAD","NAUSHAHRO FEROZE","KANDIARO","TALUKA","Population",356506,180464,176042,312124,158234,153890,44382,22230,22152
"SINDH","SHAHEED BENAZIRABAD","NAUSHAHRO FEROZE","KANDIARO","TALUKA","Disability",4442,2099,2343,3890,1845,2045,552,254,298
"SINDH","SHAHEED BENAZIRABAD","NAUSHAHRO FEROZE","KANDIARO","TALUKA","Functional limitation",29392,13129,16263,25407,11356,14051,3985,1773,2212
"SINDH","SHAHEED BENAZIRABAD","NAUSHAHRO FEROZE","KANDIARO","TALUKA","Seeing",5684,2601,3083,4943,2266,2677,741,335,406
"SINDH","SHAHEED BENAZIRABAD","NAUSHAHRO FEROZE","KANDIARO","TALUKA","Hearing",6635,2922,3713,5727,2513,3214,908,409,499
"SINDH","SHAHEED BENAZIRABAD","NAUSHAHRO FEROZE","KANDIARO","TALUKA","Walking/ Climbing",9295,4305,4990,8106,3769,4337,1189,536,653
"SINDH","SHAHEED BENAZIRABAD","NAUSHAHRO FEROZE","KANDIARO","TALUKA","Communication",2629,1267,1362,2225,1083,1142,404,184,220
"SINDH","SHAHEED BENAZIRABAD","NAUSHAHRO FEROZE","KANDIARO","TALUKA","Memorization/ Focus",4251,1966,2285,3655,1692,1963,596,274,322
"SINDH","SHAHEED BENAZIRABAD","NAUSHAHRO FEROZE","KANDIARO","TALUKA","Self care etc",3064,1329,1735,2639,1142,1497,425,187,238
"SINDH","SHAHEED BENAZIRABAD","NAUSHAHRO FEROZE","MEHRABPUR","TALUKA","Population",273567,138380,135187,190469,96264,94205,83098,42116,40982
"SINDH","SHAHEED BENAZIRABAD","NAUSHAHRO FEROZE","MEHRABPUR","TALUKA","Disability",7438,3775,3663,5728,2892,2836,1710,883,827
"SINDH","SHAHEED BENAZIRABAD","NAUSHAHRO FEROZE","MEHRABPUR","TALUKA","Functional limitation",26996,12368,14628,19083,8723,10360,7913,3645,4268
"SINDH","SHAHEED BENAZIRABAD","NAUSHAHRO FEROZE","MEHRABPUR","TALUKA","Seeing",4844,2232,2612,3383,1539,1844,1461,693,768
"SINDH","SHAHEED BENAZIRABAD","NAUSHAHRO FEROZE","MEHRABPUR","TALUKA","Hearing",5786,2706,3080,4046,1902,2144,1740,804,936
"SINDH","SHAHEED BENAZIRABAD","NAUSHAHRO FEROZE","MEHRABPUR","TALUKA","Walking/ Climbing",7925,3722,4203,5434,2501,2933,2491,1221,1270
"SINDH","SHAHEED BENAZIRABAD","NAUSHAHRO FEROZE","MEHRABPUR","TALUKA","Communication",3017,1505,1512,2158,1084,1074,859,421,438
"SINDH","SHAHEED BENAZIRABAD","NAUSHAHRO FEROZE","MEHRABPUR","TALUKA","Memorization/ Focus",4180,1992,2188,2995,1448,1547,1185,544,641
"SINDH","SHAHEED BENAZIRABAD","NAUSHAHRO FEROZE","MEHRABPUR","TALUKA","Self care etc",3098,1312,1786,2265,965,1300,833,347,486
"SINDH","SHAHEED BENAZIRABAD","NAUSHAHRO FEROZE","MORO","TALUKA","Population",408110,208102,200008,265463,135803,129660,142647,72299,70348
"SINDH","SHAHEED BENAZIRABAD","NAUSHAHRO FEROZE","MORO","TALUKA","Disability",9053,4414,4639,6342,3035,3307,2711,1379,1332
"SINDH","SHAHEED BENAZIRABAD","NAUSHAHRO FEROZE","MORO","TALUKA","Functional limitation",38544,17574,20970,25343,11521,13822,13201,6053,7148
"SINDH","SHAHEED BENAZIRABAD","NAUSHAHRO FEROZE","MORO","TALUKA","Seeing",7349,3463,3886,4835,2289,2546,2514,1174,1340
"SINDH","SHAHEED BENAZIRABAD","NAUSHAHRO FEROZE","MORO","TALUKA","Hearing",8295,3775,4520,5445,2505,2940,2850,1270,1580
"SINDH","SHAHEED BENAZIRABAD","NAUSHAHRO FEROZE","MORO","TALUKA","Walking/ Climbing",12317,5954,6363,8170,3940,4230,4147,2014,2133
"SINDH","SHAHEED BENAZIRABAD","NAUSHAHRO FEROZE","MORO","TALUKA","Communication",4085,1948,2137,2640,1267,1373,1445,681,764
"SINDH","SHAHEED BENAZIRABAD","NAUSHAHRO FEROZE","MORO","TALUKA","Memorization/ Focus",6034,2773,3261,3948,1800,2148,2086,973,1113
"SINDH","SHAHEED BENAZIRABAD","NAUSHAHRO FEROZE","MORO","TALUKA","Self care etc",4236,1854,2382,2842,1218,1624,1394,636,758
"SINDH","SHAHEED BENAZIRABAD","NAUSHAHRO FEROZE","NAUSHAHRO FEROZE","TALUKA","Population",408356,206690,201666,244022,123777,120245,164334,82913,81421
"SINDH","SHAHEED BENAZIRABAD","NAUSHAHRO FEROZE","NAUSHAHRO FEROZE","TALUKA","Disability",6130,2974,3156,3122,1547,1575,3008,1427,1581
"SINDH","SHAHEED BENAZIRABAD","NAUSHAHRO FEROZE","NAUSHAHRO FEROZE","TALUKA","Functional limitation",35822,16320,19502,20667,9389,11278,15155,6931,8224
"SINDH","SHAHEED BENAZIRABAD","NAUSHAHRO FEROZE","NAUSHAHRO FEROZE","TALUKA","Seeing",7284,3448,3836,4099,1940,2159,3185,1508,1677
"SINDH","SHAHEED BENAZIRABAD","NAUSHAHRO FEROZE","NAUSHAHRO FEROZE","TALUKA","Hearing",8176,3755,4421,4759,2158,2601,3417,1597,1820
"SINDH","SHAHEED BENAZIRABAD","NAUSHAHRO FEROZE","NAUSHAHRO FEROZE","TALUKA","Walking/ Climbing",11224,5265,5959,6463,3033,3430,4761,2232,2529
"SINDH","SHAHEED BENAZIRABAD","NAUSHAHRO FEROZE","NAUSHAHRO FEROZE","TALUKA","Communication",3619,1763,1856,2130,1066,1064,1489,697,792
"SINDH","SHAHEED BENAZIRABAD","NAUSHAHRO FEROZE","NAUSHAHRO FEROZE","TALUKA","Memorization/ Focus",5299,2516,2783,3114,1477,1637,2185,1039,1146
"SINDH","SHAHEED BENAZIRABAD","NAUSHAHRO FEROZE","NAUSHAHRO FEROZE","TALUKA","Self care etc",3746,1620,2126,2169,938,1231,1577,682,895
"SINDH","SHAHEED BENAZIRABAD","SANGHAR","JAM NAWAZ ALI","TALUKA","Population",171598,86586,85012,144341,72843,71498,27257,13743,13514
"SINDH","SHAHEED BENAZIRABAD","SANGHAR","JAM NAWAZ ALI","TALUKA","Disability",5521,2745,2776,4811,2433,2378,710,312,398
"SINDH","SHAHEED BENAZIRABAD","SANGHAR","JAM NAWAZ ALI","TALUKA","Functional limitation",11824,6035,5789,10010,5162,4848,1814,873,941
"SINDH","SHAHEED BENAZIRABAD","SANGHAR","JAM NAWAZ ALI","TALUKA","Seeing",1918,988,930,1581,822,759,337,166,171
"SINDH","SHAHEED BENAZIRABAD","SANGHAR","JAM NAWAZ ALI","TALUKA","Hearing",2486,1299,1187,2124,1101,1023,362,198,164
"SINDH","SHAHEED BENAZIRABAD","SANGHAR","JAM NAWAZ ALI","TALUKA","Walking/ Climbing",3574,1891,1683,3001,1592,1409,573,299,274
"SINDH","SHAHEED BENAZIRABAD","SANGHAR","JAM NAWAZ ALI","TALUKA","Communication",2019,1042,977,1630,891,739,389,151,238
"SINDH","SHAHEED BENAZIRABAD","SANGHAR","JAM NAWAZ ALI","TALUKA","Memorization/ Focus",1904,963,941,1608,800,808,296,163,133
"SINDH","SHAHEED BENAZIRABAD","SANGHAR","JAM NAWAZ ALI","TALUKA","Self care etc",1305,668,637,1105,573,532,200,95,105
"SINDH","SHAHEED BENAZIRABAD","SANGHAR","KHIPRO","TALUKA","Population",366720,187324,179396,308413,157584,150829,58307,29740,28567
"SINDH","SHAHEED BENAZIRABAD","SANGHAR","KHIPRO","TALUKA","Disability",11453,6107,5346,10065,5353,4712,1388,754,634
"SINDH","SHAHEED BENAZIRABAD","SANGHAR","KHIPRO","TALUKA","Functional limitation",25441,13504,11937,21596,11480,10116,3845,2024,1821
"SINDH","SHAHEED BENAZIRABAD","SANGHAR","KHIPRO","TALUKA","Seeing",4435,2367,2068,3743,2014,1729,692,353,339
"SINDH","SHAHEED BENAZIRABAD","SANGHAR","KHIPRO","TALUKA","Hearing",4775,2541,2234,4034,2148,1886,741,393,348
"SINDH","SHAHEED BENAZIRABAD","SANGHAR","KHIPRO","TALUKA","Walking/ Climbing",8985,4782,4203,7705,4102,3603,1280,680,600
"SINDH","SHAHEED BENAZIRABAD","SANGHAR","KHIPRO","TALUKA","Communication",3219,1709,1510,2735,1454,1281,484,255,229
"SINDH","SHAHEED BENAZIRABAD","SANGHAR","KHIPRO","TALUKA","Memorization/ Focus",4028,2204,1824,3402,1879,1523,626,325,301
"SINDH","SHAHEED BENAZIRABAD","SANGHAR","KHIPRO","TALUKA","Self care etc",2916,1522,1394,2466,1282,1184,450,240,210
"SINDH","SHAHEED BENAZIRABAD","SANGHAR","SANGHAR","TALUKA","Population",482527,246139,236388,387485,198155,189330,95042,47984,47058
"SINDH","SHAHEED BENAZIRABAD","SANGHAR","SANGHAR","TALUKA","Disability",7242,4002,3240,5806,3207,2599,1436,795,641
"SINDH","SHAHEED BENAZIRABAD","SANGHAR","SANGHAR","TALUKA","Functional limitation",26432,14098,12334,20772,11105,9667,5660,2993,2667
"SINDH","SHAHEED BENAZIRABAD","SANGHAR","SANGHAR","TALUKA","Seeing",5490,2946,2544,4365,2345,2020,1125,601,524
"SINDH","SHAHEED BENAZIRABAD","SANGHAR","SANGHAR","TALUKA","Hearing",5994,3223,2771,4772,2581,2191,1222,642,580
"SINDH","SHAHEED BENAZIRABAD","SANGHAR","SANGHAR","TALUKA","Walking/ Climbing",9179,4965,4214,7214,3898,3316,1965,1067,898
"SINDH","SHAHEED BENAZIRABAD","SANGHAR","SANGHAR","TALUKA","Communication",3429,1921,1508,2718,1514,1204,711,407,304
"SINDH","SHAHEED BENAZIRABAD","SANGHAR","SANGHAR","TALUKA","Memorization/ Focus",4504,2431,2073,3543,1910,1633,961,521,440
"SINDH","SHAHEED BENAZIRABAD","SANGHAR","SANGHAR","TALUKA","Self care etc",2700,1399,1301,2129,1110,1019,571,289,282
"SINDH","SHAHEED BENAZIRABAD","SANGHAR","SHAHDADPUR","TALUKA","Population",525164,266009,259155,309113,157043,152070,216051,108966,107085
"SINDH","SHAHEED BENAZIRABAD","SANGHAR","SHAHDADPUR","TALUKA","Disability",10178,5501,4677,5395,2888,2507,4783,2613,2170
"SINDH","SHAHEED BENAZIRABAD","SANGHAR","SHAHDADPUR","TALUKA","Functional limitation",30191,16033,14158,16574,8682,7892,13617,7351,6266
"SINDH","SHAHEED BENAZIRABAD","SANGHAR","SHAHDADPUR","TALUKA","Seeing",5620,2980,2640,2937,1534,1403,2683,1446,1237
"SINDH","SHAHEED BENAZIRABAD","SANGHAR","SHAHDADPUR","TALUKA","Hearing",6396,3404,2992,3422,1801,1621,2974,1603,1371
"SINDH","SHAHEED BENAZIRABAD","SANGHAR","SHAHDADPUR","TALUKA","Walking/ Climbing",10365,5687,4678,5398,2943,2455,4967,2744,2223
"SINDH","SHAHEED BENAZIRABAD","SANGHAR","SHAHDADPUR","TALUKA","Communication",3683,2022,1661,1971,1068,903,1712,954,758
"SINDH","SHAHEED BENAZIRABAD","SANGHAR","SHAHDADPUR","TALUKA","Memorization/ Focus",4769,2587,2182,2661,1406,1255,2108,1181,927
"SINDH","SHAHEED BENAZIRABAD","SANGHAR","SHAHDADPUR","TALUKA","Self care etc",3163,1603,1560,1959,969,990,1204,634,570
"SINDH","SHAHEED BENAZIRABAD","SANGHAR","SINJHORO","TALUKA","Population",354594,179962,174632,294858,150067,144791,59736,29895,29841
"SINDH","SHAHEED BENAZIRABAD","SANGHAR","SINJHORO","TALUKA","Disability",7428,3852,3576,5252,2777,2475,2176,1075,1101
"SINDH","SHAHEED BENAZIRABAD","SANGHAR","SINJHORO","TALUKA","Functional limitation",21083,11112,9971,16454,8773,7681,4629,2339,2290
"SINDH","SHAHEED BENAZIRABAD","SANGHAR","SINJHORO","TALUKA","Seeing",4516,2431,2085,3255,1774,1481,1261,657,604
"SINDH","SHAHEED BENAZIRABAD","SANGHAR","SINJHORO","TALUKA","Hearing",4766,2532,2234,3754,1991,1763,1012,541,471
"SINDH","SHAHEED BENAZIRABAD","SANGHAR","SINJHORO","TALUKA","Walking/ Climbing",6270,3385,2885,5071,2773,2298,1199,612,587
"SINDH","SHAHEED BENAZIRABAD","SANGHAR","SINJHORO","TALUKA","Communication",2111,1191,920,1703,971,732,408,220,188
"SINDH","SHAHEED BENAZIRABAD","SANGHAR","SINJHORO","TALUKA","Memorization/ Focus",3044,1560,1484,2495,1290,1205,549,270,279
"SINDH","SHAHEED BENAZIRABAD","SANGHAR","SINJHORO","TALUKA","Self care etc",2343,1196,1147,1805,955,850,538,241,297
"SINDH","SHAHEED BENAZIRABAD","SANGHAR","TANDO ADAM","TALUKA","Population",407228,206393,200835,233341,117931,115410,173887,88462,85425
"SINDH","SHAHEED BENAZIRABAD","SANGHAR","TANDO ADAM","TALUKA","Disability",7608,4125,3483,3970,2101,1869,3638,2024,1614
"SINDH","SHAHEED BENAZIRABAD","SANGHAR","TANDO ADAM","TALUKA","Functional limitation",24418,13054,11364,12794,6733,6061,11624,6321,5303
"SINDH","SHAHEED BENAZIRABAD","SANGHAR","TANDO ADAM","TALUKA","Seeing",4186,2263,1923,2218,1176,1042,1968,1087,881
"SINDH","SHAHEED BENAZIRABAD","SANGHAR","TANDO ADAM","TALUKA","Hearing",4992,2658,2334,2570,1353,1217,2422,1305,1117
"SINDH","SHAHEED BENAZIRABAD","SANGHAR","TANDO ADAM","TALUKA","Walking/ Climbing",7683,4119,3564,4123,2154,1969,3560,1965,1595
"SINDH","SHAHEED BENAZIRABAD","SANGHAR","TANDO ADAM","TALUKA","Communication",2944,1672,1272,1495,820,675,1449,852,597
"SINDH","SHAHEED BENAZIRABAD","SANGHAR","TANDO ADAM","TALUKA","Memorization/ Focus",4093,2221,1872,2001,1050,951,2092,1171,921
"SINDH","SHAHEED BENAZIRABAD","SANGHAR","TANDO ADAM","TALUKA","Self care etc",3151,1631,1520,1716,920,796,1435,711,724
"SINDH","SHAHEED BENAZIRABAD","SHAHEED BENAZIRABAD","DAUR","TALUKA","Population",532528,269944,262584,422431,214005,208426,110097,55939,54158
"SINDH","SHAHEED BENAZIRABAD","SHAHEED BENAZIRABAD","DAUR","TALUKA","Disability",7808,5484,2324,6295,4460,1835,1513,1024,489
"SINDH","SHAHEED BENAZIRABAD","SHAHEED BENAZIRABAD","DAUR","TALUKA","Functional limitation",25659,15075,10584,20558,12142,8416,5101,2933,2168
"SINDH","SHAHEED BENAZIRABAD","SHAHEED BENAZIRABAD","DAUR","TALUKA","Seeing",5161,2872,2289,4046,2286,1760,1115,586,529
"SINDH","SHAHEED BENAZIRABAD","SHAHEED BENAZIRABAD","DAUR","TALUKA","Hearing",5289,2966,2323,4259,2390,1869,1030,576,454
"SINDH","SHAHEED BENAZIRABAD","SHAHEED BENAZIRABAD","DAUR","TALUKA","Walking/ Climbing",9603,5734,3869,7626,4583,3043,1977,1151,826
"SINDH","SHAHEED BENAZIRABAD","SHAHEED BENAZIRABAD","DAUR","TALUKA","Communication",3252,1981,1271,2617,1595,1022,635,386,249
"SINDH","SHAHEED BENAZIRABAD","SHAHEED BENAZIRABAD","DAUR","TALUKA","Memorization/ Focus",4056,2366,1690,3261,1909,1352,795,457,338
"SINDH","SHAHEED BENAZIRABAD","SHAHEED BENAZIRABAD","DAUR","TALUKA","Self care etc",2484,1497,987,2002,1209,793,482,288,194
"SINDH","SHAHEED BENAZIRABAD","SHAHEED BENAZIRABAD","KAZI AHMED","TALUKA","Population",402797,205076,197721,350034,178566,171468,52763,26510,26253
"SINDH","SHAHEED BENAZIRABAD","SHAHEED BENAZIRABAD","KAZI AHMED","TALUKA","Disability",18378,10200,8178,17097,9476,7621,1281,724,557
"SINDH","SHAHEED BENAZIRABAD","SHAHEED BENAZIRABAD","KAZI AHMED","TALUKA","Functional limitation",31962,17575,14387,28850,15872,12978,3112,1703,1409
"SINDH","SHAHEED BENAZIRABAD","SHAHEED BENAZIRABAD","KAZI AHMED","TALUKA","Seeing",5794,3282,2512,5213,2958,2255,581,324,257
"SINDH","SHAHEED BENAZIRABAD","SHAHEED BENAZIRABAD","KAZI AHMED","TALUKA","Hearing",6223,3464,2759,5675,3165,2510,548,299,249
"SINDH","SHAHEED BENAZIRABAD","SHAHEED BENAZIRABAD","KAZI AHMED","TALUKA","Walking/ Climbing",9453,5081,4372,8429,4472,3957,1024,609,415
"SINDH","SHAHEED BENAZIRABAD","SHAHEED BENAZIRABAD","KAZI AHMED","TALUKA","Communication",4627,2594,2033,4229,2401,1828,398,193,205
"SINDH","SHAHEED BENAZIRABAD","SHAHEED BENAZIRABAD","KAZI AHMED","TALUKA","Memorization/ Focus",5106,2819,2287,4463,2560,1903,643,259,384
"SINDH","SHAHEED BENAZIRABAD","SHAHEED BENAZIRABAD","KAZI AHMED","TALUKA","Self care etc",4099,2287,1812,3733,2034,1699,366,253,113
"SINDH","SHAHEED BENAZIRABAD","SHAHEED BENAZIRABAD","NAWABSHAH","TALUKA","Population",481825,244840,236985,118840,60504,58336,362985,184336,178649
"SINDH","SHAHEED BENAZIRABAD","SHAHEED BENAZIRABAD","NAWABSHAH","TALUKA","Disability",14490,10327,4163,1798,1265,533,12692,9062,3630
"SINDH","SHAHEED BENAZIRABAD","SHAHEED BENAZIRABAD","NAWABSHAH","TALUKA","Functional limitation",31020,19407,11613,5663,3355,2308,25357,16052,9305
"SINDH","SHAHEED BENAZIRABAD","SHAHEED BENAZIRABAD","NAWABSHAH","TALUKA","Seeing",5414,3208,2206,1195,669,526,4219,2539,1680
"SINDH","SHAHEED BENAZIRABAD","SHAHEED BENAZIRABAD","NAWABSHAH","TALUKA","Hearing",5736,3439,2297,1244,705,539,4492,2734,1758
"SINDH","SHAHEED BENAZIRABAD","SHAHEED BENAZIRABAD","NAWABSHAH","TALUKA","Walking/ Climbing",11201,7060,4141,2192,1335,857,9009,5725,3284
"SINDH","SHAHEED BENAZIRABAD","SHAHEED BENAZIRABAD","NAWABSHAH","TALUKA","Communication",4030,2583,1447,827,495,332,3203,2088,1115
"SINDH","SHAHEED BENAZIRABAD","SHAHEED BENAZIRABAD","NAWABSHAH","TALUKA","Memorization/ Focus",4836,2985,1851,948,554,394,3888,2431,1457
"SINDH","SHAHEED BENAZIRABAD","SHAHEED BENAZIRABAD","NAWABSHAH","TALUKA","Self care etc",3610,2353,1257,521,313,208,3089,2040,1049
"SINDH","SHAHEED BENAZIRABAD","SHAHEED BENAZIRABAD","SAKRAND","TALUKA","Population",427477,216931,210546,355445,180303,175142,72032,36628,35404
"SINDH","SHAHEED BENAZIRABAD","SHAHEED BENAZIRABAD","SAKRAND","TALUKA","Disability",8881,6188,2693,7911,5508,2403,970,680,290
"SINDH","SHAHEED BENAZIRABAD","SHAHEED BENAZIRABAD","SAKRAND","TALUKA","Functional limitation",22546,13457,9089,19223,11512,7711,3323,1945,1378
"SINDH","SHAHEED BENAZIRABAD","SHAHEED BENAZIRABAD","SAKRAND","TALUKA","Seeing",4450,2500,1950,3743,2100,1643,707,400,307
"SINDH","SHAHEED BENAZIRABAD","SHAHEED BENAZIRABAD","SAKRAND","TALUKA","Hearing",4653,2626,2027,3916,2205,1711,737,421,316
"SINDH","SHAHEED BENAZIRABAD","SHAHEED BENAZIRABAD","SAKRAND","TALUKA","Walking/ Climbing",8340,5056,3284,7066,4292,2774,1274,764,510
"SINDH","SHAHEED BENAZIRABAD","SHAHEED BENAZIRABAD","SAKRAND","TALUKA","Communication",3183,1971,1212,2735,1694,1041,448,277,171
"SINDH","SHAHEED BENAZIRABAD","SHAHEED BENAZIRABAD","SAKRAND","TALUKA","Memorization/ Focus",3860,2359,1501,3290,2017,1273,570,342,228
"SINDH","SHAHEED BENAZIRABAD","SHAHEED BENAZIRABAD","SAKRAND","TALUKA","Self care etc",2280,1386,894,1958,1196,762,322,190,132
"SINDH","LARKANA","SHIKARPUR","GARHI YASIN","TALUKA","Population",333289,166230,167059,296604,148192,148412,36685,18038,18647
"SINDH","LARKANA","SHIKARPUR","GARHI YASIN","TALUKA","Disability",12800,6326,6474,11878,5852,6026,922,474,448
"SINDH","LARKANA","SHIKARPUR","GARHI YASIN","TALUKA","Functional limitation",33051,16637,16414,29665,14900,14765,3386,1737,1649
"SINDH","LARKANA","SHIKARPUR","GARHI YASIN","TALUKA","Seeing",5750,2893,2857,5055,2537,2518,695,356,339
"SINDH","LARKANA","SHIKARPUR","GARHI YASIN","TALUKA","Hearing",6757,3384,3373,6066,3030,3036,691,354,337
"SINDH","LARKANA","SHIKARPUR","GARHI YASIN","TALUKA","Walking/ Climbing",9667,4890,4777,8562,4332,4230,1105,558,547
"SINDH","LARKANA","SHIKARPUR","GARHI YASIN","TALUKA","Communication",3700,1948,1752,3289,1697,1592,411,251,160
"SINDH","LARKANA","SHIKARPUR","GARHI YASIN","TALUKA","Memorization/ Focus",4932,2545,2387,4346,2201,2145,586,344,242
"SINDH","LARKANA","SHIKARPUR","GARHI YASIN","TALUKA","Self care etc",4190,2044,2146,3794,1888,1906,396,156,240
"SINDH","LARKANA","SHIKARPUR","KHANPUR","TALUKA","Population",331219,174019,157200,313167,165100,148067,18052,8919,9133
"SINDH","LARKANA","SHIKARPUR","KHANPUR","TALUKA","Disability",6829,3498,3331,6577,3363,3214,252,135,117
"SINDH","LARKANA","SHIKARPUR","KHANPUR","TALUKA","Functional limitation",23224,11894,11330,21992,11241,10751,1232,653,579
"SINDH","LARKANA","SHIKARPUR","KHANPUR","TALUKA","Seeing",4281,2211,2070,4020,2076,1944,261,135,126
"SINDH","LARKANA","SHIKARPUR","KHANPUR","TALUKA","Hearing",4814,2489,2325,4571,2355,2216,243,134,109
"SINDH","LARKANA","SHIKARPUR","KHANPUR","TALUKA","Walking/ Climbing",7652,3926,3726,7179,3672,3507,473,254,219
"SINDH","LARKANA","SHIKARPUR","KHANPUR","TALUKA","Communication",2207,1200,1007,2094,1135,959,113,65,48
"SINDH","LARKANA","SHIKARPUR","KHANPUR","TALUKA","Memorization/ Focus",3302,1716,1586,3106,1603,1503,196,113,83
"SINDH","LARKANA","SHIKARPUR","KHANPUR","TALUKA","Self care etc",2577,1316,1261,2469,1258,1211,108,58,50
"SINDH","LARKANA","SHIKARPUR","LAKHI","TALUKA","Population",300490,148598,151892,241427,120228,121199,59063,28370,30693
"SINDH","LARKANA","SHIKARPUR","LAKHI","TALUKA","Disability",3520,1647,1873,2895,1356,1539,625,291,334
"SINDH","LARKANA","SHIKARPUR","LAKHI","TALUKA","Functional limitation",19618,9964,9654,15753,8054,7699,3865,1910,1955
"SINDH","LARKANA","SHIKARPUR","LAKHI","TALUKA","Seeing",3679,1891,1788,2902,1508,1394,777,383,394
"SINDH","LARKANA","SHIKARPUR","LAKHI","TALUKA","Hearing",4176,2169,2007,3364,1766,1598,812,403,409
"SINDH","LARKANA","SHIKARPUR","LAKHI","TALUKA","Walking/ Climbing",6156,3199,2957,4914,2583,2331,1242,616,626
"SINDH","LARKANA","SHIKARPUR","LAKHI","TALUKA","Communication",1794,904,890,1490,744,746,304,160,144
"SINDH","LARKANA","SHIKARPUR","LAKHI","TALUKA","Memorization/ Focus",2881,1437,1444,2371,1174,1197,510,263,247
"SINDH","LARKANA","SHIKARPUR","LAKHI","TALUKA","Self care etc",2059,1044,1015,1657,845,812,402,199,203
"SINDH","LARKANA","SHIKARPUR","SHIKARPUR","TALUKA","Population",421332,211896,209436,216394,109834,106560,204938,102062,102876
"SINDH","LARKANA","SHIKARPUR","SHIKARPUR","TALUKA","Disability",6146,3099,3047,2811,1422,1389,3335,1677,1658
"SINDH","LARKANA","SHIKARPUR","SHIKARPUR","TALUKA","Functional limitation",31428,16166,15262,14676,7544,7132,16752,8622,8130
"SINDH","LARKANA","SHIKARPUR","SHIKARPUR","TALUKA","Seeing",6060,3155,2905,2827,1473,1354,3233,1682,1551
"SINDH","LARKANA","SHIKARPUR","SHIKARPUR","TALUKA","Hearing",6917,3596,3321,3218,1669,1549,3699,1927,1772
"SINDH","LARKANA","SHIKARPUR","SHIKARPUR","TALUKA","Walking/ Climbing",10320,5346,4974,4812,2496,2316,5508,2850,2658
"SINDH","LARKANA","SHIKARPUR","SHIKARPUR","TALUKA","Communication",3044,1638,1406,1353,727,626,1691,911,780
"SINDH","LARKANA","SHIKARPUR","SHIKARPUR","TALUKA","Memorization/ Focus",4774,2493,2281,2168,1119,1049,2606,1374,1232
"SINDH","LARKANA","SHIKARPUR","SHIKARPUR","TALUKA","Self care etc",3257,1645,1612,1527,768,759,1730,877,853
"SINDH","HYDERABAD","SUJAWAL","JATI","TALUKA","Population",214710,114511,100199,204262,109263,94999,10448,5248,5200
"SINDH","HYDERABAD","SUJAWAL","JATI","TALUKA","Disability",3581,2481,1100,3406,2345,1061,175,136,39
"SINDH","HYDERABAD","SUJAWAL","JATI","TALUKA","Functional limitation",15277,9101,6176,14525,8658,5867,752,443,309
"SINDH","HYDERABAD","SUJAWAL","JATI","TALUKA","Seeing",3202,1870,1332,3030,1771,1259,172,99,73
"SINDH","HYDERABAD","SUJAWAL","JATI","TALUKA","Hearing",3407,2033,1374,3233,1927,1306,174,106,68
"SINDH","HYDERABAD","SUJAWAL","JATI","TALUKA","Walking/ Climbing",4982,3001,1981,4713,2836,1877,269,165,104
"SINDH","HYDERABAD","SUJAWAL","JATI","TALUKA","Communication",1698,1045,653,1588,960,628,110,85,25
"SINDH","HYDERABAD","SUJAWAL","JATI","TALUKA","Memorization/ Focus",2456,1463,993,2327,1380,947,129,83,46
"SINDH","HYDERABAD","SUJAWAL","JATI","TALUKA","Self care etc",1660,980,680,1590,940,650,70,40,30
"SINDH","HYDERABAD","SUJAWAL","KHARO CHAN","TALUKA","Population",11403,6136,5267,11403,6136,5267,NA,NA,NA
"SINDH","HYDERABAD","SUJAWAL","KHARO CHAN","TALUKA","Disability",942,558,384,942,558,384,NA,NA,NA
"SINDH","HYDERABAD","SUJAWAL","KHARO CHAN","TALUKA","Functional limitation",1369,818,551,1369,818,551,NA,NA,NA
"SINDH","HYDERABAD","SUJAWAL","KHARO CHAN","TALUKA","Seeing",338,195,143,338,195,143,NA,NA,NA
"SINDH","HYDERABAD","SUJAWAL","KHARO CHAN","TALUKA","Hearing",246,163,83,246,163,83,NA,NA,NA
"SINDH","HYDERABAD","SUJAWAL","KHARO CHAN","TALUKA","Walking/ Climbing",471,285,186,471,285,186,NA,NA,NA
"SINDH","HYDERABAD","SUJAWAL","KHARO CHAN","TALUKA","Communication",123,67,56,123,67,56,NA,NA,NA
"SINDH","HYDERABAD","SUJAWAL","KHARO CHAN","TALUKA","Memorization/ Focus",165,92,73,165,92,73,NA,NA,NA
"SINDH","HYDERABAD","SUJAWAL","KHARO CHAN","TALUKA","Self care etc",164,98,66,164,98,66,NA,NA,NA
"SINDH","HYDERABAD","SUJAWAL","MIRPUR BATHORO","TALUKA","Population",231735,118259,113476,210426,107658,102768,21309,10601,10708
"SINDH","HYDERABAD","SUJAWAL","MIRPUR BATHORO","TALUKA","Disability",5445,3681,1764,5099,3441,1658,346,240,106
"SINDH","HYDERABAD","SUJAWAL","MIRPUR BATHORO","TALUKA","Functional limitation",17241,10199,7042,15567,9229,6338,1674,970,704
"SINDH","HYDERABAD","SUJAWAL","MIRPUR BATHORO","TALUKA","Seeing",3720,2131,1589,3335,1914,1421,385,217,168
"SINDH","HYDERABAD","SUJAWAL","MIRPUR BATHORO","TALUKA","Hearing",3783,2151,1632,3420,1944,1476,363,207,156
"SINDH","HYDERABAD","SUJAWAL","MIRPUR BATHORO","TALUKA","Walking/ Climbing",6187,3704,2483,5609,3377,2232,578,327,251
"SINDH","HYDERABAD","SUJAWAL","MIRPUR BATHORO","TALUKA","Communication",1975,1183,792,1798,1075,723,177,108,69
"SINDH","HYDERABAD","SUJAWAL","MIRPUR BATHORO","TALUKA","Memorization/ Focus",2794,1652,1142,2527,1493,1034,267,159,108
"SINDH","HYDERABAD","SUJAWAL","MIRPUR BATHORO","TALUKA","Self care etc",1783,1103,680,1623,1001,622,160,102,58
"SINDH","HYDERABAD","SUJAWAL","SHAH BUNDER","TALUKA","Population",168911,89003,79908,150557,79254,71303,18354,9749,8605
"SINDH","HYDERABAD","SUJAWAL","SHAH BUNDER","TALUKA","Disability",4861,3151,1710,4493,2940,1553,368,211,157
"SINDH","HYDERABAD","SUJAWAL","SHAH BUNDER","TALUKA","Functional limitation",13929,8202,5727,12413,7348,5065,1516,854,662
"SINDH","HYDERABAD","SUJAWAL","SHAH BUNDER","TALUKA","Seeing",2637,1513,1124,2298,1336,962,339,177,162
"SINDH","HYDERABAD","SUJAWAL","SHAH BUNDER","TALUKA","Hearing",2946,1607,1339,2616,1426,1190,330,181,149
"SINDH","HYDERABAD","SUJAWAL","SHAH BUNDER","TALUKA","Walking/ Climbing",4117,2445,1672,3656,2175,1481,461,270,191
"SINDH","HYDERABAD","SUJAWAL","SHAH BUNDER","TALUKA","Communication",1625,1031,594,1400,934,466,225,97,128
"SINDH","HYDERABAD","SUJAWAL","SHAH BUNDER","TALUKA","Memorization/ Focus",2145,1284,861,1907,1147,760,238,137,101
"SINDH","HYDERABAD","SUJAWAL","SHAH BUNDER","TALUKA","Self care etc",1613,980,633,1463,888,575,150,92,58
"SINDH","HYDERABAD","SUJAWAL","SUJAWAL","TALUKA","Population",212533,109274,103259,173797,89487,84310,38736,19787,18949
"SINDH","HYDERABAD","SUJAWAL","SUJAWAL","TALUKA","Disability",3169,2269,900,2623,1877,746,546,392,154
"SINDH","HYDERABAD","SUJAWAL","SUJAWAL","TALUKA","Functional limitation",15029,8734,6295,12105,7033,5072,2924,1701,1223
"SINDH","HYDERABAD","SUJAWAL","SUJAWAL","TALUKA","Seeing",3081,1743,1338,2522,1434,1088,559,309,250
"SINDH","HYDERABAD","SUJAWAL","SUJAWAL","TALUKA","Hearing",3414,1934,1480,2790,1577,1213,624,357,267
"SINDH","HYDERABAD","SUJAWAL","SUJAWAL","TALUKA","Walking/ Climbing",4906,2860,2046,4006,2332,1674,900,528,372
"SINDH","HYDERABAD","SUJAWAL","SUJAWAL","TALUKA","Communication",1680,1047,633,1425,885,540,255,162,93
"SINDH","HYDERABAD","SUJAWAL","SUJAWAL","TALUKA","Memorization/ Focus",2362,1404,958,1940,1152,788,422,252,170
"SINDH","HYDERABAD","SUJAWAL","SUJAWAL","TALUKA","Self care etc",1550,928,622,1240,742,498,310,186,124
"SINDH","SUKKUR","SUKKUR","NEW SUKKUR","TALUKA","Population",356163,188897,167266,53951,28826,25125,302212,160071,142141
"SINDH","SUKKUR","SUKKUR","NEW SUKKUR","TALUKA","Disability",5977,2941,3036,1002,462,540,4975,2479,2496
"SINDH","SUKKUR","SUKKUR","NEW SUKKUR","TALUKA","Functional limitation",28980,14559,14421,4206,2069,2137,24774,12490,12284
"SINDH","SUKKUR","SUKKUR","NEW SUKKUR","TALUKA","Seeing",5757,3017,2740,844,432,412,4913,2585,2328
"SINDH","SUKKUR","SUKKUR","NEW SUKKUR","TALUKA","Hearing",6678,3390,3288,1047,493,554,5631,2897,2734
"SINDH","SUKKUR","SUKKUR","NEW SUKKUR","TALUKA","Walking/ Climbing",9474,4884,4590,1414,742,672,8060,4142,3918
"SINDH","SUKKUR","SUKKUR","NEW SUKKUR","TALUKA","Communication",3048,1618,1430,479,244,235,2569,1374,1195
"SINDH","SUKKUR","SUKKUR","NEW SUKKUR","TALUKA","Memorization/ Focus",4593,2418,2175,681,350,331,3912,2068,1844
"SINDH","SUKKUR","SUKKUR","NEW SUKKUR","TALUKA","Self care etc",3234,1575,1659,455,217,238,2779,1358,1421
"SINDH","SUKKUR","SUKKUR","PANO AQIL","TALUKA","Population",443126,231319,211807,354049,184791,169258,89077,46528,42549
"SINDH","SUKKUR","SUKKUR","PANO AQIL","TALUKA","Disability",11186,5435,5751,9208,4322,4886,1978,1113,865
"SINDH","SUKKUR","SUKKUR","PANO AQIL","TALUKA","Functional limitation",40794,20329,20465,32756,16115,16641,8038,4214,3824
"SINDH","SUKKUR","SUKKUR","PANO AQIL","TALUKA","Seeing",7665,3916,3749,6134,3109,3025,1531,807,724
"SINDH","SUKKUR","SUKKUR","PANO AQIL","TALUKA","Hearing",8413,4330,4083,6558,3311,3247,1855,1019,836
"SINDH","SUKKUR","SUKKUR","PANO AQIL","TALUKA","Walking/ Climbing",12828,6614,6214,10339,5260,5079,2489,1354,1135
"SINDH","SUKKUR","SUKKUR","PANO AQIL","TALUKA","Communication",4075,2062,2013,3176,1570,1606,899,492,407
"SINDH","SUKKUR","SUKKUR","PANO AQIL","TALUKA","Memorization/ Focus",6007,2973,3034,4717,2301,2416,1290,672,618
"SINDH","SUKKUR","SUKKUR","PANO AQIL","TALUKA","Self care etc",4600,2167,2433,3757,1738,2019,843,429,414
"SINDH","SUKKUR","SUKKUR","ROHRI","TALUKA","Population",421500,228933,192567,307900,166983,140917,113600,61950,51650
"SINDH","SUKKUR","SUKKUR","ROHRI","TALUKA","Disability",5073,2634,2439,3767,1983,1784,1306,651,655
"SINDH","SUKKUR","SUKKUR","ROHRI","TALUKA","Functional limitation",31091,15875,15216,22287,11412,10875,8804,4463,4341
"SINDH","SUKKUR","SUKKUR","ROHRI","TALUKA","Seeing",6111,3166,2945,4272,2208,2064,1839,958,881
"SINDH","SUKKUR","SUKKUR","ROHRI","TALUKA","Hearing",6823,3521,3302,4840,2490,2350,1983,1031,952
"SINDH","SUKKUR","SUKKUR","ROHRI","TALUKA","Walking/ Climbing",10104,5289,4815,7203,3788,3415,2901,1501,1400
"SINDH","SUKKUR","SUKKUR","ROHRI","TALUKA","Communication",2882,1541,1341,2052,1100,952,830,441,389
"SINDH","SUKKUR","SUKKUR","ROHRI","TALUKA","Memorization/ Focus",4481,2329,2152,3197,1667,1530,1284,662,622
"SINDH","SUKKUR","SUKKUR","ROHRI","TALUKA","Self care etc",3191,1574,1617,2285,1132,1153,906,442,464
"SINDH","SUKKUR","SUKKUR","SALEHPAT","TALUKA","Population",137738,73154,64584,108670,57804,50866,29068,15350,13718
"SINDH","SUKKUR","SUKKUR","SALEHPAT","TALUKA","Disability",5116,2728,2388,4055,2136,1919,1061,592,469
"SINDH","SUKKUR","SUKKUR","SALEHPAT","TALUKA","Functional limitation",13694,7061,6633,10815,5567,5248,2879,1494,1385
"SINDH","SUKKUR","SUKKUR","SALEHPAT","TALUKA","Seeing",2364,1245,1119,1896,995,901,468,250,218
"SINDH","SUKKUR","SUKKUR","SALEHPAT","TALUKA","Hearing",2978,1555,1423,2284,1150,1134,694,405,289
"SINDH","SUKKUR","SUKKUR","SALEHPAT","TALUKA","Walking/ Climbing",4095,2092,2003,3151,1605,1546,944,487,457
"SINDH","SUKKUR","SUKKUR","SALEHPAT","TALUKA","Communication",1696,964,732,1231,746,485,465,218,247
"SINDH","SUKKUR","SUKKUR","SALEHPAT","TALUKA","Memorization/ Focus",2128,1139,989,1724,918,806,404,221,183
"SINDH","SUKKUR","SUKKUR","SALEHPAT","TALUKA","Self care etc",1482,709,773,1237,591,646,245,118,127
"SINDH","SUKKUR","SUKKUR","SUKKUR CITY","TALUKA","Population",266940,140940,126000,NA,NA,NA,266940,140940,126000
"SINDH","SUKKUR","SUKKUR","SUKKUR CITY","TALUKA","Disability",6694,3447,3247,NA,NA,NA,6694,3447,3247
"SINDH","SUKKUR","SUKKUR","SUKKUR CITY","TALUKA","Functional limitation",29538,15012,14526,NA,NA,NA,29538,15012,14526
"SINDH","SUKKUR","SUKKUR","SUKKUR CITY","TALUKA","Seeing",6042,3065,2977,NA,NA,NA,6042,3065,2977
"SINDH","SUKKUR","SUKKUR","SUKKUR CITY","TALUKA","Hearing",6093,3099,2994,NA,NA,NA,6093,3099,2994
"SINDH","SUKKUR","SUKKUR","SUKKUR CITY","TALUKA","Walking/ Climbing",8968,4628,4340,NA,NA,NA,8968,4628,4340
"SINDH","SUKKUR","SUKKUR","SUKKUR CITY","TALUKA","Communication",2830,1508,1322,NA,NA,NA,2830,1508,1322
"SINDH","SUKKUR","SUKKUR","SUKKUR CITY","TALUKA","Memorization/ Focus",4312,2255,2057,NA,NA,NA,4312,2255,2057
"SINDH","SUKKUR","SUKKUR","SUKKUR CITY","TALUKA","Self care etc",3247,1690,1557,NA,NA,NA,3247,1690,1557
NA,NA,"TANDO ALLAHYAR","CHAMBER","TALUKA","Population",233424,118250,115174,195718,99349,96369,37706,18901,18805
NA,NA,"TANDO ALLAHYAR","CHAMBER","TALUKA","Disability",14824,7113,7711,13124,6282,6842,1700,831,869
NA,NA,"TANDO ALLAHYAR","CHAMBER","TALUKA","Functional limitation",28482,13713,14769,24504,11770,12734,3978,1943,2035
NA,NA,"TANDO ALLAHYAR","CHAMBER","TALUKA","Seeing",4789,2327,2462,4073,1983,2090,716,344,372
NA,NA,"TANDO ALLAHYAR","CHAMBER","TALUKA","Hearing",5319,2566,2753,4514,2154,2360,805,412,393
NA,NA,"TANDO ALLAHYAR","CHAMBER","TALUKA","Walking/ Climbing",8552,4201,4351,7266,3566,3700,1286,635,651
NA,NA,"TANDO ALLAHYAR","CHAMBER","TALUKA","Communication",3262,1643,1619,2784,1377,1407,478,266,212
NA,NA,"TANDO ALLAHYAR","CHAMBER","TALUKA","Memorization/ Focus",4233,2083,2150,3647,1804,1843,586,279,307
NA,NA,"TANDO ALLAHYAR","CHAMBER","TALUKA","Self care etc",3867,1795,2072,3437,1590,1847,430,205,225
NA,NA,"TANDO ALLAHYAR","JHANDO MARI","TALUKA","Population",266665,136273,130392,245238,125335,119903,21427,10938,10489
NA,NA,"TANDO ALLAHYAR","JHANDO MARI","TALUKA","Disability",5681,2667,3014,5178,2427,2751,503,240,263
NA,NA,"TANDO ALLAHYAR","JHANDO MARI","TALUKA","Functional limitation",20840,10063,10777,19023,9195,9828,1817,868,949
NA,NA,"TANDO ALLAHYAR","JHANDO MARI","TALUKA","Seeing",3933,1941,1992,3594,1782,1812,339,159,180
NA,NA,"TANDO ALLAHYAR","JHANDO MARI","TALUKA","Hearing",4126,2026,2100,3771,1852,1919,355,174,181
NA,NA,"TANDO ALLAHYAR","JHANDO MARI","TALUKA","Walking/ Climbing",7191,3569,3622,6578,3265,3313,613,304,309
NA,NA,"TANDO ALLAHYAR","JHANDO MARI","TALUKA","Communication",2055,1008,1047,1880,921,959,175,87,88
NA,NA,"TANDO ALLAHYAR","JHANDO MARI","TALUKA","Memorization/ Focus",3116,1535,1581,2869,1415,1454,247,120,127
NA,NA,"TANDO ALLAHYAR","JHANDO MARI","TALUKA","Self care etc",2187,1020,1167,1990,930,1060,197,90,107
NA,NA,"TANDO ALLAHYAR","TANDO ALLAHYAR","TALUKA","Population",421923,214002,207921,195369,99517,95852,226554,114485,112069
NA,NA,"TANDO ALLAHYAR","TANDO ALLAHYAR","TALUKA","Disability",9515,4600,4915,4155,2023,2132,5360,2577,2783
NA,NA,"TANDO ALLAHYAR","TANDO ALLAHYAR","TALUKA","Functional limitation",36017,17661,18356,15402,7505,7897,20615,10156,10459
NA,NA,"TANDO ALLAHYAR","TANDO ALLAHYAR","TALUKA","Seeing",6634,3293,3341,2912,1427,1485,3722,1866,1856
NA,NA,"TANDO ALLAHYAR","TANDO ALLAHYAR","TALUKA","Hearing",7332,3659,3673,3173,1573,1600,4159,2086,2073
NA,NA,"TANDO ALLAHYAR","TANDO ALLAHYAR","TALUKA","Walking/ Climbing",12059,5989,6070,5241,2596,2645,6818,3393,3425
NA,NA,"TANDO ALLAHYAR","TANDO ALLAHYAR","TALUKA","Communication",3354,1694,1660,1474,734,740,1880,960,920
NA,NA,"TANDO ALLAHYAR","TANDO ALLAHYAR","TALUKA","Memorization/ Focus",5357,2696,2661,2408,1210,1198,2949,1486,1463
NA,NA,"TANDO ALLAHYAR","TANDO ALLAHYAR","TALUKA","Self care etc",3933,1881,2052,1662,790,872,2271,1091,1180
"SINDH","HYDERABAD","TANDO MUHAMMAD KHAN","BULRI SHAH KARIM","TALUKA","Population",247027,128247,118780,240568,124909,115659,6459,3338,3121
"SINDH","HYDERABAD","TANDO MUHAMMAD KHAN","BULRI SHAH KARIM","TALUKA","Disability",4898,2653,2245,4772,2587,2185,126,66,60
"SINDH","HYDERABAD","TANDO MUHAMMAD KHAN","BULRI SHAH KARIM","TALUKA","Functional limitation",20821,11751,9070,20254,11440,8814,567,311,256
"SINDH","HYDERABAD","TANDO MUHAMMAD KHAN","BULRI SHAH KARIM","TALUKA","Seeing",4312,2483,1829,4187,2409,1778,125,74,51
"SINDH","HYDERABAD","TANDO MUHAMMAD KHAN","BULRI SHAH KARIM","TALUKA","Hearing",4321,2510,1811,4199,2445,1754,122,65,57
"SINDH","HYDERABAD","TANDO MUHAMMAD KHAN","BULRI SHAH KARIM","TALUKA","Walking/ Climbing",7221,4078,3143,7023,3968,3055,198,110,88
"SINDH","HYDERABAD","TANDO MUHAMMAD KHAN","BULRI SHAH KARIM","TALUKA","Communication",2095,1187,908,2020,1142,878,75,45,30
"SINDH","HYDERABAD","TANDO MUHAMMAD KHAN","BULRI SHAH KARIM","TALUKA","Memorization/ Focus",3099,1733,1366,3000,1675,1325,99,58,41
"SINDH","HYDERABAD","TANDO MUHAMMAD KHAN","BULRI SHAH KARIM","TALUKA","Self care etc",2128,1161,967,2069,1133,936,59,28,31
"SINDH","HYDERABAD","TANDO MUHAMMAD KHAN","TANDO GHULAM HYDER","TALUKA","Population",206665,107097,99568,165388,85520,79868,41277,21577,19700
"SINDH","HYDERABAD","TANDO MUHAMMAD KHAN","TANDO GHULAM HYDER","TALUKA","Disability",7912,3869,4043,7092,3502,3590,820,367,453
"SINDH","HYDERABAD","TANDO MUHAMMAD KHAN","TANDO GHULAM HYDER","TALUKA","Functional limitation",20855,11176,9679,17270,9256,8014,3585,1920,1665
"SINDH","HYDERABAD","TANDO MUHAMMAD KHAN","TANDO GHULAM HYDER","TALUKA","Seeing",4086,2217,1869,3437,1865,1572,649,352,297
"SINDH","HYDERABAD","TANDO MUHAMMAD KHAN","TANDO GHULAM HYDER","TALUKA","Hearing",4388,2380,2008,3595,1981,1614,793,399,394
"SINDH","HYDERABAD","TANDO MUHAMMAD KHAN","TANDO GHULAM HYDER","TALUKA","Walking/ Climbing",6558,3526,3032,5461,2927,2534,1097,599,498
"SINDH","HYDERABAD","TANDO MUHAMMAD KHAN","TANDO GHULAM HYDER","TALUKA","Communication",2474,1342,1132,2129,1182,947,345,160,185
"SINDH","HYDERABAD","TANDO MUHAMMAD KHAN","TANDO GHULAM HYDER","TALUKA","Memorization/ Focus",3341,1846,1495,2814,1536,1278,527,310,217
"SINDH","HYDERABAD","TANDO MUHAMMAD KHAN","TANDO GHULAM HYDER","TALUKA","Self care etc",2338,1227,1111,1989,1035,954,349,192,157
NA,NA,"TANDO MUHAMMAD KHAN","TANDO MUHAMMAD KHAN","TALUKA","Population",272231,141319,130912,157974,82083,75891,114257,59236,55021
NA,NA,"TANDO MUHAMMAD KHAN","TANDO MUHAMMAD KHAN","TALUKA","Disability",7958,4148,3810,5853,3015,2838,2105,1133,972
NA,NA,"TANDO MUHAMMAD KHAN","TANDO MUHAMMAD KHAN","TALUKA","Functional limitation",26560,14777,11783,16054,8842,7212,10506,5935,4571
NA,NA,"TANDO MUHAMMAD KHAN","TANDO MUHAMMAD KHAN","TALUKA","Seeing",4931,2793,2138,2865,1620,1245,2066,1173,893
NA,NA,"TANDO MUHAMMAD KHAN","TANDO MUHAMMAD KHAN","TALUKA","Hearing",5351,3022,2329,3114,1748,1366,2237,1274,963
NA,NA,"TANDO MUHAMMAD KHAN","TANDO MUHAMMAD KHAN","TALUKA","Walking/ Climbing",9072,4951,4121,5531,2991,2540,3541,1960,1581
NA,NA,"TANDO MUHAMMAD KHAN","TANDO MUHAMMAD KHAN","TALUKA","Communication",2810,1641,1169,1763,1023,740,1047,618,429
NA,NA,"TANDO MUHAMMAD KHAN","TANDO MUHAMMAD KHAN","TALUKA","Memorization/ Focus",3840,2150,1690,2259,1259,1000,1581,891,690
NA,NA,"TANDO MUHAMMAD KHAN","TANDO MUHAMMAD KHAN","TALUKA","Self care etc",2848,1547,1301,1784,953,831,1064,594,470
"SINDH","MIRPUR KHAS","THARPARKAR","CHACHRO","TALUKA","Population",371769,194517,177252,346460,181324,165136,25309,13193,12116
"SINDH","MIRPUR KHAS","THARPARKAR","CHACHRO","TALUKA","Disability",4550,2402,2148,4200,2199,2001,350,203,147
"SINDH","MIRPUR KHAS","THARPARKAR","CHACHRO","TALUKA","Functional limitation",18631,9068,9563,17217,8358,8859,1414,710,704
"SINDH","MIRPUR KHAS","THARPARKAR","CHACHRO","TALUKA","Seeing",4000,1963,2037,3733,1832,1901,267,131,136
"SINDH","MIRPUR KHAS","THARPARKAR","CHACHRO","TALUKA","Hearing",4038,1973,2065,3745,1822,1923,293,151,142
"SINDH","MIRPUR KHAS","THARPARKAR","CHACHRO","TALUKA","Walking/ Climbing",6869,3422,3447,6360,3153,3207,509,269,240
"SINDH","MIRPUR KHAS","THARPARKAR","CHACHRO","TALUKA","Communication",1838,964,874,1678,870,808,160,94,66
"SINDH","MIRPUR KHAS","THARPARKAR","CHACHRO","TALUKA","Memorization/ Focus",2693,1350,1343,2492,1245,1247,201,105,96
"SINDH","MIRPUR KHAS","THARPARKAR","CHACHRO","TALUKA","Self care etc",1830,869,961,1694,804,890,136,65,71
"SINDH","MIRPUR KHAS","THARPARKAR","DAHLI","TALUKA","Population",326034,173689,152345,316363,168341,148022,9671,5348,4323
"SINDH","MIRPUR KHAS","THARPARKAR","DAHLI","TALUKA","Disability",8008,4500,3508,7933,4458,3475,75,42,33
"SINDH","MIRPUR KHAS","THARPARKAR","DAHLI","TALUKA","Functional limitation",18302,9368,8934,17922,9173,8749,380,195,185
"SINDH","MIRPUR KHAS","THARPARKAR","DAHLI","TALUKA","Seeing",3340,1680,1660,3259,1638,1621,81,42,39
"SINDH","MIRPUR KHAS","THARPARKAR","DAHLI","TALUKA","Hearing",3336,1646,1690,3266,1610,1656,70,36,34
"SINDH","MIRPUR KHAS","THARPARKAR","DAHLI","TALUKA","Walking/ Climbing",6656,3437,3219,6532,3370,3162,124,67,57
"SINDH","MIRPUR KHAS","THARPARKAR","DAHLI","TALUKA","Communication",1482,812,670,1451,796,655,31,16,15
"SINDH","MIRPUR KHAS","THARPARKAR","DAHLI","TALUKA","Memorization/ Focus",2609,1342,1267,2556,1317,1239,53,25,28
"SINDH","MIRPUR KHAS","THARPARKAR","DAHLI","TALUKA","Self care etc",2160,1150,1010,2125,1132,993,35,18,17
"SINDH","MIRPUR KHAS","THARPARKAR","DIPLO","TALUKA","Population",162968,84562,78406,149862,77818,72044,13106,6744,6362
"SINDH","MIRPUR KHAS","THARPARKAR","DIPLO","TALUKA","Disability",6815,3463,3352,6345,3269,3076,470,194,276
"SINDH","MIRPUR KHAS","THARPARKAR","DIPLO","TALUKA","Functional limitation",14641,7207,7434,13468,6681,6787,1173,526,647
"SINDH","MIRPUR KHAS","THARPARKAR","DIPLO","TALUKA","Seeing",2379,1183,1196,2186,1085,1101,193,98,95
"SINDH","MIRPUR KHAS","THARPARKAR","DIPLO","TALUKA","Hearing",2796,1216,1580,2584,1114,1470,212,102,110
"SINDH","MIRPUR KHAS","THARPARKAR","DIPLO","TALUKA","Walking/ Climbing",4858,2400,2458,4512,2230,2282,346,170,176
"SINDH","MIRPUR KHAS","THARPARKAR","DIPLO","TALUKA","Communication",2066,1229,837,1820,1097,723,246,132,114
"SINDH","MIRPUR KHAS","THARPARKAR","DIPLO","TALUKA","Memorization/ Focus",2442,1368,1074,2230,1275,955,212,93,119
"SINDH","MIRPUR KHAS","THARPARKAR","DIPLO","TALUKA","Self care etc",2080,1025,1055,1940,981,959,140,44,96
"SINDH","MIRPUR KHAS","THARPARKAR","ISLAMKOT","TALUKA","Population",265516,137172,128344,246537,127444,119093,18979,9728,9251
"SINDH","MIRPUR KHAS","THARPARKAR","ISLAMKOT","TALUKA","Disability",4436,2449,1987,4089,2258,1831,347,191,156
"SINDH","MIRPUR KHAS","THARPARKAR","ISLAMKOT","TALUKA","Functional limitation",16555,8242,8313,15195,7553,7642,1360,689,671
"SINDH","MIRPUR KHAS","THARPARKAR","ISLAMKOT","TALUKA","Seeing",3608,1840,1768,3307,1680,1627,301,160,141
"SINDH","MIRPUR KHAS","THARPARKAR","ISLAMKOT","TALUKA","Hearing",3560,1774,1786,3280,1632,1648,280,142,138
"SINDH","MIRPUR KHAS","THARPARKAR","ISLAMKOT","TALUKA","Walking/ Climbing",6154,3162,2992,5679,2913,2766,475,249,226
"SINDH","MIRPUR KHAS","THARPARKAR","ISLAMKOT","TALUKA","Communication",1812,988,824,1687,920,767,125,68,57
"SINDH","MIRPUR KHAS","THARPARKAR","ISLAMKOT","TALUKA","Memorization/ Focus",2581,1346,1235,2389,1249,1140,192,97,95
"SINDH","MIRPUR KHAS","THARPARKAR","ISLAMKOT","TALUKA","Self care etc",1588,766,822,1462,704,758,126,62,64
"SINDH","MIRPUR KHAS","THARPARKAR","KALOI","TALUKA","Population",129677,67264,62413,129677,67264,62413,NA,NA,NA
"SINDH","MIRPUR KHAS","THARPARKAR","KALOI","TALUKA","Disability",7018,3456,3562,7018,3456,3562,NA,NA,NA
"SINDH","MIRPUR KHAS","THARPARKAR","KALOI","TALUKA","Functional limitation",12474,6037,6437,12474,6037,6437,NA,NA,NA
"SINDH","MIRPUR KHAS","THARPARKAR","KALOI","TALUKA","Seeing",2648,1327,1321,2648,1327,1321,NA,NA,NA
"SINDH","MIRPUR KHAS","THARPARKAR","KALOI","TALUKA","Hearing",2759,1525,1234,2759,1525,1234,NA,NA,NA
"SINDH","MIRPUR KHAS","THARPARKAR","KALOI","TALUKA","Walking/ Climbing",3580,1762,1818,3580,1762,1818,NA,NA,NA
"SINDH","MIRPUR KHAS","THARPARKAR","KALOI","TALUKA","Communication",1684,841,843,1684,841,843,NA,NA,NA
"SINDH","MIRPUR KHAS","THARPARKAR","KALOI","TALUKA","Memorization/ Focus",1894,912,982,1894,912,982,NA,NA,NA
"SINDH","MIRPUR KHAS","THARPARKAR","KALOI","TALUKA","Self care etc",1446,623,823,1446,623,823,NA,NA,NA
"SINDH","MIRPUR KHAS","THARPARKAR","MITHI","TALUKA","Population",239091,123958,115133,174226,89874,84352,64865,34084,30781
"SINDH","MIRPUR KHAS","THARPARKAR","MITHI","TALUKA","Disability",4777,2406,2371,3497,1745,1752,1280,661,619
"SINDH","MIRPUR KHAS","THARPARKAR","MITHI","TALUKA","Functional limitation",16135,7893,8242,11570,5648,5922,4565,2245,2320
"SINDH","MIRPUR KHAS","THARPARKAR","MITHI","TALUKA","Seeing",3704,1898,1806,2741,1393,1348,963,505,458
"SINDH","MIRPUR KHAS","THARPARKAR","MITHI","TALUKA","Hearing",3566,1826,1740,2560,1287,1273,1006,539,467
"SINDH","MIRPUR KHAS","THARPARKAR","MITHI","TALUKA","Walking/ Climbing",5992,3149,2843,4309,2240,2069,1683,909,774
"SINDH","MIRPUR KHAS","THARPARKAR","MITHI","TALUKA","Communication",2137,1063,1074,1459,712,747,678,351,327
"SINDH","MIRPUR KHAS","THARPARKAR","MITHI","TALUKA","Memorization/ Focus",2785,1366,1419,2037,958,1079,748,408,340
"SINDH","MIRPUR KHAS","THARPARKAR","MITHI","TALUKA","Self care etc",1425,693,732,1001,489,512,424,204,220
"SINDH","MIRPUR KHAS","THARPARKAR","NAGAR PARKAR","TALUKA","Population",283068,147067,136001,270829,140799,130030,12239,6268,5971
"SINDH","MIRPUR KHAS","THARPARKAR","NAGAR PARKAR","TALUKA","Disability",7585,4179,3406,7362,4053,3309,223,126,97
"SINDH","MIRPUR KHAS","THARPARKAR","NAGAR PARKAR","TALUKA","Functional limitation",19849,9974,9875,19107,9606,9501,742,368,374
"SINDH","MIRPUR KHAS","THARPARKAR","NAGAR PARKAR","TALUKA","Seeing",4069,2029,2040,3885,1935,1950,184,94,90
"SINDH","MIRPUR KHAS","THARPARKAR","NAGAR PARKAR","TALUKA","Hearing",4015,1998,2017,3855,1922,1933,160,76,84
"SINDH","MIRPUR KHAS","THARPARKAR","NAGAR PARKAR","TALUKA","Walking/ Climbing",7230,3713,3517,6947,3567,3380,283,146,137
"SINDH","MIRPUR KHAS","THARPARKAR","NAGAR PARKAR","TALUKA","Communication",2206,1205,1001,2105,1148,957,101,57,44
"SINDH","MIRPUR KHAS","THARPARKAR","NAGAR PARKAR","TALUKA","Memorization/ Focus",2995,1556,1439,2885,1501,1384,110,55,55
"SINDH","MIRPUR KHAS","THARPARKAR","NAGAR PARKAR","TALUKA","Self care etc",2155,1071,1084,2092,1043,1049,63,28,35
"SINDH","HYDERABAD","THATTA","GHORABARI","TALUKA","Population",198920,102093,96827,163775,84099,79676,35145,17994,17151
"SINDH","HYDERABAD","THATTA","GHORABARI","TALUKA","Disability",5797,3111,2686,5170,2770,2400,627,341,286
"SINDH","HYDERABAD","THATTA","GHORABARI","TALUKA","Functional limitation",17490,9377,8113,15084,8115,6969,2406,1262,1144
"SINDH","HYDERABAD","THATTA","GHORABARI","TALUKA","Seeing",3254,1754,1500,2826,1520,1306,428,234,194
"SINDH","HYDERABAD","THATTA","GHORABARI","TALUKA","Hearing",3755,2036,1719,3253,1783,1470,502,253,249
"SINDH","HYDERABAD","THATTA","GHORABARI","TALUKA","Walking/ Climbing",5317,2858,2459,4546,2465,2081,771,393,378
"SINDH","HYDERABAD","THATTA","GHORABARI","TALUKA","Communication",1893,1005,888,1686,892,794,207,113,94
"SINDH","HYDERABAD","THATTA","GHORABARI","TALUKA","Memorization/ Focus",2684,1491,1193,2311,1263,1048,373,228,145
"SINDH","HYDERABAD","THATTA","GHORABARI","TALUKA","Self care etc",2110,1117,993,1775,952,823,335,165,170
"SINDH","HYDERABAD","THATTA","KETI BUNDER","TALUKA","Population",63217,32646,30571,63217,32646,30571,NA,NA,NA
"SINDH","HYDERABAD","THATTA","KETI BUNDER","TALUKA","Disability",3574,1834,1740,3574,1834,1740,NA,NA,NA
"SINDH","HYDERABAD","THATTA","KETI BUNDER","TALUKA","Functional limitation",7429,3949,3480,7429,3949,3480,NA,NA,NA
"SINDH","HYDERABAD","THATTA","KETI BUNDER","TALUKA","Seeing",1529,845,684,1529,845,684,NA,NA,NA
"SINDH","HYDERABAD","THATTA","KETI BUNDER","TALUKA","Hearing",1538,802,736,1538,802,736,NA,NA,NA
"SINDH","HYDERABAD","THATTA","KETI BUNDER","TALUKA","Walking/ Climbing",1947,1008,939,1947,1008,939,NA,NA,NA
"SINDH","HYDERABAD","THATTA","KETI BUNDER","TALUKA","Communication",814,476,338,814,476,338,NA,NA,NA
"SINDH","HYDERABAD","THATTA","KETI BUNDER","TALUKA","Memorization/ Focus",1191,637,554,1191,637,554,NA,NA,NA
"SINDH","HYDERABAD","THATTA","KETI BUNDER","TALUKA","Self care etc",926,475,451,926,475,451,NA,NA,NA
"SINDH","HYDERABAD","THATTA","MIRPUR SAKRO","TALUKA","Population",376078,193107,182971,323404,166423,156981,52674,26684,25990
"SINDH","HYDERABAD","THATTA","MIRPUR SAKRO","TALUKA","Disability",6163,3627,2536,5298,3104,2194,865,523,342
"SINDH","HYDERABAD","THATTA","MIRPUR SAKRO","TALUKA","Functional limitation",29565,16244,13321,25307,13921,11386,4258,2323,1935
"SINDH","HYDERABAD","THATTA","MIRPUR SAKRO","TALUKA","Seeing",5830,3204,2626,5030,2776,2254,800,428,372
"SINDH","HYDERABAD","THATTA","MIRPUR SAKRO","TALUKA","Hearing",6351,3501,2850,5454,3016,2438,897,485,412
"SINDH","HYDERABAD","THATTA","MIRPUR SAKRO","TALUKA","Walking/ Climbing",9792,5394,4398,8368,4607,3761,1424,787,637
"SINDH","HYDERABAD","THATTA","MIRPUR SAKRO","TALUKA","Communication",3069,1718,1351,2654,1483,1171,415,235,180
"SINDH","HYDERABAD","THATTA","MIRPUR SAKRO","TALUKA","Memorization/ Focus",4452,2424,2028,3825,2078,1747,627,346,281
"SINDH","HYDERABAD","THATTA","MIRPUR SAKRO","TALUKA","Self care etc",3123,1730,1393,2670,1482,1188,453,248,205
"SINDH","HYDERABAD","THATTA","THATTA","TALUKA","Population",444976,227450,217526,339116,173971,165145,105860,53479,52381
"SINDH","HYDERABAD","THATTA","THATTA","TALUKA","Disability",13819,8323,5496,12125,7263,4862,1694,1060,634
"SINDH","HYDERABAD","THATTA","THATTA","TALUKA","Functional limitation",42924,23950,18974,34123,19069,15054,8801,4881,3920
"SINDH","HYDERABAD","THATTA","THATTA","TALUKA","Seeing",7707,4196,3511,6053,3301,2752,1654,895,759
"SINDH","HYDERABAD","THATTA","THATTA","TALUKA","Hearing",8592,4764,3828,6707,3714,2993,1885,1050,835
"SINDH","HYDERABAD","THATTA","THATTA","TALUKA","Walking/ Climbing",14111,7876,6235,11230,6287,4943,2881,1589,1292
"SINDH","HYDERABAD","THATTA","THATTA","TALUKA","Communication",4412,2582,1830,3620,2099,1521,792,483,309
"SINDH","HYDERABAD","THATTA","THATTA","TALUKA","Memorization/ Focus",6234,3533,2701,4970,2808,2162,1264,725,539
"SINDH","HYDERABAD","THATTA","THATTA","TALUKA","Self care etc",5006,2823,2183,4064,2299,1765,942,524,418
"SINDH","MIRPUR KHAS","UMER KOT","KUNRI","TALUKA","Population",236831,123363,113468,196380,102548,93832,40451,20815,19636
"SINDH","MIRPUR KHAS","UMER KOT","KUNRI","TALUKA","Disability",5579,3310,2269,4318,2571,1747,1261,739,522
"SINDH","MIRPUR KHAS","UMER KOT","KUNRI","TALUKA","Functional limitation",19338,10718,8620,15185,8414,6771,4153,2304,1849
"SINDH","MIRPUR KHAS","UMER KOT","KUNRI","TALUKA","Seeing",3862,2120,1742,2953,1620,1333,909,500,409
"SINDH","MIRPUR KHAS","UMER KOT","KUNRI","TALUKA","Hearing",4191,2345,1846,3263,1827,1436,928,518,410
"SINDH","MIRPUR KHAS","UMER KOT","KUNRI","TALUKA","Walking/ Climbing",6794,3756,3038,5304,2933,2371,1490,823,667
"SINDH","MIRPUR KHAS","UMER KOT","KUNRI","TALUKA","Communication",2015,1162,853,1526,880,646,489,282,207
"SINDH","MIRPUR KHAS","UMER KOT","KUNRI","TALUKA","Memorization/ Focus",2983,1663,1320,2307,1284,1023,676,379,297
"SINDH","MIRPUR KHAS","UMER KOT","KUNRI","TALUKA","Self care etc",2133,1191,942,1685,941,744,448,250,198
"SINDH","MIRPUR KHAS","UMER KOT","PITHORO","TALUKA","Population",130272,68470,61802,117057,61524,55533,13215,6946,6269
"SINDH","MIRPUR KHAS","UMER KOT","PITHORO","TALUKA","Disability",8392,4459,3933,7782,4142,3640,610,317,293
"SINDH","MIRPUR KHAS","UMER KOT","PITHORO","TALUKA","Functional limitation",15537,8332,7205,14131,7582,6549,1406,750,656
"SINDH","MIRPUR KHAS","UMER KOT","PITHORO","TALUKA","Seeing",2934,1490,1444,2676,1382,1294,258,108,150
"SINDH","MIRPUR KHAS","UMER KOT","PITHORO","TALUKA","Hearing",3144,1697,1447,2881,1577,1304,263,120,143
"SINDH","MIRPUR KHAS","UMER KOT","PITHORO","TALUKA","Walking/ Climbing",4265,2344,1921,3689,2003,1686,576,341,235
"SINDH","MIRPUR KHAS","UMER KOT","PITHORO","TALUKA","Communication",1989,1095,894,1879,1027,852,110,68,42
"SINDH","MIRPUR KHAS","UMER KOT","PITHORO","TALUKA","Memorization/ Focus",2302,1263,1039,2149,1174,975,153,89,64
"SINDH","MIRPUR KHAS","UMER KOT","PITHORO","TALUKA","Self care etc",1964,1108,856,1847,1043,804,117,65,52
"SINDH","MIRPUR KHAS","UMER KOT","SAMARO","TALUKA","Population",184051,96631,87420,174444,91656,82788,9607,4975,4632
"SINDH","MIRPUR KHAS","UMER KOT","SAMARO","TALUKA","Disability",4921,2466,2455,4564,2300,2264,357,166,191
"SINDH","MIRPUR KHAS","UMER KOT","SAMARO","TALUKA","Functional limitation",14346,7590,6756,13345,7077,6268,1001,513,488
"SINDH","MIRPUR KHAS","UMER KOT","SAMARO","TALUKA","Seeing",2712,1537,1175,2515,1429,1086,197,108,89
"SINDH","MIRPUR KHAS","UMER KOT","SAMARO","TALUKA","Hearing",2655,1444,1211,2478,1348,1130,177,96,81
"SINDH","MIRPUR KHAS","UMER KOT","SAMARO","TALUKA","Walking/ Climbing",4821,2586,2235,4477,2404,2073,344,182,162
"SINDH","MIRPUR KHAS","UMER KOT","SAMARO","TALUKA","Communication",1629,853,776,1530,798,732,99,55,44
"SINDH","MIRPUR KHAS","UMER KOT","SAMARO","TALUKA","Memorization/ Focus",2296,1198,1098,2122,1120,1002,174,78,96
"SINDH","MIRPUR KHAS","UMER KOT","SAMARO","TALUKA","Self care etc",1552,732,820,1439,684,755,113,48,65
"SINDH","MIRPUR KHAS","UMER KOT","UMER KOT","TALUKA","Population",607130,317632,289498,412448,215659,196789,194682,101973,92709
"SINDH","MIRPUR KHAS","UMER KOT","UMER KOT","TALUKA","Disability",18393,10620,7773,11447,6639,4808,6946,3981,2965
"SINDH","MIRPUR KHAS","UMER KOT","UMER KOT","TALUKA","Functional limitation",52688,29264,23424,33985,18872,15113,18703,10392,8311
"SINDH","MIRPUR KHAS","UMER KOT","UMER KOT","TALUKA","Seeing",9786,5374,4412,6352,3433,2919,3434,1941,1493
"SINDH","MIRPUR KHAS","UMER KOT","UMER KOT","TALUKA","Hearing",10295,5664,4631,6712,3650,3062,3583,2014,1569
"SINDH","MIRPUR KHAS","UMER KOT","UMER KOT","TALUKA","Walking/ Climbing",18615,10291,8324,12158,6677,5481,6457,3614,2843
"SINDH","MIRPUR KHAS","UMER KOT","UMER KOT","TALUKA","Communication",5533,3240,2293,3509,2035,1474,2024,1205,819
"SINDH","MIRPUR KHAS","UMER KOT","UMER KOT","TALUKA","Memorization/ Focus",7928,4523,3405,5124,2921,2203,2804,1602,1202
"SINDH","MIRPUR KHAS","UMER KOT","UMER KOT","TALUKA","Self care etc",5937,3301,2636,3763,2107,1656,2174,1194,980
