"PROVINCE","DIVISION","DISTRICT","TEHSIL","ADMIN_UNIT","LANGUAGE","ALL_SEXES_OVERALL","FEMALE_OVERALL","MALE_OVERALL","TGEND_OVERALL","ALL_SEXES_RURAL","FEMALE_RURAL","MALE_RURAL","TGEND_RURAL","ALL_SEXES_URBAN","FEMALE_URBAN","MALE_URBAN","TGEND_URBAN"
"BALOCHISTAN","KALAT","KHUZDAR","ARANJI","SUB-TEHSIL","BALOCHI",1135,546,589,NA,1135,546,589,NA,NA,NA,NA,NA
"BALOCHISTAN","KALAT","KHUZDAR","ARANJI","SUB-TEHSIL","BALTI",NA,NA,NA,NA,NA,NA,NA,NA,NA,NA,NA,NA
"BALOCHISTAN","KALAT","KHUZDAR","ARANJI","SUB-TEHSIL","BRAHVI",48420,21465,26952,3,48420,21465,26952,3,NA,NA,NA,NA
"BALOCHISTAN","KALAT","KHUZDAR","ARANJI","SUB-TEHSIL","HINDKO",29,14,15,NA,29,14,15,NA,NA,NA,NA,NA
"BALOCHISTAN","KALAT","KHUZDAR","ARANJI","SUB-TEHSIL","KALASHA",NA,NA,NA,NA,NA,NA,NA,NA,NA,NA,NA,NA
"BALOCHISTAN","KALAT","KHUZDAR","ARANJI","SUB-TEHSIL","KASHMIRI",1,1,NA,NA,1,1,NA,NA,NA,NA,NA,NA
"BALOCHISTAN","KALAT","KHUZDAR","ARANJI","SUB-TEHSIL","KOHIOSTANI",NA,NA,NA,NA,NA,NA,NA,NA,NA,NA,NA,NA
"BALOCHISTAN","KALAT","KHUZDAR","ARANJI","SUB-TEHSIL","MEWATI",NA,NA,NA,NA,NA,NA,NA,NA,NA,NA,NA,NA
"BALOCHISTAN","KALAT","KHUZDAR","ARANJI","SUB-TEHSIL","OTHERS",11,7,4,NA,11,7,4,NA,NA,NA,NA,NA
"BALOCHISTAN","KALAT","KHUZDAR","ARANJI","SUB-TEHSIL","PUNJABI",1,NA,1,NA,1,NA,1,NA,NA,NA,NA,NA
"BALOCHISTAN","KALAT","KHUZDAR","ARANJI","SUB-TEHSIL","PUSHTO",880,422,458,NA,880,422,458,NA,NA,NA,NA,NA
"BALOCHISTAN","KALAT","KHUZDAR","ARANJI","SUB-TEHSIL","SARAIKI",3,NA,3,NA,3,NA,3,NA,NA,NA,NA,NA
"BALOCHISTAN","KALAT","KHUZDAR","ARANJI","SUB-TEHSIL","SHINA",17,7,10,NA,17,7,10,NA,NA,NA,NA,NA
"BALOCHISTAN","KALAT","KHUZDAR","ARANJI","SUB-TEHSIL","SINDHI",22,8,14,NA,22,8,14,NA,NA,NA,NA,NA
"BALOCHISTAN","KALAT","KHUZDAR","ARANJI","SUB-TEHSIL","TOTAL",50533,22475,28055,3,50533,22475,28055,3,NA,NA,NA,NA
"BALOCHISTAN","KALAT","KHUZDAR","ARANJI","SUB-TEHSIL","URDU",14,5,9,NA,14,5,9,NA,NA,NA,NA,NA
"BALOCHISTAN","ZHOB","ZHOB","ASHWAT","SUB-TEHSIL","BALOCHI",22,15,7,NA,22,15,7,NA,NA,NA,NA,NA
"BALOCHISTAN","ZHOB","ZHOB","ASHWAT","SUB-TEHSIL","BALTI",NA,NA,NA,NA,NA,NA,NA,NA,NA,NA,NA,NA
"BALOCHISTAN","ZHOB","ZHOB","ASHWAT","SUB-TEHSIL","BRAHVI",NA,NA,NA,NA,NA,NA,NA,NA,NA,NA,NA,NA
"BALOCHISTAN","ZHOB","ZHOB","ASHWAT","SUB-TEHSIL","HINDKO",NA,NA,NA,NA,NA,NA,NA,NA,NA,NA,NA,NA
"BALOCHISTAN","ZHOB","ZHOB","ASHWAT","SUB-TEHSIL","KALASHA",NA,NA,NA,NA,NA,NA,NA,NA,NA,NA,NA,NA
"BALOCHISTAN","ZHOB","ZHOB","ASHWAT","SUB-TEHSIL","KASHMIRI",NA,NA,NA,NA,NA,NA,NA,NA,NA,NA,NA,NA
"BALOCHISTAN","ZHOB","ZHOB","ASHWAT","SUB-TEHSIL","KOHIOSTANI",NA,NA,NA,NA,NA,NA,NA,NA,NA,NA,NA,NA
"BALOCHISTAN","ZHOB","ZHOB","ASHWAT","SUB-TEHSIL","MEWATI",NA,NA,NA,NA,NA,NA,NA,NA,NA,NA,NA,NA
"BALOCHISTAN","ZHOB","ZHOB","ASHWAT","SUB-TEHSIL","OTHERS",NA,NA,NA,NA,NA,NA,NA,NA,NA,NA,NA,NA
"BALOCHISTAN","ZHOB","ZHOB","ASHWAT","SUB-TEHSIL","PUNJABI",1,1,NA,NA,1,1,NA,NA,NA,NA,NA,NA
"BALOCHISTAN","ZHOB","ZHOB","ASHWAT","SUB-TEHSIL","PUSHTO",25064,11538,13526,NA,25064,11538,13526,NA,NA,NA,NA,NA
"BALOCHISTAN","ZHOB","ZHOB","ASHWAT","SUB-TEHSIL","SARAIKI",1,1,NA,NA,1,1,NA,NA,NA,NA,NA,NA
"BALOCHISTAN","ZHOB","ZHOB","ASHWAT","SUB-TEHSIL","SHINA",NA,NA,NA,NA,NA,NA,NA,NA,NA,NA,NA,NA
"BALOCHISTAN","ZHOB","ZHOB","ASHWAT","SUB-TEHSIL","SINDHI",2,2,NA,NA,2,2,NA,NA,NA,NA,NA,NA
"BALOCHISTAN","ZHOB","ZHOB","ASHWAT","SUB-TEHSIL","TOTAL",25094,11560,13534,NA,25094,11560,13534,NA,NA,NA,NA,NA
"BALOCHISTAN","ZHOB","ZHOB","ASHWAT","SUB-TEHSIL","URDU",4,3,1,NA,4,3,1,NA,NA,NA,NA,NA
"BALOCHISTAN","KALAT","AWARAN","AWARAN","SUB-DIVISION","BALOCHI",45665,22529,23132,4,16967,8467,8500,NA,28698,14062,14632,4
"BALOCHISTAN","KALAT","AWARAN","AWARAN","SUB-DIVISION","BALTI",NA,NA,NA,NA,NA,NA,NA,NA,NA,NA,NA,NA
"BALOCHISTAN","KALAT","AWARAN","AWARAN","SUB-DIVISION","BRAHVI",20,7,13,NA,7,2,5,NA,13,5,8,NA
"BALOCHISTAN","KALAT","AWARAN","AWARAN","SUB-DIVISION","HINDKO",NA,NA,NA,NA,NA,NA,NA,NA,NA,NA,NA,NA
"BALOCHISTAN","KALAT","AWARAN","AWARAN","SUB-DIVISION","KALASHA",NA,NA,NA,NA,NA,NA,NA,NA,NA,NA,NA,NA
"BALOCHISTAN","KALAT","AWARAN","AWARAN","SUB-DIVISION","KASHMIRI",22,12,10,NA,7,4,3,NA,15,8,7,NA
"BALOCHISTAN","KALAT","AWARAN","AWARAN","SUB-DIVISION","KOHIOSTANI",NA,NA,NA,NA,NA,NA,NA,NA,NA,NA,NA,NA
"BALOCHISTAN","KALAT","AWARAN","AWARAN","SUB-DIVISION","MEWATI",NA,NA,NA,NA,NA,NA,NA,NA,NA,NA,NA,NA
"BALOCHISTAN","KALAT","AWARAN","AWARAN","SUB-DIVISION","OTHERS",2,1,1,NA,NA,NA,NA,NA,2,1,1,NA
"BALOCHISTAN","KALAT","AWARAN","AWARAN","SUB-DIVISION","PUNJABI",3,2,1,NA,NA,NA,NA,NA,3,2,1,NA
"BALOCHISTAN","KALAT","AWARAN","AWARAN","SUB-DIVISION","PUSHTO",1,1,NA,NA,1,1,NA,NA,NA,NA,NA,NA
"BALOCHISTAN","KALAT","AWARAN","AWARAN","SUB-DIVISION","SARAIKI",2,1,1,NA,NA,NA,NA,NA,2,1,1,NA
"BALOCHISTAN","KALAT","AWARAN","AWARAN","SUB-DIVISION","SHINA",NA,NA,NA,NA,NA,NA,NA,NA,NA,NA,NA,NA
"BALOCHISTAN","KALAT","AWARAN","AWARAN","SUB-DIVISION","SINDHI",23,10,13,NA,NA,NA,NA,NA,23,10,13,NA
"BALOCHISTAN","KALAT","AWARAN","AWARAN","SUB-DIVISION","TOTAL",45774,22582,23188,4,16994,8481,8513,NA,28780,14101,14675,4
"BALOCHISTAN","KALAT","AWARAN","AWARAN","SUB-DIVISION","URDU",36,19,17,NA,12,7,5,NA,24,12,12,NA
"BALOCHISTAN","NASIRABAD","NASIRABAD","BABA KOT","TEHSIL","BALOCHI",23503,10686,12817,NA,23503,10686,12817,NA,NA,NA,NA,NA
"BALOCHISTAN","NASIRABAD","NASIRABAD","BABA KOT","TEHSIL","BALTI",NA,NA,NA,NA,NA,NA,NA,NA,NA,NA,NA,NA
"BALOCHISTAN","NASIRABAD","NASIRABAD","BABA KOT","TEHSIL","BRAHVI",21041,9893,11146,2,21041,9893,11146,2,NA,NA,NA,NA
"BALOCHISTAN","NASIRABAD","NASIRABAD","BABA KOT","TEHSIL","HINDKO",58,31,27,NA,58,31,27,NA,NA,NA,NA,NA
"BALOCHISTAN","NASIRABAD","NASIRABAD","BABA KOT","TEHSIL","KALASHA",NA,NA,NA,NA,NA,NA,NA,NA,NA,NA,NA,NA
"BALOCHISTAN","NASIRABAD","NASIRABAD","BABA KOT","TEHSIL","KASHMIRI",8,4,4,NA,8,4,4,NA,NA,NA,NA,NA
"BALOCHISTAN","NASIRABAD","NASIRABAD","BABA KOT","TEHSIL","KOHIOSTANI",NA,NA,NA,NA,NA,NA,NA,NA,NA,NA,NA,NA
"BALOCHISTAN","NASIRABAD","NASIRABAD","BABA KOT","TEHSIL","MEWATI",NA,NA,NA,NA,NA,NA,NA,NA,NA,NA,NA,NA
"BALOCHISTAN","NASIRABAD","NASIRABAD","BABA KOT","TEHSIL","OTHERS",62,29,33,NA,62,29,33,NA,NA,NA,NA,NA
"BALOCHISTAN","NASIRABAD","NASIRABAD","BABA KOT","TEHSIL","PUNJABI",3,1,2,NA,3,1,2,NA,NA,NA,NA,NA
"BALOCHISTAN","NASIRABAD","NASIRABAD","BABA KOT","TEHSIL","PUSHTO",7,2,5,NA,7,2,5,NA,NA,NA,NA,NA
"BALOCHISTAN","NASIRABAD","NASIRABAD","BABA KOT","TEHSIL","SARAIKI",3595,1810,1785,NA,3595,1810,1785,NA,NA,NA,NA,NA
"BALOCHISTAN","NASIRABAD","NASIRABAD","BABA KOT","TEHSIL","SHINA",NA,NA,NA,NA,NA,NA,NA,NA,NA,NA,NA,NA
"BALOCHISTAN","NASIRABAD","NASIRABAD","BABA KOT","TEHSIL","SINDHI",5367,2557,2810,NA,5367,2557,2810,NA,NA,NA,NA,NA
"BALOCHISTAN","NASIRABAD","NASIRABAD","BABA KOT","TEHSIL","TOTAL",53661,25022,28637,2,53661,25022,28637,2,NA,NA,NA,NA
"BALOCHISTAN","NASIRABAD","NASIRABAD","BABA KOT","TEHSIL","URDU",17,9,8,NA,17,9,8,NA,NA,NA,NA,NA
"BALOCHISTAN","ZHOB","KILLA SAIFULLAH","BADINI","SUB-TEHSIL","BALOCHI",7,3,4,NA,7,3,4,NA,NA,NA,NA,NA
"BALOCHISTAN","ZHOB","KILLA SAIFULLAH","BADINI","SUB-TEHSIL","BALTI",NA,NA,NA,NA,NA,NA,NA,NA,NA,NA,NA,NA
"BALOCHISTAN","ZHOB","KILLA SAIFULLAH","BADINI","SUB-TEHSIL","BRAHVI",NA,NA,NA,NA,NA,NA,NA,NA,NA,NA,NA,NA
"BALOCHISTAN","ZHOB","KILLA SAIFULLAH","BADINI","SUB-TEHSIL","HINDKO",NA,NA,NA,NA,NA,NA,NA,NA,NA,NA,NA,NA
"BALOCHISTAN","ZHOB","KILLA SAIFULLAH","BADINI","SUB-TEHSIL","KALASHA",NA,NA,NA,NA,NA,NA,NA,NA,NA,NA,NA,NA
"BALOCHISTAN","ZHOB","KILLA SAIFULLAH","BADINI","SUB-TEHSIL","KASHMIRI",1,NA,1,NA,1,NA,1,NA,NA,NA,NA,NA
"BALOCHISTAN","ZHOB","KILLA SAIFULLAH","BADINI","SUB-TEHSIL","KOHIOSTANI",NA,NA,NA,NA,NA,NA,NA,NA,NA,NA,NA,NA
"BALOCHISTAN","ZHOB","KILLA SAIFULLAH","BADINI","SUB-TEHSIL","MEWATI",NA,NA,NA,NA,NA,NA,NA,NA,NA,NA,NA,NA
"BALOCHISTAN","ZHOB","KILLA SAIFULLAH","BADINI","SUB-TEHSIL","OTHERS",1,NA,1,NA,1,NA,1,NA,NA,NA,NA,NA
"BALOCHISTAN","ZHOB","KILLA SAIFULLAH","BADINI","SUB-TEHSIL","PUNJABI",NA,NA,NA,NA,NA,NA,NA,NA,NA,NA,NA,NA
"BALOCHISTAN","ZHOB","KILLA SAIFULLAH","BADINI","SUB-TEHSIL","PUSHTO",20622,9110,11512,NA,20622,9110,11512,NA,NA,NA,NA,NA
"BALOCHISTAN","ZHOB","KILLA SAIFULLAH","BADINI","SUB-TEHSIL","SARAIKI",1,NA,1,NA,1,NA,1,NA,NA,NA,NA,NA
"BALOCHISTAN","ZHOB","KILLA SAIFULLAH","BADINI","SUB-TEHSIL","SHINA",NA,NA,NA,NA,NA,NA,NA,NA,NA,NA,NA,NA
"BALOCHISTAN","ZHOB","KILLA SAIFULLAH","BADINI","SUB-TEHSIL","SINDHI",2,2,NA,NA,2,2,NA,NA,NA,NA,NA,NA
"BALOCHISTAN","ZHOB","KILLA SAIFULLAH","BADINI","SUB-TEHSIL","TOTAL",20640,9121,11519,NA,20640,9121,11519,NA,NA,NA,NA,NA
"BALOCHISTAN","ZHOB","KILLA SAIFULLAH","BADINI","SUB-TEHSIL","URDU",6,6,NA,NA,6,6,NA,NA,NA,NA,NA,NA
"BALOCHISTAN","SIBI","DERA BUGTI","BAIKER","SUB-TEHSIL","BALOCHI",33382,14661,18721,NA,33382,14661,18721,NA,NA,NA,NA,NA
"BALOCHISTAN","SIBI","DERA BUGTI","BAIKER","SUB-TEHSIL","BALTI",NA,NA,NA,NA,NA,NA,NA,NA,NA,NA,NA,NA
"BALOCHISTAN","SIBI","DERA BUGTI","BAIKER","SUB-TEHSIL","BRAHVI",NA,NA,NA,NA,NA,NA,NA,NA,NA,NA,NA,NA
"BALOCHISTAN","SIBI","DERA BUGTI","BAIKER","SUB-TEHSIL","HINDKO",NA,NA,NA,NA,NA,NA,NA,NA,NA,NA,NA,NA
"BALOCHISTAN","SIBI","DERA BUGTI","BAIKER","SUB-TEHSIL","KALASHA",NA,NA,NA,NA,NA,NA,NA,NA,NA,NA,NA,NA
"BALOCHISTAN","SIBI","DERA BUGTI","BAIKER","SUB-TEHSIL","KASHMIRI",17,7,10,NA,17,7,10,NA,NA,NA,NA,NA
"BALOCHISTAN","SIBI","DERA BUGTI","BAIKER","SUB-TEHSIL","KOHIOSTANI",1,NA,1,NA,1,NA,1,NA,NA,NA,NA,NA
"BALOCHISTAN","SIBI","DERA BUGTI","BAIKER","SUB-TEHSIL","MEWATI",NA,NA,NA,NA,NA,NA,NA,NA,NA,NA,NA,NA
"BALOCHISTAN","SIBI","DERA BUGTI","BAIKER","SUB-TEHSIL","OTHERS",NA,NA,NA,NA,NA,NA,NA,NA,NA,NA,NA,NA
"BALOCHISTAN","SIBI","DERA BUGTI","BAIKER","SUB-TEHSIL","PUNJABI",NA,NA,NA,NA,NA,NA,NA,NA,NA,NA,NA,NA
"BALOCHISTAN","SIBI","DERA BUGTI","BAIKER","SUB-TEHSIL","PUSHTO",4,2,2,NA,4,2,2,NA,NA,NA,NA,NA
"BALOCHISTAN","SIBI","DERA BUGTI","BAIKER","SUB-TEHSIL","SARAIKI",1,1,NA,NA,1,1,NA,NA,NA,NA,NA,NA
"BALOCHISTAN","SIBI","DERA BUGTI","BAIKER","SUB-TEHSIL","SHINA",NA,NA,NA,NA,NA,NA,NA,NA,NA,NA,NA,NA
"BALOCHISTAN","SIBI","DERA BUGTI","BAIKER","SUB-TEHSIL","SINDHI",NA,NA,NA,NA,NA,NA,NA,NA,NA,NA,NA,NA
"BALOCHISTAN","SIBI","DERA BUGTI","BAIKER","SUB-TEHSIL","TOTAL",33410,14674,18736,NA,33410,14674,18736,NA,NA,NA,NA,NA
"BALOCHISTAN","SIBI","DERA BUGTI","BAIKER","SUB-TEHSIL","URDU",5,3,2,NA,5,3,2,NA,NA,NA,NA,NA
"BALOCHISTAN","NASIRABAD","KACHHI","BALANARI","SUB-TEHSIL","BALOCHI",20606,8926,11678,2,20606,8926,11678,2,NA,NA,NA,NA
"BALOCHISTAN","NASIRABAD","KACHHI","BALANARI","SUB-TEHSIL","BALTI",NA,NA,NA,NA,NA,NA,NA,NA,NA,NA,NA,NA
"BALOCHISTAN","NASIRABAD","KACHHI","BALANARI","SUB-TEHSIL","BRAHVI",6970,3381,3589,NA,6970,3381,3589,NA,NA,NA,NA,NA
"BALOCHISTAN","NASIRABAD","KACHHI","BALANARI","SUB-TEHSIL","HINDKO",21,11,10,NA,21,11,10,NA,NA,NA,NA,NA
"BALOCHISTAN","NASIRABAD","KACHHI","BALANARI","SUB-TEHSIL","KALASHA",NA,NA,NA,NA,NA,NA,NA,NA,NA,NA,NA,NA
"BALOCHISTAN","NASIRABAD","KACHHI","BALANARI","SUB-TEHSIL","KASHMIRI",81,35,46,NA,81,35,46,NA,NA,NA,NA,NA
"BALOCHISTAN","NASIRABAD","KACHHI","BALANARI","SUB-TEHSIL","KOHIOSTANI",NA,NA,NA,NA,NA,NA,NA,NA,NA,NA,NA,NA
"BALOCHISTAN","NASIRABAD","KACHHI","BALANARI","SUB-TEHSIL","MEWATI",NA,NA,NA,NA,NA,NA,NA,NA,NA,NA,NA,NA
"BALOCHISTAN","NASIRABAD","KACHHI","BALANARI","SUB-TEHSIL","OTHERS",1,NA,1,NA,1,NA,1,NA,NA,NA,NA,NA
"BALOCHISTAN","NASIRABAD","KACHHI","BALANARI","SUB-TEHSIL","PUNJABI",26,15,11,NA,26,15,11,NA,NA,NA,NA,NA
"BALOCHISTAN","NASIRABAD","KACHHI","BALANARI","SUB-TEHSIL","PUSHTO",162,77,85,NA,162,77,85,NA,NA,NA,NA,NA
"BALOCHISTAN","NASIRABAD","KACHHI","BALANARI","SUB-TEHSIL","SARAIKI",25834,12179,13655,NA,25834,12179,13655,NA,NA,NA,NA,NA
"BALOCHISTAN","NASIRABAD","KACHHI","BALANARI","SUB-TEHSIL","SHINA",2,1,1,NA,2,1,1,NA,NA,NA,NA,NA
"BALOCHISTAN","NASIRABAD","KACHHI","BALANARI","SUB-TEHSIL","SINDHI",6313,3113,3200,NA,6313,3113,3200,NA,NA,NA,NA,NA
"BALOCHISTAN","NASIRABAD","KACHHI","BALANARI","SUB-TEHSIL","TOTAL",60158,27811,32345,2,60158,27811,32345,2,NA,NA,NA,NA
"BALOCHISTAN","NASIRABAD","KACHHI","BALANARI","SUB-TEHSIL","URDU",142,73,69,NA,142,73,69,NA,NA,NA,NA,NA
"BALOCHISTAN","MEKRAN","KECH","BALNIGORE","SUB-TEHSIL","BALOCHI",50326,24290,26036,NA,50326,24290,26036,NA,NA,NA,NA,NA
"BALOCHISTAN","MEKRAN","KECH","BALNIGORE","SUB-TEHSIL","BALTI",NA,NA,NA,NA,NA,NA,NA,NA,NA,NA,NA,NA
"BALOCHISTAN","MEKRAN","KECH","BALNIGORE","SUB-TEHSIL","BRAHVI",3,1,2,NA,3,1,2,NA,NA,NA,NA,NA
"BALOCHISTAN","MEKRAN","KECH","BALNIGORE","SUB-TEHSIL","HINDKO",NA,NA,NA,NA,NA,NA,NA,NA,NA,NA,NA,NA
"BALOCHISTAN","MEKRAN","KECH","BALNIGORE","SUB-TEHSIL","KALASHA",NA,NA,NA,NA,NA,NA,NA,NA,NA,NA,NA,NA
"BALOCHISTAN","MEKRAN","KECH","BALNIGORE","SUB-TEHSIL","KASHMIRI",38,24,14,NA,38,24,14,NA,NA,NA,NA,NA
"BALOCHISTAN","MEKRAN","KECH","BALNIGORE","SUB-TEHSIL","KOHIOSTANI",NA,NA,NA,NA,NA,NA,NA,NA,NA,NA,NA,NA
"BALOCHISTAN","MEKRAN","KECH","BALNIGORE","SUB-TEHSIL","MEWATI",NA,NA,NA,NA,NA,NA,NA,NA,NA,NA,NA,NA
"BALOCHISTAN","MEKRAN","KECH","BALNIGORE","SUB-TEHSIL","OTHERS",1,NA,1,NA,1,NA,1,NA,NA,NA,NA,NA
"BALOCHISTAN","MEKRAN","KECH","BALNIGORE","SUB-TEHSIL","PUNJABI",4,1,3,NA,4,1,3,NA,NA,NA,NA,NA
"BALOCHISTAN","MEKRAN","KECH","BALNIGORE","SUB-TEHSIL","PUSHTO",2,1,1,NA,2,1,1,NA,NA,NA,NA,NA
"BALOCHISTAN","MEKRAN","KECH","BALNIGORE","SUB-TEHSIL","SARAIKI",NA,NA,NA,NA,NA,NA,NA,NA,NA,NA,NA,NA
"BALOCHISTAN","MEKRAN","KECH","BALNIGORE","SUB-TEHSIL","SHINA",NA,NA,NA,NA,NA,NA,NA,NA,NA,NA,NA,NA
"BALOCHISTAN","MEKRAN","KECH","BALNIGORE","SUB-TEHSIL","SINDHI",7,3,4,NA,7,3,4,NA,NA,NA,NA,NA
"BALOCHISTAN","MEKRAN","KECH","BALNIGORE","SUB-TEHSIL","TOTAL",50404,24328,26075,1,50404,24328,26075,1,NA,NA,NA,NA
"BALOCHISTAN","MEKRAN","KECH","BALNIGORE","SUB-TEHSIL","URDU",23,8,14,1,23,8,14,1,NA,NA,NA,NA
"BALOCHISTAN","LORALAI","BARKHAN","BARKHAN","TEHSIL","BALOCHI",207354,99133,108213,8,194405,92862,101536,7,12949,6271,6677,1
"BALOCHISTAN","LORALAI","BARKHAN","BARKHAN","TEHSIL","BALTI",NA,NA,NA,NA,NA,NA,NA,NA,NA,NA,NA,NA
"BALOCHISTAN","LORALAI","BARKHAN","BARKHAN","TEHSIL","BRAHVI",NA,NA,NA,NA,NA,NA,NA,NA,NA,NA,NA,NA
"BALOCHISTAN","LORALAI","BARKHAN","BARKHAN","TEHSIL","HINDKO",NA,NA,NA,NA,NA,NA,NA,NA,NA,NA,NA,NA
"BALOCHISTAN","LORALAI","BARKHAN","BARKHAN","TEHSIL","KALASHA",NA,NA,NA,NA,NA,NA,NA,NA,NA,NA,NA,NA
"BALOCHISTAN","LORALAI","BARKHAN","BARKHAN","TEHSIL","KASHMIRI",127,69,58,NA,106,58,48,NA,21,11,10,NA
"BALOCHISTAN","LORALAI","BARKHAN","BARKHAN","TEHSIL","KOHIOSTANI",NA,NA,NA,NA,NA,NA,NA,NA,NA,NA,NA,NA
"BALOCHISTAN","LORALAI","BARKHAN","BARKHAN","TEHSIL","MEWATI",NA,NA,NA,NA,NA,NA,NA,NA,NA,NA,NA,NA
"BALOCHISTAN","LORALAI","BARKHAN","BARKHAN","TEHSIL","OTHERS",56,27,29,NA,8,3,5,NA,48,24,24,NA
"BALOCHISTAN","LORALAI","BARKHAN","BARKHAN","TEHSIL","PUNJABI",173,87,86,NA,52,25,27,NA,121,62,59,NA
"BALOCHISTAN","LORALAI","BARKHAN","BARKHAN","TEHSIL","PUSHTO",1138,585,553,NA,909,474,435,NA,229,111,118,NA
"BALOCHISTAN","LORALAI","BARKHAN","BARKHAN","TEHSIL","SARAIKI",1274,653,621,NA,236,116,120,NA,1038,537,501,NA
"BALOCHISTAN","LORALAI","BARKHAN","BARKHAN","TEHSIL","SHINA",NA,NA,NA,NA,NA,NA,NA,NA,NA,NA,NA,NA
"BALOCHISTAN","LORALAI","BARKHAN","BARKHAN","TEHSIL","SINDHI",1,1,NA,NA,1,1,NA,NA,NA,NA,NA,NA
"BALOCHISTAN","LORALAI","BARKHAN","BARKHAN","TEHSIL","TOTAL",210249,100617,109624,8,195824,93591,102226,7,14425,7026,7398,1
"BALOCHISTAN","LORALAI","BARKHAN","BARKHAN","TEHSIL","URDU",126,62,64,NA,107,52,55,NA,19,10,9,NA
"BALOCHISTAN","QUETTA","PISHIN","BARSHORE","TEHSIL","BALOCHI",141,58,83,NA,141,58,83,NA,NA,NA,NA,NA
"BALOCHISTAN","QUETTA","PISHIN","BARSHORE","TEHSIL","BALTI",NA,NA,NA,NA,NA,NA,NA,NA,NA,NA,NA,NA
"BALOCHISTAN","QUETTA","PISHIN","BARSHORE","TEHSIL","BRAHVI",NA,NA,NA,NA,NA,NA,NA,NA,NA,NA,NA,NA
"BALOCHISTAN","QUETTA","PISHIN","BARSHORE","TEHSIL","HINDKO",NA,NA,NA,NA,NA,NA,NA,NA,NA,NA,NA,NA
"BALOCHISTAN","QUETTA","PISHIN","BARSHORE","TEHSIL","KALASHA",NA,NA,NA,NA,NA,NA,NA,NA,NA,NA,NA,NA
"BALOCHISTAN","QUETTA","PISHIN","BARSHORE","TEHSIL","KASHMIRI",NA,NA,NA,NA,NA,NA,NA,NA,NA,NA,NA,NA
"BALOCHISTAN","QUETTA","PISHIN","BARSHORE","TEHSIL","KOHIOSTANI",NA,NA,NA,NA,NA,NA,NA,NA,NA,NA,NA,NA
"BALOCHISTAN","QUETTA","PISHIN","BARSHORE","TEHSIL","MEWATI",NA,NA,NA,NA,NA,NA,NA,NA,NA,NA,NA,NA
"BALOCHISTAN","QUETTA","PISHIN","BARSHORE","TEHSIL","OTHERS",3,NA,3,NA,3,NA,3,NA,NA,NA,NA,NA
"BALOCHISTAN","QUETTA","PISHIN","BARSHORE","TEHSIL","PUNJABI",93,42,51,NA,93,42,51,NA,NA,NA,NA,NA
"BALOCHISTAN","QUETTA","PISHIN","BARSHORE","TEHSIL","PUSHTO",141673,66833,74831,9,141673,66833,74831,9,NA,NA,NA,NA
"BALOCHISTAN","QUETTA","PISHIN","BARSHORE","TEHSIL","SARAIKI",4,NA,4,NA,4,NA,4,NA,NA,NA,NA,NA
"BALOCHISTAN","QUETTA","PISHIN","BARSHORE","TEHSIL","SHINA",NA,NA,NA,NA,NA,NA,NA,NA,NA,NA,NA,NA
"BALOCHISTAN","QUETTA","PISHIN","BARSHORE","TEHSIL","SINDHI",26,11,15,NA,26,11,15,NA,NA,NA,NA,NA
"BALOCHISTAN","QUETTA","PISHIN","BARSHORE","TEHSIL","TOTAL",141994,66975,75010,9,141994,66975,75010,9,NA,NA,NA,NA
"BALOCHISTAN","QUETTA","PISHIN","BARSHORE","TEHSIL","URDU",54,31,23,NA,54,31,23,NA,NA,NA,NA,NA
"BALOCHISTAN","KALAT","LASBELA","BELA","SUB-DIVISION","BALOCHI",106105,50987,55109,9,81215,39683,41524,8,24890,11304,13585,1
"BALOCHISTAN","KALAT","LASBELA","BELA","SUB-DIVISION","BALTI",2,1,1,NA,NA,NA,NA,NA,2,1,1,NA
"BALOCHISTAN","KALAT","LASBELA","BELA","SUB-DIVISION","BRAHVI",4327,2138,2189,NA,4109,2026,2083,NA,218,112,106,NA
"BALOCHISTAN","KALAT","LASBELA","BELA","SUB-DIVISION","HINDKO",42,18,24,NA,40,18,22,NA,2,NA,2,NA
"BALOCHISTAN","KALAT","LASBELA","BELA","SUB-DIVISION","KALASHA",1,NA,1,NA,1,NA,1,NA,NA,NA,NA,NA
"BALOCHISTAN","KALAT","LASBELA","BELA","SUB-DIVISION","KASHMIRI",61,24,37,NA,33,17,16,NA,28,7,21,NA
"BALOCHISTAN","KALAT","LASBELA","BELA","SUB-DIVISION","KOHIOSTANI",NA,NA,NA,NA,NA,NA,NA,NA,NA,NA,NA,NA
"BALOCHISTAN","KALAT","LASBELA","BELA","SUB-DIVISION","MEWATI",102,52,50,NA,102,52,50,NA,NA,NA,NA,NA
"BALOCHISTAN","KALAT","LASBELA","BELA","SUB-DIVISION","OTHERS",5636,2724,2912,NA,3293,1567,1726,NA,2343,1157,1186,NA
"BALOCHISTAN","KALAT","LASBELA","BELA","SUB-DIVISION","PUNJABI",281,136,145,NA,82,41,41,NA,199,95,104,NA
"BALOCHISTAN","KALAT","LASBELA","BELA","SUB-DIVISION","PUSHTO",1653,790,863,NA,1018,493,525,NA,635,297,338,NA
"BALOCHISTAN","KALAT","LASBELA","BELA","SUB-DIVISION","SARAIKI",269,129,140,NA,147,71,76,NA,122,58,64,NA
"BALOCHISTAN","KALAT","LASBELA","BELA","SUB-DIVISION","SHINA",2,1,1,NA,2,1,1,NA,NA,NA,NA,NA
"BALOCHISTAN","KALAT","LASBELA","BELA","SUB-DIVISION","SINDHI",10658,5181,5477,NA,9797,4758,5039,NA,861,423,438,NA
"BALOCHISTAN","KALAT","LASBELA","BELA","SUB-DIVISION","TOTAL",129264,62251,67004,9,99884,48749,51127,8,29380,13502,15877,1
"BALOCHISTAN","KALAT","LASBELA","BELA","SUB-DIVISION","URDU",125,70,55,NA,45,22,23,NA,80,48,32,NA
"BALOCHISTAN","RAKHSHAN","WASHUK","BESIMA","SUB-DIVISION","BALOCHI",9253,4435,4818,NA,9253,4435,4818,NA,NA,NA,NA,NA
"BALOCHISTAN","RAKHSHAN","WASHUK","BESIMA","SUB-DIVISION","BALTI",NA,NA,NA,NA,NA,NA,NA,NA,NA,NA,NA,NA
"BALOCHISTAN","RAKHSHAN","WASHUK","BESIMA","SUB-DIVISION","BRAHVI",53960,24429,29527,4,53960,24429,29527,4,NA,NA,NA,NA
"BALOCHISTAN","RAKHSHAN","WASHUK","BESIMA","SUB-DIVISION","HINDKO",33,13,20,NA,33,13,20,NA,NA,NA,NA,NA
"BALOCHISTAN","RAKHSHAN","WASHUK","BESIMA","SUB-DIVISION","KALASHA",NA,NA,NA,NA,NA,NA,NA,NA,NA,NA,NA,NA
"BALOCHISTAN","RAKHSHAN","WASHUK","BESIMA","SUB-DIVISION","KASHMIRI",15,6,9,NA,15,6,9,NA,NA,NA,NA,NA
"BALOCHISTAN","RAKHSHAN","WASHUK","BESIMA","SUB-DIVISION","KOHIOSTANI",NA,NA,NA,NA,NA,NA,NA,NA,NA,NA,NA,NA
"BALOCHISTAN","RAKHSHAN","WASHUK","BESIMA","SUB-DIVISION","MEWATI",NA,NA,NA,NA,NA,NA,NA,NA,NA,NA,NA,NA
"BALOCHISTAN","RAKHSHAN","WASHUK","BESIMA","SUB-DIVISION","OTHERS",14,4,10,NA,14,4,10,NA,NA,NA,NA,NA
"BALOCHISTAN","RAKHSHAN","WASHUK","BESIMA","SUB-DIVISION","PUNJABI",4,2,2,NA,4,2,2,NA,NA,NA,NA,NA
"BALOCHISTAN","RAKHSHAN","WASHUK","BESIMA","SUB-DIVISION","PUSHTO",3,1,2,NA,3,1,2,NA,NA,NA,NA,NA
"BALOCHISTAN","RAKHSHAN","WASHUK","BESIMA","SUB-DIVISION","SARAIKI",1,1,NA,NA,1,1,NA,NA,NA,NA,NA,NA
"BALOCHISTAN","RAKHSHAN","WASHUK","BESIMA","SUB-DIVISION","SHINA",11,4,7,NA,11,4,7,NA,NA,NA,NA,NA
"BALOCHISTAN","RAKHSHAN","WASHUK","BESIMA","SUB-DIVISION","SINDHI",11,6,5,NA,11,6,5,NA,NA,NA,NA,NA
"BALOCHISTAN","RAKHSHAN","WASHUK","BESIMA","SUB-DIVISION","TOTAL",63368,28930,34434,4,63368,28930,34434,4,NA,NA,NA,NA
"BALOCHISTAN","RAKHSHAN","WASHUK","BESIMA","SUB-DIVISION","URDU",63,29,34,NA,63,29,34,NA,NA,NA,NA,NA
"BALOCHISTAN","NASIRABAD","KACHHI","BHAG","SUB-DIVISION","BALOCHI",42328,20748,21579,1,39043,19083,19959,1,3285,1665,1620,NA
"BALOCHISTAN","NASIRABAD","KACHHI","BHAG","SUB-DIVISION","BALTI",NA,NA,NA,NA,NA,NA,NA,NA,NA,NA,NA,NA
"BALOCHISTAN","NASIRABAD","KACHHI","BHAG","SUB-DIVISION","BRAHVI",2305,1035,1270,NA,2017,898,1119,NA,288,137,151,NA
"BALOCHISTAN","NASIRABAD","KACHHI","BHAG","SUB-DIVISION","HINDKO",4,2,2,NA,3,1,2,NA,1,1,NA,NA
"BALOCHISTAN","NASIRABAD","KACHHI","BHAG","SUB-DIVISION","KALASHA",NA,NA,NA,NA,NA,NA,NA,NA,NA,NA,NA,NA
"BALOCHISTAN","NASIRABAD","KACHHI","BHAG","SUB-DIVISION","KASHMIRI",28,14,14,NA,22,11,11,NA,6,3,3,NA
"BALOCHISTAN","NASIRABAD","KACHHI","BHAG","SUB-DIVISION","KOHIOSTANI",NA,NA,NA,NA,NA,NA,NA,NA,NA,NA,NA,NA
"BALOCHISTAN","NASIRABAD","KACHHI","BHAG","SUB-DIVISION","MEWATI",NA,NA,NA,NA,NA,NA,NA,NA,NA,NA,NA,NA
"BALOCHISTAN","NASIRABAD","KACHHI","BHAG","SUB-DIVISION","OTHERS",35,15,20,NA,31,14,17,NA,4,1,3,NA
"BALOCHISTAN","NASIRABAD","KACHHI","BHAG","SUB-DIVISION","PUNJABI",19,7,12,NA,1,NA,1,NA,18,7,11,NA
"BALOCHISTAN","NASIRABAD","KACHHI","BHAG","SUB-DIVISION","PUSHTO",43,19,24,NA,36,14,22,NA,7,5,2,NA
"BALOCHISTAN","NASIRABAD","KACHHI","BHAG","SUB-DIVISION","SARAIKI",21874,10986,10886,2,13438,6644,6793,1,8436,4342,4093,1
"BALOCHISTAN","NASIRABAD","KACHHI","BHAG","SUB-DIVISION","SHINA",NA,NA,NA,NA,NA,NA,NA,NA,NA,NA,NA,NA
"BALOCHISTAN","NASIRABAD","KACHHI","BHAG","SUB-DIVISION","SINDHI",16985,8371,8614,NA,10432,5048,5384,NA,6553,3323,3230,NA
"BALOCHISTAN","NASIRABAD","KACHHI","BHAG","SUB-DIVISION","TOTAL",83687,41230,42454,3,65053,31725,33326,2,18634,9505,9128,1
"BALOCHISTAN","NASIRABAD","KACHHI","BHAG","SUB-DIVISION","URDU",66,33,33,NA,30,12,18,NA,36,21,15,NA
"BALOCHISTAN","LORALAI","LORALAI","BORI","SUB-DIVISION","BALOCHI",2815,1338,1477,NA,981,458,523,NA,1834,880,954,NA
"BALOCHISTAN","LORALAI","LORALAI","BORI","SUB-DIVISION","BALTI",NA,NA,NA,NA,NA,NA,NA,NA,NA,NA,NA,NA
"BALOCHISTAN","LORALAI","LORALAI","BORI","SUB-DIVISION","BRAHVI",136,75,61,NA,135,75,60,NA,1,NA,1,NA
"BALOCHISTAN","LORALAI","LORALAI","BORI","SUB-DIVISION","HINDKO",117,63,54,NA,15,8,7,NA,102,55,47,NA
"BALOCHISTAN","LORALAI","LORALAI","BORI","SUB-DIVISION","KALASHA",NA,NA,NA,NA,NA,NA,NA,NA,NA,NA,NA,NA
"BALOCHISTAN","LORALAI","LORALAI","BORI","SUB-DIVISION","KASHMIRI",69,32,37,NA,3,1,2,NA,66,31,35,NA
"BALOCHISTAN","LORALAI","LORALAI","BORI","SUB-DIVISION","KOHIOSTANI",2,1,1,NA,2,1,1,NA,NA,NA,NA,NA
"BALOCHISTAN","LORALAI","LORALAI","BORI","SUB-DIVISION","MEWATI",3,2,1,NA,NA,NA,NA,NA,3,2,1,NA
"BALOCHISTAN","LORALAI","LORALAI","BORI","SUB-DIVISION","OTHERS",599,311,288,NA,138,66,72,NA,461,245,216,NA
"BALOCHISTAN","LORALAI","LORALAI","BORI","SUB-DIVISION","PUNJABI",1911,953,958,NA,46,19,27,NA,1865,934,931,NA
"BALOCHISTAN","LORALAI","LORALAI","BORI","SUB-DIVISION","PUSHTO",212935,100825,112096,14,163515,77427,86075,13,49420,23398,26021,1
"BALOCHISTAN","LORALAI","LORALAI","BORI","SUB-DIVISION","SARAIKI",2500,1296,1204,NA,119,61,58,NA,2381,1235,1146,NA
"BALOCHISTAN","LORALAI","LORALAI","BORI","SUB-DIVISION","SHINA",5,1,4,NA,NA,NA,NA,NA,5,1,4,NA
"BALOCHISTAN","LORALAI","LORALAI","BORI","SUB-DIVISION","SINDHI",95,41,54,NA,30,12,18,NA,65,29,36,NA
"BALOCHISTAN","LORALAI","LORALAI","BORI","SUB-DIVISION","TOTAL",222590,105650,116926,14,165204,78223,86968,13,57386,27427,29958,1
"BALOCHISTAN","LORALAI","LORALAI","BORI","SUB-DIVISION","URDU",1403,712,691,NA,220,95,125,NA,1183,617,566,NA
"BALOCHISTAN","QUETTA","PISHIN","BOSTAN","TEHSIL","BALOCHI",87,52,35,NA,87,52,35,NA,NA,NA,NA,NA
"BALOCHISTAN","QUETTA","PISHIN","BOSTAN","TEHSIL","BALTI",NA,NA,NA,NA,NA,NA,NA,NA,NA,NA,NA,NA
"BALOCHISTAN","QUETTA","PISHIN","BOSTAN","TEHSIL","BRAHVI",14,9,5,NA,14,9,5,NA,NA,NA,NA,NA
"BALOCHISTAN","QUETTA","PISHIN","BOSTAN","TEHSIL","HINDKO",NA,NA,NA,NA,NA,NA,NA,NA,NA,NA,NA,NA
"BALOCHISTAN","QUETTA","PISHIN","BOSTAN","TEHSIL","KALASHA",NA,NA,NA,NA,NA,NA,NA,NA,NA,NA,NA,NA
"BALOCHISTAN","QUETTA","PISHIN","BOSTAN","TEHSIL","KASHMIRI",NA,NA,NA,NA,NA,NA,NA,NA,NA,NA,NA,NA
"BALOCHISTAN","QUETTA","PISHIN","BOSTAN","TEHSIL","KOHIOSTANI",NA,NA,NA,NA,NA,NA,NA,NA,NA,NA,NA,NA
"BALOCHISTAN","QUETTA","PISHIN","BOSTAN","TEHSIL","MEWATI",NA,NA,NA,NA,NA,NA,NA,NA,NA,NA,NA,NA
"BALOCHISTAN","QUETTA","PISHIN","BOSTAN","TEHSIL","OTHERS",9,5,4,NA,9,5,4,NA,NA,NA,NA,NA
"BALOCHISTAN","QUETTA","PISHIN","BOSTAN","TEHSIL","PUNJABI",13,7,6,NA,13,7,6,NA,NA,NA,NA,NA
"BALOCHISTAN","QUETTA","PISHIN","BOSTAN","TEHSIL","PUSHTO",49507,24310,25195,2,49507,24310,25195,2,NA,NA,NA,NA
"BALOCHISTAN","QUETTA","PISHIN","BOSTAN","TEHSIL","SARAIKI",NA,NA,NA,NA,NA,NA,NA,NA,NA,NA,NA,NA
"BALOCHISTAN","QUETTA","PISHIN","BOSTAN","TEHSIL","SHINA",NA,NA,NA,NA,NA,NA,NA,NA,NA,NA,NA,NA
"BALOCHISTAN","QUETTA","PISHIN","BOSTAN","TEHSIL","SINDHI",13,6,7,NA,13,6,7,NA,NA,NA,NA,NA
"BALOCHISTAN","QUETTA","PISHIN","BOSTAN","TEHSIL","TOTAL",49721,24428,25291,2,49721,24428,25291,2,NA,NA,NA,NA
"BALOCHISTAN","QUETTA","PISHIN","BOSTAN","TEHSIL","URDU",78,39,39,NA,78,39,39,NA,NA,NA,NA,NA
"BALOCHISTAN","MEKRAN","KECH","BULAIDA","SUB-DIVISION","BALOCHI",107495,50267,57175,53,38930,17604,21324,2,68565,32663,35851,51
"BALOCHISTAN","MEKRAN","KECH","BULAIDA","SUB-DIVISION","BALTI",NA,NA,NA,NA,NA,NA,NA,NA,NA,NA,NA,NA
"BALOCHISTAN","MEKRAN","KECH","BULAIDA","SUB-DIVISION","BRAHVI",NA,NA,NA,NA,NA,NA,NA,NA,NA,NA,NA,NA
"BALOCHISTAN","MEKRAN","KECH","BULAIDA","SUB-DIVISION","HINDKO",NA,NA,NA,NA,NA,NA,NA,NA,NA,NA,NA,NA
"BALOCHISTAN","MEKRAN","KECH","BULAIDA","SUB-DIVISION","KALASHA",NA,NA,NA,NA,NA,NA,NA,NA,NA,NA,NA,NA
"BALOCHISTAN","MEKRAN","KECH","BULAIDA","SUB-DIVISION","KASHMIRI",159,74,85,NA,66,32,34,NA,93,42,51,NA
"BALOCHISTAN","MEKRAN","KECH","BULAIDA","SUB-DIVISION","KOHIOSTANI",NA,NA,NA,NA,NA,NA,NA,NA,NA,NA,NA,NA
"BALOCHISTAN","MEKRAN","KECH","BULAIDA","SUB-DIVISION","MEWATI",NA,NA,NA,NA,NA,NA,NA,NA,NA,NA,NA,NA
"BALOCHISTAN","MEKRAN","KECH","BULAIDA","SUB-DIVISION","OTHERS",62,26,36,NA,32,13,19,NA,30,13,17,NA
"BALOCHISTAN","MEKRAN","KECH","BULAIDA","SUB-DIVISION","PUNJABI",12,6,5,1,2,1,1,NA,10,5,4,1
"BALOCHISTAN","MEKRAN","KECH","BULAIDA","SUB-DIVISION","PUSHTO",18,8,10,NA,9,5,4,NA,9,3,6,NA
"BALOCHISTAN","MEKRAN","KECH","BULAIDA","SUB-DIVISION","SARAIKI",2,2,NA,NA,1,1,NA,NA,1,1,NA,NA
"BALOCHISTAN","MEKRAN","KECH","BULAIDA","SUB-DIVISION","SHINA",NA,NA,NA,NA,NA,NA,NA,NA,NA,NA,NA,NA
"BALOCHISTAN","MEKRAN","KECH","BULAIDA","SUB-DIVISION","SINDHI",18,6,12,NA,8,NA,8,NA,10,6,4,NA
"BALOCHISTAN","MEKRAN","KECH","BULAIDA","SUB-DIVISION","TOTAL",107847,50429,57364,54,39095,17682,21411,2,68752,32747,35953,52
"BALOCHISTAN","MEKRAN","KECH","BULAIDA","SUB-DIVISION","URDU",81,40,41,NA,47,26,21,NA,34,14,20,NA
"BALOCHISTAN","RAKHSHAN","CHAGAI","CHAGAI","TEHSIL","BALOCHI",31603,15878,15723,2,31603,15878,15723,2,NA,NA,NA,NA
"BALOCHISTAN","RAKHSHAN","CHAGAI","CHAGAI","TEHSIL","BALTI",NA,NA,NA,NA,NA,NA,NA,NA,NA,NA,NA,NA
"BALOCHISTAN","RAKHSHAN","CHAGAI","CHAGAI","TEHSIL","BRAHVI",22651,11342,11308,1,22651,11342,11308,1,NA,NA,NA,NA
"BALOCHISTAN","RAKHSHAN","CHAGAI","CHAGAI","TEHSIL","HINDKO",9,4,5,NA,9,4,5,NA,NA,NA,NA,NA
"BALOCHISTAN","RAKHSHAN","CHAGAI","CHAGAI","TEHSIL","KALASHA",NA,NA,NA,NA,NA,NA,NA,NA,NA,NA,NA,NA
"BALOCHISTAN","RAKHSHAN","CHAGAI","CHAGAI","TEHSIL","KASHMIRI",12,6,6,NA,12,6,6,NA,NA,NA,NA,NA
"BALOCHISTAN","RAKHSHAN","CHAGAI","CHAGAI","TEHSIL","KOHIOSTANI",1,NA,1,NA,1,NA,1,NA,NA,NA,NA,NA
"BALOCHISTAN","RAKHSHAN","CHAGAI","CHAGAI","TEHSIL","MEWATI",NA,NA,NA,NA,NA,NA,NA,NA,NA,NA,NA,NA
"BALOCHISTAN","RAKHSHAN","CHAGAI","CHAGAI","TEHSIL","OTHERS",6,4,2,NA,6,4,2,NA,NA,NA,NA,NA
"BALOCHISTAN","RAKHSHAN","CHAGAI","CHAGAI","TEHSIL","PUNJABI",3,1,2,NA,3,1,2,NA,NA,NA,NA,NA
"BALOCHISTAN","RAKHSHAN","CHAGAI","CHAGAI","TEHSIL","PUSHTO",19011,9081,9930,NA,19011,9081,9930,NA,NA,NA,NA,NA
"BALOCHISTAN","RAKHSHAN","CHAGAI","CHAGAI","TEHSIL","SARAIKI",1,NA,1,NA,1,NA,1,NA,NA,NA,NA,NA
"BALOCHISTAN","RAKHSHAN","CHAGAI","CHAGAI","TEHSIL","SHINA",5,3,2,NA,5,3,2,NA,NA,NA,NA,NA
"BALOCHISTAN","RAKHSHAN","CHAGAI","CHAGAI","TEHSIL","SINDHI",6,3,3,NA,6,3,3,NA,NA,NA,NA,NA
"BALOCHISTAN","RAKHSHAN","CHAGAI","CHAGAI","TEHSIL","TOTAL",73326,36331,36992,3,73326,36331,36992,3,NA,NA,NA,NA
"BALOCHISTAN","RAKHSHAN","CHAGAI","CHAGAI","TEHSIL","URDU",18,9,9,NA,18,9,9,NA,NA,NA,NA,NA
NA,NA,"CHAMAN","CHAMAN CITY","SUB-DIVISION","BALOCHI",176,81,95,NA,NA,NA,NA,NA,176,81,95,NA
NA,NA,"CHAMAN","CHAMAN CITY","SUB-DIVISION","BALTI",NA,NA,NA,NA,NA,NA,NA,NA,NA,NA,NA,NA
NA,NA,"CHAMAN","CHAMAN CITY","SUB-DIVISION","BRAHVI",15,5,10,NA,NA,NA,NA,NA,15,5,10,NA
NA,NA,"CHAMAN","CHAMAN CITY","SUB-DIVISION","HINDKO",429,202,227,NA,NA,NA,NA,NA,429,202,227,NA
NA,NA,"CHAMAN","CHAMAN CITY","SUB-DIVISION","KALASHA",NA,NA,NA,NA,NA,NA,NA,NA,NA,NA,NA,NA
NA,NA,"CHAMAN","CHAMAN CITY","SUB-DIVISION","KASHMIRI",11,3,8,NA,NA,NA,NA,NA,11,3,8,NA
NA,NA,"CHAMAN","CHAMAN CITY","SUB-DIVISION","KOHIOSTANI",NA,NA,NA,NA,NA,NA,NA,NA,NA,NA,NA,NA
NA,NA,"CHAMAN","CHAMAN CITY","SUB-DIVISION","MEWATI",NA,NA,NA,NA,NA,NA,NA,NA,NA,NA,NA,NA
NA,NA,"CHAMAN","CHAMAN CITY","SUB-DIVISION","OTHERS",19,7,12,NA,NA,NA,NA,NA,19,7,12,NA
NA,NA,"CHAMAN","CHAMAN CITY","SUB-DIVISION","PUNJABI",882,429,453,NA,NA,NA,NA,NA,882,429,453,NA
NA,NA,"CHAMAN","CHAMAN CITY","SUB-DIVISION","PUSHTO",127783,57473,70309,1,NA,NA,NA,NA,127783,57473,70309,1
NA,NA,"CHAMAN","CHAMAN CITY","SUB-DIVISION","SARAIKI",307,150,157,NA,NA,NA,NA,NA,307,150,157,NA
NA,NA,"CHAMAN","CHAMAN CITY","SUB-DIVISION","SHINA",1,1,NA,NA,NA,NA,NA,NA,1,1,NA,NA
NA,NA,"CHAMAN","CHAMAN CITY","SUB-DIVISION","SINDHI",126,59,67,NA,NA,NA,NA,NA,126,59,67,NA
NA,NA,"CHAMAN","CHAMAN CITY","SUB-DIVISION","TOTAL",130139,58610,71528,1,NA,NA,NA,NA,130139,58610,71528,1
NA,NA,"CHAMAN","CHAMAN CITY","SUB-DIVISION","URDU",390,200,190,NA,NA,NA,NA,NA,390,200,190,NA
"BALOCHISTAN","QUETTA","CHAMAN","CHAMAN SADDAR","SUB-DIVISION","BALOCHI",236,121,115,NA,236,121,115,NA,NA,NA,NA,NA
"BALOCHISTAN","QUETTA","CHAMAN","CHAMAN SADDAR","SUB-DIVISION","BALTI",NA,NA,NA,NA,NA,NA,NA,NA,NA,NA,NA,NA
"BALOCHISTAN","QUETTA","CHAMAN","CHAMAN SADDAR","SUB-DIVISION","BRAHVI",NA,NA,NA,NA,NA,NA,NA,NA,NA,NA,NA,NA
"BALOCHISTAN","QUETTA","CHAMAN","CHAMAN SADDAR","SUB-DIVISION","HINDKO",6,2,4,NA,6,2,4,NA,NA,NA,NA,NA
"BALOCHISTAN","QUETTA","CHAMAN","CHAMAN SADDAR","SUB-DIVISION","KALASHA",NA,NA,NA,NA,NA,NA,NA,NA,NA,NA,NA,NA
"BALOCHISTAN","QUETTA","CHAMAN","CHAMAN SADDAR","SUB-DIVISION","KASHMIRI",11,4,7,NA,11,4,7,NA,NA,NA,NA,NA
"BALOCHISTAN","QUETTA","CHAMAN","CHAMAN SADDAR","SUB-DIVISION","KOHIOSTANI",NA,NA,NA,NA,NA,NA,NA,NA,NA,NA,NA,NA
"BALOCHISTAN","QUETTA","CHAMAN","CHAMAN SADDAR","SUB-DIVISION","MEWATI",NA,NA,NA,NA,NA,NA,NA,NA,NA,NA,NA,NA
"BALOCHISTAN","QUETTA","CHAMAN","CHAMAN SADDAR","SUB-DIVISION","OTHERS",179,45,134,NA,179,45,134,NA,NA,NA,NA,NA
"BALOCHISTAN","QUETTA","CHAMAN","CHAMAN SADDAR","SUB-DIVISION","PUNJABI",10,5,5,NA,10,5,5,NA,NA,NA,NA,NA
"BALOCHISTAN","QUETTA","CHAMAN","CHAMAN SADDAR","SUB-DIVISION","PUSHTO",335482,146160,189310,12,335482,146160,189310,12,NA,NA,NA,NA
"BALOCHISTAN","QUETTA","CHAMAN","CHAMAN SADDAR","SUB-DIVISION","SARAIKI",26,8,18,NA,26,8,18,NA,NA,NA,NA,NA
"BALOCHISTAN","QUETTA","CHAMAN","CHAMAN SADDAR","SUB-DIVISION","SHINA",NA,NA,NA,NA,NA,NA,NA,NA,NA,NA,NA,NA
"BALOCHISTAN","QUETTA","CHAMAN","CHAMAN SADDAR","SUB-DIVISION","SINDHI",17,8,9,NA,17,8,9,NA,NA,NA,NA,NA
"BALOCHISTAN","QUETTA","CHAMAN","CHAMAN SADDAR","SUB-DIVISION","TOTAL",336079,146401,189666,12,336079,146401,189666,12,NA,NA,NA,NA
"BALOCHISTAN","QUETTA","CHAMAN","CHAMAN SADDAR","SUB-DIVISION","URDU",112,48,64,NA,112,48,64,NA,NA,NA,NA,NA
"BALOCHISTAN","NASIRABAD","NASIRABAD","CHATTAR","SUB-DIVISION","BALOCHI",6995,3434,3561,NA,6995,3434,3561,NA,NA,NA,NA,NA
"BALOCHISTAN","NASIRABAD","NASIRABAD","CHATTAR","SUB-DIVISION","BALTI",NA,NA,NA,NA,NA,NA,NA,NA,NA,NA,NA,NA
"BALOCHISTAN","NASIRABAD","NASIRABAD","CHATTAR","SUB-DIVISION","BRAHVI",50,25,25,NA,50,25,25,NA,NA,NA,NA,NA
"BALOCHISTAN","NASIRABAD","NASIRABAD","CHATTAR","SUB-DIVISION","HINDKO",NA,NA,NA,NA,NA,NA,NA,NA,NA,NA,NA,NA
"BALOCHISTAN","NASIRABAD","NASIRABAD","CHATTAR","SUB-DIVISION","KALASHA",NA,NA,NA,NA,NA,NA,NA,NA,NA,NA,NA,NA
"BALOCHISTAN","NASIRABAD","NASIRABAD","CHATTAR","SUB-DIVISION","KASHMIRI",5,2,3,NA,5,2,3,NA,NA,NA,NA,NA
"BALOCHISTAN","NASIRABAD","NASIRABAD","CHATTAR","SUB-DIVISION","KOHIOSTANI",NA,NA,NA,NA,NA,NA,NA,NA,NA,NA,NA,NA
"BALOCHISTAN","NASIRABAD","NASIRABAD","CHATTAR","SUB-DIVISION","MEWATI",NA,NA,NA,NA,NA,NA,NA,NA,NA,NA,NA,NA
"BALOCHISTAN","NASIRABAD","NASIRABAD","CHATTAR","SUB-DIVISION","OTHERS",4,NA,4,NA,4,NA,4,NA,NA,NA,NA,NA
"BALOCHISTAN","NASIRABAD","NASIRABAD","CHATTAR","SUB-DIVISION","PUNJABI",1,NA,1,NA,1,NA,1,NA,NA,NA,NA,NA
"BALOCHISTAN","NASIRABAD","NASIRABAD","CHATTAR","SUB-DIVISION","PUSHTO",35,15,20,NA,35,15,20,NA,NA,NA,NA,NA
"BALOCHISTAN","NASIRABAD","NASIRABAD","CHATTAR","SUB-DIVISION","SARAIKI",920,465,455,NA,920,465,455,NA,NA,NA,NA,NA
"BALOCHISTAN","NASIRABAD","NASIRABAD","CHATTAR","SUB-DIVISION","SHINA",NA,NA,NA,NA,NA,NA,NA,NA,NA,NA,NA,NA
"BALOCHISTAN","NASIRABAD","NASIRABAD","CHATTAR","SUB-DIVISION","SINDHI",24259,12056,12203,NA,24259,12056,12203,NA,NA,NA,NA,NA
"BALOCHISTAN","NASIRABAD","NASIRABAD","CHATTAR","SUB-DIVISION","TOTAL",32276,16000,16276,NA,32276,16000,16276,NA,NA,NA,NA,NA
"BALOCHISTAN","NASIRABAD","NASIRABAD","CHATTAR","SUB-DIVISION","URDU",7,3,4,NA,7,3,4,NA,NA,NA,NA,NA
"BALOCHISTAN","RAKHSHAN","NUSHKI","DAK","SUB-TEHSIL","BALOCHI",1277,618,659,NA,1277,618,659,NA,NA,NA,NA,NA
"BALOCHISTAN","RAKHSHAN","NUSHKI","DAK","SUB-TEHSIL","BALTI",NA,NA,NA,NA,NA,NA,NA,NA,NA,NA,NA,NA
"BALOCHISTAN","RAKHSHAN","NUSHKI","DAK","SUB-TEHSIL","BRAHVI",14284,7098,7185,1,14284,7098,7185,1,NA,NA,NA,NA
"BALOCHISTAN","RAKHSHAN","NUSHKI","DAK","SUB-TEHSIL","HINDKO",14,4,10,NA,14,4,10,NA,NA,NA,NA,NA
"BALOCHISTAN","RAKHSHAN","NUSHKI","DAK","SUB-TEHSIL","KALASHA",NA,NA,NA,NA,NA,NA,NA,NA,NA,NA,NA,NA
"BALOCHISTAN","RAKHSHAN","NUSHKI","DAK","SUB-TEHSIL","KASHMIRI",5,3,2,NA,5,3,2,NA,NA,NA,NA,NA
"BALOCHISTAN","RAKHSHAN","NUSHKI","DAK","SUB-TEHSIL","KOHIOSTANI",NA,NA,NA,NA,NA,NA,NA,NA,NA,NA,NA,NA
"BALOCHISTAN","RAKHSHAN","NUSHKI","DAK","SUB-TEHSIL","MEWATI",NA,NA,NA,NA,NA,NA,NA,NA,NA,NA,NA,NA
"BALOCHISTAN","RAKHSHAN","NUSHKI","DAK","SUB-TEHSIL","OTHERS",NA,NA,NA,NA,NA,NA,NA,NA,NA,NA,NA,NA
"BALOCHISTAN","RAKHSHAN","NUSHKI","DAK","SUB-TEHSIL","PUNJABI",NA,NA,NA,NA,NA,NA,NA,NA,NA,NA,NA,NA
"BALOCHISTAN","RAKHSHAN","NUSHKI","DAK","SUB-TEHSIL","PUSHTO",1344,661,683,NA,1344,661,683,NA,NA,NA,NA,NA
"BALOCHISTAN","RAKHSHAN","NUSHKI","DAK","SUB-TEHSIL","SARAIKI",3,1,2,NA,3,1,2,NA,NA,NA,NA,NA
"BALOCHISTAN","RAKHSHAN","NUSHKI","DAK","SUB-TEHSIL","SHINA",2,NA,2,NA,2,NA,2,NA,NA,NA,NA,NA
"BALOCHISTAN","RAKHSHAN","NUSHKI","DAK","SUB-TEHSIL","SINDHI",NA,NA,NA,NA,NA,NA,NA,NA,NA,NA,NA,NA
"BALOCHISTAN","RAKHSHAN","NUSHKI","DAK","SUB-TEHSIL","TOTAL",16929,8385,8543,1,16929,8385,8543,1,NA,NA,NA,NA
"BALOCHISTAN","RAKHSHAN","NUSHKI","DAK","SUB-TEHSIL","URDU",NA,NA,NA,NA,NA,NA,NA,NA,NA,NA,NA,NA
"BALOCHISTAN","RAKHSHAN","CHAGAI","DALBANDIN","SUB-DIVISION","BALOCHI",94883,45674,49208,1,76090,36509,39580,1,18793,9165,9628,NA
"BALOCHISTAN","RAKHSHAN","CHAGAI","DALBANDIN","SUB-DIVISION","BALTI",NA,NA,NA,NA,NA,NA,NA,NA,NA,NA,NA,NA
"BALOCHISTAN","RAKHSHAN","CHAGAI","DALBANDIN","SUB-DIVISION","BRAHVI",22435,10796,11639,NA,22404,10779,11625,NA,31,17,14,NA
"BALOCHISTAN","RAKHSHAN","CHAGAI","DALBANDIN","SUB-DIVISION","HINDKO",16,6,10,NA,12,5,7,NA,4,1,3,NA
"BALOCHISTAN","RAKHSHAN","CHAGAI","DALBANDIN","SUB-DIVISION","KALASHA",NA,NA,NA,NA,NA,NA,NA,NA,NA,NA,NA,NA
"BALOCHISTAN","RAKHSHAN","CHAGAI","DALBANDIN","SUB-DIVISION","KASHMIRI",39,23,16,NA,28,18,10,NA,11,5,6,NA
"BALOCHISTAN","RAKHSHAN","CHAGAI","DALBANDIN","SUB-DIVISION","KOHIOSTANI",NA,NA,NA,NA,NA,NA,NA,NA,NA,NA,NA,NA
"BALOCHISTAN","RAKHSHAN","CHAGAI","DALBANDIN","SUB-DIVISION","MEWATI",NA,NA,NA,NA,NA,NA,NA,NA,NA,NA,NA,NA
"BALOCHISTAN","RAKHSHAN","CHAGAI","DALBANDIN","SUB-DIVISION","OTHERS",5,1,4,NA,5,1,4,NA,NA,NA,NA,NA
"BALOCHISTAN","RAKHSHAN","CHAGAI","DALBANDIN","SUB-DIVISION","PUNJABI",35,6,29,NA,17,NA,17,NA,18,6,12,NA
"BALOCHISTAN","RAKHSHAN","CHAGAI","DALBANDIN","SUB-DIVISION","PUSHTO",4399,2152,2247,NA,4179,2051,2128,NA,220,101,119,NA
"BALOCHISTAN","RAKHSHAN","CHAGAI","DALBANDIN","SUB-DIVISION","SARAIKI",666,342,324,NA,10,3,7,NA,656,339,317,NA
"BALOCHISTAN","RAKHSHAN","CHAGAI","DALBANDIN","SUB-DIVISION","SHINA",1,NA,1,NA,1,NA,1,NA,NA,NA,NA,NA
"BALOCHISTAN","RAKHSHAN","CHAGAI","DALBANDIN","SUB-DIVISION","SINDHI",97,37,60,NA,20,NA,20,NA,77,37,40,NA
"BALOCHISTAN","RAKHSHAN","CHAGAI","DALBANDIN","SUB-DIVISION","TOTAL",122763,59132,63630,1,102804,49385,53418,1,19959,9747,10212,NA
"BALOCHISTAN","RAKHSHAN","CHAGAI","DALBANDIN","SUB-DIVISION","URDU",187,95,92,NA,38,19,19,NA,149,76,73,NA
"BALOCHISTAN","MEKRAN","KECH","DASHT","SUB-DIVISION","BALOCHI",89957,44039,45905,13,89957,44039,45905,13,NA,NA,NA,NA
"BALOCHISTAN","MEKRAN","KECH","DASHT","SUB-DIVISION","BALTI",NA,NA,NA,NA,NA,NA,NA,NA,NA,NA,NA,NA
"BALOCHISTAN","MEKRAN","KECH","DASHT","SUB-DIVISION","BRAHVI",NA,NA,NA,NA,NA,NA,NA,NA,NA,NA,NA,NA
"BALOCHISTAN","MEKRAN","KECH","DASHT","SUB-DIVISION","HINDKO",NA,NA,NA,NA,NA,NA,NA,NA,NA,NA,NA,NA
"BALOCHISTAN","MEKRAN","KECH","DASHT","SUB-DIVISION","KALASHA",NA,NA,NA,NA,NA,NA,NA,NA,NA,NA,NA,NA
"BALOCHISTAN","MEKRAN","KECH","DASHT","SUB-DIVISION","KASHMIRI",33,17,16,NA,33,17,16,NA,NA,NA,NA,NA
"BALOCHISTAN","MEKRAN","KECH","DASHT","SUB-DIVISION","KOHIOSTANI",NA,NA,NA,NA,NA,NA,NA,NA,NA,NA,NA,NA
"BALOCHISTAN","MEKRAN","KECH","DASHT","SUB-DIVISION","MEWATI",NA,NA,NA,NA,NA,NA,NA,NA,NA,NA,NA,NA
"BALOCHISTAN","MEKRAN","KECH","DASHT","SUB-DIVISION","OTHERS",10,4,6,NA,10,4,6,NA,NA,NA,NA,NA
"BALOCHISTAN","MEKRAN","KECH","DASHT","SUB-DIVISION","PUNJABI",2,1,1,NA,2,1,1,NA,NA,NA,NA,NA
"BALOCHISTAN","MEKRAN","KECH","DASHT","SUB-DIVISION","PUSHTO",19,8,10,1,19,8,10,1,NA,NA,NA,NA
"BALOCHISTAN","MEKRAN","KECH","DASHT","SUB-DIVISION","SARAIKI",2,1,1,NA,2,1,1,NA,NA,NA,NA,NA
"BALOCHISTAN","MEKRAN","KECH","DASHT","SUB-DIVISION","SHINA",NA,NA,NA,NA,NA,NA,NA,NA,NA,NA,NA,NA
"BALOCHISTAN","MEKRAN","KECH","DASHT","SUB-DIVISION","SINDHI",30,12,16,2,30,12,16,2,NA,NA,NA,NA
"BALOCHISTAN","MEKRAN","KECH","DASHT","SUB-DIVISION","TOTAL",90080,44093,45971,16,90080,44093,45971,16,NA,NA,NA,NA
"BALOCHISTAN","MEKRAN","KECH","DASHT","SUB-DIVISION","URDU",27,11,16,NA,27,11,16,NA,NA,NA,NA,NA
"BALOCHISTAN","KALAT","MASTUNG","DASHT","SUB-DIVISION","BALOCHI",1430,667,763,NA,1430,667,763,NA,NA,NA,NA,NA
"BALOCHISTAN","KALAT","MASTUNG","DASHT","SUB-DIVISION","BALTI",NA,NA,NA,NA,NA,NA,NA,NA,NA,NA,NA,NA
"BALOCHISTAN","KALAT","MASTUNG","DASHT","SUB-DIVISION","BRAHVI",65062,29710,35352,NA,65062,29710,35352,NA,NA,NA,NA,NA
"BALOCHISTAN","KALAT","MASTUNG","DASHT","SUB-DIVISION","HINDKO",13,7,6,NA,13,7,6,NA,NA,NA,NA,NA
"BALOCHISTAN","KALAT","MASTUNG","DASHT","SUB-DIVISION","KALASHA",NA,NA,NA,NA,NA,NA,NA,NA,NA,NA,NA,NA
"BALOCHISTAN","KALAT","MASTUNG","DASHT","SUB-DIVISION","KASHMIRI",2,1,1,NA,2,1,1,NA,NA,NA,NA,NA
"BALOCHISTAN","KALAT","MASTUNG","DASHT","SUB-DIVISION","KOHIOSTANI",NA,NA,NA,NA,NA,NA,NA,NA,NA,NA,NA,NA
"BALOCHISTAN","KALAT","MASTUNG","DASHT","SUB-DIVISION","MEWATI",NA,NA,NA,NA,NA,NA,NA,NA,NA,NA,NA,NA
"BALOCHISTAN","KALAT","MASTUNG","DASHT","SUB-DIVISION","OTHERS",112,54,58,NA,112,54,58,NA,NA,NA,NA,NA
"BALOCHISTAN","KALAT","MASTUNG","DASHT","SUB-DIVISION","PUNJABI",10,NA,10,NA,10,NA,10,NA,NA,NA,NA,NA
"BALOCHISTAN","KALAT","MASTUNG","DASHT","SUB-DIVISION","PUSHTO",927,415,512,NA,927,415,512,NA,NA,NA,NA,NA
"BALOCHISTAN","KALAT","MASTUNG","DASHT","SUB-DIVISION","SARAIKI",57,29,28,NA,57,29,28,NA,NA,NA,NA,NA
"BALOCHISTAN","KALAT","MASTUNG","DASHT","SUB-DIVISION","SHINA",34,13,21,NA,34,13,21,NA,NA,NA,NA,NA
"BALOCHISTAN","KALAT","MASTUNG","DASHT","SUB-DIVISION","SINDHI",203,76,127,NA,203,76,127,NA,NA,NA,NA,NA
"BALOCHISTAN","KALAT","MASTUNG","DASHT","SUB-DIVISION","TOTAL",67890,30986,36904,NA,67890,30986,36904,NA,NA,NA,NA,NA
"BALOCHISTAN","KALAT","MASTUNG","DASHT","SUB-DIVISION","URDU",40,14,26,NA,40,14,26,NA,NA,NA,NA,NA
"BALOCHISTAN","KALAT","SURAB","DASHT E GORAN","SUB-DIVISION","BALOCHI",57,22,35,NA,57,22,35,NA,NA,NA,NA,NA
"BALOCHISTAN","KALAT","SURAB","DASHT E GORAN","SUB-DIVISION","BALTI",NA,NA,NA,NA,NA,NA,NA,NA,NA,NA,NA,NA
"BALOCHISTAN","KALAT","SURAB","DASHT E GORAN","SUB-DIVISION","BRAHVI",27361,12490,14865,6,27361,12490,14865,6,NA,NA,NA,NA
"BALOCHISTAN","KALAT","SURAB","DASHT E GORAN","SUB-DIVISION","HINDKO",10,4,6,NA,10,4,6,NA,NA,NA,NA,NA
"BALOCHISTAN","KALAT","SURAB","DASHT E GORAN","SUB-DIVISION","KALASHA",NA,NA,NA,NA,NA,NA,NA,NA,NA,NA,NA,NA
"BALOCHISTAN","KALAT","SURAB","DASHT E GORAN","SUB-DIVISION","KASHMIRI",NA,NA,NA,NA,NA,NA,NA,NA,NA,NA,NA,NA
"BALOCHISTAN","KALAT","SURAB","DASHT E GORAN","SUB-DIVISION","KOHIOSTANI",NA,NA,NA,NA,NA,NA,NA,NA,NA,NA,NA,NA
"BALOCHISTAN","KALAT","SURAB","DASHT E GORAN","SUB-DIVISION","MEWATI",NA,NA,NA,NA,NA,NA,NA,NA,NA,NA,NA,NA
"BALOCHISTAN","KALAT","SURAB","DASHT E GORAN","SUB-DIVISION","OTHERS",56,26,30,NA,56,26,30,NA,NA,NA,NA,NA
"BALOCHISTAN","KALAT","SURAB","DASHT E GORAN","SUB-DIVISION","PUNJABI",NA,NA,NA,NA,NA,NA,NA,NA,NA,NA,NA,NA
"BALOCHISTAN","KALAT","SURAB","DASHT E GORAN","SUB-DIVISION","PUSHTO",2,1,1,NA,2,1,1,NA,NA,NA,NA,NA
"BALOCHISTAN","KALAT","SURAB","DASHT E GORAN","SUB-DIVISION","SARAIKI",4,2,2,NA,4,2,2,NA,NA,NA,NA,NA
"BALOCHISTAN","KALAT","SURAB","DASHT E GORAN","SUB-DIVISION","SHINA",5,1,4,NA,5,1,4,NA,NA,NA,NA,NA
"BALOCHISTAN","KALAT","SURAB","DASHT E GORAN","SUB-DIVISION","SINDHI",2,NA,2,NA,2,NA,2,NA,NA,NA,NA,NA
"BALOCHISTAN","KALAT","SURAB","DASHT E GORAN","SUB-DIVISION","TOTAL",27503,12549,14948,6,27503,12549,14948,6,NA,NA,NA,NA
"BALOCHISTAN","KALAT","SURAB","DASHT E GORAN","SUB-DIVISION","URDU",6,3,3,NA,6,3,3,NA,NA,NA,NA,NA
"BALOCHISTAN","SIBI","DERA BUGTI","DERA BUGTI","SUB-DIVISION","BALOCHI",49783,23697,26086,NA,22009,10268,11741,NA,27774,13429,14345,NA
"BALOCHISTAN","SIBI","DERA BUGTI","DERA BUGTI","SUB-DIVISION","BALTI",NA,NA,NA,NA,NA,NA,NA,NA,NA,NA,NA,NA
"BALOCHISTAN","SIBI","DERA BUGTI","DERA BUGTI","SUB-DIVISION","BRAHVI",2,1,1,NA,NA,NA,NA,NA,2,1,1,NA
"BALOCHISTAN","SIBI","DERA BUGTI","DERA BUGTI","SUB-DIVISION","HINDKO",6,3,3,NA,2,1,1,NA,4,2,2,NA
"BALOCHISTAN","SIBI","DERA BUGTI","DERA BUGTI","SUB-DIVISION","KALASHA",NA,NA,NA,NA,NA,NA,NA,NA,NA,NA,NA,NA
"BALOCHISTAN","SIBI","DERA BUGTI","DERA BUGTI","SUB-DIVISION","KASHMIRI",12,5,7,NA,4,2,2,NA,8,3,5,NA
"BALOCHISTAN","SIBI","DERA BUGTI","DERA BUGTI","SUB-DIVISION","KOHIOSTANI",NA,NA,NA,NA,NA,NA,NA,NA,NA,NA,NA,NA
"BALOCHISTAN","SIBI","DERA BUGTI","DERA BUGTI","SUB-DIVISION","MEWATI",NA,NA,NA,NA,NA,NA,NA,NA,NA,NA,NA,NA
"BALOCHISTAN","SIBI","DERA BUGTI","DERA BUGTI","SUB-DIVISION","OTHERS",4,2,2,NA,NA,NA,NA,NA,4,2,2,NA
"BALOCHISTAN","SIBI","DERA BUGTI","DERA BUGTI","SUB-DIVISION","PUNJABI",77,32,45,NA,8,5,3,NA,69,27,42,NA
"BALOCHISTAN","SIBI","DERA BUGTI","DERA BUGTI","SUB-DIVISION","PUSHTO",188,85,103,NA,20,8,12,NA,168,77,91,NA
"BALOCHISTAN","SIBI","DERA BUGTI","DERA BUGTI","SUB-DIVISION","SARAIKI",766,370,396,NA,6,3,3,NA,760,367,393,NA
"BALOCHISTAN","SIBI","DERA BUGTI","DERA BUGTI","SUB-DIVISION","SHINA",NA,NA,NA,NA,NA,NA,NA,NA,NA,NA,NA,NA
"BALOCHISTAN","SIBI","DERA BUGTI","DERA BUGTI","SUB-DIVISION","SINDHI",57,27,30,NA,NA,NA,NA,NA,57,27,30,NA
"BALOCHISTAN","SIBI","DERA BUGTI","DERA BUGTI","SUB-DIVISION","TOTAL",50943,24247,26696,NA,22063,10291,11772,NA,28880,13956,14924,NA
"BALOCHISTAN","SIBI","DERA BUGTI","DERA BUGTI","SUB-DIVISION","URDU",48,25,23,NA,14,4,10,NA,34,21,13,NA
"BALOCHISTAN","NASIRABAD","NASIRABAD","DERA MURAD JAMALI","SUB-DIVISION","BALOCHI",122249,58258,63986,5,95021,44728,50288,5,27228,13530,13698,NA
"BALOCHISTAN","NASIRABAD","NASIRABAD","DERA MURAD JAMALI","SUB-DIVISION","BALTI",NA,NA,NA,NA,NA,NA,NA,NA,NA,NA,NA,NA
"BALOCHISTAN","NASIRABAD","NASIRABAD","DERA MURAD JAMALI","SUB-DIVISION","BRAHVI",54621,26870,27750,1,35288,17273,18014,1,19333,9597,9736,NA
"BALOCHISTAN","NASIRABAD","NASIRABAD","DERA MURAD JAMALI","SUB-DIVISION","HINDKO",188,98,90,NA,112,60,52,NA,76,38,38,NA
"BALOCHISTAN","NASIRABAD","NASIRABAD","DERA MURAD JAMALI","SUB-DIVISION","KALASHA",NA,NA,NA,NA,NA,NA,NA,NA,NA,NA,NA,NA
"BALOCHISTAN","NASIRABAD","NASIRABAD","DERA MURAD JAMALI","SUB-DIVISION","KASHMIRI",84,54,30,NA,59,38,21,NA,25,16,9,NA
"BALOCHISTAN","NASIRABAD","NASIRABAD","DERA MURAD JAMALI","SUB-DIVISION","KOHIOSTANI",NA,NA,NA,NA,NA,NA,NA,NA,NA,NA,NA,NA
"BALOCHISTAN","NASIRABAD","NASIRABAD","DERA MURAD JAMALI","SUB-DIVISION","MEWATI",2,NA,2,NA,NA,NA,NA,NA,2,NA,2,NA
"BALOCHISTAN","NASIRABAD","NASIRABAD","DERA MURAD JAMALI","SUB-DIVISION","OTHERS",351,173,177,1,323,161,161,1,28,12,16,NA
"BALOCHISTAN","NASIRABAD","NASIRABAD","DERA MURAD JAMALI","SUB-DIVISION","PUNJABI",198,102,96,NA,16,8,8,NA,182,94,88,NA
"BALOCHISTAN","NASIRABAD","NASIRABAD","DERA MURAD JAMALI","SUB-DIVISION","PUSHTO",1128,593,535,NA,857,473,384,NA,271,120,151,NA
"BALOCHISTAN","NASIRABAD","NASIRABAD","DERA MURAD JAMALI","SUB-DIVISION","SARAIKI",35143,17588,17554,1,11322,5667,5655,NA,23821,11921,11899,1
"BALOCHISTAN","NASIRABAD","NASIRABAD","DERA MURAD JAMALI","SUB-DIVISION","SHINA",17,8,9,NA,13,6,7,NA,4,2,2,NA
"BALOCHISTAN","NASIRABAD","NASIRABAD","DERA MURAD JAMALI","SUB-DIVISION","SINDHI",51334,25893,25440,1,15427,7741,7686,NA,35907,18152,17754,1
"BALOCHISTAN","NASIRABAD","NASIRABAD","DERA MURAD JAMALI","SUB-DIVISION","TOTAL",265822,129871,135942,9,158870,76353,82510,7,106952,53518,53432,2
"BALOCHISTAN","NASIRABAD","NASIRABAD","DERA MURAD JAMALI","SUB-DIVISION","URDU",507,234,273,NA,432,198,234,NA,75,36,39,NA
"BALOCHISTAN","NASIRABAD","KACHHI","DHADAR","SUB-DIVISION","BALOCHI",33987,16499,17486,2,23862,11470,12390,2,10125,5029,5096,NA
"BALOCHISTAN","NASIRABAD","KACHHI","DHADAR","SUB-DIVISION","BALTI",NA,NA,NA,NA,NA,NA,NA,NA,NA,NA,NA,NA
"BALOCHISTAN","NASIRABAD","KACHHI","DHADAR","SUB-DIVISION","BRAHVI",6154,3046,3108,NA,4909,2384,2525,NA,1245,662,583,NA
"BALOCHISTAN","NASIRABAD","KACHHI","DHADAR","SUB-DIVISION","HINDKO",37,16,21,NA,37,16,21,NA,NA,NA,NA,NA
"BALOCHISTAN","NASIRABAD","KACHHI","DHADAR","SUB-DIVISION","KALASHA",NA,NA,NA,NA,NA,NA,NA,NA,NA,NA,NA,NA
"BALOCHISTAN","NASIRABAD","KACHHI","DHADAR","SUB-DIVISION","KASHMIRI",9,4,5,NA,7,3,4,NA,2,1,1,NA
"BALOCHISTAN","NASIRABAD","KACHHI","DHADAR","SUB-DIVISION","KOHIOSTANI",NA,NA,NA,NA,NA,NA,NA,NA,NA,NA,NA,NA
"BALOCHISTAN","NASIRABAD","KACHHI","DHADAR","SUB-DIVISION","MEWATI",NA,NA,NA,NA,NA,NA,NA,NA,NA,NA,NA,NA
"BALOCHISTAN","NASIRABAD","KACHHI","DHADAR","SUB-DIVISION","OTHERS",16,9,7,NA,14,8,6,NA,2,1,1,NA
"BALOCHISTAN","NASIRABAD","KACHHI","DHADAR","SUB-DIVISION","PUNJABI",131,56,75,NA,50,15,35,NA,81,41,40,NA
"BALOCHISTAN","NASIRABAD","KACHHI","DHADAR","SUB-DIVISION","PUSHTO",306,156,150,NA,200,91,109,NA,106,65,41,NA
"BALOCHISTAN","NASIRABAD","KACHHI","DHADAR","SUB-DIVISION","SARAIKI",1951,980,971,NA,1009,500,509,NA,942,480,462,NA
"BALOCHISTAN","NASIRABAD","KACHHI","DHADAR","SUB-DIVISION","SHINA",1,NA,1,NA,1,NA,1,NA,NA,NA,NA,NA
"BALOCHISTAN","NASIRABAD","KACHHI","DHADAR","SUB-DIVISION","SINDHI",6607,3252,3355,NA,1871,809,1062,NA,4736,2443,2293,NA
"BALOCHISTAN","NASIRABAD","KACHHI","DHADAR","SUB-DIVISION","TOTAL",49836,24187,25647,2,32560,15447,17111,2,17276,8740,8536,NA
"BALOCHISTAN","NASIRABAD","KACHHI","DHADAR","SUB-DIVISION","URDU",637,169,468,NA,600,151,449,NA,37,18,19,NA
"BALOCHISTAN","QUETTA","KILLA ABDULLAH","DOBANDI","SUB-TEHSIL","BALOCHI",99,44,55,NA,99,44,55,NA,NA,NA,NA,NA
"BALOCHISTAN","QUETTA","KILLA ABDULLAH","DOBANDI","SUB-TEHSIL","BALTI",NA,NA,NA,NA,NA,NA,NA,NA,NA,NA,NA,NA
"BALOCHISTAN","QUETTA","KILLA ABDULLAH","DOBANDI","SUB-TEHSIL","BRAHVI",NA,NA,NA,NA,NA,NA,NA,NA,NA,NA,NA,NA
"BALOCHISTAN","QUETTA","KILLA ABDULLAH","DOBANDI","SUB-TEHSIL","HINDKO",NA,NA,NA,NA,NA,NA,NA,NA,NA,NA,NA,NA
"BALOCHISTAN","QUETTA","KILLA ABDULLAH","DOBANDI","SUB-TEHSIL","KALASHA",NA,NA,NA,NA,NA,NA,NA,NA,NA,NA,NA,NA
"BALOCHISTAN","QUETTA","KILLA ABDULLAH","DOBANDI","SUB-TEHSIL","KASHMIRI",NA,NA,NA,NA,NA,NA,NA,NA,NA,NA,NA,NA
"BALOCHISTAN","QUETTA","KILLA ABDULLAH","DOBANDI","SUB-TEHSIL","KOHIOSTANI",NA,NA,NA,NA,NA,NA,NA,NA,NA,NA,NA,NA
"BALOCHISTAN","QUETTA","KILLA ABDULLAH","DOBANDI","SUB-TEHSIL","MEWATI",NA,NA,NA,NA,NA,NA,NA,NA,NA,NA,NA,NA
"BALOCHISTAN","QUETTA","KILLA ABDULLAH","DOBANDI","SUB-TEHSIL","OTHERS",15,8,7,NA,15,8,7,NA,NA,NA,NA,NA
"BALOCHISTAN","QUETTA","KILLA ABDULLAH","DOBANDI","SUB-TEHSIL","PUNJABI",4,3,1,NA,4,3,1,NA,NA,NA,NA,NA
"BALOCHISTAN","QUETTA","KILLA ABDULLAH","DOBANDI","SUB-TEHSIL","PUSHTO",69602,33106,36493,3,69602,33106,36493,3,NA,NA,NA,NA
"BALOCHISTAN","QUETTA","KILLA ABDULLAH","DOBANDI","SUB-TEHSIL","SARAIKI",NA,NA,NA,NA,NA,NA,NA,NA,NA,NA,NA,NA
"BALOCHISTAN","QUETTA","KILLA ABDULLAH","DOBANDI","SUB-TEHSIL","SHINA",NA,NA,NA,NA,NA,NA,NA,NA,NA,NA,NA,NA
"BALOCHISTAN","QUETTA","KILLA ABDULLAH","DOBANDI","SUB-TEHSIL","SINDHI",17,5,12,NA,17,5,12,NA,NA,NA,NA,NA
"BALOCHISTAN","QUETTA","KILLA ABDULLAH","DOBANDI","SUB-TEHSIL","TOTAL",69759,33177,36579,3,69759,33177,36579,3,NA,NA,NA,NA
"BALOCHISTAN","QUETTA","KILLA ABDULLAH","DOBANDI","SUB-TEHSIL","URDU",22,11,11,NA,22,11,11,NA,NA,NA,NA,NA
"BALOCHISTAN","LORALAI","MUSAKHEL","DRUG","TEHSIL","BALOCHI",8176,3925,4251,NA,8176,3925,4251,NA,NA,NA,NA,NA
"BALOCHISTAN","LORALAI","MUSAKHEL","DRUG","TEHSIL","BALTI",NA,NA,NA,NA,NA,NA,NA,NA,NA,NA,NA,NA
"BALOCHISTAN","LORALAI","MUSAKHEL","DRUG","TEHSIL","BRAHVI",NA,NA,NA,NA,NA,NA,NA,NA,NA,NA,NA,NA
"BALOCHISTAN","LORALAI","MUSAKHEL","DRUG","TEHSIL","HINDKO",NA,NA,NA,NA,NA,NA,NA,NA,NA,NA,NA,NA
"BALOCHISTAN","LORALAI","MUSAKHEL","DRUG","TEHSIL","KALASHA",NA,NA,NA,NA,NA,NA,NA,NA,NA,NA,NA,NA
"BALOCHISTAN","LORALAI","MUSAKHEL","DRUG","TEHSIL","KASHMIRI",4,1,3,NA,4,1,3,NA,NA,NA,NA,NA
"BALOCHISTAN","LORALAI","MUSAKHEL","DRUG","TEHSIL","KOHIOSTANI",NA,NA,NA,NA,NA,NA,NA,NA,NA,NA,NA,NA
"BALOCHISTAN","LORALAI","MUSAKHEL","DRUG","TEHSIL","MEWATI",NA,NA,NA,NA,NA,NA,NA,NA,NA,NA,NA,NA
"BALOCHISTAN","LORALAI","MUSAKHEL","DRUG","TEHSIL","OTHERS",383,186,197,NA,383,186,197,NA,NA,NA,NA,NA
"BALOCHISTAN","LORALAI","MUSAKHEL","DRUG","TEHSIL","PUNJABI",NA,NA,NA,NA,NA,NA,NA,NA,NA,NA,NA,NA
"BALOCHISTAN","LORALAI","MUSAKHEL","DRUG","TEHSIL","PUSHTO",13213,6590,6623,NA,13213,6590,6623,NA,NA,NA,NA,NA
"BALOCHISTAN","LORALAI","MUSAKHEL","DRUG","TEHSIL","SARAIKI",1,1,NA,NA,1,1,NA,NA,NA,NA,NA,NA
"BALOCHISTAN","LORALAI","MUSAKHEL","DRUG","TEHSIL","SHINA",NA,NA,NA,NA,NA,NA,NA,NA,NA,NA,NA,NA
"BALOCHISTAN","LORALAI","MUSAKHEL","DRUG","TEHSIL","SINDHI",NA,NA,NA,NA,NA,NA,NA,NA,NA,NA,NA,NA
"BALOCHISTAN","LORALAI","MUSAKHEL","DRUG","TEHSIL","TOTAL",21792,10711,11081,NA,21792,10711,11081,NA,NA,NA,NA,NA
"BALOCHISTAN","LORALAI","MUSAKHEL","DRUG","TEHSIL","URDU",15,8,7,NA,15,8,7,NA,NA,NA,NA,NA
"BALOCHISTAN","LORALAI","DUKI","DUKI","SUB-DIVISION","BALOCHI",5050,2589,2461,NA,4830,2472,2358,NA,220,117,103,NA
"BALOCHISTAN","LORALAI","DUKI","DUKI","SUB-DIVISION","BALTI",NA,NA,NA,NA,NA,NA,NA,NA,NA,NA,NA,NA
"BALOCHISTAN","LORALAI","DUKI","DUKI","SUB-DIVISION","BRAHVI",1409,728,681,NA,1400,723,677,NA,9,5,4,NA
"BALOCHISTAN","LORALAI","DUKI","DUKI","SUB-DIVISION","HINDKO",4,2,1,1,3,2,1,NA,1,NA,NA,1
"BALOCHISTAN","LORALAI","DUKI","DUKI","SUB-DIVISION","KALASHA",NA,NA,NA,NA,NA,NA,NA,NA,NA,NA,NA,NA
"BALOCHISTAN","LORALAI","DUKI","DUKI","SUB-DIVISION","KASHMIRI",23,9,14,NA,20,8,12,NA,3,1,2,NA
"BALOCHISTAN","LORALAI","DUKI","DUKI","SUB-DIVISION","KOHIOSTANI",1,NA,1,NA,NA,NA,NA,NA,1,NA,1,NA
"BALOCHISTAN","LORALAI","DUKI","DUKI","SUB-DIVISION","MEWATI",NA,NA,NA,NA,NA,NA,NA,NA,NA,NA,NA,NA
"BALOCHISTAN","LORALAI","DUKI","DUKI","SUB-DIVISION","OTHERS",355,177,176,2,200,106,93,1,155,71,83,1
"BALOCHISTAN","LORALAI","DUKI","DUKI","SUB-DIVISION","PUNJABI",89,41,48,NA,14,9,5,NA,75,32,43,NA
"BALOCHISTAN","LORALAI","DUKI","DUKI","SUB-DIVISION","PUSHTO",129277,60821,68445,11,120661,56900,63751,10,8616,3921,4694,1
"BALOCHISTAN","LORALAI","DUKI","DUKI","SUB-DIVISION","SARAIKI",553,281,272,NA,22,9,13,NA,531,272,259,NA
"BALOCHISTAN","LORALAI","DUKI","DUKI","SUB-DIVISION","SHINA",3,2,1,NA,3,2,1,NA,NA,NA,NA,NA
"BALOCHISTAN","LORALAI","DUKI","DUKI","SUB-DIVISION","SINDHI",370,185,185,NA,306,161,145,NA,64,24,40,NA
"BALOCHISTAN","LORALAI","DUKI","DUKI","SUB-DIVISION","TOTAL",137294,64915,72365,14,127511,60416,67084,11,9783,4499,5281,3
"BALOCHISTAN","LORALAI","DUKI","DUKI","SUB-DIVISION","URDU",160,80,80,NA,52,24,28,NA,108,56,52,NA
"BALOCHISTAN","KALAT","LASBELA","DUREJI","SUB-DIVISION","BALOCHI",40259,19833,20423,3,28519,14171,14347,1,11740,5662,6076,2
"BALOCHISTAN","KALAT","LASBELA","DUREJI","SUB-DIVISION","BALTI",6,NA,6,NA,6,NA,6,NA,NA,NA,NA,NA
"BALOCHISTAN","KALAT","LASBELA","DUREJI","SUB-DIVISION","BRAHVI",7068,3452,3616,NA,6747,3289,3458,NA,321,163,158,NA
"BALOCHISTAN","KALAT","LASBELA","DUREJI","SUB-DIVISION","HINDKO",365,176,189,NA,346,167,179,NA,19,9,10,NA
"BALOCHISTAN","KALAT","LASBELA","DUREJI","SUB-DIVISION","KALASHA",5,NA,5,NA,5,NA,5,NA,NA,NA,NA,NA
"BALOCHISTAN","KALAT","LASBELA","DUREJI","SUB-DIVISION","KASHMIRI",23,13,10,NA,12,7,5,NA,11,6,5,NA
"BALOCHISTAN","KALAT","LASBELA","DUREJI","SUB-DIVISION","KOHIOSTANI",7,4,3,NA,7,4,3,NA,NA,NA,NA,NA
"BALOCHISTAN","KALAT","LASBELA","DUREJI","SUB-DIVISION","MEWATI",NA,NA,NA,NA,NA,NA,NA,NA,NA,NA,NA,NA
"BALOCHISTAN","KALAT","LASBELA","DUREJI","SUB-DIVISION","OTHERS",82,24,58,NA,37,16,21,NA,45,8,37,NA
"BALOCHISTAN","KALAT","LASBELA","DUREJI","SUB-DIVISION","PUNJABI",1,1,NA,NA,1,1,NA,NA,NA,NA,NA,NA
"BALOCHISTAN","KALAT","LASBELA","DUREJI","SUB-DIVISION","PUSHTO",24,3,21,NA,16,2,14,NA,8,1,7,NA
"BALOCHISTAN","KALAT","LASBELA","DUREJI","SUB-DIVISION","SARAIKI",105,46,59,NA,103,46,57,NA,2,NA,2,NA
"BALOCHISTAN","KALAT","LASBELA","DUREJI","SUB-DIVISION","SHINA",10,5,5,NA,10,5,5,NA,NA,NA,NA,NA
"BALOCHISTAN","KALAT","LASBELA","DUREJI","SUB-DIVISION","SINDHI",4254,2084,2169,1,718,338,380,NA,3536,1746,1789,1
"BALOCHISTAN","KALAT","LASBELA","DUREJI","SUB-DIVISION","TOTAL",52236,25652,26580,4,36548,18057,18490,1,15688,7595,8090,3
"BALOCHISTAN","KALAT","LASBELA","DUREJI","SUB-DIVISION","URDU",27,11,16,NA,21,11,10,NA,6,NA,6,NA
"BALOCHISTAN","NASIRABAD","SOHBATPUR","FARIDABAD","TEHSIL","BALOCHI",47119,22944,24175,NA,47119,22944,24175,NA,NA,NA,NA,NA
"BALOCHISTAN","NASIRABAD","SOHBATPUR","FARIDABAD","TEHSIL","BALTI",NA,NA,NA,NA,NA,NA,NA,NA,NA,NA,NA,NA
"BALOCHISTAN","NASIRABAD","SOHBATPUR","FARIDABAD","TEHSIL","BRAHVI",7692,3920,3772,NA,7692,3920,3772,NA,NA,NA,NA,NA
"BALOCHISTAN","NASIRABAD","SOHBATPUR","FARIDABAD","TEHSIL","HINDKO",62,32,30,NA,62,32,30,NA,NA,NA,NA,NA
"BALOCHISTAN","NASIRABAD","SOHBATPUR","FARIDABAD","TEHSIL","KALASHA",NA,NA,NA,NA,NA,NA,NA,NA,NA,NA,NA,NA
"BALOCHISTAN","NASIRABAD","SOHBATPUR","FARIDABAD","TEHSIL","KASHMIRI",15,8,7,NA,15,8,7,NA,NA,NA,NA,NA
"BALOCHISTAN","NASIRABAD","SOHBATPUR","FARIDABAD","TEHSIL","KOHIOSTANI",NA,NA,NA,NA,NA,NA,NA,NA,NA,NA,NA,NA
"BALOCHISTAN","NASIRABAD","SOHBATPUR","FARIDABAD","TEHSIL","MEWATI",NA,NA,NA,NA,NA,NA,NA,NA,NA,NA,NA,NA
"BALOCHISTAN","NASIRABAD","SOHBATPUR","FARIDABAD","TEHSIL","OTHERS",264,141,123,NA,264,141,123,NA,NA,NA,NA,NA
"BALOCHISTAN","NASIRABAD","SOHBATPUR","FARIDABAD","TEHSIL","PUNJABI",1,NA,1,NA,1,NA,1,NA,NA,NA,NA,NA
"BALOCHISTAN","NASIRABAD","SOHBATPUR","FARIDABAD","TEHSIL","PUSHTO",129,59,70,NA,129,59,70,NA,NA,NA,NA,NA
"BALOCHISTAN","NASIRABAD","SOHBATPUR","FARIDABAD","TEHSIL","SARAIKI",3746,1926,1820,NA,3746,1926,1820,NA,NA,NA,NA,NA
"BALOCHISTAN","NASIRABAD","SOHBATPUR","FARIDABAD","TEHSIL","SHINA",1,NA,1,NA,1,NA,1,NA,NA,NA,NA,NA
"BALOCHISTAN","NASIRABAD","SOHBATPUR","FARIDABAD","TEHSIL","SINDHI",9890,4766,5124,NA,9890,4766,5124,NA,NA,NA,NA,NA
"BALOCHISTAN","NASIRABAD","SOHBATPUR","FARIDABAD","TEHSIL","TOTAL",68948,33813,35135,NA,68948,33813,35135,NA,NA,NA,NA,NA
"BALOCHISTAN","NASIRABAD","SOHBATPUR","FARIDABAD","TEHSIL","URDU",29,17,12,NA,29,17,12,NA,NA,NA,NA,NA
"BALOCHISTAN","KALAT","LASBELA","GADDANI","TEHSIL","BALOCHI",28001,13968,14033,NA,11356,5662,5694,NA,16645,8306,8339,NA
"BALOCHISTAN","KALAT","LASBELA","GADDANI","TEHSIL","BALTI",NA,NA,NA,NA,NA,NA,NA,NA,NA,NA,NA,NA
"BALOCHISTAN","KALAT","LASBELA","GADDANI","TEHSIL","BRAHVI",53,22,31,NA,35,18,17,NA,18,4,14,NA
"BALOCHISTAN","KALAT","LASBELA","GADDANI","TEHSIL","HINDKO",26,15,11,NA,NA,NA,NA,NA,26,15,11,NA
"BALOCHISTAN","KALAT","LASBELA","GADDANI","TEHSIL","KALASHA",NA,NA,NA,NA,NA,NA,NA,NA,NA,NA,NA,NA
"BALOCHISTAN","KALAT","LASBELA","GADDANI","TEHSIL","KASHMIRI",13,8,5,NA,10,7,3,NA,3,1,2,NA
"BALOCHISTAN","KALAT","LASBELA","GADDANI","TEHSIL","KOHIOSTANI",NA,NA,NA,NA,NA,NA,NA,NA,NA,NA,NA,NA
"BALOCHISTAN","KALAT","LASBELA","GADDANI","TEHSIL","MEWATI",NA,NA,NA,NA,NA,NA,NA,NA,NA,NA,NA,NA
"BALOCHISTAN","KALAT","LASBELA","GADDANI","TEHSIL","OTHERS",5,1,4,NA,1,1,NA,NA,4,NA,4,NA
"BALOCHISTAN","KALAT","LASBELA","GADDANI","TEHSIL","PUNJABI",32,18,14,NA,2,2,NA,NA,30,16,14,NA
"BALOCHISTAN","KALAT","LASBELA","GADDANI","TEHSIL","PUSHTO",506,231,275,NA,150,67,83,NA,356,164,192,NA
"BALOCHISTAN","KALAT","LASBELA","GADDANI","TEHSIL","SARAIKI",57,14,43,NA,17,4,13,NA,40,10,30,NA
"BALOCHISTAN","KALAT","LASBELA","GADDANI","TEHSIL","SHINA",NA,NA,NA,NA,NA,NA,NA,NA,NA,NA,NA,NA
"BALOCHISTAN","KALAT","LASBELA","GADDANI","TEHSIL","SINDHI",488,257,231,NA,93,52,41,NA,395,205,190,NA
"BALOCHISTAN","KALAT","LASBELA","GADDANI","TEHSIL","TOTAL",29215,14551,14664,NA,11675,5817,5858,NA,17540,8734,8806,NA
"BALOCHISTAN","KALAT","LASBELA","GADDANI","TEHSIL","URDU",34,17,17,NA,11,4,7,NA,23,13,10,NA
"BALOCHISTAN","NASIRABAD","JAFFARABAD","GANDAKHA","TEHSIL","BALOCHI",43300,21841,21459,NA,43300,21841,21459,NA,NA,NA,NA,NA
"BALOCHISTAN","NASIRABAD","JAFFARABAD","GANDAKHA","TEHSIL","BALTI",NA,NA,NA,NA,NA,NA,NA,NA,NA,NA,NA,NA
"BALOCHISTAN","NASIRABAD","JAFFARABAD","GANDAKHA","TEHSIL","BRAHVI",15784,7746,8038,NA,15784,7746,8038,NA,NA,NA,NA,NA
"BALOCHISTAN","NASIRABAD","JAFFARABAD","GANDAKHA","TEHSIL","HINDKO",54,30,24,NA,54,30,24,NA,NA,NA,NA,NA
"BALOCHISTAN","NASIRABAD","JAFFARABAD","GANDAKHA","TEHSIL","KALASHA",NA,NA,NA,NA,NA,NA,NA,NA,NA,NA,NA,NA
"BALOCHISTAN","NASIRABAD","JAFFARABAD","GANDAKHA","TEHSIL","KASHMIRI",15,10,5,NA,15,10,5,NA,NA,NA,NA,NA
"BALOCHISTAN","NASIRABAD","JAFFARABAD","GANDAKHA","TEHSIL","KOHIOSTANI",NA,NA,NA,NA,NA,NA,NA,NA,NA,NA,NA,NA
"BALOCHISTAN","NASIRABAD","JAFFARABAD","GANDAKHA","TEHSIL","MEWATI",2,1,1,NA,2,1,1,NA,NA,NA,NA,NA
"BALOCHISTAN","NASIRABAD","JAFFARABAD","GANDAKHA","TEHSIL","OTHERS",128,60,68,NA,128,60,68,NA,NA,NA,NA,NA
"BALOCHISTAN","NASIRABAD","JAFFARABAD","GANDAKHA","TEHSIL","PUNJABI",30,14,16,NA,30,14,16,NA,NA,NA,NA,NA
"BALOCHISTAN","NASIRABAD","JAFFARABAD","GANDAKHA","TEHSIL","PUSHTO",66,40,26,NA,66,40,26,NA,NA,NA,NA,NA
"BALOCHISTAN","NASIRABAD","JAFFARABAD","GANDAKHA","TEHSIL","SARAIKI",7240,3652,3588,NA,7240,3652,3588,NA,NA,NA,NA,NA
"BALOCHISTAN","NASIRABAD","JAFFARABAD","GANDAKHA","TEHSIL","SHINA",10,6,4,NA,10,6,4,NA,NA,NA,NA,NA
"BALOCHISTAN","NASIRABAD","JAFFARABAD","GANDAKHA","TEHSIL","SINDHI",14546,7140,7406,NA,14546,7140,7406,NA,NA,NA,NA,NA
"BALOCHISTAN","NASIRABAD","JAFFARABAD","GANDAKHA","TEHSIL","TOTAL",81190,40552,40638,NA,81190,40552,40638,NA,NA,NA,NA,NA
"BALOCHISTAN","NASIRABAD","JAFFARABAD","GANDAKHA","TEHSIL","URDU",15,12,3,NA,15,12,3,NA,NA,NA,NA,NA
"BALOCHISTAN","NASIRABAD","JHAL MAGSI","GANDAWA","TEHSIL","BALOCHI",43028,21524,21504,NA,30810,15400,15410,NA,12218,6124,6094,NA
"BALOCHISTAN","NASIRABAD","JHAL MAGSI","GANDAWA","TEHSIL","BALTI",NA,NA,NA,NA,NA,NA,NA,NA,NA,NA,NA,NA
"BALOCHISTAN","NASIRABAD","JHAL MAGSI","GANDAWA","TEHSIL","BRAHVI",2398,1161,1237,NA,2320,1122,1198,NA,78,39,39,NA
"BALOCHISTAN","NASIRABAD","JHAL MAGSI","GANDAWA","TEHSIL","HINDKO",33,19,14,NA,NA,NA,NA,NA,33,19,14,NA
"BALOCHISTAN","NASIRABAD","JHAL MAGSI","GANDAWA","TEHSIL","KALASHA",NA,NA,NA,NA,NA,NA,NA,NA,NA,NA,NA,NA
"BALOCHISTAN","NASIRABAD","JHAL MAGSI","GANDAWA","TEHSIL","KASHMIRI",23,14,9,NA,20,13,7,NA,3,1,2,NA
"BALOCHISTAN","NASIRABAD","JHAL MAGSI","GANDAWA","TEHSIL","KOHIOSTANI",NA,NA,NA,NA,NA,NA,NA,NA,NA,NA,NA,NA
"BALOCHISTAN","NASIRABAD","JHAL MAGSI","GANDAWA","TEHSIL","MEWATI",NA,NA,NA,NA,NA,NA,NA,NA,NA,NA,NA,NA
"BALOCHISTAN","NASIRABAD","JHAL MAGSI","GANDAWA","TEHSIL","OTHERS",3,NA,3,NA,NA,NA,NA,NA,3,NA,3,NA
"BALOCHISTAN","NASIRABAD","JHAL MAGSI","GANDAWA","TEHSIL","PUNJABI",9,2,7,NA,3,NA,3,NA,6,2,4,NA
"BALOCHISTAN","NASIRABAD","JHAL MAGSI","GANDAWA","TEHSIL","PUSHTO",137,67,70,NA,4,1,3,NA,133,66,67,NA
"BALOCHISTAN","NASIRABAD","JHAL MAGSI","GANDAWA","TEHSIL","SARAIKI",2419,1261,1158,NA,2252,1170,1082,NA,167,91,76,NA
"BALOCHISTAN","NASIRABAD","JHAL MAGSI","GANDAWA","TEHSIL","SHINA",NA,NA,NA,NA,NA,NA,NA,NA,NA,NA,NA,NA
"BALOCHISTAN","NASIRABAD","JHAL MAGSI","GANDAWA","TEHSIL","SINDHI",23066,11858,11206,2,11630,5599,6031,NA,11436,6259,5175,2
"BALOCHISTAN","NASIRABAD","JHAL MAGSI","GANDAWA","TEHSIL","TOTAL",71230,35960,35268,2,47100,23342,23758,NA,24130,12618,11510,2
"BALOCHISTAN","NASIRABAD","JHAL MAGSI","GANDAWA","TEHSIL","URDU",114,54,60,NA,61,37,24,NA,53,17,36,NA
"BALOCHISTAN","KALAT","KALAT","GAZG","SUB-TEHSIL","BALOCHI",2817,1319,1498,NA,2817,1319,1498,NA,NA,NA,NA,NA
"BALOCHISTAN","KALAT","KALAT","GAZG","SUB-TEHSIL","BALTI",NA,NA,NA,NA,NA,NA,NA,NA,NA,NA,NA,NA
"BALOCHISTAN","KALAT","KALAT","GAZG","SUB-TEHSIL","BRAHVI",5446,2449,2994,3,5446,2449,2994,3,NA,NA,NA,NA
"BALOCHISTAN","KALAT","KALAT","GAZG","SUB-TEHSIL","HINDKO",1,NA,1,NA,1,NA,1,NA,NA,NA,NA,NA
"BALOCHISTAN","KALAT","KALAT","GAZG","SUB-TEHSIL","KALASHA",NA,NA,NA,NA,NA,NA,NA,NA,NA,NA,NA,NA
"BALOCHISTAN","KALAT","KALAT","GAZG","SUB-TEHSIL","KASHMIRI",NA,NA,NA,NA,NA,NA,NA,NA,NA,NA,NA,NA
"BALOCHISTAN","KALAT","KALAT","GAZG","SUB-TEHSIL","KOHIOSTANI",NA,NA,NA,NA,NA,NA,NA,NA,NA,NA,NA,NA
"BALOCHISTAN","KALAT","KALAT","GAZG","SUB-TEHSIL","MEWATI",NA,NA,NA,NA,NA,NA,NA,NA,NA,NA,NA,NA
"BALOCHISTAN","KALAT","KALAT","GAZG","SUB-TEHSIL","OTHERS",4,2,2,NA,4,2,2,NA,NA,NA,NA,NA
"BALOCHISTAN","KALAT","KALAT","GAZG","SUB-TEHSIL","PUNJABI",NA,NA,NA,NA,NA,NA,NA,NA,NA,NA,NA,NA
"BALOCHISTAN","KALAT","KALAT","GAZG","SUB-TEHSIL","PUSHTO",4,2,2,NA,4,2,2,NA,NA,NA,NA,NA
"BALOCHISTAN","KALAT","KALAT","GAZG","SUB-TEHSIL","SARAIKI",NA,NA,NA,NA,NA,NA,NA,NA,NA,NA,NA,NA
"BALOCHISTAN","KALAT","KALAT","GAZG","SUB-TEHSIL","SHINA",3,NA,3,NA,3,NA,3,NA,NA,NA,NA,NA
"BALOCHISTAN","KALAT","KALAT","GAZG","SUB-TEHSIL","SINDHI",1,NA,1,NA,1,NA,1,NA,NA,NA,NA,NA
"BALOCHISTAN","KALAT","KALAT","GAZG","SUB-TEHSIL","TOTAL",8286,3778,4505,3,8286,3778,4505,3,NA,NA,NA,NA
"BALOCHISTAN","KALAT","KALAT","GAZG","SUB-TEHSIL","URDU",10,6,4,NA,10,6,4,NA,NA,NA,NA,NA
"BALOCHISTAN","MEKRAN","PANJGUR","GICHK","SUB-TEHSIL","BALOCHI",33427,12419,21005,3,33427,12419,21005,3,NA,NA,NA,NA
"BALOCHISTAN","MEKRAN","PANJGUR","GICHK","SUB-TEHSIL","BALTI",NA,NA,NA,NA,NA,NA,NA,NA,NA,NA,NA,NA
"BALOCHISTAN","MEKRAN","PANJGUR","GICHK","SUB-TEHSIL","BRAHVI",10,7,3,NA,10,7,3,NA,NA,NA,NA,NA
"BALOCHISTAN","MEKRAN","PANJGUR","GICHK","SUB-TEHSIL","HINDKO",3,NA,3,NA,3,NA,3,NA,NA,NA,NA,NA
"BALOCHISTAN","MEKRAN","PANJGUR","GICHK","SUB-TEHSIL","KALASHA",NA,NA,NA,NA,NA,NA,NA,NA,NA,NA,NA,NA
"BALOCHISTAN","MEKRAN","PANJGUR","GICHK","SUB-TEHSIL","KASHMIRI",33,12,21,NA,33,12,21,NA,NA,NA,NA,NA
"BALOCHISTAN","MEKRAN","PANJGUR","GICHK","SUB-TEHSIL","KOHIOSTANI",1,1,NA,NA,1,1,NA,NA,NA,NA,NA,NA
"BALOCHISTAN","MEKRAN","PANJGUR","GICHK","SUB-TEHSIL","MEWATI",NA,NA,NA,NA,NA,NA,NA,NA,NA,NA,NA,NA
"BALOCHISTAN","MEKRAN","PANJGUR","GICHK","SUB-TEHSIL","OTHERS",56,10,46,NA,56,10,46,NA,NA,NA,NA,NA
"BALOCHISTAN","MEKRAN","PANJGUR","GICHK","SUB-TEHSIL","PUNJABI",3,1,2,NA,3,1,2,NA,NA,NA,NA,NA
"BALOCHISTAN","MEKRAN","PANJGUR","GICHK","SUB-TEHSIL","PUSHTO",9,2,7,NA,9,2,7,NA,NA,NA,NA,NA
"BALOCHISTAN","MEKRAN","PANJGUR","GICHK","SUB-TEHSIL","SARAIKI",6,NA,6,NA,6,NA,6,NA,NA,NA,NA,NA
"BALOCHISTAN","MEKRAN","PANJGUR","GICHK","SUB-TEHSIL","SHINA",NA,NA,NA,NA,NA,NA,NA,NA,NA,NA,NA,NA
"BALOCHISTAN","MEKRAN","PANJGUR","GICHK","SUB-TEHSIL","SINDHI",NA,NA,NA,NA,NA,NA,NA,NA,NA,NA,NA,NA
"BALOCHISTAN","MEKRAN","PANJGUR","GICHK","SUB-TEHSIL","TOTAL",33578,12459,21116,3,33578,12459,21116,3,NA,NA,NA,NA
"BALOCHISTAN","MEKRAN","PANJGUR","GICHK","SUB-TEHSIL","URDU",30,7,23,NA,30,7,23,NA,NA,NA,NA,NA
"BALOCHISTAN","KALAT","SURAB","GIDDER","SUB-DIVISION","BALOCHI",3905,1995,1910,NA,3905,1995,1910,NA,NA,NA,NA,NA
"BALOCHISTAN","KALAT","SURAB","GIDDER","SUB-DIVISION","BALTI",NA,NA,NA,NA,NA,NA,NA,NA,NA,NA,NA,NA
"BALOCHISTAN","KALAT","SURAB","GIDDER","SUB-DIVISION","BRAHVI",85593,41201,44392,NA,85593,41201,44392,NA,NA,NA,NA,NA
"BALOCHISTAN","KALAT","SURAB","GIDDER","SUB-DIVISION","HINDKO",47,23,24,NA,47,23,24,NA,NA,NA,NA,NA
"BALOCHISTAN","KALAT","SURAB","GIDDER","SUB-DIVISION","KALASHA",1,NA,1,NA,1,NA,1,NA,NA,NA,NA,NA
"BALOCHISTAN","KALAT","SURAB","GIDDER","SUB-DIVISION","KASHMIRI",1,1,NA,NA,1,1,NA,NA,NA,NA,NA,NA
"BALOCHISTAN","KALAT","SURAB","GIDDER","SUB-DIVISION","KOHIOSTANI",NA,NA,NA,NA,NA,NA,NA,NA,NA,NA,NA,NA
"BALOCHISTAN","KALAT","SURAB","GIDDER","SUB-DIVISION","MEWATI",NA,NA,NA,NA,NA,NA,NA,NA,NA,NA,NA,NA
"BALOCHISTAN","KALAT","SURAB","GIDDER","SUB-DIVISION","OTHERS",9,1,8,NA,9,1,8,NA,NA,NA,NA,NA
"BALOCHISTAN","KALAT","SURAB","GIDDER","SUB-DIVISION","PUNJABI",NA,NA,NA,NA,NA,NA,NA,NA,NA,NA,NA,NA
"BALOCHISTAN","KALAT","SURAB","GIDDER","SUB-DIVISION","PUSHTO",5,2,3,NA,5,2,3,NA,NA,NA,NA,NA
"BALOCHISTAN","KALAT","SURAB","GIDDER","SUB-DIVISION","SARAIKI",3,1,2,NA,3,1,2,NA,NA,NA,NA,NA
"BALOCHISTAN","KALAT","SURAB","GIDDER","SUB-DIVISION","SHINA",28,16,12,NA,28,16,12,NA,NA,NA,NA,NA
"BALOCHISTAN","KALAT","SURAB","GIDDER","SUB-DIVISION","SINDHI",13,6,7,NA,13,6,7,NA,NA,NA,NA,NA
"BALOCHISTAN","KALAT","SURAB","GIDDER","SUB-DIVISION","TOTAL",89631,43260,46371,NA,89631,43260,46371,NA,NA,NA,NA,NA
"BALOCHISTAN","KALAT","SURAB","GIDDER","SUB-DIVISION","URDU",26,14,12,NA,26,14,12,NA,NA,NA,NA,NA
"BALOCHISTAN","KALAT","AWARAN","GISHKORE","TEHSIL","BALOCHI",31424,15338,16083,3,31424,15338,16083,3,NA,NA,NA,NA
"BALOCHISTAN","KALAT","AWARAN","GISHKORE","TEHSIL","BALTI",NA,NA,NA,NA,NA,NA,NA,NA,NA,NA,NA,NA
"BALOCHISTAN","KALAT","AWARAN","GISHKORE","TEHSIL","BRAHVI",5,2,3,NA,5,2,3,NA,NA,NA,NA,NA
"BALOCHISTAN","KALAT","AWARAN","GISHKORE","TEHSIL","HINDKO",NA,NA,NA,NA,NA,NA,NA,NA,NA,NA,NA,NA
"BALOCHISTAN","KALAT","AWARAN","GISHKORE","TEHSIL","KALASHA",NA,NA,NA,NA,NA,NA,NA,NA,NA,NA,NA,NA
"BALOCHISTAN","KALAT","AWARAN","GISHKORE","TEHSIL","KASHMIRI",15,7,8,NA,15,7,8,NA,NA,NA,NA,NA
"BALOCHISTAN","KALAT","AWARAN","GISHKORE","TEHSIL","KOHIOSTANI",NA,NA,NA,NA,NA,NA,NA,NA,NA,NA,NA,NA
"BALOCHISTAN","KALAT","AWARAN","GISHKORE","TEHSIL","MEWATI",NA,NA,NA,NA,NA,NA,NA,NA,NA,NA,NA,NA
"BALOCHISTAN","KALAT","AWARAN","GISHKORE","TEHSIL","OTHERS",12,5,7,NA,12,5,7,NA,NA,NA,NA,NA
"BALOCHISTAN","KALAT","AWARAN","GISHKORE","TEHSIL","PUNJABI",4,1,3,NA,4,1,3,NA,NA,NA,NA,NA
"BALOCHISTAN","KALAT","AWARAN","GISHKORE","TEHSIL","PUSHTO",NA,NA,NA,NA,NA,NA,NA,NA,NA,NA,NA,NA
"BALOCHISTAN","KALAT","AWARAN","GISHKORE","TEHSIL","SARAIKI",NA,NA,NA,NA,NA,NA,NA,NA,NA,NA,NA,NA
"BALOCHISTAN","KALAT","AWARAN","GISHKORE","TEHSIL","SHINA",NA,NA,NA,NA,NA,NA,NA,NA,NA,NA,NA,NA
"BALOCHISTAN","KALAT","AWARAN","GISHKORE","TEHSIL","SINDHI",NA,NA,NA,NA,NA,NA,NA,NA,NA,NA,NA,NA
"BALOCHISTAN","KALAT","AWARAN","GISHKORE","TEHSIL","TOTAL",31462,15355,16104,3,31462,15355,16104,3,NA,NA,NA,NA
"BALOCHISTAN","KALAT","AWARAN","GISHKORE","TEHSIL","URDU",2,2,NA,NA,2,2,NA,NA,NA,NA,NA,NA
"BALOCHISTAN","MEKRAN","PANJGUR","GOWARGO","SUB-DIVISION","BALOCHI",31657,14447,17207,3,31657,14447,17207,3,NA,NA,NA,NA
"BALOCHISTAN","MEKRAN","PANJGUR","GOWARGO","SUB-DIVISION","BALTI",NA,NA,NA,NA,NA,NA,NA,NA,NA,NA,NA,NA
"BALOCHISTAN","MEKRAN","PANJGUR","GOWARGO","SUB-DIVISION","BRAHVI",NA,NA,NA,NA,NA,NA,NA,NA,NA,NA,NA,NA
"BALOCHISTAN","MEKRAN","PANJGUR","GOWARGO","SUB-DIVISION","HINDKO",NA,NA,NA,NA,NA,NA,NA,NA,NA,NA,NA,NA
"BALOCHISTAN","MEKRAN","PANJGUR","GOWARGO","SUB-DIVISION","KALASHA",NA,NA,NA,NA,NA,NA,NA,NA,NA,NA,NA,NA
"BALOCHISTAN","MEKRAN","PANJGUR","GOWARGO","SUB-DIVISION","KASHMIRI",30,9,21,NA,30,9,21,NA,NA,NA,NA,NA
"BALOCHISTAN","MEKRAN","PANJGUR","GOWARGO","SUB-DIVISION","KOHIOSTANI",NA,NA,NA,NA,NA,NA,NA,NA,NA,NA,NA,NA
"BALOCHISTAN","MEKRAN","PANJGUR","GOWARGO","SUB-DIVISION","MEWATI",NA,NA,NA,NA,NA,NA,NA,NA,NA,NA,NA,NA
"BALOCHISTAN","MEKRAN","PANJGUR","GOWARGO","SUB-DIVISION","OTHERS",7,3,4,NA,7,3,4,NA,NA,NA,NA,NA
"BALOCHISTAN","MEKRAN","PANJGUR","GOWARGO","SUB-DIVISION","PUNJABI",1,1,NA,NA,1,1,NA,NA,NA,NA,NA,NA
"BALOCHISTAN","MEKRAN","PANJGUR","GOWARGO","SUB-DIVISION","PUSHTO",1,NA,1,NA,1,NA,1,NA,NA,NA,NA,NA
"BALOCHISTAN","MEKRAN","PANJGUR","GOWARGO","SUB-DIVISION","SARAIKI",NA,NA,NA,NA,NA,NA,NA,NA,NA,NA,NA,NA
"BALOCHISTAN","MEKRAN","PANJGUR","GOWARGO","SUB-DIVISION","SHINA",NA,NA,NA,NA,NA,NA,NA,NA,NA,NA,NA,NA
"BALOCHISTAN","MEKRAN","PANJGUR","GOWARGO","SUB-DIVISION","SINDHI",1,NA,1,NA,1,NA,1,NA,NA,NA,NA,NA
"BALOCHISTAN","MEKRAN","PANJGUR","GOWARGO","SUB-DIVISION","TOTAL",31718,14468,17247,3,31718,14468,17247,3,NA,NA,NA,NA
"BALOCHISTAN","MEKRAN","PANJGUR","GOWARGO","SUB-DIVISION","URDU",21,8,13,NA,21,8,13,NA,NA,NA,NA,NA
"BALOCHISTAN","KALAT","KHUZDAR","GRESHA","SUB-TEHSIL","BALOCHI",45839,21097,24738,4,45839,21097,24738,4,NA,NA,NA,NA
"BALOCHISTAN","KALAT","KHUZDAR","GRESHA","SUB-TEHSIL","BALTI",NA,NA,NA,NA,NA,NA,NA,NA,NA,NA,NA,NA
"BALOCHISTAN","KALAT","KHUZDAR","GRESHA","SUB-TEHSIL","BRAHVI",23362,9996,13360,6,23362,9996,13360,6,NA,NA,NA,NA
"BALOCHISTAN","KALAT","KHUZDAR","GRESHA","SUB-TEHSIL","HINDKO",72,32,40,NA,72,32,40,NA,NA,NA,NA,NA
"BALOCHISTAN","KALAT","KHUZDAR","GRESHA","SUB-TEHSIL","KALASHA",NA,NA,NA,NA,NA,NA,NA,NA,NA,NA,NA,NA
"BALOCHISTAN","KALAT","KHUZDAR","GRESHA","SUB-TEHSIL","KASHMIRI",24,16,8,NA,24,16,8,NA,NA,NA,NA,NA
"BALOCHISTAN","KALAT","KHUZDAR","GRESHA","SUB-TEHSIL","KOHIOSTANI",NA,NA,NA,NA,NA,NA,NA,NA,NA,NA,NA,NA
"BALOCHISTAN","KALAT","KHUZDAR","GRESHA","SUB-TEHSIL","MEWATI",1,1,NA,NA,1,1,NA,NA,NA,NA,NA,NA
"BALOCHISTAN","KALAT","KHUZDAR","GRESHA","SUB-TEHSIL","OTHERS",30,7,23,NA,30,7,23,NA,NA,NA,NA,NA
"BALOCHISTAN","KALAT","KHUZDAR","GRESHA","SUB-TEHSIL","PUNJABI",NA,NA,NA,NA,NA,NA,NA,NA,NA,NA,NA,NA
"BALOCHISTAN","KALAT","KHUZDAR","GRESHA","SUB-TEHSIL","PUSHTO",3,1,2,NA,3,1,2,NA,NA,NA,NA,NA
"BALOCHISTAN","KALAT","KHUZDAR","GRESHA","SUB-TEHSIL","SARAIKI",1,1,NA,NA,1,1,NA,NA,NA,NA,NA,NA
"BALOCHISTAN","KALAT","KHUZDAR","GRESHA","SUB-TEHSIL","SHINA",14,9,5,NA,14,9,5,NA,NA,NA,NA,NA
"BALOCHISTAN","KALAT","KHUZDAR","GRESHA","SUB-TEHSIL","SINDHI",297,129,168,NA,297,129,168,NA,NA,NA,NA,NA
"BALOCHISTAN","KALAT","KHUZDAR","GRESHA","SUB-TEHSIL","TOTAL",69665,31300,38355,10,69665,31300,38355,10,NA,NA,NA,NA
"BALOCHISTAN","KALAT","KHUZDAR","GRESHA","SUB-TEHSIL","URDU",22,11,11,NA,22,11,11,NA,NA,NA,NA,NA
"BALOCHISTAN","SIBI","KOHLU","GRISANI","SUB-TEHSIL","BALOCHI",15135,7315,7820,NA,15135,7315,7820,NA,NA,NA,NA,NA
"BALOCHISTAN","SIBI","KOHLU","GRISANI","SUB-TEHSIL","BALTI",NA,NA,NA,NA,NA,NA,NA,NA,NA,NA,NA,NA
"BALOCHISTAN","SIBI","KOHLU","GRISANI","SUB-TEHSIL","BRAHVI",NA,NA,NA,NA,NA,NA,NA,NA,NA,NA,NA,NA
"BALOCHISTAN","SIBI","KOHLU","GRISANI","SUB-TEHSIL","HINDKO",NA,NA,NA,NA,NA,NA,NA,NA,NA,NA,NA,NA
"BALOCHISTAN","SIBI","KOHLU","GRISANI","SUB-TEHSIL","KALASHA",NA,NA,NA,NA,NA,NA,NA,NA,NA,NA,NA,NA
"BALOCHISTAN","SIBI","KOHLU","GRISANI","SUB-TEHSIL","KASHMIRI",14,8,6,NA,14,8,6,NA,NA,NA,NA,NA
"BALOCHISTAN","SIBI","KOHLU","GRISANI","SUB-TEHSIL","KOHIOSTANI",NA,NA,NA,NA,NA,NA,NA,NA,NA,NA,NA,NA
"BALOCHISTAN","SIBI","KOHLU","GRISANI","SUB-TEHSIL","MEWATI",NA,NA,NA,NA,NA,NA,NA,NA,NA,NA,NA,NA
"BALOCHISTAN","SIBI","KOHLU","GRISANI","SUB-TEHSIL","OTHERS",16,6,10,NA,16,6,10,NA,NA,NA,NA,NA
"BALOCHISTAN","SIBI","KOHLU","GRISANI","SUB-TEHSIL","PUNJABI",4,2,2,NA,4,2,2,NA,NA,NA,NA,NA
"BALOCHISTAN","SIBI","KOHLU","GRISANI","SUB-TEHSIL","PUSHTO",48,34,14,NA,48,34,14,NA,NA,NA,NA,NA
"BALOCHISTAN","SIBI","KOHLU","GRISANI","SUB-TEHSIL","SARAIKI",1,NA,1,NA,1,NA,1,NA,NA,NA,NA,NA
"BALOCHISTAN","SIBI","KOHLU","GRISANI","SUB-TEHSIL","SHINA",NA,NA,NA,NA,NA,NA,NA,NA,NA,NA,NA,NA
"BALOCHISTAN","SIBI","KOHLU","GRISANI","SUB-TEHSIL","SINDHI",2,1,1,NA,2,1,1,NA,NA,NA,NA,NA
"BALOCHISTAN","SIBI","KOHLU","GRISANI","SUB-TEHSIL","TOTAL",15246,7378,7868,NA,15246,7378,7868,NA,NA,NA,NA,NA
"BALOCHISTAN","SIBI","KOHLU","GRISANI","SUB-TEHSIL","URDU",26,12,14,NA,26,12,14,NA,NA,NA,NA,NA
"BALOCHISTAN","QUETTA","KILLA ABDULLAH","GULISTAN","SUB-DIVISION","BALOCHI",940,433,507,NA,940,433,507,NA,NA,NA,NA,NA
"BALOCHISTAN","QUETTA","KILLA ABDULLAH","GULISTAN","SUB-DIVISION","BALTI",NA,NA,NA,NA,NA,NA,NA,NA,NA,NA,NA,NA
"BALOCHISTAN","QUETTA","KILLA ABDULLAH","GULISTAN","SUB-DIVISION","BRAHVI",652,326,326,NA,652,326,326,NA,NA,NA,NA,NA
"BALOCHISTAN","QUETTA","KILLA ABDULLAH","GULISTAN","SUB-DIVISION","HINDKO",4,1,3,NA,4,1,3,NA,NA,NA,NA,NA
"BALOCHISTAN","QUETTA","KILLA ABDULLAH","GULISTAN","SUB-DIVISION","KALASHA",NA,NA,NA,NA,NA,NA,NA,NA,NA,NA,NA,NA
"BALOCHISTAN","QUETTA","KILLA ABDULLAH","GULISTAN","SUB-DIVISION","KASHMIRI",3,NA,3,NA,3,NA,3,NA,NA,NA,NA,NA
"BALOCHISTAN","QUETTA","KILLA ABDULLAH","GULISTAN","SUB-DIVISION","KOHIOSTANI",NA,NA,NA,NA,NA,NA,NA,NA,NA,NA,NA,NA
"BALOCHISTAN","QUETTA","KILLA ABDULLAH","GULISTAN","SUB-DIVISION","MEWATI",NA,NA,NA,NA,NA,NA,NA,NA,NA,NA,NA,NA
"BALOCHISTAN","QUETTA","KILLA ABDULLAH","GULISTAN","SUB-DIVISION","OTHERS",10,6,3,1,10,6,3,1,NA,NA,NA,NA
"BALOCHISTAN","QUETTA","KILLA ABDULLAH","GULISTAN","SUB-DIVISION","PUNJABI",62,34,28,NA,62,34,28,NA,NA,NA,NA,NA
"BALOCHISTAN","QUETTA","KILLA ABDULLAH","GULISTAN","SUB-DIVISION","PUSHTO",124702,59164,65530,8,124702,59164,65530,8,NA,NA,NA,NA
"BALOCHISTAN","QUETTA","KILLA ABDULLAH","GULISTAN","SUB-DIVISION","SARAIKI",9,3,6,NA,9,3,6,NA,NA,NA,NA,NA
"BALOCHISTAN","QUETTA","KILLA ABDULLAH","GULISTAN","SUB-DIVISION","SHINA",NA,NA,NA,NA,NA,NA,NA,NA,NA,NA,NA,NA
"BALOCHISTAN","QUETTA","KILLA ABDULLAH","GULISTAN","SUB-DIVISION","SINDHI",19,9,10,NA,19,9,10,NA,NA,NA,NA,NA
"BALOCHISTAN","QUETTA","KILLA ABDULLAH","GULISTAN","SUB-DIVISION","TOTAL",126474,60009,66456,9,126474,60009,66456,9,NA,NA,NA,NA
"BALOCHISTAN","QUETTA","KILLA ABDULLAH","GULISTAN","SUB-DIVISION","URDU",73,33,40,NA,73,33,40,NA,NA,NA,NA,NA
"BALOCHISTAN","MEKRAN","GWADAR","GWADAR","SUB-DIVISION","BALOCHI",144011,68019,75977,15,75840,35723,40109,8,68171,32296,35868,7
"BALOCHISTAN","MEKRAN","GWADAR","GWADAR","SUB-DIVISION","BALTI",NA,NA,NA,NA,NA,NA,NA,NA,NA,NA,NA,NA
"BALOCHISTAN","MEKRAN","GWADAR","GWADAR","SUB-DIVISION","BRAHVI",948,419,529,NA,310,131,179,NA,638,288,350,NA
"BALOCHISTAN","MEKRAN","GWADAR","GWADAR","SUB-DIVISION","HINDKO",21,6,15,NA,7,4,3,NA,14,2,12,NA
"BALOCHISTAN","MEKRAN","GWADAR","GWADAR","SUB-DIVISION","KALASHA",NA,NA,NA,NA,NA,NA,NA,NA,NA,NA,NA,NA
"BALOCHISTAN","MEKRAN","GWADAR","GWADAR","SUB-DIVISION","KASHMIRI",106,49,57,NA,24,10,14,NA,82,39,43,NA
"BALOCHISTAN","MEKRAN","GWADAR","GWADAR","SUB-DIVISION","KOHIOSTANI",NA,NA,NA,NA,NA,NA,NA,NA,NA,NA,NA,NA
"BALOCHISTAN","MEKRAN","GWADAR","GWADAR","SUB-DIVISION","MEWATI",NA,NA,NA,NA,NA,NA,NA,NA,NA,NA,NA,NA
"BALOCHISTAN","MEKRAN","GWADAR","GWADAR","SUB-DIVISION","OTHERS",359,157,202,NA,82,34,48,NA,277,123,154,NA
"BALOCHISTAN","MEKRAN","GWADAR","GWADAR","SUB-DIVISION","PUNJABI",265,78,187,NA,44,11,33,NA,221,67,154,NA
"BALOCHISTAN","MEKRAN","GWADAR","GWADAR","SUB-DIVISION","PUSHTO",356,112,244,NA,84,31,53,NA,272,81,191,NA
"BALOCHISTAN","MEKRAN","GWADAR","GWADAR","SUB-DIVISION","SARAIKI",238,47,191,NA,22,5,17,NA,216,42,174,NA
"BALOCHISTAN","MEKRAN","GWADAR","GWADAR","SUB-DIVISION","SHINA",NA,NA,NA,NA,NA,NA,NA,NA,NA,NA,NA,NA
"BALOCHISTAN","MEKRAN","GWADAR","GWADAR","SUB-DIVISION","SINDHI",1033,347,686,NA,331,128,203,NA,702,219,483,NA
"BALOCHISTAN","MEKRAN","GWADAR","GWADAR","SUB-DIVISION","TOTAL",147673,69379,78278,16,76821,36113,40700,8,70852,33266,37578,8
"BALOCHISTAN","MEKRAN","GWADAR","GWADAR","SUB-DIVISION","URDU",336,145,190,1,77,36,41,NA,259,109,149,1
"BALOCHISTAN","NASIRABAD","SOHBATPUR","HAIR DIN","TEHSIL","BALOCHI",12180,6087,6093,NA,12180,6087,6093,NA,NA,NA,NA,NA
"BALOCHISTAN","NASIRABAD","SOHBATPUR","HAIR DIN","TEHSIL","BALTI",NA,NA,NA,NA,NA,NA,NA,NA,NA,NA,NA,NA
"BALOCHISTAN","NASIRABAD","SOHBATPUR","HAIR DIN","TEHSIL","BRAHVI",2034,1053,981,NA,2034,1053,981,NA,NA,NA,NA,NA
"BALOCHISTAN","NASIRABAD","SOHBATPUR","HAIR DIN","TEHSIL","HINDKO",18,7,11,NA,18,7,11,NA,NA,NA,NA,NA
"BALOCHISTAN","NASIRABAD","SOHBATPUR","HAIR DIN","TEHSIL","KALASHA",NA,NA,NA,NA,NA,NA,NA,NA,NA,NA,NA,NA
"BALOCHISTAN","NASIRABAD","SOHBATPUR","HAIR DIN","TEHSIL","KASHMIRI",2,NA,2,NA,2,NA,2,NA,NA,NA,NA,NA
"BALOCHISTAN","NASIRABAD","SOHBATPUR","HAIR DIN","TEHSIL","KOHIOSTANI",NA,NA,NA,NA,NA,NA,NA,NA,NA,NA,NA,NA
"BALOCHISTAN","NASIRABAD","SOHBATPUR","HAIR DIN","TEHSIL","MEWATI",NA,NA,NA,NA,NA,NA,NA,NA,NA,NA,NA,NA
"BALOCHISTAN","NASIRABAD","SOHBATPUR","HAIR DIN","TEHSIL","OTHERS",NA,NA,NA,NA,NA,NA,NA,NA,NA,NA,NA,NA
"BALOCHISTAN","NASIRABAD","SOHBATPUR","HAIR DIN","TEHSIL","PUNJABI",1,1,NA,NA,1,1,NA,NA,NA,NA,NA,NA
"BALOCHISTAN","NASIRABAD","SOHBATPUR","HAIR DIN","TEHSIL","PUSHTO",2,1,1,NA,2,1,1,NA,NA,NA,NA,NA
"BALOCHISTAN","NASIRABAD","SOHBATPUR","HAIR DIN","TEHSIL","SARAIKI",746,389,357,NA,746,389,357,NA,NA,NA,NA,NA
"BALOCHISTAN","NASIRABAD","SOHBATPUR","HAIR DIN","TEHSIL","SHINA",37,15,22,NA,37,15,22,NA,NA,NA,NA,NA
"BALOCHISTAN","NASIRABAD","SOHBATPUR","HAIR DIN","TEHSIL","SINDHI",1869,898,971,NA,1869,898,971,NA,NA,NA,NA,NA
"BALOCHISTAN","NASIRABAD","SOHBATPUR","HAIR DIN","TEHSIL","TOTAL",16891,8452,8439,NA,16891,8452,8439,NA,NA,NA,NA,NA
"BALOCHISTAN","NASIRABAD","SOHBATPUR","HAIR DIN","TEHSIL","URDU",2,1,1,NA,2,1,1,NA,NA,NA,NA,NA
"BALOCHISTAN","SIBI","HARNAI","HARNAI","SUB-DIVISION","BALOCHI",9156,4151,5005,NA,7499,3335,4164,NA,1657,816,841,NA
"BALOCHISTAN","SIBI","HARNAI","HARNAI","SUB-DIVISION","BALTI",NA,NA,NA,NA,NA,NA,NA,NA,NA,NA,NA,NA
"BALOCHISTAN","SIBI","HARNAI","HARNAI","SUB-DIVISION","BRAHVI",137,71,66,NA,1,1,NA,NA,136,70,66,NA
"BALOCHISTAN","SIBI","HARNAI","HARNAI","SUB-DIVISION","HINDKO",73,37,36,NA,NA,NA,NA,NA,73,37,36,NA
"BALOCHISTAN","SIBI","HARNAI","HARNAI","SUB-DIVISION","KALASHA",1,1,NA,NA,1,1,NA,NA,NA,NA,NA,NA
"BALOCHISTAN","SIBI","HARNAI","HARNAI","SUB-DIVISION","KASHMIRI",3,1,2,NA,3,1,2,NA,NA,NA,NA,NA
"BALOCHISTAN","SIBI","HARNAI","HARNAI","SUB-DIVISION","KOHIOSTANI",NA,NA,NA,NA,NA,NA,NA,NA,NA,NA,NA,NA
"BALOCHISTAN","SIBI","HARNAI","HARNAI","SUB-DIVISION","MEWATI",NA,NA,NA,NA,NA,NA,NA,NA,NA,NA,NA,NA
"BALOCHISTAN","SIBI","HARNAI","HARNAI","SUB-DIVISION","OTHERS",160,86,74,NA,71,35,36,NA,89,51,38,NA
"BALOCHISTAN","SIBI","HARNAI","HARNAI","SUB-DIVISION","PUNJABI",576,276,299,1,12,4,8,NA,564,272,291,1
"BALOCHISTAN","SIBI","HARNAI","HARNAI","SUB-DIVISION","PUSHTO",70406,35657,34746,3,59934,30410,29521,3,10472,5247,5225,NA
"BALOCHISTAN","SIBI","HARNAI","HARNAI","SUB-DIVISION","SARAIKI",157,57,100,NA,9,5,4,NA,148,52,96,NA
"BALOCHISTAN","SIBI","HARNAI","HARNAI","SUB-DIVISION","SHINA",NA,NA,NA,NA,NA,NA,NA,NA,NA,NA,NA,NA
"BALOCHISTAN","SIBI","HARNAI","HARNAI","SUB-DIVISION","SINDHI",806,403,403,NA,141,66,75,NA,665,337,328,NA
"BALOCHISTAN","SIBI","HARNAI","HARNAI","SUB-DIVISION","TOTAL",82001,41003,40994,4,67724,33884,33837,3,14277,7119,7157,1
"BALOCHISTAN","SIBI","HARNAI","HARNAI","SUB-DIVISION","URDU",526,263,263,NA,53,26,27,NA,473,237,236,NA
"BALOCHISTAN","MEKRAN","KECH","HOSHAB","SUB-TEHSIL","BALOCHI",66444,31552,34887,5,66444,31552,34887,5,NA,NA,NA,NA
"BALOCHISTAN","MEKRAN","KECH","HOSHAB","SUB-TEHSIL","BALTI",1,1,NA,NA,1,1,NA,NA,NA,NA,NA,NA
"BALOCHISTAN","MEKRAN","KECH","HOSHAB","SUB-TEHSIL","BRAHVI",3,1,2,NA,3,1,2,NA,NA,NA,NA,NA
"BALOCHISTAN","MEKRAN","KECH","HOSHAB","SUB-TEHSIL","HINDKO",1,1,NA,NA,1,1,NA,NA,NA,NA,NA,NA
"BALOCHISTAN","MEKRAN","KECH","HOSHAB","SUB-TEHSIL","KALASHA",NA,NA,NA,NA,NA,NA,NA,NA,NA,NA,NA,NA
"BALOCHISTAN","MEKRAN","KECH","HOSHAB","SUB-TEHSIL","KASHMIRI",47,29,18,NA,47,29,18,NA,NA,NA,NA,NA
"BALOCHISTAN","MEKRAN","KECH","HOSHAB","SUB-TEHSIL","KOHIOSTANI",NA,NA,NA,NA,NA,NA,NA,NA,NA,NA,NA,NA
"BALOCHISTAN","MEKRAN","KECH","HOSHAB","SUB-TEHSIL","MEWATI",NA,NA,NA,NA,NA,NA,NA,NA,NA,NA,NA,NA
"BALOCHISTAN","MEKRAN","KECH","HOSHAB","SUB-TEHSIL","OTHERS",11,7,4,NA,11,7,4,NA,NA,NA,NA,NA
"BALOCHISTAN","MEKRAN","KECH","HOSHAB","SUB-TEHSIL","PUNJABI",9,2,7,NA,9,2,7,NA,NA,NA,NA,NA
"BALOCHISTAN","MEKRAN","KECH","HOSHAB","SUB-TEHSIL","PUSHTO",7,3,4,NA,7,3,4,NA,NA,NA,NA,NA
"BALOCHISTAN","MEKRAN","KECH","HOSHAB","SUB-TEHSIL","SARAIKI",3,NA,3,NA,3,NA,3,NA,NA,NA,NA,NA
"BALOCHISTAN","MEKRAN","KECH","HOSHAB","SUB-TEHSIL","SHINA",NA,NA,NA,NA,NA,NA,NA,NA,NA,NA,NA,NA
"BALOCHISTAN","MEKRAN","KECH","HOSHAB","SUB-TEHSIL","SINDHI",NA,NA,NA,NA,NA,NA,NA,NA,NA,NA,NA,NA
"BALOCHISTAN","MEKRAN","KECH","HOSHAB","SUB-TEHSIL","TOTAL",66566,31615,34946,5,66566,31615,34946,5,NA,NA,NA,NA
"BALOCHISTAN","MEKRAN","KECH","HOSHAB","SUB-TEHSIL","URDU",40,19,21,NA,40,19,21,NA,NA,NA,NA,NA
"BALOCHISTAN","KALAT","LASBELA","HUB","SUB-DIVISION","BALOCHI",159481,78321,81156,4,33804,16934,16870,NA,125677,61387,64286,4
"BALOCHISTAN","KALAT","LASBELA","HUB","SUB-DIVISION","BALTI",NA,NA,NA,NA,NA,NA,NA,NA,NA,NA,NA,NA
"BALOCHISTAN","KALAT","LASBELA","HUB","SUB-DIVISION","BRAHVI",32905,16272,16632,1,2842,1392,1449,1,30063,14880,15183,NA
"BALOCHISTAN","KALAT","LASBELA","HUB","SUB-DIVISION","HINDKO",361,177,184,NA,150,81,69,NA,211,96,115,NA
"BALOCHISTAN","KALAT","LASBELA","HUB","SUB-DIVISION","KALASHA",17,7,10,NA,NA,NA,NA,NA,17,7,10,NA
"BALOCHISTAN","KALAT","LASBELA","HUB","SUB-DIVISION","KASHMIRI",109,60,49,NA,13,10,3,NA,96,50,46,NA
"BALOCHISTAN","KALAT","LASBELA","HUB","SUB-DIVISION","KOHIOSTANI",16,8,8,NA,NA,NA,NA,NA,16,8,8,NA
"BALOCHISTAN","KALAT","LASBELA","HUB","SUB-DIVISION","MEWATI",54,25,29,NA,38,19,19,NA,16,6,10,NA
"BALOCHISTAN","KALAT","LASBELA","HUB","SUB-DIVISION","OTHERS",894,450,444,NA,16,5,11,NA,878,445,433,NA
"BALOCHISTAN","KALAT","LASBELA","HUB","SUB-DIVISION","PUNJABI",1903,933,969,1,10,4,6,NA,1893,929,963,1
"BALOCHISTAN","KALAT","LASBELA","HUB","SUB-DIVISION","PUSHTO",10014,4779,5235,NA,15,6,9,NA,9999,4773,5226,NA
"BALOCHISTAN","KALAT","LASBELA","HUB","SUB-DIVISION","SARAIKI",3244,1596,1648,NA,35,16,19,NA,3209,1580,1629,NA
"BALOCHISTAN","KALAT","LASBELA","HUB","SUB-DIVISION","SHINA",33,15,18,NA,NA,NA,NA,NA,33,15,18,NA
"BALOCHISTAN","KALAT","LASBELA","HUB","SUB-DIVISION","SINDHI",23405,11414,11991,NA,826,422,404,NA,22579,10992,11587,NA
"BALOCHISTAN","KALAT","LASBELA","HUB","SUB-DIVISION","TOTAL",233443,114580,118856,7,37782,18908,18873,1,195661,95672,99983,6
"BALOCHISTAN","KALAT","LASBELA","HUB","SUB-DIVISION","URDU",1007,523,483,1,33,19,14,NA,974,504,469,1
"BALOCHISTAN","QUETTA","PISHIN","HURRAM ZAI","SUB-DIVISION","BALOCHI",135,71,64,NA,116,64,52,NA,19,7,12,NA
"BALOCHISTAN","QUETTA","PISHIN","HURRAM ZAI","SUB-DIVISION","BALTI",NA,NA,NA,NA,NA,NA,NA,NA,NA,NA,NA,NA
"BALOCHISTAN","QUETTA","PISHIN","HURRAM ZAI","SUB-DIVISION","BRAHVI",NA,NA,NA,NA,NA,NA,NA,NA,NA,NA,NA,NA
"BALOCHISTAN","QUETTA","PISHIN","HURRAM ZAI","SUB-DIVISION","HINDKO",NA,NA,NA,NA,NA,NA,NA,NA,NA,NA,NA,NA
"BALOCHISTAN","QUETTA","PISHIN","HURRAM ZAI","SUB-DIVISION","KALASHA",NA,NA,NA,NA,NA,NA,NA,NA,NA,NA,NA,NA
"BALOCHISTAN","QUETTA","PISHIN","HURRAM ZAI","SUB-DIVISION","KASHMIRI",19,12,7,NA,19,12,7,NA,NA,NA,NA,NA
"BALOCHISTAN","QUETTA","PISHIN","HURRAM ZAI","SUB-DIVISION","KOHIOSTANI",NA,NA,NA,NA,NA,NA,NA,NA,NA,NA,NA,NA
"BALOCHISTAN","QUETTA","PISHIN","HURRAM ZAI","SUB-DIVISION","MEWATI",NA,NA,NA,NA,NA,NA,NA,NA,NA,NA,NA,NA
"BALOCHISTAN","QUETTA","PISHIN","HURRAM ZAI","SUB-DIVISION","OTHERS",6,3,3,NA,4,2,2,NA,2,1,1,NA
"BALOCHISTAN","QUETTA","PISHIN","HURRAM ZAI","SUB-DIVISION","PUNJABI",39,17,22,NA,38,16,22,NA,1,1,NA,NA
"BALOCHISTAN","QUETTA","PISHIN","HURRAM ZAI","SUB-DIVISION","PUSHTO",147581,73811,73769,1,104665,52483,52181,1,42916,21328,21588,NA
"BALOCHISTAN","QUETTA","PISHIN","HURRAM ZAI","SUB-DIVISION","SARAIKI",16,8,8,NA,16,8,8,NA,NA,NA,NA,NA
"BALOCHISTAN","QUETTA","PISHIN","HURRAM ZAI","SUB-DIVISION","SHINA",NA,NA,NA,NA,NA,NA,NA,NA,NA,NA,NA,NA
"BALOCHISTAN","QUETTA","PISHIN","HURRAM ZAI","SUB-DIVISION","SINDHI",11,9,2,NA,10,8,2,NA,1,1,NA,NA
"BALOCHISTAN","QUETTA","PISHIN","HURRAM ZAI","SUB-DIVISION","TOTAL",147844,73947,73896,1,104899,52607,52291,1,42945,21340,21605,NA
"BALOCHISTAN","QUETTA","PISHIN","HURRAM ZAI","SUB-DIVISION","URDU",37,16,21,NA,31,14,17,NA,6,2,4,NA
"BALOCHISTAN","MEKRAN","PANJGUR","JAHEEN PAROME","TEHSIL","BALOCHI",30941,15129,15810,2,30941,15129,15810,2,NA,NA,NA,NA
"BALOCHISTAN","MEKRAN","PANJGUR","JAHEEN PAROME","TEHSIL","BALTI",NA,NA,NA,NA,NA,NA,NA,NA,NA,NA,NA,NA
"BALOCHISTAN","MEKRAN","PANJGUR","JAHEEN PAROME","TEHSIL","BRAHVI",1,NA,1,NA,1,NA,1,NA,NA,NA,NA,NA
"BALOCHISTAN","MEKRAN","PANJGUR","JAHEEN PAROME","TEHSIL","HINDKO",2,1,1,NA,2,1,1,NA,NA,NA,NA,NA
"BALOCHISTAN","MEKRAN","PANJGUR","JAHEEN PAROME","TEHSIL","KALASHA",NA,NA,NA,NA,NA,NA,NA,NA,NA,NA,NA,NA
"BALOCHISTAN","MEKRAN","PANJGUR","JAHEEN PAROME","TEHSIL","KASHMIRI",82,26,56,NA,82,26,56,NA,NA,NA,NA,NA
"BALOCHISTAN","MEKRAN","PANJGUR","JAHEEN PAROME","TEHSIL","KOHIOSTANI",2,1,1,NA,2,1,1,NA,NA,NA,NA,NA
"BALOCHISTAN","MEKRAN","PANJGUR","JAHEEN PAROME","TEHSIL","MEWATI",NA,NA,NA,NA,NA,NA,NA,NA,NA,NA,NA,NA
"BALOCHISTAN","MEKRAN","PANJGUR","JAHEEN PAROME","TEHSIL","OTHERS",27,8,19,NA,27,8,19,NA,NA,NA,NA,NA
"BALOCHISTAN","MEKRAN","PANJGUR","JAHEEN PAROME","TEHSIL","PUNJABI",1,NA,1,NA,1,NA,1,NA,NA,NA,NA,NA
"BALOCHISTAN","MEKRAN","PANJGUR","JAHEEN PAROME","TEHSIL","PUSHTO",7,1,5,1,7,1,5,1,NA,NA,NA,NA
"BALOCHISTAN","MEKRAN","PANJGUR","JAHEEN PAROME","TEHSIL","SARAIKI",35,5,29,1,35,5,29,1,NA,NA,NA,NA
"BALOCHISTAN","MEKRAN","PANJGUR","JAHEEN PAROME","TEHSIL","SHINA",NA,NA,NA,NA,NA,NA,NA,NA,NA,NA,NA,NA
"BALOCHISTAN","MEKRAN","PANJGUR","JAHEEN PAROME","TEHSIL","SINDHI",2,NA,2,NA,2,NA,2,NA,NA,NA,NA,NA
"BALOCHISTAN","MEKRAN","PANJGUR","JAHEEN PAROME","TEHSIL","TOTAL",31113,15178,15931,4,31113,15178,15931,4,NA,NA,NA,NA
"BALOCHISTAN","MEKRAN","PANJGUR","JAHEEN PAROME","TEHSIL","URDU",13,7,6,NA,13,7,6,NA,NA,NA,NA,NA
"BALOCHISTAN","KALAT","AWARAN","JHAL JAO","TEHSIL","BALOCHI",28102,13693,14406,3,28102,13693,14406,3,NA,NA,NA,NA
"BALOCHISTAN","KALAT","AWARAN","JHAL JAO","TEHSIL","BALTI",NA,NA,NA,NA,NA,NA,NA,NA,NA,NA,NA,NA
"BALOCHISTAN","KALAT","AWARAN","JHAL JAO","TEHSIL","BRAHVI",NA,NA,NA,NA,NA,NA,NA,NA,NA,NA,NA,NA
"BALOCHISTAN","KALAT","AWARAN","JHAL JAO","TEHSIL","HINDKO",NA,NA,NA,NA,NA,NA,NA,NA,NA,NA,NA,NA
"BALOCHISTAN","KALAT","AWARAN","JHAL JAO","TEHSIL","KALASHA",NA,NA,NA,NA,NA,NA,NA,NA,NA,NA,NA,NA
"BALOCHISTAN","KALAT","AWARAN","JHAL JAO","TEHSIL","KASHMIRI",13,7,6,NA,13,7,6,NA,NA,NA,NA,NA
"BALOCHISTAN","KALAT","AWARAN","JHAL JAO","TEHSIL","KOHIOSTANI",NA,NA,NA,NA,NA,NA,NA,NA,NA,NA,NA,NA
"BALOCHISTAN","KALAT","AWARAN","JHAL JAO","TEHSIL","MEWATI",NA,NA,NA,NA,NA,NA,NA,NA,NA,NA,NA,NA
"BALOCHISTAN","KALAT","AWARAN","JHAL JAO","TEHSIL","OTHERS",NA,NA,NA,NA,NA,NA,NA,NA,NA,NA,NA,NA
"BALOCHISTAN","KALAT","AWARAN","JHAL JAO","TEHSIL","PUNJABI",2,1,1,NA,2,1,1,NA,NA,NA,NA,NA
"BALOCHISTAN","KALAT","AWARAN","JHAL JAO","TEHSIL","PUSHTO",NA,NA,NA,NA,NA,NA,NA,NA,NA,NA,NA,NA
"BALOCHISTAN","KALAT","AWARAN","JHAL JAO","TEHSIL","SARAIKI",NA,NA,NA,NA,NA,NA,NA,NA,NA,NA,NA,NA
"BALOCHISTAN","KALAT","AWARAN","JHAL JAO","TEHSIL","SHINA",NA,NA,NA,NA,NA,NA,NA,NA,NA,NA,NA,NA
"BALOCHISTAN","KALAT","AWARAN","JHAL JAO","TEHSIL","SINDHI",NA,NA,NA,NA,NA,NA,NA,NA,NA,NA,NA,NA
"BALOCHISTAN","KALAT","AWARAN","JHAL JAO","TEHSIL","TOTAL",28132,13709,14420,3,28132,13709,14420,3,NA,NA,NA,NA
"BALOCHISTAN","KALAT","AWARAN","JHAL JAO","TEHSIL","URDU",15,8,7,NA,15,8,7,NA,NA,NA,NA,NA
"BALOCHISTAN","NASIRABAD","JHAL MAGSI","JHAL MAGSI","TEHSIL","BALOCHI",106123,51053,55059,11,106123,51053,55059,11,NA,NA,NA,NA
"BALOCHISTAN","NASIRABAD","JHAL MAGSI","JHAL MAGSI","TEHSIL","BALTI",NA,NA,NA,NA,NA,NA,NA,NA,NA,NA,NA,NA
"BALOCHISTAN","NASIRABAD","JHAL MAGSI","JHAL MAGSI","TEHSIL","BRAHVI",327,179,148,NA,327,179,148,NA,NA,NA,NA,NA
"BALOCHISTAN","NASIRABAD","JHAL MAGSI","JHAL MAGSI","TEHSIL","HINDKO",22,11,11,NA,22,11,11,NA,NA,NA,NA,NA
"BALOCHISTAN","NASIRABAD","JHAL MAGSI","JHAL MAGSI","TEHSIL","KALASHA",NA,NA,NA,NA,NA,NA,NA,NA,NA,NA,NA,NA
"BALOCHISTAN","NASIRABAD","JHAL MAGSI","JHAL MAGSI","TEHSIL","KASHMIRI",65,27,38,NA,65,27,38,NA,NA,NA,NA,NA
"BALOCHISTAN","NASIRABAD","JHAL MAGSI","JHAL MAGSI","TEHSIL","KOHIOSTANI",NA,NA,NA,NA,NA,NA,NA,NA,NA,NA,NA,NA
"BALOCHISTAN","NASIRABAD","JHAL MAGSI","JHAL MAGSI","TEHSIL","MEWATI",NA,NA,NA,NA,NA,NA,NA,NA,NA,NA,NA,NA
"BALOCHISTAN","NASIRABAD","JHAL MAGSI","JHAL MAGSI","TEHSIL","OTHERS",85,35,50,NA,85,35,50,NA,NA,NA,NA,NA
"BALOCHISTAN","NASIRABAD","JHAL MAGSI","JHAL MAGSI","TEHSIL","PUNJABI",13,5,8,NA,13,5,8,NA,NA,NA,NA,NA
"BALOCHISTAN","NASIRABAD","JHAL MAGSI","JHAL MAGSI","TEHSIL","PUSHTO",185,79,106,NA,185,79,106,NA,NA,NA,NA,NA
"BALOCHISTAN","NASIRABAD","JHAL MAGSI","JHAL MAGSI","TEHSIL","SARAIKI",1666,801,865,NA,1666,801,865,NA,NA,NA,NA,NA
"BALOCHISTAN","NASIRABAD","JHAL MAGSI","JHAL MAGSI","TEHSIL","SHINA",NA,NA,NA,NA,NA,NA,NA,NA,NA,NA,NA,NA
"BALOCHISTAN","NASIRABAD","JHAL MAGSI","JHAL MAGSI","TEHSIL","SINDHI",7970,3939,4031,NA,7970,3939,4031,NA,NA,NA,NA,NA
"BALOCHISTAN","NASIRABAD","JHAL MAGSI","JHAL MAGSI","TEHSIL","TOTAL",116528,56160,60357,11,116528,56160,60357,11,NA,NA,NA,NA
"BALOCHISTAN","NASIRABAD","JHAL MAGSI","JHAL MAGSI","TEHSIL","URDU",72,31,41,NA,72,31,41,NA,NA,NA,NA,NA
"BALOCHISTAN","NASIRABAD","JAFFARABAD","JHAT PAT","SUB-DIVISION","BALOCHI",188011,91279,96729,3,129932,63152,66778,2,58079,28127,29951,1
"BALOCHISTAN","NASIRABAD","JAFFARABAD","JHAT PAT","SUB-DIVISION","BALTI",NA,NA,NA,NA,NA,NA,NA,NA,NA,NA,NA,NA
"BALOCHISTAN","NASIRABAD","JAFFARABAD","JHAT PAT","SUB-DIVISION","BRAHVI",31374,15701,15673,NA,28296,14202,14094,NA,3078,1499,1579,NA
"BALOCHISTAN","NASIRABAD","JAFFARABAD","JHAT PAT","SUB-DIVISION","HINDKO",619,345,274,NA,356,207,149,NA,263,138,125,NA
"BALOCHISTAN","NASIRABAD","JAFFARABAD","JHAT PAT","SUB-DIVISION","KALASHA",NA,NA,NA,NA,NA,NA,NA,NA,NA,NA,NA,NA
"BALOCHISTAN","NASIRABAD","JAFFARABAD","JHAT PAT","SUB-DIVISION","KASHMIRI",124,48,76,NA,89,37,52,NA,35,11,24,NA
"BALOCHISTAN","NASIRABAD","JAFFARABAD","JHAT PAT","SUB-DIVISION","KOHIOSTANI",NA,NA,NA,NA,NA,NA,NA,NA,NA,NA,NA,NA
"BALOCHISTAN","NASIRABAD","JAFFARABAD","JHAT PAT","SUB-DIVISION","MEWATI",NA,NA,NA,NA,NA,NA,NA,NA,NA,NA,NA,NA
"BALOCHISTAN","NASIRABAD","JAFFARABAD","JHAT PAT","SUB-DIVISION","OTHERS",1333,673,660,NA,825,412,413,NA,508,261,247,NA
"BALOCHISTAN","NASIRABAD","JAFFARABAD","JHAT PAT","SUB-DIVISION","PUNJABI",390,187,203,NA,70,40,30,NA,320,147,173,NA
"BALOCHISTAN","NASIRABAD","JAFFARABAD","JHAT PAT","SUB-DIVISION","PUSHTO",1273,643,630,NA,634,329,305,NA,639,314,325,NA
"BALOCHISTAN","NASIRABAD","JAFFARABAD","JHAT PAT","SUB-DIVISION","SARAIKI",34493,17133,17360,NA,25293,12576,12717,NA,9200,4557,4643,NA
"BALOCHISTAN","NASIRABAD","JAFFARABAD","JHAT PAT","SUB-DIVISION","SHINA",58,28,30,NA,5,2,3,NA,53,26,27,NA
"BALOCHISTAN","NASIRABAD","JAFFARABAD","JHAT PAT","SUB-DIVISION","SINDHI",44211,21730,22480,1,18072,9043,9029,NA,26139,12687,13451,1
"BALOCHISTAN","NASIRABAD","JAFFARABAD","JHAT PAT","SUB-DIVISION","TOTAL",302498,148084,154409,5,203737,100069,103665,3,98761,48015,50744,2
"BALOCHISTAN","NASIRABAD","JAFFARABAD","JHAT PAT","SUB-DIVISION","URDU",612,317,294,1,165,69,95,1,447,248,199,NA
"BALOCHISTAN","MEKRAN","GWADAR","JIWANI","TEHSIL","BALOCHI",34743,16423,18314,6,9601,5040,4559,2,25142,11383,13755,4
"BALOCHISTAN","MEKRAN","GWADAR","JIWANI","TEHSIL","BALTI",NA,NA,NA,NA,NA,NA,NA,NA,NA,NA,NA,NA
"BALOCHISTAN","MEKRAN","GWADAR","JIWANI","TEHSIL","BRAHVI",21,4,17,NA,14,2,12,NA,7,2,5,NA
"BALOCHISTAN","MEKRAN","GWADAR","JIWANI","TEHSIL","HINDKO",NA,NA,NA,NA,NA,NA,NA,NA,NA,NA,NA,NA
"BALOCHISTAN","MEKRAN","GWADAR","JIWANI","TEHSIL","KALASHA",NA,NA,NA,NA,NA,NA,NA,NA,NA,NA,NA,NA
"BALOCHISTAN","MEKRAN","GWADAR","JIWANI","TEHSIL","KASHMIRI",31,18,13,NA,21,16,5,NA,10,2,8,NA
"BALOCHISTAN","MEKRAN","GWADAR","JIWANI","TEHSIL","KOHIOSTANI",NA,NA,NA,NA,NA,NA,NA,NA,NA,NA,NA,NA
"BALOCHISTAN","MEKRAN","GWADAR","JIWANI","TEHSIL","MEWATI",NA,NA,NA,NA,NA,NA,NA,NA,NA,NA,NA,NA
"BALOCHISTAN","MEKRAN","GWADAR","JIWANI","TEHSIL","OTHERS",51,4,47,NA,NA,NA,NA,NA,51,4,47,NA
"BALOCHISTAN","MEKRAN","GWADAR","JIWANI","TEHSIL","PUNJABI",3,2,1,NA,1,1,NA,NA,2,1,1,NA
"BALOCHISTAN","MEKRAN","GWADAR","JIWANI","TEHSIL","PUSHTO",43,12,31,NA,3,NA,3,NA,40,12,28,NA
"BALOCHISTAN","MEKRAN","GWADAR","JIWANI","TEHSIL","SARAIKI",1,NA,1,NA,NA,NA,NA,NA,1,NA,1,NA
"BALOCHISTAN","MEKRAN","GWADAR","JIWANI","TEHSIL","SHINA",NA,NA,NA,NA,NA,NA,NA,NA,NA,NA,NA,NA
"BALOCHISTAN","MEKRAN","GWADAR","JIWANI","TEHSIL","SINDHI",74,2,72,NA,9,NA,9,NA,65,2,63,NA
"BALOCHISTAN","MEKRAN","GWADAR","JIWANI","TEHSIL","TOTAL",35004,16487,18511,6,9672,5077,4593,2,25332,11410,13918,4
"BALOCHISTAN","MEKRAN","GWADAR","JIWANI","TEHSIL","URDU",37,22,15,NA,23,18,5,NA,14,4,10,NA
"BALOCHISTAN","KALAT","KALAT","JOHAN","SUB-TEHSIL","BALOCHI",4653,2232,2421,NA,4653,2232,2421,NA,NA,NA,NA,NA
"BALOCHISTAN","KALAT","KALAT","JOHAN","SUB-TEHSIL","BALTI",NA,NA,NA,NA,NA,NA,NA,NA,NA,NA,NA,NA
"BALOCHISTAN","KALAT","KALAT","JOHAN","SUB-TEHSIL","BRAHVI",11037,5468,5569,NA,11037,5468,5569,NA,NA,NA,NA,NA
"BALOCHISTAN","KALAT","KALAT","JOHAN","SUB-TEHSIL","HINDKO",11,4,7,NA,11,4,7,NA,NA,NA,NA,NA
"BALOCHISTAN","KALAT","KALAT","JOHAN","SUB-TEHSIL","KALASHA",NA,NA,NA,NA,NA,NA,NA,NA,NA,NA,NA,NA
"BALOCHISTAN","KALAT","KALAT","JOHAN","SUB-TEHSIL","KASHMIRI",2,2,NA,NA,2,2,NA,NA,NA,NA,NA,NA
"BALOCHISTAN","KALAT","KALAT","JOHAN","SUB-TEHSIL","KOHIOSTANI",NA,NA,NA,NA,NA,NA,NA,NA,NA,NA,NA,NA
"BALOCHISTAN","KALAT","KALAT","JOHAN","SUB-TEHSIL","MEWATI",NA,NA,NA,NA,NA,NA,NA,NA,NA,NA,NA,NA
"BALOCHISTAN","KALAT","KALAT","JOHAN","SUB-TEHSIL","OTHERS",NA,NA,NA,NA,NA,NA,NA,NA,NA,NA,NA,NA
"BALOCHISTAN","KALAT","KALAT","JOHAN","SUB-TEHSIL","PUNJABI",NA,NA,NA,NA,NA,NA,NA,NA,NA,NA,NA,NA
"BALOCHISTAN","KALAT","KALAT","JOHAN","SUB-TEHSIL","PUSHTO",11,5,6,NA,11,5,6,NA,NA,NA,NA,NA
"BALOCHISTAN","KALAT","KALAT","JOHAN","SUB-TEHSIL","SARAIKI",NA,NA,NA,NA,NA,NA,NA,NA,NA,NA,NA,NA
"BALOCHISTAN","KALAT","KALAT","JOHAN","SUB-TEHSIL","SHINA",1,1,NA,NA,1,1,NA,NA,NA,NA,NA,NA
"BALOCHISTAN","KALAT","KALAT","JOHAN","SUB-TEHSIL","SINDHI",NA,NA,NA,NA,NA,NA,NA,NA,NA,NA,NA,NA
"BALOCHISTAN","KALAT","KALAT","JOHAN","SUB-TEHSIL","TOTAL",15731,7721,8010,NA,15731,7721,8010,NA,NA,NA,NA,NA
"BALOCHISTAN","KALAT","KALAT","JOHAN","SUB-TEHSIL","URDU",16,9,7,NA,16,9,7,NA,NA,NA,NA,NA
"BALOCHISTAN","SIBI","KOHLU","KAHAN","SUB-DIVISION","BALOCHI",107412,48365,59036,11,107412,48365,59036,11,NA,NA,NA,NA
"BALOCHISTAN","SIBI","KOHLU","KAHAN","SUB-DIVISION","BALTI",NA,NA,NA,NA,NA,NA,NA,NA,NA,NA,NA,NA
"BALOCHISTAN","SIBI","KOHLU","KAHAN","SUB-DIVISION","BRAHVI",2,1,1,NA,2,1,1,NA,NA,NA,NA,NA
"BALOCHISTAN","SIBI","KOHLU","KAHAN","SUB-DIVISION","HINDKO",1,NA,1,NA,1,NA,1,NA,NA,NA,NA,NA
"BALOCHISTAN","SIBI","KOHLU","KAHAN","SUB-DIVISION","KALASHA",NA,NA,NA,NA,NA,NA,NA,NA,NA,NA,NA,NA
"BALOCHISTAN","SIBI","KOHLU","KAHAN","SUB-DIVISION","KASHMIRI",94,52,42,NA,94,52,42,NA,NA,NA,NA,NA
"BALOCHISTAN","SIBI","KOHLU","KAHAN","SUB-DIVISION","KOHIOSTANI",NA,NA,NA,NA,NA,NA,NA,NA,NA,NA,NA,NA
"BALOCHISTAN","SIBI","KOHLU","KAHAN","SUB-DIVISION","MEWATI",NA,NA,NA,NA,NA,NA,NA,NA,NA,NA,NA,NA
"BALOCHISTAN","SIBI","KOHLU","KAHAN","SUB-DIVISION","OTHERS",10,2,8,NA,10,2,8,NA,NA,NA,NA,NA
"BALOCHISTAN","SIBI","KOHLU","KAHAN","SUB-DIVISION","PUNJABI",21,8,13,NA,21,8,13,NA,NA,NA,NA,NA
"BALOCHISTAN","SIBI","KOHLU","KAHAN","SUB-DIVISION","PUSHTO",33,17,16,NA,33,17,16,NA,NA,NA,NA,NA
"BALOCHISTAN","SIBI","KOHLU","KAHAN","SUB-DIVISION","SARAIKI",7,4,3,NA,7,4,3,NA,NA,NA,NA,NA
"BALOCHISTAN","SIBI","KOHLU","KAHAN","SUB-DIVISION","SHINA",1,NA,1,NA,1,NA,1,NA,NA,NA,NA,NA
"BALOCHISTAN","SIBI","KOHLU","KAHAN","SUB-DIVISION","SINDHI",18,9,9,NA,18,9,9,NA,NA,NA,NA,NA
"BALOCHISTAN","SIBI","KOHLU","KAHAN","SUB-DIVISION","TOTAL",107840,48558,59269,13,107840,48558,59269,13,NA,NA,NA,NA
"BALOCHISTAN","SIBI","KOHLU","KAHAN","SUB-DIVISION","URDU",241,100,139,2,241,100,139,2,NA,NA,NA,NA
"BALOCHISTAN","ZHOB","ZHOB","KAKAR KHURASAN","SUB-DIVISION","BALOCHI",2,NA,2,NA,2,NA,2,NA,NA,NA,NA,NA
"BALOCHISTAN","ZHOB","ZHOB","KAKAR KHURASAN","SUB-DIVISION","BALTI",NA,NA,NA,NA,NA,NA,NA,NA,NA,NA,NA,NA
"BALOCHISTAN","ZHOB","ZHOB","KAKAR KHURASAN","SUB-DIVISION","BRAHVI",NA,NA,NA,NA,NA,NA,NA,NA,NA,NA,NA,NA
"BALOCHISTAN","ZHOB","ZHOB","KAKAR KHURASAN","SUB-DIVISION","HINDKO",NA,NA,NA,NA,NA,NA,NA,NA,NA,NA,NA,NA
"BALOCHISTAN","ZHOB","ZHOB","KAKAR KHURASAN","SUB-DIVISION","KALASHA",NA,NA,NA,NA,NA,NA,NA,NA,NA,NA,NA,NA
"BALOCHISTAN","ZHOB","ZHOB","KAKAR KHURASAN","SUB-DIVISION","KASHMIRI",NA,NA,NA,NA,NA,NA,NA,NA,NA,NA,NA,NA
"BALOCHISTAN","ZHOB","ZHOB","KAKAR KHURASAN","SUB-DIVISION","KOHIOSTANI",NA,NA,NA,NA,NA,NA,NA,NA,NA,NA,NA,NA
"BALOCHISTAN","ZHOB","ZHOB","KAKAR KHURASAN","SUB-DIVISION","MEWATI",NA,NA,NA,NA,NA,NA,NA,NA,NA,NA,NA,NA
"BALOCHISTAN","ZHOB","ZHOB","KAKAR KHURASAN","SUB-DIVISION","OTHERS",22,9,13,NA,22,9,13,NA,NA,NA,NA,NA
"BALOCHISTAN","ZHOB","ZHOB","KAKAR KHURASAN","SUB-DIVISION","PUNJABI",2,2,NA,NA,2,2,NA,NA,NA,NA,NA,NA
"BALOCHISTAN","ZHOB","ZHOB","KAKAR KHURASAN","SUB-DIVISION","PUSHTO",14928,7145,7783,NA,14928,7145,7783,NA,NA,NA,NA,NA
"BALOCHISTAN","ZHOB","ZHOB","KAKAR KHURASAN","SUB-DIVISION","SARAIKI",NA,NA,NA,NA,NA,NA,NA,NA,NA,NA,NA,NA
"BALOCHISTAN","ZHOB","ZHOB","KAKAR KHURASAN","SUB-DIVISION","SHINA",NA,NA,NA,NA,NA,NA,NA,NA,NA,NA,NA,NA
"BALOCHISTAN","ZHOB","ZHOB","KAKAR KHURASAN","SUB-DIVISION","SINDHI",NA,NA,NA,NA,NA,NA,NA,NA,NA,NA,NA,NA
"BALOCHISTAN","ZHOB","ZHOB","KAKAR KHURASAN","SUB-DIVISION","TOTAL",14957,7158,7799,NA,14957,7158,7799,NA,NA,NA,NA,NA
"BALOCHISTAN","ZHOB","ZHOB","KAKAR KHURASAN","SUB-DIVISION","URDU",3,2,1,NA,3,2,1,NA,NA,NA,NA,NA
"BALOCHISTAN","KALAT","KALAT","KALAT","SUB-DIVISION","BALOCHI",10896,5562,5334,NA,5159,2544,2615,NA,5737,3018,2719,NA
"BALOCHISTAN","KALAT","KALAT","KALAT","SUB-DIVISION","BALTI",NA,NA,NA,NA,NA,NA,NA,NA,NA,NA,NA,NA
"BALOCHISTAN","KALAT","KALAT","KALAT","SUB-DIVISION","BRAHVI",154741,75464,79275,2,117420,57689,59729,2,37321,17775,19546,NA
"BALOCHISTAN","KALAT","KALAT","KALAT","SUB-DIVISION","HINDKO",50,22,28,NA,35,12,23,NA,15,10,5,NA
"BALOCHISTAN","KALAT","KALAT","KALAT","SUB-DIVISION","KALASHA",3,1,2,NA,1,NA,1,NA,2,1,1,NA
"BALOCHISTAN","KALAT","KALAT","KALAT","SUB-DIVISION","KASHMIRI",6,5,1,NA,3,2,1,NA,3,3,NA,NA
"BALOCHISTAN","KALAT","KALAT","KALAT","SUB-DIVISION","KOHIOSTANI",NA,NA,NA,NA,NA,NA,NA,NA,NA,NA,NA,NA
"BALOCHISTAN","KALAT","KALAT","KALAT","SUB-DIVISION","MEWATI",1,NA,1,NA,1,NA,1,NA,NA,NA,NA,NA
"BALOCHISTAN","KALAT","KALAT","KALAT","SUB-DIVISION","OTHERS",163,53,109,1,41,11,30,NA,122,42,79,1
"BALOCHISTAN","KALAT","KALAT","KALAT","SUB-DIVISION","PUNJABI",37,12,25,NA,26,10,16,NA,11,2,9,NA
"BALOCHISTAN","KALAT","KALAT","KALAT","SUB-DIVISION","PUSHTO",332,147,185,NA,136,58,78,NA,196,89,107,NA
"BALOCHISTAN","KALAT","KALAT","KALAT","SUB-DIVISION","SARAIKI",13,5,8,NA,7,3,4,NA,6,2,4,NA
"BALOCHISTAN","KALAT","KALAT","KALAT","SUB-DIVISION","SHINA",64,36,28,NA,50,29,21,NA,14,7,7,NA
"BALOCHISTAN","KALAT","KALAT","KALAT","SUB-DIVISION","SINDHI",903,472,431,NA,11,8,3,NA,892,464,428,NA
"BALOCHISTAN","KALAT","KALAT","KALAT","SUB-DIVISION","TOTAL",167405,81876,85526,3,122965,60402,62561,2,44440,21474,22965,1
"BALOCHISTAN","KALAT","KALAT","KALAT","SUB-DIVISION","URDU",196,97,99,NA,75,36,39,NA,121,61,60,NA
NA,NA,"PANJGUR","KALLAG","SUB-TEHSIL","BALOCHI",21024,8836,12187,1,21024,8836,12187,1,NA,NA,NA,NA
NA,NA,"PANJGUR","KALLAG","SUB-TEHSIL","BALTI",NA,NA,NA,NA,NA,NA,NA,NA,NA,NA,NA,NA
NA,NA,"PANJGUR","KALLAG","SUB-TEHSIL","BRAHVI",1,1,NA,NA,1,1,NA,NA,NA,NA,NA,NA
NA,NA,"PANJGUR","KALLAG","SUB-TEHSIL","HINDKO",NA,NA,NA,NA,NA,NA,NA,NA,NA,NA,NA,NA
NA,NA,"PANJGUR","KALLAG","SUB-TEHSIL","KALASHA",NA,NA,NA,NA,NA,NA,NA,NA,NA,NA,NA,NA
NA,NA,"PANJGUR","KALLAG","SUB-TEHSIL","KASHMIRI",20,6,14,NA,20,6,14,NA,NA,NA,NA,NA
NA,NA,"PANJGUR","KALLAG","SUB-TEHSIL","KOHIOSTANI",NA,NA,NA,NA,NA,NA,NA,NA,NA,NA,NA,NA
NA,NA,"PANJGUR","KALLAG","SUB-TEHSIL","MEWATI",NA,NA,NA,NA,NA,NA,NA,NA,NA,NA,NA,NA
NA,NA,"PANJGUR","KALLAG","SUB-TEHSIL","OTHERS",9,3,6,NA,9,3,6,NA,NA,NA,NA,NA
NA,NA,"PANJGUR","KALLAG","SUB-TEHSIL","PUNJABI",5,1,4,NA,5,1,4,NA,NA,NA,NA,NA
NA,NA,"PANJGUR","KALLAG","SUB-TEHSIL","PUSHTO",1,NA,1,NA,1,NA,1,NA,NA,NA,NA,NA
NA,NA,"PANJGUR","KALLAG","SUB-TEHSIL","SARAIKI",NA,NA,NA,NA,NA,NA,NA,NA,NA,NA,NA,NA
NA,NA,"PANJGUR","KALLAG","SUB-TEHSIL","SHINA",NA,NA,NA,NA,NA,NA,NA,NA,NA,NA,NA,NA
NA,NA,"PANJGUR","KALLAG","SUB-TEHSIL","SINDHI",1,NA,1,NA,1,NA,1,NA,NA,NA,NA,NA
NA,NA,"PANJGUR","KALLAG","SUB-TEHSIL","TOTAL",21095,8862,12232,1,21095,8862,12232,1,NA,NA,NA,NA
NA,NA,"PANJGUR","KALLAG","SUB-TEHSIL","URDU",34,15,19,NA,34,15,19,NA,NA,NA,NA,NA
"BALOCHISTAN","ZHOB","KILLA SAIFULLAH","KAN MEHTARZAI","SUB-TEHSIL","BALOCHI",25,13,12,NA,25,13,12,NA,NA,NA,NA,NA
"BALOCHISTAN","ZHOB","KILLA SAIFULLAH","KAN MEHTARZAI","SUB-TEHSIL","BALTI",NA,NA,NA,NA,NA,NA,NA,NA,NA,NA,NA,NA
"BALOCHISTAN","ZHOB","KILLA SAIFULLAH","KAN MEHTARZAI","SUB-TEHSIL","BRAHVI",NA,NA,NA,NA,NA,NA,NA,NA,NA,NA,NA,NA
"BALOCHISTAN","ZHOB","KILLA SAIFULLAH","KAN MEHTARZAI","SUB-TEHSIL","HINDKO",NA,NA,NA,NA,NA,NA,NA,NA,NA,NA,NA,NA
"BALOCHISTAN","ZHOB","KILLA SAIFULLAH","KAN MEHTARZAI","SUB-TEHSIL","KALASHA",NA,NA,NA,NA,NA,NA,NA,NA,NA,NA,NA,NA
"BALOCHISTAN","ZHOB","KILLA SAIFULLAH","KAN MEHTARZAI","SUB-TEHSIL","KASHMIRI",4,NA,4,NA,4,NA,4,NA,NA,NA,NA,NA
"BALOCHISTAN","ZHOB","KILLA SAIFULLAH","KAN MEHTARZAI","SUB-TEHSIL","KOHIOSTANI",NA,NA,NA,NA,NA,NA,NA,NA,NA,NA,NA,NA
"BALOCHISTAN","ZHOB","KILLA SAIFULLAH","KAN MEHTARZAI","SUB-TEHSIL","MEWATI",NA,NA,NA,NA,NA,NA,NA,NA,NA,NA,NA,NA
"BALOCHISTAN","ZHOB","KILLA SAIFULLAH","KAN MEHTARZAI","SUB-TEHSIL","OTHERS",2,2,NA,NA,2,2,NA,NA,NA,NA,NA,NA
"BALOCHISTAN","ZHOB","KILLA SAIFULLAH","KAN MEHTARZAI","SUB-TEHSIL","PUNJABI",1,1,NA,NA,1,1,NA,NA,NA,NA,NA,NA
"BALOCHISTAN","ZHOB","KILLA SAIFULLAH","KAN MEHTARZAI","SUB-TEHSIL","PUSHTO",34255,16867,17387,1,34255,16867,17387,1,NA,NA,NA,NA
"BALOCHISTAN","ZHOB","KILLA SAIFULLAH","KAN MEHTARZAI","SUB-TEHSIL","SARAIKI",NA,NA,NA,NA,NA,NA,NA,NA,NA,NA,NA,NA
"BALOCHISTAN","ZHOB","KILLA SAIFULLAH","KAN MEHTARZAI","SUB-TEHSIL","SHINA",NA,NA,NA,NA,NA,NA,NA,NA,NA,NA,NA,NA
"BALOCHISTAN","ZHOB","KILLA SAIFULLAH","KAN MEHTARZAI","SUB-TEHSIL","SINDHI",NA,NA,NA,NA,NA,NA,NA,NA,NA,NA,NA,NA
"BALOCHISTAN","ZHOB","KILLA SAIFULLAH","KAN MEHTARZAI","SUB-TEHSIL","TOTAL",34298,16888,17409,1,34298,16888,17409,1,NA,NA,NA,NA
"BALOCHISTAN","ZHOB","KILLA SAIFULLAH","KAN MEHTARZAI","SUB-TEHSIL","URDU",11,5,6,NA,11,5,6,NA,NA,NA,NA,NA
"BALOCHISTAN","KALAT","LASBELA","KANRAJ","SUB-DIVISION","BALOCHI",4055,2001,2054,NA,4055,2001,2054,NA,NA,NA,NA,NA
"BALOCHISTAN","KALAT","LASBELA","KANRAJ","SUB-DIVISION","BALTI",NA,NA,NA,NA,NA,NA,NA,NA,NA,NA,NA,NA
"BALOCHISTAN","KALAT","LASBELA","KANRAJ","SUB-DIVISION","BRAHVI",7235,3492,3742,1,7235,3492,3742,1,NA,NA,NA,NA
"BALOCHISTAN","KALAT","LASBELA","KANRAJ","SUB-DIVISION","HINDKO",1,1,NA,NA,1,1,NA,NA,NA,NA,NA,NA
"BALOCHISTAN","KALAT","LASBELA","KANRAJ","SUB-DIVISION","KALASHA",NA,NA,NA,NA,NA,NA,NA,NA,NA,NA,NA,NA
"BALOCHISTAN","KALAT","LASBELA","KANRAJ","SUB-DIVISION","KASHMIRI",NA,NA,NA,NA,NA,NA,NA,NA,NA,NA,NA,NA
"BALOCHISTAN","KALAT","LASBELA","KANRAJ","SUB-DIVISION","KOHIOSTANI",NA,NA,NA,NA,NA,NA,NA,NA,NA,NA,NA,NA
"BALOCHISTAN","KALAT","LASBELA","KANRAJ","SUB-DIVISION","MEWATI",NA,NA,NA,NA,NA,NA,NA,NA,NA,NA,NA,NA
"BALOCHISTAN","KALAT","LASBELA","KANRAJ","SUB-DIVISION","OTHERS",2,1,1,NA,2,1,1,NA,NA,NA,NA,NA
"BALOCHISTAN","KALAT","LASBELA","KANRAJ","SUB-DIVISION","PUNJABI",NA,NA,NA,NA,NA,NA,NA,NA,NA,NA,NA,NA
"BALOCHISTAN","KALAT","LASBELA","KANRAJ","SUB-DIVISION","PUSHTO",3,2,1,NA,3,2,1,NA,NA,NA,NA,NA
"BALOCHISTAN","KALAT","LASBELA","KANRAJ","SUB-DIVISION","SARAIKI",NA,NA,NA,NA,NA,NA,NA,NA,NA,NA,NA,NA
"BALOCHISTAN","KALAT","LASBELA","KANRAJ","SUB-DIVISION","SHINA",NA,NA,NA,NA,NA,NA,NA,NA,NA,NA,NA,NA
"BALOCHISTAN","KALAT","LASBELA","KANRAJ","SUB-DIVISION","SINDHI",4690,2303,2387,NA,4690,2303,2387,NA,NA,NA,NA,NA
"BALOCHISTAN","KALAT","LASBELA","KANRAJ","SUB-DIVISION","TOTAL",15996,7807,8188,1,15996,7807,8188,1,NA,NA,NA,NA
"BALOCHISTAN","KALAT","LASBELA","KANRAJ","SUB-DIVISION","URDU",10,7,3,NA,10,7,3,NA,NA,NA,NA,NA
"BALOCHISTAN","KALAT","KHUZDAR","KARAKH","SUB-DIVISION","BALOCHI",4255,2106,2149,NA,4255,2106,2149,NA,NA,NA,NA,NA
"BALOCHISTAN","KALAT","KHUZDAR","KARAKH","SUB-DIVISION","BALTI",NA,NA,NA,NA,NA,NA,NA,NA,NA,NA,NA,NA
"BALOCHISTAN","KALAT","KHUZDAR","KARAKH","SUB-DIVISION","BRAHVI",24489,11669,12820,NA,24489,11669,12820,NA,NA,NA,NA,NA
"BALOCHISTAN","KALAT","KHUZDAR","KARAKH","SUB-DIVISION","HINDKO",15,7,8,NA,15,7,8,NA,NA,NA,NA,NA
"BALOCHISTAN","KALAT","KHUZDAR","KARAKH","SUB-DIVISION","KALASHA",NA,NA,NA,NA,NA,NA,NA,NA,NA,NA,NA,NA
"BALOCHISTAN","KALAT","KHUZDAR","KARAKH","SUB-DIVISION","KASHMIRI",9,6,3,NA,9,6,3,NA,NA,NA,NA,NA
"BALOCHISTAN","KALAT","KHUZDAR","KARAKH","SUB-DIVISION","KOHIOSTANI",NA,NA,NA,NA,NA,NA,NA,NA,NA,NA,NA,NA
"BALOCHISTAN","KALAT","KHUZDAR","KARAKH","SUB-DIVISION","MEWATI",NA,NA,NA,NA,NA,NA,NA,NA,NA,NA,NA,NA
"BALOCHISTAN","KALAT","KHUZDAR","KARAKH","SUB-DIVISION","OTHERS",1,1,NA,NA,1,1,NA,NA,NA,NA,NA,NA
"BALOCHISTAN","KALAT","KHUZDAR","KARAKH","SUB-DIVISION","PUNJABI",27,13,14,NA,27,13,14,NA,NA,NA,NA,NA
"BALOCHISTAN","KALAT","KHUZDAR","KARAKH","SUB-DIVISION","PUSHTO",13,8,5,NA,13,8,5,NA,NA,NA,NA,NA
"BALOCHISTAN","KALAT","KHUZDAR","KARAKH","SUB-DIVISION","SARAIKI",27,12,15,NA,27,12,15,NA,NA,NA,NA,NA
"BALOCHISTAN","KALAT","KHUZDAR","KARAKH","SUB-DIVISION","SHINA",6,3,3,NA,6,3,3,NA,NA,NA,NA,NA
"BALOCHISTAN","KALAT","KHUZDAR","KARAKH","SUB-DIVISION","SINDHI",7070,3214,3856,NA,7070,3214,3856,NA,NA,NA,NA,NA
"BALOCHISTAN","KALAT","KHUZDAR","KARAKH","SUB-DIVISION","TOTAL",35990,17076,18914,NA,35990,17076,18914,NA,NA,NA,NA,NA
"BALOCHISTAN","KALAT","KHUZDAR","KARAKH","SUB-DIVISION","URDU",78,37,41,NA,78,37,41,NA,NA,NA,NA,NA
"BALOCHISTAN","QUETTA","PISHIN","KAREZAT","SUB-DIVISION","BALOCHI",46,26,20,NA,18,12,6,NA,28,14,14,NA
"BALOCHISTAN","QUETTA","PISHIN","KAREZAT","SUB-DIVISION","BALTI",NA,NA,NA,NA,NA,NA,NA,NA,NA,NA,NA,NA
"BALOCHISTAN","QUETTA","PISHIN","KAREZAT","SUB-DIVISION","BRAHVI",NA,NA,NA,NA,NA,NA,NA,NA,NA,NA,NA,NA
"BALOCHISTAN","QUETTA","PISHIN","KAREZAT","SUB-DIVISION","HINDKO",8,6,2,NA,NA,NA,NA,NA,8,6,2,NA
"BALOCHISTAN","QUETTA","PISHIN","KAREZAT","SUB-DIVISION","KALASHA",NA,NA,NA,NA,NA,NA,NA,NA,NA,NA,NA,NA
"BALOCHISTAN","QUETTA","PISHIN","KAREZAT","SUB-DIVISION","KASHMIRI",1,1,NA,NA,NA,NA,NA,NA,1,1,NA,NA
"BALOCHISTAN","QUETTA","PISHIN","KAREZAT","SUB-DIVISION","KOHIOSTANI",NA,NA,NA,NA,NA,NA,NA,NA,NA,NA,NA,NA
"BALOCHISTAN","QUETTA","PISHIN","KAREZAT","SUB-DIVISION","MEWATI",NA,NA,NA,NA,NA,NA,NA,NA,NA,NA,NA,NA
"BALOCHISTAN","QUETTA","PISHIN","KAREZAT","SUB-DIVISION","OTHERS",142,62,80,NA,108,46,62,NA,34,16,18,NA
"BALOCHISTAN","QUETTA","PISHIN","KAREZAT","SUB-DIVISION","PUNJABI",5,3,2,NA,NA,NA,NA,NA,5,3,2,NA
"BALOCHISTAN","QUETTA","PISHIN","KAREZAT","SUB-DIVISION","PUSHTO",59534,29354,30179,1,12946,6316,6630,NA,46588,23038,23549,1
"BALOCHISTAN","QUETTA","PISHIN","KAREZAT","SUB-DIVISION","SARAIKI",7,1,6,NA,NA,NA,NA,NA,7,1,6,NA
"BALOCHISTAN","QUETTA","PISHIN","KAREZAT","SUB-DIVISION","SHINA",NA,NA,NA,NA,NA,NA,NA,NA,NA,NA,NA,NA
"BALOCHISTAN","QUETTA","PISHIN","KAREZAT","SUB-DIVISION","SINDHI",4,2,2,NA,NA,NA,NA,NA,4,2,2,NA
"BALOCHISTAN","QUETTA","PISHIN","KAREZAT","SUB-DIVISION","TOTAL",59756,29459,30296,1,13074,6375,6699,NA,46682,23084,23597,1
"BALOCHISTAN","QUETTA","PISHIN","KAREZAT","SUB-DIVISION","URDU",9,4,5,NA,2,1,1,NA,7,3,4,NA
"BALOCHISTAN","ZHOB","ZHOB","KASHATOO","SUB-TEHSIL","BALOCHI",3,1,2,NA,3,1,2,NA,NA,NA,NA,NA
"BALOCHISTAN","ZHOB","ZHOB","KASHATOO","SUB-TEHSIL","BALTI",NA,NA,NA,NA,NA,NA,NA,NA,NA,NA,NA,NA
"BALOCHISTAN","ZHOB","ZHOB","KASHATOO","SUB-TEHSIL","BRAHVI",NA,NA,NA,NA,NA,NA,NA,NA,NA,NA,NA,NA
"BALOCHISTAN","ZHOB","ZHOB","KASHATOO","SUB-TEHSIL","HINDKO",NA,NA,NA,NA,NA,NA,NA,NA,NA,NA,NA,NA
"BALOCHISTAN","ZHOB","ZHOB","KASHATOO","SUB-TEHSIL","KALASHA",NA,NA,NA,NA,NA,NA,NA,NA,NA,NA,NA,NA
"BALOCHISTAN","ZHOB","ZHOB","KASHATOO","SUB-TEHSIL","KASHMIRI",NA,NA,NA,NA,NA,NA,NA,NA,NA,NA,NA,NA
"BALOCHISTAN","ZHOB","ZHOB","KASHATOO","SUB-TEHSIL","KOHIOSTANI",NA,NA,NA,NA,NA,NA,NA,NA,NA,NA,NA,NA
"BALOCHISTAN","ZHOB","ZHOB","KASHATOO","SUB-TEHSIL","MEWATI",NA,NA,NA,NA,NA,NA,NA,NA,NA,NA,NA,NA
"BALOCHISTAN","ZHOB","ZHOB","KASHATOO","SUB-TEHSIL","OTHERS",NA,NA,NA,NA,NA,NA,NA,NA,NA,NA,NA,NA
"BALOCHISTAN","ZHOB","ZHOB","KASHATOO","SUB-TEHSIL","PUNJABI",1,1,NA,NA,1,1,NA,NA,NA,NA,NA,NA
"BALOCHISTAN","ZHOB","ZHOB","KASHATOO","SUB-TEHSIL","PUSHTO",5805,2870,2935,NA,5805,2870,2935,NA,NA,NA,NA,NA
"BALOCHISTAN","ZHOB","ZHOB","KASHATOO","SUB-TEHSIL","SARAIKI",NA,NA,NA,NA,NA,NA,NA,NA,NA,NA,NA,NA
"BALOCHISTAN","ZHOB","ZHOB","KASHATOO","SUB-TEHSIL","SHINA",NA,NA,NA,NA,NA,NA,NA,NA,NA,NA,NA,NA
"BALOCHISTAN","ZHOB","ZHOB","KASHATOO","SUB-TEHSIL","SINDHI",1,1,NA,NA,1,1,NA,NA,NA,NA,NA,NA
"BALOCHISTAN","ZHOB","ZHOB","KASHATOO","SUB-TEHSIL","TOTAL",5810,2873,2937,NA,5810,2873,2937,NA,NA,NA,NA,NA
"BALOCHISTAN","ZHOB","ZHOB","KASHATOO","SUB-TEHSIL","URDU",NA,NA,NA,NA,NA,NA,NA,NA,NA,NA,NA,NA
"BALOCHISTAN","KALAT","MASTUNG","KHAD KOCHA","SUB-TEHSIL","BALOCHI",400,182,218,NA,400,182,218,NA,NA,NA,NA,NA
"BALOCHISTAN","KALAT","MASTUNG","KHAD KOCHA","SUB-TEHSIL","BALTI",NA,NA,NA,NA,NA,NA,NA,NA,NA,NA,NA,NA
"BALOCHISTAN","KALAT","MASTUNG","KHAD KOCHA","SUB-TEHSIL","BRAHVI",44195,20753,23441,1,44195,20753,23441,1,NA,NA,NA,NA
"BALOCHISTAN","KALAT","MASTUNG","KHAD KOCHA","SUB-TEHSIL","HINDKO",18,10,8,NA,18,10,8,NA,NA,NA,NA,NA
"BALOCHISTAN","KALAT","MASTUNG","KHAD KOCHA","SUB-TEHSIL","KALASHA",NA,NA,NA,NA,NA,NA,NA,NA,NA,NA,NA,NA
"BALOCHISTAN","KALAT","MASTUNG","KHAD KOCHA","SUB-TEHSIL","KASHMIRI",NA,NA,NA,NA,NA,NA,NA,NA,NA,NA,NA,NA
"BALOCHISTAN","KALAT","MASTUNG","KHAD KOCHA","SUB-TEHSIL","KOHIOSTANI",NA,NA,NA,NA,NA,NA,NA,NA,NA,NA,NA,NA
"BALOCHISTAN","KALAT","MASTUNG","KHAD KOCHA","SUB-TEHSIL","MEWATI",NA,NA,NA,NA,NA,NA,NA,NA,NA,NA,NA,NA
"BALOCHISTAN","KALAT","MASTUNG","KHAD KOCHA","SUB-TEHSIL","OTHERS",6,2,4,NA,6,2,4,NA,NA,NA,NA,NA
"BALOCHISTAN","KALAT","MASTUNG","KHAD KOCHA","SUB-TEHSIL","PUNJABI",NA,NA,NA,NA,NA,NA,NA,NA,NA,NA,NA,NA
"BALOCHISTAN","KALAT","MASTUNG","KHAD KOCHA","SUB-TEHSIL","PUSHTO",1564,704,860,NA,1564,704,860,NA,NA,NA,NA,NA
"BALOCHISTAN","KALAT","MASTUNG","KHAD KOCHA","SUB-TEHSIL","SARAIKI",1,1,NA,NA,1,1,NA,NA,NA,NA,NA,NA
"BALOCHISTAN","KALAT","MASTUNG","KHAD KOCHA","SUB-TEHSIL","SHINA",4,4,NA,NA,4,4,NA,NA,NA,NA,NA,NA
"BALOCHISTAN","KALAT","MASTUNG","KHAD KOCHA","SUB-TEHSIL","SINDHI",76,36,40,NA,76,36,40,NA,NA,NA,NA,NA
"BALOCHISTAN","KALAT","MASTUNG","KHAD KOCHA","SUB-TEHSIL","TOTAL",46279,21700,24578,1,46279,21700,24578,1,NA,NA,NA,NA
"BALOCHISTAN","KALAT","MASTUNG","KHAD KOCHA","SUB-TEHSIL","URDU",15,8,7,NA,15,8,7,NA,NA,NA,NA,NA
"BALOCHISTAN","RAKHSHAN","KHARAN","KHARAN","SUB-DIVISION","BALOCHI",91985,41645,50334,6,11610,5402,6208,NA,80375,36243,44126,6
"BALOCHISTAN","RAKHSHAN","KHARAN","KHARAN","SUB-DIVISION","BALTI",NA,NA,NA,NA,NA,NA,NA,NA,NA,NA,NA,NA
"BALOCHISTAN","RAKHSHAN","KHARAN","KHARAN","SUB-DIVISION","BRAHVI",11726,5567,6159,NA,11603,5509,6094,NA,123,58,65,NA
"BALOCHISTAN","RAKHSHAN","KHARAN","KHARAN","SUB-DIVISION","HINDKO",6,5,1,NA,5,4,1,NA,1,1,NA,NA
"BALOCHISTAN","RAKHSHAN","KHARAN","KHARAN","SUB-DIVISION","KALASHA",NA,NA,NA,NA,NA,NA,NA,NA,NA,NA,NA,NA
"BALOCHISTAN","RAKHSHAN","KHARAN","KHARAN","SUB-DIVISION","KASHMIRI",44,25,19,NA,7,5,2,NA,37,20,17,NA
"BALOCHISTAN","RAKHSHAN","KHARAN","KHARAN","SUB-DIVISION","KOHIOSTANI",NA,NA,NA,NA,NA,NA,NA,NA,NA,NA,NA,NA
"BALOCHISTAN","RAKHSHAN","KHARAN","KHARAN","SUB-DIVISION","MEWATI",NA,NA,NA,NA,NA,NA,NA,NA,NA,NA,NA,NA
"BALOCHISTAN","RAKHSHAN","KHARAN","KHARAN","SUB-DIVISION","OTHERS",6,4,2,NA,NA,NA,NA,NA,6,4,2,NA
"BALOCHISTAN","RAKHSHAN","KHARAN","KHARAN","SUB-DIVISION","PUNJABI",30,12,18,NA,NA,NA,NA,NA,30,12,18,NA
"BALOCHISTAN","RAKHSHAN","KHARAN","KHARAN","SUB-DIVISION","PUSHTO",140,62,78,NA,1,NA,1,NA,139,62,77,NA
"BALOCHISTAN","RAKHSHAN","KHARAN","KHARAN","SUB-DIVISION","SARAIKI",52,24,28,NA,NA,NA,NA,NA,52,24,28,NA
"BALOCHISTAN","RAKHSHAN","KHARAN","KHARAN","SUB-DIVISION","SHINA",NA,NA,NA,NA,NA,NA,NA,NA,NA,NA,NA,NA
"BALOCHISTAN","RAKHSHAN","KHARAN","KHARAN","SUB-DIVISION","SINDHI",11,7,4,NA,1,1,NA,NA,10,6,4,NA
"BALOCHISTAN","RAKHSHAN","KHARAN","KHARAN","SUB-DIVISION","TOTAL",104035,47370,56659,6,23229,10922,12307,NA,80806,36448,44352,6
"BALOCHISTAN","RAKHSHAN","KHARAN","KHARAN","SUB-DIVISION","URDU",35,19,16,NA,2,1,1,NA,33,18,15,NA
"BALOCHISTAN","NASIRABAD","KACHHI","KHATTAN","SUB-TEHSIL","BALOCHI",1311,639,672,NA,1311,639,672,NA,NA,NA,NA,NA
"BALOCHISTAN","NASIRABAD","KACHHI","KHATTAN","SUB-TEHSIL","BALTI",NA,NA,NA,NA,NA,NA,NA,NA,NA,NA,NA,NA
"BALOCHISTAN","NASIRABAD","KACHHI","KHATTAN","SUB-TEHSIL","BRAHVI",206,105,101,NA,206,105,101,NA,NA,NA,NA,NA
"BALOCHISTAN","NASIRABAD","KACHHI","KHATTAN","SUB-TEHSIL","HINDKO",NA,NA,NA,NA,NA,NA,NA,NA,NA,NA,NA,NA
"BALOCHISTAN","NASIRABAD","KACHHI","KHATTAN","SUB-TEHSIL","KALASHA",NA,NA,NA,NA,NA,NA,NA,NA,NA,NA,NA,NA
"BALOCHISTAN","NASIRABAD","KACHHI","KHATTAN","SUB-TEHSIL","KASHMIRI",1,1,NA,NA,1,1,NA,NA,NA,NA,NA,NA
"BALOCHISTAN","NASIRABAD","KACHHI","KHATTAN","SUB-TEHSIL","KOHIOSTANI",NA,NA,NA,NA,NA,NA,NA,NA,NA,NA,NA,NA
"BALOCHISTAN","NASIRABAD","KACHHI","KHATTAN","SUB-TEHSIL","MEWATI",NA,NA,NA,NA,NA,NA,NA,NA,NA,NA,NA,NA
"BALOCHISTAN","NASIRABAD","KACHHI","KHATTAN","SUB-TEHSIL","OTHERS",NA,NA,NA,NA,NA,NA,NA,NA,NA,NA,NA,NA
"BALOCHISTAN","NASIRABAD","KACHHI","KHATTAN","SUB-TEHSIL","PUNJABI",NA,NA,NA,NA,NA,NA,NA,NA,NA,NA,NA,NA
"BALOCHISTAN","NASIRABAD","KACHHI","KHATTAN","SUB-TEHSIL","PUSHTO",14,8,6,NA,14,8,6,NA,NA,NA,NA,NA
"BALOCHISTAN","NASIRABAD","KACHHI","KHATTAN","SUB-TEHSIL","SARAIKI",284,132,152,NA,284,132,152,NA,NA,NA,NA,NA
"BALOCHISTAN","NASIRABAD","KACHHI","KHATTAN","SUB-TEHSIL","SHINA",NA,NA,NA,NA,NA,NA,NA,NA,NA,NA,NA,NA
"BALOCHISTAN","NASIRABAD","KACHHI","KHATTAN","SUB-TEHSIL","SINDHI",21053,10203,10850,NA,21053,10203,10850,NA,NA,NA,NA,NA
"BALOCHISTAN","NASIRABAD","KACHHI","KHATTAN","SUB-TEHSIL","TOTAL",22900,11111,11789,NA,22900,11111,11789,NA,NA,NA,NA,NA
"BALOCHISTAN","NASIRABAD","KACHHI","KHATTAN","SUB-TEHSIL","URDU",31,23,8,NA,31,23,8,NA,NA,NA,NA,NA
"BALOCHISTAN","SIBI","HARNAI","KHOAST","SUB-DIVISION","BALOCHI",353,164,189,NA,353,164,189,NA,NA,NA,NA,NA
"BALOCHISTAN","SIBI","HARNAI","KHOAST","SUB-DIVISION","BALTI",NA,NA,NA,NA,NA,NA,NA,NA,NA,NA,NA,NA
"BALOCHISTAN","SIBI","HARNAI","KHOAST","SUB-DIVISION","BRAHVI",NA,NA,NA,NA,NA,NA,NA,NA,NA,NA,NA,NA
"BALOCHISTAN","SIBI","HARNAI","KHOAST","SUB-DIVISION","HINDKO",NA,NA,NA,NA,NA,NA,NA,NA,NA,NA,NA,NA
"BALOCHISTAN","SIBI","HARNAI","KHOAST","SUB-DIVISION","KALASHA",NA,NA,NA,NA,NA,NA,NA,NA,NA,NA,NA,NA
"BALOCHISTAN","SIBI","HARNAI","KHOAST","SUB-DIVISION","KASHMIRI",1,1,NA,NA,1,1,NA,NA,NA,NA,NA,NA
"BALOCHISTAN","SIBI","HARNAI","KHOAST","SUB-DIVISION","KOHIOSTANI",1,NA,1,NA,1,NA,1,NA,NA,NA,NA,NA
"BALOCHISTAN","SIBI","HARNAI","KHOAST","SUB-DIVISION","MEWATI",NA,NA,NA,NA,NA,NA,NA,NA,NA,NA,NA,NA
"BALOCHISTAN","SIBI","HARNAI","KHOAST","SUB-DIVISION","OTHERS",32,18,14,NA,32,18,14,NA,NA,NA,NA,NA
"BALOCHISTAN","SIBI","HARNAI","KHOAST","SUB-DIVISION","PUNJABI",NA,NA,NA,NA,NA,NA,NA,NA,NA,NA,NA,NA
"BALOCHISTAN","SIBI","HARNAI","KHOAST","SUB-DIVISION","PUSHTO",16168,7019,9149,NA,16168,7019,9149,NA,NA,NA,NA,NA
"BALOCHISTAN","SIBI","HARNAI","KHOAST","SUB-DIVISION","SARAIKI",1,1,NA,NA,1,1,NA,NA,NA,NA,NA,NA
"BALOCHISTAN","SIBI","HARNAI","KHOAST","SUB-DIVISION","SHINA",NA,NA,NA,NA,NA,NA,NA,NA,NA,NA,NA,NA
"BALOCHISTAN","SIBI","HARNAI","KHOAST","SUB-DIVISION","SINDHI",3,NA,3,NA,3,NA,3,NA,NA,NA,NA,NA
"BALOCHISTAN","SIBI","HARNAI","KHOAST","SUB-DIVISION","TOTAL",16565,7207,9358,NA,16565,7207,9358,NA,NA,NA,NA,NA
"BALOCHISTAN","SIBI","HARNAI","KHOAST","SUB-DIVISION","URDU",6,4,2,NA,6,4,2,NA,NA,NA,NA,NA
"BALOCHISTAN","KALAT","KHUZDAR","KHUZDAR","SUB-DIVISION","BALOCHI",5652,2466,3186,NA,450,203,247,NA,5202,2263,2939,NA
"BALOCHISTAN","KALAT","KHUZDAR","KHUZDAR","SUB-DIVISION","BALTI",1,1,NA,NA,NA,NA,NA,NA,1,1,NA,NA
"BALOCHISTAN","KALAT","KHUZDAR","KHUZDAR","SUB-DIVISION","BRAHVI",342974,160822,182142,10,140060,65428,74628,4,202914,95394,107514,6
"BALOCHISTAN","KALAT","KHUZDAR","KHUZDAR","SUB-DIVISION","HINDKO",137,73,64,NA,41,23,18,NA,96,50,46,NA
"BALOCHISTAN","KALAT","KHUZDAR","KHUZDAR","SUB-DIVISION","KALASHA",NA,NA,NA,NA,NA,NA,NA,NA,NA,NA,NA,NA
"BALOCHISTAN","KALAT","KHUZDAR","KHUZDAR","SUB-DIVISION","KASHMIRI",9,1,8,NA,2,1,1,NA,7,NA,7,NA
"BALOCHISTAN","KALAT","KHUZDAR","KHUZDAR","SUB-DIVISION","KOHIOSTANI",NA,NA,NA,NA,NA,NA,NA,NA,NA,NA,NA,NA
"BALOCHISTAN","KALAT","KHUZDAR","KHUZDAR","SUB-DIVISION","MEWATI",6,2,4,NA,NA,NA,NA,NA,6,2,4,NA
"BALOCHISTAN","KALAT","KHUZDAR","KHUZDAR","SUB-DIVISION","OTHERS",87,29,58,NA,15,7,8,NA,72,22,50,NA
"BALOCHISTAN","KALAT","KHUZDAR","KHUZDAR","SUB-DIVISION","PUNJABI",265,133,132,NA,1,1,NA,NA,264,132,132,NA
"BALOCHISTAN","KALAT","KHUZDAR","KHUZDAR","SUB-DIVISION","PUSHTO",6044,2749,3295,NA,114,53,61,NA,5930,2696,3234,NA
"BALOCHISTAN","KALAT","KHUZDAR","KHUZDAR","SUB-DIVISION","SARAIKI",101,55,46,NA,70,38,32,NA,31,17,14,NA
"BALOCHISTAN","KALAT","KHUZDAR","KHUZDAR","SUB-DIVISION","SHINA",166,84,82,NA,42,23,19,NA,124,61,63,NA
"BALOCHISTAN","KALAT","KHUZDAR","KHUZDAR","SUB-DIVISION","SINDHI",3252,1507,1745,NA,349,154,195,NA,2903,1353,1550,NA
"BALOCHISTAN","KALAT","KHUZDAR","KHUZDAR","SUB-DIVISION","TOTAL",359358,168243,191105,10,141246,65988,75254,4,218112,102255,115851,6
"BALOCHISTAN","KALAT","KHUZDAR","KHUZDAR","SUB-DIVISION","URDU",664,321,343,NA,102,57,45,NA,562,264,298,NA
"BALOCHISTAN","QUETTA","KILLA ABDULLAH","KILLA ABDULLAH","SUB-DIVISION","BALOCHI",207,108,99,NA,180,98,82,NA,27,10,17,NA
"BALOCHISTAN","QUETTA","KILLA ABDULLAH","KILLA ABDULLAH","SUB-DIVISION","BALTI",NA,NA,NA,NA,NA,NA,NA,NA,NA,NA,NA,NA
"BALOCHISTAN","QUETTA","KILLA ABDULLAH","KILLA ABDULLAH","SUB-DIVISION","BRAHVI",NA,NA,NA,NA,NA,NA,NA,NA,NA,NA,NA,NA
"BALOCHISTAN","QUETTA","KILLA ABDULLAH","KILLA ABDULLAH","SUB-DIVISION","HINDKO",1,NA,1,NA,NA,NA,NA,NA,1,NA,1,NA
"BALOCHISTAN","QUETTA","KILLA ABDULLAH","KILLA ABDULLAH","SUB-DIVISION","KALASHA",NA,NA,NA,NA,NA,NA,NA,NA,NA,NA,NA,NA
"BALOCHISTAN","QUETTA","KILLA ABDULLAH","KILLA ABDULLAH","SUB-DIVISION","KASHMIRI",12,3,9,NA,4,1,3,NA,8,2,6,NA
"BALOCHISTAN","QUETTA","KILLA ABDULLAH","KILLA ABDULLAH","SUB-DIVISION","KOHIOSTANI",NA,NA,NA,NA,NA,NA,NA,NA,NA,NA,NA,NA
"BALOCHISTAN","QUETTA","KILLA ABDULLAH","KILLA ABDULLAH","SUB-DIVISION","MEWATI",NA,NA,NA,NA,NA,NA,NA,NA,NA,NA,NA,NA
"BALOCHISTAN","QUETTA","KILLA ABDULLAH","KILLA ABDULLAH","SUB-DIVISION","OTHERS",344,162,182,NA,342,161,181,NA,2,1,1,NA
"BALOCHISTAN","QUETTA","KILLA ABDULLAH","KILLA ABDULLAH","SUB-DIVISION","PUNJABI",21,8,13,NA,7,5,2,NA,14,3,11,NA
"BALOCHISTAN","QUETTA","KILLA ABDULLAH","KILLA ABDULLAH","SUB-DIVISION","PUSHTO",164916,79215,85697,4,129629,63584,66043,2,35287,15631,19654,2
"BALOCHISTAN","QUETTA","KILLA ABDULLAH","KILLA ABDULLAH","SUB-DIVISION","SARAIKI",51,26,25,NA,50,26,24,NA,1,NA,1,NA
"BALOCHISTAN","QUETTA","KILLA ABDULLAH","KILLA ABDULLAH","SUB-DIVISION","SHINA",NA,NA,NA,NA,NA,NA,NA,NA,NA,NA,NA,NA
"BALOCHISTAN","QUETTA","KILLA ABDULLAH","KILLA ABDULLAH","SUB-DIVISION","SINDHI",45,11,34,NA,15,7,8,NA,30,4,26,NA
"BALOCHISTAN","QUETTA","KILLA ABDULLAH","KILLA ABDULLAH","SUB-DIVISION","TOTAL",165738,79597,86137,4,130354,63940,66412,2,35384,15657,19725,2
"BALOCHISTAN","QUETTA","KILLA ABDULLAH","KILLA ABDULLAH","SUB-DIVISION","URDU",141,64,77,NA,127,58,69,NA,14,6,8,NA
"BALOCHISTAN","ZHOB","KILLA SAIFULLAH","KILLA SAIFULLAH","SUB-DIVISION","BALOCHI",286,140,146,NA,145,70,75,NA,141,70,71,NA
"BALOCHISTAN","ZHOB","KILLA SAIFULLAH","KILLA SAIFULLAH","SUB-DIVISION","BALTI",NA,NA,NA,NA,NA,NA,NA,NA,NA,NA,NA,NA
"BALOCHISTAN","ZHOB","KILLA SAIFULLAH","KILLA SAIFULLAH","SUB-DIVISION","BRAHVI",NA,NA,NA,NA,NA,NA,NA,NA,NA,NA,NA,NA
"BALOCHISTAN","ZHOB","KILLA SAIFULLAH","KILLA SAIFULLAH","SUB-DIVISION","HINDKO",12,6,6,NA,NA,NA,NA,NA,12,6,6,NA
"BALOCHISTAN","ZHOB","KILLA SAIFULLAH","KILLA SAIFULLAH","SUB-DIVISION","KALASHA",NA,NA,NA,NA,NA,NA,NA,NA,NA,NA,NA,NA
"BALOCHISTAN","ZHOB","KILLA SAIFULLAH","KILLA SAIFULLAH","SUB-DIVISION","KASHMIRI",3,2,1,NA,2,2,NA,NA,1,NA,1,NA
"BALOCHISTAN","ZHOB","KILLA SAIFULLAH","KILLA SAIFULLAH","SUB-DIVISION","KOHIOSTANI",NA,NA,NA,NA,NA,NA,NA,NA,NA,NA,NA,NA
"BALOCHISTAN","ZHOB","KILLA SAIFULLAH","KILLA SAIFULLAH","SUB-DIVISION","MEWATI",NA,NA,NA,NA,NA,NA,NA,NA,NA,NA,NA,NA
"BALOCHISTAN","ZHOB","KILLA SAIFULLAH","KILLA SAIFULLAH","SUB-DIVISION","OTHERS",44,23,21,NA,15,6,9,NA,29,17,12,NA
"BALOCHISTAN","ZHOB","KILLA SAIFULLAH","KILLA SAIFULLAH","SUB-DIVISION","PUNJABI",209,111,98,NA,13,8,5,NA,196,103,93,NA
"BALOCHISTAN","ZHOB","KILLA SAIFULLAH","KILLA SAIFULLAH","SUB-DIVISION","PUSHTO",151618,70670,80948,NA,117253,54143,63110,NA,34365,16527,17838,NA
"BALOCHISTAN","ZHOB","KILLA SAIFULLAH","KILLA SAIFULLAH","SUB-DIVISION","SARAIKI",183,93,90,NA,1,NA,1,NA,182,93,89,NA
"BALOCHISTAN","ZHOB","KILLA SAIFULLAH","KILLA SAIFULLAH","SUB-DIVISION","SHINA",NA,NA,NA,NA,NA,NA,NA,NA,NA,NA,NA,NA
"BALOCHISTAN","ZHOB","KILLA SAIFULLAH","KILLA SAIFULLAH","SUB-DIVISION","SINDHI",14,9,5,NA,12,8,4,NA,2,1,1,NA
"BALOCHISTAN","ZHOB","KILLA SAIFULLAH","KILLA SAIFULLAH","SUB-DIVISION","TOTAL",152516,71139,81377,NA,117473,54259,63214,NA,35043,16880,18163,NA
"BALOCHISTAN","ZHOB","KILLA SAIFULLAH","KILLA SAIFULLAH","SUB-DIVISION","URDU",147,85,62,NA,32,22,10,NA,115,63,52,NA
"BALOCHISTAN","LORALAI","MUSAKHEL","KINGRI","TEHSIL","BALOCHI",13361,6531,6830,NA,13361,6531,6830,NA,NA,NA,NA,NA
"BALOCHISTAN","LORALAI","MUSAKHEL","KINGRI","TEHSIL","BALTI",NA,NA,NA,NA,NA,NA,NA,NA,NA,NA,NA,NA
"BALOCHISTAN","LORALAI","MUSAKHEL","KINGRI","TEHSIL","BRAHVI",1,1,NA,NA,1,1,NA,NA,NA,NA,NA,NA
"BALOCHISTAN","LORALAI","MUSAKHEL","KINGRI","TEHSIL","HINDKO",1,1,NA,NA,1,1,NA,NA,NA,NA,NA,NA
"BALOCHISTAN","LORALAI","MUSAKHEL","KINGRI","TEHSIL","KALASHA",NA,NA,NA,NA,NA,NA,NA,NA,NA,NA,NA,NA
"BALOCHISTAN","LORALAI","MUSAKHEL","KINGRI","TEHSIL","KASHMIRI",6,2,4,NA,6,2,4,NA,NA,NA,NA,NA
"BALOCHISTAN","LORALAI","MUSAKHEL","KINGRI","TEHSIL","KOHIOSTANI",NA,NA,NA,NA,NA,NA,NA,NA,NA,NA,NA,NA
"BALOCHISTAN","LORALAI","MUSAKHEL","KINGRI","TEHSIL","MEWATI",NA,NA,NA,NA,NA,NA,NA,NA,NA,NA,NA,NA
"BALOCHISTAN","LORALAI","MUSAKHEL","KINGRI","TEHSIL","OTHERS",1960,1007,953,NA,1960,1007,953,NA,NA,NA,NA,NA
"BALOCHISTAN","LORALAI","MUSAKHEL","KINGRI","TEHSIL","PUNJABI",NA,NA,NA,NA,NA,NA,NA,NA,NA,NA,NA,NA
"BALOCHISTAN","LORALAI","MUSAKHEL","KINGRI","TEHSIL","PUSHTO",17153,8391,8762,NA,17153,8391,8762,NA,NA,NA,NA,NA
"BALOCHISTAN","LORALAI","MUSAKHEL","KINGRI","TEHSIL","SARAIKI",1098,554,544,NA,1098,554,544,NA,NA,NA,NA,NA
"BALOCHISTAN","LORALAI","MUSAKHEL","KINGRI","TEHSIL","SHINA",NA,NA,NA,NA,NA,NA,NA,NA,NA,NA,NA,NA
"BALOCHISTAN","LORALAI","MUSAKHEL","KINGRI","TEHSIL","SINDHI",3,NA,3,NA,3,NA,3,NA,NA,NA,NA,NA
"BALOCHISTAN","LORALAI","MUSAKHEL","KINGRI","TEHSIL","TOTAL",33618,16506,17112,NA,33618,16506,17112,NA,NA,NA,NA,NA
"BALOCHISTAN","LORALAI","MUSAKHEL","KINGRI","TEHSIL","URDU",35,19,16,NA,35,19,16,NA,NA,NA,NA,NA
"BALOCHISTAN","KALAT","MASTUNG","KIRDGAP","SUB-DIVISION","BALOCHI",159,68,91,NA,159,68,91,NA,NA,NA,NA,NA
"BALOCHISTAN","KALAT","MASTUNG","KIRDGAP","SUB-DIVISION","BALTI",NA,NA,NA,NA,NA,NA,NA,NA,NA,NA,NA,NA
"BALOCHISTAN","KALAT","MASTUNG","KIRDGAP","SUB-DIVISION","BRAHVI",36117,17100,19017,NA,36117,17100,19017,NA,NA,NA,NA,NA
"BALOCHISTAN","KALAT","MASTUNG","KIRDGAP","SUB-DIVISION","HINDKO",16,12,4,NA,16,12,4,NA,NA,NA,NA,NA
"BALOCHISTAN","KALAT","MASTUNG","KIRDGAP","SUB-DIVISION","KALASHA",NA,NA,NA,NA,NA,NA,NA,NA,NA,NA,NA,NA
"BALOCHISTAN","KALAT","MASTUNG","KIRDGAP","SUB-DIVISION","KASHMIRI",2,NA,2,NA,2,NA,2,NA,NA,NA,NA,NA
"BALOCHISTAN","KALAT","MASTUNG","KIRDGAP","SUB-DIVISION","KOHIOSTANI",NA,NA,NA,NA,NA,NA,NA,NA,NA,NA,NA,NA
"BALOCHISTAN","KALAT","MASTUNG","KIRDGAP","SUB-DIVISION","MEWATI",NA,NA,NA,NA,NA,NA,NA,NA,NA,NA,NA,NA
"BALOCHISTAN","KALAT","MASTUNG","KIRDGAP","SUB-DIVISION","OTHERS",14,7,7,NA,14,7,7,NA,NA,NA,NA,NA
"BALOCHISTAN","KALAT","MASTUNG","KIRDGAP","SUB-DIVISION","PUNJABI",NA,NA,NA,NA,NA,NA,NA,NA,NA,NA,NA,NA
"BALOCHISTAN","KALAT","MASTUNG","KIRDGAP","SUB-DIVISION","PUSHTO",37,18,19,NA,37,18,19,NA,NA,NA,NA,NA
"BALOCHISTAN","KALAT","MASTUNG","KIRDGAP","SUB-DIVISION","SARAIKI",2,1,1,NA,2,1,1,NA,NA,NA,NA,NA
"BALOCHISTAN","KALAT","MASTUNG","KIRDGAP","SUB-DIVISION","SHINA",1,NA,1,NA,1,NA,1,NA,NA,NA,NA,NA
"BALOCHISTAN","KALAT","MASTUNG","KIRDGAP","SUB-DIVISION","SINDHI",1,NA,1,NA,1,NA,1,NA,NA,NA,NA,NA
"BALOCHISTAN","KALAT","MASTUNG","KIRDGAP","SUB-DIVISION","TOTAL",36358,17209,19149,NA,36358,17209,19149,NA,NA,NA,NA,NA
"BALOCHISTAN","KALAT","MASTUNG","KIRDGAP","SUB-DIVISION","URDU",9,3,6,NA,9,3,6,NA,NA,NA,NA,NA
"BALOCHISTAN","SIBI","KOHLU","KOHLU","SUB-DIVISION","BALOCHI",37473,19562,17910,1,26048,13651,12396,1,11425,5911,5514,NA
"BALOCHISTAN","SIBI","KOHLU","KOHLU","SUB-DIVISION","BALTI",NA,NA,NA,NA,NA,NA,NA,NA,NA,NA,NA,NA
"BALOCHISTAN","SIBI","KOHLU","KOHLU","SUB-DIVISION","BRAHVI",NA,NA,NA,NA,NA,NA,NA,NA,NA,NA,NA,NA
"BALOCHISTAN","SIBI","KOHLU","KOHLU","SUB-DIVISION","HINDKO",NA,NA,NA,NA,NA,NA,NA,NA,NA,NA,NA,NA
"BALOCHISTAN","SIBI","KOHLU","KOHLU","SUB-DIVISION","KALASHA",NA,NA,NA,NA,NA,NA,NA,NA,NA,NA,NA,NA
"BALOCHISTAN","SIBI","KOHLU","KOHLU","SUB-DIVISION","KASHMIRI",28,14,14,NA,14,8,6,NA,14,6,8,NA
"BALOCHISTAN","SIBI","KOHLU","KOHLU","SUB-DIVISION","KOHIOSTANI",NA,NA,NA,NA,NA,NA,NA,NA,NA,NA,NA,NA
"BALOCHISTAN","SIBI","KOHLU","KOHLU","SUB-DIVISION","MEWATI",NA,NA,NA,NA,NA,NA,NA,NA,NA,NA,NA,NA
"BALOCHISTAN","SIBI","KOHLU","KOHLU","SUB-DIVISION","OTHERS",99,46,53,NA,35,14,21,NA,64,32,32,NA
"BALOCHISTAN","SIBI","KOHLU","KOHLU","SUB-DIVISION","PUNJABI",202,115,87,NA,3,1,2,NA,199,114,85,NA
"BALOCHISTAN","SIBI","KOHLU","KOHLU","SUB-DIVISION","PUSHTO",10135,5315,4820,NA,2959,1511,1448,NA,7176,3804,3372,NA
"BALOCHISTAN","SIBI","KOHLU","KOHLU","SUB-DIVISION","SARAIKI",79,40,39,NA,3,1,2,NA,76,39,37,NA
"BALOCHISTAN","SIBI","KOHLU","KOHLU","SUB-DIVISION","SHINA",NA,NA,NA,NA,NA,NA,NA,NA,NA,NA,NA,NA
"BALOCHISTAN","SIBI","KOHLU","KOHLU","SUB-DIVISION","SINDHI",NA,NA,NA,NA,NA,NA,NA,NA,NA,NA,NA,NA
"BALOCHISTAN","SIBI","KOHLU","KOHLU","SUB-DIVISION","TOTAL",48050,25110,22939,1,29072,15189,13882,1,18978,9921,9057,NA
"BALOCHISTAN","SIBI","KOHLU","KOHLU","SUB-DIVISION","URDU",34,18,16,NA,10,3,7,NA,24,15,9,NA
"BALOCHISTAN","KALAT","AWARAN","KORAK JHAO","TEHSIL","BALOCHI",27578,13386,14191,1,27578,13386,14191,1,NA,NA,NA,NA
"BALOCHISTAN","KALAT","AWARAN","KORAK JHAO","TEHSIL","BALTI",NA,NA,NA,NA,NA,NA,NA,NA,NA,NA,NA,NA
"BALOCHISTAN","KALAT","AWARAN","KORAK JHAO","TEHSIL","BRAHVI",1,1,NA,NA,1,1,NA,NA,NA,NA,NA,NA
"BALOCHISTAN","KALAT","AWARAN","KORAK JHAO","TEHSIL","HINDKO",NA,NA,NA,NA,NA,NA,NA,NA,NA,NA,NA,NA
"BALOCHISTAN","KALAT","AWARAN","KORAK JHAO","TEHSIL","KALASHA",NA,NA,NA,NA,NA,NA,NA,NA,NA,NA,NA,NA
"BALOCHISTAN","KALAT","AWARAN","KORAK JHAO","TEHSIL","KASHMIRI",7,4,3,NA,7,4,3,NA,NA,NA,NA,NA
"BALOCHISTAN","KALAT","AWARAN","KORAK JHAO","TEHSIL","KOHIOSTANI",NA,NA,NA,NA,NA,NA,NA,NA,NA,NA,NA,NA
"BALOCHISTAN","KALAT","AWARAN","KORAK JHAO","TEHSIL","MEWATI",NA,NA,NA,NA,NA,NA,NA,NA,NA,NA,NA,NA
"BALOCHISTAN","KALAT","AWARAN","KORAK JHAO","TEHSIL","OTHERS",9,2,7,NA,9,2,7,NA,NA,NA,NA,NA
"BALOCHISTAN","KALAT","AWARAN","KORAK JHAO","TEHSIL","PUNJABI",NA,NA,NA,NA,NA,NA,NA,NA,NA,NA,NA,NA
"BALOCHISTAN","KALAT","AWARAN","KORAK JHAO","TEHSIL","PUSHTO",2,2,NA,NA,2,2,NA,NA,NA,NA,NA,NA
"BALOCHISTAN","KALAT","AWARAN","KORAK JHAO","TEHSIL","SARAIKI",NA,NA,NA,NA,NA,NA,NA,NA,NA,NA,NA,NA
"BALOCHISTAN","KALAT","AWARAN","KORAK JHAO","TEHSIL","SHINA",NA,NA,NA,NA,NA,NA,NA,NA,NA,NA,NA,NA
"BALOCHISTAN","KALAT","AWARAN","KORAK JHAO","TEHSIL","SINDHI",3,2,1,NA,3,2,1,NA,NA,NA,NA,NA
"BALOCHISTAN","KALAT","AWARAN","KORAK JHAO","TEHSIL","TOTAL",27652,13414,14237,1,27652,13414,14237,1,NA,NA,NA,NA
"BALOCHISTAN","KALAT","AWARAN","KORAK JHAO","TEHSIL","URDU",52,17,35,NA,52,17,35,NA,NA,NA,NA,NA
"BALOCHISTAN","SIBI","SIBI","KOT MANDAI","SUB-TEHSIL","BALOCHI",9678,4574,5104,NA,9678,4574,5104,NA,NA,NA,NA,NA
"BALOCHISTAN","SIBI","SIBI","KOT MANDAI","SUB-TEHSIL","BALTI",NA,NA,NA,NA,NA,NA,NA,NA,NA,NA,NA,NA
"BALOCHISTAN","SIBI","SIBI","KOT MANDAI","SUB-TEHSIL","BRAHVI",NA,NA,NA,NA,NA,NA,NA,NA,NA,NA,NA,NA
"BALOCHISTAN","SIBI","SIBI","KOT MANDAI","SUB-TEHSIL","HINDKO",NA,NA,NA,NA,NA,NA,NA,NA,NA,NA,NA,NA
"BALOCHISTAN","SIBI","SIBI","KOT MANDAI","SUB-TEHSIL","KALASHA",NA,NA,NA,NA,NA,NA,NA,NA,NA,NA,NA,NA
"BALOCHISTAN","SIBI","SIBI","KOT MANDAI","SUB-TEHSIL","KASHMIRI",8,6,2,NA,8,6,2,NA,NA,NA,NA,NA
"BALOCHISTAN","SIBI","SIBI","KOT MANDAI","SUB-TEHSIL","KOHIOSTANI",NA,NA,NA,NA,NA,NA,NA,NA,NA,NA,NA,NA
"BALOCHISTAN","SIBI","SIBI","KOT MANDAI","SUB-TEHSIL","MEWATI",NA,NA,NA,NA,NA,NA,NA,NA,NA,NA,NA,NA
"BALOCHISTAN","SIBI","SIBI","KOT MANDAI","SUB-TEHSIL","OTHERS",NA,NA,NA,NA,NA,NA,NA,NA,NA,NA,NA,NA
"BALOCHISTAN","SIBI","SIBI","KOT MANDAI","SUB-TEHSIL","PUNJABI",NA,NA,NA,NA,NA,NA,NA,NA,NA,NA,NA,NA
"BALOCHISTAN","SIBI","SIBI","KOT MANDAI","SUB-TEHSIL","PUSHTO",3,1,2,NA,3,1,2,NA,NA,NA,NA,NA
"BALOCHISTAN","SIBI","SIBI","KOT MANDAI","SUB-TEHSIL","SARAIKI",24,14,10,NA,24,14,10,NA,NA,NA,NA,NA
"BALOCHISTAN","SIBI","SIBI","KOT MANDAI","SUB-TEHSIL","SHINA",NA,NA,NA,NA,NA,NA,NA,NA,NA,NA,NA,NA
"BALOCHISTAN","SIBI","SIBI","KOT MANDAI","SUB-TEHSIL","SINDHI",28,15,13,NA,28,15,13,NA,NA,NA,NA,NA
"BALOCHISTAN","SIBI","SIBI","KOT MANDAI","SUB-TEHSIL","TOTAL",9748,4615,5133,NA,9748,4615,5133,NA,NA,NA,NA,NA
"BALOCHISTAN","SIBI","SIBI","KOT MANDAI","SUB-TEHSIL","URDU",7,5,2,NA,7,5,2,NA,NA,NA,NA,NA
"BALOCHISTAN","QUETTA","QUETTA","KUCHLAK","SUB-DIVISION","BALOCHI",4171,2039,2132,NA,2781,1360,1421,NA,1390,679,711,NA
"BALOCHISTAN","QUETTA","QUETTA","KUCHLAK","SUB-DIVISION","BALTI",2,1,1,NA,2,1,1,NA,NA,NA,NA,NA
"BALOCHISTAN","QUETTA","QUETTA","KUCHLAK","SUB-DIVISION","BRAHVI",5501,2746,2755,NA,3478,1767,1711,NA,2023,979,1044,NA
"BALOCHISTAN","QUETTA","QUETTA","KUCHLAK","SUB-DIVISION","HINDKO",232,117,115,NA,164,87,77,NA,68,30,38,NA
"BALOCHISTAN","QUETTA","QUETTA","KUCHLAK","SUB-DIVISION","KALASHA",1,NA,1,NA,1,NA,1,NA,NA,NA,NA,NA
"BALOCHISTAN","QUETTA","QUETTA","KUCHLAK","SUB-DIVISION","KASHMIRI",85,32,53,NA,67,22,45,NA,18,10,8,NA
"BALOCHISTAN","QUETTA","QUETTA","KUCHLAK","SUB-DIVISION","KOHIOSTANI",1,NA,1,NA,1,NA,1,NA,NA,NA,NA,NA
"BALOCHISTAN","QUETTA","QUETTA","KUCHLAK","SUB-DIVISION","MEWATI",2,1,1,NA,2,1,1,NA,NA,NA,NA,NA
"BALOCHISTAN","QUETTA","QUETTA","KUCHLAK","SUB-DIVISION","OTHERS",6803,3413,3390,NA,6193,3106,3087,NA,610,307,303,NA
"BALOCHISTAN","QUETTA","QUETTA","KUCHLAK","SUB-DIVISION","PUNJABI",3490,1759,1731,NA,2873,1446,1427,NA,617,313,304,NA
"BALOCHISTAN","QUETTA","QUETTA","KUCHLAK","SUB-DIVISION","PUSHTO",238750,115414,123330,6,204578,98727,105847,4,34172,16687,17483,2
"BALOCHISTAN","QUETTA","QUETTA","KUCHLAK","SUB-DIVISION","SARAIKI",1358,644,714,NA,666,326,340,NA,692,318,374,NA
"BALOCHISTAN","QUETTA","QUETTA","KUCHLAK","SUB-DIVISION","SHINA",8,5,3,NA,8,5,3,NA,NA,NA,NA,NA
"BALOCHISTAN","QUETTA","QUETTA","KUCHLAK","SUB-DIVISION","SINDHI",476,221,255,NA,381,172,209,NA,95,49,46,NA
"BALOCHISTAN","QUETTA","QUETTA","KUCHLAK","SUB-DIVISION","TOTAL",263155,127508,135641,6,222678,107747,114927,4,40477,19761,20714,2
"BALOCHISTAN","QUETTA","QUETTA","KUCHLAK","SUB-DIVISION","URDU",2275,1116,1159,NA,1483,727,756,NA,792,389,403,NA
"BALOCHISTAN","KALAT","LASBELA","LAKHRA","TEHSIL","BALOCHI",36625,18256,18368,1,36625,18256,18368,1,NA,NA,NA,NA
"BALOCHISTAN","KALAT","LASBELA","LAKHRA","TEHSIL","BALTI",NA,NA,NA,NA,NA,NA,NA,NA,NA,NA,NA,NA
"BALOCHISTAN","KALAT","LASBELA","LAKHRA","TEHSIL","BRAHVI",672,341,331,NA,672,341,331,NA,NA,NA,NA,NA
"BALOCHISTAN","KALAT","LASBELA","LAKHRA","TEHSIL","HINDKO",98,43,55,NA,98,43,55,NA,NA,NA,NA,NA
"BALOCHISTAN","KALAT","LASBELA","LAKHRA","TEHSIL","KALASHA",NA,NA,NA,NA,NA,NA,NA,NA,NA,NA,NA,NA
"BALOCHISTAN","KALAT","LASBELA","LAKHRA","TEHSIL","KASHMIRI",7,3,4,NA,7,3,4,NA,NA,NA,NA,NA
"BALOCHISTAN","KALAT","LASBELA","LAKHRA","TEHSIL","KOHIOSTANI",NA,NA,NA,NA,NA,NA,NA,NA,NA,NA,NA,NA
"BALOCHISTAN","KALAT","LASBELA","LAKHRA","TEHSIL","MEWATI",82,43,39,NA,82,43,39,NA,NA,NA,NA,NA
"BALOCHISTAN","KALAT","LASBELA","LAKHRA","TEHSIL","OTHERS",1999,988,1011,NA,1999,988,1011,NA,NA,NA,NA,NA
"BALOCHISTAN","KALAT","LASBELA","LAKHRA","TEHSIL","PUNJABI",11,2,9,NA,11,2,9,NA,NA,NA,NA,NA
"BALOCHISTAN","KALAT","LASBELA","LAKHRA","TEHSIL","PUSHTO",117,47,70,NA,117,47,70,NA,NA,NA,NA,NA
"BALOCHISTAN","KALAT","LASBELA","LAKHRA","TEHSIL","SARAIKI",107,61,46,NA,107,61,46,NA,NA,NA,NA,NA
"BALOCHISTAN","KALAT","LASBELA","LAKHRA","TEHSIL","SHINA",NA,NA,NA,NA,NA,NA,NA,NA,NA,NA,NA,NA
"BALOCHISTAN","KALAT","LASBELA","LAKHRA","TEHSIL","SINDHI",7012,3499,3513,NA,7012,3499,3513,NA,NA,NA,NA,NA
"BALOCHISTAN","KALAT","LASBELA","LAKHRA","TEHSIL","TOTAL",46744,23291,23452,1,46744,23291,23452,1,NA,NA,NA,NA
"BALOCHISTAN","KALAT","LASBELA","LAKHRA","TEHSIL","URDU",14,8,6,NA,14,8,6,NA,NA,NA,NA,NA
"BALOCHISTAN","NASIRABAD","NASIRABAD","LANDHI","TEHSIL","BALOCHI",744,335,409,NA,744,335,409,NA,NA,NA,NA,NA
"BALOCHISTAN","NASIRABAD","NASIRABAD","LANDHI","TEHSIL","BALTI",NA,NA,NA,NA,NA,NA,NA,NA,NA,NA,NA,NA
"BALOCHISTAN","NASIRABAD","NASIRABAD","LANDHI","TEHSIL","BRAHVI",1841,934,907,NA,1841,934,907,NA,NA,NA,NA,NA
"BALOCHISTAN","NASIRABAD","NASIRABAD","LANDHI","TEHSIL","HINDKO",NA,NA,NA,NA,NA,NA,NA,NA,NA,NA,NA,NA
"BALOCHISTAN","NASIRABAD","NASIRABAD","LANDHI","TEHSIL","KALASHA",NA,NA,NA,NA,NA,NA,NA,NA,NA,NA,NA,NA
"BALOCHISTAN","NASIRABAD","NASIRABAD","LANDHI","TEHSIL","KASHMIRI",NA,NA,NA,NA,NA,NA,NA,NA,NA,NA,NA,NA
"BALOCHISTAN","NASIRABAD","NASIRABAD","LANDHI","TEHSIL","KOHIOSTANI",NA,NA,NA,NA,NA,NA,NA,NA,NA,NA,NA,NA
"BALOCHISTAN","NASIRABAD","NASIRABAD","LANDHI","TEHSIL","MEWATI",NA,NA,NA,NA,NA,NA,NA,NA,NA,NA,NA,NA
"BALOCHISTAN","NASIRABAD","NASIRABAD","LANDHI","TEHSIL","OTHERS",NA,NA,NA,NA,NA,NA,NA,NA,NA,NA,NA,NA
"BALOCHISTAN","NASIRABAD","NASIRABAD","LANDHI","TEHSIL","PUNJABI",NA,NA,NA,NA,NA,NA,NA,NA,NA,NA,NA,NA
"BALOCHISTAN","NASIRABAD","NASIRABAD","LANDHI","TEHSIL","PUSHTO",2,2,NA,NA,2,2,NA,NA,NA,NA,NA,NA
"BALOCHISTAN","NASIRABAD","NASIRABAD","LANDHI","TEHSIL","SARAIKI",3387,1703,1684,NA,3387,1703,1684,NA,NA,NA,NA,NA
"BALOCHISTAN","NASIRABAD","NASIRABAD","LANDHI","TEHSIL","SHINA",NA,NA,NA,NA,NA,NA,NA,NA,NA,NA,NA,NA
"BALOCHISTAN","NASIRABAD","NASIRABAD","LANDHI","TEHSIL","SINDHI",2664,1306,1358,NA,2664,1306,1358,NA,NA,NA,NA,NA
"BALOCHISTAN","NASIRABAD","NASIRABAD","LANDHI","TEHSIL","TOTAL",8638,4280,4358,NA,8638,4280,4358,NA,NA,NA,NA,NA
"BALOCHISTAN","NASIRABAD","NASIRABAD","LANDHI","TEHSIL","URDU",NA,NA,NA,NA,NA,NA,NA,NA,NA,NA,NA,NA
"BALOCHISTAN","SIBI","SIBI","LEHRI","SUB-DIVISION","BALOCHI",25211,12294,12917,NA,25211,12294,12917,NA,NA,NA,NA,NA
"BALOCHISTAN","SIBI","SIBI","LEHRI","SUB-DIVISION","BALTI",NA,NA,NA,NA,NA,NA,NA,NA,NA,NA,NA,NA
"BALOCHISTAN","SIBI","SIBI","LEHRI","SUB-DIVISION","BRAHVI",633,319,314,NA,633,319,314,NA,NA,NA,NA,NA
"BALOCHISTAN","SIBI","SIBI","LEHRI","SUB-DIVISION","HINDKO",2,2,NA,NA,2,2,NA,NA,NA,NA,NA,NA
"BALOCHISTAN","SIBI","SIBI","LEHRI","SUB-DIVISION","KALASHA",NA,NA,NA,NA,NA,NA,NA,NA,NA,NA,NA,NA
"BALOCHISTAN","SIBI","SIBI","LEHRI","SUB-DIVISION","KASHMIRI",38,18,20,NA,38,18,20,NA,NA,NA,NA,NA
"BALOCHISTAN","SIBI","SIBI","LEHRI","SUB-DIVISION","KOHIOSTANI",NA,NA,NA,NA,NA,NA,NA,NA,NA,NA,NA,NA
"BALOCHISTAN","SIBI","SIBI","LEHRI","SUB-DIVISION","MEWATI",NA,NA,NA,NA,NA,NA,NA,NA,NA,NA,NA,NA
"BALOCHISTAN","SIBI","SIBI","LEHRI","SUB-DIVISION","OTHERS",5,2,3,NA,5,2,3,NA,NA,NA,NA,NA
"BALOCHISTAN","SIBI","SIBI","LEHRI","SUB-DIVISION","PUNJABI",11,5,6,NA,11,5,6,NA,NA,NA,NA,NA
"BALOCHISTAN","SIBI","SIBI","LEHRI","SUB-DIVISION","PUSHTO",43,19,24,NA,43,19,24,NA,NA,NA,NA,NA
"BALOCHISTAN","SIBI","SIBI","LEHRI","SUB-DIVISION","SARAIKI",14060,6916,7142,2,14060,6916,7142,2,NA,NA,NA,NA
"BALOCHISTAN","SIBI","SIBI","LEHRI","SUB-DIVISION","SHINA",NA,NA,NA,NA,NA,NA,NA,NA,NA,NA,NA,NA
"BALOCHISTAN","SIBI","SIBI","LEHRI","SUB-DIVISION","SINDHI",13976,6920,7056,NA,13976,6920,7056,NA,NA,NA,NA,NA
"BALOCHISTAN","SIBI","SIBI","LEHRI","SUB-DIVISION","TOTAL",53999,26505,27492,2,53999,26505,27492,2,NA,NA,NA,NA
"BALOCHISTAN","SIBI","SIBI","LEHRI","SUB-DIVISION","URDU",20,10,10,NA,20,10,10,NA,NA,NA,NA,NA
"BALOCHISTAN","KALAT","LASBELA","LIARI","SUB-TEHSIL","BALOCHI",16747,7988,8758,1,16747,7988,8758,1,NA,NA,NA,NA
"BALOCHISTAN","KALAT","LASBELA","LIARI","SUB-TEHSIL","BALTI",NA,NA,NA,NA,NA,NA,NA,NA,NA,NA,NA,NA
"BALOCHISTAN","KALAT","LASBELA","LIARI","SUB-TEHSIL","BRAHVI",3,NA,3,NA,3,NA,3,NA,NA,NA,NA,NA
"BALOCHISTAN","KALAT","LASBELA","LIARI","SUB-TEHSIL","HINDKO",NA,NA,NA,NA,NA,NA,NA,NA,NA,NA,NA,NA
"BALOCHISTAN","KALAT","LASBELA","LIARI","SUB-TEHSIL","KALASHA",NA,NA,NA,NA,NA,NA,NA,NA,NA,NA,NA,NA
"BALOCHISTAN","KALAT","LASBELA","LIARI","SUB-TEHSIL","KASHMIRI",6,2,4,NA,6,2,4,NA,NA,NA,NA,NA
"BALOCHISTAN","KALAT","LASBELA","LIARI","SUB-TEHSIL","KOHIOSTANI",NA,NA,NA,NA,NA,NA,NA,NA,NA,NA,NA,NA
"BALOCHISTAN","KALAT","LASBELA","LIARI","SUB-TEHSIL","MEWATI",NA,NA,NA,NA,NA,NA,NA,NA,NA,NA,NA,NA
"BALOCHISTAN","KALAT","LASBELA","LIARI","SUB-TEHSIL","OTHERS",1,1,NA,NA,1,1,NA,NA,NA,NA,NA,NA
"BALOCHISTAN","KALAT","LASBELA","LIARI","SUB-TEHSIL","PUNJABI",NA,NA,NA,NA,NA,NA,NA,NA,NA,NA,NA,NA
"BALOCHISTAN","KALAT","LASBELA","LIARI","SUB-TEHSIL","PUSHTO",41,16,25,NA,41,16,25,NA,NA,NA,NA,NA
"BALOCHISTAN","KALAT","LASBELA","LIARI","SUB-TEHSIL","SARAIKI",37,19,18,NA,37,19,18,NA,NA,NA,NA,NA
"BALOCHISTAN","KALAT","LASBELA","LIARI","SUB-TEHSIL","SHINA",NA,NA,NA,NA,NA,NA,NA,NA,NA,NA,NA,NA
"BALOCHISTAN","KALAT","LASBELA","LIARI","SUB-TEHSIL","SINDHI",157,76,81,NA,157,76,81,NA,NA,NA,NA,NA
"BALOCHISTAN","KALAT","LASBELA","LIARI","SUB-TEHSIL","TOTAL",16994,8103,8890,1,16994,8103,8890,1,NA,NA,NA,NA
"BALOCHISTAN","KALAT","LASBELA","LIARI","SUB-TEHSIL","URDU",2,1,1,NA,2,1,1,NA,NA,NA,NA,NA
"BALOCHISTAN","ZHOB","KILLA SAIFULLAH","LOIBAND","TEHSIL","BALOCHI",12,6,6,NA,12,6,6,NA,NA,NA,NA,NA
"BALOCHISTAN","ZHOB","KILLA SAIFULLAH","LOIBAND","TEHSIL","BALTI",NA,NA,NA,NA,NA,NA,NA,NA,NA,NA,NA,NA
"BALOCHISTAN","ZHOB","KILLA SAIFULLAH","LOIBAND","TEHSIL","BRAHVI",NA,NA,NA,NA,NA,NA,NA,NA,NA,NA,NA,NA
"BALOCHISTAN","ZHOB","KILLA SAIFULLAH","LOIBAND","TEHSIL","HINDKO",NA,NA,NA,NA,NA,NA,NA,NA,NA,NA,NA,NA
"BALOCHISTAN","ZHOB","KILLA SAIFULLAH","LOIBAND","TEHSIL","KALASHA",NA,NA,NA,NA,NA,NA,NA,NA,NA,NA,NA,NA
"BALOCHISTAN","ZHOB","KILLA SAIFULLAH","LOIBAND","TEHSIL","KASHMIRI",5,NA,5,NA,5,NA,5,NA,NA,NA,NA,NA
"BALOCHISTAN","ZHOB","KILLA SAIFULLAH","LOIBAND","TEHSIL","KOHIOSTANI",NA,NA,NA,NA,NA,NA,NA,NA,NA,NA,NA,NA
"BALOCHISTAN","ZHOB","KILLA SAIFULLAH","LOIBAND","TEHSIL","MEWATI",NA,NA,NA,NA,NA,NA,NA,NA,NA,NA,NA,NA
"BALOCHISTAN","ZHOB","KILLA SAIFULLAH","LOIBAND","TEHSIL","OTHERS",1,NA,1,NA,1,NA,1,NA,NA,NA,NA,NA
"BALOCHISTAN","ZHOB","KILLA SAIFULLAH","LOIBAND","TEHSIL","PUNJABI",10,4,6,NA,10,4,6,NA,NA,NA,NA,NA
"BALOCHISTAN","ZHOB","KILLA SAIFULLAH","LOIBAND","TEHSIL","PUSHTO",29657,14508,15149,NA,29657,14508,15149,NA,NA,NA,NA,NA
"BALOCHISTAN","ZHOB","KILLA SAIFULLAH","LOIBAND","TEHSIL","SARAIKI",NA,NA,NA,NA,NA,NA,NA,NA,NA,NA,NA,NA
"BALOCHISTAN","ZHOB","KILLA SAIFULLAH","LOIBAND","TEHSIL","SHINA",NA,NA,NA,NA,NA,NA,NA,NA,NA,NA,NA,NA
"BALOCHISTAN","ZHOB","KILLA SAIFULLAH","LOIBAND","TEHSIL","SINDHI",NA,NA,NA,NA,NA,NA,NA,NA,NA,NA,NA,NA
"BALOCHISTAN","ZHOB","KILLA SAIFULLAH","LOIBAND","TEHSIL","TOTAL",29693,14523,15170,NA,29693,14523,15170,NA,NA,NA,NA,NA
"BALOCHISTAN","ZHOB","KILLA SAIFULLAH","LOIBAND","TEHSIL","URDU",8,5,3,NA,8,5,3,NA,NA,NA,NA,NA
"BALOCHISTAN","SIBI","DERA BUGTI","LOTI","SUB-TEHSIL","BALOCHI",21670,8344,13326,NA,21670,8344,13326,NA,NA,NA,NA,NA
"BALOCHISTAN","SIBI","DERA BUGTI","LOTI","SUB-TEHSIL","BALTI",NA,NA,NA,NA,NA,NA,NA,NA,NA,NA,NA,NA
"BALOCHISTAN","SIBI","DERA BUGTI","LOTI","SUB-TEHSIL","BRAHVI",NA,NA,NA,NA,NA,NA,NA,NA,NA,NA,NA,NA
"BALOCHISTAN","SIBI","DERA BUGTI","LOTI","SUB-TEHSIL","HINDKO",1,NA,1,NA,1,NA,1,NA,NA,NA,NA,NA
"BALOCHISTAN","SIBI","DERA BUGTI","LOTI","SUB-TEHSIL","KALASHA",NA,NA,NA,NA,NA,NA,NA,NA,NA,NA,NA,NA
"BALOCHISTAN","SIBI","DERA BUGTI","LOTI","SUB-TEHSIL","KASHMIRI",19,13,6,NA,19,13,6,NA,NA,NA,NA,NA
"BALOCHISTAN","SIBI","DERA BUGTI","LOTI","SUB-TEHSIL","KOHIOSTANI",NA,NA,NA,NA,NA,NA,NA,NA,NA,NA,NA,NA
"BALOCHISTAN","SIBI","DERA BUGTI","LOTI","SUB-TEHSIL","MEWATI",NA,NA,NA,NA,NA,NA,NA,NA,NA,NA,NA,NA
"BALOCHISTAN","SIBI","DERA BUGTI","LOTI","SUB-TEHSIL","OTHERS",NA,NA,NA,NA,NA,NA,NA,NA,NA,NA,NA,NA
"BALOCHISTAN","SIBI","DERA BUGTI","LOTI","SUB-TEHSIL","PUNJABI",NA,NA,NA,NA,NA,NA,NA,NA,NA,NA,NA,NA
"BALOCHISTAN","SIBI","DERA BUGTI","LOTI","SUB-TEHSIL","PUSHTO",2,2,NA,NA,2,2,NA,NA,NA,NA,NA,NA
"BALOCHISTAN","SIBI","DERA BUGTI","LOTI","SUB-TEHSIL","SARAIKI",NA,NA,NA,NA,NA,NA,NA,NA,NA,NA,NA,NA
"BALOCHISTAN","SIBI","DERA BUGTI","LOTI","SUB-TEHSIL","SHINA",NA,NA,NA,NA,NA,NA,NA,NA,NA,NA,NA,NA
"BALOCHISTAN","SIBI","DERA BUGTI","LOTI","SUB-TEHSIL","SINDHI",2,NA,2,NA,2,NA,2,NA,NA,NA,NA,NA
"BALOCHISTAN","SIBI","DERA BUGTI","LOTI","SUB-TEHSIL","TOTAL",21711,8361,13350,NA,21711,8361,13350,NA,NA,NA,NA,NA
"BALOCHISTAN","SIBI","DERA BUGTI","LOTI","SUB-TEHSIL","URDU",17,2,15,NA,17,2,15,NA,NA,NA,NA,NA
"BALOCHISTAN","LORALAI","DUKI","LUNI","SUB-DIVISION","BALOCHI",282,127,154,1,282,127,154,1,NA,NA,NA,NA
"BALOCHISTAN","LORALAI","DUKI","LUNI","SUB-DIVISION","BALTI",NA,NA,NA,NA,NA,NA,NA,NA,NA,NA,NA,NA
"BALOCHISTAN","LORALAI","DUKI","LUNI","SUB-DIVISION","BRAHVI",NA,NA,NA,NA,NA,NA,NA,NA,NA,NA,NA,NA
"BALOCHISTAN","LORALAI","DUKI","LUNI","SUB-DIVISION","HINDKO",NA,NA,NA,NA,NA,NA,NA,NA,NA,NA,NA,NA
"BALOCHISTAN","LORALAI","DUKI","LUNI","SUB-DIVISION","KALASHA",NA,NA,NA,NA,NA,NA,NA,NA,NA,NA,NA,NA
"BALOCHISTAN","LORALAI","DUKI","LUNI","SUB-DIVISION","KASHMIRI",1,NA,1,NA,1,NA,1,NA,NA,NA,NA,NA
"BALOCHISTAN","LORALAI","DUKI","LUNI","SUB-DIVISION","KOHIOSTANI",NA,NA,NA,NA,NA,NA,NA,NA,NA,NA,NA,NA
"BALOCHISTAN","LORALAI","DUKI","LUNI","SUB-DIVISION","MEWATI",NA,NA,NA,NA,NA,NA,NA,NA,NA,NA,NA,NA
"BALOCHISTAN","LORALAI","DUKI","LUNI","SUB-DIVISION","OTHERS",NA,NA,NA,NA,NA,NA,NA,NA,NA,NA,NA,NA
"BALOCHISTAN","LORALAI","DUKI","LUNI","SUB-DIVISION","PUNJABI",48,23,25,NA,48,23,25,NA,NA,NA,NA,NA
"BALOCHISTAN","LORALAI","DUKI","LUNI","SUB-DIVISION","PUSHTO",13218,6287,6925,6,13218,6287,6925,6,NA,NA,NA,NA
"BALOCHISTAN","LORALAI","DUKI","LUNI","SUB-DIVISION","SARAIKI",7,2,4,1,7,2,4,1,NA,NA,NA,NA
"BALOCHISTAN","LORALAI","DUKI","LUNI","SUB-DIVISION","SHINA",NA,NA,NA,NA,NA,NA,NA,NA,NA,NA,NA,NA
"BALOCHISTAN","LORALAI","DUKI","LUNI","SUB-DIVISION","SINDHI",22,10,12,NA,22,10,12,NA,NA,NA,NA,NA
"BALOCHISTAN","LORALAI","DUKI","LUNI","SUB-DIVISION","TOTAL",13615,6463,7144,8,13615,6463,7144,8,NA,NA,NA,NA
"BALOCHISTAN","LORALAI","DUKI","LUNI","SUB-DIVISION","URDU",37,14,23,NA,37,14,23,NA,NA,NA,NA,NA
"BALOCHISTAN","NASIRABAD","KACHHI","MACH","SUB-DIVISION","BALOCHI",35189,16699,18488,2,21983,10551,11431,1,13206,6148,7057,1
"BALOCHISTAN","NASIRABAD","KACHHI","MACH","SUB-DIVISION","BALTI",NA,NA,NA,NA,NA,NA,NA,NA,NA,NA,NA,NA
"BALOCHISTAN","NASIRABAD","KACHHI","MACH","SUB-DIVISION","BRAHVI",29434,14264,15165,5,7218,3623,3595,NA,22216,10641,11570,5
"BALOCHISTAN","NASIRABAD","KACHHI","MACH","SUB-DIVISION","HINDKO",95,44,51,NA,31,23,8,NA,64,21,43,NA
"BALOCHISTAN","NASIRABAD","KACHHI","MACH","SUB-DIVISION","KALASHA",NA,NA,NA,NA,NA,NA,NA,NA,NA,NA,NA,NA
"BALOCHISTAN","NASIRABAD","KACHHI","MACH","SUB-DIVISION","KASHMIRI",97,51,46,NA,13,9,4,NA,84,42,42,NA
"BALOCHISTAN","NASIRABAD","KACHHI","MACH","SUB-DIVISION","KOHIOSTANI",85,40,45,NA,1,NA,1,NA,84,40,44,NA
"BALOCHISTAN","NASIRABAD","KACHHI","MACH","SUB-DIVISION","MEWATI",NA,NA,NA,NA,NA,NA,NA,NA,NA,NA,NA,NA
"BALOCHISTAN","NASIRABAD","KACHHI","MACH","SUB-DIVISION","OTHERS",762,133,629,NA,500,19,481,NA,262,114,148,NA
"BALOCHISTAN","NASIRABAD","KACHHI","MACH","SUB-DIVISION","PUNJABI",1407,666,741,NA,6,3,3,NA,1401,663,738,NA
"BALOCHISTAN","NASIRABAD","KACHHI","MACH","SUB-DIVISION","PUSHTO",1863,594,1269,NA,757,71,686,NA,1106,523,583,NA
"BALOCHISTAN","NASIRABAD","KACHHI","MACH","SUB-DIVISION","SARAIKI",1509,694,815,NA,10,5,5,NA,1499,689,810,NA
"BALOCHISTAN","NASIRABAD","KACHHI","MACH","SUB-DIVISION","SHINA",42,24,18,NA,NA,NA,NA,NA,42,24,18,NA
"BALOCHISTAN","NASIRABAD","KACHHI","MACH","SUB-DIVISION","SINDHI",4341,1933,2408,NA,201,92,109,NA,4140,1841,2299,NA
"BALOCHISTAN","NASIRABAD","KACHHI","MACH","SUB-DIVISION","TOTAL",75272,35355,39910,7,30730,14403,16326,1,44542,20952,23584,6
"BALOCHISTAN","NASIRABAD","KACHHI","MACH","SUB-DIVISION","URDU",448,213,235,NA,10,7,3,NA,438,206,232,NA
"BALOCHISTAN","SIBI","DERA BUGTI","MALAM","SUB-TEHSIL","BALOCHI",33298,14632,18666,NA,33298,14632,18666,NA,NA,NA,NA,NA
"BALOCHISTAN","SIBI","DERA BUGTI","MALAM","SUB-TEHSIL","BALTI",NA,NA,NA,NA,NA,NA,NA,NA,NA,NA,NA,NA
"BALOCHISTAN","SIBI","DERA BUGTI","MALAM","SUB-TEHSIL","BRAHVI",NA,NA,NA,NA,NA,NA,NA,NA,NA,NA,NA,NA
"BALOCHISTAN","SIBI","DERA BUGTI","MALAM","SUB-TEHSIL","HINDKO",NA,NA,NA,NA,NA,NA,NA,NA,NA,NA,NA,NA
"BALOCHISTAN","SIBI","DERA BUGTI","MALAM","SUB-TEHSIL","KALASHA",NA,NA,NA,NA,NA,NA,NA,NA,NA,NA,NA,NA
"BALOCHISTAN","SIBI","DERA BUGTI","MALAM","SUB-TEHSIL","KASHMIRI",15,7,8,NA,15,7,8,NA,NA,NA,NA,NA
"BALOCHISTAN","SIBI","DERA BUGTI","MALAM","SUB-TEHSIL","KOHIOSTANI",NA,NA,NA,NA,NA,NA,NA,NA,NA,NA,NA,NA
"BALOCHISTAN","SIBI","DERA BUGTI","MALAM","SUB-TEHSIL","MEWATI",NA,NA,NA,NA,NA,NA,NA,NA,NA,NA,NA,NA
"BALOCHISTAN","SIBI","DERA BUGTI","MALAM","SUB-TEHSIL","OTHERS",4,2,2,NA,4,2,2,NA,NA,NA,NA,NA
"BALOCHISTAN","SIBI","DERA BUGTI","MALAM","SUB-TEHSIL","PUNJABI",2,1,1,NA,2,1,1,NA,NA,NA,NA,NA
"BALOCHISTAN","SIBI","DERA BUGTI","MALAM","SUB-TEHSIL","PUSHTO",2,2,NA,NA,2,2,NA,NA,NA,NA,NA,NA
"BALOCHISTAN","SIBI","DERA BUGTI","MALAM","SUB-TEHSIL","SARAIKI",NA,NA,NA,NA,NA,NA,NA,NA,NA,NA,NA,NA
"BALOCHISTAN","SIBI","DERA BUGTI","MALAM","SUB-TEHSIL","SHINA",NA,NA,NA,NA,NA,NA,NA,NA,NA,NA,NA,NA
"BALOCHISTAN","SIBI","DERA BUGTI","MALAM","SUB-TEHSIL","SINDHI",NA,NA,NA,NA,NA,NA,NA,NA,NA,NA,NA,NA
"BALOCHISTAN","SIBI","DERA BUGTI","MALAM","SUB-TEHSIL","TOTAL",33340,14650,18690,NA,33340,14650,18690,NA,NA,NA,NA,NA
"BALOCHISTAN","SIBI","DERA BUGTI","MALAM","SUB-TEHSIL","URDU",19,6,13,NA,19,6,13,NA,NA,NA,NA,NA
"BALOCHISTAN","MEKRAN","KECH","MAND","TEHSIL","BALOCHI",56663,26590,30070,3,56663,26590,30070,3,NA,NA,NA,NA
"BALOCHISTAN","MEKRAN","KECH","MAND","TEHSIL","BALTI",NA,NA,NA,NA,NA,NA,NA,NA,NA,NA,NA,NA
"BALOCHISTAN","MEKRAN","KECH","MAND","TEHSIL","BRAHVI",21,12,9,NA,21,12,9,NA,NA,NA,NA,NA
"BALOCHISTAN","MEKRAN","KECH","MAND","TEHSIL","HINDKO",2,NA,2,NA,2,NA,2,NA,NA,NA,NA,NA
"BALOCHISTAN","MEKRAN","KECH","MAND","TEHSIL","KALASHA",NA,NA,NA,NA,NA,NA,NA,NA,NA,NA,NA,NA
"BALOCHISTAN","MEKRAN","KECH","MAND","TEHSIL","KASHMIRI",30,15,15,NA,30,15,15,NA,NA,NA,NA,NA
"BALOCHISTAN","MEKRAN","KECH","MAND","TEHSIL","KOHIOSTANI",NA,NA,NA,NA,NA,NA,NA,NA,NA,NA,NA,NA
"BALOCHISTAN","MEKRAN","KECH","MAND","TEHSIL","MEWATI",NA,NA,NA,NA,NA,NA,NA,NA,NA,NA,NA,NA
"BALOCHISTAN","MEKRAN","KECH","MAND","TEHSIL","OTHERS",2,1,1,NA,2,1,1,NA,NA,NA,NA,NA
"BALOCHISTAN","MEKRAN","KECH","MAND","TEHSIL","PUNJABI",4,1,3,NA,4,1,3,NA,NA,NA,NA,NA
"BALOCHISTAN","MEKRAN","KECH","MAND","TEHSIL","PUSHTO",7,2,5,NA,7,2,5,NA,NA,NA,NA,NA
"BALOCHISTAN","MEKRAN","KECH","MAND","TEHSIL","SARAIKI",NA,NA,NA,NA,NA,NA,NA,NA,NA,NA,NA,NA
"BALOCHISTAN","MEKRAN","KECH","MAND","TEHSIL","SHINA",NA,NA,NA,NA,NA,NA,NA,NA,NA,NA,NA,NA
"BALOCHISTAN","MEKRAN","KECH","MAND","TEHSIL","SINDHI",1,1,NA,NA,1,1,NA,NA,NA,NA,NA,NA
"BALOCHISTAN","MEKRAN","KECH","MAND","TEHSIL","TOTAL",56772,26644,30125,3,56772,26644,30125,3,NA,NA,NA,NA
"BALOCHISTAN","MEKRAN","KECH","MAND","TEHSIL","URDU",42,22,20,NA,42,22,20,NA,NA,NA,NA,NA
"BALOCHISTAN","KALAT","KALAT","MANGOCHAR","SUB-DIVISION","BALOCHI",50954,25424,25530,NA,50954,25424,25530,NA,NA,NA,NA,NA
"BALOCHISTAN","KALAT","KALAT","MANGOCHAR","SUB-DIVISION","BALTI",NA,NA,NA,NA,NA,NA,NA,NA,NA,NA,NA,NA
"BALOCHISTAN","KALAT","KALAT","MANGOCHAR","SUB-DIVISION","BRAHVI",27620,13351,14269,NA,27620,13351,14269,NA,NA,NA,NA,NA
"BALOCHISTAN","KALAT","KALAT","MANGOCHAR","SUB-DIVISION","HINDKO",12,6,6,NA,12,6,6,NA,NA,NA,NA,NA
"BALOCHISTAN","KALAT","KALAT","MANGOCHAR","SUB-DIVISION","KALASHA",NA,NA,NA,NA,NA,NA,NA,NA,NA,NA,NA,NA
"BALOCHISTAN","KALAT","KALAT","MANGOCHAR","SUB-DIVISION","KASHMIRI",17,9,8,NA,17,9,8,NA,NA,NA,NA,NA
"BALOCHISTAN","KALAT","KALAT","MANGOCHAR","SUB-DIVISION","KOHIOSTANI",NA,NA,NA,NA,NA,NA,NA,NA,NA,NA,NA,NA
"BALOCHISTAN","KALAT","KALAT","MANGOCHAR","SUB-DIVISION","MEWATI",NA,NA,NA,NA,NA,NA,NA,NA,NA,NA,NA,NA
"BALOCHISTAN","KALAT","KALAT","MANGOCHAR","SUB-DIVISION","OTHERS",1,1,NA,NA,1,1,NA,NA,NA,NA,NA,NA
"BALOCHISTAN","KALAT","KALAT","MANGOCHAR","SUB-DIVISION","PUNJABI",NA,NA,NA,NA,NA,NA,NA,NA,NA,NA,NA,NA
"BALOCHISTAN","KALAT","KALAT","MANGOCHAR","SUB-DIVISION","PUSHTO",1479,747,731,1,1479,747,731,1,NA,NA,NA,NA
"BALOCHISTAN","KALAT","KALAT","MANGOCHAR","SUB-DIVISION","SARAIKI",1,1,NA,NA,1,1,NA,NA,NA,NA,NA,NA
"BALOCHISTAN","KALAT","KALAT","MANGOCHAR","SUB-DIVISION","SHINA",3,1,2,NA,3,1,2,NA,NA,NA,NA,NA
"BALOCHISTAN","KALAT","KALAT","MANGOCHAR","SUB-DIVISION","SINDHI",33,19,14,NA,33,19,14,NA,NA,NA,NA,NA
"BALOCHISTAN","KALAT","KALAT","MANGOCHAR","SUB-DIVISION","TOTAL",80138,39567,40570,1,80138,39567,40570,1,NA,NA,NA,NA
"BALOCHISTAN","KALAT","KALAT","MANGOCHAR","SUB-DIVISION","URDU",18,8,10,NA,18,8,10,NA,NA,NA,NA,NA
"BALOCHISTAN","NASIRABAD","SOHBATPUR","MANJHIPUR","TEHSIL","BALOCHI",10903,5407,5496,NA,10903,5407,5496,NA,NA,NA,NA,NA
"BALOCHISTAN","NASIRABAD","SOHBATPUR","MANJHIPUR","TEHSIL","BALTI",NA,NA,NA,NA,NA,NA,NA,NA,NA,NA,NA,NA
"BALOCHISTAN","NASIRABAD","SOHBATPUR","MANJHIPUR","TEHSIL","BRAHVI",1617,811,806,NA,1617,811,806,NA,NA,NA,NA,NA
"BALOCHISTAN","NASIRABAD","SOHBATPUR","MANJHIPUR","TEHSIL","HINDKO",3,2,1,NA,3,2,1,NA,NA,NA,NA,NA
"BALOCHISTAN","NASIRABAD","SOHBATPUR","MANJHIPUR","TEHSIL","KALASHA",NA,NA,NA,NA,NA,NA,NA,NA,NA,NA,NA,NA
"BALOCHISTAN","NASIRABAD","SOHBATPUR","MANJHIPUR","TEHSIL","KASHMIRI",2,2,NA,NA,2,2,NA,NA,NA,NA,NA,NA
"BALOCHISTAN","NASIRABAD","SOHBATPUR","MANJHIPUR","TEHSIL","KOHIOSTANI",NA,NA,NA,NA,NA,NA,NA,NA,NA,NA,NA,NA
"BALOCHISTAN","NASIRABAD","SOHBATPUR","MANJHIPUR","TEHSIL","MEWATI",NA,NA,NA,NA,NA,NA,NA,NA,NA,NA,NA,NA
"BALOCHISTAN","NASIRABAD","SOHBATPUR","MANJHIPUR","TEHSIL","OTHERS",8,3,5,NA,8,3,5,NA,NA,NA,NA,NA
"BALOCHISTAN","NASIRABAD","SOHBATPUR","MANJHIPUR","TEHSIL","PUNJABI",32,17,15,NA,32,17,15,NA,NA,NA,NA,NA
"BALOCHISTAN","NASIRABAD","SOHBATPUR","MANJHIPUR","TEHSIL","PUSHTO",78,36,42,NA,78,36,42,NA,NA,NA,NA,NA
"BALOCHISTAN","NASIRABAD","SOHBATPUR","MANJHIPUR","TEHSIL","SARAIKI",4894,2455,2439,NA,4894,2455,2439,NA,NA,NA,NA,NA
"BALOCHISTAN","NASIRABAD","SOHBATPUR","MANJHIPUR","TEHSIL","SHINA",NA,NA,NA,NA,NA,NA,NA,NA,NA,NA,NA,NA
"BALOCHISTAN","NASIRABAD","SOHBATPUR","MANJHIPUR","TEHSIL","SINDHI",6039,2989,3050,NA,6039,2989,3050,NA,NA,NA,NA,NA
"BALOCHISTAN","NASIRABAD","SOHBATPUR","MANJHIPUR","TEHSIL","TOTAL",23624,11748,11876,NA,23624,11748,11876,NA,NA,NA,NA,NA
"BALOCHISTAN","NASIRABAD","SOHBATPUR","MANJHIPUR","TEHSIL","URDU",48,26,22,NA,48,26,22,NA,NA,NA,NA,NA
"BALOCHISTAN","KALAT","AWARAN","MASHKAI","TEHSIL","BALOCHI",43649,21118,22525,6,26089,12734,13350,5,17560,8384,9175,1
"BALOCHISTAN","KALAT","AWARAN","MASHKAI","TEHSIL","BALTI",NA,NA,NA,NA,NA,NA,NA,NA,NA,NA,NA,NA
"BALOCHISTAN","KALAT","AWARAN","MASHKAI","TEHSIL","BRAHVI",2069,1052,1017,NA,1613,830,783,NA,456,222,234,NA
"BALOCHISTAN","KALAT","AWARAN","MASHKAI","TEHSIL","HINDKO",2,NA,2,NA,2,NA,2,NA,NA,NA,NA,NA
"BALOCHISTAN","KALAT","AWARAN","MASHKAI","TEHSIL","KALASHA",NA,NA,NA,NA,NA,NA,NA,NA,NA,NA,NA,NA
"BALOCHISTAN","KALAT","AWARAN","MASHKAI","TEHSIL","KASHMIRI",25,15,10,NA,12,6,6,NA,13,9,4,NA
"BALOCHISTAN","KALAT","AWARAN","MASHKAI","TEHSIL","KOHIOSTANI",NA,NA,NA,NA,NA,NA,NA,NA,NA,NA,NA,NA
"BALOCHISTAN","KALAT","AWARAN","MASHKAI","TEHSIL","MEWATI",NA,NA,NA,NA,NA,NA,NA,NA,NA,NA,NA,NA
"BALOCHISTAN","KALAT","AWARAN","MASHKAI","TEHSIL","OTHERS",67,24,43,NA,65,24,41,NA,2,NA,2,NA
"BALOCHISTAN","KALAT","AWARAN","MASHKAI","TEHSIL","PUNJABI",3,2,1,NA,2,2,NA,NA,1,NA,1,NA
"BALOCHISTAN","KALAT","AWARAN","MASHKAI","TEHSIL","PUSHTO",5,2,3,NA,4,2,2,NA,1,NA,1,NA
"BALOCHISTAN","KALAT","AWARAN","MASHKAI","TEHSIL","SARAIKI",NA,NA,NA,NA,NA,NA,NA,NA,NA,NA,NA,NA
"BALOCHISTAN","KALAT","AWARAN","MASHKAI","TEHSIL","SHINA",NA,NA,NA,NA,NA,NA,NA,NA,NA,NA,NA,NA
"BALOCHISTAN","KALAT","AWARAN","MASHKAI","TEHSIL","SINDHI",4,2,2,NA,NA,NA,NA,NA,4,2,2,NA
"BALOCHISTAN","KALAT","AWARAN","MASHKAI","TEHSIL","TOTAL",45938,22258,23674,6,27882,13635,14242,5,18056,8623,9432,1
"BALOCHISTAN","KALAT","AWARAN","MASHKAI","TEHSIL","URDU",114,43,71,NA,95,37,58,NA,19,6,13,NA
"BALOCHISTAN","RAKHSHAN","WASHUK","MASHKHEL","SUB-DIVISION","BALOCHI",67055,30475,36573,7,67055,30475,36573,7,NA,NA,NA,NA
"BALOCHISTAN","RAKHSHAN","WASHUK","MASHKHEL","SUB-DIVISION","BALTI",NA,NA,NA,NA,NA,NA,NA,NA,NA,NA,NA,NA
"BALOCHISTAN","RAKHSHAN","WASHUK","MASHKHEL","SUB-DIVISION","BRAHVI",10,3,7,NA,10,3,7,NA,NA,NA,NA,NA
"BALOCHISTAN","RAKHSHAN","WASHUK","MASHKHEL","SUB-DIVISION","HINDKO",1,1,NA,NA,1,1,NA,NA,NA,NA,NA,NA
"BALOCHISTAN","RAKHSHAN","WASHUK","MASHKHEL","SUB-DIVISION","KALASHA",NA,NA,NA,NA,NA,NA,NA,NA,NA,NA,NA,NA
"BALOCHISTAN","RAKHSHAN","WASHUK","MASHKHEL","SUB-DIVISION","KASHMIRI",33,15,18,NA,33,15,18,NA,NA,NA,NA,NA
"BALOCHISTAN","RAKHSHAN","WASHUK","MASHKHEL","SUB-DIVISION","KOHIOSTANI",NA,NA,NA,NA,NA,NA,NA,NA,NA,NA,NA,NA
"BALOCHISTAN","RAKHSHAN","WASHUK","MASHKHEL","SUB-DIVISION","MEWATI",NA,NA,NA,NA,NA,NA,NA,NA,NA,NA,NA,NA
"BALOCHISTAN","RAKHSHAN","WASHUK","MASHKHEL","SUB-DIVISION","OTHERS",1,NA,1,NA,1,NA,1,NA,NA,NA,NA,NA
"BALOCHISTAN","RAKHSHAN","WASHUK","MASHKHEL","SUB-DIVISION","PUNJABI",1,NA,1,NA,1,NA,1,NA,NA,NA,NA,NA
"BALOCHISTAN","RAKHSHAN","WASHUK","MASHKHEL","SUB-DIVISION","PUSHTO",30,11,19,NA,30,11,19,NA,NA,NA,NA,NA
"BALOCHISTAN","RAKHSHAN","WASHUK","MASHKHEL","SUB-DIVISION","SARAIKI",NA,NA,NA,NA,NA,NA,NA,NA,NA,NA,NA,NA
"BALOCHISTAN","RAKHSHAN","WASHUK","MASHKHEL","SUB-DIVISION","SHINA",NA,NA,NA,NA,NA,NA,NA,NA,NA,NA,NA,NA
"BALOCHISTAN","RAKHSHAN","WASHUK","MASHKHEL","SUB-DIVISION","SINDHI",NA,NA,NA,NA,NA,NA,NA,NA,NA,NA,NA,NA
"BALOCHISTAN","RAKHSHAN","WASHUK","MASHKHEL","SUB-DIVISION","TOTAL",67142,30513,36622,7,67142,30513,36622,7,NA,NA,NA,NA
"BALOCHISTAN","RAKHSHAN","WASHUK","MASHKHEL","SUB-DIVISION","URDU",11,8,3,NA,11,8,3,NA,NA,NA,NA,NA
"BALOCHISTAN","KALAT","MASTUNG","MASTUNG","SUB-DIVISION","BALOCHI",20484,9452,11032,NA,13144,6087,7057,NA,7340,3365,3975,NA
"BALOCHISTAN","KALAT","MASTUNG","MASTUNG","SUB-DIVISION","BALTI",NA,NA,NA,NA,NA,NA,NA,NA,NA,NA,NA,NA
"BALOCHISTAN","KALAT","MASTUNG","MASTUNG","SUB-DIVISION","BRAHVI",132804,62760,70042,2,104853,49588,55263,2,27951,13172,14779,NA
"BALOCHISTAN","KALAT","MASTUNG","MASTUNG","SUB-DIVISION","HINDKO",165,58,107,NA,60,25,35,NA,105,33,72,NA
"BALOCHISTAN","KALAT","MASTUNG","MASTUNG","SUB-DIVISION","KALASHA",NA,NA,NA,NA,NA,NA,NA,NA,NA,NA,NA,NA
"BALOCHISTAN","KALAT","MASTUNG","MASTUNG","SUB-DIVISION","KASHMIRI",15,6,9,NA,10,4,6,NA,5,2,3,NA
"BALOCHISTAN","KALAT","MASTUNG","MASTUNG","SUB-DIVISION","KOHIOSTANI",NA,NA,NA,NA,NA,NA,NA,NA,NA,NA,NA,NA
"BALOCHISTAN","KALAT","MASTUNG","MASTUNG","SUB-DIVISION","MEWATI",NA,NA,NA,NA,NA,NA,NA,NA,NA,NA,NA,NA
"BALOCHISTAN","KALAT","MASTUNG","MASTUNG","SUB-DIVISION","OTHERS",1644,832,812,NA,167,83,84,NA,1477,749,728,NA
"BALOCHISTAN","KALAT","MASTUNG","MASTUNG","SUB-DIVISION","PUNJABI",200,100,100,NA,37,19,18,NA,163,81,82,NA
"BALOCHISTAN","KALAT","MASTUNG","MASTUNG","SUB-DIVISION","PUSHTO",4103,1846,2257,NA,2830,1231,1599,NA,1273,615,658,NA
"BALOCHISTAN","KALAT","MASTUNG","MASTUNG","SUB-DIVISION","SARAIKI",736,335,401,NA,115,54,61,NA,621,281,340,NA
"BALOCHISTAN","KALAT","MASTUNG","MASTUNG","SUB-DIVISION","SHINA",115,65,50,NA,58,28,30,NA,57,37,20,NA
"BALOCHISTAN","KALAT","MASTUNG","MASTUNG","SUB-DIVISION","SINDHI",1458,702,756,NA,251,115,136,NA,1207,587,620,NA
"BALOCHISTAN","KALAT","MASTUNG","MASTUNG","SUB-DIVISION","TOTAL",161851,76229,85620,2,121588,57271,64315,2,40263,18958,21305,NA
"BALOCHISTAN","KALAT","MASTUNG","MASTUNG","SUB-DIVISION","URDU",127,73,54,NA,63,37,26,NA,64,36,28,NA
"BALOCHISTAN","SIBI","KOHLU","MAWAND","SUB-DIVISION","BALOCHI",51492,24579,26912,1,51492,24579,26912,1,NA,NA,NA,NA
"BALOCHISTAN","SIBI","KOHLU","MAWAND","SUB-DIVISION","BALTI",NA,NA,NA,NA,NA,NA,NA,NA,NA,NA,NA,NA
"BALOCHISTAN","SIBI","KOHLU","MAWAND","SUB-DIVISION","BRAHVI",NA,NA,NA,NA,NA,NA,NA,NA,NA,NA,NA,NA
"BALOCHISTAN","SIBI","KOHLU","MAWAND","SUB-DIVISION","HINDKO",NA,NA,NA,NA,NA,NA,NA,NA,NA,NA,NA,NA
"BALOCHISTAN","SIBI","KOHLU","MAWAND","SUB-DIVISION","KALASHA",NA,NA,NA,NA,NA,NA,NA,NA,NA,NA,NA,NA
"BALOCHISTAN","SIBI","KOHLU","MAWAND","SUB-DIVISION","KASHMIRI",21,9,12,NA,21,9,12,NA,NA,NA,NA,NA
"BALOCHISTAN","SIBI","KOHLU","MAWAND","SUB-DIVISION","KOHIOSTANI",NA,NA,NA,NA,NA,NA,NA,NA,NA,NA,NA,NA
"BALOCHISTAN","SIBI","KOHLU","MAWAND","SUB-DIVISION","MEWATI",NA,NA,NA,NA,NA,NA,NA,NA,NA,NA,NA,NA
"BALOCHISTAN","SIBI","KOHLU","MAWAND","SUB-DIVISION","OTHERS",1,NA,1,NA,1,NA,1,NA,NA,NA,NA,NA
"BALOCHISTAN","SIBI","KOHLU","MAWAND","SUB-DIVISION","PUNJABI",5,4,1,NA,5,4,1,NA,NA,NA,NA,NA
"BALOCHISTAN","SIBI","KOHLU","MAWAND","SUB-DIVISION","PUSHTO",7,3,4,NA,7,3,4,NA,NA,NA,NA,NA
"BALOCHISTAN","SIBI","KOHLU","MAWAND","SUB-DIVISION","SARAIKI",1,1,NA,NA,1,1,NA,NA,NA,NA,NA,NA
"BALOCHISTAN","SIBI","KOHLU","MAWAND","SUB-DIVISION","SHINA",NA,NA,NA,NA,NA,NA,NA,NA,NA,NA,NA,NA
"BALOCHISTAN","SIBI","KOHLU","MAWAND","SUB-DIVISION","SINDHI",1,1,NA,NA,1,1,NA,NA,NA,NA,NA,NA
"BALOCHISTAN","SIBI","KOHLU","MAWAND","SUB-DIVISION","TOTAL",51635,24632,27001,2,51635,24632,27001,2,NA,NA,NA,NA
"BALOCHISTAN","SIBI","KOHLU","MAWAND","SUB-DIVISION","URDU",107,35,71,1,107,35,71,1,NA,NA,NA,NA
"BALOCHISTAN","LORALAI","LORALAI","MEKHTAR","SUB-DIVISION","BALOCHI",237,126,111,NA,237,126,111,NA,NA,NA,NA,NA
"BALOCHISTAN","LORALAI","LORALAI","MEKHTAR","SUB-DIVISION","BALTI",NA,NA,NA,NA,NA,NA,NA,NA,NA,NA,NA,NA
"BALOCHISTAN","LORALAI","LORALAI","MEKHTAR","SUB-DIVISION","BRAHVI",NA,NA,NA,NA,NA,NA,NA,NA,NA,NA,NA,NA
"BALOCHISTAN","LORALAI","LORALAI","MEKHTAR","SUB-DIVISION","HINDKO",NA,NA,NA,NA,NA,NA,NA,NA,NA,NA,NA,NA
"BALOCHISTAN","LORALAI","LORALAI","MEKHTAR","SUB-DIVISION","KALASHA",NA,NA,NA,NA,NA,NA,NA,NA,NA,NA,NA,NA
"BALOCHISTAN","LORALAI","LORALAI","MEKHTAR","SUB-DIVISION","KASHMIRI",19,10,9,NA,19,10,9,NA,NA,NA,NA,NA
"BALOCHISTAN","LORALAI","LORALAI","MEKHTAR","SUB-DIVISION","KOHIOSTANI",1,NA,1,NA,1,NA,1,NA,NA,NA,NA,NA
"BALOCHISTAN","LORALAI","LORALAI","MEKHTAR","SUB-DIVISION","MEWATI",NA,NA,NA,NA,NA,NA,NA,NA,NA,NA,NA,NA
"BALOCHISTAN","LORALAI","LORALAI","MEKHTAR","SUB-DIVISION","OTHERS",6,3,3,NA,6,3,3,NA,NA,NA,NA,NA
"BALOCHISTAN","LORALAI","LORALAI","MEKHTAR","SUB-DIVISION","PUNJABI",18,8,10,NA,18,8,10,NA,NA,NA,NA,NA
"BALOCHISTAN","LORALAI","LORALAI","MEKHTAR","SUB-DIVISION","PUSHTO",46331,22166,24162,3,46331,22166,24162,3,NA,NA,NA,NA
"BALOCHISTAN","LORALAI","LORALAI","MEKHTAR","SUB-DIVISION","SARAIKI",107,57,50,NA,107,57,50,NA,NA,NA,NA,NA
"BALOCHISTAN","LORALAI","LORALAI","MEKHTAR","SUB-DIVISION","SHINA",NA,NA,NA,NA,NA,NA,NA,NA,NA,NA,NA,NA
"BALOCHISTAN","LORALAI","LORALAI","MEKHTAR","SUB-DIVISION","SINDHI",23,13,10,NA,23,13,10,NA,NA,NA,NA,NA
"BALOCHISTAN","LORALAI","LORALAI","MEKHTAR","SUB-DIVISION","TOTAL",46774,22396,24375,3,46774,22396,24375,3,NA,NA,NA,NA
"BALOCHISTAN","LORALAI","LORALAI","MEKHTAR","SUB-DIVISION","URDU",32,13,19,NA,32,13,19,NA,NA,NA,NA,NA
"BALOCHISTAN","NASIRABAD","NASIRABAD","MIR HASSAN KHOSA","TEHSIL","BALOCHI",22438,11380,11054,4,22438,11380,11054,4,NA,NA,NA,NA
"BALOCHISTAN","NASIRABAD","NASIRABAD","MIR HASSAN KHOSA","TEHSIL","BALTI",NA,NA,NA,NA,NA,NA,NA,NA,NA,NA,NA,NA
"BALOCHISTAN","NASIRABAD","NASIRABAD","MIR HASSAN KHOSA","TEHSIL","BRAHVI",1821,924,897,NA,1821,924,897,NA,NA,NA,NA,NA
"BALOCHISTAN","NASIRABAD","NASIRABAD","MIR HASSAN KHOSA","TEHSIL","HINDKO",141,74,67,NA,141,74,67,NA,NA,NA,NA,NA
"BALOCHISTAN","NASIRABAD","NASIRABAD","MIR HASSAN KHOSA","TEHSIL","KALASHA",NA,NA,NA,NA,NA,NA,NA,NA,NA,NA,NA,NA
"BALOCHISTAN","NASIRABAD","NASIRABAD","MIR HASSAN KHOSA","TEHSIL","KASHMIRI",12,6,6,NA,12,6,6,NA,NA,NA,NA,NA
"BALOCHISTAN","NASIRABAD","NASIRABAD","MIR HASSAN KHOSA","TEHSIL","KOHIOSTANI",NA,NA,NA,NA,NA,NA,NA,NA,NA,NA,NA,NA
"BALOCHISTAN","NASIRABAD","NASIRABAD","MIR HASSAN KHOSA","TEHSIL","MEWATI",NA,NA,NA,NA,NA,NA,NA,NA,NA,NA,NA,NA
"BALOCHISTAN","NASIRABAD","NASIRABAD","MIR HASSAN KHOSA","TEHSIL","OTHERS",23,8,15,NA,23,8,15,NA,NA,NA,NA,NA
"BALOCHISTAN","NASIRABAD","NASIRABAD","MIR HASSAN KHOSA","TEHSIL","PUNJABI",3,1,2,NA,3,1,2,NA,NA,NA,NA,NA
"BALOCHISTAN","NASIRABAD","NASIRABAD","MIR HASSAN KHOSA","TEHSIL","PUSHTO",182,89,92,1,182,89,92,1,NA,NA,NA,NA
"BALOCHISTAN","NASIRABAD","NASIRABAD","MIR HASSAN KHOSA","TEHSIL","SARAIKI",5490,2803,2687,NA,5490,2803,2687,NA,NA,NA,NA,NA
"BALOCHISTAN","NASIRABAD","NASIRABAD","MIR HASSAN KHOSA","TEHSIL","SHINA",NA,NA,NA,NA,NA,NA,NA,NA,NA,NA,NA,NA
"BALOCHISTAN","NASIRABAD","NASIRABAD","MIR HASSAN KHOSA","TEHSIL","SINDHI",23259,11533,11725,1,23259,11533,11725,1,NA,NA,NA,NA
"BALOCHISTAN","NASIRABAD","NASIRABAD","MIR HASSAN KHOSA","TEHSIL","TOTAL",53400,26837,26557,6,53400,26837,26557,6,NA,NA,NA,NA
"BALOCHISTAN","NASIRABAD","NASIRABAD","MIR HASSAN KHOSA","TEHSIL","URDU",31,19,12,NA,31,19,12,NA,NA,NA,NA,NA
"BALOCHISTAN","NASIRABAD","JHAL MAGSI","MIRPUR","SUB-TEHSIL","BALOCHI",4244,2049,2195,NA,4244,2049,2195,NA,NA,NA,NA,NA
"BALOCHISTAN","NASIRABAD","JHAL MAGSI","MIRPUR","SUB-TEHSIL","BALTI",NA,NA,NA,NA,NA,NA,NA,NA,NA,NA,NA,NA
"BALOCHISTAN","NASIRABAD","JHAL MAGSI","MIRPUR","SUB-TEHSIL","BRAHVI",1518,744,774,NA,1518,744,774,NA,NA,NA,NA,NA
"BALOCHISTAN","NASIRABAD","JHAL MAGSI","MIRPUR","SUB-TEHSIL","HINDKO",17,8,9,NA,17,8,9,NA,NA,NA,NA,NA
"BALOCHISTAN","NASIRABAD","JHAL MAGSI","MIRPUR","SUB-TEHSIL","KALASHA",NA,NA,NA,NA,NA,NA,NA,NA,NA,NA,NA,NA
"BALOCHISTAN","NASIRABAD","JHAL MAGSI","MIRPUR","SUB-TEHSIL","KASHMIRI",11,9,2,NA,11,9,2,NA,NA,NA,NA,NA
"BALOCHISTAN","NASIRABAD","JHAL MAGSI","MIRPUR","SUB-TEHSIL","KOHIOSTANI",NA,NA,NA,NA,NA,NA,NA,NA,NA,NA,NA,NA
"BALOCHISTAN","NASIRABAD","JHAL MAGSI","MIRPUR","SUB-TEHSIL","MEWATI",NA,NA,NA,NA,NA,NA,NA,NA,NA,NA,NA,NA
"BALOCHISTAN","NASIRABAD","JHAL MAGSI","MIRPUR","SUB-TEHSIL","OTHERS",4,1,3,NA,4,1,3,NA,NA,NA,NA,NA
"BALOCHISTAN","NASIRABAD","JHAL MAGSI","MIRPUR","SUB-TEHSIL","PUNJABI",NA,NA,NA,NA,NA,NA,NA,NA,NA,NA,NA,NA
"BALOCHISTAN","NASIRABAD","JHAL MAGSI","MIRPUR","SUB-TEHSIL","PUSHTO",NA,NA,NA,NA,NA,NA,NA,NA,NA,NA,NA,NA
"BALOCHISTAN","NASIRABAD","JHAL MAGSI","MIRPUR","SUB-TEHSIL","SARAIKI",7631,3815,3816,NA,7631,3815,3816,NA,NA,NA,NA,NA
"BALOCHISTAN","NASIRABAD","JHAL MAGSI","MIRPUR","SUB-TEHSIL","SHINA",NA,NA,NA,NA,NA,NA,NA,NA,NA,NA,NA,NA
"BALOCHISTAN","NASIRABAD","JHAL MAGSI","MIRPUR","SUB-TEHSIL","SINDHI",2182,1185,997,NA,2182,1185,997,NA,NA,NA,NA,NA
"BALOCHISTAN","NASIRABAD","JHAL MAGSI","MIRPUR","SUB-TEHSIL","TOTAL",15610,7813,7797,NA,15610,7813,7797,NA,NA,NA,NA,NA
"BALOCHISTAN","NASIRABAD","JHAL MAGSI","MIRPUR","SUB-TEHSIL","URDU",3,2,1,NA,3,2,1,NA,NA,NA,NA,NA
"BALOCHISTAN","KALAT","KHUZDAR","MOOLA","SUB-TEHSIL","BALOCHI",478,173,305,NA,478,173,305,NA,NA,NA,NA,NA
"BALOCHISTAN","KALAT","KHUZDAR","MOOLA","SUB-TEHSIL","BALTI",NA,NA,NA,NA,NA,NA,NA,NA,NA,NA,NA,NA
"BALOCHISTAN","KALAT","KHUZDAR","MOOLA","SUB-TEHSIL","BRAHVI",31806,15074,16732,NA,31806,15074,16732,NA,NA,NA,NA,NA
"BALOCHISTAN","KALAT","KHUZDAR","MOOLA","SUB-TEHSIL","HINDKO",15,6,9,NA,15,6,9,NA,NA,NA,NA,NA
"BALOCHISTAN","KALAT","KHUZDAR","MOOLA","SUB-TEHSIL","KALASHA",NA,NA,NA,NA,NA,NA,NA,NA,NA,NA,NA,NA
"BALOCHISTAN","KALAT","KHUZDAR","MOOLA","SUB-TEHSIL","KASHMIRI",106,31,75,NA,106,31,75,NA,NA,NA,NA,NA
"BALOCHISTAN","KALAT","KHUZDAR","MOOLA","SUB-TEHSIL","KOHIOSTANI",NA,NA,NA,NA,NA,NA,NA,NA,NA,NA,NA,NA
"BALOCHISTAN","KALAT","KHUZDAR","MOOLA","SUB-TEHSIL","MEWATI",NA,NA,NA,NA,NA,NA,NA,NA,NA,NA,NA,NA
"BALOCHISTAN","KALAT","KHUZDAR","MOOLA","SUB-TEHSIL","OTHERS",12,3,9,NA,12,3,9,NA,NA,NA,NA,NA
"BALOCHISTAN","KALAT","KHUZDAR","MOOLA","SUB-TEHSIL","PUNJABI",35,11,24,NA,35,11,24,NA,NA,NA,NA,NA
"BALOCHISTAN","KALAT","KHUZDAR","MOOLA","SUB-TEHSIL","PUSHTO",25,9,16,NA,25,9,16,NA,NA,NA,NA,NA
"BALOCHISTAN","KALAT","KHUZDAR","MOOLA","SUB-TEHSIL","SARAIKI",76,20,56,NA,76,20,56,NA,NA,NA,NA,NA
"BALOCHISTAN","KALAT","KHUZDAR","MOOLA","SUB-TEHSIL","SHINA",4,1,3,NA,4,1,3,NA,NA,NA,NA,NA
"BALOCHISTAN","KALAT","KHUZDAR","MOOLA","SUB-TEHSIL","SINDHI",74,30,44,NA,74,30,44,NA,NA,NA,NA,NA
"BALOCHISTAN","KALAT","KHUZDAR","MOOLA","SUB-TEHSIL","TOTAL",32689,15372,17317,NA,32689,15372,17317,NA,NA,NA,NA,NA
"BALOCHISTAN","KALAT","KHUZDAR","MOOLA","SUB-TEHSIL","URDU",58,14,44,NA,58,14,44,NA,NA,NA,NA,NA
"BALOCHISTAN","LORALAI","MUSAKHEL","MUSAKHEL","TEHSIL","BALOCHI",290,146,144,NA,26,15,11,NA,264,131,133,NA
"BALOCHISTAN","LORALAI","MUSAKHEL","MUSAKHEL","TEHSIL","BALTI",NA,NA,NA,NA,NA,NA,NA,NA,NA,NA,NA,NA
"BALOCHISTAN","LORALAI","MUSAKHEL","MUSAKHEL","TEHSIL","BRAHVI",NA,NA,NA,NA,NA,NA,NA,NA,NA,NA,NA,NA
"BALOCHISTAN","LORALAI","MUSAKHEL","MUSAKHEL","TEHSIL","HINDKO",NA,NA,NA,NA,NA,NA,NA,NA,NA,NA,NA,NA
"BALOCHISTAN","LORALAI","MUSAKHEL","MUSAKHEL","TEHSIL","KALASHA",NA,NA,NA,NA,NA,NA,NA,NA,NA,NA,NA,NA
"BALOCHISTAN","LORALAI","MUSAKHEL","MUSAKHEL","TEHSIL","KASHMIRI",3,2,1,NA,NA,NA,NA,NA,3,2,1,NA
"BALOCHISTAN","LORALAI","MUSAKHEL","MUSAKHEL","TEHSIL","KOHIOSTANI",NA,NA,NA,NA,NA,NA,NA,NA,NA,NA,NA,NA
"BALOCHISTAN","LORALAI","MUSAKHEL","MUSAKHEL","TEHSIL","MEWATI",NA,NA,NA,NA,NA,NA,NA,NA,NA,NA,NA,NA
"BALOCHISTAN","LORALAI","MUSAKHEL","MUSAKHEL","TEHSIL","OTHERS",256,134,122,NA,5,3,2,NA,251,131,120,NA
"BALOCHISTAN","LORALAI","MUSAKHEL","MUSAKHEL","TEHSIL","PUNJABI",9,6,3,NA,1,NA,1,NA,8,6,2,NA
"BALOCHISTAN","LORALAI","MUSAKHEL","MUSAKHEL","TEHSIL","PUSHTO",49111,22410,26699,2,33968,15433,18533,2,15143,6977,8166,NA
"BALOCHISTAN","LORALAI","MUSAKHEL","MUSAKHEL","TEHSIL","SARAIKI",128,53,75,NA,NA,NA,NA,NA,128,53,75,NA
"BALOCHISTAN","LORALAI","MUSAKHEL","MUSAKHEL","TEHSIL","SHINA",NA,NA,NA,NA,NA,NA,NA,NA,NA,NA,NA,NA
"BALOCHISTAN","LORALAI","MUSAKHEL","MUSAKHEL","TEHSIL","SINDHI",3,1,2,NA,3,1,2,NA,NA,NA,NA,NA
"BALOCHISTAN","LORALAI","MUSAKHEL","MUSAKHEL","TEHSIL","TOTAL",49809,22756,27051,2,34004,15452,18550,2,15805,7304,8501,NA
"BALOCHISTAN","LORALAI","MUSAKHEL","MUSAKHEL","TEHSIL","URDU",9,4,5,NA,1,NA,1,NA,8,4,4,NA
"BALOCHISTAN","ZHOB","KILLA SAIFULLAH","MUSLIM BAGH","TEHSIL","BALOCHI",79,37,42,NA,37,17,20,NA,42,20,22,NA
"BALOCHISTAN","ZHOB","KILLA SAIFULLAH","MUSLIM BAGH","TEHSIL","BALTI",NA,NA,NA,NA,NA,NA,NA,NA,NA,NA,NA,NA
"BALOCHISTAN","ZHOB","KILLA SAIFULLAH","MUSLIM BAGH","TEHSIL","BRAHVI",NA,NA,NA,NA,NA,NA,NA,NA,NA,NA,NA,NA
"BALOCHISTAN","ZHOB","KILLA SAIFULLAH","MUSLIM BAGH","TEHSIL","HINDKO",5,NA,5,NA,NA,NA,NA,NA,5,NA,5,NA
"BALOCHISTAN","ZHOB","KILLA SAIFULLAH","MUSLIM BAGH","TEHSIL","KALASHA",NA,NA,NA,NA,NA,NA,NA,NA,NA,NA,NA,NA
"BALOCHISTAN","ZHOB","KILLA SAIFULLAH","MUSLIM BAGH","TEHSIL","KASHMIRI",30,10,20,NA,7,2,5,NA,23,8,15,NA
"BALOCHISTAN","ZHOB","KILLA SAIFULLAH","MUSLIM BAGH","TEHSIL","KOHIOSTANI",NA,NA,NA,NA,NA,NA,NA,NA,NA,NA,NA,NA
"BALOCHISTAN","ZHOB","KILLA SAIFULLAH","MUSLIM BAGH","TEHSIL","MEWATI",NA,NA,NA,NA,NA,NA,NA,NA,NA,NA,NA,NA
"BALOCHISTAN","ZHOB","KILLA SAIFULLAH","MUSLIM BAGH","TEHSIL","OTHERS",26,10,16,NA,2,1,1,NA,24,9,15,NA
"BALOCHISTAN","ZHOB","KILLA SAIFULLAH","MUSLIM BAGH","TEHSIL","PUNJABI",259,131,128,NA,12,6,6,NA,247,125,122,NA
"BALOCHISTAN","ZHOB","KILLA SAIFULLAH","MUSLIM BAGH","TEHSIL","PUSHTO",83233,40437,42796,NA,54590,25998,28592,NA,28643,14439,14204,NA
"BALOCHISTAN","ZHOB","KILLA SAIFULLAH","MUSLIM BAGH","TEHSIL","SARAIKI",48,15,33,NA,1,NA,1,NA,47,15,32,NA
"BALOCHISTAN","ZHOB","KILLA SAIFULLAH","MUSLIM BAGH","TEHSIL","SHINA",NA,NA,NA,NA,NA,NA,NA,NA,NA,NA,NA,NA
"BALOCHISTAN","ZHOB","KILLA SAIFULLAH","MUSLIM BAGH","TEHSIL","SINDHI",4,2,2,NA,2,NA,2,NA,2,2,NA,NA
"BALOCHISTAN","ZHOB","KILLA SAIFULLAH","MUSLIM BAGH","TEHSIL","TOTAL",83795,40702,43093,NA,54663,26034,28629,NA,29132,14668,14464,NA
"BALOCHISTAN","ZHOB","KILLA SAIFULLAH","MUSLIM BAGH","TEHSIL","URDU",111,60,51,NA,12,10,2,NA,99,50,49,NA
"BALOCHISTAN","RAKHSHAN","WASHUK","NAG","SUB-TEHSIL","BALOCHI",25510,11872,13631,7,25510,11872,13631,7,NA,NA,NA,NA
"BALOCHISTAN","RAKHSHAN","WASHUK","NAG","SUB-TEHSIL","BALTI",NA,NA,NA,NA,NA,NA,NA,NA,NA,NA,NA,NA
"BALOCHISTAN","RAKHSHAN","WASHUK","NAG","SUB-TEHSIL","BRAHVI",31782,14223,17553,6,31782,14223,17553,6,NA,NA,NA,NA
"BALOCHISTAN","RAKHSHAN","WASHUK","NAG","SUB-TEHSIL","HINDKO",10,3,7,NA,10,3,7,NA,NA,NA,NA,NA
"BALOCHISTAN","RAKHSHAN","WASHUK","NAG","SUB-TEHSIL","KALASHA",NA,NA,NA,NA,NA,NA,NA,NA,NA,NA,NA,NA
"BALOCHISTAN","RAKHSHAN","WASHUK","NAG","SUB-TEHSIL","KASHMIRI",22,13,9,NA,22,13,9,NA,NA,NA,NA,NA
"BALOCHISTAN","RAKHSHAN","WASHUK","NAG","SUB-TEHSIL","KOHIOSTANI",NA,NA,NA,NA,NA,NA,NA,NA,NA,NA,NA,NA
"BALOCHISTAN","RAKHSHAN","WASHUK","NAG","SUB-TEHSIL","MEWATI",NA,NA,NA,NA,NA,NA,NA,NA,NA,NA,NA,NA
"BALOCHISTAN","RAKHSHAN","WASHUK","NAG","SUB-TEHSIL","OTHERS",6,3,3,NA,6,3,3,NA,NA,NA,NA,NA
"BALOCHISTAN","RAKHSHAN","WASHUK","NAG","SUB-TEHSIL","PUNJABI",13,2,11,NA,13,2,11,NA,NA,NA,NA,NA
"BALOCHISTAN","RAKHSHAN","WASHUK","NAG","SUB-TEHSIL","PUSHTO",4,1,3,NA,4,1,3,NA,NA,NA,NA,NA
"BALOCHISTAN","RAKHSHAN","WASHUK","NAG","SUB-TEHSIL","SARAIKI",27,6,21,NA,27,6,21,NA,NA,NA,NA,NA
"BALOCHISTAN","RAKHSHAN","WASHUK","NAG","SUB-TEHSIL","SHINA",4,NA,4,NA,4,NA,4,NA,NA,NA,NA,NA
"BALOCHISTAN","RAKHSHAN","WASHUK","NAG","SUB-TEHSIL","SINDHI",14,6,8,NA,14,6,8,NA,NA,NA,NA,NA
"BALOCHISTAN","RAKHSHAN","WASHUK","NAG","SUB-TEHSIL","TOTAL",57467,26154,31300,13,57467,26154,31300,13,NA,NA,NA,NA
"BALOCHISTAN","RAKHSHAN","WASHUK","NAG","SUB-TEHSIL","URDU",75,25,50,NA,75,25,50,NA,NA,NA,NA,NA
"BALOCHISTAN","KALAT","KHUZDAR","NAL","SUB-DIVISION","BALOCHI",87685,39724,47959,2,40013,18506,21506,1,47672,21218,26453,1
"BALOCHISTAN","KALAT","KHUZDAR","NAL","SUB-DIVISION","BALTI",NA,NA,NA,NA,NA,NA,NA,NA,NA,NA,NA,NA
"BALOCHISTAN","KALAT","KHUZDAR","NAL","SUB-DIVISION","BRAHVI",15560,7338,8222,NA,14849,7034,7815,NA,711,304,407,NA
"BALOCHISTAN","KALAT","KHUZDAR","NAL","SUB-DIVISION","HINDKO",1,1,NA,NA,1,1,NA,NA,NA,NA,NA,NA
"BALOCHISTAN","KALAT","KHUZDAR","NAL","SUB-DIVISION","KALASHA",NA,NA,NA,NA,NA,NA,NA,NA,NA,NA,NA,NA
"BALOCHISTAN","KALAT","KHUZDAR","NAL","SUB-DIVISION","KASHMIRI",35,21,14,NA,20,12,8,NA,15,9,6,NA
"BALOCHISTAN","KALAT","KHUZDAR","NAL","SUB-DIVISION","KOHIOSTANI",NA,NA,NA,NA,NA,NA,NA,NA,NA,NA,NA,NA
"BALOCHISTAN","KALAT","KHUZDAR","NAL","SUB-DIVISION","MEWATI",NA,NA,NA,NA,NA,NA,NA,NA,NA,NA,NA,NA
"BALOCHISTAN","KALAT","KHUZDAR","NAL","SUB-DIVISION","OTHERS",39,16,23,NA,33,15,18,NA,6,1,5,NA
"BALOCHISTAN","KALAT","KHUZDAR","NAL","SUB-DIVISION","PUNJABI",4,1,3,NA,NA,NA,NA,NA,4,1,3,NA
"BALOCHISTAN","KALAT","KHUZDAR","NAL","SUB-DIVISION","PUSHTO",13,4,9,NA,1,1,NA,NA,12,3,9,NA
"BALOCHISTAN","KALAT","KHUZDAR","NAL","SUB-DIVISION","SARAIKI",32,17,15,NA,11,7,4,NA,21,10,11,NA
"BALOCHISTAN","KALAT","KHUZDAR","NAL","SUB-DIVISION","SHINA",2,1,1,NA,2,1,1,NA,NA,NA,NA,NA
"BALOCHISTAN","KALAT","KHUZDAR","NAL","SUB-DIVISION","SINDHI",200,88,112,NA,167,76,91,NA,33,12,21,NA
"BALOCHISTAN","KALAT","KHUZDAR","NAL","SUB-DIVISION","TOTAL",103631,47238,56391,2,55150,25675,29474,1,48481,21563,26917,1
"BALOCHISTAN","KALAT","KHUZDAR","NAL","SUB-DIVISION","URDU",60,27,33,NA,53,22,31,NA,7,5,2,NA
"BALOCHISTAN","QUETTA","PISHIN","NANA SAHIB","TEHSIL","BALOCHI",20,12,8,NA,20,12,8,NA,NA,NA,NA,NA
"BALOCHISTAN","QUETTA","PISHIN","NANA SAHIB","TEHSIL","BALTI",NA,NA,NA,NA,NA,NA,NA,NA,NA,NA,NA,NA
"BALOCHISTAN","QUETTA","PISHIN","NANA SAHIB","TEHSIL","BRAHVI",NA,NA,NA,NA,NA,NA,NA,NA,NA,NA,NA,NA
"BALOCHISTAN","QUETTA","PISHIN","NANA SAHIB","TEHSIL","HINDKO",NA,NA,NA,NA,NA,NA,NA,NA,NA,NA,NA,NA
"BALOCHISTAN","QUETTA","PISHIN","NANA SAHIB","TEHSIL","KALASHA",NA,NA,NA,NA,NA,NA,NA,NA,NA,NA,NA,NA
"BALOCHISTAN","QUETTA","PISHIN","NANA SAHIB","TEHSIL","KASHMIRI",2,1,1,NA,2,1,1,NA,NA,NA,NA,NA
"BALOCHISTAN","QUETTA","PISHIN","NANA SAHIB","TEHSIL","KOHIOSTANI",NA,NA,NA,NA,NA,NA,NA,NA,NA,NA,NA,NA
"BALOCHISTAN","QUETTA","PISHIN","NANA SAHIB","TEHSIL","MEWATI",NA,NA,NA,NA,NA,NA,NA,NA,NA,NA,NA,NA
"BALOCHISTAN","QUETTA","PISHIN","NANA SAHIB","TEHSIL","OTHERS",NA,NA,NA,NA,NA,NA,NA,NA,NA,NA,NA,NA
"BALOCHISTAN","QUETTA","PISHIN","NANA SAHIB","TEHSIL","PUNJABI",NA,NA,NA,NA,NA,NA,NA,NA,NA,NA,NA,NA
"BALOCHISTAN","QUETTA","PISHIN","NANA SAHIB","TEHSIL","PUSHTO",45335,22244,23090,1,45335,22244,23090,1,NA,NA,NA,NA
"BALOCHISTAN","QUETTA","PISHIN","NANA SAHIB","TEHSIL","SARAIKI",1,NA,NA,1,1,NA,NA,1,NA,NA,NA,NA
"BALOCHISTAN","QUETTA","PISHIN","NANA SAHIB","TEHSIL","SHINA",NA,NA,NA,NA,NA,NA,NA,NA,NA,NA,NA,NA
"BALOCHISTAN","QUETTA","PISHIN","NANA SAHIB","TEHSIL","SINDHI",4,2,2,NA,4,2,2,NA,NA,NA,NA,NA
"BALOCHISTAN","QUETTA","PISHIN","NANA SAHIB","TEHSIL","TOTAL",45369,22262,23105,2,45369,22262,23105,2,NA,NA,NA,NA
"BALOCHISTAN","QUETTA","PISHIN","NANA SAHIB","TEHSIL","URDU",7,3,4,NA,7,3,4,NA,NA,NA,NA,NA
"BALOCHISTAN","RAKHSHAN","CHAGAI","NOKUNDI","TEHSIL","BALOCHI",30149,13777,16371,1,30149,13777,16371,1,NA,NA,NA,NA
"BALOCHISTAN","RAKHSHAN","CHAGAI","NOKUNDI","TEHSIL","BALTI",NA,NA,NA,NA,NA,NA,NA,NA,NA,NA,NA,NA
"BALOCHISTAN","RAKHSHAN","CHAGAI","NOKUNDI","TEHSIL","BRAHVI",1,NA,1,NA,1,NA,1,NA,NA,NA,NA,NA
"BALOCHISTAN","RAKHSHAN","CHAGAI","NOKUNDI","TEHSIL","HINDKO",NA,NA,NA,NA,NA,NA,NA,NA,NA,NA,NA,NA
"BALOCHISTAN","RAKHSHAN","CHAGAI","NOKUNDI","TEHSIL","KALASHA",NA,NA,NA,NA,NA,NA,NA,NA,NA,NA,NA,NA
"BALOCHISTAN","RAKHSHAN","CHAGAI","NOKUNDI","TEHSIL","KASHMIRI",10,5,5,NA,10,5,5,NA,NA,NA,NA,NA
"BALOCHISTAN","RAKHSHAN","CHAGAI","NOKUNDI","TEHSIL","KOHIOSTANI",NA,NA,NA,NA,NA,NA,NA,NA,NA,NA,NA,NA
"BALOCHISTAN","RAKHSHAN","CHAGAI","NOKUNDI","TEHSIL","MEWATI",NA,NA,NA,NA,NA,NA,NA,NA,NA,NA,NA,NA
"BALOCHISTAN","RAKHSHAN","CHAGAI","NOKUNDI","TEHSIL","OTHERS",1,NA,1,NA,1,NA,1,NA,NA,NA,NA,NA
"BALOCHISTAN","RAKHSHAN","CHAGAI","NOKUNDI","TEHSIL","PUNJABI",124,50,74,NA,124,50,74,NA,NA,NA,NA,NA
"BALOCHISTAN","RAKHSHAN","CHAGAI","NOKUNDI","TEHSIL","PUSHTO",78,26,52,NA,78,26,52,NA,NA,NA,NA,NA
"BALOCHISTAN","RAKHSHAN","CHAGAI","NOKUNDI","TEHSIL","SARAIKI",1,NA,1,NA,1,NA,1,NA,NA,NA,NA,NA
"BALOCHISTAN","RAKHSHAN","CHAGAI","NOKUNDI","TEHSIL","SHINA",NA,NA,NA,NA,NA,NA,NA,NA,NA,NA,NA,NA
"BALOCHISTAN","RAKHSHAN","CHAGAI","NOKUNDI","TEHSIL","SINDHI",43,26,17,NA,43,26,17,NA,NA,NA,NA,NA
"BALOCHISTAN","RAKHSHAN","CHAGAI","NOKUNDI","TEHSIL","TOTAL",30415,13888,16526,1,30415,13888,16526,1,NA,NA,NA,NA
"BALOCHISTAN","RAKHSHAN","CHAGAI","NOKUNDI","TEHSIL","URDU",8,4,4,NA,8,4,4,NA,NA,NA,NA,NA
"BALOCHISTAN","RAKHSHAN","NUSHKI","NUSHKI","SUB-DIVISION","BALOCHI",78420,36910,41507,3,67443,31768,35672,3,10977,5142,5835,NA
"BALOCHISTAN","RAKHSHAN","NUSHKI","NUSHKI","SUB-DIVISION","BALTI",1,NA,1,NA,1,NA,1,NA,NA,NA,NA,NA
"BALOCHISTAN","RAKHSHAN","NUSHKI","NUSHKI","SUB-DIVISION","BRAHVI",103547,49982,53564,1,72342,35066,37276,NA,31205,14916,16288,1
"BALOCHISTAN","RAKHSHAN","NUSHKI","NUSHKI","SUB-DIVISION","HINDKO",26,14,12,NA,10,6,4,NA,16,8,8,NA
"BALOCHISTAN","RAKHSHAN","NUSHKI","NUSHKI","SUB-DIVISION","KALASHA",NA,NA,NA,NA,NA,NA,NA,NA,NA,NA,NA,NA
"BALOCHISTAN","RAKHSHAN","NUSHKI","NUSHKI","SUB-DIVISION","KASHMIRI",15,8,7,NA,13,7,6,NA,2,1,1,NA
"BALOCHISTAN","RAKHSHAN","NUSHKI","NUSHKI","SUB-DIVISION","KOHIOSTANI",NA,NA,NA,NA,NA,NA,NA,NA,NA,NA,NA,NA
"BALOCHISTAN","RAKHSHAN","NUSHKI","NUSHKI","SUB-DIVISION","MEWATI",NA,NA,NA,NA,NA,NA,NA,NA,NA,NA,NA,NA
"BALOCHISTAN","RAKHSHAN","NUSHKI","NUSHKI","SUB-DIVISION","OTHERS",21,8,13,NA,3,3,NA,NA,18,5,13,NA
"BALOCHISTAN","RAKHSHAN","NUSHKI","NUSHKI","SUB-DIVISION","PUNJABI",80,31,49,NA,4,2,2,NA,76,29,47,NA
"BALOCHISTAN","RAKHSHAN","NUSHKI","NUSHKI","SUB-DIVISION","PUSHTO",7640,3641,3999,NA,2171,1037,1134,NA,5469,2604,2865,NA
"BALOCHISTAN","RAKHSHAN","NUSHKI","NUSHKI","SUB-DIVISION","SARAIKI",123,53,70,NA,NA,NA,NA,NA,123,53,70,NA
"BALOCHISTAN","RAKHSHAN","NUSHKI","NUSHKI","SUB-DIVISION","SHINA",14,7,7,NA,10,5,5,NA,4,2,2,NA
"BALOCHISTAN","RAKHSHAN","NUSHKI","NUSHKI","SUB-DIVISION","SINDHI",92,40,52,NA,33,13,20,NA,59,27,32,NA
"BALOCHISTAN","RAKHSHAN","NUSHKI","NUSHKI","SUB-DIVISION","TOTAL",190271,90843,99424,4,142167,67986,74178,3,48104,22857,25246,1
"BALOCHISTAN","RAKHSHAN","NUSHKI","NUSHKI","SUB-DIVISION","URDU",292,149,143,NA,137,79,58,NA,155,70,85,NA
"BALOCHISTAN","MEKRAN","GWADAR","ORMARA","TEHSIL","BALOCHI",22975,11106,11869,NA,8417,4067,4350,NA,14558,7039,7519,NA
"BALOCHISTAN","MEKRAN","GWADAR","ORMARA","TEHSIL","BALTI",7,4,3,NA,NA,NA,NA,NA,7,4,3,NA
"BALOCHISTAN","MEKRAN","GWADAR","ORMARA","TEHSIL","BRAHVI",36,6,30,NA,13,NA,13,NA,23,6,17,NA
"BALOCHISTAN","MEKRAN","GWADAR","ORMARA","TEHSIL","HINDKO",192,85,107,NA,NA,NA,NA,NA,192,85,107,NA
"BALOCHISTAN","MEKRAN","GWADAR","ORMARA","TEHSIL","KALASHA",NA,NA,NA,NA,NA,NA,NA,NA,NA,NA,NA,NA
"BALOCHISTAN","MEKRAN","GWADAR","ORMARA","TEHSIL","KASHMIRI",28,15,13,NA,1,1,NA,NA,27,14,13,NA
"BALOCHISTAN","MEKRAN","GWADAR","ORMARA","TEHSIL","KOHIOSTANI",NA,NA,NA,NA,NA,NA,NA,NA,NA,NA,NA,NA
"BALOCHISTAN","MEKRAN","GWADAR","ORMARA","TEHSIL","MEWATI",3,1,2,NA,NA,NA,NA,NA,3,1,2,NA
"BALOCHISTAN","MEKRAN","GWADAR","ORMARA","TEHSIL","OTHERS",13,6,7,NA,4,2,2,NA,9,4,5,NA
"BALOCHISTAN","MEKRAN","GWADAR","ORMARA","TEHSIL","PUNJABI",1001,477,524,NA,1,NA,1,NA,1000,477,523,NA
"BALOCHISTAN","MEKRAN","GWADAR","ORMARA","TEHSIL","PUSHTO",318,151,167,NA,9,NA,9,NA,309,151,158,NA
"BALOCHISTAN","MEKRAN","GWADAR","ORMARA","TEHSIL","SARAIKI",53,21,32,NA,NA,NA,NA,NA,53,21,32,NA
"BALOCHISTAN","MEKRAN","GWADAR","ORMARA","TEHSIL","SHINA",NA,NA,NA,NA,NA,NA,NA,NA,NA,NA,NA,NA
"BALOCHISTAN","MEKRAN","GWADAR","ORMARA","TEHSIL","SINDHI",184,73,111,NA,27,3,24,NA,157,70,87,NA
"BALOCHISTAN","MEKRAN","GWADAR","ORMARA","TEHSIL","TOTAL",25503,12248,13255,NA,8475,4073,4402,NA,17028,8175,8853,NA
"BALOCHISTAN","MEKRAN","GWADAR","ORMARA","TEHSIL","URDU",693,303,390,NA,3,NA,3,NA,690,303,387,NA
"BALOCHISTAN","KALAT","KHUZDAR","ORNACH","SUB-DIVISION","BALOCHI",33910,15258,18651,1,33910,15258,18651,1,NA,NA,NA,NA
"BALOCHISTAN","KALAT","KHUZDAR","ORNACH","SUB-DIVISION","BALTI",NA,NA,NA,NA,NA,NA,NA,NA,NA,NA,NA,NA
"BALOCHISTAN","KALAT","KHUZDAR","ORNACH","SUB-DIVISION","BRAHVI",7850,3566,4283,1,7850,3566,4283,1,NA,NA,NA,NA
"BALOCHISTAN","KALAT","KHUZDAR","ORNACH","SUB-DIVISION","HINDKO",2,NA,2,NA,2,NA,2,NA,NA,NA,NA,NA
"BALOCHISTAN","KALAT","KHUZDAR","ORNACH","SUB-DIVISION","KALASHA",NA,NA,NA,NA,NA,NA,NA,NA,NA,NA,NA,NA
"BALOCHISTAN","KALAT","KHUZDAR","ORNACH","SUB-DIVISION","KASHMIRI",8,4,4,NA,8,4,4,NA,NA,NA,NA,NA
"BALOCHISTAN","KALAT","KHUZDAR","ORNACH","SUB-DIVISION","KOHIOSTANI",NA,NA,NA,NA,NA,NA,NA,NA,NA,NA,NA,NA
"BALOCHISTAN","KALAT","KHUZDAR","ORNACH","SUB-DIVISION","MEWATI",NA,NA,NA,NA,NA,NA,NA,NA,NA,NA,NA,NA
"BALOCHISTAN","KALAT","KHUZDAR","ORNACH","SUB-DIVISION","OTHERS",7,3,4,NA,7,3,4,NA,NA,NA,NA,NA
"BALOCHISTAN","KALAT","KHUZDAR","ORNACH","SUB-DIVISION","PUNJABI",8,4,4,NA,8,4,4,NA,NA,NA,NA,NA
"BALOCHISTAN","KALAT","KHUZDAR","ORNACH","SUB-DIVISION","PUSHTO",6,NA,6,NA,6,NA,6,NA,NA,NA,NA,NA
"BALOCHISTAN","KALAT","KHUZDAR","ORNACH","SUB-DIVISION","SARAIKI",1,NA,1,NA,1,NA,1,NA,NA,NA,NA,NA
"BALOCHISTAN","KALAT","KHUZDAR","ORNACH","SUB-DIVISION","SHINA",2,1,1,NA,2,1,1,NA,NA,NA,NA,NA
"BALOCHISTAN","KALAT","KHUZDAR","ORNACH","SUB-DIVISION","SINDHI",6,4,2,NA,6,4,2,NA,NA,NA,NA,NA
"BALOCHISTAN","KALAT","KHUZDAR","ORNACH","SUB-DIVISION","TOTAL",41811,18846,22963,2,41811,18846,22963,2,NA,NA,NA,NA
"BALOCHISTAN","KALAT","KHUZDAR","ORNACH","SUB-DIVISION","URDU",11,6,5,NA,11,6,5,NA,NA,NA,NA,NA
"BALOCHISTAN","NASIRABAD","SOHBATPUR","PANHWAR","TEHSIL","BALOCHI",43730,20732,22998,NA,43730,20732,22998,NA,NA,NA,NA,NA
"BALOCHISTAN","NASIRABAD","SOHBATPUR","PANHWAR","TEHSIL","BALTI",NA,NA,NA,NA,NA,NA,NA,NA,NA,NA,NA,NA
"BALOCHISTAN","NASIRABAD","SOHBATPUR","PANHWAR","TEHSIL","BRAHVI",1206,621,585,NA,1206,621,585,NA,NA,NA,NA,NA
"BALOCHISTAN","NASIRABAD","SOHBATPUR","PANHWAR","TEHSIL","HINDKO",43,22,21,NA,43,22,21,NA,NA,NA,NA,NA
"BALOCHISTAN","NASIRABAD","SOHBATPUR","PANHWAR","TEHSIL","KALASHA",NA,NA,NA,NA,NA,NA,NA,NA,NA,NA,NA,NA
"BALOCHISTAN","NASIRABAD","SOHBATPUR","PANHWAR","TEHSIL","KASHMIRI",12,4,8,NA,12,4,8,NA,NA,NA,NA,NA
"BALOCHISTAN","NASIRABAD","SOHBATPUR","PANHWAR","TEHSIL","KOHIOSTANI",NA,NA,NA,NA,NA,NA,NA,NA,NA,NA,NA,NA
"BALOCHISTAN","NASIRABAD","SOHBATPUR","PANHWAR","TEHSIL","MEWATI",NA,NA,NA,NA,NA,NA,NA,NA,NA,NA,NA,NA
"BALOCHISTAN","NASIRABAD","SOHBATPUR","PANHWAR","TEHSIL","OTHERS",22,10,12,NA,22,10,12,NA,NA,NA,NA,NA
"BALOCHISTAN","NASIRABAD","SOHBATPUR","PANHWAR","TEHSIL","PUNJABI",1,1,NA,NA,1,1,NA,NA,NA,NA,NA,NA
"BALOCHISTAN","NASIRABAD","SOHBATPUR","PANHWAR","TEHSIL","PUSHTO",16,6,10,NA,16,6,10,NA,NA,NA,NA,NA
"BALOCHISTAN","NASIRABAD","SOHBATPUR","PANHWAR","TEHSIL","SARAIKI",249,119,130,NA,249,119,130,NA,NA,NA,NA,NA
"BALOCHISTAN","NASIRABAD","SOHBATPUR","PANHWAR","TEHSIL","SHINA",1,1,NA,NA,1,1,NA,NA,NA,NA,NA,NA
"BALOCHISTAN","NASIRABAD","SOHBATPUR","PANHWAR","TEHSIL","SINDHI",2315,1157,1158,NA,2315,1157,1158,NA,NA,NA,NA,NA
"BALOCHISTAN","NASIRABAD","SOHBATPUR","PANHWAR","TEHSIL","TOTAL",47624,22685,24939,NA,47624,22685,24939,NA,NA,NA,NA,NA
"BALOCHISTAN","NASIRABAD","SOHBATPUR","PANHWAR","TEHSIL","URDU",29,12,17,NA,29,12,17,NA,NA,NA,NA,NA
"BALOCHISTAN","MEKRAN","PANJGUR","PANJGUR","SUB-DIVISION","BALOCHI",390835,188729,202024,82,233796,116180,117596,20,157039,72549,84428,62
"BALOCHISTAN","MEKRAN","PANJGUR","PANJGUR","SUB-DIVISION","BALTI",NA,NA,NA,NA,NA,NA,NA,NA,NA,NA,NA,NA
"BALOCHISTAN","MEKRAN","PANJGUR","PANJGUR","SUB-DIVISION","BRAHVI",35,20,15,NA,30,16,14,NA,5,4,1,NA
"BALOCHISTAN","MEKRAN","PANJGUR","PANJGUR","SUB-DIVISION","HINDKO",24,10,14,NA,24,10,14,NA,NA,NA,NA,NA
"BALOCHISTAN","MEKRAN","PANJGUR","PANJGUR","SUB-DIVISION","KALASHA",NA,NA,NA,NA,NA,NA,NA,NA,NA,NA,NA,NA
"BALOCHISTAN","MEKRAN","PANJGUR","PANJGUR","SUB-DIVISION","KASHMIRI",572,270,301,1,249,130,119,NA,323,140,182,1
"BALOCHISTAN","MEKRAN","PANJGUR","PANJGUR","SUB-DIVISION","KOHIOSTANI",1,NA,1,NA,NA,NA,NA,NA,1,NA,1,NA
"BALOCHISTAN","MEKRAN","PANJGUR","PANJGUR","SUB-DIVISION","MEWATI",NA,NA,NA,NA,NA,NA,NA,NA,NA,NA,NA,NA
"BALOCHISTAN","MEKRAN","PANJGUR","PANJGUR","SUB-DIVISION","OTHERS",134,63,71,NA,89,42,47,NA,45,21,24,NA
"BALOCHISTAN","MEKRAN","PANJGUR","PANJGUR","SUB-DIVISION","PUNJABI",51,18,33,NA,30,10,20,NA,21,8,13,NA
"BALOCHISTAN","MEKRAN","PANJGUR","PANJGUR","SUB-DIVISION","PUSHTO",194,63,131,NA,96,26,70,NA,98,37,61,NA
"BALOCHISTAN","MEKRAN","PANJGUR","PANJGUR","SUB-DIVISION","SARAIKI",32,20,12,NA,16,10,6,NA,16,10,6,NA
"BALOCHISTAN","MEKRAN","PANJGUR","PANJGUR","SUB-DIVISION","SHINA",1,NA,1,NA,NA,NA,NA,NA,1,NA,1,NA
"BALOCHISTAN","MEKRAN","PANJGUR","PANJGUR","SUB-DIVISION","SINDHI",48,18,30,NA,20,12,8,NA,28,6,22,NA
"BALOCHISTAN","MEKRAN","PANJGUR","PANJGUR","SUB-DIVISION","TOTAL",392277,189347,202846,84,234584,116527,118036,21,157693,72820,84810,63
"BALOCHISTAN","MEKRAN","PANJGUR","PANJGUR","SUB-DIVISION","URDU",350,136,213,1,234,91,142,1,116,45,71,NA
"BALOCHISTAN","QUETTA","QUETTA","PANJPAI","SUB-TEHSIL","BALOCHI",15,7,8,NA,15,7,8,NA,NA,NA,NA,NA
"BALOCHISTAN","QUETTA","QUETTA","PANJPAI","SUB-TEHSIL","BALTI",NA,NA,NA,NA,NA,NA,NA,NA,NA,NA,NA,NA
"BALOCHISTAN","QUETTA","QUETTA","PANJPAI","SUB-TEHSIL","BRAHVI",9455,4659,4796,NA,9455,4659,4796,NA,NA,NA,NA,NA
"BALOCHISTAN","QUETTA","QUETTA","PANJPAI","SUB-TEHSIL","HINDKO",1,NA,1,NA,1,NA,1,NA,NA,NA,NA,NA
"BALOCHISTAN","QUETTA","QUETTA","PANJPAI","SUB-TEHSIL","KALASHA",NA,NA,NA,NA,NA,NA,NA,NA,NA,NA,NA,NA
"BALOCHISTAN","QUETTA","QUETTA","PANJPAI","SUB-TEHSIL","KASHMIRI",NA,NA,NA,NA,NA,NA,NA,NA,NA,NA,NA,NA
"BALOCHISTAN","QUETTA","QUETTA","PANJPAI","SUB-TEHSIL","KOHIOSTANI",NA,NA,NA,NA,NA,NA,NA,NA,NA,NA,NA,NA
"BALOCHISTAN","QUETTA","QUETTA","PANJPAI","SUB-TEHSIL","MEWATI",NA,NA,NA,NA,NA,NA,NA,NA,NA,NA,NA,NA
"BALOCHISTAN","QUETTA","QUETTA","PANJPAI","SUB-TEHSIL","OTHERS",3,2,1,NA,3,2,1,NA,NA,NA,NA,NA
"BALOCHISTAN","QUETTA","QUETTA","PANJPAI","SUB-TEHSIL","PUNJABI",NA,NA,NA,NA,NA,NA,NA,NA,NA,NA,NA,NA
"BALOCHISTAN","QUETTA","QUETTA","PANJPAI","SUB-TEHSIL","PUSHTO",11891,6047,5844,NA,11891,6047,5844,NA,NA,NA,NA,NA
"BALOCHISTAN","QUETTA","QUETTA","PANJPAI","SUB-TEHSIL","SARAIKI",NA,NA,NA,NA,NA,NA,NA,NA,NA,NA,NA,NA
"BALOCHISTAN","QUETTA","QUETTA","PANJPAI","SUB-TEHSIL","SHINA",1,NA,1,NA,1,NA,1,NA,NA,NA,NA,NA
"BALOCHISTAN","QUETTA","QUETTA","PANJPAI","SUB-TEHSIL","SINDHI",NA,NA,NA,NA,NA,NA,NA,NA,NA,NA,NA,NA
"BALOCHISTAN","QUETTA","QUETTA","PANJPAI","SUB-TEHSIL","TOTAL",21371,10718,10653,NA,21371,10718,10653,NA,NA,NA,NA,NA
"BALOCHISTAN","QUETTA","QUETTA","PANJPAI","SUB-TEHSIL","URDU",5,3,2,NA,5,3,2,NA,NA,NA,NA,NA
"BALOCHISTAN","MEKRAN","GWADAR","PASNI","SUB-DIVISION","BALOCHI",73512,35495,38010,7,30585,15004,15579,2,42927,20491,22431,5
"BALOCHISTAN","MEKRAN","GWADAR","PASNI","SUB-DIVISION","BALTI",NA,NA,NA,NA,NA,NA,NA,NA,NA,NA,NA,NA
"BALOCHISTAN","MEKRAN","GWADAR","PASNI","SUB-DIVISION","BRAHVI",59,25,34,NA,NA,NA,NA,NA,59,25,34,NA
"BALOCHISTAN","MEKRAN","GWADAR","PASNI","SUB-DIVISION","HINDKO",11,5,6,NA,NA,NA,NA,NA,11,5,6,NA
"BALOCHISTAN","MEKRAN","GWADAR","PASNI","SUB-DIVISION","KALASHA",NA,NA,NA,NA,NA,NA,NA,NA,NA,NA,NA,NA
"BALOCHISTAN","MEKRAN","GWADAR","PASNI","SUB-DIVISION","KASHMIRI",50,24,26,NA,7,4,3,NA,43,20,23,NA
"BALOCHISTAN","MEKRAN","GWADAR","PASNI","SUB-DIVISION","KOHIOSTANI",2,NA,2,NA,NA,NA,NA,NA,2,NA,2,NA
"BALOCHISTAN","MEKRAN","GWADAR","PASNI","SUB-DIVISION","MEWATI",NA,NA,NA,NA,NA,NA,NA,NA,NA,NA,NA,NA
"BALOCHISTAN","MEKRAN","GWADAR","PASNI","SUB-DIVISION","OTHERS",194,75,119,NA,5,3,2,NA,189,72,117,NA
"BALOCHISTAN","MEKRAN","GWADAR","PASNI","SUB-DIVISION","PUNJABI",13,4,9,NA,3,2,1,NA,10,2,8,NA
"BALOCHISTAN","MEKRAN","GWADAR","PASNI","SUB-DIVISION","PUSHTO",69,9,60,NA,5,4,1,NA,64,5,59,NA
"BALOCHISTAN","MEKRAN","GWADAR","PASNI","SUB-DIVISION","SARAIKI",12,3,9,NA,NA,NA,NA,NA,12,3,9,NA
"BALOCHISTAN","MEKRAN","GWADAR","PASNI","SUB-DIVISION","SHINA",2,NA,2,NA,NA,NA,NA,NA,2,NA,2,NA
"BALOCHISTAN","MEKRAN","GWADAR","PASNI","SUB-DIVISION","SINDHI",71,18,53,NA,18,3,15,NA,53,15,38,NA
"BALOCHISTAN","MEKRAN","GWADAR","PASNI","SUB-DIVISION","TOTAL",74128,35711,38410,7,30634,15027,15605,2,43494,20684,22805,5
"BALOCHISTAN","MEKRAN","GWADAR","PASNI","SUB-DIVISION","URDU",133,53,80,NA,11,7,4,NA,122,46,76,NA
"BALOCHISTAN","RAKHSHAN","KHARAN","PATKAIN","SUB-TEHSIL","BALOCHI",11732,6018,5714,NA,11732,6018,5714,NA,NA,NA,NA,NA
"BALOCHISTAN","RAKHSHAN","KHARAN","PATKAIN","SUB-TEHSIL","BALTI",NA,NA,NA,NA,NA,NA,NA,NA,NA,NA,NA,NA
"BALOCHISTAN","RAKHSHAN","KHARAN","PATKAIN","SUB-TEHSIL","BRAHVI",8755,4129,4626,NA,8755,4129,4626,NA,NA,NA,NA,NA
"BALOCHISTAN","RAKHSHAN","KHARAN","PATKAIN","SUB-TEHSIL","HINDKO",3,3,NA,NA,3,3,NA,NA,NA,NA,NA,NA
"BALOCHISTAN","RAKHSHAN","KHARAN","PATKAIN","SUB-TEHSIL","KALASHA",NA,NA,NA,NA,NA,NA,NA,NA,NA,NA,NA,NA
"BALOCHISTAN","RAKHSHAN","KHARAN","PATKAIN","SUB-TEHSIL","KASHMIRI",1,1,NA,NA,1,1,NA,NA,NA,NA,NA,NA
"BALOCHISTAN","RAKHSHAN","KHARAN","PATKAIN","SUB-TEHSIL","KOHIOSTANI",NA,NA,NA,NA,NA,NA,NA,NA,NA,NA,NA,NA
"BALOCHISTAN","RAKHSHAN","KHARAN","PATKAIN","SUB-TEHSIL","MEWATI",NA,NA,NA,NA,NA,NA,NA,NA,NA,NA,NA,NA
"BALOCHISTAN","RAKHSHAN","KHARAN","PATKAIN","SUB-TEHSIL","OTHERS",NA,NA,NA,NA,NA,NA,NA,NA,NA,NA,NA,NA
"BALOCHISTAN","RAKHSHAN","KHARAN","PATKAIN","SUB-TEHSIL","PUNJABI",NA,NA,NA,NA,NA,NA,NA,NA,NA,NA,NA,NA
"BALOCHISTAN","RAKHSHAN","KHARAN","PATKAIN","SUB-TEHSIL","PUSHTO",3,2,1,NA,3,2,1,NA,NA,NA,NA,NA
"BALOCHISTAN","RAKHSHAN","KHARAN","PATKAIN","SUB-TEHSIL","SARAIKI",3,2,1,NA,3,2,1,NA,NA,NA,NA,NA
"BALOCHISTAN","RAKHSHAN","KHARAN","PATKAIN","SUB-TEHSIL","SHINA",1,1,NA,NA,1,1,NA,NA,NA,NA,NA,NA
"BALOCHISTAN","RAKHSHAN","KHARAN","PATKAIN","SUB-TEHSIL","SINDHI",NA,NA,NA,NA,NA,NA,NA,NA,NA,NA,NA,NA
"BALOCHISTAN","RAKHSHAN","KHARAN","PATKAIN","SUB-TEHSIL","TOTAL",20499,10156,10343,NA,20499,10156,10343,NA,NA,NA,NA,NA
"BALOCHISTAN","RAKHSHAN","KHARAN","PATKAIN","SUB-TEHSIL","URDU",1,NA,1,NA,1,NA,1,NA,NA,NA,NA,NA
"BALOCHISTAN","SIBI","DERA BUGTI","PIR KOH","SUB-TEHSIL","BALOCHI",44341,20504,23836,1,44341,20504,23836,1,NA,NA,NA,NA
"BALOCHISTAN","SIBI","DERA BUGTI","PIR KOH","SUB-TEHSIL","BALTI",NA,NA,NA,NA,NA,NA,NA,NA,NA,NA,NA,NA
"BALOCHISTAN","SIBI","DERA BUGTI","PIR KOH","SUB-TEHSIL","BRAHVI",NA,NA,NA,NA,NA,NA,NA,NA,NA,NA,NA,NA
"BALOCHISTAN","SIBI","DERA BUGTI","PIR KOH","SUB-TEHSIL","HINDKO",NA,NA,NA,NA,NA,NA,NA,NA,NA,NA,NA,NA
"BALOCHISTAN","SIBI","DERA BUGTI","PIR KOH","SUB-TEHSIL","KALASHA",NA,NA,NA,NA,NA,NA,NA,NA,NA,NA,NA,NA
"BALOCHISTAN","SIBI","DERA BUGTI","PIR KOH","SUB-TEHSIL","KASHMIRI",16,9,7,NA,16,9,7,NA,NA,NA,NA,NA
"BALOCHISTAN","SIBI","DERA BUGTI","PIR KOH","SUB-TEHSIL","KOHIOSTANI",NA,NA,NA,NA,NA,NA,NA,NA,NA,NA,NA,NA
"BALOCHISTAN","SIBI","DERA BUGTI","PIR KOH","SUB-TEHSIL","MEWATI",NA,NA,NA,NA,NA,NA,NA,NA,NA,NA,NA,NA
"BALOCHISTAN","SIBI","DERA BUGTI","PIR KOH","SUB-TEHSIL","OTHERS",NA,NA,NA,NA,NA,NA,NA,NA,NA,NA,NA,NA
"BALOCHISTAN","SIBI","DERA BUGTI","PIR KOH","SUB-TEHSIL","PUNJABI",1,NA,1,NA,1,NA,1,NA,NA,NA,NA,NA
"BALOCHISTAN","SIBI","DERA BUGTI","PIR KOH","SUB-TEHSIL","PUSHTO",2,1,1,NA,2,1,1,NA,NA,NA,NA,NA
"BALOCHISTAN","SIBI","DERA BUGTI","PIR KOH","SUB-TEHSIL","SARAIKI",8,3,5,NA,8,3,5,NA,NA,NA,NA,NA
"BALOCHISTAN","SIBI","DERA BUGTI","PIR KOH","SUB-TEHSIL","SHINA",NA,NA,NA,NA,NA,NA,NA,NA,NA,NA,NA,NA
"BALOCHISTAN","SIBI","DERA BUGTI","PIR KOH","SUB-TEHSIL","SINDHI",1,1,NA,NA,1,1,NA,NA,NA,NA,NA,NA
"BALOCHISTAN","SIBI","DERA BUGTI","PIR KOH","SUB-TEHSIL","TOTAL",44396,20530,23865,1,44396,20530,23865,1,NA,NA,NA,NA
"BALOCHISTAN","SIBI","DERA BUGTI","PIR KOH","SUB-TEHSIL","URDU",27,12,15,NA,27,12,15,NA,NA,NA,NA,NA
"BALOCHISTAN","QUETTA","PISHIN","PISHIN","SUB-DIVISION","BALOCHI",446,228,218,NA,240,125,115,NA,206,103,103,NA
"BALOCHISTAN","QUETTA","PISHIN","PISHIN","SUB-DIVISION","BALTI",NA,NA,NA,NA,NA,NA,NA,NA,NA,NA,NA,NA
"BALOCHISTAN","QUETTA","PISHIN","PISHIN","SUB-DIVISION","BRAHVI",NA,NA,NA,NA,NA,NA,NA,NA,NA,NA,NA,NA
"BALOCHISTAN","QUETTA","PISHIN","PISHIN","SUB-DIVISION","HINDKO",18,9,9,NA,9,3,6,NA,9,6,3,NA
"BALOCHISTAN","QUETTA","PISHIN","PISHIN","SUB-DIVISION","KALASHA",NA,NA,NA,NA,NA,NA,NA,NA,NA,NA,NA,NA
"BALOCHISTAN","QUETTA","PISHIN","PISHIN","SUB-DIVISION","KASHMIRI",35,20,14,1,6,3,3,NA,29,17,11,1
"BALOCHISTAN","QUETTA","PISHIN","PISHIN","SUB-DIVISION","KOHIOSTANI",NA,NA,NA,NA,NA,NA,NA,NA,NA,NA,NA,NA
"BALOCHISTAN","QUETTA","PISHIN","PISHIN","SUB-DIVISION","MEWATI",NA,NA,NA,NA,NA,NA,NA,NA,NA,NA,NA,NA
"BALOCHISTAN","QUETTA","PISHIN","PISHIN","SUB-DIVISION","OTHERS",43,26,17,NA,10,7,3,NA,33,19,14,NA
"BALOCHISTAN","QUETTA","PISHIN","PISHIN","SUB-DIVISION","PUNJABI",916,444,472,NA,10,6,4,NA,906,438,468,NA
"BALOCHISTAN","QUETTA","PISHIN","PISHIN","SUB-DIVISION","PUSHTO",323598,158464,165128,6,217655,107250,110404,1,105943,51214,54724,5
"BALOCHISTAN","QUETTA","PISHIN","PISHIN","SUB-DIVISION","SARAIKI",291,116,175,NA,NA,NA,NA,NA,291,116,175,NA
"BALOCHISTAN","QUETTA","PISHIN","PISHIN","SUB-DIVISION","SHINA",NA,NA,NA,NA,NA,NA,NA,NA,NA,NA,NA,NA
"BALOCHISTAN","QUETTA","PISHIN","PISHIN","SUB-DIVISION","SINDHI",97,50,47,NA,20,11,9,NA,77,39,38,NA
"BALOCHISTAN","QUETTA","PISHIN","PISHIN","SUB-DIVISION","TOTAL",325641,159455,166179,7,217995,107428,110566,1,107646,52027,55613,6
"BALOCHISTAN","QUETTA","PISHIN","PISHIN","SUB-DIVISION","URDU",197,98,99,NA,45,23,22,NA,152,75,77,NA
"BALOCHISTAN","SIBI","DERA BUGTI","QADIRABAD","SUB-DIVISION","BALOCHI",32183,13819,18364,NA,32183,13819,18364,NA,NA,NA,NA,NA
"BALOCHISTAN","SIBI","DERA BUGTI","QADIRABAD","SUB-DIVISION","BALTI",NA,NA,NA,NA,NA,NA,NA,NA,NA,NA,NA,NA
"BALOCHISTAN","SIBI","DERA BUGTI","QADIRABAD","SUB-DIVISION","BRAHVI",NA,NA,NA,NA,NA,NA,NA,NA,NA,NA,NA,NA
"BALOCHISTAN","SIBI","DERA BUGTI","QADIRABAD","SUB-DIVISION","HINDKO",NA,NA,NA,NA,NA,NA,NA,NA,NA,NA,NA,NA
"BALOCHISTAN","SIBI","DERA BUGTI","QADIRABAD","SUB-DIVISION","KALASHA",NA,NA,NA,NA,NA,NA,NA,NA,NA,NA,NA,NA
"BALOCHISTAN","SIBI","DERA BUGTI","QADIRABAD","SUB-DIVISION","KASHMIRI",4,1,3,NA,4,1,3,NA,NA,NA,NA,NA
"BALOCHISTAN","SIBI","DERA BUGTI","QADIRABAD","SUB-DIVISION","KOHIOSTANI",NA,NA,NA,NA,NA,NA,NA,NA,NA,NA,NA,NA
"BALOCHISTAN","SIBI","DERA BUGTI","QADIRABAD","SUB-DIVISION","MEWATI",NA,NA,NA,NA,NA,NA,NA,NA,NA,NA,NA,NA
"BALOCHISTAN","SIBI","DERA BUGTI","QADIRABAD","SUB-DIVISION","OTHERS",10,3,7,NA,10,3,7,NA,NA,NA,NA,NA
"BALOCHISTAN","SIBI","DERA BUGTI","QADIRABAD","SUB-DIVISION","PUNJABI",3,3,NA,NA,3,3,NA,NA,NA,NA,NA,NA
"BALOCHISTAN","SIBI","DERA BUGTI","QADIRABAD","SUB-DIVISION","PUSHTO",1,NA,1,NA,1,NA,1,NA,NA,NA,NA,NA
"BALOCHISTAN","SIBI","DERA BUGTI","QADIRABAD","SUB-DIVISION","SARAIKI",9,4,5,NA,9,4,5,NA,NA,NA,NA,NA
"BALOCHISTAN","SIBI","DERA BUGTI","QADIRABAD","SUB-DIVISION","SHINA",NA,NA,NA,NA,NA,NA,NA,NA,NA,NA,NA,NA
"BALOCHISTAN","SIBI","DERA BUGTI","QADIRABAD","SUB-DIVISION","SINDHI",1,NA,1,NA,1,NA,1,NA,NA,NA,NA,NA
"BALOCHISTAN","SIBI","DERA BUGTI","QADIRABAD","SUB-DIVISION","TOTAL",32226,13835,18391,NA,32226,13835,18391,NA,NA,NA,NA,NA
"BALOCHISTAN","SIBI","DERA BUGTI","QADIRABAD","SUB-DIVISION","URDU",15,5,10,NA,15,5,10,NA,NA,NA,NA,NA
"BALOCHISTAN","QUETTA","QUETTA","QUETTA","SUB-DIVISION_CITY","BALOCHI",93279,45700,47570,9,8247,3956,4290,1,85032,41744,43280,8
"BALOCHISTAN","QUETTA","QUETTA","QUETTA","SUB-DIVISION_CITY","BALTI",786,383,403,NA,386,185,201,NA,400,198,202,NA
"BALOCHISTAN","QUETTA","QUETTA","QUETTA","SUB-DIVISION_CITY","BRAHVI",132038,65983,66052,3,6861,3429,3432,NA,125177,62554,62620,3
"BALOCHISTAN","QUETTA","QUETTA","QUETTA","SUB-DIVISION_CITY","HINDKO",16714,8359,8355,NA,136,72,64,NA,16578,8287,8291,NA
"BALOCHISTAN","QUETTA","QUETTA","QUETTA","SUB-DIVISION_CITY","KALASHA",31,11,20,NA,1,NA,1,NA,30,11,19,NA
"BALOCHISTAN","QUETTA","QUETTA","QUETTA","SUB-DIVISION_CITY","KASHMIRI",1989,894,1095,NA,130,58,72,NA,1859,836,1023,NA
"BALOCHISTAN","QUETTA","QUETTA","QUETTA","SUB-DIVISION_CITY","KOHIOSTANI",117,48,69,NA,7,NA,7,NA,110,48,62,NA
"BALOCHISTAN","QUETTA","QUETTA","QUETTA","SUB-DIVISION_CITY","MEWATI",19,9,10,NA,1,NA,1,NA,18,9,9,NA
"BALOCHISTAN","QUETTA","QUETTA","QUETTA","SUB-DIVISION_CITY","OTHERS",161462,82018,79435,9,83904,42416,41484,4,77558,39602,37951,5
"BALOCHISTAN","QUETTA","QUETTA","QUETTA","SUB-DIVISION_CITY","PUNJABI",54407,27088,27309,10,2315,1161,1154,NA,52092,25927,26155,10
"BALOCHISTAN","QUETTA","QUETTA","QUETTA","SUB-DIVISION_CITY","PUSHTO",591529,283550,307960,19,10012,4927,5085,NA,581517,278623,302875,19
"BALOCHISTAN","QUETTA","QUETTA","QUETTA","SUB-DIVISION_CITY","SARAIKI",16169,7917,8246,6,869,431,438,NA,15300,7486,7808,6
"BALOCHISTAN","QUETTA","QUETTA","QUETTA","SUB-DIVISION_CITY","SHINA",224,110,114,NA,30,19,11,NA,194,91,103,NA
"BALOCHISTAN","QUETTA","QUETTA","QUETTA","SUB-DIVISION_CITY","SINDHI",20848,10086,10751,11,1061,503,558,NA,19787,9583,10193,11
"BALOCHISTAN","QUETTA","QUETTA","QUETTA","SUB-DIVISION_CITY","TOTAL",1138620,556697,581846,77,118704,59546,59153,5,1019916,497151,522693,72
"BALOCHISTAN","QUETTA","QUETTA","QUETTA","SUB-DIVISION_CITY","URDU",49008,24541,24457,10,4744,2389,2355,NA,44264,22152,22102,10
NA,NA,"QUETTA","SADDAR TEHSIL","SUB-DIVISION","BALOCHI",6954,3448,3504,2,2611,1273,1338,NA,4343,2175,2166,2
NA,NA,"QUETTA","SADDAR TEHSIL","SUB-DIVISION","BALTI",24,10,14,NA,NA,NA,NA,NA,24,10,14,NA
NA,NA,"QUETTA","SADDAR TEHSIL","SUB-DIVISION","BRAHVI",16163,7896,8267,NA,12873,6232,6641,NA,3290,1664,1626,NA
NA,NA,"QUETTA","SADDAR TEHSIL","SUB-DIVISION","HINDKO",1169,571,598,NA,28,12,16,NA,1141,559,582,NA
NA,NA,"QUETTA","SADDAR TEHSIL","SUB-DIVISION","KALASHA",NA,NA,NA,NA,NA,NA,NA,NA,NA,NA,NA,NA
NA,NA,"QUETTA","SADDAR TEHSIL","SUB-DIVISION","KASHMIRI",333,172,161,NA,12,6,6,NA,321,166,155,NA
NA,NA,"QUETTA","SADDAR TEHSIL","SUB-DIVISION","KOHIOSTANI",724,369,355,NA,395,203,192,NA,329,166,163,NA
NA,NA,"QUETTA","SADDAR TEHSIL","SUB-DIVISION","MEWATI",NA,NA,NA,NA,NA,NA,NA,NA,NA,NA,NA,NA
NA,NA,"QUETTA","SADDAR TEHSIL","SUB-DIVISION","OTHERS",1876,885,991,NA,540,234,306,NA,1336,651,685,NA
NA,NA,"QUETTA","SADDAR TEHSIL","SUB-DIVISION","PUNJABI",8234,4161,4073,NA,216,108,108,NA,8018,4053,3965,NA
NA,NA,"QUETTA","SADDAR TEHSIL","SUB-DIVISION","PUSHTO",244480,119494,124978,8,104251,51554,52695,2,140229,67940,72283,6
NA,NA,"QUETTA","SADDAR TEHSIL","SUB-DIVISION","SARAIKI",1391,698,693,NA,61,26,35,NA,1330,672,658,NA
NA,NA,"QUETTA","SADDAR TEHSIL","SUB-DIVISION","SHINA",16,9,7,NA,16,9,7,NA,NA,NA,NA,NA
NA,NA,"QUETTA","SADDAR TEHSIL","SUB-DIVISION","SINDHI",635,313,322,NA,94,51,43,NA,541,262,279,NA
NA,NA,"QUETTA","SADDAR TEHSIL","SUB-DIVISION","TOTAL",286879,140505,146364,10,121248,59790,61456,2,165631,80715,84908,8
NA,NA,"QUETTA","SADDAR TEHSIL","SUB-DIVISION","URDU",4880,2479,2401,NA,151,82,69,NA,4729,2397,2332,NA
"BALOCHISTAN","NASIRABAD","SOHBATPUR","SAEED MUHAMMAD KANRANI","TEHSIL","BALOCHI",17065,8587,8477,1,17065,8587,8477,1,NA,NA,NA,NA
"BALOCHISTAN","NASIRABAD","SOHBATPUR","SAEED MUHAMMAD KANRANI","TEHSIL","BALTI",NA,NA,NA,NA,NA,NA,NA,NA,NA,NA,NA,NA
"BALOCHISTAN","NASIRABAD","SOHBATPUR","SAEED MUHAMMAD KANRANI","TEHSIL","BRAHVI",621,337,284,NA,621,337,284,NA,NA,NA,NA,NA
"BALOCHISTAN","NASIRABAD","SOHBATPUR","SAEED MUHAMMAD KANRANI","TEHSIL","HINDKO",1,1,NA,NA,1,1,NA,NA,NA,NA,NA,NA
"BALOCHISTAN","NASIRABAD","SOHBATPUR","SAEED MUHAMMAD KANRANI","TEHSIL","KALASHA",NA,NA,NA,NA,NA,NA,NA,NA,NA,NA,NA,NA
"BALOCHISTAN","NASIRABAD","SOHBATPUR","SAEED MUHAMMAD KANRANI","TEHSIL","KASHMIRI",7,4,3,NA,7,4,3,NA,NA,NA,NA,NA
"BALOCHISTAN","NASIRABAD","SOHBATPUR","SAEED MUHAMMAD KANRANI","TEHSIL","KOHIOSTANI",NA,NA,NA,NA,NA,NA,NA,NA,NA,NA,NA,NA
"BALOCHISTAN","NASIRABAD","SOHBATPUR","SAEED MUHAMMAD KANRANI","TEHSIL","MEWATI",NA,NA,NA,NA,NA,NA,NA,NA,NA,NA,NA,NA
"BALOCHISTAN","NASIRABAD","SOHBATPUR","SAEED MUHAMMAD KANRANI","TEHSIL","OTHERS",1,1,NA,NA,1,1,NA,NA,NA,NA,NA,NA
"BALOCHISTAN","NASIRABAD","SOHBATPUR","SAEED MUHAMMAD KANRANI","TEHSIL","PUNJABI",1,1,NA,NA,1,1,NA,NA,NA,NA,NA,NA
"BALOCHISTAN","NASIRABAD","SOHBATPUR","SAEED MUHAMMAD KANRANI","TEHSIL","PUSHTO",NA,NA,NA,NA,NA,NA,NA,NA,NA,NA,NA,NA
"BALOCHISTAN","NASIRABAD","SOHBATPUR","SAEED MUHAMMAD KANRANI","TEHSIL","SARAIKI",48,21,27,NA,48,21,27,NA,NA,NA,NA,NA
"BALOCHISTAN","NASIRABAD","SOHBATPUR","SAEED MUHAMMAD KANRANI","TEHSIL","SHINA",NA,NA,NA,NA,NA,NA,NA,NA,NA,NA,NA,NA
"BALOCHISTAN","NASIRABAD","SOHBATPUR","SAEED MUHAMMAD KANRANI","TEHSIL","SINDHI",421,220,201,NA,421,220,201,NA,NA,NA,NA,NA
"BALOCHISTAN","NASIRABAD","SOHBATPUR","SAEED MUHAMMAD KANRANI","TEHSIL","TOTAL",18175,9176,8998,1,18175,9176,8998,1,NA,NA,NA,NA
"BALOCHISTAN","NASIRABAD","SOHBATPUR","SAEED MUHAMMAD KANRANI","TEHSIL","URDU",10,4,6,NA,10,4,6,NA,NA,NA,NA,NA
"BALOCHISTAN","ZHOB","ZHOB","SAMBAZA","SUB-TEHSIL","BALOCHI",26,10,16,NA,26,10,16,NA,NA,NA,NA,NA
"BALOCHISTAN","ZHOB","ZHOB","SAMBAZA","SUB-TEHSIL","BALTI",NA,NA,NA,NA,NA,NA,NA,NA,NA,NA,NA,NA
"BALOCHISTAN","ZHOB","ZHOB","SAMBAZA","SUB-TEHSIL","BRAHVI",NA,NA,NA,NA,NA,NA,NA,NA,NA,NA,NA,NA
"BALOCHISTAN","ZHOB","ZHOB","SAMBAZA","SUB-TEHSIL","HINDKO",1,NA,1,NA,1,NA,1,NA,NA,NA,NA,NA
"BALOCHISTAN","ZHOB","ZHOB","SAMBAZA","SUB-TEHSIL","KALASHA",NA,NA,NA,NA,NA,NA,NA,NA,NA,NA,NA,NA
"BALOCHISTAN","ZHOB","ZHOB","SAMBAZA","SUB-TEHSIL","KASHMIRI",1,NA,1,NA,1,NA,1,NA,NA,NA,NA,NA
"BALOCHISTAN","ZHOB","ZHOB","SAMBAZA","SUB-TEHSIL","KOHIOSTANI",NA,NA,NA,NA,NA,NA,NA,NA,NA,NA,NA,NA
"BALOCHISTAN","ZHOB","ZHOB","SAMBAZA","SUB-TEHSIL","MEWATI",NA,NA,NA,NA,NA,NA,NA,NA,NA,NA,NA,NA
"BALOCHISTAN","ZHOB","ZHOB","SAMBAZA","SUB-TEHSIL","OTHERS",2,2,NA,NA,2,2,NA,NA,NA,NA,NA,NA
"BALOCHISTAN","ZHOB","ZHOB","SAMBAZA","SUB-TEHSIL","PUNJABI",14,7,7,NA,14,7,7,NA,NA,NA,NA,NA
"BALOCHISTAN","ZHOB","ZHOB","SAMBAZA","SUB-TEHSIL","PUSHTO",25081,9910,15169,2,25081,9910,15169,2,NA,NA,NA,NA
"BALOCHISTAN","ZHOB","ZHOB","SAMBAZA","SUB-TEHSIL","SARAIKI",3,1,2,NA,3,1,2,NA,NA,NA,NA,NA
"BALOCHISTAN","ZHOB","ZHOB","SAMBAZA","SUB-TEHSIL","SHINA",NA,NA,NA,NA,NA,NA,NA,NA,NA,NA,NA,NA
"BALOCHISTAN","ZHOB","ZHOB","SAMBAZA","SUB-TEHSIL","SINDHI",8,4,4,NA,8,4,4,NA,NA,NA,NA,NA
"BALOCHISTAN","ZHOB","ZHOB","SAMBAZA","SUB-TEHSIL","TOTAL",25150,9941,15207,2,25150,9941,15207,2,NA,NA,NA,NA
"BALOCHISTAN","ZHOB","ZHOB","SAMBAZA","SUB-TEHSIL","URDU",14,7,7,NA,14,7,7,NA,NA,NA,NA,NA
"BALOCHISTAN","SIBI","SIBI","SANGAN","SUB-TEHSIL","BALOCHI",1763,962,801,NA,1763,962,801,NA,NA,NA,NA,NA
"BALOCHISTAN","SIBI","SIBI","SANGAN","SUB-TEHSIL","BALTI",NA,NA,NA,NA,NA,NA,NA,NA,NA,NA,NA,NA
"BALOCHISTAN","SIBI","SIBI","SANGAN","SUB-TEHSIL","BRAHVI",580,285,295,NA,580,285,295,NA,NA,NA,NA,NA
"BALOCHISTAN","SIBI","SIBI","SANGAN","SUB-TEHSIL","HINDKO",NA,NA,NA,NA,NA,NA,NA,NA,NA,NA,NA,NA
"BALOCHISTAN","SIBI","SIBI","SANGAN","SUB-TEHSIL","KALASHA",NA,NA,NA,NA,NA,NA,NA,NA,NA,NA,NA,NA
"BALOCHISTAN","SIBI","SIBI","SANGAN","SUB-TEHSIL","KASHMIRI",NA,NA,NA,NA,NA,NA,NA,NA,NA,NA,NA,NA
"BALOCHISTAN","SIBI","SIBI","SANGAN","SUB-TEHSIL","KOHIOSTANI",NA,NA,NA,NA,NA,NA,NA,NA,NA,NA,NA,NA
"BALOCHISTAN","SIBI","SIBI","SANGAN","SUB-TEHSIL","MEWATI",NA,NA,NA,NA,NA,NA,NA,NA,NA,NA,NA,NA
"BALOCHISTAN","SIBI","SIBI","SANGAN","SUB-TEHSIL","OTHERS",NA,NA,NA,NA,NA,NA,NA,NA,NA,NA,NA,NA
"BALOCHISTAN","SIBI","SIBI","SANGAN","SUB-TEHSIL","PUNJABI",NA,NA,NA,NA,NA,NA,NA,NA,NA,NA,NA,NA
"BALOCHISTAN","SIBI","SIBI","SANGAN","SUB-TEHSIL","PUSHTO",3084,1478,1606,NA,3084,1478,1606,NA,NA,NA,NA,NA
"BALOCHISTAN","SIBI","SIBI","SANGAN","SUB-TEHSIL","SARAIKI",NA,NA,NA,NA,NA,NA,NA,NA,NA,NA,NA,NA
"BALOCHISTAN","SIBI","SIBI","SANGAN","SUB-TEHSIL","SHINA",NA,NA,NA,NA,NA,NA,NA,NA,NA,NA,NA,NA
"BALOCHISTAN","SIBI","SIBI","SANGAN","SUB-TEHSIL","SINDHI",1,1,NA,NA,1,1,NA,NA,NA,NA,NA,NA
"BALOCHISTAN","SIBI","SIBI","SANGAN","SUB-TEHSIL","TOTAL",5431,2727,2704,NA,5431,2727,2704,NA,NA,NA,NA,NA
"BALOCHISTAN","SIBI","SIBI","SANGAN","SUB-TEHSIL","URDU",3,1,2,NA,3,1,2,NA,NA,NA,NA,NA
"BALOCHISTAN","SIBI","DERA BUGTI","SANGSILLAH","SUB-TEHSIL","BALOCHI",12513,5882,6631,NA,12513,5882,6631,NA,NA,NA,NA,NA
"BALOCHISTAN","SIBI","DERA BUGTI","SANGSILLAH","SUB-TEHSIL","BALTI",NA,NA,NA,NA,NA,NA,NA,NA,NA,NA,NA,NA
"BALOCHISTAN","SIBI","DERA BUGTI","SANGSILLAH","SUB-TEHSIL","BRAHVI",NA,NA,NA,NA,NA,NA,NA,NA,NA,NA,NA,NA
"BALOCHISTAN","SIBI","DERA BUGTI","SANGSILLAH","SUB-TEHSIL","HINDKO",NA,NA,NA,NA,NA,NA,NA,NA,NA,NA,NA,NA
"BALOCHISTAN","SIBI","DERA BUGTI","SANGSILLAH","SUB-TEHSIL","KALASHA",NA,NA,NA,NA,NA,NA,NA,NA,NA,NA,NA,NA
"BALOCHISTAN","SIBI","DERA BUGTI","SANGSILLAH","SUB-TEHSIL","KASHMIRI",2,1,1,NA,2,1,1,NA,NA,NA,NA,NA
"BALOCHISTAN","SIBI","DERA BUGTI","SANGSILLAH","SUB-TEHSIL","KOHIOSTANI",NA,NA,NA,NA,NA,NA,NA,NA,NA,NA,NA,NA
"BALOCHISTAN","SIBI","DERA BUGTI","SANGSILLAH","SUB-TEHSIL","MEWATI",NA,NA,NA,NA,NA,NA,NA,NA,NA,NA,NA,NA
"BALOCHISTAN","SIBI","DERA BUGTI","SANGSILLAH","SUB-TEHSIL","OTHERS",NA,NA,NA,NA,NA,NA,NA,NA,NA,NA,NA,NA
"BALOCHISTAN","SIBI","DERA BUGTI","SANGSILLAH","SUB-TEHSIL","PUNJABI",1,1,NA,NA,1,1,NA,NA,NA,NA,NA,NA
"BALOCHISTAN","SIBI","DERA BUGTI","SANGSILLAH","SUB-TEHSIL","PUSHTO",3,2,1,NA,3,2,1,NA,NA,NA,NA,NA
"BALOCHISTAN","SIBI","DERA BUGTI","SANGSILLAH","SUB-TEHSIL","SARAIKI",NA,NA,NA,NA,NA,NA,NA,NA,NA,NA,NA,NA
"BALOCHISTAN","SIBI","DERA BUGTI","SANGSILLAH","SUB-TEHSIL","SHINA",NA,NA,NA,NA,NA,NA,NA,NA,NA,NA,NA,NA
"BALOCHISTAN","SIBI","DERA BUGTI","SANGSILLAH","SUB-TEHSIL","SINDHI",NA,NA,NA,NA,NA,NA,NA,NA,NA,NA,NA,NA
"BALOCHISTAN","SIBI","DERA BUGTI","SANGSILLAH","SUB-TEHSIL","TOTAL",12523,5888,6635,NA,12523,5888,6635,NA,NA,NA,NA,NA
"BALOCHISTAN","SIBI","DERA BUGTI","SANGSILLAH","SUB-TEHSIL","URDU",4,2,2,NA,4,2,2,NA,NA,NA,NA,NA
"BALOCHISTAN","NASIRABAD","KACHHI","SANNI","SUB-DIVISION","BALOCHI",127209,58377,68818,14,127209,58377,68818,14,NA,NA,NA,NA
"BALOCHISTAN","NASIRABAD","KACHHI","SANNI","SUB-DIVISION","BALTI",NA,NA,NA,NA,NA,NA,NA,NA,NA,NA,NA,NA
"BALOCHISTAN","NASIRABAD","KACHHI","SANNI","SUB-DIVISION","BRAHVI",286,149,137,NA,286,149,137,NA,NA,NA,NA,NA
"BALOCHISTAN","NASIRABAD","KACHHI","SANNI","SUB-DIVISION","HINDKO",2,1,1,NA,2,1,1,NA,NA,NA,NA,NA
"BALOCHISTAN","NASIRABAD","KACHHI","SANNI","SUB-DIVISION","KALASHA",NA,NA,NA,NA,NA,NA,NA,NA,NA,NA,NA,NA
"BALOCHISTAN","NASIRABAD","KACHHI","SANNI","SUB-DIVISION","KASHMIRI",146,70,76,NA,146,70,76,NA,NA,NA,NA,NA
"BALOCHISTAN","NASIRABAD","KACHHI","SANNI","SUB-DIVISION","KOHIOSTANI",NA,NA,NA,NA,NA,NA,NA,NA,NA,NA,NA,NA
"BALOCHISTAN","NASIRABAD","KACHHI","SANNI","SUB-DIVISION","MEWATI",NA,NA,NA,NA,NA,NA,NA,NA,NA,NA,NA,NA
"BALOCHISTAN","NASIRABAD","KACHHI","SANNI","SUB-DIVISION","OTHERS",10,8,2,NA,10,8,2,NA,NA,NA,NA,NA
"BALOCHISTAN","NASIRABAD","KACHHI","SANNI","SUB-DIVISION","PUNJABI",48,22,25,1,48,22,25,1,NA,NA,NA,NA
"BALOCHISTAN","NASIRABAD","KACHHI","SANNI","SUB-DIVISION","PUSHTO",104,41,63,NA,104,41,63,NA,NA,NA,NA,NA
"BALOCHISTAN","NASIRABAD","KACHHI","SANNI","SUB-DIVISION","SARAIKI",2956,1377,1578,1,2956,1377,1578,1,NA,NA,NA,NA
"BALOCHISTAN","NASIRABAD","KACHHI","SANNI","SUB-DIVISION","SHINA",1,1,NA,NA,1,1,NA,NA,NA,NA,NA,NA
"BALOCHISTAN","NASIRABAD","KACHHI","SANNI","SUB-DIVISION","SINDHI",19939,9273,10662,4,19939,9273,10662,4,NA,NA,NA,NA
"BALOCHISTAN","NASIRABAD","KACHHI","SANNI","SUB-DIVISION","TOTAL",150821,69362,81439,20,150821,69362,81439,20,NA,NA,NA,NA
"BALOCHISTAN","NASIRABAD","KACHHI","SANNI","SUB-DIVISION","URDU",120,43,77,NA,120,43,77,NA,NA,NA,NA,NA
"BALOCHISTAN","RAKHSHAN","KHARAN","SAR KHARAN","SUB-DIVISION","BALOCHI",85036,39619,45412,5,85036,39619,45412,5,NA,NA,NA,NA
"BALOCHISTAN","RAKHSHAN","KHARAN","SAR KHARAN","SUB-DIVISION","BALTI",NA,NA,NA,NA,NA,NA,NA,NA,NA,NA,NA,NA
"BALOCHISTAN","RAKHSHAN","KHARAN","SAR KHARAN","SUB-DIVISION","BRAHVI",700,344,356,NA,700,344,356,NA,NA,NA,NA,NA
"BALOCHISTAN","RAKHSHAN","KHARAN","SAR KHARAN","SUB-DIVISION","HINDKO",NA,NA,NA,NA,NA,NA,NA,NA,NA,NA,NA,NA
"BALOCHISTAN","RAKHSHAN","KHARAN","SAR KHARAN","SUB-DIVISION","KALASHA",NA,NA,NA,NA,NA,NA,NA,NA,NA,NA,NA,NA
"BALOCHISTAN","RAKHSHAN","KHARAN","SAR KHARAN","SUB-DIVISION","KASHMIRI",79,44,35,NA,79,44,35,NA,NA,NA,NA,NA
"BALOCHISTAN","RAKHSHAN","KHARAN","SAR KHARAN","SUB-DIVISION","KOHIOSTANI",NA,NA,NA,NA,NA,NA,NA,NA,NA,NA,NA,NA
"BALOCHISTAN","RAKHSHAN","KHARAN","SAR KHARAN","SUB-DIVISION","MEWATI",NA,NA,NA,NA,NA,NA,NA,NA,NA,NA,NA,NA
"BALOCHISTAN","RAKHSHAN","KHARAN","SAR KHARAN","SUB-DIVISION","OTHERS",14,3,11,NA,14,3,11,NA,NA,NA,NA,NA
"BALOCHISTAN","RAKHSHAN","KHARAN","SAR KHARAN","SUB-DIVISION","PUNJABI",14,2,12,NA,14,2,12,NA,NA,NA,NA,NA
"BALOCHISTAN","RAKHSHAN","KHARAN","SAR KHARAN","SUB-DIVISION","PUSHTO",100,48,52,NA,100,48,52,NA,NA,NA,NA,NA
"BALOCHISTAN","RAKHSHAN","KHARAN","SAR KHARAN","SUB-DIVISION","SARAIKI",8,1,7,NA,8,1,7,NA,NA,NA,NA,NA
"BALOCHISTAN","RAKHSHAN","KHARAN","SAR KHARAN","SUB-DIVISION","SHINA",NA,NA,NA,NA,NA,NA,NA,NA,NA,NA,NA,NA
"BALOCHISTAN","RAKHSHAN","KHARAN","SAR KHARAN","SUB-DIVISION","SINDHI",43,22,21,NA,43,22,21,NA,NA,NA,NA,NA
"BALOCHISTAN","RAKHSHAN","KHARAN","SAR KHARAN","SUB-DIVISION","TOTAL",86015,40091,45919,5,86015,40091,45919,5,NA,NA,NA,NA
"BALOCHISTAN","RAKHSHAN","KHARAN","SAR KHARAN","SUB-DIVISION","URDU",21,8,13,NA,21,8,13,NA,NA,NA,NA,NA
"BALOCHISTAN","QUETTA","PISHIN","SARANAN","TEHSIL","BALOCHI",92,49,43,NA,52,24,28,NA,40,25,15,NA
"BALOCHISTAN","QUETTA","PISHIN","SARANAN","TEHSIL","BALTI",NA,NA,NA,NA,NA,NA,NA,NA,NA,NA,NA,NA
"BALOCHISTAN","QUETTA","PISHIN","SARANAN","TEHSIL","BRAHVI",4526,2260,2266,NA,4526,2260,2266,NA,NA,NA,NA,NA
"BALOCHISTAN","QUETTA","PISHIN","SARANAN","TEHSIL","HINDKO",6,2,4,NA,6,2,4,NA,NA,NA,NA,NA
"BALOCHISTAN","QUETTA","PISHIN","SARANAN","TEHSIL","KALASHA",NA,NA,NA,NA,NA,NA,NA,NA,NA,NA,NA,NA
"BALOCHISTAN","QUETTA","PISHIN","SARANAN","TEHSIL","KASHMIRI",1,1,NA,NA,NA,NA,NA,NA,1,1,NA,NA
"BALOCHISTAN","QUETTA","PISHIN","SARANAN","TEHSIL","KOHIOSTANI",NA,NA,NA,NA,NA,NA,NA,NA,NA,NA,NA,NA
"BALOCHISTAN","QUETTA","PISHIN","SARANAN","TEHSIL","MEWATI",NA,NA,NA,NA,NA,NA,NA,NA,NA,NA,NA,NA
"BALOCHISTAN","QUETTA","PISHIN","SARANAN","TEHSIL","OTHERS",28,15,13,NA,NA,NA,NA,NA,28,15,13,NA
"BALOCHISTAN","QUETTA","PISHIN","SARANAN","TEHSIL","PUNJABI",4,3,1,NA,NA,NA,NA,NA,4,3,1,NA
"BALOCHISTAN","QUETTA","PISHIN","SARANAN","TEHSIL","PUSHTO",60474,29993,30480,1,14048,6959,7089,NA,46426,23034,23391,1
"BALOCHISTAN","QUETTA","PISHIN","SARANAN","TEHSIL","SARAIKI",NA,NA,NA,NA,NA,NA,NA,NA,NA,NA,NA,NA
"BALOCHISTAN","QUETTA","PISHIN","SARANAN","TEHSIL","SHINA",1,1,NA,NA,1,1,NA,NA,NA,NA,NA,NA
"BALOCHISTAN","QUETTA","PISHIN","SARANAN","TEHSIL","SINDHI",4,2,2,NA,1,1,NA,NA,3,1,2,NA
"BALOCHISTAN","QUETTA","PISHIN","SARANAN","TEHSIL","TOTAL",65157,32336,32820,1,18645,9253,9392,NA,46512,23083,23428,1
"BALOCHISTAN","QUETTA","PISHIN","SARANAN","TEHSIL","URDU",21,10,11,NA,11,6,5,NA,10,4,6,NA
"BALOCHISTAN","QUETTA","QUETTA","SARIAB","SUB-DIVISION","BALOCHI",63202,29856,33343,3,59839,28169,31667,3,3363,1687,1676,NA
"BALOCHISTAN","QUETTA","QUETTA","SARIAB","SUB-DIVISION","BALTI",15,3,12,NA,15,3,12,NA,NA,NA,NA,NA
"BALOCHISTAN","QUETTA","QUETTA","SARIAB","SUB-DIVISION","BRAHVI",189084,92240,96843,1,187027,91243,95783,1,2057,997,1060,NA
"BALOCHISTAN","QUETTA","QUETTA","SARIAB","SUB-DIVISION","HINDKO",493,232,261,NA,167,78,89,NA,326,154,172,NA
"BALOCHISTAN","QUETTA","QUETTA","SARIAB","SUB-DIVISION","KALASHA",5,2,3,NA,5,2,3,NA,NA,NA,NA,NA
"BALOCHISTAN","QUETTA","QUETTA","SARIAB","SUB-DIVISION","KASHMIRI",160,53,106,1,156,52,103,1,4,1,3,NA
"BALOCHISTAN","QUETTA","QUETTA","SARIAB","SUB-DIVISION","KOHIOSTANI",50,28,22,NA,50,28,22,NA,NA,NA,NA,NA
"BALOCHISTAN","QUETTA","QUETTA","SARIAB","SUB-DIVISION","MEWATI",3,1,2,NA,3,1,2,NA,NA,NA,NA,NA
"BALOCHISTAN","QUETTA","QUETTA","SARIAB","SUB-DIVISION","OTHERS",15863,7952,7911,NA,13950,7002,6948,NA,1913,950,963,NA
"BALOCHISTAN","QUETTA","QUETTA","SARIAB","SUB-DIVISION","PUNJABI",967,474,493,NA,581,281,300,NA,386,193,193,NA
"BALOCHISTAN","QUETTA","QUETTA","SARIAB","SUB-DIVISION","PUSHTO",275038,132894,142132,12,217886,105094,112780,12,57152,27800,29352,NA
"BALOCHISTAN","QUETTA","QUETTA","SARIAB","SUB-DIVISION","SARAIKI",5952,2847,3105,NA,5863,2811,3052,NA,89,36,53,NA
"BALOCHISTAN","QUETTA","QUETTA","SARIAB","SUB-DIVISION","SHINA",149,70,79,NA,149,70,79,NA,NA,NA,NA,NA
"BALOCHISTAN","QUETTA","QUETTA","SARIAB","SUB-DIVISION","SINDHI",8402,3945,4457,NA,8157,3833,4324,NA,245,112,133,NA
"BALOCHISTAN","QUETTA","QUETTA","SARIAB","SUB-DIVISION","TOTAL",561265,271503,289744,18,495433,239434,255981,18,65832,32069,33763,NA
"BALOCHISTAN","QUETTA","QUETTA","SARIAB","SUB-DIVISION","URDU",1882,906,975,1,1585,767,817,1,297,139,158,NA
"BALOCHISTAN","KALAT","KHUZDAR","SAROONA","SUB-TEHSIL","BALOCHI",5331,2452,2878,1,5331,2452,2878,1,NA,NA,NA,NA
"BALOCHISTAN","KALAT","KHUZDAR","SAROONA","SUB-TEHSIL","BALTI",NA,NA,NA,NA,NA,NA,NA,NA,NA,NA,NA,NA
"BALOCHISTAN","KALAT","KHUZDAR","SAROONA","SUB-TEHSIL","BRAHVI",30939,13768,17170,1,30939,13768,17170,1,NA,NA,NA,NA
"BALOCHISTAN","KALAT","KHUZDAR","SAROONA","SUB-TEHSIL","HINDKO",56,29,27,NA,56,29,27,NA,NA,NA,NA,NA
"BALOCHISTAN","KALAT","KHUZDAR","SAROONA","SUB-TEHSIL","KALASHA",NA,NA,NA,NA,NA,NA,NA,NA,NA,NA,NA,NA
"BALOCHISTAN","KALAT","KHUZDAR","SAROONA","SUB-TEHSIL","KASHMIRI",3,1,2,NA,3,1,2,NA,NA,NA,NA,NA
"BALOCHISTAN","KALAT","KHUZDAR","SAROONA","SUB-TEHSIL","KOHIOSTANI",NA,NA,NA,NA,NA,NA,NA,NA,NA,NA,NA,NA
"BALOCHISTAN","KALAT","KHUZDAR","SAROONA","SUB-TEHSIL","MEWATI",NA,NA,NA,NA,NA,NA,NA,NA,NA,NA,NA,NA
"BALOCHISTAN","KALAT","KHUZDAR","SAROONA","SUB-TEHSIL","OTHERS",19,9,10,NA,19,9,10,NA,NA,NA,NA,NA
"BALOCHISTAN","KALAT","KHUZDAR","SAROONA","SUB-TEHSIL","PUNJABI",NA,NA,NA,NA,NA,NA,NA,NA,NA,NA,NA,NA
"BALOCHISTAN","KALAT","KHUZDAR","SAROONA","SUB-TEHSIL","PUSHTO",1,1,NA,NA,1,1,NA,NA,NA,NA,NA,NA
"BALOCHISTAN","KALAT","KHUZDAR","SAROONA","SUB-TEHSIL","SARAIKI",NA,NA,NA,NA,NA,NA,NA,NA,NA,NA,NA,NA
"BALOCHISTAN","KALAT","KHUZDAR","SAROONA","SUB-TEHSIL","SHINA",8,2,6,NA,8,2,6,NA,NA,NA,NA,NA
"BALOCHISTAN","KALAT","KHUZDAR","SAROONA","SUB-TEHSIL","SINDHI",16,5,11,NA,16,5,11,NA,NA,NA,NA,NA
"BALOCHISTAN","KALAT","KHUZDAR","SAROONA","SUB-TEHSIL","TOTAL",36380,16272,20106,2,36380,16272,20106,2,NA,NA,NA,NA
"BALOCHISTAN","KALAT","KHUZDAR","SAROONA","SUB-TEHSIL","URDU",7,5,2,NA,7,5,2,NA,NA,NA,NA,NA
"BALOCHISTAN","KALAT","SURAB","SHAHEED MEHARABAD ZEHRI","SUB-DIVISION","BALOCHI",176,81,95,NA,176,81,95,NA,NA,NA,NA,NA
"BALOCHISTAN","KALAT","SURAB","SHAHEED MEHARABAD ZEHRI","SUB-DIVISION","BALTI",NA,NA,NA,NA,NA,NA,NA,NA,NA,NA,NA,NA
"BALOCHISTAN","KALAT","SURAB","SHAHEED MEHARABAD ZEHRI","SUB-DIVISION","BRAHVI",65918,32466,33450,2,65918,32466,33450,2,NA,NA,NA,NA
"BALOCHISTAN","KALAT","SURAB","SHAHEED MEHARABAD ZEHRI","SUB-DIVISION","HINDKO",31,12,19,NA,31,12,19,NA,NA,NA,NA,NA
"BALOCHISTAN","KALAT","SURAB","SHAHEED MEHARABAD ZEHRI","SUB-DIVISION","KALASHA",NA,NA,NA,NA,NA,NA,NA,NA,NA,NA,NA,NA
"BALOCHISTAN","KALAT","SURAB","SHAHEED MEHARABAD ZEHRI","SUB-DIVISION","KASHMIRI",2,1,1,NA,2,1,1,NA,NA,NA,NA,NA
"BALOCHISTAN","KALAT","SURAB","SHAHEED MEHARABAD ZEHRI","SUB-DIVISION","KOHIOSTANI",NA,NA,NA,NA,NA,NA,NA,NA,NA,NA,NA,NA
"BALOCHISTAN","KALAT","SURAB","SHAHEED MEHARABAD ZEHRI","SUB-DIVISION","MEWATI",NA,NA,NA,NA,NA,NA,NA,NA,NA,NA,NA,NA
"BALOCHISTAN","KALAT","SURAB","SHAHEED MEHARABAD ZEHRI","SUB-DIVISION","OTHERS",22,9,12,1,22,9,12,1,NA,NA,NA,NA
"BALOCHISTAN","KALAT","SURAB","SHAHEED MEHARABAD ZEHRI","SUB-DIVISION","PUNJABI",1,NA,1,NA,1,NA,1,NA,NA,NA,NA,NA
"BALOCHISTAN","KALAT","SURAB","SHAHEED MEHARABAD ZEHRI","SUB-DIVISION","PUSHTO",188,91,97,NA,188,91,97,NA,NA,NA,NA,NA
"BALOCHISTAN","KALAT","SURAB","SHAHEED MEHARABAD ZEHRI","SUB-DIVISION","SARAIKI",8,4,3,1,8,4,3,1,NA,NA,NA,NA
"BALOCHISTAN","KALAT","SURAB","SHAHEED MEHARABAD ZEHRI","SUB-DIVISION","SHINA",13,10,2,1,13,10,2,1,NA,NA,NA,NA
"BALOCHISTAN","KALAT","SURAB","SHAHEED MEHARABAD ZEHRI","SUB-DIVISION","SINDHI",42,16,26,NA,42,16,26,NA,NA,NA,NA,NA
"BALOCHISTAN","KALAT","SURAB","SHAHEED MEHARABAD ZEHRI","SUB-DIVISION","TOTAL",66435,32704,33725,6,66435,32704,33725,6,NA,NA,NA,NA
"BALOCHISTAN","KALAT","SURAB","SHAHEED MEHARABAD ZEHRI","SUB-DIVISION","URDU",34,14,19,1,34,14,19,1,NA,NA,NA,NA
"BALOCHISTAN","RAKHSHAN","WASHUK","SHAHOO GARHI","SUB-TEHSIL","BALOCHI",49480,22618,26861,1,49480,22618,26861,1,NA,NA,NA,NA
"BALOCHISTAN","RAKHSHAN","WASHUK","SHAHOO GARHI","SUB-TEHSIL","BALTI",NA,NA,NA,NA,NA,NA,NA,NA,NA,NA,NA,NA
"BALOCHISTAN","RAKHSHAN","WASHUK","SHAHOO GARHI","SUB-TEHSIL","BRAHVI",9370,4439,4931,NA,9370,4439,4931,NA,NA,NA,NA,NA
"BALOCHISTAN","RAKHSHAN","WASHUK","SHAHOO GARHI","SUB-TEHSIL","HINDKO",8,5,3,NA,8,5,3,NA,NA,NA,NA,NA
"BALOCHISTAN","RAKHSHAN","WASHUK","SHAHOO GARHI","SUB-TEHSIL","KALASHA",NA,NA,NA,NA,NA,NA,NA,NA,NA,NA,NA,NA
"BALOCHISTAN","RAKHSHAN","WASHUK","SHAHOO GARHI","SUB-TEHSIL","KASHMIRI",31,9,22,NA,31,9,22,NA,NA,NA,NA,NA
"BALOCHISTAN","RAKHSHAN","WASHUK","SHAHOO GARHI","SUB-TEHSIL","KOHIOSTANI",NA,NA,NA,NA,NA,NA,NA,NA,NA,NA,NA,NA
"BALOCHISTAN","RAKHSHAN","WASHUK","SHAHOO GARHI","SUB-TEHSIL","MEWATI",NA,NA,NA,NA,NA,NA,NA,NA,NA,NA,NA,NA
"BALOCHISTAN","RAKHSHAN","WASHUK","SHAHOO GARHI","SUB-TEHSIL","OTHERS",1,NA,1,NA,1,NA,1,NA,NA,NA,NA,NA
"BALOCHISTAN","RAKHSHAN","WASHUK","SHAHOO GARHI","SUB-TEHSIL","PUNJABI",26,10,16,NA,26,10,16,NA,NA,NA,NA,NA
"BALOCHISTAN","RAKHSHAN","WASHUK","SHAHOO GARHI","SUB-TEHSIL","PUSHTO",11,3,8,NA,11,3,8,NA,NA,NA,NA,NA
"BALOCHISTAN","RAKHSHAN","WASHUK","SHAHOO GARHI","SUB-TEHSIL","SARAIKI",24,9,15,NA,24,9,15,NA,NA,NA,NA,NA
"BALOCHISTAN","RAKHSHAN","WASHUK","SHAHOO GARHI","SUB-TEHSIL","SHINA",NA,NA,NA,NA,NA,NA,NA,NA,NA,NA,NA,NA
"BALOCHISTAN","RAKHSHAN","WASHUK","SHAHOO GARHI","SUB-TEHSIL","SINDHI",73,37,36,NA,73,37,36,NA,NA,NA,NA,NA
"BALOCHISTAN","RAKHSHAN","WASHUK","SHAHOO GARHI","SUB-TEHSIL","TOTAL",59061,27145,31915,1,59061,27145,31915,1,NA,NA,NA,NA
"BALOCHISTAN","RAKHSHAN","WASHUK","SHAHOO GARHI","SUB-TEHSIL","URDU",37,15,22,NA,37,15,22,NA,NA,NA,NA,NA
"BALOCHISTAN","SIBI","HARNAI","SHAHRIG","TEHSIL","BALOCHI",961,434,527,NA,211,104,107,NA,750,330,420,NA
"BALOCHISTAN","SIBI","HARNAI","SHAHRIG","TEHSIL","BALTI",NA,NA,NA,NA,NA,NA,NA,NA,NA,NA,NA,NA
"BALOCHISTAN","SIBI","HARNAI","SHAHRIG","TEHSIL","BRAHVI",9,5,4,NA,NA,NA,NA,NA,9,5,4,NA
"BALOCHISTAN","SIBI","HARNAI","SHAHRIG","TEHSIL","HINDKO",NA,NA,NA,NA,NA,NA,NA,NA,NA,NA,NA,NA
"BALOCHISTAN","SIBI","HARNAI","SHAHRIG","TEHSIL","KALASHA",NA,NA,NA,NA,NA,NA,NA,NA,NA,NA,NA,NA
"BALOCHISTAN","SIBI","HARNAI","SHAHRIG","TEHSIL","KASHMIRI",4,NA,4,NA,NA,NA,NA,NA,4,NA,4,NA
"BALOCHISTAN","SIBI","HARNAI","SHAHRIG","TEHSIL","KOHIOSTANI",NA,NA,NA,NA,NA,NA,NA,NA,NA,NA,NA,NA
"BALOCHISTAN","SIBI","HARNAI","SHAHRIG","TEHSIL","MEWATI",NA,NA,NA,NA,NA,NA,NA,NA,NA,NA,NA,NA
"BALOCHISTAN","SIBI","HARNAI","SHAHRIG","TEHSIL","OTHERS",38,13,25,NA,33,13,20,NA,5,NA,5,NA
"BALOCHISTAN","SIBI","HARNAI","SHAHRIG","TEHSIL","PUNJABI",125,52,73,NA,NA,NA,NA,NA,125,52,73,NA
"BALOCHISTAN","SIBI","HARNAI","SHAHRIG","TEHSIL","PUSHTO",27269,11245,16024,NA,9604,4273,5331,NA,17665,6972,10693,NA
"BALOCHISTAN","SIBI","HARNAI","SHAHRIG","TEHSIL","SARAIKI",405,173,232,NA,NA,NA,NA,NA,405,173,232,NA
"BALOCHISTAN","SIBI","HARNAI","SHAHRIG","TEHSIL","SHINA",NA,NA,NA,NA,NA,NA,NA,NA,NA,NA,NA,NA
"BALOCHISTAN","SIBI","HARNAI","SHAHRIG","TEHSIL","SINDHI",140,56,84,NA,1,NA,1,NA,139,56,83,NA
"BALOCHISTAN","SIBI","HARNAI","SHAHRIG","TEHSIL","TOTAL",29005,11995,17010,NA,9849,4390,5459,NA,19156,7605,11551,NA
"BALOCHISTAN","SIBI","HARNAI","SHAHRIG","TEHSIL","URDU",54,17,37,NA,NA,NA,NA,NA,54,17,37,NA
"BALOCHISTAN","ZHOB","SHERANI","SHERANI","SUB-DIVISION","BALOCHI",149,76,73,NA,149,76,73,NA,NA,NA,NA,NA
"BALOCHISTAN","ZHOB","SHERANI","SHERANI","SUB-DIVISION","BALTI",NA,NA,NA,NA,NA,NA,NA,NA,NA,NA,NA,NA
"BALOCHISTAN","ZHOB","SHERANI","SHERANI","SUB-DIVISION","BRAHVI",NA,NA,NA,NA,NA,NA,NA,NA,NA,NA,NA,NA
"BALOCHISTAN","ZHOB","SHERANI","SHERANI","SUB-DIVISION","HINDKO",1,NA,1,NA,1,NA,1,NA,NA,NA,NA,NA
"BALOCHISTAN","ZHOB","SHERANI","SHERANI","SUB-DIVISION","KALASHA",NA,NA,NA,NA,NA,NA,NA,NA,NA,NA,NA,NA
"BALOCHISTAN","ZHOB","SHERANI","SHERANI","SUB-DIVISION","KASHMIRI",2,NA,2,NA,2,NA,2,NA,NA,NA,NA,NA
"BALOCHISTAN","ZHOB","SHERANI","SHERANI","SUB-DIVISION","KOHIOSTANI",NA,NA,NA,NA,NA,NA,NA,NA,NA,NA,NA,NA
"BALOCHISTAN","ZHOB","SHERANI","SHERANI","SUB-DIVISION","MEWATI",NA,NA,NA,NA,NA,NA,NA,NA,NA,NA,NA,NA
"BALOCHISTAN","ZHOB","SHERANI","SHERANI","SUB-DIVISION","OTHERS",4,3,1,NA,4,3,1,NA,NA,NA,NA,NA
"BALOCHISTAN","ZHOB","SHERANI","SHERANI","SUB-DIVISION","PUNJABI",8,5,3,NA,8,5,3,NA,NA,NA,NA,NA
"BALOCHISTAN","ZHOB","SHERANI","SHERANI","SUB-DIVISION","PUSHTO",191431,86206,105219,6,191431,86206,105219,6,NA,NA,NA,NA
"BALOCHISTAN","ZHOB","SHERANI","SHERANI","SUB-DIVISION","SARAIKI",5,1,4,NA,5,1,4,NA,NA,NA,NA,NA
"BALOCHISTAN","ZHOB","SHERANI","SHERANI","SUB-DIVISION","SHINA",NA,NA,NA,NA,NA,NA,NA,NA,NA,NA,NA,NA
"BALOCHISTAN","ZHOB","SHERANI","SHERANI","SUB-DIVISION","SINDHI",24,10,14,NA,24,10,14,NA,NA,NA,NA,NA
"BALOCHISTAN","ZHOB","SHERANI","SHERANI","SUB-DIVISION","TOTAL",191673,86329,105338,6,191673,86329,105338,6,NA,NA,NA,NA
"BALOCHISTAN","ZHOB","SHERANI","SHERANI","SUB-DIVISION","URDU",49,28,21,NA,49,28,21,NA,NA,NA,NA,NA
"BALOCHISTAN","ZHOB","KILLA SAIFULLAH","SHINKI","SUB-TEHSIL","BALOCHI",197,99,98,NA,197,99,98,NA,NA,NA,NA,NA
"BALOCHISTAN","ZHOB","KILLA SAIFULLAH","SHINKI","SUB-TEHSIL","BALTI",NA,NA,NA,NA,NA,NA,NA,NA,NA,NA,NA,NA
"BALOCHISTAN","ZHOB","KILLA SAIFULLAH","SHINKI","SUB-TEHSIL","BRAHVI",NA,NA,NA,NA,NA,NA,NA,NA,NA,NA,NA,NA
"BALOCHISTAN","ZHOB","KILLA SAIFULLAH","SHINKI","SUB-TEHSIL","HINDKO",NA,NA,NA,NA,NA,NA,NA,NA,NA,NA,NA,NA
"BALOCHISTAN","ZHOB","KILLA SAIFULLAH","SHINKI","SUB-TEHSIL","KALASHA",NA,NA,NA,NA,NA,NA,NA,NA,NA,NA,NA,NA
"BALOCHISTAN","ZHOB","KILLA SAIFULLAH","SHINKI","SUB-TEHSIL","KASHMIRI",NA,NA,NA,NA,NA,NA,NA,NA,NA,NA,NA,NA
"BALOCHISTAN","ZHOB","KILLA SAIFULLAH","SHINKI","SUB-TEHSIL","KOHIOSTANI",NA,NA,NA,NA,NA,NA,NA,NA,NA,NA,NA,NA
"BALOCHISTAN","ZHOB","KILLA SAIFULLAH","SHINKI","SUB-TEHSIL","MEWATI",NA,NA,NA,NA,NA,NA,NA,NA,NA,NA,NA,NA
"BALOCHISTAN","ZHOB","KILLA SAIFULLAH","SHINKI","SUB-TEHSIL","OTHERS",40,20,20,NA,40,20,20,NA,NA,NA,NA,NA
"BALOCHISTAN","ZHOB","KILLA SAIFULLAH","SHINKI","SUB-TEHSIL","PUNJABI",5,2,3,NA,5,2,3,NA,NA,NA,NA,NA
"BALOCHISTAN","ZHOB","KILLA SAIFULLAH","SHINKI","SUB-TEHSIL","PUSHTO",58994,28621,30373,NA,58994,28621,30373,NA,NA,NA,NA,NA
"BALOCHISTAN","ZHOB","KILLA SAIFULLAH","SHINKI","SUB-TEHSIL","SARAIKI",NA,NA,NA,NA,NA,NA,NA,NA,NA,NA,NA,NA
"BALOCHISTAN","ZHOB","KILLA SAIFULLAH","SHINKI","SUB-TEHSIL","SHINA",NA,NA,NA,NA,NA,NA,NA,NA,NA,NA,NA,NA
"BALOCHISTAN","ZHOB","KILLA SAIFULLAH","SHINKI","SUB-TEHSIL","SINDHI",9,4,5,NA,9,4,5,NA,NA,NA,NA,NA
"BALOCHISTAN","ZHOB","KILLA SAIFULLAH","SHINKI","SUB-TEHSIL","TOTAL",59258,28752,30506,NA,59258,28752,30506,NA,NA,NA,NA,NA
"BALOCHISTAN","ZHOB","KILLA SAIFULLAH","SHINKI","SUB-TEHSIL","URDU",13,6,7,NA,13,6,7,NA,NA,NA,NA,NA
"BALOCHISTAN","SIBI","SIBI","SIBI","SUB-DIVISION","BALOCHI",62319,29595,32723,1,34406,16025,18380,1,27913,13570,14343,NA
"BALOCHISTAN","SIBI","SIBI","SIBI","SUB-DIVISION","BALTI",NA,NA,NA,NA,NA,NA,NA,NA,NA,NA,NA,NA
"BALOCHISTAN","SIBI","SIBI","SIBI","SUB-DIVISION","BRAHVI",5304,2607,2697,NA,3411,1679,1732,NA,1893,928,965,NA
"BALOCHISTAN","SIBI","SIBI","SIBI","SUB-DIVISION","HINDKO",23,13,10,NA,NA,NA,NA,NA,23,13,10,NA
"BALOCHISTAN","SIBI","SIBI","SIBI","SUB-DIVISION","KALASHA",NA,NA,NA,NA,NA,NA,NA,NA,NA,NA,NA,NA
"BALOCHISTAN","SIBI","SIBI","SIBI","SUB-DIVISION","KASHMIRI",51,22,29,NA,23,12,11,NA,28,10,18,NA
"BALOCHISTAN","SIBI","SIBI","SIBI","SUB-DIVISION","KOHIOSTANI",NA,NA,NA,NA,NA,NA,NA,NA,NA,NA,NA,NA
"BALOCHISTAN","SIBI","SIBI","SIBI","SUB-DIVISION","MEWATI",NA,NA,NA,NA,NA,NA,NA,NA,NA,NA,NA,NA
"BALOCHISTAN","SIBI","SIBI","SIBI","SUB-DIVISION","OTHERS",146,63,83,NA,72,36,36,NA,74,27,47,NA
"BALOCHISTAN","SIBI","SIBI","SIBI","SUB-DIVISION","PUNJABI",2775,1447,1328,NA,164,91,73,NA,2611,1356,1255,NA
"BALOCHISTAN","SIBI","SIBI","SIBI","SUB-DIVISION","PUSHTO",26906,13250,13654,2,22314,10958,11354,2,4592,2292,2300,NA
"BALOCHISTAN","SIBI","SIBI","SIBI","SUB-DIVISION","SARAIKI",15854,7777,8077,NA,5457,2575,2882,NA,10397,5202,5195,NA
"BALOCHISTAN","SIBI","SIBI","SIBI","SUB-DIVISION","SHINA",5,2,3,NA,5,2,3,NA,NA,NA,NA,NA
"BALOCHISTAN","SIBI","SIBI","SIBI","SUB-DIVISION","SINDHI",38679,19043,19636,NA,19633,9586,10047,NA,19046,9457,9589,NA
"BALOCHISTAN","SIBI","SIBI","SIBI","SUB-DIVISION","TOTAL",154970,75263,79704,3,85670,41057,44610,3,69300,34206,35094,NA
"BALOCHISTAN","SIBI","SIBI","SIBI","SUB-DIVISION","URDU",2908,1444,1464,NA,185,93,92,NA,2723,1351,1372,NA
"BALOCHISTAN","SIBI","ZIARAT","SINJAWI","SUB-DIVISION","BALOCHI",741,386,355,NA,435,240,195,NA,306,146,160,NA
"BALOCHISTAN","SIBI","ZIARAT","SINJAWI","SUB-DIVISION","BALTI",NA,NA,NA,NA,NA,NA,NA,NA,NA,NA,NA,NA
"BALOCHISTAN","SIBI","ZIARAT","SINJAWI","SUB-DIVISION","BRAHVI",5,2,3,NA,NA,NA,NA,NA,5,2,3,NA
"BALOCHISTAN","SIBI","ZIARAT","SINJAWI","SUB-DIVISION","HINDKO",2,NA,2,NA,2,NA,2,NA,NA,NA,NA,NA
"BALOCHISTAN","SIBI","ZIARAT","SINJAWI","SUB-DIVISION","KALASHA",NA,NA,NA,NA,NA,NA,NA,NA,NA,NA,NA,NA
"BALOCHISTAN","SIBI","ZIARAT","SINJAWI","SUB-DIVISION","KASHMIRI",10,4,6,NA,1,NA,1,NA,9,4,5,NA
"BALOCHISTAN","SIBI","ZIARAT","SINJAWI","SUB-DIVISION","KOHIOSTANI",NA,NA,NA,NA,NA,NA,NA,NA,NA,NA,NA,NA
"BALOCHISTAN","SIBI","ZIARAT","SINJAWI","SUB-DIVISION","MEWATI",NA,NA,NA,NA,NA,NA,NA,NA,NA,NA,NA,NA
"BALOCHISTAN","SIBI","ZIARAT","SINJAWI","SUB-DIVISION","OTHERS",115,48,67,NA,27,11,16,NA,88,37,51,NA
"BALOCHISTAN","SIBI","ZIARAT","SINJAWI","SUB-DIVISION","PUNJABI",245,107,138,NA,5,2,3,NA,240,105,135,NA
"BALOCHISTAN","SIBI","ZIARAT","SINJAWI","SUB-DIVISION","PUSHTO",108806,52244,56557,5,64571,30810,33757,4,44235,21434,22800,1
"BALOCHISTAN","SIBI","ZIARAT","SINJAWI","SUB-DIVISION","SARAIKI",550,271,279,NA,1,NA,1,NA,549,271,278,NA
"BALOCHISTAN","SIBI","ZIARAT","SINJAWI","SUB-DIVISION","SHINA",NA,NA,NA,NA,NA,NA,NA,NA,NA,NA,NA,NA
"BALOCHISTAN","SIBI","ZIARAT","SINJAWI","SUB-DIVISION","SINDHI",15,5,10,NA,14,5,9,NA,1,NA,1,NA
"BALOCHISTAN","SIBI","ZIARAT","SINJAWI","SUB-DIVISION","TOTAL",110623,53132,57486,5,65084,31083,33997,4,45539,22049,23489,1
"BALOCHISTAN","SIBI","ZIARAT","SINJAWI","SUB-DIVISION","URDU",134,65,69,NA,28,15,13,NA,106,50,56,NA
"BALOCHISTAN","NASIRABAD","SOHBATPUR","SOHBATPUR","SUB-DIVISION","BALOCHI",30804,15358,15446,NA,27538,13744,13794,NA,3266,1614,1652,NA
"BALOCHISTAN","NASIRABAD","SOHBATPUR","SOHBATPUR","SUB-DIVISION","BALTI",NA,NA,NA,NA,NA,NA,NA,NA,NA,NA,NA,NA
"BALOCHISTAN","NASIRABAD","SOHBATPUR","SOHBATPUR","SUB-DIVISION","BRAHVI",5839,2903,2936,NA,3877,1936,1941,NA,1962,967,995,NA
"BALOCHISTAN","NASIRABAD","SOHBATPUR","SOHBATPUR","SUB-DIVISION","HINDKO",82,42,40,NA,52,27,25,NA,30,15,15,NA
"BALOCHISTAN","NASIRABAD","SOHBATPUR","SOHBATPUR","SUB-DIVISION","KALASHA",NA,NA,NA,NA,NA,NA,NA,NA,NA,NA,NA,NA
"BALOCHISTAN","NASIRABAD","SOHBATPUR","SOHBATPUR","SUB-DIVISION","KASHMIRI",19,7,12,NA,16,6,10,NA,3,1,2,NA
"BALOCHISTAN","NASIRABAD","SOHBATPUR","SOHBATPUR","SUB-DIVISION","KOHIOSTANI",NA,NA,NA,NA,NA,NA,NA,NA,NA,NA,NA,NA
"BALOCHISTAN","NASIRABAD","SOHBATPUR","SOHBATPUR","SUB-DIVISION","MEWATI",NA,NA,NA,NA,NA,NA,NA,NA,NA,NA,NA,NA
"BALOCHISTAN","NASIRABAD","SOHBATPUR","SOHBATPUR","SUB-DIVISION","OTHERS",87,50,37,NA,77,41,36,NA,10,9,1,NA
"BALOCHISTAN","NASIRABAD","SOHBATPUR","SOHBATPUR","SUB-DIVISION","PUNJABI",34,14,20,NA,24,11,13,NA,10,3,7,NA
"BALOCHISTAN","NASIRABAD","SOHBATPUR","SOHBATPUR","SUB-DIVISION","PUSHTO",421,224,197,NA,406,222,184,NA,15,2,13,NA
"BALOCHISTAN","NASIRABAD","SOHBATPUR","SOHBATPUR","SUB-DIVISION","SARAIKI",5628,2784,2844,NA,3348,1658,1690,NA,2280,1126,1154,NA
"BALOCHISTAN","NASIRABAD","SOHBATPUR","SOHBATPUR","SUB-DIVISION","SHINA",NA,NA,NA,NA,NA,NA,NA,NA,NA,NA,NA,NA
"BALOCHISTAN","NASIRABAD","SOHBATPUR","SOHBATPUR","SUB-DIVISION","SINDHI",21801,10930,10870,1,14670,7433,7236,1,7131,3497,3634,NA
"BALOCHISTAN","NASIRABAD","SOHBATPUR","SOHBATPUR","SUB-DIVISION","TOTAL",64844,32367,32476,1,50116,25123,24992,1,14728,7244,7484,NA
"BALOCHISTAN","NASIRABAD","SOHBATPUR","SOHBATPUR","SUB-DIVISION","URDU",129,55,74,NA,108,45,63,NA,21,10,11,NA
"BALOCHISTAN","KALAT","LASBELA","SONMIANI/WINDER","TEHSIL","BALOCHI",56457,28192,28264,1,30221,15199,15022,NA,26236,12993,13242,1
"BALOCHISTAN","KALAT","LASBELA","SONMIANI/WINDER","TEHSIL","BALTI",NA,NA,NA,NA,NA,NA,NA,NA,NA,NA,NA,NA
"BALOCHISTAN","KALAT","LASBELA","SONMIANI/WINDER","TEHSIL","BRAHVI",423,206,217,NA,123,56,67,NA,300,150,150,NA
"BALOCHISTAN","KALAT","LASBELA","SONMIANI/WINDER","TEHSIL","HINDKO",428,198,230,NA,9,4,5,NA,419,194,225,NA
"BALOCHISTAN","KALAT","LASBELA","SONMIANI/WINDER","TEHSIL","KALASHA",NA,NA,NA,NA,NA,NA,NA,NA,NA,NA,NA,NA
"BALOCHISTAN","KALAT","LASBELA","SONMIANI/WINDER","TEHSIL","KASHMIRI",23,12,11,NA,3,1,2,NA,20,11,9,NA
"BALOCHISTAN","KALAT","LASBELA","SONMIANI/WINDER","TEHSIL","KOHIOSTANI",NA,NA,NA,NA,NA,NA,NA,NA,NA,NA,NA,NA
"BALOCHISTAN","KALAT","LASBELA","SONMIANI/WINDER","TEHSIL","MEWATI",NA,NA,NA,NA,NA,NA,NA,NA,NA,NA,NA,NA
"BALOCHISTAN","KALAT","LASBELA","SONMIANI/WINDER","TEHSIL","OTHERS",2964,1481,1483,NA,1412,682,730,NA,1552,799,753,NA
"BALOCHISTAN","KALAT","LASBELA","SONMIANI/WINDER","TEHSIL","PUNJABI",450,196,254,NA,66,35,31,NA,384,161,223,NA
"BALOCHISTAN","KALAT","LASBELA","SONMIANI/WINDER","TEHSIL","PUSHTO",3442,1689,1753,NA,347,152,195,NA,3095,1537,1558,NA
"BALOCHISTAN","KALAT","LASBELA","SONMIANI/WINDER","TEHSIL","SARAIKI",184,81,103,NA,55,27,28,NA,129,54,75,NA
"BALOCHISTAN","KALAT","LASBELA","SONMIANI/WINDER","TEHSIL","SHINA",1,1,NA,NA,NA,NA,NA,NA,1,1,NA,NA
"BALOCHISTAN","KALAT","LASBELA","SONMIANI/WINDER","TEHSIL","SINDHI",3544,1734,1810,NA,482,227,255,NA,3062,1507,1555,NA
"BALOCHISTAN","KALAT","LASBELA","SONMIANI/WINDER","TEHSIL","TOTAL",67991,33829,34161,1,32746,16397,16349,NA,35245,17432,17812,1
"BALOCHISTAN","KALAT","LASBELA","SONMIANI/WINDER","TEHSIL","URDU",75,39,36,NA,28,14,14,NA,47,25,22,NA
"BALOCHISTAN","SIBI","DERA BUGTI","SUI","SUB-DIVISION","BALOCHI",124329,57376,66950,3,47074,20897,26175,2,77255,36479,40775,1
"BALOCHISTAN","SIBI","DERA BUGTI","SUI","SUB-DIVISION","BALTI",NA,NA,NA,NA,NA,NA,NA,NA,NA,NA,NA,NA
"BALOCHISTAN","SIBI","DERA BUGTI","SUI","SUB-DIVISION","BRAHVI",NA,NA,NA,NA,NA,NA,NA,NA,NA,NA,NA,NA
"BALOCHISTAN","SIBI","DERA BUGTI","SUI","SUB-DIVISION","HINDKO",8,5,3,NA,1,1,NA,NA,7,4,3,NA
"BALOCHISTAN","SIBI","DERA BUGTI","SUI","SUB-DIVISION","KALASHA",NA,NA,NA,NA,NA,NA,NA,NA,NA,NA,NA,NA
"BALOCHISTAN","SIBI","DERA BUGTI","SUI","SUB-DIVISION","KASHMIRI",116,43,73,NA,23,11,12,NA,93,32,61,NA
"BALOCHISTAN","SIBI","DERA BUGTI","SUI","SUB-DIVISION","KOHIOSTANI",NA,NA,NA,NA,NA,NA,NA,NA,NA,NA,NA,NA
"BALOCHISTAN","SIBI","DERA BUGTI","SUI","SUB-DIVISION","MEWATI",NA,NA,NA,NA,NA,NA,NA,NA,NA,NA,NA,NA
"BALOCHISTAN","SIBI","DERA BUGTI","SUI","SUB-DIVISION","OTHERS",5,3,2,NA,1,NA,1,NA,4,3,1,NA
"BALOCHISTAN","SIBI","DERA BUGTI","SUI","SUB-DIVISION","PUNJABI",175,85,90,NA,7,5,2,NA,168,80,88,NA
"BALOCHISTAN","SIBI","DERA BUGTI","SUI","SUB-DIVISION","PUSHTO",247,110,137,NA,1,NA,1,NA,246,110,136,NA
"BALOCHISTAN","SIBI","DERA BUGTI","SUI","SUB-DIVISION","SARAIKI",1497,708,789,NA,12,3,9,NA,1485,705,780,NA
"BALOCHISTAN","SIBI","DERA BUGTI","SUI","SUB-DIVISION","SHINA",6,2,4,NA,NA,NA,NA,NA,6,2,4,NA
"BALOCHISTAN","SIBI","DERA BUGTI","SUI","SUB-DIVISION","SINDHI",206,96,110,NA,15,7,8,NA,191,89,102,NA
"BALOCHISTAN","SIBI","DERA BUGTI","SUI","SUB-DIVISION","TOTAL",126725,58497,68225,3,47158,20936,26220,2,79567,37561,42005,1
"BALOCHISTAN","SIBI","DERA BUGTI","SUI","SUB-DIVISION","URDU",136,69,67,NA,24,12,12,NA,112,57,55,NA
"BALOCHISTAN","MEKRAN","GWADAR","SUNTSER","SUB-TEHSIL","BALOCHI",20492,9336,11154,2,20492,9336,11154,2,NA,NA,NA,NA
"BALOCHISTAN","MEKRAN","GWADAR","SUNTSER","SUB-TEHSIL","BALTI",NA,NA,NA,NA,NA,NA,NA,NA,NA,NA,NA,NA
"BALOCHISTAN","MEKRAN","GWADAR","SUNTSER","SUB-TEHSIL","BRAHVI",NA,NA,NA,NA,NA,NA,NA,NA,NA,NA,NA,NA
"BALOCHISTAN","MEKRAN","GWADAR","SUNTSER","SUB-TEHSIL","HINDKO",NA,NA,NA,NA,NA,NA,NA,NA,NA,NA,NA,NA
"BALOCHISTAN","MEKRAN","GWADAR","SUNTSER","SUB-TEHSIL","KALASHA",NA,NA,NA,NA,NA,NA,NA,NA,NA,NA,NA,NA
"BALOCHISTAN","MEKRAN","GWADAR","SUNTSER","SUB-TEHSIL","KASHMIRI",9,5,4,NA,9,5,4,NA,NA,NA,NA,NA
"BALOCHISTAN","MEKRAN","GWADAR","SUNTSER","SUB-TEHSIL","KOHIOSTANI",NA,NA,NA,NA,NA,NA,NA,NA,NA,NA,NA,NA
"BALOCHISTAN","MEKRAN","GWADAR","SUNTSER","SUB-TEHSIL","MEWATI",NA,NA,NA,NA,NA,NA,NA,NA,NA,NA,NA,NA
"BALOCHISTAN","MEKRAN","GWADAR","SUNTSER","SUB-TEHSIL","OTHERS",3,3,NA,NA,3,3,NA,NA,NA,NA,NA,NA
"BALOCHISTAN","MEKRAN","GWADAR","SUNTSER","SUB-TEHSIL","PUNJABI",NA,NA,NA,NA,NA,NA,NA,NA,NA,NA,NA,NA
"BALOCHISTAN","MEKRAN","GWADAR","SUNTSER","SUB-TEHSIL","PUSHTO",NA,NA,NA,NA,NA,NA,NA,NA,NA,NA,NA,NA
"BALOCHISTAN","MEKRAN","GWADAR","SUNTSER","SUB-TEHSIL","SARAIKI",9,1,8,NA,9,1,8,NA,NA,NA,NA,NA
"BALOCHISTAN","MEKRAN","GWADAR","SUNTSER","SUB-TEHSIL","SHINA",NA,NA,NA,NA,NA,NA,NA,NA,NA,NA,NA,NA
"BALOCHISTAN","MEKRAN","GWADAR","SUNTSER","SUB-TEHSIL","SINDHI",NA,NA,NA,NA,NA,NA,NA,NA,NA,NA,NA,NA
"BALOCHISTAN","MEKRAN","GWADAR","SUNTSER","SUB-TEHSIL","TOTAL",20523,9349,11172,2,20523,9349,11172,2,NA,NA,NA,NA
"BALOCHISTAN","MEKRAN","GWADAR","SUNTSER","SUB-TEHSIL","URDU",10,4,6,NA,10,4,6,NA,NA,NA,NA,NA
"BALOCHISTAN","KALAT","SURAB","SURAB","SUB-DIVISION","BALOCHI",3964,2016,1948,NA,296,158,138,NA,3668,1858,1810,NA
"BALOCHISTAN","KALAT","SURAB","SURAB","SUB-DIVISION","BALTI",NA,NA,NA,NA,NA,NA,NA,NA,NA,NA,NA,NA
"BALOCHISTAN","KALAT","SURAB","SURAB","SUB-DIVISION","BRAHVI",91107,46639,44462,6,58642,29328,29308,6,32465,17311,15154,NA
"BALOCHISTAN","KALAT","SURAB","SURAB","SUB-DIVISION","HINDKO",32,17,15,NA,13,9,4,NA,19,8,11,NA
"BALOCHISTAN","KALAT","SURAB","SURAB","SUB-DIVISION","KALASHA",NA,NA,NA,NA,NA,NA,NA,NA,NA,NA,NA,NA
"BALOCHISTAN","KALAT","SURAB","SURAB","SUB-DIVISION","KASHMIRI",2,NA,2,NA,NA,NA,NA,NA,2,NA,2,NA
"BALOCHISTAN","KALAT","SURAB","SURAB","SUB-DIVISION","KOHIOSTANI",NA,NA,NA,NA,NA,NA,NA,NA,NA,NA,NA,NA
"BALOCHISTAN","KALAT","SURAB","SURAB","SUB-DIVISION","MEWATI",NA,NA,NA,NA,NA,NA,NA,NA,NA,NA,NA,NA
"BALOCHISTAN","KALAT","SURAB","SURAB","SUB-DIVISION","OTHERS",40,26,14,NA,2,1,1,NA,38,25,13,NA
"BALOCHISTAN","KALAT","SURAB","SURAB","SUB-DIVISION","PUNJABI",2,1,1,NA,NA,NA,NA,NA,2,1,1,NA
"BALOCHISTAN","KALAT","SURAB","SURAB","SUB-DIVISION","PUSHTO",126,60,66,NA,1,NA,1,NA,125,60,65,NA
"BALOCHISTAN","KALAT","SURAB","SURAB","SUB-DIVISION","SARAIKI",NA,NA,NA,NA,NA,NA,NA,NA,NA,NA,NA,NA
"BALOCHISTAN","KALAT","SURAB","SURAB","SUB-DIVISION","SHINA",26,18,8,NA,14,9,5,NA,12,9,3,NA
"BALOCHISTAN","KALAT","SURAB","SURAB","SUB-DIVISION","SINDHI",96,48,48,NA,4,2,2,NA,92,46,46,NA
"BALOCHISTAN","KALAT","SURAB","SURAB","SUB-DIVISION","TOTAL",95469,48859,46604,6,59001,29522,29473,6,36468,19337,17131,NA
"BALOCHISTAN","KALAT","SURAB","SURAB","SUB-DIVISION","URDU",74,34,40,NA,29,15,14,NA,45,19,26,NA
"BALOCHISTAN","RAKHSHAN","CHAGAI","TAFTAN","SUB-DIVISION","BALOCHI",18692,8344,10348,NA,18692,8344,10348,NA,NA,NA,NA,NA
"BALOCHISTAN","RAKHSHAN","CHAGAI","TAFTAN","SUB-DIVISION","BALTI",NA,NA,NA,NA,NA,NA,NA,NA,NA,NA,NA,NA
"BALOCHISTAN","RAKHSHAN","CHAGAI","TAFTAN","SUB-DIVISION","BRAHVI",10,5,5,NA,10,5,5,NA,NA,NA,NA,NA
"BALOCHISTAN","RAKHSHAN","CHAGAI","TAFTAN","SUB-DIVISION","HINDKO",5,NA,5,NA,5,NA,5,NA,NA,NA,NA,NA
"BALOCHISTAN","RAKHSHAN","CHAGAI","TAFTAN","SUB-DIVISION","KALASHA",NA,NA,NA,NA,NA,NA,NA,NA,NA,NA,NA,NA
"BALOCHISTAN","RAKHSHAN","CHAGAI","TAFTAN","SUB-DIVISION","KASHMIRI",8,4,4,NA,8,4,4,NA,NA,NA,NA,NA
"BALOCHISTAN","RAKHSHAN","CHAGAI","TAFTAN","SUB-DIVISION","KOHIOSTANI",NA,NA,NA,NA,NA,NA,NA,NA,NA,NA,NA,NA
"BALOCHISTAN","RAKHSHAN","CHAGAI","TAFTAN","SUB-DIVISION","MEWATI",NA,NA,NA,NA,NA,NA,NA,NA,NA,NA,NA,NA
"BALOCHISTAN","RAKHSHAN","CHAGAI","TAFTAN","SUB-DIVISION","OTHERS",10,3,7,NA,10,3,7,NA,NA,NA,NA,NA
"BALOCHISTAN","RAKHSHAN","CHAGAI","TAFTAN","SUB-DIVISION","PUNJABI",18,4,14,NA,18,4,14,NA,NA,NA,NA,NA
"BALOCHISTAN","RAKHSHAN","CHAGAI","TAFTAN","SUB-DIVISION","PUSHTO",490,187,303,NA,490,187,303,NA,NA,NA,NA,NA
"BALOCHISTAN","RAKHSHAN","CHAGAI","TAFTAN","SUB-DIVISION","SARAIKI",10,1,9,NA,10,1,9,NA,NA,NA,NA,NA
"BALOCHISTAN","RAKHSHAN","CHAGAI","TAFTAN","SUB-DIVISION","SHINA",NA,NA,NA,NA,NA,NA,NA,NA,NA,NA,NA,NA
"BALOCHISTAN","RAKHSHAN","CHAGAI","TAFTAN","SUB-DIVISION","SINDHI",7,2,5,NA,7,2,5,NA,NA,NA,NA,NA
"BALOCHISTAN","RAKHSHAN","CHAGAI","TAFTAN","SUB-DIVISION","TOTAL",19259,8552,10707,NA,19259,8552,10707,NA,NA,NA,NA,NA
"BALOCHISTAN","RAKHSHAN","CHAGAI","TAFTAN","SUB-DIVISION","URDU",9,2,7,NA,9,2,7,NA,NA,NA,NA,NA
"BALOCHISTAN","LORALAI","DUKI","TALAO","SUB-TEHSIL","BALOCHI",1290,596,693,1,1290,596,693,1,NA,NA,NA,NA
"BALOCHISTAN","LORALAI","DUKI","TALAO","SUB-TEHSIL","BALTI",1,NA,1,NA,1,NA,1,NA,NA,NA,NA,NA
"BALOCHISTAN","LORALAI","DUKI","TALAO","SUB-TEHSIL","BRAHVI",NA,NA,NA,NA,NA,NA,NA,NA,NA,NA,NA,NA
"BALOCHISTAN","LORALAI","DUKI","TALAO","SUB-TEHSIL","HINDKO",2,NA,2,NA,2,NA,2,NA,NA,NA,NA,NA
"BALOCHISTAN","LORALAI","DUKI","TALAO","SUB-TEHSIL","KALASHA",NA,NA,NA,NA,NA,NA,NA,NA,NA,NA,NA,NA
"BALOCHISTAN","LORALAI","DUKI","TALAO","SUB-TEHSIL","KASHMIRI",2,NA,1,1,2,NA,1,1,NA,NA,NA,NA
"BALOCHISTAN","LORALAI","DUKI","TALAO","SUB-TEHSIL","KOHIOSTANI",NA,NA,NA,NA,NA,NA,NA,NA,NA,NA,NA,NA
"BALOCHISTAN","LORALAI","DUKI","TALAO","SUB-TEHSIL","MEWATI",NA,NA,NA,NA,NA,NA,NA,NA,NA,NA,NA,NA
"BALOCHISTAN","LORALAI","DUKI","TALAO","SUB-TEHSIL","OTHERS",168,69,98,1,168,69,98,1,NA,NA,NA,NA
"BALOCHISTAN","LORALAI","DUKI","TALAO","SUB-TEHSIL","PUNJABI",19,6,8,5,19,6,8,5,NA,NA,NA,NA
"BALOCHISTAN","LORALAI","DUKI","TALAO","SUB-TEHSIL","PUSHTO",20412,9898,10501,13,20412,9898,10501,13,NA,NA,NA,NA
"BALOCHISTAN","LORALAI","DUKI","TALAO","SUB-TEHSIL","SARAIKI",11,9,2,NA,11,9,2,NA,NA,NA,NA,NA
"BALOCHISTAN","LORALAI","DUKI","TALAO","SUB-TEHSIL","SHINA",NA,NA,NA,NA,NA,NA,NA,NA,NA,NA,NA,NA
"BALOCHISTAN","LORALAI","DUKI","TALAO","SUB-TEHSIL","SINDHI",16,3,11,2,16,3,11,2,NA,NA,NA,NA
"BALOCHISTAN","LORALAI","DUKI","TALAO","SUB-TEHSIL","TOTAL",21930,10584,11323,23,21930,10584,11323,23,NA,NA,NA,NA
"BALOCHISTAN","LORALAI","DUKI","TALAO","SUB-TEHSIL","URDU",9,3,6,NA,9,3,6,NA,NA,NA,NA,NA
"BALOCHISTAN","SIBI","KOHLU","TAMBOO","SUB-TEHSIL","BALOCHI",37277,18196,19081,NA,37277,18196,19081,NA,NA,NA,NA,NA
"BALOCHISTAN","SIBI","KOHLU","TAMBOO","SUB-TEHSIL","BALTI",NA,NA,NA,NA,NA,NA,NA,NA,NA,NA,NA,NA
"BALOCHISTAN","SIBI","KOHLU","TAMBOO","SUB-TEHSIL","BRAHVI",NA,NA,NA,NA,NA,NA,NA,NA,NA,NA,NA,NA
"BALOCHISTAN","SIBI","KOHLU","TAMBOO","SUB-TEHSIL","HINDKO",NA,NA,NA,NA,NA,NA,NA,NA,NA,NA,NA,NA
"BALOCHISTAN","SIBI","KOHLU","TAMBOO","SUB-TEHSIL","KALASHA",NA,NA,NA,NA,NA,NA,NA,NA,NA,NA,NA,NA
"BALOCHISTAN","SIBI","KOHLU","TAMBOO","SUB-TEHSIL","KASHMIRI",35,15,20,NA,35,15,20,NA,NA,NA,NA,NA
"BALOCHISTAN","SIBI","KOHLU","TAMBOO","SUB-TEHSIL","KOHIOSTANI",NA,NA,NA,NA,NA,NA,NA,NA,NA,NA,NA,NA
"BALOCHISTAN","SIBI","KOHLU","TAMBOO","SUB-TEHSIL","MEWATI",NA,NA,NA,NA,NA,NA,NA,NA,NA,NA,NA,NA
"BALOCHISTAN","SIBI","KOHLU","TAMBOO","SUB-TEHSIL","OTHERS",2,1,1,NA,2,1,1,NA,NA,NA,NA,NA
"BALOCHISTAN","SIBI","KOHLU","TAMBOO","SUB-TEHSIL","PUNJABI",11,4,7,NA,11,4,7,NA,NA,NA,NA,NA
"BALOCHISTAN","SIBI","KOHLU","TAMBOO","SUB-TEHSIL","PUSHTO",101,56,45,NA,101,56,45,NA,NA,NA,NA,NA
"BALOCHISTAN","SIBI","KOHLU","TAMBOO","SUB-TEHSIL","SARAIKI",3,2,1,NA,3,2,1,NA,NA,NA,NA,NA
"BALOCHISTAN","SIBI","KOHLU","TAMBOO","SUB-TEHSIL","SHINA",NA,NA,NA,NA,NA,NA,NA,NA,NA,NA,NA,NA
"BALOCHISTAN","SIBI","KOHLU","TAMBOO","SUB-TEHSIL","SINDHI",5,2,3,NA,5,2,3,NA,NA,NA,NA,NA
"BALOCHISTAN","SIBI","KOHLU","TAMBOO","SUB-TEHSIL","TOTAL",37449,18283,19166,NA,37449,18283,19166,NA,NA,NA,NA,NA
"BALOCHISTAN","SIBI","KOHLU","TAMBOO","SUB-TEHSIL","URDU",15,7,8,NA,15,7,8,NA,NA,NA,NA,NA
"BALOCHISTAN","NASIRABAD","NASIRABAD","TAMBOO","TEHSIL","BALOCHI",67463,32916,34547,NA,67463,32916,34547,NA,NA,NA,NA,NA
"BALOCHISTAN","NASIRABAD","NASIRABAD","TAMBOO","TEHSIL","BALTI",NA,NA,NA,NA,NA,NA,NA,NA,NA,NA,NA,NA
"BALOCHISTAN","NASIRABAD","NASIRABAD","TAMBOO","TEHSIL","BRAHVI",48899,24004,24894,1,48899,24004,24894,1,NA,NA,NA,NA
"BALOCHISTAN","NASIRABAD","NASIRABAD","TAMBOO","TEHSIL","HINDKO",209,102,107,NA,209,102,107,NA,NA,NA,NA,NA
"BALOCHISTAN","NASIRABAD","NASIRABAD","TAMBOO","TEHSIL","KALASHA",NA,NA,NA,NA,NA,NA,NA,NA,NA,NA,NA,NA
"BALOCHISTAN","NASIRABAD","NASIRABAD","TAMBOO","TEHSIL","KASHMIRI",27,16,11,NA,27,16,11,NA,NA,NA,NA,NA
"BALOCHISTAN","NASIRABAD","NASIRABAD","TAMBOO","TEHSIL","KOHIOSTANI",NA,NA,NA,NA,NA,NA,NA,NA,NA,NA,NA,NA
"BALOCHISTAN","NASIRABAD","NASIRABAD","TAMBOO","TEHSIL","MEWATI",NA,NA,NA,NA,NA,NA,NA,NA,NA,NA,NA,NA
"BALOCHISTAN","NASIRABAD","NASIRABAD","TAMBOO","TEHSIL","OTHERS",141,71,70,NA,141,71,70,NA,NA,NA,NA,NA
"BALOCHISTAN","NASIRABAD","NASIRABAD","TAMBOO","TEHSIL","PUNJABI",34,12,22,NA,34,12,22,NA,NA,NA,NA,NA
"BALOCHISTAN","NASIRABAD","NASIRABAD","TAMBOO","TEHSIL","PUSHTO",433,232,201,NA,433,232,201,NA,NA,NA,NA,NA
"BALOCHISTAN","NASIRABAD","NASIRABAD","TAMBOO","TEHSIL","SARAIKI",19919,10092,9827,NA,19919,10092,9827,NA,NA,NA,NA,NA
"BALOCHISTAN","NASIRABAD","NASIRABAD","TAMBOO","TEHSIL","SHINA",8,2,6,NA,8,2,6,NA,NA,NA,NA,NA
"BALOCHISTAN","NASIRABAD","NASIRABAD","TAMBOO","TEHSIL","SINDHI",12304,5905,6399,NA,12304,5905,6399,NA,NA,NA,NA,NA
"BALOCHISTAN","NASIRABAD","NASIRABAD","TAMBOO","TEHSIL","TOTAL",149518,73385,76132,1,149518,73385,76132,1,NA,NA,NA,NA
"BALOCHISTAN","NASIRABAD","NASIRABAD","TAMBOO","TEHSIL","URDU",81,33,48,NA,81,33,48,NA,NA,NA,NA,NA
"BALOCHISTAN","LORALAI","DUKI","THAL CHUTYALI","SUB-DIVISION","BALOCHI",3322,1720,1602,NA,3322,1720,1602,NA,NA,NA,NA,NA
"BALOCHISTAN","LORALAI","DUKI","THAL CHUTYALI","SUB-DIVISION","BALTI",NA,NA,NA,NA,NA,NA,NA,NA,NA,NA,NA,NA
"BALOCHISTAN","LORALAI","DUKI","THAL CHUTYALI","SUB-DIVISION","BRAHVI",NA,NA,NA,NA,NA,NA,NA,NA,NA,NA,NA,NA
"BALOCHISTAN","LORALAI","DUKI","THAL CHUTYALI","SUB-DIVISION","HINDKO",NA,NA,NA,NA,NA,NA,NA,NA,NA,NA,NA,NA
"BALOCHISTAN","LORALAI","DUKI","THAL CHUTYALI","SUB-DIVISION","KALASHA",NA,NA,NA,NA,NA,NA,NA,NA,NA,NA,NA,NA
"BALOCHISTAN","LORALAI","DUKI","THAL CHUTYALI","SUB-DIVISION","KASHMIRI",3,1,2,NA,3,1,2,NA,NA,NA,NA,NA
"BALOCHISTAN","LORALAI","DUKI","THAL CHUTYALI","SUB-DIVISION","KOHIOSTANI",NA,NA,NA,NA,NA,NA,NA,NA,NA,NA,NA,NA
"BALOCHISTAN","LORALAI","DUKI","THAL CHUTYALI","SUB-DIVISION","MEWATI",NA,NA,NA,NA,NA,NA,NA,NA,NA,NA,NA,NA
"BALOCHISTAN","LORALAI","DUKI","THAL CHUTYALI","SUB-DIVISION","OTHERS",302,158,144,NA,302,158,144,NA,NA,NA,NA,NA
"BALOCHISTAN","LORALAI","DUKI","THAL CHUTYALI","SUB-DIVISION","PUNJABI",19,8,11,NA,19,8,11,NA,NA,NA,NA,NA
"BALOCHISTAN","LORALAI","DUKI","THAL CHUTYALI","SUB-DIVISION","PUSHTO",28342,13821,14518,3,28342,13821,14518,3,NA,NA,NA,NA
"BALOCHISTAN","LORALAI","DUKI","THAL CHUTYALI","SUB-DIVISION","SARAIKI",137,75,62,NA,137,75,62,NA,NA,NA,NA,NA
"BALOCHISTAN","LORALAI","DUKI","THAL CHUTYALI","SUB-DIVISION","SHINA",NA,NA,NA,NA,NA,NA,NA,NA,NA,NA,NA,NA
"BALOCHISTAN","LORALAI","DUKI","THAL CHUTYALI","SUB-DIVISION","SINDHI",62,23,39,NA,62,23,39,NA,NA,NA,NA,NA
"BALOCHISTAN","LORALAI","DUKI","THAL CHUTYALI","SUB-DIVISION","TOTAL",32205,15813,16389,3,32205,15813,16389,3,NA,NA,NA,NA
"BALOCHISTAN","LORALAI","DUKI","THAL CHUTYALI","SUB-DIVISION","URDU",18,7,11,NA,18,7,11,NA,NA,NA,NA,NA
"BALOCHISTAN","LORALAI","MUSAKHEL","TIYAR ESSOT","SUB-TEHSIL","BALOCHI",14,6,8,NA,14,6,8,NA,NA,NA,NA,NA
"BALOCHISTAN","LORALAI","MUSAKHEL","TIYAR ESSOT","SUB-TEHSIL","BALTI",NA,NA,NA,NA,NA,NA,NA,NA,NA,NA,NA,NA
"BALOCHISTAN","LORALAI","MUSAKHEL","TIYAR ESSOT","SUB-TEHSIL","BRAHVI",NA,NA,NA,NA,NA,NA,NA,NA,NA,NA,NA,NA
"BALOCHISTAN","LORALAI","MUSAKHEL","TIYAR ESSOT","SUB-TEHSIL","HINDKO",NA,NA,NA,NA,NA,NA,NA,NA,NA,NA,NA,NA
"BALOCHISTAN","LORALAI","MUSAKHEL","TIYAR ESSOT","SUB-TEHSIL","KALASHA",NA,NA,NA,NA,NA,NA,NA,NA,NA,NA,NA,NA
"BALOCHISTAN","LORALAI","MUSAKHEL","TIYAR ESSOT","SUB-TEHSIL","KASHMIRI",NA,NA,NA,NA,NA,NA,NA,NA,NA,NA,NA,NA
"BALOCHISTAN","LORALAI","MUSAKHEL","TIYAR ESSOT","SUB-TEHSIL","KOHIOSTANI",NA,NA,NA,NA,NA,NA,NA,NA,NA,NA,NA,NA
"BALOCHISTAN","LORALAI","MUSAKHEL","TIYAR ESSOT","SUB-TEHSIL","MEWATI",NA,NA,NA,NA,NA,NA,NA,NA,NA,NA,NA,NA
"BALOCHISTAN","LORALAI","MUSAKHEL","TIYAR ESSOT","SUB-TEHSIL","OTHERS",NA,NA,NA,NA,NA,NA,NA,NA,NA,NA,NA,NA
"BALOCHISTAN","LORALAI","MUSAKHEL","TIYAR ESSOT","SUB-TEHSIL","PUNJABI",NA,NA,NA,NA,NA,NA,NA,NA,NA,NA,NA,NA
"BALOCHISTAN","LORALAI","MUSAKHEL","TIYAR ESSOT","SUB-TEHSIL","PUSHTO",10552,4356,6196,NA,10552,4356,6196,NA,NA,NA,NA,NA
"BALOCHISTAN","LORALAI","MUSAKHEL","TIYAR ESSOT","SUB-TEHSIL","SARAIKI",NA,NA,NA,NA,NA,NA,NA,NA,NA,NA,NA,NA
"BALOCHISTAN","LORALAI","MUSAKHEL","TIYAR ESSOT","SUB-TEHSIL","SHINA",NA,NA,NA,NA,NA,NA,NA,NA,NA,NA,NA,NA
"BALOCHISTAN","LORALAI","MUSAKHEL","TIYAR ESSOT","SUB-TEHSIL","SINDHI",1,NA,1,NA,1,NA,1,NA,NA,NA,NA,NA
"BALOCHISTAN","LORALAI","MUSAKHEL","TIYAR ESSOT","SUB-TEHSIL","TOTAL",10568,4362,6206,NA,10568,4362,6206,NA,NA,NA,NA,NA
"BALOCHISTAN","LORALAI","MUSAKHEL","TIYAR ESSOT","SUB-TEHSIL","URDU",1,NA,1,NA,1,NA,1,NA,NA,NA,NA,NA
"BALOCHISTAN","RAKHSHAN","KHARAN","TOHMULK","SUB-TEHSIL","BALOCHI",48781,22528,26253,NA,48781,22528,26253,NA,NA,NA,NA,NA
"BALOCHISTAN","RAKHSHAN","KHARAN","TOHMULK","SUB-TEHSIL","BALTI",NA,NA,NA,NA,NA,NA,NA,NA,NA,NA,NA,NA
"BALOCHISTAN","RAKHSHAN","KHARAN","TOHMULK","SUB-TEHSIL","BRAHVI",938,466,472,NA,938,466,472,NA,NA,NA,NA,NA
"BALOCHISTAN","RAKHSHAN","KHARAN","TOHMULK","SUB-TEHSIL","HINDKO",NA,NA,NA,NA,NA,NA,NA,NA,NA,NA,NA,NA
"BALOCHISTAN","RAKHSHAN","KHARAN","TOHMULK","SUB-TEHSIL","KALASHA",NA,NA,NA,NA,NA,NA,NA,NA,NA,NA,NA,NA
"BALOCHISTAN","RAKHSHAN","KHARAN","TOHMULK","SUB-TEHSIL","KASHMIRI",27,12,15,NA,27,12,15,NA,NA,NA,NA,NA
"BALOCHISTAN","RAKHSHAN","KHARAN","TOHMULK","SUB-TEHSIL","KOHIOSTANI",NA,NA,NA,NA,NA,NA,NA,NA,NA,NA,NA,NA
"BALOCHISTAN","RAKHSHAN","KHARAN","TOHMULK","SUB-TEHSIL","MEWATI",NA,NA,NA,NA,NA,NA,NA,NA,NA,NA,NA,NA
"BALOCHISTAN","RAKHSHAN","KHARAN","TOHMULK","SUB-TEHSIL","OTHERS",NA,NA,NA,NA,NA,NA,NA,NA,NA,NA,NA,NA
"BALOCHISTAN","RAKHSHAN","KHARAN","TOHMULK","SUB-TEHSIL","PUNJABI",39,14,25,NA,39,14,25,NA,NA,NA,NA,NA
"BALOCHISTAN","RAKHSHAN","KHARAN","TOHMULK","SUB-TEHSIL","PUSHTO",2,1,1,NA,2,1,1,NA,NA,NA,NA,NA
"BALOCHISTAN","RAKHSHAN","KHARAN","TOHMULK","SUB-TEHSIL","SARAIKI",13,6,7,NA,13,6,7,NA,NA,NA,NA,NA
"BALOCHISTAN","RAKHSHAN","KHARAN","TOHMULK","SUB-TEHSIL","SHINA",NA,NA,NA,NA,NA,NA,NA,NA,NA,NA,NA,NA
"BALOCHISTAN","RAKHSHAN","KHARAN","TOHMULK","SUB-TEHSIL","SINDHI",NA,NA,NA,NA,NA,NA,NA,NA,NA,NA,NA,NA
"BALOCHISTAN","RAKHSHAN","KHARAN","TOHMULK","SUB-TEHSIL","TOTAL",49803,23029,26774,NA,49803,23029,26774,NA,NA,NA,NA,NA
"BALOCHISTAN","RAKHSHAN","KHARAN","TOHMULK","SUB-TEHSIL","URDU",3,2,1,NA,3,2,1,NA,NA,NA,NA,NA
"BALOCHISTAN","LORALAI","MUSAKHEL","TOISAR","TEHSIL","BALOCHI",38,18,20,NA,38,18,20,NA,NA,NA,NA,NA
"BALOCHISTAN","LORALAI","MUSAKHEL","TOISAR","TEHSIL","BALTI",NA,NA,NA,NA,NA,NA,NA,NA,NA,NA,NA,NA
"BALOCHISTAN","LORALAI","MUSAKHEL","TOISAR","TEHSIL","BRAHVI",NA,NA,NA,NA,NA,NA,NA,NA,NA,NA,NA,NA
"BALOCHISTAN","LORALAI","MUSAKHEL","TOISAR","TEHSIL","HINDKO",NA,NA,NA,NA,NA,NA,NA,NA,NA,NA,NA,NA
"BALOCHISTAN","LORALAI","MUSAKHEL","TOISAR","TEHSIL","KALASHA",NA,NA,NA,NA,NA,NA,NA,NA,NA,NA,NA,NA
"BALOCHISTAN","LORALAI","MUSAKHEL","TOISAR","TEHSIL","KASHMIRI",5,2,3,NA,5,2,3,NA,NA,NA,NA,NA
"BALOCHISTAN","LORALAI","MUSAKHEL","TOISAR","TEHSIL","KOHIOSTANI",NA,NA,NA,NA,NA,NA,NA,NA,NA,NA,NA,NA
"BALOCHISTAN","LORALAI","MUSAKHEL","TOISAR","TEHSIL","MEWATI",NA,NA,NA,NA,NA,NA,NA,NA,NA,NA,NA,NA
"BALOCHISTAN","LORALAI","MUSAKHEL","TOISAR","TEHSIL","OTHERS",2,1,1,NA,2,1,1,NA,NA,NA,NA,NA
"BALOCHISTAN","LORALAI","MUSAKHEL","TOISAR","TEHSIL","PUNJABI",6,5,1,NA,6,5,1,NA,NA,NA,NA,NA
"BALOCHISTAN","LORALAI","MUSAKHEL","TOISAR","TEHSIL","PUSHTO",56759,26494,30264,1,56759,26494,30264,1,NA,NA,NA,NA
"BALOCHISTAN","LORALAI","MUSAKHEL","TOISAR","TEHSIL","SARAIKI",NA,NA,NA,NA,NA,NA,NA,NA,NA,NA,NA,NA
"BALOCHISTAN","LORALAI","MUSAKHEL","TOISAR","TEHSIL","SHINA",NA,NA,NA,NA,NA,NA,NA,NA,NA,NA,NA,NA
"BALOCHISTAN","LORALAI","MUSAKHEL","TOISAR","TEHSIL","SINDHI",2,1,1,NA,2,1,1,NA,NA,NA,NA,NA
"BALOCHISTAN","LORALAI","MUSAKHEL","TOISAR","TEHSIL","TOTAL",56818,26523,30294,1,56818,26523,30294,1,NA,NA,NA,NA
"BALOCHISTAN","LORALAI","MUSAKHEL","TOISAR","TEHSIL","URDU",6,2,4,NA,6,2,4,NA,NA,NA,NA,NA
"BALOCHISTAN","MEKRAN","KECH","TUMP","SUB-DIVISION","BALOCHI",146567,67046,79516,5,97401,44972,52426,3,49166,22074,27090,2
"BALOCHISTAN","MEKRAN","KECH","TUMP","SUB-DIVISION","BALTI",NA,NA,NA,NA,NA,NA,NA,NA,NA,NA,NA,NA
"BALOCHISTAN","MEKRAN","KECH","TUMP","SUB-DIVISION","BRAHVI",9,3,6,NA,NA,NA,NA,NA,9,3,6,NA
"BALOCHISTAN","MEKRAN","KECH","TUMP","SUB-DIVISION","HINDKO",NA,NA,NA,NA,NA,NA,NA,NA,NA,NA,NA,NA
"BALOCHISTAN","MEKRAN","KECH","TUMP","SUB-DIVISION","KALASHA",NA,NA,NA,NA,NA,NA,NA,NA,NA,NA,NA,NA
"BALOCHISTAN","MEKRAN","KECH","TUMP","SUB-DIVISION","KASHMIRI",260,96,164,NA,210,80,130,NA,50,16,34,NA
"BALOCHISTAN","MEKRAN","KECH","TUMP","SUB-DIVISION","KOHIOSTANI",NA,NA,NA,NA,NA,NA,NA,NA,NA,NA,NA,NA
"BALOCHISTAN","MEKRAN","KECH","TUMP","SUB-DIVISION","MEWATI",NA,NA,NA,NA,NA,NA,NA,NA,NA,NA,NA,NA
"BALOCHISTAN","MEKRAN","KECH","TUMP","SUB-DIVISION","OTHERS",26,9,17,NA,22,8,14,NA,4,1,3,NA
"BALOCHISTAN","MEKRAN","KECH","TUMP","SUB-DIVISION","PUNJABI",10,3,7,NA,8,3,5,NA,2,NA,2,NA
"BALOCHISTAN","MEKRAN","KECH","TUMP","SUB-DIVISION","PUSHTO",12,4,8,NA,9,4,5,NA,3,NA,3,NA
"BALOCHISTAN","MEKRAN","KECH","TUMP","SUB-DIVISION","SARAIKI",4,3,1,NA,4,3,1,NA,NA,NA,NA,NA
"BALOCHISTAN","MEKRAN","KECH","TUMP","SUB-DIVISION","SHINA",NA,NA,NA,NA,NA,NA,NA,NA,NA,NA,NA,NA
"BALOCHISTAN","MEKRAN","KECH","TUMP","SUB-DIVISION","SINDHI",4,2,2,NA,4,2,2,NA,NA,NA,NA,NA
"BALOCHISTAN","MEKRAN","KECH","TUMP","SUB-DIVISION","TOTAL",147037,67223,79809,5,97768,45114,52651,3,49269,22109,27158,2
"BALOCHISTAN","MEKRAN","KECH","TUMP","SUB-DIVISION","URDU",145,57,88,NA,110,42,68,NA,35,15,20,NA
"BALOCHISTAN","MEKRAN","KECH","TURBAT","SUB-DIVISION","BALOCHI",469045,228107,240913,25,201455,102258,99192,5,267590,125849,141721,20
"BALOCHISTAN","MEKRAN","KECH","TURBAT","SUB-DIVISION","BALTI",NA,NA,NA,NA,NA,NA,NA,NA,NA,NA,NA,NA
"BALOCHISTAN","MEKRAN","KECH","TURBAT","SUB-DIVISION","BRAHVI",230,112,118,NA,122,68,54,NA,108,44,64,NA
"BALOCHISTAN","MEKRAN","KECH","TURBAT","SUB-DIVISION","HINDKO",2,1,1,NA,NA,NA,NA,NA,2,1,1,NA
"BALOCHISTAN","MEKRAN","KECH","TURBAT","SUB-DIVISION","KALASHA",NA,NA,NA,NA,NA,NA,NA,NA,NA,NA,NA,NA
"BALOCHISTAN","MEKRAN","KECH","TURBAT","SUB-DIVISION","KASHMIRI",330,157,173,NA,110,58,52,NA,220,99,121,NA
"BALOCHISTAN","MEKRAN","KECH","TURBAT","SUB-DIVISION","KOHIOSTANI",NA,NA,NA,NA,NA,NA,NA,NA,NA,NA,NA,NA
"BALOCHISTAN","MEKRAN","KECH","TURBAT","SUB-DIVISION","MEWATI",NA,NA,NA,NA,NA,NA,NA,NA,NA,NA,NA,NA
"BALOCHISTAN","MEKRAN","KECH","TURBAT","SUB-DIVISION","OTHERS",86,41,45,NA,55,27,28,NA,31,14,17,NA
"BALOCHISTAN","MEKRAN","KECH","TURBAT","SUB-DIVISION","PUNJABI",35,17,18,NA,15,9,6,NA,20,8,12,NA
"BALOCHISTAN","MEKRAN","KECH","TURBAT","SUB-DIVISION","PUSHTO",49,17,32,NA,26,10,16,NA,23,7,16,NA
"BALOCHISTAN","MEKRAN","KECH","TURBAT","SUB-DIVISION","SARAIKI",9,4,4,1,1,NA,1,NA,8,4,3,1
"BALOCHISTAN","MEKRAN","KECH","TURBAT","SUB-DIVISION","SHINA",NA,NA,NA,NA,NA,NA,NA,NA,NA,NA,NA,NA
"BALOCHISTAN","MEKRAN","KECH","TURBAT","SUB-DIVISION","SINDHI",70,23,47,NA,24,11,13,NA,46,12,34,NA
"BALOCHISTAN","MEKRAN","KECH","TURBAT","SUB-DIVISION","TOTAL",470492,228771,241693,28,201867,102470,99392,5,268625,126301,142301,23
"BALOCHISTAN","MEKRAN","KECH","TURBAT","SUB-DIVISION","URDU",636,292,342,2,59,29,30,NA,577,263,312,2
"BALOCHISTAN","NASIRABAD","JAFFARABAD","USTA MUHAMMAD","SUB-DIVISION","BALOCHI",77322,37859,39463,NA,62956,30643,32313,NA,14366,7216,7150,NA
"BALOCHISTAN","NASIRABAD","JAFFARABAD","USTA MUHAMMAD","SUB-DIVISION","BALTI",NA,NA,NA,NA,NA,NA,NA,NA,NA,NA,NA,NA
"BALOCHISTAN","NASIRABAD","JAFFARABAD","USTA MUHAMMAD","SUB-DIVISION","BRAHVI",24592,12343,12249,NA,19596,9870,9726,NA,4996,2473,2523,NA
"BALOCHISTAN","NASIRABAD","JAFFARABAD","USTA MUHAMMAD","SUB-DIVISION","HINDKO",373,204,169,NA,353,195,158,NA,20,9,11,NA
"BALOCHISTAN","NASIRABAD","JAFFARABAD","USTA MUHAMMAD","SUB-DIVISION","KALASHA",17,10,7,NA,17,10,7,NA,NA,NA,NA,NA
"BALOCHISTAN","NASIRABAD","JAFFARABAD","USTA MUHAMMAD","SUB-DIVISION","KASHMIRI",53,20,33,NA,30,8,22,NA,23,12,11,NA
"BALOCHISTAN","NASIRABAD","JAFFARABAD","USTA MUHAMMAD","SUB-DIVISION","KOHIOSTANI",NA,NA,NA,NA,NA,NA,NA,NA,NA,NA,NA,NA
"BALOCHISTAN","NASIRABAD","JAFFARABAD","USTA MUHAMMAD","SUB-DIVISION","MEWATI",1,NA,1,NA,1,NA,1,NA,NA,NA,NA,NA
"BALOCHISTAN","NASIRABAD","JAFFARABAD","USTA MUHAMMAD","SUB-DIVISION","OTHERS",611,294,317,NA,293,159,134,NA,318,135,183,NA
"BALOCHISTAN","NASIRABAD","JAFFARABAD","USTA MUHAMMAD","SUB-DIVISION","PUNJABI",332,192,140,NA,31,13,18,NA,301,179,122,NA
"BALOCHISTAN","NASIRABAD","JAFFARABAD","USTA MUHAMMAD","SUB-DIVISION","PUSHTO",868,432,436,NA,335,166,169,NA,533,266,267,NA
"BALOCHISTAN","NASIRABAD","JAFFARABAD","USTA MUHAMMAD","SUB-DIVISION","SARAIKI",50102,25215,24886,1,30112,15119,14993,NA,19990,10096,9893,1
"BALOCHISTAN","NASIRABAD","JAFFARABAD","USTA MUHAMMAD","SUB-DIVISION","SHINA",1,1,NA,NA,1,1,NA,NA,NA,NA,NA,NA
"BALOCHISTAN","NASIRABAD","JAFFARABAD","USTA MUHAMMAD","SUB-DIVISION","SINDHI",56154,27745,28404,5,32427,15899,16528,NA,23727,11846,11876,5
"BALOCHISTAN","NASIRABAD","JAFFARABAD","USTA MUHAMMAD","SUB-DIVISION","TOTAL",210870,104541,106323,6,146238,72122,74116,NA,64632,32419,32207,6
"BALOCHISTAN","NASIRABAD","JAFFARABAD","USTA MUHAMMAD","SUB-DIVISION","URDU",444,226,218,NA,86,39,47,NA,358,187,171,NA
"BALOCHISTAN","KALAT","LASBELA","UTHAL","SUB-DIVISION","BALOCHI",65052,30754,34297,1,40333,19016,21317,NA,24719,11738,12980,1
"BALOCHISTAN","KALAT","LASBELA","UTHAL","SUB-DIVISION","BALTI",NA,NA,NA,NA,NA,NA,NA,NA,NA,NA,NA,NA
"BALOCHISTAN","KALAT","LASBELA","UTHAL","SUB-DIVISION","BRAHVI",2377,1120,1257,NA,582,281,301,NA,1795,839,956,NA
"BALOCHISTAN","KALAT","LASBELA","UTHAL","SUB-DIVISION","HINDKO",104,50,54,NA,54,23,31,NA,50,27,23,NA
"BALOCHISTAN","KALAT","LASBELA","UTHAL","SUB-DIVISION","KALASHA",NA,NA,NA,NA,NA,NA,NA,NA,NA,NA,NA,NA
"BALOCHISTAN","KALAT","LASBELA","UTHAL","SUB-DIVISION","KASHMIRI",120,40,80,NA,16,7,9,NA,104,33,71,NA
"BALOCHISTAN","KALAT","LASBELA","UTHAL","SUB-DIVISION","KOHIOSTANI",1,1,NA,NA,NA,NA,NA,NA,1,1,NA,NA
"BALOCHISTAN","KALAT","LASBELA","UTHAL","SUB-DIVISION","MEWATI",4,2,2,NA,NA,NA,NA,NA,4,2,2,NA
"BALOCHISTAN","KALAT","LASBELA","UTHAL","SUB-DIVISION","OTHERS",4316,2088,2228,NA,2241,1081,1160,NA,2075,1007,1068,NA
"BALOCHISTAN","KALAT","LASBELA","UTHAL","SUB-DIVISION","PUNJABI",858,408,450,NA,24,8,16,NA,834,400,434,NA
"BALOCHISTAN","KALAT","LASBELA","UTHAL","SUB-DIVISION","PUSHTO",1621,705,916,NA,316,108,208,NA,1305,597,708,NA
"BALOCHISTAN","KALAT","LASBELA","UTHAL","SUB-DIVISION","SARAIKI",464,224,240,NA,5,NA,5,NA,459,224,235,NA
"BALOCHISTAN","KALAT","LASBELA","UTHAL","SUB-DIVISION","SHINA",1,NA,1,NA,1,NA,1,NA,NA,NA,NA,NA
"BALOCHISTAN","KALAT","LASBELA","UTHAL","SUB-DIVISION","SINDHI",13614,6374,7240,NA,8228,3827,4401,NA,5386,2547,2839,NA
"BALOCHISTAN","KALAT","LASBELA","UTHAL","SUB-DIVISION","TOTAL",88933,41964,46968,1,51862,24374,27488,NA,37071,17590,19480,1
"BALOCHISTAN","KALAT","LASBELA","UTHAL","SUB-DIVISION","URDU",401,198,203,NA,62,23,39,NA,339,175,164,NA
"BALOCHISTAN","KALAT","KHUZDAR","WADH","SUB-DIVISION","BALOCHI",2108,988,1120,NA,1601,740,861,NA,507,248,259,NA
"BALOCHISTAN","KALAT","KHUZDAR","WADH","SUB-DIVISION","BALTI",NA,NA,NA,NA,NA,NA,NA,NA,NA,NA,NA,NA
"BALOCHISTAN","KALAT","KHUZDAR","WADH","SUB-DIVISION","BRAHVI",111405,51895,59506,4,85826,39891,45931,4,25579,12004,13575,NA
"BALOCHISTAN","KALAT","KHUZDAR","WADH","SUB-DIVISION","HINDKO",55,19,36,NA,24,11,13,NA,31,8,23,NA
"BALOCHISTAN","KALAT","KHUZDAR","WADH","SUB-DIVISION","KALASHA",NA,NA,NA,NA,NA,NA,NA,NA,NA,NA,NA,NA
"BALOCHISTAN","KALAT","KHUZDAR","WADH","SUB-DIVISION","KASHMIRI",4,1,3,NA,3,NA,3,NA,1,1,NA,NA
"BALOCHISTAN","KALAT","KHUZDAR","WADH","SUB-DIVISION","KOHIOSTANI",NA,NA,NA,NA,NA,NA,NA,NA,NA,NA,NA,NA
"BALOCHISTAN","KALAT","KHUZDAR","WADH","SUB-DIVISION","MEWATI",NA,NA,NA,NA,NA,NA,NA,NA,NA,NA,NA,NA
"BALOCHISTAN","KALAT","KHUZDAR","WADH","SUB-DIVISION","OTHERS",160,86,74,NA,130,73,57,NA,30,13,17,NA
"BALOCHISTAN","KALAT","KHUZDAR","WADH","SUB-DIVISION","PUNJABI",22,10,12,NA,19,8,11,NA,3,2,1,NA
"BALOCHISTAN","KALAT","KHUZDAR","WADH","SUB-DIVISION","PUSHTO",1198,540,658,NA,1126,505,621,NA,72,35,37,NA
"BALOCHISTAN","KALAT","KHUZDAR","WADH","SUB-DIVISION","SARAIKI",96,48,48,NA,94,46,48,NA,2,2,NA,NA
"BALOCHISTAN","KALAT","KHUZDAR","WADH","SUB-DIVISION","SHINA",23,10,13,NA,18,8,10,NA,5,2,3,NA
"BALOCHISTAN","KALAT","KHUZDAR","WADH","SUB-DIVISION","SINDHI",1095,498,597,NA,481,235,246,NA,614,263,351,NA
"BALOCHISTAN","KALAT","KHUZDAR","WADH","SUB-DIVISION","TOTAL",116229,54123,62102,4,89354,41532,47818,4,26875,12591,14284,NA
"BALOCHISTAN","KALAT","KHUZDAR","WADH","SUB-DIVISION","URDU",63,28,35,NA,32,15,17,NA,31,13,18,NA
"BALOCHISTAN","RAKHSHAN","WASHUK","WASHUK","SUB-DIVISION","BALOCHI",55194,26737,28457,NA,14463,6854,7609,NA,40731,19883,20848,NA
"BALOCHISTAN","RAKHSHAN","WASHUK","WASHUK","SUB-DIVISION","BALTI",NA,NA,NA,NA,NA,NA,NA,NA,NA,NA,NA,NA
"BALOCHISTAN","RAKHSHAN","WASHUK","WASHUK","SUB-DIVISION","BRAHVI",22,10,12,NA,NA,NA,NA,NA,22,10,12,NA
"BALOCHISTAN","RAKHSHAN","WASHUK","WASHUK","SUB-DIVISION","HINDKO",3,NA,3,NA,NA,NA,NA,NA,3,NA,3,NA
"BALOCHISTAN","RAKHSHAN","WASHUK","WASHUK","SUB-DIVISION","KALASHA",NA,NA,NA,NA,NA,NA,NA,NA,NA,NA,NA,NA
"BALOCHISTAN","RAKHSHAN","WASHUK","WASHUK","SUB-DIVISION","KASHMIRI",37,24,13,NA,10,7,3,NA,27,17,10,NA
"BALOCHISTAN","RAKHSHAN","WASHUK","WASHUK","SUB-DIVISION","KOHIOSTANI",NA,NA,NA,NA,NA,NA,NA,NA,NA,NA,NA,NA
"BALOCHISTAN","RAKHSHAN","WASHUK","WASHUK","SUB-DIVISION","MEWATI",NA,NA,NA,NA,NA,NA,NA,NA,NA,NA,NA,NA
"BALOCHISTAN","RAKHSHAN","WASHUK","WASHUK","SUB-DIVISION","OTHERS",12,8,4,NA,NA,NA,NA,NA,12,8,4,NA
"BALOCHISTAN","RAKHSHAN","WASHUK","WASHUK","SUB-DIVISION","PUNJABI",8,1,7,NA,NA,NA,NA,NA,8,1,7,NA
"BALOCHISTAN","RAKHSHAN","WASHUK","WASHUK","SUB-DIVISION","PUSHTO",7,6,1,NA,NA,NA,NA,NA,7,6,1,NA
"BALOCHISTAN","RAKHSHAN","WASHUK","WASHUK","SUB-DIVISION","SARAIKI",2,1,1,NA,1,NA,1,NA,1,1,NA,NA
"BALOCHISTAN","RAKHSHAN","WASHUK","WASHUK","SUB-DIVISION","SHINA",2,NA,2,NA,NA,NA,NA,NA,2,NA,2,NA
"BALOCHISTAN","RAKHSHAN","WASHUK","WASHUK","SUB-DIVISION","SINDHI",22,14,8,NA,NA,NA,NA,NA,22,14,8,NA
"BALOCHISTAN","RAKHSHAN","WASHUK","WASHUK","SUB-DIVISION","TOTAL",55329,26810,28519,NA,14478,6864,7614,NA,40851,19946,20905,NA
"BALOCHISTAN","RAKHSHAN","WASHUK","WASHUK","SUB-DIVISION","URDU",20,9,11,NA,4,3,1,NA,16,6,10,NA
"BALOCHISTAN","RAKHSHAN","CHAGAI","YAK MACHH","SUB-TEHSIL","BALOCHI",22828,11048,11780,NA,22828,11048,11780,NA,NA,NA,NA,NA
"BALOCHISTAN","RAKHSHAN","CHAGAI","YAK MACHH","SUB-TEHSIL","BALTI",NA,NA,NA,NA,NA,NA,NA,NA,NA,NA,NA,NA
"BALOCHISTAN","RAKHSHAN","CHAGAI","YAK MACHH","SUB-TEHSIL","BRAHVI",2,2,NA,NA,2,2,NA,NA,NA,NA,NA,NA
"BALOCHISTAN","RAKHSHAN","CHAGAI","YAK MACHH","SUB-TEHSIL","HINDKO",NA,NA,NA,NA,NA,NA,NA,NA,NA,NA,NA,NA
"BALOCHISTAN","RAKHSHAN","CHAGAI","YAK MACHH","SUB-TEHSIL","KALASHA",NA,NA,NA,NA,NA,NA,NA,NA,NA,NA,NA,NA
"BALOCHISTAN","RAKHSHAN","CHAGAI","YAK MACHH","SUB-TEHSIL","KASHMIRI",7,6,1,NA,7,6,1,NA,NA,NA,NA,NA
"BALOCHISTAN","RAKHSHAN","CHAGAI","YAK MACHH","SUB-TEHSIL","KOHIOSTANI",NA,NA,NA,NA,NA,NA,NA,NA,NA,NA,NA,NA
"BALOCHISTAN","RAKHSHAN","CHAGAI","YAK MACHH","SUB-TEHSIL","MEWATI",NA,NA,NA,NA,NA,NA,NA,NA,NA,NA,NA,NA
"BALOCHISTAN","RAKHSHAN","CHAGAI","YAK MACHH","SUB-TEHSIL","OTHERS",NA,NA,NA,NA,NA,NA,NA,NA,NA,NA,NA,NA
"BALOCHISTAN","RAKHSHAN","CHAGAI","YAK MACHH","SUB-TEHSIL","PUNJABI",1,NA,1,NA,1,NA,1,NA,NA,NA,NA,NA
"BALOCHISTAN","RAKHSHAN","CHAGAI","YAK MACHH","SUB-TEHSIL","PUSHTO",6,3,3,NA,6,3,3,NA,NA,NA,NA,NA
"BALOCHISTAN","RAKHSHAN","CHAGAI","YAK MACHH","SUB-TEHSIL","SARAIKI",1,NA,1,NA,1,NA,1,NA,NA,NA,NA,NA
"BALOCHISTAN","RAKHSHAN","CHAGAI","YAK MACHH","SUB-TEHSIL","SHINA",NA,NA,NA,NA,NA,NA,NA,NA,NA,NA,NA,NA
"BALOCHISTAN","RAKHSHAN","CHAGAI","YAK MACHH","SUB-TEHSIL","SINDHI",NA,NA,NA,NA,NA,NA,NA,NA,NA,NA,NA,NA
"BALOCHISTAN","RAKHSHAN","CHAGAI","YAK MACHH","SUB-TEHSIL","TOTAL",22848,11061,11787,NA,22848,11061,11787,NA,NA,NA,NA,NA
"BALOCHISTAN","RAKHSHAN","CHAGAI","YAK MACHH","SUB-TEHSIL","URDU",3,2,1,NA,3,2,1,NA,NA,NA,NA,NA
"BALOCHISTAN","MEKRAN","KECH","ZAMORAN","SUB-TEHSIL","BALOCHI",71461,32344,39106,11,71461,32344,39106,11,NA,NA,NA,NA
"BALOCHISTAN","MEKRAN","KECH","ZAMORAN","SUB-TEHSIL","BALTI",NA,NA,NA,NA,NA,NA,NA,NA,NA,NA,NA,NA
"BALOCHISTAN","MEKRAN","KECH","ZAMORAN","SUB-TEHSIL","BRAHVI",3,3,NA,NA,3,3,NA,NA,NA,NA,NA,NA
"BALOCHISTAN","MEKRAN","KECH","ZAMORAN","SUB-TEHSIL","HINDKO",1,NA,1,NA,1,NA,1,NA,NA,NA,NA,NA
"BALOCHISTAN","MEKRAN","KECH","ZAMORAN","SUB-TEHSIL","KALASHA",NA,NA,NA,NA,NA,NA,NA,NA,NA,NA,NA,NA
"BALOCHISTAN","MEKRAN","KECH","ZAMORAN","SUB-TEHSIL","KASHMIRI",58,29,29,NA,58,29,29,NA,NA,NA,NA,NA
"BALOCHISTAN","MEKRAN","KECH","ZAMORAN","SUB-TEHSIL","KOHIOSTANI",NA,NA,NA,NA,NA,NA,NA,NA,NA,NA,NA,NA
"BALOCHISTAN","MEKRAN","KECH","ZAMORAN","SUB-TEHSIL","MEWATI",NA,NA,NA,NA,NA,NA,NA,NA,NA,NA,NA,NA
"BALOCHISTAN","MEKRAN","KECH","ZAMORAN","SUB-TEHSIL","OTHERS",19,10,9,NA,19,10,9,NA,NA,NA,NA,NA
"BALOCHISTAN","MEKRAN","KECH","ZAMORAN","SUB-TEHSIL","PUNJABI",3,3,NA,NA,3,3,NA,NA,NA,NA,NA,NA
"BALOCHISTAN","MEKRAN","KECH","ZAMORAN","SUB-TEHSIL","PUSHTO",14,8,6,NA,14,8,6,NA,NA,NA,NA,NA
"BALOCHISTAN","MEKRAN","KECH","ZAMORAN","SUB-TEHSIL","SARAIKI",1,NA,1,NA,1,NA,1,NA,NA,NA,NA,NA
"BALOCHISTAN","MEKRAN","KECH","ZAMORAN","SUB-TEHSIL","SHINA",NA,NA,NA,NA,NA,NA,NA,NA,NA,NA,NA,NA
"BALOCHISTAN","MEKRAN","KECH","ZAMORAN","SUB-TEHSIL","SINDHI",4,3,1,NA,4,3,1,NA,NA,NA,NA,NA
"BALOCHISTAN","MEKRAN","KECH","ZAMORAN","SUB-TEHSIL","TOTAL",71616,32425,39180,11,71616,32425,39180,11,NA,NA,NA,NA
"BALOCHISTAN","MEKRAN","KECH","ZAMORAN","SUB-TEHSIL","URDU",52,25,27,NA,52,25,27,NA,NA,NA,NA,NA
"BALOCHISTAN","KALAT","KHUZDAR","ZEHRI","SUB-DIVISION","BALOCHI",178,97,81,NA,125,66,59,NA,53,31,22,NA
"BALOCHISTAN","KALAT","KHUZDAR","ZEHRI","SUB-DIVISION","BALTI",NA,NA,NA,NA,NA,NA,NA,NA,NA,NA,NA,NA
"BALOCHISTAN","KALAT","KHUZDAR","ZEHRI","SUB-DIVISION","BRAHVI",150317,68609,81707,1,79689,36920,42768,1,70628,31689,38939,NA
"BALOCHISTAN","KALAT","KHUZDAR","ZEHRI","SUB-DIVISION","HINDKO",53,28,25,NA,31,19,12,NA,22,9,13,NA
"BALOCHISTAN","KALAT","KHUZDAR","ZEHRI","SUB-DIVISION","KALASHA",NA,NA,NA,NA,NA,NA,NA,NA,NA,NA,NA,NA
"BALOCHISTAN","KALAT","KHUZDAR","ZEHRI","SUB-DIVISION","KASHMIRI",1,1,NA,NA,NA,NA,NA,NA,1,1,NA,NA
"BALOCHISTAN","KALAT","KHUZDAR","ZEHRI","SUB-DIVISION","KOHIOSTANI",NA,NA,NA,NA,NA,NA,NA,NA,NA,NA,NA,NA
"BALOCHISTAN","KALAT","KHUZDAR","ZEHRI","SUB-DIVISION","MEWATI",NA,NA,NA,NA,NA,NA,NA,NA,NA,NA,NA,NA
"BALOCHISTAN","KALAT","KHUZDAR","ZEHRI","SUB-DIVISION","OTHERS",38,19,19,NA,12,6,6,NA,26,13,13,NA
"BALOCHISTAN","KALAT","KHUZDAR","ZEHRI","SUB-DIVISION","PUNJABI",38,22,16,NA,NA,NA,NA,NA,38,22,16,NA
"BALOCHISTAN","KALAT","KHUZDAR","ZEHRI","SUB-DIVISION","PUSHTO",5,3,2,NA,4,2,2,NA,1,1,NA,NA
"BALOCHISTAN","KALAT","KHUZDAR","ZEHRI","SUB-DIVISION","SARAIKI",4,3,1,NA,3,3,NA,NA,1,NA,1,NA
"BALOCHISTAN","KALAT","KHUZDAR","ZEHRI","SUB-DIVISION","SHINA",46,28,18,NA,16,10,6,NA,30,18,12,NA
"BALOCHISTAN","KALAT","KHUZDAR","ZEHRI","SUB-DIVISION","SINDHI",129,60,69,NA,81,41,40,NA,48,19,29,NA
"BALOCHISTAN","KALAT","KHUZDAR","ZEHRI","SUB-DIVISION","TOTAL",150928,68922,82005,1,80018,37091,42926,1,70910,31831,39079,NA
"BALOCHISTAN","KALAT","KHUZDAR","ZEHRI","SUB-DIVISION","URDU",119,52,67,NA,57,24,33,NA,62,28,34,NA
"BALOCHISTAN","ZHOB","ZHOB","ZHOB","SUB-DIVISION","BALOCHI",350,171,179,NA,206,105,101,NA,144,66,78,NA
"BALOCHISTAN","ZHOB","ZHOB","ZHOB","SUB-DIVISION","BALTI",NA,NA,NA,NA,NA,NA,NA,NA,NA,NA,NA,NA
"BALOCHISTAN","ZHOB","ZHOB","ZHOB","SUB-DIVISION","BRAHVI",7,4,3,NA,NA,NA,NA,NA,7,4,3,NA
"BALOCHISTAN","ZHOB","ZHOB","ZHOB","SUB-DIVISION","HINDKO",121,52,69,NA,22,8,14,NA,99,44,55,NA
"BALOCHISTAN","ZHOB","ZHOB","ZHOB","SUB-DIVISION","KALASHA",NA,NA,NA,NA,NA,NA,NA,NA,NA,NA,NA,NA
"BALOCHISTAN","ZHOB","ZHOB","ZHOB","SUB-DIVISION","KASHMIRI",27,12,15,NA,4,2,2,NA,23,10,13,NA
"BALOCHISTAN","ZHOB","ZHOB","ZHOB","SUB-DIVISION","KOHIOSTANI",NA,NA,NA,NA,NA,NA,NA,NA,NA,NA,NA,NA
"BALOCHISTAN","ZHOB","ZHOB","ZHOB","SUB-DIVISION","MEWATI",NA,NA,NA,NA,NA,NA,NA,NA,NA,NA,NA,NA
"BALOCHISTAN","ZHOB","ZHOB","ZHOB","SUB-DIVISION","OTHERS",134,69,65,NA,15,7,8,NA,119,62,57,NA
"BALOCHISTAN","ZHOB","ZHOB","ZHOB","SUB-DIVISION","PUNJABI",1466,706,760,NA,240,119,121,NA,1226,587,639,NA
"BALOCHISTAN","ZHOB","ZHOB","ZHOB","SUB-DIVISION","PUSHTO",276324,127919,148402,3,236028,109595,126430,3,40296,18324,21972,NA
"BALOCHISTAN","ZHOB","ZHOB","ZHOB","SUB-DIVISION","SARAIKI",5282,2556,2726,NA,932,458,474,NA,4350,2098,2252,NA
"BALOCHISTAN","ZHOB","ZHOB","ZHOB","SUB-DIVISION","SHINA",4,2,2,NA,NA,NA,NA,NA,4,2,2,NA
"BALOCHISTAN","ZHOB","ZHOB","ZHOB","SUB-DIVISION","SINDHI",117,57,60,NA,30,11,19,NA,87,46,41,NA
"BALOCHISTAN","ZHOB","ZHOB","ZHOB","SUB-DIVISION","TOTAL",284545,131882,152660,3,237644,110385,127256,3,46901,21497,25404,NA
"BALOCHISTAN","ZHOB","ZHOB","ZHOB","SUB-DIVISION","URDU",713,334,379,NA,167,80,87,NA,546,254,292,NA
"BALOCHISTAN","SIBI","ZIARAT","ZIARAT","SUB-DIVISION","BALOCHI",110,56,54,NA,102,51,51,NA,8,5,3,NA
"BALOCHISTAN","SIBI","ZIARAT","ZIARAT","SUB-DIVISION","BALTI",NA,NA,NA,NA,NA,NA,NA,NA,NA,NA,NA,NA
"BALOCHISTAN","SIBI","ZIARAT","ZIARAT","SUB-DIVISION","BRAHVI",NA,NA,NA,NA,NA,NA,NA,NA,NA,NA,NA,NA
"BALOCHISTAN","SIBI","ZIARAT","ZIARAT","SUB-DIVISION","HINDKO",NA,NA,NA,NA,NA,NA,NA,NA,NA,NA,NA,NA
"BALOCHISTAN","SIBI","ZIARAT","ZIARAT","SUB-DIVISION","KALASHA",NA,NA,NA,NA,NA,NA,NA,NA,NA,NA,NA,NA
"BALOCHISTAN","SIBI","ZIARAT","ZIARAT","SUB-DIVISION","KASHMIRI",7,1,6,NA,7,1,6,NA,NA,NA,NA,NA
"BALOCHISTAN","SIBI","ZIARAT","ZIARAT","SUB-DIVISION","KOHIOSTANI",NA,NA,NA,NA,NA,NA,NA,NA,NA,NA,NA,NA
"BALOCHISTAN","SIBI","ZIARAT","ZIARAT","SUB-DIVISION","MEWATI",NA,NA,NA,NA,NA,NA,NA,NA,NA,NA,NA,NA
"BALOCHISTAN","SIBI","ZIARAT","ZIARAT","SUB-DIVISION","OTHERS",8,3,4,1,6,2,3,1,2,1,1,NA
"BALOCHISTAN","SIBI","ZIARAT","ZIARAT","SUB-DIVISION","PUNJABI",77,38,39,NA,23,10,13,NA,54,28,26,NA
"BALOCHISTAN","SIBI","ZIARAT","ZIARAT","SUB-DIVISION","PUSHTO",78554,40034,38519,1,74849,38183,36666,NA,3705,1851,1853,1
"BALOCHISTAN","SIBI","ZIARAT","ZIARAT","SUB-DIVISION","SARAIKI",8,2,5,1,8,2,5,1,NA,NA,NA,NA
"BALOCHISTAN","SIBI","ZIARAT","ZIARAT","SUB-DIVISION","SHINA",NA,NA,NA,NA,NA,NA,NA,NA,NA,NA,NA,NA
"BALOCHISTAN","SIBI","ZIARAT","ZIARAT","SUB-DIVISION","SINDHI",36,24,12,NA,36,24,12,NA,NA,NA,NA,NA
"BALOCHISTAN","SIBI","ZIARAT","ZIARAT","SUB-DIVISION","TOTAL",78912,40223,38686,3,75049,38284,36763,2,3863,1939,1923,1
"BALOCHISTAN","SIBI","ZIARAT","ZIARAT","SUB-DIVISION","URDU",112,65,47,NA,18,11,7,NA,94,54,40,NA
"BALOCHISTAN","LORALAI","MUSAKHEL","ZIMRI PLASEEN","SUB-TEHSIL","BALOCHI",2,NA,2,NA,2,NA,2,NA,NA,NA,NA,NA
"BALOCHISTAN","LORALAI","MUSAKHEL","ZIMRI PLASEEN","SUB-TEHSIL","BALTI",NA,NA,NA,NA,NA,NA,NA,NA,NA,NA,NA,NA
"BALOCHISTAN","LORALAI","MUSAKHEL","ZIMRI PLASEEN","SUB-TEHSIL","BRAHVI",NA,NA,NA,NA,NA,NA,NA,NA,NA,NA,NA,NA
"BALOCHISTAN","LORALAI","MUSAKHEL","ZIMRI PLASEEN","SUB-TEHSIL","HINDKO",NA,NA,NA,NA,NA,NA,NA,NA,NA,NA,NA,NA
"BALOCHISTAN","LORALAI","MUSAKHEL","ZIMRI PLASEEN","SUB-TEHSIL","KALASHA",NA,NA,NA,NA,NA,NA,NA,NA,NA,NA,NA,NA
"BALOCHISTAN","LORALAI","MUSAKHEL","ZIMRI PLASEEN","SUB-TEHSIL","KASHMIRI",NA,NA,NA,NA,NA,NA,NA,NA,NA,NA,NA,NA
"BALOCHISTAN","LORALAI","MUSAKHEL","ZIMRI PLASEEN","SUB-TEHSIL","KOHIOSTANI",NA,NA,NA,NA,NA,NA,NA,NA,NA,NA,NA,NA
"BALOCHISTAN","LORALAI","MUSAKHEL","ZIMRI PLASEEN","SUB-TEHSIL","MEWATI",NA,NA,NA,NA,NA,NA,NA,NA,NA,NA,NA,NA
"BALOCHISTAN","LORALAI","MUSAKHEL","ZIMRI PLASEEN","SUB-TEHSIL","OTHERS",NA,NA,NA,NA,NA,NA,NA,NA,NA,NA,NA,NA
"BALOCHISTAN","LORALAI","MUSAKHEL","ZIMRI PLASEEN","SUB-TEHSIL","PUNJABI",1,1,NA,NA,1,1,NA,NA,NA,NA,NA,NA
"BALOCHISTAN","LORALAI","MUSAKHEL","ZIMRI PLASEEN","SUB-TEHSIL","PUSHTO",9662,4704,4958,NA,9662,4704,4958,NA,NA,NA,NA,NA
"BALOCHISTAN","LORALAI","MUSAKHEL","ZIMRI PLASEEN","SUB-TEHSIL","SARAIKI",1,1,NA,NA,1,1,NA,NA,NA,NA,NA,NA
"BALOCHISTAN","LORALAI","MUSAKHEL","ZIMRI PLASEEN","SUB-TEHSIL","SHINA",NA,NA,NA,NA,NA,NA,NA,NA,NA,NA,NA,NA
"BALOCHISTAN","LORALAI","MUSAKHEL","ZIMRI PLASEEN","SUB-TEHSIL","SINDHI",1,NA,1,NA,1,NA,1,NA,NA,NA,NA,NA
"BALOCHISTAN","LORALAI","MUSAKHEL","ZIMRI PLASEEN","SUB-TEHSIL","TOTAL",9670,4708,4962,NA,9670,4708,4962,NA,NA,NA,NA,NA
"BALOCHISTAN","LORALAI","MUSAKHEL","ZIMRI PLASEEN","SUB-TEHSIL","URDU",3,2,1,NA,3,2,1,NA,NA,NA,NA,NA
"ISLAMABAD","ISLAMABAD","ISLAMABAD","ISLAMABAD","TEHSIL","BALOCHI",4503,1847,2656,NA,2096,912,1184,NA,2407,935,1472,NA
"ISLAMABAD","ISLAMABAD","ISLAMABAD","ISLAMABAD","TEHSIL","BALTI",10315,4766,5549,NA,6557,3078,3479,NA,3758,1688,2070,NA
"ISLAMABAD","ISLAMABAD","ISLAMABAD","ISLAMABAD","TEHSIL","BRAHVI",668,309,359,NA,284,134,150,NA,384,175,209,NA
"ISLAMABAD","ISLAMABAD","ISLAMABAD","ISLAMABAD","TEHSIL","HINDKO",140780,65144,75634,2,72031,34103,37927,1,68749,31041,37707,1
"ISLAMABAD","ISLAMABAD","ISLAMABAD","ISLAMABAD","TEHSIL","KALASHA",182,72,109,1,91,45,45,1,91,27,64,NA
"ISLAMABAD","ISLAMABAD","ISLAMABAD","ISLAMABAD","TEHSIL","KASHMIRI",51920,23819,28100,1,37005,17367,19638,NA,14915,6452,8462,1
"ISLAMABAD","ISLAMABAD","ISLAMABAD","ISLAMABAD","TEHSIL","KOHIOSTANI",5016,2142,2874,NA,3094,1462,1632,NA,1922,680,1242,NA
"ISLAMABAD","ISLAMABAD","ISLAMABAD","ISLAMABAD","TEHSIL","MEWATI",1095,507,588,NA,461,218,243,NA,634,289,345,NA
"ISLAMABAD","ISLAMABAD","ISLAMABAD","ISLAMABAD","TEHSIL","OTHERS",64734,30915,33819,NA,44649,21725,22924,NA,20085,9190,10895,NA
"ISLAMABAD","ISLAMABAD","ISLAMABAD","ISLAMABAD","TEHSIL","PUNJABI",1154540,549227,605078,235,670561,321758,348767,36,483979,227469,256311,199
"ISLAMABAD","ISLAMABAD","ISLAMABAD","ISLAMABAD","TEHSIL","PUSHTO",415838,188619,227211,8,180858,83511,97342,5,234980,105108,129869,3
"ISLAMABAD","ISLAMABAD","ISLAMABAD","ISLAMABAD","TEHSIL","SARAIKI",46270,20692,25575,3,22790,10184,12604,2,23480,10508,12971,1
"ISLAMABAD","ISLAMABAD","ISLAMABAD","ISLAMABAD","TEHSIL","SHINA",7099,3202,3897,NA,4082,1881,2201,NA,3017,1321,1696,NA
"ISLAMABAD","ISLAMABAD","ISLAMABAD","ISLAMABAD","TEHSIL","SINDHI",21362,9758,11604,NA,10056,4651,5405,NA,11306,5107,6199,NA
"ISLAMABAD","ISLAMABAD","ISLAMABAD","ISLAMABAD","TEHSIL","TOTAL",2283244,1073974,1209000,270,1240244,591165,649029,50,1043000,482809,559971,220
"ISLAMABAD","ISLAMABAD","ISLAMABAD","ISLAMABAD","TEHSIL","URDU",358922,172955,185947,20,185629,90136,95488,5,173293,82819,90459,15
"KPK","HAZARA","ABBOTTABAD","ABBOTTABAD","TEHSIL","BALOCHI",198,78,120,NA,39,16,23,NA,159,62,97,NA
"KPK","HAZARA","ABBOTTABAD","ABBOTTABAD","TEHSIL","BALTI",139,70,69,NA,31,20,11,NA,108,50,58,NA
"KPK","HAZARA","ABBOTTABAD","ABBOTTABAD","TEHSIL","BRAHVI",386,197,189,NA,289,144,145,NA,97,53,44,NA
"KPK","HAZARA","ABBOTTABAD","ABBOTTABAD","TEHSIL","HINDKO",841935,417332,424573,30,650073,322735,327329,9,191862,94597,97244,21
"KPK","HAZARA","ABBOTTABAD","ABBOTTABAD","TEHSIL","KALASHA",8,5,3,NA,8,5,3,NA,NA,NA,NA,NA
"KPK","HAZARA","ABBOTTABAD","ABBOTTABAD","TEHSIL","KASHMIRI",803,391,412,NA,395,201,194,NA,408,190,218,NA
"KPK","HAZARA","ABBOTTABAD","ABBOTTABAD","TEHSIL","KOHIOSTANI",9952,4734,5218,NA,7772,3707,4065,NA,2180,1027,1153,NA
"KPK","HAZARA","ABBOTTABAD","ABBOTTABAD","TEHSIL","MEWATI",1,1,NA,NA,NA,NA,NA,NA,1,1,NA,NA
"KPK","HAZARA","ABBOTTABAD","ABBOTTABAD","TEHSIL","OTHERS",13510,6749,6761,NA,11674,5860,5814,NA,1836,889,947,NA
"KPK","HAZARA","ABBOTTABAD","ABBOTTABAD","TEHSIL","PUNJABI",8366,4095,4262,9,1742,944,798,NA,6624,3151,3464,9
"KPK","HAZARA","ABBOTTABAD","ABBOTTABAD","TEHSIL","PUSHTO",73552,35718,37827,7,37719,18410,19308,1,35833,17308,18519,6
"KPK","HAZARA","ABBOTTABAD","ABBOTTABAD","TEHSIL","SARAIKI",1283,622,653,8,395,191,197,7,888,431,456,1
"KPK","HAZARA","ABBOTTABAD","ABBOTTABAD","TEHSIL","SHINA",1652,788,864,NA,969,451,518,NA,683,337,346,NA
"KPK","HAZARA","ABBOTTABAD","ABBOTTABAD","TEHSIL","SINDHI",429,190,239,NA,31,11,20,NA,398,179,219,NA
"KPK","HAZARA","ABBOTTABAD","ABBOTTABAD","TEHSIL","TOTAL",981967,486151,495759,57,727449,360984,366447,18,254518,125167,129312,39
"KPK","HAZARA","ABBOTTABAD","ABBOTTABAD","TEHSIL","URDU",29753,15181,14569,3,16312,8289,8022,1,13441,6892,6547,2
"KPK","MALAKAND","LOWER DIR","ADENZAI","SUB-DIVISION","BALOCHI",298,159,139,NA,298,159,139,NA,NA,NA,NA,NA
"KPK","MALAKAND","LOWER DIR","ADENZAI","SUB-DIVISION","BALTI",NA,NA,NA,NA,NA,NA,NA,NA,NA,NA,NA,NA
"KPK","MALAKAND","LOWER DIR","ADENZAI","SUB-DIVISION","BRAHVI",NA,NA,NA,NA,NA,NA,NA,NA,NA,NA,NA,NA
"KPK","MALAKAND","LOWER DIR","ADENZAI","SUB-DIVISION","HINDKO",17,2,15,NA,17,2,15,NA,NA,NA,NA,NA
"KPK","MALAKAND","LOWER DIR","ADENZAI","SUB-DIVISION","KALASHA",1,1,NA,NA,1,1,NA,NA,NA,NA,NA,NA
"KPK","MALAKAND","LOWER DIR","ADENZAI","SUB-DIVISION","KASHMIRI",25,9,16,NA,25,9,16,NA,NA,NA,NA,NA
"KPK","MALAKAND","LOWER DIR","ADENZAI","SUB-DIVISION","KOHIOSTANI",47,18,29,NA,47,18,29,NA,NA,NA,NA,NA
"KPK","MALAKAND","LOWER DIR","ADENZAI","SUB-DIVISION","MEWATI",NA,NA,NA,NA,NA,NA,NA,NA,NA,NA,NA,NA
"KPK","MALAKAND","LOWER DIR","ADENZAI","SUB-DIVISION","OTHERS",821,413,408,NA,821,413,408,NA,NA,NA,NA,NA
"KPK","MALAKAND","LOWER DIR","ADENZAI","SUB-DIVISION","PUNJABI",46,17,29,NA,46,17,29,NA,NA,NA,NA,NA
"KPK","MALAKAND","LOWER DIR","ADENZAI","SUB-DIVISION","PUSHTO",376075,184584,191484,7,376075,184584,191484,7,NA,NA,NA,NA
"KPK","MALAKAND","LOWER DIR","ADENZAI","SUB-DIVISION","SARAIKI",15,6,9,NA,15,6,9,NA,NA,NA,NA,NA
"KPK","MALAKAND","LOWER DIR","ADENZAI","SUB-DIVISION","SHINA",1,1,NA,NA,1,1,NA,NA,NA,NA,NA,NA
"KPK","MALAKAND","LOWER DIR","ADENZAI","SUB-DIVISION","SINDHI",28,14,14,NA,28,14,14,NA,NA,NA,NA,NA
"KPK","MALAKAND","LOWER DIR","ADENZAI","SUB-DIVISION","TOTAL",377568,185325,192236,7,377568,185325,192236,7,NA,NA,NA,NA
"KPK","MALAKAND","LOWER DIR","ADENZAI","SUB-DIVISION","URDU",194,101,93,NA,194,101,93,NA,NA,NA,NA,NA
NA,NA,"BATAGRAM","ALLAI","TEHSIL","BALOCHI",129,66,63,NA,129,66,63,NA,NA,NA,NA,NA
NA,NA,"BATAGRAM","ALLAI","TEHSIL","BALTI",NA,NA,NA,NA,NA,NA,NA,NA,NA,NA,NA,NA
NA,NA,"BATAGRAM","ALLAI","TEHSIL","BRAHVI",NA,NA,NA,NA,NA,NA,NA,NA,NA,NA,NA,NA
NA,NA,"BATAGRAM","ALLAI","TEHSIL","HINDKO",1177,563,614,NA,1177,563,614,NA,NA,NA,NA,NA
NA,NA,"BATAGRAM","ALLAI","TEHSIL","KALASHA",1,1,NA,NA,1,1,NA,NA,NA,NA,NA,NA
NA,NA,"BATAGRAM","ALLAI","TEHSIL","KASHMIRI",280,134,146,NA,280,134,146,NA,NA,NA,NA,NA
NA,NA,"BATAGRAM","ALLAI","TEHSIL","KOHIOSTANI",2830,1337,1493,NA,2830,1337,1493,NA,NA,NA,NA,NA
NA,NA,"BATAGRAM","ALLAI","TEHSIL","MEWATI",NA,NA,NA,NA,NA,NA,NA,NA,NA,NA,NA,NA
NA,NA,"BATAGRAM","ALLAI","TEHSIL","OTHERS",17209,8204,9005,NA,17209,8204,9005,NA,NA,NA,NA,NA
NA,NA,"BATAGRAM","ALLAI","TEHSIL","PUNJABI",5,NA,5,NA,5,NA,5,NA,NA,NA,NA,NA
NA,NA,"BATAGRAM","ALLAI","TEHSIL","PUSHTO",195697,95158,100534,5,195697,95158,100534,5,NA,NA,NA,NA
NA,NA,"BATAGRAM","ALLAI","TEHSIL","SARAIKI",1,NA,1,NA,1,NA,1,NA,NA,NA,NA,NA
NA,NA,"BATAGRAM","ALLAI","TEHSIL","SHINA",117,59,58,NA,117,59,58,NA,NA,NA,NA,NA
NA,NA,"BATAGRAM","ALLAI","TEHSIL","SINDHI",19,11,8,NA,19,11,8,NA,NA,NA,NA,NA
NA,NA,"BATAGRAM","ALLAI","TEHSIL","TOTAL",217566,105584,111977,5,217566,105584,111977,5,NA,NA,NA,NA
NA,NA,"BATAGRAM","ALLAI","TEHSIL","URDU",101,51,50,NA,101,51,50,NA,NA,NA,NA,NA
"KPK","MALAKAND","SHANGLA","ALPURI","TEHSIL","BALOCHI",153,80,73,NA,153,80,73,NA,NA,NA,NA,NA
"KPK","MALAKAND","SHANGLA","ALPURI","TEHSIL","BALTI",NA,NA,NA,NA,NA,NA,NA,NA,NA,NA,NA,NA
"KPK","MALAKAND","SHANGLA","ALPURI","TEHSIL","BRAHVI",NA,NA,NA,NA,NA,NA,NA,NA,NA,NA,NA,NA
"KPK","MALAKAND","SHANGLA","ALPURI","TEHSIL","HINDKO",2,1,1,NA,2,1,1,NA,NA,NA,NA,NA
"KPK","MALAKAND","SHANGLA","ALPURI","TEHSIL","KALASHA",2,1,1,NA,2,1,1,NA,NA,NA,NA,NA
"KPK","MALAKAND","SHANGLA","ALPURI","TEHSIL","KASHMIRI",5,NA,5,NA,5,NA,5,NA,NA,NA,NA,NA
"KPK","MALAKAND","SHANGLA","ALPURI","TEHSIL","KOHIOSTANI",1135,546,589,NA,1135,546,589,NA,NA,NA,NA,NA
"KPK","MALAKAND","SHANGLA","ALPURI","TEHSIL","MEWATI",NA,NA,NA,NA,NA,NA,NA,NA,NA,NA,NA,NA
"KPK","MALAKAND","SHANGLA","ALPURI","TEHSIL","OTHERS",10579,4993,5586,NA,10579,4993,5586,NA,NA,NA,NA,NA
"KPK","MALAKAND","SHANGLA","ALPURI","TEHSIL","PUNJABI",18,6,12,NA,18,6,12,NA,NA,NA,NA,NA
"KPK","MALAKAND","SHANGLA","ALPURI","TEHSIL","PUSHTO",354557,171728,182827,2,354557,171728,182827,2,NA,NA,NA,NA
"KPK","MALAKAND","SHANGLA","ALPURI","TEHSIL","SARAIKI",2,NA,1,1,2,NA,1,1,NA,NA,NA,NA
"KPK","MALAKAND","SHANGLA","ALPURI","TEHSIL","SHINA",NA,NA,NA,NA,NA,NA,NA,NA,NA,NA,NA,NA
"KPK","MALAKAND","SHANGLA","ALPURI","TEHSIL","SINDHI",38,16,22,NA,38,16,22,NA,NA,NA,NA,NA
"KPK","MALAKAND","SHANGLA","ALPURI","TEHSIL","TOTAL",366643,177437,189203,3,366643,177437,189203,3,NA,NA,NA,NA
"KPK","MALAKAND","SHANGLA","ALPURI","TEHSIL","URDU",152,66,86,NA,152,66,86,NA,NA,NA,NA,NA
"KPK","PESHAWAR","MOHMAND","AMBAR UTMAN KHEL","TEHSIL","BALOCHI",68,38,30,NA,68,38,30,NA,NA,NA,NA,NA
"KPK","PESHAWAR","MOHMAND","AMBAR UTMAN KHEL","TEHSIL","BALTI",NA,NA,NA,NA,NA,NA,NA,NA,NA,NA,NA,NA
"KPK","PESHAWAR","MOHMAND","AMBAR UTMAN KHEL","TEHSIL","BRAHVI",NA,NA,NA,NA,NA,NA,NA,NA,NA,NA,NA,NA
"KPK","PESHAWAR","MOHMAND","AMBAR UTMAN KHEL","TEHSIL","HINDKO",NA,NA,NA,NA,NA,NA,NA,NA,NA,NA,NA,NA
"KPK","PESHAWAR","MOHMAND","AMBAR UTMAN KHEL","TEHSIL","KALASHA",NA,NA,NA,NA,NA,NA,NA,NA,NA,NA,NA,NA
"KPK","PESHAWAR","MOHMAND","AMBAR UTMAN KHEL","TEHSIL","KASHMIRI",2,2,NA,NA,2,2,NA,NA,NA,NA,NA,NA
"KPK","PESHAWAR","MOHMAND","AMBAR UTMAN KHEL","TEHSIL","KOHIOSTANI",NA,NA,NA,NA,NA,NA,NA,NA,NA,NA,NA,NA
"KPK","PESHAWAR","MOHMAND","AMBAR UTMAN KHEL","TEHSIL","MEWATI",NA,NA,NA,NA,NA,NA,NA,NA,NA,NA,NA,NA
"KPK","PESHAWAR","MOHMAND","AMBAR UTMAN KHEL","TEHSIL","OTHERS",11,4,7,NA,11,4,7,NA,NA,NA,NA,NA
"KPK","PESHAWAR","MOHMAND","AMBAR UTMAN KHEL","TEHSIL","PUNJABI",NA,NA,NA,NA,NA,NA,NA,NA,NA,NA,NA,NA
"KPK","PESHAWAR","MOHMAND","AMBAR UTMAN KHEL","TEHSIL","PUSHTO",79364,39022,40341,1,79364,39022,40341,1,NA,NA,NA,NA
"KPK","PESHAWAR","MOHMAND","AMBAR UTMAN KHEL","TEHSIL","SARAIKI",NA,NA,NA,NA,NA,NA,NA,NA,NA,NA,NA,NA
"KPK","PESHAWAR","MOHMAND","AMBAR UTMAN KHEL","TEHSIL","SHINA",NA,NA,NA,NA,NA,NA,NA,NA,NA,NA,NA,NA
"KPK","PESHAWAR","MOHMAND","AMBAR UTMAN KHEL","TEHSIL","SINDHI",6,4,2,NA,6,4,2,NA,NA,NA,NA,NA
"KPK","PESHAWAR","MOHMAND","AMBAR UTMAN KHEL","TEHSIL","TOTAL",79455,39071,40383,1,79455,39071,40383,1,NA,NA,NA,NA
"KPK","PESHAWAR","MOHMAND","AMBAR UTMAN KHEL","TEHSIL","URDU",4,1,3,NA,4,1,3,NA,NA,NA,NA,NA
"KPK","MALAKAND","SWAT","BABUZAI","TEHSIL","BALOCHI",699,380,319,NA,309,174,135,NA,390,206,184,NA
"KPK","MALAKAND","SWAT","BABUZAI","TEHSIL","BALTI",1,NA,1,NA,1,NA,1,NA,NA,NA,NA,NA
"KPK","MALAKAND","SWAT","BABUZAI","TEHSIL","BRAHVI",NA,NA,NA,NA,NA,NA,NA,NA,NA,NA,NA,NA
"KPK","MALAKAND","SWAT","BABUZAI","TEHSIL","HINDKO",393,195,198,NA,20,12,8,NA,373,183,190,NA
"KPK","MALAKAND","SWAT","BABUZAI","TEHSIL","KALASHA",7,5,2,NA,5,3,2,NA,2,2,NA,NA
"KPK","MALAKAND","SWAT","BABUZAI","TEHSIL","KASHMIRI",25,14,11,NA,14,9,5,NA,11,5,6,NA
"KPK","MALAKAND","SWAT","BABUZAI","TEHSIL","KOHIOSTANI",3355,1588,1767,NA,1663,788,875,NA,1692,800,892,NA
"KPK","MALAKAND","SWAT","BABUZAI","TEHSIL","MEWATI",NA,NA,NA,NA,NA,NA,NA,NA,NA,NA,NA,NA
"KPK","MALAKAND","SWAT","BABUZAI","TEHSIL","OTHERS",3221,1586,1635,NA,2534,1237,1297,NA,687,349,338,NA
"KPK","MALAKAND","SWAT","BABUZAI","TEHSIL","PUNJABI",935,441,492,2,47,23,24,NA,888,418,468,2
"KPK","MALAKAND","SWAT","BABUZAI","TEHSIL","PUSHTO",686273,328598,357631,44,330084,158776,171307,1,356189,169822,186324,43
"KPK","MALAKAND","SWAT","BABUZAI","TEHSIL","SARAIKI",52,23,29,NA,7,1,6,NA,45,22,23,NA
"KPK","MALAKAND","SWAT","BABUZAI","TEHSIL","SHINA",32,14,18,NA,18,7,11,NA,14,7,7,NA
"KPK","MALAKAND","SWAT","BABUZAI","TEHSIL","SINDHI",45,23,22,NA,18,10,8,NA,27,13,14,NA
"KPK","MALAKAND","SWAT","BABUZAI","TEHSIL","TOTAL",696404,333517,362840,47,335584,161420,174163,1,360820,172097,188677,46
"KPK","MALAKAND","SWAT","BABUZAI","TEHSIL","URDU",1366,650,715,1,864,380,484,NA,502,270,231,1
"KPK","PESHAWAR","PESHAWAR","BADHBER","TEHSIL","BALOCHI",334,175,159,NA,334,175,159,NA,NA,NA,NA,NA
"KPK","PESHAWAR","PESHAWAR","BADHBER","TEHSIL","BALTI",NA,NA,NA,NA,NA,NA,NA,NA,NA,NA,NA,NA
"KPK","PESHAWAR","PESHAWAR","BADHBER","TEHSIL","BRAHVI",NA,NA,NA,NA,NA,NA,NA,NA,NA,NA,NA,NA
"KPK","PESHAWAR","PESHAWAR","BADHBER","TEHSIL","HINDKO",30,19,11,NA,30,19,11,NA,NA,NA,NA,NA
"KPK","PESHAWAR","PESHAWAR","BADHBER","TEHSIL","KALASHA",NA,NA,NA,NA,NA,NA,NA,NA,NA,NA,NA,NA
"KPK","PESHAWAR","PESHAWAR","BADHBER","TEHSIL","KASHMIRI",10,3,7,NA,10,3,7,NA,NA,NA,NA,NA
"KPK","PESHAWAR","PESHAWAR","BADHBER","TEHSIL","KOHIOSTANI",2,1,1,NA,2,1,1,NA,NA,NA,NA,NA
"KPK","PESHAWAR","PESHAWAR","BADHBER","TEHSIL","MEWATI",NA,NA,NA,NA,NA,NA,NA,NA,NA,NA,NA,NA
"KPK","PESHAWAR","PESHAWAR","BADHBER","TEHSIL","OTHERS",156,56,100,NA,156,56,100,NA,NA,NA,NA,NA
"KPK","PESHAWAR","PESHAWAR","BADHBER","TEHSIL","PUNJABI",86,32,54,NA,86,32,54,NA,NA,NA,NA,NA
"KPK","PESHAWAR","PESHAWAR","BADHBER","TEHSIL","PUSHTO",438900,216421,222477,2,438900,216421,222477,2,NA,NA,NA,NA
"KPK","PESHAWAR","PESHAWAR","BADHBER","TEHSIL","SARAIKI",7,4,3,NA,7,4,3,NA,NA,NA,NA,NA
"KPK","PESHAWAR","PESHAWAR","BADHBER","TEHSIL","SHINA",NA,NA,NA,NA,NA,NA,NA,NA,NA,NA,NA,NA
"KPK","PESHAWAR","PESHAWAR","BADHBER","TEHSIL","SINDHI",117,58,59,NA,117,58,59,NA,NA,NA,NA,NA
"KPK","PESHAWAR","PESHAWAR","BADHBER","TEHSIL","TOTAL",439849,216871,222976,2,439849,216871,222976,2,NA,NA,NA,NA
"KPK","PESHAWAR","PESHAWAR","BADHBER","TEHSIL","URDU",207,102,105,NA,207,102,105,NA,NA,NA,NA,NA
"KPK","HAZARA","MANSEHRA","BAFFA PAKHAL","TEHSIL","BALOCHI",88,42,46,NA,70,35,35,NA,18,7,11,NA
"KPK","HAZARA","MANSEHRA","BAFFA PAKHAL","TEHSIL","BALTI",39,25,14,NA,38,24,14,NA,1,1,NA,NA
"KPK","HAZARA","MANSEHRA","BAFFA PAKHAL","TEHSIL","BRAHVI",73,33,40,NA,71,33,38,NA,2,NA,2,NA
"KPK","HAZARA","MANSEHRA","BAFFA PAKHAL","TEHSIL","HINDKO",213404,104090,109304,10,210627,102753,107865,9,2777,1337,1439,1
"KPK","HAZARA","MANSEHRA","BAFFA PAKHAL","TEHSIL","KALASHA",9,7,2,NA,9,7,2,NA,NA,NA,NA,NA
"KPK","HAZARA","MANSEHRA","BAFFA PAKHAL","TEHSIL","KASHMIRI",141,66,75,NA,141,66,75,NA,NA,NA,NA,NA
"KPK","HAZARA","MANSEHRA","BAFFA PAKHAL","TEHSIL","KOHIOSTANI",11364,5495,5869,NA,11296,5460,5836,NA,68,35,33,NA
"KPK","HAZARA","MANSEHRA","BAFFA PAKHAL","TEHSIL","MEWATI",1,1,NA,NA,1,1,NA,NA,NA,NA,NA,NA
"KPK","HAZARA","MANSEHRA","BAFFA PAKHAL","TEHSIL","OTHERS",92824,46024,46797,3,92769,46001,46765,3,55,23,32,NA
"KPK","HAZARA","MANSEHRA","BAFFA PAKHAL","TEHSIL","PUNJABI",420,220,200,NA,359,188,171,NA,61,32,29,NA
"KPK","HAZARA","MANSEHRA","BAFFA PAKHAL","TEHSIL","PUSHTO",128223,61934,66287,2,113787,54996,58790,1,14436,6938,7497,1
"KPK","HAZARA","MANSEHRA","BAFFA PAKHAL","TEHSIL","SARAIKI",55,31,24,NA,55,31,24,NA,NA,NA,NA,NA
"KPK","HAZARA","MANSEHRA","BAFFA PAKHAL","TEHSIL","SHINA",2397,1206,1191,NA,2397,1206,1191,NA,NA,NA,NA,NA
"KPK","HAZARA","MANSEHRA","BAFFA PAKHAL","TEHSIL","SINDHI",42,26,16,NA,38,25,13,NA,4,1,3,NA
"KPK","HAZARA","MANSEHRA","BAFFA PAKHAL","TEHSIL","TOTAL",455544,222562,232967,15,438043,214144,223886,13,17501,8418,9081,2
"KPK","HAZARA","MANSEHRA","BAFFA PAKHAL","TEHSIL","URDU",6464,3362,3102,NA,6385,3318,3067,NA,79,44,35,NA
"KPK","BANNU","BANNU","BAKKA KHEL","TEHSIL","BALOCHI",226,123,103,NA,226,123,103,NA,NA,NA,NA,NA
"KPK","BANNU","BANNU","BAKKA KHEL","TEHSIL","BALTI",NA,NA,NA,NA,NA,NA,NA,NA,NA,NA,NA,NA
"KPK","BANNU","BANNU","BAKKA KHEL","TEHSIL","BRAHVI",NA,NA,NA,NA,NA,NA,NA,NA,NA,NA,NA,NA
"KPK","BANNU","BANNU","BAKKA KHEL","TEHSIL","HINDKO",NA,NA,NA,NA,NA,NA,NA,NA,NA,NA,NA,NA
"KPK","BANNU","BANNU","BAKKA KHEL","TEHSIL","KALASHA",NA,NA,NA,NA,NA,NA,NA,NA,NA,NA,NA,NA
"KPK","BANNU","BANNU","BAKKA KHEL","TEHSIL","KASHMIRI",2,2,NA,NA,2,2,NA,NA,NA,NA,NA,NA
"KPK","BANNU","BANNU","BAKKA KHEL","TEHSIL","KOHIOSTANI",NA,NA,NA,NA,NA,NA,NA,NA,NA,NA,NA,NA
"KPK","BANNU","BANNU","BAKKA KHEL","TEHSIL","MEWATI",NA,NA,NA,NA,NA,NA,NA,NA,NA,NA,NA,NA
"KPK","BANNU","BANNU","BAKKA KHEL","TEHSIL","OTHERS",8,5,3,NA,8,5,3,NA,NA,NA,NA,NA
"KPK","BANNU","BANNU","BAKKA KHEL","TEHSIL","PUNJABI",13,10,3,NA,13,10,3,NA,NA,NA,NA,NA
"KPK","BANNU","BANNU","BAKKA KHEL","TEHSIL","PUSHTO",192401,92547,99854,NA,192401,92547,99854,NA,NA,NA,NA,NA
"KPK","BANNU","BANNU","BAKKA KHEL","TEHSIL","SARAIKI",NA,NA,NA,NA,NA,NA,NA,NA,NA,NA,NA,NA
"KPK","BANNU","BANNU","BAKKA KHEL","TEHSIL","SHINA",NA,NA,NA,NA,NA,NA,NA,NA,NA,NA,NA,NA
"KPK","BANNU","BANNU","BAKKA KHEL","TEHSIL","SINDHI",15,7,8,NA,15,7,8,NA,NA,NA,NA,NA
"KPK","BANNU","BANNU","BAKKA KHEL","TEHSIL","TOTAL",192732,92728,100004,NA,192732,92728,100004,NA,NA,NA,NA,NA
"KPK","BANNU","BANNU","BAKKA KHEL","TEHSIL","URDU",67,34,33,NA,67,34,33,NA,NA,NA,NA,NA
"KPK","HAZARA","MANSEHRA","BALAKOT","TEHSIL","BALOCHI",1,1,NA,NA,1,1,NA,NA,NA,NA,NA,NA
"KPK","HAZARA","MANSEHRA","BALAKOT","TEHSIL","BALTI",8,8,NA,NA,8,8,NA,NA,NA,NA,NA,NA
"KPK","HAZARA","MANSEHRA","BALAKOT","TEHSIL","BRAHVI",51,19,32,NA,51,19,32,NA,NA,NA,NA,NA
"KPK","HAZARA","MANSEHRA","BALAKOT","TEHSIL","HINDKO",238030,117170,120846,14,238030,117170,120846,14,NA,NA,NA,NA
"KPK","HAZARA","MANSEHRA","BALAKOT","TEHSIL","KALASHA",1,1,NA,NA,1,1,NA,NA,NA,NA,NA,NA
"KPK","HAZARA","MANSEHRA","BALAKOT","TEHSIL","KASHMIRI",73,39,34,NA,73,39,34,NA,NA,NA,NA,NA
"KPK","HAZARA","MANSEHRA","BALAKOT","TEHSIL","KOHIOSTANI",2142,1022,1120,NA,2142,1022,1120,NA,NA,NA,NA,NA
"KPK","HAZARA","MANSEHRA","BALAKOT","TEHSIL","MEWATI",NA,NA,NA,NA,NA,NA,NA,NA,NA,NA,NA,NA
"KPK","HAZARA","MANSEHRA","BALAKOT","TEHSIL","OTHERS",66750,33140,33610,NA,66750,33140,33610,NA,NA,NA,NA,NA
"KPK","HAZARA","MANSEHRA","BALAKOT","TEHSIL","PUNJABI",134,66,67,1,134,66,67,1,NA,NA,NA,NA
"KPK","HAZARA","MANSEHRA","BALAKOT","TEHSIL","PUSHTO",1937,980,955,2,1937,980,955,2,NA,NA,NA,NA
"KPK","HAZARA","MANSEHRA","BALAKOT","TEHSIL","SARAIKI",58,23,35,NA,58,23,35,NA,NA,NA,NA,NA
"KPK","HAZARA","MANSEHRA","BALAKOT","TEHSIL","SHINA",123,70,53,NA,123,70,53,NA,NA,NA,NA,NA
"KPK","HAZARA","MANSEHRA","BALAKOT","TEHSIL","SINDHI",4,NA,4,NA,4,NA,4,NA,NA,NA,NA,NA
"KPK","HAZARA","MANSEHRA","BALAKOT","TEHSIL","TOTAL",310164,152987,157160,17,310164,152987,157160,17,NA,NA,NA,NA
"KPK","HAZARA","MANSEHRA","BALAKOT","TEHSIL","URDU",852,448,404,NA,852,448,404,NA,NA,NA,NA,NA
"KPK","KOHAT","KARAK","BANDA DAUD SHAH","TEHSIL","BALOCHI",153,80,73,NA,153,80,73,NA,NA,NA,NA,NA
"KPK","KOHAT","KARAK","BANDA DAUD SHAH","TEHSIL","BALTI",NA,NA,NA,NA,NA,NA,NA,NA,NA,NA,NA,NA
"KPK","KOHAT","KARAK","BANDA DAUD SHAH","TEHSIL","BRAHVI",NA,NA,NA,NA,NA,NA,NA,NA,NA,NA,NA,NA
"KPK","KOHAT","KARAK","BANDA DAUD SHAH","TEHSIL","HINDKO",1,1,NA,NA,1,1,NA,NA,NA,NA,NA,NA
"KPK","KOHAT","KARAK","BANDA DAUD SHAH","TEHSIL","KALASHA",NA,NA,NA,NA,NA,NA,NA,NA,NA,NA,NA,NA
"KPK","KOHAT","KARAK","BANDA DAUD SHAH","TEHSIL","KASHMIRI",6,1,5,NA,6,1,5,NA,NA,NA,NA,NA
"KPK","KOHAT","KARAK","BANDA DAUD SHAH","TEHSIL","KOHIOSTANI",NA,NA,NA,NA,NA,NA,NA,NA,NA,NA,NA,NA
"KPK","KOHAT","KARAK","BANDA DAUD SHAH","TEHSIL","MEWATI",NA,NA,NA,NA,NA,NA,NA,NA,NA,NA,NA,NA
"KPK","KOHAT","KARAK","BANDA DAUD SHAH","TEHSIL","OTHERS",5,3,2,NA,5,3,2,NA,NA,NA,NA,NA
"KPK","KOHAT","KARAK","BANDA DAUD SHAH","TEHSIL","PUNJABI",9,8,1,NA,9,8,1,NA,NA,NA,NA,NA
"KPK","KOHAT","KARAK","BANDA DAUD SHAH","TEHSIL","PUSHTO",176885,87952,88932,1,176885,87952,88932,1,NA,NA,NA,NA
"KPK","KOHAT","KARAK","BANDA DAUD SHAH","TEHSIL","SARAIKI",10,4,6,NA,10,4,6,NA,NA,NA,NA,NA
"KPK","KOHAT","KARAK","BANDA DAUD SHAH","TEHSIL","SHINA",NA,NA,NA,NA,NA,NA,NA,NA,NA,NA,NA,NA
"KPK","KOHAT","KARAK","BANDA DAUD SHAH","TEHSIL","SINDHI",9,6,3,NA,9,6,3,NA,NA,NA,NA,NA
"KPK","KOHAT","KARAK","BANDA DAUD SHAH","TEHSIL","TOTAL",177136,88091,89044,1,177136,88091,89044,1,NA,NA,NA,NA
"KPK","KOHAT","KARAK","BANDA DAUD SHAH","TEHSIL","URDU",58,36,22,NA,58,36,22,NA,NA,NA,NA,NA
"KPK","HAZARA","LOWER KOHISTAN","BANKAND RANOLIA","TEHSIL","BALOCHI",17,6,11,NA,17,6,11,NA,NA,NA,NA,NA
"KPK","HAZARA","LOWER KOHISTAN","BANKAND RANOLIA","TEHSIL","BALTI",12,7,5,NA,12,7,5,NA,NA,NA,NA,NA
"KPK","HAZARA","LOWER KOHISTAN","BANKAND RANOLIA","TEHSIL","BRAHVI",NA,NA,NA,NA,NA,NA,NA,NA,NA,NA,NA,NA
"KPK","HAZARA","LOWER KOHISTAN","BANKAND RANOLIA","TEHSIL","HINDKO",2,1,1,NA,2,1,1,NA,NA,NA,NA,NA
"KPK","HAZARA","LOWER KOHISTAN","BANKAND RANOLIA","TEHSIL","KALASHA",14,9,5,NA,14,9,5,NA,NA,NA,NA,NA
"KPK","HAZARA","LOWER KOHISTAN","BANKAND RANOLIA","TEHSIL","KASHMIRI",4,1,3,NA,4,1,3,NA,NA,NA,NA,NA
"KPK","HAZARA","LOWER KOHISTAN","BANKAND RANOLIA","TEHSIL","KOHIOSTANI",155111,75177,79927,7,155111,75177,79927,7,NA,NA,NA,NA
"KPK","HAZARA","LOWER KOHISTAN","BANKAND RANOLIA","TEHSIL","MEWATI",NA,NA,NA,NA,NA,NA,NA,NA,NA,NA,NA,NA
"KPK","HAZARA","LOWER KOHISTAN","BANKAND RANOLIA","TEHSIL","OTHERS",1106,575,531,NA,1106,575,531,NA,NA,NA,NA,NA
"KPK","HAZARA","LOWER KOHISTAN","BANKAND RANOLIA","TEHSIL","PUNJABI",69,25,44,NA,69,25,44,NA,NA,NA,NA,NA
"KPK","HAZARA","LOWER KOHISTAN","BANKAND RANOLIA","TEHSIL","PUSHTO",16444,8035,8409,NA,16444,8035,8409,NA,NA,NA,NA,NA
"KPK","HAZARA","LOWER KOHISTAN","BANKAND RANOLIA","TEHSIL","SARAIKI",4,3,1,NA,4,3,1,NA,NA,NA,NA,NA
"KPK","HAZARA","LOWER KOHISTAN","BANKAND RANOLIA","TEHSIL","SHINA",17,13,4,NA,17,13,4,NA,NA,NA,NA,NA
"KPK","HAZARA","LOWER KOHISTAN","BANKAND RANOLIA","TEHSIL","SINDHI",13,8,5,NA,13,8,5,NA,NA,NA,NA,NA
"KPK","HAZARA","LOWER KOHISTAN","BANKAND RANOLIA","TEHSIL","TOTAL",177057,85709,91341,7,177057,85709,91341,7,NA,NA,NA,NA
"KPK","HAZARA","LOWER KOHISTAN","BANKAND RANOLIA","TEHSIL","URDU",4244,1849,2395,NA,4244,1849,2395,NA,NA,NA,NA,NA
"KPK","BANNU","BANNU","BANNU","TEHSIL","BALOCHI",580,291,289,NA,462,243,219,NA,118,48,70,NA
"KPK","BANNU","BANNU","BANNU","TEHSIL","BALTI",NA,NA,NA,NA,NA,NA,NA,NA,NA,NA,NA,NA
"KPK","BANNU","BANNU","BANNU","TEHSIL","BRAHVI",1,NA,1,NA,NA,NA,NA,NA,1,NA,1,NA
"KPK","BANNU","BANNU","BANNU","TEHSIL","HINDKO",163,73,90,NA,24,12,12,NA,139,61,78,NA
"KPK","BANNU","BANNU","BANNU","TEHSIL","KALASHA",NA,NA,NA,NA,NA,NA,NA,NA,NA,NA,NA,NA
"KPK","BANNU","BANNU","BANNU","TEHSIL","KASHMIRI",52,19,33,NA,12,6,6,NA,40,13,27,NA
"KPK","BANNU","BANNU","BANNU","TEHSIL","KOHIOSTANI",NA,NA,NA,NA,NA,NA,NA,NA,NA,NA,NA,NA
"KPK","BANNU","BANNU","BANNU","TEHSIL","MEWATI",NA,NA,NA,NA,NA,NA,NA,NA,NA,NA,NA,NA
"KPK","BANNU","BANNU","BANNU","TEHSIL","OTHERS",210,92,118,NA,183,80,103,NA,27,12,15,NA
"KPK","BANNU","BANNU","BANNU","TEHSIL","PUNJABI",4343,2047,2296,NA,694,318,376,NA,3649,1729,1920,NA
"KPK","BANNU","BANNU","BANNU","TEHSIL","PUSHTO",633874,306311,327546,17,591881,286940,304931,10,41993,19371,22615,7
"KPK","BANNU","BANNU","BANNU","TEHSIL","SARAIKI",1099,535,564,NA,529,271,258,NA,570,264,306,NA
"KPK","BANNU","BANNU","BANNU","TEHSIL","SHINA",6,3,3,NA,1,NA,1,NA,5,3,2,NA
"KPK","BANNU","BANNU","BANNU","TEHSIL","SINDHI",300,135,165,NA,94,55,39,NA,206,80,126,NA
"KPK","BANNU","BANNU","BANNU","TEHSIL","TOTAL",642835,310506,332312,17,594739,288335,306394,10,48096,22171,25918,7
"KPK","BANNU","BANNU","BANNU","TEHSIL","URDU",2207,1000,1207,NA,859,410,449,NA,1348,590,758,NA
"KPK","MALAKAND","BAJAUR","BAR CHAMER KAND","TEHSIL","BALOCHI",2,2,NA,NA,2,2,NA,NA,NA,NA,NA,NA
"KPK","MALAKAND","BAJAUR","BAR CHAMER KAND","TEHSIL","BALTI",NA,NA,NA,NA,NA,NA,NA,NA,NA,NA,NA,NA
"KPK","MALAKAND","BAJAUR","BAR CHAMER KAND","TEHSIL","BRAHVI",NA,NA,NA,NA,NA,NA,NA,NA,NA,NA,NA,NA
"KPK","MALAKAND","BAJAUR","BAR CHAMER KAND","TEHSIL","HINDKO",NA,NA,NA,NA,NA,NA,NA,NA,NA,NA,NA,NA
"KPK","MALAKAND","BAJAUR","BAR CHAMER KAND","TEHSIL","KALASHA",NA,NA,NA,NA,NA,NA,NA,NA,NA,NA,NA,NA
"KPK","MALAKAND","BAJAUR","BAR CHAMER KAND","TEHSIL","KASHMIRI",NA,NA,NA,NA,NA,NA,NA,NA,NA,NA,NA,NA
"KPK","MALAKAND","BAJAUR","BAR CHAMER KAND","TEHSIL","KOHIOSTANI",NA,NA,NA,NA,NA,NA,NA,NA,NA,NA,NA,NA
"KPK","MALAKAND","BAJAUR","BAR CHAMER KAND","TEHSIL","MEWATI",NA,NA,NA,NA,NA,NA,NA,NA,NA,NA,NA,NA
"KPK","MALAKAND","BAJAUR","BAR CHAMER KAND","TEHSIL","OTHERS",NA,NA,NA,NA,NA,NA,NA,NA,NA,NA,NA,NA
"KPK","MALAKAND","BAJAUR","BAR CHAMER KAND","TEHSIL","PUNJABI",NA,NA,NA,NA,NA,NA,NA,NA,NA,NA,NA,NA
"KPK","MALAKAND","BAJAUR","BAR CHAMER KAND","TEHSIL","PUSHTO",3571,1746,1824,1,3571,1746,1824,1,NA,NA,NA,NA
"KPK","MALAKAND","BAJAUR","BAR CHAMER KAND","TEHSIL","SARAIKI",NA,NA,NA,NA,NA,NA,NA,NA,NA,NA,NA,NA
"KPK","MALAKAND","BAJAUR","BAR CHAMER KAND","TEHSIL","SHINA",NA,NA,NA,NA,NA,NA,NA,NA,NA,NA,NA,NA
"KPK","MALAKAND","BAJAUR","BAR CHAMER KAND","TEHSIL","SINDHI",1,NA,1,NA,1,NA,1,NA,NA,NA,NA,NA
"KPK","MALAKAND","BAJAUR","BAR CHAMER KAND","TEHSIL","TOTAL",3574,1748,1825,1,3574,1748,1825,1,NA,NA,NA,NA
"KPK","MALAKAND","BAJAUR","BAR CHAMER KAND","TEHSIL","URDU",NA,NA,NA,NA,NA,NA,NA,NA,NA,NA,NA,NA
"KPK","PESHAWAR","KHYBER","BARA","TEHSIL","BALOCHI",467,223,244,NA,467,223,244,NA,NA,NA,NA,NA
"KPK","PESHAWAR","KHYBER","BARA","TEHSIL","BALTI",NA,NA,NA,NA,NA,NA,NA,NA,NA,NA,NA,NA
"KPK","PESHAWAR","KHYBER","BARA","TEHSIL","BRAHVI",NA,NA,NA,NA,NA,NA,NA,NA,NA,NA,NA,NA
"KPK","PESHAWAR","KHYBER","BARA","TEHSIL","HINDKO",9,3,6,NA,9,3,6,NA,NA,NA,NA,NA
"KPK","PESHAWAR","KHYBER","BARA","TEHSIL","KALASHA",NA,NA,NA,NA,NA,NA,NA,NA,NA,NA,NA,NA
"KPK","PESHAWAR","KHYBER","BARA","TEHSIL","KASHMIRI",4,2,2,NA,4,2,2,NA,NA,NA,NA,NA
"KPK","PESHAWAR","KHYBER","BARA","TEHSIL","KOHIOSTANI",NA,NA,NA,NA,NA,NA,NA,NA,NA,NA,NA,NA
"KPK","PESHAWAR","KHYBER","BARA","TEHSIL","MEWATI",NA,NA,NA,NA,NA,NA,NA,NA,NA,NA,NA,NA
"KPK","PESHAWAR","KHYBER","BARA","TEHSIL","OTHERS",29,15,13,1,29,15,13,1,NA,NA,NA,NA
"KPK","PESHAWAR","KHYBER","BARA","TEHSIL","PUNJABI",106,45,61,NA,106,45,61,NA,NA,NA,NA,NA
"KPK","PESHAWAR","KHYBER","BARA","TEHSIL","PUSHTO",547256,263536,283715,5,547256,263536,283715,5,NA,NA,NA,NA
"KPK","PESHAWAR","KHYBER","BARA","TEHSIL","SARAIKI",2,2,NA,NA,2,2,NA,NA,NA,NA,NA,NA
"KPK","PESHAWAR","KHYBER","BARA","TEHSIL","SHINA",1,NA,1,NA,1,NA,1,NA,NA,NA,NA,NA
"KPK","PESHAWAR","KHYBER","BARA","TEHSIL","SINDHI",55,20,35,NA,55,20,35,NA,NA,NA,NA,NA
"KPK","PESHAWAR","KHYBER","BARA","TEHSIL","TOTAL",548084,263921,284157,6,548084,263921,284157,6,NA,NA,NA,NA
"KPK","PESHAWAR","KHYBER","BARA","TEHSIL","URDU",155,75,80,NA,155,75,80,NA,NA,NA,NA,NA
"KPK","MALAKAND","BAJAUR","BARANG","TEHSIL","BALOCHI",69,35,34,NA,69,35,34,NA,NA,NA,NA,NA
"KPK","MALAKAND","BAJAUR","BARANG","TEHSIL","BALTI",NA,NA,NA,NA,NA,NA,NA,NA,NA,NA,NA,NA
"KPK","MALAKAND","BAJAUR","BARANG","TEHSIL","BRAHVI",NA,NA,NA,NA,NA,NA,NA,NA,NA,NA,NA,NA
"KPK","MALAKAND","BAJAUR","BARANG","TEHSIL","HINDKO",NA,NA,NA,NA,NA,NA,NA,NA,NA,NA,NA,NA
"KPK","MALAKAND","BAJAUR","BARANG","TEHSIL","KALASHA",NA,NA,NA,NA,NA,NA,NA,NA,NA,NA,NA,NA
"KPK","MALAKAND","BAJAUR","BARANG","TEHSIL","KASHMIRI",2,2,NA,NA,2,2,NA,NA,NA,NA,NA,NA
"KPK","MALAKAND","BAJAUR","BARANG","TEHSIL","KOHIOSTANI",NA,NA,NA,NA,NA,NA,NA,NA,NA,NA,NA,NA
"KPK","MALAKAND","BAJAUR","BARANG","TEHSIL","MEWATI",NA,NA,NA,NA,NA,NA,NA,NA,NA,NA,NA,NA
"KPK","MALAKAND","BAJAUR","BARANG","TEHSIL","OTHERS",45,23,22,NA,45,23,22,NA,NA,NA,NA,NA
"KPK","MALAKAND","BAJAUR","BARANG","TEHSIL","PUNJABI",2,1,1,NA,2,1,1,NA,NA,NA,NA,NA
"KPK","MALAKAND","BAJAUR","BARANG","TEHSIL","PUSHTO",89837,44854,44983,NA,89837,44854,44983,NA,NA,NA,NA,NA
"KPK","MALAKAND","BAJAUR","BARANG","TEHSIL","SARAIKI",NA,NA,NA,NA,NA,NA,NA,NA,NA,NA,NA,NA
"KPK","MALAKAND","BAJAUR","BARANG","TEHSIL","SHINA",NA,NA,NA,NA,NA,NA,NA,NA,NA,NA,NA,NA
"KPK","MALAKAND","BAJAUR","BARANG","TEHSIL","SINDHI",6,3,3,NA,6,3,3,NA,NA,NA,NA,NA
"KPK","MALAKAND","BAJAUR","BARANG","TEHSIL","TOTAL",89981,44928,45053,NA,89981,44928,45053,NA,NA,NA,NA,NA
"KPK","MALAKAND","BAJAUR","BARANG","TEHSIL","URDU",20,10,10,NA,20,10,10,NA,NA,NA,NA,NA
"KPK","MALAKAND","SWAT","BARIKOT","TEHSIL","BALOCHI",166,88,78,NA,105,60,45,NA,61,28,33,NA
"KPK","MALAKAND","SWAT","BARIKOT","TEHSIL","BALTI",6,2,4,NA,NA,NA,NA,NA,6,2,4,NA
"KPK","MALAKAND","SWAT","BARIKOT","TEHSIL","BRAHVI",NA,NA,NA,NA,NA,NA,NA,NA,NA,NA,NA,NA
"KPK","MALAKAND","SWAT","BARIKOT","TEHSIL","HINDKO",32,20,12,NA,1,NA,1,NA,31,20,11,NA
"KPK","MALAKAND","SWAT","BARIKOT","TEHSIL","KALASHA",NA,NA,NA,NA,NA,NA,NA,NA,NA,NA,NA,NA
"KPK","MALAKAND","SWAT","BARIKOT","TEHSIL","KASHMIRI",4,3,1,NA,NA,NA,NA,NA,4,3,1,NA
"KPK","MALAKAND","SWAT","BARIKOT","TEHSIL","KOHIOSTANI",220,105,115,NA,51,25,26,NA,169,80,89,NA
"KPK","MALAKAND","SWAT","BARIKOT","TEHSIL","MEWATI",NA,NA,NA,NA,NA,NA,NA,NA,NA,NA,NA,NA
"KPK","MALAKAND","SWAT","BARIKOT","TEHSIL","OTHERS",6051,3073,2978,NA,2616,1332,1284,NA,3435,1741,1694,NA
"KPK","MALAKAND","SWAT","BARIKOT","TEHSIL","PUNJABI",37,13,24,NA,17,6,11,NA,20,7,13,NA
"KPK","MALAKAND","SWAT","BARIKOT","TEHSIL","PUSHTO",213214,105897,107315,2,102236,49800,52436,NA,110978,56097,54879,2
"KPK","MALAKAND","SWAT","BARIKOT","TEHSIL","SARAIKI",12,1,11,NA,11,NA,11,NA,1,1,NA,NA
"KPK","MALAKAND","SWAT","BARIKOT","TEHSIL","SHINA",3,1,2,NA,NA,NA,NA,NA,3,1,2,NA
"KPK","MALAKAND","SWAT","BARIKOT","TEHSIL","SINDHI",21,12,9,NA,15,11,4,NA,6,1,5,NA
"KPK","MALAKAND","SWAT","BARIKOT","TEHSIL","TOTAL",219843,109253,110588,2,105103,51258,53845,NA,114740,57995,56743,2
"KPK","MALAKAND","SWAT","BARIKOT","TEHSIL","URDU",77,38,39,NA,51,24,27,NA,26,14,12,NA
"KPK","HAZARA","BATAGRAM","BATAGRAM","TEHSIL","BALOCHI",171,86,85,NA,171,86,85,NA,NA,NA,NA,NA
"KPK","HAZARA","BATAGRAM","BATAGRAM","TEHSIL","BALTI",NA,NA,NA,NA,NA,NA,NA,NA,NA,NA,NA,NA
"KPK","HAZARA","BATAGRAM","BATAGRAM","TEHSIL","BRAHVI",1,1,NA,NA,1,1,NA,NA,NA,NA,NA,NA
"KPK","HAZARA","BATAGRAM","BATAGRAM","TEHSIL","HINDKO",20142,9940,10202,NA,20142,9940,10202,NA,NA,NA,NA,NA
"KPK","HAZARA","BATAGRAM","BATAGRAM","TEHSIL","KALASHA",2,2,NA,NA,2,2,NA,NA,NA,NA,NA,NA
"KPK","HAZARA","BATAGRAM","BATAGRAM","TEHSIL","KASHMIRI",41,26,15,NA,41,26,15,NA,NA,NA,NA,NA
"KPK","HAZARA","BATAGRAM","BATAGRAM","TEHSIL","KOHIOSTANI",8824,4285,4538,1,8824,4285,4538,1,NA,NA,NA,NA
"KPK","HAZARA","BATAGRAM","BATAGRAM","TEHSIL","MEWATI",NA,NA,NA,NA,NA,NA,NA,NA,NA,NA,NA,NA
"KPK","HAZARA","BATAGRAM","BATAGRAM","TEHSIL","OTHERS",48503,24509,23993,1,48503,24509,23993,1,NA,NA,NA,NA
"KPK","HAZARA","BATAGRAM","BATAGRAM","TEHSIL","PUNJABI",37,21,16,NA,37,21,16,NA,NA,NA,NA,NA
"KPK","HAZARA","BATAGRAM","BATAGRAM","TEHSIL","PUSHTO",257676,127758,129915,3,257676,127758,129915,3,NA,NA,NA,NA
"KPK","HAZARA","BATAGRAM","BATAGRAM","TEHSIL","SARAIKI",2,2,NA,NA,2,2,NA,NA,NA,NA,NA,NA
"KPK","HAZARA","BATAGRAM","BATAGRAM","TEHSIL","SHINA",64,38,26,NA,64,38,26,NA,NA,NA,NA,NA
"KPK","HAZARA","BATAGRAM","BATAGRAM","TEHSIL","SINDHI",17,8,9,NA,17,8,9,NA,NA,NA,NA,NA
"KPK","HAZARA","BATAGRAM","BATAGRAM","TEHSIL","TOTAL",335719,166798,168916,5,335719,166798,168916,5,NA,NA,NA,NA
"KPK","HAZARA","BATAGRAM","BATAGRAM","TEHSIL","URDU",239,122,117,NA,239,122,117,NA,NA,NA,NA,NA
"KPK","HAZARA","KOLAI PALAS KOHISTAN","BATTAIRA","SUB-DIVISION","BALOCHI",10,4,6,NA,10,4,6,NA,NA,NA,NA,NA
"KPK","HAZARA","KOLAI PALAS KOHISTAN","BATTAIRA","SUB-DIVISION","BALTI",12,7,5,NA,12,7,5,NA,NA,NA,NA,NA
"KPK","HAZARA","KOLAI PALAS KOHISTAN","BATTAIRA","SUB-DIVISION","BRAHVI",1,1,NA,NA,1,1,NA,NA,NA,NA,NA,NA
"KPK","HAZARA","KOLAI PALAS KOHISTAN","BATTAIRA","SUB-DIVISION","HINDKO",14,7,7,NA,14,7,7,NA,NA,NA,NA,NA
"KPK","HAZARA","KOLAI PALAS KOHISTAN","BATTAIRA","SUB-DIVISION","KALASHA",12,6,6,NA,12,6,6,NA,NA,NA,NA,NA
"KPK","HAZARA","KOLAI PALAS KOHISTAN","BATTAIRA","SUB-DIVISION","KASHMIRI",18,12,6,NA,18,12,6,NA,NA,NA,NA,NA
"KPK","HAZARA","KOLAI PALAS KOHISTAN","BATTAIRA","SUB-DIVISION","KOHIOSTANI",108019,51090,56928,1,108019,51090,56928,1,NA,NA,NA,NA
"KPK","HAZARA","KOLAI PALAS KOHISTAN","BATTAIRA","SUB-DIVISION","MEWATI",2,1,1,NA,2,1,1,NA,NA,NA,NA,NA
"KPK","HAZARA","KOLAI PALAS KOHISTAN","BATTAIRA","SUB-DIVISION","OTHERS",9226,4644,4582,NA,9226,4644,4582,NA,NA,NA,NA,NA
"KPK","HAZARA","KOLAI PALAS KOHISTAN","BATTAIRA","SUB-DIVISION","PUNJABI",7,2,5,NA,7,2,5,NA,NA,NA,NA,NA
"KPK","HAZARA","KOLAI PALAS KOHISTAN","BATTAIRA","SUB-DIVISION","PUSHTO",5363,2743,2620,NA,5363,2743,2620,NA,NA,NA,NA,NA
"KPK","HAZARA","KOLAI PALAS KOHISTAN","BATTAIRA","SUB-DIVISION","SARAIKI",9,4,5,NA,9,4,5,NA,NA,NA,NA,NA
"KPK","HAZARA","KOLAI PALAS KOHISTAN","BATTAIRA","SUB-DIVISION","SHINA",16939,8767,8172,NA,16939,8767,8172,NA,NA,NA,NA,NA
"KPK","HAZARA","KOLAI PALAS KOHISTAN","BATTAIRA","SUB-DIVISION","SINDHI",4,2,2,NA,4,2,2,NA,NA,NA,NA,NA
"KPK","HAZARA","KOLAI PALAS KOHISTAN","BATTAIRA","SUB-DIVISION","TOTAL",139976,67466,72509,1,139976,67466,72509,1,NA,NA,NA,NA
"KPK","HAZARA","KOLAI PALAS KOHISTAN","BATTAIRA","SUB-DIVISION","URDU",340,176,164,NA,340,176,164,NA,NA,NA,NA,NA
"KPK","MALAKAND","SWAT","BEHRAIN","TEHSIL","BALOCHI",55,28,27,NA,13,7,6,NA,42,21,21,NA
"KPK","MALAKAND","SWAT","BEHRAIN","TEHSIL","BALTI",4,2,2,NA,4,2,2,NA,NA,NA,NA,NA
"KPK","MALAKAND","SWAT","BEHRAIN","TEHSIL","BRAHVI",NA,NA,NA,NA,NA,NA,NA,NA,NA,NA,NA,NA
"KPK","MALAKAND","SWAT","BEHRAIN","TEHSIL","HINDKO",2,2,NA,NA,2,2,NA,NA,NA,NA,NA,NA
"KPK","MALAKAND","SWAT","BEHRAIN","TEHSIL","KALASHA",9,6,3,NA,5,3,2,NA,4,3,1,NA
"KPK","MALAKAND","SWAT","BEHRAIN","TEHSIL","KASHMIRI",108,56,52,NA,107,56,51,NA,1,NA,1,NA
"KPK","MALAKAND","SWAT","BEHRAIN","TEHSIL","KOHIOSTANI",32154,15460,16694,NA,19786,9429,10357,NA,12368,6031,6337,NA
"KPK","MALAKAND","SWAT","BEHRAIN","TEHSIL","MEWATI",NA,NA,NA,NA,NA,NA,NA,NA,NA,NA,NA,NA
"KPK","MALAKAND","SWAT","BEHRAIN","TEHSIL","OTHERS",141119,67839,73276,4,127570,61120,66446,4,13549,6719,6830,NA
"KPK","MALAKAND","SWAT","BEHRAIN","TEHSIL","PUNJABI",30,17,13,NA,11,7,4,NA,19,10,9,NA
"KPK","MALAKAND","SWAT","BEHRAIN","TEHSIL","PUSHTO",96936,47659,49275,2,46229,22709,23520,NA,50707,24950,25755,2
"KPK","MALAKAND","SWAT","BEHRAIN","TEHSIL","SARAIKI",1,1,NA,NA,1,1,NA,NA,NA,NA,NA,NA
"KPK","MALAKAND","SWAT","BEHRAIN","TEHSIL","SHINA",41,25,16,NA,41,25,16,NA,NA,NA,NA,NA
"KPK","MALAKAND","SWAT","BEHRAIN","TEHSIL","SINDHI",13,10,3,NA,9,6,3,NA,4,4,NA,NA
"KPK","MALAKAND","SWAT","BEHRAIN","TEHSIL","TOTAL",270620,131182,139432,6,193895,93424,100467,4,76725,37758,38965,2
"KPK","MALAKAND","SWAT","BEHRAIN","TEHSIL","URDU",148,77,71,NA,117,57,60,NA,31,20,11,NA
"KPK","BANNU","LAKKI MARWAT","BETTANI","SUB-DIVISION","BALOCHI",46,26,20,NA,46,26,20,NA,NA,NA,NA,NA
"KPK","BANNU","LAKKI MARWAT","BETTANI","SUB-DIVISION","BALTI",NA,NA,NA,NA,NA,NA,NA,NA,NA,NA,NA,NA
"KPK","BANNU","LAKKI MARWAT","BETTANI","SUB-DIVISION","BRAHVI",NA,NA,NA,NA,NA,NA,NA,NA,NA,NA,NA,NA
"KPK","BANNU","LAKKI MARWAT","BETTANI","SUB-DIVISION","HINDKO",1,1,NA,NA,1,1,NA,NA,NA,NA,NA,NA
"KPK","BANNU","LAKKI MARWAT","BETTANI","SUB-DIVISION","KALASHA",1,1,NA,NA,1,1,NA,NA,NA,NA,NA,NA
"KPK","BANNU","LAKKI MARWAT","BETTANI","SUB-DIVISION","KASHMIRI",1,NA,1,NA,1,NA,1,NA,NA,NA,NA,NA
"KPK","BANNU","LAKKI MARWAT","BETTANI","SUB-DIVISION","KOHIOSTANI",NA,NA,NA,NA,NA,NA,NA,NA,NA,NA,NA,NA
"KPK","BANNU","LAKKI MARWAT","BETTANI","SUB-DIVISION","MEWATI",NA,NA,NA,NA,NA,NA,NA,NA,NA,NA,NA,NA
"KPK","BANNU","LAKKI MARWAT","BETTANI","SUB-DIVISION","OTHERS",NA,NA,NA,NA,NA,NA,NA,NA,NA,NA,NA,NA
"KPK","BANNU","LAKKI MARWAT","BETTANI","SUB-DIVISION","PUNJABI",NA,NA,NA,NA,NA,NA,NA,NA,NA,NA,NA,NA
"KPK","BANNU","LAKKI MARWAT","BETTANI","SUB-DIVISION","PUSHTO",35512,17249,18263,NA,35512,17249,18263,NA,NA,NA,NA,NA
"KPK","BANNU","LAKKI MARWAT","BETTANI","SUB-DIVISION","SARAIKI",NA,NA,NA,NA,NA,NA,NA,NA,NA,NA,NA,NA
"KPK","BANNU","LAKKI MARWAT","BETTANI","SUB-DIVISION","SHINA",NA,NA,NA,NA,NA,NA,NA,NA,NA,NA,NA,NA
"KPK","BANNU","LAKKI MARWAT","BETTANI","SUB-DIVISION","SINDHI",3,2,1,NA,3,2,1,NA,NA,NA,NA,NA
"KPK","BANNU","LAKKI MARWAT","BETTANI","SUB-DIVISION","TOTAL",35570,17280,18290,NA,35570,17280,18290,NA,NA,NA,NA,NA
"KPK","BANNU","LAKKI MARWAT","BETTANI","SUB-DIVISION","URDU",6,1,5,NA,6,1,5,NA,NA,NA,NA,NA
"KPK","DERA ISMAIL KHAN","SOUTH WAZIRISTAN","BIRMIL","TEHSIL","BALOCHI",70,41,29,NA,70,41,29,NA,NA,NA,NA,NA
"KPK","DERA ISMAIL KHAN","SOUTH WAZIRISTAN","BIRMIL","TEHSIL","BALTI",NA,NA,NA,NA,NA,NA,NA,NA,NA,NA,NA,NA
"KPK","DERA ISMAIL KHAN","SOUTH WAZIRISTAN","BIRMIL","TEHSIL","BRAHVI",NA,NA,NA,NA,NA,NA,NA,NA,NA,NA,NA,NA
"KPK","DERA ISMAIL KHAN","SOUTH WAZIRISTAN","BIRMIL","TEHSIL","HINDKO",1,NA,1,NA,1,NA,1,NA,NA,NA,NA,NA
"KPK","DERA ISMAIL KHAN","SOUTH WAZIRISTAN","BIRMIL","TEHSIL","KALASHA",NA,NA,NA,NA,NA,NA,NA,NA,NA,NA,NA,NA
"KPK","DERA ISMAIL KHAN","SOUTH WAZIRISTAN","BIRMIL","TEHSIL","KASHMIRI",2,1,1,NA,2,1,1,NA,NA,NA,NA,NA
"KPK","DERA ISMAIL KHAN","SOUTH WAZIRISTAN","BIRMIL","TEHSIL","KOHIOSTANI",NA,NA,NA,NA,NA,NA,NA,NA,NA,NA,NA,NA
"KPK","DERA ISMAIL KHAN","SOUTH WAZIRISTAN","BIRMIL","TEHSIL","MEWATI",NA,NA,NA,NA,NA,NA,NA,NA,NA,NA,NA,NA
"KPK","DERA ISMAIL KHAN","SOUTH WAZIRISTAN","BIRMIL","TEHSIL","OTHERS",5,3,2,NA,5,3,2,NA,NA,NA,NA,NA
"KPK","DERA ISMAIL KHAN","SOUTH WAZIRISTAN","BIRMIL","TEHSIL","PUNJABI",7,4,3,NA,7,4,3,NA,NA,NA,NA,NA
"KPK","DERA ISMAIL KHAN","SOUTH WAZIRISTAN","BIRMIL","TEHSIL","PUSHTO",112648,56306,56341,1,112648,56306,56341,1,NA,NA,NA,NA
"KPK","DERA ISMAIL KHAN","SOUTH WAZIRISTAN","BIRMIL","TEHSIL","SARAIKI",5,3,2,NA,5,3,2,NA,NA,NA,NA,NA
"KPK","DERA ISMAIL KHAN","SOUTH WAZIRISTAN","BIRMIL","TEHSIL","SHINA",NA,NA,NA,NA,NA,NA,NA,NA,NA,NA,NA,NA
"KPK","DERA ISMAIL KHAN","SOUTH WAZIRISTAN","BIRMIL","TEHSIL","SINDHI",13,6,7,NA,13,6,7,NA,NA,NA,NA,NA
"KPK","DERA ISMAIL KHAN","SOUTH WAZIRISTAN","BIRMIL","TEHSIL","TOTAL",112757,56368,56388,1,112757,56368,56388,1,NA,NA,NA,NA
"KPK","DERA ISMAIL KHAN","SOUTH WAZIRISTAN","BIRMIL","TEHSIL","URDU",6,4,2,NA,6,4,2,NA,NA,NA,NA,NA
"KPK","MALAKAND","SHANGLA","BISHAM","TEHSIL","BALOCHI",76,33,43,NA,76,33,43,NA,NA,NA,NA,NA
"KPK","MALAKAND","SHANGLA","BISHAM","TEHSIL","BALTI",8,5,3,NA,8,5,3,NA,NA,NA,NA,NA
"KPK","MALAKAND","SHANGLA","BISHAM","TEHSIL","BRAHVI",NA,NA,NA,NA,NA,NA,NA,NA,NA,NA,NA,NA
"KPK","MALAKAND","SHANGLA","BISHAM","TEHSIL","HINDKO",34,17,17,NA,34,17,17,NA,NA,NA,NA,NA
"KPK","MALAKAND","SHANGLA","BISHAM","TEHSIL","KALASHA",NA,NA,NA,NA,NA,NA,NA,NA,NA,NA,NA,NA
"KPK","MALAKAND","SHANGLA","BISHAM","TEHSIL","KASHMIRI",3,2,1,NA,3,2,1,NA,NA,NA,NA,NA
"KPK","MALAKAND","SHANGLA","BISHAM","TEHSIL","KOHIOSTANI",7836,3801,4035,NA,7836,3801,4035,NA,NA,NA,NA,NA
"KPK","MALAKAND","SHANGLA","BISHAM","TEHSIL","MEWATI",NA,NA,NA,NA,NA,NA,NA,NA,NA,NA,NA,NA
"KPK","MALAKAND","SHANGLA","BISHAM","TEHSIL","OTHERS",6334,3036,3298,NA,6334,3036,3298,NA,NA,NA,NA,NA
"KPK","MALAKAND","SHANGLA","BISHAM","TEHSIL","PUNJABI",16,7,9,NA,16,7,9,NA,NA,NA,NA,NA
"KPK","MALAKAND","SHANGLA","BISHAM","TEHSIL","PUSHTO",106805,52225,54579,1,106805,52225,54579,1,NA,NA,NA,NA
"KPK","MALAKAND","SHANGLA","BISHAM","TEHSIL","SARAIKI",NA,NA,NA,NA,NA,NA,NA,NA,NA,NA,NA,NA
"KPK","MALAKAND","SHANGLA","BISHAM","TEHSIL","SHINA",13,8,5,NA,13,8,5,NA,NA,NA,NA,NA
"KPK","MALAKAND","SHANGLA","BISHAM","TEHSIL","SINDHI",23,7,16,NA,23,7,16,NA,NA,NA,NA,NA
"KPK","MALAKAND","SHANGLA","BISHAM","TEHSIL","TOTAL",121252,59197,62054,1,121252,59197,62054,1,NA,NA,NA,NA
"KPK","MALAKAND","SHANGLA","BISHAM","TEHSIL","URDU",104,56,48,NA,104,56,48,NA,NA,NA,NA,NA
"KPK","KOHAT","ORAKZAI","CENTRAL","TEHSIL","BALOCHI",44,24,20,NA,44,24,20,NA,NA,NA,NA,NA
"KPK","KOHAT","ORAKZAI","CENTRAL","TEHSIL","BALTI",NA,NA,NA,NA,NA,NA,NA,NA,NA,NA,NA,NA
"KPK","KOHAT","ORAKZAI","CENTRAL","TEHSIL","BRAHVI",NA,NA,NA,NA,NA,NA,NA,NA,NA,NA,NA,NA
"KPK","KOHAT","ORAKZAI","CENTRAL","TEHSIL","HINDKO",NA,NA,NA,NA,NA,NA,NA,NA,NA,NA,NA,NA
"KPK","KOHAT","ORAKZAI","CENTRAL","TEHSIL","KALASHA",NA,NA,NA,NA,NA,NA,NA,NA,NA,NA,NA,NA
"KPK","KOHAT","ORAKZAI","CENTRAL","TEHSIL","KASHMIRI",NA,NA,NA,NA,NA,NA,NA,NA,NA,NA,NA,NA
"KPK","KOHAT","ORAKZAI","CENTRAL","TEHSIL","KOHIOSTANI",NA,NA,NA,NA,NA,NA,NA,NA,NA,NA,NA,NA
"KPK","KOHAT","ORAKZAI","CENTRAL","TEHSIL","MEWATI",NA,NA,NA,NA,NA,NA,NA,NA,NA,NA,NA,NA
"KPK","KOHAT","ORAKZAI","CENTRAL","TEHSIL","OTHERS",1,NA,1,NA,1,NA,1,NA,NA,NA,NA,NA
"KPK","KOHAT","ORAKZAI","CENTRAL","TEHSIL","PUNJABI",2,1,1,NA,2,1,1,NA,NA,NA,NA,NA
"KPK","KOHAT","ORAKZAI","CENTRAL","TEHSIL","PUSHTO",92740,43825,48913,2,92740,43825,48913,2,NA,NA,NA,NA
"KPK","KOHAT","ORAKZAI","CENTRAL","TEHSIL","SARAIKI",NA,NA,NA,NA,NA,NA,NA,NA,NA,NA,NA,NA
"KPK","KOHAT","ORAKZAI","CENTRAL","TEHSIL","SHINA",NA,NA,NA,NA,NA,NA,NA,NA,NA,NA,NA,NA
"KPK","KOHAT","ORAKZAI","CENTRAL","TEHSIL","SINDHI",2,NA,2,NA,2,NA,2,NA,NA,NA,NA,NA
"KPK","KOHAT","ORAKZAI","CENTRAL","TEHSIL","TOTAL",92819,43864,48953,2,92819,43864,48953,2,NA,NA,NA,NA
"KPK","KOHAT","ORAKZAI","CENTRAL","TEHSIL","URDU",30,14,16,NA,30,14,16,NA,NA,NA,NA,NA
"KPK","KOHAT","KURRAM","CENTRAL KURRAM F.R","TEHSIL","BALOCHI",346,194,152,NA,346,194,152,NA,NA,NA,NA,NA
"KPK","KOHAT","KURRAM","CENTRAL KURRAM F.R","TEHSIL","BALTI",NA,NA,NA,NA,NA,NA,NA,NA,NA,NA,NA,NA
"KPK","KOHAT","KURRAM","CENTRAL KURRAM F.R","TEHSIL","BRAHVI",NA,NA,NA,NA,NA,NA,NA,NA,NA,NA,NA,NA
"KPK","KOHAT","KURRAM","CENTRAL KURRAM F.R","TEHSIL","HINDKO",NA,NA,NA,NA,NA,NA,NA,NA,NA,NA,NA,NA
"KPK","KOHAT","KURRAM","CENTRAL KURRAM F.R","TEHSIL","KALASHA",NA,NA,NA,NA,NA,NA,NA,NA,NA,NA,NA,NA
"KPK","KOHAT","KURRAM","CENTRAL KURRAM F.R","TEHSIL","KASHMIRI",3,1,2,NA,3,1,2,NA,NA,NA,NA,NA
"KPK","KOHAT","KURRAM","CENTRAL KURRAM F.R","TEHSIL","KOHIOSTANI",NA,NA,NA,NA,NA,NA,NA,NA,NA,NA,NA,NA
"KPK","KOHAT","KURRAM","CENTRAL KURRAM F.R","TEHSIL","MEWATI",NA,NA,NA,NA,NA,NA,NA,NA,NA,NA,NA,NA
"KPK","KOHAT","KURRAM","CENTRAL KURRAM F.R","TEHSIL","OTHERS",12,5,7,NA,12,5,7,NA,NA,NA,NA,NA
"KPK","KOHAT","KURRAM","CENTRAL KURRAM F.R","TEHSIL","PUNJABI",13,5,8,NA,13,5,8,NA,NA,NA,NA,NA
"KPK","KOHAT","KURRAM","CENTRAL KURRAM F.R","TEHSIL","PUSHTO",358144,167940,190197,7,358144,167940,190197,7,NA,NA,NA,NA
"KPK","KOHAT","KURRAM","CENTRAL KURRAM F.R","TEHSIL","SARAIKI",NA,NA,NA,NA,NA,NA,NA,NA,NA,NA,NA,NA
"KPK","KOHAT","KURRAM","CENTRAL KURRAM F.R","TEHSIL","SHINA",NA,NA,NA,NA,NA,NA,NA,NA,NA,NA,NA,NA
"KPK","KOHAT","KURRAM","CENTRAL KURRAM F.R","TEHSIL","SINDHI",47,22,25,NA,47,22,25,NA,NA,NA,NA,NA
"KPK","KOHAT","KURRAM","CENTRAL KURRAM F.R","TEHSIL","TOTAL",358670,168210,190453,7,358670,168210,190453,7,NA,NA,NA,NA
"KPK","KOHAT","KURRAM","CENTRAL KURRAM F.R","TEHSIL","URDU",105,43,62,NA,105,43,62,NA,NA,NA,NA,NA
"KPK","MALAKAND","BUNER","CHAGHARZAI","TEHSIL","BALOCHI",120,58,62,NA,120,58,62,NA,NA,NA,NA,NA
"KPK","MALAKAND","BUNER","CHAGHARZAI","TEHSIL","BALTI",NA,NA,NA,NA,NA,NA,NA,NA,NA,NA,NA,NA
"KPK","MALAKAND","BUNER","CHAGHARZAI","TEHSIL","BRAHVI",NA,NA,NA,NA,NA,NA,NA,NA,NA,NA,NA,NA
"KPK","MALAKAND","BUNER","CHAGHARZAI","TEHSIL","HINDKO",836,420,415,1,836,420,415,1,NA,NA,NA,NA
"KPK","MALAKAND","BUNER","CHAGHARZAI","TEHSIL","KALASHA",NA,NA,NA,NA,NA,NA,NA,NA,NA,NA,NA,NA
"KPK","MALAKAND","BUNER","CHAGHARZAI","TEHSIL","KASHMIRI",2,NA,2,NA,2,NA,2,NA,NA,NA,NA,NA
"KPK","MALAKAND","BUNER","CHAGHARZAI","TEHSIL","KOHIOSTANI",7,5,2,NA,7,5,2,NA,NA,NA,NA,NA
"KPK","MALAKAND","BUNER","CHAGHARZAI","TEHSIL","MEWATI",NA,NA,NA,NA,NA,NA,NA,NA,NA,NA,NA,NA
"KPK","MALAKAND","BUNER","CHAGHARZAI","TEHSIL","OTHERS",50,30,20,NA,50,30,20,NA,NA,NA,NA,NA
"KPK","MALAKAND","BUNER","CHAGHARZAI","TEHSIL","PUNJABI",8,4,4,NA,8,4,4,NA,NA,NA,NA,NA
"KPK","MALAKAND","BUNER","CHAGHARZAI","TEHSIL","PUSHTO",124838,62476,62359,3,124838,62476,62359,3,NA,NA,NA,NA
"KPK","MALAKAND","BUNER","CHAGHARZAI","TEHSIL","SARAIKI",NA,NA,NA,NA,NA,NA,NA,NA,NA,NA,NA,NA
"KPK","MALAKAND","BUNER","CHAGHARZAI","TEHSIL","SHINA",NA,NA,NA,NA,NA,NA,NA,NA,NA,NA,NA,NA
"KPK","MALAKAND","BUNER","CHAGHARZAI","TEHSIL","SINDHI",12,9,3,NA,12,9,3,NA,NA,NA,NA,NA
"KPK","MALAKAND","BUNER","CHAGHARZAI","TEHSIL","TOTAL",125919,63029,62886,4,125919,63029,62886,4,NA,NA,NA,NA
"KPK","MALAKAND","BUNER","CHAGHARZAI","TEHSIL","URDU",46,27,19,NA,46,27,19,NA,NA,NA,NA,NA
"KPK","MALAKAND","SHANGLA","CHAKISAR","TEHSIL","BALOCHI",81,39,42,NA,81,39,42,NA,NA,NA,NA,NA
"KPK","MALAKAND","SHANGLA","CHAKISAR","TEHSIL","BALTI",NA,NA,NA,NA,NA,NA,NA,NA,NA,NA,NA,NA
"KPK","MALAKAND","SHANGLA","CHAKISAR","TEHSIL","BRAHVI",NA,NA,NA,NA,NA,NA,NA,NA,NA,NA,NA,NA
"KPK","MALAKAND","SHANGLA","CHAKISAR","TEHSIL","HINDKO",34,12,22,NA,34,12,22,NA,NA,NA,NA,NA
"KPK","MALAKAND","SHANGLA","CHAKISAR","TEHSIL","KALASHA",NA,NA,NA,NA,NA,NA,NA,NA,NA,NA,NA,NA
"KPK","MALAKAND","SHANGLA","CHAKISAR","TEHSIL","KASHMIRI",3,2,1,NA,3,2,1,NA,NA,NA,NA,NA
"KPK","MALAKAND","SHANGLA","CHAKISAR","TEHSIL","KOHIOSTANI",135,60,75,NA,135,60,75,NA,NA,NA,NA,NA
"KPK","MALAKAND","SHANGLA","CHAKISAR","TEHSIL","MEWATI",NA,NA,NA,NA,NA,NA,NA,NA,NA,NA,NA,NA
"KPK","MALAKAND","SHANGLA","CHAKISAR","TEHSIL","OTHERS",12915,6646,6269,NA,12915,6646,6269,NA,NA,NA,NA,NA
"KPK","MALAKAND","SHANGLA","CHAKISAR","TEHSIL","PUNJABI",8,1,7,NA,8,1,7,NA,NA,NA,NA,NA
"KPK","MALAKAND","SHANGLA","CHAKISAR","TEHSIL","PUSHTO",114746,56001,58744,1,114746,56001,58744,1,NA,NA,NA,NA
"KPK","MALAKAND","SHANGLA","CHAKISAR","TEHSIL","SARAIKI",2,1,1,NA,2,1,1,NA,NA,NA,NA,NA
"KPK","MALAKAND","SHANGLA","CHAKISAR","TEHSIL","SHINA",6,3,3,NA,6,3,3,NA,NA,NA,NA,NA
"KPK","MALAKAND","SHANGLA","CHAKISAR","TEHSIL","SINDHI",28,15,13,NA,28,15,13,NA,NA,NA,NA,NA
"KPK","MALAKAND","SHANGLA","CHAKISAR","TEHSIL","TOTAL",127993,62796,65196,1,127993,62796,65196,1,NA,NA,NA,NA
"KPK","MALAKAND","SHANGLA","CHAKISAR","TEHSIL","URDU",35,16,19,NA,35,16,19,NA,NA,NA,NA,NA
"KPK","PESHAWAR","PESHAWAR","CHAM KANI","TEHSIL","BALOCHI",760,391,369,NA,760,391,369,NA,NA,NA,NA,NA
"KPK","PESHAWAR","PESHAWAR","CHAM KANI","TEHSIL","BALTI",1,NA,1,NA,1,NA,1,NA,NA,NA,NA,NA
"KPK","PESHAWAR","PESHAWAR","CHAM KANI","TEHSIL","BRAHVI",16,10,6,NA,16,10,6,NA,NA,NA,NA,NA
"KPK","PESHAWAR","PESHAWAR","CHAM KANI","TEHSIL","HINDKO",59586,29323,30263,NA,59586,29323,30263,NA,NA,NA,NA,NA
"KPK","PESHAWAR","PESHAWAR","CHAM KANI","TEHSIL","KALASHA",27,13,14,NA,27,13,14,NA,NA,NA,NA,NA
"KPK","PESHAWAR","PESHAWAR","CHAM KANI","TEHSIL","KASHMIRI",9,6,3,NA,9,6,3,NA,NA,NA,NA,NA
"KPK","PESHAWAR","PESHAWAR","CHAM KANI","TEHSIL","KOHIOSTANI",211,101,110,NA,211,101,110,NA,NA,NA,NA,NA
"KPK","PESHAWAR","PESHAWAR","CHAM KANI","TEHSIL","MEWATI",NA,NA,NA,NA,NA,NA,NA,NA,NA,NA,NA,NA
"KPK","PESHAWAR","PESHAWAR","CHAM KANI","TEHSIL","OTHERS",1191,543,647,1,1191,543,647,1,NA,NA,NA,NA
"KPK","PESHAWAR","PESHAWAR","CHAM KANI","TEHSIL","PUNJABI",1435,706,729,NA,1435,706,729,NA,NA,NA,NA,NA
"KPK","PESHAWAR","PESHAWAR","CHAM KANI","TEHSIL","PUSHTO",555960,274879,281070,11,555960,274879,281070,11,NA,NA,NA,NA
"KPK","PESHAWAR","PESHAWAR","CHAM KANI","TEHSIL","SARAIKI",137,74,63,NA,137,74,63,NA,NA,NA,NA,NA
"KPK","PESHAWAR","PESHAWAR","CHAM KANI","TEHSIL","SHINA",28,16,12,NA,28,16,12,NA,NA,NA,NA,NA
"KPK","PESHAWAR","PESHAWAR","CHAM KANI","TEHSIL","SINDHI",133,72,61,NA,133,72,61,NA,NA,NA,NA,NA
"KPK","PESHAWAR","PESHAWAR","CHAM KANI","TEHSIL","TOTAL",624354,308654,315688,12,624354,308654,315688,12,NA,NA,NA,NA
"KPK","PESHAWAR","PESHAWAR","CHAM KANI","TEHSIL","URDU",4860,2520,2340,NA,4860,2520,2340,NA,NA,NA,NA,NA
"KPK","MALAKAND","SWAT","CHARBAGH","TEHSIL","BALOCHI",95,57,38,NA,95,57,38,NA,NA,NA,NA,NA
"KPK","MALAKAND","SWAT","CHARBAGH","TEHSIL","BALTI",NA,NA,NA,NA,NA,NA,NA,NA,NA,NA,NA,NA
"KPK","MALAKAND","SWAT","CHARBAGH","TEHSIL","BRAHVI",1,NA,1,NA,1,NA,1,NA,NA,NA,NA,NA
"KPK","MALAKAND","SWAT","CHARBAGH","TEHSIL","HINDKO",10,6,4,NA,10,6,4,NA,NA,NA,NA,NA
"KPK","MALAKAND","SWAT","CHARBAGH","TEHSIL","KALASHA",NA,NA,NA,NA,NA,NA,NA,NA,NA,NA,NA,NA
"KPK","MALAKAND","SWAT","CHARBAGH","TEHSIL","KASHMIRI",12,5,7,NA,12,5,7,NA,NA,NA,NA,NA
"KPK","MALAKAND","SWAT","CHARBAGH","TEHSIL","KOHIOSTANI",902,418,484,NA,902,418,484,NA,NA,NA,NA,NA
"KPK","MALAKAND","SWAT","CHARBAGH","TEHSIL","MEWATI",NA,NA,NA,NA,NA,NA,NA,NA,NA,NA,NA,NA
"KPK","MALAKAND","SWAT","CHARBAGH","TEHSIL","OTHERS",137,69,68,NA,137,69,68,NA,NA,NA,NA,NA
"KPK","MALAKAND","SWAT","CHARBAGH","TEHSIL","PUNJABI",43,10,33,NA,43,10,33,NA,NA,NA,NA,NA
"KPK","MALAKAND","SWAT","CHARBAGH","TEHSIL","PUSHTO",157932,76496,81435,1,157932,76496,81435,1,NA,NA,NA,NA
"KPK","MALAKAND","SWAT","CHARBAGH","TEHSIL","SARAIKI",NA,NA,NA,NA,NA,NA,NA,NA,NA,NA,NA,NA
"KPK","MALAKAND","SWAT","CHARBAGH","TEHSIL","SHINA",32,18,14,NA,32,18,14,NA,NA,NA,NA,NA
"KPK","MALAKAND","SWAT","CHARBAGH","TEHSIL","SINDHI",17,7,10,NA,17,7,10,NA,NA,NA,NA,NA
"KPK","MALAKAND","SWAT","CHARBAGH","TEHSIL","TOTAL",159269,77125,82143,1,159269,77125,82143,1,NA,NA,NA,NA
"KPK","MALAKAND","SWAT","CHARBAGH","TEHSIL","URDU",88,39,49,NA,88,39,49,NA,NA,NA,NA,NA
"KPK","PESHAWAR","CHARSADDA","CHARSADDA","TEHSIL","BALOCHI",737,384,353,NA,640,335,305,NA,97,49,48,NA
"KPK","PESHAWAR","CHARSADDA","CHARSADDA","TEHSIL","BALTI",1,1,NA,NA,1,1,NA,NA,NA,NA,NA,NA
"KPK","PESHAWAR","CHARSADDA","CHARSADDA","TEHSIL","BRAHVI",NA,NA,NA,NA,NA,NA,NA,NA,NA,NA,NA,NA
"KPK","PESHAWAR","CHARSADDA","CHARSADDA","TEHSIL","HINDKO",224,119,105,NA,190,96,94,NA,34,23,11,NA
"KPK","PESHAWAR","CHARSADDA","CHARSADDA","TEHSIL","KALASHA",9,6,3,NA,2,2,NA,NA,7,4,3,NA
"KPK","PESHAWAR","CHARSADDA","CHARSADDA","TEHSIL","KASHMIRI",17,9,8,NA,9,3,6,NA,8,6,2,NA
"KPK","PESHAWAR","CHARSADDA","CHARSADDA","TEHSIL","KOHIOSTANI",393,176,217,NA,212,108,104,NA,181,68,113,NA
"KPK","PESHAWAR","CHARSADDA","CHARSADDA","TEHSIL","MEWATI",NA,NA,NA,NA,NA,NA,NA,NA,NA,NA,NA,NA
"KPK","PESHAWAR","CHARSADDA","CHARSADDA","TEHSIL","OTHERS",1167,578,589,NA,1076,533,543,NA,91,45,46,NA
"KPK","PESHAWAR","CHARSADDA","CHARSADDA","TEHSIL","PUNJABI",173,83,90,NA,59,25,34,NA,114,58,56,NA
"KPK","PESHAWAR","CHARSADDA","CHARSADDA","TEHSIL","PUSHTO",905883,433962,471913,8,752517,359879,392632,6,153366,74083,79281,2
"KPK","PESHAWAR","CHARSADDA","CHARSADDA","TEHSIL","SARAIKI",25,15,10,NA,5,3,2,NA,20,12,8,NA
"KPK","PESHAWAR","CHARSADDA","CHARSADDA","TEHSIL","SHINA",7,3,4,NA,1,1,NA,NA,6,2,4,NA
"KPK","PESHAWAR","CHARSADDA","CHARSADDA","TEHSIL","SINDHI",72,34,38,NA,59,28,31,NA,13,6,7,NA
"KPK","PESHAWAR","CHARSADDA","CHARSADDA","TEHSIL","TOTAL",909438,435727,473703,8,755011,361145,393860,6,154427,74582,79843,2
"KPK","PESHAWAR","CHARSADDA","CHARSADDA","TEHSIL","URDU",730,357,373,NA,240,131,109,NA,490,226,264,NA
"KPK","MALAKAND","LOWER CHITRAL","CHITRAL","SUB-DIVISION","BALOCHI",7,3,4,NA,4,1,3,NA,3,2,1,NA
"KPK","MALAKAND","LOWER CHITRAL","CHITRAL","SUB-DIVISION","BALTI",1,1,NA,NA,1,1,NA,NA,NA,NA,NA,NA
"KPK","MALAKAND","LOWER CHITRAL","CHITRAL","SUB-DIVISION","BRAHVI",NA,NA,NA,NA,NA,NA,NA,NA,NA,NA,NA,NA
"KPK","MALAKAND","LOWER CHITRAL","CHITRAL","SUB-DIVISION","HINDKO",42,27,15,NA,NA,NA,NA,NA,42,27,15,NA
"KPK","MALAKAND","LOWER CHITRAL","CHITRAL","SUB-DIVISION","KALASHA",3243,1564,1679,NA,3192,1536,1656,NA,51,28,23,NA
"KPK","MALAKAND","LOWER CHITRAL","CHITRAL","SUB-DIVISION","KASHMIRI",5,2,3,NA,3,2,1,NA,2,NA,2,NA
"KPK","MALAKAND","LOWER CHITRAL","CHITRAL","SUB-DIVISION","KOHIOSTANI",28,13,15,NA,10,5,5,NA,18,8,10,NA
"KPK","MALAKAND","LOWER CHITRAL","CHITRAL","SUB-DIVISION","MEWATI",1,NA,1,NA,NA,NA,NA,NA,1,NA,1,NA
"KPK","MALAKAND","LOWER CHITRAL","CHITRAL","SUB-DIVISION","OTHERS",198508,97330,101178,NA,146284,71851,74433,NA,52224,25479,26745,NA
"KPK","MALAKAND","LOWER CHITRAL","CHITRAL","SUB-DIVISION","PUNJABI",112,52,60,NA,9,6,3,NA,103,46,57,NA
"KPK","MALAKAND","LOWER CHITRAL","CHITRAL","SUB-DIVISION","PUSHTO",5139,2454,2685,NA,2203,1092,1111,NA,2936,1362,1574,NA
"KPK","MALAKAND","LOWER CHITRAL","CHITRAL","SUB-DIVISION","SARAIKI",4,4,NA,NA,3,3,NA,NA,1,1,NA,NA
"KPK","MALAKAND","LOWER CHITRAL","CHITRAL","SUB-DIVISION","SHINA",52,30,22,NA,39,25,14,NA,13,5,8,NA
"KPK","MALAKAND","LOWER CHITRAL","CHITRAL","SUB-DIVISION","SINDHI",3,2,1,NA,1,NA,1,NA,2,2,NA,NA
"KPK","MALAKAND","LOWER CHITRAL","CHITRAL","SUB-DIVISION","TOTAL",209301,102545,106756,NA,153777,75519,78258,NA,55524,27026,28498,NA
"KPK","MALAKAND","LOWER CHITRAL","CHITRAL","SUB-DIVISION","URDU",2156,1063,1093,NA,2028,997,1031,NA,128,66,62,NA
"KPK","MALAKAND","BUNER","DAGGAR","TEHSIL","BALOCHI",111,73,38,NA,111,73,38,NA,NA,NA,NA,NA
"KPK","MALAKAND","BUNER","DAGGAR","TEHSIL","BALTI",NA,NA,NA,NA,NA,NA,NA,NA,NA,NA,NA,NA
"KPK","MALAKAND","BUNER","DAGGAR","TEHSIL","BRAHVI",NA,NA,NA,NA,NA,NA,NA,NA,NA,NA,NA,NA
"KPK","MALAKAND","BUNER","DAGGAR","TEHSIL","HINDKO",1393,725,668,NA,1393,725,668,NA,NA,NA,NA,NA
"KPK","MALAKAND","BUNER","DAGGAR","TEHSIL","KALASHA",NA,NA,NA,NA,NA,NA,NA,NA,NA,NA,NA,NA
"KPK","MALAKAND","BUNER","DAGGAR","TEHSIL","KASHMIRI",NA,NA,NA,NA,NA,NA,NA,NA,NA,NA,NA,NA
"KPK","MALAKAND","BUNER","DAGGAR","TEHSIL","KOHIOSTANI",334,164,170,NA,334,164,170,NA,NA,NA,NA,NA
"KPK","MALAKAND","BUNER","DAGGAR","TEHSIL","MEWATI",NA,NA,NA,NA,NA,NA,NA,NA,NA,NA,NA,NA
"KPK","MALAKAND","BUNER","DAGGAR","TEHSIL","OTHERS",4938,2432,2506,NA,4938,2432,2506,NA,NA,NA,NA,NA
"KPK","MALAKAND","BUNER","DAGGAR","TEHSIL","PUNJABI",36,16,20,NA,36,16,20,NA,NA,NA,NA,NA
"KPK","MALAKAND","BUNER","DAGGAR","TEHSIL","PUSHTO",185850,93867,91982,1,185850,93867,91982,1,NA,NA,NA,NA
"KPK","MALAKAND","BUNER","DAGGAR","TEHSIL","SARAIKI",9,2,7,NA,9,2,7,NA,NA,NA,NA,NA
"KPK","MALAKAND","BUNER","DAGGAR","TEHSIL","SHINA",NA,NA,NA,NA,NA,NA,NA,NA,NA,NA,NA,NA
"KPK","MALAKAND","BUNER","DAGGAR","TEHSIL","SINDHI",9,8,1,NA,9,8,1,NA,NA,NA,NA,NA
"KPK","MALAKAND","BUNER","DAGGAR","TEHSIL","TOTAL",192749,97324,95424,1,192749,97324,95424,1,NA,NA,NA,NA
"KPK","MALAKAND","BUNER","DAGGAR","TEHSIL","URDU",69,37,32,NA,69,37,32,NA,NA,NA,NA,NA
"KPK","DERA ISMAIL KHAN","DERA ISMAIL KHAN","DARABAN","TEHSIL","BALOCHI",67,31,36,NA,67,31,36,NA,NA,NA,NA,NA
"KPK","DERA ISMAIL KHAN","DERA ISMAIL KHAN","DARABAN","TEHSIL","BALTI",NA,NA,NA,NA,NA,NA,NA,NA,NA,NA,NA,NA
"KPK","DERA ISMAIL KHAN","DERA ISMAIL KHAN","DARABAN","TEHSIL","BRAHVI",NA,NA,NA,NA,NA,NA,NA,NA,NA,NA,NA,NA
"KPK","DERA ISMAIL KHAN","DERA ISMAIL KHAN","DARABAN","TEHSIL","HINDKO",5,4,1,NA,5,4,1,NA,NA,NA,NA,NA
"KPK","DERA ISMAIL KHAN","DERA ISMAIL KHAN","DARABAN","TEHSIL","KALASHA",NA,NA,NA,NA,NA,NA,NA,NA,NA,NA,NA,NA
"KPK","DERA ISMAIL KHAN","DERA ISMAIL KHAN","DARABAN","TEHSIL","KASHMIRI",18,8,10,NA,18,8,10,NA,NA,NA,NA,NA
"KPK","DERA ISMAIL KHAN","DERA ISMAIL KHAN","DARABAN","TEHSIL","KOHIOSTANI",NA,NA,NA,NA,NA,NA,NA,NA,NA,NA,NA,NA
"KPK","DERA ISMAIL KHAN","DERA ISMAIL KHAN","DARABAN","TEHSIL","MEWATI",NA,NA,NA,NA,NA,NA,NA,NA,NA,NA,NA,NA
"KPK","DERA ISMAIL KHAN","DERA ISMAIL KHAN","DARABAN","TEHSIL","OTHERS",1,1,NA,NA,1,1,NA,NA,NA,NA,NA,NA
"KPK","DERA ISMAIL KHAN","DERA ISMAIL KHAN","DARABAN","TEHSIL","PUNJABI",3,1,2,NA,3,1,2,NA,NA,NA,NA,NA
"KPK","DERA ISMAIL KHAN","DERA ISMAIL KHAN","DARABAN","TEHSIL","PUSHTO",31565,14518,17047,NA,31565,14518,17047,NA,NA,NA,NA,NA
"KPK","DERA ISMAIL KHAN","DERA ISMAIL KHAN","DARABAN","TEHSIL","SARAIKI",117730,55677,62052,1,117730,55677,62052,1,NA,NA,NA,NA
"KPK","DERA ISMAIL KHAN","DERA ISMAIL KHAN","DARABAN","TEHSIL","SHINA",NA,NA,NA,NA,NA,NA,NA,NA,NA,NA,NA,NA
"KPK","DERA ISMAIL KHAN","DERA ISMAIL KHAN","DARABAN","TEHSIL","SINDHI",2,NA,2,NA,2,NA,2,NA,NA,NA,NA,NA
"KPK","DERA ISMAIL KHAN","DERA ISMAIL KHAN","DARABAN","TEHSIL","TOTAL",149447,70275,79171,1,149447,70275,79171,1,NA,NA,NA,NA
"KPK","DERA ISMAIL KHAN","DERA ISMAIL KHAN","DARABAN","TEHSIL","URDU",56,35,21,NA,56,35,21,NA,NA,NA,NA,NA
"KPK","HAZARA","MANSEHRA","DARBAND","TEHSIL","BALOCHI",1,NA,1,NA,1,NA,1,NA,NA,NA,NA,NA
"KPK","HAZARA","MANSEHRA","DARBAND","TEHSIL","BALTI",NA,NA,NA,NA,NA,NA,NA,NA,NA,NA,NA,NA
"KPK","HAZARA","MANSEHRA","DARBAND","TEHSIL","BRAHVI",7,4,3,NA,7,4,3,NA,NA,NA,NA,NA
"KPK","HAZARA","MANSEHRA","DARBAND","TEHSIL","HINDKO",44257,22950,21306,1,44257,22950,21306,1,NA,NA,NA,NA
"KPK","HAZARA","MANSEHRA","DARBAND","TEHSIL","KALASHA",NA,NA,NA,NA,NA,NA,NA,NA,NA,NA,NA,NA
"KPK","HAZARA","MANSEHRA","DARBAND","TEHSIL","KASHMIRI",11,3,8,NA,11,3,8,NA,NA,NA,NA,NA
"KPK","HAZARA","MANSEHRA","DARBAND","TEHSIL","KOHIOSTANI",96,51,45,NA,96,51,45,NA,NA,NA,NA,NA
"KPK","HAZARA","MANSEHRA","DARBAND","TEHSIL","MEWATI",NA,NA,NA,NA,NA,NA,NA,NA,NA,NA,NA,NA
"KPK","HAZARA","MANSEHRA","DARBAND","TEHSIL","OTHERS",218,107,111,NA,218,107,111,NA,NA,NA,NA,NA
"KPK","HAZARA","MANSEHRA","DARBAND","TEHSIL","PUNJABI",20,14,6,NA,20,14,6,NA,NA,NA,NA,NA
"KPK","HAZARA","MANSEHRA","DARBAND","TEHSIL","PUSHTO",6985,3532,3453,NA,6985,3532,3453,NA,NA,NA,NA,NA
"KPK","HAZARA","MANSEHRA","DARBAND","TEHSIL","SARAIKI",15,6,9,NA,15,6,9,NA,NA,NA,NA,NA
"KPK","HAZARA","MANSEHRA","DARBAND","TEHSIL","SHINA",29,13,16,NA,29,13,16,NA,NA,NA,NA,NA
"KPK","HAZARA","MANSEHRA","DARBAND","TEHSIL","SINDHI",NA,NA,NA,NA,NA,NA,NA,NA,NA,NA,NA,NA
"KPK","HAZARA","MANSEHRA","DARBAND","TEHSIL","TOTAL",51702,26712,24989,1,51702,26712,24989,1,NA,NA,NA,NA
"KPK","HAZARA","MANSEHRA","DARBAND","TEHSIL","URDU",63,32,31,NA,63,32,31,NA,NA,NA,NA,NA
"KPK","KOHAT","KOHAT","DARRA ADAM KHEL","SUB-DIVISION","BALOCHI",106,54,52,NA,106,54,52,NA,NA,NA,NA,NA
"KPK","KOHAT","KOHAT","DARRA ADAM KHEL","SUB-DIVISION","BALTI",NA,NA,NA,NA,NA,NA,NA,NA,NA,NA,NA,NA
"KPK","KOHAT","KOHAT","DARRA ADAM KHEL","SUB-DIVISION","BRAHVI",NA,NA,NA,NA,NA,NA,NA,NA,NA,NA,NA,NA
"KPK","KOHAT","KOHAT","DARRA ADAM KHEL","SUB-DIVISION","HINDKO",44,25,19,NA,44,25,19,NA,NA,NA,NA,NA
"KPK","KOHAT","KOHAT","DARRA ADAM KHEL","SUB-DIVISION","KALASHA",NA,NA,NA,NA,NA,NA,NA,NA,NA,NA,NA,NA
"KPK","KOHAT","KOHAT","DARRA ADAM KHEL","SUB-DIVISION","KASHMIRI",16,7,9,NA,16,7,9,NA,NA,NA,NA,NA
"KPK","KOHAT","KOHAT","DARRA ADAM KHEL","SUB-DIVISION","KOHIOSTANI",11,5,6,NA,11,5,6,NA,NA,NA,NA,NA
"KPK","KOHAT","KOHAT","DARRA ADAM KHEL","SUB-DIVISION","MEWATI",NA,NA,NA,NA,NA,NA,NA,NA,NA,NA,NA,NA
"KPK","KOHAT","KOHAT","DARRA ADAM KHEL","SUB-DIVISION","OTHERS",1,1,NA,NA,1,1,NA,NA,NA,NA,NA,NA
"KPK","KOHAT","KOHAT","DARRA ADAM KHEL","SUB-DIVISION","PUNJABI",56,26,30,NA,56,26,30,NA,NA,NA,NA,NA
"KPK","KOHAT","KOHAT","DARRA ADAM KHEL","SUB-DIVISION","PUSHTO",139515,69016,70499,NA,139515,69016,70499,NA,NA,NA,NA,NA
"KPK","KOHAT","KOHAT","DARRA ADAM KHEL","SUB-DIVISION","SARAIKI",5,2,3,NA,5,2,3,NA,NA,NA,NA,NA
"KPK","KOHAT","KOHAT","DARRA ADAM KHEL","SUB-DIVISION","SHINA",NA,NA,NA,NA,NA,NA,NA,NA,NA,NA,NA,NA
"KPK","KOHAT","KOHAT","DARRA ADAM KHEL","SUB-DIVISION","SINDHI",11,5,6,NA,11,5,6,NA,NA,NA,NA,NA
"KPK","KOHAT","KOHAT","DARRA ADAM KHEL","SUB-DIVISION","TOTAL",139839,69172,70667,NA,139839,69172,70667,NA,NA,NA,NA,NA
"KPK","KOHAT","KOHAT","DARRA ADAM KHEL","SUB-DIVISION","URDU",74,31,43,NA,74,31,43,NA,NA,NA,NA,NA
"KPK","HAZARA","UPPER KOHISTAN","DASSU","SUB-DIVISION","BALOCHI",NA,NA,NA,NA,NA,NA,NA,NA,NA,NA,NA,NA
"KPK","HAZARA","UPPER KOHISTAN","DASSU","SUB-DIVISION","BALTI",11,7,4,NA,11,7,4,NA,NA,NA,NA,NA
"KPK","HAZARA","UPPER KOHISTAN","DASSU","SUB-DIVISION","BRAHVI",NA,NA,NA,NA,NA,NA,NA,NA,NA,NA,NA,NA
"KPK","HAZARA","UPPER KOHISTAN","DASSU","SUB-DIVISION","HINDKO",28,12,16,NA,28,12,16,NA,NA,NA,NA,NA
"KPK","HAZARA","UPPER KOHISTAN","DASSU","SUB-DIVISION","KALASHA",8,4,4,NA,8,4,4,NA,NA,NA,NA,NA
"KPK","HAZARA","UPPER KOHISTAN","DASSU","SUB-DIVISION","KASHMIRI",7,4,3,NA,7,4,3,NA,NA,NA,NA,NA
"KPK","HAZARA","UPPER KOHISTAN","DASSU","SUB-DIVISION","KOHIOSTANI",133015,63775,69239,1,133015,63775,69239,1,NA,NA,NA,NA
"KPK","HAZARA","UPPER KOHISTAN","DASSU","SUB-DIVISION","MEWATI",NA,NA,NA,NA,NA,NA,NA,NA,NA,NA,NA,NA
"KPK","HAZARA","UPPER KOHISTAN","DASSU","SUB-DIVISION","OTHERS",142,72,70,NA,142,72,70,NA,NA,NA,NA,NA
"KPK","HAZARA","UPPER KOHISTAN","DASSU","SUB-DIVISION","PUNJABI",2,1,1,NA,2,1,1,NA,NA,NA,NA,NA
"KPK","HAZARA","UPPER KOHISTAN","DASSU","SUB-DIVISION","PUSHTO",8,4,4,NA,8,4,4,NA,NA,NA,NA,NA
"KPK","HAZARA","UPPER KOHISTAN","DASSU","SUB-DIVISION","SARAIKI",3,2,1,NA,3,2,1,NA,NA,NA,NA,NA
"KPK","HAZARA","UPPER KOHISTAN","DASSU","SUB-DIVISION","SHINA",178,99,79,NA,178,99,79,NA,NA,NA,NA,NA
"KPK","HAZARA","UPPER KOHISTAN","DASSU","SUB-DIVISION","SINDHI",NA,NA,NA,NA,NA,NA,NA,NA,NA,NA,NA,NA
"KPK","HAZARA","UPPER KOHISTAN","DASSU","SUB-DIVISION","TOTAL",133610,64054,69555,1,133610,64054,69555,1,NA,NA,NA,NA
"KPK","HAZARA","UPPER KOHISTAN","DASSU","SUB-DIVISION","URDU",208,74,134,NA,208,74,134,NA,NA,NA,NA,NA
"KPK","BANNU","NORTH WAZIRISTAN","DATTA KHEL","TEHSIL","BALOCHI",56,27,29,NA,56,27,29,NA,NA,NA,NA,NA
"KPK","BANNU","NORTH WAZIRISTAN","DATTA KHEL","TEHSIL","BALTI",NA,NA,NA,NA,NA,NA,NA,NA,NA,NA,NA,NA
"KPK","BANNU","NORTH WAZIRISTAN","DATTA KHEL","TEHSIL","BRAHVI",NA,NA,NA,NA,NA,NA,NA,NA,NA,NA,NA,NA
"KPK","BANNU","NORTH WAZIRISTAN","DATTA KHEL","TEHSIL","HINDKO",NA,NA,NA,NA,NA,NA,NA,NA,NA,NA,NA,NA
"KPK","BANNU","NORTH WAZIRISTAN","DATTA KHEL","TEHSIL","KALASHA",NA,NA,NA,NA,NA,NA,NA,NA,NA,NA,NA,NA
"KPK","BANNU","NORTH WAZIRISTAN","DATTA KHEL","TEHSIL","KASHMIRI",1,NA,1,NA,1,NA,1,NA,NA,NA,NA,NA
"KPK","BANNU","NORTH WAZIRISTAN","DATTA KHEL","TEHSIL","KOHIOSTANI",NA,NA,NA,NA,NA,NA,NA,NA,NA,NA,NA,NA
"KPK","BANNU","NORTH WAZIRISTAN","DATTA KHEL","TEHSIL","MEWATI",NA,NA,NA,NA,NA,NA,NA,NA,NA,NA,NA,NA
"KPK","BANNU","NORTH WAZIRISTAN","DATTA KHEL","TEHSIL","OTHERS",1,1,NA,NA,1,1,NA,NA,NA,NA,NA,NA
"KPK","BANNU","NORTH WAZIRISTAN","DATTA KHEL","TEHSIL","PUNJABI",NA,NA,NA,NA,NA,NA,NA,NA,NA,NA,NA,NA
"KPK","BANNU","NORTH WAZIRISTAN","DATTA KHEL","TEHSIL","PUSHTO",92094,45928,46165,1,92094,45928,46165,1,NA,NA,NA,NA
"KPK","BANNU","NORTH WAZIRISTAN","DATTA KHEL","TEHSIL","SARAIKI",NA,NA,NA,NA,NA,NA,NA,NA,NA,NA,NA,NA
"KPK","BANNU","NORTH WAZIRISTAN","DATTA KHEL","TEHSIL","SHINA",NA,NA,NA,NA,NA,NA,NA,NA,NA,NA,NA,NA
"KPK","BANNU","NORTH WAZIRISTAN","DATTA KHEL","TEHSIL","SINDHI",17,6,11,NA,17,6,11,NA,NA,NA,NA,NA
"KPK","BANNU","NORTH WAZIRISTAN","DATTA KHEL","TEHSIL","TOTAL",92196,45976,46219,1,92196,45976,46219,1,NA,NA,NA,NA
"KPK","BANNU","NORTH WAZIRISTAN","DATTA KHEL","TEHSIL","URDU",27,14,13,NA,27,14,13,NA,NA,NA,NA,NA
"KPK","HAZARA","TORGHAR","DAUR MERA","TEHSIL","BALOCHI",30,15,15,NA,30,15,15,NA,NA,NA,NA,NA
"KPK","HAZARA","TORGHAR","DAUR MERA","TEHSIL","BALTI",NA,NA,NA,NA,NA,NA,NA,NA,NA,NA,NA,NA
"KPK","HAZARA","TORGHAR","DAUR MERA","TEHSIL","BRAHVI",NA,NA,NA,NA,NA,NA,NA,NA,NA,NA,NA,NA
"KPK","HAZARA","TORGHAR","DAUR MERA","TEHSIL","HINDKO",615,286,329,NA,615,286,329,NA,NA,NA,NA,NA
"KPK","HAZARA","TORGHAR","DAUR MERA","TEHSIL","KALASHA",NA,NA,NA,NA,NA,NA,NA,NA,NA,NA,NA,NA
"KPK","HAZARA","TORGHAR","DAUR MERA","TEHSIL","KASHMIRI",NA,NA,NA,NA,NA,NA,NA,NA,NA,NA,NA,NA
"KPK","HAZARA","TORGHAR","DAUR MERA","TEHSIL","KOHIOSTANI",25,12,13,NA,25,12,13,NA,NA,NA,NA,NA
"KPK","HAZARA","TORGHAR","DAUR MERA","TEHSIL","MEWATI",NA,NA,NA,NA,NA,NA,NA,NA,NA,NA,NA,NA
"KPK","HAZARA","TORGHAR","DAUR MERA","TEHSIL","OTHERS",189,93,96,NA,189,93,96,NA,NA,NA,NA,NA
"KPK","HAZARA","TORGHAR","DAUR MERA","TEHSIL","PUNJABI",NA,NA,NA,NA,NA,NA,NA,NA,NA,NA,NA,NA
"KPK","HAZARA","TORGHAR","DAUR MERA","TEHSIL","PUSHTO",49627,24148,25477,2,49627,24148,25477,2,NA,NA,NA,NA
"KPK","HAZARA","TORGHAR","DAUR MERA","TEHSIL","SARAIKI",NA,NA,NA,NA,NA,NA,NA,NA,NA,NA,NA,NA
"KPK","HAZARA","TORGHAR","DAUR MERA","TEHSIL","SHINA",NA,NA,NA,NA,NA,NA,NA,NA,NA,NA,NA,NA
"KPK","HAZARA","TORGHAR","DAUR MERA","TEHSIL","SINDHI",1,NA,1,NA,1,NA,1,NA,NA,NA,NA,NA
"KPK","HAZARA","TORGHAR","DAUR MERA","TEHSIL","TOTAL",50503,24565,25936,2,50503,24565,25936,2,NA,NA,NA,NA
"KPK","HAZARA","TORGHAR","DAUR MERA","TEHSIL","URDU",16,11,5,NA,16,11,5,NA,NA,NA,NA,NA
"KPK","DERA ISMAIL KHAN","DERA ISMAIL KHAN","DERA ISMAIL KHAN","TEHSIL","BALOCHI",280,134,146,NA,194,100,94,NA,86,34,52,NA
"KPK","DERA ISMAIL KHAN","DERA ISMAIL KHAN","DERA ISMAIL KHAN","TEHSIL","BALTI",2,NA,2,NA,NA,NA,NA,NA,2,NA,2,NA
"KPK","DERA ISMAIL KHAN","DERA ISMAIL KHAN","DERA ISMAIL KHAN","TEHSIL","BRAHVI",4,1,3,NA,1,1,NA,NA,3,NA,3,NA
"KPK","DERA ISMAIL KHAN","DERA ISMAIL KHAN","DERA ISMAIL KHAN","TEHSIL","HINDKO",303,120,183,NA,136,60,76,NA,167,60,107,NA
"KPK","DERA ISMAIL KHAN","DERA ISMAIL KHAN","DERA ISMAIL KHAN","TEHSIL","KALASHA",2,NA,2,NA,NA,NA,NA,NA,2,NA,2,NA
"KPK","DERA ISMAIL KHAN","DERA ISMAIL KHAN","DERA ISMAIL KHAN","TEHSIL","KASHMIRI",284,112,172,NA,96,45,51,NA,188,67,121,NA
"KPK","DERA ISMAIL KHAN","DERA ISMAIL KHAN","DERA ISMAIL KHAN","TEHSIL","KOHIOSTANI",NA,NA,NA,NA,NA,NA,NA,NA,NA,NA,NA,NA
"KPK","DERA ISMAIL KHAN","DERA ISMAIL KHAN","DERA ISMAIL KHAN","TEHSIL","MEWATI",NA,NA,NA,NA,NA,NA,NA,NA,NA,NA,NA,NA
"KPK","DERA ISMAIL KHAN","DERA ISMAIL KHAN","DERA ISMAIL KHAN","TEHSIL","OTHERS",327,140,187,NA,152,66,86,NA,175,74,101,NA
"KPK","DERA ISMAIL KHAN","DERA ISMAIL KHAN","DERA ISMAIL KHAN","TEHSIL","PUNJABI",4149,1711,2426,12,762,359,402,1,3387,1352,2024,11
"KPK","DERA ISMAIL KHAN","DERA ISMAIL KHAN","DERA ISMAIL KHAN","TEHSIL","PUSHTO",235656,110385,125269,2,201514,94369,107143,2,34142,16016,18126,NA
"KPK","DERA ISMAIL KHAN","DERA ISMAIL KHAN","DERA ISMAIL KHAN","TEHSIL","SARAIKI",494138,235622,258395,121,335796,160482,175312,2,158342,75140,83083,119
"KPK","DERA ISMAIL KHAN","DERA ISMAIL KHAN","DERA ISMAIL KHAN","TEHSIL","SHINA",13,5,8,NA,NA,NA,NA,NA,13,5,8,NA
"KPK","DERA ISMAIL KHAN","DERA ISMAIL KHAN","DERA ISMAIL KHAN","TEHSIL","SINDHI",458,203,255,NA,294,151,143,NA,164,52,112,NA
"KPK","DERA ISMAIL KHAN","DERA ISMAIL KHAN","DERA ISMAIL KHAN","TEHSIL","TOTAL",763195,361081,401975,139,545740,258616,287119,5,217455,102465,114856,134
"KPK","DERA ISMAIL KHAN","DERA ISMAIL KHAN","DERA ISMAIL KHAN","TEHSIL","URDU",27579,12648,14927,4,6795,2983,3812,NA,20784,9665,11115,4
"KPK","MALAKAND","UPPER DIR","DIR","SUB-DIVISION","BALOCHI",274,151,123,NA,228,126,102,NA,46,25,21,NA
"KPK","MALAKAND","UPPER DIR","DIR","SUB-DIVISION","BALTI",1,1,NA,NA,1,1,NA,NA,NA,NA,NA,NA
"KPK","MALAKAND","UPPER DIR","DIR","SUB-DIVISION","BRAHVI",NA,NA,NA,NA,NA,NA,NA,NA,NA,NA,NA,NA
"KPK","MALAKAND","UPPER DIR","DIR","SUB-DIVISION","HINDKO",10,5,5,NA,2,2,NA,NA,8,3,5,NA
"KPK","MALAKAND","UPPER DIR","DIR","SUB-DIVISION","KALASHA",NA,NA,NA,NA,NA,NA,NA,NA,NA,NA,NA,NA
"KPK","MALAKAND","UPPER DIR","DIR","SUB-DIVISION","KASHMIRI",9,4,5,NA,8,4,4,NA,1,NA,1,NA
"KPK","MALAKAND","UPPER DIR","DIR","SUB-DIVISION","KOHIOSTANI",218,104,114,NA,214,103,111,NA,4,1,3,NA
"KPK","MALAKAND","UPPER DIR","DIR","SUB-DIVISION","MEWATI",NA,NA,NA,NA,NA,NA,NA,NA,NA,NA,NA,NA
"KPK","MALAKAND","UPPER DIR","DIR","SUB-DIVISION","OTHERS",12886,6410,6476,NA,12699,6309,6390,NA,187,101,86,NA
"KPK","MALAKAND","UPPER DIR","DIR","SUB-DIVISION","PUNJABI",17,10,7,NA,11,8,3,NA,6,2,4,NA
"KPK","MALAKAND","UPPER DIR","DIR","SUB-DIVISION","PUSHTO",369942,185515,184422,5,323390,162659,160727,4,46552,22856,23695,1
"KPK","MALAKAND","UPPER DIR","DIR","SUB-DIVISION","SARAIKI",4,NA,4,NA,4,NA,4,NA,NA,NA,NA,NA
"KPK","MALAKAND","UPPER DIR","DIR","SUB-DIVISION","SHINA",6,2,4,NA,6,2,4,NA,NA,NA,NA,NA
"KPK","MALAKAND","UPPER DIR","DIR","SUB-DIVISION","SINDHI",58,35,23,NA,48,29,19,NA,10,6,4,NA
"KPK","MALAKAND","UPPER DIR","DIR","SUB-DIVISION","TOTAL",383541,192308,191228,5,336703,169297,167402,4,46838,23011,23826,1
"KPK","MALAKAND","UPPER DIR","DIR","SUB-DIVISION","URDU",116,71,45,NA,92,54,38,NA,24,17,7,NA
"KPK","BANNU","BANNU","DOMEL","TEHSIL","BALOCHI",317,157,160,NA,317,157,160,NA,NA,NA,NA,NA
"KPK","BANNU","BANNU","DOMEL","TEHSIL","BALTI",NA,NA,NA,NA,NA,NA,NA,NA,NA,NA,NA,NA
"KPK","BANNU","BANNU","DOMEL","TEHSIL","BRAHVI",NA,NA,NA,NA,NA,NA,NA,NA,NA,NA,NA,NA
"KPK","BANNU","BANNU","DOMEL","TEHSIL","HINDKO",2,NA,2,NA,2,NA,2,NA,NA,NA,NA,NA
"KPK","BANNU","BANNU","DOMEL","TEHSIL","KALASHA",NA,NA,NA,NA,NA,NA,NA,NA,NA,NA,NA,NA
"KPK","BANNU","BANNU","DOMEL","TEHSIL","KASHMIRI",78,52,26,NA,78,52,26,NA,NA,NA,NA,NA
"KPK","BANNU","BANNU","DOMEL","TEHSIL","KOHIOSTANI",NA,NA,NA,NA,NA,NA,NA,NA,NA,NA,NA,NA
"KPK","BANNU","BANNU","DOMEL","TEHSIL","MEWATI",NA,NA,NA,NA,NA,NA,NA,NA,NA,NA,NA,NA
"KPK","BANNU","BANNU","DOMEL","TEHSIL","OTHERS",5,NA,5,NA,5,NA,5,NA,NA,NA,NA,NA
"KPK","BANNU","BANNU","DOMEL","TEHSIL","PUNJABI",34,19,15,NA,34,19,15,NA,NA,NA,NA,NA
"KPK","BANNU","BANNU","DOMEL","TEHSIL","PUSHTO",222817,103298,119519,NA,222817,103298,119519,NA,NA,NA,NA,NA
"KPK","BANNU","BANNU","DOMEL","TEHSIL","SARAIKI",27,15,12,NA,27,15,12,NA,NA,NA,NA,NA
"KPK","BANNU","BANNU","DOMEL","TEHSIL","SHINA",NA,NA,NA,NA,NA,NA,NA,NA,NA,NA,NA,NA
"KPK","BANNU","BANNU","DOMEL","TEHSIL","SINDHI",24,11,13,NA,24,11,13,NA,NA,NA,NA,NA
"KPK","BANNU","BANNU","DOMEL","TEHSIL","TOTAL",223534,103660,119874,NA,223534,103660,119874,NA,NA,NA,NA,NA
"KPK","BANNU","BANNU","DOMEL","TEHSIL","URDU",230,108,122,NA,230,108,122,NA,NA,NA,NA,NA
"KPK","BANNU","NORTH WAZIRISTAN","DOSSALI","TEHSIL","BALOCHI",41,22,19,NA,41,22,19,NA,NA,NA,NA,NA
"KPK","BANNU","NORTH WAZIRISTAN","DOSSALI","TEHSIL","BALTI",NA,NA,NA,NA,NA,NA,NA,NA,NA,NA,NA,NA
"KPK","BANNU","NORTH WAZIRISTAN","DOSSALI","TEHSIL","BRAHVI",NA,NA,NA,NA,NA,NA,NA,NA,NA,NA,NA,NA
"KPK","BANNU","NORTH WAZIRISTAN","DOSSALI","TEHSIL","HINDKO",NA,NA,NA,NA,NA,NA,NA,NA,NA,NA,NA,NA
"KPK","BANNU","NORTH WAZIRISTAN","DOSSALI","TEHSIL","KALASHA",NA,NA,NA,NA,NA,NA,NA,NA,NA,NA,NA,NA
"KPK","BANNU","NORTH WAZIRISTAN","DOSSALI","TEHSIL","KASHMIRI",NA,NA,NA,NA,NA,NA,NA,NA,NA,NA,NA,NA
"KPK","BANNU","NORTH WAZIRISTAN","DOSSALI","TEHSIL","KOHIOSTANI",NA,NA,NA,NA,NA,NA,NA,NA,NA,NA,NA,NA
"KPK","BANNU","NORTH WAZIRISTAN","DOSSALI","TEHSIL","MEWATI",NA,NA,NA,NA,NA,NA,NA,NA,NA,NA,NA,NA
"KPK","BANNU","NORTH WAZIRISTAN","DOSSALI","TEHSIL","OTHERS",NA,NA,NA,NA,NA,NA,NA,NA,NA,NA,NA,NA
"KPK","BANNU","NORTH WAZIRISTAN","DOSSALI","TEHSIL","PUNJABI",10,NA,10,NA,10,NA,10,NA,NA,NA,NA,NA
"KPK","BANNU","NORTH WAZIRISTAN","DOSSALI","TEHSIL","PUSHTO",50458,25197,25261,NA,50458,25197,25261,NA,NA,NA,NA,NA
"KPK","BANNU","NORTH WAZIRISTAN","DOSSALI","TEHSIL","SARAIKI",3,NA,3,NA,3,NA,3,NA,NA,NA,NA,NA
"KPK","BANNU","NORTH WAZIRISTAN","DOSSALI","TEHSIL","SHINA",NA,NA,NA,NA,NA,NA,NA,NA,NA,NA,NA,NA
"KPK","BANNU","NORTH WAZIRISTAN","DOSSALI","TEHSIL","SINDHI",4,1,3,NA,4,1,3,NA,NA,NA,NA,NA
"KPK","BANNU","NORTH WAZIRISTAN","DOSSALI","TEHSIL","TOTAL",50524,25226,25298,NA,50524,25226,25298,NA,NA,NA,NA,NA
"KPK","BANNU","NORTH WAZIRISTAN","DOSSALI","TEHSIL","URDU",8,6,2,NA,8,6,2,NA,NA,NA,NA,NA
"KPK","DERA ISMAIL KHAN","DERA ISMAIL KHAN","DRAZANDA","SUB-DIVISION","BALOCHI",85,35,50,NA,85,35,50,NA,NA,NA,NA,NA
"KPK","DERA ISMAIL KHAN","DERA ISMAIL KHAN","DRAZANDA","SUB-DIVISION","BALTI",NA,NA,NA,NA,NA,NA,NA,NA,NA,NA,NA,NA
"KPK","DERA ISMAIL KHAN","DERA ISMAIL KHAN","DRAZANDA","SUB-DIVISION","BRAHVI",NA,NA,NA,NA,NA,NA,NA,NA,NA,NA,NA,NA
"KPK","DERA ISMAIL KHAN","DERA ISMAIL KHAN","DRAZANDA","SUB-DIVISION","HINDKO",NA,NA,NA,NA,NA,NA,NA,NA,NA,NA,NA,NA
"KPK","DERA ISMAIL KHAN","DERA ISMAIL KHAN","DRAZANDA","SUB-DIVISION","KALASHA",NA,NA,NA,NA,NA,NA,NA,NA,NA,NA,NA,NA
"KPK","DERA ISMAIL KHAN","DERA ISMAIL KHAN","DRAZANDA","SUB-DIVISION","KASHMIRI",2,NA,2,NA,2,NA,2,NA,NA,NA,NA,NA
"KPK","DERA ISMAIL KHAN","DERA ISMAIL KHAN","DRAZANDA","SUB-DIVISION","KOHIOSTANI",NA,NA,NA,NA,NA,NA,NA,NA,NA,NA,NA,NA
"KPK","DERA ISMAIL KHAN","DERA ISMAIL KHAN","DRAZANDA","SUB-DIVISION","MEWATI",NA,NA,NA,NA,NA,NA,NA,NA,NA,NA,NA,NA
"KPK","DERA ISMAIL KHAN","DERA ISMAIL KHAN","DRAZANDA","SUB-DIVISION","OTHERS",NA,NA,NA,NA,NA,NA,NA,NA,NA,NA,NA,NA
"KPK","DERA ISMAIL KHAN","DERA ISMAIL KHAN","DRAZANDA","SUB-DIVISION","PUNJABI",1,NA,1,NA,1,NA,1,NA,NA,NA,NA,NA
"KPK","DERA ISMAIL KHAN","DERA ISMAIL KHAN","DRAZANDA","SUB-DIVISION","PUSHTO",81933,38512,43421,NA,81933,38512,43421,NA,NA,NA,NA,NA
"KPK","DERA ISMAIL KHAN","DERA ISMAIL KHAN","DRAZANDA","SUB-DIVISION","SARAIKI",339,150,189,NA,339,150,189,NA,NA,NA,NA,NA
"KPK","DERA ISMAIL KHAN","DERA ISMAIL KHAN","DRAZANDA","SUB-DIVISION","SHINA",NA,NA,NA,NA,NA,NA,NA,NA,NA,NA,NA,NA
"KPK","DERA ISMAIL KHAN","DERA ISMAIL KHAN","DRAZANDA","SUB-DIVISION","SINDHI",1,1,NA,NA,1,1,NA,NA,NA,NA,NA,NA
"KPK","DERA ISMAIL KHAN","DERA ISMAIL KHAN","DRAZANDA","SUB-DIVISION","TOTAL",82386,38711,43675,NA,82386,38711,43675,NA,NA,NA,NA,NA
"KPK","DERA ISMAIL KHAN","DERA ISMAIL KHAN","DRAZANDA","SUB-DIVISION","URDU",25,13,12,NA,25,13,12,NA,NA,NA,NA,NA
"KPK","MALAKAND","LOWER CHITRAL","DROSH","SUB-DIVISION","BALOCHI",10,5,5,NA,10,5,5,NA,NA,NA,NA,NA
"KPK","MALAKAND","LOWER CHITRAL","DROSH","SUB-DIVISION","BALTI",1,1,NA,NA,1,1,NA,NA,NA,NA,NA,NA
"KPK","MALAKAND","LOWER CHITRAL","DROSH","SUB-DIVISION","BRAHVI",NA,NA,NA,NA,NA,NA,NA,NA,NA,NA,NA,NA
"KPK","MALAKAND","LOWER CHITRAL","DROSH","SUB-DIVISION","HINDKO",24,11,13,NA,24,11,13,NA,NA,NA,NA,NA
"KPK","MALAKAND","LOWER CHITRAL","DROSH","SUB-DIVISION","KALASHA",1822,876,946,NA,1822,876,946,NA,NA,NA,NA,NA
"KPK","MALAKAND","LOWER CHITRAL","DROSH","SUB-DIVISION","KASHMIRI",2,2,NA,NA,2,2,NA,NA,NA,NA,NA,NA
"KPK","MALAKAND","LOWER CHITRAL","DROSH","SUB-DIVISION","KOHIOSTANI",1390,668,722,NA,1390,668,722,NA,NA,NA,NA,NA
"KPK","MALAKAND","LOWER CHITRAL","DROSH","SUB-DIVISION","MEWATI",NA,NA,NA,NA,NA,NA,NA,NA,NA,NA,NA,NA
"KPK","MALAKAND","LOWER CHITRAL","DROSH","SUB-DIVISION","OTHERS",80790,39510,41280,NA,80790,39510,41280,NA,NA,NA,NA,NA
"KPK","MALAKAND","LOWER CHITRAL","DROSH","SUB-DIVISION","PUNJABI",26,17,9,NA,26,17,9,NA,NA,NA,NA,NA
"KPK","MALAKAND","LOWER CHITRAL","DROSH","SUB-DIVISION","PUSHTO",24660,11950,12710,NA,24660,11950,12710,NA,NA,NA,NA,NA
"KPK","MALAKAND","LOWER CHITRAL","DROSH","SUB-DIVISION","SARAIKI",4,2,2,NA,4,2,2,NA,NA,NA,NA,NA
"KPK","MALAKAND","LOWER CHITRAL","DROSH","SUB-DIVISION","SHINA",NA,NA,NA,NA,NA,NA,NA,NA,NA,NA,NA,NA
"KPK","MALAKAND","LOWER CHITRAL","DROSH","SUB-DIVISION","SINDHI",3,2,1,NA,3,2,1,NA,NA,NA,NA,NA
"KPK","MALAKAND","LOWER CHITRAL","DROSH","SUB-DIVISION","TOTAL",108933,53148,55785,NA,108933,53148,55785,NA,NA,NA,NA,NA
"KPK","MALAKAND","LOWER CHITRAL","DROSH","SUB-DIVISION","URDU",201,104,97,NA,201,104,97,NA,NA,NA,NA,NA
"KPK","MALAKAND","BUNER","GADEZAI","TEHSIL","BALOCHI",109,64,45,NA,109,64,45,NA,NA,NA,NA,NA
"KPK","MALAKAND","BUNER","GADEZAI","TEHSIL","BALTI",NA,NA,NA,NA,NA,NA,NA,NA,NA,NA,NA,NA
"KPK","MALAKAND","BUNER","GADEZAI","TEHSIL","BRAHVI",NA,NA,NA,NA,NA,NA,NA,NA,NA,NA,NA,NA
"KPK","MALAKAND","BUNER","GADEZAI","TEHSIL","HINDKO",480,237,243,NA,480,237,243,NA,NA,NA,NA,NA
"KPK","MALAKAND","BUNER","GADEZAI","TEHSIL","KALASHA",NA,NA,NA,NA,NA,NA,NA,NA,NA,NA,NA,NA
"KPK","MALAKAND","BUNER","GADEZAI","TEHSIL","KASHMIRI",3,2,1,NA,3,2,1,NA,NA,NA,NA,NA
"KPK","MALAKAND","BUNER","GADEZAI","TEHSIL","KOHIOSTANI",522,261,261,NA,522,261,261,NA,NA,NA,NA,NA
"KPK","MALAKAND","BUNER","GADEZAI","TEHSIL","MEWATI",NA,NA,NA,NA,NA,NA,NA,NA,NA,NA,NA,NA
"KPK","MALAKAND","BUNER","GADEZAI","TEHSIL","OTHERS",10350,5199,5151,NA,10350,5199,5151,NA,NA,NA,NA,NA
"KPK","MALAKAND","BUNER","GADEZAI","TEHSIL","PUNJABI",27,10,17,NA,27,10,17,NA,NA,NA,NA,NA
"KPK","MALAKAND","BUNER","GADEZAI","TEHSIL","PUSHTO",185857,93935,91921,1,185857,93935,91921,1,NA,NA,NA,NA
"KPK","MALAKAND","BUNER","GADEZAI","TEHSIL","SARAIKI",6,2,4,NA,6,2,4,NA,NA,NA,NA,NA
"KPK","MALAKAND","BUNER","GADEZAI","TEHSIL","SHINA",NA,NA,NA,NA,NA,NA,NA,NA,NA,NA,NA,NA
"KPK","MALAKAND","BUNER","GADEZAI","TEHSIL","SINDHI",26,16,10,NA,26,16,10,NA,NA,NA,NA,NA
"KPK","MALAKAND","BUNER","GADEZAI","TEHSIL","TOTAL",197466,99772,97693,1,197466,99772,97693,1,NA,NA,NA,NA
"KPK","MALAKAND","BUNER","GADEZAI","TEHSIL","URDU",86,46,40,NA,86,46,40,NA,NA,NA,NA,NA
"KPK","MALAKAND","BUNER","GAGRA","TEHSIL","BALOCHI",114,69,45,NA,114,69,45,NA,NA,NA,NA,NA
"KPK","MALAKAND","BUNER","GAGRA","TEHSIL","BALTI",NA,NA,NA,NA,NA,NA,NA,NA,NA,NA,NA,NA
"KPK","MALAKAND","BUNER","GAGRA","TEHSIL","BRAHVI",1,1,NA,NA,1,1,NA,NA,NA,NA,NA,NA
"KPK","MALAKAND","BUNER","GAGRA","TEHSIL","HINDKO",720,368,352,NA,720,368,352,NA,NA,NA,NA,NA
"KPK","MALAKAND","BUNER","GAGRA","TEHSIL","KALASHA",NA,NA,NA,NA,NA,NA,NA,NA,NA,NA,NA,NA
"KPK","MALAKAND","BUNER","GAGRA","TEHSIL","KASHMIRI",2,1,1,NA,2,1,1,NA,NA,NA,NA,NA
"KPK","MALAKAND","BUNER","GAGRA","TEHSIL","KOHIOSTANI",80,34,46,NA,80,34,46,NA,NA,NA,NA,NA
"KPK","MALAKAND","BUNER","GAGRA","TEHSIL","MEWATI",NA,NA,NA,NA,NA,NA,NA,NA,NA,NA,NA,NA
"KPK","MALAKAND","BUNER","GAGRA","TEHSIL","OTHERS",117,61,56,NA,117,61,56,NA,NA,NA,NA,NA
"KPK","MALAKAND","BUNER","GAGRA","TEHSIL","PUNJABI",42,16,26,NA,42,16,26,NA,NA,NA,NA,NA
"KPK","MALAKAND","BUNER","GAGRA","TEHSIL","PUSHTO",177735,88470,89244,21,177735,88470,89244,21,NA,NA,NA,NA
"KPK","MALAKAND","BUNER","GAGRA","TEHSIL","SARAIKI",10,7,3,NA,10,7,3,NA,NA,NA,NA,NA
"KPK","MALAKAND","BUNER","GAGRA","TEHSIL","SHINA",NA,NA,NA,NA,NA,NA,NA,NA,NA,NA,NA,NA
"KPK","MALAKAND","BUNER","GAGRA","TEHSIL","SINDHI",31,9,22,NA,31,9,22,NA,NA,NA,NA,NA
"KPK","MALAKAND","BUNER","GAGRA","TEHSIL","TOTAL",178949,89088,89840,21,178949,89088,89840,21,NA,NA,NA,NA
"KPK","MALAKAND","BUNER","GAGRA","TEHSIL","URDU",97,52,45,NA,97,52,45,NA,NA,NA,NA,NA
"KPK","MARDAN","MARDAN","GHARI KAPOORA","TEHSIL","BALOCHI",249,135,114,NA,249,135,114,NA,NA,NA,NA,NA
"KPK","MARDAN","MARDAN","GHARI KAPOORA","TEHSIL","BALTI",NA,NA,NA,NA,NA,NA,NA,NA,NA,NA,NA,NA
"KPK","MARDAN","MARDAN","GHARI KAPOORA","TEHSIL","BRAHVI",NA,NA,NA,NA,NA,NA,NA,NA,NA,NA,NA,NA
"KPK","MARDAN","MARDAN","GHARI KAPOORA","TEHSIL","HINDKO",3,NA,3,NA,3,NA,3,NA,NA,NA,NA,NA
"KPK","MARDAN","MARDAN","GHARI KAPOORA","TEHSIL","KALASHA",NA,NA,NA,NA,NA,NA,NA,NA,NA,NA,NA,NA
"KPK","MARDAN","MARDAN","GHARI KAPOORA","TEHSIL","KASHMIRI",4,2,2,NA,4,2,2,NA,NA,NA,NA,NA
"KPK","MARDAN","MARDAN","GHARI KAPOORA","TEHSIL","KOHIOSTANI",88,36,52,NA,88,36,52,NA,NA,NA,NA,NA
"KPK","MARDAN","MARDAN","GHARI KAPOORA","TEHSIL","MEWATI",NA,NA,NA,NA,NA,NA,NA,NA,NA,NA,NA,NA
"KPK","MARDAN","MARDAN","GHARI KAPOORA","TEHSIL","OTHERS",669,324,345,NA,669,324,345,NA,NA,NA,NA,NA
"KPK","MARDAN","MARDAN","GHARI KAPOORA","TEHSIL","PUNJABI",16,9,7,NA,16,9,7,NA,NA,NA,NA,NA
"KPK","MARDAN","MARDAN","GHARI KAPOORA","TEHSIL","PUSHTO",318278,156521,161753,4,318278,156521,161753,4,NA,NA,NA,NA
"KPK","MARDAN","MARDAN","GHARI KAPOORA","TEHSIL","SARAIKI",23,NA,23,NA,23,NA,23,NA,NA,NA,NA,NA
"KPK","MARDAN","MARDAN","GHARI KAPOORA","TEHSIL","SHINA",NA,NA,NA,NA,NA,NA,NA,NA,NA,NA,NA,NA
"KPK","MARDAN","MARDAN","GHARI KAPOORA","TEHSIL","SINDHI",21,6,15,NA,21,6,15,NA,NA,NA,NA,NA
"KPK","MARDAN","MARDAN","GHARI KAPOORA","TEHSIL","TOTAL",319462,157093,162365,4,319462,157093,162365,4,NA,NA,NA,NA
"KPK","MARDAN","MARDAN","GHARI KAPOORA","TEHSIL","URDU",111,60,51,NA,111,60,51,NA,NA,NA,NA,NA
"KPK","BANNU","NORTH WAZIRISTAN","GHARYUM","TEHSIL","BALOCHI",35,18,17,NA,35,18,17,NA,NA,NA,NA,NA
"KPK","BANNU","NORTH WAZIRISTAN","GHARYUM","TEHSIL","BALTI",NA,NA,NA,NA,NA,NA,NA,NA,NA,NA,NA,NA
"KPK","BANNU","NORTH WAZIRISTAN","GHARYUM","TEHSIL","BRAHVI",NA,NA,NA,NA,NA,NA,NA,NA,NA,NA,NA,NA
"KPK","BANNU","NORTH WAZIRISTAN","GHARYUM","TEHSIL","HINDKO",NA,NA,NA,NA,NA,NA,NA,NA,NA,NA,NA,NA
"KPK","BANNU","NORTH WAZIRISTAN","GHARYUM","TEHSIL","KALASHA",NA,NA,NA,NA,NA,NA,NA,NA,NA,NA,NA,NA
"KPK","BANNU","NORTH WAZIRISTAN","GHARYUM","TEHSIL","KASHMIRI",1,1,NA,NA,1,1,NA,NA,NA,NA,NA,NA
"KPK","BANNU","NORTH WAZIRISTAN","GHARYUM","TEHSIL","KOHIOSTANI",NA,NA,NA,NA,NA,NA,NA,NA,NA,NA,NA,NA
"KPK","BANNU","NORTH WAZIRISTAN","GHARYUM","TEHSIL","MEWATI",NA,NA,NA,NA,NA,NA,NA,NA,NA,NA,NA,NA
"KPK","BANNU","NORTH WAZIRISTAN","GHARYUM","TEHSIL","OTHERS",2,1,1,NA,2,1,1,NA,NA,NA,NA,NA
"KPK","BANNU","NORTH WAZIRISTAN","GHARYUM","TEHSIL","PUNJABI",3,1,2,NA,3,1,2,NA,NA,NA,NA,NA
"KPK","BANNU","NORTH WAZIRISTAN","GHARYUM","TEHSIL","PUSHTO",18887,9350,9536,1,18887,9350,9536,1,NA,NA,NA,NA
"KPK","BANNU","NORTH WAZIRISTAN","GHARYUM","TEHSIL","SARAIKI",NA,NA,NA,NA,NA,NA,NA,NA,NA,NA,NA,NA
"KPK","BANNU","NORTH WAZIRISTAN","GHARYUM","TEHSIL","SHINA",NA,NA,NA,NA,NA,NA,NA,NA,NA,NA,NA,NA
"KPK","BANNU","NORTH WAZIRISTAN","GHARYUM","TEHSIL","SINDHI",NA,NA,NA,NA,NA,NA,NA,NA,NA,NA,NA,NA
"KPK","BANNU","NORTH WAZIRISTAN","GHARYUM","TEHSIL","TOTAL",18931,9371,9559,1,18931,9371,9559,1,NA,NA,NA,NA
"KPK","BANNU","NORTH WAZIRISTAN","GHARYUM","TEHSIL","URDU",3,NA,3,NA,3,NA,3,NA,NA,NA,NA,NA
"KPK","HAZARA","HARIPUR","GHAZI","TEHSIL","BALOCHI",96,52,44,NA,96,52,44,NA,NA,NA,NA,NA
"KPK","HAZARA","HARIPUR","GHAZI","TEHSIL","BALTI",28,18,10,NA,28,18,10,NA,NA,NA,NA,NA
"KPK","HAZARA","HARIPUR","GHAZI","TEHSIL","BRAHVI",60,31,29,NA,60,31,29,NA,NA,NA,NA,NA
"KPK","HAZARA","HARIPUR","GHAZI","TEHSIL","HINDKO",84550,42868,41681,1,84550,42868,41681,1,NA,NA,NA,NA
"KPK","HAZARA","HARIPUR","GHAZI","TEHSIL","KALASHA",1,NA,1,NA,1,NA,1,NA,NA,NA,NA,NA
"KPK","HAZARA","HARIPUR","GHAZI","TEHSIL","KASHMIRI",317,152,165,NA,317,152,165,NA,NA,NA,NA,NA
"KPK","HAZARA","HARIPUR","GHAZI","TEHSIL","KOHIOSTANI",120,59,61,NA,120,59,61,NA,NA,NA,NA,NA
"KPK","HAZARA","HARIPUR","GHAZI","TEHSIL","MEWATI",2,1,1,NA,2,1,1,NA,NA,NA,NA,NA
"KPK","HAZARA","HARIPUR","GHAZI","TEHSIL","OTHERS",6906,3432,3474,NA,6906,3432,3474,NA,NA,NA,NA,NA
"KPK","HAZARA","HARIPUR","GHAZI","TEHSIL","PUNJABI",4018,1789,2229,NA,4018,1789,2229,NA,NA,NA,NA,NA
"KPK","HAZARA","HARIPUR","GHAZI","TEHSIL","PUSHTO",53252,26620,26631,1,53252,26620,26631,1,NA,NA,NA,NA
"KPK","HAZARA","HARIPUR","GHAZI","TEHSIL","SARAIKI",337,158,179,NA,337,158,179,NA,NA,NA,NA,NA
"KPK","HAZARA","HARIPUR","GHAZI","TEHSIL","SHINA",180,92,88,NA,180,92,88,NA,NA,NA,NA,NA
"KPK","HAZARA","HARIPUR","GHAZI","TEHSIL","SINDHI",402,192,210,NA,402,192,210,NA,NA,NA,NA,NA
"KPK","HAZARA","HARIPUR","GHAZI","TEHSIL","TOTAL",151446,76048,75396,2,151446,76048,75396,2,NA,NA,NA,NA
"KPK","HAZARA","HARIPUR","GHAZI","TEHSIL","URDU",1177,584,593,NA,1177,584,593,NA,NA,NA,NA,NA
"KPK","BANNU","LAKKI MARWAT","GHAZNI KHEL","TEHSIL","BALOCHI",285,146,139,NA,285,146,139,NA,NA,NA,NA,NA
"KPK","BANNU","LAKKI MARWAT","GHAZNI KHEL","TEHSIL","BALTI",NA,NA,NA,NA,NA,NA,NA,NA,NA,NA,NA,NA
"KPK","BANNU","LAKKI MARWAT","GHAZNI KHEL","TEHSIL","BRAHVI",NA,NA,NA,NA,NA,NA,NA,NA,NA,NA,NA,NA
"KPK","BANNU","LAKKI MARWAT","GHAZNI KHEL","TEHSIL","HINDKO",1,NA,1,NA,1,NA,1,NA,NA,NA,NA,NA
"KPK","BANNU","LAKKI MARWAT","GHAZNI KHEL","TEHSIL","KALASHA",5,4,1,NA,5,4,1,NA,NA,NA,NA,NA
"KPK","BANNU","LAKKI MARWAT","GHAZNI KHEL","TEHSIL","KASHMIRI",1,NA,1,NA,1,NA,1,NA,NA,NA,NA,NA
"KPK","BANNU","LAKKI MARWAT","GHAZNI KHEL","TEHSIL","KOHIOSTANI",NA,NA,NA,NA,NA,NA,NA,NA,NA,NA,NA,NA
"KPK","BANNU","LAKKI MARWAT","GHAZNI KHEL","TEHSIL","MEWATI",NA,NA,NA,NA,NA,NA,NA,NA,NA,NA,NA,NA
"KPK","BANNU","LAKKI MARWAT","GHAZNI KHEL","TEHSIL","OTHERS",17,4,13,NA,17,4,13,NA,NA,NA,NA,NA
"KPK","BANNU","LAKKI MARWAT","GHAZNI KHEL","TEHSIL","PUNJABI",311,144,167,NA,311,144,167,NA,NA,NA,NA,NA
"KPK","BANNU","LAKKI MARWAT","GHAZNI KHEL","TEHSIL","PUSHTO",326571,162320,164248,3,326571,162320,164248,3,NA,NA,NA,NA
"KPK","BANNU","LAKKI MARWAT","GHAZNI KHEL","TEHSIL","SARAIKI",261,137,124,NA,261,137,124,NA,NA,NA,NA,NA
"KPK","BANNU","LAKKI MARWAT","GHAZNI KHEL","TEHSIL","SHINA",NA,NA,NA,NA,NA,NA,NA,NA,NA,NA,NA,NA
"KPK","BANNU","LAKKI MARWAT","GHAZNI KHEL","TEHSIL","SINDHI",36,18,18,NA,36,18,18,NA,NA,NA,NA,NA
"KPK","BANNU","LAKKI MARWAT","GHAZNI KHEL","TEHSIL","TOTAL",327584,162827,164754,3,327584,162827,164754,3,NA,NA,NA,NA
"KPK","BANNU","LAKKI MARWAT","GHAZNI KHEL","TEHSIL","URDU",96,54,42,NA,96,54,42,NA,NA,NA,NA,NA
"KPK","BANNU","NORTH WAZIRISTAN","GHULAM KHAN","TEHSIL","BALOCHI",13,5,7,1,13,5,7,1,NA,NA,NA,NA
"KPK","BANNU","NORTH WAZIRISTAN","GHULAM KHAN","TEHSIL","BALTI",NA,NA,NA,NA,NA,NA,NA,NA,NA,NA,NA,NA
"KPK","BANNU","NORTH WAZIRISTAN","GHULAM KHAN","TEHSIL","BRAHVI",NA,NA,NA,NA,NA,NA,NA,NA,NA,NA,NA,NA
"KPK","BANNU","NORTH WAZIRISTAN","GHULAM KHAN","TEHSIL","HINDKO",NA,NA,NA,NA,NA,NA,NA,NA,NA,NA,NA,NA
"KPK","BANNU","NORTH WAZIRISTAN","GHULAM KHAN","TEHSIL","KALASHA",NA,NA,NA,NA,NA,NA,NA,NA,NA,NA,NA,NA
"KPK","BANNU","NORTH WAZIRISTAN","GHULAM KHAN","TEHSIL","KASHMIRI",NA,NA,NA,NA,NA,NA,NA,NA,NA,NA,NA,NA
"KPK","BANNU","NORTH WAZIRISTAN","GHULAM KHAN","TEHSIL","KOHIOSTANI",NA,NA,NA,NA,NA,NA,NA,NA,NA,NA,NA,NA
"KPK","BANNU","NORTH WAZIRISTAN","GHULAM KHAN","TEHSIL","MEWATI",NA,NA,NA,NA,NA,NA,NA,NA,NA,NA,NA,NA
"KPK","BANNU","NORTH WAZIRISTAN","GHULAM KHAN","TEHSIL","OTHERS",NA,NA,NA,NA,NA,NA,NA,NA,NA,NA,NA,NA
"KPK","BANNU","NORTH WAZIRISTAN","GHULAM KHAN","TEHSIL","PUNJABI",NA,NA,NA,NA,NA,NA,NA,NA,NA,NA,NA,NA
"KPK","BANNU","NORTH WAZIRISTAN","GHULAM KHAN","TEHSIL","PUSHTO",30996,15551,15445,NA,30996,15551,15445,NA,NA,NA,NA,NA
"KPK","BANNU","NORTH WAZIRISTAN","GHULAM KHAN","TEHSIL","SARAIKI",NA,NA,NA,NA,NA,NA,NA,NA,NA,NA,NA,NA
"KPK","BANNU","NORTH WAZIRISTAN","GHULAM KHAN","TEHSIL","SHINA",NA,NA,NA,NA,NA,NA,NA,NA,NA,NA,NA,NA
"KPK","BANNU","NORTH WAZIRISTAN","GHULAM KHAN","TEHSIL","SINDHI",1,NA,1,NA,1,NA,1,NA,NA,NA,NA,NA
"KPK","BANNU","NORTH WAZIRISTAN","GHULAM KHAN","TEHSIL","TOTAL",31015,15559,15455,1,31015,15559,15455,1,NA,NA,NA,NA
"KPK","BANNU","NORTH WAZIRISTAN","GHULAM KHAN","TEHSIL","URDU",5,3,2,NA,5,3,2,NA,NA,NA,NA,NA
"KPK","KOHAT","KOHAT","GUMBAT","TEHSIL","BALOCHI",32,22,10,NA,32,22,10,NA,NA,NA,NA,NA
"KPK","KOHAT","KOHAT","GUMBAT","TEHSIL","BALTI",NA,NA,NA,NA,NA,NA,NA,NA,NA,NA,NA,NA
"KPK","KOHAT","KOHAT","GUMBAT","TEHSIL","BRAHVI",7,5,2,NA,7,5,2,NA,NA,NA,NA,NA
"KPK","KOHAT","KOHAT","GUMBAT","TEHSIL","HINDKO",20387,10127,10260,NA,20387,10127,10260,NA,NA,NA,NA,NA
"KPK","KOHAT","KOHAT","GUMBAT","TEHSIL","KALASHA",NA,NA,NA,NA,NA,NA,NA,NA,NA,NA,NA,NA
"KPK","KOHAT","KOHAT","GUMBAT","TEHSIL","KASHMIRI",1,NA,1,NA,1,NA,1,NA,NA,NA,NA,NA
"KPK","KOHAT","KOHAT","GUMBAT","TEHSIL","KOHIOSTANI",NA,NA,NA,NA,NA,NA,NA,NA,NA,NA,NA,NA
"KPK","KOHAT","KOHAT","GUMBAT","TEHSIL","MEWATI",NA,NA,NA,NA,NA,NA,NA,NA,NA,NA,NA,NA
"KPK","KOHAT","KOHAT","GUMBAT","TEHSIL","OTHERS",6,3,3,NA,6,3,3,NA,NA,NA,NA,NA
"KPK","KOHAT","KOHAT","GUMBAT","TEHSIL","PUNJABI",47,23,24,NA,47,23,24,NA,NA,NA,NA,NA
"KPK","KOHAT","KOHAT","GUMBAT","TEHSIL","PUSHTO",103962,51282,52679,1,103962,51282,52679,1,NA,NA,NA,NA
"KPK","KOHAT","KOHAT","GUMBAT","TEHSIL","SARAIKI",13,6,7,NA,13,6,7,NA,NA,NA,NA,NA
"KPK","KOHAT","KOHAT","GUMBAT","TEHSIL","SHINA",NA,NA,NA,NA,NA,NA,NA,NA,NA,NA,NA,NA
"KPK","KOHAT","KOHAT","GUMBAT","TEHSIL","SINDHI",3,2,1,NA,3,2,1,NA,NA,NA,NA,NA
"KPK","KOHAT","KOHAT","GUMBAT","TEHSIL","TOTAL",124530,61502,63027,1,124530,61502,63027,1,NA,NA,NA,NA
"KPK","KOHAT","KOHAT","GUMBAT","TEHSIL","URDU",72,32,40,NA,72,32,40,NA,NA,NA,NA,NA
"KPK","PESHAWAR","MOHMAND","HALIM ZAI","TEHSIL","BALOCHI",46,16,30,NA,46,16,30,NA,NA,NA,NA,NA
"KPK","PESHAWAR","MOHMAND","HALIM ZAI","TEHSIL","BALTI",NA,NA,NA,NA,NA,NA,NA,NA,NA,NA,NA,NA
"KPK","PESHAWAR","MOHMAND","HALIM ZAI","TEHSIL","BRAHVI",NA,NA,NA,NA,NA,NA,NA,NA,NA,NA,NA,NA
"KPK","PESHAWAR","MOHMAND","HALIM ZAI","TEHSIL","HINDKO",8,3,5,NA,8,3,5,NA,NA,NA,NA,NA
"KPK","PESHAWAR","MOHMAND","HALIM ZAI","TEHSIL","KALASHA",NA,NA,NA,NA,NA,NA,NA,NA,NA,NA,NA,NA
"KPK","PESHAWAR","MOHMAND","HALIM ZAI","TEHSIL","KASHMIRI",3,2,1,NA,3,2,1,NA,NA,NA,NA,NA
"KPK","PESHAWAR","MOHMAND","HALIM ZAI","TEHSIL","KOHIOSTANI",13,8,5,NA,13,8,5,NA,NA,NA,NA,NA
"KPK","PESHAWAR","MOHMAND","HALIM ZAI","TEHSIL","MEWATI",NA,NA,NA,NA,NA,NA,NA,NA,NA,NA,NA,NA
"KPK","PESHAWAR","MOHMAND","HALIM ZAI","TEHSIL","OTHERS",17,7,10,NA,17,7,10,NA,NA,NA,NA,NA
"KPK","PESHAWAR","MOHMAND","HALIM ZAI","TEHSIL","PUNJABI",238,126,112,NA,238,126,112,NA,NA,NA,NA,NA
"KPK","PESHAWAR","MOHMAND","HALIM ZAI","TEHSIL","PUSHTO",88760,43737,45022,1,88760,43737,45022,1,NA,NA,NA,NA
"KPK","PESHAWAR","MOHMAND","HALIM ZAI","TEHSIL","SARAIKI",11,5,6,NA,11,5,6,NA,NA,NA,NA,NA
"KPK","PESHAWAR","MOHMAND","HALIM ZAI","TEHSIL","SHINA",NA,NA,NA,NA,NA,NA,NA,NA,NA,NA,NA,NA
"KPK","PESHAWAR","MOHMAND","HALIM ZAI","TEHSIL","SINDHI",7,4,3,NA,7,4,3,NA,NA,NA,NA,NA
"KPK","PESHAWAR","MOHMAND","HALIM ZAI","TEHSIL","TOTAL",89149,43933,45215,1,89149,43933,45215,1,NA,NA,NA,NA
"KPK","PESHAWAR","MOHMAND","HALIM ZAI","TEHSIL","URDU",46,25,21,NA,46,25,21,NA,NA,NA,NA,NA
"KPK","KOHAT","HANGU","HANGU","TEHSIL","BALOCHI",231,125,106,NA,189,102,87,NA,42,23,19,NA
"KPK","KOHAT","HANGU","HANGU","TEHSIL","BALTI",1,1,NA,NA,1,1,NA,NA,NA,NA,NA,NA
"KPK","KOHAT","HANGU","HANGU","TEHSIL","BRAHVI",NA,NA,NA,NA,NA,NA,NA,NA,NA,NA,NA,NA
"KPK","KOHAT","HANGU","HANGU","TEHSIL","HINDKO",22,14,8,NA,13,8,5,NA,9,6,3,NA
"KPK","KOHAT","HANGU","HANGU","TEHSIL","KALASHA",NA,NA,NA,NA,NA,NA,NA,NA,NA,NA,NA,NA
"KPK","KOHAT","HANGU","HANGU","TEHSIL","KASHMIRI",24,10,14,NA,3,NA,3,NA,21,10,11,NA
"KPK","KOHAT","HANGU","HANGU","TEHSIL","KOHIOSTANI",NA,NA,NA,NA,NA,NA,NA,NA,NA,NA,NA,NA
"KPK","KOHAT","HANGU","HANGU","TEHSIL","MEWATI",NA,NA,NA,NA,NA,NA,NA,NA,NA,NA,NA,NA
"KPK","KOHAT","HANGU","HANGU","TEHSIL","OTHERS",10,4,6,NA,3,2,1,NA,7,2,5,NA
"KPK","KOHAT","HANGU","HANGU","TEHSIL","PUNJABI",320,159,161,NA,23,9,14,NA,297,150,147,NA
"KPK","KOHAT","HANGU","HANGU","TEHSIL","PUSHTO",279806,141925,137879,2,236720,120549,116170,1,43086,21376,21709,1
"KPK","KOHAT","HANGU","HANGU","TEHSIL","SARAIKI",23,10,13,NA,1,1,NA,NA,22,9,13,NA
"KPK","KOHAT","HANGU","HANGU","TEHSIL","SHINA",NA,NA,NA,NA,NA,NA,NA,NA,NA,NA,NA,NA
"KPK","KOHAT","HANGU","HANGU","TEHSIL","SINDHI",22,10,12,NA,18,8,10,NA,4,2,2,NA
"KPK","KOHAT","HANGU","HANGU","TEHSIL","TOTAL",280703,142393,138308,2,237089,120747,116341,1,43614,21646,21967,1
"KPK","KOHAT","HANGU","HANGU","TEHSIL","URDU",244,135,109,NA,118,67,51,NA,126,68,58,NA
"KPK","HAZARA","UPPER KOHISTAN","HARBAN BHASHA","TEHSIL","BALOCHI",NA,NA,NA,NA,NA,NA,NA,NA,NA,NA,NA,NA
"KPK","HAZARA","UPPER KOHISTAN","HARBAN BHASHA","TEHSIL","BALTI",7,2,5,NA,7,2,5,NA,NA,NA,NA,NA
"KPK","HAZARA","UPPER KOHISTAN","HARBAN BHASHA","TEHSIL","BRAHVI",NA,NA,NA,NA,NA,NA,NA,NA,NA,NA,NA,NA
"KPK","HAZARA","UPPER KOHISTAN","HARBAN BHASHA","TEHSIL","HINDKO",8,2,6,NA,8,2,6,NA,NA,NA,NA,NA
"KPK","HAZARA","UPPER KOHISTAN","HARBAN BHASHA","TEHSIL","KALASHA",1,1,NA,NA,1,1,NA,NA,NA,NA,NA,NA
"KPK","HAZARA","UPPER KOHISTAN","HARBAN BHASHA","TEHSIL","KASHMIRI",1,1,NA,NA,1,1,NA,NA,NA,NA,NA,NA
"KPK","HAZARA","UPPER KOHISTAN","HARBAN BHASHA","TEHSIL","KOHIOSTANI",3722,2007,1715,NA,3722,2007,1715,NA,NA,NA,NA,NA
"KPK","HAZARA","UPPER KOHISTAN","HARBAN BHASHA","TEHSIL","MEWATI",NA,NA,NA,NA,NA,NA,NA,NA,NA,NA,NA,NA
"KPK","HAZARA","UPPER KOHISTAN","HARBAN BHASHA","TEHSIL","OTHERS",5,1,4,NA,5,1,4,NA,NA,NA,NA,NA
"KPK","HAZARA","UPPER KOHISTAN","HARBAN BHASHA","TEHSIL","PUNJABI",2,2,NA,NA,2,2,NA,NA,NA,NA,NA,NA
"KPK","HAZARA","UPPER KOHISTAN","HARBAN BHASHA","TEHSIL","PUSHTO",9,3,6,NA,9,3,6,NA,NA,NA,NA,NA
"KPK","HAZARA","UPPER KOHISTAN","HARBAN BHASHA","TEHSIL","SARAIKI",NA,NA,NA,NA,NA,NA,NA,NA,NA,NA,NA,NA
"KPK","HAZARA","UPPER KOHISTAN","HARBAN BHASHA","TEHSIL","SHINA",40887,21932,18954,1,40887,21932,18954,1,NA,NA,NA,NA
"KPK","HAZARA","UPPER KOHISTAN","HARBAN BHASHA","TEHSIL","SINDHI",NA,NA,NA,NA,NA,NA,NA,NA,NA,NA,NA,NA
"KPK","HAZARA","UPPER KOHISTAN","HARBAN BHASHA","TEHSIL","TOTAL",44676,23967,20708,1,44676,23967,20708,1,NA,NA,NA,NA
"KPK","HAZARA","UPPER KOHISTAN","HARBAN BHASHA","TEHSIL","URDU",34,16,18,NA,34,16,18,NA,NA,NA,NA,NA
"KPK","HAZARA","HARIPUR","HARIPUR","TEHSIL","BALOCHI",166,94,72,NA,59,31,28,NA,107,63,44,NA
"KPK","HAZARA","HARIPUR","HARIPUR","TEHSIL","BALTI",30,12,18,NA,20,11,9,NA,10,1,9,NA
"KPK","HAZARA","HARIPUR","HARIPUR","TEHSIL","BRAHVI",229,118,111,NA,193,103,90,NA,36,15,21,NA
"KPK","HAZARA","HARIPUR","HARIPUR","TEHSIL","HINDKO",689832,341803,348006,23,566737,280281,286448,8,123095,61522,61558,15
"KPK","HAZARA","HARIPUR","HARIPUR","TEHSIL","KALASHA",11,5,6,NA,8,3,5,NA,3,2,1,NA
"KPK","HAZARA","HARIPUR","HARIPUR","TEHSIL","KASHMIRI",452,237,215,NA,380,205,175,NA,72,32,40,NA
"KPK","HAZARA","HARIPUR","HARIPUR","TEHSIL","KOHIOSTANI",2630,1240,1390,NA,2438,1174,1264,NA,192,66,126,NA
"KPK","HAZARA","HARIPUR","HARIPUR","TEHSIL","MEWATI",5,3,2,NA,5,3,2,NA,NA,NA,NA,NA
"KPK","HAZARA","HARIPUR","HARIPUR","TEHSIL","OTHERS",6100,2901,3199,NA,5737,2721,3016,NA,363,180,183,NA
"KPK","HAZARA","HARIPUR","HARIPUR","TEHSIL","PUNJABI",7019,3339,3674,6,4616,2154,2462,NA,2403,1185,1212,6
"KPK","HAZARA","HARIPUR","HARIPUR","TEHSIL","PUSHTO",107464,51988,55471,5,93445,45381,48062,2,14019,6607,7409,3
"KPK","HAZARA","HARIPUR","HARIPUR","TEHSIL","SARAIKI",939,445,492,2,582,267,315,NA,357,178,177,2
"KPK","HAZARA","HARIPUR","HARIPUR","TEHSIL","SHINA",363,170,193,NA,334,155,179,NA,29,15,14,NA
"KPK","HAZARA","HARIPUR","HARIPUR","TEHSIL","SINDHI",421,200,221,NA,324,147,177,NA,97,53,44,NA
"KPK","HAZARA","HARIPUR","HARIPUR","TEHSIL","TOTAL",834974,412411,422523,40,687614,339061,348543,10,147360,73350,73980,30
"KPK","HAZARA","HARIPUR","HARIPUR","TEHSIL","URDU",19313,9856,9453,4,12736,6425,6311,NA,6577,3431,3142,4
"KPK","PESHAWAR","PESHAWAR","HASSAN KHEL","SUB-DIVISION","BALOCHI",67,36,31,NA,67,36,31,NA,NA,NA,NA,NA
"KPK","PESHAWAR","PESHAWAR","HASSAN KHEL","SUB-DIVISION","BALTI",NA,NA,NA,NA,NA,NA,NA,NA,NA,NA,NA,NA
"KPK","PESHAWAR","PESHAWAR","HASSAN KHEL","SUB-DIVISION","BRAHVI",NA,NA,NA,NA,NA,NA,NA,NA,NA,NA,NA,NA
"KPK","PESHAWAR","PESHAWAR","HASSAN KHEL","SUB-DIVISION","HINDKO",35,19,16,NA,35,19,16,NA,NA,NA,NA,NA
"KPK","PESHAWAR","PESHAWAR","HASSAN KHEL","SUB-DIVISION","KALASHA",NA,NA,NA,NA,NA,NA,NA,NA,NA,NA,NA,NA
"KPK","PESHAWAR","PESHAWAR","HASSAN KHEL","SUB-DIVISION","KASHMIRI",2,1,1,NA,2,1,1,NA,NA,NA,NA,NA
"KPK","PESHAWAR","PESHAWAR","HASSAN KHEL","SUB-DIVISION","KOHIOSTANI",NA,NA,NA,NA,NA,NA,NA,NA,NA,NA,NA,NA
"KPK","PESHAWAR","PESHAWAR","HASSAN KHEL","SUB-DIVISION","MEWATI",NA,NA,NA,NA,NA,NA,NA,NA,NA,NA,NA,NA
"KPK","PESHAWAR","PESHAWAR","HASSAN KHEL","SUB-DIVISION","OTHERS",NA,NA,NA,NA,NA,NA,NA,NA,NA,NA,NA,NA
"KPK","PESHAWAR","PESHAWAR","HASSAN KHEL","SUB-DIVISION","PUNJABI",3,1,2,NA,3,1,2,NA,NA,NA,NA,NA
"KPK","PESHAWAR","PESHAWAR","HASSAN KHEL","SUB-DIVISION","PUSHTO",72401,36777,35624,NA,72401,36777,35624,NA,NA,NA,NA,NA
"KPK","PESHAWAR","PESHAWAR","HASSAN KHEL","SUB-DIVISION","SARAIKI",NA,NA,NA,NA,NA,NA,NA,NA,NA,NA,NA,NA
"KPK","PESHAWAR","PESHAWAR","HASSAN KHEL","SUB-DIVISION","SHINA",NA,NA,NA,NA,NA,NA,NA,NA,NA,NA,NA,NA
"KPK","PESHAWAR","PESHAWAR","HASSAN KHEL","SUB-DIVISION","SINDHI",8,1,7,NA,8,1,7,NA,NA,NA,NA,NA
"KPK","PESHAWAR","PESHAWAR","HASSAN KHEL","SUB-DIVISION","TOTAL",72547,36854,35693,NA,72547,36854,35693,NA,NA,NA,NA,NA
"KPK","PESHAWAR","PESHAWAR","HASSAN KHEL","SUB-DIVISION","URDU",31,19,12,NA,31,19,12,NA,NA,NA,NA,NA
"KPK","HAZARA","ABBOTTABAD","HAVELIAN","TEHSIL","BALOCHI",65,37,28,NA,16,9,7,NA,49,28,21,NA
"KPK","HAZARA","ABBOTTABAD","HAVELIAN","TEHSIL","BALTI",19,12,7,NA,3,3,NA,NA,16,9,7,NA
"KPK","HAZARA","ABBOTTABAD","HAVELIAN","TEHSIL","BRAHVI",91,45,46,NA,73,37,36,NA,18,8,10,NA
"KPK","HAZARA","ABBOTTABAD","HAVELIAN","TEHSIL","HINDKO",236897,119199,117691,7,189936,95572,94362,2,46961,23627,23329,5
"KPK","HAZARA","ABBOTTABAD","HAVELIAN","TEHSIL","KALASHA",NA,NA,NA,NA,NA,NA,NA,NA,NA,NA,NA,NA
"KPK","HAZARA","ABBOTTABAD","HAVELIAN","TEHSIL","KASHMIRI",240,110,128,2,19,10,9,NA,221,100,119,2
"KPK","HAZARA","ABBOTTABAD","HAVELIAN","TEHSIL","KOHIOSTANI",1153,554,599,NA,961,473,488,NA,192,81,111,NA
"KPK","HAZARA","ABBOTTABAD","HAVELIAN","TEHSIL","MEWATI",12,6,6,NA,12,6,6,NA,NA,NA,NA,NA
"KPK","HAZARA","ABBOTTABAD","HAVELIAN","TEHSIL","OTHERS",869,418,451,NA,637,311,326,NA,232,107,125,NA
"KPK","HAZARA","ABBOTTABAD","HAVELIAN","TEHSIL","PUNJABI",1795,873,919,3,93,38,55,NA,1702,835,864,3
"KPK","HAZARA","ABBOTTABAD","HAVELIAN","TEHSIL","PUSHTO",7263,3548,3690,25,2200,1095,1105,NA,5063,2453,2585,25
"KPK","HAZARA","ABBOTTABAD","HAVELIAN","TEHSIL","SARAIKI",355,163,189,3,83,39,44,NA,272,124,145,3
"KPK","HAZARA","ABBOTTABAD","HAVELIAN","TEHSIL","SHINA",177,90,87,NA,109,55,54,NA,68,35,33,NA
"KPK","HAZARA","ABBOTTABAD","HAVELIAN","TEHSIL","SINDHI",295,130,162,3,15,7,8,NA,280,123,154,3
"KPK","HAZARA","ABBOTTABAD","HAVELIAN","TEHSIL","TOTAL",256710,129110,127556,44,200329,100931,99396,2,56381,28179,28160,42
"KPK","HAZARA","ABBOTTABAD","HAVELIAN","TEHSIL","URDU",7479,3925,3553,1,6172,3276,2896,NA,1307,649,657,1
"KPK","KOHAT","ORAKZAI","ISMAIL ZAI","TEHSIL","BALOCHI",12,8,4,NA,12,8,4,NA,NA,NA,NA,NA
"KPK","KOHAT","ORAKZAI","ISMAIL ZAI","TEHSIL","BALTI",NA,NA,NA,NA,NA,NA,NA,NA,NA,NA,NA,NA
"KPK","KOHAT","ORAKZAI","ISMAIL ZAI","TEHSIL","BRAHVI",NA,NA,NA,NA,NA,NA,NA,NA,NA,NA,NA,NA
"KPK","KOHAT","ORAKZAI","ISMAIL ZAI","TEHSIL","HINDKO",NA,NA,NA,NA,NA,NA,NA,NA,NA,NA,NA,NA
"KPK","KOHAT","ORAKZAI","ISMAIL ZAI","TEHSIL","KALASHA",NA,NA,NA,NA,NA,NA,NA,NA,NA,NA,NA,NA
"KPK","KOHAT","ORAKZAI","ISMAIL ZAI","TEHSIL","KASHMIRI",1,NA,1,NA,1,NA,1,NA,NA,NA,NA,NA
"KPK","KOHAT","ORAKZAI","ISMAIL ZAI","TEHSIL","KOHIOSTANI",NA,NA,NA,NA,NA,NA,NA,NA,NA,NA,NA,NA
"KPK","KOHAT","ORAKZAI","ISMAIL ZAI","TEHSIL","MEWATI",NA,NA,NA,NA,NA,NA,NA,NA,NA,NA,NA,NA
"KPK","KOHAT","ORAKZAI","ISMAIL ZAI","TEHSIL","OTHERS",1,NA,1,NA,1,NA,1,NA,NA,NA,NA,NA
"KPK","KOHAT","ORAKZAI","ISMAIL ZAI","TEHSIL","PUNJABI",3,3,NA,NA,3,3,NA,NA,NA,NA,NA,NA
"KPK","KOHAT","ORAKZAI","ISMAIL ZAI","TEHSIL","PUSHTO",39266,18893,20373,NA,39266,18893,20373,NA,NA,NA,NA,NA
"KPK","KOHAT","ORAKZAI","ISMAIL ZAI","TEHSIL","SARAIKI",NA,NA,NA,NA,NA,NA,NA,NA,NA,NA,NA,NA
"KPK","KOHAT","ORAKZAI","ISMAIL ZAI","TEHSIL","SHINA",NA,NA,NA,NA,NA,NA,NA,NA,NA,NA,NA,NA
"KPK","KOHAT","ORAKZAI","ISMAIL ZAI","TEHSIL","SINDHI",1,NA,1,NA,1,NA,1,NA,NA,NA,NA,NA
"KPK","KOHAT","ORAKZAI","ISMAIL ZAI","TEHSIL","TOTAL",39328,18925,20403,NA,39328,18925,20403,NA,NA,NA,NA,NA
"KPK","KOHAT","ORAKZAI","ISMAIL ZAI","TEHSIL","URDU",44,21,23,NA,44,21,23,NA,NA,NA,NA,NA
"KPK","PESHAWAR","KHYBER","JAMRUD","TEHSIL","BALOCHI",239,116,123,NA,170,81,89,NA,69,35,34,NA
"KPK","PESHAWAR","KHYBER","JAMRUD","TEHSIL","BALTI",NA,NA,NA,NA,NA,NA,NA,NA,NA,NA,NA,NA
"KPK","PESHAWAR","KHYBER","JAMRUD","TEHSIL","BRAHVI",NA,NA,NA,NA,NA,NA,NA,NA,NA,NA,NA,NA
"KPK","PESHAWAR","KHYBER","JAMRUD","TEHSIL","HINDKO",6,4,2,NA,4,2,2,NA,2,2,NA,NA
"KPK","PESHAWAR","KHYBER","JAMRUD","TEHSIL","KALASHA",NA,NA,NA,NA,NA,NA,NA,NA,NA,NA,NA,NA
"KPK","PESHAWAR","KHYBER","JAMRUD","TEHSIL","KASHMIRI",1,1,NA,NA,NA,NA,NA,NA,1,1,NA,NA
"KPK","PESHAWAR","KHYBER","JAMRUD","TEHSIL","KOHIOSTANI",10,4,6,NA,10,4,6,NA,NA,NA,NA,NA
"KPK","PESHAWAR","KHYBER","JAMRUD","TEHSIL","MEWATI",NA,NA,NA,NA,NA,NA,NA,NA,NA,NA,NA,NA
"KPK","PESHAWAR","KHYBER","JAMRUD","TEHSIL","OTHERS",603,271,332,NA,480,215,265,NA,123,56,67,NA
"KPK","PESHAWAR","KHYBER","JAMRUD","TEHSIL","PUNJABI",38,24,14,NA,35,23,12,NA,3,1,2,NA
"KPK","PESHAWAR","KHYBER","JAMRUD","TEHSIL","PUSHTO",241793,114206,127584,3,185705,87463,98239,3,56088,26743,29345,NA
"KPK","PESHAWAR","KHYBER","JAMRUD","TEHSIL","SARAIKI",NA,NA,NA,NA,NA,NA,NA,NA,NA,NA,NA,NA
"KPK","PESHAWAR","KHYBER","JAMRUD","TEHSIL","SHINA",1,1,NA,NA,1,1,NA,NA,NA,NA,NA,NA
"KPK","PESHAWAR","KHYBER","JAMRUD","TEHSIL","SINDHI",24,10,14,NA,19,8,11,NA,5,2,3,NA
"KPK","PESHAWAR","KHYBER","JAMRUD","TEHSIL","TOTAL",243005,114779,128223,3,186492,87837,98652,3,56513,26942,29571,NA
"KPK","PESHAWAR","KHYBER","JAMRUD","TEHSIL","URDU",290,142,148,NA,68,40,28,NA,222,102,120,NA
"KPK","DERA ISMAIL KHAN","TANK","JANDOLA","SUB-DIVISION","BALOCHI",12,6,6,NA,12,6,6,NA,NA,NA,NA,NA
"KPK","DERA ISMAIL KHAN","TANK","JANDOLA","SUB-DIVISION","BALTI",NA,NA,NA,NA,NA,NA,NA,NA,NA,NA,NA,NA
"KPK","DERA ISMAIL KHAN","TANK","JANDOLA","SUB-DIVISION","BRAHVI",1,NA,1,NA,1,NA,1,NA,NA,NA,NA,NA
"KPK","DERA ISMAIL KHAN","TANK","JANDOLA","SUB-DIVISION","HINDKO",NA,NA,NA,NA,NA,NA,NA,NA,NA,NA,NA,NA
"KPK","DERA ISMAIL KHAN","TANK","JANDOLA","SUB-DIVISION","KALASHA",NA,NA,NA,NA,NA,NA,NA,NA,NA,NA,NA,NA
"KPK","DERA ISMAIL KHAN","TANK","JANDOLA","SUB-DIVISION","KASHMIRI",NA,NA,NA,NA,NA,NA,NA,NA,NA,NA,NA,NA
"KPK","DERA ISMAIL KHAN","TANK","JANDOLA","SUB-DIVISION","KOHIOSTANI",1,NA,1,NA,1,NA,1,NA,NA,NA,NA,NA
"KPK","DERA ISMAIL KHAN","TANK","JANDOLA","SUB-DIVISION","MEWATI",NA,NA,NA,NA,NA,NA,NA,NA,NA,NA,NA,NA
"KPK","DERA ISMAIL KHAN","TANK","JANDOLA","SUB-DIVISION","OTHERS",4,3,1,NA,4,3,1,NA,NA,NA,NA,NA
"KPK","DERA ISMAIL KHAN","TANK","JANDOLA","SUB-DIVISION","PUNJABI",16,1,15,NA,16,1,15,NA,NA,NA,NA,NA
"KPK","DERA ISMAIL KHAN","TANK","JANDOLA","SUB-DIVISION","PUSHTO",44737,21837,22900,NA,44737,21837,22900,NA,NA,NA,NA,NA
"KPK","DERA ISMAIL KHAN","TANK","JANDOLA","SUB-DIVISION","SARAIKI",8,1,7,NA,8,1,7,NA,NA,NA,NA,NA
"KPK","DERA ISMAIL KHAN","TANK","JANDOLA","SUB-DIVISION","SHINA",3,NA,3,NA,3,NA,3,NA,NA,NA,NA,NA
"KPK","DERA ISMAIL KHAN","TANK","JANDOLA","SUB-DIVISION","SINDHI",4,2,2,NA,4,2,2,NA,NA,NA,NA,NA
"KPK","DERA ISMAIL KHAN","TANK","JANDOLA","SUB-DIVISION","TOTAL",44794,21856,22938,NA,44794,21856,22938,NA,NA,NA,NA,NA
"KPK","DERA ISMAIL KHAN","TANK","JANDOLA","SUB-DIVISION","URDU",8,6,2,NA,8,6,2,NA,NA,NA,NA,NA
"KPK","PESHAWAR","NOWSHERA","JEHANGIRA","TEHSIL","BALOCHI",299,178,121,NA,242,150,92,NA,57,28,29,NA
"KPK","PESHAWAR","NOWSHERA","JEHANGIRA","TEHSIL","BALTI",NA,NA,NA,NA,NA,NA,NA,NA,NA,NA,NA,NA
"KPK","PESHAWAR","NOWSHERA","JEHANGIRA","TEHSIL","BRAHVI",18,15,3,NA,14,11,3,NA,4,4,NA,NA
"KPK","PESHAWAR","NOWSHERA","JEHANGIRA","TEHSIL","HINDKO",24494,12027,12467,NA,16944,8284,8660,NA,7550,3743,3807,NA
"KPK","PESHAWAR","NOWSHERA","JEHANGIRA","TEHSIL","KALASHA",1,1,NA,NA,NA,NA,NA,NA,1,1,NA,NA
"KPK","PESHAWAR","NOWSHERA","JEHANGIRA","TEHSIL","KASHMIRI",58,26,32,NA,50,22,28,NA,8,4,4,NA
"KPK","PESHAWAR","NOWSHERA","JEHANGIRA","TEHSIL","KOHIOSTANI",223,95,128,NA,74,31,43,NA,149,64,85,NA
"KPK","PESHAWAR","NOWSHERA","JEHANGIRA","TEHSIL","MEWATI",NA,NA,NA,NA,NA,NA,NA,NA,NA,NA,NA,NA
"KPK","PESHAWAR","NOWSHERA","JEHANGIRA","TEHSIL","OTHERS",275,116,159,NA,152,57,95,NA,123,59,64,NA
"KPK","PESHAWAR","NOWSHERA","JEHANGIRA","TEHSIL","PUNJABI",526,260,266,NA,223,111,112,NA,303,149,154,NA
"KPK","PESHAWAR","NOWSHERA","JEHANGIRA","TEHSIL","PUSHTO",408322,203553,204764,5,330133,164581,165548,4,78189,38972,39216,1
"KPK","PESHAWAR","NOWSHERA","JEHANGIRA","TEHSIL","SARAIKI",39,23,16,NA,30,15,15,NA,9,8,1,NA
"KPK","PESHAWAR","NOWSHERA","JEHANGIRA","TEHSIL","SHINA",1,1,NA,NA,1,1,NA,NA,NA,NA,NA,NA
"KPK","PESHAWAR","NOWSHERA","JEHANGIRA","TEHSIL","SINDHI",59,38,21,NA,38,26,12,NA,21,12,9,NA
"KPK","PESHAWAR","NOWSHERA","JEHANGIRA","TEHSIL","TOTAL",434984,216708,218271,5,348223,173463,174756,4,86761,43245,43515,1
"KPK","PESHAWAR","NOWSHERA","JEHANGIRA","TEHSIL","URDU",669,375,294,NA,322,174,148,NA,347,201,146,NA
"KPK","HAZARA","TORGHAR","JUDBA","TEHSIL","BALOCHI",38,19,19,NA,38,19,19,NA,NA,NA,NA,NA
"KPK","HAZARA","TORGHAR","JUDBA","TEHSIL","BALTI",1,NA,1,NA,1,NA,1,NA,NA,NA,NA,NA
"KPK","HAZARA","TORGHAR","JUDBA","TEHSIL","BRAHVI",NA,NA,NA,NA,NA,NA,NA,NA,NA,NA,NA,NA
"KPK","HAZARA","TORGHAR","JUDBA","TEHSIL","HINDKO",27,12,15,NA,27,12,15,NA,NA,NA,NA,NA
"KPK","HAZARA","TORGHAR","JUDBA","TEHSIL","KALASHA",NA,NA,NA,NA,NA,NA,NA,NA,NA,NA,NA,NA
"KPK","HAZARA","TORGHAR","JUDBA","TEHSIL","KASHMIRI",NA,NA,NA,NA,NA,NA,NA,NA,NA,NA,NA,NA
"KPK","HAZARA","TORGHAR","JUDBA","TEHSIL","KOHIOSTANI",27,9,18,NA,27,9,18,NA,NA,NA,NA,NA
"KPK","HAZARA","TORGHAR","JUDBA","TEHSIL","MEWATI",NA,NA,NA,NA,NA,NA,NA,NA,NA,NA,NA,NA
"KPK","HAZARA","TORGHAR","JUDBA","TEHSIL","OTHERS",7,3,4,NA,7,3,4,NA,NA,NA,NA,NA
"KPK","HAZARA","TORGHAR","JUDBA","TEHSIL","PUNJABI",4,4,NA,NA,4,4,NA,NA,NA,NA,NA,NA
"KPK","HAZARA","TORGHAR","JUDBA","TEHSIL","PUSHTO",62949,30926,32022,1,62949,30926,32022,1,NA,NA,NA,NA
"KPK","HAZARA","TORGHAR","JUDBA","TEHSIL","SARAIKI",NA,NA,NA,NA,NA,NA,NA,NA,NA,NA,NA,NA
"KPK","HAZARA","TORGHAR","JUDBA","TEHSIL","SHINA",NA,NA,NA,NA,NA,NA,NA,NA,NA,NA,NA,NA
"KPK","HAZARA","TORGHAR","JUDBA","TEHSIL","SINDHI",4,2,2,NA,4,2,2,NA,NA,NA,NA,NA
"KPK","HAZARA","TORGHAR","JUDBA","TEHSIL","TOTAL",63083,30987,32095,1,63083,30987,32095,1,NA,NA,NA,NA
"KPK","HAZARA","TORGHAR","JUDBA","TEHSIL","URDU",26,12,14,NA,26,12,14,NA,NA,NA,NA,NA
"KPK","MALAKAND","SWAT","KABAL","TEHSIL","BALOCHI",485,261,224,NA,375,197,178,NA,110,64,46,NA
"KPK","MALAKAND","SWAT","KABAL","TEHSIL","BALTI",NA,NA,NA,NA,NA,NA,NA,NA,NA,NA,NA,NA
"KPK","MALAKAND","SWAT","KABAL","TEHSIL","BRAHVI",NA,NA,NA,NA,NA,NA,NA,NA,NA,NA,NA,NA
"KPK","MALAKAND","SWAT","KABAL","TEHSIL","HINDKO",7,3,4,NA,1,1,NA,NA,6,2,4,NA
"KPK","MALAKAND","SWAT","KABAL","TEHSIL","KALASHA",NA,NA,NA,NA,NA,NA,NA,NA,NA,NA,NA,NA
"KPK","MALAKAND","SWAT","KABAL","TEHSIL","KASHMIRI",13,11,2,NA,10,8,2,NA,3,3,NA,NA
"KPK","MALAKAND","SWAT","KABAL","TEHSIL","KOHIOSTANI",112,50,62,NA,19,11,8,NA,93,39,54,NA
"KPK","MALAKAND","SWAT","KABAL","TEHSIL","MEWATI",NA,NA,NA,NA,NA,NA,NA,NA,NA,NA,NA,NA
"KPK","MALAKAND","SWAT","KABAL","TEHSIL","OTHERS",1992,916,1076,NA,933,430,503,NA,1059,486,573,NA
"KPK","MALAKAND","SWAT","KABAL","TEHSIL","PUNJABI",27,14,13,NA,12,9,3,NA,15,5,10,NA
"KPK","MALAKAND","SWAT","KABAL","TEHSIL","PUSHTO",477764,233254,244503,7,346735,171036,175696,3,131029,62218,68807,4
"KPK","MALAKAND","SWAT","KABAL","TEHSIL","SARAIKI",11,5,6,NA,3,2,1,NA,8,3,5,NA
"KPK","MALAKAND","SWAT","KABAL","TEHSIL","SHINA",NA,NA,NA,NA,NA,NA,NA,NA,NA,NA,NA,NA
"KPK","MALAKAND","SWAT","KABAL","TEHSIL","SINDHI",52,30,22,NA,38,22,16,NA,14,8,6,NA
"KPK","MALAKAND","SWAT","KABAL","TEHSIL","TOTAL",480692,234666,246019,7,348278,171791,176484,3,132414,62875,69535,4
"KPK","MALAKAND","SWAT","KABAL","TEHSIL","URDU",229,122,107,NA,152,75,77,NA,77,47,30,NA
"KPK","BANNU","BANNU","KAKKI","TEHSIL","BALOCHI",59,35,24,NA,59,35,24,NA,NA,NA,NA,NA
"KPK","BANNU","BANNU","KAKKI","TEHSIL","BALTI",NA,NA,NA,NA,NA,NA,NA,NA,NA,NA,NA,NA
"KPK","BANNU","BANNU","KAKKI","TEHSIL","BRAHVI",NA,NA,NA,NA,NA,NA,NA,NA,NA,NA,NA,NA
"KPK","BANNU","BANNU","KAKKI","TEHSIL","HINDKO",NA,NA,NA,NA,NA,NA,NA,NA,NA,NA,NA,NA
"KPK","BANNU","BANNU","KAKKI","TEHSIL","KALASHA",NA,NA,NA,NA,NA,NA,NA,NA,NA,NA,NA,NA
"KPK","BANNU","BANNU","KAKKI","TEHSIL","KASHMIRI",NA,NA,NA,NA,NA,NA,NA,NA,NA,NA,NA,NA
"KPK","BANNU","BANNU","KAKKI","TEHSIL","KOHIOSTANI",NA,NA,NA,NA,NA,NA,NA,NA,NA,NA,NA,NA
"KPK","BANNU","BANNU","KAKKI","TEHSIL","MEWATI",NA,NA,NA,NA,NA,NA,NA,NA,NA,NA,NA,NA
"KPK","BANNU","BANNU","KAKKI","TEHSIL","OTHERS",8,4,4,NA,8,4,4,NA,NA,NA,NA,NA
"KPK","BANNU","BANNU","KAKKI","TEHSIL","PUNJABI",2,1,1,NA,2,1,1,NA,NA,NA,NA,NA
"KPK","BANNU","BANNU","KAKKI","TEHSIL","PUSHTO",90242,43181,47060,1,90242,43181,47060,1,NA,NA,NA,NA
"KPK","BANNU","BANNU","KAKKI","TEHSIL","SARAIKI",NA,NA,NA,NA,NA,NA,NA,NA,NA,NA,NA,NA
"KPK","BANNU","BANNU","KAKKI","TEHSIL","SHINA",1,1,NA,NA,1,1,NA,NA,NA,NA,NA,NA
"KPK","BANNU","BANNU","KAKKI","TEHSIL","SINDHI",17,5,12,NA,17,5,12,NA,NA,NA,NA,NA
"KPK","BANNU","BANNU","KAKKI","TEHSIL","TOTAL",92021,44026,47994,1,92021,44026,47994,1,NA,NA,NA,NA
"KPK","BANNU","BANNU","KAKKI","TEHSIL","URDU",1692,799,893,NA,1692,799,893,NA,NA,NA,NA,NA
"KPK","HAZARA","UPPER KOHISTAN","KANDIA","SUB-DIVISION","BALOCHI",4,2,2,NA,4,2,2,NA,NA,NA,NA,NA
"KPK","HAZARA","UPPER KOHISTAN","KANDIA","SUB-DIVISION","BALTI",NA,NA,NA,NA,NA,NA,NA,NA,NA,NA,NA,NA
"KPK","HAZARA","UPPER KOHISTAN","KANDIA","SUB-DIVISION","BRAHVI",8,1,7,NA,8,1,7,NA,NA,NA,NA,NA
"KPK","HAZARA","UPPER KOHISTAN","KANDIA","SUB-DIVISION","HINDKO",3,2,1,NA,3,2,1,NA,NA,NA,NA,NA
"KPK","HAZARA","UPPER KOHISTAN","KANDIA","SUB-DIVISION","KALASHA",11,5,6,NA,11,5,6,NA,NA,NA,NA,NA
"KPK","HAZARA","UPPER KOHISTAN","KANDIA","SUB-DIVISION","KASHMIRI",6,2,4,NA,6,2,4,NA,NA,NA,NA,NA
"KPK","HAZARA","UPPER KOHISTAN","KANDIA","SUB-DIVISION","KOHIOSTANI",136983,63473,73509,1,136983,63473,73509,1,NA,NA,NA,NA
"KPK","HAZARA","UPPER KOHISTAN","KANDIA","SUB-DIVISION","MEWATI",1,NA,1,NA,1,NA,1,NA,NA,NA,NA,NA
"KPK","HAZARA","UPPER KOHISTAN","KANDIA","SUB-DIVISION","OTHERS",3962,1746,2216,NA,3962,1746,2216,NA,NA,NA,NA,NA
"KPK","HAZARA","UPPER KOHISTAN","KANDIA","SUB-DIVISION","PUNJABI",5,4,1,NA,5,4,1,NA,NA,NA,NA,NA
"KPK","HAZARA","UPPER KOHISTAN","KANDIA","SUB-DIVISION","PUSHTO",21,15,6,NA,21,15,6,NA,NA,NA,NA,NA
"KPK","HAZARA","UPPER KOHISTAN","KANDIA","SUB-DIVISION","SARAIKI",4,1,3,NA,4,1,3,NA,NA,NA,NA,NA
"KPK","HAZARA","UPPER KOHISTAN","KANDIA","SUB-DIVISION","SHINA",85,62,23,NA,85,62,23,NA,NA,NA,NA,NA
"KPK","HAZARA","UPPER KOHISTAN","KANDIA","SUB-DIVISION","SINDHI",3,1,2,NA,3,1,2,NA,NA,NA,NA,NA
"KPK","HAZARA","UPPER KOHISTAN","KANDIA","SUB-DIVISION","TOTAL",141271,65400,75870,1,141271,65400,75870,1,NA,NA,NA,NA
"KPK","HAZARA","UPPER KOHISTAN","KANDIA","SUB-DIVISION","URDU",175,86,89,NA,175,86,89,NA,NA,NA,NA,NA
"KPK","KOHAT","KARAK","KARAK","TEHSIL","BALOCHI",449,260,189,NA,310,176,134,NA,139,84,55,NA
"KPK","KOHAT","KARAK","KARAK","TEHSIL","BALTI",NA,NA,NA,NA,NA,NA,NA,NA,NA,NA,NA,NA
"KPK","KOHAT","KARAK","KARAK","TEHSIL","BRAHVI",NA,NA,NA,NA,NA,NA,NA,NA,NA,NA,NA,NA
"KPK","KOHAT","KARAK","KARAK","TEHSIL","HINDKO",1,1,NA,NA,1,1,NA,NA,NA,NA,NA,NA
"KPK","KOHAT","KARAK","KARAK","TEHSIL","KALASHA",NA,NA,NA,NA,NA,NA,NA,NA,NA,NA,NA,NA
"KPK","KOHAT","KARAK","KARAK","TEHSIL","KASHMIRI",5,1,4,NA,3,1,2,NA,2,NA,2,NA
"KPK","KOHAT","KARAK","KARAK","TEHSIL","KOHIOSTANI",1,NA,1,NA,1,NA,1,NA,NA,NA,NA,NA
"KPK","KOHAT","KARAK","KARAK","TEHSIL","MEWATI",NA,NA,NA,NA,NA,NA,NA,NA,NA,NA,NA,NA
"KPK","KOHAT","KARAK","KARAK","TEHSIL","OTHERS",24,11,13,NA,7,4,3,NA,17,7,10,NA
"KPK","KOHAT","KARAK","KARAK","TEHSIL","PUNJABI",222,110,112,NA,36,19,17,NA,186,91,95,NA
"KPK","KOHAT","KARAK","KARAK","TEHSIL","PUSHTO",338845,163129,175710,6,281263,135404,145853,6,57582,27725,29857,NA
"KPK","KOHAT","KARAK","KARAK","TEHSIL","SARAIKI",139,63,76,NA,90,45,45,NA,49,18,31,NA
"KPK","KOHAT","KARAK","KARAK","TEHSIL","SHINA",NA,NA,NA,NA,NA,NA,NA,NA,NA,NA,NA,NA
"KPK","KOHAT","KARAK","KARAK","TEHSIL","SINDHI",46,22,24,NA,26,14,12,NA,20,8,12,NA
"KPK","KOHAT","KARAK","KARAK","TEHSIL","TOTAL",339889,163681,176202,6,281852,135721,146125,6,58037,27960,30077,NA
"KPK","KOHAT","KARAK","KARAK","TEHSIL","URDU",157,84,73,NA,115,57,58,NA,42,27,15,NA
"KPK","MARDAN","MARDAN","KATLANG","TEHSIL","BALOCHI",223,107,115,1,223,107,115,1,NA,NA,NA,NA
"KPK","MARDAN","MARDAN","KATLANG","TEHSIL","BALTI",NA,NA,NA,NA,NA,NA,NA,NA,NA,NA,NA,NA
"KPK","MARDAN","MARDAN","KATLANG","TEHSIL","BRAHVI",NA,NA,NA,NA,NA,NA,NA,NA,NA,NA,NA,NA
"KPK","MARDAN","MARDAN","KATLANG","TEHSIL","HINDKO",2,NA,2,NA,2,NA,2,NA,NA,NA,NA,NA
"KPK","MARDAN","MARDAN","KATLANG","TEHSIL","KALASHA",NA,NA,NA,NA,NA,NA,NA,NA,NA,NA,NA,NA
"KPK","MARDAN","MARDAN","KATLANG","TEHSIL","KASHMIRI",3,1,2,NA,3,1,2,NA,NA,NA,NA,NA
"KPK","MARDAN","MARDAN","KATLANG","TEHSIL","KOHIOSTANI",479,241,238,NA,479,241,238,NA,NA,NA,NA,NA
"KPK","MARDAN","MARDAN","KATLANG","TEHSIL","MEWATI",NA,NA,NA,NA,NA,NA,NA,NA,NA,NA,NA,NA
"KPK","MARDAN","MARDAN","KATLANG","TEHSIL","OTHERS",3464,1645,1819,NA,3464,1645,1819,NA,NA,NA,NA,NA
"KPK","MARDAN","MARDAN","KATLANG","TEHSIL","PUNJABI",49,30,19,NA,49,30,19,NA,NA,NA,NA,NA
"KPK","MARDAN","MARDAN","KATLANG","TEHSIL","PUSHTO",373158,182766,190392,NA,373158,182766,190392,NA,NA,NA,NA,NA
"KPK","MARDAN","MARDAN","KATLANG","TEHSIL","SARAIKI",11,3,8,NA,11,3,8,NA,NA,NA,NA,NA
"KPK","MARDAN","MARDAN","KATLANG","TEHSIL","SHINA",14,8,6,NA,14,8,6,NA,NA,NA,NA,NA
"KPK","MARDAN","MARDAN","KATLANG","TEHSIL","SINDHI",31,16,15,NA,31,16,15,NA,NA,NA,NA,NA
"KPK","MARDAN","MARDAN","KATLANG","TEHSIL","TOTAL",377535,184867,192667,1,377535,184867,192667,1,NA,NA,NA,NA
"KPK","MARDAN","MARDAN","KATLANG","TEHSIL","URDU",101,50,51,NA,101,50,51,NA,NA,NA,NA,NA
"KPK","MALAKAND","BUNER","KHADO KHEL","TEHSIL","BALOCHI",74,43,31,NA,74,43,31,NA,NA,NA,NA,NA
"KPK","MALAKAND","BUNER","KHADO KHEL","TEHSIL","BALTI",NA,NA,NA,NA,NA,NA,NA,NA,NA,NA,NA,NA
"KPK","MALAKAND","BUNER","KHADO KHEL","TEHSIL","BRAHVI",6,4,2,NA,6,4,2,NA,NA,NA,NA,NA
"KPK","MALAKAND","BUNER","KHADO KHEL","TEHSIL","HINDKO",12171,6158,6013,NA,12171,6158,6013,NA,NA,NA,NA,NA
"KPK","MALAKAND","BUNER","KHADO KHEL","TEHSIL","KALASHA",NA,NA,NA,NA,NA,NA,NA,NA,NA,NA,NA,NA
"KPK","MALAKAND","BUNER","KHADO KHEL","TEHSIL","KASHMIRI",1,NA,1,NA,1,NA,1,NA,NA,NA,NA,NA
"KPK","MALAKAND","BUNER","KHADO KHEL","TEHSIL","KOHIOSTANI",26,9,17,NA,26,9,17,NA,NA,NA,NA,NA
"KPK","MALAKAND","BUNER","KHADO KHEL","TEHSIL","MEWATI",NA,NA,NA,NA,NA,NA,NA,NA,NA,NA,NA,NA
"KPK","MALAKAND","BUNER","KHADO KHEL","TEHSIL","OTHERS",388,183,205,NA,388,183,205,NA,NA,NA,NA,NA
"KPK","MALAKAND","BUNER","KHADO KHEL","TEHSIL","PUNJABI",49,24,25,NA,49,24,25,NA,NA,NA,NA,NA
"KPK","MALAKAND","BUNER","KHADO KHEL","TEHSIL","PUSHTO",123770,61752,62017,1,123770,61752,62017,1,NA,NA,NA,NA
"KPK","MALAKAND","BUNER","KHADO KHEL","TEHSIL","SARAIKI",18,7,11,NA,18,7,11,NA,NA,NA,NA,NA
"KPK","MALAKAND","BUNER","KHADO KHEL","TEHSIL","SHINA",NA,NA,NA,NA,NA,NA,NA,NA,NA,NA,NA,NA
"KPK","MALAKAND","BUNER","KHADO KHEL","TEHSIL","SINDHI",4,2,2,NA,4,2,2,NA,NA,NA,NA,NA
"KPK","MALAKAND","BUNER","KHADO KHEL","TEHSIL","TOTAL",136560,68213,68346,1,136560,68213,68346,1,NA,NA,NA,NA
"KPK","MALAKAND","BUNER","KHADO KHEL","TEHSIL","URDU",53,31,22,NA,53,31,22,NA,NA,NA,NA,NA
"KPK","HAZARA","TORGHAR","KHANDER","TEHSIL","BALOCHI",43,26,17,NA,43,26,17,NA,NA,NA,NA,NA
"KPK","HAZARA","TORGHAR","KHANDER","TEHSIL","BALTI",NA,NA,NA,NA,NA,NA,NA,NA,NA,NA,NA,NA
"KPK","HAZARA","TORGHAR","KHANDER","TEHSIL","BRAHVI",1,1,NA,NA,1,1,NA,NA,NA,NA,NA,NA
"KPK","HAZARA","TORGHAR","KHANDER","TEHSIL","HINDKO",3941,1904,2037,NA,3941,1904,2037,NA,NA,NA,NA,NA
"KPK","HAZARA","TORGHAR","KHANDER","TEHSIL","KALASHA",NA,NA,NA,NA,NA,NA,NA,NA,NA,NA,NA,NA
"KPK","HAZARA","TORGHAR","KHANDER","TEHSIL","KASHMIRI",NA,NA,NA,NA,NA,NA,NA,NA,NA,NA,NA,NA
"KPK","HAZARA","TORGHAR","KHANDER","TEHSIL","KOHIOSTANI",1,NA,1,NA,1,NA,1,NA,NA,NA,NA,NA
"KPK","HAZARA","TORGHAR","KHANDER","TEHSIL","MEWATI",NA,NA,NA,NA,NA,NA,NA,NA,NA,NA,NA,NA
"KPK","HAZARA","TORGHAR","KHANDER","TEHSIL","OTHERS",1257,678,579,NA,1257,678,579,NA,NA,NA,NA,NA
"KPK","HAZARA","TORGHAR","KHANDER","TEHSIL","PUNJABI",2,NA,2,NA,2,NA,2,NA,NA,NA,NA,NA
"KPK","HAZARA","TORGHAR","KHANDER","TEHSIL","PUSHTO",81548,40082,41465,1,81548,40082,41465,1,NA,NA,NA,NA
"KPK","HAZARA","TORGHAR","KHANDER","TEHSIL","SARAIKI",1,1,NA,NA,1,1,NA,NA,NA,NA,NA,NA
"KPK","HAZARA","TORGHAR","KHANDER","TEHSIL","SHINA",3,3,NA,NA,3,3,NA,NA,NA,NA,NA,NA
"KPK","HAZARA","TORGHAR","KHANDER","TEHSIL","SINDHI",11,4,7,NA,11,4,7,NA,NA,NA,NA,NA
"KPK","HAZARA","TORGHAR","KHANDER","TEHSIL","TOTAL",86859,42729,44129,1,86859,42729,44129,1,NA,NA,NA,NA
"KPK","HAZARA","TORGHAR","KHANDER","TEHSIL","URDU",51,30,21,NA,51,30,21,NA,NA,NA,NA,NA
"KPK","HAZARA","HARIPUR","KHANPUR","TEHSIL","BALOCHI",9,6,3,NA,9,6,3,NA,NA,NA,NA,NA
"KPK","HAZARA","HARIPUR","KHANPUR","TEHSIL","BALTI",21,15,6,NA,21,15,6,NA,NA,NA,NA,NA
"KPK","HAZARA","HARIPUR","KHANPUR","TEHSIL","BRAHVI",45,30,15,NA,45,30,15,NA,NA,NA,NA,NA
"KPK","HAZARA","HARIPUR","KHANPUR","TEHSIL","HINDKO",167790,84603,83184,3,167790,84603,83184,3,NA,NA,NA,NA
"KPK","HAZARA","HARIPUR","KHANPUR","TEHSIL","KALASHA",NA,NA,NA,NA,NA,NA,NA,NA,NA,NA,NA,NA
"KPK","HAZARA","HARIPUR","KHANPUR","TEHSIL","KASHMIRI",216,113,103,NA,216,113,103,NA,NA,NA,NA,NA
"KPK","HAZARA","HARIPUR","KHANPUR","TEHSIL","KOHIOSTANI",320,137,183,NA,320,137,183,NA,NA,NA,NA,NA
"KPK","HAZARA","HARIPUR","KHANPUR","TEHSIL","MEWATI",NA,NA,NA,NA,NA,NA,NA,NA,NA,NA,NA,NA
"KPK","HAZARA","HARIPUR","KHANPUR","TEHSIL","OTHERS",2592,1290,1302,NA,2592,1290,1302,NA,NA,NA,NA,NA
"KPK","HAZARA","HARIPUR","KHANPUR","TEHSIL","PUNJABI",817,412,405,NA,817,412,405,NA,NA,NA,NA,NA
"KPK","HAZARA","HARIPUR","KHANPUR","TEHSIL","PUSHTO",11755,5775,5980,NA,11755,5775,5980,NA,NA,NA,NA,NA
"KPK","HAZARA","HARIPUR","KHANPUR","TEHSIL","SARAIKI",114,43,71,NA,114,43,71,NA,NA,NA,NA,NA
"KPK","HAZARA","HARIPUR","KHANPUR","TEHSIL","SHINA",20,10,10,NA,20,10,10,NA,NA,NA,NA,NA
"KPK","HAZARA","HARIPUR","KHANPUR","TEHSIL","SINDHI",4,3,1,NA,4,3,1,NA,NA,NA,NA,NA
"KPK","HAZARA","HARIPUR","KHANPUR","TEHSIL","TOTAL",186636,93840,92793,3,186636,93840,92793,3,NA,NA,NA,NA
"KPK","HAZARA","HARIPUR","KHANPUR","TEHSIL","URDU",2933,1403,1530,NA,2933,1403,1530,NA,NA,NA,NA,NA
"KPK","MALAKAND","BAJAUR","KHAR BAJAUR","TEHSIL","BALOCHI",182,96,86,NA,182,96,86,NA,NA,NA,NA,NA
"KPK","MALAKAND","BAJAUR","KHAR BAJAUR","TEHSIL","BALTI",NA,NA,NA,NA,NA,NA,NA,NA,NA,NA,NA,NA
"KPK","MALAKAND","BAJAUR","KHAR BAJAUR","TEHSIL","BRAHVI",NA,NA,NA,NA,NA,NA,NA,NA,NA,NA,NA,NA
"KPK","MALAKAND","BAJAUR","KHAR BAJAUR","TEHSIL","HINDKO",19,12,7,NA,19,12,7,NA,NA,NA,NA,NA
"KPK","MALAKAND","BAJAUR","KHAR BAJAUR","TEHSIL","KALASHA",NA,NA,NA,NA,NA,NA,NA,NA,NA,NA,NA,NA
"KPK","MALAKAND","BAJAUR","KHAR BAJAUR","TEHSIL","KASHMIRI",3,NA,3,NA,3,NA,3,NA,NA,NA,NA,NA
"KPK","MALAKAND","BAJAUR","KHAR BAJAUR","TEHSIL","KOHIOSTANI",NA,NA,NA,NA,NA,NA,NA,NA,NA,NA,NA,NA
"KPK","MALAKAND","BAJAUR","KHAR BAJAUR","TEHSIL","MEWATI",NA,NA,NA,NA,NA,NA,NA,NA,NA,NA,NA,NA
"KPK","MALAKAND","BAJAUR","KHAR BAJAUR","TEHSIL","OTHERS",12,4,8,NA,12,4,8,NA,NA,NA,NA,NA
"KPK","MALAKAND","BAJAUR","KHAR BAJAUR","TEHSIL","PUNJABI",126,67,59,NA,126,67,59,NA,NA,NA,NA,NA
"KPK","MALAKAND","BAJAUR","KHAR BAJAUR","TEHSIL","PUSHTO",298846,147270,151574,2,298846,147270,151574,2,NA,NA,NA,NA
"KPK","MALAKAND","BAJAUR","KHAR BAJAUR","TEHSIL","SARAIKI",7,4,3,NA,7,4,3,NA,NA,NA,NA,NA
"KPK","MALAKAND","BAJAUR","KHAR BAJAUR","TEHSIL","SHINA",NA,NA,NA,NA,NA,NA,NA,NA,NA,NA,NA,NA
"KPK","MALAKAND","BAJAUR","KHAR BAJAUR","TEHSIL","SINDHI",31,19,12,NA,31,19,12,NA,NA,NA,NA,NA
"KPK","MALAKAND","BAJAUR","KHAR BAJAUR","TEHSIL","TOTAL",299385,147552,151831,2,299385,147552,151831,2,NA,NA,NA,NA
"KPK","MALAKAND","BAJAUR","KHAR BAJAUR","TEHSIL","URDU",159,80,79,NA,159,80,79,NA,NA,NA,NA,NA
"KPK","MALAKAND","SWAT","KHAWAZAKHELA","TEHSIL","BALOCHI",271,151,120,NA,204,119,85,NA,67,32,35,NA
"KPK","MALAKAND","SWAT","KHAWAZAKHELA","TEHSIL","BALTI",NA,NA,NA,NA,NA,NA,NA,NA,NA,NA,NA,NA
"KPK","MALAKAND","SWAT","KHAWAZAKHELA","TEHSIL","BRAHVI",NA,NA,NA,NA,NA,NA,NA,NA,NA,NA,NA,NA
"KPK","MALAKAND","SWAT","KHAWAZAKHELA","TEHSIL","HINDKO",45,19,26,NA,13,5,8,NA,32,14,18,NA
"KPK","MALAKAND","SWAT","KHAWAZAKHELA","TEHSIL","KALASHA",1,1,NA,NA,NA,NA,NA,NA,1,1,NA,NA
"KPK","MALAKAND","SWAT","KHAWAZAKHELA","TEHSIL","KASHMIRI",6,5,1,NA,5,4,1,NA,1,1,NA,NA
"KPK","MALAKAND","SWAT","KHAWAZAKHELA","TEHSIL","KOHIOSTANI",2294,1118,1176,NA,2084,1035,1049,NA,210,83,127,NA
"KPK","MALAKAND","SWAT","KHAWAZAKHELA","TEHSIL","MEWATI",NA,NA,NA,NA,NA,NA,NA,NA,NA,NA,NA,NA
"KPK","MALAKAND","SWAT","KHAWAZAKHELA","TEHSIL","OTHERS",3258,1702,1556,NA,3251,1698,1553,NA,7,4,3,NA
"KPK","MALAKAND","SWAT","KHAWAZAKHELA","TEHSIL","PUNJABI",38,13,25,NA,21,8,13,NA,17,5,12,NA
"KPK","MALAKAND","SWAT","KHAWAZAKHELA","TEHSIL","PUSHTO",301161,149717,151427,17,244431,122494,121924,13,56730,27223,29503,4
"KPK","MALAKAND","SWAT","KHAWAZAKHELA","TEHSIL","SARAIKI",7,5,2,NA,7,5,2,NA,NA,NA,NA,NA
"KPK","MALAKAND","SWAT","KHAWAZAKHELA","TEHSIL","SHINA",1,NA,1,NA,1,NA,1,NA,NA,NA,NA,NA
"KPK","MALAKAND","SWAT","KHAWAZAKHELA","TEHSIL","SINDHI",44,20,24,NA,33,14,19,NA,11,6,5,NA
"KPK","MALAKAND","SWAT","KHAWAZAKHELA","TEHSIL","TOTAL",307268,152829,154422,17,250155,125442,124700,13,57113,27387,29722,4
"KPK","MALAKAND","SWAT","KHAWAZAKHELA","TEHSIL","URDU",142,78,64,NA,105,60,45,NA,37,18,19,NA
"KPK","KOHAT","KOHAT","KOHAT","TEHSIL","BALOCHI",825,432,393,NA,494,265,229,NA,331,167,164,NA
"KPK","KOHAT","KOHAT","KOHAT","TEHSIL","BALTI",26,14,12,NA,3,3,NA,NA,23,11,12,NA
"KPK","KOHAT","KOHAT","KOHAT","TEHSIL","BRAHVI",53,27,26,NA,22,12,10,NA,31,15,16,NA
"KPK","KOHAT","KOHAT","KOHAT","TEHSIL","HINDKO",131095,64129,66962,4,84653,41687,42964,2,46442,22442,23998,2
"KPK","KOHAT","KOHAT","KOHAT","TEHSIL","KALASHA",1,1,NA,NA,NA,NA,NA,NA,1,1,NA,NA
"KPK","KOHAT","KOHAT","KOHAT","TEHSIL","KASHMIRI",154,67,87,NA,23,5,18,NA,131,62,69,NA
"KPK","KOHAT","KOHAT","KOHAT","TEHSIL","KOHIOSTANI",22,11,11,NA,NA,NA,NA,NA,22,11,11,NA
"KPK","KOHAT","KOHAT","KOHAT","TEHSIL","MEWATI",NA,NA,NA,NA,NA,NA,NA,NA,NA,NA,NA,NA
"KPK","KOHAT","KOHAT","KOHAT","TEHSIL","OTHERS",292,137,154,1,145,67,78,NA,147,70,76,1
"KPK","KOHAT","KOHAT","KOHAT","TEHSIL","PUNJABI",6440,3034,3399,7,761,367,394,NA,5679,2667,3005,7
"KPK","KOHAT","KOHAT","KOHAT","TEHSIL","PUSHTO",666710,326377,340322,11,493839,243405,250431,3,172871,82972,89891,8
"KPK","KOHAT","KOHAT","KOHAT","TEHSIL","SARAIKI",1379,640,739,NA,567,275,292,NA,812,365,447,NA
"KPK","KOHAT","KOHAT","KOHAT","TEHSIL","SHINA",76,53,23,NA,26,23,3,NA,50,30,20,NA
"KPK","KOHAT","KOHAT","KOHAT","TEHSIL","SINDHI",527,262,265,NA,77,38,39,NA,450,224,226,NA
"KPK","KOHAT","KOHAT","KOHAT","TEHSIL","TOTAL",817530,400173,417334,23,581692,286674,295013,5,235838,113499,122321,18
"KPK","KOHAT","KOHAT","KOHAT","TEHSIL","URDU",9930,4989,4941,NA,1082,527,555,NA,8848,4462,4386,NA
"KPK","DERA ISMAIL KHAN","DERA ISMAIL KHAN","KULACHI","TEHSIL","BALOCHI",18,8,10,NA,16,6,10,NA,2,2,NA,NA
"KPK","DERA ISMAIL KHAN","DERA ISMAIL KHAN","KULACHI","TEHSIL","BALTI",NA,NA,NA,NA,NA,NA,NA,NA,NA,NA,NA,NA
"KPK","DERA ISMAIL KHAN","DERA ISMAIL KHAN","KULACHI","TEHSIL","BRAHVI",NA,NA,NA,NA,NA,NA,NA,NA,NA,NA,NA,NA
"KPK","DERA ISMAIL KHAN","DERA ISMAIL KHAN","KULACHI","TEHSIL","HINDKO",2280,1123,1157,NA,2273,1119,1154,NA,7,4,3,NA
"KPK","DERA ISMAIL KHAN","DERA ISMAIL KHAN","KULACHI","TEHSIL","KALASHA",NA,NA,NA,NA,NA,NA,NA,NA,NA,NA,NA,NA
"KPK","DERA ISMAIL KHAN","DERA ISMAIL KHAN","KULACHI","TEHSIL","KASHMIRI",21,13,8,NA,18,10,8,NA,3,3,NA,NA
"KPK","DERA ISMAIL KHAN","DERA ISMAIL KHAN","KULACHI","TEHSIL","KOHIOSTANI",NA,NA,NA,NA,NA,NA,NA,NA,NA,NA,NA,NA
"KPK","DERA ISMAIL KHAN","DERA ISMAIL KHAN","KULACHI","TEHSIL","MEWATI",NA,NA,NA,NA,NA,NA,NA,NA,NA,NA,NA,NA
"KPK","DERA ISMAIL KHAN","DERA ISMAIL KHAN","KULACHI","TEHSIL","OTHERS",11,4,7,NA,NA,NA,NA,NA,11,4,7,NA
"KPK","DERA ISMAIL KHAN","DERA ISMAIL KHAN","KULACHI","TEHSIL","PUNJABI",13,4,9,NA,3,1,2,NA,10,3,7,NA
"KPK","DERA ISMAIL KHAN","DERA ISMAIL KHAN","KULACHI","TEHSIL","PUSHTO",39651,18457,21193,1,30382,14112,16269,1,9269,4345,4924,NA
"KPK","DERA ISMAIL KHAN","DERA ISMAIL KHAN","KULACHI","TEHSIL","SARAIKI",60563,28728,31834,1,45399,21618,23780,1,15164,7110,8054,NA
"KPK","DERA ISMAIL KHAN","DERA ISMAIL KHAN","KULACHI","TEHSIL","SHINA",1,1,NA,NA,1,1,NA,NA,NA,NA,NA,NA
"KPK","DERA ISMAIL KHAN","DERA ISMAIL KHAN","KULACHI","TEHSIL","SINDHI",NA,NA,NA,NA,NA,NA,NA,NA,NA,NA,NA,NA
"KPK","DERA ISMAIL KHAN","DERA ISMAIL KHAN","KULACHI","TEHSIL","TOTAL",102595,48353,54240,2,78114,36875,41237,2,24481,11478,13003,NA
"KPK","DERA ISMAIL KHAN","DERA ISMAIL KHAN","KULACHI","TEHSIL","URDU",37,15,22,NA,22,8,14,NA,15,7,8,NA
"KPK","KOHAT","KOHAT","LACHI","TEHSIL","BALOCHI",123,59,64,NA,83,39,44,NA,40,20,20,NA
"KPK","KOHAT","KOHAT","LACHI","TEHSIL","BALTI",NA,NA,NA,NA,NA,NA,NA,NA,NA,NA,NA,NA
"KPK","KOHAT","KOHAT","LACHI","TEHSIL","BRAHVI",NA,NA,NA,NA,NA,NA,NA,NA,NA,NA,NA,NA
"KPK","KOHAT","KOHAT","LACHI","TEHSIL","HINDKO",1915,969,946,NA,1743,881,862,NA,172,88,84,NA
"KPK","KOHAT","KOHAT","LACHI","TEHSIL","KALASHA",NA,NA,NA,NA,NA,NA,NA,NA,NA,NA,NA,NA
"KPK","KOHAT","KOHAT","LACHI","TEHSIL","KASHMIRI",10,2,8,NA,NA,NA,NA,NA,10,2,8,NA
"KPK","KOHAT","KOHAT","LACHI","TEHSIL","KOHIOSTANI",NA,NA,NA,NA,NA,NA,NA,NA,NA,NA,NA,NA
"KPK","KOHAT","KOHAT","LACHI","TEHSIL","MEWATI",NA,NA,NA,NA,NA,NA,NA,NA,NA,NA,NA,NA
"KPK","KOHAT","KOHAT","LACHI","TEHSIL","OTHERS",7,5,2,NA,6,4,2,NA,1,1,NA,NA
"KPK","KOHAT","KOHAT","LACHI","TEHSIL","PUNJABI",58,32,26,NA,31,16,15,NA,27,16,11,NA
"KPK","KOHAT","KOHAT","LACHI","TEHSIL","PUSHTO",150370,72999,77366,5,107807,52649,55155,3,42563,20350,22211,2
"KPK","KOHAT","KOHAT","LACHI","TEHSIL","SARAIKI",3,1,2,NA,2,1,1,NA,1,NA,1,NA
"KPK","KOHAT","KOHAT","LACHI","TEHSIL","SHINA",NA,NA,NA,NA,NA,NA,NA,NA,NA,NA,NA,NA
"KPK","KOHAT","KOHAT","LACHI","TEHSIL","SINDHI",7,5,2,NA,4,3,1,NA,3,2,1,NA
"KPK","KOHAT","KOHAT","LACHI","TEHSIL","TOTAL",152680,74174,78501,5,109819,53672,56144,3,42861,20502,22357,2
"KPK","KOHAT","KOHAT","LACHI","TEHSIL","URDU",187,102,85,NA,143,79,64,NA,44,23,21,NA
"KPK","DERA ISMAIL KHAN","SOUTH WAZIRISTAN","LADHA","TEHSIL","BALOCHI",75,31,44,NA,75,31,44,NA,NA,NA,NA,NA
"KPK","DERA ISMAIL KHAN","SOUTH WAZIRISTAN","LADHA","TEHSIL","BALTI",NA,NA,NA,NA,NA,NA,NA,NA,NA,NA,NA,NA
"KPK","DERA ISMAIL KHAN","SOUTH WAZIRISTAN","LADHA","TEHSIL","BRAHVI",NA,NA,NA,NA,NA,NA,NA,NA,NA,NA,NA,NA
"KPK","DERA ISMAIL KHAN","SOUTH WAZIRISTAN","LADHA","TEHSIL","HINDKO",NA,NA,NA,NA,NA,NA,NA,NA,NA,NA,NA,NA
"KPK","DERA ISMAIL KHAN","SOUTH WAZIRISTAN","LADHA","TEHSIL","KALASHA",NA,NA,NA,NA,NA,NA,NA,NA,NA,NA,NA,NA
"KPK","DERA ISMAIL KHAN","SOUTH WAZIRISTAN","LADHA","TEHSIL","KASHMIRI",3,2,1,NA,3,2,1,NA,NA,NA,NA,NA
"KPK","DERA ISMAIL KHAN","SOUTH WAZIRISTAN","LADHA","TEHSIL","KOHIOSTANI",1,NA,1,NA,1,NA,1,NA,NA,NA,NA,NA
"KPK","DERA ISMAIL KHAN","SOUTH WAZIRISTAN","LADHA","TEHSIL","MEWATI",NA,NA,NA,NA,NA,NA,NA,NA,NA,NA,NA,NA
"KPK","DERA ISMAIL KHAN","SOUTH WAZIRISTAN","LADHA","TEHSIL","OTHERS",16349,7902,8447,NA,16349,7902,8447,NA,NA,NA,NA,NA
"KPK","DERA ISMAIL KHAN","SOUTH WAZIRISTAN","LADHA","TEHSIL","PUNJABI",4,3,1,NA,4,3,1,NA,NA,NA,NA,NA
"KPK","DERA ISMAIL KHAN","SOUTH WAZIRISTAN","LADHA","TEHSIL","PUSHTO",91802,43536,48263,3,91802,43536,48263,3,NA,NA,NA,NA
"KPK","DERA ISMAIL KHAN","SOUTH WAZIRISTAN","LADHA","TEHSIL","SARAIKI",2,2,NA,NA,2,2,NA,NA,NA,NA,NA,NA
"KPK","DERA ISMAIL KHAN","SOUTH WAZIRISTAN","LADHA","TEHSIL","SHINA",NA,NA,NA,NA,NA,NA,NA,NA,NA,NA,NA,NA
"KPK","DERA ISMAIL KHAN","SOUTH WAZIRISTAN","LADHA","TEHSIL","SINDHI",26,11,15,NA,26,11,15,NA,NA,NA,NA,NA
"KPK","DERA ISMAIL KHAN","SOUTH WAZIRISTAN","LADHA","TEHSIL","TOTAL",108344,51521,56820,3,108344,51521,56820,3,NA,NA,NA,NA
"KPK","DERA ISMAIL KHAN","SOUTH WAZIRISTAN","LADHA","TEHSIL","URDU",82,34,48,NA,82,34,48,NA,NA,NA,NA,NA
"KPK","MARDAN","SWABI","LAHOR","TEHSIL","BALOCHI",195,96,99,NA,178,84,94,NA,17,12,5,NA
"KPK","MARDAN","SWABI","LAHOR","TEHSIL","BALTI",NA,NA,NA,NA,NA,NA,NA,NA,NA,NA,NA,NA
"KPK","MARDAN","SWABI","LAHOR","TEHSIL","BRAHVI",3,1,2,NA,3,1,2,NA,NA,NA,NA,NA
"KPK","MARDAN","SWABI","LAHOR","TEHSIL","HINDKO",16165,7975,8190,NA,12829,6293,6536,NA,3336,1682,1654,NA
"KPK","MARDAN","SWABI","LAHOR","TEHSIL","KALASHA",NA,NA,NA,NA,NA,NA,NA,NA,NA,NA,NA,NA
"KPK","MARDAN","SWABI","LAHOR","TEHSIL","KASHMIRI",42,23,19,NA,26,15,11,NA,16,8,8,NA
"KPK","MARDAN","SWABI","LAHOR","TEHSIL","KOHIOSTANI",250,122,128,NA,219,105,114,NA,31,17,14,NA
"KPK","MARDAN","SWABI","LAHOR","TEHSIL","MEWATI",NA,NA,NA,NA,NA,NA,NA,NA,NA,NA,NA,NA
"KPK","MARDAN","SWABI","LAHOR","TEHSIL","OTHERS",320,158,162,NA,317,157,160,NA,3,1,2,NA
"KPK","MARDAN","SWABI","LAHOR","TEHSIL","PUNJABI",76,23,53,NA,51,9,42,NA,25,14,11,NA
"KPK","MARDAN","SWABI","LAHOR","TEHSIL","PUSHTO",336930,165011,171916,3,294236,143847,150386,3,42694,21164,21530,NA
"KPK","MARDAN","SWABI","LAHOR","TEHSIL","SARAIKI",14,8,6,NA,13,7,6,NA,1,1,NA,NA
"KPK","MARDAN","SWABI","LAHOR","TEHSIL","SHINA",NA,NA,NA,NA,NA,NA,NA,NA,NA,NA,NA,NA
"KPK","MARDAN","SWABI","LAHOR","TEHSIL","SINDHI",26,14,12,NA,24,13,11,NA,2,1,1,NA
"KPK","MARDAN","SWABI","LAHOR","TEHSIL","TOTAL",354383,173627,180753,3,308063,150622,157438,3,46320,23005,23315,NA
"KPK","MARDAN","SWABI","LAHOR","TEHSIL","URDU",362,196,166,NA,167,91,76,NA,195,105,90,NA
"KPK","BANNU","LAKKI MARWAT","LAKKI MARWAT","TEHSIL","BALOCHI",258,144,114,NA,195,112,83,NA,63,32,31,NA
"KPK","BANNU","LAKKI MARWAT","LAKKI MARWAT","TEHSIL","BALTI",NA,NA,NA,NA,NA,NA,NA,NA,NA,NA,NA,NA
"KPK","BANNU","LAKKI MARWAT","LAKKI MARWAT","TEHSIL","BRAHVI",NA,NA,NA,NA,NA,NA,NA,NA,NA,NA,NA,NA
"KPK","BANNU","LAKKI MARWAT","LAKKI MARWAT","TEHSIL","HINDKO",476,252,224,NA,NA,NA,NA,NA,476,252,224,NA
"KPK","BANNU","LAKKI MARWAT","LAKKI MARWAT","TEHSIL","KALASHA",NA,NA,NA,NA,NA,NA,NA,NA,NA,NA,NA,NA
"KPK","BANNU","LAKKI MARWAT","LAKKI MARWAT","TEHSIL","KASHMIRI",3,2,1,NA,3,2,1,NA,NA,NA,NA,NA
"KPK","BANNU","LAKKI MARWAT","LAKKI MARWAT","TEHSIL","KOHIOSTANI",NA,NA,NA,NA,NA,NA,NA,NA,NA,NA,NA,NA
"KPK","BANNU","LAKKI MARWAT","LAKKI MARWAT","TEHSIL","MEWATI",NA,NA,NA,NA,NA,NA,NA,NA,NA,NA,NA,NA
"KPK","BANNU","LAKKI MARWAT","LAKKI MARWAT","TEHSIL","OTHERS",10,6,4,NA,4,3,1,NA,6,3,3,NA
"KPK","BANNU","LAKKI MARWAT","LAKKI MARWAT","TEHSIL","PUNJABI",252,118,134,NA,187,86,101,NA,65,32,33,NA
"KPK","BANNU","LAKKI MARWAT","LAKKI MARWAT","TEHSIL","PUSHTO",339164,167432,171726,6,270365,133612,136748,5,68799,33820,34978,1
"KPK","BANNU","LAKKI MARWAT","LAKKI MARWAT","TEHSIL","SARAIKI",234,114,120,NA,14,5,9,NA,220,109,111,NA
"KPK","BANNU","LAKKI MARWAT","LAKKI MARWAT","TEHSIL","SHINA",NA,NA,NA,NA,NA,NA,NA,NA,NA,NA,NA,NA
"KPK","BANNU","LAKKI MARWAT","LAKKI MARWAT","TEHSIL","SINDHI",21,9,12,NA,12,6,6,NA,9,3,6,NA
"KPK","BANNU","LAKKI MARWAT","LAKKI MARWAT","TEHSIL","TOTAL",340598,168162,172430,6,270872,133869,136998,5,69726,34293,35432,1
"KPK","BANNU","LAKKI MARWAT","LAKKI MARWAT","TEHSIL","URDU",180,85,95,NA,92,43,49,NA,88,42,46,NA
"KPK","MALAKAND","LOWER DIR","LAL QILA","SUB-DIVISION","BALOCHI",184,102,82,NA,184,102,82,NA,NA,NA,NA,NA
"KPK","MALAKAND","LOWER DIR","LAL QILA","SUB-DIVISION","BALTI",NA,NA,NA,NA,NA,NA,NA,NA,NA,NA,NA,NA
"KPK","MALAKAND","LOWER DIR","LAL QILA","SUB-DIVISION","BRAHVI",NA,NA,NA,NA,NA,NA,NA,NA,NA,NA,NA,NA
"KPK","MALAKAND","LOWER DIR","LAL QILA","SUB-DIVISION","HINDKO",17,8,9,NA,17,8,9,NA,NA,NA,NA,NA
"KPK","MALAKAND","LOWER DIR","LAL QILA","SUB-DIVISION","KALASHA",7,6,1,NA,7,6,1,NA,NA,NA,NA,NA
"KPK","MALAKAND","LOWER DIR","LAL QILA","SUB-DIVISION","KASHMIRI",36,3,33,NA,36,3,33,NA,NA,NA,NA,NA
"KPK","MALAKAND","LOWER DIR","LAL QILA","SUB-DIVISION","KOHIOSTANI",2,2,NA,NA,2,2,NA,NA,NA,NA,NA,NA
"KPK","MALAKAND","LOWER DIR","LAL QILA","SUB-DIVISION","MEWATI",NA,NA,NA,NA,NA,NA,NA,NA,NA,NA,NA,NA
"KPK","MALAKAND","LOWER DIR","LAL QILA","SUB-DIVISION","OTHERS",28,15,13,NA,28,15,13,NA,NA,NA,NA,NA
"KPK","MALAKAND","LOWER DIR","LAL QILA","SUB-DIVISION","PUNJABI",16,8,8,NA,16,8,8,NA,NA,NA,NA,NA
"KPK","MALAKAND","LOWER DIR","LAL QILA","SUB-DIVISION","PUSHTO",246877,130151,116724,2,246877,130151,116724,2,NA,NA,NA,NA
"KPK","MALAKAND","LOWER DIR","LAL QILA","SUB-DIVISION","SARAIKI",3,1,2,NA,3,1,2,NA,NA,NA,NA,NA
"KPK","MALAKAND","LOWER DIR","LAL QILA","SUB-DIVISION","SHINA",2,2,NA,NA,2,2,NA,NA,NA,NA,NA,NA
"KPK","MALAKAND","LOWER DIR","LAL QILA","SUB-DIVISION","SINDHI",25,14,11,NA,25,14,11,NA,NA,NA,NA,NA
"KPK","MALAKAND","LOWER DIR","LAL QILA","SUB-DIVISION","TOTAL",247297,130369,116926,2,247297,130369,116926,2,NA,NA,NA,NA
"KPK","MALAKAND","LOWER DIR","LAL QILA","SUB-DIVISION","URDU",100,57,43,NA,100,57,43,NA,NA,NA,NA,NA
"KPK","PESHAWAR","KHYBER","LANDI KOTAL","TEHSIL","BALOCHI",320,173,147,NA,306,167,139,NA,14,6,8,NA
"KPK","PESHAWAR","KHYBER","LANDI KOTAL","TEHSIL","BALTI",NA,NA,NA,NA,NA,NA,NA,NA,NA,NA,NA,NA
"KPK","PESHAWAR","KHYBER","LANDI KOTAL","TEHSIL","BRAHVI",4,2,2,NA,NA,NA,NA,NA,4,2,2,NA
"KPK","PESHAWAR","KHYBER","LANDI KOTAL","TEHSIL","HINDKO",33,21,12,NA,1,1,NA,NA,32,20,12,NA
"KPK","PESHAWAR","KHYBER","LANDI KOTAL","TEHSIL","KALASHA",NA,NA,NA,NA,NA,NA,NA,NA,NA,NA,NA,NA
"KPK","PESHAWAR","KHYBER","LANDI KOTAL","TEHSIL","KASHMIRI",14,4,10,NA,3,2,1,NA,11,2,9,NA
"KPK","PESHAWAR","KHYBER","LANDI KOTAL","TEHSIL","KOHIOSTANI",NA,NA,NA,NA,NA,NA,NA,NA,NA,NA,NA,NA
"KPK","PESHAWAR","KHYBER","LANDI KOTAL","TEHSIL","MEWATI",NA,NA,NA,NA,NA,NA,NA,NA,NA,NA,NA,NA
"KPK","PESHAWAR","KHYBER","LANDI KOTAL","TEHSIL","OTHERS",98,55,43,NA,1,NA,1,NA,97,55,42,NA
"KPK","PESHAWAR","KHYBER","LANDI KOTAL","TEHSIL","PUNJABI",519,258,261,NA,6,3,3,NA,513,255,258,NA
"KPK","PESHAWAR","KHYBER","LANDI KOTAL","TEHSIL","PUSHTO",311140,148537,162602,1,273850,130948,142901,1,37290,17589,19701,NA
"KPK","PESHAWAR","KHYBER","LANDI KOTAL","TEHSIL","SARAIKI",4,NA,4,NA,NA,NA,NA,NA,4,NA,4,NA
"KPK","PESHAWAR","KHYBER","LANDI KOTAL","TEHSIL","SHINA",NA,NA,NA,NA,NA,NA,NA,NA,NA,NA,NA,NA
"KPK","PESHAWAR","KHYBER","LANDI KOTAL","TEHSIL","SINDHI",15,8,7,NA,13,6,7,NA,2,2,NA,NA
"KPK","PESHAWAR","KHYBER","LANDI KOTAL","TEHSIL","TOTAL",312313,149145,163167,1,274248,131164,143083,1,38065,17981,20084,NA
"KPK","PESHAWAR","KHYBER","LANDI KOTAL","TEHSIL","URDU",166,87,79,NA,68,37,31,NA,98,50,48,NA
"KPK","MALAKAND","UPPER DIR","LARJUM","SUB-DIVISION","BALOCHI",97,54,43,NA,97,54,43,NA,NA,NA,NA,NA
"KPK","MALAKAND","UPPER DIR","LARJUM","SUB-DIVISION","BALTI",NA,NA,NA,NA,NA,NA,NA,NA,NA,NA,NA,NA
"KPK","MALAKAND","UPPER DIR","LARJUM","SUB-DIVISION","BRAHVI",NA,NA,NA,NA,NA,NA,NA,NA,NA,NA,NA,NA
"KPK","MALAKAND","UPPER DIR","LARJUM","SUB-DIVISION","HINDKO",NA,NA,NA,NA,NA,NA,NA,NA,NA,NA,NA,NA
"KPK","MALAKAND","UPPER DIR","LARJUM","SUB-DIVISION","KALASHA",NA,NA,NA,NA,NA,NA,NA,NA,NA,NA,NA,NA
"KPK","MALAKAND","UPPER DIR","LARJUM","SUB-DIVISION","KASHMIRI",7,3,4,NA,7,3,4,NA,NA,NA,NA,NA
"KPK","MALAKAND","UPPER DIR","LARJUM","SUB-DIVISION","KOHIOSTANI",5,2,3,NA,5,2,3,NA,NA,NA,NA,NA
"KPK","MALAKAND","UPPER DIR","LARJUM","SUB-DIVISION","MEWATI",NA,NA,NA,NA,NA,NA,NA,NA,NA,NA,NA,NA
"KPK","MALAKAND","UPPER DIR","LARJUM","SUB-DIVISION","OTHERS",753,374,379,NA,753,374,379,NA,NA,NA,NA,NA
"KPK","MALAKAND","UPPER DIR","LARJUM","SUB-DIVISION","PUNJABI",3,2,1,NA,3,2,1,NA,NA,NA,NA,NA
"KPK","MALAKAND","UPPER DIR","LARJUM","SUB-DIVISION","PUSHTO",118469,58954,59512,3,118469,58954,59512,3,NA,NA,NA,NA
"KPK","MALAKAND","UPPER DIR","LARJUM","SUB-DIVISION","SARAIKI",NA,NA,NA,NA,NA,NA,NA,NA,NA,NA,NA,NA
"KPK","MALAKAND","UPPER DIR","LARJUM","SUB-DIVISION","SHINA",NA,NA,NA,NA,NA,NA,NA,NA,NA,NA,NA,NA
"KPK","MALAKAND","UPPER DIR","LARJUM","SUB-DIVISION","SINDHI",11,5,6,NA,11,5,6,NA,NA,NA,NA,NA
"KPK","MALAKAND","UPPER DIR","LARJUM","SUB-DIVISION","TOTAL",119396,59418,59975,3,119396,59418,59975,3,NA,NA,NA,NA
"KPK","MALAKAND","UPPER DIR","LARJUM","SUB-DIVISION","URDU",51,24,27,NA,51,24,27,NA,NA,NA,NA,NA
"KPK","HAZARA","ABBOTTABAD","LORA","TEHSIL","BALOCHI",6,5,1,NA,6,5,1,NA,NA,NA,NA,NA
"KPK","HAZARA","ABBOTTABAD","LORA","TEHSIL","BALTI",NA,NA,NA,NA,NA,NA,NA,NA,NA,NA,NA,NA
"KPK","HAZARA","ABBOTTABAD","LORA","TEHSIL","BRAHVI",36,21,15,NA,36,21,15,NA,NA,NA,NA,NA
"KPK","HAZARA","ABBOTTABAD","LORA","TEHSIL","HINDKO",83676,42310,41365,1,83676,42310,41365,1,NA,NA,NA,NA
"KPK","HAZARA","ABBOTTABAD","LORA","TEHSIL","KALASHA",NA,NA,NA,NA,NA,NA,NA,NA,NA,NA,NA,NA
"KPK","HAZARA","ABBOTTABAD","LORA","TEHSIL","KASHMIRI",33,17,16,NA,33,17,16,NA,NA,NA,NA,NA
"KPK","HAZARA","ABBOTTABAD","LORA","TEHSIL","KOHIOSTANI",638,289,349,NA,638,289,349,NA,NA,NA,NA,NA
"KPK","HAZARA","ABBOTTABAD","LORA","TEHSIL","MEWATI",NA,NA,NA,NA,NA,NA,NA,NA,NA,NA,NA,NA
"KPK","HAZARA","ABBOTTABAD","LORA","TEHSIL","OTHERS",8141,4217,3924,NA,8141,4217,3924,NA,NA,NA,NA,NA
"KPK","HAZARA","ABBOTTABAD","LORA","TEHSIL","PUNJABI",228,132,96,NA,228,132,96,NA,NA,NA,NA,NA
"KPK","HAZARA","ABBOTTABAD","LORA","TEHSIL","PUSHTO",739,387,352,NA,739,387,352,NA,NA,NA,NA,NA
"KPK","HAZARA","ABBOTTABAD","LORA","TEHSIL","SARAIKI",58,35,23,NA,58,35,23,NA,NA,NA,NA,NA
"KPK","HAZARA","ABBOTTABAD","LORA","TEHSIL","SHINA",129,62,67,NA,129,62,67,NA,NA,NA,NA,NA
"KPK","HAZARA","ABBOTTABAD","LORA","TEHSIL","SINDHI",5,5,NA,NA,5,5,NA,NA,NA,NA,NA,NA
"KPK","HAZARA","ABBOTTABAD","LORA","TEHSIL","TOTAL",98671,50029,48641,1,98671,50029,48641,1,NA,NA,NA,NA
"KPK","HAZARA","ABBOTTABAD","LORA","TEHSIL","URDU",4982,2549,2433,NA,4982,2549,2433,NA,NA,NA,NA,NA
"KPK","KOHAT","ORAKZAI","LOWER","TEHSIL","BALOCHI",91,52,39,NA,91,52,39,NA,NA,NA,NA,NA
"KPK","KOHAT","ORAKZAI","LOWER","TEHSIL","BALTI",2,2,NA,NA,2,2,NA,NA,NA,NA,NA,NA
"KPK","KOHAT","ORAKZAI","LOWER","TEHSIL","BRAHVI",NA,NA,NA,NA,NA,NA,NA,NA,NA,NA,NA,NA
"KPK","KOHAT","ORAKZAI","LOWER","TEHSIL","HINDKO",NA,NA,NA,NA,NA,NA,NA,NA,NA,NA,NA,NA
"KPK","KOHAT","ORAKZAI","LOWER","TEHSIL","KALASHA",NA,NA,NA,NA,NA,NA,NA,NA,NA,NA,NA,NA
"KPK","KOHAT","ORAKZAI","LOWER","TEHSIL","KASHMIRI",2,2,NA,NA,2,2,NA,NA,NA,NA,NA,NA
"KPK","KOHAT","ORAKZAI","LOWER","TEHSIL","KOHIOSTANI",1,NA,1,NA,1,NA,1,NA,NA,NA,NA,NA
"KPK","KOHAT","ORAKZAI","LOWER","TEHSIL","MEWATI",NA,NA,NA,NA,NA,NA,NA,NA,NA,NA,NA,NA
"KPK","KOHAT","ORAKZAI","LOWER","TEHSIL","OTHERS",4,1,3,NA,4,1,3,NA,NA,NA,NA,NA
"KPK","KOHAT","ORAKZAI","LOWER","TEHSIL","PUNJABI",3,2,1,NA,3,2,1,NA,NA,NA,NA,NA
"KPK","KOHAT","ORAKZAI","LOWER","TEHSIL","PUSHTO",125746,60537,65208,1,125746,60537,65208,1,NA,NA,NA,NA
"KPK","KOHAT","ORAKZAI","LOWER","TEHSIL","SARAIKI",2,NA,2,NA,2,NA,2,NA,NA,NA,NA,NA
"KPK","KOHAT","ORAKZAI","LOWER","TEHSIL","SHINA",NA,NA,NA,NA,NA,NA,NA,NA,NA,NA,NA,NA
"KPK","KOHAT","ORAKZAI","LOWER","TEHSIL","SINDHI",16,6,10,NA,16,6,10,NA,NA,NA,NA,NA
"KPK","KOHAT","ORAKZAI","LOWER","TEHSIL","TOTAL",125944,60635,65308,1,125944,60635,65308,1,NA,NA,NA,NA
"KPK","KOHAT","ORAKZAI","LOWER","TEHSIL","URDU",77,33,44,NA,77,33,44,NA,NA,NA,NA,NA
"KPK","KOHAT","KURRAM","LOWER KURRAM","TEHSIL","BALOCHI",136,76,60,NA,74,43,31,NA,62,33,29,NA
"KPK","KOHAT","KURRAM","LOWER KURRAM","TEHSIL","BALTI",NA,NA,NA,NA,NA,NA,NA,NA,NA,NA,NA,NA
"KPK","KOHAT","KURRAM","LOWER KURRAM","TEHSIL","BRAHVI",NA,NA,NA,NA,NA,NA,NA,NA,NA,NA,NA,NA
"KPK","KOHAT","KURRAM","LOWER KURRAM","TEHSIL","HINDKO",4,1,2,1,4,1,2,1,NA,NA,NA,NA
"KPK","KOHAT","KURRAM","LOWER KURRAM","TEHSIL","KALASHA",NA,NA,NA,NA,NA,NA,NA,NA,NA,NA,NA,NA
"KPK","KOHAT","KURRAM","LOWER KURRAM","TEHSIL","KASHMIRI",1,NA,1,NA,1,NA,1,NA,NA,NA,NA,NA
"KPK","KOHAT","KURRAM","LOWER KURRAM","TEHSIL","KOHIOSTANI",1,1,NA,NA,1,1,NA,NA,NA,NA,NA,NA
"KPK","KOHAT","KURRAM","LOWER KURRAM","TEHSIL","MEWATI",NA,NA,NA,NA,NA,NA,NA,NA,NA,NA,NA,NA
"KPK","KOHAT","KURRAM","LOWER KURRAM","TEHSIL","OTHERS",59,23,36,NA,55,20,35,NA,4,3,1,NA
"KPK","KOHAT","KURRAM","LOWER KURRAM","TEHSIL","PUNJABI",21,6,15,NA,15,6,9,NA,6,NA,6,NA
"KPK","KOHAT","KURRAM","LOWER KURRAM","TEHSIL","PUSHTO",150578,73035,77539,4,110791,54387,56401,3,39787,18648,21138,1
"KPK","KOHAT","KURRAM","LOWER KURRAM","TEHSIL","SARAIKI",1,1,NA,NA,1,1,NA,NA,NA,NA,NA,NA
"KPK","KOHAT","KURRAM","LOWER KURRAM","TEHSIL","SHINA",6,6,NA,NA,6,6,NA,NA,NA,NA,NA,NA
"KPK","KOHAT","KURRAM","LOWER KURRAM","TEHSIL","SINDHI",23,12,11,NA,22,12,10,NA,1,NA,1,NA
"KPK","KOHAT","KURRAM","LOWER KURRAM","TEHSIL","TOTAL",150945,73216,77724,5,111057,54522,56531,4,39888,18694,21193,1
"KPK","KOHAT","KURRAM","LOWER KURRAM","TEHSIL","URDU",115,55,60,NA,87,45,42,NA,28,10,18,NA
"KPK","HAZARA","ABBOTTABAD","LOWER TANAWAL","TEHSIL","BALOCHI",NA,NA,NA,NA,NA,NA,NA,NA,NA,NA,NA,NA
"KPK","HAZARA","ABBOTTABAD","LOWER TANAWAL","TEHSIL","BALTI",2,2,NA,NA,2,2,NA,NA,NA,NA,NA,NA
"KPK","HAZARA","ABBOTTABAD","LOWER TANAWAL","TEHSIL","BRAHVI",8,2,6,NA,8,2,6,NA,NA,NA,NA,NA
"KPK","HAZARA","ABBOTTABAD","LOWER TANAWAL","TEHSIL","HINDKO",59449,29876,29571,2,59449,29876,29571,2,NA,NA,NA,NA
"KPK","HAZARA","ABBOTTABAD","LOWER TANAWAL","TEHSIL","KALASHA",NA,NA,NA,NA,NA,NA,NA,NA,NA,NA,NA,NA
"KPK","HAZARA","ABBOTTABAD","LOWER TANAWAL","TEHSIL","KASHMIRI",4,4,NA,NA,4,4,NA,NA,NA,NA,NA,NA
"KPK","HAZARA","ABBOTTABAD","LOWER TANAWAL","TEHSIL","KOHIOSTANI",1,NA,1,NA,1,NA,1,NA,NA,NA,NA,NA
"KPK","HAZARA","ABBOTTABAD","LOWER TANAWAL","TEHSIL","MEWATI",1,1,NA,NA,1,1,NA,NA,NA,NA,NA,NA
"KPK","HAZARA","ABBOTTABAD","LOWER TANAWAL","TEHSIL","OTHERS",25,8,17,NA,25,8,17,NA,NA,NA,NA,NA
"KPK","HAZARA","ABBOTTABAD","LOWER TANAWAL","TEHSIL","PUNJABI",12,11,1,NA,12,11,1,NA,NA,NA,NA,NA
"KPK","HAZARA","ABBOTTABAD","LOWER TANAWAL","TEHSIL","PUSHTO",177,95,82,NA,177,95,82,NA,NA,NA,NA,NA
"KPK","HAZARA","ABBOTTABAD","LOWER TANAWAL","TEHSIL","SARAIKI",26,18,8,NA,26,18,8,NA,NA,NA,NA,NA
"KPK","HAZARA","ABBOTTABAD","LOWER TANAWAL","TEHSIL","SHINA",13,8,5,NA,13,8,5,NA,NA,NA,NA,NA
"KPK","HAZARA","ABBOTTABAD","LOWER TANAWAL","TEHSIL","SINDHI",1,1,NA,NA,1,1,NA,NA,NA,NA,NA,NA
"KPK","HAZARA","ABBOTTABAD","LOWER TANAWAL","TEHSIL","TOTAL",60239,30287,29950,2,60239,30287,29950,2,NA,NA,NA,NA
"KPK","HAZARA","ABBOTTABAD","LOWER TANAWAL","TEHSIL","URDU",520,261,259,NA,520,261,259,NA,NA,NA,NA,NA
"KPK","DERA ISMAIL KHAN","SOUTH WAZIRISTAN","MAKIN","TEHSIL","BALOCHI",117,56,61,NA,117,56,61,NA,NA,NA,NA,NA
"KPK","DERA ISMAIL KHAN","SOUTH WAZIRISTAN","MAKIN","TEHSIL","BALTI",NA,NA,NA,NA,NA,NA,NA,NA,NA,NA,NA,NA
"KPK","DERA ISMAIL KHAN","SOUTH WAZIRISTAN","MAKIN","TEHSIL","BRAHVI",NA,NA,NA,NA,NA,NA,NA,NA,NA,NA,NA,NA
"KPK","DERA ISMAIL KHAN","SOUTH WAZIRISTAN","MAKIN","TEHSIL","HINDKO",NA,NA,NA,NA,NA,NA,NA,NA,NA,NA,NA,NA
"KPK","DERA ISMAIL KHAN","SOUTH WAZIRISTAN","MAKIN","TEHSIL","KALASHA",NA,NA,NA,NA,NA,NA,NA,NA,NA,NA,NA,NA
"KPK","DERA ISMAIL KHAN","SOUTH WAZIRISTAN","MAKIN","TEHSIL","KASHMIRI",NA,NA,NA,NA,NA,NA,NA,NA,NA,NA,NA,NA
"KPK","DERA ISMAIL KHAN","SOUTH WAZIRISTAN","MAKIN","TEHSIL","KOHIOSTANI",NA,NA,NA,NA,NA,NA,NA,NA,NA,NA,NA,NA
"KPK","DERA ISMAIL KHAN","SOUTH WAZIRISTAN","MAKIN","TEHSIL","MEWATI",NA,NA,NA,NA,NA,NA,NA,NA,NA,NA,NA,NA
"KPK","DERA ISMAIL KHAN","SOUTH WAZIRISTAN","MAKIN","TEHSIL","OTHERS",1,1,NA,NA,1,1,NA,NA,NA,NA,NA,NA
"KPK","DERA ISMAIL KHAN","SOUTH WAZIRISTAN","MAKIN","TEHSIL","PUNJABI",1,NA,1,NA,1,NA,1,NA,NA,NA,NA,NA
"KPK","DERA ISMAIL KHAN","SOUTH WAZIRISTAN","MAKIN","TEHSIL","PUSHTO",65892,30065,35825,2,65892,30065,35825,2,NA,NA,NA,NA
"KPK","DERA ISMAIL KHAN","SOUTH WAZIRISTAN","MAKIN","TEHSIL","SARAIKI",NA,NA,NA,NA,NA,NA,NA,NA,NA,NA,NA,NA
"KPK","DERA ISMAIL KHAN","SOUTH WAZIRISTAN","MAKIN","TEHSIL","SHINA",NA,NA,NA,NA,NA,NA,NA,NA,NA,NA,NA,NA
"KPK","DERA ISMAIL KHAN","SOUTH WAZIRISTAN","MAKIN","TEHSIL","SINDHI",9,3,6,NA,9,3,6,NA,NA,NA,NA,NA
"KPK","DERA ISMAIL KHAN","SOUTH WAZIRISTAN","MAKIN","TEHSIL","TOTAL",66042,30135,35905,2,66042,30135,35905,2,NA,NA,NA,NA
"KPK","DERA ISMAIL KHAN","SOUTH WAZIRISTAN","MAKIN","TEHSIL","URDU",22,10,12,NA,22,10,12,NA,NA,NA,NA,NA
"KPK","MALAKAND","BAJAUR","MAMUND","TEHSIL","BALOCHI",383,204,179,NA,383,204,179,NA,NA,NA,NA,NA
"KPK","MALAKAND","BAJAUR","MAMUND","TEHSIL","BALTI",NA,NA,NA,NA,NA,NA,NA,NA,NA,NA,NA,NA
"KPK","MALAKAND","BAJAUR","MAMUND","TEHSIL","BRAHVI",NA,NA,NA,NA,NA,NA,NA,NA,NA,NA,NA,NA
"KPK","MALAKAND","BAJAUR","MAMUND","TEHSIL","HINDKO",1,NA,1,NA,1,NA,1,NA,NA,NA,NA,NA
"KPK","MALAKAND","BAJAUR","MAMUND","TEHSIL","KALASHA",NA,NA,NA,NA,NA,NA,NA,NA,NA,NA,NA,NA
"KPK","MALAKAND","BAJAUR","MAMUND","TEHSIL","KASHMIRI",1,1,NA,NA,1,1,NA,NA,NA,NA,NA,NA
"KPK","MALAKAND","BAJAUR","MAMUND","TEHSIL","KOHIOSTANI",17,8,9,NA,17,8,9,NA,NA,NA,NA,NA
"KPK","MALAKAND","BAJAUR","MAMUND","TEHSIL","MEWATI",NA,NA,NA,NA,NA,NA,NA,NA,NA,NA,NA,NA
"KPK","MALAKAND","BAJAUR","MAMUND","TEHSIL","OTHERS",10,4,6,NA,10,4,6,NA,NA,NA,NA,NA
"KPK","MALAKAND","BAJAUR","MAMUND","TEHSIL","PUNJABI",4,2,2,NA,4,2,2,NA,NA,NA,NA,NA
"KPK","MALAKAND","BAJAUR","MAMUND","TEHSIL","PUSHTO",356609,175363,181242,4,356609,175363,181242,4,NA,NA,NA,NA
"KPK","MALAKAND","BAJAUR","MAMUND","TEHSIL","SARAIKI",NA,NA,NA,NA,NA,NA,NA,NA,NA,NA,NA,NA
"KPK","MALAKAND","BAJAUR","MAMUND","TEHSIL","SHINA",4,4,NA,NA,4,4,NA,NA,NA,NA,NA,NA
"KPK","MALAKAND","BAJAUR","MAMUND","TEHSIL","SINDHI",22,11,11,NA,22,11,11,NA,NA,NA,NA,NA
"KPK","MALAKAND","BAJAUR","MAMUND","TEHSIL","TOTAL",357135,175644,181487,4,357135,175644,181487,4,NA,NA,NA,NA
"KPK","MALAKAND","BAJAUR","MAMUND","TEHSIL","URDU",84,47,37,NA,84,47,37,NA,NA,NA,NA,NA
"KPK","MALAKAND","BUNER","MANDANR","TEHSIL","BALOCHI",134,79,55,NA,134,79,55,NA,NA,NA,NA,NA
"KPK","MALAKAND","BUNER","MANDANR","TEHSIL","BALTI",NA,NA,NA,NA,NA,NA,NA,NA,NA,NA,NA,NA
"KPK","MALAKAND","BUNER","MANDANR","TEHSIL","BRAHVI",4,4,NA,NA,4,4,NA,NA,NA,NA,NA,NA
"KPK","MALAKAND","BUNER","MANDANR","TEHSIL","HINDKO",5423,2722,2701,NA,5423,2722,2701,NA,NA,NA,NA,NA
"KPK","MALAKAND","BUNER","MANDANR","TEHSIL","KALASHA",NA,NA,NA,NA,NA,NA,NA,NA,NA,NA,NA,NA
"KPK","MALAKAND","BUNER","MANDANR","TEHSIL","KASHMIRI",1,1,NA,NA,1,1,NA,NA,NA,NA,NA,NA
"KPK","MALAKAND","BUNER","MANDANR","TEHSIL","KOHIOSTANI",NA,NA,NA,NA,NA,NA,NA,NA,NA,NA,NA,NA
"KPK","MALAKAND","BUNER","MANDANR","TEHSIL","MEWATI",NA,NA,NA,NA,NA,NA,NA,NA,NA,NA,NA,NA
"KPK","MALAKAND","BUNER","MANDANR","TEHSIL","OTHERS",2396,1221,1175,NA,2396,1221,1175,NA,NA,NA,NA,NA
"KPK","MALAKAND","BUNER","MANDANR","TEHSIL","PUNJABI",NA,NA,NA,NA,NA,NA,NA,NA,NA,NA,NA,NA
"KPK","MALAKAND","BUNER","MANDANR","TEHSIL","PUSHTO",177012,87082,89930,NA,177012,87082,89930,NA,NA,NA,NA,NA
"KPK","MALAKAND","BUNER","MANDANR","TEHSIL","SARAIKI",8,7,1,NA,8,7,1,NA,NA,NA,NA,NA
"KPK","MALAKAND","BUNER","MANDANR","TEHSIL","SHINA",NA,NA,NA,NA,NA,NA,NA,NA,NA,NA,NA,NA
"KPK","MALAKAND","BUNER","MANDANR","TEHSIL","SINDHI",8,1,7,NA,8,1,7,NA,NA,NA,NA,NA
"KPK","MALAKAND","BUNER","MANDANR","TEHSIL","TOTAL",185031,91141,93890,NA,185031,91141,93890,NA,NA,NA,NA,NA
"KPK","MALAKAND","BUNER","MANDANR","TEHSIL","URDU",45,24,21,NA,45,24,21,NA,NA,NA,NA,NA
"KPK","HAZARA","MANSEHRA","MANSEHRA","TEHSIL","BALOCHI",59,31,26,2,36,20,16,NA,23,11,10,2
"KPK","HAZARA","MANSEHRA","MANSEHRA","TEHSIL","BALTI",31,15,16,NA,31,15,16,NA,NA,NA,NA,NA
"KPK","HAZARA","MANSEHRA","MANSEHRA","TEHSIL","BRAHVI",194,103,91,NA,148,84,64,NA,46,19,27,NA
"KPK","HAZARA","MANSEHRA","MANSEHRA","TEHSIL","HINDKO",577655,282635,294988,32,468982,229556,239421,5,108673,53079,55567,27
"KPK","HAZARA","MANSEHRA","MANSEHRA","TEHSIL","KALASHA",3,2,1,NA,2,1,1,NA,1,1,NA,NA
"KPK","HAZARA","MANSEHRA","MANSEHRA","TEHSIL","KASHMIRI",419,218,201,NA,360,185,175,NA,59,33,26,NA
"KPK","HAZARA","MANSEHRA","MANSEHRA","TEHSIL","KOHIOSTANI",23405,10970,12435,NA,20055,9362,10693,NA,3350,1608,1742,NA
"KPK","HAZARA","MANSEHRA","MANSEHRA","TEHSIL","MEWATI",7,2,5,NA,6,2,4,NA,1,NA,1,NA
"KPK","HAZARA","MANSEHRA","MANSEHRA","TEHSIL","OTHERS",20726,10160,10566,NA,20280,9977,10303,NA,446,183,263,NA
"KPK","HAZARA","MANSEHRA","MANSEHRA","TEHSIL","PUNJABI",1158,537,615,6,463,225,238,NA,695,312,377,6
"KPK","HAZARA","MANSEHRA","MANSEHRA","TEHSIL","PUSHTO",79810,38524,41266,20,64811,31355,33456,NA,14999,7169,7810,20
"KPK","HAZARA","MANSEHRA","MANSEHRA","TEHSIL","SARAIKI",224,120,104,NA,161,89,72,NA,63,31,32,NA
"KPK","HAZARA","MANSEHRA","MANSEHRA","TEHSIL","SHINA",3990,1915,2075,NA,3608,1723,1885,NA,382,192,190,NA
"KPK","HAZARA","MANSEHRA","MANSEHRA","TEHSIL","SINDHI",62,28,34,NA,52,26,26,NA,10,2,8,NA
"KPK","HAZARA","MANSEHRA","MANSEHRA","TEHSIL","TOTAL",720681,351581,369032,68,583849,285050,298793,6,136832,66531,70239,62
"KPK","HAZARA","MANSEHRA","MANSEHRA","TEHSIL","URDU",12938,6321,6609,8,4854,2430,2423,1,8084,3891,4186,7
"KPK","MARDAN","MARDAN","MARDAN","TEHSIL","BALOCHI",941,495,446,NA,557,286,271,NA,384,209,175,NA
"KPK","MARDAN","MARDAN","MARDAN","TEHSIL","BALTI",2,1,1,NA,2,1,1,NA,NA,NA,NA,NA
"KPK","MARDAN","MARDAN","MARDAN","TEHSIL","BRAHVI",12,9,3,NA,7,5,2,NA,5,4,1,NA
"KPK","MARDAN","MARDAN","MARDAN","TEHSIL","HINDKO",618,302,316,NA,70,39,31,NA,548,263,285,NA
"KPK","MARDAN","MARDAN","MARDAN","TEHSIL","KALASHA",NA,NA,NA,NA,NA,NA,NA,NA,NA,NA,NA,NA
"KPK","MARDAN","MARDAN","MARDAN","TEHSIL","KASHMIRI",65,34,31,NA,31,18,13,NA,34,16,18,NA
"KPK","MARDAN","MARDAN","MARDAN","TEHSIL","KOHIOSTANI",720,363,357,NA,624,314,310,NA,96,49,47,NA
"KPK","MARDAN","MARDAN","MARDAN","TEHSIL","MEWATI",NA,NA,NA,NA,NA,NA,NA,NA,NA,NA,NA,NA
"KPK","MARDAN","MARDAN","MARDAN","TEHSIL","OTHERS",2295,1148,1146,1,1807,907,900,NA,488,241,246,1
"KPK","MARDAN","MARDAN","MARDAN","TEHSIL","PUNJABI",3031,1462,1565,4,313,153,160,NA,2718,1309,1405,4
"KPK","MARDAN","MARDAN","MARDAN","TEHSIL","PUSHTO",1028743,495274,533434,35,667635,321745,345884,6,361108,173529,187550,29
"KPK","MARDAN","MARDAN","MARDAN","TEHSIL","SARAIKI",99,36,63,NA,39,14,25,NA,60,22,38,NA
"KPK","MARDAN","MARDAN","MARDAN","TEHSIL","SHINA",13,9,4,NA,1,1,NA,NA,12,8,4,NA
"KPK","MARDAN","MARDAN","MARDAN","TEHSIL","SINDHI",200,105,95,NA,67,38,29,NA,133,67,66,NA
"KPK","MARDAN","MARDAN","MARDAN","TEHSIL","TOTAL",1039962,500853,539069,40,671771,323834,347931,6,368191,177019,191138,34
"KPK","MARDAN","MARDAN","MARDAN","TEHSIL","URDU",3223,1615,1608,NA,618,313,305,NA,2605,1302,1303,NA
"KPK","MALAKAND","SHANGLA","MARTUNG","TEHSIL","BALOCHI",66,37,29,NA,66,37,29,NA,NA,NA,NA,NA
"KPK","MALAKAND","SHANGLA","MARTUNG","TEHSIL","BALTI",NA,NA,NA,NA,NA,NA,NA,NA,NA,NA,NA,NA
"KPK","MALAKAND","SHANGLA","MARTUNG","TEHSIL","BRAHVI",NA,NA,NA,NA,NA,NA,NA,NA,NA,NA,NA,NA
"KPK","MALAKAND","SHANGLA","MARTUNG","TEHSIL","HINDKO",180,99,81,NA,180,99,81,NA,NA,NA,NA,NA
"KPK","MALAKAND","SHANGLA","MARTUNG","TEHSIL","KALASHA",NA,NA,NA,NA,NA,NA,NA,NA,NA,NA,NA,NA
"KPK","MALAKAND","SHANGLA","MARTUNG","TEHSIL","KASHMIRI",1,1,NA,NA,1,1,NA,NA,NA,NA,NA,NA
"KPK","MALAKAND","SHANGLA","MARTUNG","TEHSIL","KOHIOSTANI",8,3,5,NA,8,3,5,NA,NA,NA,NA,NA
"KPK","MALAKAND","SHANGLA","MARTUNG","TEHSIL","MEWATI",NA,NA,NA,NA,NA,NA,NA,NA,NA,NA,NA,NA
"KPK","MALAKAND","SHANGLA","MARTUNG","TEHSIL","OTHERS",36,19,17,NA,36,19,17,NA,NA,NA,NA,NA
"KPK","MALAKAND","SHANGLA","MARTUNG","TEHSIL","PUNJABI",12,4,8,NA,12,4,8,NA,NA,NA,NA,NA
"KPK","MALAKAND","SHANGLA","MARTUNG","TEHSIL","PUSHTO",102843,49585,53257,1,102843,49585,53257,1,NA,NA,NA,NA
"KPK","MALAKAND","SHANGLA","MARTUNG","TEHSIL","SARAIKI",NA,NA,NA,NA,NA,NA,NA,NA,NA,NA,NA,NA
"KPK","MALAKAND","SHANGLA","MARTUNG","TEHSIL","SHINA",NA,NA,NA,NA,NA,NA,NA,NA,NA,NA,NA,NA
"KPK","MALAKAND","SHANGLA","MARTUNG","TEHSIL","SINDHI",5,5,NA,NA,5,5,NA,NA,NA,NA,NA,NA
"KPK","MALAKAND","SHANGLA","MARTUNG","TEHSIL","TOTAL",103205,49777,53427,1,103205,49777,53427,1,NA,NA,NA,NA
"KPK","MALAKAND","SHANGLA","MARTUNG","TEHSIL","URDU",54,24,30,NA,54,24,30,NA,NA,NA,NA,NA
"KPK","MALAKAND","UPPER CHITRAL","MASTUJ","SUB-DIVISION","BALOCHI",3,2,1,NA,3,2,1,NA,NA,NA,NA,NA
"KPK","MALAKAND","UPPER CHITRAL","MASTUJ","SUB-DIVISION","BALTI",NA,NA,NA,NA,NA,NA,NA,NA,NA,NA,NA,NA
"KPK","MALAKAND","UPPER CHITRAL","MASTUJ","SUB-DIVISION","BRAHVI",NA,NA,NA,NA,NA,NA,NA,NA,NA,NA,NA,NA
"KPK","MALAKAND","UPPER CHITRAL","MASTUJ","SUB-DIVISION","HINDKO",2,1,1,NA,2,1,1,NA,NA,NA,NA,NA
"KPK","MALAKAND","UPPER CHITRAL","MASTUJ","SUB-DIVISION","KALASHA",NA,NA,NA,NA,NA,NA,NA,NA,NA,NA,NA,NA
"KPK","MALAKAND","UPPER CHITRAL","MASTUJ","SUB-DIVISION","KASHMIRI",NA,NA,NA,NA,NA,NA,NA,NA,NA,NA,NA,NA
"KPK","MALAKAND","UPPER CHITRAL","MASTUJ","SUB-DIVISION","KOHIOSTANI",16,10,6,NA,16,10,6,NA,NA,NA,NA,NA
"KPK","MALAKAND","UPPER CHITRAL","MASTUJ","SUB-DIVISION","MEWATI",NA,NA,NA,NA,NA,NA,NA,NA,NA,NA,NA,NA
"KPK","MALAKAND","UPPER CHITRAL","MASTUJ","SUB-DIVISION","OTHERS",194851,94697,100154,NA,194851,94697,100154,NA,NA,NA,NA,NA
"KPK","MALAKAND","UPPER CHITRAL","MASTUJ","SUB-DIVISION","PUNJABI",17,13,4,NA,17,13,4,NA,NA,NA,NA,NA
"KPK","MALAKAND","UPPER CHITRAL","MASTUJ","SUB-DIVISION","PUSHTO",107,50,57,NA,107,50,57,NA,NA,NA,NA,NA
"KPK","MALAKAND","UPPER CHITRAL","MASTUJ","SUB-DIVISION","SARAIKI",2,NA,2,NA,2,NA,2,NA,NA,NA,NA,NA
"KPK","MALAKAND","UPPER CHITRAL","MASTUJ","SUB-DIVISION","SHINA",12,8,4,NA,12,8,4,NA,NA,NA,NA,NA
"KPK","MALAKAND","UPPER CHITRAL","MASTUJ","SUB-DIVISION","SINDHI",1,1,NA,NA,1,1,NA,NA,NA,NA,NA,NA
"KPK","MALAKAND","UPPER CHITRAL","MASTUJ","SUB-DIVISION","TOTAL",195161,94842,100319,NA,195161,94842,100319,NA,NA,NA,NA,NA
"KPK","MALAKAND","UPPER CHITRAL","MASTUJ","SUB-DIVISION","URDU",150,60,90,NA,150,60,90,NA,NA,NA,NA,NA
"KPK","PESHAWAR","PESHAWAR","MATHRA","TEHSIL","BALOCHI",394,227,167,NA,394,227,167,NA,NA,NA,NA,NA
"KPK","PESHAWAR","PESHAWAR","MATHRA","TEHSIL","BALTI",1,1,NA,NA,1,1,NA,NA,NA,NA,NA,NA
"KPK","PESHAWAR","PESHAWAR","MATHRA","TEHSIL","BRAHVI",NA,NA,NA,NA,NA,NA,NA,NA,NA,NA,NA,NA
"KPK","PESHAWAR","PESHAWAR","MATHRA","TEHSIL","HINDKO",120,59,61,NA,120,59,61,NA,NA,NA,NA,NA
"KPK","PESHAWAR","PESHAWAR","MATHRA","TEHSIL","KALASHA",2,NA,2,NA,2,NA,2,NA,NA,NA,NA,NA
"KPK","PESHAWAR","PESHAWAR","MATHRA","TEHSIL","KASHMIRI",10,6,4,NA,10,6,4,NA,NA,NA,NA,NA
"KPK","PESHAWAR","PESHAWAR","MATHRA","TEHSIL","KOHIOSTANI",20,9,11,NA,20,9,11,NA,NA,NA,NA,NA
"KPK","PESHAWAR","PESHAWAR","MATHRA","TEHSIL","MEWATI",NA,NA,NA,NA,NA,NA,NA,NA,NA,NA,NA,NA
"KPK","PESHAWAR","PESHAWAR","MATHRA","TEHSIL","OTHERS",1036,505,531,NA,1036,505,531,NA,NA,NA,NA,NA
"KPK","PESHAWAR","PESHAWAR","MATHRA","TEHSIL","PUNJABI",437,224,213,NA,437,224,213,NA,NA,NA,NA,NA
"KPK","PESHAWAR","PESHAWAR","MATHRA","TEHSIL","PUSHTO",492441,243873,248561,7,492441,243873,248561,7,NA,NA,NA,NA
"KPK","PESHAWAR","PESHAWAR","MATHRA","TEHSIL","SARAIKI",19,8,11,NA,19,8,11,NA,NA,NA,NA,NA
"KPK","PESHAWAR","PESHAWAR","MATHRA","TEHSIL","SHINA",NA,NA,NA,NA,NA,NA,NA,NA,NA,NA,NA,NA
"KPK","PESHAWAR","PESHAWAR","MATHRA","TEHSIL","SINDHI",126,68,58,NA,126,68,58,NA,NA,NA,NA,NA
"KPK","PESHAWAR","PESHAWAR","MATHRA","TEHSIL","TOTAL",495059,245223,249829,7,495059,245223,249829,7,NA,NA,NA,NA
"KPK","PESHAWAR","PESHAWAR","MATHRA","TEHSIL","URDU",453,243,210,NA,453,243,210,NA,NA,NA,NA,NA
"KPK","MALAKAND","SWAT","MATTA","TEHSIL","BALOCHI",390,224,166,NA,359,203,156,NA,31,21,10,NA
"KPK","MALAKAND","SWAT","MATTA","TEHSIL","BALTI",NA,NA,NA,NA,NA,NA,NA,NA,NA,NA,NA,NA
"KPK","MALAKAND","SWAT","MATTA","TEHSIL","BRAHVI",NA,NA,NA,NA,NA,NA,NA,NA,NA,NA,NA,NA
"KPK","MALAKAND","SWAT","MATTA","TEHSIL","HINDKO",2,1,1,NA,2,1,1,NA,NA,NA,NA,NA
"KPK","MALAKAND","SWAT","MATTA","TEHSIL","KALASHA",NA,NA,NA,NA,NA,NA,NA,NA,NA,NA,NA,NA
"KPK","MALAKAND","SWAT","MATTA","TEHSIL","KASHMIRI",5,3,2,NA,5,3,2,NA,NA,NA,NA,NA
"KPK","MALAKAND","SWAT","MATTA","TEHSIL","KOHIOSTANI",528,238,290,NA,440,200,240,NA,88,38,50,NA
"KPK","MALAKAND","SWAT","MATTA","TEHSIL","MEWATI",NA,NA,NA,NA,NA,NA,NA,NA,NA,NA,NA,NA
"KPK","MALAKAND","SWAT","MATTA","TEHSIL","OTHERS",7980,3991,3989,NA,7634,3825,3809,NA,346,166,180,NA
"KPK","MALAKAND","SWAT","MATTA","TEHSIL","PUNJABI",41,19,22,NA,18,9,9,NA,23,10,13,NA
"KPK","MALAKAND","SWAT","MATTA","TEHSIL","PUSHTO",542786,268077,274702,7,491703,243161,248536,6,51083,24916,26166,1
"KPK","MALAKAND","SWAT","MATTA","TEHSIL","SARAIKI",9,3,6,NA,5,1,4,NA,4,2,2,NA
"KPK","MALAKAND","SWAT","MATTA","TEHSIL","SHINA",17,10,7,NA,17,10,7,NA,NA,NA,NA,NA
"KPK","MALAKAND","SWAT","MATTA","TEHSIL","SINDHI",52,28,24,NA,48,27,21,NA,4,1,3,NA
"KPK","MALAKAND","SWAT","MATTA","TEHSIL","TOTAL",551980,272685,279288,7,500386,247525,252855,6,51594,25160,26433,1
"KPK","MALAKAND","SWAT","MATTA","TEHSIL","URDU",170,91,79,NA,155,85,70,NA,15,6,9,NA
"KPK","BANNU","BANNU","MERYAN","TEHSIL","BALOCHI",111,67,44,NA,111,67,44,NA,NA,NA,NA,NA
"KPK","BANNU","BANNU","MERYAN","TEHSIL","BALTI",NA,NA,NA,NA,NA,NA,NA,NA,NA,NA,NA,NA
"KPK","BANNU","BANNU","MERYAN","TEHSIL","BRAHVI",NA,NA,NA,NA,NA,NA,NA,NA,NA,NA,NA,NA
"KPK","BANNU","BANNU","MERYAN","TEHSIL","HINDKO",NA,NA,NA,NA,NA,NA,NA,NA,NA,NA,NA,NA
"KPK","BANNU","BANNU","MERYAN","TEHSIL","KALASHA",1,1,NA,NA,1,1,NA,NA,NA,NA,NA,NA
"KPK","BANNU","BANNU","MERYAN","TEHSIL","KASHMIRI",6,3,3,NA,6,3,3,NA,NA,NA,NA,NA
"KPK","BANNU","BANNU","MERYAN","TEHSIL","KOHIOSTANI",1,NA,1,NA,1,NA,1,NA,NA,NA,NA,NA
"KPK","BANNU","BANNU","MERYAN","TEHSIL","MEWATI",NA,NA,NA,NA,NA,NA,NA,NA,NA,NA,NA,NA
"KPK","BANNU","BANNU","MERYAN","TEHSIL","OTHERS",9,4,5,NA,9,4,5,NA,NA,NA,NA,NA
"KPK","BANNU","BANNU","MERYAN","TEHSIL","PUNJABI",3,2,1,NA,3,2,1,NA,NA,NA,NA,NA
"KPK","BANNU","BANNU","MERYAN","TEHSIL","PUSHTO",165911,81120,84790,1,165911,81120,84790,1,NA,NA,NA,NA
"KPK","BANNU","BANNU","MERYAN","TEHSIL","SARAIKI",5,3,2,NA,5,3,2,NA,NA,NA,NA,NA
"KPK","BANNU","BANNU","MERYAN","TEHSIL","SHINA",NA,NA,NA,NA,NA,NA,NA,NA,NA,NA,NA,NA
"KPK","BANNU","BANNU","MERYAN","TEHSIL","SINDHI",21,9,12,NA,21,9,12,NA,NA,NA,NA,NA
"KPK","BANNU","BANNU","MERYAN","TEHSIL","TOTAL",166290,81315,84974,1,166290,81315,84974,1,NA,NA,NA,NA
"KPK","BANNU","BANNU","MERYAN","TEHSIL","URDU",222,106,116,NA,222,106,116,NA,NA,NA,NA,NA
"KPK","BANNU","NORTH WAZIRISTAN","MIR ALI","TEHSIL","BALOCHI",229,105,124,NA,229,105,124,NA,NA,NA,NA,NA
"KPK","BANNU","NORTH WAZIRISTAN","MIR ALI","TEHSIL","BALTI",NA,NA,NA,NA,NA,NA,NA,NA,NA,NA,NA,NA
"KPK","BANNU","NORTH WAZIRISTAN","MIR ALI","TEHSIL","BRAHVI",NA,NA,NA,NA,NA,NA,NA,NA,NA,NA,NA,NA
"KPK","BANNU","NORTH WAZIRISTAN","MIR ALI","TEHSIL","HINDKO",1,NA,1,NA,1,NA,1,NA,NA,NA,NA,NA
"KPK","BANNU","NORTH WAZIRISTAN","MIR ALI","TEHSIL","KALASHA",NA,NA,NA,NA,NA,NA,NA,NA,NA,NA,NA,NA
"KPK","BANNU","NORTH WAZIRISTAN","MIR ALI","TEHSIL","KASHMIRI",5,4,1,NA,5,4,1,NA,NA,NA,NA,NA
"KPK","BANNU","NORTH WAZIRISTAN","MIR ALI","TEHSIL","KOHIOSTANI",NA,NA,NA,NA,NA,NA,NA,NA,NA,NA,NA,NA
"KPK","BANNU","NORTH WAZIRISTAN","MIR ALI","TEHSIL","MEWATI",NA,NA,NA,NA,NA,NA,NA,NA,NA,NA,NA,NA
"KPK","BANNU","NORTH WAZIRISTAN","MIR ALI","TEHSIL","OTHERS",14,10,4,NA,14,10,4,NA,NA,NA,NA,NA
"KPK","BANNU","NORTH WAZIRISTAN","MIR ALI","TEHSIL","PUNJABI",21,8,13,NA,21,8,13,NA,NA,NA,NA,NA
"KPK","BANNU","NORTH WAZIRISTAN","MIR ALI","TEHSIL","PUSHTO",229242,110371,118868,3,229242,110371,118868,3,NA,NA,NA,NA
"KPK","BANNU","NORTH WAZIRISTAN","MIR ALI","TEHSIL","SARAIKI",7,2,5,NA,7,2,5,NA,NA,NA,NA,NA
"KPK","BANNU","NORTH WAZIRISTAN","MIR ALI","TEHSIL","SHINA",NA,NA,NA,NA,NA,NA,NA,NA,NA,NA,NA,NA
"KPK","BANNU","NORTH WAZIRISTAN","MIR ALI","TEHSIL","SINDHI",31,17,14,NA,31,17,14,NA,NA,NA,NA,NA
"KPK","BANNU","NORTH WAZIRISTAN","MIR ALI","TEHSIL","TOTAL",229647,110563,119081,3,229647,110563,119081,3,NA,NA,NA,NA
"KPK","BANNU","NORTH WAZIRISTAN","MIR ALI","TEHSIL","URDU",97,46,51,NA,97,46,51,NA,NA,NA,NA,NA
"KPK","BANNU","NORTH WAZIRISTAN","MIRAN SHAH","TEHSIL","BALOCHI",165,74,91,NA,165,74,91,NA,NA,NA,NA,NA
"KPK","BANNU","NORTH WAZIRISTAN","MIRAN SHAH","TEHSIL","BALTI",NA,NA,NA,NA,NA,NA,NA,NA,NA,NA,NA,NA
"KPK","BANNU","NORTH WAZIRISTAN","MIRAN SHAH","TEHSIL","BRAHVI",NA,NA,NA,NA,NA,NA,NA,NA,NA,NA,NA,NA
"KPK","BANNU","NORTH WAZIRISTAN","MIRAN SHAH","TEHSIL","HINDKO",85,50,34,1,NA,NA,NA,NA,85,50,34,1
"KPK","BANNU","NORTH WAZIRISTAN","MIRAN SHAH","TEHSIL","KALASHA",NA,NA,NA,NA,NA,NA,NA,NA,NA,NA,NA,NA
"KPK","BANNU","NORTH WAZIRISTAN","MIRAN SHAH","TEHSIL","KASHMIRI",5,4,1,NA,5,4,1,NA,NA,NA,NA,NA
"KPK","BANNU","NORTH WAZIRISTAN","MIRAN SHAH","TEHSIL","KOHIOSTANI",NA,NA,NA,NA,NA,NA,NA,NA,NA,NA,NA,NA
"KPK","BANNU","NORTH WAZIRISTAN","MIRAN SHAH","TEHSIL","MEWATI",NA,NA,NA,NA,NA,NA,NA,NA,NA,NA,NA,NA
"KPK","BANNU","NORTH WAZIRISTAN","MIRAN SHAH","TEHSIL","OTHERS",1,1,NA,NA,1,1,NA,NA,NA,NA,NA,NA
"KPK","BANNU","NORTH WAZIRISTAN","MIRAN SHAH","TEHSIL","PUNJABI",437,180,257,NA,54,13,41,NA,383,167,216,NA
"KPK","BANNU","NORTH WAZIRISTAN","MIRAN SHAH","TEHSIL","PUSHTO",122145,60512,61632,1,118782,59005,59776,1,3363,1507,1856,NA
"KPK","BANNU","NORTH WAZIRISTAN","MIRAN SHAH","TEHSIL","SARAIKI",75,24,51,NA,1,1,NA,NA,74,23,51,NA
"KPK","BANNU","NORTH WAZIRISTAN","MIRAN SHAH","TEHSIL","SHINA",NA,NA,NA,NA,NA,NA,NA,NA,NA,NA,NA,NA
"KPK","BANNU","NORTH WAZIRISTAN","MIRAN SHAH","TEHSIL","SINDHI",92,37,55,NA,91,37,54,NA,1,NA,1,NA
"KPK","BANNU","NORTH WAZIRISTAN","MIRAN SHAH","TEHSIL","TOTAL",123122,60940,62180,2,119186,59176,60009,1,3936,1764,2171,1
"KPK","BANNU","NORTH WAZIRISTAN","MIRAN SHAH","TEHSIL","URDU",117,58,59,NA,87,41,46,NA,30,17,13,NA
"KPK","PESHAWAR","KHYBER","MULLA GORI","TEHSIL","BALOCHI",17,11,6,NA,17,11,6,NA,NA,NA,NA,NA
"KPK","PESHAWAR","KHYBER","MULLA GORI","TEHSIL","BALTI",NA,NA,NA,NA,NA,NA,NA,NA,NA,NA,NA,NA
"KPK","PESHAWAR","KHYBER","MULLA GORI","TEHSIL","BRAHVI",NA,NA,NA,NA,NA,NA,NA,NA,NA,NA,NA,NA
"KPK","PESHAWAR","KHYBER","MULLA GORI","TEHSIL","HINDKO",NA,NA,NA,NA,NA,NA,NA,NA,NA,NA,NA,NA
"KPK","PESHAWAR","KHYBER","MULLA GORI","TEHSIL","KALASHA",NA,NA,NA,NA,NA,NA,NA,NA,NA,NA,NA,NA
"KPK","PESHAWAR","KHYBER","MULLA GORI","TEHSIL","KASHMIRI",1,NA,1,NA,1,NA,1,NA,NA,NA,NA,NA
"KPK","PESHAWAR","KHYBER","MULLA GORI","TEHSIL","KOHIOSTANI",1,NA,1,NA,1,NA,1,NA,NA,NA,NA,NA
"KPK","PESHAWAR","KHYBER","MULLA GORI","TEHSIL","MEWATI",NA,NA,NA,NA,NA,NA,NA,NA,NA,NA,NA,NA
"KPK","PESHAWAR","KHYBER","MULLA GORI","TEHSIL","OTHERS",56,22,34,NA,56,22,34,NA,NA,NA,NA,NA
"KPK","PESHAWAR","KHYBER","MULLA GORI","TEHSIL","PUNJABI",102,53,49,NA,102,53,49,NA,NA,NA,NA,NA
"KPK","PESHAWAR","KHYBER","MULLA GORI","TEHSIL","PUSHTO",42392,19905,22487,NA,42392,19905,22487,NA,NA,NA,NA,NA
"KPK","PESHAWAR","KHYBER","MULLA GORI","TEHSIL","SARAIKI",NA,NA,NA,NA,NA,NA,NA,NA,NA,NA,NA,NA
"KPK","PESHAWAR","KHYBER","MULLA GORI","TEHSIL","SHINA",NA,NA,NA,NA,NA,NA,NA,NA,NA,NA,NA,NA
"KPK","PESHAWAR","KHYBER","MULLA GORI","TEHSIL","SINDHI",2,1,1,NA,2,1,1,NA,NA,NA,NA,NA
"KPK","PESHAWAR","KHYBER","MULLA GORI","TEHSIL","TOTAL",42580,19996,22584,NA,42580,19996,22584,NA,NA,NA,NA,NA
"KPK","PESHAWAR","KHYBER","MULLA GORI","TEHSIL","URDU",9,4,5,NA,9,4,5,NA,NA,NA,NA,NA
"KPK","MALAKAND","BAJAUR","NAWAGAI","TEHSIL","BALOCHI",78,37,41,NA,78,37,41,NA,NA,NA,NA,NA
"KPK","MALAKAND","BAJAUR","NAWAGAI","TEHSIL","BALTI",NA,NA,NA,NA,NA,NA,NA,NA,NA,NA,NA,NA
"KPK","MALAKAND","BAJAUR","NAWAGAI","TEHSIL","BRAHVI",1,1,NA,NA,1,1,NA,NA,NA,NA,NA,NA
"KPK","MALAKAND","BAJAUR","NAWAGAI","TEHSIL","HINDKO",1,NA,1,NA,1,NA,1,NA,NA,NA,NA,NA
"KPK","MALAKAND","BAJAUR","NAWAGAI","TEHSIL","KALASHA",NA,NA,NA,NA,NA,NA,NA,NA,NA,NA,NA,NA
"KPK","MALAKAND","BAJAUR","NAWAGAI","TEHSIL","KASHMIRI",2,1,1,NA,2,1,1,NA,NA,NA,NA,NA
"KPK","MALAKAND","BAJAUR","NAWAGAI","TEHSIL","KOHIOSTANI",NA,NA,NA,NA,NA,NA,NA,NA,NA,NA,NA,NA
"KPK","MALAKAND","BAJAUR","NAWAGAI","TEHSIL","MEWATI",NA,NA,NA,NA,NA,NA,NA,NA,NA,NA,NA,NA
"KPK","MALAKAND","BAJAUR","NAWAGAI","TEHSIL","OTHERS",7,5,2,NA,7,5,2,NA,NA,NA,NA,NA
"KPK","MALAKAND","BAJAUR","NAWAGAI","TEHSIL","PUNJABI",NA,NA,NA,NA,NA,NA,NA,NA,NA,NA,NA,NA
"KPK","MALAKAND","BAJAUR","NAWAGAI","TEHSIL","PUSHTO",93591,46052,47535,4,93591,46052,47535,4,NA,NA,NA,NA
"KPK","MALAKAND","BAJAUR","NAWAGAI","TEHSIL","SARAIKI",4,4,NA,NA,4,4,NA,NA,NA,NA,NA,NA
"KPK","MALAKAND","BAJAUR","NAWAGAI","TEHSIL","SHINA",NA,NA,NA,NA,NA,NA,NA,NA,NA,NA,NA,NA
"KPK","MALAKAND","BAJAUR","NAWAGAI","TEHSIL","SINDHI",2,NA,2,NA,2,NA,2,NA,NA,NA,NA,NA
"KPK","MALAKAND","BAJAUR","NAWAGAI","TEHSIL","TOTAL",93706,46109,47593,4,93706,46109,47593,4,NA,NA,NA,NA
"KPK","MALAKAND","BAJAUR","NAWAGAI","TEHSIL","URDU",20,9,11,NA,20,9,11,NA,NA,NA,NA,NA
"KPK","PESHAWAR","NOWSHERA","NOWSHERA","TEHSIL","BALOCHI",1146,474,672,NA,517,278,239,NA,629,196,433,NA
"KPK","PESHAWAR","NOWSHERA","NOWSHERA","TEHSIL","BALTI",58,20,38,NA,6,3,3,NA,52,17,35,NA
"KPK","PESHAWAR","NOWSHERA","NOWSHERA","TEHSIL","BRAHVI",34,14,20,NA,4,3,1,NA,30,11,19,NA
"KPK","PESHAWAR","NOWSHERA","NOWSHERA","TEHSIL","HINDKO",3892,1876,2015,1,976,485,491,NA,2916,1391,1524,1
"KPK","PESHAWAR","NOWSHERA","NOWSHERA","TEHSIL","KALASHA",28,5,23,NA,9,4,5,NA,19,1,18,NA
"KPK","PESHAWAR","NOWSHERA","NOWSHERA","TEHSIL","KASHMIRI",551,194,357,NA,113,60,53,NA,438,134,304,NA
"KPK","PESHAWAR","NOWSHERA","NOWSHERA","TEHSIL","KOHIOSTANI",978,483,494,1,403,207,196,NA,575,276,298,1
"KPK","PESHAWAR","NOWSHERA","NOWSHERA","TEHSIL","MEWATI",18,7,11,NA,NA,NA,NA,NA,18,7,11,NA
"KPK","PESHAWAR","NOWSHERA","NOWSHERA","TEHSIL","OTHERS",2214,1067,1147,NA,1794,902,892,NA,420,165,255,NA
"KPK","PESHAWAR","NOWSHERA","NOWSHERA","TEHSIL","PUNJABI",17949,6449,11498,2,3805,1849,1954,2,14144,4600,9544,NA
"KPK","PESHAWAR","NOWSHERA","NOWSHERA","TEHSIL","PUSHTO",745704,364717,380964,23,580853,284976,295872,5,164851,79741,85092,18
"KPK","PESHAWAR","NOWSHERA","NOWSHERA","TEHSIL","SARAIKI",979,428,551,NA,110,57,53,NA,869,371,498,NA
"KPK","PESHAWAR","NOWSHERA","NOWSHERA","TEHSIL","SHINA",111,52,59,NA,7,3,4,NA,104,49,55,NA
"KPK","PESHAWAR","NOWSHERA","NOWSHERA","TEHSIL","SINDHI",1894,460,1434,NA,131,68,63,NA,1763,392,1371,NA
"KPK","PESHAWAR","NOWSHERA","NOWSHERA","TEHSIL","TOTAL",791210,383161,408012,37,593100,291121,301971,8,198110,92040,106041,29
"KPK","PESHAWAR","NOWSHERA","NOWSHERA","TEHSIL","URDU",15654,6915,8729,10,4372,2226,2145,1,11282,4689,6584,9
"KPK","HAZARA","MANSEHRA","OGHI","TEHSIL","BALOCHI",83,41,42,NA,83,41,42,NA,NA,NA,NA,NA
"KPK","HAZARA","MANSEHRA","OGHI","TEHSIL","BALTI",23,13,10,NA,23,13,10,NA,NA,NA,NA,NA
"KPK","HAZARA","MANSEHRA","OGHI","TEHSIL","BRAHVI",43,23,20,NA,43,23,20,NA,NA,NA,NA,NA
"KPK","HAZARA","MANSEHRA","OGHI","TEHSIL","HINDKO",111719,56610,55106,3,111719,56610,55106,3,NA,NA,NA,NA
"KPK","HAZARA","MANSEHRA","OGHI","TEHSIL","KALASHA",1,1,NA,NA,1,1,NA,NA,NA,NA,NA,NA
"KPK","HAZARA","MANSEHRA","OGHI","TEHSIL","KASHMIRI",31,10,21,NA,31,10,21,NA,NA,NA,NA,NA
"KPK","HAZARA","MANSEHRA","OGHI","TEHSIL","KOHIOSTANI",7876,3816,4060,NA,7876,3816,4060,NA,NA,NA,NA,NA
"KPK","HAZARA","MANSEHRA","OGHI","TEHSIL","MEWATI",NA,NA,NA,NA,NA,NA,NA,NA,NA,NA,NA,NA
"KPK","HAZARA","MANSEHRA","OGHI","TEHSIL","OTHERS",26375,13669,12706,NA,26375,13669,12706,NA,NA,NA,NA,NA
"KPK","HAZARA","MANSEHRA","OGHI","TEHSIL","PUNJABI",68,29,39,NA,68,29,39,NA,NA,NA,NA,NA
"KPK","HAZARA","MANSEHRA","OGHI","TEHSIL","PUSHTO",104563,52544,52016,3,104563,52544,52016,3,NA,NA,NA,NA
"KPK","HAZARA","MANSEHRA","OGHI","TEHSIL","SARAIKI",36,16,20,NA,36,16,20,NA,NA,NA,NA,NA
"KPK","HAZARA","MANSEHRA","OGHI","TEHSIL","SHINA",236,113,123,NA,236,113,123,NA,NA,NA,NA,NA
"KPK","HAZARA","MANSEHRA","OGHI","TEHSIL","SINDHI",7,4,3,NA,7,4,3,NA,NA,NA,NA,NA
"KPK","HAZARA","MANSEHRA","OGHI","TEHSIL","TOTAL",251533,127135,124392,6,251533,127135,124392,6,NA,NA,NA,NA
"KPK","HAZARA","MANSEHRA","OGHI","TEHSIL","URDU",472,246,226,NA,472,246,226,NA,NA,NA,NA,NA
"KPK","PESHAWAR","NOWSHERA","PABBI","TEHSIL","BALOCHI",517,290,227,NA,476,264,212,NA,41,26,15,NA
"KPK","PESHAWAR","NOWSHERA","PABBI","TEHSIL","BALTI",NA,NA,NA,NA,NA,NA,NA,NA,NA,NA,NA,NA
"KPK","PESHAWAR","NOWSHERA","PABBI","TEHSIL","BRAHVI",8,2,6,NA,8,2,6,NA,NA,NA,NA,NA
"KPK","PESHAWAR","NOWSHERA","PABBI","TEHSIL","HINDKO",10672,5218,5452,2,10634,5193,5439,2,38,25,13,NA
"KPK","PESHAWAR","NOWSHERA","PABBI","TEHSIL","KALASHA",27,14,13,NA,27,14,13,NA,NA,NA,NA,NA
"KPK","PESHAWAR","NOWSHERA","PABBI","TEHSIL","KASHMIRI",8,2,6,NA,1,NA,1,NA,7,2,5,NA
"KPK","PESHAWAR","NOWSHERA","PABBI","TEHSIL","KOHIOSTANI",49,23,26,NA,38,19,19,NA,11,4,7,NA
"KPK","PESHAWAR","NOWSHERA","PABBI","TEHSIL","MEWATI",NA,NA,NA,NA,NA,NA,NA,NA,NA,NA,NA,NA
"KPK","PESHAWAR","NOWSHERA","PABBI","TEHSIL","OTHERS",1467,653,814,NA,1396,613,783,NA,71,40,31,NA
"KPK","PESHAWAR","NOWSHERA","PABBI","TEHSIL","PUNJABI",274,123,151,NA,207,95,112,NA,67,28,39,NA
"KPK","PESHAWAR","NOWSHERA","PABBI","TEHSIL","PUSHTO",495498,244883,250609,6,443173,219009,224160,4,52325,25874,26449,2
"KPK","PESHAWAR","NOWSHERA","PABBI","TEHSIL","SARAIKI",21,12,9,NA,21,12,9,NA,NA,NA,NA,NA
"KPK","PESHAWAR","NOWSHERA","PABBI","TEHSIL","SHINA",1,NA,1,NA,1,NA,1,NA,NA,NA,NA,NA
"KPK","PESHAWAR","NOWSHERA","PABBI","TEHSIL","SINDHI",50,26,24,NA,47,24,23,NA,3,2,1,NA
"KPK","PESHAWAR","NOWSHERA","PABBI","TEHSIL","TOTAL",509495,251704,257783,8,456794,225631,231157,6,52701,26073,26626,2
"KPK","PESHAWAR","NOWSHERA","PABBI","TEHSIL","URDU",903,458,445,NA,765,386,379,NA,138,72,66,NA
"KPK","DERA ISMAIL KHAN","DERA ISMAIL KHAN","PAHARPUR","TEHSIL","BALOCHI",107,55,52,NA,72,38,34,NA,35,17,18,NA
"KPK","DERA ISMAIL KHAN","DERA ISMAIL KHAN","PAHARPUR","TEHSIL","BALTI",NA,NA,NA,NA,NA,NA,NA,NA,NA,NA,NA,NA
"KPK","DERA ISMAIL KHAN","DERA ISMAIL KHAN","PAHARPUR","TEHSIL","BRAHVI",1,NA,1,NA,1,NA,1,NA,NA,NA,NA,NA
"KPK","DERA ISMAIL KHAN","DERA ISMAIL KHAN","PAHARPUR","TEHSIL","HINDKO",59,36,23,NA,55,35,20,NA,4,1,3,NA
"KPK","DERA ISMAIL KHAN","DERA ISMAIL KHAN","PAHARPUR","TEHSIL","KALASHA",NA,NA,NA,NA,NA,NA,NA,NA,NA,NA,NA,NA
"KPK","DERA ISMAIL KHAN","DERA ISMAIL KHAN","PAHARPUR","TEHSIL","KASHMIRI",76,33,43,NA,65,28,37,NA,11,5,6,NA
"KPK","DERA ISMAIL KHAN","DERA ISMAIL KHAN","PAHARPUR","TEHSIL","KOHIOSTANI",NA,NA,NA,NA,NA,NA,NA,NA,NA,NA,NA,NA
"KPK","DERA ISMAIL KHAN","DERA ISMAIL KHAN","PAHARPUR","TEHSIL","MEWATI",NA,NA,NA,NA,NA,NA,NA,NA,NA,NA,NA,NA
"KPK","DERA ISMAIL KHAN","DERA ISMAIL KHAN","PAHARPUR","TEHSIL","OTHERS",68,32,36,NA,10,6,4,NA,58,26,32,NA
"KPK","DERA ISMAIL KHAN","DERA ISMAIL KHAN","PAHARPUR","TEHSIL","PUNJABI",190,107,83,NA,163,94,69,NA,27,13,14,NA
"KPK","DERA ISMAIL KHAN","DERA ISMAIL KHAN","PAHARPUR","TEHSIL","PUSHTO",125462,60141,65320,1,93174,44847,48326,1,32288,15294,16994,NA
"KPK","DERA ISMAIL KHAN","DERA ISMAIL KHAN","PAHARPUR","TEHSIL","SARAIKI",277158,134566,142585,7,224695,109403,115288,4,52463,25163,27297,3
"KPK","DERA ISMAIL KHAN","DERA ISMAIL KHAN","PAHARPUR","TEHSIL","SHINA",4,4,NA,NA,1,1,NA,NA,3,3,NA,NA
"KPK","DERA ISMAIL KHAN","DERA ISMAIL KHAN","PAHARPUR","TEHSIL","SINDHI",153,70,83,NA,152,69,83,NA,1,1,NA,NA
"KPK","DERA ISMAIL KHAN","DERA ISMAIL KHAN","PAHARPUR","TEHSIL","TOTAL",406467,196626,209833,8,318771,154717,164049,5,87696,41909,45784,3
"KPK","DERA ISMAIL KHAN","DERA ISMAIL KHAN","PAHARPUR","TEHSIL","URDU",3189,1582,1607,NA,383,196,187,NA,2806,1386,1420,NA
"KPK","HAZARA","KOLAI PALAS KOHISTAN","PALAS","SUB-DIVISION","BALOCHI",6,2,4,NA,6,2,4,NA,NA,NA,NA,NA
"KPK","HAZARA","KOLAI PALAS KOHISTAN","PALAS","SUB-DIVISION","BALTI",1,1,NA,NA,1,1,NA,NA,NA,NA,NA,NA
"KPK","HAZARA","KOLAI PALAS KOHISTAN","PALAS","SUB-DIVISION","BRAHVI",1,NA,1,NA,1,NA,1,NA,NA,NA,NA,NA
"KPK","HAZARA","KOLAI PALAS KOHISTAN","PALAS","SUB-DIVISION","HINDKO",5,4,1,NA,5,4,1,NA,NA,NA,NA,NA
"KPK","HAZARA","KOLAI PALAS KOHISTAN","PALAS","SUB-DIVISION","KALASHA",2,1,1,NA,2,1,1,NA,NA,NA,NA,NA
"KPK","HAZARA","KOLAI PALAS KOHISTAN","PALAS","SUB-DIVISION","KASHMIRI",7,3,4,NA,7,3,4,NA,NA,NA,NA,NA
"KPK","HAZARA","KOLAI PALAS KOHISTAN","PALAS","SUB-DIVISION","KOHIOSTANI",93637,45963,47673,1,93637,45963,47673,1,NA,NA,NA,NA
"KPK","HAZARA","KOLAI PALAS KOHISTAN","PALAS","SUB-DIVISION","MEWATI",6,4,2,NA,6,4,2,NA,NA,NA,NA,NA
"KPK","HAZARA","KOLAI PALAS KOHISTAN","PALAS","SUB-DIVISION","OTHERS",305,151,154,NA,305,151,154,NA,NA,NA,NA,NA
"KPK","HAZARA","KOLAI PALAS KOHISTAN","PALAS","SUB-DIVISION","PUNJABI",NA,NA,NA,NA,NA,NA,NA,NA,NA,NA,NA,NA
"KPK","HAZARA","KOLAI PALAS KOHISTAN","PALAS","SUB-DIVISION","PUSHTO",1284,612,672,NA,1284,612,672,NA,NA,NA,NA,NA
"KPK","HAZARA","KOLAI PALAS KOHISTAN","PALAS","SUB-DIVISION","SARAIKI",1,1,NA,NA,1,1,NA,NA,NA,NA,NA,NA
"KPK","HAZARA","KOLAI PALAS KOHISTAN","PALAS","SUB-DIVISION","SHINA",1398,728,670,NA,1398,728,670,NA,NA,NA,NA,NA
"KPK","HAZARA","KOLAI PALAS KOHISTAN","PALAS","SUB-DIVISION","SINDHI",8,2,6,NA,8,2,6,NA,NA,NA,NA,NA
"KPK","HAZARA","KOLAI PALAS KOHISTAN","PALAS","SUB-DIVISION","TOTAL",96750,47516,49233,1,96750,47516,49233,1,NA,NA,NA,NA
"KPK","HAZARA","KOLAI PALAS KOHISTAN","PALAS","SUB-DIVISION","URDU",89,44,45,NA,89,44,45,NA,NA,NA,NA,NA
"KPK","DERA ISMAIL KHAN","DERA ISMAIL KHAN","PAROA","TEHSIL","BALOCHI",234,112,122,NA,221,106,115,NA,13,6,7,NA
"KPK","DERA ISMAIL KHAN","DERA ISMAIL KHAN","PAROA","TEHSIL","BALTI",NA,NA,NA,NA,NA,NA,NA,NA,NA,NA,NA,NA
"KPK","DERA ISMAIL KHAN","DERA ISMAIL KHAN","PAROA","TEHSIL","BRAHVI",NA,NA,NA,NA,NA,NA,NA,NA,NA,NA,NA,NA
"KPK","DERA ISMAIL KHAN","DERA ISMAIL KHAN","PAROA","TEHSIL","HINDKO",91,33,58,NA,83,29,54,NA,8,4,4,NA
"KPK","DERA ISMAIL KHAN","DERA ISMAIL KHAN","PAROA","TEHSIL","KALASHA",1,NA,1,NA,1,NA,1,NA,NA,NA,NA,NA
"KPK","DERA ISMAIL KHAN","DERA ISMAIL KHAN","PAROA","TEHSIL","KASHMIRI",89,23,66,NA,87,22,65,NA,2,1,1,NA
"KPK","DERA ISMAIL KHAN","DERA ISMAIL KHAN","PAROA","TEHSIL","KOHIOSTANI",NA,NA,NA,NA,NA,NA,NA,NA,NA,NA,NA,NA
"KPK","DERA ISMAIL KHAN","DERA ISMAIL KHAN","PAROA","TEHSIL","MEWATI",NA,NA,NA,NA,NA,NA,NA,NA,NA,NA,NA,NA
"KPK","DERA ISMAIL KHAN","DERA ISMAIL KHAN","PAROA","TEHSIL","OTHERS",117,15,102,NA,117,15,102,NA,NA,NA,NA,NA
"KPK","DERA ISMAIL KHAN","DERA ISMAIL KHAN","PAROA","TEHSIL","PUNJABI",409,212,197,NA,322,165,157,NA,87,47,40,NA
"KPK","DERA ISMAIL KHAN","DERA ISMAIL KHAN","PAROA","TEHSIL","PUSHTO",68436,32239,36197,NA,64658,30453,34205,NA,3778,1786,1992,NA
"KPK","DERA ISMAIL KHAN","DERA ISMAIL KHAN","PAROA","TEHSIL","SARAIKI",248934,118744,130189,1,211064,100641,110423,NA,37870,18103,19766,1
"KPK","DERA ISMAIL KHAN","DERA ISMAIL KHAN","PAROA","TEHSIL","SHINA",NA,NA,NA,NA,NA,NA,NA,NA,NA,NA,NA,NA
"KPK","DERA ISMAIL KHAN","DERA ISMAIL KHAN","PAROA","TEHSIL","SINDHI",249,115,134,NA,230,103,127,NA,19,12,7,NA
"KPK","DERA ISMAIL KHAN","DERA ISMAIL KHAN","PAROA","TEHSIL","TOTAL",318826,151621,167204,1,276996,131634,145362,NA,41830,19987,21842,1
"KPK","DERA ISMAIL KHAN","DERA ISMAIL KHAN","PAROA","TEHSIL","URDU",266,128,138,NA,213,100,113,NA,53,28,25,NA
"KPK","HAZARA","LOWER KOHISTAN","PATTAN","SUB-DIVISION","BALOCHI",1,1,NA,NA,1,1,NA,NA,NA,NA,NA,NA
"KPK","HAZARA","LOWER KOHISTAN","PATTAN","SUB-DIVISION","BALTI",10,8,2,NA,10,8,2,NA,NA,NA,NA,NA
"KPK","HAZARA","LOWER KOHISTAN","PATTAN","SUB-DIVISION","BRAHVI",NA,NA,NA,NA,NA,NA,NA,NA,NA,NA,NA,NA
"KPK","HAZARA","LOWER KOHISTAN","PATTAN","SUB-DIVISION","HINDKO",6,2,4,NA,6,2,4,NA,NA,NA,NA,NA
"KPK","HAZARA","LOWER KOHISTAN","PATTAN","SUB-DIVISION","KALASHA",17,9,8,NA,17,9,8,NA,NA,NA,NA,NA
"KPK","HAZARA","LOWER KOHISTAN","PATTAN","SUB-DIVISION","KASHMIRI",3,1,2,NA,3,1,2,NA,NA,NA,NA,NA
"KPK","HAZARA","LOWER KOHISTAN","PATTAN","SUB-DIVISION","KOHIOSTANI",124728,60790,63934,4,124728,60790,63934,4,NA,NA,NA,NA
"KPK","HAZARA","LOWER KOHISTAN","PATTAN","SUB-DIVISION","MEWATI",NA,NA,NA,NA,NA,NA,NA,NA,NA,NA,NA,NA
"KPK","HAZARA","LOWER KOHISTAN","PATTAN","SUB-DIVISION","OTHERS",544,281,263,NA,544,281,263,NA,NA,NA,NA,NA
"KPK","HAZARA","LOWER KOHISTAN","PATTAN","SUB-DIVISION","PUNJABI",NA,NA,NA,NA,NA,NA,NA,NA,NA,NA,NA,NA
"KPK","HAZARA","LOWER KOHISTAN","PATTAN","SUB-DIVISION","PUSHTO",743,360,383,NA,743,360,383,NA,NA,NA,NA,NA
"KPK","HAZARA","LOWER KOHISTAN","PATTAN","SUB-DIVISION","SARAIKI",2,2,NA,NA,2,2,NA,NA,NA,NA,NA,NA
"KPK","HAZARA","LOWER KOHISTAN","PATTAN","SUB-DIVISION","SHINA",65,44,21,NA,65,44,21,NA,NA,NA,NA,NA
"KPK","HAZARA","LOWER KOHISTAN","PATTAN","SUB-DIVISION","SINDHI",NA,NA,NA,NA,NA,NA,NA,NA,NA,NA,NA,NA
"KPK","HAZARA","LOWER KOHISTAN","PATTAN","SUB-DIVISION","TOTAL",126248,61553,64691,4,126248,61553,64691,4,NA,NA,NA,NA
"KPK","HAZARA","LOWER KOHISTAN","PATTAN","SUB-DIVISION","URDU",129,55,74,NA,129,55,74,NA,NA,NA,NA,NA
"KPK","PESHAWAR","PESHAWAR","PESHAWAR","TEHSIL","BALOCHI",2681,1419,1261,1,359,195,164,NA,2322,1224,1097,1
"KPK","PESHAWAR","PESHAWAR","PESHAWAR","TEHSIL","BALTI",309,145,164,NA,NA,NA,NA,NA,309,145,164,NA
"KPK","PESHAWAR","PESHAWAR","PESHAWAR","TEHSIL","BRAHVI",119,66,53,NA,NA,NA,NA,NA,119,66,53,NA
"KPK","PESHAWAR","PESHAWAR","PESHAWAR","TEHSIL","HINDKO",106172,53057,53107,8,409,205,204,NA,105763,52852,52903,8
"KPK","PESHAWAR","PESHAWAR","PESHAWAR","TEHSIL","KALASHA",209,113,96,NA,NA,NA,NA,NA,209,113,96,NA
"KPK","PESHAWAR","PESHAWAR","PESHAWAR","TEHSIL","KASHMIRI",574,269,305,NA,14,2,12,NA,560,267,293,NA
"KPK","PESHAWAR","PESHAWAR","PESHAWAR","TEHSIL","KOHIOSTANI",913,451,462,NA,1,NA,1,NA,912,451,461,NA
"KPK","PESHAWAR","PESHAWAR","PESHAWAR","TEHSIL","MEWATI",20,7,13,NA,NA,NA,NA,NA,20,7,13,NA
"KPK","PESHAWAR","PESHAWAR","PESHAWAR","TEHSIL","OTHERS",19735,9788,9944,3,1344,646,698,NA,18391,9142,9246,3
"KPK","PESHAWAR","PESHAWAR","PESHAWAR","TEHSIL","PUNJABI",23352,11141,12205,6,2100,1055,1045,NA,21252,10086,11160,6
"KPK","PESHAWAR","PESHAWAR","PESHAWAR","TEHSIL","PUSHTO",1869991,905405,964447,139,202354,98557,103795,2,1667637,806848,860652,137
"KPK","PESHAWAR","PESHAWAR","PESHAWAR","TEHSIL","SARAIKI",2924,1346,1578,NA,52,26,26,NA,2872,1320,1552,NA
"KPK","PESHAWAR","PESHAWAR","PESHAWAR","TEHSIL","SHINA",249,119,130,NA,140,62,78,NA,109,57,52,NA
"KPK","PESHAWAR","PESHAWAR","PESHAWAR","TEHSIL","SINDHI",1082,500,582,NA,21,10,11,NA,1061,490,571,NA
"KPK","PESHAWAR","PESHAWAR","PESHAWAR","TEHSIL","TOTAL",2107136,1023657,1083320,159,207576,101163,106411,2,1899560,922494,976909,157
"KPK","PESHAWAR","PESHAWAR","PESHAWAR","TEHSIL","URDU",78806,39831,38973,2,782,405,377,NA,78024,39426,38596,2
"KPK","PESHAWAR","MOHMAND","PINDIALI","TEHSIL","BALOCHI",87,43,44,NA,87,43,44,NA,NA,NA,NA,NA
"KPK","PESHAWAR","MOHMAND","PINDIALI","TEHSIL","BALTI",NA,NA,NA,NA,NA,NA,NA,NA,NA,NA,NA,NA
"KPK","PESHAWAR","MOHMAND","PINDIALI","TEHSIL","BRAHVI",NA,NA,NA,NA,NA,NA,NA,NA,NA,NA,NA,NA
"KPK","PESHAWAR","MOHMAND","PINDIALI","TEHSIL","HINDKO",NA,NA,NA,NA,NA,NA,NA,NA,NA,NA,NA,NA
"KPK","PESHAWAR","MOHMAND","PINDIALI","TEHSIL","KALASHA",NA,NA,NA,NA,NA,NA,NA,NA,NA,NA,NA,NA
"KPK","PESHAWAR","MOHMAND","PINDIALI","TEHSIL","KASHMIRI",NA,NA,NA,NA,NA,NA,NA,NA,NA,NA,NA,NA
"KPK","PESHAWAR","MOHMAND","PINDIALI","TEHSIL","KOHIOSTANI",NA,NA,NA,NA,NA,NA,NA,NA,NA,NA,NA,NA
"KPK","PESHAWAR","MOHMAND","PINDIALI","TEHSIL","MEWATI",NA,NA,NA,NA,NA,NA,NA,NA,NA,NA,NA,NA
"KPK","PESHAWAR","MOHMAND","PINDIALI","TEHSIL","OTHERS",5,5,NA,NA,5,5,NA,NA,NA,NA,NA,NA
"KPK","PESHAWAR","MOHMAND","PINDIALI","TEHSIL","PUNJABI",1,1,NA,NA,1,1,NA,NA,NA,NA,NA,NA
"KPK","PESHAWAR","MOHMAND","PINDIALI","TEHSIL","PUSHTO",112123,54852,57269,2,112123,54852,57269,2,NA,NA,NA,NA
"KPK","PESHAWAR","MOHMAND","PINDIALI","TEHSIL","SARAIKI",NA,NA,NA,NA,NA,NA,NA,NA,NA,NA,NA,NA
"KPK","PESHAWAR","MOHMAND","PINDIALI","TEHSIL","SHINA",NA,NA,NA,NA,NA,NA,NA,NA,NA,NA,NA,NA
"KPK","PESHAWAR","MOHMAND","PINDIALI","TEHSIL","SINDHI",7,4,3,NA,7,4,3,NA,NA,NA,NA,NA
"KPK","PESHAWAR","MOHMAND","PINDIALI","TEHSIL","TOTAL",112247,54916,57329,2,112247,54916,57329,2,NA,NA,NA,NA
"KPK","PESHAWAR","MOHMAND","PINDIALI","TEHSIL","URDU",24,11,13,NA,24,11,13,NA,NA,NA,NA,NA
"KPK","PESHAWAR","PESHAWAR","PISHTA KHARA","TEHSIL","BALOCHI",508,271,237,NA,508,271,237,NA,NA,NA,NA,NA
"KPK","PESHAWAR","PESHAWAR","PISHTA KHARA","TEHSIL","BALTI",6,4,2,NA,6,4,2,NA,NA,NA,NA,NA
"KPK","PESHAWAR","PESHAWAR","PISHTA KHARA","TEHSIL","BRAHVI",NA,NA,NA,NA,NA,NA,NA,NA,NA,NA,NA,NA
"KPK","PESHAWAR","PESHAWAR","PISHTA KHARA","TEHSIL","HINDKO",184,100,84,NA,184,100,84,NA,NA,NA,NA,NA
"KPK","PESHAWAR","PESHAWAR","PISHTA KHARA","TEHSIL","KALASHA",1,NA,1,NA,1,NA,1,NA,NA,NA,NA,NA
"KPK","PESHAWAR","PESHAWAR","PISHTA KHARA","TEHSIL","KASHMIRI",22,12,10,NA,22,12,10,NA,NA,NA,NA,NA
"KPK","PESHAWAR","PESHAWAR","PISHTA KHARA","TEHSIL","KOHIOSTANI",36,20,16,NA,36,20,16,NA,NA,NA,NA,NA
"KPK","PESHAWAR","PESHAWAR","PISHTA KHARA","TEHSIL","MEWATI",4,3,1,NA,4,3,1,NA,NA,NA,NA,NA
"KPK","PESHAWAR","PESHAWAR","PISHTA KHARA","TEHSIL","OTHERS",701,343,358,NA,701,343,358,NA,NA,NA,NA,NA
"KPK","PESHAWAR","PESHAWAR","PISHTA KHARA","TEHSIL","PUNJABI",669,331,338,NA,669,331,338,NA,NA,NA,NA,NA
"KPK","PESHAWAR","PESHAWAR","PISHTA KHARA","TEHSIL","PUSHTO",475781,234051,241725,5,475781,234051,241725,5,NA,NA,NA,NA
"KPK","PESHAWAR","PESHAWAR","PISHTA KHARA","TEHSIL","SARAIKI",107,56,51,NA,107,56,51,NA,NA,NA,NA,NA
"KPK","PESHAWAR","PESHAWAR","PISHTA KHARA","TEHSIL","SHINA",NA,NA,NA,NA,NA,NA,NA,NA,NA,NA,NA,NA
"KPK","PESHAWAR","PESHAWAR","PISHTA KHARA","TEHSIL","SINDHI",80,35,45,NA,80,35,45,NA,NA,NA,NA,NA
"KPK","PESHAWAR","PESHAWAR","PISHTA KHARA","TEHSIL","TOTAL",478595,235480,243109,6,478595,235480,243109,6,NA,NA,NA,NA
"KPK","PESHAWAR","PESHAWAR","PISHTA KHARA","TEHSIL","URDU",496,254,241,1,496,254,241,1,NA,NA,NA,NA
"KPK","PESHAWAR","MOHMAND","PRANG GHAR","TEHSIL","BALOCHI",23,15,8,NA,23,15,8,NA,NA,NA,NA,NA
"KPK","PESHAWAR","MOHMAND","PRANG GHAR","TEHSIL","BALTI",NA,NA,NA,NA,NA,NA,NA,NA,NA,NA,NA,NA
"KPK","PESHAWAR","MOHMAND","PRANG GHAR","TEHSIL","BRAHVI",NA,NA,NA,NA,NA,NA,NA,NA,NA,NA,NA,NA
"KPK","PESHAWAR","MOHMAND","PRANG GHAR","TEHSIL","HINDKO",NA,NA,NA,NA,NA,NA,NA,NA,NA,NA,NA,NA
"KPK","PESHAWAR","MOHMAND","PRANG GHAR","TEHSIL","KALASHA",NA,NA,NA,NA,NA,NA,NA,NA,NA,NA,NA,NA
"KPK","PESHAWAR","MOHMAND","PRANG GHAR","TEHSIL","KASHMIRI",1,1,NA,NA,1,1,NA,NA,NA,NA,NA,NA
"KPK","PESHAWAR","MOHMAND","PRANG GHAR","TEHSIL","KOHIOSTANI",66,38,28,NA,66,38,28,NA,NA,NA,NA,NA
"KPK","PESHAWAR","MOHMAND","PRANG GHAR","TEHSIL","MEWATI",NA,NA,NA,NA,NA,NA,NA,NA,NA,NA,NA,NA
"KPK","PESHAWAR","MOHMAND","PRANG GHAR","TEHSIL","OTHERS",4,1,3,NA,4,1,3,NA,NA,NA,NA,NA
"KPK","PESHAWAR","MOHMAND","PRANG GHAR","TEHSIL","PUNJABI",5,1,4,NA,5,1,4,NA,NA,NA,NA,NA
"KPK","PESHAWAR","MOHMAND","PRANG GHAR","TEHSIL","PUSHTO",35939,18056,17883,NA,35939,18056,17883,NA,NA,NA,NA,NA
"KPK","PESHAWAR","MOHMAND","PRANG GHAR","TEHSIL","SARAIKI",1,1,NA,NA,1,1,NA,NA,NA,NA,NA,NA
"KPK","PESHAWAR","MOHMAND","PRANG GHAR","TEHSIL","SHINA",NA,NA,NA,NA,NA,NA,NA,NA,NA,NA,NA,NA
"KPK","PESHAWAR","MOHMAND","PRANG GHAR","TEHSIL","SINDHI",2,2,NA,NA,2,2,NA,NA,NA,NA,NA,NA
"KPK","PESHAWAR","MOHMAND","PRANG GHAR","TEHSIL","TOTAL",36046,18119,17927,NA,36046,18119,17927,NA,NA,NA,NA,NA
"KPK","PESHAWAR","MOHMAND","PRANG GHAR","TEHSIL","URDU",5,4,1,NA,5,4,1,NA,NA,NA,NA,NA
"KPK","MALAKAND","SHANGLA","PURAN","TEHSIL","BALOCHI",179,99,80,NA,179,99,80,NA,NA,NA,NA,NA
"KPK","MALAKAND","SHANGLA","PURAN","TEHSIL","BALTI",NA,NA,NA,NA,NA,NA,NA,NA,NA,NA,NA,NA
"KPK","MALAKAND","SHANGLA","PURAN","TEHSIL","BRAHVI",NA,NA,NA,NA,NA,NA,NA,NA,NA,NA,NA,NA
"KPK","MALAKAND","SHANGLA","PURAN","TEHSIL","HINDKO",NA,NA,NA,NA,NA,NA,NA,NA,NA,NA,NA,NA
"KPK","MALAKAND","SHANGLA","PURAN","TEHSIL","KALASHA",NA,NA,NA,NA,NA,NA,NA,NA,NA,NA,NA,NA
"KPK","MALAKAND","SHANGLA","PURAN","TEHSIL","KASHMIRI",1,NA,1,NA,1,NA,1,NA,NA,NA,NA,NA
"KPK","MALAKAND","SHANGLA","PURAN","TEHSIL","KOHIOSTANI",61,22,39,NA,61,22,39,NA,NA,NA,NA,NA
"KPK","MALAKAND","SHANGLA","PURAN","TEHSIL","MEWATI",6,2,4,NA,6,2,4,NA,NA,NA,NA,NA
"KPK","MALAKAND","SHANGLA","PURAN","TEHSIL","OTHERS",574,257,317,NA,574,257,317,NA,NA,NA,NA,NA
"KPK","MALAKAND","SHANGLA","PURAN","TEHSIL","PUNJABI",4,2,2,NA,4,2,2,NA,NA,NA,NA,NA
"KPK","MALAKAND","SHANGLA","PURAN","TEHSIL","PUSHTO",170882,81457,89425,NA,170882,81457,89425,NA,NA,NA,NA,NA
"KPK","MALAKAND","SHANGLA","PURAN","TEHSIL","SARAIKI",NA,NA,NA,NA,NA,NA,NA,NA,NA,NA,NA,NA
"KPK","MALAKAND","SHANGLA","PURAN","TEHSIL","SHINA",NA,NA,NA,NA,NA,NA,NA,NA,NA,NA,NA,NA
"KPK","MALAKAND","SHANGLA","PURAN","TEHSIL","SINDHI",13,5,8,NA,13,5,8,NA,NA,NA,NA,NA
"KPK","MALAKAND","SHANGLA","PURAN","TEHSIL","TOTAL",171753,81863,89890,NA,171753,81863,89890,NA,NA,NA,NA,NA
"KPK","MALAKAND","SHANGLA","PURAN","TEHSIL","URDU",33,19,14,NA,33,19,14,NA,NA,NA,NA,NA
"KPK","MARDAN","SWABI","RAZAR","TEHSIL","BALOCHI",415,218,197,NA,390,205,185,NA,25,13,12,NA
"KPK","MARDAN","SWABI","RAZAR","TEHSIL","BALTI",NA,NA,NA,NA,NA,NA,NA,NA,NA,NA,NA,NA
"KPK","MARDAN","SWABI","RAZAR","TEHSIL","BRAHVI",NA,NA,NA,NA,NA,NA,NA,NA,NA,NA,NA,NA
"KPK","MARDAN","SWABI","RAZAR","TEHSIL","HINDKO",1204,621,583,NA,1168,606,562,NA,36,15,21,NA
"KPK","MARDAN","SWABI","RAZAR","TEHSIL","KALASHA",1,1,NA,NA,1,1,NA,NA,NA,NA,NA,NA
"KPK","MARDAN","SWABI","RAZAR","TEHSIL","KASHMIRI",5,2,3,NA,5,2,3,NA,NA,NA,NA,NA
"KPK","MARDAN","SWABI","RAZAR","TEHSIL","KOHIOSTANI",519,242,277,NA,451,213,238,NA,68,29,39,NA
"KPK","MARDAN","SWABI","RAZAR","TEHSIL","MEWATI",NA,NA,NA,NA,NA,NA,NA,NA,NA,NA,NA,NA
"KPK","MARDAN","SWABI","RAZAR","TEHSIL","OTHERS",1340,625,715,NA,1328,617,711,NA,12,8,4,NA
"KPK","MARDAN","SWABI","RAZAR","TEHSIL","PUNJABI",98,49,49,NA,90,47,43,NA,8,2,6,NA
"KPK","MARDAN","SWABI","RAZAR","TEHSIL","PUSHTO",675999,330951,345039,9,648545,317519,331017,9,27454,13432,14022,NA
"KPK","MARDAN","SWABI","RAZAR","TEHSIL","SARAIKI",6,5,1,NA,3,2,1,NA,3,3,NA,NA
"KPK","MARDAN","SWABI","RAZAR","TEHSIL","SHINA",NA,NA,NA,NA,NA,NA,NA,NA,NA,NA,NA,NA
"KPK","MARDAN","SWABI","RAZAR","TEHSIL","SINDHI",57,25,32,NA,54,23,31,NA,3,2,1,NA
"KPK","MARDAN","SWABI","RAZAR","TEHSIL","TOTAL",679967,332902,347056,9,652349,319398,332942,9,27618,13504,14114,NA
"KPK","MARDAN","SWABI","RAZAR","TEHSIL","URDU",323,163,160,NA,314,163,151,NA,9,NA,9,NA
"KPK","BANNU","NORTH WAZIRISTAN","RAZMAK","TEHSIL","BALOCHI",87,39,48,NA,87,39,48,NA,NA,NA,NA,NA
"KPK","BANNU","NORTH WAZIRISTAN","RAZMAK","TEHSIL","BALTI",NA,NA,NA,NA,NA,NA,NA,NA,NA,NA,NA,NA
"KPK","BANNU","NORTH WAZIRISTAN","RAZMAK","TEHSIL","BRAHVI",NA,NA,NA,NA,NA,NA,NA,NA,NA,NA,NA,NA
"KPK","BANNU","NORTH WAZIRISTAN","RAZMAK","TEHSIL","HINDKO",1,1,NA,NA,1,1,NA,NA,NA,NA,NA,NA
"KPK","BANNU","NORTH WAZIRISTAN","RAZMAK","TEHSIL","KALASHA",NA,NA,NA,NA,NA,NA,NA,NA,NA,NA,NA,NA
"KPK","BANNU","NORTH WAZIRISTAN","RAZMAK","TEHSIL","KASHMIRI",1,NA,1,NA,1,NA,1,NA,NA,NA,NA,NA
"KPK","BANNU","NORTH WAZIRISTAN","RAZMAK","TEHSIL","KOHIOSTANI",NA,NA,NA,NA,NA,NA,NA,NA,NA,NA,NA,NA
"KPK","BANNU","NORTH WAZIRISTAN","RAZMAK","TEHSIL","MEWATI",NA,NA,NA,NA,NA,NA,NA,NA,NA,NA,NA,NA
"KPK","BANNU","NORTH WAZIRISTAN","RAZMAK","TEHSIL","OTHERS",3,1,2,NA,3,1,2,NA,NA,NA,NA,NA
"KPK","BANNU","NORTH WAZIRISTAN","RAZMAK","TEHSIL","PUNJABI",47,21,26,NA,47,21,26,NA,NA,NA,NA,NA
"KPK","BANNU","NORTH WAZIRISTAN","RAZMAK","TEHSIL","PUSHTO",48769,20803,27963,3,48769,20803,27963,3,NA,NA,NA,NA
"KPK","BANNU","NORTH WAZIRISTAN","RAZMAK","TEHSIL","SARAIKI",36,12,24,NA,36,12,24,NA,NA,NA,NA,NA
"KPK","BANNU","NORTH WAZIRISTAN","RAZMAK","TEHSIL","SHINA",NA,NA,NA,NA,NA,NA,NA,NA,NA,NA,NA,NA
"KPK","BANNU","NORTH WAZIRISTAN","RAZMAK","TEHSIL","SINDHI",8,4,4,NA,8,4,4,NA,NA,NA,NA,NA
"KPK","BANNU","NORTH WAZIRISTAN","RAZMAK","TEHSIL","TOTAL",49367,21039,28325,3,49367,21039,28325,3,NA,NA,NA,NA
"KPK","BANNU","NORTH WAZIRISTAN","RAZMAK","TEHSIL","URDU",415,158,257,NA,415,158,257,NA,NA,NA,NA,NA
"KPK","MARDAN","MARDAN","RUSTAM","TEHSIL","BALOCHI",225,114,111,NA,225,114,111,NA,NA,NA,NA,NA
"KPK","MARDAN","MARDAN","RUSTAM","TEHSIL","BALTI",NA,NA,NA,NA,NA,NA,NA,NA,NA,NA,NA,NA
"KPK","MARDAN","MARDAN","RUSTAM","TEHSIL","BRAHVI",NA,NA,NA,NA,NA,NA,NA,NA,NA,NA,NA,NA
"KPK","MARDAN","MARDAN","RUSTAM","TEHSIL","HINDKO",115,56,59,NA,115,56,59,NA,NA,NA,NA,NA
"KPK","MARDAN","MARDAN","RUSTAM","TEHSIL","KALASHA",2,1,1,NA,2,1,1,NA,NA,NA,NA,NA
"KPK","MARDAN","MARDAN","RUSTAM","TEHSIL","KASHMIRI",1,1,NA,NA,1,1,NA,NA,NA,NA,NA,NA
"KPK","MARDAN","MARDAN","RUSTAM","TEHSIL","KOHIOSTANI",32,16,16,NA,32,16,16,NA,NA,NA,NA,NA
"KPK","MARDAN","MARDAN","RUSTAM","TEHSIL","MEWATI",NA,NA,NA,NA,NA,NA,NA,NA,NA,NA,NA,NA
"KPK","MARDAN","MARDAN","RUSTAM","TEHSIL","OTHERS",1491,758,733,NA,1491,758,733,NA,NA,NA,NA,NA
"KPK","MARDAN","MARDAN","RUSTAM","TEHSIL","PUNJABI",55,31,24,NA,55,31,24,NA,NA,NA,NA,NA
"KPK","MARDAN","MARDAN","RUSTAM","TEHSIL","PUSHTO",277471,137579,139890,2,277471,137579,139890,2,NA,NA,NA,NA
"KPK","MARDAN","MARDAN","RUSTAM","TEHSIL","SARAIKI",1,NA,1,NA,1,NA,1,NA,NA,NA,NA,NA
"KPK","MARDAN","MARDAN","RUSTAM","TEHSIL","SHINA",NA,NA,NA,NA,NA,NA,NA,NA,NA,NA,NA,NA
"KPK","MARDAN","MARDAN","RUSTAM","TEHSIL","SINDHI",14,7,7,NA,14,7,7,NA,NA,NA,NA,NA
"KPK","MARDAN","MARDAN","RUSTAM","TEHSIL","TOTAL",279509,138619,140888,2,279509,138619,140888,2,NA,NA,NA,NA
"KPK","MARDAN","MARDAN","RUSTAM","TEHSIL","URDU",102,56,46,NA,102,56,46,NA,NA,NA,NA,NA
"KPK","PESHAWAR","MOHMAND","SAFI","TEHSIL","BALOCHI",96,53,43,NA,96,53,43,NA,NA,NA,NA,NA
"KPK","PESHAWAR","MOHMAND","SAFI","TEHSIL","BALTI",NA,NA,NA,NA,NA,NA,NA,NA,NA,NA,NA,NA
"KPK","PESHAWAR","MOHMAND","SAFI","TEHSIL","BRAHVI",NA,NA,NA,NA,NA,NA,NA,NA,NA,NA,NA,NA
"KPK","PESHAWAR","MOHMAND","SAFI","TEHSIL","HINDKO",1,NA,1,NA,1,NA,1,NA,NA,NA,NA,NA
"KPK","PESHAWAR","MOHMAND","SAFI","TEHSIL","KALASHA",NA,NA,NA,NA,NA,NA,NA,NA,NA,NA,NA,NA
"KPK","PESHAWAR","MOHMAND","SAFI","TEHSIL","KASHMIRI",NA,NA,NA,NA,NA,NA,NA,NA,NA,NA,NA,NA
"KPK","PESHAWAR","MOHMAND","SAFI","TEHSIL","KOHIOSTANI",NA,NA,NA,NA,NA,NA,NA,NA,NA,NA,NA,NA
"KPK","PESHAWAR","MOHMAND","SAFI","TEHSIL","MEWATI",NA,NA,NA,NA,NA,NA,NA,NA,NA,NA,NA,NA
"KPK","PESHAWAR","MOHMAND","SAFI","TEHSIL","OTHERS",30,15,15,NA,30,15,15,NA,NA,NA,NA,NA
"KPK","PESHAWAR","MOHMAND","SAFI","TEHSIL","PUNJABI",3,3,NA,NA,3,3,NA,NA,NA,NA,NA,NA
"KPK","PESHAWAR","MOHMAND","SAFI","TEHSIL","PUSHTO",109451,53166,56283,2,109451,53166,56283,2,NA,NA,NA,NA
"KPK","PESHAWAR","MOHMAND","SAFI","TEHSIL","SARAIKI",NA,NA,NA,NA,NA,NA,NA,NA,NA,NA,NA,NA
"KPK","PESHAWAR","MOHMAND","SAFI","TEHSIL","SHINA",NA,NA,NA,NA,NA,NA,NA,NA,NA,NA,NA,NA
"KPK","PESHAWAR","MOHMAND","SAFI","TEHSIL","SINDHI",12,5,7,NA,12,5,7,NA,NA,NA,NA,NA
"KPK","PESHAWAR","MOHMAND","SAFI","TEHSIL","TOTAL",109620,53257,56361,2,109620,53257,56361,2,NA,NA,NA,NA
"KPK","PESHAWAR","MOHMAND","SAFI","TEHSIL","URDU",27,15,12,NA,27,15,12,NA,NA,NA,NA,NA
"KPK","MALAKAND","BAJAUR","SALARZAI","TEHSIL","BALOCHI",257,138,119,NA,257,138,119,NA,NA,NA,NA,NA
"KPK","MALAKAND","BAJAUR","SALARZAI","TEHSIL","BALTI",NA,NA,NA,NA,NA,NA,NA,NA,NA,NA,NA,NA
"KPK","MALAKAND","BAJAUR","SALARZAI","TEHSIL","BRAHVI",NA,NA,NA,NA,NA,NA,NA,NA,NA,NA,NA,NA
"KPK","MALAKAND","BAJAUR","SALARZAI","TEHSIL","HINDKO",NA,NA,NA,NA,NA,NA,NA,NA,NA,NA,NA,NA
"KPK","MALAKAND","BAJAUR","SALARZAI","TEHSIL","KALASHA",NA,NA,NA,NA,NA,NA,NA,NA,NA,NA,NA,NA
"KPK","MALAKAND","BAJAUR","SALARZAI","TEHSIL","KASHMIRI",6,1,5,NA,6,1,5,NA,NA,NA,NA,NA
"KPK","MALAKAND","BAJAUR","SALARZAI","TEHSIL","KOHIOSTANI",NA,NA,NA,NA,NA,NA,NA,NA,NA,NA,NA,NA
"KPK","MALAKAND","BAJAUR","SALARZAI","TEHSIL","MEWATI",NA,NA,NA,NA,NA,NA,NA,NA,NA,NA,NA,NA
"KPK","MALAKAND","BAJAUR","SALARZAI","TEHSIL","OTHERS",35,15,20,NA,35,15,20,NA,NA,NA,NA,NA
"KPK","MALAKAND","BAJAUR","SALARZAI","TEHSIL","PUNJABI",10,7,3,NA,10,7,3,NA,NA,NA,NA,NA
"KPK","MALAKAND","BAJAUR","SALARZAI","TEHSIL","PUSHTO",315350,156843,158504,3,315350,156843,158504,3,NA,NA,NA,NA
"KPK","MALAKAND","BAJAUR","SALARZAI","TEHSIL","SARAIKI",1,NA,1,NA,1,NA,1,NA,NA,NA,NA,NA
"KPK","MALAKAND","BAJAUR","SALARZAI","TEHSIL","SHINA",NA,NA,NA,NA,NA,NA,NA,NA,NA,NA,NA,NA
"KPK","MALAKAND","BAJAUR","SALARZAI","TEHSIL","SINDHI",19,11,8,NA,19,11,8,NA,NA,NA,NA,NA
"KPK","MALAKAND","BAJAUR","SALARZAI","TEHSIL","TOTAL",315745,157056,158686,3,315745,157056,158686,3,NA,NA,NA,NA
"KPK","MALAKAND","BAJAUR","SALARZAI","TEHSIL","URDU",67,41,26,NA,67,41,26,NA,NA,NA,NA,NA
"KPK","MALAKAND","MALAKAND","SAM RANI ZAI","SUB-DIVISION","BALOCHI",301,165,136,NA,301,165,136,NA,NA,NA,NA,NA
"KPK","MALAKAND","MALAKAND","SAM RANI ZAI","SUB-DIVISION","BALTI",NA,NA,NA,NA,NA,NA,NA,NA,NA,NA,NA,NA
"KPK","MALAKAND","MALAKAND","SAM RANI ZAI","SUB-DIVISION","BRAHVI",NA,NA,NA,NA,NA,NA,NA,NA,NA,NA,NA,NA
"KPK","MALAKAND","MALAKAND","SAM RANI ZAI","SUB-DIVISION","HINDKO",24,11,13,NA,24,11,13,NA,NA,NA,NA,NA
"KPK","MALAKAND","MALAKAND","SAM RANI ZAI","SUB-DIVISION","KALASHA",NA,NA,NA,NA,NA,NA,NA,NA,NA,NA,NA,NA
"KPK","MALAKAND","MALAKAND","SAM RANI ZAI","SUB-DIVISION","KASHMIRI",19,10,9,NA,19,10,9,NA,NA,NA,NA,NA
"KPK","MALAKAND","MALAKAND","SAM RANI ZAI","SUB-DIVISION","KOHIOSTANI",164,81,83,NA,164,81,83,NA,NA,NA,NA,NA
"KPK","MALAKAND","MALAKAND","SAM RANI ZAI","SUB-DIVISION","MEWATI",NA,NA,NA,NA,NA,NA,NA,NA,NA,NA,NA,NA
"KPK","MALAKAND","MALAKAND","SAM RANI ZAI","SUB-DIVISION","OTHERS",1359,662,697,NA,1359,662,697,NA,NA,NA,NA,NA
"KPK","MALAKAND","MALAKAND","SAM RANI ZAI","SUB-DIVISION","PUNJABI",134,67,67,NA,134,67,67,NA,NA,NA,NA,NA
"KPK","MALAKAND","MALAKAND","SAM RANI ZAI","SUB-DIVISION","PUSHTO",350618,171202,179413,3,350618,171202,179413,3,NA,NA,NA,NA
"KPK","MALAKAND","MALAKAND","SAM RANI ZAI","SUB-DIVISION","SARAIKI",NA,NA,NA,NA,NA,NA,NA,NA,NA,NA,NA,NA
"KPK","MALAKAND","MALAKAND","SAM RANI ZAI","SUB-DIVISION","SHINA",9,4,5,NA,9,4,5,NA,NA,NA,NA,NA
"KPK","MALAKAND","MALAKAND","SAM RANI ZAI","SUB-DIVISION","SINDHI",39,28,11,NA,39,28,11,NA,NA,NA,NA,NA
"KPK","MALAKAND","MALAKAND","SAM RANI ZAI","SUB-DIVISION","TOTAL",352872,172326,180543,3,352872,172326,180543,3,NA,NA,NA,NA
"KPK","MALAKAND","MALAKAND","SAM RANI ZAI","SUB-DIVISION","URDU",205,96,109,NA,205,96,109,NA,NA,NA,NA,NA
"KPK","MALAKAND","LOWER DIR","SAMARBAGH","SUB-DIVISION","BALOCHI",366,210,156,NA,366,210,156,NA,NA,NA,NA,NA
"KPK","MALAKAND","LOWER DIR","SAMARBAGH","SUB-DIVISION","BALTI",NA,NA,NA,NA,NA,NA,NA,NA,NA,NA,NA,NA
"KPK","MALAKAND","LOWER DIR","SAMARBAGH","SUB-DIVISION","BRAHVI",NA,NA,NA,NA,NA,NA,NA,NA,NA,NA,NA,NA
"KPK","MALAKAND","LOWER DIR","SAMARBAGH","SUB-DIVISION","HINDKO",NA,NA,NA,NA,NA,NA,NA,NA,NA,NA,NA,NA
"KPK","MALAKAND","LOWER DIR","SAMARBAGH","SUB-DIVISION","KALASHA",2,2,NA,NA,2,2,NA,NA,NA,NA,NA,NA
"KPK","MALAKAND","LOWER DIR","SAMARBAGH","SUB-DIVISION","KASHMIRI",9,6,3,NA,9,6,3,NA,NA,NA,NA,NA
"KPK","MALAKAND","LOWER DIR","SAMARBAGH","SUB-DIVISION","KOHIOSTANI",NA,NA,NA,NA,NA,NA,NA,NA,NA,NA,NA,NA
"KPK","MALAKAND","LOWER DIR","SAMARBAGH","SUB-DIVISION","MEWATI",NA,NA,NA,NA,NA,NA,NA,NA,NA,NA,NA,NA
"KPK","MALAKAND","LOWER DIR","SAMARBAGH","SUB-DIVISION","OTHERS",696,371,325,NA,696,371,325,NA,NA,NA,NA,NA
"KPK","MALAKAND","LOWER DIR","SAMARBAGH","SUB-DIVISION","PUNJABI",23,14,9,NA,23,14,9,NA,NA,NA,NA,NA
"KPK","MALAKAND","LOWER DIR","SAMARBAGH","SUB-DIVISION","PUSHTO",426348,215327,211012,9,426348,215327,211012,9,NA,NA,NA,NA
"KPK","MALAKAND","LOWER DIR","SAMARBAGH","SUB-DIVISION","SARAIKI",8,3,5,NA,8,3,5,NA,NA,NA,NA,NA
"KPK","MALAKAND","LOWER DIR","SAMARBAGH","SUB-DIVISION","SHINA",1,1,NA,NA,1,1,NA,NA,NA,NA,NA,NA
"KPK","MALAKAND","LOWER DIR","SAMARBAGH","SUB-DIVISION","SINDHI",47,27,20,NA,47,27,20,NA,NA,NA,NA,NA
"KPK","MALAKAND","LOWER DIR","SAMARBAGH","SUB-DIVISION","TOTAL",427628,216024,211595,9,427628,216024,211595,9,NA,NA,NA,NA
"KPK","MALAKAND","LOWER DIR","SAMARBAGH","SUB-DIVISION","URDU",128,63,65,NA,128,63,65,NA,NA,NA,NA,NA
"KPK","BANNU","LAKKI MARWAT","SARAI NAURANG","TEHSIL","BALOCHI",304,153,151,NA,258,128,130,NA,46,25,21,NA
"KPK","BANNU","LAKKI MARWAT","SARAI NAURANG","TEHSIL","BALTI",NA,NA,NA,NA,NA,NA,NA,NA,NA,NA,NA,NA
"KPK","BANNU","LAKKI MARWAT","SARAI NAURANG","TEHSIL","BRAHVI",1,NA,1,NA,1,NA,1,NA,NA,NA,NA,NA
"KPK","BANNU","LAKKI MARWAT","SARAI NAURANG","TEHSIL","HINDKO",10,7,3,NA,NA,NA,NA,NA,10,7,3,NA
"KPK","BANNU","LAKKI MARWAT","SARAI NAURANG","TEHSIL","KALASHA",NA,NA,NA,NA,NA,NA,NA,NA,NA,NA,NA,NA
"KPK","BANNU","LAKKI MARWAT","SARAI NAURANG","TEHSIL","KASHMIRI",4,3,1,NA,4,3,1,NA,NA,NA,NA,NA
"KPK","BANNU","LAKKI MARWAT","SARAI NAURANG","TEHSIL","KOHIOSTANI",NA,NA,NA,NA,NA,NA,NA,NA,NA,NA,NA,NA
"KPK","BANNU","LAKKI MARWAT","SARAI NAURANG","TEHSIL","MEWATI",NA,NA,NA,NA,NA,NA,NA,NA,NA,NA,NA,NA
"KPK","BANNU","LAKKI MARWAT","SARAI NAURANG","TEHSIL","OTHERS",8,6,2,NA,5,3,2,NA,3,3,NA,NA
"KPK","BANNU","LAKKI MARWAT","SARAI NAURANG","TEHSIL","PUNJABI",292,146,146,NA,29,15,14,NA,263,131,132,NA
"KPK","BANNU","LAKKI MARWAT","SARAI NAURANG","TEHSIL","PUSHTO",331513,162567,168942,4,299806,146841,152961,4,31707,15726,15981,NA
"KPK","BANNU","LAKKI MARWAT","SARAI NAURANG","TEHSIL","SARAIKI",210,102,108,NA,133,62,71,NA,77,40,37,NA
"KPK","BANNU","LAKKI MARWAT","SARAI NAURANG","TEHSIL","SHINA",NA,NA,NA,NA,NA,NA,NA,NA,NA,NA,NA,NA
"KPK","BANNU","LAKKI MARWAT","SARAI NAURANG","TEHSIL","SINDHI",35,14,21,NA,35,14,21,NA,NA,NA,NA,NA
"KPK","BANNU","LAKKI MARWAT","SARAI NAURANG","TEHSIL","TOTAL",332548,163085,169459,4,300336,147101,153231,4,32212,15984,16228,NA
"KPK","BANNU","LAKKI MARWAT","SARAI NAURANG","TEHSIL","URDU",171,87,84,NA,65,35,30,NA,106,52,54,NA
"KPK","DERA ISMAIL KHAN","SOUTH WAZIRISTAN","SARAROGHA","TEHSIL","BALOCHI",116,54,62,NA,116,54,62,NA,NA,NA,NA,NA
"KPK","DERA ISMAIL KHAN","SOUTH WAZIRISTAN","SARAROGHA","TEHSIL","BALTI",NA,NA,NA,NA,NA,NA,NA,NA,NA,NA,NA,NA
"KPK","DERA ISMAIL KHAN","SOUTH WAZIRISTAN","SARAROGHA","TEHSIL","BRAHVI",NA,NA,NA,NA,NA,NA,NA,NA,NA,NA,NA,NA
"KPK","DERA ISMAIL KHAN","SOUTH WAZIRISTAN","SARAROGHA","TEHSIL","HINDKO",2,NA,2,NA,2,NA,2,NA,NA,NA,NA,NA
"KPK","DERA ISMAIL KHAN","SOUTH WAZIRISTAN","SARAROGHA","TEHSIL","KALASHA",NA,NA,NA,NA,NA,NA,NA,NA,NA,NA,NA,NA
"KPK","DERA ISMAIL KHAN","SOUTH WAZIRISTAN","SARAROGHA","TEHSIL","KASHMIRI",13,4,9,NA,13,4,9,NA,NA,NA,NA,NA
"KPK","DERA ISMAIL KHAN","SOUTH WAZIRISTAN","SARAROGHA","TEHSIL","KOHIOSTANI",NA,NA,NA,NA,NA,NA,NA,NA,NA,NA,NA,NA
"KPK","DERA ISMAIL KHAN","SOUTH WAZIRISTAN","SARAROGHA","TEHSIL","MEWATI",NA,NA,NA,NA,NA,NA,NA,NA,NA,NA,NA,NA
"KPK","DERA ISMAIL KHAN","SOUTH WAZIRISTAN","SARAROGHA","TEHSIL","OTHERS",4,1,3,NA,4,1,3,NA,NA,NA,NA,NA
"KPK","DERA ISMAIL KHAN","SOUTH WAZIRISTAN","SARAROGHA","TEHSIL","PUNJABI",7,3,4,NA,7,3,4,NA,NA,NA,NA,NA
"KPK","DERA ISMAIL KHAN","SOUTH WAZIRISTAN","SARAROGHA","TEHSIL","PUSHTO",144878,69160,75716,2,144878,69160,75716,2,NA,NA,NA,NA
"KPK","DERA ISMAIL KHAN","SOUTH WAZIRISTAN","SARAROGHA","TEHSIL","SARAIKI",19,2,17,NA,19,2,17,NA,NA,NA,NA,NA
"KPK","DERA ISMAIL KHAN","SOUTH WAZIRISTAN","SARAROGHA","TEHSIL","SHINA",NA,NA,NA,NA,NA,NA,NA,NA,NA,NA,NA,NA
"KPK","DERA ISMAIL KHAN","SOUTH WAZIRISTAN","SARAROGHA","TEHSIL","SINDHI",21,11,10,NA,21,11,10,NA,NA,NA,NA,NA
"KPK","DERA ISMAIL KHAN","SOUTH WAZIRISTAN","SARAROGHA","TEHSIL","TOTAL",145118,69256,75860,2,145118,69256,75860,2,NA,NA,NA,NA
"KPK","DERA ISMAIL KHAN","SOUTH WAZIRISTAN","SARAROGHA","TEHSIL","URDU",58,21,37,NA,58,21,37,NA,NA,NA,NA,NA
"KPK","HAZARA","UPPER KOHISTAN","SEO","SUB-DIVISION","BALOCHI",1,1,NA,NA,1,1,NA,NA,NA,NA,NA,NA
"KPK","HAZARA","UPPER KOHISTAN","SEO","SUB-DIVISION","BALTI",4,1,3,NA,4,1,3,NA,NA,NA,NA,NA
"KPK","HAZARA","UPPER KOHISTAN","SEO","SUB-DIVISION","BRAHVI",NA,NA,NA,NA,NA,NA,NA,NA,NA,NA,NA,NA
"KPK","HAZARA","UPPER KOHISTAN","SEO","SUB-DIVISION","HINDKO",9,6,3,NA,9,6,3,NA,NA,NA,NA,NA
"KPK","HAZARA","UPPER KOHISTAN","SEO","SUB-DIVISION","KALASHA",8,4,4,NA,8,4,4,NA,NA,NA,NA,NA
"KPK","HAZARA","UPPER KOHISTAN","SEO","SUB-DIVISION","KASHMIRI",1,NA,1,NA,1,NA,1,NA,NA,NA,NA,NA
"KPK","HAZARA","UPPER KOHISTAN","SEO","SUB-DIVISION","KOHIOSTANI",54084,27722,26361,1,54084,27722,26361,1,NA,NA,NA,NA
"KPK","HAZARA","UPPER KOHISTAN","SEO","SUB-DIVISION","MEWATI",1,1,NA,NA,1,1,NA,NA,NA,NA,NA,NA
"KPK","HAZARA","UPPER KOHISTAN","SEO","SUB-DIVISION","OTHERS",75,44,31,NA,75,44,31,NA,NA,NA,NA,NA
"KPK","HAZARA","UPPER KOHISTAN","SEO","SUB-DIVISION","PUNJABI",NA,NA,NA,NA,NA,NA,NA,NA,NA,NA,NA,NA
"KPK","HAZARA","UPPER KOHISTAN","SEO","SUB-DIVISION","PUSHTO",11,5,6,NA,11,5,6,NA,NA,NA,NA,NA
"KPK","HAZARA","UPPER KOHISTAN","SEO","SUB-DIVISION","SARAIKI",2,NA,2,NA,2,NA,2,NA,NA,NA,NA,NA
"KPK","HAZARA","UPPER KOHISTAN","SEO","SUB-DIVISION","SHINA",181,97,84,NA,181,97,84,NA,NA,NA,NA,NA
"KPK","HAZARA","UPPER KOHISTAN","SEO","SUB-DIVISION","SINDHI",2,2,NA,NA,2,2,NA,NA,NA,NA,NA,NA
"KPK","HAZARA","UPPER KOHISTAN","SEO","SUB-DIVISION","TOTAL",54626,27982,26643,1,54626,27982,26643,1,NA,NA,NA,NA
"KPK","HAZARA","UPPER KOHISTAN","SEO","SUB-DIVISION","URDU",247,99,148,NA,247,99,148,NA,NA,NA,NA,NA
"KPK","DERA ISMAIL KHAN","SOUTH WAZIRISTAN","SERWEKAI","TEHSIL","BALOCHI",32,17,15,NA,32,17,15,NA,NA,NA,NA,NA
"KPK","DERA ISMAIL KHAN","SOUTH WAZIRISTAN","SERWEKAI","TEHSIL","BALTI",NA,NA,NA,NA,NA,NA,NA,NA,NA,NA,NA,NA
"KPK","DERA ISMAIL KHAN","SOUTH WAZIRISTAN","SERWEKAI","TEHSIL","BRAHVI",NA,NA,NA,NA,NA,NA,NA,NA,NA,NA,NA,NA
"KPK","DERA ISMAIL KHAN","SOUTH WAZIRISTAN","SERWEKAI","TEHSIL","HINDKO",NA,NA,NA,NA,NA,NA,NA,NA,NA,NA,NA,NA
"KPK","DERA ISMAIL KHAN","SOUTH WAZIRISTAN","SERWEKAI","TEHSIL","KALASHA",NA,NA,NA,NA,NA,NA,NA,NA,NA,NA,NA,NA
"KPK","DERA ISMAIL KHAN","SOUTH WAZIRISTAN","SERWEKAI","TEHSIL","KASHMIRI",2,NA,2,NA,2,NA,2,NA,NA,NA,NA,NA
"KPK","DERA ISMAIL KHAN","SOUTH WAZIRISTAN","SERWEKAI","TEHSIL","KOHIOSTANI",NA,NA,NA,NA,NA,NA,NA,NA,NA,NA,NA,NA
"KPK","DERA ISMAIL KHAN","SOUTH WAZIRISTAN","SERWEKAI","TEHSIL","MEWATI",NA,NA,NA,NA,NA,NA,NA,NA,NA,NA,NA,NA
"KPK","DERA ISMAIL KHAN","SOUTH WAZIRISTAN","SERWEKAI","TEHSIL","OTHERS",NA,NA,NA,NA,NA,NA,NA,NA,NA,NA,NA,NA
"KPK","DERA ISMAIL KHAN","SOUTH WAZIRISTAN","SERWEKAI","TEHSIL","PUNJABI",1,NA,1,NA,1,NA,1,NA,NA,NA,NA,NA
"KPK","DERA ISMAIL KHAN","SOUTH WAZIRISTAN","SERWEKAI","TEHSIL","PUSHTO",58720,28628,30091,1,58720,28628,30091,1,NA,NA,NA,NA
"KPK","DERA ISMAIL KHAN","SOUTH WAZIRISTAN","SERWEKAI","TEHSIL","SARAIKI",3,3,NA,NA,3,3,NA,NA,NA,NA,NA,NA
"KPK","DERA ISMAIL KHAN","SOUTH WAZIRISTAN","SERWEKAI","TEHSIL","SHINA",NA,NA,NA,NA,NA,NA,NA,NA,NA,NA,NA,NA
"KPK","DERA ISMAIL KHAN","SOUTH WAZIRISTAN","SERWEKAI","TEHSIL","SINDHI",6,4,2,NA,6,4,2,NA,NA,NA,NA,NA
"KPK","DERA ISMAIL KHAN","SOUTH WAZIRISTAN","SERWEKAI","TEHSIL","TOTAL",58804,28667,30136,1,58804,28667,30136,1,NA,NA,NA,NA
"KPK","DERA ISMAIL KHAN","SOUTH WAZIRISTAN","SERWEKAI","TEHSIL","URDU",40,15,25,NA,40,15,25,NA,NA,NA,NA,NA
"KPK","PESHAWAR","CHARSADDA","SHABQADAR","TEHSIL","BALOCHI",245,132,113,NA,163,95,68,NA,82,37,45,NA
"KPK","PESHAWAR","CHARSADDA","SHABQADAR","TEHSIL","BALTI",NA,NA,NA,NA,NA,NA,NA,NA,NA,NA,NA,NA
"KPK","PESHAWAR","CHARSADDA","SHABQADAR","TEHSIL","BRAHVI",NA,NA,NA,NA,NA,NA,NA,NA,NA,NA,NA,NA
"KPK","PESHAWAR","CHARSADDA","SHABQADAR","TEHSIL","HINDKO",90,40,50,NA,76,33,43,NA,14,7,7,NA
"KPK","PESHAWAR","CHARSADDA","SHABQADAR","TEHSIL","KALASHA",4,4,NA,NA,4,4,NA,NA,NA,NA,NA,NA
"KPK","PESHAWAR","CHARSADDA","SHABQADAR","TEHSIL","KASHMIRI",11,5,6,NA,10,5,5,NA,1,NA,1,NA
"KPK","PESHAWAR","CHARSADDA","SHABQADAR","TEHSIL","KOHIOSTANI",130,48,82,NA,127,46,81,NA,3,2,1,NA
"KPK","PESHAWAR","CHARSADDA","SHABQADAR","TEHSIL","MEWATI",NA,NA,NA,NA,NA,NA,NA,NA,NA,NA,NA,NA
"KPK","PESHAWAR","CHARSADDA","SHABQADAR","TEHSIL","OTHERS",52,26,26,NA,21,8,13,NA,31,18,13,NA
"KPK","PESHAWAR","CHARSADDA","SHABQADAR","TEHSIL","PUNJABI",100,48,52,NA,23,5,18,NA,77,43,34,NA
"KPK","PESHAWAR","CHARSADDA","SHABQADAR","TEHSIL","PUSHTO",439313,213222,226084,7,337288,164649,172633,6,102025,48573,53451,1
"KPK","PESHAWAR","CHARSADDA","SHABQADAR","TEHSIL","SARAIKI",5,4,1,NA,5,4,1,NA,NA,NA,NA,NA
"KPK","PESHAWAR","CHARSADDA","SHABQADAR","TEHSIL","SHINA",NA,NA,NA,NA,NA,NA,NA,NA,NA,NA,NA,NA
"KPK","PESHAWAR","CHARSADDA","SHABQADAR","TEHSIL","SINDHI",53,24,29,NA,25,8,17,NA,28,16,12,NA
"KPK","PESHAWAR","CHARSADDA","SHABQADAR","TEHSIL","TOTAL",440166,213645,226514,7,337837,164912,172919,6,102329,48733,53595,1
"KPK","PESHAWAR","CHARSADDA","SHABQADAR","TEHSIL","URDU",163,92,71,NA,95,55,40,NA,68,37,31,NA
"KPK","PESHAWAR","PESHAWAR","SHAH ALAM","TEHSIL","BALOCHI",326,166,160,NA,326,166,160,NA,NA,NA,NA,NA
"KPK","PESHAWAR","PESHAWAR","SHAH ALAM","TEHSIL","BALTI",1,NA,1,NA,1,NA,1,NA,NA,NA,NA,NA
"KPK","PESHAWAR","PESHAWAR","SHAH ALAM","TEHSIL","BRAHVI",26,16,10,NA,26,16,10,NA,NA,NA,NA,NA
"KPK","PESHAWAR","PESHAWAR","SHAH ALAM","TEHSIL","HINDKO",13752,6651,7101,NA,13752,6651,7101,NA,NA,NA,NA,NA
"KPK","PESHAWAR","PESHAWAR","SHAH ALAM","TEHSIL","KALASHA",39,18,21,NA,39,18,21,NA,NA,NA,NA,NA
"KPK","PESHAWAR","PESHAWAR","SHAH ALAM","TEHSIL","KASHMIRI",7,2,5,NA,7,2,5,NA,NA,NA,NA,NA
"KPK","PESHAWAR","PESHAWAR","SHAH ALAM","TEHSIL","KOHIOSTANI",71,40,31,NA,71,40,31,NA,NA,NA,NA,NA
"KPK","PESHAWAR","PESHAWAR","SHAH ALAM","TEHSIL","MEWATI",NA,NA,NA,NA,NA,NA,NA,NA,NA,NA,NA,NA
"KPK","PESHAWAR","PESHAWAR","SHAH ALAM","TEHSIL","OTHERS",2020,993,1027,NA,2020,993,1027,NA,NA,NA,NA,NA
"KPK","PESHAWAR","PESHAWAR","SHAH ALAM","TEHSIL","PUNJABI",151,71,80,NA,151,71,80,NA,NA,NA,NA,NA
"KPK","PESHAWAR","PESHAWAR","SHAH ALAM","TEHSIL","PUSHTO",515811,253386,262424,1,515811,253386,262424,1,NA,NA,NA,NA
"KPK","PESHAWAR","PESHAWAR","SHAH ALAM","TEHSIL","SARAIKI",35,20,15,NA,35,20,15,NA,NA,NA,NA,NA
"KPK","PESHAWAR","PESHAWAR","SHAH ALAM","TEHSIL","SHINA",55,29,26,NA,55,29,26,NA,NA,NA,NA,NA
"KPK","PESHAWAR","PESHAWAR","SHAH ALAM","TEHSIL","SINDHI",75,44,31,NA,75,44,31,NA,NA,NA,NA,NA
"KPK","PESHAWAR","PESHAWAR","SHAH ALAM","TEHSIL","TOTAL",532848,261659,271188,1,532848,261659,271188,1,NA,NA,NA,NA
"KPK","PESHAWAR","PESHAWAR","SHAH ALAM","TEHSIL","URDU",479,223,256,NA,479,223,256,NA,NA,NA,NA,NA
"KPK","DERA ISMAIL KHAN","SOUTH WAZIRISTAN","SHAKTOI","TEHSIL","BALOCHI",32,16,16,NA,32,16,16,NA,NA,NA,NA,NA
"KPK","DERA ISMAIL KHAN","SOUTH WAZIRISTAN","SHAKTOI","TEHSIL","BALTI",NA,NA,NA,NA,NA,NA,NA,NA,NA,NA,NA,NA
"KPK","DERA ISMAIL KHAN","SOUTH WAZIRISTAN","SHAKTOI","TEHSIL","BRAHVI",NA,NA,NA,NA,NA,NA,NA,NA,NA,NA,NA,NA
"KPK","DERA ISMAIL KHAN","SOUTH WAZIRISTAN","SHAKTOI","TEHSIL","HINDKO",3,1,2,NA,3,1,2,NA,NA,NA,NA,NA
"KPK","DERA ISMAIL KHAN","SOUTH WAZIRISTAN","SHAKTOI","TEHSIL","KALASHA",NA,NA,NA,NA,NA,NA,NA,NA,NA,NA,NA,NA
"KPK","DERA ISMAIL KHAN","SOUTH WAZIRISTAN","SHAKTOI","TEHSIL","KASHMIRI",1,1,NA,NA,1,1,NA,NA,NA,NA,NA,NA
"KPK","DERA ISMAIL KHAN","SOUTH WAZIRISTAN","SHAKTOI","TEHSIL","KOHIOSTANI",NA,NA,NA,NA,NA,NA,NA,NA,NA,NA,NA,NA
"KPK","DERA ISMAIL KHAN","SOUTH WAZIRISTAN","SHAKTOI","TEHSIL","MEWATI",NA,NA,NA,NA,NA,NA,NA,NA,NA,NA,NA,NA
"KPK","DERA ISMAIL KHAN","SOUTH WAZIRISTAN","SHAKTOI","TEHSIL","OTHERS",NA,NA,NA,NA,NA,NA,NA,NA,NA,NA,NA,NA
"KPK","DERA ISMAIL KHAN","SOUTH WAZIRISTAN","SHAKTOI","TEHSIL","PUNJABI",1,1,NA,NA,1,1,NA,NA,NA,NA,NA,NA
"KPK","DERA ISMAIL KHAN","SOUTH WAZIRISTAN","SHAKTOI","TEHSIL","PUSHTO",44286,21160,23126,NA,44286,21160,23126,NA,NA,NA,NA,NA
"KPK","DERA ISMAIL KHAN","SOUTH WAZIRISTAN","SHAKTOI","TEHSIL","SARAIKI",NA,NA,NA,NA,NA,NA,NA,NA,NA,NA,NA,NA
"KPK","DERA ISMAIL KHAN","SOUTH WAZIRISTAN","SHAKTOI","TEHSIL","SHINA",NA,NA,NA,NA,NA,NA,NA,NA,NA,NA,NA,NA
"KPK","DERA ISMAIL KHAN","SOUTH WAZIRISTAN","SHAKTOI","TEHSIL","SINDHI",3,NA,3,NA,3,NA,3,NA,NA,NA,NA,NA
"KPK","DERA ISMAIL KHAN","SOUTH WAZIRISTAN","SHAKTOI","TEHSIL","TOTAL",44332,21180,23152,NA,44332,21180,23152,NA,NA,NA,NA,NA
"KPK","DERA ISMAIL KHAN","SOUTH WAZIRISTAN","SHAKTOI","TEHSIL","URDU",6,1,5,NA,6,1,5,NA,NA,NA,NA,NA
"KPK","MALAKAND","UPPER DIR","SHARINGAL","SUB-DIVISION","BALOCHI",57,31,26,NA,57,31,26,NA,NA,NA,NA,NA
"KPK","MALAKAND","UPPER DIR","SHARINGAL","SUB-DIVISION","BALTI",NA,NA,NA,NA,NA,NA,NA,NA,NA,NA,NA,NA
"KPK","MALAKAND","UPPER DIR","SHARINGAL","SUB-DIVISION","BRAHVI",NA,NA,NA,NA,NA,NA,NA,NA,NA,NA,NA,NA
"KPK","MALAKAND","UPPER DIR","SHARINGAL","SUB-DIVISION","HINDKO",1,1,NA,NA,1,1,NA,NA,NA,NA,NA,NA
"KPK","MALAKAND","UPPER DIR","SHARINGAL","SUB-DIVISION","KALASHA",14,5,9,NA,14,5,9,NA,NA,NA,NA,NA
"KPK","MALAKAND","UPPER DIR","SHARINGAL","SUB-DIVISION","KASHMIRI",196,103,93,NA,196,103,93,NA,NA,NA,NA,NA
"KPK","MALAKAND","UPPER DIR","SHARINGAL","SUB-DIVISION","KOHIOSTANI",55075,26639,28436,NA,55075,26639,28436,NA,NA,NA,NA,NA
"KPK","MALAKAND","UPPER DIR","SHARINGAL","SUB-DIVISION","MEWATI",NA,NA,NA,NA,NA,NA,NA,NA,NA,NA,NA,NA
"KPK","MALAKAND","UPPER DIR","SHARINGAL","SUB-DIVISION","OTHERS",26176,12852,13324,NA,26176,12852,13324,NA,NA,NA,NA,NA
"KPK","MALAKAND","UPPER DIR","SHARINGAL","SUB-DIVISION","PUNJABI",4,2,2,NA,4,2,2,NA,NA,NA,NA,NA
"KPK","MALAKAND","UPPER DIR","SHARINGAL","SUB-DIVISION","PUSHTO",128781,65564,63217,NA,128781,65564,63217,NA,NA,NA,NA,NA
"KPK","MALAKAND","UPPER DIR","SHARINGAL","SUB-DIVISION","SARAIKI",2,1,1,NA,2,1,1,NA,NA,NA,NA,NA
"KPK","MALAKAND","UPPER DIR","SHARINGAL","SUB-DIVISION","SHINA",NA,NA,NA,NA,NA,NA,NA,NA,NA,NA,NA,NA
"KPK","MALAKAND","UPPER DIR","SHARINGAL","SUB-DIVISION","SINDHI",10,5,5,NA,10,5,5,NA,NA,NA,NA,NA
"KPK","MALAKAND","UPPER DIR","SHARINGAL","SUB-DIVISION","TOTAL",210356,105227,105129,NA,210356,105227,105129,NA,NA,NA,NA,NA
"KPK","MALAKAND","UPPER DIR","SHARINGAL","SUB-DIVISION","URDU",40,24,16,NA,40,24,16,NA,NA,NA,NA,NA
"KPK","BANNU","NORTH WAZIRISTAN","SHEWA","TEHSIL","BALOCHI",28,17,11,NA,28,17,11,NA,NA,NA,NA,NA
"KPK","BANNU","NORTH WAZIRISTAN","SHEWA","TEHSIL","BALTI",NA,NA,NA,NA,NA,NA,NA,NA,NA,NA,NA,NA
"KPK","BANNU","NORTH WAZIRISTAN","SHEWA","TEHSIL","BRAHVI",NA,NA,NA,NA,NA,NA,NA,NA,NA,NA,NA,NA
"KPK","BANNU","NORTH WAZIRISTAN","SHEWA","TEHSIL","HINDKO",NA,NA,NA,NA,NA,NA,NA,NA,NA,NA,NA,NA
"KPK","BANNU","NORTH WAZIRISTAN","SHEWA","TEHSIL","KALASHA",NA,NA,NA,NA,NA,NA,NA,NA,NA,NA,NA,NA
"KPK","BANNU","NORTH WAZIRISTAN","SHEWA","TEHSIL","KASHMIRI",1,NA,1,NA,1,NA,1,NA,NA,NA,NA,NA
"KPK","BANNU","NORTH WAZIRISTAN","SHEWA","TEHSIL","KOHIOSTANI",NA,NA,NA,NA,NA,NA,NA,NA,NA,NA,NA,NA
"KPK","BANNU","NORTH WAZIRISTAN","SHEWA","TEHSIL","MEWATI",NA,NA,NA,NA,NA,NA,NA,NA,NA,NA,NA,NA
"KPK","BANNU","NORTH WAZIRISTAN","SHEWA","TEHSIL","OTHERS",NA,NA,NA,NA,NA,NA,NA,NA,NA,NA,NA,NA
"KPK","BANNU","NORTH WAZIRISTAN","SHEWA","TEHSIL","PUNJABI",2,NA,2,NA,2,NA,2,NA,NA,NA,NA,NA
"KPK","BANNU","NORTH WAZIRISTAN","SHEWA","TEHSIL","PUSHTO",44074,22754,21319,1,44074,22754,21319,1,NA,NA,NA,NA
"KPK","BANNU","NORTH WAZIRISTAN","SHEWA","TEHSIL","SARAIKI",NA,NA,NA,NA,NA,NA,NA,NA,NA,NA,NA,NA
"KPK","BANNU","NORTH WAZIRISTAN","SHEWA","TEHSIL","SHINA",NA,NA,NA,NA,NA,NA,NA,NA,NA,NA,NA,NA
"KPK","BANNU","NORTH WAZIRISTAN","SHEWA","TEHSIL","SINDHI",10,3,7,NA,10,3,7,NA,NA,NA,NA,NA
"KPK","BANNU","NORTH WAZIRISTAN","SHEWA","TEHSIL","TOTAL",44126,22779,21346,1,44126,22779,21346,1,NA,NA,NA,NA
"KPK","BANNU","NORTH WAZIRISTAN","SHEWA","TEHSIL","URDU",11,5,6,NA,11,5,6,NA,NA,NA,NA,NA
"KPK","BANNU","NORTH WAZIRISTAN","SPINWAM","TEHSIL","BALOCHI",40,26,14,NA,40,26,14,NA,NA,NA,NA,NA
"KPK","BANNU","NORTH WAZIRISTAN","SPINWAM","TEHSIL","BALTI",NA,NA,NA,NA,NA,NA,NA,NA,NA,NA,NA,NA
"KPK","BANNU","NORTH WAZIRISTAN","SPINWAM","TEHSIL","BRAHVI",NA,NA,NA,NA,NA,NA,NA,NA,NA,NA,NA,NA
"KPK","BANNU","NORTH WAZIRISTAN","SPINWAM","TEHSIL","HINDKO",NA,NA,NA,NA,NA,NA,NA,NA,NA,NA,NA,NA
"KPK","BANNU","NORTH WAZIRISTAN","SPINWAM","TEHSIL","KALASHA",NA,NA,NA,NA,NA,NA,NA,NA,NA,NA,NA,NA
"KPK","BANNU","NORTH WAZIRISTAN","SPINWAM","TEHSIL","KASHMIRI",NA,NA,NA,NA,NA,NA,NA,NA,NA,NA,NA,NA
"KPK","BANNU","NORTH WAZIRISTAN","SPINWAM","TEHSIL","KOHIOSTANI",NA,NA,NA,NA,NA,NA,NA,NA,NA,NA,NA,NA
"KPK","BANNU","NORTH WAZIRISTAN","SPINWAM","TEHSIL","MEWATI",NA,NA,NA,NA,NA,NA,NA,NA,NA,NA,NA,NA
"KPK","BANNU","NORTH WAZIRISTAN","SPINWAM","TEHSIL","OTHERS",3,3,NA,NA,3,3,NA,NA,NA,NA,NA,NA
"KPK","BANNU","NORTH WAZIRISTAN","SPINWAM","TEHSIL","PUNJABI",NA,NA,NA,NA,NA,NA,NA,NA,NA,NA,NA,NA
"KPK","BANNU","NORTH WAZIRISTAN","SPINWAM","TEHSIL","PUSHTO",54113,27080,27030,3,54113,27080,27030,3,NA,NA,NA,NA
"KPK","BANNU","NORTH WAZIRISTAN","SPINWAM","TEHSIL","SARAIKI",NA,NA,NA,NA,NA,NA,NA,NA,NA,NA,NA,NA
"KPK","BANNU","NORTH WAZIRISTAN","SPINWAM","TEHSIL","SHINA",NA,NA,NA,NA,NA,NA,NA,NA,NA,NA,NA,NA
"KPK","BANNU","NORTH WAZIRISTAN","SPINWAM","TEHSIL","SINDHI",11,6,5,NA,11,6,5,NA,NA,NA,NA,NA
"KPK","BANNU","NORTH WAZIRISTAN","SPINWAM","TEHSIL","TOTAL",54209,27127,27079,3,54209,27127,27079,3,NA,NA,NA,NA
"KPK","BANNU","NORTH WAZIRISTAN","SPINWAM","TEHSIL","URDU",42,12,30,NA,42,12,30,NA,NA,NA,NA,NA
"KPK","MARDAN","SWABI","SWABI","TEHSIL","BALOCHI",383,206,177,NA,216,122,94,NA,167,84,83,NA
"KPK","MARDAN","SWABI","SWABI","TEHSIL","BALTI",1,1,NA,NA,NA,NA,NA,NA,1,1,NA,NA
"KPK","MARDAN","SWABI","SWABI","TEHSIL","BRAHVI",NA,NA,NA,NA,NA,NA,NA,NA,NA,NA,NA,NA
"KPK","MARDAN","SWABI","SWABI","TEHSIL","HINDKO",94,47,47,NA,62,31,31,NA,32,16,16,NA
"KPK","MARDAN","SWABI","SWABI","TEHSIL","KALASHA",NA,NA,NA,NA,NA,NA,NA,NA,NA,NA,NA,NA
"KPK","MARDAN","SWABI","SWABI","TEHSIL","KASHMIRI",11,7,4,NA,9,6,3,NA,2,1,1,NA
"KPK","MARDAN","SWABI","SWABI","TEHSIL","KOHIOSTANI",469,242,227,NA,421,219,202,NA,48,23,25,NA
"KPK","MARDAN","SWABI","SWABI","TEHSIL","MEWATI",NA,NA,NA,NA,NA,NA,NA,NA,NA,NA,NA,NA
"KPK","MARDAN","SWABI","SWABI","TEHSIL","OTHERS",700,357,343,NA,484,242,242,NA,216,115,101,NA
"KPK","MARDAN","SWABI","SWABI","TEHSIL","PUNJABI",214,100,113,1,54,28,26,NA,160,72,87,1
"KPK","MARDAN","SWABI","SWABI","TEHSIL","PUSHTO",473218,237598,235601,19,283278,142661,140613,4,189940,94937,94988,15
"KPK","MARDAN","SWABI","SWABI","TEHSIL","SARAIKI",8,4,4,NA,8,4,4,NA,NA,NA,NA,NA
"KPK","MARDAN","SWABI","SWABI","TEHSIL","SHINA",NA,NA,NA,NA,NA,NA,NA,NA,NA,NA,NA,NA
"KPK","MARDAN","SWABI","SWABI","TEHSIL","SINDHI",41,21,20,NA,24,12,12,NA,17,9,8,NA
"KPK","MARDAN","SWABI","SWABI","TEHSIL","TOTAL",475352,238705,236627,20,284656,143378,141274,4,190696,95327,95353,16
"KPK","MARDAN","SWABI","SWABI","TEHSIL","URDU",213,122,91,NA,100,53,47,NA,113,69,44,NA
"KPK","MALAKAND","MALAKAND","SWAT RANI ZAI","SUB-DIVISION","BALOCHI",538,253,285,NA,291,158,133,NA,247,95,152,NA
"KPK","MALAKAND","MALAKAND","SWAT RANI ZAI","SUB-DIVISION","BALTI",NA,NA,NA,NA,NA,NA,NA,NA,NA,NA,NA,NA
"KPK","MALAKAND","MALAKAND","SWAT RANI ZAI","SUB-DIVISION","BRAHVI",1,NA,1,NA,1,NA,1,NA,NA,NA,NA,NA
"KPK","MALAKAND","MALAKAND","SWAT RANI ZAI","SUB-DIVISION","HINDKO",22,8,14,NA,18,8,10,NA,4,NA,4,NA
"KPK","MALAKAND","MALAKAND","SWAT RANI ZAI","SUB-DIVISION","KALASHA",1,1,NA,NA,NA,NA,NA,NA,1,1,NA,NA
"KPK","MALAKAND","MALAKAND","SWAT RANI ZAI","SUB-DIVISION","KASHMIRI",20,6,14,NA,12,5,7,NA,8,1,7,NA
"KPK","MALAKAND","MALAKAND","SWAT RANI ZAI","SUB-DIVISION","KOHIOSTANI",283,146,137,NA,230,127,103,NA,53,19,34,NA
"KPK","MALAKAND","MALAKAND","SWAT RANI ZAI","SUB-DIVISION","MEWATI",NA,NA,NA,NA,NA,NA,NA,NA,NA,NA,NA,NA
"KPK","MALAKAND","MALAKAND","SWAT RANI ZAI","SUB-DIVISION","OTHERS",10107,5076,5031,NA,10072,5054,5018,NA,35,22,13,NA
"KPK","MALAKAND","MALAKAND","SWAT RANI ZAI","SUB-DIVISION","PUNJABI",327,157,170,NA,229,116,113,NA,98,41,57,NA
"KPK","MALAKAND","MALAKAND","SWAT RANI ZAI","SUB-DIVISION","PUSHTO",460828,224816,236003,9,387885,189894,197988,3,72943,34922,38015,6
"KPK","MALAKAND","MALAKAND","SWAT RANI ZAI","SUB-DIVISION","SARAIKI",42,23,19,NA,41,22,19,NA,1,1,NA,NA
"KPK","MALAKAND","MALAKAND","SWAT RANI ZAI","SUB-DIVISION","SHINA",3,2,1,NA,3,2,1,NA,NA,NA,NA,NA
"KPK","MALAKAND","MALAKAND","SWAT RANI ZAI","SUB-DIVISION","SINDHI",76,36,40,NA,43,24,19,NA,33,12,21,NA
"KPK","MALAKAND","MALAKAND","SWAT RANI ZAI","SUB-DIVISION","TOTAL",472505,230665,241831,9,398980,195495,203482,3,73525,35170,38349,6
"KPK","MALAKAND","MALAKAND","SWAT RANI ZAI","SUB-DIVISION","URDU",257,141,116,NA,155,85,70,NA,102,56,46,NA
"KPK","MARDAN","MARDAN","TAKHT BHAI","TEHSIL","BALOCHI",677,378,299,NA,576,317,259,NA,101,61,40,NA
"KPK","MARDAN","MARDAN","TAKHT BHAI","TEHSIL","BALTI",NA,NA,NA,NA,NA,NA,NA,NA,NA,NA,NA,NA
"KPK","MARDAN","MARDAN","TAKHT BHAI","TEHSIL","BRAHVI",1,1,NA,NA,1,1,NA,NA,NA,NA,NA,NA
"KPK","MARDAN","MARDAN","TAKHT BHAI","TEHSIL","HINDKO",1793,909,884,NA,1790,907,883,NA,3,2,1,NA
"KPK","MARDAN","MARDAN","TAKHT BHAI","TEHSIL","KALASHA",2,2,NA,NA,2,2,NA,NA,NA,NA,NA,NA
"KPK","MARDAN","MARDAN","TAKHT BHAI","TEHSIL","KASHMIRI",17,9,8,NA,17,9,8,NA,NA,NA,NA,NA
"KPK","MARDAN","MARDAN","TAKHT BHAI","TEHSIL","KOHIOSTANI",1358,643,715,NA,1245,589,656,NA,113,54,59,NA
"KPK","MARDAN","MARDAN","TAKHT BHAI","TEHSIL","MEWATI",NA,NA,NA,NA,NA,NA,NA,NA,NA,NA,NA,NA
"KPK","MARDAN","MARDAN","TAKHT BHAI","TEHSIL","OTHERS",2266,1135,1131,NA,2251,1126,1125,NA,15,9,6,NA
"KPK","MARDAN","MARDAN","TAKHT BHAI","TEHSIL","PUNJABI",172,85,87,NA,118,56,62,NA,54,29,25,NA
"KPK","MARDAN","MARDAN","TAKHT BHAI","TEHSIL","PUSHTO",717424,349015,368403,6,632894,307449,325439,6,84530,41566,42964,NA
"KPK","MARDAN","MARDAN","TAKHT BHAI","TEHSIL","SARAIKI",102,45,57,NA,57,25,32,NA,45,20,25,NA
"KPK","MARDAN","MARDAN","TAKHT BHAI","TEHSIL","SHINA",1,1,NA,NA,NA,NA,NA,NA,1,1,NA,NA
"KPK","MARDAN","MARDAN","TAKHT BHAI","TEHSIL","SINDHI",87,39,48,NA,83,38,45,NA,4,1,3,NA
"KPK","MARDAN","MARDAN","TAKHT BHAI","TEHSIL","TOTAL",724224,352444,371774,6,639300,310673,328621,6,84924,41771,43153,NA
"KPK","MARDAN","MARDAN","TAKHT BHAI","TEHSIL","URDU",324,182,142,NA,266,154,112,NA,58,28,30,NA
"KPK","KOHAT","KARAK","TAKHT-E-NASRATI","TEHSIL","BALOCHI",280,144,136,NA,280,144,136,NA,NA,NA,NA,NA
"KPK","KOHAT","KARAK","TAKHT-E-NASRATI","TEHSIL","BALTI",NA,NA,NA,NA,NA,NA,NA,NA,NA,NA,NA,NA
"KPK","KOHAT","KARAK","TAKHT-E-NASRATI","TEHSIL","BRAHVI",NA,NA,NA,NA,NA,NA,NA,NA,NA,NA,NA,NA
"KPK","KOHAT","KARAK","TAKHT-E-NASRATI","TEHSIL","HINDKO",1,NA,1,NA,1,NA,1,NA,NA,NA,NA,NA
"KPK","KOHAT","KARAK","TAKHT-E-NASRATI","TEHSIL","KALASHA",NA,NA,NA,NA,NA,NA,NA,NA,NA,NA,NA,NA
"KPK","KOHAT","KARAK","TAKHT-E-NASRATI","TEHSIL","KASHMIRI",4,2,2,NA,4,2,2,NA,NA,NA,NA,NA
"KPK","KOHAT","KARAK","TAKHT-E-NASRATI","TEHSIL","KOHIOSTANI",NA,NA,NA,NA,NA,NA,NA,NA,NA,NA,NA,NA
"KPK","KOHAT","KARAK","TAKHT-E-NASRATI","TEHSIL","MEWATI",NA,NA,NA,NA,NA,NA,NA,NA,NA,NA,NA,NA
"KPK","KOHAT","KARAK","TAKHT-E-NASRATI","TEHSIL","OTHERS",23,13,10,NA,23,13,10,NA,NA,NA,NA,NA
"KPK","KOHAT","KARAK","TAKHT-E-NASRATI","TEHSIL","PUNJABI",12,11,1,NA,12,11,1,NA,NA,NA,NA,NA
"KPK","KOHAT","KARAK","TAKHT-E-NASRATI","TEHSIL","PUSHTO",297622,142147,155471,4,297622,142147,155471,4,NA,NA,NA,NA
"KPK","KOHAT","KARAK","TAKHT-E-NASRATI","TEHSIL","SARAIKI",1,NA,1,NA,1,NA,1,NA,NA,NA,NA,NA
"KPK","KOHAT","KARAK","TAKHT-E-NASRATI","TEHSIL","SHINA",NA,NA,NA,NA,NA,NA,NA,NA,NA,NA,NA,NA
"KPK","KOHAT","KARAK","TAKHT-E-NASRATI","TEHSIL","SINDHI",48,26,22,NA,48,26,22,NA,NA,NA,NA,NA
"KPK","KOHAT","KARAK","TAKHT-E-NASRATI","TEHSIL","TOTAL",298125,142418,155703,4,298125,142418,155703,4,NA,NA,NA,NA
"KPK","KOHAT","KARAK","TAKHT-E-NASRATI","TEHSIL","URDU",134,75,59,NA,134,75,59,NA,NA,NA,NA,NA
"KPK","KOHAT","HANGU","TALL","TEHSIL","BALOCHI",205,99,106,NA,166,79,87,NA,39,20,19,NA
"KPK","KOHAT","HANGU","TALL","TEHSIL","BALTI",1,1,NA,NA,1,1,NA,NA,NA,NA,NA,NA
"KPK","KOHAT","HANGU","TALL","TEHSIL","BRAHVI",NA,NA,NA,NA,NA,NA,NA,NA,NA,NA,NA,NA
"KPK","KOHAT","HANGU","TALL","TEHSIL","HINDKO",2,1,1,NA,2,1,1,NA,NA,NA,NA,NA
"KPK","KOHAT","HANGU","TALL","TEHSIL","KALASHA",1,NA,1,NA,NA,NA,NA,NA,1,NA,1,NA
"KPK","KOHAT","HANGU","TALL","TEHSIL","KASHMIRI",37,4,33,NA,11,4,7,NA,26,NA,26,NA
"KPK","KOHAT","HANGU","TALL","TEHSIL","KOHIOSTANI",107,52,55,NA,NA,NA,NA,NA,107,52,55,NA
"KPK","KOHAT","HANGU","TALL","TEHSIL","MEWATI",NA,NA,NA,NA,NA,NA,NA,NA,NA,NA,NA,NA
"KPK","KOHAT","HANGU","TALL","TEHSIL","OTHERS",39,22,17,NA,6,3,3,NA,33,19,14,NA
"KPK","KOHAT","HANGU","TALL","TEHSIL","PUNJABI",681,354,327,NA,539,290,249,NA,142,64,78,NA
"KPK","KOHAT","HANGU","TALL","TEHSIL","PUSHTO",243640,123859,119775,6,204062,104473,99586,3,39578,19386,20189,3
"KPK","KOHAT","HANGU","TALL","TEHSIL","SARAIKI",10,4,6,NA,7,4,3,NA,3,NA,3,NA
"KPK","KOHAT","HANGU","TALL","TEHSIL","SHINA",NA,NA,NA,NA,NA,NA,NA,NA,NA,NA,NA,NA
"KPK","KOHAT","HANGU","TALL","TEHSIL","SINDHI",48,28,20,NA,45,25,20,NA,3,3,NA,NA
"KPK","KOHAT","HANGU","TALL","TEHSIL","TOTAL",244920,124501,120413,6,204965,104945,100017,3,39955,19556,20396,3
"KPK","KOHAT","HANGU","TALL","TEHSIL","URDU",149,77,72,NA,126,65,61,NA,23,12,11,NA
"KPK","PESHAWAR","CHARSADDA","TANGI","TEHSIL","BALOCHI",331,189,142,NA,258,147,111,NA,73,42,31,NA
"KPK","PESHAWAR","CHARSADDA","TANGI","TEHSIL","BALTI",NA,NA,NA,NA,NA,NA,NA,NA,NA,NA,NA,NA
"KPK","PESHAWAR","CHARSADDA","TANGI","TEHSIL","BRAHVI",NA,NA,NA,NA,NA,NA,NA,NA,NA,NA,NA,NA
"KPK","PESHAWAR","CHARSADDA","TANGI","TEHSIL","HINDKO",82,37,45,NA,57,23,34,NA,25,14,11,NA
"KPK","PESHAWAR","CHARSADDA","TANGI","TEHSIL","KALASHA",NA,NA,NA,NA,NA,NA,NA,NA,NA,NA,NA,NA
"KPK","PESHAWAR","CHARSADDA","TANGI","TEHSIL","KASHMIRI",10,6,4,NA,7,4,3,NA,3,2,1,NA
"KPK","PESHAWAR","CHARSADDA","TANGI","TEHSIL","KOHIOSTANI",461,225,236,NA,416,200,216,NA,45,25,20,NA
"KPK","PESHAWAR","CHARSADDA","TANGI","TEHSIL","MEWATI",NA,NA,NA,NA,NA,NA,NA,NA,NA,NA,NA,NA
"KPK","PESHAWAR","CHARSADDA","TANGI","TEHSIL","OTHERS",823,416,407,NA,768,380,388,NA,55,36,19,NA
"KPK","PESHAWAR","CHARSADDA","TANGI","TEHSIL","PUNJABI",65,24,41,NA,36,11,25,NA,29,13,16,NA
"KPK","PESHAWAR","CHARSADDA","TANGI","TEHSIL","PUSHTO",483630,234086,249540,4,448228,216902,231322,4,35402,17184,18218,NA
"KPK","PESHAWAR","CHARSADDA","TANGI","TEHSIL","SARAIKI",2,1,1,NA,2,1,1,NA,NA,NA,NA,NA
"KPK","PESHAWAR","CHARSADDA","TANGI","TEHSIL","SHINA",NA,NA,NA,NA,NA,NA,NA,NA,NA,NA,NA,NA
"KPK","PESHAWAR","CHARSADDA","TANGI","TEHSIL","SINDHI",30,14,16,NA,30,14,16,NA,NA,NA,NA,NA
"KPK","PESHAWAR","CHARSADDA","TANGI","TEHSIL","TOTAL",485532,235047,250481,4,449873,217719,232150,4,35659,17328,18331,NA
"KPK","PESHAWAR","CHARSADDA","TANGI","TEHSIL","URDU",98,49,49,NA,71,37,34,NA,27,12,15,NA
"KPK","DERA ISMAIL KHAN","TANK","TANK","TEHSIL","BALOCHI",299,159,140,NA,253,135,118,NA,46,24,22,NA
"KPK","DERA ISMAIL KHAN","TANK","TANK","TEHSIL","BALTI",3,2,1,NA,2,2,NA,NA,1,NA,1,NA
"KPK","DERA ISMAIL KHAN","TANK","TANK","TEHSIL","BRAHVI",NA,NA,NA,NA,NA,NA,NA,NA,NA,NA,NA,NA
"KPK","DERA ISMAIL KHAN","TANK","TANK","TEHSIL","HINDKO",187,78,109,NA,134,71,63,NA,53,7,46,NA
"KPK","DERA ISMAIL KHAN","TANK","TANK","TEHSIL","KALASHA",38,NA,38,NA,NA,NA,NA,NA,38,NA,38,NA
"KPK","DERA ISMAIL KHAN","TANK","TANK","TEHSIL","KASHMIRI",27,11,16,NA,11,5,6,NA,16,6,10,NA
"KPK","DERA ISMAIL KHAN","TANK","TANK","TEHSIL","KOHIOSTANI",1,1,NA,NA,1,1,NA,NA,NA,NA,NA,NA
"KPK","DERA ISMAIL KHAN","TANK","TANK","TEHSIL","MEWATI",NA,NA,NA,NA,NA,NA,NA,NA,NA,NA,NA,NA
"KPK","DERA ISMAIL KHAN","TANK","TANK","TEHSIL","OTHERS",224,116,108,NA,19,7,12,NA,205,109,96,NA
"KPK","DERA ISMAIL KHAN","TANK","TANK","TEHSIL","PUNJABI",357,113,244,NA,139,34,105,NA,218,79,139,NA
"KPK","DERA ISMAIL KHAN","TANK","TANK","TEHSIL","PUSHTO",347134,168223,178910,1,311120,151561,159558,1,36014,16662,19352,NA
"KPK","DERA ISMAIL KHAN","TANK","TANK","TEHSIL","SARAIKI",76658,37905,38753,NA,64335,31759,32576,NA,12323,6146,6177,NA
"KPK","DERA ISMAIL KHAN","TANK","TANK","TEHSIL","SHINA",NA,NA,NA,NA,NA,NA,NA,NA,NA,NA,NA,NA
"KPK","DERA ISMAIL KHAN","TANK","TANK","TEHSIL","SINDHI",114,30,84,NA,60,24,36,NA,54,6,48,NA
"KPK","DERA ISMAIL KHAN","TANK","TANK","TEHSIL","TOTAL",425499,206847,218651,1,376327,183723,192603,1,49172,23124,26048,NA
"KPK","DERA ISMAIL KHAN","TANK","TANK","TEHSIL","URDU",457,209,248,NA,253,124,129,NA,204,85,119,NA
"KPK","MALAKAND","LOWER DIR","TEMERGARA","SUB-DIVISION","BALOCHI",465,252,213,NA,431,238,193,NA,34,14,20,NA
"KPK","MALAKAND","LOWER DIR","TEMERGARA","SUB-DIVISION","BALTI",NA,NA,NA,NA,NA,NA,NA,NA,NA,NA,NA,NA
"KPK","MALAKAND","LOWER DIR","TEMERGARA","SUB-DIVISION","BRAHVI",NA,NA,NA,NA,NA,NA,NA,NA,NA,NA,NA,NA
"KPK","MALAKAND","LOWER DIR","TEMERGARA","SUB-DIVISION","HINDKO",247,136,111,NA,37,27,10,NA,210,109,101,NA
"KPK","MALAKAND","LOWER DIR","TEMERGARA","SUB-DIVISION","KALASHA",8,5,3,NA,7,4,3,NA,1,1,NA,NA
"KPK","MALAKAND","LOWER DIR","TEMERGARA","SUB-DIVISION","KASHMIRI",39,23,16,NA,25,14,11,NA,14,9,5,NA
"KPK","MALAKAND","LOWER DIR","TEMERGARA","SUB-DIVISION","KOHIOSTANI",508,245,263,NA,443,216,227,NA,65,29,36,NA
"KPK","MALAKAND","LOWER DIR","TEMERGARA","SUB-DIVISION","MEWATI",NA,NA,NA,NA,NA,NA,NA,NA,NA,NA,NA,NA
"KPK","MALAKAND","LOWER DIR","TEMERGARA","SUB-DIVISION","OTHERS",2315,1150,1165,NA,2188,1087,1101,NA,127,63,64,NA
"KPK","MALAKAND","LOWER DIR","TEMERGARA","SUB-DIVISION","PUNJABI",246,118,128,NA,51,30,21,NA,195,88,107,NA
"KPK","MALAKAND","LOWER DIR","TEMERGARA","SUB-DIVISION","PUSHTO",591718,301858,289851,9,544736,278844,265884,8,46982,23014,23967,1
"KPK","MALAKAND","LOWER DIR","TEMERGARA","SUB-DIVISION","SARAIKI",70,35,35,NA,NA,NA,NA,NA,70,35,35,NA
"KPK","MALAKAND","LOWER DIR","TEMERGARA","SUB-DIVISION","SHINA",9,6,3,NA,8,5,3,NA,1,1,NA,NA
"KPK","MALAKAND","LOWER DIR","TEMERGARA","SUB-DIVISION","SINDHI",75,38,37,NA,73,38,35,NA,2,NA,2,NA
"KPK","MALAKAND","LOWER DIR","TEMERGARA","SUB-DIVISION","TOTAL",596127,304073,292045,9,548267,280633,267626,8,47860,23440,24419,1
"KPK","MALAKAND","LOWER DIR","TEMERGARA","SUB-DIVISION","URDU",427,207,220,NA,268,130,138,NA,159,77,82,NA
"KPK","DERA ISMAIL KHAN","SOUTH WAZIRISTAN","TIARZA","TEHSIL","BALOCHI",48,24,24,NA,48,24,24,NA,NA,NA,NA,NA
"KPK","DERA ISMAIL KHAN","SOUTH WAZIRISTAN","TIARZA","TEHSIL","BALTI",NA,NA,NA,NA,NA,NA,NA,NA,NA,NA,NA,NA
"KPK","DERA ISMAIL KHAN","SOUTH WAZIRISTAN","TIARZA","TEHSIL","BRAHVI",NA,NA,NA,NA,NA,NA,NA,NA,NA,NA,NA,NA
"KPK","DERA ISMAIL KHAN","SOUTH WAZIRISTAN","TIARZA","TEHSIL","HINDKO",NA,NA,NA,NA,NA,NA,NA,NA,NA,NA,NA,NA
"KPK","DERA ISMAIL KHAN","SOUTH WAZIRISTAN","TIARZA","TEHSIL","KALASHA",NA,NA,NA,NA,NA,NA,NA,NA,NA,NA,NA,NA
"KPK","DERA ISMAIL KHAN","SOUTH WAZIRISTAN","TIARZA","TEHSIL","KASHMIRI",3,2,1,NA,3,2,1,NA,NA,NA,NA,NA
"KPK","DERA ISMAIL KHAN","SOUTH WAZIRISTAN","TIARZA","TEHSIL","KOHIOSTANI",NA,NA,NA,NA,NA,NA,NA,NA,NA,NA,NA,NA
"KPK","DERA ISMAIL KHAN","SOUTH WAZIRISTAN","TIARZA","TEHSIL","MEWATI",NA,NA,NA,NA,NA,NA,NA,NA,NA,NA,NA,NA
"KPK","DERA ISMAIL KHAN","SOUTH WAZIRISTAN","TIARZA","TEHSIL","OTHERS",7,3,4,NA,7,3,4,NA,NA,NA,NA,NA
"KPK","DERA ISMAIL KHAN","SOUTH WAZIRISTAN","TIARZA","TEHSIL","PUNJABI",4,2,2,NA,4,2,2,NA,NA,NA,NA,NA
"KPK","DERA ISMAIL KHAN","SOUTH WAZIRISTAN","TIARZA","TEHSIL","PUSHTO",65702,30858,34844,NA,65702,30858,34844,NA,NA,NA,NA,NA
"KPK","DERA ISMAIL KHAN","SOUTH WAZIRISTAN","TIARZA","TEHSIL","SARAIKI",2,NA,2,NA,2,NA,2,NA,NA,NA,NA,NA
"KPK","DERA ISMAIL KHAN","SOUTH WAZIRISTAN","TIARZA","TEHSIL","SHINA",NA,NA,NA,NA,NA,NA,NA,NA,NA,NA,NA,NA
"KPK","DERA ISMAIL KHAN","SOUTH WAZIRISTAN","TIARZA","TEHSIL","SINDHI",12,6,6,NA,12,6,6,NA,NA,NA,NA,NA
"KPK","DERA ISMAIL KHAN","SOUTH WAZIRISTAN","TIARZA","TEHSIL","TOTAL",65798,30902,34896,NA,65798,30902,34896,NA,NA,NA,NA,NA
"KPK","DERA ISMAIL KHAN","SOUTH WAZIRISTAN","TIARZA","TEHSIL","URDU",20,7,13,NA,20,7,13,NA,NA,NA,NA,NA
"KPK","DERA ISMAIL KHAN","SOUTH WAZIRISTAN","TOI KHULLA","TEHSIL","BALOCHI",74,44,30,NA,74,44,30,NA,NA,NA,NA,NA
"KPK","DERA ISMAIL KHAN","SOUTH WAZIRISTAN","TOI KHULLA","TEHSIL","BALTI",NA,NA,NA,NA,NA,NA,NA,NA,NA,NA,NA,NA
"KPK","DERA ISMAIL KHAN","SOUTH WAZIRISTAN","TOI KHULLA","TEHSIL","BRAHVI",NA,NA,NA,NA,NA,NA,NA,NA,NA,NA,NA,NA
"KPK","DERA ISMAIL KHAN","SOUTH WAZIRISTAN","TOI KHULLA","TEHSIL","HINDKO",NA,NA,NA,NA,NA,NA,NA,NA,NA,NA,NA,NA
"KPK","DERA ISMAIL KHAN","SOUTH WAZIRISTAN","TOI KHULLA","TEHSIL","KALASHA",NA,NA,NA,NA,NA,NA,NA,NA,NA,NA,NA,NA
"KPK","DERA ISMAIL KHAN","SOUTH WAZIRISTAN","TOI KHULLA","TEHSIL","KASHMIRI",8,6,2,NA,8,6,2,NA,NA,NA,NA,NA
"KPK","DERA ISMAIL KHAN","SOUTH WAZIRISTAN","TOI KHULLA","TEHSIL","KOHIOSTANI",NA,NA,NA,NA,NA,NA,NA,NA,NA,NA,NA,NA
"KPK","DERA ISMAIL KHAN","SOUTH WAZIRISTAN","TOI KHULLA","TEHSIL","MEWATI",NA,NA,NA,NA,NA,NA,NA,NA,NA,NA,NA,NA
"KPK","DERA ISMAIL KHAN","SOUTH WAZIRISTAN","TOI KHULLA","TEHSIL","OTHERS",3,NA,3,NA,3,NA,3,NA,NA,NA,NA,NA
"KPK","DERA ISMAIL KHAN","SOUTH WAZIRISTAN","TOI KHULLA","TEHSIL","PUNJABI",4,2,2,NA,4,2,2,NA,NA,NA,NA,NA
"KPK","DERA ISMAIL KHAN","SOUTH WAZIRISTAN","TOI KHULLA","TEHSIL","PUSHTO",102708,49055,53651,2,102708,49055,53651,2,NA,NA,NA,NA
"KPK","DERA ISMAIL KHAN","SOUTH WAZIRISTAN","TOI KHULLA","TEHSIL","SARAIKI",1,NA,1,NA,1,NA,1,NA,NA,NA,NA,NA
"KPK","DERA ISMAIL KHAN","SOUTH WAZIRISTAN","TOI KHULLA","TEHSIL","SHINA",NA,NA,NA,NA,NA,NA,NA,NA,NA,NA,NA,NA
"KPK","DERA ISMAIL KHAN","SOUTH WAZIRISTAN","TOI KHULLA","TEHSIL","SINDHI",6,4,2,NA,6,4,2,NA,NA,NA,NA,NA
"KPK","DERA ISMAIL KHAN","SOUTH WAZIRISTAN","TOI KHULLA","TEHSIL","TOTAL",102835,49127,53706,2,102835,49127,53706,2,NA,NA,NA,NA
"KPK","DERA ISMAIL KHAN","SOUTH WAZIRISTAN","TOI KHULLA","TEHSIL","URDU",31,16,15,NA,31,16,15,NA,NA,NA,NA,NA
"KPK","MARDAN","SWABI","TOPI","TEHSIL","BALOCHI",328,177,151,NA,198,113,85,NA,130,64,66,NA
"KPK","MARDAN","SWABI","TOPI","TEHSIL","BALTI",10,7,3,NA,10,7,3,NA,NA,NA,NA,NA
"KPK","MARDAN","SWABI","TOPI","TEHSIL","BRAHVI",8,4,4,NA,8,4,4,NA,NA,NA,NA,NA
"KPK","MARDAN","SWABI","TOPI","TEHSIL","HINDKO",21379,10432,10947,NA,20762,10146,10616,NA,617,286,331,NA
"KPK","MARDAN","SWABI","TOPI","TEHSIL","KALASHA",1,1,NA,NA,NA,NA,NA,NA,1,1,NA,NA
"KPK","MARDAN","SWABI","TOPI","TEHSIL","KASHMIRI",165,70,95,NA,124,56,68,NA,41,14,27,NA
"KPK","MARDAN","SWABI","TOPI","TEHSIL","KOHIOSTANI",325,158,167,NA,271,133,138,NA,54,25,29,NA
"KPK","MARDAN","SWABI","TOPI","TEHSIL","MEWATI",NA,NA,NA,NA,NA,NA,NA,NA,NA,NA,NA,NA
"KPK","MARDAN","SWABI","TOPI","TEHSIL","OTHERS",1642,774,868,NA,1607,758,849,NA,35,16,19,NA
"KPK","MARDAN","SWABI","TOPI","TEHSIL","PUNJABI",3455,1456,1999,NA,3362,1414,1948,NA,93,42,51,NA
"KPK","MARDAN","SWABI","TOPI","TEHSIL","PUSHTO",351631,174311,177317,3,277979,138683,139293,3,73652,35628,38024,NA
"KPK","MARDAN","SWABI","TOPI","TEHSIL","SARAIKI",434,135,299,NA,421,128,293,NA,13,7,6,NA
"KPK","MARDAN","SWABI","TOPI","TEHSIL","SHINA",27,12,15,NA,27,12,15,NA,NA,NA,NA,NA
"KPK","MARDAN","SWABI","TOPI","TEHSIL","SINDHI",210,91,119,NA,200,85,115,NA,10,6,4,NA
"KPK","MARDAN","SWABI","TOPI","TEHSIL","TOTAL",380528,188009,192516,3,305822,151881,153938,3,74706,36128,38578,NA
"KPK","MARDAN","SWABI","TOPI","TEHSIL","URDU",913,381,532,NA,853,342,511,NA,60,39,21,NA
"KPK","KOHAT","ORAKZAI","UPPER","TEHSIL","BALOCHI",93,48,45,NA,93,48,45,NA,NA,NA,NA,NA
"KPK","KOHAT","ORAKZAI","UPPER","TEHSIL","BALTI",NA,NA,NA,NA,NA,NA,NA,NA,NA,NA,NA,NA
"KPK","KOHAT","ORAKZAI","UPPER","TEHSIL","BRAHVI",NA,NA,NA,NA,NA,NA,NA,NA,NA,NA,NA,NA
"KPK","KOHAT","ORAKZAI","UPPER","TEHSIL","HINDKO",NA,NA,NA,NA,NA,NA,NA,NA,NA,NA,NA,NA
"KPK","KOHAT","ORAKZAI","UPPER","TEHSIL","KALASHA",NA,NA,NA,NA,NA,NA,NA,NA,NA,NA,NA,NA
"KPK","KOHAT","ORAKZAI","UPPER","TEHSIL","KASHMIRI",2,1,1,NA,2,1,1,NA,NA,NA,NA,NA
"KPK","KOHAT","ORAKZAI","UPPER","TEHSIL","KOHIOSTANI",NA,NA,NA,NA,NA,NA,NA,NA,NA,NA,NA,NA
"KPK","KOHAT","ORAKZAI","UPPER","TEHSIL","MEWATI",NA,NA,NA,NA,NA,NA,NA,NA,NA,NA,NA,NA
"KPK","KOHAT","ORAKZAI","UPPER","TEHSIL","OTHERS",12,7,5,NA,12,7,5,NA,NA,NA,NA,NA
"KPK","KOHAT","ORAKZAI","UPPER","TEHSIL","PUNJABI",1,NA,1,NA,1,NA,1,NA,NA,NA,NA,NA
"KPK","KOHAT","ORAKZAI","UPPER","TEHSIL","PUSHTO",129288,59172,70112,4,129288,59172,70112,4,NA,NA,NA,NA
"KPK","KOHAT","ORAKZAI","UPPER","TEHSIL","SARAIKI",1,NA,1,NA,1,NA,1,NA,NA,NA,NA,NA
"KPK","KOHAT","ORAKZAI","UPPER","TEHSIL","SHINA",NA,NA,NA,NA,NA,NA,NA,NA,NA,NA,NA,NA
"KPK","KOHAT","ORAKZAI","UPPER","TEHSIL","SINDHI",15,8,7,NA,15,8,7,NA,NA,NA,NA,NA
"KPK","KOHAT","ORAKZAI","UPPER","TEHSIL","TOTAL",129470,59260,70206,4,129470,59260,70206,4,NA,NA,NA,NA
"KPK","KOHAT","ORAKZAI","UPPER","TEHSIL","URDU",58,24,34,NA,58,24,34,NA,NA,NA,NA,NA
"KPK","KOHAT","KURRAM","UPPER KURRAM","TEHSIL","BALOCHI",458,231,227,NA,456,230,226,NA,2,1,1,NA
"KPK","KOHAT","KURRAM","UPPER KURRAM","TEHSIL","BALTI",13,10,3,NA,7,7,NA,NA,6,3,3,NA
"KPK","KOHAT","KURRAM","UPPER KURRAM","TEHSIL","BRAHVI",4,3,1,NA,4,3,1,NA,NA,NA,NA,NA
"KPK","KOHAT","KURRAM","UPPER KURRAM","TEHSIL","HINDKO",58,30,28,NA,58,30,28,NA,NA,NA,NA,NA
"KPK","KOHAT","KURRAM","UPPER KURRAM","TEHSIL","KALASHA",NA,NA,NA,NA,NA,NA,NA,NA,NA,NA,NA,NA
"KPK","KOHAT","KURRAM","UPPER KURRAM","TEHSIL","KASHMIRI",155,75,80,NA,155,75,80,NA,NA,NA,NA,NA
"KPK","KOHAT","KURRAM","UPPER KURRAM","TEHSIL","KOHIOSTANI",NA,NA,NA,NA,NA,NA,NA,NA,NA,NA,NA,NA
"KPK","KOHAT","KURRAM","UPPER KURRAM","TEHSIL","MEWATI",5,2,3,NA,5,2,3,NA,NA,NA,NA,NA
"KPK","KOHAT","KURRAM","UPPER KURRAM","TEHSIL","OTHERS",3502,1697,1805,NA,3367,1636,1731,NA,135,61,74,NA
"KPK","KOHAT","KURRAM","UPPER KURRAM","TEHSIL","PUNJABI",535,264,271,NA,347,170,177,NA,188,94,94,NA
"KPK","KOHAT","KURRAM","UPPER KURRAM","TEHSIL","PUSHTO",270380,134404,135973,3,265141,131963,133175,3,5239,2441,2798,NA
"KPK","KOHAT","KURRAM","UPPER KURRAM","TEHSIL","SARAIKI",100,52,48,NA,100,52,48,NA,NA,NA,NA,NA
"KPK","KOHAT","KURRAM","UPPER KURRAM","TEHSIL","SHINA",34,25,9,NA,26,18,8,NA,8,7,1,NA
"KPK","KOHAT","KURRAM","UPPER KURRAM","TEHSIL","SINDHI",168,79,89,NA,167,79,88,NA,1,NA,1,NA
"KPK","KOHAT","KURRAM","UPPER KURRAM","TEHSIL","TOTAL",275819,137079,138737,3,270236,134470,135763,3,5583,2609,2974,NA
"KPK","KOHAT","KURRAM","UPPER KURRAM","TEHSIL","URDU",407,207,200,NA,403,205,198,NA,4,2,2,NA
"KPK","PESHAWAR","MOHMAND","UPPER MOHMAND","TEHSIL","BALOCHI",51,29,22,NA,51,29,22,NA,NA,NA,NA,NA
"KPK","PESHAWAR","MOHMAND","UPPER MOHMAND","TEHSIL","BALTI",NA,NA,NA,NA,NA,NA,NA,NA,NA,NA,NA,NA
"KPK","PESHAWAR","MOHMAND","UPPER MOHMAND","TEHSIL","BRAHVI",NA,NA,NA,NA,NA,NA,NA,NA,NA,NA,NA,NA
"KPK","PESHAWAR","MOHMAND","UPPER MOHMAND","TEHSIL","HINDKO",NA,NA,NA,NA,NA,NA,NA,NA,NA,NA,NA,NA
"KPK","PESHAWAR","MOHMAND","UPPER MOHMAND","TEHSIL","KALASHA",NA,NA,NA,NA,NA,NA,NA,NA,NA,NA,NA,NA
"KPK","PESHAWAR","MOHMAND","UPPER MOHMAND","TEHSIL","KASHMIRI",2,1,1,NA,2,1,1,NA,NA,NA,NA,NA
"KPK","PESHAWAR","MOHMAND","UPPER MOHMAND","TEHSIL","KOHIOSTANI",13,10,3,NA,13,10,3,NA,NA,NA,NA,NA
"KPK","PESHAWAR","MOHMAND","UPPER MOHMAND","TEHSIL","MEWATI",NA,NA,NA,NA,NA,NA,NA,NA,NA,NA,NA,NA
"KPK","PESHAWAR","MOHMAND","UPPER MOHMAND","TEHSIL","OTHERS",1,NA,1,NA,1,NA,1,NA,NA,NA,NA,NA
"KPK","PESHAWAR","MOHMAND","UPPER MOHMAND","TEHSIL","PUNJABI",2,2,NA,NA,2,2,NA,NA,NA,NA,NA,NA
"KPK","PESHAWAR","MOHMAND","UPPER MOHMAND","TEHSIL","PUSHTO",63577,31703,31874,NA,63577,31703,31874,NA,NA,NA,NA,NA
"KPK","PESHAWAR","MOHMAND","UPPER MOHMAND","TEHSIL","SARAIKI",NA,NA,NA,NA,NA,NA,NA,NA,NA,NA,NA,NA
"KPK","PESHAWAR","MOHMAND","UPPER MOHMAND","TEHSIL","SHINA",NA,NA,NA,NA,NA,NA,NA,NA,NA,NA,NA,NA
"KPK","PESHAWAR","MOHMAND","UPPER MOHMAND","TEHSIL","SINDHI",1,NA,1,NA,1,NA,1,NA,NA,NA,NA,NA
"KPK","PESHAWAR","MOHMAND","UPPER MOHMAND","TEHSIL","TOTAL",63659,31753,31906,NA,63659,31753,31906,NA,NA,NA,NA,NA
"KPK","PESHAWAR","MOHMAND","UPPER MOHMAND","TEHSIL","URDU",12,8,4,NA,12,8,4,NA,NA,NA,NA,NA
"KPK","MALAKAND","BAJAUR","UTMAN KHEL","TEHSIL","BALOCHI",88,47,41,NA,88,47,41,NA,NA,NA,NA,NA
"KPK","MALAKAND","BAJAUR","UTMAN KHEL","TEHSIL","BALTI",NA,NA,NA,NA,NA,NA,NA,NA,NA,NA,NA,NA
"KPK","MALAKAND","BAJAUR","UTMAN KHEL","TEHSIL","BRAHVI",NA,NA,NA,NA,NA,NA,NA,NA,NA,NA,NA,NA
"KPK","MALAKAND","BAJAUR","UTMAN KHEL","TEHSIL","HINDKO",NA,NA,NA,NA,NA,NA,NA,NA,NA,NA,NA,NA
"KPK","MALAKAND","BAJAUR","UTMAN KHEL","TEHSIL","KALASHA",NA,NA,NA,NA,NA,NA,NA,NA,NA,NA,NA,NA
"KPK","MALAKAND","BAJAUR","UTMAN KHEL","TEHSIL","KASHMIRI",1,NA,1,NA,1,NA,1,NA,NA,NA,NA,NA
"KPK","MALAKAND","BAJAUR","UTMAN KHEL","TEHSIL","KOHIOSTANI",NA,NA,NA,NA,NA,NA,NA,NA,NA,NA,NA,NA
"KPK","MALAKAND","BAJAUR","UTMAN KHEL","TEHSIL","MEWATI",NA,NA,NA,NA,NA,NA,NA,NA,NA,NA,NA,NA
"KPK","MALAKAND","BAJAUR","UTMAN KHEL","TEHSIL","OTHERS",51,27,24,NA,51,27,24,NA,NA,NA,NA,NA
"KPK","MALAKAND","BAJAUR","UTMAN KHEL","TEHSIL","PUNJABI",3,2,1,NA,3,2,1,NA,NA,NA,NA,NA
"KPK","MALAKAND","BAJAUR","UTMAN KHEL","TEHSIL","PUSHTO",123417,61500,61916,1,123417,61500,61916,1,NA,NA,NA,NA
"KPK","MALAKAND","BAJAUR","UTMAN KHEL","TEHSIL","SARAIKI",NA,NA,NA,NA,NA,NA,NA,NA,NA,NA,NA,NA
"KPK","MALAKAND","BAJAUR","UTMAN KHEL","TEHSIL","SHINA",NA,NA,NA,NA,NA,NA,NA,NA,NA,NA,NA,NA
"KPK","MALAKAND","BAJAUR","UTMAN KHEL","TEHSIL","SINDHI",5,NA,5,NA,5,NA,5,NA,NA,NA,NA,NA
"KPK","MALAKAND","BAJAUR","UTMAN KHEL","TEHSIL","TOTAL",123587,61588,61998,1,123587,61588,61998,1,NA,NA,NA,NA
"KPK","MALAKAND","BAJAUR","UTMAN KHEL","TEHSIL","URDU",22,12,10,NA,22,12,10,NA,NA,NA,NA,NA
"KPK","DERA ISMAIL KHAN","SOUTH WAZIRISTAN","WANA","TEHSIL","BALOCHI",132,70,62,NA,132,70,62,NA,NA,NA,NA,NA
"KPK","DERA ISMAIL KHAN","SOUTH WAZIRISTAN","WANA","TEHSIL","BALTI",NA,NA,NA,NA,NA,NA,NA,NA,NA,NA,NA,NA
"KPK","DERA ISMAIL KHAN","SOUTH WAZIRISTAN","WANA","TEHSIL","BRAHVI",NA,NA,NA,NA,NA,NA,NA,NA,NA,NA,NA,NA
"KPK","DERA ISMAIL KHAN","SOUTH WAZIRISTAN","WANA","TEHSIL","HINDKO",NA,NA,NA,NA,NA,NA,NA,NA,NA,NA,NA,NA
"KPK","DERA ISMAIL KHAN","SOUTH WAZIRISTAN","WANA","TEHSIL","KALASHA",NA,NA,NA,NA,NA,NA,NA,NA,NA,NA,NA,NA
"KPK","DERA ISMAIL KHAN","SOUTH WAZIRISTAN","WANA","TEHSIL","KASHMIRI",3,1,2,NA,3,1,2,NA,NA,NA,NA,NA
"KPK","DERA ISMAIL KHAN","SOUTH WAZIRISTAN","WANA","TEHSIL","KOHIOSTANI",NA,NA,NA,NA,NA,NA,NA,NA,NA,NA,NA,NA
"KPK","DERA ISMAIL KHAN","SOUTH WAZIRISTAN","WANA","TEHSIL","MEWATI",NA,NA,NA,NA,NA,NA,NA,NA,NA,NA,NA,NA
"KPK","DERA ISMAIL KHAN","SOUTH WAZIRISTAN","WANA","TEHSIL","OTHERS",37,19,18,NA,37,19,18,NA,NA,NA,NA,NA
"KPK","DERA ISMAIL KHAN","SOUTH WAZIRISTAN","WANA","TEHSIL","PUNJABI",20,13,7,NA,20,13,7,NA,NA,NA,NA,NA
"KPK","DERA ISMAIL KHAN","SOUTH WAZIRISTAN","WANA","TEHSIL","PUSHTO",184169,91736,92430,3,184169,91736,92430,3,NA,NA,NA,NA
"KPK","DERA ISMAIL KHAN","SOUTH WAZIRISTAN","WANA","TEHSIL","SARAIKI",137,57,80,NA,137,57,80,NA,NA,NA,NA,NA
"KPK","DERA ISMAIL KHAN","SOUTH WAZIRISTAN","WANA","TEHSIL","SHINA",NA,NA,NA,NA,NA,NA,NA,NA,NA,NA,NA,NA
"KPK","DERA ISMAIL KHAN","SOUTH WAZIRISTAN","WANA","TEHSIL","SINDHI",14,8,6,NA,14,8,6,NA,NA,NA,NA,NA
"KPK","DERA ISMAIL KHAN","SOUTH WAZIRISTAN","WANA","TEHSIL","TOTAL",184645,91974,92668,3,184645,91974,92668,3,NA,NA,NA,NA
"KPK","DERA ISMAIL KHAN","SOUTH WAZIRISTAN","WANA","TEHSIL","URDU",133,70,63,NA,133,70,63,NA,NA,NA,NA,NA
"KPK","MALAKAND","UPPER DIR","WARI","SUB-DIVISION","BALOCHI",670,372,298,NA,670,372,298,NA,NA,NA,NA,NA
"KPK","MALAKAND","UPPER DIR","WARI","SUB-DIVISION","BALTI",NA,NA,NA,NA,NA,NA,NA,NA,NA,NA,NA,NA
"KPK","MALAKAND","UPPER DIR","WARI","SUB-DIVISION","BRAHVI",NA,NA,NA,NA,NA,NA,NA,NA,NA,NA,NA,NA
"KPK","MALAKAND","UPPER DIR","WARI","SUB-DIVISION","HINDKO",1,1,NA,NA,1,1,NA,NA,NA,NA,NA,NA
"KPK","MALAKAND","UPPER DIR","WARI","SUB-DIVISION","KALASHA",2,2,NA,NA,2,2,NA,NA,NA,NA,NA,NA
"KPK","MALAKAND","UPPER DIR","WARI","SUB-DIVISION","KASHMIRI",20,12,8,NA,20,12,8,NA,NA,NA,NA,NA
"KPK","MALAKAND","UPPER DIR","WARI","SUB-DIVISION","KOHIOSTANI",29,14,15,NA,29,14,15,NA,NA,NA,NA,NA
"KPK","MALAKAND","UPPER DIR","WARI","SUB-DIVISION","MEWATI",NA,NA,NA,NA,NA,NA,NA,NA,NA,NA,NA,NA
"KPK","MALAKAND","UPPER DIR","WARI","SUB-DIVISION","OTHERS",153,82,71,NA,153,82,71,NA,NA,NA,NA,NA
"KPK","MALAKAND","UPPER DIR","WARI","SUB-DIVISION","PUNJABI",24,11,13,NA,24,11,13,NA,NA,NA,NA,NA
"KPK","MALAKAND","UPPER DIR","WARI","SUB-DIVISION","PUSHTO",368041,188119,179918,4,368041,188119,179918,4,NA,NA,NA,NA
"KPK","MALAKAND","UPPER DIR","WARI","SUB-DIVISION","SARAIKI",NA,NA,NA,NA,NA,NA,NA,NA,NA,NA,NA,NA
"KPK","MALAKAND","UPPER DIR","WARI","SUB-DIVISION","SHINA",NA,NA,NA,NA,NA,NA,NA,NA,NA,NA,NA,NA
"KPK","MALAKAND","UPPER DIR","WARI","SUB-DIVISION","SINDHI",32,12,20,NA,32,12,20,NA,NA,NA,NA,NA
"KPK","MALAKAND","UPPER DIR","WARI","SUB-DIVISION","TOTAL",369123,188712,180407,4,369123,188712,180407,4,NA,NA,NA,NA
"KPK","MALAKAND","UPPER DIR","WARI","SUB-DIVISION","URDU",151,87,64,NA,151,87,64,NA,NA,NA,NA,NA
"KPK","BANNU","BANNU","WAZIR","SUB-DIVISION","BALOCHI",16,9,7,NA,16,9,7,NA,NA,NA,NA,NA
"KPK","BANNU","BANNU","WAZIR","SUB-DIVISION","BALTI",NA,NA,NA,NA,NA,NA,NA,NA,NA,NA,NA,NA
"KPK","BANNU","BANNU","WAZIR","SUB-DIVISION","BRAHVI",NA,NA,NA,NA,NA,NA,NA,NA,NA,NA,NA,NA
"KPK","BANNU","BANNU","WAZIR","SUB-DIVISION","HINDKO",NA,NA,NA,NA,NA,NA,NA,NA,NA,NA,NA,NA
"KPK","BANNU","BANNU","WAZIR","SUB-DIVISION","KALASHA",NA,NA,NA,NA,NA,NA,NA,NA,NA,NA,NA,NA
"KPK","BANNU","BANNU","WAZIR","SUB-DIVISION","KASHMIRI",NA,NA,NA,NA,NA,NA,NA,NA,NA,NA,NA,NA
"KPK","BANNU","BANNU","WAZIR","SUB-DIVISION","KOHIOSTANI",NA,NA,NA,NA,NA,NA,NA,NA,NA,NA,NA,NA
"KPK","BANNU","BANNU","WAZIR","SUB-DIVISION","MEWATI",NA,NA,NA,NA,NA,NA,NA,NA,NA,NA,NA,NA
"KPK","BANNU","BANNU","WAZIR","SUB-DIVISION","OTHERS",1,1,NA,NA,1,1,NA,NA,NA,NA,NA,NA
"KPK","BANNU","BANNU","WAZIR","SUB-DIVISION","PUNJABI",NA,NA,NA,NA,NA,NA,NA,NA,NA,NA,NA,NA
"KPK","BANNU","BANNU","WAZIR","SUB-DIVISION","PUSHTO",37150,17815,19335,NA,37150,17815,19335,NA,NA,NA,NA,NA
"KPK","BANNU","BANNU","WAZIR","SUB-DIVISION","SARAIKI",NA,NA,NA,NA,NA,NA,NA,NA,NA,NA,NA,NA
"KPK","BANNU","BANNU","WAZIR","SUB-DIVISION","SHINA",NA,NA,NA,NA,NA,NA,NA,NA,NA,NA,NA,NA
"KPK","BANNU","BANNU","WAZIR","SUB-DIVISION","SINDHI",2,1,1,NA,2,1,1,NA,NA,NA,NA,NA
"KPK","BANNU","BANNU","WAZIR","SUB-DIVISION","TOTAL",37262,17864,19398,NA,37262,17864,19398,NA,NA,NA,NA,NA
"KPK","BANNU","BANNU","WAZIR","SUB-DIVISION","URDU",93,38,55,NA,93,38,55,NA,NA,NA,NA,NA
"KPK","PESHAWAR","MOHMAND","YAKE GHUND","TEHSIL","BALOCHI",34,15,19,NA,34,15,19,NA,NA,NA,NA,NA
"KPK","PESHAWAR","MOHMAND","YAKE GHUND","TEHSIL","BALTI",NA,NA,NA,NA,NA,NA,NA,NA,NA,NA,NA,NA
"KPK","PESHAWAR","MOHMAND","YAKE GHUND","TEHSIL","BRAHVI",NA,NA,NA,NA,NA,NA,NA,NA,NA,NA,NA,NA
"KPK","PESHAWAR","MOHMAND","YAKE GHUND","TEHSIL","HINDKO",NA,NA,NA,NA,NA,NA,NA,NA,NA,NA,NA,NA
"KPK","PESHAWAR","MOHMAND","YAKE GHUND","TEHSIL","KALASHA",NA,NA,NA,NA,NA,NA,NA,NA,NA,NA,NA,NA
"KPK","PESHAWAR","MOHMAND","YAKE GHUND","TEHSIL","KASHMIRI",2,2,NA,NA,2,2,NA,NA,NA,NA,NA,NA
"KPK","PESHAWAR","MOHMAND","YAKE GHUND","TEHSIL","KOHIOSTANI",11,5,6,NA,11,5,6,NA,NA,NA,NA,NA
"KPK","PESHAWAR","MOHMAND","YAKE GHUND","TEHSIL","MEWATI",NA,NA,NA,NA,NA,NA,NA,NA,NA,NA,NA,NA
"KPK","PESHAWAR","MOHMAND","YAKE GHUND","TEHSIL","OTHERS",52,26,26,NA,52,26,26,NA,NA,NA,NA,NA
"KPK","PESHAWAR","MOHMAND","YAKE GHUND","TEHSIL","PUNJABI",6,3,3,NA,6,3,3,NA,NA,NA,NA,NA
"KPK","PESHAWAR","MOHMAND","YAKE GHUND","TEHSIL","PUSHTO",63616,31427,32189,NA,63616,31427,32189,NA,NA,NA,NA,NA
"KPK","PESHAWAR","MOHMAND","YAKE GHUND","TEHSIL","SARAIKI",1,NA,1,NA,1,NA,1,NA,NA,NA,NA,NA
"KPK","PESHAWAR","MOHMAND","YAKE GHUND","TEHSIL","SHINA",NA,NA,NA,NA,NA,NA,NA,NA,NA,NA,NA,NA
"KPK","PESHAWAR","MOHMAND","YAKE GHUND","TEHSIL","SINDHI",1,NA,1,NA,1,NA,1,NA,NA,NA,NA,NA
"KPK","PESHAWAR","MOHMAND","YAKE GHUND","TEHSIL","TOTAL",63757,31494,32263,NA,63757,31494,32263,NA,NA,NA,NA,NA
"KPK","PESHAWAR","MOHMAND","YAKE GHUND","TEHSIL","URDU",34,16,18,NA,34,16,18,NA,NA,NA,NA,NA
NA,NA,"JHANG","HAZARI","TEHSIL","BALOCHI",53,27,26,NA,48,25,23,NA,5,2,3,NA
NA,NA,"JHANG","HAZARI","TEHSIL","BALTI",NA,NA,NA,NA,NA,NA,NA,NA,NA,NA,NA,NA
NA,NA,"JHANG","HAZARI","TEHSIL","BRAHVI",17,5,12,NA,17,5,12,NA,NA,NA,NA,NA
NA,NA,"JHANG","HAZARI","TEHSIL","HINDKO",194,94,100,NA,194,94,100,NA,NA,NA,NA,NA
NA,NA,"JHANG","HAZARI","TEHSIL","KALASHA",NA,NA,NA,NA,NA,NA,NA,NA,NA,NA,NA,NA
NA,NA,"JHANG","HAZARI","TEHSIL","KASHMIRI",1409,735,674,NA,1409,735,674,NA,NA,NA,NA,NA
NA,NA,"JHANG","HAZARI","TEHSIL","KOHIOSTANI",NA,NA,NA,NA,NA,NA,NA,NA,NA,NA,NA,NA
NA,NA,"JHANG","HAZARI","TEHSIL","MEWATI",974,469,505,NA,974,469,505,NA,NA,NA,NA,NA
NA,NA,"JHANG","HAZARI","TEHSIL","OTHERS",502,240,262,NA,383,187,196,NA,119,53,66,NA
NA,NA,"JHANG","HAZARI","TEHSIL","PUNJABI",324721,157474,167217,30,295586,143406,152165,15,29135,14068,15052,15
NA,NA,"JHANG","HAZARI","TEHSIL","PUSHTO",827,386,441,NA,653,299,354,NA,174,87,87,NA
NA,NA,"JHANG","HAZARI","TEHSIL","SARAIKI",633,311,322,NA,606,296,310,NA,27,15,12,NA
NA,NA,"JHANG","HAZARI","TEHSIL","SHINA",NA,NA,NA,NA,NA,NA,NA,NA,NA,NA,NA,NA
NA,NA,"JHANG","HAZARI","TEHSIL","SINDHI",902,478,424,NA,470,265,205,NA,432,213,219,NA
NA,NA,"JHANG","HAZARI","TEHSIL","TOTAL",332295,161284,170981,30,302158,146719,155424,15,30137,14565,15557,15
NA,NA,"JHANG","HAZARI","TEHSIL","URDU",2063,1065,998,NA,1818,938,880,NA,245,127,118,NA
"PUNJAB","BAHAWALPUR","BAHAWALPUR","AHMADPUR EAST","TEHSIL","BALOCHI",150,74,76,NA,87,40,47,NA,63,34,29,NA
"PUNJAB","BAHAWALPUR","BAHAWALPUR","AHMADPUR EAST","TEHSIL","BALTI",5,2,3,NA,1,NA,1,NA,4,2,2,NA
"PUNJAB","BAHAWALPUR","BAHAWALPUR","AHMADPUR EAST","TEHSIL","BRAHVI",28,19,9,NA,13,8,5,NA,15,11,4,NA
"PUNJAB","BAHAWALPUR","BAHAWALPUR","AHMADPUR EAST","TEHSIL","HINDKO",3431,1696,1735,NA,2174,1118,1056,NA,1257,578,679,NA
"PUNJAB","BAHAWALPUR","BAHAWALPUR","AHMADPUR EAST","TEHSIL","KALASHA",NA,NA,NA,NA,NA,NA,NA,NA,NA,NA,NA,NA
"PUNJAB","BAHAWALPUR","BAHAWALPUR","AHMADPUR EAST","TEHSIL","KASHMIRI",409,200,209,NA,299,146,153,NA,110,54,56,NA
"PUNJAB","BAHAWALPUR","BAHAWALPUR","AHMADPUR EAST","TEHSIL","KOHIOSTANI",7,4,3,NA,NA,NA,NA,NA,7,4,3,NA
"PUNJAB","BAHAWALPUR","BAHAWALPUR","AHMADPUR EAST","TEHSIL","MEWATI",65,30,35,NA,42,19,23,NA,23,11,12,NA
"PUNJAB","BAHAWALPUR","BAHAWALPUR","AHMADPUR EAST","TEHSIL","OTHERS",3667,1813,1854,NA,1047,533,514,NA,2620,1280,1340,NA
"PUNJAB","BAHAWALPUR","BAHAWALPUR","AHMADPUR EAST","TEHSIL","PUNJABI",55731,27867,27833,31,17201,8621,8580,NA,38530,19246,19253,31
"PUNJAB","BAHAWALPUR","BAHAWALPUR","AHMADPUR EAST","TEHSIL","PUSHTO",4364,2152,2212,NA,1237,632,605,NA,3127,1520,1607,NA
"PUNJAB","BAHAWALPUR","BAHAWALPUR","AHMADPUR EAST","TEHSIL","SARAIKI",1209395,592687,616618,90,932231,457135,475077,19,277164,135552,141541,71
"PUNJAB","BAHAWALPUR","BAHAWALPUR","AHMADPUR EAST","TEHSIL","SHINA",11,8,3,NA,NA,NA,NA,NA,11,8,3,NA
"PUNJAB","BAHAWALPUR","BAHAWALPUR","AHMADPUR EAST","TEHSIL","SINDHI",307,167,140,NA,113,57,56,NA,194,110,84,NA
"PUNJAB","BAHAWALPUR","BAHAWALPUR","AHMADPUR EAST","TEHSIL","TOTAL",1307408,641322,665954,132,958833,470526,488288,19,348575,170796,177666,113
"PUNJAB","BAHAWALPUR","BAHAWALPUR","AHMADPUR EAST","TEHSIL","URDU",29838,14603,15224,11,4388,2217,2171,NA,25450,12386,13053,11
"PUNJAB","FAISALABAD","JHANG","AHMADPUR SIAL","TEHSIL","BALOCHI",182,79,103,NA,169,72,97,NA,13,7,6,NA
"PUNJAB","FAISALABAD","JHANG","AHMADPUR SIAL","TEHSIL","BALTI",3,1,2,NA,NA,NA,NA,NA,3,1,2,NA
"PUNJAB","FAISALABAD","JHANG","AHMADPUR SIAL","TEHSIL","BRAHVI",14,4,10,NA,14,4,10,NA,NA,NA,NA,NA
"PUNJAB","FAISALABAD","JHANG","AHMADPUR SIAL","TEHSIL","HINDKO",23,7,16,NA,19,4,15,NA,4,3,1,NA
"PUNJAB","FAISALABAD","JHANG","AHMADPUR SIAL","TEHSIL","KALASHA",NA,NA,NA,NA,NA,NA,NA,NA,NA,NA,NA,NA
"PUNJAB","FAISALABAD","JHANG","AHMADPUR SIAL","TEHSIL","KASHMIRI",844,447,397,NA,219,114,105,NA,625,333,292,NA
"PUNJAB","FAISALABAD","JHANG","AHMADPUR SIAL","TEHSIL","KOHIOSTANI",NA,NA,NA,NA,NA,NA,NA,NA,NA,NA,NA,NA
"PUNJAB","FAISALABAD","JHANG","AHMADPUR SIAL","TEHSIL","MEWATI",8569,4226,4343,NA,2582,1259,1323,NA,5987,2967,3020,NA
"PUNJAB","FAISALABAD","JHANG","AHMADPUR SIAL","TEHSIL","OTHERS",476,268,208,NA,4,1,3,NA,472,267,205,NA
"PUNJAB","FAISALABAD","JHANG","AHMADPUR SIAL","TEHSIL","PUNJABI",452738,218278,234428,32,387673,186696,200959,18,65065,31582,33469,14
"PUNJAB","FAISALABAD","JHANG","AHMADPUR SIAL","TEHSIL","PUSHTO",1927,909,1018,NA,1711,807,904,NA,216,102,114,NA
"PUNJAB","FAISALABAD","JHANG","AHMADPUR SIAL","TEHSIL","SARAIKI",17542,8421,9120,1,13238,6347,6891,NA,4304,2074,2229,1
"PUNJAB","FAISALABAD","JHANG","AHMADPUR SIAL","TEHSIL","SHINA",1,1,NA,NA,NA,NA,NA,NA,1,1,NA,NA
"PUNJAB","FAISALABAD","JHANG","AHMADPUR SIAL","TEHSIL","SINDHI",853,409,444,NA,732,348,384,NA,121,61,60,NA
"PUNJAB","FAISALABAD","JHANG","AHMADPUR SIAL","TEHSIL","TOTAL",487905,235336,252533,36,407703,196310,211372,21,80202,39026,41161,15
"PUNJAB","FAISALABAD","JHANG","AHMADPUR SIAL","TEHSIL","URDU",4733,2286,2444,3,1342,658,681,3,3391,1628,1763,NA
"PUNJAB","DERA GHAZI KHAN","MUZAFFARGARH","ALIPUR","TEHSIL","BALOCHI",1226,518,708,NA,1083,507,576,NA,143,11,132,NA
"PUNJAB","DERA GHAZI KHAN","MUZAFFARGARH","ALIPUR","TEHSIL","BALTI",NA,NA,NA,NA,NA,NA,NA,NA,NA,NA,NA,NA
"PUNJAB","DERA GHAZI KHAN","MUZAFFARGARH","ALIPUR","TEHSIL","BRAHVI",3,NA,3,NA,NA,NA,NA,NA,3,NA,3,NA
"PUNJAB","DERA GHAZI KHAN","MUZAFFARGARH","ALIPUR","TEHSIL","HINDKO",99,65,34,NA,80,55,25,NA,19,10,9,NA
"PUNJAB","DERA GHAZI KHAN","MUZAFFARGARH","ALIPUR","TEHSIL","KALASHA",NA,NA,NA,NA,NA,NA,NA,NA,NA,NA,NA,NA
"PUNJAB","DERA GHAZI KHAN","MUZAFFARGARH","ALIPUR","TEHSIL","KASHMIRI",228,116,112,NA,174,88,86,NA,54,28,26,NA
"PUNJAB","DERA GHAZI KHAN","MUZAFFARGARH","ALIPUR","TEHSIL","KOHIOSTANI",2,NA,2,NA,NA,NA,NA,NA,2,NA,2,NA
"PUNJAB","DERA GHAZI KHAN","MUZAFFARGARH","ALIPUR","TEHSIL","MEWATI",NA,NA,NA,NA,NA,NA,NA,NA,NA,NA,NA,NA
"PUNJAB","DERA GHAZI KHAN","MUZAFFARGARH","ALIPUR","TEHSIL","OTHERS",508,250,258,NA,205,99,106,NA,303,151,152,NA
"PUNJAB","DERA GHAZI KHAN","MUZAFFARGARH","ALIPUR","TEHSIL","PUNJABI",15986,7929,8057,NA,7439,3694,3745,NA,8547,4235,4312,NA
"PUNJAB","DERA GHAZI KHAN","MUZAFFARGARH","ALIPUR","TEHSIL","PUSHTO",1232,571,661,NA,458,227,231,NA,774,344,430,NA
"PUNJAB","DERA GHAZI KHAN","MUZAFFARGARH","ALIPUR","TEHSIL","SARAIKI",716454,349627,366814,13,568843,277536,291299,8,147611,72091,75515,5
"PUNJAB","DERA GHAZI KHAN","MUZAFFARGARH","ALIPUR","TEHSIL","SHINA",NA,NA,NA,NA,NA,NA,NA,NA,NA,NA,NA,NA
"PUNJAB","DERA GHAZI KHAN","MUZAFFARGARH","ALIPUR","TEHSIL","SINDHI",188,88,100,NA,164,76,88,NA,24,12,12,NA
"PUNJAB","DERA GHAZI KHAN","MUZAFFARGARH","ALIPUR","TEHSIL","TOTAL",760524,371243,389268,13,582631,284336,298287,8,177893,86907,90981,5
"PUNJAB","DERA GHAZI KHAN","MUZAFFARGARH","ALIPUR","TEHSIL","URDU",24598,12079,12519,NA,4185,2054,2131,NA,20413,10025,10388,NA
"PUNJAB","SAHIWAL","PAKPATTAN","ARIF WALA","TEHSIL","BALOCHI",1345,713,632,NA,1329,707,622,NA,16,6,10,NA
"PUNJAB","SAHIWAL","PAKPATTAN","ARIF WALA","TEHSIL","BALTI",NA,NA,NA,NA,NA,NA,NA,NA,NA,NA,NA,NA
"PUNJAB","SAHIWAL","PAKPATTAN","ARIF WALA","TEHSIL","BRAHVI",NA,NA,NA,NA,NA,NA,NA,NA,NA,NA,NA,NA
"PUNJAB","SAHIWAL","PAKPATTAN","ARIF WALA","TEHSIL","HINDKO",16,13,3,NA,15,13,2,NA,1,NA,1,NA
"PUNJAB","SAHIWAL","PAKPATTAN","ARIF WALA","TEHSIL","KALASHA",NA,NA,NA,NA,NA,NA,NA,NA,NA,NA,NA,NA
"PUNJAB","SAHIWAL","PAKPATTAN","ARIF WALA","TEHSIL","KASHMIRI",21,5,16,NA,17,4,13,NA,4,1,3,NA
"PUNJAB","SAHIWAL","PAKPATTAN","ARIF WALA","TEHSIL","KOHIOSTANI",NA,NA,NA,NA,NA,NA,NA,NA,NA,NA,NA,NA
"PUNJAB","SAHIWAL","PAKPATTAN","ARIF WALA","TEHSIL","MEWATI",49,22,27,NA,45,20,25,NA,4,2,2,NA
"PUNJAB","SAHIWAL","PAKPATTAN","ARIF WALA","TEHSIL","OTHERS",1387,698,689,NA,1358,681,677,NA,29,17,12,NA
"PUNJAB","SAHIWAL","PAKPATTAN","ARIF WALA","TEHSIL","PUNJABI",971588,478446,493052,90,769071,379604,389439,28,202517,98842,103613,62
"PUNJAB","SAHIWAL","PAKPATTAN","ARIF WALA","TEHSIL","PUSHTO",3182,1527,1655,NA,2761,1361,1400,NA,421,166,255,NA
"PUNJAB","SAHIWAL","PAKPATTAN","ARIF WALA","TEHSIL","SARAIKI",250,125,125,NA,147,79,68,NA,103,46,57,NA
"PUNJAB","SAHIWAL","PAKPATTAN","ARIF WALA","TEHSIL","SHINA",NA,NA,NA,NA,NA,NA,NA,NA,NA,NA,NA,NA
"PUNJAB","SAHIWAL","PAKPATTAN","ARIF WALA","TEHSIL","SINDHI",1575,841,734,NA,1175,634,541,NA,400,207,193,NA
"PUNJAB","SAHIWAL","PAKPATTAN","ARIF WALA","TEHSIL","TOTAL",999278,492406,506782,90,789720,390083,399609,28,209558,102323,107173,62
"PUNJAB","SAHIWAL","PAKPATTAN","ARIF WALA","TEHSIL","URDU",19865,10016,9849,NA,13802,6980,6822,NA,6063,3036,3027,NA
"PUNJAB","RAWALPINDI","ATTOCK","ATTOCK","TEHSIL","BALOCHI",388,182,206,NA,72,40,32,NA,316,142,174,NA
"PUNJAB","RAWALPINDI","ATTOCK","ATTOCK","TEHSIL","BALTI",70,37,33,NA,35,18,17,NA,35,19,16,NA
"PUNJAB","RAWALPINDI","ATTOCK","ATTOCK","TEHSIL","BRAHVI",19,8,11,NA,3,NA,3,NA,16,8,8,NA
"PUNJAB","RAWALPINDI","ATTOCK","ATTOCK","TEHSIL","HINDKO",16236,8047,8189,NA,10890,5452,5438,NA,5346,2595,2751,NA
"PUNJAB","RAWALPINDI","ATTOCK","ATTOCK","TEHSIL","KALASHA",NA,NA,NA,NA,NA,NA,NA,NA,NA,NA,NA,NA
"PUNJAB","RAWALPINDI","ATTOCK","ATTOCK","TEHSIL","KASHMIRI",622,293,329,NA,153,70,83,NA,469,223,246,NA
"PUNJAB","RAWALPINDI","ATTOCK","ATTOCK","TEHSIL","KOHIOSTANI",366,171,195,NA,122,50,72,NA,244,121,123,NA
"PUNJAB","RAWALPINDI","ATTOCK","ATTOCK","TEHSIL","MEWATI",99,48,51,NA,1,NA,1,NA,98,48,50,NA
"PUNJAB","RAWALPINDI","ATTOCK","ATTOCK","TEHSIL","OTHERS",13723,6956,6767,NA,737,378,359,NA,12986,6578,6408,NA
"PUNJAB","RAWALPINDI","ATTOCK","ATTOCK","TEHSIL","PUNJABI",325780,161489,164273,18,167845,83062,84778,5,157935,78427,79495,13
"PUNJAB","RAWALPINDI","ATTOCK","ATTOCK","TEHSIL","PUSHTO",79274,38990,40282,2,39863,19624,20239,NA,39411,19366,20043,2
"PUNJAB","RAWALPINDI","ATTOCK","ATTOCK","TEHSIL","SARAIKI",3477,1638,1839,NA,467,182,285,NA,3010,1456,1554,NA
"PUNJAB","RAWALPINDI","ATTOCK","ATTOCK","TEHSIL","SHINA",130,63,67,NA,66,34,32,NA,64,29,35,NA
"PUNJAB","RAWALPINDI","ATTOCK","ATTOCK","TEHSIL","SINDHI",2641,1307,1334,NA,543,295,248,NA,2098,1012,1086,NA
"PUNJAB","RAWALPINDI","ATTOCK","ATTOCK","TEHSIL","TOTAL",479094,237360,241706,28,226155,111842,114308,5,252939,125518,127398,23
"PUNJAB","RAWALPINDI","ATTOCK","ATTOCK","TEHSIL","URDU",36269,18131,18130,8,5358,2637,2721,NA,30911,15494,15409,8
"PUNJAB","BAHAWALPUR","BAHAWALNAGAR","BAHAWALNAGAR","TEHSIL","BALOCHI",137,64,73,NA,45,22,23,NA,92,42,50,NA
"PUNJAB","BAHAWALPUR","BAHAWALNAGAR","BAHAWALNAGAR","TEHSIL","BALTI",12,6,6,NA,5,2,3,NA,7,4,3,NA
"PUNJAB","BAHAWALPUR","BAHAWALNAGAR","BAHAWALNAGAR","TEHSIL","BRAHVI",68,39,29,NA,NA,NA,NA,NA,68,39,29,NA
"PUNJAB","BAHAWALPUR","BAHAWALNAGAR","BAHAWALNAGAR","TEHSIL","HINDKO",83,42,41,NA,73,40,33,NA,10,2,8,NA
"PUNJAB","BAHAWALPUR","BAHAWALNAGAR","BAHAWALNAGAR","TEHSIL","KALASHA",1,1,NA,NA,NA,NA,NA,NA,1,1,NA,NA
"PUNJAB","BAHAWALPUR","BAHAWALNAGAR","BAHAWALNAGAR","TEHSIL","KASHMIRI",14,4,10,NA,6,2,4,NA,8,2,6,NA
"PUNJAB","BAHAWALPUR","BAHAWALNAGAR","BAHAWALNAGAR","TEHSIL","KOHIOSTANI",NA,NA,NA,NA,NA,NA,NA,NA,NA,NA,NA,NA
"PUNJAB","BAHAWALPUR","BAHAWALNAGAR","BAHAWALNAGAR","TEHSIL","MEWATI",64,30,34,NA,3,1,2,NA,61,29,32,NA
"PUNJAB","BAHAWALPUR","BAHAWALNAGAR","BAHAWALNAGAR","TEHSIL","OTHERS",5469,2599,2870,NA,5308,2523,2785,NA,161,76,85,NA
"PUNJAB","BAHAWALPUR","BAHAWALNAGAR","BAHAWALNAGAR","TEHSIL","PUNJABI",892623,426516,466021,86,671922,321200,350696,26,220701,105316,115325,60
"PUNJAB","BAHAWALPUR","BAHAWALNAGAR","BAHAWALNAGAR","TEHSIL","PUSHTO",1470,609,861,NA,1046,479,567,NA,424,130,294,NA
"PUNJAB","BAHAWALPUR","BAHAWALNAGAR","BAHAWALNAGAR","TEHSIL","SARAIKI",704,341,363,NA,381,182,199,NA,323,159,164,NA
"PUNJAB","BAHAWALPUR","BAHAWALNAGAR","BAHAWALNAGAR","TEHSIL","SHINA",NA,NA,NA,NA,NA,NA,NA,NA,NA,NA,NA,NA
"PUNJAB","BAHAWALPUR","BAHAWALNAGAR","BAHAWALNAGAR","TEHSIL","SINDHI",1137,596,541,NA,819,422,397,NA,318,174,144,NA
"PUNJAB","BAHAWALPUR","BAHAWALNAGAR","BAHAWALNAGAR","TEHSIL","TOTAL",973483,465575,507811,97,692476,331203,361246,27,281007,134372,146565,70
"PUNJAB","BAHAWALPUR","BAHAWALNAGAR","BAHAWALNAGAR","TEHSIL","URDU",71701,34728,36962,11,12868,6330,6537,1,58833,28398,30425,10
"PUNJAB","BAHAWALPUR","BAHAWALPUR","BAHAWALPUR CITY","TEHSIL","BALOCHI",1105,429,676,NA,NA,NA,NA,NA,1105,429,676,NA
"PUNJAB","BAHAWALPUR","BAHAWALPUR","BAHAWALPUR CITY","TEHSIL","BALTI",159,26,133,NA,NA,NA,NA,NA,159,26,133,NA
"PUNJAB","BAHAWALPUR","BAHAWALPUR","BAHAWALPUR CITY","TEHSIL","BRAHVI",8,1,7,NA,NA,NA,NA,NA,8,1,7,NA
"PUNJAB","BAHAWALPUR","BAHAWALPUR","BAHAWALPUR CITY","TEHSIL","HINDKO",973,475,498,NA,NA,NA,NA,NA,973,475,498,NA
"PUNJAB","BAHAWALPUR","BAHAWALPUR","BAHAWALPUR CITY","TEHSIL","KALASHA",NA,NA,NA,NA,NA,NA,NA,NA,NA,NA,NA,NA
"PUNJAB","BAHAWALPUR","BAHAWALPUR","BAHAWALPUR CITY","TEHSIL","KASHMIRI",453,201,252,NA,NA,NA,NA,NA,453,201,252,NA
"PUNJAB","BAHAWALPUR","BAHAWALPUR","BAHAWALPUR CITY","TEHSIL","KOHIOSTANI",16,10,6,NA,NA,NA,NA,NA,16,10,6,NA
"PUNJAB","BAHAWALPUR","BAHAWALPUR","BAHAWALPUR CITY","TEHSIL","MEWATI",11824,5811,6013,NA,NA,NA,NA,NA,11824,5811,6013,NA
"PUNJAB","BAHAWALPUR","BAHAWALPUR","BAHAWALPUR CITY","TEHSIL","OTHERS",2810,1360,1450,NA,NA,NA,NA,NA,2810,1360,1450,NA
"PUNJAB","BAHAWALPUR","BAHAWALPUR","BAHAWALPUR CITY","TEHSIL","PUNJABI",168213,83969,84203,41,NA,NA,NA,NA,168213,83969,84203,41
"PUNJAB","BAHAWALPUR","BAHAWALPUR","BAHAWALPUR CITY","TEHSIL","PUSHTO",5037,2323,2714,NA,NA,NA,NA,NA,5037,2323,2714,NA
"PUNJAB","BAHAWALPUR","BAHAWALPUR","BAHAWALPUR CITY","TEHSIL","SARAIKI",483907,235970,247910,27,NA,NA,NA,NA,483907,235970,247910,27
"PUNJAB","BAHAWALPUR","BAHAWALPUR","BAHAWALPUR CITY","TEHSIL","SHINA",54,11,43,NA,NA,NA,NA,NA,54,11,43,NA
"PUNJAB","BAHAWALPUR","BAHAWALPUR","BAHAWALPUR CITY","TEHSIL","SINDHI",1476,689,787,NA,NA,NA,NA,NA,1476,689,787,NA
"PUNJAB","BAHAWALPUR","BAHAWALPUR","BAHAWALPUR CITY","TEHSIL","TOTAL",813422,399293,414027,102,NA,NA,NA,NA,813422,399293,414027,102
"PUNJAB","BAHAWALPUR","BAHAWALPUR","BAHAWALPUR CITY","TEHSIL","URDU",137387,68018,69335,34,NA,NA,NA,NA,137387,68018,69335,34
"PUNJAB","BAHAWALPUR","BAHAWALPUR","BAHAWALPUR SADDAR","TEHSIL","BALOCHI",322,110,212,NA,52,24,28,NA,270,86,184,NA
"PUNJAB","BAHAWALPUR","BAHAWALPUR","BAHAWALPUR SADDAR","TEHSIL","BALTI",29,15,14,NA,8,5,3,NA,21,10,11,NA
"PUNJAB","BAHAWALPUR","BAHAWALPUR","BAHAWALPUR SADDAR","TEHSIL","BRAHVI",52,25,27,NA,16,10,6,NA,36,15,21,NA
"PUNJAB","BAHAWALPUR","BAHAWALPUR","BAHAWALPUR SADDAR","TEHSIL","HINDKO",1393,674,719,NA,940,467,473,NA,453,207,246,NA
"PUNJAB","BAHAWALPUR","BAHAWALPUR","BAHAWALPUR SADDAR","TEHSIL","KALASHA",3,2,1,NA,2,1,1,NA,1,1,NA,NA
"PUNJAB","BAHAWALPUR","BAHAWALPUR","BAHAWALPUR SADDAR","TEHSIL","KASHMIRI",465,195,270,NA,209,100,109,NA,256,95,161,NA
"PUNJAB","BAHAWALPUR","BAHAWALPUR","BAHAWALPUR SADDAR","TEHSIL","KOHIOSTANI",11,2,9,NA,2,NA,2,NA,9,2,7,NA
"PUNJAB","BAHAWALPUR","BAHAWALPUR","BAHAWALPUR SADDAR","TEHSIL","MEWATI",7211,3457,3754,NA,3825,1817,2008,NA,3386,1640,1746,NA
"PUNJAB","BAHAWALPUR","BAHAWALPUR","BAHAWALPUR SADDAR","TEHSIL","OTHERS",1321,658,663,NA,1157,579,578,NA,164,79,85,NA
"PUNJAB","BAHAWALPUR","BAHAWALPUR","BAHAWALPUR SADDAR","TEHSIL","PUNJABI",106524,52627,53882,15,90219,44932,45282,5,16305,7695,8600,10
"PUNJAB","BAHAWALPUR","BAHAWALPUR","BAHAWALPUR SADDAR","TEHSIL","PUSHTO",4063,1857,2206,NA,2067,1021,1046,NA,1996,836,1160,NA
"PUNJAB","BAHAWALPUR","BAHAWALPUR","BAHAWALPUR SADDAR","TEHSIL","SARAIKI",500783,244596,256112,75,418953,205495,213423,35,81830,39101,42689,40
"PUNJAB","BAHAWALPUR","BAHAWALPUR","BAHAWALPUR SADDAR","TEHSIL","SHINA",60,23,37,NA,2,1,1,NA,58,22,36,NA
"PUNJAB","BAHAWALPUR","BAHAWALPUR","BAHAWALPUR SADDAR","TEHSIL","SINDHI",1547,612,935,NA,330,151,179,NA,1217,461,756,NA
"PUNJAB","BAHAWALPUR","BAHAWALPUR","BAHAWALPUR SADDAR","TEHSIL","TOTAL",661543,322907,338536,100,524996,258100,266854,42,136547,64807,71682,58
"PUNJAB","BAHAWALPUR","BAHAWALPUR","BAHAWALPUR SADDAR","TEHSIL","URDU",37759,18054,19695,10,7214,3497,3715,2,30545,14557,15980,8
"PUNJAB","SARGODHA","BHAKKAR","BHAKKAR","TEHSIL","BALOCHI",595,290,305,NA,545,272,273,NA,50,18,32,NA
"PUNJAB","SARGODHA","BHAKKAR","BHAKKAR","TEHSIL","BALTI",12,NA,12,NA,NA,NA,NA,NA,12,NA,12,NA
"PUNJAB","SARGODHA","BHAKKAR","BHAKKAR","TEHSIL","BRAHVI",5,3,2,NA,NA,NA,NA,NA,5,3,2,NA
"PUNJAB","SARGODHA","BHAKKAR","BHAKKAR","TEHSIL","HINDKO",632,319,313,NA,360,177,183,NA,272,142,130,NA
"PUNJAB","SARGODHA","BHAKKAR","BHAKKAR","TEHSIL","KALASHA",NA,NA,NA,NA,NA,NA,NA,NA,NA,NA,NA,NA
"PUNJAB","SARGODHA","BHAKKAR","BHAKKAR","TEHSIL","KASHMIRI",213,102,111,NA,171,81,90,NA,42,21,21,NA
"PUNJAB","SARGODHA","BHAKKAR","BHAKKAR","TEHSIL","KOHIOSTANI",4,3,1,NA,NA,NA,NA,NA,4,3,1,NA
"PUNJAB","SARGODHA","BHAKKAR","BHAKKAR","TEHSIL","MEWATI",505,250,255,NA,448,221,227,NA,57,29,28,NA
"PUNJAB","SARGODHA","BHAKKAR","BHAKKAR","TEHSIL","OTHERS",2049,975,1074,NA,1222,570,652,NA,827,405,422,NA
"PUNJAB","SARGODHA","BHAKKAR","BHAKKAR","TEHSIL","PUNJABI",93779,45862,47910,7,82512,40261,42247,4,11267,5601,5663,3
"PUNJAB","SARGODHA","BHAKKAR","BHAKKAR","TEHSIL","PUSHTO",19661,9122,10538,1,13301,6156,7145,NA,6360,2966,3393,1
"PUNJAB","SARGODHA","BHAKKAR","BHAKKAR","TEHSIL","SARAIKI",633284,303056,330203,25,527358,252719,274627,12,105926,50337,55576,13
"PUNJAB","SARGODHA","BHAKKAR","BHAKKAR","TEHSIL","SHINA",3,2,1,NA,3,2,1,NA,NA,NA,NA,NA
"PUNJAB","SARGODHA","BHAKKAR","BHAKKAR","TEHSIL","SINDHI",236,110,126,NA,222,103,119,NA,14,7,7,NA
"PUNJAB","SARGODHA","BHAKKAR","BHAKKAR","TEHSIL","TOTAL",809649,388421,421191,37,650306,312238,338051,17,159343,76183,83140,20
"PUNJAB","SARGODHA","BHAKKAR","BHAKKAR","TEHSIL","URDU",58671,28327,30340,4,24164,11676,12487,1,34507,16651,17853,3
"PUNJAB","SARGODHA","SARGODHA","BHALWAL","TEHSIL","BALOCHI",32,14,18,NA,32,14,18,NA,NA,NA,NA,NA
"PUNJAB","SARGODHA","SARGODHA","BHALWAL","TEHSIL","BALTI",3,1,2,NA,NA,NA,NA,NA,3,1,2,NA
"PUNJAB","SARGODHA","SARGODHA","BHALWAL","TEHSIL","BRAHVI",NA,NA,NA,NA,NA,NA,NA,NA,NA,NA,NA,NA
"PUNJAB","SARGODHA","SARGODHA","BHALWAL","TEHSIL","HINDKO",51,31,20,NA,13,11,2,NA,38,20,18,NA
"PUNJAB","SARGODHA","SARGODHA","BHALWAL","TEHSIL","KALASHA",NA,NA,NA,NA,NA,NA,NA,NA,NA,NA,NA,NA
"PUNJAB","SARGODHA","SARGODHA","BHALWAL","TEHSIL","KASHMIRI",50,24,26,NA,49,24,25,NA,1,NA,1,NA
"PUNJAB","SARGODHA","SARGODHA","BHALWAL","TEHSIL","KOHIOSTANI",23,14,9,NA,23,14,9,NA,NA,NA,NA,NA
"PUNJAB","SARGODHA","SARGODHA","BHALWAL","TEHSIL","MEWATI",NA,NA,NA,NA,NA,NA,NA,NA,NA,NA,NA,NA
"PUNJAB","SARGODHA","SARGODHA","BHALWAL","TEHSIL","OTHERS",182,42,140,NA,164,32,132,NA,18,10,8,NA
"PUNJAB","SARGODHA","SARGODHA","BHALWAL","TEHSIL","PUNJABI",355502,179346,176135,21,230916,116590,114318,8,124586,62756,61817,13
"PUNJAB","SARGODHA","SARGODHA","BHALWAL","TEHSIL","PUSHTO",5681,2889,2791,1,3949,2016,1932,1,1732,873,859,NA
"PUNJAB","SARGODHA","SARGODHA","BHALWAL","TEHSIL","SARAIKI",218,101,117,NA,152,70,82,NA,66,31,35,NA
"PUNJAB","SARGODHA","SARGODHA","BHALWAL","TEHSIL","SHINA",7,4,3,NA,6,3,3,NA,1,1,NA,NA
"PUNJAB","SARGODHA","SARGODHA","BHALWAL","TEHSIL","SINDHI",489,263,225,1,302,155,146,1,187,108,79,NA
"PUNJAB","SARGODHA","SARGODHA","BHALWAL","TEHSIL","TOTAL",387194,195290,191880,24,243520,122854,120656,10,143674,72436,71224,14
"PUNJAB","SARGODHA","SARGODHA","BHALWAL","TEHSIL","URDU",24956,12561,12394,1,7914,3925,3989,NA,17042,8636,8405,1
"PUNJAB","FAISALABAD","CHINIOT","BHAWANA","TEHSIL","BALOCHI",4,2,2,NA,4,2,2,NA,NA,NA,NA,NA
"PUNJAB","FAISALABAD","CHINIOT","BHAWANA","TEHSIL","BALTI",NA,NA,NA,NA,NA,NA,NA,NA,NA,NA,NA,NA
"PUNJAB","FAISALABAD","CHINIOT","BHAWANA","TEHSIL","BRAHVI",NA,NA,NA,NA,NA,NA,NA,NA,NA,NA,NA,NA
"PUNJAB","FAISALABAD","CHINIOT","BHAWANA","TEHSIL","HINDKO",2,1,1,NA,1,NA,1,NA,1,1,NA,NA
"PUNJAB","FAISALABAD","CHINIOT","BHAWANA","TEHSIL","KALASHA",NA,NA,NA,NA,NA,NA,NA,NA,NA,NA,NA,NA
"PUNJAB","FAISALABAD","CHINIOT","BHAWANA","TEHSIL","KASHMIRI",724,367,357,NA,724,367,357,NA,NA,NA,NA,NA
"PUNJAB","FAISALABAD","CHINIOT","BHAWANA","TEHSIL","KOHIOSTANI",41,25,16,NA,41,25,16,NA,NA,NA,NA,NA
"PUNJAB","FAISALABAD","CHINIOT","BHAWANA","TEHSIL","MEWATI",NA,NA,NA,NA,NA,NA,NA,NA,NA,NA,NA,NA
"PUNJAB","FAISALABAD","CHINIOT","BHAWANA","TEHSIL","OTHERS",415,199,216,NA,414,198,216,NA,1,1,NA,NA
"PUNJAB","FAISALABAD","CHINIOT","BHAWANA","TEHSIL","PUNJABI",422591,208538,214025,28,384194,189420,194756,18,38397,19118,19269,10
"PUNJAB","FAISALABAD","CHINIOT","BHAWANA","TEHSIL","PUSHTO",2876,1404,1472,NA,2480,1198,1282,NA,396,206,190,NA
"PUNJAB","FAISALABAD","CHINIOT","BHAWANA","TEHSIL","SARAIKI",111,54,57,NA,100,49,51,NA,11,5,6,NA
"PUNJAB","FAISALABAD","CHINIOT","BHAWANA","TEHSIL","SHINA",20,9,11,NA,20,9,11,NA,NA,NA,NA,NA
"PUNJAB","FAISALABAD","CHINIOT","BHAWANA","TEHSIL","SINDHI",491,252,239,NA,415,212,203,NA,76,40,36,NA
"PUNJAB","FAISALABAD","CHINIOT","BHAWANA","TEHSIL","TOTAL",428617,211539,217050,28,389347,191978,197351,18,39270,19561,19699,10
"PUNJAB","FAISALABAD","CHINIOT","BHAWANA","TEHSIL","URDU",1342,688,654,NA,954,498,456,NA,388,190,198,NA
"PUNJAB","SARGODHA","SARGODHA","BHERA","TEHSIL","BALOCHI",10,4,6,NA,8,4,4,NA,2,NA,2,NA
"PUNJAB","SARGODHA","SARGODHA","BHERA","TEHSIL","BALTI",NA,NA,NA,NA,NA,NA,NA,NA,NA,NA,NA,NA
"PUNJAB","SARGODHA","SARGODHA","BHERA","TEHSIL","BRAHVI",NA,NA,NA,NA,NA,NA,NA,NA,NA,NA,NA,NA
"PUNJAB","SARGODHA","SARGODHA","BHERA","TEHSIL","HINDKO",3,2,1,NA,NA,NA,NA,NA,3,2,1,NA
"PUNJAB","SARGODHA","SARGODHA","BHERA","TEHSIL","KALASHA",NA,NA,NA,NA,NA,NA,NA,NA,NA,NA,NA,NA
"PUNJAB","SARGODHA","SARGODHA","BHERA","TEHSIL","KASHMIRI",16,10,6,NA,6,3,3,NA,10,7,3,NA
"PUNJAB","SARGODHA","SARGODHA","BHERA","TEHSIL","KOHIOSTANI",221,103,118,NA,167,84,83,NA,54,19,35,NA
"PUNJAB","SARGODHA","SARGODHA","BHERA","TEHSIL","MEWATI",NA,NA,NA,NA,NA,NA,NA,NA,NA,NA,NA,NA
"PUNJAB","SARGODHA","SARGODHA","BHERA","TEHSIL","OTHERS",56,27,29,NA,40,20,20,NA,16,7,9,NA
"PUNJAB","SARGODHA","SARGODHA","BHERA","TEHSIL","PUNJABI",351651,174694,176947,10,264235,131011,133220,4,87416,43683,43727,6
"PUNJAB","SARGODHA","SARGODHA","BHERA","TEHSIL","PUSHTO",3579,1766,1813,NA,2420,1197,1223,NA,1159,569,590,NA
"PUNJAB","SARGODHA","SARGODHA","BHERA","TEHSIL","SARAIKI",506,243,263,NA,437,217,220,NA,69,26,43,NA
"PUNJAB","SARGODHA","SARGODHA","BHERA","TEHSIL","SHINA",NA,NA,NA,NA,NA,NA,NA,NA,NA,NA,NA,NA
"PUNJAB","SARGODHA","SARGODHA","BHERA","TEHSIL","SINDHI",599,322,277,NA,398,206,192,NA,201,116,85,NA
"PUNJAB","SARGODHA","SARGODHA","BHERA","TEHSIL","TOTAL",384395,190687,193695,13,272701,135184,137510,7,111694,55503,56185,6
"PUNJAB","SARGODHA","SARGODHA","BHERA","TEHSIL","URDU",27754,13516,14235,3,4990,2442,2545,3,22764,11074,11690,NA
"PUNJAB","MULTAN","VEHARI","BUREWALA","TEHSIL","BALOCHI",309,149,160,NA,86,41,45,NA,223,108,115,NA
"PUNJAB","MULTAN","VEHARI","BUREWALA","TEHSIL","BALTI",NA,NA,NA,NA,NA,NA,NA,NA,NA,NA,NA,NA
"PUNJAB","MULTAN","VEHARI","BUREWALA","TEHSIL","BRAHVI",NA,NA,NA,NA,NA,NA,NA,NA,NA,NA,NA,NA
"PUNJAB","MULTAN","VEHARI","BUREWALA","TEHSIL","HINDKO",92,46,46,NA,1,1,NA,NA,91,45,46,NA
"PUNJAB","MULTAN","VEHARI","BUREWALA","TEHSIL","KALASHA",NA,NA,NA,NA,NA,NA,NA,NA,NA,NA,NA,NA
"PUNJAB","MULTAN","VEHARI","BUREWALA","TEHSIL","KASHMIRI",40,21,19,NA,12,6,6,NA,28,15,13,NA
"PUNJAB","MULTAN","VEHARI","BUREWALA","TEHSIL","KOHIOSTANI",7,NA,7,NA,NA,NA,NA,NA,7,NA,7,NA
"PUNJAB","MULTAN","VEHARI","BUREWALA","TEHSIL","MEWATI",527,279,248,NA,22,15,7,NA,505,264,241,NA
"PUNJAB","MULTAN","VEHARI","BUREWALA","TEHSIL","OTHERS",156,69,87,NA,94,42,52,NA,62,27,35,NA
"PUNJAB","MULTAN","VEHARI","BUREWALA","TEHSIL","PUNJABI",1167631,579946,587563,122,827587,410155,417401,31,340044,169791,170162,91
"PUNJAB","MULTAN","VEHARI","BUREWALA","TEHSIL","PUSHTO",1693,815,878,NA,1176,572,604,NA,517,243,274,NA
"PUNJAB","MULTAN","VEHARI","BUREWALA","TEHSIL","SARAIKI",1046,529,517,NA,650,327,323,NA,396,202,194,NA
"PUNJAB","MULTAN","VEHARI","BUREWALA","TEHSIL","SHINA",NA,NA,NA,NA,NA,NA,NA,NA,NA,NA,NA,NA
"PUNJAB","MULTAN","VEHARI","BUREWALA","TEHSIL","SINDHI",1991,1115,876,NA,1408,797,611,NA,583,318,265,NA
"PUNJAB","MULTAN","VEHARI","BUREWALA","TEHSIL","TOTAL",1203944,598314,605493,137,842323,417523,424768,32,361621,180791,180725,105
"PUNJAB","MULTAN","VEHARI","BUREWALA","TEHSIL","URDU",30452,15345,15092,15,11287,5567,5719,1,19165,9778,9373,14
"PUNJAB","FAISALABAD","FAISALABAD","CHAK JHUMRA","TEHSIL","BALOCHI",25,9,16,NA,24,8,16,NA,1,1,NA,NA
"PUNJAB","FAISALABAD","FAISALABAD","CHAK JHUMRA","TEHSIL","BALTI",NA,NA,NA,NA,NA,NA,NA,NA,NA,NA,NA,NA
"PUNJAB","FAISALABAD","FAISALABAD","CHAK JHUMRA","TEHSIL","BRAHVI",NA,NA,NA,NA,NA,NA,NA,NA,NA,NA,NA,NA
"PUNJAB","FAISALABAD","FAISALABAD","CHAK JHUMRA","TEHSIL","HINDKO",1,NA,1,NA,1,NA,1,NA,NA,NA,NA,NA
"PUNJAB","FAISALABAD","FAISALABAD","CHAK JHUMRA","TEHSIL","KALASHA",NA,NA,NA,NA,NA,NA,NA,NA,NA,NA,NA,NA
"PUNJAB","FAISALABAD","FAISALABAD","CHAK JHUMRA","TEHSIL","KASHMIRI",12,7,5,NA,9,6,3,NA,3,1,2,NA
"PUNJAB","FAISALABAD","FAISALABAD","CHAK JHUMRA","TEHSIL","KOHIOSTANI",3,2,1,NA,3,2,1,NA,NA,NA,NA,NA
"PUNJAB","FAISALABAD","FAISALABAD","CHAK JHUMRA","TEHSIL","MEWATI",6,5,1,NA,6,5,1,NA,NA,NA,NA,NA
"PUNJAB","FAISALABAD","FAISALABAD","CHAK JHUMRA","TEHSIL","OTHERS",196,30,166,NA,193,28,165,NA,3,2,1,NA
"PUNJAB","FAISALABAD","FAISALABAD","CHAK JHUMRA","TEHSIL","PUNJABI",373807,176815,196970,22,316237,148916,167305,16,57570,27899,29665,6
"PUNJAB","FAISALABAD","FAISALABAD","CHAK JHUMRA","TEHSIL","PUSHTO",3007,1328,1679,NA,2888,1273,1615,NA,119,55,64,NA
"PUNJAB","FAISALABAD","FAISALABAD","CHAK JHUMRA","TEHSIL","SARAIKI",654,172,478,4,616,168,444,4,38,4,34,NA
"PUNJAB","FAISALABAD","FAISALABAD","CHAK JHUMRA","TEHSIL","SHINA",2,NA,2,NA,2,NA,2,NA,NA,NA,NA,NA
"PUNJAB","FAISALABAD","FAISALABAD","CHAK JHUMRA","TEHSIL","SINDHI",961,470,491,NA,835,392,443,NA,126,78,48,NA
"PUNJAB","FAISALABAD","FAISALABAD","CHAK JHUMRA","TEHSIL","TOTAL",385169,182016,203127,26,325038,152839,172179,20,60131,29177,30948,6
"PUNJAB","FAISALABAD","FAISALABAD","CHAK JHUMRA","TEHSIL","URDU",6495,3178,3317,NA,4224,2041,2183,NA,2271,1137,1134,NA
"PUNJAB","RAWALPINDI","CHAKWAL","CHAKWAL","TEHSIL","BALOCHI",297,132,165,NA,240,110,130,NA,57,22,35,NA
"PUNJAB","RAWALPINDI","CHAKWAL","CHAKWAL","TEHSIL","BALTI",86,40,46,NA,39,26,13,NA,47,14,33,NA
"PUNJAB","RAWALPINDI","CHAKWAL","CHAKWAL","TEHSIL","BRAHVI",2,NA,2,NA,NA,NA,NA,NA,2,NA,2,NA
"PUNJAB","RAWALPINDI","CHAKWAL","CHAKWAL","TEHSIL","HINDKO",1154,581,573,NA,942,481,461,NA,212,100,112,NA
"PUNJAB","RAWALPINDI","CHAKWAL","CHAKWAL","TEHSIL","KALASHA",1,1,NA,NA,NA,NA,NA,NA,1,1,NA,NA
"PUNJAB","RAWALPINDI","CHAKWAL","CHAKWAL","TEHSIL","KASHMIRI",435,204,231,NA,310,152,158,NA,125,52,73,NA
"PUNJAB","RAWALPINDI","CHAKWAL","CHAKWAL","TEHSIL","KOHIOSTANI",55,26,29,NA,54,26,28,NA,1,NA,1,NA
"PUNJAB","RAWALPINDI","CHAKWAL","CHAKWAL","TEHSIL","MEWATI",4,2,2,NA,4,2,2,NA,NA,NA,NA,NA
"PUNJAB","RAWALPINDI","CHAKWAL","CHAKWAL","TEHSIL","OTHERS",273,139,133,1,227,115,111,1,46,24,22,NA
"PUNJAB","RAWALPINDI","CHAKWAL","CHAKWAL","TEHSIL","PUNJABI",693854,354220,339578,56,495411,254035,241366,10,198443,100185,98212,46
"PUNJAB","RAWALPINDI","CHAKWAL","CHAKWAL","TEHSIL","PUSHTO",48457,23878,24579,NA,18697,9299,9398,NA,29760,14579,15181,NA
"PUNJAB","RAWALPINDI","CHAKWAL","CHAKWAL","TEHSIL","SARAIKI",3262,1312,1950,NA,2287,885,1402,NA,975,427,548,NA
"PUNJAB","RAWALPINDI","CHAKWAL","CHAKWAL","TEHSIL","SHINA",207,112,95,NA,131,81,50,NA,76,31,45,NA
"PUNJAB","RAWALPINDI","CHAKWAL","CHAKWAL","TEHSIL","SINDHI",1545,782,763,NA,1030,530,500,NA,515,252,263,NA
"PUNJAB","RAWALPINDI","CHAKWAL","CHAKWAL","TEHSIL","TOTAL",768622,391013,377549,60,524580,268392,256175,13,244042,122621,121374,47
"PUNJAB","RAWALPINDI","CHAKWAL","CHAKWAL","TEHSIL","URDU",18990,9584,9403,3,5208,2650,2556,2,13782,6934,6847,1
"PUNJAB","SAHIWAL","SAHIWAL","CHICHAWATNI","TEHSIL","BALOCHI",151,68,83,NA,120,60,60,NA,31,8,23,NA
"PUNJAB","SAHIWAL","SAHIWAL","CHICHAWATNI","TEHSIL","BALTI",NA,NA,NA,NA,NA,NA,NA,NA,NA,NA,NA,NA
"PUNJAB","SAHIWAL","SAHIWAL","CHICHAWATNI","TEHSIL","BRAHVI",NA,NA,NA,NA,NA,NA,NA,NA,NA,NA,NA,NA
"PUNJAB","SAHIWAL","SAHIWAL","CHICHAWATNI","TEHSIL","HINDKO",29,16,13,NA,22,11,11,NA,7,5,2,NA
"PUNJAB","SAHIWAL","SAHIWAL","CHICHAWATNI","TEHSIL","KALASHA",NA,NA,NA,NA,NA,NA,NA,NA,NA,NA,NA,NA
"PUNJAB","SAHIWAL","SAHIWAL","CHICHAWATNI","TEHSIL","KASHMIRI",33,17,16,NA,33,17,16,NA,NA,NA,NA,NA
"PUNJAB","SAHIWAL","SAHIWAL","CHICHAWATNI","TEHSIL","KOHIOSTANI",NA,NA,NA,NA,NA,NA,NA,NA,NA,NA,NA,NA
"PUNJAB","SAHIWAL","SAHIWAL","CHICHAWATNI","TEHSIL","MEWATI",18,12,6,NA,18,12,6,NA,NA,NA,NA,NA
"PUNJAB","SAHIWAL","SAHIWAL","CHICHAWATNI","TEHSIL","OTHERS",865,457,408,NA,837,442,395,NA,28,15,13,NA
"PUNJAB","SAHIWAL","SAHIWAL","CHICHAWATNI","TEHSIL","PUNJABI",1130750,560733,569952,65,1026042,509030,516963,49,104708,51703,52989,16
"PUNJAB","SAHIWAL","SAHIWAL","CHICHAWATNI","TEHSIL","PUSHTO",5191,2490,2701,NA,4535,2196,2339,NA,656,294,362,NA
"PUNJAB","SAHIWAL","SAHIWAL","CHICHAWATNI","TEHSIL","SARAIKI",257,131,126,NA,228,118,110,NA,29,13,16,NA
"PUNJAB","SAHIWAL","SAHIWAL","CHICHAWATNI","TEHSIL","SHINA",NA,NA,NA,NA,NA,NA,NA,NA,NA,NA,NA,NA
"PUNJAB","SAHIWAL","SAHIWAL","CHICHAWATNI","TEHSIL","SINDHI",1879,973,905,1,1628,853,774,1,251,120,131,NA
"PUNJAB","SAHIWAL","SAHIWAL","CHICHAWATNI","TEHSIL","TOTAL",1155978,573354,582558,66,1043787,517963,525774,50,112191,55391,56784,16
"PUNJAB","SAHIWAL","SAHIWAL","CHICHAWATNI","TEHSIL","URDU",16805,8457,8348,NA,10324,5224,5100,NA,6481,3233,3248,NA
"PUNJAB","FAISALABAD","CHINIOT","CHINIOT","TEHSIL","BALOCHI",38,18,20,NA,12,3,9,NA,26,15,11,NA
"PUNJAB","FAISALABAD","CHINIOT","CHINIOT","TEHSIL","BALTI",10,5,5,NA,8,4,4,NA,2,1,1,NA
"PUNJAB","FAISALABAD","CHINIOT","CHINIOT","TEHSIL","BRAHVI",NA,NA,NA,NA,NA,NA,NA,NA,NA,NA,NA,NA
"PUNJAB","FAISALABAD","CHINIOT","CHINIOT","TEHSIL","HINDKO",24,8,16,NA,7,4,3,NA,17,4,13,NA
"PUNJAB","FAISALABAD","CHINIOT","CHINIOT","TEHSIL","KALASHA",NA,NA,NA,NA,NA,NA,NA,NA,NA,NA,NA,NA
"PUNJAB","FAISALABAD","CHINIOT","CHINIOT","TEHSIL","KASHMIRI",37,14,23,NA,18,9,9,NA,19,5,14,NA
"PUNJAB","FAISALABAD","CHINIOT","CHINIOT","TEHSIL","KOHIOSTANI",85,42,43,NA,84,42,42,NA,1,NA,1,NA
"PUNJAB","FAISALABAD","CHINIOT","CHINIOT","TEHSIL","MEWATI",NA,NA,NA,NA,NA,NA,NA,NA,NA,NA,NA,NA
"PUNJAB","FAISALABAD","CHINIOT","CHINIOT","TEHSIL","OTHERS",59,26,33,NA,45,19,26,NA,14,7,7,NA
"PUNJAB","FAISALABAD","CHINIOT","CHINIOT","TEHSIL","PUNJABI",587481,288955,298470,56,304533,149814,154711,8,282948,139141,143759,48
"PUNJAB","FAISALABAD","CHINIOT","CHINIOT","TEHSIL","PUSHTO",8665,4292,4373,NA,4115,2039,2076,NA,4550,2253,2297,NA
"PUNJAB","FAISALABAD","CHINIOT","CHINIOT","TEHSIL","SARAIKI",321,118,203,NA,175,55,120,NA,146,63,83,NA
"PUNJAB","FAISALABAD","CHINIOT","CHINIOT","TEHSIL","SHINA",2,NA,2,NA,2,NA,2,NA,NA,NA,NA,NA
"PUNJAB","FAISALABAD","CHINIOT","CHINIOT","TEHSIL","SINDHI",777,427,350,NA,416,233,183,NA,361,194,167,NA
"PUNJAB","FAISALABAD","CHINIOT","CHINIOT","TEHSIL","TOTAL",633621,311426,322132,63,315456,155089,160356,11,318165,156337,161776,52
"PUNJAB","FAISALABAD","CHINIOT","CHINIOT","TEHSIL","URDU",36122,17521,18594,7,6041,2867,3171,3,30081,14654,15423,4
"PUNJAB","BAHAWALPUR","BAHAWALNAGAR","CHISHTIAN","TEHSIL","BALOCHI",348,177,171,NA,91,42,49,NA,257,135,122,NA
"PUNJAB","BAHAWALPUR","BAHAWALNAGAR","CHISHTIAN","TEHSIL","BALTI",NA,NA,NA,NA,NA,NA,NA,NA,NA,NA,NA,NA
"PUNJAB","BAHAWALPUR","BAHAWALNAGAR","CHISHTIAN","TEHSIL","BRAHVI",NA,NA,NA,NA,NA,NA,NA,NA,NA,NA,NA,NA
"PUNJAB","BAHAWALPUR","BAHAWALNAGAR","CHISHTIAN","TEHSIL","HINDKO",35,21,14,NA,24,13,11,NA,11,8,3,NA
"PUNJAB","BAHAWALPUR","BAHAWALNAGAR","CHISHTIAN","TEHSIL","KALASHA",1,NA,1,NA,1,NA,1,NA,NA,NA,NA,NA
"PUNJAB","BAHAWALPUR","BAHAWALNAGAR","CHISHTIAN","TEHSIL","KASHMIRI",8,6,2,NA,6,5,1,NA,2,1,1,NA
"PUNJAB","BAHAWALPUR","BAHAWALNAGAR","CHISHTIAN","TEHSIL","KOHIOSTANI",NA,NA,NA,NA,NA,NA,NA,NA,NA,NA,NA,NA
"PUNJAB","BAHAWALPUR","BAHAWALNAGAR","CHISHTIAN","TEHSIL","MEWATI",1,NA,1,NA,1,NA,1,NA,NA,NA,NA,NA
"PUNJAB","BAHAWALPUR","BAHAWALNAGAR","CHISHTIAN","TEHSIL","OTHERS",3457,1731,1726,NA,1434,723,711,NA,2023,1008,1015,NA
"PUNJAB","BAHAWALPUR","BAHAWALNAGAR","CHISHTIAN","TEHSIL","PUNJABI",809705,389291,420297,117,596496,286650,309801,45,213209,102641,110496,72
"PUNJAB","BAHAWALPUR","BAHAWALNAGAR","CHISHTIAN","TEHSIL","PUSHTO",1711,807,904,NA,1369,651,718,NA,342,156,186,NA
"PUNJAB","BAHAWALPUR","BAHAWALNAGAR","CHISHTIAN","TEHSIL","SARAIKI",12920,6151,6768,1,11792,5583,6208,1,1128,568,560,NA
"PUNJAB","BAHAWALPUR","BAHAWALNAGAR","CHISHTIAN","TEHSIL","SHINA",NA,NA,NA,NA,NA,NA,NA,NA,NA,NA,NA,NA
"PUNJAB","BAHAWALPUR","BAHAWALNAGAR","CHISHTIAN","TEHSIL","SINDHI",1157,621,536,NA,817,443,374,NA,340,178,162,NA
"PUNJAB","BAHAWALPUR","BAHAWALNAGAR","CHISHTIAN","TEHSIL","TOTAL",843342,405853,437370,119,614192,295242,318904,46,229150,110611,118466,73
"PUNJAB","BAHAWALPUR","BAHAWALNAGAR","CHISHTIAN","TEHSIL","URDU",13999,7048,6950,1,2161,1132,1029,NA,11838,5916,5921,1
"PUNJAB","RAWALPINDI","CHAKWAL","CHOA SAIDAN SHAH","TEHSIL","BALOCHI",220,99,121,NA,52,25,27,NA,168,74,94,NA
"PUNJAB","RAWALPINDI","CHAKWAL","CHOA SAIDAN SHAH","TEHSIL","BALTI",11,5,6,NA,9,5,4,NA,2,NA,2,NA
"PUNJAB","RAWALPINDI","CHAKWAL","CHOA SAIDAN SHAH","TEHSIL","BRAHVI",NA,NA,NA,NA,NA,NA,NA,NA,NA,NA,NA,NA
"PUNJAB","RAWALPINDI","CHAKWAL","CHOA SAIDAN SHAH","TEHSIL","HINDKO",178,82,96,NA,144,69,75,NA,34,13,21,NA
"PUNJAB","RAWALPINDI","CHAKWAL","CHOA SAIDAN SHAH","TEHSIL","KALASHA",NA,NA,NA,NA,NA,NA,NA,NA,NA,NA,NA,NA
"PUNJAB","RAWALPINDI","CHAKWAL","CHOA SAIDAN SHAH","TEHSIL","KASHMIRI",345,60,285,NA,313,47,266,NA,32,13,19,NA
"PUNJAB","RAWALPINDI","CHAKWAL","CHOA SAIDAN SHAH","TEHSIL","KOHIOSTANI",79,38,41,NA,58,26,32,NA,21,12,9,NA
"PUNJAB","RAWALPINDI","CHAKWAL","CHOA SAIDAN SHAH","TEHSIL","MEWATI",2,NA,2,NA,NA,NA,NA,NA,2,NA,2,NA
"PUNJAB","RAWALPINDI","CHAKWAL","CHOA SAIDAN SHAH","TEHSIL","OTHERS",47,23,24,NA,43,20,23,NA,4,3,1,NA
"PUNJAB","RAWALPINDI","CHAKWAL","CHOA SAIDAN SHAH","TEHSIL","PUNJABI",144730,73984,70730,16,115555,59230,56325,NA,29175,14754,14405,16
"PUNJAB","RAWALPINDI","CHAKWAL","CHOA SAIDAN SHAH","TEHSIL","PUSHTO",18832,8135,10697,NA,8225,3143,5082,NA,10607,4992,5615,NA
"PUNJAB","RAWALPINDI","CHAKWAL","CHOA SAIDAN SHAH","TEHSIL","SARAIKI",371,151,220,NA,231,107,124,NA,140,44,96,NA
"PUNJAB","RAWALPINDI","CHAKWAL","CHOA SAIDAN SHAH","TEHSIL","SHINA",18,9,9,NA,1,1,NA,NA,17,8,9,NA
"PUNJAB","RAWALPINDI","CHAKWAL","CHOA SAIDAN SHAH","TEHSIL","SINDHI",252,128,124,NA,203,113,90,NA,49,15,34,NA
"PUNJAB","RAWALPINDI","CHAKWAL","CHOA SAIDAN SHAH","TEHSIL","TOTAL",167537,83922,83599,16,126463,63637,62826,NA,41074,20285,20773,16
"PUNJAB","RAWALPINDI","CHAKWAL","CHOA SAIDAN SHAH","TEHSIL","URDU",2452,1208,1244,NA,1629,851,778,NA,823,357,466,NA
"PUNJAB","DERA GHAZI KHAN","LAYYAH","CHOUBARA","TEHSIL","BALOCHI",685,342,343,NA,651,326,325,NA,34,16,18,NA
"PUNJAB","DERA GHAZI KHAN","LAYYAH","CHOUBARA","TEHSIL","BALTI",NA,NA,NA,NA,NA,NA,NA,NA,NA,NA,NA,NA
"PUNJAB","DERA GHAZI KHAN","LAYYAH","CHOUBARA","TEHSIL","BRAHVI",19,9,10,NA,7,5,2,NA,12,4,8,NA
"PUNJAB","DERA GHAZI KHAN","LAYYAH","CHOUBARA","TEHSIL","HINDKO",132,64,68,NA,31,14,17,NA,101,50,51,NA
"PUNJAB","DERA GHAZI KHAN","LAYYAH","CHOUBARA","TEHSIL","KALASHA",NA,NA,NA,NA,NA,NA,NA,NA,NA,NA,NA,NA
"PUNJAB","DERA GHAZI KHAN","LAYYAH","CHOUBARA","TEHSIL","KASHMIRI",62,26,36,NA,45,20,25,NA,17,6,11,NA
"PUNJAB","DERA GHAZI KHAN","LAYYAH","CHOUBARA","TEHSIL","KOHIOSTANI",NA,NA,NA,NA,NA,NA,NA,NA,NA,NA,NA,NA
"PUNJAB","DERA GHAZI KHAN","LAYYAH","CHOUBARA","TEHSIL","MEWATI",247,124,123,NA,103,51,52,NA,144,73,71,NA
"PUNJAB","DERA GHAZI KHAN","LAYYAH","CHOUBARA","TEHSIL","OTHERS",2022,975,1047,NA,2001,968,1033,NA,21,7,14,NA
"PUNJAB","DERA GHAZI KHAN","LAYYAH","CHOUBARA","TEHSIL","PUNJABI",98082,46753,51329,NA,84364,40044,44320,NA,13718,6709,7009,NA
"PUNJAB","DERA GHAZI KHAN","LAYYAH","CHOUBARA","TEHSIL","PUSHTO",8612,4053,4559,NA,7092,3312,3780,NA,1520,741,779,NA
"PUNJAB","DERA GHAZI KHAN","LAYYAH","CHOUBARA","TEHSIL","SARAIKI",187694,89697,97993,4,147066,70378,76687,1,40628,19319,21306,3
"PUNJAB","DERA GHAZI KHAN","LAYYAH","CHOUBARA","TEHSIL","SHINA",NA,NA,NA,NA,NA,NA,NA,NA,NA,NA,NA,NA
"PUNJAB","DERA GHAZI KHAN","LAYYAH","CHOUBARA","TEHSIL","SINDHI",229,116,113,NA,217,109,108,NA,12,7,5,NA
"PUNJAB","DERA GHAZI KHAN","LAYYAH","CHOUBARA","TEHSIL","TOTAL",299069,142809,156256,4,242080,115491,126588,1,56989,27318,29668,3
"PUNJAB","DERA GHAZI KHAN","LAYYAH","CHOUBARA","TEHSIL","URDU",1285,650,635,NA,503,264,239,NA,782,386,396,NA
NA,NA,"MUZAFFARGARH","CHOWK SARWAR SHAHEED","TEHSIL","BALOCHI",6117,3031,3086,NA,5826,2882,2944,NA,291,149,142,NA
NA,NA,"MUZAFFARGARH","CHOWK SARWAR SHAHEED","TEHSIL","BALTI",30,13,17,NA,30,13,17,NA,NA,NA,NA,NA
NA,NA,"MUZAFFARGARH","CHOWK SARWAR SHAHEED","TEHSIL","BRAHVI",NA,NA,NA,NA,NA,NA,NA,NA,NA,NA,NA,NA
NA,NA,"MUZAFFARGARH","CHOWK SARWAR SHAHEED","TEHSIL","HINDKO",249,132,117,NA,218,116,102,NA,31,16,15,NA
NA,NA,"MUZAFFARGARH","CHOWK SARWAR SHAHEED","TEHSIL","KALASHA",NA,NA,NA,NA,NA,NA,NA,NA,NA,NA,NA,NA
NA,NA,"MUZAFFARGARH","CHOWK SARWAR SHAHEED","TEHSIL","KASHMIRI",83,39,44,NA,75,35,40,NA,8,4,4,NA
NA,NA,"MUZAFFARGARH","CHOWK SARWAR SHAHEED","TEHSIL","KOHIOSTANI",NA,NA,NA,NA,NA,NA,NA,NA,NA,NA,NA,NA
NA,NA,"MUZAFFARGARH","CHOWK SARWAR SHAHEED","TEHSIL","MEWATI",43,20,23,NA,31,16,15,NA,12,4,8,NA
NA,NA,"MUZAFFARGARH","CHOWK SARWAR SHAHEED","TEHSIL","OTHERS",3446,1783,1663,NA,3304,1712,1592,NA,142,71,71,NA
NA,NA,"MUZAFFARGARH","CHOWK SARWAR SHAHEED","TEHSIL","PUNJABI",134593,67592,66999,2,91356,45707,45648,1,43237,21885,21351,1
NA,NA,"MUZAFFARGARH","CHOWK SARWAR SHAHEED","TEHSIL","PUSHTO",31530,15374,16156,NA,28252,13762,14490,NA,3278,1612,1666,NA
NA,NA,"MUZAFFARGARH","CHOWK SARWAR SHAHEED","TEHSIL","SARAIKI",233348,116284,117061,3,219002,109157,109842,3,14346,7127,7219,NA
NA,NA,"MUZAFFARGARH","CHOWK SARWAR SHAHEED","TEHSIL","SHINA",NA,NA,NA,NA,NA,NA,NA,NA,NA,NA,NA,NA
NA,NA,"MUZAFFARGARH","CHOWK SARWAR SHAHEED","TEHSIL","SINDHI",189,94,95,NA,113,56,57,NA,76,38,38,NA
NA,NA,"MUZAFFARGARH","CHOWK SARWAR SHAHEED","TEHSIL","TOTAL",414200,206668,207527,5,351069,174888,176177,4,63131,31780,31350,1
NA,NA,"MUZAFFARGARH","CHOWK SARWAR SHAHEED","TEHSIL","URDU",4572,2306,2266,NA,2862,1432,1430,NA,1710,874,836,NA
"PUNJAB","LAHORE","KASUR","CHUNIAN","TEHSIL","BALOCHI",93,35,58,NA,74,25,49,NA,19,10,9,NA
"PUNJAB","LAHORE","KASUR","CHUNIAN","TEHSIL","BALTI",33,18,15,NA,19,12,7,NA,14,6,8,NA
"PUNJAB","LAHORE","KASUR","CHUNIAN","TEHSIL","BRAHVI",NA,NA,NA,NA,NA,NA,NA,NA,NA,NA,NA,NA
"PUNJAB","LAHORE","KASUR","CHUNIAN","TEHSIL","HINDKO",75,40,35,NA,3,3,NA,NA,72,37,35,NA
"PUNJAB","LAHORE","KASUR","CHUNIAN","TEHSIL","KALASHA",24,8,16,NA,23,8,15,NA,1,NA,1,NA
"PUNJAB","LAHORE","KASUR","CHUNIAN","TEHSIL","KASHMIRI",36,16,20,NA,14,4,10,NA,22,12,10,NA
"PUNJAB","LAHORE","KASUR","CHUNIAN","TEHSIL","KOHIOSTANI",3,1,2,NA,2,1,1,NA,1,NA,1,NA
"PUNJAB","LAHORE","KASUR","CHUNIAN","TEHSIL","MEWATI",80442,39594,40847,1,74031,36453,37577,1,6411,3141,3270,NA
"PUNJAB","LAHORE","KASUR","CHUNIAN","TEHSIL","OTHERS",1386,671,715,NA,1311,631,680,NA,75,40,35,NA
"PUNJAB","LAHORE","KASUR","CHUNIAN","TEHSIL","PUNJABI",858892,420807,437973,112,672656,329284,343318,54,186236,91523,94655,58
"PUNJAB","LAHORE","KASUR","CHUNIAN","TEHSIL","PUSHTO",1152,548,604,NA,749,355,394,NA,403,193,210,NA
"PUNJAB","LAHORE","KASUR","CHUNIAN","TEHSIL","SARAIKI",558,240,318,NA,387,159,228,NA,171,81,90,NA
"PUNJAB","LAHORE","KASUR","CHUNIAN","TEHSIL","SHINA",10,6,4,NA,NA,NA,NA,NA,10,6,4,NA
"PUNJAB","LAHORE","KASUR","CHUNIAN","TEHSIL","SINDHI",1707,862,845,NA,1135,566,569,NA,572,296,276,NA
"PUNJAB","LAHORE","KASUR","CHUNIAN","TEHSIL","TOTAL",977028,478944,497971,113,773329,378709,394565,55,203699,100235,103406,58
"PUNJAB","LAHORE","KASUR","CHUNIAN","TEHSIL","URDU",32617,16098,16519,NA,22925,11208,11717,NA,9692,4890,4802,NA
"PUNJAB","SARGODHA","BHAKKAR","DARYA KHAN","TEHSIL","BALOCHI",12,4,8,NA,5,2,3,NA,7,2,5,NA
"PUNJAB","SARGODHA","BHAKKAR","DARYA KHAN","TEHSIL","BALTI",1,1,NA,NA,1,1,NA,NA,NA,NA,NA,NA
"PUNJAB","SARGODHA","BHAKKAR","DARYA KHAN","TEHSIL","BRAHVI",NA,NA,NA,NA,NA,NA,NA,NA,NA,NA,NA,NA
"PUNJAB","SARGODHA","BHAKKAR","DARYA KHAN","TEHSIL","HINDKO",518,233,285,NA,76,38,38,NA,442,195,247,NA
"PUNJAB","SARGODHA","BHAKKAR","DARYA KHAN","TEHSIL","KALASHA",NA,NA,NA,NA,NA,NA,NA,NA,NA,NA,NA,NA
"PUNJAB","SARGODHA","BHAKKAR","DARYA KHAN","TEHSIL","KASHMIRI",109,57,52,NA,100,52,48,NA,9,5,4,NA
"PUNJAB","SARGODHA","BHAKKAR","DARYA KHAN","TEHSIL","KOHIOSTANI",19,8,11,NA,9,3,6,NA,10,5,5,NA
"PUNJAB","SARGODHA","BHAKKAR","DARYA KHAN","TEHSIL","MEWATI",2924,1452,1472,NA,2820,1394,1426,NA,104,58,46,NA
"PUNJAB","SARGODHA","BHAKKAR","DARYA KHAN","TEHSIL","OTHERS",2190,1057,1133,NA,1826,884,942,NA,364,173,191,NA
"PUNJAB","SARGODHA","BHAKKAR","DARYA KHAN","TEHSIL","PUNJABI",20150,9684,10462,4,17016,8138,8878,NA,3134,1546,1584,4
"PUNJAB","SARGODHA","BHAKKAR","DARYA KHAN","TEHSIL","PUSHTO",9520,4574,4946,NA,6725,3187,3538,NA,2795,1387,1408,NA
"PUNJAB","SARGODHA","BHAKKAR","DARYA KHAN","TEHSIL","SARAIKI",345126,165819,179293,14,288991,138845,150140,6,56135,26974,29153,8
"PUNJAB","SARGODHA","BHAKKAR","DARYA KHAN","TEHSIL","SHINA",NA,NA,NA,NA,NA,NA,NA,NA,NA,NA,NA,NA
"PUNJAB","SARGODHA","BHAKKAR","DARYA KHAN","TEHSIL","SINDHI",43,17,26,NA,22,10,12,NA,21,7,14,NA
"PUNJAB","SARGODHA","BHAKKAR","DARYA KHAN","TEHSIL","TOTAL",421233,202719,218489,25,327385,157304,170074,7,93848,45415,48415,18
"PUNJAB","SARGODHA","BHAKKAR","DARYA KHAN","TEHSIL","URDU",40621,19813,20801,7,9794,4750,5043,1,30827,15063,15758,6
"PUNJAB","GUJRANWALA","SIALKOT","DASKA","TEHSIL","BALOCHI",40,16,24,NA,23,8,15,NA,17,8,9,NA
"PUNJAB","GUJRANWALA","SIALKOT","DASKA","TEHSIL","BALTI",6,2,4,NA,4,2,2,NA,2,NA,2,NA
"PUNJAB","GUJRANWALA","SIALKOT","DASKA","TEHSIL","BRAHVI",2,NA,2,NA,2,NA,2,NA,NA,NA,NA,NA
"PUNJAB","GUJRANWALA","SIALKOT","DASKA","TEHSIL","HINDKO",201,98,103,NA,164,80,84,NA,37,18,19,NA
"PUNJAB","GUJRANWALA","SIALKOT","DASKA","TEHSIL","KALASHA",23,13,10,NA,23,13,10,NA,NA,NA,NA,NA
"PUNJAB","GUJRANWALA","SIALKOT","DASKA","TEHSIL","KASHMIRI",49,21,28,NA,41,18,23,NA,8,3,5,NA
"PUNJAB","GUJRANWALA","SIALKOT","DASKA","TEHSIL","KOHIOSTANI",11,6,5,NA,11,6,5,NA,NA,NA,NA,NA
"PUNJAB","GUJRANWALA","SIALKOT","DASKA","TEHSIL","MEWATI",45995,22383,23612,NA,45862,22316,23546,NA,133,67,66,NA
"PUNJAB","GUJRANWALA","SIALKOT","DASKA","TEHSIL","OTHERS",223,106,117,NA,163,82,81,NA,60,24,36,NA
"PUNJAB","GUJRANWALA","SIALKOT","DASKA","TEHSIL","PUNJABI",883846,436355,447372,119,652715,322651,329996,68,231131,113704,117376,51
"PUNJAB","GUJRANWALA","SIALKOT","DASKA","TEHSIL","PUSHTO",6567,3073,3494,NA,3509,1667,1842,NA,3058,1406,1652,NA
"PUNJAB","GUJRANWALA","SIALKOT","DASKA","TEHSIL","SARAIKI",2087,836,1251,NA,2011,807,1204,NA,76,29,47,NA
"PUNJAB","GUJRANWALA","SIALKOT","DASKA","TEHSIL","SHINA",33,13,20,NA,11,4,7,NA,22,9,13,NA
"PUNJAB","GUJRANWALA","SIALKOT","DASKA","TEHSIL","SINDHI",1648,870,778,NA,1198,625,573,NA,450,245,205,NA
"PUNJAB","GUJRANWALA","SIALKOT","DASKA","TEHSIL","TOTAL",980495,483522,496850,123,721177,356043,365065,69,259318,127479,131785,54
"PUNJAB","GUJRANWALA","SIALKOT","DASKA","TEHSIL","URDU",39764,19730,20030,4,15440,7764,7675,1,24324,11966,12355,3
"PUNJAB","SAHIWAL","OKARA","DEPALPUR","TEHSIL","BALOCHI",53,24,29,NA,29,12,17,NA,24,12,12,NA
"PUNJAB","SAHIWAL","OKARA","DEPALPUR","TEHSIL","BALTI",10,4,6,NA,1,NA,1,NA,9,4,5,NA
"PUNJAB","SAHIWAL","OKARA","DEPALPUR","TEHSIL","BRAHVI",NA,NA,NA,NA,NA,NA,NA,NA,NA,NA,NA,NA
"PUNJAB","SAHIWAL","OKARA","DEPALPUR","TEHSIL","HINDKO",14,7,7,NA,2,NA,2,NA,12,7,5,NA
"PUNJAB","SAHIWAL","OKARA","DEPALPUR","TEHSIL","KALASHA",7,5,2,NA,5,4,1,NA,2,1,1,NA
"PUNJAB","SAHIWAL","OKARA","DEPALPUR","TEHSIL","KASHMIRI",9,4,5,NA,6,3,3,NA,3,1,2,NA
"PUNJAB","SAHIWAL","OKARA","DEPALPUR","TEHSIL","KOHIOSTANI",12,6,6,NA,NA,NA,NA,NA,12,6,6,NA
"PUNJAB","SAHIWAL","OKARA","DEPALPUR","TEHSIL","MEWATI",10487,5153,5334,NA,10144,4978,5166,NA,343,175,168,NA
"PUNJAB","SAHIWAL","OKARA","DEPALPUR","TEHSIL","OTHERS",118,51,67,NA,65,29,36,NA,53,22,31,NA
"PUNJAB","SAHIWAL","OKARA","DEPALPUR","TEHSIL","PUNJABI",1545161,757766,787259,136,1101551,538527,562987,37,443610,219239,224272,99
"PUNJAB","SAHIWAL","OKARA","DEPALPUR","TEHSIL","PUSHTO",3912,1925,1987,NA,1862,929,933,NA,2050,996,1054,NA
"PUNJAB","SAHIWAL","OKARA","DEPALPUR","TEHSIL","SARAIKI",180,85,95,NA,139,66,73,NA,41,19,22,NA
"PUNJAB","SAHIWAL","OKARA","DEPALPUR","TEHSIL","SHINA",NA,NA,NA,NA,NA,NA,NA,NA,NA,NA,NA,NA
"PUNJAB","SAHIWAL","OKARA","DEPALPUR","TEHSIL","SINDHI",2818,1474,1343,1,1912,1002,910,NA,906,472,433,1
"PUNJAB","SAHIWAL","OKARA","DEPALPUR","TEHSIL","TOTAL",1592201,781186,810875,140,1130731,552929,577765,37,461470,228257,233110,103
"PUNJAB","SAHIWAL","OKARA","DEPALPUR","TEHSIL","URDU",29420,14682,14735,3,15015,7379,7636,NA,14405,7303,7099,3
"PUNJAB","DERA GHAZI KHAN","DERA GHAZI KHAN","DERA GHAZI KHAN","TEHSIL","BALOCHI",116551,58277,58274,NA,92200,46404,45796,NA,24351,11873,12478,NA
"PUNJAB","DERA GHAZI KHAN","DERA GHAZI KHAN","DERA GHAZI KHAN","TEHSIL","BALTI",3,NA,3,NA,NA,NA,NA,NA,3,NA,3,NA
"PUNJAB","DERA GHAZI KHAN","DERA GHAZI KHAN","DERA GHAZI KHAN","TEHSIL","BRAHVI",20,9,11,NA,8,3,5,NA,12,6,6,NA
"PUNJAB","DERA GHAZI KHAN","DERA GHAZI KHAN","DERA GHAZI KHAN","TEHSIL","HINDKO",194,98,96,NA,106,48,58,NA,88,50,38,NA
"PUNJAB","DERA GHAZI KHAN","DERA GHAZI KHAN","DERA GHAZI KHAN","TEHSIL","KALASHA",2,2,NA,NA,2,2,NA,NA,NA,NA,NA,NA
"PUNJAB","DERA GHAZI KHAN","DERA GHAZI KHAN","DERA GHAZI KHAN","TEHSIL","KASHMIRI",520,247,273,NA,383,175,208,NA,137,72,65,NA
"PUNJAB","DERA GHAZI KHAN","DERA GHAZI KHAN","DERA GHAZI KHAN","TEHSIL","KOHIOSTANI",NA,NA,NA,NA,NA,NA,NA,NA,NA,NA,NA,NA
"PUNJAB","DERA GHAZI KHAN","DERA GHAZI KHAN","DERA GHAZI KHAN","TEHSIL","MEWATI",29,15,14,NA,NA,NA,NA,NA,29,15,14,NA
"PUNJAB","DERA GHAZI KHAN","DERA GHAZI KHAN","DERA GHAZI KHAN","TEHSIL","OTHERS",335,176,159,NA,34,20,14,NA,301,156,145,NA
"PUNJAB","DERA GHAZI KHAN","DERA GHAZI KHAN","DERA GHAZI KHAN","TEHSIL","PUNJABI",7974,3971,4003,NA,2556,1225,1331,NA,5418,2746,2672,NA
"PUNJAB","DERA GHAZI KHAN","DERA GHAZI KHAN","DERA GHAZI KHAN","TEHSIL","PUSHTO",5721,2689,3032,NA,2524,1208,1316,NA,3197,1481,1716,NA
"PUNJAB","DERA GHAZI KHAN","DERA GHAZI KHAN","DERA GHAZI KHAN","TEHSIL","SARAIKI",1234429,613540,620838,51,809542,404333,405197,12,424887,209207,215641,39
"PUNJAB","DERA GHAZI KHAN","DERA GHAZI KHAN","DERA GHAZI KHAN","TEHSIL","SHINA",5,3,2,NA,5,3,2,NA,NA,NA,NA,NA
"PUNJAB","DERA GHAZI KHAN","DERA GHAZI KHAN","DERA GHAZI KHAN","TEHSIL","SINDHI",1026,499,527,NA,953,470,483,NA,73,29,44,NA
"PUNJAB","DERA GHAZI KHAN","DERA GHAZI KHAN","DERA GHAZI KHAN","TEHSIL","TOTAL",1436937,714235,722648,54,913542,456408,457122,12,523395,257827,265526,42
"PUNJAB","DERA GHAZI KHAN","DERA GHAZI KHAN","DERA GHAZI KHAN","TEHSIL","URDU",70128,34709,35416,3,5229,2517,2712,NA,64899,32192,32704,3
"PUNJAB","RAWALPINDI","JHELUM","DINA","TEHSIL","BALOCHI",205,74,131,NA,46,4,42,NA,159,70,89,NA
"PUNJAB","RAWALPINDI","JHELUM","DINA","TEHSIL","BALTI",37,12,25,NA,1,NA,1,NA,36,12,24,NA
"PUNJAB","RAWALPINDI","JHELUM","DINA","TEHSIL","BRAHVI",10,4,6,NA,NA,NA,NA,NA,10,4,6,NA
"PUNJAB","RAWALPINDI","JHELUM","DINA","TEHSIL","HINDKO",433,174,259,NA,28,13,15,NA,405,161,244,NA
"PUNJAB","RAWALPINDI","JHELUM","DINA","TEHSIL","KALASHA",5,NA,5,NA,NA,NA,NA,NA,5,NA,5,NA
"PUNJAB","RAWALPINDI","JHELUM","DINA","TEHSIL","KASHMIRI",480,218,262,NA,250,127,123,NA,230,91,139,NA
"PUNJAB","RAWALPINDI","JHELUM","DINA","TEHSIL","KOHIOSTANI",29,14,15,NA,29,14,15,NA,NA,NA,NA,NA
"PUNJAB","RAWALPINDI","JHELUM","DINA","TEHSIL","MEWATI",2,1,1,NA,NA,NA,NA,NA,2,1,1,NA
"PUNJAB","RAWALPINDI","JHELUM","DINA","TEHSIL","OTHERS",407,190,217,NA,290,145,145,NA,117,45,72,NA
"PUNJAB","RAWALPINDI","JHELUM","DINA","TEHSIL","PUNJABI",242655,117921,124691,43,161048,78732,82315,1,81607,39189,42376,42
"PUNJAB","RAWALPINDI","JHELUM","DINA","TEHSIL","PUSHTO",11510,5176,6334,NA,3581,1628,1953,NA,7929,3548,4381,NA
"PUNJAB","RAWALPINDI","JHELUM","DINA","TEHSIL","SARAIKI",1095,415,680,NA,506,181,325,NA,589,234,355,NA
"PUNJAB","RAWALPINDI","JHELUM","DINA","TEHSIL","SHINA",50,21,29,NA,5,4,1,NA,45,17,28,NA
"PUNJAB","RAWALPINDI","JHELUM","DINA","TEHSIL","SINDHI",1577,552,1025,NA,657,185,472,NA,920,367,553,NA
"PUNJAB","RAWALPINDI","JHELUM","DINA","TEHSIL","TOTAL",269927,130385,139497,45,170935,83333,87601,1,98992,47052,51896,44
"PUNJAB","RAWALPINDI","JHELUM","DINA","TEHSIL","URDU",11432,5613,5817,2,4494,2300,2194,NA,6938,3313,3623,2
"PUNJAB","MULTAN","LODHRAN","DUNYAPUR","TEHSIL","BALOCHI",150,67,83,NA,149,66,83,NA,1,1,NA,NA
"PUNJAB","MULTAN","LODHRAN","DUNYAPUR","TEHSIL","BALTI",NA,NA,NA,NA,NA,NA,NA,NA,NA,NA,NA,NA
"PUNJAB","MULTAN","LODHRAN","DUNYAPUR","TEHSIL","BRAHVI",233,113,120,NA,233,113,120,NA,NA,NA,NA,NA
"PUNJAB","MULTAN","LODHRAN","DUNYAPUR","TEHSIL","HINDKO",4436,2252,2184,NA,4411,2241,2170,NA,25,11,14,NA
"PUNJAB","MULTAN","LODHRAN","DUNYAPUR","TEHSIL","KALASHA",NA,NA,NA,NA,NA,NA,NA,NA,NA,NA,NA,NA
"PUNJAB","MULTAN","LODHRAN","DUNYAPUR","TEHSIL","KASHMIRI",138,78,60,NA,125,71,54,NA,13,7,6,NA
"PUNJAB","MULTAN","LODHRAN","DUNYAPUR","TEHSIL","KOHIOSTANI",NA,NA,NA,NA,NA,NA,NA,NA,NA,NA,NA,NA
"PUNJAB","MULTAN","LODHRAN","DUNYAPUR","TEHSIL","MEWATI",2519,1246,1273,NA,751,368,383,NA,1768,878,890,NA
"PUNJAB","MULTAN","LODHRAN","DUNYAPUR","TEHSIL","OTHERS",8737,4335,4402,NA,8507,4227,4280,NA,230,108,122,NA
"PUNJAB","MULTAN","LODHRAN","DUNYAPUR","TEHSIL","PUNJABI",197497,96099,101385,13,175470,85415,90051,4,22027,10684,11334,9
"PUNJAB","MULTAN","LODHRAN","DUNYAPUR","TEHSIL","PUSHTO",1056,508,548,NA,1018,493,525,NA,38,15,23,NA
"PUNJAB","MULTAN","LODHRAN","DUNYAPUR","TEHSIL","SARAIKI",338044,163251,174786,7,319804,154318,165482,4,18240,8933,9304,3
"PUNJAB","MULTAN","LODHRAN","DUNYAPUR","TEHSIL","SHINA",1,1,NA,NA,NA,NA,NA,NA,1,1,NA,NA
"PUNJAB","MULTAN","LODHRAN","DUNYAPUR","TEHSIL","SINDHI",339,181,158,NA,303,160,143,NA,36,21,15,NA
"PUNJAB","MULTAN","LODHRAN","DUNYAPUR","TEHSIL","TOTAL",571328,276973,294328,27,519440,251657,267772,11,51888,25316,26556,16
"PUNJAB","MULTAN","LODHRAN","DUNYAPUR","TEHSIL","URDU",18178,8842,9329,7,8669,4185,4481,3,9509,4657,4848,4
"PUNJAB","FAISALABAD","FAISALABAD","FAISALABAD CITY","TEHSIL","BALOCHI",731,306,425,NA,NA,NA,NA,NA,731,306,425,NA
"PUNJAB","FAISALABAD","FAISALABAD","FAISALABAD CITY","TEHSIL","BALTI",162,41,121,NA,NA,NA,NA,NA,162,41,121,NA
"PUNJAB","FAISALABAD","FAISALABAD","FAISALABAD CITY","TEHSIL","BRAHVI",4,1,3,NA,NA,NA,NA,NA,4,1,3,NA
"PUNJAB","FAISALABAD","FAISALABAD","FAISALABAD CITY","TEHSIL","HINDKO",740,239,501,NA,NA,NA,NA,NA,740,239,501,NA
"PUNJAB","FAISALABAD","FAISALABAD","FAISALABAD CITY","TEHSIL","KALASHA",2,NA,1,1,NA,NA,NA,NA,2,NA,1,1
"PUNJAB","FAISALABAD","FAISALABAD","FAISALABAD CITY","TEHSIL","KASHMIRI",714,254,460,NA,NA,NA,NA,NA,714,254,460,NA
"PUNJAB","FAISALABAD","FAISALABAD","FAISALABAD CITY","TEHSIL","KOHIOSTANI",28,10,18,NA,NA,NA,NA,NA,28,10,18,NA
"PUNJAB","FAISALABAD","FAISALABAD","FAISALABAD CITY","TEHSIL","MEWATI",133,58,75,NA,NA,NA,NA,NA,133,58,75,NA
"PUNJAB","FAISALABAD","FAISALABAD","FAISALABAD CITY","TEHSIL","OTHERS",617,293,324,NA,NA,NA,NA,NA,617,293,324,NA
"PUNJAB","FAISALABAD","FAISALABAD","FAISALABAD CITY","TEHSIL","PUNJABI",3345617,1596374,1748767,476,NA,NA,NA,NA,3345617,1596374,1748767,476
"PUNJAB","FAISALABAD","FAISALABAD","FAISALABAD CITY","TEHSIL","PUSHTO",30547,13487,17059,1,NA,NA,NA,NA,30547,13487,17059,1
"PUNJAB","FAISALABAD","FAISALABAD","FAISALABAD CITY","TEHSIL","SARAIKI",4314,1637,2677,NA,NA,NA,NA,NA,4314,1637,2677,NA
"PUNJAB","FAISALABAD","FAISALABAD","FAISALABAD CITY","TEHSIL","SHINA",41,5,36,NA,NA,NA,NA,NA,41,5,36,NA
"PUNJAB","FAISALABAD","FAISALABAD","FAISALABAD CITY","TEHSIL","SINDHI",8052,4147,3904,1,NA,NA,NA,NA,8052,4147,3904,1
"PUNJAB","FAISALABAD","FAISALABAD","FAISALABAD CITY","TEHSIL","TOTAL",3682036,1756934,1924504,598,NA,NA,NA,NA,3682036,1756934,1924504,598
"PUNJAB","FAISALABAD","FAISALABAD","FAISALABAD CITY","TEHSIL","URDU",290334,140082,150133,119,NA,NA,NA,NA,290334,140082,150133,119
"PUNJAB","FAISALABAD","FAISALABAD","FAISALABAD SADAR","TEHSIL","BALOCHI",179,62,117,NA,176,61,115,NA,3,1,2,NA
"PUNJAB","FAISALABAD","FAISALABAD","FAISALABAD SADAR","TEHSIL","BALTI",15,6,9,NA,15,6,9,NA,NA,NA,NA,NA
"PUNJAB","FAISALABAD","FAISALABAD","FAISALABAD SADAR","TEHSIL","BRAHVI",2,1,1,NA,2,1,1,NA,NA,NA,NA,NA
"PUNJAB","FAISALABAD","FAISALABAD","FAISALABAD SADAR","TEHSIL","HINDKO",83,38,45,NA,82,38,44,NA,1,NA,1,NA
"PUNJAB","FAISALABAD","FAISALABAD","FAISALABAD SADAR","TEHSIL","KALASHA",NA,NA,NA,NA,NA,NA,NA,NA,NA,NA,NA,NA
"PUNJAB","FAISALABAD","FAISALABAD","FAISALABAD SADAR","TEHSIL","KASHMIRI",56,28,28,NA,56,28,28,NA,NA,NA,NA,NA
"PUNJAB","FAISALABAD","FAISALABAD","FAISALABAD SADAR","TEHSIL","KOHIOSTANI",12,2,10,NA,12,2,10,NA,NA,NA,NA,NA
"PUNJAB","FAISALABAD","FAISALABAD","FAISALABAD SADAR","TEHSIL","MEWATI",24,11,13,NA,24,11,13,NA,NA,NA,NA,NA
"PUNJAB","FAISALABAD","FAISALABAD","FAISALABAD SADAR","TEHSIL","OTHERS",277,126,151,NA,274,124,150,NA,3,2,1,NA
"PUNJAB","FAISALABAD","FAISALABAD","FAISALABAD SADAR","TEHSIL","PUNJABI",1669245,800017,869121,107,1573473,753326,820043,104,95772,46691,49078,3
"PUNJAB","FAISALABAD","FAISALABAD","FAISALABAD SADAR","TEHSIL","PUSHTO",12076,5526,6550,NA,11716,5367,6349,NA,360,159,201,NA
"PUNJAB","FAISALABAD","FAISALABAD","FAISALABAD SADAR","TEHSIL","SARAIKI",1929,652,1277,NA,1921,648,1273,NA,8,4,4,NA
"PUNJAB","FAISALABAD","FAISALABAD","FAISALABAD SADAR","TEHSIL","SHINA",19,11,8,NA,19,11,8,NA,NA,NA,NA,NA
"PUNJAB","FAISALABAD","FAISALABAD","FAISALABAD SADAR","TEHSIL","SINDHI",3405,1741,1664,NA,3199,1625,1574,NA,206,116,90,NA
"PUNJAB","FAISALABAD","FAISALABAD","FAISALABAD SADAR","TEHSIL","TOTAL",1742958,835448,907402,108,1646024,788168,857751,105,96934,47280,49651,3
"PUNJAB","FAISALABAD","FAISALABAD","FAISALABAD SADAR","TEHSIL","URDU",55636,27227,28408,1,55055,26920,28134,1,581,307,274,NA
"PUNJAB","RAWALPINDI","ATTOCK","FATEH JANG","TEHSIL","BALOCHI",91,44,47,NA,59,28,31,NA,32,16,16,NA
"PUNJAB","RAWALPINDI","ATTOCK","FATEH JANG","TEHSIL","BALTI",37,17,20,NA,37,17,20,NA,NA,NA,NA,NA
"PUNJAB","RAWALPINDI","ATTOCK","FATEH JANG","TEHSIL","BRAHVI",2,NA,2,NA,2,NA,2,NA,NA,NA,NA,NA
"PUNJAB","RAWALPINDI","ATTOCK","FATEH JANG","TEHSIL","HINDKO",2693,1343,1350,NA,2549,1268,1281,NA,144,75,69,NA
"PUNJAB","RAWALPINDI","ATTOCK","FATEH JANG","TEHSIL","KALASHA",11,7,4,NA,11,7,4,NA,NA,NA,NA,NA
"PUNJAB","RAWALPINDI","ATTOCK","FATEH JANG","TEHSIL","KASHMIRI",1431,687,744,NA,1326,639,687,NA,105,48,57,NA
"PUNJAB","RAWALPINDI","ATTOCK","FATEH JANG","TEHSIL","KOHIOSTANI",377,188,189,NA,369,185,184,NA,8,3,5,NA
"PUNJAB","RAWALPINDI","ATTOCK","FATEH JANG","TEHSIL","MEWATI",NA,NA,NA,NA,NA,NA,NA,NA,NA,NA,NA,NA
"PUNJAB","RAWALPINDI","ATTOCK","FATEH JANG","TEHSIL","OTHERS",909,412,497,NA,905,411,494,NA,4,1,3,NA
"PUNJAB","RAWALPINDI","ATTOCK","FATEH JANG","TEHSIL","PUNJABI",317585,157431,160137,17,254420,126228,128187,5,63165,31203,31950,12
"PUNJAB","RAWALPINDI","ATTOCK","FATEH JANG","TEHSIL","PUSHTO",46200,22759,23441,NA,30296,14829,15467,NA,15904,7930,7974,NA
"PUNJAB","RAWALPINDI","ATTOCK","FATEH JANG","TEHSIL","SARAIKI",990,304,686,NA,889,260,629,NA,101,44,57,NA
"PUNJAB","RAWALPINDI","ATTOCK","FATEH JANG","TEHSIL","SHINA",163,81,82,NA,71,40,31,NA,92,41,51,NA
"PUNJAB","RAWALPINDI","ATTOCK","FATEH JANG","TEHSIL","SINDHI",1225,653,572,NA,1145,605,540,NA,80,48,32,NA
"PUNJAB","RAWALPINDI","ATTOCK","FATEH JANG","TEHSIL","TOTAL",374726,185426,189283,17,293405,145137,148263,5,81321,40289,41020,12
"PUNJAB","RAWALPINDI","ATTOCK","FATEH JANG","TEHSIL","URDU",3012,1500,1512,NA,1326,620,706,NA,1686,880,806,NA
"PUNJAB","LAHORE","SHEIKHUPURA","FEROZEWALA","TEHSIL","BALOCHI",250,121,129,NA,85,42,43,NA,165,79,86,NA
"PUNJAB","LAHORE","SHEIKHUPURA","FEROZEWALA","TEHSIL","BALTI",24,11,13,NA,15,8,7,NA,9,3,6,NA
"PUNJAB","LAHORE","SHEIKHUPURA","FEROZEWALA","TEHSIL","BRAHVI",503,245,258,NA,502,244,258,NA,1,1,NA,NA
"PUNJAB","LAHORE","SHEIKHUPURA","FEROZEWALA","TEHSIL","HINDKO",1231,607,623,1,897,449,448,NA,334,158,175,1
"PUNJAB","LAHORE","SHEIKHUPURA","FEROZEWALA","TEHSIL","KALASHA",5,3,2,NA,1,1,NA,NA,4,2,2,NA
"PUNJAB","LAHORE","SHEIKHUPURA","FEROZEWALA","TEHSIL","KASHMIRI",961,473,488,NA,428,208,220,NA,533,265,268,NA
"PUNJAB","LAHORE","SHEIKHUPURA","FEROZEWALA","TEHSIL","KOHIOSTANI",28,15,13,NA,27,15,12,NA,1,NA,1,NA
"PUNJAB","LAHORE","SHEIKHUPURA","FEROZEWALA","TEHSIL","MEWATI",193,85,107,1,155,72,83,NA,38,13,24,1
"PUNJAB","LAHORE","SHEIKHUPURA","FEROZEWALA","TEHSIL","OTHERS",184,89,95,NA,71,33,38,NA,113,56,57,NA
"PUNJAB","LAHORE","SHEIKHUPURA","FEROZEWALA","TEHSIL","PUNJABI",898393,430799,467292,302,602589,290336,312033,220,295804,140463,155259,82
"PUNJAB","LAHORE","SHEIKHUPURA","FEROZEWALA","TEHSIL","PUSHTO",25943,12321,13619,3,12859,6190,6668,1,13084,6131,6951,2
"PUNJAB","LAHORE","SHEIKHUPURA","FEROZEWALA","TEHSIL","SARAIKI",1265,575,690,NA,883,405,478,NA,382,170,212,NA
"PUNJAB","LAHORE","SHEIKHUPURA","FEROZEWALA","TEHSIL","SHINA",9,3,6,NA,8,3,5,NA,1,NA,1,NA
"PUNJAB","LAHORE","SHEIKHUPURA","FEROZEWALA","TEHSIL","SINDHI",1913,1002,910,1,1274,655,618,1,639,347,292,NA
"PUNJAB","LAHORE","SHEIKHUPURA","FEROZEWALA","TEHSIL","TOTAL",997246,477796,519127,323,657978,317069,340675,234,339268,160727,178452,89
"PUNJAB","LAHORE","SHEIKHUPURA","FEROZEWALA","TEHSIL","URDU",66344,31447,34882,15,38184,18408,19764,12,28160,13039,15118,3
"PUNJAB","BAHAWALPUR","BAHAWALNAGAR","FORT ABBAS","TEHSIL","BALOCHI",77,36,41,NA,77,36,41,NA,NA,NA,NA,NA
"PUNJAB","BAHAWALPUR","BAHAWALNAGAR","FORT ABBAS","TEHSIL","BALTI",NA,NA,NA,NA,NA,NA,NA,NA,NA,NA,NA,NA
"PUNJAB","BAHAWALPUR","BAHAWALNAGAR","FORT ABBAS","TEHSIL","BRAHVI",2,1,1,NA,2,1,1,NA,NA,NA,NA,NA
"PUNJAB","BAHAWALPUR","BAHAWALNAGAR","FORT ABBAS","TEHSIL","HINDKO",783,386,397,NA,776,383,393,NA,7,3,4,NA
"PUNJAB","BAHAWALPUR","BAHAWALNAGAR","FORT ABBAS","TEHSIL","KALASHA",NA,NA,NA,NA,NA,NA,NA,NA,NA,NA,NA,NA
"PUNJAB","BAHAWALPUR","BAHAWALNAGAR","FORT ABBAS","TEHSIL","KASHMIRI",29,15,14,NA,20,12,8,NA,9,3,6,NA
"PUNJAB","BAHAWALPUR","BAHAWALNAGAR","FORT ABBAS","TEHSIL","KOHIOSTANI",1,NA,1,NA,1,NA,1,NA,NA,NA,NA,NA
"PUNJAB","BAHAWALPUR","BAHAWALNAGAR","FORT ABBAS","TEHSIL","MEWATI",32,13,19,NA,25,10,15,NA,7,3,4,NA
"PUNJAB","BAHAWALPUR","BAHAWALNAGAR","FORT ABBAS","TEHSIL","OTHERS",290,119,171,NA,278,114,164,NA,12,5,7,NA
"PUNJAB","BAHAWALPUR","BAHAWALNAGAR","FORT ABBAS","TEHSIL","PUNJABI",458043,218908,239105,30,326971,156507,170458,6,131072,62401,68647,24
"PUNJAB","BAHAWALPUR","BAHAWALNAGAR","FORT ABBAS","TEHSIL","PUSHTO",2049,930,1119,NA,1889,864,1025,NA,160,66,94,NA
"PUNJAB","BAHAWALPUR","BAHAWALNAGAR","FORT ABBAS","TEHSIL","SARAIKI",45907,22124,23783,NA,44490,21500,22990,NA,1417,624,793,NA
"PUNJAB","BAHAWALPUR","BAHAWALNAGAR","FORT ABBAS","TEHSIL","SHINA",NA,NA,NA,NA,NA,NA,NA,NA,NA,NA,NA,NA
"PUNJAB","BAHAWALPUR","BAHAWALNAGAR","FORT ABBAS","TEHSIL","SINDHI",619,308,310,1,436,224,212,NA,183,84,98,1
"PUNJAB","BAHAWALPUR","BAHAWALNAGAR","FORT ABBAS","TEHSIL","TOTAL",509974,243865,266077,32,375999,180124,195869,6,133975,63741,70208,26
"PUNJAB","BAHAWALPUR","BAHAWALNAGAR","FORT ABBAS","TEHSIL","URDU",2142,1025,1116,1,1034,473,561,NA,1108,552,555,1
"PUNJAB","FAISALABAD","TOBA TEK SINGH","GOJRA","TEHSIL","BALOCHI",251,110,141,NA,234,102,132,NA,17,8,9,NA
"PUNJAB","FAISALABAD","TOBA TEK SINGH","GOJRA","TEHSIL","BALTI",3,NA,3,NA,NA,NA,NA,NA,3,NA,3,NA
"PUNJAB","FAISALABAD","TOBA TEK SINGH","GOJRA","TEHSIL","BRAHVI",NA,NA,NA,NA,NA,NA,NA,NA,NA,NA,NA,NA
"PUNJAB","FAISALABAD","TOBA TEK SINGH","GOJRA","TEHSIL","HINDKO",19,7,12,NA,17,5,12,NA,2,2,NA,NA
"PUNJAB","FAISALABAD","TOBA TEK SINGH","GOJRA","TEHSIL","KALASHA",NA,NA,NA,NA,NA,NA,NA,NA,NA,NA,NA,NA
"PUNJAB","FAISALABAD","TOBA TEK SINGH","GOJRA","TEHSIL","KASHMIRI",24,13,11,NA,21,13,8,NA,3,NA,3,NA
"PUNJAB","FAISALABAD","TOBA TEK SINGH","GOJRA","TEHSIL","KOHIOSTANI",NA,NA,NA,NA,NA,NA,NA,NA,NA,NA,NA,NA
"PUNJAB","FAISALABAD","TOBA TEK SINGH","GOJRA","TEHSIL","MEWATI",1,1,NA,NA,NA,NA,NA,NA,1,1,NA,NA
"PUNJAB","FAISALABAD","TOBA TEK SINGH","GOJRA","TEHSIL","OTHERS",259,129,130,NA,245,121,124,NA,14,8,6,NA
"PUNJAB","FAISALABAD","TOBA TEK SINGH","GOJRA","TEHSIL","PUNJABI",724565,352199,372322,44,524025,254809,269206,10,200540,97390,103116,34
"PUNJAB","FAISALABAD","TOBA TEK SINGH","GOJRA","TEHSIL","PUSHTO",2070,973,1097,NA,1712,810,902,NA,358,163,195,NA
"PUNJAB","FAISALABAD","TOBA TEK SINGH","GOJRA","TEHSIL","SARAIKI",720,336,384,NA,670,319,351,NA,50,17,33,NA
"PUNJAB","FAISALABAD","TOBA TEK SINGH","GOJRA","TEHSIL","SHINA",1,1,NA,NA,1,1,NA,NA,NA,NA,NA,NA
"PUNJAB","FAISALABAD","TOBA TEK SINGH","GOJRA","TEHSIL","SINDHI",1688,938,750,NA,1271,711,560,NA,417,227,190,NA
"PUNJAB","FAISALABAD","TOBA TEK SINGH","GOJRA","TEHSIL","TOTAL",755579,367557,387978,44,541230,263306,277914,10,214349,104251,110064,34
"PUNJAB","FAISALABAD","TOBA TEK SINGH","GOJRA","TEHSIL","URDU",25978,12850,13128,NA,13034,6415,6619,NA,12944,6435,6509,NA
"PUNJAB","RAWALPINDI","RAWALPINDI","GUJAR KHAN","TEHSIL","BALOCHI",102,41,61,NA,79,30,49,NA,23,11,12,NA
"PUNJAB","RAWALPINDI","RAWALPINDI","GUJAR KHAN","TEHSIL","BALTI",98,47,51,NA,86,40,46,NA,12,7,5,NA
"PUNJAB","RAWALPINDI","RAWALPINDI","GUJAR KHAN","TEHSIL","BRAHVI",1,1,NA,NA,1,1,NA,NA,NA,NA,NA,NA
"PUNJAB","RAWALPINDI","RAWALPINDI","GUJAR KHAN","TEHSIL","HINDKO",2974,1502,1472,NA,2825,1432,1393,NA,149,70,79,NA
"PUNJAB","RAWALPINDI","RAWALPINDI","GUJAR KHAN","TEHSIL","KALASHA",3,1,2,NA,3,1,2,NA,NA,NA,NA,NA
"PUNJAB","RAWALPINDI","RAWALPINDI","GUJAR KHAN","TEHSIL","KASHMIRI",2383,1231,1152,NA,2226,1150,1076,NA,157,81,76,NA
"PUNJAB","RAWALPINDI","RAWALPINDI","GUJAR KHAN","TEHSIL","KOHIOSTANI",190,93,97,NA,175,83,92,NA,15,10,5,NA
"PUNJAB","RAWALPINDI","RAWALPINDI","GUJAR KHAN","TEHSIL","MEWATI",NA,NA,NA,NA,NA,NA,NA,NA,NA,NA,NA,NA
"PUNJAB","RAWALPINDI","RAWALPINDI","GUJAR KHAN","TEHSIL","OTHERS",93332,47809,45523,NA,83274,42632,40642,NA,10058,5177,4881,NA
"PUNJAB","RAWALPINDI","RAWALPINDI","GUJAR KHAN","TEHSIL","PUNJABI",591311,302230,289007,74,510521,261364,249144,13,80790,40866,39863,61
"PUNJAB","RAWALPINDI","RAWALPINDI","GUJAR KHAN","TEHSIL","PUSHTO",38695,19117,19578,NA,26477,13094,13383,NA,12218,6023,6195,NA
"PUNJAB","RAWALPINDI","RAWALPINDI","GUJAR KHAN","TEHSIL","SARAIKI",2006,853,1153,NA,1734,755,979,NA,272,98,174,NA
"PUNJAB","RAWALPINDI","RAWALPINDI","GUJAR KHAN","TEHSIL","SHINA",105,69,36,NA,86,59,27,NA,19,10,9,NA
"PUNJAB","RAWALPINDI","RAWALPINDI","GUJAR KHAN","TEHSIL","SINDHI",1305,701,604,NA,1018,554,464,NA,287,147,140,NA
"PUNJAB","RAWALPINDI","RAWALPINDI","GUJAR KHAN","TEHSIL","TOTAL",781578,398536,382935,107,651057,332748,318294,15,130521,65788,64641,92
"PUNJAB","RAWALPINDI","RAWALPINDI","GUJAR KHAN","TEHSIL","URDU",49073,24841,24199,33,22552,11553,10997,2,26521,13288,13202,31
"PUNJAB","GUJRANWALA","GUJRANWALA","GUJRANWALA CITY","TEHSIL","BALOCHI",435,197,238,NA,NA,NA,NA,NA,435,197,238,NA
"PUNJAB","GUJRANWALA","GUJRANWALA","GUJRANWALA CITY","TEHSIL","BALTI",22,9,13,NA,NA,NA,NA,NA,22,9,13,NA
"PUNJAB","GUJRANWALA","GUJRANWALA","GUJRANWALA CITY","TEHSIL","BRAHVI",1,NA,1,NA,NA,NA,NA,NA,1,NA,1,NA
"PUNJAB","GUJRANWALA","GUJRANWALA","GUJRANWALA CITY","TEHSIL","HINDKO",801,377,422,2,NA,NA,NA,NA,801,377,422,2
"PUNJAB","GUJRANWALA","GUJRANWALA","GUJRANWALA CITY","TEHSIL","KALASHA",4,1,3,NA,NA,NA,NA,NA,4,1,3,NA
"PUNJAB","GUJRANWALA","GUJRANWALA","GUJRANWALA CITY","TEHSIL","KASHMIRI",2253,1042,1211,NA,NA,NA,NA,NA,2253,1042,1211,NA
"PUNJAB","GUJRANWALA","GUJRANWALA","GUJRANWALA CITY","TEHSIL","KOHIOSTANI",121,42,79,NA,NA,NA,NA,NA,121,42,79,NA
"PUNJAB","GUJRANWALA","GUJRANWALA","GUJRANWALA CITY","TEHSIL","MEWATI",278,127,151,NA,NA,NA,NA,NA,278,127,151,NA
"PUNJAB","GUJRANWALA","GUJRANWALA","GUJRANWALA CITY","TEHSIL","OTHERS",444,201,242,1,NA,NA,NA,NA,444,201,242,1
"PUNJAB","GUJRANWALA","GUJRANWALA","GUJRANWALA CITY","TEHSIL","PUNJABI",2227565,1084587,1142792,186,NA,NA,NA,NA,2227565,1084587,1142792,186
"PUNJAB","GUJRANWALA","GUJRANWALA","GUJRANWALA CITY","TEHSIL","PUSHTO",27839,13106,14731,2,NA,NA,NA,NA,27839,13106,14731,2
"PUNJAB","GUJRANWALA","GUJRANWALA","GUJRANWALA CITY","TEHSIL","SARAIKI",1336,533,802,1,NA,NA,NA,NA,1336,533,802,1
"PUNJAB","GUJRANWALA","GUJRANWALA","GUJRANWALA CITY","TEHSIL","SHINA",13,7,6,NA,NA,NA,NA,NA,13,7,6,NA
"PUNJAB","GUJRANWALA","GUJRANWALA","GUJRANWALA CITY","TEHSIL","SINDHI",6224,3269,2955,NA,NA,NA,NA,NA,6224,3269,2955,NA
"PUNJAB","GUJRANWALA","GUJRANWALA","GUJRANWALA CITY","TEHSIL","TOTAL",2510883,1220437,1290236,210,NA,NA,NA,NA,2510883,1220437,1290236,210
"PUNJAB","GUJRANWALA","GUJRANWALA","GUJRANWALA CITY","TEHSIL","URDU",243547,116939,126590,18,NA,NA,NA,NA,243547,116939,126590,18
"PUNJAB","GUJRANWALA","GUJRANWALA","GUJRANWALA SADDAR","TEHSIL","BALOCHI",253,135,118,NA,64,31,33,NA,189,104,85,NA
"PUNJAB","GUJRANWALA","GUJRANWALA","GUJRANWALA SADDAR","TEHSIL","BALTI",44,23,21,NA,6,4,2,NA,38,19,19,NA
"PUNJAB","GUJRANWALA","GUJRANWALA","GUJRANWALA SADDAR","TEHSIL","BRAHVI",16,7,9,NA,1,NA,1,NA,15,7,8,NA
"PUNJAB","GUJRANWALA","GUJRANWALA","GUJRANWALA SADDAR","TEHSIL","HINDKO",409,210,199,NA,93,38,55,NA,316,172,144,NA
"PUNJAB","GUJRANWALA","GUJRANWALA","GUJRANWALA SADDAR","TEHSIL","KALASHA",10,2,8,NA,10,2,8,NA,NA,NA,NA,NA
"PUNJAB","GUJRANWALA","GUJRANWALA","GUJRANWALA SADDAR","TEHSIL","KASHMIRI",5456,2690,2766,NA,4158,2019,2139,NA,1298,671,627,NA
"PUNJAB","GUJRANWALA","GUJRANWALA","GUJRANWALA SADDAR","TEHSIL","KOHIOSTANI",38,20,18,NA,5,2,3,NA,33,18,15,NA
"PUNJAB","GUJRANWALA","GUJRANWALA","GUJRANWALA SADDAR","TEHSIL","MEWATI",76,44,32,NA,35,23,12,NA,41,21,20,NA
"PUNJAB","GUJRANWALA","GUJRANWALA","GUJRANWALA SADDAR","TEHSIL","OTHERS",305,143,162,NA,162,74,88,NA,143,69,74,NA
"PUNJAB","GUJRANWALA","GUJRANWALA","GUJRANWALA SADDAR","TEHSIL","PUNJABI",1044417,516988,527391,38,736358,364013,372318,27,308059,152975,155073,11
"PUNJAB","GUJRANWALA","GUJRANWALA","GUJRANWALA SADDAR","TEHSIL","PUSHTO",6738,3225,3513,NA,3677,1730,1947,NA,3061,1495,1566,NA
"PUNJAB","GUJRANWALA","GUJRANWALA","GUJRANWALA SADDAR","TEHSIL","SARAIKI",1667,724,943,NA,978,414,564,NA,689,310,379,NA
"PUNJAB","GUJRANWALA","GUJRANWALA","GUJRANWALA SADDAR","TEHSIL","SHINA",42,17,25,NA,NA,NA,NA,NA,42,17,25,NA
"PUNJAB","GUJRANWALA","GUJRANWALA","GUJRANWALA SADDAR","TEHSIL","SINDHI",3530,1853,1677,NA,1626,885,741,NA,1904,968,936,NA
"PUNJAB","GUJRANWALA","GUJRANWALA","GUJRANWALA SADDAR","TEHSIL","TOTAL",1114167,551752,562374,41,770919,381200,389691,28,343248,170552,172683,13
"PUNJAB","GUJRANWALA","GUJRANWALA","GUJRANWALA SADDAR","TEHSIL","URDU",51166,25671,25492,3,23746,11965,11780,1,27420,13706,13712,2
"PUNJAB","GUJRANWALA","GUJRAT","GUJRAT","TEHSIL","BALOCHI",418,167,251,NA,186,60,126,NA,232,107,125,NA
"PUNJAB","GUJRANWALA","GUJRAT","GUJRAT","TEHSIL","BALTI",21,9,12,NA,9,6,3,NA,12,3,9,NA
"PUNJAB","GUJRANWALA","GUJRAT","GUJRAT","TEHSIL","BRAHVI",3,1,2,NA,2,1,1,NA,1,NA,1,NA
"PUNJAB","GUJRANWALA","GUJRAT","GUJRAT","TEHSIL","HINDKO",303,151,152,NA,54,28,26,NA,249,123,126,NA
"PUNJAB","GUJRANWALA","GUJRAT","GUJRAT","TEHSIL","KALASHA",2,2,NA,NA,1,1,NA,NA,1,1,NA,NA
"PUNJAB","GUJRANWALA","GUJRAT","GUJRAT","TEHSIL","KASHMIRI",794,395,399,NA,487,246,241,NA,307,149,158,NA
"PUNJAB","GUJRANWALA","GUJRAT","GUJRAT","TEHSIL","KOHIOSTANI",938,452,486,NA,152,74,78,NA,786,378,408,NA
"PUNJAB","GUJRANWALA","GUJRAT","GUJRAT","TEHSIL","MEWATI",16,9,7,NA,NA,NA,NA,NA,16,9,7,NA
"PUNJAB","GUJRANWALA","GUJRAT","GUJRAT","TEHSIL","OTHERS",1348,650,698,NA,349,168,181,NA,999,482,517,NA
"PUNJAB","GUJRANWALA","GUJRAT","GUJRAT","TEHSIL","PUNJABI",1629951,815501,814363,87,787492,395514,391962,16,842459,419987,422401,71
"PUNJAB","GUJRANWALA","GUJRAT","GUJRAT","TEHSIL","PUSHTO",33974,16132,17841,1,8491,3997,4494,NA,25483,12135,13347,1
"PUNJAB","GUJRANWALA","GUJRAT","GUJRAT","TEHSIL","SARAIKI",6011,2674,3337,NA,2597,1168,1429,NA,3414,1506,1908,NA
"PUNJAB","GUJRANWALA","GUJRAT","GUJRAT","TEHSIL","SHINA",104,41,63,NA,12,7,5,NA,92,34,58,NA
"PUNJAB","GUJRANWALA","GUJRAT","GUJRAT","TEHSIL","SINDHI",3777,1927,1850,NA,1542,827,715,NA,2235,1100,1135,NA
"PUNJAB","GUJRANWALA","GUJRAT","GUJRAT","TEHSIL","TOTAL",1744046,872564,871388,94,812767,408353,404398,16,931279,464211,466990,78
"PUNJAB","GUJRANWALA","GUJRAT","GUJRAT","TEHSIL","URDU",66386,34453,31927,6,11393,6256,5137,NA,54993,28197,26790,6
"PUNJAB","GUJRANWALA","HAFIZABAD","HAFIZABAD","TEHSIL","BALOCHI",51,26,25,NA,16,6,10,NA,35,20,15,NA
"PUNJAB","GUJRANWALA","HAFIZABAD","HAFIZABAD","TEHSIL","BALTI",NA,NA,NA,NA,NA,NA,NA,NA,NA,NA,NA,NA
"PUNJAB","GUJRANWALA","HAFIZABAD","HAFIZABAD","TEHSIL","BRAHVI",NA,NA,NA,NA,NA,NA,NA,NA,NA,NA,NA,NA
"PUNJAB","GUJRANWALA","HAFIZABAD","HAFIZABAD","TEHSIL","HINDKO",57,15,42,NA,30,4,26,NA,27,11,16,NA
"PUNJAB","GUJRANWALA","HAFIZABAD","HAFIZABAD","TEHSIL","KALASHA",NA,NA,NA,NA,NA,NA,NA,NA,NA,NA,NA,NA
"PUNJAB","GUJRANWALA","HAFIZABAD","HAFIZABAD","TEHSIL","KASHMIRI",2824,1417,1407,NA,2779,1393,1386,NA,45,24,21,NA
"PUNJAB","GUJRANWALA","HAFIZABAD","HAFIZABAD","TEHSIL","KOHIOSTANI",64,34,30,NA,63,34,29,NA,1,NA,1,NA
"PUNJAB","GUJRANWALA","HAFIZABAD","HAFIZABAD","TEHSIL","MEWATI",7,3,4,NA,3,1,2,NA,4,2,2,NA
"PUNJAB","GUJRANWALA","HAFIZABAD","HAFIZABAD","TEHSIL","OTHERS",61,32,29,NA,27,15,12,NA,34,17,17,NA
"PUNJAB","GUJRANWALA","HAFIZABAD","HAFIZABAD","TEHSIL","PUNJABI",724060,357595,366432,33,401930,198760,203162,8,322130,158835,163270,25
"PUNJAB","GUJRANWALA","HAFIZABAD","HAFIZABAD","TEHSIL","PUSHTO",3037,1409,1628,NA,1280,604,676,NA,1757,805,952,NA
"PUNJAB","GUJRANWALA","HAFIZABAD","HAFIZABAD","TEHSIL","SARAIKI",284,141,142,1,218,106,111,1,66,35,31,NA
"PUNJAB","GUJRANWALA","HAFIZABAD","HAFIZABAD","TEHSIL","SHINA",7,5,2,NA,4,2,2,NA,3,3,NA,NA
"PUNJAB","GUJRANWALA","HAFIZABAD","HAFIZABAD","TEHSIL","SINDHI",1125,585,540,NA,611,346,265,NA,514,239,275,NA
"PUNJAB","GUJRANWALA","HAFIZABAD","HAFIZABAD","TEHSIL","TOTAL",760900,375749,385117,34,418156,206854,211293,9,342744,168895,173824,25
"PUNJAB","GUJRANWALA","HAFIZABAD","HAFIZABAD","TEHSIL","URDU",29323,14487,14836,NA,11195,5583,5612,NA,18128,8904,9224,NA
"PUNJAB","BAHAWALPUR","BAHAWALNAGAR","HAROONABAD","TEHSIL","BALOCHI",23,8,15,NA,18,6,12,NA,5,2,3,NA
"PUNJAB","BAHAWALPUR","BAHAWALNAGAR","HAROONABAD","TEHSIL","BALTI",NA,NA,NA,NA,NA,NA,NA,NA,NA,NA,NA,NA
"PUNJAB","BAHAWALPUR","BAHAWALNAGAR","HAROONABAD","TEHSIL","BRAHVI",NA,NA,NA,NA,NA,NA,NA,NA,NA,NA,NA,NA
"PUNJAB","BAHAWALPUR","BAHAWALNAGAR","HAROONABAD","TEHSIL","HINDKO",56,23,33,NA,50,21,29,NA,6,2,4,NA
"PUNJAB","BAHAWALPUR","BAHAWALNAGAR","HAROONABAD","TEHSIL","KALASHA",NA,NA,NA,NA,NA,NA,NA,NA,NA,NA,NA,NA
"PUNJAB","BAHAWALPUR","BAHAWALNAGAR","HAROONABAD","TEHSIL","KASHMIRI",2,1,1,NA,1,NA,1,NA,1,1,NA,NA
"PUNJAB","BAHAWALPUR","BAHAWALNAGAR","HAROONABAD","TEHSIL","KOHIOSTANI",NA,NA,NA,NA,NA,NA,NA,NA,NA,NA,NA,NA
"PUNJAB","BAHAWALPUR","BAHAWALNAGAR","HAROONABAD","TEHSIL","MEWATI",17,8,9,NA,17,8,9,NA,NA,NA,NA,NA
"PUNJAB","BAHAWALPUR","BAHAWALNAGAR","HAROONABAD","TEHSIL","OTHERS",236,116,120,NA,172,86,86,NA,64,30,34,NA
"PUNJAB","BAHAWALPUR","BAHAWALNAGAR","HAROONABAD","TEHSIL","PUNJABI",581981,281034,300859,88,388975,188279,200683,13,193006,92755,100176,75
"PUNJAB","BAHAWALPUR","BAHAWALNAGAR","HAROONABAD","TEHSIL","PUSHTO",4866,2385,2481,NA,3534,1749,1785,NA,1332,636,696,NA
"PUNJAB","BAHAWALPUR","BAHAWALNAGAR","HAROONABAD","TEHSIL","SARAIKI",2107,1008,1098,1,1890,910,980,NA,217,98,118,1
"PUNJAB","BAHAWALPUR","BAHAWALNAGAR","HAROONABAD","TEHSIL","SHINA",NA,NA,NA,NA,NA,NA,NA,NA,NA,NA,NA,NA
"PUNJAB","BAHAWALPUR","BAHAWALNAGAR","HAROONABAD","TEHSIL","SINDHI",815,454,361,NA,602,338,264,NA,213,116,97,NA
"PUNJAB","BAHAWALPUR","BAHAWALNAGAR","HAROONABAD","TEHSIL","TOTAL",614987,297346,317548,93,403740,195545,208182,13,211247,101801,109366,80
"PUNJAB","BAHAWALPUR","BAHAWALNAGAR","HAROONABAD","TEHSIL","URDU",24884,12309,12571,4,8481,4148,4333,NA,16403,8161,8238,4
"PUNJAB","RAWALPINDI","ATTOCK","HASAN ABDAL","TEHSIL","BALOCHI",262,122,140,NA,204,96,108,NA,58,26,32,NA
"PUNJAB","RAWALPINDI","ATTOCK","HASAN ABDAL","TEHSIL","BALTI",9,7,2,NA,9,7,2,NA,NA,NA,NA,NA
"PUNJAB","RAWALPINDI","ATTOCK","HASAN ABDAL","TEHSIL","BRAHVI",18,10,8,NA,15,7,8,NA,3,3,NA,NA
"PUNJAB","RAWALPINDI","ATTOCK","HASAN ABDAL","TEHSIL","HINDKO",46312,23338,22973,1,40453,20353,20100,NA,5859,2985,2873,1
"PUNJAB","RAWALPINDI","ATTOCK","HASAN ABDAL","TEHSIL","KALASHA",NA,NA,NA,NA,NA,NA,NA,NA,NA,NA,NA,NA
"PUNJAB","RAWALPINDI","ATTOCK","HASAN ABDAL","TEHSIL","KASHMIRI",995,473,522,NA,489,227,262,NA,506,246,260,NA
"PUNJAB","RAWALPINDI","ATTOCK","HASAN ABDAL","TEHSIL","KOHIOSTANI",1166,578,588,NA,741,371,370,NA,425,207,218,NA
"PUNJAB","RAWALPINDI","ATTOCK","HASAN ABDAL","TEHSIL","MEWATI",NA,NA,NA,NA,NA,NA,NA,NA,NA,NA,NA,NA
"PUNJAB","RAWALPINDI","ATTOCK","HASAN ABDAL","TEHSIL","OTHERS",1156,556,600,NA,943,458,485,NA,213,98,115,NA
"PUNJAB","RAWALPINDI","ATTOCK","HASAN ABDAL","TEHSIL","PUNJABI",147391,72073,75307,11,106381,52249,54131,1,41010,19824,21176,10
"PUNJAB","RAWALPINDI","ATTOCK","HASAN ABDAL","TEHSIL","PUSHTO",46693,22535,24158,NA,31396,15088,16308,NA,15297,7447,7850,NA
"PUNJAB","RAWALPINDI","ATTOCK","HASAN ABDAL","TEHSIL","SARAIKI",755,337,418,NA,411,192,219,NA,344,145,199,NA
"PUNJAB","RAWALPINDI","ATTOCK","HASAN ABDAL","TEHSIL","SHINA",196,113,83,NA,195,113,82,NA,1,NA,1,NA
"PUNJAB","RAWALPINDI","ATTOCK","HASAN ABDAL","TEHSIL","SINDHI",1182,606,576,NA,314,170,144,NA,868,436,432,NA
"PUNJAB","RAWALPINDI","ATTOCK","HASAN ABDAL","TEHSIL","TOTAL",253435,124439,128983,13,184082,90592,93489,1,69353,33847,35494,12
"PUNJAB","RAWALPINDI","ATTOCK","HASAN ABDAL","TEHSIL","URDU",7300,3691,3608,1,2531,1261,1270,NA,4769,2430,2338,1
"PUNJAB","BAHAWALPUR","BAHAWALPUR","HASILPUR","TEHSIL","BALOCHI",130,64,66,NA,91,49,42,NA,39,15,24,NA
"PUNJAB","BAHAWALPUR","BAHAWALPUR","HASILPUR","TEHSIL","BALTI",NA,NA,NA,NA,NA,NA,NA,NA,NA,NA,NA,NA
"PUNJAB","BAHAWALPUR","BAHAWALPUR","HASILPUR","TEHSIL","BRAHVI",4,2,2,NA,NA,NA,NA,NA,4,2,2,NA
"PUNJAB","BAHAWALPUR","BAHAWALPUR","HASILPUR","TEHSIL","HINDKO",99,51,48,NA,32,12,20,NA,67,39,28,NA
"PUNJAB","BAHAWALPUR","BAHAWALPUR","HASILPUR","TEHSIL","KALASHA",NA,NA,NA,NA,NA,NA,NA,NA,NA,NA,NA,NA
"PUNJAB","BAHAWALPUR","BAHAWALPUR","HASILPUR","TEHSIL","KASHMIRI",85,41,44,NA,55,22,33,NA,30,19,11,NA
"PUNJAB","BAHAWALPUR","BAHAWALPUR","HASILPUR","TEHSIL","KOHIOSTANI",NA,NA,NA,NA,NA,NA,NA,NA,NA,NA,NA,NA
"PUNJAB","BAHAWALPUR","BAHAWALPUR","HASILPUR","TEHSIL","MEWATI",22,7,15,NA,NA,NA,NA,NA,22,7,15,NA
"PUNJAB","BAHAWALPUR","BAHAWALPUR","HASILPUR","TEHSIL","OTHERS",2409,1199,1210,NA,2105,1047,1058,NA,304,152,152,NA
"PUNJAB","BAHAWALPUR","BAHAWALPUR","HASILPUR","TEHSIL","PUNJABI",288631,145257,143348,26,168322,84782,83537,3,120309,60475,59811,23
"PUNJAB","BAHAWALPUR","BAHAWALPUR","HASILPUR","TEHSIL","PUSHTO",1444,641,803,NA,976,450,526,NA,468,191,277,NA
"PUNJAB","BAHAWALPUR","BAHAWALPUR","HASILPUR","TEHSIL","SARAIKI",196723,97310,99401,12,136973,67747,69222,4,59750,29563,30179,8
"PUNJAB","BAHAWALPUR","BAHAWALPUR","HASILPUR","TEHSIL","SHINA",NA,NA,NA,NA,NA,NA,NA,NA,NA,NA,NA,NA
"PUNJAB","BAHAWALPUR","BAHAWALPUR","HASILPUR","TEHSIL","SINDHI",1324,689,635,NA,1109,565,544,NA,215,124,91,NA
"PUNJAB","BAHAWALPUR","BAHAWALPUR","HASILPUR","TEHSIL","TOTAL",506604,253133,253429,42,310921,155294,155620,7,195683,97839,97809,35
"PUNJAB","BAHAWALPUR","BAHAWALPUR","HASILPUR","TEHSIL","URDU",15733,7872,7857,4,1258,620,638,NA,14475,7252,7219,4
"PUNJAB","RAWALPINDI","ATTOCK","HAZRO","TEHSIL","BALOCHI",139,62,77,NA,134,59,75,NA,5,3,2,NA
"PUNJAB","RAWALPINDI","ATTOCK","HAZRO","TEHSIL","BALTI",2,NA,2,NA,2,NA,2,NA,NA,NA,NA,NA
"PUNJAB","RAWALPINDI","ATTOCK","HAZRO","TEHSIL","BRAHVI",85,45,40,NA,62,38,24,NA,23,7,16,NA
"PUNJAB","RAWALPINDI","ATTOCK","HAZRO","TEHSIL","HINDKO",232153,116250,115901,2,187039,93680,93359,NA,45114,22570,22542,2
"PUNJAB","RAWALPINDI","ATTOCK","HAZRO","TEHSIL","KALASHA",2,1,1,NA,2,1,1,NA,NA,NA,NA,NA
"PUNJAB","RAWALPINDI","ATTOCK","HAZRO","TEHSIL","KASHMIRI",656,298,358,NA,513,226,287,NA,143,72,71,NA
"PUNJAB","RAWALPINDI","ATTOCK","HAZRO","TEHSIL","KOHIOSTANI",3730,1888,1842,NA,2095,1049,1046,NA,1635,839,796,NA
"PUNJAB","RAWALPINDI","ATTOCK","HAZRO","TEHSIL","MEWATI",1,NA,1,NA,NA,NA,NA,NA,1,NA,1,NA
"PUNJAB","RAWALPINDI","ATTOCK","HAZRO","TEHSIL","OTHERS",1573,777,796,NA,1321,661,660,NA,252,116,136,NA
"PUNJAB","RAWALPINDI","ATTOCK","HAZRO","TEHSIL","PUNJABI",50740,24752,25986,2,46770,22860,23908,2,3970,1892,2078,NA
"PUNJAB","RAWALPINDI","ATTOCK","HAZRO","TEHSIL","PUSHTO",93550,45544,48006,NA,82518,40207,42311,NA,11032,5337,5695,NA
"PUNJAB","RAWALPINDI","ATTOCK","HAZRO","TEHSIL","SARAIKI",592,272,320,NA,551,261,290,NA,41,11,30,NA
"PUNJAB","RAWALPINDI","ATTOCK","HAZRO","TEHSIL","SHINA",131,66,65,NA,88,44,44,NA,43,22,21,NA
"PUNJAB","RAWALPINDI","ATTOCK","HAZRO","TEHSIL","SINDHI",322,162,160,NA,318,160,158,NA,4,2,2,NA
"PUNJAB","RAWALPINDI","ATTOCK","HAZRO","TEHSIL","TOTAL",386544,191525,195013,6,323572,160314,163256,2,62972,31211,31757,4
"PUNJAB","RAWALPINDI","ATTOCK","HAZRO","TEHSIL","URDU",2868,1408,1458,2,2159,1068,1091,NA,709,340,367,2
"PUNJAB","SARGODHA","MIANWALI","ISAKHEL","TEHSIL","BALOCHI",182,98,84,NA,172,93,79,NA,10,5,5,NA
"PUNJAB","SARGODHA","MIANWALI","ISAKHEL","TEHSIL","BALTI",NA,NA,NA,NA,NA,NA,NA,NA,NA,NA,NA,NA
"PUNJAB","SARGODHA","MIANWALI","ISAKHEL","TEHSIL","BRAHVI",3,3,NA,NA,1,1,NA,NA,2,2,NA,NA
"PUNJAB","SARGODHA","MIANWALI","ISAKHEL","TEHSIL","HINDKO",4649,2249,2400,NA,3453,1650,1803,NA,1196,599,597,NA
"PUNJAB","SARGODHA","MIANWALI","ISAKHEL","TEHSIL","KALASHA",NA,NA,NA,NA,NA,NA,NA,NA,NA,NA,NA,NA
"PUNJAB","SARGODHA","MIANWALI","ISAKHEL","TEHSIL","KASHMIRI",93,47,46,NA,61,29,32,NA,32,18,14,NA
"PUNJAB","SARGODHA","MIANWALI","ISAKHEL","TEHSIL","KOHIOSTANI",4,2,2,NA,NA,NA,NA,NA,4,2,2,NA
"PUNJAB","SARGODHA","MIANWALI","ISAKHEL","TEHSIL","MEWATI",NA,NA,NA,NA,NA,NA,NA,NA,NA,NA,NA,NA
"PUNJAB","SARGODHA","MIANWALI","ISAKHEL","TEHSIL","OTHERS",25,15,10,NA,16,10,6,NA,9,5,4,NA
"PUNJAB","SARGODHA","MIANWALI","ISAKHEL","TEHSIL","PUNJABI",8410,3963,4447,NA,6667,3130,3537,NA,1743,833,910,NA
"PUNJAB","SARGODHA","MIANWALI","ISAKHEL","TEHSIL","PUSHTO",153299,78223,75068,8,141167,71972,69193,2,12132,6251,5875,6
"PUNJAB","SARGODHA","MIANWALI","ISAKHEL","TEHSIL","SARAIKI",246683,122609,124071,3,167633,82900,84733,NA,79050,39709,39338,3
"PUNJAB","SARGODHA","MIANWALI","ISAKHEL","TEHSIL","SHINA",6,3,3,NA,NA,NA,NA,NA,6,3,3,NA
"PUNJAB","SARGODHA","MIANWALI","ISAKHEL","TEHSIL","SINDHI",65,32,33,NA,59,28,31,NA,6,4,2,NA
"PUNJAB","SARGODHA","MIANWALI","ISAKHEL","TEHSIL","TOTAL",414091,207613,206467,11,319550,159983,159565,2,94541,47630,46902,9
"PUNJAB","SARGODHA","MIANWALI","ISAKHEL","TEHSIL","URDU",672,369,303,NA,321,170,151,NA,351,199,152,NA
"PUNJAB","MULTAN","KHANEWAL","JAHANIAN","TEHSIL","BALOCHI",84,41,43,NA,70,34,36,NA,14,7,7,NA
"PUNJAB","MULTAN","KHANEWAL","JAHANIAN","TEHSIL","BALTI",NA,NA,NA,NA,NA,NA,NA,NA,NA,NA,NA,NA
"PUNJAB","MULTAN","KHANEWAL","JAHANIAN","TEHSIL","BRAHVI",1,1,NA,NA,1,1,NA,NA,NA,NA,NA,NA
"PUNJAB","MULTAN","KHANEWAL","JAHANIAN","TEHSIL","HINDKO",566,267,299,NA,515,246,269,NA,51,21,30,NA
"PUNJAB","MULTAN","KHANEWAL","JAHANIAN","TEHSIL","KALASHA",NA,NA,NA,NA,NA,NA,NA,NA,NA,NA,NA,NA
"PUNJAB","MULTAN","KHANEWAL","JAHANIAN","TEHSIL","KASHMIRI",72,38,34,NA,71,37,34,NA,1,1,NA,NA
"PUNJAB","MULTAN","KHANEWAL","JAHANIAN","TEHSIL","KOHIOSTANI",NA,NA,NA,NA,NA,NA,NA,NA,NA,NA,NA,NA
"PUNJAB","MULTAN","KHANEWAL","JAHANIAN","TEHSIL","MEWATI",1170,583,587,NA,995,500,495,NA,175,83,92,NA
"PUNJAB","MULTAN","KHANEWAL","JAHANIAN","TEHSIL","OTHERS",6844,3389,3454,1,6492,3210,3282,NA,352,179,172,1
"PUNJAB","MULTAN","KHANEWAL","JAHANIAN","TEHSIL","PUNJABI",191900,94082,97798,20,156776,76780,79983,13,35124,17302,17815,7
"PUNJAB","MULTAN","KHANEWAL","JAHANIAN","TEHSIL","PUSHTO",11672,5760,5911,1,10874,5374,5499,1,798,386,412,NA
"PUNJAB","MULTAN","KHANEWAL","JAHANIAN","TEHSIL","SARAIKI",144402,70761,73632,9,137767,67551,70211,5,6635,3210,3421,4
"PUNJAB","MULTAN","KHANEWAL","JAHANIAN","TEHSIL","SHINA",NA,NA,NA,NA,NA,NA,NA,NA,NA,NA,NA,NA
"PUNJAB","MULTAN","KHANEWAL","JAHANIAN","TEHSIL","SINDHI",402,217,185,NA,329,173,156,NA,73,44,29,NA
"PUNJAB","MULTAN","KHANEWAL","JAHANIAN","TEHSIL","TOTAL",384758,188756,195971,31,334488,164049,170420,19,50270,24707,25551,12
"PUNJAB","MULTAN","KHANEWAL","JAHANIAN","TEHSIL","URDU",27645,13617,14028,NA,20598,10143,10455,NA,7047,3474,3573,NA
"PUNJAB","MULTAN","MULTAN","JALALPUR PIRWALA","TEHSIL","BALOCHI",35,21,14,NA,26,16,10,NA,9,5,4,NA
"PUNJAB","MULTAN","MULTAN","JALALPUR PIRWALA","TEHSIL","BALTI",NA,NA,NA,NA,NA,NA,NA,NA,NA,NA,NA,NA
"PUNJAB","MULTAN","MULTAN","JALALPUR PIRWALA","TEHSIL","BRAHVI",NA,NA,NA,NA,NA,NA,NA,NA,NA,NA,NA,NA
"PUNJAB","MULTAN","MULTAN","JALALPUR PIRWALA","TEHSIL","HINDKO",138,84,54,NA,117,71,46,NA,21,13,8,NA
"PUNJAB","MULTAN","MULTAN","JALALPUR PIRWALA","TEHSIL","KALASHA",1,1,NA,NA,1,1,NA,NA,NA,NA,NA,NA
"PUNJAB","MULTAN","MULTAN","JALALPUR PIRWALA","TEHSIL","KASHMIRI",188,99,89,NA,157,83,74,NA,31,16,15,NA
"PUNJAB","MULTAN","MULTAN","JALALPUR PIRWALA","TEHSIL","KOHIOSTANI",1,1,NA,NA,1,1,NA,NA,NA,NA,NA,NA
"PUNJAB","MULTAN","MULTAN","JALALPUR PIRWALA","TEHSIL","MEWATI",1779,865,914,NA,1746,850,896,NA,33,15,18,NA
"PUNJAB","MULTAN","MULTAN","JALALPUR PIRWALA","TEHSIL","OTHERS",1664,828,836,NA,1644,816,828,NA,20,12,8,NA
"PUNJAB","MULTAN","MULTAN","JALALPUR PIRWALA","TEHSIL","PUNJABI",13285,6628,6657,NA,10067,5032,5035,NA,3218,1596,1622,NA
"PUNJAB","MULTAN","MULTAN","JALALPUR PIRWALA","TEHSIL","PUSHTO",1182,571,611,NA,875,417,458,NA,307,154,153,NA
"PUNJAB","MULTAN","MULTAN","JALALPUR PIRWALA","TEHSIL","SARAIKI",571744,285537,286186,21,496621,248185,248426,10,75123,37352,37760,11
"PUNJAB","MULTAN","MULTAN","JALALPUR PIRWALA","TEHSIL","SHINA",NA,NA,NA,NA,NA,NA,NA,NA,NA,NA,NA,NA
"PUNJAB","MULTAN","MULTAN","JALALPUR PIRWALA","TEHSIL","SINDHI",18,9,9,NA,12,5,7,NA,6,4,2,NA
"PUNJAB","MULTAN","MULTAN","JALALPUR PIRWALA","TEHSIL","TOTAL",608174,303760,304393,21,518714,259173,259531,10,89460,44587,44862,11
"PUNJAB","MULTAN","MULTAN","JALALPUR PIRWALA","TEHSIL","URDU",18139,9116,9023,NA,7447,3696,3751,NA,10692,5420,5272,NA
"PUNJAB","DERA GHAZI KHAN","RAJANPUR","JAMPUR","TEHSIL","BALOCHI",88485,43216,45269,NA,79116,38581,40535,NA,9369,4635,4734,NA
"PUNJAB","DERA GHAZI KHAN","RAJANPUR","JAMPUR","TEHSIL","BALTI",NA,NA,NA,NA,NA,NA,NA,NA,NA,NA,NA,NA
"PUNJAB","DERA GHAZI KHAN","RAJANPUR","JAMPUR","TEHSIL","BRAHVI",6,3,3,NA,6,3,3,NA,NA,NA,NA,NA
"PUNJAB","DERA GHAZI KHAN","RAJANPUR","JAMPUR","TEHSIL","HINDKO",175,89,86,NA,141,73,68,NA,34,16,18,NA
"PUNJAB","DERA GHAZI KHAN","RAJANPUR","JAMPUR","TEHSIL","KALASHA",NA,NA,NA,NA,NA,NA,NA,NA,NA,NA,NA,NA
"PUNJAB","DERA GHAZI KHAN","RAJANPUR","JAMPUR","TEHSIL","KASHMIRI",296,171,125,NA,212,129,83,NA,84,42,42,NA
"PUNJAB","DERA GHAZI KHAN","RAJANPUR","JAMPUR","TEHSIL","KOHIOSTANI",NA,NA,NA,NA,NA,NA,NA,NA,NA,NA,NA,NA
"PUNJAB","DERA GHAZI KHAN","RAJANPUR","JAMPUR","TEHSIL","MEWATI",1399,688,711,NA,12,9,3,NA,1387,679,708,NA
"PUNJAB","DERA GHAZI KHAN","RAJANPUR","JAMPUR","TEHSIL","OTHERS",116,58,58,NA,31,12,19,NA,85,46,39,NA
"PUNJAB","DERA GHAZI KHAN","RAJANPUR","JAMPUR","TEHSIL","PUNJABI",10596,5274,5322,NA,7101,3560,3541,NA,3495,1714,1781,NA
"PUNJAB","DERA GHAZI KHAN","RAJANPUR","JAMPUR","TEHSIL","PUSHTO",3766,1808,1958,NA,2246,1051,1195,NA,1520,757,763,NA
"PUNJAB","DERA GHAZI KHAN","RAJANPUR","JAMPUR","TEHSIL","SARAIKI",879811,437085,442652,74,614056,304878,309175,3,265755,132207,133477,71
"PUNJAB","DERA GHAZI KHAN","RAJANPUR","JAMPUR","TEHSIL","SHINA",NA,NA,NA,NA,NA,NA,NA,NA,NA,NA,NA,NA
"PUNJAB","DERA GHAZI KHAN","RAJANPUR","JAMPUR","TEHSIL","SINDHI",246,131,115,NA,186,100,86,NA,60,31,29,NA
"PUNJAB","DERA GHAZI KHAN","RAJANPUR","JAMPUR","TEHSIL","TOTAL",1011499,501912,509507,80,706867,350384,356480,3,304632,151528,153027,77
"PUNJAB","DERA GHAZI KHAN","RAJANPUR","JAMPUR","TEHSIL","URDU",26603,13389,13208,6,3760,1988,1772,NA,22843,11401,11436,6
"PUNJAB","RAWALPINDI","ATTOCK","JAND","TEHSIL","BALOCHI",146,56,90,NA,127,49,78,NA,19,7,12,NA
"PUNJAB","RAWALPINDI","ATTOCK","JAND","TEHSIL","BALTI",53,24,29,NA,36,22,14,NA,17,2,15,NA
"PUNJAB","RAWALPINDI","ATTOCK","JAND","TEHSIL","BRAHVI",NA,NA,NA,NA,NA,NA,NA,NA,NA,NA,NA,NA
"PUNJAB","RAWALPINDI","ATTOCK","JAND","TEHSIL","HINDKO",1236,644,592,NA,620,316,304,NA,616,328,288,NA
"PUNJAB","RAWALPINDI","ATTOCK","JAND","TEHSIL","KALASHA",1,NA,1,NA,NA,NA,NA,NA,1,NA,1,NA
"PUNJAB","RAWALPINDI","ATTOCK","JAND","TEHSIL","KASHMIRI",264,107,157,NA,147,47,100,NA,117,60,57,NA
"PUNJAB","RAWALPINDI","ATTOCK","JAND","TEHSIL","KOHIOSTANI",85,15,70,NA,85,15,70,NA,NA,NA,NA,NA
"PUNJAB","RAWALPINDI","ATTOCK","JAND","TEHSIL","MEWATI",NA,NA,NA,NA,NA,NA,NA,NA,NA,NA,NA,NA
"PUNJAB","RAWALPINDI","ATTOCK","JAND","TEHSIL","OTHERS",28,12,16,NA,24,9,15,NA,4,3,1,NA
"PUNJAB","RAWALPINDI","ATTOCK","JAND","TEHSIL","PUNJABI",271744,137571,134167,6,230352,116607,113743,2,41392,20964,20424,4
"PUNJAB","RAWALPINDI","ATTOCK","JAND","TEHSIL","PUSHTO",54488,27844,26643,1,41031,21013,20017,1,13457,6831,6626,NA
"PUNJAB","RAWALPINDI","ATTOCK","JAND","TEHSIL","SARAIKI",297,111,186,NA,151,52,99,NA,146,59,87,NA
"PUNJAB","RAWALPINDI","ATTOCK","JAND","TEHSIL","SHINA",147,66,81,NA,145,64,81,NA,2,2,NA,NA
"PUNJAB","RAWALPINDI","ATTOCK","JAND","TEHSIL","SINDHI",456,240,216,NA,393,203,190,NA,63,37,26,NA
"PUNJAB","RAWALPINDI","ATTOCK","JAND","TEHSIL","TOTAL",330328,167439,162882,7,274074,138913,135158,3,56254,28526,27724,4
"PUNJAB","RAWALPINDI","ATTOCK","JAND","TEHSIL","URDU",1383,749,634,NA,963,516,447,NA,420,233,187,NA
"PUNJAB","FAISALABAD","FAISALABAD","JARANWALA","TEHSIL","BALOCHI",380,173,207,NA,364,167,197,NA,16,6,10,NA
"PUNJAB","FAISALABAD","FAISALABAD","JARANWALA","TEHSIL","BALTI",1,NA,1,NA,NA,NA,NA,NA,1,NA,1,NA
"PUNJAB","FAISALABAD","FAISALABAD","JARANWALA","TEHSIL","BRAHVI",50,20,30,NA,15,6,9,NA,35,14,21,NA
"PUNJAB","FAISALABAD","FAISALABAD","JARANWALA","TEHSIL","HINDKO",384,158,226,NA,355,144,211,NA,29,14,15,NA
"PUNJAB","FAISALABAD","FAISALABAD","JARANWALA","TEHSIL","KALASHA",1,1,NA,NA,1,1,NA,NA,NA,NA,NA,NA
"PUNJAB","FAISALABAD","FAISALABAD","JARANWALA","TEHSIL","KASHMIRI",103,36,67,NA,82,33,49,NA,21,3,18,NA
"PUNJAB","FAISALABAD","FAISALABAD","JARANWALA","TEHSIL","KOHIOSTANI",1,1,NA,NA,1,1,NA,NA,NA,NA,NA,NA
"PUNJAB","FAISALABAD","FAISALABAD","JARANWALA","TEHSIL","MEWATI",17,7,10,NA,13,4,9,NA,4,3,1,NA
"PUNJAB","FAISALABAD","FAISALABAD","JARANWALA","TEHSIL","OTHERS",194,72,122,NA,144,63,81,NA,50,9,41,NA
"PUNJAB","FAISALABAD","FAISALABAD","JARANWALA","TEHSIL","PUNJABI",1646396,787851,858429,116,1398520,670360,728071,89,247876,117491,130358,27
"PUNJAB","FAISALABAD","FAISALABAD","JARANWALA","TEHSIL","PUSHTO",6729,3016,3713,NA,5315,2382,2933,NA,1414,634,780,NA
"PUNJAB","FAISALABAD","FAISALABAD","JARANWALA","TEHSIL","SARAIKI",34236,16083,18153,NA,33445,15727,17718,NA,791,356,435,NA
"PUNJAB","FAISALABAD","FAISALABAD","JARANWALA","TEHSIL","SHINA",9,NA,9,NA,9,NA,9,NA,NA,NA,NA,NA
"PUNJAB","FAISALABAD","FAISALABAD","JARANWALA","TEHSIL","SINDHI",4188,2084,2104,NA,3583,1770,1813,NA,605,314,291,NA
"PUNJAB","FAISALABAD","FAISALABAD","JARANWALA","TEHSIL","TOTAL",1731148,827910,903122,116,1463533,701041,762403,89,267615,126869,140719,27
"PUNJAB","FAISALABAD","FAISALABAD","JARANWALA","TEHSIL","URDU",38459,18408,20051,NA,21686,10383,11303,NA,16773,8025,8748,NA
"PUNJAB","DERA GHAZI KHAN","MUZAFFARGARH","JATOI","TEHSIL","BALOCHI",102,51,51,NA,59,29,30,NA,43,22,21,NA
"PUNJAB","DERA GHAZI KHAN","MUZAFFARGARH","JATOI","TEHSIL","BALTI",2,1,1,NA,1,1,NA,NA,1,NA,1,NA
"PUNJAB","DERA GHAZI KHAN","MUZAFFARGARH","JATOI","TEHSIL","BRAHVI",NA,NA,NA,NA,NA,NA,NA,NA,NA,NA,NA,NA
"PUNJAB","DERA GHAZI KHAN","MUZAFFARGARH","JATOI","TEHSIL","HINDKO",82,39,43,NA,73,33,40,NA,9,6,3,NA
"PUNJAB","DERA GHAZI KHAN","MUZAFFARGARH","JATOI","TEHSIL","KALASHA",2,1,1,NA,2,1,1,NA,NA,NA,NA,NA
"PUNJAB","DERA GHAZI KHAN","MUZAFFARGARH","JATOI","TEHSIL","KASHMIRI",250,108,142,NA,190,85,105,NA,60,23,37,NA
"PUNJAB","DERA GHAZI KHAN","MUZAFFARGARH","JATOI","TEHSIL","KOHIOSTANI",1,NA,1,NA,1,NA,1,NA,NA,NA,NA,NA
"PUNJAB","DERA GHAZI KHAN","MUZAFFARGARH","JATOI","TEHSIL","MEWATI",13,7,6,NA,12,6,6,NA,1,1,NA,NA
"PUNJAB","DERA GHAZI KHAN","MUZAFFARGARH","JATOI","TEHSIL","OTHERS",516,258,258,NA,129,65,64,NA,387,193,194,NA
"PUNJAB","DERA GHAZI KHAN","MUZAFFARGARH","JATOI","TEHSIL","PUNJABI",18252,9034,9216,2,16429,8097,8331,1,1823,937,885,1
"PUNJAB","DERA GHAZI KHAN","MUZAFFARGARH","JATOI","TEHSIL","PUSHTO",991,468,523,NA,719,342,377,NA,272,126,146,NA
"PUNJAB","DERA GHAZI KHAN","MUZAFFARGARH","JATOI","TEHSIL","SARAIKI",822182,405466,416679,37,624658,307329,317309,20,197524,98137,99370,17
"PUNJAB","DERA GHAZI KHAN","MUZAFFARGARH","JATOI","TEHSIL","SHINA",NA,NA,NA,NA,NA,NA,NA,NA,NA,NA,NA,NA
"PUNJAB","DERA GHAZI KHAN","MUZAFFARGARH","JATOI","TEHSIL","SINDHI",91,44,47,NA,71,37,34,NA,20,7,13,NA
"PUNJAB","DERA GHAZI KHAN","MUZAFFARGARH","JATOI","TEHSIL","TOTAL",861713,425150,436523,40,644502,317098,327383,21,217211,108052,109140,19
"PUNJAB","DERA GHAZI KHAN","MUZAFFARGARH","JATOI","TEHSIL","URDU",19229,9673,9555,1,2158,1073,1085,NA,17071,8600,8470,1
"PUNJAB","FAISALABAD","JHANG","JHANG","TEHSIL","BALOCHI",406,188,218,NA,339,163,176,NA,67,25,42,NA
"PUNJAB","FAISALABAD","JHANG","JHANG","TEHSIL","BALTI",NA,NA,NA,NA,NA,NA,NA,NA,NA,NA,NA,NA
"PUNJAB","FAISALABAD","JHANG","JHANG","TEHSIL","BRAHVI",1,NA,1,NA,1,NA,1,NA,NA,NA,NA,NA
"PUNJAB","FAISALABAD","JHANG","JHANG","TEHSIL","HINDKO",1493,740,753,NA,1163,578,585,NA,330,162,168,NA
"PUNJAB","FAISALABAD","JHANG","JHANG","TEHSIL","KALASHA",NA,NA,NA,NA,NA,NA,NA,NA,NA,NA,NA,NA
"PUNJAB","FAISALABAD","JHANG","JHANG","TEHSIL","KASHMIRI",784,384,400,NA,765,373,392,NA,19,11,8,NA
"PUNJAB","FAISALABAD","JHANG","JHANG","TEHSIL","KOHIOSTANI",20,2,18,NA,1,1,NA,NA,19,1,18,NA
"PUNJAB","FAISALABAD","JHANG","JHANG","TEHSIL","MEWATI",NA,NA,NA,NA,NA,NA,NA,NA,NA,NA,NA,NA
"PUNJAB","FAISALABAD","JHANG","JHANG","TEHSIL","OTHERS",1187,590,597,NA,925,455,470,NA,262,135,127,NA
"PUNJAB","FAISALABAD","JHANG","JHANG","TEHSIL","PUNJABI",1505884,725124,780655,105,994648,478583,516048,17,511236,246541,264607,88
"PUNJAB","FAISALABAD","JHANG","JHANG","TEHSIL","PUSHTO",11061,5238,5822,1,7472,3607,3865,NA,3589,1631,1957,1
"PUNJAB","FAISALABAD","JHANG","JHANG","TEHSIL","SARAIKI",861,378,480,3,288,121,164,3,573,257,316,NA
"PUNJAB","FAISALABAD","JHANG","JHANG","TEHSIL","SHINA",NA,NA,NA,NA,NA,NA,NA,NA,NA,NA,NA,NA
"PUNJAB","FAISALABAD","JHANG","JHANG","TEHSIL","SINDHI",2511,1315,1196,NA,1664,867,797,NA,847,448,399,NA
"PUNJAB","FAISALABAD","JHANG","JHANG","TEHSIL","TOTAL",1640676,790594,849966,116,1017583,489836,527727,20,623093,300758,322239,96
"PUNJAB","FAISALABAD","JHANG","JHANG","TEHSIL","URDU",116468,56635,59826,7,10317,5088,5229,NA,106151,51547,54597,7
"PUNJAB","RAWALPINDI","JHELUM","JHELUM","TEHSIL","BALOCHI",288,114,174,NA,11,4,7,NA,277,110,167,NA
"PUNJAB","RAWALPINDI","JHELUM","JHELUM","TEHSIL","BALTI",80,39,41,NA,NA,NA,NA,NA,80,39,41,NA
"PUNJAB","RAWALPINDI","JHELUM","JHELUM","TEHSIL","BRAHVI",1,NA,1,NA,1,NA,1,NA,NA,NA,NA,NA
"PUNJAB","RAWALPINDI","JHELUM","JHELUM","TEHSIL","HINDKO",709,328,381,NA,47,23,24,NA,662,305,357,NA
"PUNJAB","RAWALPINDI","JHELUM","JHELUM","TEHSIL","KALASHA",6,NA,6,NA,NA,NA,NA,NA,6,NA,6,NA
"PUNJAB","RAWALPINDI","JHELUM","JHELUM","TEHSIL","KASHMIRI",740,324,416,NA,46,20,26,NA,694,304,390,NA
"PUNJAB","RAWALPINDI","JHELUM","JHELUM","TEHSIL","KOHIOSTANI",194,95,99,NA,80,46,34,NA,114,49,65,NA
"PUNJAB","RAWALPINDI","JHELUM","JHELUM","TEHSIL","MEWATI",26,12,14,NA,NA,NA,NA,NA,26,12,14,NA
"PUNJAB","RAWALPINDI","JHELUM","JHELUM","TEHSIL","OTHERS",481,200,281,NA,156,78,78,NA,325,122,203,NA
"PUNJAB","RAWALPINDI","JHELUM","JHELUM","TEHSIL","PUNJABI",438985,215225,223733,27,186343,91808,94532,3,252642,123417,129201,24
"PUNJAB","RAWALPINDI","JHELUM","JHELUM","TEHSIL","PUSHTO",17321,8081,9240,NA,4013,1860,2153,NA,13308,6221,7087,NA
"PUNJAB","RAWALPINDI","JHELUM","JHELUM","TEHSIL","SARAIKI",1759,752,1007,NA,150,54,96,NA,1609,698,911,NA
"PUNJAB","RAWALPINDI","JHELUM","JHELUM","TEHSIL","SHINA",115,45,70,NA,7,NA,7,NA,108,45,63,NA
"PUNJAB","RAWALPINDI","JHELUM","JHELUM","TEHSIL","SINDHI",2027,797,1230,NA,333,162,171,NA,1694,635,1059,NA
"PUNJAB","RAWALPINDI","JHELUM","JHELUM","TEHSIL","TOTAL",499032,244139,254864,29,194788,95876,98909,3,304244,148263,155955,26
"PUNJAB","RAWALPINDI","JHELUM","JHELUM","TEHSIL","URDU",36300,18127,18171,2,3601,1821,1780,NA,32699,16306,16391,2
"PUNJAB","MULTAN","KHANEWAL","KABIRWALA","TEHSIL","BALOCHI",60,23,37,NA,38,17,21,NA,22,6,16,NA
"PUNJAB","MULTAN","KHANEWAL","KABIRWALA","TEHSIL","BALTI",12,4,8,NA,NA,NA,NA,NA,12,4,8,NA
"PUNJAB","MULTAN","KHANEWAL","KABIRWALA","TEHSIL","BRAHVI",NA,NA,NA,NA,NA,NA,NA,NA,NA,NA,NA,NA
"PUNJAB","MULTAN","KHANEWAL","KABIRWALA","TEHSIL","HINDKO",160,73,87,NA,55,28,27,NA,105,45,60,NA
"PUNJAB","MULTAN","KHANEWAL","KABIRWALA","TEHSIL","KALASHA",1,1,NA,NA,1,1,NA,NA,NA,NA,NA,NA
"PUNJAB","MULTAN","KHANEWAL","KABIRWALA","TEHSIL","KASHMIRI",200,95,105,NA,153,78,75,NA,47,17,30,NA
"PUNJAB","MULTAN","KHANEWAL","KABIRWALA","TEHSIL","KOHIOSTANI",1,NA,1,NA,1,NA,1,NA,NA,NA,NA,NA
"PUNJAB","MULTAN","KHANEWAL","KABIRWALA","TEHSIL","MEWATI",75,43,32,NA,64,35,29,NA,11,8,3,NA
"PUNJAB","MULTAN","KHANEWAL","KABIRWALA","TEHSIL","OTHERS",14466,6994,7472,NA,14214,6880,7334,NA,252,114,138,NA
"PUNJAB","MULTAN","KHANEWAL","KABIRWALA","TEHSIL","PUNJABI",672449,322133,350181,135,555023,265140,289860,23,117426,56993,60321,112
"PUNJAB","MULTAN","KHANEWAL","KABIRWALA","TEHSIL","PUSHTO",3442,1657,1785,NA,2803,1341,1462,NA,639,316,323,NA
"PUNJAB","MULTAN","KHANEWAL","KABIRWALA","TEHSIL","SARAIKI",369234,177080,192116,38,330787,158287,172489,11,38447,18793,19627,27
"PUNJAB","MULTAN","KHANEWAL","KABIRWALA","TEHSIL","SHINA",NA,NA,NA,NA,NA,NA,NA,NA,NA,NA,NA,NA
"PUNJAB","MULTAN","KHANEWAL","KABIRWALA","TEHSIL","SINDHI",1316,663,653,NA,976,527,449,NA,340,136,204,NA
"PUNJAB","MULTAN","KHANEWAL","KABIRWALA","TEHSIL","TOTAL",1118944,536548,582219,177,938637,448870,489729,38,180307,87678,92490,139
"PUNJAB","MULTAN","KHANEWAL","KABIRWALA","TEHSIL","URDU",57528,27782,29742,4,34522,16536,17982,4,23006,11246,11760,NA
"PUNJAB","MULTAN","LODHRAN","KAHROR PACCA","TEHSIL","BALOCHI",22,12,10,NA,13,7,6,NA,9,5,4,NA
"PUNJAB","MULTAN","LODHRAN","KAHROR PACCA","TEHSIL","BALTI",1,NA,1,NA,1,NA,1,NA,NA,NA,NA,NA
"PUNJAB","MULTAN","LODHRAN","KAHROR PACCA","TEHSIL","BRAHVI",NA,NA,NA,NA,NA,NA,NA,NA,NA,NA,NA,NA
"PUNJAB","MULTAN","LODHRAN","KAHROR PACCA","TEHSIL","HINDKO",86,39,47,NA,63,31,32,NA,23,8,15,NA
"PUNJAB","MULTAN","LODHRAN","KAHROR PACCA","TEHSIL","KALASHA",6,4,2,NA,6,4,2,NA,NA,NA,NA,NA
"PUNJAB","MULTAN","LODHRAN","KAHROR PACCA","TEHSIL","KASHMIRI",175,78,97,NA,140,58,82,NA,35,20,15,NA
"PUNJAB","MULTAN","LODHRAN","KAHROR PACCA","TEHSIL","KOHIOSTANI",4,1,3,NA,3,NA,3,NA,1,1,NA,NA
"PUNJAB","MULTAN","LODHRAN","KAHROR PACCA","TEHSIL","MEWATI",28185,13350,14834,1,25808,12204,13603,1,2377,1146,1231,NA
"PUNJAB","MULTAN","LODHRAN","KAHROR PACCA","TEHSIL","OTHERS",9944,4779,5165,NA,8129,3909,4220,NA,1815,870,945,NA
"PUNJAB","MULTAN","LODHRAN","KAHROR PACCA","TEHSIL","PUNJABI",28834,14080,14750,4,24199,11777,12422,NA,4635,2303,2328,4
"PUNJAB","MULTAN","LODHRAN","KAHROR PACCA","TEHSIL","PUSHTO",575,287,287,1,228,117,111,NA,347,170,176,1
"PUNJAB","MULTAN","LODHRAN","KAHROR PACCA","TEHSIL","SARAIKI",431705,207348,224337,20,343249,164449,178796,4,88456,42899,45541,16
"PUNJAB","MULTAN","LODHRAN","KAHROR PACCA","TEHSIL","SHINA",NA,NA,NA,NA,NA,NA,NA,NA,NA,NA,NA,NA
"PUNJAB","MULTAN","LODHRAN","KAHROR PACCA","TEHSIL","SINDHI",49,19,30,NA,42,16,26,NA,7,3,4,NA
"PUNJAB","MULTAN","LODHRAN","KAHROR PACCA","TEHSIL","TOTAL",546058,262417,283615,26,419104,200847,218252,5,126954,61570,65363,21
"PUNJAB","MULTAN","LODHRAN","KAHROR PACCA","TEHSIL","URDU",46472,22420,24052,NA,17223,8275,8948,NA,29249,14145,15104,NA
"PUNJAB","RAWALPINDI","RAWALPINDI","KAHUTA","TEHSIL","BALOCHI",31,16,15,NA,8,3,5,NA,23,13,10,NA
"PUNJAB","RAWALPINDI","RAWALPINDI","KAHUTA","TEHSIL","BALTI",24,15,9,NA,19,12,7,NA,5,3,2,NA
"PUNJAB","RAWALPINDI","RAWALPINDI","KAHUTA","TEHSIL","BRAHVI",3,2,1,NA,NA,NA,NA,NA,3,2,1,NA
"PUNJAB","RAWALPINDI","RAWALPINDI","KAHUTA","TEHSIL","HINDKO",468,239,229,NA,93,50,43,NA,375,189,186,NA
"PUNJAB","RAWALPINDI","RAWALPINDI","KAHUTA","TEHSIL","KALASHA",6,4,2,NA,1,1,NA,NA,5,3,2,NA
"PUNJAB","RAWALPINDI","RAWALPINDI","KAHUTA","TEHSIL","KASHMIRI",2905,1500,1405,NA,1089,549,540,NA,1816,951,865,NA
"PUNJAB","RAWALPINDI","RAWALPINDI","KAHUTA","TEHSIL","KOHIOSTANI",171,87,84,NA,136,68,68,NA,35,19,16,NA
"PUNJAB","RAWALPINDI","RAWALPINDI","KAHUTA","TEHSIL","MEWATI",1,1,NA,NA,NA,NA,NA,NA,1,1,NA,NA
"PUNJAB","RAWALPINDI","RAWALPINDI","KAHUTA","TEHSIL","OTHERS",22915,11751,11164,NA,17061,8741,8320,NA,5854,3010,2844,NA
"PUNJAB","RAWALPINDI","RAWALPINDI","KAHUTA","TEHSIL","PUNJABI",198271,102578,95692,1,138596,72319,66276,1,59675,30259,29416,NA
"PUNJAB","RAWALPINDI","RAWALPINDI","KAHUTA","TEHSIL","PUSHTO",3029,1475,1554,NA,881,457,424,NA,2148,1018,1130,NA
"PUNJAB","RAWALPINDI","RAWALPINDI","KAHUTA","TEHSIL","SARAIKI",208,102,106,NA,26,11,15,NA,182,91,91,NA
"PUNJAB","RAWALPINDI","RAWALPINDI","KAHUTA","TEHSIL","SHINA",431,220,211,NA,397,209,188,NA,34,11,23,NA
"PUNJAB","RAWALPINDI","RAWALPINDI","KAHUTA","TEHSIL","SINDHI",304,162,142,NA,186,103,83,NA,118,59,59,NA
"PUNJAB","RAWALPINDI","RAWALPINDI","KAHUTA","TEHSIL","TOTAL",237843,122882,114959,2,162494,84609,77884,1,75349,38273,37075,1
"PUNJAB","RAWALPINDI","RAWALPINDI","KAHUTA","TEHSIL","URDU",9076,4730,4345,1,4001,2086,1915,NA,5075,2644,2430,1
NA,NA,"CHAKWAL","KALLAR KAHAR","TEHSIL","BALOCHI",93,42,51,NA,18,3,15,NA,75,39,36,NA
NA,NA,"CHAKWAL","KALLAR KAHAR","TEHSIL","BALTI",19,4,15,NA,12,1,11,NA,7,3,4,NA
NA,NA,"CHAKWAL","KALLAR KAHAR","TEHSIL","BRAHVI",NA,NA,NA,NA,NA,NA,NA,NA,NA,NA,NA,NA
NA,NA,"CHAKWAL","KALLAR KAHAR","TEHSIL","HINDKO",82,34,48,NA,50,21,29,NA,32,13,19,NA
NA,NA,"CHAKWAL","KALLAR KAHAR","TEHSIL","KALASHA",NA,NA,NA,NA,NA,NA,NA,NA,NA,NA,NA,NA
NA,NA,"CHAKWAL","KALLAR KAHAR","TEHSIL","KASHMIRI",93,41,52,NA,56,20,36,NA,37,21,16,NA
NA,NA,"CHAKWAL","KALLAR KAHAR","TEHSIL","KOHIOSTANI",16,2,14,NA,16,2,14,NA,NA,NA,NA,NA
NA,NA,"CHAKWAL","KALLAR KAHAR","TEHSIL","MEWATI",7,4,3,NA,1,NA,1,NA,6,4,2,NA
NA,NA,"CHAKWAL","KALLAR KAHAR","TEHSIL","OTHERS",42,24,18,NA,12,8,4,NA,30,16,14,NA
NA,NA,"CHAKWAL","KALLAR KAHAR","TEHSIL","PUNJABI",177122,87129,89991,2,132290,66023,66266,1,44832,21106,23725,1
NA,NA,"CHAKWAL","KALLAR KAHAR","TEHSIL","PUSHTO",11869,4757,7112,NA,8434,3164,5270,NA,3435,1593,1842,NA
NA,NA,"CHAKWAL","KALLAR KAHAR","TEHSIL","SARAIKI",309,92,217,NA,281,85,196,NA,28,7,21,NA
NA,NA,"CHAKWAL","KALLAR KAHAR","TEHSIL","SHINA",26,13,13,NA,25,13,12,NA,1,NA,1,NA
NA,NA,"CHAKWAL","KALLAR KAHAR","TEHSIL","SINDHI",721,346,375,NA,378,186,192,NA,343,160,183,NA
NA,NA,"CHAKWAL","KALLAR KAHAR","TEHSIL","TOTAL",193284,93838,99444,2,143692,70498,73193,1,49592,23340,26251,1
NA,NA,"CHAKWAL","KALLAR KAHAR","TEHSIL","URDU",2885,1350,1535,NA,2119,972,1147,NA,766,378,388,NA
NA,NA,"RAWALPINDI","KALLAR SAYADDAN","TEHSIL","BALOCHI",27,10,17,NA,17,9,8,NA,10,1,9,NA
NA,NA,"RAWALPINDI","KALLAR SAYADDAN","TEHSIL","BALTI",3,2,1,NA,NA,NA,NA,NA,3,2,1,NA
NA,NA,"RAWALPINDI","KALLAR SAYADDAN","TEHSIL","BRAHVI",NA,NA,NA,NA,NA,NA,NA,NA,NA,NA,NA,NA
NA,NA,"RAWALPINDI","KALLAR SAYADDAN","TEHSIL","HINDKO",412,184,228,NA,246,111,135,NA,166,73,93,NA
NA,NA,"RAWALPINDI","KALLAR SAYADDAN","TEHSIL","KALASHA",2,1,1,NA,1,1,NA,NA,1,NA,1,NA
NA,NA,"RAWALPINDI","KALLAR SAYADDAN","TEHSIL","KASHMIRI",1557,801,756,NA,1342,698,644,NA,215,103,112,NA
NA,NA,"RAWALPINDI","KALLAR SAYADDAN","TEHSIL","KOHIOSTANI",319,165,154,NA,237,124,113,NA,82,41,41,NA
NA,NA,"RAWALPINDI","KALLAR SAYADDAN","TEHSIL","MEWATI",NA,NA,NA,NA,NA,NA,NA,NA,NA,NA,NA,NA
NA,NA,"RAWALPINDI","KALLAR SAYADDAN","TEHSIL","OTHERS",151609,79180,72423,6,116639,60881,55753,5,34970,18299,16670,1
NA,NA,"RAWALPINDI","KALLAR SAYADDAN","TEHSIL","PUNJABI",69214,35900,33305,9,48684,25277,23404,3,20530,10623,9901,6
NA,NA,"RAWALPINDI","KALLAR SAYADDAN","TEHSIL","PUSHTO",6899,3436,3463,NA,4078,2016,2062,NA,2821,1420,1401,NA
NA,NA,"RAWALPINDI","KALLAR SAYADDAN","TEHSIL","SARAIKI",550,230,320,NA,203,66,137,NA,347,164,183,NA
NA,NA,"RAWALPINDI","KALLAR SAYADDAN","TEHSIL","SHINA",85,44,41,NA,29,20,9,NA,56,24,32,NA
NA,NA,"RAWALPINDI","KALLAR SAYADDAN","TEHSIL","SINDHI",68,35,33,NA,49,25,24,NA,19,10,9,NA
NA,NA,"RAWALPINDI","KALLAR SAYADDAN","TEHSIL","TOTAL",242709,126259,116434,16,181768,94610,87150,8,60941,31649,29284,8
NA,NA,"RAWALPINDI","KALLAR SAYADDAN","TEHSIL","URDU",11964,6271,5692,1,10243,5382,4861,NA,1721,889,831,1
"PUNJAB","SARGODHA","BHAKKAR","KALUR KOT","TEHSIL","BALOCHI",82,37,45,NA,48,21,27,NA,34,16,18,NA
"PUNJAB","SARGODHA","BHAKKAR","KALUR KOT","TEHSIL","BALTI",2,1,1,NA,2,1,1,NA,NA,NA,NA,NA
"PUNJAB","SARGODHA","BHAKKAR","KALUR KOT","TEHSIL","BRAHVI",NA,NA,NA,NA,NA,NA,NA,NA,NA,NA,NA,NA
"PUNJAB","SARGODHA","BHAKKAR","KALUR KOT","TEHSIL","HINDKO",74,35,39,NA,62,29,33,NA,12,6,6,NA
"PUNJAB","SARGODHA","BHAKKAR","KALUR KOT","TEHSIL","KALASHA",NA,NA,NA,NA,NA,NA,NA,NA,NA,NA,NA,NA
"PUNJAB","SARGODHA","BHAKKAR","KALUR KOT","TEHSIL","KASHMIRI",96,49,47,NA,83,41,42,NA,13,8,5,NA
"PUNJAB","SARGODHA","BHAKKAR","KALUR KOT","TEHSIL","KOHIOSTANI",1,1,NA,NA,NA,NA,NA,NA,1,1,NA,NA
"PUNJAB","SARGODHA","BHAKKAR","KALUR KOT","TEHSIL","MEWATI",42,17,25,NA,26,11,15,NA,16,6,10,NA
"PUNJAB","SARGODHA","BHAKKAR","KALUR KOT","TEHSIL","OTHERS",7298,3557,3741,NA,2448,1167,1281,NA,4850,2390,2460,NA
"PUNJAB","SARGODHA","BHAKKAR","KALUR KOT","TEHSIL","PUNJABI",32318,15814,16504,NA,30777,15052,15725,NA,1541,762,779,NA
"PUNJAB","SARGODHA","BHAKKAR","KALUR KOT","TEHSIL","PUSHTO",12415,5912,6503,NA,11512,5505,6007,NA,903,407,496,NA
"PUNJAB","SARGODHA","BHAKKAR","KALUR KOT","TEHSIL","SARAIKI",323002,155362,167632,8,297913,143417,154489,7,25089,11945,13143,1
"PUNJAB","SARGODHA","BHAKKAR","KALUR KOT","TEHSIL","SHINA",NA,NA,NA,NA,NA,NA,NA,NA,NA,NA,NA,NA
"PUNJAB","SARGODHA","BHAKKAR","KALUR KOT","TEHSIL","SINDHI",117,57,60,NA,82,39,43,NA,35,18,17,NA
"PUNJAB","SARGODHA","BHAKKAR","KALUR KOT","TEHSIL","TOTAL",415546,200419,215118,9,359947,173516,186423,8,55599,26903,28695,1
"PUNJAB","SARGODHA","BHAKKAR","KALUR KOT","TEHSIL","URDU",40099,19577,20521,1,16994,8233,8760,1,23105,11344,11761,NA
"PUNJAB","FAISALABAD","TOBA TEK SINGH","KAMALIA","TEHSIL","BALOCHI",26,7,19,NA,17,5,12,NA,9,2,7,NA
"PUNJAB","FAISALABAD","TOBA TEK SINGH","KAMALIA","TEHSIL","BALTI",NA,NA,NA,NA,NA,NA,NA,NA,NA,NA,NA,NA
"PUNJAB","FAISALABAD","TOBA TEK SINGH","KAMALIA","TEHSIL","BRAHVI",NA,NA,NA,NA,NA,NA,NA,NA,NA,NA,NA,NA
"PUNJAB","FAISALABAD","TOBA TEK SINGH","KAMALIA","TEHSIL","HINDKO",23,9,14,NA,23,9,14,NA,NA,NA,NA,NA
"PUNJAB","FAISALABAD","TOBA TEK SINGH","KAMALIA","TEHSIL","KALASHA",NA,NA,NA,NA,NA,NA,NA,NA,NA,NA,NA,NA
"PUNJAB","FAISALABAD","TOBA TEK SINGH","KAMALIA","TEHSIL","KASHMIRI",3,1,2,NA,2,1,1,NA,1,NA,1,NA
"PUNJAB","FAISALABAD","TOBA TEK SINGH","KAMALIA","TEHSIL","KOHIOSTANI",NA,NA,NA,NA,NA,NA,NA,NA,NA,NA,NA,NA
"PUNJAB","FAISALABAD","TOBA TEK SINGH","KAMALIA","TEHSIL","MEWATI",18,9,9,NA,5,2,3,NA,13,7,6,NA
"PUNJAB","FAISALABAD","TOBA TEK SINGH","KAMALIA","TEHSIL","OTHERS",91,50,41,NA,80,40,40,NA,11,10,1,NA
"PUNJAB","FAISALABAD","TOBA TEK SINGH","KAMALIA","TEHSIL","PUNJABI",412347,200901,211400,46,253531,123459,130063,9,158816,77442,81337,37
"PUNJAB","FAISALABAD","TOBA TEK SINGH","KAMALIA","TEHSIL","PUSHTO",1270,610,660,NA,534,266,268,NA,736,344,392,NA
"PUNJAB","FAISALABAD","TOBA TEK SINGH","KAMALIA","TEHSIL","SARAIKI",311,136,174,1,293,128,164,1,18,8,10,NA
"PUNJAB","FAISALABAD","TOBA TEK SINGH","KAMALIA","TEHSIL","SHINA",NA,NA,NA,NA,NA,NA,NA,NA,NA,NA,NA,NA
"PUNJAB","FAISALABAD","TOBA TEK SINGH","KAMALIA","TEHSIL","SINDHI",1208,631,577,NA,681,333,348,NA,527,298,229,NA
"PUNJAB","FAISALABAD","TOBA TEK SINGH","KAMALIA","TEHSIL","TOTAL",422477,205877,216549,51,255860,124583,131267,10,166617,81294,85282,41
"PUNJAB","FAISALABAD","TOBA TEK SINGH","KAMALIA","TEHSIL","URDU",7180,3523,3653,4,694,340,354,NA,6486,3183,3299,4
"PUNJAB","GUJRANWALA","GUJRANWALA","KAMOKE","TEHSIL","BALOCHI",37,17,20,NA,25,11,14,NA,12,6,6,NA
"PUNJAB","GUJRANWALA","GUJRANWALA","KAMOKE","TEHSIL","BALTI",4,2,2,NA,NA,NA,NA,NA,4,2,2,NA
"PUNJAB","GUJRANWALA","GUJRANWALA","KAMOKE","TEHSIL","BRAHVI",NA,NA,NA,NA,NA,NA,NA,NA,NA,NA,NA,NA
"PUNJAB","GUJRANWALA","GUJRANWALA","KAMOKE","TEHSIL","HINDKO",137,79,58,NA,117,70,47,NA,20,9,11,NA
"PUNJAB","GUJRANWALA","GUJRANWALA","KAMOKE","TEHSIL","KALASHA",NA,NA,NA,NA,NA,NA,NA,NA,NA,NA,NA,NA
"PUNJAB","GUJRANWALA","GUJRANWALA","KAMOKE","TEHSIL","KASHMIRI",3109,1600,1509,NA,3073,1584,1489,NA,36,16,20,NA
"PUNJAB","GUJRANWALA","GUJRANWALA","KAMOKE","TEHSIL","KOHIOSTANI",NA,NA,NA,NA,NA,NA,NA,NA,NA,NA,NA,NA
"PUNJAB","GUJRANWALA","GUJRANWALA","KAMOKE","TEHSIL","MEWATI",8,4,4,NA,8,4,4,NA,NA,NA,NA,NA
"PUNJAB","GUJRANWALA","GUJRANWALA","KAMOKE","TEHSIL","OTHERS",137,68,69,NA,119,58,61,NA,18,10,8,NA
"PUNJAB","GUJRANWALA","GUJRANWALA","KAMOKE","TEHSIL","PUNJABI",655575,323386,332146,43,373065,183865,189189,11,282510,139521,142957,32
"PUNJAB","GUJRANWALA","GUJRANWALA","KAMOKE","TEHSIL","PUSHTO",3339,1603,1736,NA,2112,1010,1102,NA,1227,593,634,NA
"PUNJAB","GUJRANWALA","GUJRANWALA","KAMOKE","TEHSIL","SARAIKI",560,236,324,NA,531,224,307,NA,29,12,17,NA
"PUNJAB","GUJRANWALA","GUJRANWALA","KAMOKE","TEHSIL","SHINA",NA,NA,NA,NA,NA,NA,NA,NA,NA,NA,NA,NA
"PUNJAB","GUJRANWALA","GUJRANWALA","KAMOKE","TEHSIL","SINDHI",830,445,385,NA,425,221,204,NA,405,224,181,NA
"PUNJAB","GUJRANWALA","GUJRANWALA","KAMOKE","TEHSIL","TOTAL",681296,336420,344833,43,389316,192067,197238,11,291980,144353,147595,32
"PUNJAB","GUJRANWALA","GUJRANWALA","KAMOKE","TEHSIL","URDU",17560,8980,8580,NA,9841,5020,4821,NA,7719,3960,3759,NA
"PUNJAB","DERA GHAZI KHAN","LAYYAH","KAROR LAL ESAN","TEHSIL","BALOCHI",361,171,190,NA,300,141,159,NA,61,30,31,NA
"PUNJAB","DERA GHAZI KHAN","LAYYAH","KAROR LAL ESAN","TEHSIL","BALTI",2,2,NA,NA,1,1,NA,NA,1,1,NA,NA
"PUNJAB","DERA GHAZI KHAN","LAYYAH","KAROR LAL ESAN","TEHSIL","BRAHVI",1,NA,1,NA,1,NA,1,NA,NA,NA,NA,NA
"PUNJAB","DERA GHAZI KHAN","LAYYAH","KAROR LAL ESAN","TEHSIL","HINDKO",471,234,237,NA,447,222,225,NA,24,12,12,NA
"PUNJAB","DERA GHAZI KHAN","LAYYAH","KAROR LAL ESAN","TEHSIL","KALASHA",NA,NA,NA,NA,NA,NA,NA,NA,NA,NA,NA,NA
"PUNJAB","DERA GHAZI KHAN","LAYYAH","KAROR LAL ESAN","TEHSIL","KASHMIRI",139,68,71,NA,125,61,64,NA,14,7,7,NA
"PUNJAB","DERA GHAZI KHAN","LAYYAH","KAROR LAL ESAN","TEHSIL","KOHIOSTANI",NA,NA,NA,NA,NA,NA,NA,NA,NA,NA,NA,NA
"PUNJAB","DERA GHAZI KHAN","LAYYAH","KAROR LAL ESAN","TEHSIL","MEWATI",1433,709,724,NA,1347,665,682,NA,86,44,42,NA
"PUNJAB","DERA GHAZI KHAN","LAYYAH","KAROR LAL ESAN","TEHSIL","OTHERS",460,227,233,NA,258,121,137,NA,202,106,96,NA
"PUNJAB","DERA GHAZI KHAN","LAYYAH","KAROR LAL ESAN","TEHSIL","PUNJABI",251482,122866,128589,27,204058,99468,104587,3,47424,23398,24002,24
"PUNJAB","DERA GHAZI KHAN","LAYYAH","KAROR LAL ESAN","TEHSIL","PUSHTO",18916,8951,9965,NA,16294,7706,8588,NA,2622,1245,1377,NA
"PUNJAB","DERA GHAZI KHAN","LAYYAH","KAROR LAL ESAN","TEHSIL","SARAIKI",401336,194306,207019,11,365040,176532,188507,1,36296,17774,18512,10
"PUNJAB","DERA GHAZI KHAN","LAYYAH","KAROR LAL ESAN","TEHSIL","SHINA",11,4,7,NA,10,4,6,NA,1,NA,1,NA
"PUNJAB","DERA GHAZI KHAN","LAYYAH","KAROR LAL ESAN","TEHSIL","SINDHI",525,264,261,NA,367,190,177,NA,158,74,84,NA
"PUNJAB","DERA GHAZI KHAN","LAYYAH","KAROR LAL ESAN","TEHSIL","TOTAL",684717,332567,352111,39,594087,287983,306100,4,90630,44584,46011,35
"PUNJAB","DERA GHAZI KHAN","LAYYAH","KAROR LAL ESAN","TEHSIL","URDU",9580,4765,4814,1,5839,2872,2967,NA,3741,1893,1847,1
"PUNJAB","LAHORE","KASUR","KASUR","TEHSIL","BALOCHI",91,41,50,NA,42,19,23,NA,49,22,27,NA
"PUNJAB","LAHORE","KASUR","KASUR","TEHSIL","BALTI",9,8,1,NA,9,8,1,NA,NA,NA,NA,NA
"PUNJAB","LAHORE","KASUR","KASUR","TEHSIL","BRAHVI",6,5,1,NA,5,4,1,NA,1,1,NA,NA
"PUNJAB","LAHORE","KASUR","KASUR","TEHSIL","HINDKO",112,60,52,NA,46,24,22,NA,66,36,30,NA
"PUNJAB","LAHORE","KASUR","KASUR","TEHSIL","KALASHA",48,23,25,NA,42,20,22,NA,6,3,3,NA
"PUNJAB","LAHORE","KASUR","KASUR","TEHSIL","KASHMIRI",87,46,40,1,9,6,3,NA,78,40,37,1
"PUNJAB","LAHORE","KASUR","KASUR","TEHSIL","KOHIOSTANI",33,18,15,NA,32,17,15,NA,1,1,NA,NA
"PUNJAB","LAHORE","KASUR","KASUR","TEHSIL","MEWATI",180082,87728,92354,NA,147227,71683,75544,NA,32855,16045,16810,NA
"PUNJAB","LAHORE","KASUR","KASUR","TEHSIL","OTHERS",504,257,247,NA,413,210,203,NA,91,47,44,NA
"PUNJAB","LAHORE","KASUR","KASUR","TEHSIL","PUNJABI",1365082,667232,697707,143,738167,360357,377800,10,626915,306875,319907,133
"PUNJAB","LAHORE","KASUR","KASUR","TEHSIL","PUSHTO",3394,1540,1854,NA,805,363,442,NA,2589,1177,1412,NA
"PUNJAB","LAHORE","KASUR","KASUR","TEHSIL","SARAIKI",1168,453,715,NA,734,280,454,NA,434,173,261,NA
"PUNJAB","LAHORE","KASUR","KASUR","TEHSIL","SHINA",19,3,16,NA,NA,NA,NA,NA,19,3,16,NA
"PUNJAB","LAHORE","KASUR","KASUR","TEHSIL","SINDHI",2569,1332,1235,2,1468,757,711,NA,1101,575,524,2
"PUNJAB","LAHORE","KASUR","KASUR","TEHSIL","TOTAL",1603658,783908,819603,147,896310,437393,458907,10,707348,346515,360696,137
"PUNJAB","LAHORE","KASUR","KASUR","TEHSIL","URDU",50454,25162,25291,1,7311,3645,3666,NA,43143,21517,21625,1
"PUNJAB","BAHAWALPUR","BAHAWALPUR","KHAIRPUR TAMEWALI","TEHSIL","BALOCHI",20,8,12,NA,15,6,9,NA,5,2,3,NA
"PUNJAB","BAHAWALPUR","BAHAWALPUR","KHAIRPUR TAMEWALI","TEHSIL","BALTI",NA,NA,NA,NA,NA,NA,NA,NA,NA,NA,NA,NA
"PUNJAB","BAHAWALPUR","BAHAWALPUR","KHAIRPUR TAMEWALI","TEHSIL","BRAHVI",NA,NA,NA,NA,NA,NA,NA,NA,NA,NA,NA,NA
"PUNJAB","BAHAWALPUR","BAHAWALPUR","KHAIRPUR TAMEWALI","TEHSIL","HINDKO",460,233,227,NA,62,31,31,NA,398,202,196,NA
"PUNJAB","BAHAWALPUR","BAHAWALPUR","KHAIRPUR TAMEWALI","TEHSIL","KALASHA",NA,NA,NA,NA,NA,NA,NA,NA,NA,NA,NA,NA
"PUNJAB","BAHAWALPUR","BAHAWALPUR","KHAIRPUR TAMEWALI","TEHSIL","KASHMIRI",91,42,49,NA,69,32,37,NA,22,10,12,NA
"PUNJAB","BAHAWALPUR","BAHAWALPUR","KHAIRPUR TAMEWALI","TEHSIL","KOHIOSTANI",NA,NA,NA,NA,NA,NA,NA,NA,NA,NA,NA,NA
"PUNJAB","BAHAWALPUR","BAHAWALPUR","KHAIRPUR TAMEWALI","TEHSIL","MEWATI",263,130,133,NA,263,130,133,NA,NA,NA,NA,NA
"PUNJAB","BAHAWALPUR","BAHAWALPUR","KHAIRPUR TAMEWALI","TEHSIL","OTHERS",374,195,179,NA,292,149,143,NA,82,46,36,NA
"PUNJAB","BAHAWALPUR","BAHAWALPUR","KHAIRPUR TAMEWALI","TEHSIL","PUNJABI",18022,9089,8932,1,17087,8593,8494,NA,935,496,438,1
"PUNJAB","BAHAWALPUR","BAHAWALPUR","KHAIRPUR TAMEWALI","TEHSIL","PUSHTO",1546,781,765,NA,1509,761,748,NA,37,20,17,NA
"PUNJAB","BAHAWALPUR","BAHAWALPUR","KHAIRPUR TAMEWALI","TEHSIL","SARAIKI",256968,126995,129960,13,219552,108427,111114,11,37416,18568,18846,2
"PUNJAB","BAHAWALPUR","BAHAWALPUR","KHAIRPUR TAMEWALI","TEHSIL","SHINA",NA,NA,NA,NA,NA,NA,NA,NA,NA,NA,NA,NA
"PUNJAB","BAHAWALPUR","BAHAWALPUR","KHAIRPUR TAMEWALI","TEHSIL","SINDHI",33,16,17,NA,33,16,17,NA,NA,NA,NA,NA
"PUNJAB","BAHAWALPUR","BAHAWALPUR","KHAIRPUR TAMEWALI","TEHSIL","TOTAL",288741,142952,145773,16,241592,119525,122056,11,47149,23427,23717,5
"PUNJAB","BAHAWALPUR","BAHAWALPUR","KHAIRPUR TAMEWALI","TEHSIL","URDU",10964,5463,5499,2,2710,1380,1330,NA,8254,4083,4169,2
"PUNJAB","MULTAN","KHANEWAL","KHANEWAL","TEHSIL","BALOCHI",232,117,115,NA,115,57,58,NA,117,60,57,NA
"PUNJAB","MULTAN","KHANEWAL","KHANEWAL","TEHSIL","BALTI",17,5,12,NA,3,NA,3,NA,14,5,9,NA
"PUNJAB","MULTAN","KHANEWAL","KHANEWAL","TEHSIL","BRAHVI",6,3,3,NA,3,1,2,NA,3,2,1,NA
"PUNJAB","MULTAN","KHANEWAL","KHANEWAL","TEHSIL","HINDKO",1505,749,756,NA,1278,629,649,NA,227,120,107,NA
"PUNJAB","MULTAN","KHANEWAL","KHANEWAL","TEHSIL","KALASHA",NA,NA,NA,NA,NA,NA,NA,NA,NA,NA,NA,NA
"PUNJAB","MULTAN","KHANEWAL","KHANEWAL","TEHSIL","KASHMIRI",92,41,51,NA,77,33,44,NA,15,8,7,NA
"PUNJAB","MULTAN","KHANEWAL","KHANEWAL","TEHSIL","KOHIOSTANI",NA,NA,NA,NA,NA,NA,NA,NA,NA,NA,NA,NA
"PUNJAB","MULTAN","KHANEWAL","KHANEWAL","TEHSIL","MEWATI",94,42,51,1,59,29,29,1,35,13,22,NA
"PUNJAB","MULTAN","KHANEWAL","KHANEWAL","TEHSIL","OTHERS",2476,1226,1250,NA,1792,882,910,NA,684,344,340,NA
"PUNJAB","MULTAN","KHANEWAL","KHANEWAL","TEHSIL","PUNJABI",689474,331450,357954,70,517600,248338,269215,47,171874,83112,88739,23
"PUNJAB","MULTAN","KHANEWAL","KHANEWAL","TEHSIL","PUSHTO",14154,6912,7241,1,12819,6261,6557,1,1335,651,684,NA
"PUNJAB","MULTAN","KHANEWAL","KHANEWAL","TEHSIL","SARAIKI",121261,58591,62660,10,100457,48473,51978,6,20804,10118,10682,4
"PUNJAB","MULTAN","KHANEWAL","KHANEWAL","TEHSIL","SHINA",NA,NA,NA,NA,NA,NA,NA,NA,NA,NA,NA,NA
"PUNJAB","MULTAN","KHANEWAL","KHANEWAL","TEHSIL","SINDHI",1440,745,695,NA,1035,541,494,NA,405,204,201,NA
"PUNJAB","MULTAN","KHANEWAL","KHANEWAL","TEHSIL","TOTAL",987408,475866,511442,100,676490,325340,351092,58,310918,150526,160350,42
"PUNJAB","MULTAN","KHANEWAL","KHANEWAL","TEHSIL","URDU",156657,75985,80654,18,41252,20096,21153,3,115405,55889,59501,15
"PUNJAB","BAHAWALPUR","RAHIM YAR KHAN","KHANPUR","TEHSIL","BALOCHI",3678,1768,1910,NA,3407,1629,1778,NA,271,139,132,NA
"PUNJAB","BAHAWALPUR","RAHIM YAR KHAN","KHANPUR","TEHSIL","BALTI",6,184,224,NA,5,3,2,NA,1,1,NA,NA
"PUNJAB","BAHAWALPUR","RAHIM YAR KHAN","KHANPUR","TEHSIL","BRAHVI",122,61,61,NA,84,40,44,NA,38,21,17,NA
"PUNJAB","BAHAWALPUR","RAHIM YAR KHAN","KHANPUR","TEHSIL","HINDKO",13254,6368,6886,NA,12469,6011,6458,NA,785,357,428,NA
"PUNJAB","BAHAWALPUR","RAHIM YAR KHAN","KHANPUR","TEHSIL","KALASHA",5,6,5,NA,NA,NA,NA,NA,5,2,3,NA
"PUNJAB","BAHAWALPUR","RAHIM YAR KHAN","KHANPUR","TEHSIL","KASHMIRI",301,143,158,NA,227,110,117,NA,74,33,41,NA
"PUNJAB","BAHAWALPUR","RAHIM YAR KHAN","KHANPUR","TEHSIL","KOHIOSTANI",11,6244,6743,NA,3,1,2,NA,8,5,3,NA
"PUNJAB","BAHAWALPUR","RAHIM YAR KHAN","KHANPUR","TEHSIL","MEWATI",408,2,3,NA,302,137,165,NA,106,47,59,NA
"PUNJAB","BAHAWALPUR","RAHIM YAR KHAN","KHANPUR","TEHSIL","OTHERS",12987,NA,NA,NA,11962,5737,6225,NA,1025,507,518,NA
"PUNJAB","BAHAWALPUR","RAHIM YAR KHAN","KHANPUR","TEHSIL","PUNJABI",241087,115484,125556,47,164884,78695,86181,8,76203,36789,39375,39
"PUNJAB","BAHAWALPUR","RAHIM YAR KHAN","KHANPUR","TEHSIL","PUSHTO",7562,3492,4070,NA,6129,2826,3303,NA,1433,666,767,NA
"PUNJAB","BAHAWALPUR","RAHIM YAR KHAN","KHANPUR","TEHSIL","SARAIKI",835716,399856,435791,69,633427,303440,329973,14,202289,96416,105818,55
"PUNJAB","BAHAWALPUR","RAHIM YAR KHAN","KHANPUR","TEHSIL","SHINA",NA,4,2,NA,NA,NA,NA,NA,NA,NA,NA,NA
"PUNJAB","BAHAWALPUR","RAHIM YAR KHAN","KHANPUR","TEHSIL","SINDHI",7155,3497,3658,NA,6685,3264,3421,NA,470,233,237,NA
"PUNJAB","BAHAWALPUR","RAHIM YAR KHAN","KHANPUR","TEHSIL","TOTAL",1168885,559578,609177,130,844878,404471,440383,24,324007,155107,168794,106
"PUNJAB","BAHAWALPUR","RAHIM YAR KHAN","KHANPUR","TEHSIL","URDU",46593,22469,24110,14,5294,2578,2714,2,41299,19891,21396,12
"PUNJAB","GUJRANWALA","GUJRAT","KHARIAN","TEHSIL","BALOCHI",505,181,324,NA,86,54,32,NA,419,127,292,NA
"PUNJAB","GUJRANWALA","GUJRAT","KHARIAN","TEHSIL","BALTI",166,52,114,NA,20,8,12,NA,146,44,102,NA
"PUNJAB","GUJRANWALA","GUJRAT","KHARIAN","TEHSIL","BRAHVI",22,11,11,NA,NA,NA,NA,NA,22,11,11,NA
"PUNJAB","GUJRANWALA","GUJRAT","KHARIAN","TEHSIL","HINDKO",1470,576,894,NA,344,152,192,NA,1126,424,702,NA
"PUNJAB","GUJRANWALA","GUJRAT","KHARIAN","TEHSIL","KALASHA",12,3,9,NA,10,3,7,NA,2,NA,2,NA
"PUNJAB","GUJRANWALA","GUJRAT","KHARIAN","TEHSIL","KASHMIRI",1354,548,806,NA,298,160,138,NA,1056,388,668,NA
"PUNJAB","GUJRANWALA","GUJRAT","KHARIAN","TEHSIL","KOHIOSTANI",268,129,139,NA,247,124,123,NA,21,5,16,NA
"PUNJAB","GUJRANWALA","GUJRAT","KHARIAN","TEHSIL","MEWATI",35,10,25,NA,23,5,18,NA,12,5,7,NA
"PUNJAB","GUJRANWALA","GUJRAT","KHARIAN","TEHSIL","OTHERS",475,206,269,NA,206,105,101,NA,269,101,168,NA
"PUNJAB","GUJRANWALA","GUJRAT","KHARIAN","TEHSIL","PUNJABI",1102173,555020,547067,86,826079,423062,402997,20,276094,131958,144070,66
"PUNJAB","GUJRANWALA","GUJRAT","KHARIAN","TEHSIL","PUSHTO",29260,13579,15680,1,14410,7002,7407,1,14850,6577,8273,NA
"PUNJAB","GUJRANWALA","GUJRAT","KHARIAN","TEHSIL","SARAIKI",2857,1109,1748,NA,1313,538,775,NA,1544,571,973,NA
"PUNJAB","GUJRANWALA","GUJRAT","KHARIAN","TEHSIL","SHINA",246,81,165,NA,66,30,36,NA,180,51,129,NA
"PUNJAB","GUJRANWALA","GUJRAT","KHARIAN","TEHSIL","SINDHI",5402,1773,3628,1,1527,802,724,1,3875,971,2904,NA
"PUNJAB","GUJRANWALA","GUJRAT","KHARIAN","TEHSIL","TOTAL",1174083,587552,586443,88,855985,438059,417904,22,318098,149493,168539,66
"PUNJAB","GUJRANWALA","GUJRAT","KHARIAN","TEHSIL","URDU",29838,14274,15564,NA,11356,6014,5342,NA,18482,8260,10222,NA
"PUNJAB","SARGODHA","KHUSHAB","KHUSHAB","TEHSIL","BALOCHI",87,34,53,NA,44,20,24,NA,43,14,29,NA
"PUNJAB","SARGODHA","KHUSHAB","KHUSHAB","TEHSIL","BALTI",13,6,7,NA,7,4,3,NA,6,2,4,NA
"PUNJAB","SARGODHA","KHUSHAB","KHUSHAB","TEHSIL","BRAHVI",6,5,1,NA,NA,NA,NA,NA,6,5,1,NA
"PUNJAB","SARGODHA","KHUSHAB","KHUSHAB","TEHSIL","HINDKO",176,89,87,NA,8,7,1,NA,168,82,86,NA
"PUNJAB","SARGODHA","KHUSHAB","KHUSHAB","TEHSIL","KALASHA",4,3,1,NA,4,3,1,NA,NA,NA,NA,NA
"PUNJAB","SARGODHA","KHUSHAB","KHUSHAB","TEHSIL","KASHMIRI",1613,772,841,NA,1563,748,815,NA,50,24,26,NA
"PUNJAB","SARGODHA","KHUSHAB","KHUSHAB","TEHSIL","KOHIOSTANI",1,1,NA,NA,1,1,NA,NA,NA,NA,NA,NA
"PUNJAB","SARGODHA","KHUSHAB","KHUSHAB","TEHSIL","MEWATI",16358,7943,8415,NA,16025,7795,8230,NA,333,148,185,NA
"PUNJAB","SARGODHA","KHUSHAB","KHUSHAB","TEHSIL","OTHERS",2677,1384,1293,NA,81,47,34,NA,2596,1337,1259,NA
"PUNJAB","SARGODHA","KHUSHAB","KHUSHAB","TEHSIL","PUNJABI",764528,370362,394138,28,432186,209642,222538,6,332342,160720,171600,22
"PUNJAB","SARGODHA","KHUSHAB","KHUSHAB","TEHSIL","PUSHTO",12505,5562,6943,NA,7035,2975,4060,NA,5470,2587,2883,NA
"PUNJAB","SARGODHA","KHUSHAB","KHUSHAB","TEHSIL","SARAIKI",1355,617,738,NA,270,97,173,NA,1085,520,565,NA
"PUNJAB","SARGODHA","KHUSHAB","KHUSHAB","TEHSIL","SHINA",48,29,19,NA,5,4,1,NA,43,25,18,NA
"PUNJAB","SARGODHA","KHUSHAB","KHUSHAB","TEHSIL","SINDHI",1233,631,602,NA,685,343,342,NA,548,288,260,NA
"PUNJAB","SARGODHA","KHUSHAB","KHUSHAB","TEHSIL","TOTAL",816654,395472,421148,34,461125,223309,237810,6,355529,172163,183338,28
"PUNJAB","SARGODHA","KHUSHAB","KHUSHAB","TEHSIL","URDU",16050,8034,8010,6,3211,1623,1588,NA,12839,6411,6422,6
"PUNJAB","DERA GHAZI KHAN","DERA GHAZI KHAN","KOH-E-SULEMAN","TEHSIL","BALOCHI",243003,118908,124088,7,243003,118908,124088,7,NA,NA,NA,NA
"PUNJAB","DERA GHAZI KHAN","DERA GHAZI KHAN","KOH-E-SULEMAN","TEHSIL","BALTI",NA,NA,NA,NA,NA,NA,NA,NA,NA,NA,NA,NA
"PUNJAB","DERA GHAZI KHAN","DERA GHAZI KHAN","KOH-E-SULEMAN","TEHSIL","BRAHVI",NA,NA,NA,NA,NA,NA,NA,NA,NA,NA,NA,NA
"PUNJAB","DERA GHAZI KHAN","DERA GHAZI KHAN","KOH-E-SULEMAN","TEHSIL","HINDKO",1,NA,1,NA,1,NA,1,NA,NA,NA,NA,NA
"PUNJAB","DERA GHAZI KHAN","DERA GHAZI KHAN","KOH-E-SULEMAN","TEHSIL","KALASHA",NA,NA,NA,NA,NA,NA,NA,NA,NA,NA,NA,NA
"PUNJAB","DERA GHAZI KHAN","DERA GHAZI KHAN","KOH-E-SULEMAN","TEHSIL","KASHMIRI",153,88,65,NA,153,88,65,NA,NA,NA,NA,NA
"PUNJAB","DERA GHAZI KHAN","DERA GHAZI KHAN","KOH-E-SULEMAN","TEHSIL","KOHIOSTANI",NA,NA,NA,NA,NA,NA,NA,NA,NA,NA,NA,NA
"PUNJAB","DERA GHAZI KHAN","DERA GHAZI KHAN","KOH-E-SULEMAN","TEHSIL","MEWATI",NA,NA,NA,NA,NA,NA,NA,NA,NA,NA,NA,NA
"PUNJAB","DERA GHAZI KHAN","DERA GHAZI KHAN","KOH-E-SULEMAN","TEHSIL","OTHERS",5,1,4,NA,5,1,4,NA,NA,NA,NA,NA
"PUNJAB","DERA GHAZI KHAN","DERA GHAZI KHAN","KOH-E-SULEMAN","TEHSIL","PUNJABI",47,20,27,NA,47,20,27,NA,NA,NA,NA,NA
"PUNJAB","DERA GHAZI KHAN","DERA GHAZI KHAN","KOH-E-SULEMAN","TEHSIL","PUSHTO",298,142,156,NA,298,142,156,NA,NA,NA,NA,NA
"PUNJAB","DERA GHAZI KHAN","DERA GHAZI KHAN","KOH-E-SULEMAN","TEHSIL","SARAIKI",5019,2501,2518,NA,5019,2501,2518,NA,NA,NA,NA,NA
"PUNJAB","DERA GHAZI KHAN","DERA GHAZI KHAN","KOH-E-SULEMAN","TEHSIL","SHINA",NA,NA,NA,NA,NA,NA,NA,NA,NA,NA,NA,NA
"PUNJAB","DERA GHAZI KHAN","DERA GHAZI KHAN","KOH-E-SULEMAN","TEHSIL","SINDHI",NA,NA,NA,NA,NA,NA,NA,NA,NA,NA,NA,NA
"PUNJAB","DERA GHAZI KHAN","DERA GHAZI KHAN","KOH-E-SULEMAN","TEHSIL","TOTAL",248683,121737,126939,7,248683,121737,126939,7,NA,NA,NA,NA
"PUNJAB","DERA GHAZI KHAN","DERA GHAZI KHAN","KOH-E-SULEMAN","TEHSIL","URDU",157,77,80,NA,157,77,80,NA,NA,NA,NA,NA
"PUNJAB","DERA GHAZI KHAN","MUZAFFARGARH","KOT ADDU","TEHSIL","BALOCHI",4458,2233,2225,NA,4232,2118,2114,NA,226,115,111,NA
"PUNJAB","DERA GHAZI KHAN","MUZAFFARGARH","KOT ADDU","TEHSIL","BALTI",39,20,19,NA,34,16,18,NA,5,4,1,NA
"PUNJAB","DERA GHAZI KHAN","MUZAFFARGARH","KOT ADDU","TEHSIL","BRAHVI",9,8,1,NA,6,5,1,NA,3,3,NA,NA
"PUNJAB","DERA GHAZI KHAN","MUZAFFARGARH","KOT ADDU","TEHSIL","HINDKO",351,202,149,NA,270,160,110,NA,81,42,39,NA
"PUNJAB","DERA GHAZI KHAN","MUZAFFARGARH","KOT ADDU","TEHSIL","KALASHA",NA,NA,NA,NA,NA,NA,NA,NA,NA,NA,NA,NA
"PUNJAB","DERA GHAZI KHAN","MUZAFFARGARH","KOT ADDU","TEHSIL","KASHMIRI",309,146,163,NA,233,103,130,NA,76,43,33,NA
"PUNJAB","DERA GHAZI KHAN","MUZAFFARGARH","KOT ADDU","TEHSIL","KOHIOSTANI",NA,NA,NA,NA,NA,NA,NA,NA,NA,NA,NA,NA
"PUNJAB","DERA GHAZI KHAN","MUZAFFARGARH","KOT ADDU","TEHSIL","MEWATI",349,166,183,NA,333,162,171,NA,16,4,12,NA
"PUNJAB","DERA GHAZI KHAN","MUZAFFARGARH","KOT ADDU","TEHSIL","OTHERS",392,209,183,NA,353,192,161,NA,39,17,22,NA
"PUNJAB","DERA GHAZI KHAN","MUZAFFARGARH","KOT ADDU","TEHSIL","PUNJABI",37791,18812,18979,NA,27289,13490,13799,NA,10502,5322,5180,NA
"PUNJAB","DERA GHAZI KHAN","MUZAFFARGARH","KOT ADDU","TEHSIL","PUSHTO",7979,3905,4074,NA,5913,2914,2999,NA,2066,991,1075,NA
"PUNJAB","DERA GHAZI KHAN","MUZAFFARGARH","KOT ADDU","TEHSIL","SARAIKI",952118,473360,478740,18,788111,391094,397012,5,164007,82266,81728,13
"PUNJAB","DERA GHAZI KHAN","MUZAFFARGARH","KOT ADDU","TEHSIL","SHINA",15,9,6,NA,7,5,2,NA,8,4,4,NA
"PUNJAB","DERA GHAZI KHAN","MUZAFFARGARH","KOT ADDU","TEHSIL","SINDHI",824,404,420,NA,759,371,388,NA,65,33,32,NA
"PUNJAB","DERA GHAZI KHAN","MUZAFFARGARH","KOT ADDU","TEHSIL","TOTAL",1071282,532895,538365,22,851396,422498,428892,6,219886,110397,109473,16
"PUNJAB","DERA GHAZI KHAN","MUZAFFARGARH","KOT ADDU","TEHSIL","URDU",66648,33421,33223,4,23856,11868,11987,1,42792,21553,21236,3
"PUNJAB","DERA GHAZI KHAN","DERA GHAZI KHAN","KOT CHHUTTA","TEHSIL","BALOCHI",63365,31486,31879,NA,57230,28369,28861,NA,6135,3117,3018,NA
"PUNJAB","DERA GHAZI KHAN","DERA GHAZI KHAN","KOT CHHUTTA","TEHSIL","BALTI",NA,NA,NA,NA,NA,NA,NA,NA,NA,NA,NA,NA
"PUNJAB","DERA GHAZI KHAN","DERA GHAZI KHAN","KOT CHHUTTA","TEHSIL","BRAHVI",1,1,NA,NA,1,1,NA,NA,NA,NA,NA,NA
"PUNJAB","DERA GHAZI KHAN","DERA GHAZI KHAN","KOT CHHUTTA","TEHSIL","HINDKO",194,97,97,NA,180,87,93,NA,14,10,4,NA
"PUNJAB","DERA GHAZI KHAN","DERA GHAZI KHAN","KOT CHHUTTA","TEHSIL","KALASHA",NA,NA,NA,NA,NA,NA,NA,NA,NA,NA,NA,NA
"PUNJAB","DERA GHAZI KHAN","DERA GHAZI KHAN","KOT CHHUTTA","TEHSIL","KASHMIRI",251,137,114,NA,222,123,99,NA,29,14,15,NA
"PUNJAB","DERA GHAZI KHAN","DERA GHAZI KHAN","KOT CHHUTTA","TEHSIL","KOHIOSTANI",NA,NA,NA,NA,NA,NA,NA,NA,NA,NA,NA,NA
"PUNJAB","DERA GHAZI KHAN","DERA GHAZI KHAN","KOT CHHUTTA","TEHSIL","MEWATI",NA,NA,NA,NA,NA,NA,NA,NA,NA,NA,NA,NA
"PUNJAB","DERA GHAZI KHAN","DERA GHAZI KHAN","KOT CHHUTTA","TEHSIL","OTHERS",121,64,57,NA,111,59,52,NA,10,5,5,NA
"PUNJAB","DERA GHAZI KHAN","DERA GHAZI KHAN","KOT CHHUTTA","TEHSIL","PUNJABI",3716,1873,1840,3,2967,1507,1460,NA,749,366,380,3
"PUNJAB","DERA GHAZI KHAN","DERA GHAZI KHAN","KOT CHHUTTA","TEHSIL","PUSHTO",3096,1467,1629,NA,2374,1126,1248,NA,722,341,381,NA
"PUNJAB","DERA GHAZI KHAN","DERA GHAZI KHAN","KOT CHHUTTA","TEHSIL","SARAIKI",823986,412062,411886,38,712746,355652,357084,10,111240,56410,54802,28
"PUNJAB","DERA GHAZI KHAN","DERA GHAZI KHAN","KOT CHHUTTA","TEHSIL","SHINA",NA,NA,NA,NA,NA,NA,NA,NA,NA,NA,NA,NA
"PUNJAB","DERA GHAZI KHAN","DERA GHAZI KHAN","KOT CHHUTTA","TEHSIL","SINDHI",387,201,186,NA,281,148,133,NA,106,53,53,NA
"PUNJAB","DERA GHAZI KHAN","DERA GHAZI KHAN","KOT CHHUTTA","TEHSIL","TOTAL",904701,452247,452413,41,781423,389784,391629,10,123278,62463,60784,31
"PUNJAB","DERA GHAZI KHAN","DERA GHAZI KHAN","KOT CHHUTTA","TEHSIL","URDU",9584,4859,4725,NA,5311,2712,2599,NA,4273,2147,2126,NA
"PUNJAB","SARGODHA","SARGODHA","KOT MOMIN","TEHSIL","BALOCHI",24,8,16,NA,17,5,12,NA,7,3,4,NA
"PUNJAB","SARGODHA","SARGODHA","KOT MOMIN","TEHSIL","BALTI",NA,NA,NA,NA,NA,NA,NA,NA,NA,NA,NA,NA
"PUNJAB","SARGODHA","SARGODHA","KOT MOMIN","TEHSIL","BRAHVI",NA,NA,NA,NA,NA,NA,NA,NA,NA,NA,NA,NA
"PUNJAB","SARGODHA","SARGODHA","KOT MOMIN","TEHSIL","HINDKO",18,10,8,NA,18,10,8,NA,NA,NA,NA,NA
"PUNJAB","SARGODHA","SARGODHA","KOT MOMIN","TEHSIL","KALASHA",NA,NA,NA,NA,NA,NA,NA,NA,NA,NA,NA,NA
"PUNJAB","SARGODHA","SARGODHA","KOT MOMIN","TEHSIL","KASHMIRI",16,7,9,NA,4,1,3,NA,12,6,6,NA
"PUNJAB","SARGODHA","SARGODHA","KOT MOMIN","TEHSIL","KOHIOSTANI",67,38,29,NA,67,38,29,NA,NA,NA,NA,NA
"PUNJAB","SARGODHA","SARGODHA","KOT MOMIN","TEHSIL","MEWATI",NA,NA,NA,NA,NA,NA,NA,NA,NA,NA,NA,NA
"PUNJAB","SARGODHA","SARGODHA","KOT MOMIN","TEHSIL","OTHERS",104,47,57,NA,74,32,42,NA,30,15,15,NA
"PUNJAB","SARGODHA","SARGODHA","KOT MOMIN","TEHSIL","PUNJABI",525524,256536,268954,34,465728,227243,238460,25,59796,29293,30494,9
"PUNJAB","SARGODHA","SARGODHA","KOT MOMIN","TEHSIL","PUSHTO",5019,2450,2569,NA,3807,1855,1952,NA,1212,595,617,NA
"PUNJAB","SARGODHA","SARGODHA","KOT MOMIN","TEHSIL","SARAIKI",123,57,66,NA,106,51,55,NA,17,6,11,NA
"PUNJAB","SARGODHA","SARGODHA","KOT MOMIN","TEHSIL","SHINA",17,12,5,NA,15,10,5,NA,2,2,NA,NA
"PUNJAB","SARGODHA","SARGODHA","KOT MOMIN","TEHSIL","SINDHI",961,510,451,NA,875,467,408,NA,86,43,43,NA
"PUNJAB","SARGODHA","SARGODHA","KOT MOMIN","TEHSIL","TOTAL",544165,265772,278358,35,480754,234681,246048,25,63411,31091,32310,10
"PUNJAB","SARGODHA","SARGODHA","KOT MOMIN","TEHSIL","URDU",12292,6097,6194,1,10043,4969,5074,NA,2249,1128,1120,1
"PUNJAB","LAHORE","KASUR","KOT RADHA KISHAN","TEHSIL","BALOCHI",175,85,90,NA,173,83,90,NA,2,2,NA,NA
"PUNJAB","LAHORE","KASUR","KOT RADHA KISHAN","TEHSIL","BALTI",23,12,11,NA,16,10,6,NA,7,2,5,NA
"PUNJAB","LAHORE","KASUR","KOT RADHA KISHAN","TEHSIL","BRAHVI",NA,NA,NA,NA,NA,NA,NA,NA,NA,NA,NA,NA
"PUNJAB","LAHORE","KASUR","KOT RADHA KISHAN","TEHSIL","HINDKO",45,20,25,NA,40,18,22,NA,5,2,3,NA
"PUNJAB","LAHORE","KASUR","KOT RADHA KISHAN","TEHSIL","KALASHA",33,16,17,NA,32,16,16,NA,1,NA,1,NA
"PUNJAB","LAHORE","KASUR","KOT RADHA KISHAN","TEHSIL","KASHMIRI",42,11,31,NA,41,11,30,NA,1,NA,1,NA
"PUNJAB","LAHORE","KASUR","KOT RADHA KISHAN","TEHSIL","KOHIOSTANI",1,1,NA,NA,1,1,NA,NA,NA,NA,NA,NA
"PUNJAB","LAHORE","KASUR","KOT RADHA KISHAN","TEHSIL","MEWATI",128407,62700,65703,4,113109,55261,57844,4,15298,7439,7859,NA
"PUNJAB","LAHORE","KASUR","KOT RADHA KISHAN","TEHSIL","OTHERS",588,310,278,NA,375,202,173,NA,213,108,105,NA
"PUNJAB","LAHORE","KASUR","KOT RADHA KISHAN","TEHSIL","PUNJABI",283011,137156,145842,13,199956,96485,103468,3,83055,40671,42374,10
"PUNJAB","LAHORE","KASUR","KOT RADHA KISHAN","TEHSIL","PUSHTO",830,339,491,NA,599,237,362,NA,231,102,129,NA
"PUNJAB","LAHORE","KASUR","KOT RADHA KISHAN","TEHSIL","SARAIKI",714,308,406,NA,579,241,338,NA,135,67,68,NA
"PUNJAB","LAHORE","KASUR","KOT RADHA KISHAN","TEHSIL","SHINA",NA,NA,NA,NA,NA,NA,NA,NA,NA,NA,NA,NA
"PUNJAB","LAHORE","KASUR","KOT RADHA KISHAN","TEHSIL","SINDHI",842,404,438,NA,655,299,356,NA,187,105,82,NA
"PUNJAB","LAHORE","KASUR","KOT RADHA KISHAN","TEHSIL","TOTAL",424875,206359,218498,18,322818,156371,166439,8,102057,49988,52059,10
"PUNJAB","LAHORE","KASUR","KOT RADHA KISHAN","TEHSIL","URDU",10164,4997,5166,1,7242,3507,3734,1,2922,1490,1432,NA
"PUNJAB","RAWALPINDI","RAWALPINDI","KOTLI SATTIAN","TEHSIL","BALOCHI",1,1,NA,NA,1,1,NA,NA,NA,NA,NA,NA
"PUNJAB","RAWALPINDI","RAWALPINDI","KOTLI SATTIAN","TEHSIL","BALTI",4,1,3,NA,4,1,3,NA,NA,NA,NA,NA
"PUNJAB","RAWALPINDI","RAWALPINDI","KOTLI SATTIAN","TEHSIL","BRAHVI",NA,NA,NA,NA,NA,NA,NA,NA,NA,NA,NA,NA
"PUNJAB","RAWALPINDI","RAWALPINDI","KOTLI SATTIAN","TEHSIL","HINDKO",2862,1403,1459,NA,2850,1394,1456,NA,12,9,3,NA
"PUNJAB","RAWALPINDI","RAWALPINDI","KOTLI SATTIAN","TEHSIL","KALASHA",NA,NA,NA,NA,NA,NA,NA,NA,NA,NA,NA,NA
"PUNJAB","RAWALPINDI","RAWALPINDI","KOTLI SATTIAN","TEHSIL","KASHMIRI",399,210,189,NA,379,196,183,NA,20,14,6,NA
"PUNJAB","RAWALPINDI","RAWALPINDI","KOTLI SATTIAN","TEHSIL","KOHIOSTANI",255,126,129,NA,251,125,126,NA,4,1,3,NA
"PUNJAB","RAWALPINDI","RAWALPINDI","KOTLI SATTIAN","TEHSIL","MEWATI",2,2,NA,NA,2,2,NA,NA,NA,NA,NA,NA
"PUNJAB","RAWALPINDI","RAWALPINDI","KOTLI SATTIAN","TEHSIL","OTHERS",9003,4344,4659,NA,8998,4341,4657,NA,5,3,2,NA
"PUNJAB","RAWALPINDI","RAWALPINDI","KOTLI SATTIAN","TEHSIL","PUNJABI",105586,52220,53366,NA,82381,40650,41731,NA,23205,11570,11635,NA
"PUNJAB","RAWALPINDI","RAWALPINDI","KOTLI SATTIAN","TEHSIL","PUSHTO",491,231,260,NA,365,176,189,NA,126,55,71,NA
"PUNJAB","RAWALPINDI","RAWALPINDI","KOTLI SATTIAN","TEHSIL","SARAIKI",34,17,17,NA,22,9,13,NA,12,8,4,NA
"PUNJAB","RAWALPINDI","RAWALPINDI","KOTLI SATTIAN","TEHSIL","SHINA",271,121,150,NA,236,108,128,NA,35,13,22,NA
"PUNJAB","RAWALPINDI","RAWALPINDI","KOTLI SATTIAN","TEHSIL","SINDHI",121,58,63,NA,102,50,52,NA,19,8,11,NA
"PUNJAB","RAWALPINDI","RAWALPINDI","KOTLI SATTIAN","TEHSIL","TOTAL",120421,59446,60975,NA,96878,47709,49169,NA,23543,11737,11806,NA
"PUNJAB","RAWALPINDI","RAWALPINDI","KOTLI SATTIAN","TEHSIL","URDU",1392,712,680,NA,1287,656,631,NA,105,56,49,NA
"PUNJAB","LAHORE","LAHORE","LAHORE CANTT","TEHSIL","BALOCHI",860,340,520,NA,NA,NA,NA,NA,860,340,520,NA
"PUNJAB","LAHORE","LAHORE","LAHORE CANTT","TEHSIL","BALTI",969,406,563,NA,NA,NA,NA,NA,969,406,563,NA
"PUNJAB","LAHORE","LAHORE","LAHORE CANTT","TEHSIL","BRAHVI",33,18,15,NA,NA,NA,NA,NA,33,18,15,NA
"PUNJAB","LAHORE","LAHORE","LAHORE CANTT","TEHSIL","HINDKO",5283,2405,2878,NA,NA,NA,NA,NA,5283,2405,2878,NA
"PUNJAB","LAHORE","LAHORE","LAHORE CANTT","TEHSIL","KALASHA",39,20,19,NA,NA,NA,NA,NA,39,20,19,NA
"PUNJAB","LAHORE","LAHORE","LAHORE CANTT","TEHSIL","KASHMIRI",2862,1170,1691,1,NA,NA,NA,NA,2862,1170,1691,1
"PUNJAB","LAHORE","LAHORE","LAHORE CANTT","TEHSIL","KOHIOSTANI",55,22,33,NA,NA,NA,NA,NA,55,22,33,NA
"PUNJAB","LAHORE","LAHORE","LAHORE CANTT","TEHSIL","MEWATI",76158,36073,40085,NA,NA,NA,NA,NA,76158,36073,40085,NA
"PUNJAB","LAHORE","LAHORE","LAHORE CANTT","TEHSIL","OTHERS",2798,1235,1562,1,NA,NA,NA,NA,2798,1235,1562,1
"PUNJAB","LAHORE","LAHORE","LAHORE CANTT","TEHSIL","PUNJABI",1253062,582427,670376,259,NA,NA,NA,NA,1253062,582427,670376,259
"PUNJAB","LAHORE","LAHORE","LAHORE CANTT","TEHSIL","PUSHTO",29942,13236,16706,NA,NA,NA,NA,NA,29942,13236,16706,NA
"PUNJAB","LAHORE","LAHORE","LAHORE CANTT","TEHSIL","SARAIKI",12995,5387,7607,1,NA,NA,NA,NA,12995,5387,7607,1
"PUNJAB","LAHORE","LAHORE","LAHORE CANTT","TEHSIL","SHINA",413,167,246,NA,NA,NA,NA,NA,413,167,246,NA
"PUNJAB","LAHORE","LAHORE","LAHORE CANTT","TEHSIL","SINDHI",5201,2306,2895,NA,NA,NA,NA,NA,5201,2306,2895,NA
"PUNJAB","LAHORE","LAHORE","LAHORE CANTT","TEHSIL","TOTAL",1860427,866314,993827,286,NA,NA,NA,NA,1860427,866314,993827,286
"PUNJAB","LAHORE","LAHORE","LAHORE CANTT","TEHSIL","URDU",469757,221102,248631,24,NA,NA,NA,NA,469757,221102,248631,24
"PUNJAB","LAHORE","LAHORE","LAHORE CITY","TEHSIL","BALOCHI",1701,603,1098,NA,NA,NA,NA,NA,1701,603,1098,NA
"PUNJAB","LAHORE","LAHORE","LAHORE CITY","TEHSIL","BALTI",346,154,192,NA,NA,NA,NA,NA,346,154,192,NA
"PUNJAB","LAHORE","LAHORE","LAHORE CITY","TEHSIL","BRAHVI",38,11,27,NA,NA,NA,NA,NA,38,11,27,NA
"PUNJAB","LAHORE","LAHORE","LAHORE CITY","TEHSIL","HINDKO",7148,3248,3898,2,NA,NA,NA,NA,7148,3248,3898,2
"PUNJAB","LAHORE","LAHORE","LAHORE CITY","TEHSIL","KALASHA",43,17,26,NA,NA,NA,NA,NA,43,17,26,NA
"PUNJAB","LAHORE","LAHORE","LAHORE CITY","TEHSIL","KASHMIRI",3811,1456,2353,2,NA,NA,NA,NA,3811,1456,2353,2
"PUNJAB","LAHORE","LAHORE","LAHORE CITY","TEHSIL","KOHIOSTANI",307,133,174,NA,NA,NA,NA,NA,307,133,174,NA
"PUNJAB","LAHORE","LAHORE","LAHORE CITY","TEHSIL","MEWATI",2784,1273,1510,1,NA,NA,NA,NA,2784,1273,1510,1
"PUNJAB","LAHORE","LAHORE","LAHORE CITY","TEHSIL","OTHERS",4745,1972,2769,4,NA,NA,NA,NA,4745,1972,2769,4
"PUNJAB","LAHORE","LAHORE","LAHORE CITY","TEHSIL","PUNJABI",3049924,1417164,1631268,1492,NA,NA,NA,NA,3049924,1417164,1631268,1492
"PUNJAB","LAHORE","LAHORE","LAHORE CITY","TEHSIL","PUSHTO",113755,50543,63206,6,NA,NA,NA,NA,113755,50543,63206,6
"PUNJAB","LAHORE","LAHORE","LAHORE CITY","TEHSIL","SARAIKI",16862,6882,9976,4,NA,NA,NA,NA,16862,6882,9976,4
"PUNJAB","LAHORE","LAHORE","LAHORE CITY","TEHSIL","SHINA",165,53,110,2,NA,NA,NA,NA,165,53,110,2
"PUNJAB","LAHORE","LAHORE","LAHORE CITY","TEHSIL","SINDHI",7736,3451,4281,4,NA,NA,NA,NA,7736,3451,4281,4
"PUNJAB","LAHORE","LAHORE","LAHORE CITY","TEHSIL","TOTAL",4123354,1917723,2203776,1855,NA,NA,NA,NA,4123354,1917723,2203776,1855
"PUNJAB","LAHORE","LAHORE","LAHORE CITY","TEHSIL","URDU",913989,430763,482888,338,NA,NA,NA,NA,913989,430763,482888,338
"PUNJAB","FAISALABAD","CHINIOT","LALIAN","TEHSIL","BALOCHI",149,66,83,NA,15,9,6,NA,134,57,77,NA
"PUNJAB","FAISALABAD","CHINIOT","LALIAN","TEHSIL","BALTI",NA,NA,NA,NA,NA,NA,NA,NA,NA,NA,NA,NA
"PUNJAB","FAISALABAD","CHINIOT","LALIAN","TEHSIL","BRAHVI",NA,NA,NA,NA,NA,NA,NA,NA,NA,NA,NA,NA
"PUNJAB","FAISALABAD","CHINIOT","LALIAN","TEHSIL","HINDKO",30,15,15,NA,3,NA,3,NA,27,15,12,NA
"PUNJAB","FAISALABAD","CHINIOT","LALIAN","TEHSIL","KALASHA",NA,NA,NA,NA,NA,NA,NA,NA,NA,NA,NA,NA
"PUNJAB","FAISALABAD","CHINIOT","LALIAN","TEHSIL","KASHMIRI",193,98,95,NA,20,12,8,NA,173,86,87,NA
"PUNJAB","FAISALABAD","CHINIOT","LALIAN","TEHSIL","KOHIOSTANI",195,102,93,NA,23,10,13,NA,172,92,80,NA
"PUNJAB","FAISALABAD","CHINIOT","LALIAN","TEHSIL","MEWATI",6,3,3,NA,6,3,3,NA,NA,NA,NA,NA
"PUNJAB","FAISALABAD","CHINIOT","LALIAN","TEHSIL","OTHERS",32,21,11,NA,4,1,3,NA,28,20,8,NA
"PUNJAB","FAISALABAD","CHINIOT","LALIAN","TEHSIL","PUNJABI",476063,236569,239418,76,360543,178484,182039,20,115520,58085,57379,56
"PUNJAB","FAISALABAD","CHINIOT","LALIAN","TEHSIL","PUSHTO",6210,3055,3155,NA,3600,1775,1825,NA,2610,1280,1330,NA
"PUNJAB","FAISALABAD","CHINIOT","LALIAN","TEHSIL","SARAIKI",1197,538,659,NA,154,71,83,NA,1043,467,576,NA
"PUNJAB","FAISALABAD","CHINIOT","LALIAN","TEHSIL","SHINA",2,2,NA,NA,1,1,NA,NA,1,1,NA,NA
"PUNJAB","FAISALABAD","CHINIOT","LALIAN","TEHSIL","SINDHI",949,493,456,NA,589,331,258,NA,360,162,198,NA
"PUNJAB","FAISALABAD","CHINIOT","LALIAN","TEHSIL","TOTAL",500786,249161,251549,76,366549,181528,185001,20,134237,67633,66548,56
"PUNJAB","FAISALABAD","CHINIOT","LALIAN","TEHSIL","URDU",15760,8199,7561,NA,1591,831,760,NA,14169,7368,6801,NA
"PUNJAB","RAWALPINDI","CHAKWAL","LAWA","TEHSIL","BALOCHI",NA,NA,NA,NA,NA,NA,NA,NA,NA,NA,NA,NA
"PUNJAB","RAWALPINDI","CHAKWAL","LAWA","TEHSIL","BALTI",1,1,NA,NA,1,1,NA,NA,NA,NA,NA,NA
"PUNJAB","RAWALPINDI","CHAKWAL","LAWA","TEHSIL","BRAHVI",NA,NA,NA,NA,NA,NA,NA,NA,NA,NA,NA,NA
"PUNJAB","RAWALPINDI","CHAKWAL","LAWA","TEHSIL","HINDKO",1054,510,544,NA,57,29,28,NA,997,481,516,NA
"PUNJAB","RAWALPINDI","CHAKWAL","LAWA","TEHSIL","KALASHA",NA,NA,NA,NA,NA,NA,NA,NA,NA,NA,NA,NA
"PUNJAB","RAWALPINDI","CHAKWAL","LAWA","TEHSIL","KASHMIRI",161,87,74,NA,161,87,74,NA,NA,NA,NA,NA
"PUNJAB","RAWALPINDI","CHAKWAL","LAWA","TEHSIL","KOHIOSTANI",NA,NA,NA,NA,NA,NA,NA,NA,NA,NA,NA,NA
"PUNJAB","RAWALPINDI","CHAKWAL","LAWA","TEHSIL","MEWATI",NA,NA,NA,NA,NA,NA,NA,NA,NA,NA,NA,NA
"PUNJAB","RAWALPINDI","CHAKWAL","LAWA","TEHSIL","OTHERS",17,10,7,NA,14,8,6,NA,3,2,1,NA
"PUNJAB","RAWALPINDI","CHAKWAL","LAWA","TEHSIL","PUNJABI",138730,68802,69928,NA,120554,59665,60889,NA,18176,9137,9039,NA
"PUNJAB","RAWALPINDI","CHAKWAL","LAWA","TEHSIL","PUSHTO",2555,1245,1310,NA,2411,1177,1234,NA,144,68,76,NA
"PUNJAB","RAWALPINDI","CHAKWAL","LAWA","TEHSIL","SARAIKI",1284,623,661,NA,99,58,41,NA,1185,565,620,NA
"PUNJAB","RAWALPINDI","CHAKWAL","LAWA","TEHSIL","SHINA",NA,NA,NA,NA,NA,NA,NA,NA,NA,NA,NA,NA
"PUNJAB","RAWALPINDI","CHAKWAL","LAWA","TEHSIL","SINDHI",150,81,69,NA,123,67,56,NA,27,14,13,NA
"PUNJAB","RAWALPINDI","CHAKWAL","LAWA","TEHSIL","TOTAL",144611,71707,72904,NA,123992,61396,62596,NA,20619,10311,10308,NA
"PUNJAB","RAWALPINDI","CHAKWAL","LAWA","TEHSIL","URDU",659,348,311,NA,572,304,268,NA,87,44,43,NA
"PUNJAB","DERA GHAZI KHAN","LAYYAH","LAYYAH","TEHSIL","BALOCHI",764,368,396,NA,551,269,282,NA,213,99,114,NA
"PUNJAB","DERA GHAZI KHAN","LAYYAH","LAYYAH","TEHSIL","BALTI",425,205,220,NA,425,205,220,NA,NA,NA,NA,NA
"PUNJAB","DERA GHAZI KHAN","LAYYAH","LAYYAH","TEHSIL","BRAHVI",NA,NA,NA,NA,NA,NA,NA,NA,NA,NA,NA,NA
"PUNJAB","DERA GHAZI KHAN","LAYYAH","LAYYAH","TEHSIL","HINDKO",679,317,362,NA,345,151,194,NA,334,166,168,NA
"PUNJAB","DERA GHAZI KHAN","LAYYAH","LAYYAH","TEHSIL","KALASHA",1,NA,1,NA,1,NA,1,NA,NA,NA,NA,NA
"PUNJAB","DERA GHAZI KHAN","LAYYAH","LAYYAH","TEHSIL","KASHMIRI",248,141,107,NA,213,123,90,NA,35,18,17,NA
"PUNJAB","DERA GHAZI KHAN","LAYYAH","LAYYAH","TEHSIL","KOHIOSTANI",1,NA,1,NA,NA,NA,NA,NA,1,NA,1,NA
"PUNJAB","DERA GHAZI KHAN","LAYYAH","LAYYAH","TEHSIL","MEWATI",45,19,26,NA,27,13,14,NA,18,6,12,NA
"PUNJAB","DERA GHAZI KHAN","LAYYAH","LAYYAH","TEHSIL","OTHERS",1422,685,737,NA,1204,586,618,NA,218,99,119,NA
"PUNJAB","DERA GHAZI KHAN","LAYYAH","LAYYAH","TEHSIL","PUNJABI",230058,112594,117436,28,145008,70833,74156,19,85050,41761,43280,9
"PUNJAB","DERA GHAZI KHAN","LAYYAH","LAYYAH","TEHSIL","PUSHTO",19920,9446,10474,NA,14849,7017,7832,NA,5071,2429,2642,NA
"PUNJAB","DERA GHAZI KHAN","LAYYAH","LAYYAH","TEHSIL","SARAIKI",817333,396960,420355,18,702133,340966,361156,11,115200,55994,59199,7
"PUNJAB","DERA GHAZI KHAN","LAYYAH","LAYYAH","TEHSIL","SHINA",1,1,NA,NA,1,1,NA,NA,NA,NA,NA,NA
"PUNJAB","DERA GHAZI KHAN","LAYYAH","LAYYAH","TEHSIL","SINDHI",637,313,324,NA,369,184,185,NA,268,129,139,NA
"PUNJAB","DERA GHAZI KHAN","LAYYAH","LAYYAH","TEHSIL","TOTAL",1118575,543986,574543,46,879925,427442,452453,30,238650,116544,122090,16
"PUNJAB","DERA GHAZI KHAN","LAYYAH","LAYYAH","TEHSIL","URDU",47041,22937,24104,NA,14799,7094,7705,NA,32242,15843,16399,NA
"PUNJAB","BAHAWALPUR","RAHIM YAR KHAN","LIAQUAT PUR","TEHSIL","BALOCHI",2239,1089,1150,NA,2231,1085,1146,NA,8,4,4,NA
"PUNJAB","BAHAWALPUR","RAHIM YAR KHAN","LIAQUAT PUR","TEHSIL","BALTI",NA,NA,NA,NA,NA,NA,NA,NA,NA,NA,NA,NA
"PUNJAB","BAHAWALPUR","RAHIM YAR KHAN","LIAQUAT PUR","TEHSIL","BRAHVI",78,32,46,NA,78,32,46,NA,NA,NA,NA,NA
"PUNJAB","BAHAWALPUR","RAHIM YAR KHAN","LIAQUAT PUR","TEHSIL","HINDKO",5757,2782,2975,NA,5669,2737,2932,NA,88,45,43,NA
"PUNJAB","BAHAWALPUR","RAHIM YAR KHAN","LIAQUAT PUR","TEHSIL","KALASHA",1,NA,1,NA,1,NA,1,NA,NA,NA,NA,NA
"PUNJAB","BAHAWALPUR","RAHIM YAR KHAN","LIAQUAT PUR","TEHSIL","KASHMIRI",390,206,184,NA,350,189,161,NA,40,17,23,NA
"PUNJAB","BAHAWALPUR","RAHIM YAR KHAN","LIAQUAT PUR","TEHSIL","KOHIOSTANI",1,NA,1,NA,1,NA,1,NA,NA,NA,NA,NA
"PUNJAB","BAHAWALPUR","RAHIM YAR KHAN","LIAQUAT PUR","TEHSIL","MEWATI",579,284,295,NA,578,283,295,NA,1,1,NA,NA
"PUNJAB","BAHAWALPUR","RAHIM YAR KHAN","LIAQUAT PUR","TEHSIL","OTHERS",13426,6524,6901,1,11308,5468,5840,NA,2118,1056,1061,1
"PUNJAB","BAHAWALPUR","RAHIM YAR KHAN","LIAQUAT PUR","TEHSIL","PUNJABI",182877,88081,94751,45,150513,72399,78096,18,32364,15682,16655,27
"PUNJAB","BAHAWALPUR","RAHIM YAR KHAN","LIAQUAT PUR","TEHSIL","PUSHTO",7731,3645,4086,NA,6784,3214,3570,NA,947,431,516,NA
"PUNJAB","BAHAWALPUR","RAHIM YAR KHAN","LIAQUAT PUR","TEHSIL","SARAIKI",997094,476932,520019,143,934456,446932,487419,105,62638,30000,32600,38
"PUNJAB","BAHAWALPUR","RAHIM YAR KHAN","LIAQUAT PUR","TEHSIL","SHINA",69,30,39,NA,66,28,38,NA,3,2,1,NA
"PUNJAB","BAHAWALPUR","RAHIM YAR KHAN","LIAQUAT PUR","TEHSIL","SINDHI",9080,4308,4772,NA,9036,4291,4745,NA,44,17,27,NA
"PUNJAB","BAHAWALPUR","RAHIM YAR KHAN","LIAQUAT PUR","TEHSIL","TOTAL",1234974,591510,643268,196,1132382,542147,590110,125,102592,49363,53158,71
"PUNJAB","BAHAWALPUR","RAHIM YAR KHAN","LIAQUAT PUR","TEHSIL","URDU",15652,7597,8048,7,11311,5489,5820,2,4341,2108,2228,5
"PUNJAB","MULTAN","LODHRAN","LODHRAN","TEHSIL","BALOCHI",306,147,159,NA,261,127,134,NA,45,20,25,NA
"PUNJAB","MULTAN","LODHRAN","LODHRAN","TEHSIL","BALTI",2,1,1,NA,2,1,1,NA,NA,NA,NA,NA
"PUNJAB","MULTAN","LODHRAN","LODHRAN","TEHSIL","BRAHVI",20,9,11,NA,1,1,NA,NA,19,8,11,NA
"PUNJAB","MULTAN","LODHRAN","LODHRAN","TEHSIL","HINDKO",1960,923,1037,NA,1859,874,985,NA,101,49,52,NA
"PUNJAB","MULTAN","LODHRAN","LODHRAN","TEHSIL","KALASHA",6,3,3,NA,6,3,3,NA,NA,NA,NA,NA
"PUNJAB","MULTAN","LODHRAN","LODHRAN","TEHSIL","KASHMIRI",253,142,111,NA,206,115,91,NA,47,27,20,NA
"PUNJAB","MULTAN","LODHRAN","LODHRAN","TEHSIL","KOHIOSTANI",2,NA,2,NA,2,NA,2,NA,NA,NA,NA,NA
"PUNJAB","MULTAN","LODHRAN","LODHRAN","TEHSIL","MEWATI",11492,5518,5974,NA,11125,5347,5778,NA,367,171,196,NA
"PUNJAB","MULTAN","LODHRAN","LODHRAN","TEHSIL","OTHERS",13854,6684,7169,1,12064,5791,6272,1,1790,893,897,NA
"PUNJAB","MULTAN","LODHRAN","LODHRAN","TEHSIL","PUNJABI",66979,32677,34296,6,53674,26152,27519,3,13305,6525,6777,3
"PUNJAB","MULTAN","LODHRAN","LODHRAN","TEHSIL","PUSHTO",3288,1528,1760,NA,2511,1181,1330,NA,777,347,430,NA
"PUNJAB","MULTAN","LODHRAN","LODHRAN","TEHSIL","SARAIKI",651862,313588,338224,50,551105,264735,286342,28,100757,48853,51882,22
"PUNJAB","MULTAN","LODHRAN","LODHRAN","TEHSIL","SHINA",1,NA,1,NA,NA,NA,NA,NA,1,NA,1,NA
"PUNJAB","MULTAN","LODHRAN","LODHRAN","TEHSIL","SINDHI",112,50,61,1,71,33,38,NA,41,17,23,1
"PUNJAB","MULTAN","LODHRAN","LODHRAN","TEHSIL","TOTAL",808971,389936,418971,64,664611,319843,344735,33,144360,70093,74236,31
"PUNJAB","MULTAN","LODHRAN","LODHRAN","TEHSIL","URDU",58834,28666,30162,6,31724,15483,16240,1,27110,13183,13922,5
"PUNJAB","MULTAN","VEHARI","MAILSI","TEHSIL","BALOCHI",363,137,226,NA,319,132,187,NA,44,5,39,NA
"PUNJAB","MULTAN","VEHARI","MAILSI","TEHSIL","BALTI",2,NA,2,NA,2,NA,2,NA,NA,NA,NA,NA
"PUNJAB","MULTAN","VEHARI","MAILSI","TEHSIL","BRAHVI",23,11,12,NA,NA,NA,NA,NA,23,11,12,NA
"PUNJAB","MULTAN","VEHARI","MAILSI","TEHSIL","HINDKO",230,122,108,NA,201,111,90,NA,29,11,18,NA
"PUNJAB","MULTAN","VEHARI","MAILSI","TEHSIL","KALASHA",NA,NA,NA,NA,NA,NA,NA,NA,NA,NA,NA,NA
"PUNJAB","MULTAN","VEHARI","MAILSI","TEHSIL","KASHMIRI",269,129,140,NA,228,115,113,NA,41,14,27,NA
"PUNJAB","MULTAN","VEHARI","MAILSI","TEHSIL","KOHIOSTANI",NA,NA,NA,NA,NA,NA,NA,NA,NA,NA,NA,NA
"PUNJAB","MULTAN","VEHARI","MAILSI","TEHSIL","MEWATI",800,402,398,NA,766,384,382,NA,34,18,16,NA
"PUNJAB","MULTAN","VEHARI","MAILSI","TEHSIL","OTHERS",8095,4054,4041,NA,7614,3813,3801,NA,481,241,240,NA
"PUNJAB","MULTAN","VEHARI","MAILSI","TEHSIL","PUNJABI",351313,173881,177404,28,308639,152913,155708,18,42674,20968,21696,10
"PUNJAB","MULTAN","VEHARI","MAILSI","TEHSIL","PUSHTO",3884,1885,1999,NA,3261,1605,1656,NA,623,280,343,NA
"PUNJAB","MULTAN","VEHARI","MAILSI","TEHSIL","SARAIKI",641352,315971,325298,83,543299,267812,275423,64,98053,48159,49875,19
"PUNJAB","MULTAN","VEHARI","MAILSI","TEHSIL","SHINA",NA,NA,NA,NA,NA,NA,NA,NA,NA,NA,NA,NA
"PUNJAB","MULTAN","VEHARI","MAILSI","TEHSIL","SINDHI",594,313,281,NA,515,274,241,NA,79,39,40,NA
"PUNJAB","MULTAN","VEHARI","MAILSI","TEHSIL","TOTAL",1118673,551943,566611,119,908099,448561,459456,82,210574,103382,107155,37
"PUNJAB","MULTAN","VEHARI","MAILSI","TEHSIL","URDU",111748,55038,56702,8,43255,21402,21853,NA,68493,33636,34849,8
"PUNJAB","GUJRANWALA","MANDI BAHAUDDIN","MALAKWAL","TEHSIL","BALOCHI",28,12,16,NA,6,2,4,NA,22,10,12,NA
"PUNJAB","GUJRANWALA","MANDI BAHAUDDIN","MALAKWAL","TEHSIL","BALTI",2,1,1,NA,2,1,1,NA,NA,NA,NA,NA
"PUNJAB","GUJRANWALA","MANDI BAHAUDDIN","MALAKWAL","TEHSIL","BRAHVI",1,1,NA,NA,NA,NA,NA,NA,1,1,NA,NA
"PUNJAB","GUJRANWALA","MANDI BAHAUDDIN","MALAKWAL","TEHSIL","HINDKO",23,13,10,NA,19,10,9,NA,4,3,1,NA
"PUNJAB","GUJRANWALA","MANDI BAHAUDDIN","MALAKWAL","TEHSIL","KALASHA",NA,NA,NA,NA,NA,NA,NA,NA,NA,NA,NA,NA
"PUNJAB","GUJRANWALA","MANDI BAHAUDDIN","MALAKWAL","TEHSIL","KASHMIRI",32,17,15,NA,31,17,14,NA,1,NA,1,NA
"PUNJAB","GUJRANWALA","MANDI BAHAUDDIN","MALAKWAL","TEHSIL","KOHIOSTANI",4,2,2,NA,4,2,2,NA,NA,NA,NA,NA
"PUNJAB","GUJRANWALA","MANDI BAHAUDDIN","MALAKWAL","TEHSIL","MEWATI",17,8,9,NA,17,8,9,NA,NA,NA,NA,NA
"PUNJAB","GUJRANWALA","MANDI BAHAUDDIN","MALAKWAL","TEHSIL","OTHERS",62,26,36,NA,60,26,34,NA,2,NA,2,NA
"PUNJAB","GUJRANWALA","MANDI BAHAUDDIN","MALAKWAL","TEHSIL","PUNJABI",412211,205132,207021,58,365626,181667,183917,42,46585,23465,23104,16
"PUNJAB","GUJRANWALA","MANDI BAHAUDDIN","MALAKWAL","TEHSIL","PUSHTO",6331,3080,3251,NA,5612,2724,2888,NA,719,356,363,NA
"PUNJAB","GUJRANWALA","MANDI BAHAUDDIN","MALAKWAL","TEHSIL","SARAIKI",689,294,395,NA,385,158,227,NA,304,136,168,NA
"PUNJAB","GUJRANWALA","MANDI BAHAUDDIN","MALAKWAL","TEHSIL","SHINA",7,6,1,NA,7,6,1,NA,NA,NA,NA,NA
"PUNJAB","GUJRANWALA","MANDI BAHAUDDIN","MALAKWAL","TEHSIL","SINDHI",574,310,264,NA,506,274,232,NA,68,36,32,NA
"PUNJAB","GUJRANWALA","MANDI BAHAUDDIN","MALAKWAL","TEHSIL","TOTAL",429189,213641,215489,59,377909,187789,190077,43,51280,25852,25412,16
"PUNJAB","GUJRANWALA","MANDI BAHAUDDIN","MALAKWAL","TEHSIL","URDU",9208,4739,4468,1,5634,2894,2739,1,3574,1845,1729,NA
"PUNJAB","GUJRANWALA","MANDI BAHAUDDIN","MANDI BAHAUDDIN","TEHSIL","BALOCHI",613,290,323,NA,513,247,266,NA,100,43,57,NA
"PUNJAB","GUJRANWALA","MANDI BAHAUDDIN","MANDI BAHAUDDIN","TEHSIL","BALTI",19,8,11,NA,NA,NA,NA,NA,19,8,11,NA
"PUNJAB","GUJRANWALA","MANDI BAHAUDDIN","MANDI BAHAUDDIN","TEHSIL","BRAHVI",NA,NA,NA,NA,NA,NA,NA,NA,NA,NA,NA,NA
"PUNJAB","GUJRANWALA","MANDI BAHAUDDIN","MANDI BAHAUDDIN","TEHSIL","HINDKO",67,37,30,NA,24,13,11,NA,43,24,19,NA
"PUNJAB","GUJRANWALA","MANDI BAHAUDDIN","MANDI BAHAUDDIN","TEHSIL","KALASHA",NA,NA,NA,NA,NA,NA,NA,NA,NA,NA,NA,NA
"PUNJAB","GUJRANWALA","MANDI BAHAUDDIN","MANDI BAHAUDDIN","TEHSIL","KASHMIRI",93,55,38,NA,41,26,15,NA,52,29,23,NA
"PUNJAB","GUJRANWALA","MANDI BAHAUDDIN","MANDI BAHAUDDIN","TEHSIL","KOHIOSTANI",412,203,209,NA,325,164,161,NA,87,39,48,NA
"PUNJAB","GUJRANWALA","MANDI BAHAUDDIN","MANDI BAHAUDDIN","TEHSIL","MEWATI",NA,NA,NA,NA,NA,NA,NA,NA,NA,NA,NA,NA
"PUNJAB","GUJRANWALA","MANDI BAHAUDDIN","MANDI BAHAUDDIN","TEHSIL","OTHERS",303,128,175,NA,239,95,144,NA,64,33,31,NA
"PUNJAB","GUJRANWALA","MANDI BAHAUDDIN","MANDI BAHAUDDIN","TEHSIL","PUNJABI",685517,342130,343340,47,500887,250862,250012,13,184630,91268,93328,34
"PUNJAB","GUJRANWALA","MANDI BAHAUDDIN","MANDI BAHAUDDIN","TEHSIL","PUSHTO",14277,6823,7454,NA,8548,4110,4438,NA,5729,2713,3016,NA
"PUNJAB","GUJRANWALA","MANDI BAHAUDDIN","MANDI BAHAUDDIN","TEHSIL","SARAIKI",1054,450,603,1,667,271,396,NA,387,179,207,1
"PUNJAB","GUJRANWALA","MANDI BAHAUDDIN","MANDI BAHAUDDIN","TEHSIL","SHINA",12,10,2,NA,12,10,2,NA,NA,NA,NA,NA
"PUNJAB","GUJRANWALA","MANDI BAHAUDDIN","MANDI BAHAUDDIN","TEHSIL","SINDHI",1554,787,767,NA,1162,585,577,NA,392,202,190,NA
"PUNJAB","GUJRANWALA","MANDI BAHAUDDIN","MANDI BAHAUDDIN","TEHSIL","TOTAL",764327,381373,382904,50,532167,266515,265639,13,232160,114858,117265,37
"PUNJAB","GUJRANWALA","MANDI BAHAUDDIN","MANDI BAHAUDDIN","TEHSIL","URDU",60406,30452,29952,2,19749,10132,9617,NA,40657,20320,20335,2
"PUNJAB","SARGODHA","BHAKKAR","MANKERA","TEHSIL","BALOCHI",88,39,49,NA,83,36,47,NA,5,3,2,NA
"PUNJAB","SARGODHA","BHAKKAR","MANKERA","TEHSIL","BALTI",NA,NA,NA,NA,NA,NA,NA,NA,NA,NA,NA,NA
"PUNJAB","SARGODHA","BHAKKAR","MANKERA","TEHSIL","BRAHVI",NA,NA,NA,NA,NA,NA,NA,NA,NA,NA,NA,NA
"PUNJAB","SARGODHA","BHAKKAR","MANKERA","TEHSIL","HINDKO",98,49,49,NA,56,25,31,NA,42,24,18,NA
"PUNJAB","SARGODHA","BHAKKAR","MANKERA","TEHSIL","KALASHA",NA,NA,NA,NA,NA,NA,NA,NA,NA,NA,NA,NA
"PUNJAB","SARGODHA","BHAKKAR","MANKERA","TEHSIL","KASHMIRI",126,58,68,NA,114,53,61,NA,12,5,7,NA
"PUNJAB","SARGODHA","BHAKKAR","MANKERA","TEHSIL","KOHIOSTANI",NA,NA,NA,NA,NA,NA,NA,NA,NA,NA,NA,NA
"PUNJAB","SARGODHA","BHAKKAR","MANKERA","TEHSIL","MEWATI",28,11,17,NA,28,11,17,NA,NA,NA,NA,NA
"PUNJAB","SARGODHA","BHAKKAR","MANKERA","TEHSIL","OTHERS",246,115,131,NA,150,72,78,NA,96,43,53,NA
"PUNJAB","SARGODHA","BHAKKAR","MANKERA","TEHSIL","PUNJABI",44111,21372,22738,1,38902,18847,20054,1,5209,2525,2684,NA
"PUNJAB","SARGODHA","BHAKKAR","MANKERA","TEHSIL","PUSHTO",5650,2771,2879,NA,5216,2559,2657,NA,434,212,222,NA
"PUNJAB","SARGODHA","BHAKKAR","MANKERA","TEHSIL","SARAIKI",252795,121272,131518,5,218051,104834,113214,3,34744,16438,18304,2
"PUNJAB","SARGODHA","BHAKKAR","MANKERA","TEHSIL","SHINA",4,2,2,NA,NA,NA,NA,NA,4,2,2,NA
"PUNJAB","SARGODHA","BHAKKAR","MANKERA","TEHSIL","SINDHI",94,48,46,NA,89,46,43,NA,5,2,3,NA
"PUNJAB","SARGODHA","BHAKKAR","MANKERA","TEHSIL","TOTAL",310543,149211,161326,6,267042,128553,138485,4,43501,20658,22841,2
"PUNJAB","SARGODHA","BHAKKAR","MANKERA","TEHSIL","URDU",7303,3474,3829,NA,4353,2070,2283,NA,2950,1404,1546,NA
"PUNJAB","MULTAN","KHANEWAL","MIAN CHANNU","TEHSIL","BALOCHI",443,215,228,NA,339,165,174,NA,104,50,54,NA
"PUNJAB","MULTAN","KHANEWAL","MIAN CHANNU","TEHSIL","BALTI",2,2,NA,NA,2,2,NA,NA,NA,NA,NA,NA
"PUNJAB","MULTAN","KHANEWAL","MIAN CHANNU","TEHSIL","BRAHVI",3,NA,3,NA,NA,NA,NA,NA,3,NA,3,NA
"PUNJAB","MULTAN","KHANEWAL","MIAN CHANNU","TEHSIL","HINDKO",58,31,27,NA,42,19,23,NA,16,12,4,NA
"PUNJAB","MULTAN","KHANEWAL","MIAN CHANNU","TEHSIL","KALASHA",1,NA,1,NA,1,NA,1,NA,NA,NA,NA,NA
"PUNJAB","MULTAN","KHANEWAL","MIAN CHANNU","TEHSIL","KASHMIRI",21,13,8,NA,19,12,7,NA,2,1,1,NA
"PUNJAB","MULTAN","KHANEWAL","MIAN CHANNU","TEHSIL","KOHIOSTANI",1,NA,1,NA,1,NA,1,NA,NA,NA,NA,NA
"PUNJAB","MULTAN","KHANEWAL","MIAN CHANNU","TEHSIL","MEWATI",1228,606,622,NA,424,217,207,NA,804,389,415,NA
"PUNJAB","MULTAN","KHANEWAL","MIAN CHANNU","TEHSIL","OTHERS",635,306,329,NA,618,297,321,NA,17,9,8,NA
"PUNJAB","MULTAN","KHANEWAL","MIAN CHANNU","TEHSIL","PUNJABI",814531,399262,415194,75,658074,322266,335780,28,156457,76996,79414,47
"PUNJAB","MULTAN","KHANEWAL","MIAN CHANNU","TEHSIL","PUSHTO",7389,3603,3786,NA,6471,3188,3283,NA,918,415,503,NA
"PUNJAB","MULTAN","KHANEWAL","MIAN CHANNU","TEHSIL","SARAIKI",17897,8544,9351,2,17002,8126,8874,2,895,418,477,NA
"PUNJAB","MULTAN","KHANEWAL","MIAN CHANNU","TEHSIL","SHINA",NA,NA,NA,NA,NA,NA,NA,NA,NA,NA,NA,NA
"PUNJAB","MULTAN","KHANEWAL","MIAN CHANNU","TEHSIL","SINDHI",1416,723,693,NA,1143,589,554,NA,273,134,139,NA
"PUNJAB","MULTAN","KHANEWAL","MIAN CHANNU","TEHSIL","TOTAL",872479,427612,444789,78,697375,341484,355860,31,175104,86128,88929,47
"PUNJAB","MULTAN","KHANEWAL","MIAN CHANNU","TEHSIL","URDU",28854,14307,14546,1,13239,6603,6635,1,15615,7704,7911,NA
"PUNJAB","SARGODHA","MIANWALI","MIANWALI","TEHSIL","BALOCHI",297,127,169,1,266,110,155,1,31,17,14,NA
"PUNJAB","SARGODHA","MIANWALI","MIANWALI","TEHSIL","BALTI",3,1,2,NA,2,NA,2,NA,1,1,NA,NA
"PUNJAB","SARGODHA","MIANWALI","MIANWALI","TEHSIL","BRAHVI",29,19,10,NA,28,19,9,NA,1,NA,1,NA
"PUNJAB","SARGODHA","MIANWALI","MIANWALI","TEHSIL","HINDKO",57832,28357,29474,1,57639,28258,29380,1,193,99,94,NA
"PUNJAB","SARGODHA","MIANWALI","MIANWALI","TEHSIL","KALASHA",1,1,NA,NA,1,1,NA,NA,NA,NA,NA,NA
"PUNJAB","SARGODHA","MIANWALI","MIANWALI","TEHSIL","KASHMIRI",335,157,178,NA,286,136,150,NA,49,21,28,NA
"PUNJAB","SARGODHA","MIANWALI","MIANWALI","TEHSIL","KOHIOSTANI",3,2,1,NA,NA,NA,NA,NA,3,2,1,NA
"PUNJAB","SARGODHA","MIANWALI","MIANWALI","TEHSIL","MEWATI",324,164,160,NA,324,164,160,NA,NA,NA,NA,NA
"PUNJAB","SARGODHA","MIANWALI","MIANWALI","TEHSIL","OTHERS",5163,2529,2634,NA,5100,2495,2605,NA,63,34,29,NA
"PUNJAB","SARGODHA","MIANWALI","MIANWALI","TEHSIL","PUNJABI",63475,30509,32965,1,47890,23259,24631,NA,15585,7250,8334,1
"PUNJAB","SARGODHA","MIANWALI","MIANWALI","TEHSIL","PUSHTO",34207,16208,17997,2,28915,13647,15268,NA,5292,2561,2729,2
"PUNJAB","SARGODHA","MIANWALI","MIANWALI","TEHSIL","SARAIKI",735110,358757,376337,16,598829,292684,306135,10,136281,66073,70202,6
"PUNJAB","SARGODHA","MIANWALI","MIANWALI","TEHSIL","SHINA",12,5,7,NA,4,1,3,NA,8,4,4,NA
"PUNJAB","SARGODHA","MIANWALI","MIANWALI","TEHSIL","SINDHI",278,138,140,NA,206,100,106,NA,72,38,34,NA
"PUNJAB","SARGODHA","MIANWALI","MIANWALI","TEHSIL","TOTAL",906756,441692,465038,26,744174,363125,381037,12,162582,78567,84001,14
"PUNJAB","SARGODHA","MIANWALI","MIANWALI","TEHSIL","URDU",9687,4718,4964,5,4684,2251,2433,NA,5003,2467,2531,5
"PUNJAB","BAHAWALPUR","BAHAWALNAGAR","MINCHINABAD","TEHSIL","BALOCHI",123,64,59,NA,122,64,58,NA,1,NA,1,NA
"PUNJAB","BAHAWALPUR","BAHAWALNAGAR","MINCHINABAD","TEHSIL","BALTI",NA,NA,NA,NA,NA,NA,NA,NA,NA,NA,NA,NA
"PUNJAB","BAHAWALPUR","BAHAWALNAGAR","MINCHINABAD","TEHSIL","BRAHVI",1,1,NA,NA,1,1,NA,NA,NA,NA,NA,NA
"PUNJAB","BAHAWALPUR","BAHAWALNAGAR","MINCHINABAD","TEHSIL","HINDKO",1,NA,1,NA,NA,NA,NA,NA,1,NA,1,NA
"PUNJAB","BAHAWALPUR","BAHAWALNAGAR","MINCHINABAD","TEHSIL","KALASHA",NA,NA,NA,NA,NA,NA,NA,NA,NA,NA,NA,NA
"PUNJAB","BAHAWALPUR","BAHAWALNAGAR","MINCHINABAD","TEHSIL","KASHMIRI",4,NA,4,NA,2,NA,2,NA,2,NA,2,NA
"PUNJAB","BAHAWALPUR","BAHAWALNAGAR","MINCHINABAD","TEHSIL","KOHIOSTANI",NA,NA,NA,NA,NA,NA,NA,NA,NA,NA,NA,NA
"PUNJAB","BAHAWALPUR","BAHAWALNAGAR","MINCHINABAD","TEHSIL","MEWATI",2478,1187,1291,NA,1706,813,893,NA,772,374,398,NA
"PUNJAB","BAHAWALPUR","BAHAWALNAGAR","MINCHINABAD","TEHSIL","OTHERS",36,14,22,NA,11,2,9,NA,25,12,13,NA
"PUNJAB","BAHAWALPUR","BAHAWALNAGAR","MINCHINABAD","TEHSIL","PUNJABI",592525,283852,308645,28,479784,229694,250083,7,112741,54158,58562,21
"PUNJAB","BAHAWALPUR","BAHAWALNAGAR","MINCHINABAD","TEHSIL","PUSHTO",863,409,454,NA,694,322,372,NA,169,87,82,NA
"PUNJAB","BAHAWALPUR","BAHAWALNAGAR","MINCHINABAD","TEHSIL","SARAIKI",97,53,44,NA,31,18,13,NA,66,35,31,NA
"PUNJAB","BAHAWALPUR","BAHAWALNAGAR","MINCHINABAD","TEHSIL","SHINA",NA,NA,NA,NA,NA,NA,NA,NA,NA,NA,NA,NA
"PUNJAB","BAHAWALPUR","BAHAWALNAGAR","MINCHINABAD","TEHSIL","SINDHI",940,514,425,1,792,432,359,1,148,82,66,NA
"PUNJAB","BAHAWALPUR","BAHAWALNAGAR","MINCHINABAD","TEHSIL","TOTAL",603125,289014,314082,29,484889,232132,252749,8,118236,56882,61333,21
"PUNJAB","BAHAWALPUR","BAHAWALNAGAR","MINCHINABAD","TEHSIL","URDU",6057,2920,3137,NA,1746,786,960,NA,4311,2134,2177,NA
"PUNJAB","LAHORE","LAHORE","MODEL TOWN","TEHSIL","BALOCHI",807,320,487,NA,NA,NA,NA,NA,807,320,487,NA
"PUNJAB","LAHORE","LAHORE","MODEL TOWN","TEHSIL","BALTI",1119,308,810,1,NA,NA,NA,NA,1119,308,810,1
"PUNJAB","LAHORE","LAHORE","MODEL TOWN","TEHSIL","BRAHVI",65,28,37,NA,NA,NA,NA,NA,65,28,37,NA
"PUNJAB","LAHORE","LAHORE","MODEL TOWN","TEHSIL","HINDKO",5344,2439,2904,1,NA,NA,NA,NA,5344,2439,2904,1
"PUNJAB","LAHORE","LAHORE","MODEL TOWN","TEHSIL","KALASHA",56,25,31,NA,NA,NA,NA,NA,56,25,31,NA
"PUNJAB","LAHORE","LAHORE","MODEL TOWN","TEHSIL","KASHMIRI",3261,1455,1805,1,NA,NA,NA,NA,3261,1455,1805,1
"PUNJAB","LAHORE","LAHORE","MODEL TOWN","TEHSIL","KOHIOSTANI",53,27,26,NA,NA,NA,NA,NA,53,27,26,NA
"PUNJAB","LAHORE","LAHORE","MODEL TOWN","TEHSIL","MEWATI",92227,44881,47341,5,NA,NA,NA,NA,92227,44881,47341,5
"PUNJAB","LAHORE","LAHORE","MODEL TOWN","TEHSIL","OTHERS",4555,2108,2444,3,NA,NA,NA,NA,4555,2108,2444,3
"PUNJAB","LAHORE","LAHORE","MODEL TOWN","TEHSIL","PUNJABI",2385080,1143256,1241267,557,NA,NA,NA,NA,2385080,1143256,1241267,557
"PUNJAB","LAHORE","LAHORE","MODEL TOWN","TEHSIL","PUSHTO",51597,23799,27793,5,NA,NA,NA,NA,51597,23799,27793,5
"PUNJAB","LAHORE","LAHORE","MODEL TOWN","TEHSIL","SARAIKI",17397,7532,9861,4,NA,NA,NA,NA,17397,7532,9861,4
"PUNJAB","LAHORE","LAHORE","MODEL TOWN","TEHSIL","SHINA",443,184,259,NA,NA,NA,NA,NA,443,184,259,NA
"PUNJAB","LAHORE","LAHORE","MODEL TOWN","TEHSIL","SINDHI",6890,3222,3666,2,NA,NA,NA,NA,6890,3222,3666,2
"PUNJAB","LAHORE","LAHORE","MODEL TOWN","TEHSIL","TOTAL",3244906,1556362,1687860,684,NA,NA,NA,NA,3244906,1556362,1687860,684
"PUNJAB","LAHORE","LAHORE","MODEL TOWN","TEHSIL","URDU",676012,326778,349129,105,NA,NA,NA,NA,676012,326778,349129,105
"PUNJAB","MULTAN","MULTAN","MULTAN CITY","TEHSIL","BALOCHI",4741,2247,2494,NA,953,461,492,NA,3788,1786,2002,NA
"PUNJAB","MULTAN","MULTAN","MULTAN CITY","TEHSIL","BALTI",41,27,14,NA,12,8,4,NA,29,19,10,NA
"PUNJAB","MULTAN","MULTAN","MULTAN CITY","TEHSIL","BRAHVI",76,31,45,NA,5,1,4,NA,71,30,41,NA
"PUNJAB","MULTAN","MULTAN","MULTAN CITY","TEHSIL","HINDKO",3622,1812,1809,1,304,155,149,NA,3318,1657,1660,1
"PUNJAB","MULTAN","MULTAN","MULTAN CITY","TEHSIL","KALASHA",NA,NA,NA,NA,NA,NA,NA,NA,NA,NA,NA,NA
"PUNJAB","MULTAN","MULTAN","MULTAN CITY","TEHSIL","KASHMIRI",675,329,346,NA,155,78,77,NA,520,251,269,NA
"PUNJAB","MULTAN","MULTAN","MULTAN CITY","TEHSIL","KOHIOSTANI",19,10,9,NA,NA,NA,NA,NA,19,10,9,NA
"PUNJAB","MULTAN","MULTAN","MULTAN CITY","TEHSIL","MEWATI",9151,4503,4648,NA,448,221,227,NA,8703,4282,4421,NA
"PUNJAB","MULTAN","MULTAN","MULTAN CITY","TEHSIL","OTHERS",6235,3079,3155,1,1595,789,806,NA,4640,2290,2349,1
"PUNJAB","MULTAN","MULTAN","MULTAN CITY","TEHSIL","PUNJABI",594147,292206,301878,63,53949,26119,27828,2,540198,266087,274050,61
"PUNJAB","MULTAN","MULTAN","MULTAN CITY","TEHSIL","PUSHTO",28010,13268,14742,NA,3056,1455,1601,NA,24954,11813,13141,NA
"PUNJAB","MULTAN","MULTAN","MULTAN CITY","TEHSIL","SARAIKI",1153668,558737,594777,154,229988,111836,118112,40,923680,446901,476665,114
"PUNJAB","MULTAN","MULTAN","MULTAN CITY","TEHSIL","SHINA",35,16,19,NA,20,8,12,NA,15,8,7,NA
"PUNJAB","MULTAN","MULTAN","MULTAN CITY","TEHSIL","SINDHI",2211,1068,1142,1,573,253,320,NA,1638,815,822,1
"PUNJAB","MULTAN","MULTAN","MULTAN CITY","TEHSIL","TOTAL",2548828,1241646,1306895,287,385302,187028,198230,44,2163526,1054618,1108665,243
"PUNJAB","MULTAN","MULTAN","MULTAN CITY","TEHSIL","URDU",746197,364313,381817,67,94244,45644,48598,2,651953,318669,333219,65
"PUNJAB","MULTAN","MULTAN","MULTAN SADDAR","TEHSIL","BALOCHI",1461,512,949,NA,1216,395,821,NA,245,117,128,NA
"PUNJAB","MULTAN","MULTAN","MULTAN SADDAR","TEHSIL","BALTI",51,24,27,NA,1,1,NA,NA,50,23,27,NA
"PUNJAB","MULTAN","MULTAN","MULTAN SADDAR","TEHSIL","BRAHVI",9,3,6,NA,NA,NA,NA,NA,9,3,6,NA
"PUNJAB","MULTAN","MULTAN","MULTAN SADDAR","TEHSIL","HINDKO",699,323,376,NA,404,179,225,NA,295,144,151,NA
"PUNJAB","MULTAN","MULTAN","MULTAN SADDAR","TEHSIL","KALASHA",4,3,1,NA,4,3,1,NA,NA,NA,NA,NA
"PUNJAB","MULTAN","MULTAN","MULTAN SADDAR","TEHSIL","KASHMIRI",723,358,365,NA,559,268,291,NA,164,90,74,NA
"PUNJAB","MULTAN","MULTAN","MULTAN SADDAR","TEHSIL","KOHIOSTANI",12,5,7,NA,12,5,7,NA,NA,NA,NA,NA
"PUNJAB","MULTAN","MULTAN","MULTAN SADDAR","TEHSIL","MEWATI",8402,4107,4295,NA,8376,4094,4282,NA,26,13,13,NA
"PUNJAB","MULTAN","MULTAN","MULTAN SADDAR","TEHSIL","OTHERS",13278,6583,6695,NA,13141,6517,6624,NA,137,66,71,NA
"PUNJAB","MULTAN","MULTAN","MULTAN SADDAR","TEHSIL","PUNJABI",225926,112219,113698,9,208127,103353,104765,9,17799,8866,8933,NA
"PUNJAB","MULTAN","MULTAN","MULTAN SADDAR","TEHSIL","PUSHTO",6721,3077,3644,NA,5054,2256,2798,NA,1667,821,846,NA
"PUNJAB","MULTAN","MULTAN","MULTAN SADDAR","TEHSIL","SARAIKI",1129401,554678,574653,70,1088620,534387,554173,60,40781,20291,20480,10
"PUNJAB","MULTAN","MULTAN","MULTAN SADDAR","TEHSIL","SHINA",23,14,9,NA,NA,NA,NA,NA,23,14,9,NA
"PUNJAB","MULTAN","MULTAN","MULTAN SADDAR","TEHSIL","SINDHI",1778,890,888,NA,508,263,245,NA,1270,627,643,NA
"PUNJAB","MULTAN","MULTAN","MULTAN SADDAR","TEHSIL","TOTAL",1501453,738526,762847,80,1424032,700380,723582,70,77421,38146,39265,10
"PUNJAB","MULTAN","MULTAN","MULTAN SADDAR","TEHSIL","URDU",112965,55730,57234,1,98010,48659,49350,1,14955,7071,7884,NA
"PUNJAB","LAHORE","SHEIKHUPURA","MURIDKE","TEHSIL","BALOCHI",71,20,51,NA,53,11,42,NA,18,9,9,NA
"PUNJAB","LAHORE","SHEIKHUPURA","MURIDKE","TEHSIL","BALTI",26,14,12,NA,11,7,4,NA,15,7,8,NA
"PUNJAB","LAHORE","SHEIKHUPURA","MURIDKE","TEHSIL","BRAHVI",1,NA,1,NA,1,NA,1,NA,NA,NA,NA,NA
"PUNJAB","LAHORE","SHEIKHUPURA","MURIDKE","TEHSIL","HINDKO",410,203,207,NA,288,145,143,NA,122,58,64,NA
"PUNJAB","LAHORE","SHEIKHUPURA","MURIDKE","TEHSIL","KALASHA",10,4,6,NA,2,1,1,NA,8,3,5,NA
"PUNJAB","LAHORE","SHEIKHUPURA","MURIDKE","TEHSIL","KASHMIRI",219,88,131,NA,120,41,79,NA,99,47,52,NA
"PUNJAB","LAHORE","SHEIKHUPURA","MURIDKE","TEHSIL","KOHIOSTANI",2,1,1,NA,2,1,1,NA,NA,NA,NA,NA
"PUNJAB","LAHORE","SHEIKHUPURA","MURIDKE","TEHSIL","MEWATI",10181,4995,5186,NA,9876,4842,5034,NA,305,153,152,NA
"PUNJAB","LAHORE","SHEIKHUPURA","MURIDKE","TEHSIL","OTHERS",303,128,169,6,41,20,21,NA,262,108,148,6
"PUNJAB","LAHORE","SHEIKHUPURA","MURIDKE","TEHSIL","PUNJABI",680347,333204,347100,43,379437,184826,194603,8,300910,148378,152497,35
"PUNJAB","LAHORE","SHEIKHUPURA","MURIDKE","TEHSIL","PUSHTO",3083,1494,1589,NA,1393,668,725,NA,1690,826,864,NA
"PUNJAB","LAHORE","SHEIKHUPURA","MURIDKE","TEHSIL","SARAIKI",595,274,321,NA,365,170,195,NA,230,104,126,NA
"PUNJAB","LAHORE","SHEIKHUPURA","MURIDKE","TEHSIL","SHINA",6,2,4,NA,6,2,4,NA,NA,NA,NA,NA
"PUNJAB","LAHORE","SHEIKHUPURA","MURIDKE","TEHSIL","SINDHI",1516,803,713,NA,914,480,434,NA,602,323,279,NA
"PUNJAB","LAHORE","SHEIKHUPURA","MURIDKE","TEHSIL","TOTAL",721166,353385,367730,51,399764,194721,205034,9,321402,158664,162696,42
"PUNJAB","LAHORE","SHEIKHUPURA","MURIDKE","TEHSIL","URDU",24396,12155,12239,2,7255,3507,3747,1,17141,8648,8492,1
"PUNJAB","RAWALPINDI","RAWALPINDI","MURREE","TEHSIL","BALOCHI",41,15,26,NA,21,9,12,NA,20,6,14,NA
"PUNJAB","RAWALPINDI","RAWALPINDI","MURREE","TEHSIL","BALTI",110,50,60,NA,8,5,3,NA,102,45,57,NA
"PUNJAB","RAWALPINDI","RAWALPINDI","MURREE","TEHSIL","BRAHVI",53,31,22,NA,52,30,22,NA,1,1,NA,NA
"PUNJAB","RAWALPINDI","RAWALPINDI","MURREE","TEHSIL","HINDKO",93287,46707,46579,1,89332,44808,44523,1,3955,1899,2056,NA
"PUNJAB","RAWALPINDI","RAWALPINDI","MURREE","TEHSIL","KALASHA",6,2,4,NA,6,2,4,NA,NA,NA,NA,NA
"PUNJAB","RAWALPINDI","RAWALPINDI","MURREE","TEHSIL","KASHMIRI",2619,1211,1408,NA,1945,913,1032,NA,674,298,376,NA
"PUNJAB","RAWALPINDI","RAWALPINDI","MURREE","TEHSIL","KOHIOSTANI",1454,682,772,NA,1446,679,767,NA,8,3,5,NA
"PUNJAB","RAWALPINDI","RAWALPINDI","MURREE","TEHSIL","MEWATI",16,7,9,NA,16,7,9,NA,NA,NA,NA,NA
"PUNJAB","RAWALPINDI","RAWALPINDI","MURREE","TEHSIL","OTHERS",65924,33037,32887,NA,61640,31065,30575,NA,4284,1972,2312,NA
"PUNJAB","RAWALPINDI","RAWALPINDI","MURREE","TEHSIL","PUNJABI",56880,28343,28537,NA,51150,25648,25502,NA,5730,2695,3035,NA
"PUNJAB","RAWALPINDI","RAWALPINDI","MURREE","TEHSIL","PUSHTO",7333,3453,3880,NA,4574,2164,2410,NA,2759,1289,1470,NA
"PUNJAB","RAWALPINDI","RAWALPINDI","MURREE","TEHSIL","SARAIKI",515,232,283,NA,248,102,146,NA,267,130,137,NA
"PUNJAB","RAWALPINDI","RAWALPINDI","MURREE","TEHSIL","SHINA",1097,539,558,NA,1079,534,545,NA,18,5,13,NA
"PUNJAB","RAWALPINDI","RAWALPINDI","MURREE","TEHSIL","SINDHI",288,134,154,NA,87,51,36,NA,201,83,118,NA
"PUNJAB","RAWALPINDI","RAWALPINDI","MURREE","TEHSIL","TOTAL",249410,124309,125100,1,227340,113948,113391,1,22070,10361,11709,NA
"PUNJAB","RAWALPINDI","RAWALPINDI","MURREE","TEHSIL","URDU",19787,9866,9921,NA,15736,7931,7805,NA,4051,1935,2116,NA
"PUNJAB","DERA GHAZI KHAN","MUZAFFARGARH","MUZAFFARGARH","TEHSIL","BALOCHI",2430,1143,1286,1,2296,1083,1212,1,134,60,74,NA
"PUNJAB","DERA GHAZI KHAN","MUZAFFARGARH","MUZAFFARGARH","TEHSIL","BALTI",22,7,15,NA,7,4,3,NA,15,3,12,NA
"PUNJAB","DERA GHAZI KHAN","MUZAFFARGARH","MUZAFFARGARH","TEHSIL","BRAHVI",4,1,3,NA,NA,NA,NA,NA,4,1,3,NA
"PUNJAB","DERA GHAZI KHAN","MUZAFFARGARH","MUZAFFARGARH","TEHSIL","HINDKO",348,177,171,NA,290,146,144,NA,58,31,27,NA
"PUNJAB","DERA GHAZI KHAN","MUZAFFARGARH","MUZAFFARGARH","TEHSIL","KALASHA",NA,NA,NA,NA,NA,NA,NA,NA,NA,NA,NA,NA
"PUNJAB","DERA GHAZI KHAN","MUZAFFARGARH","MUZAFFARGARH","TEHSIL","KASHMIRI",740,348,392,NA,620,294,326,NA,120,54,66,NA
"PUNJAB","DERA GHAZI KHAN","MUZAFFARGARH","MUZAFFARGARH","TEHSIL","KOHIOSTANI",8,5,3,NA,8,5,3,NA,NA,NA,NA,NA
"PUNJAB","DERA GHAZI KHAN","MUZAFFARGARH","MUZAFFARGARH","TEHSIL","MEWATI",438,209,229,NA,407,193,214,NA,31,16,15,NA
"PUNJAB","DERA GHAZI KHAN","MUZAFFARGARH","MUZAFFARGARH","TEHSIL","OTHERS",1086,547,539,NA,984,498,486,NA,102,49,53,NA
"PUNJAB","DERA GHAZI KHAN","MUZAFFARGARH","MUZAFFARGARH","TEHSIL","PUNJABI",54019,26560,27458,1,41728,20578,21149,1,12291,5982,6309,NA
"PUNJAB","DERA GHAZI KHAN","MUZAFFARGARH","MUZAFFARGARH","TEHSIL","PUSHTO",4455,2075,2380,NA,3235,1497,1738,NA,1220,578,642,NA
"PUNJAB","DERA GHAZI KHAN","MUZAFFARGARH","MUZAFFARGARH","TEHSIL","SARAIKI",1755306,857509,897773,24,1563721,765684,798016,21,191585,91825,99757,3
"PUNJAB","DERA GHAZI KHAN","MUZAFFARGARH","MUZAFFARGARH","TEHSIL","SHINA",NA,NA,NA,NA,NA,NA,NA,NA,NA,NA,NA,NA
"PUNJAB","DERA GHAZI KHAN","MUZAFFARGARH","MUZAFFARGARH","TEHSIL","SINDHI",629,307,322,NA,472,234,238,NA,157,73,84,NA
"PUNJAB","DERA GHAZI KHAN","MUZAFFARGARH","MUZAFFARGARH","TEHSIL","TOTAL",1904405,930716,973660,29,1637247,801673,835549,25,267158,129043,138111,4
"PUNJAB","DERA GHAZI KHAN","MUZAFFARGARH","MUZAFFARGARH","TEHSIL","URDU",84920,41828,43089,3,23479,11457,12020,2,61441,30371,31069,1
"PUNJAB","LAHORE","NANKANA SAHIB","NANKANA SAHIB","TEHSIL","BALOCHI",124,55,69,NA,109,50,59,NA,15,5,10,NA
"PUNJAB","LAHORE","NANKANA SAHIB","NANKANA SAHIB","TEHSIL","BALTI",6,3,3,NA,6,3,3,NA,NA,NA,NA,NA
"PUNJAB","LAHORE","NANKANA SAHIB","NANKANA SAHIB","TEHSIL","BRAHVI",NA,NA,NA,NA,NA,NA,NA,NA,NA,NA,NA,NA
"PUNJAB","LAHORE","NANKANA SAHIB","NANKANA SAHIB","TEHSIL","HINDKO",176,90,86,NA,80,45,35,NA,96,45,51,NA
"PUNJAB","LAHORE","NANKANA SAHIB","NANKANA SAHIB","TEHSIL","KALASHA",NA,NA,NA,NA,NA,NA,NA,NA,NA,NA,NA,NA
"PUNJAB","LAHORE","NANKANA SAHIB","NANKANA SAHIB","TEHSIL","KASHMIRI",41,21,20,NA,29,13,16,NA,12,8,4,NA
"PUNJAB","LAHORE","NANKANA SAHIB","NANKANA SAHIB","TEHSIL","KOHIOSTANI",1,NA,1,NA,1,NA,1,NA,NA,NA,NA,NA
"PUNJAB","LAHORE","NANKANA SAHIB","NANKANA SAHIB","TEHSIL","MEWATI",3798,1843,1955,NA,3774,1834,1940,NA,24,9,15,NA
"PUNJAB","LAHORE","NANKANA SAHIB","NANKANA SAHIB","TEHSIL","OTHERS",73,38,35,NA,48,26,22,NA,25,12,13,NA
"PUNJAB","LAHORE","NANKANA SAHIB","NANKANA SAHIB","TEHSIL","PUNJABI",1045357,509545,535770,42,920152,447403,472723,26,125205,62142,63047,16
"PUNJAB","LAHORE","NANKANA SAHIB","NANKANA SAHIB","TEHSIL","PUSHTO",2987,1444,1543,NA,2113,1011,1102,NA,874,433,441,NA
"PUNJAB","LAHORE","NANKANA SAHIB","NANKANA SAHIB","TEHSIL","SARAIKI",416,173,243,NA,311,122,189,NA,105,51,54,NA
"PUNJAB","LAHORE","NANKANA SAHIB","NANKANA SAHIB","TEHSIL","SHINA",17,7,10,NA,7,2,5,NA,10,5,5,NA
"PUNJAB","LAHORE","NANKANA SAHIB","NANKANA SAHIB","TEHSIL","SINDHI",2226,1126,1100,NA,1811,920,891,NA,415,206,209,NA
"PUNJAB","LAHORE","NANKANA SAHIB","NANKANA SAHIB","TEHSIL","TOTAL",1065063,519382,545638,43,935022,454777,480218,27,130041,64605,65420,16
"PUNJAB","LAHORE","NANKANA SAHIB","NANKANA SAHIB","TEHSIL","URDU",9841,5037,4803,1,6581,3348,3232,1,3260,1689,1571,NA
"PUNJAB","GUJRANWALA","NAROWAL","NAROWAL","TEHSIL","BALOCHI",16,9,7,NA,16,9,7,NA,NA,NA,NA,NA
"PUNJAB","GUJRANWALA","NAROWAL","NAROWAL","TEHSIL","BALTI",4,3,1,NA,4,3,1,NA,NA,NA,NA,NA
"PUNJAB","GUJRANWALA","NAROWAL","NAROWAL","TEHSIL","BRAHVI",NA,NA,NA,NA,NA,NA,NA,NA,NA,NA,NA,NA
"PUNJAB","GUJRANWALA","NAROWAL","NAROWAL","TEHSIL","HINDKO",74,32,42,NA,61,25,36,NA,13,7,6,NA
"PUNJAB","GUJRANWALA","NAROWAL","NAROWAL","TEHSIL","KALASHA",14,8,6,NA,8,4,4,NA,6,4,2,NA
"PUNJAB","GUJRANWALA","NAROWAL","NAROWAL","TEHSIL","KASHMIRI",8,2,6,NA,7,2,5,NA,1,NA,1,NA
"PUNJAB","GUJRANWALA","NAROWAL","NAROWAL","TEHSIL","KOHIOSTANI",1,1,NA,NA,1,1,NA,NA,NA,NA,NA,NA
"PUNJAB","GUJRANWALA","NAROWAL","NAROWAL","TEHSIL","MEWATI",36677,17839,18838,NA,36381,17698,18683,NA,296,141,155,NA
"PUNJAB","GUJRANWALA","NAROWAL","NAROWAL","TEHSIL","OTHERS",81,42,39,NA,65,34,31,NA,16,8,8,NA
"PUNJAB","GUJRANWALA","NAROWAL","NAROWAL","TEHSIL","PUNJABI",612679,299542,313116,21,462714,225893,236810,11,149965,73649,76306,10
"PUNJAB","GUJRANWALA","NAROWAL","NAROWAL","TEHSIL","PUSHTO",854,397,457,NA,398,199,199,NA,456,198,258,NA
"PUNJAB","GUJRANWALA","NAROWAL","NAROWAL","TEHSIL","SARAIKI",514,212,302,NA,484,200,284,NA,30,12,18,NA
"PUNJAB","GUJRANWALA","NAROWAL","NAROWAL","TEHSIL","SHINA",10,4,6,NA,4,1,3,NA,6,3,3,NA
"PUNJAB","GUJRANWALA","NAROWAL","NAROWAL","TEHSIL","SINDHI",1075,564,511,NA,854,448,406,NA,221,116,105,NA
"PUNJAB","GUJRANWALA","NAROWAL","NAROWAL","TEHSIL","TOTAL",680217,332547,347649,21,510578,249186,261381,11,169639,83361,86268,10
"PUNJAB","GUJRANWALA","NAROWAL","NAROWAL","TEHSIL","URDU",28210,13892,14318,NA,9581,4669,4912,NA,18629,9223,9406,NA
"PUNJAB","SARGODHA","KHUSHAB","NOOR PUR","TEHSIL","BALOCHI",7,2,5,NA,7,2,5,NA,NA,NA,NA,NA
"PUNJAB","SARGODHA","KHUSHAB","NOOR PUR","TEHSIL","BALTI",NA,NA,NA,NA,NA,NA,NA,NA,NA,NA,NA,NA
"PUNJAB","SARGODHA","KHUSHAB","NOOR PUR","TEHSIL","BRAHVI",NA,NA,NA,NA,NA,NA,NA,NA,NA,NA,NA,NA
"PUNJAB","SARGODHA","KHUSHAB","NOOR PUR","TEHSIL","HINDKO",1,1,NA,NA,1,1,NA,NA,NA,NA,NA,NA
"PUNJAB","SARGODHA","KHUSHAB","NOOR PUR","TEHSIL","KALASHA",NA,NA,NA,NA,NA,NA,NA,NA,NA,NA,NA,NA
"PUNJAB","SARGODHA","KHUSHAB","NOOR PUR","TEHSIL","KASHMIRI",2,2,NA,NA,2,2,NA,NA,NA,NA,NA,NA
"PUNJAB","SARGODHA","KHUSHAB","NOOR PUR","TEHSIL","KOHIOSTANI",NA,NA,NA,NA,NA,NA,NA,NA,NA,NA,NA,NA
"PUNJAB","SARGODHA","KHUSHAB","NOOR PUR","TEHSIL","MEWATI",379,205,174,NA,379,205,174,NA,NA,NA,NA,NA
"PUNJAB","SARGODHA","KHUSHAB","NOOR PUR","TEHSIL","OTHERS",1603,761,842,NA,1543,729,814,NA,60,32,28,NA
"PUNJAB","SARGODHA","KHUSHAB","NOOR PUR","TEHSIL","PUNJABI",245424,121352,124067,5,226608,112051,114552,5,18816,9301,9515,NA
"PUNJAB","SARGODHA","KHUSHAB","NOOR PUR","TEHSIL","PUSHTO",1758,885,873,NA,1358,698,660,NA,400,187,213,NA
"PUNJAB","SARGODHA","KHUSHAB","NOOR PUR","TEHSIL","SARAIKI",12195,5901,6294,NA,12127,5866,6261,NA,68,35,33,NA
"PUNJAB","SARGODHA","KHUSHAB","NOOR PUR","TEHSIL","SHINA",NA,NA,NA,NA,NA,NA,NA,NA,NA,NA,NA,NA
"PUNJAB","SARGODHA","KHUSHAB","NOOR PUR","TEHSIL","SINDHI",425,214,211,NA,388,200,188,NA,37,14,23,NA
"PUNJAB","SARGODHA","KHUSHAB","NOOR PUR","TEHSIL","TOTAL",264535,130665,133865,5,244435,120753,123677,5,20100,9912,10188,NA
"PUNJAB","SARGODHA","KHUSHAB","NOOR PUR","TEHSIL","URDU",2741,1342,1399,NA,2022,999,1023,NA,719,343,376,NA
"PUNJAB","SARGODHA","KHUSHAB","NOWSHERA","TEHSIL","BALOCHI",10,3,7,NA,9,3,6,NA,1,NA,1,NA
"PUNJAB","SARGODHA","KHUSHAB","NOWSHERA","TEHSIL","BALTI",1,NA,1,NA,1,NA,1,NA,NA,NA,NA,NA
"PUNJAB","SARGODHA","KHUSHAB","NOWSHERA","TEHSIL","BRAHVI",NA,NA,NA,NA,NA,NA,NA,NA,NA,NA,NA,NA
"PUNJAB","SARGODHA","KHUSHAB","NOWSHERA","TEHSIL","HINDKO",72,31,41,NA,72,31,41,NA,NA,NA,NA,NA
"PUNJAB","SARGODHA","KHUSHAB","NOWSHERA","TEHSIL","KALASHA",3,NA,3,NA,3,NA,3,NA,NA,NA,NA,NA
"PUNJAB","SARGODHA","KHUSHAB","NOWSHERA","TEHSIL","KASHMIRI",21,6,15,NA,21,6,15,NA,NA,NA,NA,NA
"PUNJAB","SARGODHA","KHUSHAB","NOWSHERA","TEHSIL","KOHIOSTANI",NA,NA,NA,NA,NA,NA,NA,NA,NA,NA,NA,NA
"PUNJAB","SARGODHA","KHUSHAB","NOWSHERA","TEHSIL","MEWATI",NA,NA,NA,NA,NA,NA,NA,NA,NA,NA,NA,NA
"PUNJAB","SARGODHA","KHUSHAB","NOWSHERA","TEHSIL","OTHERS",15,2,13,NA,15,2,13,NA,NA,NA,NA,NA
"PUNJAB","SARGODHA","KHUSHAB","NOWSHERA","TEHSIL","PUNJABI",133720,67946,65772,2,116366,58942,57423,1,17354,9004,8349,1
"PUNJAB","SARGODHA","KHUSHAB","NOWSHERA","TEHSIL","PUSHTO",10425,4906,5519,NA,9245,4347,4898,NA,1180,559,621,NA
"PUNJAB","SARGODHA","KHUSHAB","NOWSHERA","TEHSIL","SARAIKI",89,34,55,NA,89,34,55,NA,NA,NA,NA,NA
"PUNJAB","SARGODHA","KHUSHAB","NOWSHERA","TEHSIL","SHINA",6,4,2,NA,6,4,2,NA,NA,NA,NA,NA
"PUNJAB","SARGODHA","KHUSHAB","NOWSHERA","TEHSIL","SINDHI",163,78,85,NA,144,66,78,NA,19,12,7,NA
"PUNJAB","SARGODHA","KHUSHAB","NOWSHERA","TEHSIL","TOTAL",144797,73171,71624,2,126220,63584,62635,1,18577,9587,8989,1
"PUNJAB","SARGODHA","KHUSHAB","NOWSHERA","TEHSIL","URDU",272,161,111,NA,249,149,100,NA,23,12,11,NA
"PUNJAB","GUJRANWALA","GUJRANWALA","NOWSHERA VIRKAN","TEHSIL","BALOCHI",1282,605,677,NA,1281,605,676,NA,1,NA,1,NA
"PUNJAB","GUJRANWALA","GUJRANWALA","NOWSHERA VIRKAN","TEHSIL","BALTI",16,9,7,NA,7,3,4,NA,9,6,3,NA
"PUNJAB","GUJRANWALA","GUJRANWALA","NOWSHERA VIRKAN","TEHSIL","BRAHVI",NA,NA,NA,NA,NA,NA,NA,NA,NA,NA,NA,NA
"PUNJAB","GUJRANWALA","GUJRANWALA","NOWSHERA VIRKAN","TEHSIL","HINDKO",275,129,146,NA,274,128,146,NA,1,1,NA,NA
"PUNJAB","GUJRANWALA","GUJRANWALA","NOWSHERA VIRKAN","TEHSIL","KALASHA",1,1,NA,NA,1,1,NA,NA,NA,NA,NA,NA
"PUNJAB","GUJRANWALA","GUJRANWALA","NOWSHERA VIRKAN","TEHSIL","KASHMIRI",3137,1627,1510,NA,3132,1625,1507,NA,5,2,3,NA
"PUNJAB","GUJRANWALA","GUJRANWALA","NOWSHERA VIRKAN","TEHSIL","KOHIOSTANI",14,7,7,NA,14,7,7,NA,NA,NA,NA,NA
"PUNJAB","GUJRANWALA","GUJRANWALA","NOWSHERA VIRKAN","TEHSIL","MEWATI",1084,582,502,NA,1084,582,502,NA,NA,NA,NA,NA
"PUNJAB","GUJRANWALA","GUJRANWALA","NOWSHERA VIRKAN","TEHSIL","OTHERS",48,18,30,NA,42,16,26,NA,6,2,4,NA
"PUNJAB","GUJRANWALA","GUJRANWALA","NOWSHERA VIRKAN","TEHSIL","PUNJABI",621955,306840,315052,63,563256,277990,285213,53,58699,28850,29839,10
"PUNJAB","GUJRANWALA","GUJRANWALA","NOWSHERA VIRKAN","TEHSIL","PUSHTO",1397,695,702,NA,1218,607,611,NA,179,88,91,NA
"PUNJAB","GUJRANWALA","GUJRANWALA","NOWSHERA VIRKAN","TEHSIL","SARAIKI",437,196,241,NA,408,181,227,NA,29,15,14,NA
"PUNJAB","GUJRANWALA","GUJRANWALA","NOWSHERA VIRKAN","TEHSIL","SHINA",NA,NA,NA,NA,NA,NA,NA,NA,NA,NA,NA,NA
"PUNJAB","GUJRANWALA","GUJRANWALA","NOWSHERA VIRKAN","TEHSIL","SINDHI",1039,573,466,NA,949,517,432,NA,90,56,34,NA
"PUNJAB","GUJRANWALA","GUJRANWALA","NOWSHERA VIRKAN","TEHSIL","TOTAL",640415,315982,324370,63,580780,286648,294079,53,59635,29334,30291,10
"PUNJAB","GUJRANWALA","GUJRANWALA","NOWSHERA VIRKAN","TEHSIL","URDU",9730,4700,5030,NA,9114,4386,4728,NA,616,314,302,NA
"PUNJAB","SAHIWAL","OKARA","OKARA","TEHSIL","BALOCHI",2116,979,1136,1,839,396,443,NA,1277,583,693,1
"PUNJAB","SAHIWAL","OKARA","OKARA","TEHSIL","BALTI",198,95,103,NA,1,1,NA,NA,197,94,103,NA
"PUNJAB","SAHIWAL","OKARA","OKARA","TEHSIL","BRAHVI",14,6,8,NA,2,1,1,NA,12,5,7,NA
"PUNJAB","SAHIWAL","OKARA","OKARA","TEHSIL","HINDKO",477,197,280,NA,14,7,7,NA,463,190,273,NA
"PUNJAB","SAHIWAL","OKARA","OKARA","TEHSIL","KALASHA",2,NA,2,NA,NA,NA,NA,NA,2,NA,2,NA
"PUNJAB","SAHIWAL","OKARA","OKARA","TEHSIL","KASHMIRI",213,90,123,NA,9,4,5,NA,204,86,118,NA
"PUNJAB","SAHIWAL","OKARA","OKARA","TEHSIL","KOHIOSTANI",19,10,9,NA,NA,NA,NA,NA,19,10,9,NA
"PUNJAB","SAHIWAL","OKARA","OKARA","TEHSIL","MEWATI",2412,1170,1242,NA,2278,1101,1177,NA,134,69,65,NA
"PUNJAB","SAHIWAL","OKARA","OKARA","TEHSIL","OTHERS",287,130,157,NA,92,50,42,NA,195,80,115,NA
"PUNJAB","SAHIWAL","OKARA","OKARA","TEHSIL","PUNJABI",1263235,619772,643318,145,733564,359719,373815,30,529671,260053,269503,115
"PUNJAB","SAHIWAL","OKARA","OKARA","TEHSIL","PUSHTO",7320,3198,4122,NA,2831,1394,1437,NA,4489,1804,2685,NA
"PUNJAB","SAHIWAL","OKARA","OKARA","TEHSIL","SARAIKI",886,369,516,1,152,66,85,1,734,303,431,NA
"PUNJAB","SAHIWAL","OKARA","OKARA","TEHSIL","SHINA",363,160,203,NA,NA,NA,NA,NA,363,160,203,NA
"PUNJAB","SAHIWAL","OKARA","OKARA","TEHSIL","SINDHI",3530,1642,1888,NA,991,557,434,NA,2539,1085,1454,NA
"PUNJAB","SAHIWAL","OKARA","OKARA","TEHSIL","TOTAL",1382002,678127,703712,163,767766,376931,390803,32,614236,301196,312909,131
"PUNJAB","SAHIWAL","OKARA","OKARA","TEHSIL","URDU",100930,50309,50605,16,26993,13635,13357,1,73937,36674,37248,15
"PUNJAB","SAHIWAL","PAKPATTAN","PAKPATTAN","TEHSIL","BALOCHI",104,53,51,NA,44,27,17,NA,60,26,34,NA
"PUNJAB","SAHIWAL","PAKPATTAN","PAKPATTAN","TEHSIL","BALTI",NA,NA,NA,NA,NA,NA,NA,NA,NA,NA,NA,NA
"PUNJAB","SAHIWAL","PAKPATTAN","PAKPATTAN","TEHSIL","BRAHVI",NA,NA,NA,NA,NA,NA,NA,NA,NA,NA,NA,NA
"PUNJAB","SAHIWAL","PAKPATTAN","PAKPATTAN","TEHSIL","HINDKO",9,4,5,NA,2,1,1,NA,7,3,4,NA
"PUNJAB","SAHIWAL","PAKPATTAN","PAKPATTAN","TEHSIL","KALASHA",NA,NA,NA,NA,NA,NA,NA,NA,NA,NA,NA,NA
"PUNJAB","SAHIWAL","PAKPATTAN","PAKPATTAN","TEHSIL","KASHMIRI",23,12,11,NA,15,8,7,NA,8,4,4,NA
"PUNJAB","SAHIWAL","PAKPATTAN","PAKPATTAN","TEHSIL","KOHIOSTANI",1,NA,1,NA,1,NA,1,NA,NA,NA,NA,NA
"PUNJAB","SAHIWAL","PAKPATTAN","PAKPATTAN","TEHSIL","MEWATI",472,228,244,NA,441,207,234,NA,31,21,10,NA
"PUNJAB","SAHIWAL","PAKPATTAN","PAKPATTAN","TEHSIL","OTHERS",9261,4563,4697,1,8061,3963,4097,1,1200,600,600,NA
"PUNJAB","SAHIWAL","PAKPATTAN","PAKPATTAN","TEHSIL","PUNJABI",1066120,523058,543001,61,827574,404704,422851,19,238546,118354,120150,42
"PUNJAB","SAHIWAL","PAKPATTAN","PAKPATTAN","TEHSIL","PUSHTO",3781,1859,1922,NA,3224,1596,1628,NA,557,263,294,NA
"PUNJAB","SAHIWAL","PAKPATTAN","PAKPATTAN","TEHSIL","SARAIKI",117,64,53,NA,61,35,26,NA,56,29,27,NA
"PUNJAB","SAHIWAL","PAKPATTAN","PAKPATTAN","TEHSIL","SHINA",NA,NA,NA,NA,NA,NA,NA,NA,NA,NA,NA,NA
"PUNJAB","SAHIWAL","PAKPATTAN","PAKPATTAN","TEHSIL","SINDHI",1387,735,652,NA,1037,547,490,NA,350,188,162,NA
"PUNJAB","SAHIWAL","PAKPATTAN","PAKPATTAN","TEHSIL","TOTAL",1136233,557945,578218,70,873271,427288,445963,20,262962,130657,132255,50
"PUNJAB","SAHIWAL","PAKPATTAN","PAKPATTAN","TEHSIL","URDU",54958,27369,27581,8,32811,16200,16611,NA,22147,11169,10970,8
"PUNJAB","GUJRANWALA","SIALKOT","PASRUR","TEHSIL","BALOCHI",88,49,39,NA,19,9,10,NA,69,40,29,NA
"PUNJAB","GUJRANWALA","SIALKOT","PASRUR","TEHSIL","BALTI",15,8,7,NA,15,8,7,NA,NA,NA,NA,NA
"PUNJAB","GUJRANWALA","SIALKOT","PASRUR","TEHSIL","BRAHVI",NA,NA,NA,NA,NA,NA,NA,NA,NA,NA,NA,NA
"PUNJAB","GUJRANWALA","SIALKOT","PASRUR","TEHSIL","HINDKO",19,7,12,NA,18,7,11,NA,1,NA,1,NA
"PUNJAB","GUJRANWALA","SIALKOT","PASRUR","TEHSIL","KALASHA",5,3,2,NA,5,3,2,NA,NA,NA,NA,NA
"PUNJAB","GUJRANWALA","SIALKOT","PASRUR","TEHSIL","KASHMIRI",53,26,27,NA,50,24,26,NA,3,2,1,NA
"PUNJAB","GUJRANWALA","SIALKOT","PASRUR","TEHSIL","KOHIOSTANI",2,2,NA,NA,2,2,NA,NA,NA,NA,NA,NA
"PUNJAB","GUJRANWALA","SIALKOT","PASRUR","TEHSIL","MEWATI",2334,1189,1145,NA,2309,1178,1131,NA,25,11,14,NA
"PUNJAB","GUJRANWALA","SIALKOT","PASRUR","TEHSIL","OTHERS",1332,684,647,1,1327,682,645,NA,5,2,2,1
"PUNJAB","GUJRANWALA","SIALKOT","PASRUR","TEHSIL","PUNJABI",940339,465345,474895,99,815579,404127,411419,33,124760,61218,63476,66
"PUNJAB","GUJRANWALA","SIALKOT","PASRUR","TEHSIL","PUSHTO",3145,1438,1707,NA,2319,1067,1252,NA,826,371,455,NA
"PUNJAB","GUJRANWALA","SIALKOT","PASRUR","TEHSIL","SARAIKI",1687,615,1072,NA,1610,593,1017,NA,77,22,55,NA
"PUNJAB","GUJRANWALA","SIALKOT","PASRUR","TEHSIL","SHINA",11,7,4,NA,11,7,4,NA,NA,NA,NA,NA
"PUNJAB","GUJRANWALA","SIALKOT","PASRUR","TEHSIL","SINDHI",2264,1204,1060,NA,2010,1051,959,NA,254,153,101,NA
"PUNJAB","GUJRANWALA","SIALKOT","PASRUR","TEHSIL","TOTAL",970043,479895,490047,101,838242,415352,422856,34,131801,64543,67191,67
"PUNJAB","GUJRANWALA","SIALKOT","PASRUR","TEHSIL","URDU",18749,9318,9430,1,12968,6594,6373,1,5781,2724,3057,NA
"PUNJAB","LAHORE","KASUR","PATTOKI","TEHSIL","BALOCHI",225,102,123,NA,209,95,114,NA,16,7,9,NA
"PUNJAB","LAHORE","KASUR","PATTOKI","TEHSIL","BALTI",11,6,5,NA,3,3,NA,NA,8,3,5,NA
"PUNJAB","LAHORE","KASUR","PATTOKI","TEHSIL","BRAHVI",9,4,5,NA,NA,NA,NA,NA,9,4,5,NA
"PUNJAB","LAHORE","KASUR","PATTOKI","TEHSIL","HINDKO",64,26,38,NA,46,19,27,NA,18,7,11,NA
"PUNJAB","LAHORE","KASUR","PATTOKI","TEHSIL","KALASHA",26,13,13,NA,24,13,11,NA,2,NA,2,NA
"PUNJAB","LAHORE","KASUR","PATTOKI","TEHSIL","KASHMIRI",77,18,59,NA,77,18,59,NA,NA,NA,NA,NA
"PUNJAB","LAHORE","KASUR","PATTOKI","TEHSIL","KOHIOSTANI",16,8,8,NA,7,4,3,NA,9,4,5,NA
"PUNJAB","LAHORE","KASUR","PATTOKI","TEHSIL","MEWATI",81818,40030,41788,NA,75786,37101,38685,NA,6032,2929,3103,NA
"PUNJAB","LAHORE","KASUR","PATTOKI","TEHSIL","OTHERS",10619,5169,5449,1,10518,5127,5390,1,101,42,59,NA
"PUNJAB","LAHORE","KASUR","PATTOKI","TEHSIL","PUNJABI",933465,456398,476952,115,721980,351901,370019,60,211485,104497,106933,55
"PUNJAB","LAHORE","KASUR","PATTOKI","TEHSIL","PUSHTO",2479,1073,1406,NA,1648,708,940,NA,831,365,466,NA
"PUNJAB","LAHORE","KASUR","PATTOKI","TEHSIL","SARAIKI",1414,610,803,1,1252,525,726,1,162,85,77,NA
"PUNJAB","LAHORE","KASUR","PATTOKI","TEHSIL","SHINA",37,14,23,NA,4,2,2,NA,33,12,21,NA
"PUNJAB","LAHORE","KASUR","PATTOKI","TEHSIL","SINDHI",1923,977,946,NA,1454,733,721,NA,469,244,225,NA
"PUNJAB","LAHORE","KASUR","PATTOKI","TEHSIL","TOTAL",1076007,526046,549840,121,847742,413229,434447,66,228265,112817,115393,55
"PUNJAB","LAHORE","KASUR","PATTOKI","TEHSIL","URDU",43824,21598,22222,4,34734,16980,17750,4,9090,4618,4472,NA
"PUNJAB","GUJRANWALA","MANDI BAHAUDDIN","PHALIA","TEHSIL","BALOCHI",93,39,54,NA,91,38,53,NA,2,1,1,NA
"PUNJAB","GUJRANWALA","MANDI BAHAUDDIN","PHALIA","TEHSIL","BALTI",6,4,2,NA,2,2,NA,NA,4,2,2,NA
"PUNJAB","GUJRANWALA","MANDI BAHAUDDIN","PHALIA","TEHSIL","BRAHVI",NA,NA,NA,NA,NA,NA,NA,NA,NA,NA,NA,NA
"PUNJAB","GUJRANWALA","MANDI BAHAUDDIN","PHALIA","TEHSIL","HINDKO",39,20,19,NA,34,17,17,NA,5,3,2,NA
"PUNJAB","GUJRANWALA","MANDI BAHAUDDIN","PHALIA","TEHSIL","KALASHA",NA,NA,NA,NA,NA,NA,NA,NA,NA,NA,NA,NA
"PUNJAB","GUJRANWALA","MANDI BAHAUDDIN","PHALIA","TEHSIL","KASHMIRI",28,16,12,NA,22,12,10,NA,6,4,2,NA
"PUNJAB","GUJRANWALA","MANDI BAHAUDDIN","PHALIA","TEHSIL","KOHIOSTANI",411,216,195,NA,411,216,195,NA,NA,NA,NA,NA
"PUNJAB","GUJRANWALA","MANDI BAHAUDDIN","PHALIA","TEHSIL","MEWATI",NA,NA,NA,NA,NA,NA,NA,NA,NA,NA,NA,NA
"PUNJAB","GUJRANWALA","MANDI BAHAUDDIN","PHALIA","TEHSIL","OTHERS",234,117,117,NA,213,105,108,NA,21,12,9,NA
"PUNJAB","GUJRANWALA","MANDI BAHAUDDIN","PHALIA","TEHSIL","PUNJABI",606959,302647,304284,28,552414,275313,277076,25,54545,27334,27208,3
"PUNJAB","GUJRANWALA","MANDI BAHAUDDIN","PHALIA","TEHSIL","PUSHTO",11696,5583,6112,1,9137,4345,4791,1,2559,1238,1321,NA
"PUNJAB","GUJRANWALA","MANDI BAHAUDDIN","PHALIA","TEHSIL","SARAIKI",1057,450,607,NA,978,413,565,NA,79,37,42,NA
"PUNJAB","GUJRANWALA","MANDI BAHAUDDIN","PHALIA","TEHSIL","SHINA",21,12,9,NA,21,12,9,NA,NA,NA,NA,NA
"PUNJAB","GUJRANWALA","MANDI BAHAUDDIN","PHALIA","TEHSIL","SINDHI",1120,569,551,NA,982,496,486,NA,138,73,65,NA
"PUNJAB","GUJRANWALA","MANDI BAHAUDDIN","PHALIA","TEHSIL","TOTAL",635636,317033,318573,30,573183,285745,287412,26,62453,31288,31161,4
"PUNJAB","GUJRANWALA","MANDI BAHAUDDIN","PHALIA","TEHSIL","URDU",13972,7360,6611,1,8878,4776,4102,NA,5094,2584,2509,1
"PUNJAB","RAWALPINDI","JHELUM","PIND DADAN KHAN","TEHSIL","BALOCHI",90,40,50,NA,89,40,49,NA,1,NA,1,NA
"PUNJAB","RAWALPINDI","JHELUM","PIND DADAN KHAN","TEHSIL","BALTI",1,1,NA,NA,1,1,NA,NA,NA,NA,NA,NA
"PUNJAB","RAWALPINDI","JHELUM","PIND DADAN KHAN","TEHSIL","BRAHVI",NA,NA,NA,NA,NA,NA,NA,NA,NA,NA,NA,NA
"PUNJAB","RAWALPINDI","JHELUM","PIND DADAN KHAN","TEHSIL","HINDKO",84,29,55,NA,30,18,12,NA,54,11,43,NA
"PUNJAB","RAWALPINDI","JHELUM","PIND DADAN KHAN","TEHSIL","KALASHA",NA,NA,NA,NA,NA,NA,NA,NA,NA,NA,NA,NA
"PUNJAB","RAWALPINDI","JHELUM","PIND DADAN KHAN","TEHSIL","KASHMIRI",20,11,9,NA,10,6,4,NA,10,5,5,NA
"PUNJAB","RAWALPINDI","JHELUM","PIND DADAN KHAN","TEHSIL","KOHIOSTANI",58,34,24,NA,58,34,24,NA,NA,NA,NA,NA
"PUNJAB","RAWALPINDI","JHELUM","PIND DADAN KHAN","TEHSIL","MEWATI",5,3,2,NA,5,3,2,NA,NA,NA,NA,NA
"PUNJAB","RAWALPINDI","JHELUM","PIND DADAN KHAN","TEHSIL","OTHERS",58,24,34,NA,39,17,22,NA,19,7,12,NA
"PUNJAB","RAWALPINDI","JHELUM","PIND DADAN KHAN","TEHSIL","PUNJABI",360606,177795,182797,14,300024,148141,151876,7,60582,29654,30921,7
"PUNJAB","RAWALPINDI","JHELUM","PIND DADAN KHAN","TEHSIL","PUSHTO",3654,1778,1876,NA,3119,1529,1590,NA,535,249,286,NA
"PUNJAB","RAWALPINDI","JHELUM","PIND DADAN KHAN","TEHSIL","SARAIKI",559,254,305,NA,434,199,235,NA,125,55,70,NA
"PUNJAB","RAWALPINDI","JHELUM","PIND DADAN KHAN","TEHSIL","SHINA",2,2,NA,NA,2,2,NA,NA,NA,NA,NA,NA
"PUNJAB","RAWALPINDI","JHELUM","PIND DADAN KHAN","TEHSIL","SINDHI",787,436,351,NA,532,293,239,NA,255,143,112,NA
"PUNJAB","RAWALPINDI","JHELUM","PIND DADAN KHAN","TEHSIL","TOTAL",371971,183370,188587,14,307222,151639,155576,7,64749,31731,33011,7
"PUNJAB","RAWALPINDI","JHELUM","PIND DADAN KHAN","TEHSIL","URDU",6047,2963,3084,NA,2879,1356,1523,NA,3168,1607,1561,NA
"PUNJAB","GUJRANWALA","HAFIZABAD","PINDI BHATTIAN","TEHSIL","BALOCHI",23,13,10,NA,21,12,9,NA,2,1,1,NA
"PUNJAB","GUJRANWALA","HAFIZABAD","PINDI BHATTIAN","TEHSIL","BALTI",3,NA,3,NA,3,NA,3,NA,NA,NA,NA,NA
"PUNJAB","GUJRANWALA","HAFIZABAD","PINDI BHATTIAN","TEHSIL","BRAHVI",NA,NA,NA,NA,NA,NA,NA,NA,NA,NA,NA,NA
"PUNJAB","GUJRANWALA","HAFIZABAD","PINDI BHATTIAN","TEHSIL","HINDKO",79,42,37,NA,60,35,25,NA,19,7,12,NA
"PUNJAB","GUJRANWALA","HAFIZABAD","PINDI BHATTIAN","TEHSIL","KALASHA",NA,NA,NA,NA,NA,NA,NA,NA,NA,NA,NA,NA
"PUNJAB","GUJRANWALA","HAFIZABAD","PINDI BHATTIAN","TEHSIL","KASHMIRI",289,138,151,NA,253,120,133,NA,36,18,18,NA
"PUNJAB","GUJRANWALA","HAFIZABAD","PINDI BHATTIAN","TEHSIL","KOHIOSTANI",21,9,12,NA,15,8,7,NA,6,1,5,NA
"PUNJAB","GUJRANWALA","HAFIZABAD","PINDI BHATTIAN","TEHSIL","MEWATI",193,106,87,NA,193,106,87,NA,NA,NA,NA,NA
"PUNJAB","GUJRANWALA","HAFIZABAD","PINDI BHATTIAN","TEHSIL","OTHERS",321,119,202,NA,307,116,191,NA,14,3,11,NA
"PUNJAB","GUJRANWALA","HAFIZABAD","PINDI BHATTIAN","TEHSIL","PUNJABI",539422,264417,274979,26,389079,189992,199076,11,150343,74425,75903,15
"PUNJAB","GUJRANWALA","HAFIZABAD","PINDI BHATTIAN","TEHSIL","PUSHTO",4919,2356,2563,NA,3479,1699,1780,NA,1440,657,783,NA
"PUNJAB","GUJRANWALA","HAFIZABAD","PINDI BHATTIAN","TEHSIL","SARAIKI",139,68,71,NA,115,59,56,NA,24,9,15,NA
"PUNJAB","GUJRANWALA","HAFIZABAD","PINDI BHATTIAN","TEHSIL","SHINA",1,1,NA,NA,1,1,NA,NA,NA,NA,NA,NA
"PUNJAB","GUJRANWALA","HAFIZABAD","PINDI BHATTIAN","TEHSIL","SINDHI",1003,513,490,NA,773,397,376,NA,230,116,114,NA
"PUNJAB","GUJRANWALA","HAFIZABAD","PINDI BHATTIAN","TEHSIL","TOTAL",558751,273942,284783,26,397361,194112,203238,11,161390,79830,81545,15
"PUNJAB","GUJRANWALA","HAFIZABAD","PINDI BHATTIAN","TEHSIL","URDU",12338,6160,6178,NA,3062,1567,1495,NA,9276,4593,4683,NA
"PUNJAB","RAWALPINDI","ATTOCK","PINDI GHEB","TEHSIL","BALOCHI",79,34,45,NA,73,33,40,NA,6,1,5,NA
"PUNJAB","RAWALPINDI","ATTOCK","PINDI GHEB","TEHSIL","BALTI",NA,NA,NA,NA,NA,NA,NA,NA,NA,NA,NA,NA
"PUNJAB","RAWALPINDI","ATTOCK","PINDI GHEB","TEHSIL","BRAHVI",1,1,NA,NA,NA,NA,NA,NA,1,1,NA,NA
"PUNJAB","RAWALPINDI","ATTOCK","PINDI GHEB","TEHSIL","HINDKO",8675,4323,4352,NA,7078,3528,3550,NA,1597,795,802,NA
"PUNJAB","RAWALPINDI","ATTOCK","PINDI GHEB","TEHSIL","KALASHA",6,NA,6,NA,NA,NA,NA,NA,6,NA,6,NA
"PUNJAB","RAWALPINDI","ATTOCK","PINDI GHEB","TEHSIL","KASHMIRI",256,118,138,NA,150,71,79,NA,106,47,59,NA
"PUNJAB","RAWALPINDI","ATTOCK","PINDI GHEB","TEHSIL","KOHIOSTANI",74,29,45,NA,74,29,45,NA,NA,NA,NA,NA
"PUNJAB","RAWALPINDI","ATTOCK","PINDI GHEB","TEHSIL","MEWATI",NA,NA,NA,NA,NA,NA,NA,NA,NA,NA,NA,NA
"PUNJAB","RAWALPINDI","ATTOCK","PINDI GHEB","TEHSIL","OTHERS",53,13,40,NA,46,11,35,NA,7,2,5,NA
"PUNJAB","RAWALPINDI","ATTOCK","PINDI GHEB","TEHSIL","PUNJABI",278045,139533,138502,10,221542,111952,109588,2,56503,27581,28914,8
"PUNJAB","RAWALPINDI","ATTOCK","PINDI GHEB","TEHSIL","PUSHTO",12276,6155,6121,NA,7826,3945,3881,NA,4450,2210,2240,NA
"PUNJAB","RAWALPINDI","ATTOCK","PINDI GHEB","TEHSIL","SARAIKI",2554,1232,1322,NA,2422,1169,1253,NA,132,63,69,NA
"PUNJAB","RAWALPINDI","ATTOCK","PINDI GHEB","TEHSIL","SHINA",15,9,6,NA,15,9,6,NA,NA,NA,NA,NA
"PUNJAB","RAWALPINDI","ATTOCK","PINDI GHEB","TEHSIL","SINDHI",553,310,243,NA,442,248,194,NA,111,62,49,NA
"PUNJAB","RAWALPINDI","ATTOCK","PINDI GHEB","TEHSIL","TOTAL",308878,155042,153826,10,245068,123801,121265,2,63810,31241,32561,8
"PUNJAB","RAWALPINDI","ATTOCK","PINDI GHEB","TEHSIL","URDU",6291,3285,3006,NA,5400,2806,2594,NA,891,479,412,NA
"PUNJAB","SARGODHA","MIANWALI","PIPLAN","TEHSIL","BALOCHI",93,39,54,NA,92,38,54,NA,1,1,NA,NA
"PUNJAB","SARGODHA","MIANWALI","PIPLAN","TEHSIL","BALTI",2,1,1,NA,2,1,1,NA,NA,NA,NA,NA
"PUNJAB","SARGODHA","MIANWALI","PIPLAN","TEHSIL","BRAHVI",8,5,3,NA,NA,NA,NA,NA,8,5,3,NA
"PUNJAB","SARGODHA","MIANWALI","PIPLAN","TEHSIL","HINDKO",313,164,149,NA,272,145,127,NA,41,19,22,NA
"PUNJAB","SARGODHA","MIANWALI","PIPLAN","TEHSIL","KALASHA",NA,NA,NA,NA,NA,NA,NA,NA,NA,NA,NA,NA
"PUNJAB","SARGODHA","MIANWALI","PIPLAN","TEHSIL","KASHMIRI",151,73,78,NA,130,63,67,NA,21,10,11,NA
"PUNJAB","SARGODHA","MIANWALI","PIPLAN","TEHSIL","KOHIOSTANI",30,9,21,NA,30,9,21,NA,NA,NA,NA,NA
"PUNJAB","SARGODHA","MIANWALI","PIPLAN","TEHSIL","MEWATI",451,219,232,NA,446,216,230,NA,5,3,2,NA
"PUNJAB","SARGODHA","MIANWALI","PIPLAN","TEHSIL","OTHERS",420,208,212,NA,391,192,199,NA,29,16,13,NA
"PUNJAB","SARGODHA","MIANWALI","PIPLAN","TEHSIL","PUNJABI",67938,32916,35022,NA,62530,30269,32261,NA,5408,2647,2761,NA
"PUNJAB","SARGODHA","MIANWALI","PIPLAN","TEHSIL","PUSHTO",16253,7778,8475,NA,14551,6959,7592,NA,1702,819,883,NA
"PUNJAB","SARGODHA","MIANWALI","PIPLAN","TEHSIL","SARAIKI",341600,164987,176595,18,271916,131327,140577,12,69684,33660,36018,6
"PUNJAB","SARGODHA","MIANWALI","PIPLAN","TEHSIL","SHINA",2,2,NA,NA,2,2,NA,NA,NA,NA,NA,NA
"PUNJAB","SARGODHA","MIANWALI","PIPLAN","TEHSIL","SINDHI",1512,700,812,NA,1166,543,623,NA,346,157,189,NA
"PUNJAB","SARGODHA","MIANWALI","PIPLAN","TEHSIL","TOTAL",475050,229550,245472,28,368781,178290,190479,12,106269,51260,54993,16
"PUNJAB","SARGODHA","MIANWALI","PIPLAN","TEHSIL","URDU",46277,22449,23818,10,17253,8526,8727,NA,29024,13923,15091,10
"PUNJAB","FAISALABAD","TOBA TEK SINGH","PIRMAHAL","TEHSIL","BALOCHI",127,65,62,NA,97,48,49,NA,30,17,13,NA
"PUNJAB","FAISALABAD","TOBA TEK SINGH","PIRMAHAL","TEHSIL","BALTI",6,4,2,NA,NA,NA,NA,NA,6,4,2,NA
"PUNJAB","FAISALABAD","TOBA TEK SINGH","PIRMAHAL","TEHSIL","BRAHVI",7,1,6,NA,NA,NA,NA,NA,7,1,6,NA
"PUNJAB","FAISALABAD","TOBA TEK SINGH","PIRMAHAL","TEHSIL","HINDKO",215,106,109,NA,73,38,35,NA,142,68,74,NA
"PUNJAB","FAISALABAD","TOBA TEK SINGH","PIRMAHAL","TEHSIL","KALASHA",1,NA,1,NA,1,NA,1,NA,NA,NA,NA,NA
"PUNJAB","FAISALABAD","TOBA TEK SINGH","PIRMAHAL","TEHSIL","KASHMIRI",8,2,6,NA,1,NA,1,NA,7,2,5,NA
"PUNJAB","FAISALABAD","TOBA TEK SINGH","PIRMAHAL","TEHSIL","KOHIOSTANI",NA,NA,NA,NA,NA,NA,NA,NA,NA,NA,NA,NA
"PUNJAB","FAISALABAD","TOBA TEK SINGH","PIRMAHAL","TEHSIL","MEWATI",9263,4569,4694,NA,9163,4518,4645,NA,100,51,49,NA
"PUNJAB","FAISALABAD","TOBA TEK SINGH","PIRMAHAL","TEHSIL","OTHERS",52,32,20,NA,25,16,9,NA,27,16,11,NA
"PUNJAB","FAISALABAD","TOBA TEK SINGH","PIRMAHAL","TEHSIL","PUNJABI",474602,230501,244043,58,420890,204528,216341,21,53712,25973,27702,37
"PUNJAB","FAISALABAD","TOBA TEK SINGH","PIRMAHAL","TEHSIL","PUSHTO",3639,1728,1911,NA,2673,1255,1418,NA,966,473,493,NA
"PUNJAB","FAISALABAD","TOBA TEK SINGH","PIRMAHAL","TEHSIL","SARAIKI",1462,683,779,NA,925,432,493,NA,537,251,286,NA
"PUNJAB","FAISALABAD","TOBA TEK SINGH","PIRMAHAL","TEHSIL","SHINA",1,1,NA,NA,NA,NA,NA,NA,1,1,NA,NA
"PUNJAB","FAISALABAD","TOBA TEK SINGH","PIRMAHAL","TEHSIL","SINDHI",954,514,439,1,704,387,317,NA,250,127,122,1
"PUNJAB","FAISALABAD","TOBA TEK SINGH","PIRMAHAL","TEHSIL","TOTAL",496636,241334,255241,61,437179,212589,224569,21,59457,28745,30672,40
"PUNJAB","FAISALABAD","TOBA TEK SINGH","PIRMAHAL","TEHSIL","URDU",6299,3128,3169,2,2627,1367,1260,NA,3672,1761,1909,2
"PUNJAB","SARGODHA","KHUSHAB","QUAIDABAD","TEHSIL","BALOCHI",112,55,57,NA,112,55,57,NA,NA,NA,NA,NA
"PUNJAB","SARGODHA","KHUSHAB","QUAIDABAD","TEHSIL","BALTI",NA,NA,NA,NA,NA,NA,NA,NA,NA,NA,NA,NA
"PUNJAB","SARGODHA","KHUSHAB","QUAIDABAD","TEHSIL","BRAHVI",NA,NA,NA,NA,NA,NA,NA,NA,NA,NA,NA,NA
"PUNJAB","SARGODHA","KHUSHAB","QUAIDABAD","TEHSIL","HINDKO",3,1,2,NA,3,1,2,NA,NA,NA,NA,NA
"PUNJAB","SARGODHA","KHUSHAB","QUAIDABAD","TEHSIL","KALASHA",NA,NA,NA,NA,NA,NA,NA,NA,NA,NA,NA,NA
"PUNJAB","SARGODHA","KHUSHAB","QUAIDABAD","TEHSIL","KASHMIRI",9,5,4,NA,6,2,4,NA,3,3,NA,NA
"PUNJAB","SARGODHA","KHUSHAB","QUAIDABAD","TEHSIL","KOHIOSTANI",NA,NA,NA,NA,NA,NA,NA,NA,NA,NA,NA,NA
"PUNJAB","SARGODHA","KHUSHAB","QUAIDABAD","TEHSIL","MEWATI",990,491,499,NA,990,491,499,NA,NA,NA,NA,NA
"PUNJAB","SARGODHA","KHUSHAB","QUAIDABAD","TEHSIL","OTHERS",41,17,24,NA,37,15,22,NA,4,2,2,NA
"PUNJAB","SARGODHA","KHUSHAB","QUAIDABAD","TEHSIL","PUNJABI",242776,118036,124733,7,224002,109348,114650,4,18774,8688,10083,3
"PUNJAB","SARGODHA","KHUSHAB","QUAIDABAD","TEHSIL","PUSHTO",6024,2910,3114,NA,3394,1644,1750,NA,2630,1266,1364,NA
"PUNJAB","SARGODHA","KHUSHAB","QUAIDABAD","TEHSIL","SARAIKI",22216,10688,11528,NA,19996,9679,10317,NA,2220,1009,1211,NA
"PUNJAB","SARGODHA","KHUSHAB","QUAIDABAD","TEHSIL","SHINA",NA,NA,NA,NA,NA,NA,NA,NA,NA,NA,NA,NA
"PUNJAB","SARGODHA","KHUSHAB","QUAIDABAD","TEHSIL","SINDHI",336,183,153,NA,307,167,140,NA,29,16,13,NA
"PUNJAB","SARGODHA","KHUSHAB","QUAIDABAD","TEHSIL","TOTAL",274849,133472,141369,8,250344,122087,128253,4,24505,11385,13116,4
"PUNJAB","SARGODHA","KHUSHAB","QUAIDABAD","TEHSIL","URDU",2342,1086,1255,1,1497,685,812,NA,845,401,443,1
"PUNJAB","BAHAWALPUR","RAHIM YAR KHAN","RAHIM YAR KHAN","TEHSIL","BALOCHI",18864,8826,10037,1,16058,7575,8483,NA,2806,1251,1554,1
"PUNJAB","BAHAWALPUR","RAHIM YAR KHAN","RAHIM YAR KHAN","TEHSIL","BALTI",42,17,25,NA,1,NA,1,NA,41,17,24,NA
"PUNJAB","BAHAWALPUR","RAHIM YAR KHAN","RAHIM YAR KHAN","TEHSIL","BRAHVI",632,265,367,NA,501,249,252,NA,131,16,115,NA
"PUNJAB","BAHAWALPUR","RAHIM YAR KHAN","RAHIM YAR KHAN","TEHSIL","HINDKO",35001,16709,18292,NA,31880,15196,16684,NA,3121,1513,1608,NA
"PUNJAB","BAHAWALPUR","RAHIM YAR KHAN","RAHIM YAR KHAN","TEHSIL","KALASHA",1,1,NA,NA,1,1,NA,NA,NA,NA,NA,NA
"PUNJAB","BAHAWALPUR","RAHIM YAR KHAN","RAHIM YAR KHAN","TEHSIL","KASHMIRI",420,208,212,NA,236,108,128,NA,184,100,84,NA
"PUNJAB","BAHAWALPUR","RAHIM YAR KHAN","RAHIM YAR KHAN","TEHSIL","KOHIOSTANI",182,95,87,NA,174,90,84,NA,8,5,3,NA
"PUNJAB","BAHAWALPUR","RAHIM YAR KHAN","RAHIM YAR KHAN","TEHSIL","MEWATI",244,121,123,NA,52,24,28,NA,192,97,95,NA
"PUNJAB","BAHAWALPUR","RAHIM YAR KHAN","RAHIM YAR KHAN","TEHSIL","OTHERS",47719,22912,24801,6,41030,19724,21306,NA,6689,3188,3495,6
"PUNJAB","BAHAWALPUR","RAHIM YAR KHAN","RAHIM YAR KHAN","TEHSIL","PUNJABI",550492,265603,284820,69,247069,118646,128413,10,303423,146957,156407,59
"PUNJAB","BAHAWALPUR","RAHIM YAR KHAN","RAHIM YAR KHAN","TEHSIL","PUSHTO",21517,10059,11458,NA,10549,4933,5616,NA,10968,5126,5842,NA
"PUNJAB","BAHAWALPUR","RAHIM YAR KHAN","RAHIM YAR KHAN","TEHSIL","SARAIKI",1026027,491085,534866,76,818716,391646,427051,19,207311,99439,107815,57
"PUNJAB","BAHAWALPUR","RAHIM YAR KHAN","RAHIM YAR KHAN","TEHSIL","SHINA",566,264,302,NA,559,259,300,NA,7,5,2,NA
"PUNJAB","BAHAWALPUR","RAHIM YAR KHAN","RAHIM YAR KHAN","TEHSIL","SINDHI",19263,9200,10063,NA,16139,7753,8386,NA,3124,1447,1677,NA
"PUNJAB","BAHAWALPUR","RAHIM YAR KHAN","RAHIM YAR KHAN","TEHSIL","TOTAL",1776665,852544,923962,159,1186749,568094,618626,29,589916,284450,305336,130
"PUNJAB","BAHAWALPUR","RAHIM YAR KHAN","RAHIM YAR KHAN","TEHSIL","URDU",55695,27179,28509,7,3784,1890,1894,NA,51911,25289,26615,7
"PUNJAB","LAHORE","LAHORE","RAIWIND","TEHSIL","BALOCHI",340,146,193,1,NA,NA,NA,NA,340,146,193,1
"PUNJAB","LAHORE","LAHORE","RAIWIND","TEHSIL","BALTI",67,32,35,NA,NA,NA,NA,NA,67,32,35,NA
"PUNJAB","LAHORE","LAHORE","RAIWIND","TEHSIL","BRAHVI",5,2,3,NA,NA,NA,NA,NA,5,2,3,NA
"PUNJAB","LAHORE","LAHORE","RAIWIND","TEHSIL","HINDKO",1016,485,529,2,NA,NA,NA,NA,1016,485,529,2
"PUNJAB","LAHORE","LAHORE","RAIWIND","TEHSIL","KALASHA",26,14,12,NA,NA,NA,NA,NA,26,14,12,NA
"PUNJAB","LAHORE","LAHORE","RAIWIND","TEHSIL","KASHMIRI",479,206,273,NA,NA,NA,NA,NA,479,206,273,NA
"PUNJAB","LAHORE","LAHORE","RAIWIND","TEHSIL","KOHIOSTANI",28,11,16,1,NA,NA,NA,NA,28,11,16,1
"PUNJAB","LAHORE","LAHORE","RAIWIND","TEHSIL","MEWATI",56079,26449,29627,3,NA,NA,NA,NA,56079,26449,29627,3
"PUNJAB","LAHORE","LAHORE","RAIWIND","TEHSIL","OTHERS",1157,526,628,3,NA,NA,NA,NA,1157,526,628,3
"PUNJAB","LAHORE","LAHORE","RAIWIND","TEHSIL","PUNJABI",872040,401350,470436,254,NA,NA,NA,NA,872040,401350,470436,254
"PUNJAB","LAHORE","LAHORE","RAIWIND","TEHSIL","PUSHTO",10683,4784,5899,NA,NA,NA,NA,NA,10683,4784,5899,NA
"PUNJAB","LAHORE","LAHORE","RAIWIND","TEHSIL","SARAIKI",6800,2999,3789,12,NA,NA,NA,NA,6800,2999,3789,12
"PUNJAB","LAHORE","LAHORE","RAIWIND","TEHSIL","SHINA",49,23,26,NA,NA,NA,NA,NA,49,23,26,NA
"PUNJAB","LAHORE","LAHORE","RAIWIND","TEHSIL","SINDHI",2607,1240,1364,3,NA,NA,NA,NA,2607,1240,1364,3
"PUNJAB","LAHORE","LAHORE","RAIWIND","TEHSIL","TOTAL",1080637,498419,581873,345,NA,NA,NA,NA,1080637,498419,581873,345
"PUNJAB","LAHORE","LAHORE","RAIWIND","TEHSIL","URDU",129261,60152,69043,66,NA,NA,NA,NA,129261,60152,69043,66
"PUNJAB","DERA GHAZI KHAN","RAJANPUR","RAJANPUR","DE-EXCLUDED_AREA","BALOCHI",41146,19295,21851,NA,41146,19295,21851,NA,NA,NA,NA,NA
"PUNJAB","DERA GHAZI KHAN","RAJANPUR","RAJANPUR","DE-EXCLUDED_AREA","BALTI",NA,NA,NA,NA,NA,NA,NA,NA,NA,NA,NA,NA
"PUNJAB","DERA GHAZI KHAN","RAJANPUR","RAJANPUR","DE-EXCLUDED_AREA","BRAHVI",NA,NA,NA,NA,NA,NA,NA,NA,NA,NA,NA,NA
"PUNJAB","DERA GHAZI KHAN","RAJANPUR","RAJANPUR","DE-EXCLUDED_AREA","HINDKO",NA,NA,NA,NA,NA,NA,NA,NA,NA,NA,NA,NA
"PUNJAB","DERA GHAZI KHAN","RAJANPUR","RAJANPUR","DE-EXCLUDED_AREA","KALASHA",NA,NA,NA,NA,NA,NA,NA,NA,NA,NA,NA,NA
"PUNJAB","DERA GHAZI KHAN","RAJANPUR","RAJANPUR","DE-EXCLUDED_AREA","KASHMIRI",8,2,6,NA,8,2,6,NA,NA,NA,NA,NA
"PUNJAB","DERA GHAZI KHAN","RAJANPUR","RAJANPUR","DE-EXCLUDED_AREA","KOHIOSTANI",NA,NA,NA,NA,NA,NA,NA,NA,NA,NA,NA,NA
"PUNJAB","DERA GHAZI KHAN","RAJANPUR","RAJANPUR","DE-EXCLUDED_AREA","MEWATI",NA,NA,NA,NA,NA,NA,NA,NA,NA,NA,NA,NA
"PUNJAB","DERA GHAZI KHAN","RAJANPUR","RAJANPUR","DE-EXCLUDED_AREA","OTHERS",2,1,1,NA,2,1,1,NA,NA,NA,NA,NA
"PUNJAB","DERA GHAZI KHAN","RAJANPUR","RAJANPUR","DE-EXCLUDED_AREA","PUNJABI",3,3,NA,NA,3,3,NA,NA,NA,NA,NA,NA
"PUNJAB","DERA GHAZI KHAN","RAJANPUR","RAJANPUR","DE-EXCLUDED_AREA","PUSHTO",1,1,NA,NA,1,1,NA,NA,NA,NA,NA,NA
"PUNJAB","DERA GHAZI KHAN","RAJANPUR","RAJANPUR","DE-EXCLUDED_AREA","SARAIKI",559,269,290,NA,559,269,290,NA,NA,NA,NA,NA
"PUNJAB","DERA GHAZI KHAN","RAJANPUR","RAJANPUR","DE-EXCLUDED_AREA","SHINA",NA,NA,NA,NA,NA,NA,NA,NA,NA,NA,NA,NA
"PUNJAB","DERA GHAZI KHAN","RAJANPUR","RAJANPUR","DE-EXCLUDED_AREA","SINDHI",2,NA,2,NA,2,NA,2,NA,NA,NA,NA,NA
"PUNJAB","DERA GHAZI KHAN","RAJANPUR","RAJANPUR","DE-EXCLUDED_AREA","TOTAL",41741,19585,22156,NA,41741,19585,22156,NA,NA,NA,NA,NA
"PUNJAB","DERA GHAZI KHAN","RAJANPUR","RAJANPUR","DE-EXCLUDED_AREA","URDU",20,14,6,NA,20,14,6,NA,NA,NA,NA,NA
"PUNJAB","DERA GHAZI KHAN","RAJANPUR","RAJANPUR","TEHSIL","BALOCHI",59800,29156,30643,1,53113,25870,27242,1,6687,3286,3401,NA
"PUNJAB","DERA GHAZI KHAN","RAJANPUR","RAJANPUR","TEHSIL","BALTI",7,4,3,NA,NA,NA,NA,NA,7,4,3,NA
"PUNJAB","DERA GHAZI KHAN","RAJANPUR","RAJANPUR","TEHSIL","BRAHVI",NA,NA,NA,NA,NA,NA,NA,NA,NA,NA,NA,NA
"PUNJAB","DERA GHAZI KHAN","RAJANPUR","RAJANPUR","TEHSIL","HINDKO",125,59,66,NA,57,24,33,NA,68,35,33,NA
"PUNJAB","DERA GHAZI KHAN","RAJANPUR","RAJANPUR","TEHSIL","KALASHA",NA,NA,NA,NA,NA,NA,NA,NA,NA,NA,NA,NA
"PUNJAB","DERA GHAZI KHAN","RAJANPUR","RAJANPUR","TEHSIL","KASHMIRI",233,100,133,NA,119,49,70,NA,114,51,63,NA
"PUNJAB","DERA GHAZI KHAN","RAJANPUR","RAJANPUR","TEHSIL","KOHIOSTANI",NA,NA,NA,NA,NA,NA,NA,NA,NA,NA,NA,NA
"PUNJAB","DERA GHAZI KHAN","RAJANPUR","RAJANPUR","TEHSIL","MEWATI",NA,NA,NA,NA,NA,NA,NA,NA,NA,NA,NA,NA
"PUNJAB","DERA GHAZI KHAN","RAJANPUR","RAJANPUR","TEHSIL","OTHERS",1467,721,746,NA,1076,540,536,NA,391,181,210,NA
"PUNJAB","DERA GHAZI KHAN","RAJANPUR","RAJANPUR","TEHSIL","PUNJABI",39842,19900,19940,2,15810,7847,7962,1,24032,12053,11978,1
"PUNJAB","DERA GHAZI KHAN","RAJANPUR","RAJANPUR","TEHSIL","PUSHTO",3414,1630,1784,NA,1671,826,845,NA,1743,804,939,NA
"PUNJAB","DERA GHAZI KHAN","RAJANPUR","RAJANPUR","TEHSIL","SARAIKI",713089,353056,360007,26,463979,229390,234581,8,249110,123666,125426,18
"PUNJAB","DERA GHAZI KHAN","RAJANPUR","RAJANPUR","TEHSIL","SHINA",NA,NA,NA,NA,NA,NA,NA,NA,NA,NA,NA,NA
"PUNJAB","DERA GHAZI KHAN","RAJANPUR","RAJANPUR","TEHSIL","SINDHI",1112,569,543,NA,613,308,305,NA,499,261,238,NA
"PUNJAB","DERA GHAZI KHAN","RAJANPUR","RAJANPUR","TEHSIL","TOTAL",851729,421677,430020,32,542533,267887,274636,10,309196,153790,155384,22
"PUNJAB","DERA GHAZI KHAN","RAJANPUR","RAJANPUR","TEHSIL","URDU",32640,16482,16155,3,6095,3033,3062,NA,26545,13449,13093,3
"PUNJAB","RAWALPINDI","RAWALPINDI","RAWALPINDI","TEHSIL","BALOCHI",3150,1401,1749,NA,388,193,195,NA,2762,1208,1554,NA
"PUNJAB","RAWALPINDI","RAWALPINDI","RAWALPINDI","TEHSIL","BALTI",6429,2828,3601,NA,54,24,30,NA,6375,2804,3571,NA
"PUNJAB","RAWALPINDI","RAWALPINDI","RAWALPINDI","TEHSIL","BRAHVI",249,103,146,NA,5,1,4,NA,244,102,142,NA
"PUNJAB","RAWALPINDI","RAWALPINDI","RAWALPINDI","TEHSIL","HINDKO",94012,44978,49025,9,1324,621,703,NA,92688,44357,48322,9
"PUNJAB","RAWALPINDI","RAWALPINDI","RAWALPINDI","TEHSIL","KALASHA",170,69,101,NA,34,14,20,NA,136,55,81,NA
"PUNJAB","RAWALPINDI","RAWALPINDI","RAWALPINDI","TEHSIL","KASHMIRI",70646,33563,37078,5,2508,1256,1252,NA,68138,32307,35826,5
"PUNJAB","RAWALPINDI","RAWALPINDI","RAWALPINDI","TEHSIL","KOHIOSTANI",7819,3800,4018,1,166,77,89,NA,7653,3723,3929,1
"PUNJAB","RAWALPINDI","RAWALPINDI","RAWALPINDI","TEHSIL","MEWATI",318,149,169,NA,3,1,2,NA,315,148,167,NA
"PUNJAB","RAWALPINDI","RAWALPINDI","RAWALPINDI","TEHSIL","OTHERS",35162,17379,17783,NA,10647,5404,5243,NA,24515,11975,12540,NA
"PUNJAB","RAWALPINDI","RAWALPINDI","RAWALPINDI","TEHSIL","PUNJABI",2118585,1025969,1091696,920,327491,164786,162695,10,1791094,861183,929001,910
"PUNJAB","RAWALPINDI","RAWALPINDI","RAWALPINDI","TEHSIL","PUSHTO",457044,217571,239453,20,25243,12508,12734,1,431801,205063,226719,19
"PUNJAB","RAWALPINDI","RAWALPINDI","RAWALPINDI","TEHSIL","SARAIKI",30940,14096,16837,7,1717,786,931,NA,29223,13310,15906,7
"PUNJAB","RAWALPINDI","RAWALPINDI","RAWALPINDI","TEHSIL","SHINA",8015,3636,4379,NA,478,226,252,NA,7537,3410,4127,NA
"PUNJAB","RAWALPINDI","RAWALPINDI","RAWALPINDI","TEHSIL","SINDHI",11292,5259,6025,8,503,255,248,NA,10789,5004,5777,8
"PUNJAB","RAWALPINDI","RAWALPINDI","RAWALPINDI","TEHSIL","TOTAL",3689775,1781476,1907123,1176,386054,193942,192101,11,3303721,1587534,1715022,1165
"PUNJAB","RAWALPINDI","RAWALPINDI","RAWALPINDI","TEHSIL","URDU",845944,410675,435063,206,15493,7790,7703,NA,830451,402885,427360,206
"PUNJAB","SAHIWAL","OKARA","RENALA KHURD","TEHSIL","BALOCHI",6,5,1,NA,6,5,1,NA,NA,NA,NA,NA
"PUNJAB","SAHIWAL","OKARA","RENALA KHURD","TEHSIL","BALTI",3,NA,3,NA,NA,NA,NA,NA,3,NA,3,NA
"PUNJAB","SAHIWAL","OKARA","RENALA KHURD","TEHSIL","BRAHVI",4,3,1,NA,4,3,1,NA,NA,NA,NA,NA
"PUNJAB","SAHIWAL","OKARA","RENALA KHURD","TEHSIL","HINDKO",44,25,19,NA,43,24,19,NA,1,1,NA,NA
"PUNJAB","SAHIWAL","OKARA","RENALA KHURD","TEHSIL","KALASHA",19,12,7,NA,19,12,7,NA,NA,NA,NA,NA
"PUNJAB","SAHIWAL","OKARA","RENALA KHURD","TEHSIL","KASHMIRI",6,4,2,NA,1,1,NA,NA,5,3,2,NA
"PUNJAB","SAHIWAL","OKARA","RENALA KHURD","TEHSIL","KOHIOSTANI",NA,NA,NA,NA,NA,NA,NA,NA,NA,NA,NA,NA
"PUNJAB","SAHIWAL","OKARA","RENALA KHURD","TEHSIL","MEWATI",4144,2039,2105,NA,4112,2026,2086,NA,32,13,19,NA
"PUNJAB","SAHIWAL","OKARA","RENALA KHURD","TEHSIL","OTHERS",79,35,44,NA,52,21,31,NA,27,14,13,NA
"PUNJAB","SAHIWAL","OKARA","RENALA KHURD","TEHSIL","PUNJABI",490369,240559,249778,32,398472,195344,203116,12,91897,45215,46662,20
"PUNJAB","SAHIWAL","OKARA","RENALA KHURD","TEHSIL","PUSHTO",1157,560,597,NA,1045,511,534,NA,112,49,63,NA
"PUNJAB","SAHIWAL","OKARA","RENALA KHURD","TEHSIL","SARAIKI",177,74,103,NA,149,59,90,NA,28,15,13,NA
"PUNJAB","SAHIWAL","OKARA","RENALA KHURD","TEHSIL","SHINA",NA,NA,NA,NA,NA,NA,NA,NA,NA,NA,NA,NA
"PUNJAB","SAHIWAL","OKARA","RENALA KHURD","TEHSIL","SINDHI",1005,520,485,NA,844,442,402,NA,161,78,83,NA
"PUNJAB","SAHIWAL","OKARA","RENALA KHURD","TEHSIL","TOTAL",529248,259837,269379,32,429478,210770,218696,12,99770,49067,50683,20
"PUNJAB","SAHIWAL","OKARA","RENALA KHURD","TEHSIL","URDU",32235,16001,16234,NA,24731,12322,12409,NA,7504,3679,3825,NA
"PUNJAB","DERA GHAZI KHAN","RAJANPUR","ROJHAN","TEHSIL","BALOCHI",223646,104865,118776,5,215666,100949,114712,5,7980,3916,4064,NA
"PUNJAB","DERA GHAZI KHAN","RAJANPUR","ROJHAN","TEHSIL","BALTI",NA,NA,NA,NA,NA,NA,NA,NA,NA,NA,NA,NA
"PUNJAB","DERA GHAZI KHAN","RAJANPUR","ROJHAN","TEHSIL","BRAHVI",16,7,9,NA,4,2,2,NA,12,5,7,NA
"PUNJAB","DERA GHAZI KHAN","RAJANPUR","ROJHAN","TEHSIL","HINDKO",248,126,122,NA,248,126,122,NA,NA,NA,NA,NA
"PUNJAB","DERA GHAZI KHAN","RAJANPUR","ROJHAN","TEHSIL","KALASHA",NA,NA,NA,NA,NA,NA,NA,NA,NA,NA,NA,NA
"PUNJAB","DERA GHAZI KHAN","RAJANPUR","ROJHAN","TEHSIL","KASHMIRI",189,86,103,NA,179,80,99,NA,10,6,4,NA
"PUNJAB","DERA GHAZI KHAN","RAJANPUR","ROJHAN","TEHSIL","KOHIOSTANI",NA,NA,NA,NA,NA,NA,NA,NA,NA,NA,NA,NA
"PUNJAB","DERA GHAZI KHAN","RAJANPUR","ROJHAN","TEHSIL","MEWATI",NA,NA,NA,NA,NA,NA,NA,NA,NA,NA,NA,NA
"PUNJAB","DERA GHAZI KHAN","RAJANPUR","ROJHAN","TEHSIL","OTHERS",184,93,91,NA,146,73,73,NA,38,20,18,NA
"PUNJAB","DERA GHAZI KHAN","RAJANPUR","ROJHAN","TEHSIL","PUNJABI",2621,1274,1347,NA,2358,1129,1229,NA,263,145,118,NA
"PUNJAB","DERA GHAZI KHAN","RAJANPUR","ROJHAN","TEHSIL","PUSHTO",1614,765,849,NA,1564,740,824,NA,50,25,25,NA
"PUNJAB","DERA GHAZI KHAN","RAJANPUR","ROJHAN","TEHSIL","SARAIKI",188447,90733,97713,1,180988,87024,93963,1,7459,3709,3750,NA
"PUNJAB","DERA GHAZI KHAN","RAJANPUR","ROJHAN","TEHSIL","SHINA",NA,NA,NA,NA,NA,NA,NA,NA,NA,NA,NA,NA
"PUNJAB","DERA GHAZI KHAN","RAJANPUR","ROJHAN","TEHSIL","SINDHI",742,348,394,NA,741,348,393,NA,1,NA,1,NA
"PUNJAB","DERA GHAZI KHAN","RAJANPUR","ROJHAN","TEHSIL","TOTAL",419011,198899,220106,6,403140,191040,212094,6,15871,7859,8012,NA
"PUNJAB","DERA GHAZI KHAN","RAJANPUR","ROJHAN","TEHSIL","URDU",1304,602,702,NA,1246,569,677,NA,58,33,25,NA
"PUNJAB","BAHAWALPUR","RAHIM YAR KHAN","SADIQABAD","TEHSIL","BALOCHI",65752,31306,34446,NA,58877,28000,30877,NA,6875,3306,3569,NA
"PUNJAB","BAHAWALPUR","RAHIM YAR KHAN","SADIQABAD","TEHSIL","BALTI",52,19,33,NA,52,19,33,NA,NA,NA,NA,NA
"PUNJAB","BAHAWALPUR","RAHIM YAR KHAN","SADIQABAD","TEHSIL","BRAHVI",299,133,166,NA,199,92,107,NA,100,41,59,NA
"PUNJAB","BAHAWALPUR","RAHIM YAR KHAN","SADIQABAD","TEHSIL","HINDKO",22777,10900,11877,NA,20418,9800,10618,NA,2359,1100,1259,NA
"PUNJAB","BAHAWALPUR","RAHIM YAR KHAN","SADIQABAD","TEHSIL","KALASHA",54,23,31,NA,47,20,27,NA,7,3,4,NA
"PUNJAB","BAHAWALPUR","RAHIM YAR KHAN","SADIQABAD","TEHSIL","KASHMIRI",358,182,175,1,323,164,158,1,35,18,17,NA
"PUNJAB","BAHAWALPUR","RAHIM YAR KHAN","SADIQABAD","TEHSIL","KOHIOSTANI",8,4,4,NA,2,1,1,NA,6,3,3,NA
"PUNJAB","BAHAWALPUR","RAHIM YAR KHAN","SADIQABAD","TEHSIL","MEWATI",1447,646,801,NA,626,278,348,NA,821,368,453,NA
"PUNJAB","BAHAWALPUR","RAHIM YAR KHAN","SADIQABAD","TEHSIL","OTHERS",21587,10393,11193,1,16514,7933,8580,1,5073,2460,2613,NA
"PUNJAB","BAHAWALPUR","RAHIM YAR KHAN","SADIQABAD","TEHSIL","PUNJABI",356168,172662,183463,43,169965,81628,88334,3,186203,91034,95129,40
"PUNJAB","BAHAWALPUR","RAHIM YAR KHAN","SADIQABAD","TEHSIL","PUSHTO",10058,4707,5351,NA,7219,3382,3837,NA,2839,1325,1514,NA
"PUNJAB","BAHAWALPUR","RAHIM YAR KHAN","SADIQABAD","TEHSIL","SARAIKI",751882,359317,392547,18,672661,320699,351949,13,79221,38618,40598,5
"PUNJAB","BAHAWALPUR","RAHIM YAR KHAN","SADIQABAD","TEHSIL","SHINA",90,44,46,NA,76,38,38,NA,14,6,8,NA
"PUNJAB","BAHAWALPUR","RAHIM YAR KHAN","SADIQABAD","TEHSIL","SINDHI",105829,49947,55882,NA,99581,46901,52680,NA,6248,3046,3202,NA
"PUNJAB","BAHAWALPUR","RAHIM YAR KHAN","SADIQABAD","TEHSIL","TOTAL",1381196,662147,718983,66,1057625,504349,553258,18,323571,157798,165725,48
"PUNJAB","BAHAWALPUR","RAHIM YAR KHAN","SADIQABAD","TEHSIL","URDU",44835,21864,22968,3,11065,5394,5671,NA,33770,16470,17297,3
"PUNJAB","LAHORE","SHEIKHUPURA","SAFDARABAD","TEHSIL","BALOCHI",5,2,3,NA,4,1,3,NA,1,1,NA,NA
"PUNJAB","LAHORE","SHEIKHUPURA","SAFDARABAD","TEHSIL","BALTI",2,1,1,NA,NA,NA,NA,NA,2,1,1,NA
"PUNJAB","LAHORE","SHEIKHUPURA","SAFDARABAD","TEHSIL","BRAHVI",1,1,NA,NA,1,1,NA,NA,NA,NA,NA,NA
"PUNJAB","LAHORE","SHEIKHUPURA","SAFDARABAD","TEHSIL","HINDKO",NA,NA,NA,NA,NA,NA,NA,NA,NA,NA,NA,NA
"PUNJAB","LAHORE","SHEIKHUPURA","SAFDARABAD","TEHSIL","KALASHA",NA,NA,NA,NA,NA,NA,NA,NA,NA,NA,NA,NA
"PUNJAB","LAHORE","SHEIKHUPURA","SAFDARABAD","TEHSIL","KASHMIRI",6,2,4,NA,6,2,4,NA,NA,NA,NA,NA
"PUNJAB","LAHORE","SHEIKHUPURA","SAFDARABAD","TEHSIL","KOHIOSTANI",NA,NA,NA,NA,NA,NA,NA,NA,NA,NA,NA,NA
"PUNJAB","LAHORE","SHEIKHUPURA","SAFDARABAD","TEHSIL","MEWATI",3,3,NA,NA,3,3,NA,NA,NA,NA,NA,NA
"PUNJAB","LAHORE","SHEIKHUPURA","SAFDARABAD","TEHSIL","OTHERS",17,8,9,NA,17,8,9,NA,NA,NA,NA,NA
"PUNJAB","LAHORE","SHEIKHUPURA","SAFDARABAD","TEHSIL","PUNJABI",312311,155396,156866,49,224667,111896,112733,38,87644,43500,44133,11
"PUNJAB","LAHORE","SHEIKHUPURA","SAFDARABAD","TEHSIL","PUSHTO",894,438,456,NA,482,221,261,NA,412,217,195,NA
"PUNJAB","LAHORE","SHEIKHUPURA","SAFDARABAD","TEHSIL","SARAIKI",88,29,59,NA,53,21,32,NA,35,8,27,NA
"PUNJAB","LAHORE","SHEIKHUPURA","SAFDARABAD","TEHSIL","SHINA",NA,NA,NA,NA,NA,NA,NA,NA,NA,NA,NA,NA
"PUNJAB","LAHORE","SHEIKHUPURA","SAFDARABAD","TEHSIL","SINDHI",616,331,285,NA,508,276,232,NA,108,55,53,NA
"PUNJAB","LAHORE","SHEIKHUPURA","SAFDARABAD","TEHSIL","TOTAL",320836,159477,161310,49,231660,115210,116412,38,89176,44267,44898,11
"PUNJAB","LAHORE","SHEIKHUPURA","SAFDARABAD","TEHSIL","URDU",6893,3266,3627,NA,5919,2781,3138,NA,974,485,489,NA
"PUNJAB","SAHIWAL","SAHIWAL","SAHIWAL","TEHSIL","BALOCHI",379,180,199,NA,68,32,36,NA,311,148,163,NA
"PUNJAB","SAHIWAL","SAHIWAL","SAHIWAL","TEHSIL","BALTI",42,13,29,NA,NA,NA,NA,NA,42,13,29,NA
"PUNJAB","SAHIWAL","SAHIWAL","SAHIWAL","TEHSIL","BRAHVI",7,4,3,NA,7,4,3,NA,NA,NA,NA,NA
"PUNJAB","SAHIWAL","SAHIWAL","SAHIWAL","TEHSIL","HINDKO",90,51,38,1,50,24,25,1,40,27,13,NA
"PUNJAB","SAHIWAL","SAHIWAL","SAHIWAL","TEHSIL","KALASHA",NA,NA,NA,NA,NA,NA,NA,NA,NA,NA,NA,NA
"PUNJAB","SAHIWAL","SAHIWAL","SAHIWAL","TEHSIL","KASHMIRI",42,16,26,NA,6,2,4,NA,36,14,22,NA
"PUNJAB","SAHIWAL","SAHIWAL","SAHIWAL","TEHSIL","KOHIOSTANI",NA,NA,NA,NA,NA,NA,NA,NA,NA,NA,NA,NA
"PUNJAB","SAHIWAL","SAHIWAL","SAHIWAL","TEHSIL","MEWATI",29,16,13,NA,6,2,4,NA,23,14,9,NA
"PUNJAB","SAHIWAL","SAHIWAL","SAHIWAL","TEHSIL","OTHERS",1000,363,637,NA,766,235,531,NA,234,128,106,NA
"PUNJAB","SAHIWAL","SAHIWAL","SAHIWAL","TEHSIL","PUNJABI",1659466,814638,844744,84,1056115,517200,538880,35,603351,297438,305864,49
"PUNJAB","SAHIWAL","SAHIWAL","SAHIWAL","TEHSIL","PUSHTO",8882,4197,4685,NA,4660,2232,2428,NA,4222,1965,2257,NA
"PUNJAB","SAHIWAL","SAHIWAL","SAHIWAL","TEHSIL","SARAIKI",472,196,276,NA,146,65,81,NA,326,131,195,NA
"PUNJAB","SAHIWAL","SAHIWAL","SAHIWAL","TEHSIL","SHINA",3,2,1,NA,NA,NA,NA,NA,3,2,1,NA
"PUNJAB","SAHIWAL","SAHIWAL","SAHIWAL","TEHSIL","SINDHI",2837,1510,1326,1,1631,881,750,NA,1206,629,576,1
"PUNJAB","SAHIWAL","SAHIWAL","SAHIWAL","TEHSIL","TOTAL",1722144,845634,876423,87,1080341,529018,551286,37,641803,316616,325137,50
"PUNJAB","SAHIWAL","SAHIWAL","SAHIWAL","TEHSIL","URDU",48895,24448,24446,1,16886,8341,8544,1,32009,16107,15902,NA
"PUNJAB","SARGODHA","SARGODHA","SAHIWAL","TEHSIL","BALOCHI",13,6,7,NA,7,3,4,NA,6,3,3,NA
"PUNJAB","SARGODHA","SARGODHA","SAHIWAL","TEHSIL","BALTI",1,1,NA,NA,1,1,NA,NA,NA,NA,NA,NA
"PUNJAB","SARGODHA","SARGODHA","SAHIWAL","TEHSIL","BRAHVI",NA,NA,NA,NA,NA,NA,NA,NA,NA,NA,NA,NA
"PUNJAB","SARGODHA","SARGODHA","SAHIWAL","TEHSIL","HINDKO",7,5,2,NA,7,5,2,NA,NA,NA,NA,NA
"PUNJAB","SARGODHA","SARGODHA","SAHIWAL","TEHSIL","KALASHA",NA,NA,NA,NA,NA,NA,NA,NA,NA,NA,NA,NA
"PUNJAB","SARGODHA","SARGODHA","SAHIWAL","TEHSIL","KASHMIRI",2,2,NA,NA,2,2,NA,NA,NA,NA,NA,NA
"PUNJAB","SARGODHA","SARGODHA","SAHIWAL","TEHSIL","KOHIOSTANI",9,4,5,NA,9,4,5,NA,NA,NA,NA,NA
"PUNJAB","SARGODHA","SARGODHA","SAHIWAL","TEHSIL","MEWATI",NA,NA,NA,NA,NA,NA,NA,NA,NA,NA,NA,NA
"PUNJAB","SARGODHA","SARGODHA","SAHIWAL","TEHSIL","OTHERS",18,8,10,NA,2,2,NA,NA,16,6,10,NA
"PUNJAB","SARGODHA","SARGODHA","SAHIWAL","TEHSIL","PUNJABI",387176,191471,195653,52,303274,149956,153274,44,83902,41515,42379,8
"PUNJAB","SARGODHA","SARGODHA","SAHIWAL","TEHSIL","PUSHTO",3233,1616,1617,NA,2925,1474,1451,NA,308,142,166,NA
"PUNJAB","SARGODHA","SARGODHA","SAHIWAL","TEHSIL","SARAIKI",45,20,25,NA,25,10,15,NA,20,10,10,NA
"PUNJAB","SARGODHA","SARGODHA","SAHIWAL","TEHSIL","SHINA",6,4,2,NA,NA,NA,NA,NA,6,4,2,NA
"PUNJAB","SARGODHA","SARGODHA","SAHIWAL","TEHSIL","SINDHI",615,328,287,NA,424,221,203,NA,191,107,84,NA
"PUNJAB","SARGODHA","SARGODHA","SAHIWAL","TEHSIL","TOTAL",407486,201594,205839,53,313408,155013,158351,44,94078,46581,47488,9
"PUNJAB","SARGODHA","SARGODHA","SAHIWAL","TEHSIL","URDU",16361,8129,8231,1,6732,3335,3397,NA,9629,4794,4834,1
"PUNJAB","GUJRANWALA","SIALKOT","SAMBRIAL","TEHSIL","BALOCHI",119,53,66,NA,113,52,61,NA,6,1,5,NA
"PUNJAB","GUJRANWALA","SIALKOT","SAMBRIAL","TEHSIL","BALTI",1,NA,1,NA,NA,NA,NA,NA,1,NA,1,NA
"PUNJAB","GUJRANWALA","SIALKOT","SAMBRIAL","TEHSIL","BRAHVI",NA,NA,NA,NA,NA,NA,NA,NA,NA,NA,NA,NA
"PUNJAB","GUJRANWALA","SIALKOT","SAMBRIAL","TEHSIL","HINDKO",340,167,173,NA,88,44,44,NA,252,123,129,NA
"PUNJAB","GUJRANWALA","SIALKOT","SAMBRIAL","TEHSIL","KALASHA",2,2,NA,NA,2,2,NA,NA,NA,NA,NA,NA
"PUNJAB","GUJRANWALA","SIALKOT","SAMBRIAL","TEHSIL","KASHMIRI",49,22,27,NA,20,10,10,NA,29,12,17,NA
"PUNJAB","GUJRANWALA","SIALKOT","SAMBRIAL","TEHSIL","KOHIOSTANI",53,17,36,NA,53,17,36,NA,NA,NA,NA,NA
"PUNJAB","GUJRANWALA","SIALKOT","SAMBRIAL","TEHSIL","MEWATI",8407,4200,4207,NA,7044,3515,3529,NA,1363,685,678,NA
"PUNJAB","GUJRANWALA","SIALKOT","SAMBRIAL","TEHSIL","OTHERS",183,100,83,NA,161,89,72,NA,22,11,11,NA
"PUNJAB","GUJRANWALA","SIALKOT","SAMBRIAL","TEHSIL","PUNJABI",428577,213012,215504,61,303812,151740,152052,20,124765,61272,63452,41
"PUNJAB","GUJRANWALA","SIALKOT","SAMBRIAL","TEHSIL","PUSHTO",3864,1832,2032,NA,1924,920,1004,NA,1940,912,1028,NA
"PUNJAB","GUJRANWALA","SIALKOT","SAMBRIAL","TEHSIL","SARAIKI",1682,773,909,NA,1342,619,723,NA,340,154,186,NA
"PUNJAB","GUJRANWALA","SIALKOT","SAMBRIAL","TEHSIL","SHINA",NA,NA,NA,NA,NA,NA,NA,NA,NA,NA,NA,NA
"PUNJAB","GUJRANWALA","SIALKOT","SAMBRIAL","TEHSIL","SINDHI",1066,587,479,NA,701,399,302,NA,365,188,177,NA
"PUNJAB","GUJRANWALA","SIALKOT","SAMBRIAL","TEHSIL","TOTAL",460280,228723,231496,61,318373,159010,159343,20,141907,69713,72153,41
"PUNJAB","GUJRANWALA","SIALKOT","SAMBRIAL","TEHSIL","URDU",15937,7958,7979,NA,3113,1603,1510,NA,12824,6355,6469,NA
"PUNJAB","FAISALABAD","FAISALABAD","SAMMUNDRI","TEHSIL","BALOCHI",51,23,28,NA,44,21,23,NA,7,2,5,NA
"PUNJAB","FAISALABAD","FAISALABAD","SAMMUNDRI","TEHSIL","BALTI",NA,NA,NA,NA,NA,NA,NA,NA,NA,NA,NA,NA
"PUNJAB","FAISALABAD","FAISALABAD","SAMMUNDRI","TEHSIL","BRAHVI",NA,NA,NA,NA,NA,NA,NA,NA,NA,NA,NA,NA
"PUNJAB","FAISALABAD","FAISALABAD","SAMMUNDRI","TEHSIL","HINDKO",NA,NA,NA,NA,NA,NA,NA,NA,NA,NA,NA,NA
"PUNJAB","FAISALABAD","FAISALABAD","SAMMUNDRI","TEHSIL","KALASHA",NA,NA,NA,NA,NA,NA,NA,NA,NA,NA,NA,NA
"PUNJAB","FAISALABAD","FAISALABAD","SAMMUNDRI","TEHSIL","KASHMIRI",17,7,10,NA,11,7,4,NA,6,NA,6,NA
"PUNJAB","FAISALABAD","FAISALABAD","SAMMUNDRI","TEHSIL","KOHIOSTANI",55,23,32,NA,55,23,32,NA,NA,NA,NA,NA
"PUNJAB","FAISALABAD","FAISALABAD","SAMMUNDRI","TEHSIL","MEWATI",31,17,14,NA,NA,NA,NA,NA,31,17,14,NA
"PUNJAB","FAISALABAD","FAISALABAD","SAMMUNDRI","TEHSIL","OTHERS",65,38,27,NA,24,17,7,NA,41,21,20,NA
"PUNJAB","FAISALABAD","FAISALABAD","SAMMUNDRI","TEHSIL","PUNJABI",712029,345638,366347,44,532988,258016,274951,21,179041,87622,91396,23
"PUNJAB","FAISALABAD","FAISALABAD","SAMMUNDRI","TEHSIL","PUSHTO",3269,1557,1712,NA,2592,1253,1339,NA,677,304,373,NA
"PUNJAB","FAISALABAD","FAISALABAD","SAMMUNDRI","TEHSIL","SARAIKI",192,87,105,NA,159,70,89,NA,33,17,16,NA
"PUNJAB","FAISALABAD","FAISALABAD","SAMMUNDRI","TEHSIL","SHINA",NA,NA,NA,NA,NA,NA,NA,NA,NA,NA,NA,NA
"PUNJAB","FAISALABAD","FAISALABAD","SAMMUNDRI","TEHSIL","SINDHI",1154,609,545,NA,884,482,402,NA,270,127,143,NA
"PUNJAB","FAISALABAD","FAISALABAD","SAMMUNDRI","TEHSIL","TOTAL",729672,354454,375174,44,543301,263196,280084,21,186371,91258,95090,23
"PUNJAB","FAISALABAD","FAISALABAD","SAMMUNDRI","TEHSIL","URDU",12809,6455,6354,NA,6544,3307,3237,NA,6265,3148,3117,NA
"PUNJAB","LAHORE","NANKANA SAHIB","SANGLA HILL","TEHSIL","BALOCHI",1,NA,1,NA,NA,NA,NA,NA,1,NA,1,NA
"PUNJAB","LAHORE","NANKANA SAHIB","SANGLA HILL","TEHSIL","BALTI",NA,NA,NA,NA,NA,NA,NA,NA,NA,NA,NA,NA
"PUNJAB","LAHORE","NANKANA SAHIB","SANGLA HILL","TEHSIL","BRAHVI",NA,NA,NA,NA,NA,NA,NA,NA,NA,NA,NA,NA
"PUNJAB","LAHORE","NANKANA SAHIB","SANGLA HILL","TEHSIL","HINDKO",14,9,5,NA,1,1,NA,NA,13,8,5,NA
"PUNJAB","LAHORE","NANKANA SAHIB","SANGLA HILL","TEHSIL","KALASHA",NA,NA,NA,NA,NA,NA,NA,NA,NA,NA,NA,NA
"PUNJAB","LAHORE","NANKANA SAHIB","SANGLA HILL","TEHSIL","KASHMIRI",8,3,5,NA,8,3,5,NA,NA,NA,NA,NA
"PUNJAB","LAHORE","NANKANA SAHIB","SANGLA HILL","TEHSIL","KOHIOSTANI",NA,NA,NA,NA,NA,NA,NA,NA,NA,NA,NA,NA
"PUNJAB","LAHORE","NANKANA SAHIB","SANGLA HILL","TEHSIL","MEWATI",NA,NA,NA,NA,NA,NA,NA,NA,NA,NA,NA,NA
"PUNJAB","LAHORE","NANKANA SAHIB","SANGLA HILL","TEHSIL","OTHERS",443,199,244,NA,2,2,NA,NA,441,197,244,NA
"PUNJAB","LAHORE","NANKANA SAHIB","SANGLA HILL","TEHSIL","PUNJABI",261207,130436,130756,15,162802,81208,81592,2,98405,49228,49164,13
"PUNJAB","LAHORE","NANKANA SAHIB","SANGLA HILL","TEHSIL","PUSHTO",1041,512,529,NA,407,201,206,NA,634,311,323,NA
"PUNJAB","LAHORE","NANKANA SAHIB","SANGLA HILL","TEHSIL","SARAIKI",62,33,29,NA,39,20,19,NA,23,13,10,NA
"PUNJAB","LAHORE","NANKANA SAHIB","SANGLA HILL","TEHSIL","SHINA",1,1,NA,NA,NA,NA,NA,NA,1,1,NA,NA
"PUNJAB","LAHORE","NANKANA SAHIB","SANGLA HILL","TEHSIL","SINDHI",944,507,437,NA,745,400,345,NA,199,107,92,NA
"PUNJAB","LAHORE","NANKANA SAHIB","SANGLA HILL","TEHSIL","TOTAL",269993,134979,134999,15,166284,82987,83295,2,103709,51992,51704,13
"PUNJAB","LAHORE","NANKANA SAHIB","SANGLA HILL","TEHSIL","URDU",6272,3279,2993,NA,2280,1152,1128,NA,3992,2127,1865,NA
"PUNJAB","GUJRANWALA","GUJRAT","SARAI ALAMGIR","TEHSIL","BALOCHI",48,22,26,NA,6,3,3,NA,42,19,23,NA
"PUNJAB","GUJRANWALA","GUJRAT","SARAI ALAMGIR","TEHSIL","BALTI",NA,NA,NA,NA,NA,NA,NA,NA,NA,NA,NA,NA
"PUNJAB","GUJRANWALA","GUJRAT","SARAI ALAMGIR","TEHSIL","BRAHVI",NA,NA,NA,NA,NA,NA,NA,NA,NA,NA,NA,NA
"PUNJAB","GUJRANWALA","GUJRAT","SARAI ALAMGIR","TEHSIL","HINDKO",84,35,49,NA,28,12,16,NA,56,23,33,NA
"PUNJAB","GUJRANWALA","GUJRAT","SARAI ALAMGIR","TEHSIL","KALASHA",NA,NA,NA,NA,NA,NA,NA,NA,NA,NA,NA,NA
"PUNJAB","GUJRANWALA","GUJRAT","SARAI ALAMGIR","TEHSIL","KASHMIRI",181,86,95,NA,143,64,79,NA,38,22,16,NA
"PUNJAB","GUJRANWALA","GUJRAT","SARAI ALAMGIR","TEHSIL","KOHIOSTANI",37,17,20,NA,37,17,20,NA,NA,NA,NA,NA
"PUNJAB","GUJRANWALA","GUJRAT","SARAI ALAMGIR","TEHSIL","MEWATI",15,9,6,NA,5,3,2,NA,10,6,4,NA
"PUNJAB","GUJRANWALA","GUJRAT","SARAI ALAMGIR","TEHSIL","OTHERS",543,272,271,NA,318,158,160,NA,225,114,111,NA
"PUNJAB","GUJRANWALA","GUJRAT","SARAI ALAMGIR","TEHSIL","PUNJABI",273769,136973,136790,6,214437,107144,107289,4,59332,29829,29501,2
"PUNJAB","GUJRANWALA","GUJRAT","SARAI ALAMGIR","TEHSIL","PUSHTO",6168,2976,3192,NA,3500,1695,1805,NA,2668,1281,1387,NA
"PUNJAB","GUJRANWALA","GUJRAT","SARAI ALAMGIR","TEHSIL","SARAIKI",577,238,339,NA,383,155,228,NA,194,83,111,NA
"PUNJAB","GUJRANWALA","GUJRAT","SARAI ALAMGIR","TEHSIL","SHINA",19,8,11,NA,NA,NA,NA,NA,19,8,11,NA
"PUNJAB","GUJRANWALA","GUJRAT","SARAI ALAMGIR","TEHSIL","SINDHI",698,340,357,1,327,168,159,NA,371,172,198,1
"PUNJAB","GUJRANWALA","GUJRAT","SARAI ALAMGIR","TEHSIL","TOTAL",297871,149093,148770,8,224068,111912,112152,4,73803,37181,36618,4
"PUNJAB","GUJRANWALA","GUJRAT","SARAI ALAMGIR","TEHSIL","URDU",15732,8117,7614,1,4884,2493,2391,NA,10848,5624,5223,1
"PUNJAB","SARGODHA","SARGODHA","SARGODHA","TEHSIL","BALOCHI",265,91,174,NA,82,35,47,NA,183,56,127,NA
"PUNJAB","SARGODHA","SARGODHA","SARGODHA","TEHSIL","BALTI",50,19,31,NA,6,4,2,NA,44,15,29,NA
"PUNJAB","SARGODHA","SARGODHA","SARGODHA","TEHSIL","BRAHVI",2,1,1,NA,NA,NA,NA,NA,2,1,1,NA
"PUNJAB","SARGODHA","SARGODHA","SARGODHA","TEHSIL","HINDKO",446,230,216,NA,113,63,50,NA,333,167,166,NA
"PUNJAB","SARGODHA","SARGODHA","SARGODHA","TEHSIL","KALASHA",1,1,NA,NA,NA,NA,NA,NA,1,1,NA,NA
"PUNJAB","SARGODHA","SARGODHA","SARGODHA","TEHSIL","KASHMIRI",413,174,238,1,227,95,132,NA,186,79,106,1
"PUNJAB","SARGODHA","SARGODHA","SARGODHA","TEHSIL","KOHIOSTANI",9,4,5,NA,NA,NA,NA,NA,9,4,5,NA
"PUNJAB","SARGODHA","SARGODHA","SARGODHA","TEHSIL","MEWATI",24,13,11,NA,5,2,3,NA,19,11,8,NA
"PUNJAB","SARGODHA","SARGODHA","SARGODHA","TEHSIL","OTHERS",266,128,137,1,49,21,28,NA,217,107,109,1
"PUNJAB","SARGODHA","SARGODHA","SARGODHA","TEHSIL","PUNJABI",1553335,762726,790433,176,716914,352353,364533,28,836421,410373,425900,148
"PUNJAB","SARGODHA","SARGODHA","SARGODHA","TEHSIL","PUSHTO",27110,13283,13825,2,11874,5833,6041,NA,15236,7450,7784,2
"PUNJAB","SARGODHA","SARGODHA","SARGODHA","TEHSIL","SARAIKI",1676,838,837,1,238,128,110,NA,1438,710,727,1
"PUNJAB","SARGODHA","SARGODHA","SARGODHA","TEHSIL","SHINA",17,6,11,NA,NA,NA,NA,NA,17,6,11,NA
"PUNJAB","SARGODHA","SARGODHA","SARGODHA","TEHSIL","SINDHI",3218,1711,1506,1,1460,798,661,1,1758,913,845,NA
"PUNJAB","SARGODHA","SARGODHA","SARGODHA","TEHSIL","TOTAL",1793400,882383,910780,237,742693,365161,377503,29,1050707,517222,533277,208
"PUNJAB","SARGODHA","SARGODHA","SARGODHA","TEHSIL","URDU",206568,103158,103355,55,11725,5829,5896,NA,194843,97329,97459,55
"PUNJAB","LAHORE","NANKANA SAHIB","SHAH KOT","TEHSIL","BALOCHI",12,5,7,NA,5,1,4,NA,7,4,3,NA
"PUNJAB","LAHORE","NANKANA SAHIB","SHAH KOT","TEHSIL","BALTI",NA,NA,NA,NA,NA,NA,NA,NA,NA,NA,NA,NA
"PUNJAB","LAHORE","NANKANA SAHIB","SHAH KOT","TEHSIL","BRAHVI",NA,NA,NA,NA,NA,NA,NA,NA,NA,NA,NA,NA
"PUNJAB","LAHORE","NANKANA SAHIB","SHAH KOT","TEHSIL","HINDKO",28,16,12,NA,3,2,1,NA,25,14,11,NA
"PUNJAB","LAHORE","NANKANA SAHIB","SHAH KOT","TEHSIL","KALASHA",NA,NA,NA,NA,NA,NA,NA,NA,NA,NA,NA,NA
"PUNJAB","LAHORE","NANKANA SAHIB","SHAH KOT","TEHSIL","KASHMIRI",3,1,2,NA,2,1,1,NA,1,NA,1,NA
"PUNJAB","LAHORE","NANKANA SAHIB","SHAH KOT","TEHSIL","KOHIOSTANI",NA,NA,NA,NA,NA,NA,NA,NA,NA,NA,NA,NA
"PUNJAB","LAHORE","NANKANA SAHIB","SHAH KOT","TEHSIL","MEWATI",29,13,16,NA,4,2,2,NA,25,11,14,NA
"PUNJAB","LAHORE","NANKANA SAHIB","SHAH KOT","TEHSIL","OTHERS",7,5,2,NA,5,4,1,NA,2,1,1,NA
"PUNJAB","LAHORE","NANKANA SAHIB","SHAH KOT","TEHSIL","PUNJABI",283263,140396,142844,23,198980,98740,100236,4,84283,41656,42608,19
"PUNJAB","LAHORE","NANKANA SAHIB","SHAH KOT","TEHSIL","PUSHTO",862,387,475,NA,260,116,144,NA,602,271,331,NA
"PUNJAB","LAHORE","NANKANA SAHIB","SHAH KOT","TEHSIL","SARAIKI",475,88,387,NA,421,60,361,NA,54,28,26,NA
"PUNJAB","LAHORE","NANKANA SAHIB","SHAH KOT","TEHSIL","SHINA",NA,NA,NA,NA,NA,NA,NA,NA,NA,NA,NA,NA
"PUNJAB","LAHORE","NANKANA SAHIB","SHAH KOT","TEHSIL","SINDHI",536,292,244,NA,285,158,127,NA,251,134,117,NA
"PUNJAB","LAHORE","NANKANA SAHIB","SHAH KOT","TEHSIL","TOTAL",299815,148498,151294,23,210177,104103,106070,4,89638,44395,45224,19
"PUNJAB","LAHORE","NANKANA SAHIB","SHAH KOT","TEHSIL","URDU",14600,7295,7305,NA,10212,5019,5193,NA,4388,2276,2112,NA
"PUNJAB","SARGODHA","SARGODHA","SHAHPUR","TEHSIL","BALOCHI",10,8,2,NA,7,6,1,NA,3,2,1,NA
"PUNJAB","SARGODHA","SARGODHA","SHAHPUR","TEHSIL","BALTI",NA,NA,NA,NA,NA,NA,NA,NA,NA,NA,NA,NA
"PUNJAB","SARGODHA","SARGODHA","SHAHPUR","TEHSIL","BRAHVI",NA,NA,NA,NA,NA,NA,NA,NA,NA,NA,NA,NA
"PUNJAB","SARGODHA","SARGODHA","SHAHPUR","TEHSIL","HINDKO",10,5,5,NA,9,5,4,NA,1,NA,1,NA
"PUNJAB","SARGODHA","SARGODHA","SHAHPUR","TEHSIL","KALASHA",NA,NA,NA,NA,NA,NA,NA,NA,NA,NA,NA,NA
"PUNJAB","SARGODHA","SARGODHA","SHAHPUR","TEHSIL","KASHMIRI",1481,793,688,NA,1480,793,687,NA,1,NA,1,NA
"PUNJAB","SARGODHA","SARGODHA","SHAHPUR","TEHSIL","KOHIOSTANI",90,44,46,NA,77,38,39,NA,13,6,7,NA
"PUNJAB","SARGODHA","SARGODHA","SHAHPUR","TEHSIL","MEWATI",7,4,3,NA,7,4,3,NA,NA,NA,NA,NA
"PUNJAB","SARGODHA","SARGODHA","SHAHPUR","TEHSIL","OTHERS",144,64,80,NA,44,20,24,NA,100,44,56,NA
"PUNJAB","SARGODHA","SARGODHA","SHAHPUR","TEHSIL","PUNJABI",405128,198953,206167,8,321174,158325,162844,5,83954,40628,43323,3
"PUNJAB","SARGODHA","SARGODHA","SHAHPUR","TEHSIL","PUSHTO",5856,2799,3057,NA,4397,2110,2287,NA,1459,689,770,NA
"PUNJAB","SARGODHA","SARGODHA","SHAHPUR","TEHSIL","SARAIKI",94,34,60,NA,87,33,54,NA,7,1,6,NA
"PUNJAB","SARGODHA","SARGODHA","SHAHPUR","TEHSIL","SHINA",1,1,NA,NA,NA,NA,NA,NA,1,1,NA,NA
"PUNJAB","SARGODHA","SARGODHA","SHAHPUR","TEHSIL","SINDHI",916,476,440,NA,742,393,349,NA,174,83,91,NA
"PUNJAB","SARGODHA","SARGODHA","SHAHPUR","TEHSIL","TOTAL",424745,208597,216140,8,332908,164167,168736,5,91837,44430,47404,3
"PUNJAB","SARGODHA","SARGODHA","SHAHPUR","TEHSIL","URDU",11008,5416,5592,NA,4884,2440,2444,NA,6124,2976,3148,NA
"PUNJAB","GUJRANWALA","NAROWAL","SHAKARGARH","TEHSIL","BALOCHI",24,9,15,NA,16,4,12,NA,8,5,3,NA
"PUNJAB","GUJRANWALA","NAROWAL","SHAKARGARH","TEHSIL","BALTI",1,1,NA,NA,1,1,NA,NA,NA,NA,NA,NA
"PUNJAB","GUJRANWALA","NAROWAL","SHAKARGARH","TEHSIL","BRAHVI",1,NA,1,NA,1,NA,1,NA,NA,NA,NA,NA
"PUNJAB","GUJRANWALA","NAROWAL","SHAKARGARH","TEHSIL","HINDKO",NA,NA,NA,NA,NA,NA,NA,NA,NA,NA,NA,NA
"PUNJAB","GUJRANWALA","NAROWAL","SHAKARGARH","TEHSIL","KALASHA",NA,NA,NA,NA,NA,NA,NA,NA,NA,NA,NA,NA
"PUNJAB","GUJRANWALA","NAROWAL","SHAKARGARH","TEHSIL","KASHMIRI",23,5,18,NA,17,4,13,NA,6,1,5,NA
"PUNJAB","GUJRANWALA","NAROWAL","SHAKARGARH","TEHSIL","KOHIOSTANI",NA,NA,NA,NA,NA,NA,NA,NA,NA,NA,NA,NA
"PUNJAB","GUJRANWALA","NAROWAL","SHAKARGARH","TEHSIL","MEWATI",3330,1588,1742,NA,3330,1588,1742,NA,NA,NA,NA,NA
"PUNJAB","GUJRANWALA","NAROWAL","SHAKARGARH","TEHSIL","OTHERS",246,110,136,NA,228,107,121,NA,18,3,15,NA
"PUNJAB","GUJRANWALA","NAROWAL","SHAKARGARH","TEHSIL","PUNJABI",746929,364948,381953,28,629512,307228,322267,17,117417,57720,59686,11
"PUNJAB","GUJRANWALA","NAROWAL","SHAKARGARH","TEHSIL","PUSHTO",975,416,559,NA,341,132,209,NA,634,284,350,NA
"PUNJAB","GUJRANWALA","NAROWAL","SHAKARGARH","TEHSIL","SARAIKI",272,100,172,NA,216,88,128,NA,56,12,44,NA
"PUNJAB","GUJRANWALA","NAROWAL","SHAKARGARH","TEHSIL","SHINA",1,1,NA,NA,1,1,NA,NA,NA,NA,NA,NA
"PUNJAB","GUJRANWALA","NAROWAL","SHAKARGARH","TEHSIL","SINDHI",1634,889,744,1,1304,717,587,NA,330,172,157,1
"PUNJAB","GUJRANWALA","NAROWAL","SHAKARGARH","TEHSIL","TOTAL",769339,375809,393500,30,642597,313559,329020,18,126742,62250,64480,12
"PUNJAB","GUJRANWALA","NAROWAL","SHAKARGARH","TEHSIL","URDU",15903,7742,8160,1,7630,3689,3940,1,8273,4053,4220,NA
"PUNJAB","LAHORE","LAHORE","SHALIMAR","TEHSIL","BALOCHI",558,220,338,NA,NA,NA,NA,NA,558,220,338,NA
"PUNJAB","LAHORE","LAHORE","SHALIMAR","TEHSIL","BALTI",174,82,92,NA,NA,NA,NA,NA,174,82,92,NA
"PUNJAB","LAHORE","LAHORE","SHALIMAR","TEHSIL","BRAHVI",35,21,14,NA,NA,NA,NA,NA,35,21,14,NA
"PUNJAB","LAHORE","LAHORE","SHALIMAR","TEHSIL","HINDKO",14270,6684,7586,NA,NA,NA,NA,NA,14270,6684,7586,NA
"PUNJAB","LAHORE","LAHORE","SHALIMAR","TEHSIL","KALASHA",15,7,8,NA,NA,NA,NA,NA,15,7,8,NA
"PUNJAB","LAHORE","LAHORE","SHALIMAR","TEHSIL","KASHMIRI",1752,797,955,NA,NA,NA,NA,NA,1752,797,955,NA
"PUNJAB","LAHORE","LAHORE","SHALIMAR","TEHSIL","KOHIOSTANI",100,42,57,1,NA,NA,NA,NA,100,42,57,1
"PUNJAB","LAHORE","LAHORE","SHALIMAR","TEHSIL","MEWATI",33296,16020,17275,1,NA,NA,NA,NA,33296,16020,17275,1
"PUNJAB","LAHORE","LAHORE","SHALIMAR","TEHSIL","OTHERS",2427,1144,1283,NA,NA,NA,NA,NA,2427,1144,1283,NA
"PUNJAB","LAHORE","LAHORE","SHALIMAR","TEHSIL","PUNJABI",1989063,943846,1045058,159,NA,NA,NA,NA,1989063,943846,1045058,159
"PUNJAB","LAHORE","LAHORE","SHALIMAR","TEHSIL","PUSHTO",61832,28528,33304,NA,NA,NA,NA,NA,61832,28528,33304,NA
"PUNJAB","LAHORE","LAHORE","SHALIMAR","TEHSIL","SARAIKI",7962,3423,4538,1,NA,NA,NA,NA,7962,3423,4538,1
"PUNJAB","LAHORE","LAHORE","SHALIMAR","TEHSIL","SHINA",212,95,117,NA,NA,NA,NA,NA,212,95,117,NA
"PUNJAB","LAHORE","LAHORE","SHALIMAR","TEHSIL","SINDHI",4640,2330,2309,1,NA,NA,NA,NA,4640,2330,2309,1
"PUNJAB","LAHORE","LAHORE","SHALIMAR","TEHSIL","TOTAL",2669337,1266893,1402238,206,NA,NA,NA,NA,2669337,1266893,1402238,206
"PUNJAB","LAHORE","LAHORE","SHALIMAR","TEHSIL","URDU",553001,263654,289304,43,NA,NA,NA,NA,553001,263654,289304,43
"PUNJAB","LAHORE","SHEIKHUPURA","SHARAK PUR","TEHSIL","BALOCHI",29,16,13,NA,29,16,13,NA,NA,NA,NA,NA
"PUNJAB","LAHORE","SHEIKHUPURA","SHARAK PUR","TEHSIL","BALTI",8,3,5,NA,3,2,1,NA,5,1,4,NA
"PUNJAB","LAHORE","SHEIKHUPURA","SHARAK PUR","TEHSIL","BRAHVI",NA,NA,NA,NA,NA,NA,NA,NA,NA,NA,NA,NA
"PUNJAB","LAHORE","SHEIKHUPURA","SHARAK PUR","TEHSIL","HINDKO",20,2,18,NA,13,1,12,NA,7,1,6,NA
"PUNJAB","LAHORE","SHEIKHUPURA","SHARAK PUR","TEHSIL","KALASHA",NA,NA,NA,NA,NA,NA,NA,NA,NA,NA,NA,NA
"PUNJAB","LAHORE","SHEIKHUPURA","SHARAK PUR","TEHSIL","KASHMIRI",11,5,6,NA,11,5,6,NA,NA,NA,NA,NA
"PUNJAB","LAHORE","SHEIKHUPURA","SHARAK PUR","TEHSIL","KOHIOSTANI",NA,NA,NA,NA,NA,NA,NA,NA,NA,NA,NA,NA
"PUNJAB","LAHORE","SHEIKHUPURA","SHARAK PUR","TEHSIL","MEWATI",4,2,2,NA,1,1,NA,NA,3,1,2,NA
"PUNJAB","LAHORE","SHEIKHUPURA","SHARAK PUR","TEHSIL","OTHERS",9,4,5,NA,8,3,5,NA,1,1,NA,NA
"PUNJAB","LAHORE","SHEIKHUPURA","SHARAK PUR","TEHSIL","PUNJABI",220470,109126,111329,15,178163,87646,90506,11,42307,21480,20823,4
"PUNJAB","LAHORE","SHEIKHUPURA","SHARAK PUR","TEHSIL","PUSHTO",233,103,130,NA,162,70,92,NA,71,33,38,NA
"PUNJAB","LAHORE","SHEIKHUPURA","SHARAK PUR","TEHSIL","SARAIKI",108,42,66,NA,96,37,59,NA,12,5,7,NA
"PUNJAB","LAHORE","SHEIKHUPURA","SHARAK PUR","TEHSIL","SHINA",1,NA,1,NA,1,NA,1,NA,NA,NA,NA,NA
"PUNJAB","LAHORE","SHEIKHUPURA","SHARAK PUR","TEHSIL","SINDHI",329,153,176,NA,260,116,144,NA,69,37,32,NA
"PUNJAB","LAHORE","SHEIKHUPURA","SHARAK PUR","TEHSIL","TOTAL",229292,113523,115754,15,181273,89180,92082,11,48019,24343,23672,4
"PUNJAB","LAHORE","SHEIKHUPURA","SHARAK PUR","TEHSIL","URDU",8070,4067,4003,NA,2526,1283,1243,NA,5544,2784,2760,NA
"PUNJAB","LAHORE","SHEIKHUPURA","SHEIKHUPURA","TEHSIL","BALOCHI",102,44,58,NA,64,25,39,NA,38,19,19,NA
"PUNJAB","LAHORE","SHEIKHUPURA","SHEIKHUPURA","TEHSIL","BALTI",19,13,6,NA,13,8,5,NA,6,5,1,NA
"PUNJAB","LAHORE","SHEIKHUPURA","SHEIKHUPURA","TEHSIL","BRAHVI",12,7,5,NA,2,1,1,NA,10,6,4,NA
"PUNJAB","LAHORE","SHEIKHUPURA","SHEIKHUPURA","TEHSIL","HINDKO",340,169,171,NA,115,54,61,NA,225,115,110,NA
"PUNJAB","LAHORE","SHEIKHUPURA","SHEIKHUPURA","TEHSIL","KALASHA",1,NA,1,NA,NA,NA,NA,NA,1,NA,1,NA
"PUNJAB","LAHORE","SHEIKHUPURA","SHEIKHUPURA","TEHSIL","KASHMIRI",328,100,228,NA,109,26,83,NA,219,74,145,NA
"PUNJAB","LAHORE","SHEIKHUPURA","SHEIKHUPURA","TEHSIL","KOHIOSTANI",4,NA,4,NA,4,NA,4,NA,NA,NA,NA,NA
"PUNJAB","LAHORE","SHEIKHUPURA","SHEIKHUPURA","TEHSIL","MEWATI",185,91,94,NA,145,75,70,NA,40,16,24,NA
"PUNJAB","LAHORE","SHEIKHUPURA","SHEIKHUPURA","TEHSIL","OTHERS",1930,890,1040,NA,972,439,533,NA,958,451,507,NA
"PUNJAB","LAHORE","SHEIKHUPURA","SHEIKHUPURA","TEHSIL","PUNJABI",1670673,812099,858418,156,1001186,483263,517862,61,669487,328836,340556,95
"PUNJAB","LAHORE","SHEIKHUPURA","SHEIKHUPURA","TEHSIL","PUSHTO",8274,3788,4486,NA,3106,1331,1775,NA,5168,2457,2711,NA
"PUNJAB","LAHORE","SHEIKHUPURA","SHEIKHUPURA","TEHSIL","SARAIKI",2719,803,1914,2,2025,517,1506,2,694,286,408,NA
"PUNJAB","LAHORE","SHEIKHUPURA","SHEIKHUPURA","TEHSIL","SHINA",29,12,17,NA,11,2,9,NA,18,10,8,NA
"PUNJAB","LAHORE","SHEIKHUPURA","SHEIKHUPURA","TEHSIL","SINDHI",3849,1954,1894,1,2228,1117,1111,NA,1621,837,783,1
"PUNJAB","LAHORE","SHEIKHUPURA","SHEIKHUPURA","TEHSIL","TOTAL",1780837,865231,915438,168,1027950,495657,532230,63,752887,369574,383208,105
"PUNJAB","LAHORE","SHEIKHUPURA","SHEIKHUPURA","TEHSIL","URDU",92372,45261,47102,9,17970,8799,9171,NA,74402,36462,37931,9
"PUNJAB","FAISALABAD","JHANG","SHORKOT","TEHSIL","BALOCHI",111,48,63,NA,93,39,54,NA,18,9,9,NA
"PUNJAB","FAISALABAD","JHANG","SHORKOT","TEHSIL","BALTI",NA,NA,NA,NA,NA,NA,NA,NA,NA,NA,NA,NA
"PUNJAB","FAISALABAD","JHANG","SHORKOT","TEHSIL","BRAHVI",NA,NA,NA,NA,NA,NA,NA,NA,NA,NA,NA,NA
"PUNJAB","FAISALABAD","JHANG","SHORKOT","TEHSIL","HINDKO",33,18,15,NA,25,14,11,NA,8,4,4,NA
"PUNJAB","FAISALABAD","JHANG","SHORKOT","TEHSIL","KALASHA",NA,NA,NA,NA,NA,NA,NA,NA,NA,NA,NA,NA
"PUNJAB","FAISALABAD","JHANG","SHORKOT","TEHSIL","KASHMIRI",2068,1108,960,NA,2068,1108,960,NA,NA,NA,NA,NA
"PUNJAB","FAISALABAD","JHANG","SHORKOT","TEHSIL","KOHIOSTANI",NA,NA,NA,NA,NA,NA,NA,NA,NA,NA,NA,NA
"PUNJAB","FAISALABAD","JHANG","SHORKOT","TEHSIL","MEWATI",119,59,60,NA,113,55,58,NA,6,4,2,NA
"PUNJAB","FAISALABAD","JHANG","SHORKOT","TEHSIL","OTHERS",349,170,179,NA,348,169,179,NA,1,1,NA,NA
"PUNJAB","FAISALABAD","JHANG","SHORKOT","TEHSIL","PUNJABI",577935,279326,298546,63,513132,247514,265595,23,64803,31812,32951,40
"PUNJAB","FAISALABAD","JHANG","SHORKOT","TEHSIL","PUSHTO",1620,804,816,NA,1449,721,728,NA,171,83,88,NA
"PUNJAB","FAISALABAD","JHANG","SHORKOT","TEHSIL","SARAIKI",297,126,171,NA,198,88,110,NA,99,38,61,NA
"PUNJAB","FAISALABAD","JHANG","SHORKOT","TEHSIL","SHINA",4,2,2,NA,1,1,NA,NA,3,1,2,NA
"PUNJAB","FAISALABAD","JHANG","SHORKOT","TEHSIL","SINDHI",1023,575,448,NA,879,491,388,NA,144,84,60,NA
"PUNJAB","FAISALABAD","JHANG","SHORKOT","TEHSIL","TOTAL",604763,292557,312136,70,537269,259402,277844,23,67494,33155,34292,47
"PUNJAB","FAISALABAD","JHANG","SHORKOT","TEHSIL","URDU",21204,10321,10876,7,18963,9202,9761,NA,2241,1119,1115,7
"PUNJAB","MULTAN","MULTAN","SHUJABAD","TEHSIL","BALOCHI",50,19,31,NA,38,15,23,NA,12,4,8,NA
"PUNJAB","MULTAN","MULTAN","SHUJABAD","TEHSIL","BALTI",2,NA,1,1,1,NA,NA,1,1,NA,1,NA
"PUNJAB","MULTAN","MULTAN","SHUJABAD","TEHSIL","BRAHVI",2,1,1,NA,2,1,1,NA,NA,NA,NA,NA
"PUNJAB","MULTAN","MULTAN","SHUJABAD","TEHSIL","HINDKO",104,54,50,NA,87,46,41,NA,17,8,9,NA
"PUNJAB","MULTAN","MULTAN","SHUJABAD","TEHSIL","KALASHA",5,2,3,NA,5,2,3,NA,NA,NA,NA,NA
"PUNJAB","MULTAN","MULTAN","SHUJABAD","TEHSIL","KASHMIRI",196,104,92,NA,159,86,73,NA,37,18,19,NA
"PUNJAB","MULTAN","MULTAN","SHUJABAD","TEHSIL","KOHIOSTANI",NA,NA,NA,NA,NA,NA,NA,NA,NA,NA,NA,NA
"PUNJAB","MULTAN","MULTAN","SHUJABAD","TEHSIL","MEWATI",30622,14985,15637,NA,26101,12738,13363,NA,4521,2247,2274,NA
"PUNJAB","MULTAN","MULTAN","SHUJABAD","TEHSIL","OTHERS",2909,1451,1456,2,1763,884,879,NA,1146,567,577,2
"PUNJAB","MULTAN","MULTAN","SHUJABAD","TEHSIL","PUNJABI",21063,10466,10597,NA,15270,7597,7673,NA,5793,2869,2924,NA
"PUNJAB","MULTAN","MULTAN","SHUJABAD","TEHSIL","PUSHTO",661,327,334,NA,357,180,177,NA,304,147,157,NA
"PUNJAB","MULTAN","MULTAN","SHUJABAD","TEHSIL","SARAIKI",557582,274338,283229,15,451434,222197,229227,10,106148,52141,54002,5
"PUNJAB","MULTAN","MULTAN","SHUJABAD","TEHSIL","SHINA",NA,NA,NA,NA,NA,NA,NA,NA,NA,NA,NA,NA
"PUNJAB","MULTAN","MULTAN","SHUJABAD","TEHSIL","SINDHI",44,24,20,NA,21,13,8,NA,23,11,12,NA
"PUNJAB","MULTAN","MULTAN","SHUJABAD","TEHSIL","TOTAL",682307,336146,346142,19,531212,261732,269468,12,151095,74414,76674,7
"PUNJAB","MULTAN","MULTAN","SHUJABAD","TEHSIL","URDU",69067,34375,34691,1,35974,17973,18000,1,33093,16402,16691,NA
"PUNJAB","GUJRANWALA","SIALKOT","SIALKOT","TEHSIL","BALOCHI",385,182,203,NA,174,95,79,NA,211,87,124,NA
"PUNJAB","GUJRANWALA","SIALKOT","SIALKOT","TEHSIL","BALTI",136,70,66,NA,12,7,5,NA,124,63,61,NA
"PUNJAB","GUJRANWALA","SIALKOT","SIALKOT","TEHSIL","BRAHVI",5,1,4,NA,NA,NA,NA,NA,5,1,4,NA
"PUNJAB","GUJRANWALA","SIALKOT","SIALKOT","TEHSIL","HINDKO",970,425,545,NA,156,69,87,NA,814,356,458,NA
"PUNJAB","GUJRANWALA","SIALKOT","SIALKOT","TEHSIL","KALASHA",10,6,4,NA,NA,NA,NA,NA,10,6,4,NA
"PUNJAB","GUJRANWALA","SIALKOT","SIALKOT","TEHSIL","KASHMIRI",643,271,372,NA,124,61,63,NA,519,210,309,NA
"PUNJAB","GUJRANWALA","SIALKOT","SIALKOT","TEHSIL","KOHIOSTANI",287,132,155,NA,42,19,23,NA,245,113,132,NA
"PUNJAB","GUJRANWALA","SIALKOT","SIALKOT","TEHSIL","MEWATI",51,27,24,NA,13,8,5,NA,38,19,19,NA
"PUNJAB","GUJRANWALA","SIALKOT","SIALKOT","TEHSIL","OTHERS",2795,1206,1199,390,1427,726,701,NA,1368,480,498,390
"PUNJAB","GUJRANWALA","SIALKOT","SIALKOT","TEHSIL","PUNJABI",1862293,917949,944179,165,1071794,533745,537974,75,790499,384204,406205,90
"PUNJAB","GUJRANWALA","SIALKOT","SIALKOT","TEHSIL","PUSHTO",41123,19153,21969,1,14832,7011,7821,NA,26291,12142,14148,1
"PUNJAB","GUJRANWALA","SIALKOT","SIALKOT","TEHSIL","SARAIKI",4703,2043,2660,NA,1888,789,1099,NA,2815,1254,1561,NA
"PUNJAB","GUJRANWALA","SIALKOT","SIALKOT","TEHSIL","SHINA",169,82,87,NA,25,14,11,NA,144,68,76,NA
"PUNJAB","GUJRANWALA","SIALKOT","SIALKOT","TEHSIL","SINDHI",5173,2529,2642,2,1861,1000,860,1,3312,1529,1782,1
"PUNJAB","GUJRANWALA","SIALKOT","SIALKOT","TEHSIL","TOTAL",2061644,1014451,1046619,574,1139295,567138,572081,76,922349,447313,474538,498
"PUNJAB","GUJRANWALA","SIALKOT","SIALKOT","TEHSIL","URDU",142901,70375,72510,16,46947,23594,23353,NA,95954,46781,49157,16
"PUNJAB","SARGODHA","SARGODHA","SILLANWALI","TEHSIL","BALOCHI",3,2,1,NA,3,2,1,NA,NA,NA,NA,NA
"PUNJAB","SARGODHA","SARGODHA","SILLANWALI","TEHSIL","BALTI",NA,NA,NA,NA,NA,NA,NA,NA,NA,NA,NA,NA
"PUNJAB","SARGODHA","SARGODHA","SILLANWALI","TEHSIL","BRAHVI",NA,NA,NA,NA,NA,NA,NA,NA,NA,NA,NA,NA
"PUNJAB","SARGODHA","SARGODHA","SILLANWALI","TEHSIL","HINDKO",29,23,6,NA,29,23,6,NA,NA,NA,NA,NA
"PUNJAB","SARGODHA","SARGODHA","SILLANWALI","TEHSIL","KALASHA",NA,NA,NA,NA,NA,NA,NA,NA,NA,NA,NA,NA
"PUNJAB","SARGODHA","SARGODHA","SILLANWALI","TEHSIL","KASHMIRI",362,175,187,NA,362,175,187,NA,NA,NA,NA,NA
"PUNJAB","SARGODHA","SARGODHA","SILLANWALI","TEHSIL","KOHIOSTANI",NA,NA,NA,NA,NA,NA,NA,NA,NA,NA,NA,NA
"PUNJAB","SARGODHA","SARGODHA","SILLANWALI","TEHSIL","MEWATI",NA,NA,NA,NA,NA,NA,NA,NA,NA,NA,NA,NA
"PUNJAB","SARGODHA","SARGODHA","SILLANWALI","TEHSIL","OTHERS",9,7,2,NA,7,6,1,NA,2,1,1,NA
"PUNJAB","SARGODHA","SARGODHA","SILLANWALI","TEHSIL","PUNJABI",350213,174032,176174,7,326197,162102,164091,4,24016,11930,12083,3
"PUNJAB","SARGODHA","SARGODHA","SILLANWALI","TEHSIL","PUSHTO",3838,1877,1961,NA,3618,1775,1843,NA,220,102,118,NA
"PUNJAB","SARGODHA","SARGODHA","SILLANWALI","TEHSIL","SARAIKI",691,339,352,NA,673,328,345,NA,18,11,7,NA
"PUNJAB","SARGODHA","SARGODHA","SILLANWALI","TEHSIL","SHINA",NA,NA,NA,NA,NA,NA,NA,NA,NA,NA,NA,NA
"PUNJAB","SARGODHA","SARGODHA","SILLANWALI","TEHSIL","SINDHI",448,242,206,NA,405,220,185,NA,43,22,21,NA
"PUNJAB","SARGODHA","SARGODHA","SILLANWALI","TEHSIL","TOTAL",385878,191852,194015,11,336575,167349,169222,4,49303,24503,24793,7
"PUNJAB","SARGODHA","SARGODHA","SILLANWALI","TEHSIL","URDU",30285,15155,15126,4,5281,2718,2563,NA,25004,12437,12563,4
"PUNJAB","RAWALPINDI","JHELUM","SOHAWA","TEHSIL","BALOCHI",20,6,14,NA,16,5,11,NA,4,1,3,NA
"PUNJAB","RAWALPINDI","JHELUM","SOHAWA","TEHSIL","BALTI",22,8,14,NA,22,8,14,NA,NA,NA,NA,NA
"PUNJAB","RAWALPINDI","JHELUM","SOHAWA","TEHSIL","BRAHVI",NA,NA,NA,NA,NA,NA,NA,NA,NA,NA,NA,NA
"PUNJAB","RAWALPINDI","JHELUM","SOHAWA","TEHSIL","HINDKO",560,276,284,NA,72,44,28,NA,488,232,256,NA
"PUNJAB","RAWALPINDI","JHELUM","SOHAWA","TEHSIL","KALASHA",NA,NA,NA,NA,NA,NA,NA,NA,NA,NA,NA,NA
"PUNJAB","RAWALPINDI","JHELUM","SOHAWA","TEHSIL","KASHMIRI",506,228,278,NA,206,95,111,NA,300,133,167,NA
"PUNJAB","RAWALPINDI","JHELUM","SOHAWA","TEHSIL","KOHIOSTANI",62,28,34,NA,12,6,6,NA,50,22,28,NA
"PUNJAB","RAWALPINDI","JHELUM","SOHAWA","TEHSIL","MEWATI",NA,NA,NA,NA,NA,NA,NA,NA,NA,NA,NA,NA
"PUNJAB","RAWALPINDI","JHELUM","SOHAWA","TEHSIL","OTHERS",43349,21435,21914,NA,33507,16341,17166,NA,9842,5094,4748,NA
"PUNJAB","RAWALPINDI","JHELUM","SOHAWA","TEHSIL","PUNJABI",171280,85527,85744,9,125613,62694,62913,6,45667,22833,22831,3
"PUNJAB","RAWALPINDI","JHELUM","SOHAWA","TEHSIL","PUSHTO",4783,2308,2475,NA,1558,753,805,NA,3225,1555,1670,NA
"PUNJAB","RAWALPINDI","JHELUM","SOHAWA","TEHSIL","SARAIKI",236,57,179,NA,190,35,155,NA,46,22,24,NA
"PUNJAB","RAWALPINDI","JHELUM","SOHAWA","TEHSIL","SHINA",9,6,3,NA,9,6,3,NA,NA,NA,NA,NA
"PUNJAB","RAWALPINDI","JHELUM","SOHAWA","TEHSIL","SINDHI",339,174,164,1,202,107,95,NA,137,67,69,1
"PUNJAB","RAWALPINDI","JHELUM","SOHAWA","TEHSIL","TOTAL",225367,112322,113035,10,164982,82011,82965,6,60385,30311,30070,4
"PUNJAB","RAWALPINDI","JHELUM","SOHAWA","TEHSIL","URDU",4201,2269,1932,NA,3575,1917,1658,NA,626,352,274,NA
"PUNJAB","RAWALPINDI","CHAKWAL","TALA GANG","TEHSIL","BALOCHI",56,18,38,NA,50,16,34,NA,6,2,4,NA
"PUNJAB","RAWALPINDI","CHAKWAL","TALA GANG","TEHSIL","BALTI",6,5,1,NA,5,4,1,NA,1,1,NA,NA
"PUNJAB","RAWALPINDI","CHAKWAL","TALA GANG","TEHSIL","BRAHVI",NA,NA,NA,NA,NA,NA,NA,NA,NA,NA,NA,NA
"PUNJAB","RAWALPINDI","CHAKWAL","TALA GANG","TEHSIL","HINDKO",73,36,37,NA,49,24,25,NA,24,12,12,NA
"PUNJAB","RAWALPINDI","CHAKWAL","TALA GANG","TEHSIL","KALASHA",2,1,1,NA,1,NA,1,NA,1,1,NA,NA
"PUNJAB","RAWALPINDI","CHAKWAL","TALA GANG","TEHSIL","KASHMIRI",50,24,26,NA,15,7,8,NA,35,17,18,NA
"PUNJAB","RAWALPINDI","CHAKWAL","TALA GANG","TEHSIL","KOHIOSTANI",110,49,61,NA,110,49,61,NA,NA,NA,NA,NA
"PUNJAB","RAWALPINDI","CHAKWAL","TALA GANG","TEHSIL","MEWATI",NA,NA,NA,NA,NA,NA,NA,NA,NA,NA,NA,NA
"PUNJAB","RAWALPINDI","CHAKWAL","TALA GANG","TEHSIL","OTHERS",50,23,27,NA,29,11,18,NA,21,12,9,NA
"PUNJAB","RAWALPINDI","CHAKWAL","TALA GANG","TEHSIL","PUNJABI",439357,219681,219665,11,365651,183214,182436,1,73706,36467,37229,10
"PUNJAB","RAWALPINDI","CHAKWAL","TALA GANG","TEHSIL","PUSHTO",12998,6244,6754,NA,9106,4391,4715,NA,3892,1853,2039,NA
"PUNJAB","RAWALPINDI","CHAKWAL","TALA GANG","TEHSIL","SARAIKI",397,185,212,NA,281,128,153,NA,116,57,59,NA
"PUNJAB","RAWALPINDI","CHAKWAL","TALA GANG","TEHSIL","SHINA",74,35,39,NA,74,35,39,NA,NA,NA,NA,NA
"PUNJAB","RAWALPINDI","CHAKWAL","TALA GANG","TEHSIL","SINDHI",771,385,386,NA,695,344,351,NA,76,41,35,NA
"PUNJAB","RAWALPINDI","CHAKWAL","TALA GANG","TEHSIL","TOTAL",457635,228611,229013,11,378204,189337,188866,1,79431,39274,40147,10
"PUNJAB","RAWALPINDI","CHAKWAL","TALA GANG","TEHSIL","URDU",3691,1925,1766,NA,2138,1114,1024,NA,1553,811,742,NA
"PUNJAB","FAISALABAD","FAISALABAD","TANDLIAN WALA","TEHSIL","BALOCHI",28,10,18,NA,27,10,17,NA,1,NA,1,NA
"PUNJAB","FAISALABAD","FAISALABAD","TANDLIAN WALA","TEHSIL","BALTI",NA,NA,NA,NA,NA,NA,NA,NA,NA,NA,NA,NA
"PUNJAB","FAISALABAD","FAISALABAD","TANDLIAN WALA","TEHSIL","BRAHVI",1,1,NA,NA,1,1,NA,NA,NA,NA,NA,NA
"PUNJAB","FAISALABAD","FAISALABAD","TANDLIAN WALA","TEHSIL","HINDKO",12,8,4,NA,12,8,4,NA,NA,NA,NA,NA
"PUNJAB","FAISALABAD","FAISALABAD","TANDLIAN WALA","TEHSIL","KALASHA",NA,NA,NA,NA,NA,NA,NA,NA,NA,NA,NA,NA
"PUNJAB","FAISALABAD","FAISALABAD","TANDLIAN WALA","TEHSIL","KASHMIRI",8,5,3,NA,8,5,3,NA,NA,NA,NA,NA
"PUNJAB","FAISALABAD","FAISALABAD","TANDLIAN WALA","TEHSIL","KOHIOSTANI",NA,NA,NA,NA,NA,NA,NA,NA,NA,NA,NA,NA
"PUNJAB","FAISALABAD","FAISALABAD","TANDLIAN WALA","TEHSIL","MEWATI",NA,NA,NA,NA,NA,NA,NA,NA,NA,NA,NA,NA
"PUNJAB","FAISALABAD","FAISALABAD","TANDLIAN WALA","TEHSIL","OTHERS",16,9,7,NA,16,9,7,NA,NA,NA,NA,NA
"PUNJAB","FAISALABAD","FAISALABAD","TANDLIAN WALA","TEHSIL","PUNJABI",786392,377430,408893,69,698680,335193,363431,56,87712,42237,45462,13
"PUNJAB","FAISALABAD","FAISALABAD","TANDLIAN WALA","TEHSIL","PUSHTO",2487,1200,1286,1,1819,875,943,1,668,325,343,NA
"PUNJAB","FAISALABAD","FAISALABAD","TANDLIAN WALA","TEHSIL","SARAIKI",211,94,117,NA,179,81,98,NA,32,13,19,NA
"PUNJAB","FAISALABAD","FAISALABAD","TANDLIAN WALA","TEHSIL","SHINA",1,1,NA,NA,1,1,NA,NA,NA,NA,NA,NA
"PUNJAB","FAISALABAD","FAISALABAD","TANDLIAN WALA","TEHSIL","SINDHI",1556,808,748,NA,1397,721,676,NA,159,87,72,NA
"PUNJAB","FAISALABAD","FAISALABAD","TANDLIAN WALA","TEHSIL","TOTAL",794323,381400,412853,70,704844,338249,366538,57,89479,43151,46315,13
"PUNJAB","FAISALABAD","FAISALABAD","TANDLIAN WALA","TEHSIL","URDU",3611,1834,1777,NA,2704,1345,1359,NA,907,489,418,NA
"PUNJAB","DERA GHAZI KHAN","DERA GHAZI KHAN","TAUNSA","TEHSIL","BALOCHI",83031,40066,42965,NA,56088,27155,28933,NA,26943,12911,14032,NA
"PUNJAB","DERA GHAZI KHAN","DERA GHAZI KHAN","TAUNSA","TEHSIL","BALTI",NA,NA,NA,NA,NA,NA,NA,NA,NA,NA,NA,NA
"PUNJAB","DERA GHAZI KHAN","DERA GHAZI KHAN","TAUNSA","TEHSIL","BRAHVI",1,NA,1,NA,1,NA,1,NA,NA,NA,NA,NA
"PUNJAB","DERA GHAZI KHAN","DERA GHAZI KHAN","TAUNSA","TEHSIL","HINDKO",103,53,50,NA,82,42,40,NA,21,11,10,NA
"PUNJAB","DERA GHAZI KHAN","DERA GHAZI KHAN","TAUNSA","TEHSIL","KALASHA",NA,NA,NA,NA,NA,NA,NA,NA,NA,NA,NA,NA
"PUNJAB","DERA GHAZI KHAN","DERA GHAZI KHAN","TAUNSA","TEHSIL","KASHMIRI",197,97,100,NA,143,76,67,NA,54,21,33,NA
"PUNJAB","DERA GHAZI KHAN","DERA GHAZI KHAN","TAUNSA","TEHSIL","KOHIOSTANI",NA,NA,NA,NA,NA,NA,NA,NA,NA,NA,NA,NA
"PUNJAB","DERA GHAZI KHAN","DERA GHAZI KHAN","TAUNSA","TEHSIL","MEWATI",1,NA,1,NA,1,NA,1,NA,NA,NA,NA,NA
"PUNJAB","DERA GHAZI KHAN","DERA GHAZI KHAN","TAUNSA","TEHSIL","OTHERS",88,47,41,NA,50,23,27,NA,38,24,14,NA
"PUNJAB","DERA GHAZI KHAN","DERA GHAZI KHAN","TAUNSA","TEHSIL","PUNJABI",701,352,349,NA,172,92,80,NA,529,260,269,NA
"PUNJAB","DERA GHAZI KHAN","DERA GHAZI KHAN","TAUNSA","TEHSIL","PUSHTO",12146,5793,6353,NA,9288,4387,4901,NA,2858,1406,1452,NA
"PUNJAB","DERA GHAZI KHAN","DERA GHAZI KHAN","TAUNSA","TEHSIL","SARAIKI",698287,341452,356816,19,571342,279268,292067,7,126945,62184,64749,12
"PUNJAB","DERA GHAZI KHAN","DERA GHAZI KHAN","TAUNSA","TEHSIL","SHINA",NA,NA,NA,NA,NA,NA,NA,NA,NA,NA,NA,NA
"PUNJAB","DERA GHAZI KHAN","DERA GHAZI KHAN","TAUNSA","TEHSIL","SINDHI",286,134,152,NA,225,106,119,NA,61,28,33,NA
"PUNJAB","DERA GHAZI KHAN","DERA GHAZI KHAN","TAUNSA","TEHSIL","TOTAL",796254,388725,407510,19,638255,311579,326669,7,157999,77146,80841,12
"PUNJAB","DERA GHAZI KHAN","DERA GHAZI KHAN","TAUNSA","TEHSIL","URDU",1413,731,682,NA,863,430,433,NA,550,301,249,NA
"PUNJAB","RAWALPINDI","RAWALPINDI","TAXILA","TEHSIL","BALOCHI",559,254,305,NA,115,50,65,NA,444,204,240,NA
"PUNJAB","RAWALPINDI","RAWALPINDI","TAXILA","TEHSIL","BALTI",984,517,467,NA,91,36,55,NA,893,481,412,NA
"PUNJAB","RAWALPINDI","RAWALPINDI","TAXILA","TEHSIL","BRAHVI",64,30,34,NA,8,4,4,NA,56,26,30,NA
"PUNJAB","RAWALPINDI","RAWALPINDI","TAXILA","TEHSIL","HINDKO",42971,21343,21624,4,23166,11591,11575,NA,19805,9752,10049,4
"PUNJAB","RAWALPINDI","RAWALPINDI","TAXILA","TEHSIL","KALASHA",21,12,9,NA,1,1,NA,NA,20,11,9,NA
"PUNJAB","RAWALPINDI","RAWALPINDI","TAXILA","TEHSIL","KASHMIRI",9326,4535,4791,NA,2720,1347,1373,NA,6606,3188,3418,NA
"PUNJAB","RAWALPINDI","RAWALPINDI","TAXILA","TEHSIL","KOHIOSTANI",713,345,368,NA,264,140,124,NA,449,205,244,NA
"PUNJAB","RAWALPINDI","RAWALPINDI","TAXILA","TEHSIL","MEWATI",185,79,106,NA,87,39,48,NA,98,40,58,NA
"PUNJAB","RAWALPINDI","RAWALPINDI","TAXILA","TEHSIL","OTHERS",4907,2434,2473,NA,1658,807,851,NA,3249,1627,1622,NA
"PUNJAB","RAWALPINDI","RAWALPINDI","TAXILA","TEHSIL","PUNJABI",457019,226021,230971,27,122569,60095,62471,3,334450,165926,168500,24
"PUNJAB","RAWALPINDI","RAWALPINDI","TAXILA","TEHSIL","PUSHTO",117417,57189,60227,1,40052,19622,20430,NA,77365,37567,39797,1
"PUNJAB","RAWALPINDI","RAWALPINDI","TAXILA","TEHSIL","SARAIKI",5778,2652,3126,NA,814,386,428,NA,4964,2266,2698,NA
"PUNJAB","RAWALPINDI","RAWALPINDI","TAXILA","TEHSIL","SHINA",1097,519,578,NA,297,146,151,NA,800,373,427,NA
"PUNJAB","RAWALPINDI","RAWALPINDI","TAXILA","TEHSIL","SINDHI",3984,1877,2106,1,282,159,123,NA,3702,1718,1983,1
"PUNJAB","RAWALPINDI","RAWALPINDI","TAXILA","TEHSIL","TOTAL",736804,363458,373304,42,201520,99068,102449,3,535284,264390,270855,39
"PUNJAB","RAWALPINDI","RAWALPINDI","TAXILA","TEHSIL","URDU",91779,45651,46119,9,9396,4645,4751,NA,82383,41006,41368,9
"PUNJAB","FAISALABAD","TOBA TEK SINGH","TOBA TEK SINGH","TEHSIL","BALOCHI",71,31,40,NA,68,31,37,NA,3,NA,3,NA
"PUNJAB","FAISALABAD","TOBA TEK SINGH","TOBA TEK SINGH","TEHSIL","BALTI",NA,NA,NA,NA,NA,NA,NA,NA,NA,NA,NA,NA
"PUNJAB","FAISALABAD","TOBA TEK SINGH","TOBA TEK SINGH","TEHSIL","BRAHVI",NA,NA,NA,NA,NA,NA,NA,NA,NA,NA,NA,NA
"PUNJAB","FAISALABAD","TOBA TEK SINGH","TOBA TEK SINGH","TEHSIL","HINDKO",2188,1098,1090,NA,2173,1090,1083,NA,15,8,7,NA
"PUNJAB","FAISALABAD","TOBA TEK SINGH","TOBA TEK SINGH","TEHSIL","KALASHA",NA,NA,NA,NA,NA,NA,NA,NA,NA,NA,NA,NA
"PUNJAB","FAISALABAD","TOBA TEK SINGH","TOBA TEK SINGH","TEHSIL","KASHMIRI",75,28,47,NA,71,26,45,NA,4,2,2,NA
"PUNJAB","FAISALABAD","TOBA TEK SINGH","TOBA TEK SINGH","TEHSIL","KOHIOSTANI",NA,NA,NA,NA,NA,NA,NA,NA,NA,NA,NA,NA
"PUNJAB","FAISALABAD","TOBA TEK SINGH","TOBA TEK SINGH","TEHSIL","MEWATI",1,NA,1,NA,NA,NA,NA,NA,1,NA,1,NA
"PUNJAB","FAISALABAD","TOBA TEK SINGH","TOBA TEK SINGH","TEHSIL","OTHERS",123,57,66,NA,111,55,56,NA,12,2,10,NA
"PUNJAB","FAISALABAD","TOBA TEK SINGH","TOBA TEK SINGH","TEHSIL","PUNJABI",816723,397430,419216,77,698934,339721,359165,48,117789,57709,60051,29
"PUNJAB","FAISALABAD","TOBA TEK SINGH","TOBA TEK SINGH","TEHSIL","PUSHTO",3696,1689,2007,NA,3250,1480,1770,NA,446,209,237,NA
"PUNJAB","FAISALABAD","TOBA TEK SINGH","TOBA TEK SINGH","TEHSIL","SARAIKI",1343,652,691,NA,1311,636,675,NA,32,16,16,NA
"PUNJAB","FAISALABAD","TOBA TEK SINGH","TOBA TEK SINGH","TEHSIL","SHINA",NA,NA,NA,NA,NA,NA,NA,NA,NA,NA,NA,NA
"PUNJAB","FAISALABAD","TOBA TEK SINGH","TOBA TEK SINGH","TEHSIL","SINDHI",1906,995,910,1,1653,859,793,1,253,136,117,NA
"PUNJAB","FAISALABAD","TOBA TEK SINGH","TOBA TEK SINGH","TEHSIL","TOTAL",849352,413394,435878,80,726250,352956,373244,50,123102,60438,62634,30
"PUNJAB","FAISALABAD","TOBA TEK SINGH","TOBA TEK SINGH","TEHSIL","URDU",23226,11414,11810,2,18679,9058,9620,1,4547,2356,2190,1
"PUNJAB","MULTAN","VEHARI","VEHARI","TEHSIL","BALOCHI",66,32,34,NA,53,28,25,NA,13,4,9,NA
"PUNJAB","MULTAN","VEHARI","VEHARI","TEHSIL","BALTI",NA,NA,NA,NA,NA,NA,NA,NA,NA,NA,NA,NA
"PUNJAB","MULTAN","VEHARI","VEHARI","TEHSIL","BRAHVI",54,30,24,NA,53,30,23,NA,1,NA,1,NA
"PUNJAB","MULTAN","VEHARI","VEHARI","TEHSIL","HINDKO",262,131,131,NA,255,129,126,NA,7,2,5,NA
"PUNJAB","MULTAN","VEHARI","VEHARI","TEHSIL","KALASHA",5,4,1,NA,4,3,1,NA,1,1,NA,NA
"PUNJAB","MULTAN","VEHARI","VEHARI","TEHSIL","KASHMIRI",414,188,226,NA,411,186,225,NA,3,2,1,NA
"PUNJAB","MULTAN","VEHARI","VEHARI","TEHSIL","KOHIOSTANI",1,1,NA,NA,1,1,NA,NA,NA,NA,NA,NA
"PUNJAB","MULTAN","VEHARI","VEHARI","TEHSIL","MEWATI",2711,1304,1407,NA,1392,677,715,NA,1319,627,692,NA
"PUNJAB","MULTAN","VEHARI","VEHARI","TEHSIL","OTHERS",5890,2968,2921,1,5493,2769,2724,NA,397,199,197,1
"PUNJAB","MULTAN","VEHARI","VEHARI","TEHSIL","PUNJABI",1021292,502371,518749,172,844020,414839,429058,123,177272,87532,89691,49
"PUNJAB","MULTAN","VEHARI","VEHARI","TEHSIL","PUSHTO",2425,1133,1292,NA,2105,1005,1100,NA,320,128,192,NA
"PUNJAB","MULTAN","VEHARI","VEHARI","TEHSIL","SARAIKI",13043,6343,6699,1,11170,5403,5766,1,1873,940,933,NA
"PUNJAB","MULTAN","VEHARI","VEHARI","TEHSIL","SHINA",1,1,NA,NA,1,1,NA,NA,NA,NA,NA,NA
"PUNJAB","MULTAN","VEHARI","VEHARI","TEHSIL","SINDHI",1670,857,812,1,1343,687,655,1,327,170,157,NA
"PUNJAB","MULTAN","VEHARI","VEHARI","TEHSIL","TOTAL",1105574,543830,561561,183,895305,439788,455391,126,210269,104042,106170,57
"PUNJAB","MULTAN","VEHARI","VEHARI","TEHSIL","URDU",57740,28467,29265,8,29004,14030,14973,1,28736,14437,14292,7
"PUNJAB","GUJRANWALA","GUJRANWALA","WAZIRABAD","TEHSIL","BALOCHI",82,33,49,NA,65,23,42,NA,17,10,7,NA
"PUNJAB","GUJRANWALA","GUJRANWALA","WAZIRABAD","TEHSIL","BALTI",11,6,5,NA,9,4,5,NA,2,2,NA,NA
"PUNJAB","GUJRANWALA","GUJRANWALA","WAZIRABAD","TEHSIL","BRAHVI",NA,NA,NA,NA,NA,NA,NA,NA,NA,NA,NA,NA
"PUNJAB","GUJRANWALA","GUJRANWALA","WAZIRABAD","TEHSIL","HINDKO",108,39,69,NA,69,22,47,NA,39,17,22,NA
"PUNJAB","GUJRANWALA","GUJRANWALA","WAZIRABAD","TEHSIL","KALASHA",1,NA,1,NA,1,NA,1,NA,NA,NA,NA,NA
"PUNJAB","GUJRANWALA","GUJRANWALA","WAZIRABAD","TEHSIL","KASHMIRI",761,378,383,NA,709,353,356,NA,52,25,27,NA
"PUNJAB","GUJRANWALA","GUJRANWALA","WAZIRABAD","TEHSIL","KOHIOSTANI",23,12,11,NA,1,NA,1,NA,22,12,10,NA
"PUNJAB","GUJRANWALA","GUJRANWALA","WAZIRABAD","TEHSIL","MEWATI",22,9,13,NA,NA,NA,NA,NA,22,9,13,NA
"PUNJAB","GUJRANWALA","GUJRANWALA","WAZIRABAD","TEHSIL","OTHERS",277,142,135,NA,240,120,120,NA,37,22,15,NA
"PUNJAB","GUJRANWALA","GUJRANWALA","WAZIRABAD","TEHSIL","PUNJABI",934406,466704,467525,177,605745,302562,303122,61,328661,164142,164403,116
"PUNJAB","GUJRANWALA","GUJRANWALA","WAZIRABAD","TEHSIL","PUSHTO",6727,3153,3574,NA,3364,1548,1816,NA,3363,1605,1758,NA
"PUNJAB","GUJRANWALA","GUJRANWALA","WAZIRABAD","TEHSIL","SARAIKI",1323,498,824,1,985,420,564,1,338,78,260,NA
"PUNJAB","GUJRANWALA","GUJRANWALA","WAZIRABAD","TEHSIL","SHINA",48,16,32,NA,46,14,32,NA,2,2,NA,NA
"PUNJAB","GUJRANWALA","GUJRANWALA","WAZIRABAD","TEHSIL","SINDHI",2744,1426,1318,NA,1978,1022,956,NA,766,404,362,NA
"PUNJAB","GUJRANWALA","GUJRANWALA","WAZIRABAD","TEHSIL","TOTAL",993412,496150,497082,180,624403,311842,312499,62,369009,184308,184583,118
"PUNJAB","GUJRANWALA","GUJRANWALA","WAZIRABAD","TEHSIL","URDU",46879,23734,23143,2,11191,5754,5437,NA,35688,17980,17706,2
"PUNJAB","BAHAWALPUR","BAHAWALPUR","YAZMAN","TEHSIL","BALOCHI",1693,795,898,NA,1679,786,893,NA,14,9,5,NA
"PUNJAB","BAHAWALPUR","BAHAWALPUR","YAZMAN","TEHSIL","BALTI",NA,NA,NA,NA,NA,NA,NA,NA,NA,NA,NA,NA
"PUNJAB","BAHAWALPUR","BAHAWALPUR","YAZMAN","TEHSIL","BRAHVI",264,128,136,NA,264,128,136,NA,NA,NA,NA,NA
"PUNJAB","BAHAWALPUR","BAHAWALPUR","YAZMAN","TEHSIL","HINDKO",17449,8556,8892,1,17419,8540,8878,1,30,16,14,NA
"PUNJAB","BAHAWALPUR","BAHAWALPUR","YAZMAN","TEHSIL","KALASHA",NA,NA,NA,NA,NA,NA,NA,NA,NA,NA,NA,NA
"PUNJAB","BAHAWALPUR","BAHAWALPUR","YAZMAN","TEHSIL","KASHMIRI",127,62,65,NA,116,58,58,NA,11,4,7,NA
"PUNJAB","BAHAWALPUR","BAHAWALPUR","YAZMAN","TEHSIL","KOHIOSTANI",2,2,NA,NA,2,2,NA,NA,NA,NA,NA,NA
"PUNJAB","BAHAWALPUR","BAHAWALPUR","YAZMAN","TEHSIL","MEWATI",92,41,51,NA,77,34,43,NA,15,7,8,NA
"PUNJAB","BAHAWALPUR","BAHAWALPUR","YAZMAN","TEHSIL","OTHERS",18551,9195,9356,NA,17875,8863,9012,NA,676,332,344,NA
"PUNJAB","BAHAWALPUR","BAHAWALPUR","YAZMAN","TEHSIL","PUNJABI",394469,197095,197310,64,339685,169434,170205,46,54784,27661,27105,18
"PUNJAB","BAHAWALPUR","BAHAWALPUR","YAZMAN","TEHSIL","PUSHTO",4866,2305,2561,NA,4379,2071,2308,NA,487,234,253,NA
"PUNJAB","BAHAWALPUR","BAHAWALPUR","YAZMAN","TEHSIL","SARAIKI",246539,119746,126783,10,242344,117746,124589,9,4195,2000,2194,1
"PUNJAB","BAHAWALPUR","BAHAWALPUR","YAZMAN","TEHSIL","SHINA",80,40,40,NA,80,40,40,NA,NA,NA,NA,NA
"PUNJAB","BAHAWALPUR","BAHAWALPUR","YAZMAN","TEHSIL","SINDHI",940,421,519,NA,922,411,511,NA,18,10,8,NA
"PUNJAB","BAHAWALPUR","BAHAWALPUR","YAZMAN","TEHSIL","TOTAL",686739,339223,347439,77,626145,308759,317328,58,60594,30464,30111,19
"PUNJAB","BAHAWALPUR","BAHAWALPUR","YAZMAN","TEHSIL","URDU",1667,837,828,2,1303,646,655,2,364,191,173,NA
"PUNJAB","GUJRANWALA","NAROWAL","ZAFARWAL","TEHSIL","BALOCHI",14,7,7,NA,12,7,5,NA,2,NA,2,NA
"PUNJAB","GUJRANWALA","NAROWAL","ZAFARWAL","TEHSIL","BALTI",17,9,8,NA,4,2,2,NA,13,7,6,NA
"PUNJAB","GUJRANWALA","NAROWAL","ZAFARWAL","TEHSIL","BRAHVI",NA,NA,NA,NA,NA,NA,NA,NA,NA,NA,NA,NA
"PUNJAB","GUJRANWALA","NAROWAL","ZAFARWAL","TEHSIL","HINDKO",21,10,11,NA,21,10,11,NA,NA,NA,NA,NA
"PUNJAB","GUJRANWALA","NAROWAL","ZAFARWAL","TEHSIL","KALASHA",NA,NA,NA,NA,NA,NA,NA,NA,NA,NA,NA,NA
"PUNJAB","GUJRANWALA","NAROWAL","ZAFARWAL","TEHSIL","KASHMIRI",27,6,21,NA,23,6,17,NA,4,NA,4,NA
"PUNJAB","GUJRANWALA","NAROWAL","ZAFARWAL","TEHSIL","KOHIOSTANI",NA,NA,NA,NA,NA,NA,NA,NA,NA,NA,NA,NA
"PUNJAB","GUJRANWALA","NAROWAL","ZAFARWAL","TEHSIL","MEWATI",4484,2182,2302,NA,4479,2179,2300,NA,5,3,2,NA
"PUNJAB","GUJRANWALA","NAROWAL","ZAFARWAL","TEHSIL","OTHERS",203,111,92,NA,33,21,12,NA,170,90,80,NA
"PUNJAB","GUJRANWALA","NAROWAL","ZAFARWAL","TEHSIL","PUNJABI",479680,235459,244188,33,428098,210120,217961,17,51582,25339,26227,16
"PUNJAB","GUJRANWALA","NAROWAL","ZAFARWAL","TEHSIL","PUSHTO",375,166,209,NA,261,117,144,NA,114,49,65,NA
"PUNJAB","GUJRANWALA","NAROWAL","ZAFARWAL","TEHSIL","SARAIKI",246,89,157,NA,228,82,146,NA,18,7,11,NA
"PUNJAB","GUJRANWALA","NAROWAL","ZAFARWAL","TEHSIL","SHINA",1,1,NA,NA,1,1,NA,NA,NA,NA,NA,NA
"PUNJAB","GUJRANWALA","NAROWAL","ZAFARWAL","TEHSIL","SINDHI",780,413,367,NA,714,379,335,NA,66,34,32,NA
"PUNJAB","GUJRANWALA","NAROWAL","ZAFARWAL","TEHSIL","TOTAL",501213,245971,255208,34,448574,220079,228478,17,52639,25892,26730,17
"PUNJAB","GUJRANWALA","NAROWAL","ZAFARWAL","TEHSIL","URDU",15365,7518,7846,1,14700,7155,7545,NA,665,363,301,1
"SINDH","KARACHI","MALIR","AIRPORT","SUB-DIVISION","BALOCHI",6878,3312,3566,NA,NA,NA,NA,NA,6878,3312,3566,NA
"SINDH","KARACHI","MALIR","AIRPORT","SUB-DIVISION","BALTI",190,101,89,NA,NA,NA,NA,NA,190,101,89,NA
"SINDH","KARACHI","MALIR","AIRPORT","SUB-DIVISION","BRAHVI",542,274,268,NA,NA,NA,NA,NA,542,274,268,NA
"SINDH","KARACHI","MALIR","AIRPORT","SUB-DIVISION","HINDKO",6474,3104,3370,NA,NA,NA,NA,NA,6474,3104,3370,NA
"SINDH","KARACHI","MALIR","AIRPORT","SUB-DIVISION","KALASHA",1,NA,1,NA,NA,NA,NA,NA,1,NA,1,NA
"SINDH","KARACHI","MALIR","AIRPORT","SUB-DIVISION","KASHMIRI",1252,604,648,NA,NA,NA,NA,NA,1252,604,648,NA
"SINDH","KARACHI","MALIR","AIRPORT","SUB-DIVISION","KOHIOSTANI",13,6,7,NA,NA,NA,NA,NA,13,6,7,NA
"SINDH","KARACHI","MALIR","AIRPORT","SUB-DIVISION","MEWATI",164,87,77,NA,NA,NA,NA,NA,164,87,77,NA
"SINDH","KARACHI","MALIR","AIRPORT","SUB-DIVISION","OTHERS",2291,1114,1177,NA,NA,NA,NA,NA,2291,1114,1177,NA
"SINDH","KARACHI","MALIR","AIRPORT","SUB-DIVISION","PUNJABI",49619,24113,25494,12,NA,NA,NA,NA,49619,24113,25494,12
"SINDH","KARACHI","MALIR","AIRPORT","SUB-DIVISION","PUSHTO",15529,7406,8123,NA,NA,NA,NA,NA,15529,7406,8123,NA
"SINDH","KARACHI","MALIR","AIRPORT","SUB-DIVISION","SARAIKI",22002,10434,11567,1,NA,NA,NA,NA,22002,10434,11567,1
"SINDH","KARACHI","MALIR","AIRPORT","SUB-DIVISION","SHINA",222,94,128,NA,NA,NA,NA,NA,222,94,128,NA
"SINDH","KARACHI","MALIR","AIRPORT","SUB-DIVISION","SINDHI",67315,32200,35104,11,NA,NA,NA,NA,67315,32200,35104,11
"SINDH","KARACHI","MALIR","AIRPORT","SUB-DIVISION","TOTAL",249544,121242,128270,32,NA,NA,NA,NA,249544,121242,128270,32
"SINDH","KARACHI","MALIR","AIRPORT","SUB-DIVISION","URDU",77052,38393,38651,8,NA,NA,NA,NA,77052,38393,38651,8
"SINDH","KARACHI","KARACHI SOUTH","ARAM BAGH","SUB-DIVISION","BALOCHI",707,293,413,1,NA,NA,NA,NA,707,293,413,1
"SINDH","KARACHI","KARACHI SOUTH","ARAM BAGH","SUB-DIVISION","BALTI",160,66,94,NA,NA,NA,NA,NA,160,66,94,NA
"SINDH","KARACHI","KARACHI SOUTH","ARAM BAGH","SUB-DIVISION","BRAHVI",68,29,39,NA,NA,NA,NA,NA,68,29,39,NA
"SINDH","KARACHI","KARACHI SOUTH","ARAM BAGH","SUB-DIVISION","HINDKO",2644,1192,1452,NA,NA,NA,NA,NA,2644,1192,1452,NA
"SINDH","KARACHI","KARACHI SOUTH","ARAM BAGH","SUB-DIVISION","KALASHA",13,5,8,NA,NA,NA,NA,NA,13,5,8,NA
"SINDH","KARACHI","KARACHI SOUTH","ARAM BAGH","SUB-DIVISION","KASHMIRI",385,147,238,NA,NA,NA,NA,NA,385,147,238,NA
"SINDH","KARACHI","KARACHI SOUTH","ARAM BAGH","SUB-DIVISION","KOHIOSTANI",39,16,23,NA,NA,NA,NA,NA,39,16,23,NA
"SINDH","KARACHI","KARACHI SOUTH","ARAM BAGH","SUB-DIVISION","MEWATI",23,6,17,NA,NA,NA,NA,NA,23,6,17,NA
"SINDH","KARACHI","KARACHI SOUTH","ARAM BAGH","SUB-DIVISION","OTHERS",44508,21490,23017,1,NA,NA,NA,NA,44508,21490,23017,1
"SINDH","KARACHI","KARACHI SOUTH","ARAM BAGH","SUB-DIVISION","PUNJABI",10307,4661,5646,NA,NA,NA,NA,NA,10307,4661,5646,NA
"SINDH","KARACHI","KARACHI SOUTH","ARAM BAGH","SUB-DIVISION","PUSHTO",21281,8328,12953,NA,NA,NA,NA,NA,21281,8328,12953,NA
"SINDH","KARACHI","KARACHI SOUTH","ARAM BAGH","SUB-DIVISION","SARAIKI",2655,1008,1647,NA,NA,NA,NA,NA,2655,1008,1647,NA
"SINDH","KARACHI","KARACHI SOUTH","ARAM BAGH","SUB-DIVISION","SHINA",79,48,31,NA,NA,NA,NA,NA,79,48,31,NA
"SINDH","KARACHI","KARACHI SOUTH","ARAM BAGH","SUB-DIVISION","SINDHI",10149,4534,5614,1,NA,NA,NA,NA,10149,4534,5614,1
"SINDH","KARACHI","KARACHI SOUTH","ARAM BAGH","SUB-DIVISION","TOTAL",237224,108806,128413,5,NA,NA,NA,NA,237224,108806,128413,5
"SINDH","KARACHI","KARACHI SOUTH","ARAM BAGH","SUB-DIVISION","URDU",144206,66983,77221,2,NA,NA,NA,NA,144206,66983,77221,2
"SINDH","HYDERABAD","BADIN","BADIN","TALUKA","BALOCHI",768,372,396,NA,666,317,349,NA,102,55,47,NA
"SINDH","HYDERABAD","BADIN","BADIN","TALUKA","BALTI",NA,NA,NA,NA,NA,NA,NA,NA,NA,NA,NA,NA
"SINDH","HYDERABAD","BADIN","BADIN","TALUKA","BRAHVI",1083,520,563,NA,1045,505,540,NA,38,15,23,NA
"SINDH","HYDERABAD","BADIN","BADIN","TALUKA","HINDKO",3428,1618,1810,NA,2847,1354,1493,NA,581,264,317,NA
"SINDH","HYDERABAD","BADIN","BADIN","TALUKA","KALASHA",NA,NA,NA,NA,NA,NA,NA,NA,NA,NA,NA,NA
"SINDH","HYDERABAD","BADIN","BADIN","TALUKA","KASHMIRI",48,21,26,1,1,NA,1,NA,47,21,25,1
"SINDH","HYDERABAD","BADIN","BADIN","TALUKA","KOHIOSTANI",110,47,63,NA,110,47,63,NA,NA,NA,NA,NA
"SINDH","HYDERABAD","BADIN","BADIN","TALUKA","MEWATI",2,NA,2,NA,NA,NA,NA,NA,2,NA,2,NA
"SINDH","HYDERABAD","BADIN","BADIN","TALUKA","OTHERS",991,498,493,NA,354,159,195,NA,637,339,298,NA
"SINDH","HYDERABAD","BADIN","BADIN","TALUKA","PUNJABI",2834,1362,1472,NA,450,200,250,NA,2384,1162,1222,NA
"SINDH","HYDERABAD","BADIN","BADIN","TALUKA","PUSHTO",1874,879,995,NA,557,271,286,NA,1317,608,709,NA
"SINDH","HYDERABAD","BADIN","BADIN","TALUKA","SARAIKI",1982,919,1063,NA,1032,462,570,NA,950,457,493,NA
"SINDH","HYDERABAD","BADIN","BADIN","TALUKA","SHINA",5,3,2,NA,NA,NA,NA,NA,5,3,2,NA
"SINDH","HYDERABAD","BADIN","BADIN","TALUKA","SINDHI",474244,226919,247308,17,340047,162253,177786,8,134197,64666,69522,9
"SINDH","HYDERABAD","BADIN","BADIN","TALUKA","TOTAL",488722,233825,254879,18,347159,165595,181556,8,141563,68230,73323,10
"SINDH","HYDERABAD","BADIN","BADIN","TALUKA","URDU",1353,667,686,NA,50,27,23,NA,1303,640,663,NA
"SINDH","LARKANA","LARKANA","BAKRANI","TALUKA","BALOCHI",274,140,134,NA,273,139,134,NA,1,1,NA,NA
"SINDH","LARKANA","LARKANA","BAKRANI","TALUKA","BALTI",NA,NA,NA,NA,NA,NA,NA,NA,NA,NA,NA,NA
"SINDH","LARKANA","LARKANA","BAKRANI","TALUKA","BRAHVI",3064,1450,1614,NA,3064,1450,1614,NA,NA,NA,NA,NA
"SINDH","LARKANA","LARKANA","BAKRANI","TALUKA","HINDKO",83,37,46,NA,83,37,46,NA,NA,NA,NA,NA
"SINDH","LARKANA","LARKANA","BAKRANI","TALUKA","KALASHA",NA,NA,NA,NA,NA,NA,NA,NA,NA,NA,NA,NA
"SINDH","LARKANA","LARKANA","BAKRANI","TALUKA","KASHMIRI",2,2,NA,NA,2,2,NA,NA,NA,NA,NA,NA
"SINDH","LARKANA","LARKANA","BAKRANI","TALUKA","KOHIOSTANI",NA,NA,NA,NA,NA,NA,NA,NA,NA,NA,NA,NA
"SINDH","LARKANA","LARKANA","BAKRANI","TALUKA","MEWATI",2056,954,1102,NA,496,223,273,NA,1560,731,829,NA
"SINDH","LARKANA","LARKANA","BAKRANI","TALUKA","OTHERS",NA,NA,NA,NA,NA,NA,NA,NA,NA,NA,NA,NA
"SINDH","LARKANA","LARKANA","BAKRANI","TALUKA","PUNJABI",23,11,12,NA,17,7,10,NA,6,4,2,NA
"SINDH","LARKANA","LARKANA","BAKRANI","TALUKA","PUSHTO",169,94,75,NA,150,84,66,NA,19,10,9,NA
"SINDH","LARKANA","LARKANA","BAKRANI","TALUKA","SARAIKI",31,15,16,NA,31,15,16,NA,NA,NA,NA,NA
"SINDH","LARKANA","LARKANA","BAKRANI","TALUKA","SHINA",NA,NA,NA,NA,NA,NA,NA,NA,NA,NA,NA,NA
"SINDH","LARKANA","LARKANA","BAKRANI","TALUKA","SINDHI",269483,128471,141010,2,230340,109690,120648,2,39143,18781,20362,NA
"SINDH","LARKANA","LARKANA","BAKRANI","TALUKA","TOTAL",275268,131216,144050,2,234495,111668,122825,2,40773,19548,21225,NA
"SINDH","LARKANA","LARKANA","BAKRANI","TALUKA","URDU",83,42,41,NA,39,21,18,NA,44,21,23,NA
"SINDH","KARACHI","KEAMARI","BALDIA","SUB-DIVISION","BALOCHI",51447,25152,26292,3,NA,NA,NA,NA,51447,25152,26292,3
"SINDH","KARACHI","KEAMARI","BALDIA","SUB-DIVISION","BALTI",24,11,13,NA,NA,NA,NA,NA,24,11,13,NA
"SINDH","KARACHI","KEAMARI","BALDIA","SUB-DIVISION","BRAHVI",1819,844,974,1,NA,NA,NA,NA,1819,844,974,1
"SINDH","KARACHI","KEAMARI","BALDIA","SUB-DIVISION","HINDKO",104800,49714,55077,9,NA,NA,NA,NA,104800,49714,55077,9
"SINDH","KARACHI","KEAMARI","BALDIA","SUB-DIVISION","KALASHA",17,8,9,NA,NA,NA,NA,NA,17,8,9,NA
"SINDH","KARACHI","KEAMARI","BALDIA","SUB-DIVISION","KASHMIRI",3451,1638,1812,1,NA,NA,NA,NA,3451,1638,1812,1
"SINDH","KARACHI","KEAMARI","BALDIA","SUB-DIVISION","KOHIOSTANI",2866,1396,1470,NA,NA,NA,NA,NA,2866,1396,1470,NA
"SINDH","KARACHI","KEAMARI","BALDIA","SUB-DIVISION","MEWATI",907,429,478,NA,NA,NA,NA,NA,907,429,478,NA
"SINDH","KARACHI","KEAMARI","BALDIA","SUB-DIVISION","OTHERS",22071,10441,11629,1,NA,NA,NA,NA,22071,10441,11629,1
"SINDH","KARACHI","KEAMARI","BALDIA","SUB-DIVISION","PUNJABI",120331,57147,63151,33,NA,NA,NA,NA,120331,57147,63151,33
"SINDH","KARACHI","KEAMARI","BALDIA","SUB-DIVISION","PUSHTO",285619,133057,152536,26,NA,NA,NA,NA,285619,133057,152536,26
"SINDH","KARACHI","KEAMARI","BALDIA","SUB-DIVISION","SARAIKI",23252,10805,12435,12,NA,NA,NA,NA,23252,10805,12435,12
"SINDH","KARACHI","KEAMARI","BALDIA","SUB-DIVISION","SHINA",161,80,81,NA,NA,NA,NA,NA,161,80,81,NA
"SINDH","KARACHI","KEAMARI","BALDIA","SUB-DIVISION","SINDHI",47801,22525,25273,3,NA,NA,NA,NA,47801,22525,25273,3
"SINDH","KARACHI","KEAMARI","BALDIA","SUB-DIVISION","TOTAL",948399,450223,498073,103,NA,NA,NA,NA,948399,450223,498073,103
"SINDH","KARACHI","KEAMARI","BALDIA","SUB-DIVISION","URDU",283833,136976,146843,14,NA,NA,NA,NA,283833,136976,146843,14
"SINDH","SHAHEED BENAZIRABAD","NAUSHAHRO FEROZE","BHIRIA","TALUKA","BALOCHI",860,429,431,NA,780,395,385,NA,80,34,46,NA
"SINDH","SHAHEED BENAZIRABAD","NAUSHAHRO FEROZE","BHIRIA","TALUKA","BALTI",NA,NA,NA,NA,NA,NA,NA,NA,NA,NA,NA,NA
"SINDH","SHAHEED BENAZIRABAD","NAUSHAHRO FEROZE","BHIRIA","TALUKA","BRAHVI",5812,2778,3034,NA,4082,1939,2143,NA,1730,839,891,NA
"SINDH","SHAHEED BENAZIRABAD","NAUSHAHRO FEROZE","BHIRIA","TALUKA","HINDKO",701,352,349,NA,381,182,199,NA,320,170,150,NA
"SINDH","SHAHEED BENAZIRABAD","NAUSHAHRO FEROZE","BHIRIA","TALUKA","KALASHA",NA,NA,NA,NA,NA,NA,NA,NA,NA,NA,NA,NA
"SINDH","SHAHEED BENAZIRABAD","NAUSHAHRO FEROZE","BHIRIA","TALUKA","KASHMIRI",6,2,4,NA,2,1,1,NA,4,1,3,NA
"SINDH","SHAHEED BENAZIRABAD","NAUSHAHRO FEROZE","BHIRIA","TALUKA","KOHIOSTANI",NA,NA,NA,NA,NA,NA,NA,NA,NA,NA,NA,NA
"SINDH","SHAHEED BENAZIRABAD","NAUSHAHRO FEROZE","BHIRIA","TALUKA","MEWATI",75,39,36,NA,75,39,36,NA,NA,NA,NA,NA
"SINDH","SHAHEED BENAZIRABAD","NAUSHAHRO FEROZE","BHIRIA","TALUKA","OTHERS",382,172,210,NA,140,56,84,NA,242,116,126,NA
"SINDH","SHAHEED BENAZIRABAD","NAUSHAHRO FEROZE","BHIRIA","TALUKA","PUNJABI",8933,4416,4517,NA,3246,1603,1643,NA,5687,2813,2874,NA
"SINDH","SHAHEED BENAZIRABAD","NAUSHAHRO FEROZE","BHIRIA","TALUKA","PUSHTO",534,253,281,NA,188,87,101,NA,346,166,180,NA
"SINDH","SHAHEED BENAZIRABAD","NAUSHAHRO FEROZE","BHIRIA","TALUKA","SARAIKI",1202,595,607,NA,230,110,120,NA,972,485,487,NA
"SINDH","SHAHEED BENAZIRABAD","NAUSHAHRO FEROZE","BHIRIA","TALUKA","SHINA",3,NA,3,NA,3,NA,3,NA,NA,NA,NA,NA
"SINDH","SHAHEED BENAZIRABAD","NAUSHAHRO FEROZE","BHIRIA","TALUKA","SINDHI",290676,142734,147936,6,244405,119763,124636,6,46271,22971,23300,NA
"SINDH","SHAHEED BENAZIRABAD","NAUSHAHRO FEROZE","BHIRIA","TALUKA","TOTAL",329920,162158,167755,7,257760,126301,131453,6,72160,35857,36302,1
"SINDH","SHAHEED BENAZIRABAD","NAUSHAHRO FEROZE","BHIRIA","TALUKA","URDU",20736,10388,10347,1,4228,2126,2102,NA,16508,8262,8245,1
"SINDH","KARACHI","MALIR","BIN QASIM","SUB-DIVISION","BALOCHI",9538,4468,5070,NA,9538,4468,5070,NA,NA,NA,NA,NA
"SINDH","KARACHI","MALIR","BIN QASIM","SUB-DIVISION","BALTI",139,57,82,NA,139,57,82,NA,NA,NA,NA,NA
"SINDH","KARACHI","MALIR","BIN QASIM","SUB-DIVISION","BRAHVI",901,406,495,NA,901,406,495,NA,NA,NA,NA,NA
"SINDH","KARACHI","MALIR","BIN QASIM","SUB-DIVISION","HINDKO",4745,2271,2474,NA,4745,2271,2474,NA,NA,NA,NA,NA
"SINDH","KARACHI","MALIR","BIN QASIM","SUB-DIVISION","KALASHA",7,3,4,NA,7,3,4,NA,NA,NA,NA,NA
"SINDH","KARACHI","MALIR","BIN QASIM","SUB-DIVISION","KASHMIRI",610,276,334,NA,610,276,334,NA,NA,NA,NA,NA
"SINDH","KARACHI","MALIR","BIN QASIM","SUB-DIVISION","KOHIOSTANI",43,15,28,NA,43,15,28,NA,NA,NA,NA,NA
"SINDH","KARACHI","MALIR","BIN QASIM","SUB-DIVISION","MEWATI",396,199,197,NA,396,199,197,NA,NA,NA,NA,NA
"SINDH","KARACHI","MALIR","BIN QASIM","SUB-DIVISION","OTHERS",941,424,517,NA,941,424,517,NA,NA,NA,NA,NA
"SINDH","KARACHI","MALIR","BIN QASIM","SUB-DIVISION","PUNJABI",32408,15292,17093,23,32408,15292,17093,23,NA,NA,NA,NA
"SINDH","KARACHI","MALIR","BIN QASIM","SUB-DIVISION","PUSHTO",24788,11326,13462,NA,24788,11326,13462,NA,NA,NA,NA,NA
"SINDH","KARACHI","MALIR","BIN QASIM","SUB-DIVISION","SARAIKI",6818,3119,3698,1,6818,3119,3698,1,NA,NA,NA,NA
"SINDH","KARACHI","MALIR","BIN QASIM","SUB-DIVISION","SHINA",125,59,66,NA,125,59,66,NA,NA,NA,NA,NA
"SINDH","KARACHI","MALIR","BIN QASIM","SUB-DIVISION","SINDHI",225451,104796,120645,10,225451,104796,120645,10,NA,NA,NA,NA
"SINDH","KARACHI","MALIR","BIN QASIM","SUB-DIVISION","TOTAL",322915,150496,172381,38,322915,150496,172381,38,NA,NA,NA,NA
"SINDH","KARACHI","MALIR","BIN QASIM","SUB-DIVISION","URDU",16005,7785,8216,4,16005,7785,8216,4,NA,NA,NA,NA
"SINDH","HYDERABAD","TANDO MUHAMMAD KHAN","BULRI SHAH KARIM","TALUKA","BALOCHI",423,201,222,NA,423,201,222,NA,NA,NA,NA,NA
"SINDH","HYDERABAD","TANDO MUHAMMAD KHAN","BULRI SHAH KARIM","TALUKA","BALTI",NA,NA,NA,NA,NA,NA,NA,NA,NA,NA,NA,NA
"SINDH","HYDERABAD","TANDO MUHAMMAD KHAN","BULRI SHAH KARIM","TALUKA","BRAHVI",808,412,396,NA,808,412,396,NA,NA,NA,NA,NA
"SINDH","HYDERABAD","TANDO MUHAMMAD KHAN","BULRI SHAH KARIM","TALUKA","HINDKO",4922,2366,2556,NA,4922,2366,2556,NA,NA,NA,NA,NA
"SINDH","HYDERABAD","TANDO MUHAMMAD KHAN","BULRI SHAH KARIM","TALUKA","KALASHA",NA,NA,NA,NA,NA,NA,NA,NA,NA,NA,NA,NA
"SINDH","HYDERABAD","TANDO MUHAMMAD KHAN","BULRI SHAH KARIM","TALUKA","KASHMIRI",8,3,5,NA,1,1,NA,NA,7,2,5,NA
"SINDH","HYDERABAD","TANDO MUHAMMAD KHAN","BULRI SHAH KARIM","TALUKA","KOHIOSTANI",NA,NA,NA,NA,NA,NA,NA,NA,NA,NA,NA,NA
"SINDH","HYDERABAD","TANDO MUHAMMAD KHAN","BULRI SHAH KARIM","TALUKA","MEWATI",3,2,1,NA,3,2,1,NA,NA,NA,NA,NA
"SINDH","HYDERABAD","TANDO MUHAMMAD KHAN","BULRI SHAH KARIM","TALUKA","OTHERS",1252,617,635,NA,1251,616,635,NA,1,1,NA,NA
"SINDH","HYDERABAD","TANDO MUHAMMAD KHAN","BULRI SHAH KARIM","TALUKA","PUNJABI",1176,584,592,NA,1043,519,524,NA,133,65,68,NA
"SINDH","HYDERABAD","TANDO MUHAMMAD KHAN","BULRI SHAH KARIM","TALUKA","PUSHTO",166,94,72,NA,161,92,69,NA,5,2,3,NA
"SINDH","HYDERABAD","TANDO MUHAMMAD KHAN","BULRI SHAH KARIM","TALUKA","SARAIKI",752,344,408,NA,744,340,404,NA,8,4,4,NA
"SINDH","HYDERABAD","TANDO MUHAMMAD KHAN","BULRI SHAH KARIM","TALUKA","SHINA",NA,NA,NA,NA,NA,NA,NA,NA,NA,NA,NA,NA
"SINDH","HYDERABAD","TANDO MUHAMMAD KHAN","BULRI SHAH KARIM","TALUKA","SINDHI",237388,114088,123295,5,231094,111046,120044,4,6294,3042,3251,1
"SINDH","HYDERABAD","TANDO MUHAMMAD KHAN","BULRI SHAH KARIM","TALUKA","TOTAL",247027,118780,128242,5,240568,115659,124905,4,6459,3121,3337,1
"SINDH","HYDERABAD","TANDO MUHAMMAD KHAN","BULRI SHAH KARIM","TALUKA","URDU",129,69,60,NA,118,64,54,NA,11,5,6,NA
"SINDH","MIRPUR KHAS","THARPARKAR","CHACHRO","TALUKA","BALOCHI",4,2,2,NA,3,2,1,NA,1,NA,1,NA
"SINDH","MIRPUR KHAS","THARPARKAR","CHACHRO","TALUKA","BALTI",NA,NA,NA,NA,NA,NA,NA,NA,NA,NA,NA,NA
"SINDH","MIRPUR KHAS","THARPARKAR","CHACHRO","TALUKA","BRAHVI",NA,NA,NA,NA,NA,NA,NA,NA,NA,NA,NA,NA
"SINDH","MIRPUR KHAS","THARPARKAR","CHACHRO","TALUKA","HINDKO",9,5,4,NA,9,5,4,NA,NA,NA,NA,NA
"SINDH","MIRPUR KHAS","THARPARKAR","CHACHRO","TALUKA","KALASHA",NA,NA,NA,NA,NA,NA,NA,NA,NA,NA,NA,NA
"SINDH","MIRPUR KHAS","THARPARKAR","CHACHRO","TALUKA","KASHMIRI",NA,NA,NA,NA,NA,NA,NA,NA,NA,NA,NA,NA
"SINDH","MIRPUR KHAS","THARPARKAR","CHACHRO","TALUKA","KOHIOSTANI",NA,NA,NA,NA,NA,NA,NA,NA,NA,NA,NA,NA
"SINDH","MIRPUR KHAS","THARPARKAR","CHACHRO","TALUKA","MEWATI",NA,NA,NA,NA,NA,NA,NA,NA,NA,NA,NA,NA
"SINDH","MIRPUR KHAS","THARPARKAR","CHACHRO","TALUKA","OTHERS",27,16,11,NA,27,16,11,NA,NA,NA,NA,NA
"SINDH","MIRPUR KHAS","THARPARKAR","CHACHRO","TALUKA","PUNJABI",55,28,27,NA,14,9,5,NA,41,19,22,NA
"SINDH","MIRPUR KHAS","THARPARKAR","CHACHRO","TALUKA","PUSHTO",274,130,144,NA,198,94,104,NA,76,36,40,NA
"SINDH","MIRPUR KHAS","THARPARKAR","CHACHRO","TALUKA","SARAIKI",222,104,118,NA,222,104,118,NA,NA,NA,NA,NA
"SINDH","MIRPUR KHAS","THARPARKAR","CHACHRO","TALUKA","SHINA",NA,NA,NA,NA,NA,NA,NA,NA,NA,NA,NA,NA
"SINDH","MIRPUR KHAS","THARPARKAR","CHACHRO","TALUKA","SINDHI",371098,176924,194160,14,345955,164887,181054,14,25143,12037,13106,NA
"SINDH","MIRPUR KHAS","THARPARKAR","CHACHRO","TALUKA","TOTAL",371769,177252,194503,14,346460,165136,181310,14,25309,12116,13193,NA
"SINDH","MIRPUR KHAS","THARPARKAR","CHACHRO","TALUKA","URDU",80,43,37,NA,32,19,13,NA,48,24,24,NA
NA,NA,"TANDO ALLAHYAR","CHAMBER","TALUKA","BALOCHI",538,275,263,NA,285,140,145,NA,253,135,118,NA
NA,NA,"TANDO ALLAHYAR","CHAMBER","TALUKA","BALTI",1,NA,1,NA,NA,NA,NA,NA,1,NA,1,NA
NA,NA,"TANDO ALLAHYAR","CHAMBER","TALUKA","BRAHVI",7,4,3,NA,2,1,1,NA,5,3,2,NA
NA,NA,"TANDO ALLAHYAR","CHAMBER","TALUKA","HINDKO",2772,1345,1427,NA,1834,894,940,NA,938,451,487,NA
NA,NA,"TANDO ALLAHYAR","CHAMBER","TALUKA","KALASHA",NA,NA,NA,NA,NA,NA,NA,NA,NA,NA,NA,NA
NA,NA,"TANDO ALLAHYAR","CHAMBER","TALUKA","KASHMIRI",7,2,5,NA,7,2,5,NA,NA,NA,NA,NA
NA,NA,"TANDO ALLAHYAR","CHAMBER","TALUKA","KOHIOSTANI",NA,NA,NA,NA,NA,NA,NA,NA,NA,NA,NA,NA
NA,NA,"TANDO ALLAHYAR","CHAMBER","TALUKA","MEWATI",216,117,99,NA,NA,NA,NA,NA,216,117,99,NA
NA,NA,"TANDO ALLAHYAR","CHAMBER","TALUKA","OTHERS",122,63,59,NA,39,20,19,NA,83,43,40,NA
NA,NA,"TANDO ALLAHYAR","CHAMBER","TALUKA","PUNJABI",2558,1272,1286,NA,983,489,494,NA,1575,783,792,NA
NA,NA,"TANDO ALLAHYAR","CHAMBER","TALUKA","PUSHTO",718,357,361,NA,175,80,95,NA,543,277,266,NA
NA,NA,"TANDO ALLAHYAR","CHAMBER","TALUKA","SARAIKI",348,169,178,1,23,10,13,NA,325,159,165,1
NA,NA,"TANDO ALLAHYAR","CHAMBER","TALUKA","SHINA",NA,NA,NA,NA,NA,NA,NA,NA,NA,NA,NA,NA
NA,NA,"TANDO ALLAHYAR","CHAMBER","TALUKA","SINDHI",224658,110836,113821,1,192288,94703,97585,NA,32370,16133,16236,1
NA,NA,"TANDO ALLAHYAR","CHAMBER","TALUKA","TOTAL",233424,115174,118248,2,195718,96369,99349,NA,37706,18805,18899,2
NA,NA,"TANDO ALLAHYAR","CHAMBER","TALUKA","URDU",1479,734,745,NA,82,30,52,NA,1397,704,693,NA
"SINDH","KARACHI","KARACHI SOUTH","CIVIL LINES","SUB-DIVISION","BALOCHI",8636,3693,4941,2,NA,NA,NA,NA,8636,3693,4941,2
"SINDH","KARACHI","KARACHI SOUTH","CIVIL LINES","SUB-DIVISION","BALTI",746,298,448,NA,NA,NA,NA,NA,746,298,448,NA
"SINDH","KARACHI","KARACHI SOUTH","CIVIL LINES","SUB-DIVISION","BRAHVI",3982,1858,2123,1,NA,NA,NA,NA,3982,1858,2123,1
"SINDH","KARACHI","KARACHI SOUTH","CIVIL LINES","SUB-DIVISION","HINDKO",26515,11953,14559,3,NA,NA,NA,NA,26515,11953,14559,3
"SINDH","KARACHI","KARACHI SOUTH","CIVIL LINES","SUB-DIVISION","KALASHA",26,5,21,NA,NA,NA,NA,NA,26,5,21,NA
"SINDH","KARACHI","KARACHI SOUTH","CIVIL LINES","SUB-DIVISION","KASHMIRI",2363,795,1565,3,NA,NA,NA,NA,2363,795,1565,3
"SINDH","KARACHI","KARACHI SOUTH","CIVIL LINES","SUB-DIVISION","KOHIOSTANI",312,125,187,NA,NA,NA,NA,NA,312,125,187,NA
"SINDH","KARACHI","KARACHI SOUTH","CIVIL LINES","SUB-DIVISION","MEWATI",546,255,291,NA,NA,NA,NA,NA,546,255,291,NA
"SINDH","KARACHI","KARACHI SOUTH","CIVIL LINES","SUB-DIVISION","OTHERS",18351,8418,9924,9,NA,NA,NA,NA,18351,8418,9924,9
"SINDH","KARACHI","KARACHI SOUTH","CIVIL LINES","SUB-DIVISION","PUNJABI",53814,24151,29600,63,NA,NA,NA,NA,53814,24151,29600,63
"SINDH","KARACHI","KARACHI SOUTH","CIVIL LINES","SUB-DIVISION","PUSHTO",74714,31452,43247,15,NA,NA,NA,NA,74714,31452,43247,15
"SINDH","KARACHI","KARACHI SOUTH","CIVIL LINES","SUB-DIVISION","SARAIKI",37242,15975,21240,27,NA,NA,NA,NA,37242,15975,21240,27
"SINDH","KARACHI","KARACHI SOUTH","CIVIL LINES","SUB-DIVISION","SHINA",308,95,213,NA,NA,NA,NA,NA,308,95,213,NA
"SINDH","KARACHI","KARACHI SOUTH","CIVIL LINES","SUB-DIVISION","SINDHI",74111,31162,42927,22,NA,NA,NA,NA,74111,31162,42927,22
"SINDH","KARACHI","KARACHI SOUTH","CIVIL LINES","SUB-DIVISION","TOTAL",480480,214800,265482,198,NA,NA,NA,NA,480480,214800,265482,198
"SINDH","KARACHI","KARACHI SOUTH","CIVIL LINES","SUB-DIVISION","URDU",178814,84565,94196,53,NA,NA,NA,NA,178814,84565,94196,53
"SINDH","HYDERABAD","DADU","DADU","TALUKA","BALOCHI",683,331,352,NA,519,244,275,NA,164,87,77,NA
"SINDH","HYDERABAD","DADU","DADU","TALUKA","BALTI",NA,NA,NA,NA,NA,NA,NA,NA,NA,NA,NA,NA
"SINDH","HYDERABAD","DADU","DADU","TALUKA","BRAHVI",158,70,88,NA,106,43,63,NA,52,27,25,NA
"SINDH","HYDERABAD","DADU","DADU","TALUKA","HINDKO",254,129,125,NA,240,122,118,NA,14,7,7,NA
"SINDH","HYDERABAD","DADU","DADU","TALUKA","KALASHA",NA,NA,NA,NA,NA,NA,NA,NA,NA,NA,NA,NA
"SINDH","HYDERABAD","DADU","DADU","TALUKA","KASHMIRI",3,2,1,NA,2,1,1,NA,1,1,NA,NA
"SINDH","HYDERABAD","DADU","DADU","TALUKA","KOHIOSTANI",NA,NA,NA,NA,NA,NA,NA,NA,NA,NA,NA,NA
"SINDH","HYDERABAD","DADU","DADU","TALUKA","MEWATI",NA,NA,NA,NA,NA,NA,NA,NA,NA,NA,NA,NA
"SINDH","HYDERABAD","DADU","DADU","TALUKA","OTHERS",149,80,69,NA,138,74,64,NA,11,6,5,NA
"SINDH","HYDERABAD","DADU","DADU","TALUKA","PUNJABI",982,495,487,NA,750,381,369,NA,232,114,118,NA
"SINDH","HYDERABAD","DADU","DADU","TALUKA","PUSHTO",422,220,202,NA,247,132,115,NA,175,88,87,NA
"SINDH","HYDERABAD","DADU","DADU","TALUKA","SARAIKI",947,415,532,NA,230,95,135,NA,717,320,397,NA
"SINDH","HYDERABAD","DADU","DADU","TALUKA","SHINA",NA,NA,NA,NA,NA,NA,NA,NA,NA,NA,NA,NA
"SINDH","HYDERABAD","DADU","DADU","TALUKA","SINDHI",501702,247534,254146,22,304748,149966,154776,6,196954,97568,99370,16
"SINDH","HYDERABAD","DADU","DADU","TALUKA","TOTAL",508607,250907,257678,22,307590,151366,156218,6,201017,99541,101460,16
"SINDH","HYDERABAD","DADU","DADU","TALUKA","URDU",3307,1631,1676,NA,610,308,302,NA,2697,1323,1374,NA
"SINDH","SUKKUR","GHOTKI","DAHARKI","TALUKA","BALOCHI",823,377,446,NA,567,264,303,NA,256,113,143,NA
"SINDH","SUKKUR","GHOTKI","DAHARKI","TALUKA","BALTI",1,NA,1,NA,NA,NA,NA,NA,1,NA,1,NA
"SINDH","SUKKUR","GHOTKI","DAHARKI","TALUKA","BRAHVI",4,3,1,NA,4,3,1,NA,NA,NA,NA,NA
"SINDH","SUKKUR","GHOTKI","DAHARKI","TALUKA","HINDKO",1066,498,568,NA,600,294,306,NA,466,204,262,NA
"SINDH","SUKKUR","GHOTKI","DAHARKI","TALUKA","KALASHA",NA,NA,NA,NA,NA,NA,NA,NA,NA,NA,NA,NA
"SINDH","SUKKUR","GHOTKI","DAHARKI","TALUKA","KASHMIRI",25,12,13,NA,2,NA,2,NA,23,12,11,NA
"SINDH","SUKKUR","GHOTKI","DAHARKI","TALUKA","KOHIOSTANI",NA,NA,NA,NA,NA,NA,NA,NA,NA,NA,NA,NA
"SINDH","SUKKUR","GHOTKI","DAHARKI","TALUKA","MEWATI",91,44,47,NA,NA,NA,NA,NA,91,44,47,NA
"SINDH","SUKKUR","GHOTKI","DAHARKI","TALUKA","OTHERS",167,82,85,NA,107,54,53,NA,60,28,32,NA
"SINDH","SUKKUR","GHOTKI","DAHARKI","TALUKA","PUNJABI",5426,2579,2847,NA,1547,731,816,NA,3879,1848,2031,NA
"SINDH","SUKKUR","GHOTKI","DAHARKI","TALUKA","PUSHTO",711,358,353,NA,341,174,167,NA,370,184,186,NA
"SINDH","SUKKUR","GHOTKI","DAHARKI","TALUKA","SARAIKI",2077,983,1094,NA,647,311,336,NA,1430,672,758,NA
"SINDH","SUKKUR","GHOTKI","DAHARKI","TALUKA","SHINA",5,2,3,NA,NA,NA,NA,NA,5,2,3,NA
"SINDH","SUKKUR","GHOTKI","DAHARKI","TALUKA","SINDHI",320390,153670,166715,5,241034,115509,125522,3,79356,38161,41193,2
"SINDH","SUKKUR","GHOTKI","DAHARKI","TALUKA","TOTAL",335145,160706,174433,6,244968,117395,127570,3,90177,43311,46863,3
"SINDH","SUKKUR","GHOTKI","DAHARKI","TALUKA","URDU",4359,2098,2260,1,119,55,64,NA,4240,2043,2196,1
"SINDH","MIRPUR KHAS","THARPARKAR","DAHLI","TALUKA","BALOCHI",NA,NA,NA,NA,NA,NA,NA,NA,NA,NA,NA,NA
"SINDH","MIRPUR KHAS","THARPARKAR","DAHLI","TALUKA","BALTI",NA,NA,NA,NA,NA,NA,NA,NA,NA,NA,NA,NA
"SINDH","MIRPUR KHAS","THARPARKAR","DAHLI","TALUKA","BRAHVI",NA,NA,NA,NA,NA,NA,NA,NA,NA,NA,NA,NA
"SINDH","MIRPUR KHAS","THARPARKAR","DAHLI","TALUKA","HINDKO",NA,NA,NA,NA,NA,NA,NA,NA,NA,NA,NA,NA
"SINDH","MIRPUR KHAS","THARPARKAR","DAHLI","TALUKA","KALASHA",NA,NA,NA,NA,NA,NA,NA,NA,NA,NA,NA,NA
"SINDH","MIRPUR KHAS","THARPARKAR","DAHLI","TALUKA","KASHMIRI",3,NA,3,NA,3,NA,3,NA,NA,NA,NA,NA
"SINDH","MIRPUR KHAS","THARPARKAR","DAHLI","TALUKA","KOHIOSTANI",1,NA,1,NA,1,NA,1,NA,NA,NA,NA,NA
"SINDH","MIRPUR KHAS","THARPARKAR","DAHLI","TALUKA","MEWATI",NA,NA,NA,NA,NA,NA,NA,NA,NA,NA,NA,NA
"SINDH","MIRPUR KHAS","THARPARKAR","DAHLI","TALUKA","OTHERS",12,10,2,NA,12,10,2,NA,NA,NA,NA,NA
"SINDH","MIRPUR KHAS","THARPARKAR","DAHLI","TALUKA","PUNJABI",19,13,6,NA,16,13,3,NA,3,NA,3,NA
"SINDH","MIRPUR KHAS","THARPARKAR","DAHLI","TALUKA","PUSHTO",182,79,103,NA,180,79,101,NA,2,NA,2,NA
"SINDH","MIRPUR KHAS","THARPARKAR","DAHLI","TALUKA","SARAIKI",NA,NA,NA,NA,NA,NA,NA,NA,NA,NA,NA,NA
"SINDH","MIRPUR KHAS","THARPARKAR","DAHLI","TALUKA","SHINA",NA,NA,NA,NA,NA,NA,NA,NA,NA,NA,NA,NA
"SINDH","MIRPUR KHAS","THARPARKAR","DAHLI","TALUKA","SINDHI",325762,152223,173539,NA,316106,147902,168204,NA,9656,4321,5335,NA
"SINDH","MIRPUR KHAS","THARPARKAR","DAHLI","TALUKA","TOTAL",326034,152345,173689,NA,316363,148022,168341,NA,9671,4323,5348,NA
"SINDH","MIRPUR KHAS","THARPARKAR","DAHLI","TALUKA","URDU",55,20,35,NA,45,18,27,NA,10,2,8,NA
"SINDH","SHAHEED BENAZIRABAD","SHAHEED BENAZIRABAD","DAUR","TALUKA","BALOCHI",14277,7138,7138,1,13718,6867,6850,1,559,271,288,NA
"SINDH","SHAHEED BENAZIRABAD","SHAHEED BENAZIRABAD","DAUR","TALUKA","BALTI",1,NA,1,NA,1,NA,1,NA,NA,NA,NA,NA
"SINDH","SHAHEED BENAZIRABAD","SHAHEED BENAZIRABAD","DAUR","TALUKA","BRAHVI",18086,8966,9120,NA,17471,8652,8819,NA,615,314,301,NA
"SINDH","SHAHEED BENAZIRABAD","SHAHEED BENAZIRABAD","DAUR","TALUKA","HINDKO",2797,1351,1446,NA,1735,818,917,NA,1062,533,529,NA
"SINDH","SHAHEED BENAZIRABAD","SHAHEED BENAZIRABAD","DAUR","TALUKA","KALASHA",NA,NA,NA,NA,NA,NA,NA,NA,NA,NA,NA,NA
"SINDH","SHAHEED BENAZIRABAD","SHAHEED BENAZIRABAD","DAUR","TALUKA","KASHMIRI",11,6,5,NA,11,6,5,NA,NA,NA,NA,NA
"SINDH","SHAHEED BENAZIRABAD","SHAHEED BENAZIRABAD","DAUR","TALUKA","KOHIOSTANI",NA,NA,NA,NA,NA,NA,NA,NA,NA,NA,NA,NA
"SINDH","SHAHEED BENAZIRABAD","SHAHEED BENAZIRABAD","DAUR","TALUKA","MEWATI",3,NA,3,NA,3,NA,3,NA,NA,NA,NA,NA
"SINDH","SHAHEED BENAZIRABAD","SHAHEED BENAZIRABAD","DAUR","TALUKA","OTHERS",1630,825,805,NA,1221,619,602,NA,409,206,203,NA
"SINDH","SHAHEED BENAZIRABAD","SHAHEED BENAZIRABAD","DAUR","TALUKA","PUNJABI",13958,7010,6946,2,7583,3831,3751,1,6375,3179,3195,1
"SINDH","SHAHEED BENAZIRABAD","SHAHEED BENAZIRABAD","DAUR","TALUKA","PUSHTO",1573,756,817,NA,831,403,428,NA,742,353,389,NA
"SINDH","SHAHEED BENAZIRABAD","SHAHEED BENAZIRABAD","DAUR","TALUKA","SARAIKI",4051,1995,2056,NA,3201,1572,1629,NA,850,423,427,NA
"SINDH","SHAHEED BENAZIRABAD","SHAHEED BENAZIRABAD","DAUR","TALUKA","SHINA",4,1,3,NA,4,1,3,NA,NA,NA,NA,NA
"SINDH","SHAHEED BENAZIRABAD","SHAHEED BENAZIRABAD","DAUR","TALUKA","SINDHI",465990,229534,236443,13,375804,185247,190552,5,90186,44287,45891,8
"SINDH","SHAHEED BENAZIRABAD","SHAHEED BENAZIRABAD","DAUR","TALUKA","TOTAL",532528,262584,269928,16,422431,208426,213998,7,110097,54158,55930,9
"SINDH","SHAHEED BENAZIRABAD","SHAHEED BENAZIRABAD","DAUR","TALUKA","URDU",10147,5002,5145,NA,848,410,438,NA,9299,4592,4707,NA
"SINDH","MIRPUR KHAS","MIRPUR KHAS","DIGRI","TALUKA","BALOCHI",1712,840,872,NA,338,173,165,NA,1374,667,707,NA
"SINDH","MIRPUR KHAS","MIRPUR KHAS","DIGRI","TALUKA","BALTI",NA,NA,NA,NA,NA,NA,NA,NA,NA,NA,NA,NA
"SINDH","MIRPUR KHAS","MIRPUR KHAS","DIGRI","TALUKA","BRAHVI",178,88,90,NA,114,61,53,NA,64,27,37,NA
"SINDH","MIRPUR KHAS","MIRPUR KHAS","DIGRI","TALUKA","HINDKO",10775,5114,5660,1,8451,4029,4421,1,2324,1085,1239,NA
"SINDH","MIRPUR KHAS","MIRPUR KHAS","DIGRI","TALUKA","KALASHA",1,NA,1,NA,1,NA,1,NA,NA,NA,NA,NA
"SINDH","MIRPUR KHAS","MIRPUR KHAS","DIGRI","TALUKA","KASHMIRI",3,3,NA,NA,2,2,NA,NA,1,1,NA,NA
"SINDH","MIRPUR KHAS","MIRPUR KHAS","DIGRI","TALUKA","KOHIOSTANI",NA,NA,NA,NA,NA,NA,NA,NA,NA,NA,NA,NA
"SINDH","MIRPUR KHAS","MIRPUR KHAS","DIGRI","TALUKA","MEWATI",1008,465,543,NA,1008,465,543,NA,NA,NA,NA,NA
"SINDH","MIRPUR KHAS","MIRPUR KHAS","DIGRI","TALUKA","OTHERS",3691,1810,1881,NA,2575,1260,1315,NA,1116,550,566,NA
"SINDH","MIRPUR KHAS","MIRPUR KHAS","DIGRI","TALUKA","PUNJABI",28363,13600,14763,NA,12828,6153,6675,NA,15535,7447,8088,NA
"SINDH","MIRPUR KHAS","MIRPUR KHAS","DIGRI","TALUKA","PUSHTO",1367,671,696,NA,729,376,353,NA,638,295,343,NA
"SINDH","MIRPUR KHAS","MIRPUR KHAS","DIGRI","TALUKA","SARAIKI",769,374,395,NA,407,200,207,NA,362,174,188,NA
"SINDH","MIRPUR KHAS","MIRPUR KHAS","DIGRI","TALUKA","SHINA",3,1,2,NA,3,1,2,NA,NA,NA,NA,NA
"SINDH","MIRPUR KHAS","MIRPUR KHAS","DIGRI","TALUKA","SINDHI",175932,84297,91625,10,123508,59444,64061,3,52424,24853,27564,7
"SINDH","MIRPUR KHAS","MIRPUR KHAS","DIGRI","TALUKA","TOTAL",234578,112308,122259,11,151616,72934,78678,4,82962,39374,43581,7
"SINDH","MIRPUR KHAS","MIRPUR KHAS","DIGRI","TALUKA","URDU",10776,5045,5731,NA,1652,770,882,NA,9124,4275,4849,NA
"SINDH","MIRPUR KHAS","THARPARKAR","DIPLO","TALUKA","BALOCHI",11,5,6,NA,1,NA,1,NA,10,5,5,NA
"SINDH","MIRPUR KHAS","THARPARKAR","DIPLO","TALUKA","BALTI",NA,NA,NA,NA,NA,NA,NA,NA,NA,NA,NA,NA
"SINDH","MIRPUR KHAS","THARPARKAR","DIPLO","TALUKA","BRAHVI",NA,NA,NA,NA,NA,NA,NA,NA,NA,NA,NA,NA
"SINDH","MIRPUR KHAS","THARPARKAR","DIPLO","TALUKA","HINDKO",NA,NA,NA,NA,NA,NA,NA,NA,NA,NA,NA,NA
"SINDH","MIRPUR KHAS","THARPARKAR","DIPLO","TALUKA","KALASHA",NA,NA,NA,NA,NA,NA,NA,NA,NA,NA,NA,NA
"SINDH","MIRPUR KHAS","THARPARKAR","DIPLO","TALUKA","KASHMIRI",NA,NA,NA,NA,NA,NA,NA,NA,NA,NA,NA,NA
"SINDH","MIRPUR KHAS","THARPARKAR","DIPLO","TALUKA","KOHIOSTANI",NA,NA,NA,NA,NA,NA,NA,NA,NA,NA,NA,NA
"SINDH","MIRPUR KHAS","THARPARKAR","DIPLO","TALUKA","MEWATI",NA,NA,NA,NA,NA,NA,NA,NA,NA,NA,NA,NA
"SINDH","MIRPUR KHAS","THARPARKAR","DIPLO","TALUKA","OTHERS",3,3,NA,NA,3,3,NA,NA,NA,NA,NA,NA
"SINDH","MIRPUR KHAS","THARPARKAR","DIPLO","TALUKA","PUNJABI",17,4,13,NA,6,1,5,NA,11,3,8,NA
"SINDH","MIRPUR KHAS","THARPARKAR","DIPLO","TALUKA","PUSHTO",174,89,85,NA,162,83,79,NA,12,6,6,NA
"SINDH","MIRPUR KHAS","THARPARKAR","DIPLO","TALUKA","SARAIKI",NA,NA,NA,NA,NA,NA,NA,NA,NA,NA,NA,NA
"SINDH","MIRPUR KHAS","THARPARKAR","DIPLO","TALUKA","SHINA",NA,NA,NA,NA,NA,NA,NA,NA,NA,NA,NA,NA
"SINDH","MIRPUR KHAS","THARPARKAR","DIPLO","TALUKA","SINDHI",162754,78298,84454,2,149682,71951,77731,NA,13072,6347,6723,2
"SINDH","MIRPUR KHAS","THARPARKAR","DIPLO","TALUKA","TOTAL",162968,78406,84560,2,149862,72044,77818,NA,13106,6362,6742,2
"SINDH","MIRPUR KHAS","THARPARKAR","DIPLO","TALUKA","URDU",9,7,2,NA,8,6,2,NA,1,1,NA,NA
"SINDH","LARKANA","LARKANA","DOKRI","TALUKA","BALOCHI",254,118,136,NA,3,NA,3,NA,251,118,133,NA
"SINDH","LARKANA","LARKANA","DOKRI","TALUKA","BALTI",NA,NA,NA,NA,NA,NA,NA,NA,NA,NA,NA,NA
"SINDH","LARKANA","LARKANA","DOKRI","TALUKA","BRAHVI",1759,885,874,NA,1728,870,858,NA,31,15,16,NA
"SINDH","LARKANA","LARKANA","DOKRI","TALUKA","HINDKO",50,28,22,NA,50,28,22,NA,NA,NA,NA,NA
"SINDH","LARKANA","LARKANA","DOKRI","TALUKA","KALASHA",NA,NA,NA,NA,NA,NA,NA,NA,NA,NA,NA,NA
"SINDH","LARKANA","LARKANA","DOKRI","TALUKA","KASHMIRI",1,1,NA,NA,1,1,NA,NA,NA,NA,NA,NA
"SINDH","LARKANA","LARKANA","DOKRI","TALUKA","KOHIOSTANI",NA,NA,NA,NA,NA,NA,NA,NA,NA,NA,NA,NA
"SINDH","LARKANA","LARKANA","DOKRI","TALUKA","MEWATI",76,37,39,NA,76,37,39,NA,NA,NA,NA,NA
"SINDH","LARKANA","LARKANA","DOKRI","TALUKA","OTHERS",34,19,15,NA,5,3,2,NA,29,16,13,NA
"SINDH","LARKANA","LARKANA","DOKRI","TALUKA","PUNJABI",20,6,14,NA,15,4,11,NA,5,2,3,NA
"SINDH","LARKANA","LARKANA","DOKRI","TALUKA","PUSHTO",167,75,92,NA,115,52,63,NA,52,23,29,NA
"SINDH","LARKANA","LARKANA","DOKRI","TALUKA","SARAIKI",5,3,2,NA,5,3,2,NA,NA,NA,NA,NA
"SINDH","LARKANA","LARKANA","DOKRI","TALUKA","SHINA",NA,NA,NA,NA,NA,NA,NA,NA,NA,NA,NA,NA
"SINDH","LARKANA","LARKANA","DOKRI","TALUKA","SINDHI",254976,123047,131924,5,184487,88965,95521,1,70489,34082,36403,4
"SINDH","LARKANA","LARKANA","DOKRI","TALUKA","TOTAL",257394,124243,133146,5,186513,89976,96536,1,70881,34267,36610,4
"SINDH","LARKANA","LARKANA","DOKRI","TALUKA","URDU",52,24,28,NA,28,13,15,NA,24,11,13,NA
"SINDH","SUKKUR","KHAIRPUR","FAIZ GANJ","TALUKA","BALOCHI",1629,840,789,NA,1588,819,769,NA,41,21,20,NA
"SINDH","SUKKUR","KHAIRPUR","FAIZ GANJ","TALUKA","BALTI",NA,NA,NA,NA,NA,NA,NA,NA,NA,NA,NA,NA
"SINDH","SUKKUR","KHAIRPUR","FAIZ GANJ","TALUKA","BRAHVI",103,53,50,NA,103,53,50,NA,NA,NA,NA,NA
"SINDH","SUKKUR","KHAIRPUR","FAIZ GANJ","TALUKA","HINDKO",477,234,243,NA,438,217,221,NA,39,17,22,NA
"SINDH","SUKKUR","KHAIRPUR","FAIZ GANJ","TALUKA","KALASHA",NA,NA,NA,NA,NA,NA,NA,NA,NA,NA,NA,NA
"SINDH","SUKKUR","KHAIRPUR","FAIZ GANJ","TALUKA","KASHMIRI",NA,NA,NA,NA,NA,NA,NA,NA,NA,NA,NA,NA
"SINDH","SUKKUR","KHAIRPUR","FAIZ GANJ","TALUKA","KOHIOSTANI",NA,NA,NA,NA,NA,NA,NA,NA,NA,NA,NA,NA
"SINDH","SUKKUR","KHAIRPUR","FAIZ GANJ","TALUKA","MEWATI",NA,NA,NA,NA,NA,NA,NA,NA,NA,NA,NA,NA
"SINDH","SUKKUR","KHAIRPUR","FAIZ GANJ","TALUKA","OTHERS",242,109,133,NA,222,98,124,NA,20,11,9,NA
"SINDH","SUKKUR","KHAIRPUR","FAIZ GANJ","TALUKA","PUNJABI",3864,1957,1907,NA,3424,1718,1706,NA,440,239,201,NA
"SINDH","SUKKUR","KHAIRPUR","FAIZ GANJ","TALUKA","PUSHTO",361,167,194,NA,320,147,173,NA,41,20,21,NA
"SINDH","SUKKUR","KHAIRPUR","FAIZ GANJ","TALUKA","SARAIKI",376,177,199,NA,371,174,197,NA,5,3,2,NA
"SINDH","SUKKUR","KHAIRPUR","FAIZ GANJ","TALUKA","SHINA",1,NA,1,NA,1,NA,1,NA,NA,NA,NA,NA
"SINDH","SUKKUR","KHAIRPUR","FAIZ GANJ","TALUKA","SINDHI",236063,117211,118845,7,188005,93360,94640,5,48058,23851,24205,2
"SINDH","SUKKUR","KHAIRPUR","FAIZ GANJ","TALUKA","TOTAL",243254,120821,122426,7,194539,96621,97913,5,48715,24200,24513,2
"SINDH","SUKKUR","KHAIRPUR","FAIZ GANJ","TALUKA","URDU",138,73,65,NA,67,35,32,NA,71,38,33,NA
"SINDH","KARACHI","KARACHI EAST","FEROZABAD","SUB-DIVISION","BALOCHI",7789,3454,4332,3,NA,NA,NA,NA,7789,3454,4332,3
"SINDH","KARACHI","KARACHI EAST","FEROZABAD","SUB-DIVISION","BALTI",9765,4275,5490,NA,NA,NA,NA,NA,9765,4275,5490,NA
"SINDH","KARACHI","KARACHI EAST","FEROZABAD","SUB-DIVISION","BRAHVI",396,176,220,NA,NA,NA,NA,NA,396,176,220,NA
"SINDH","KARACHI","KARACHI EAST","FEROZABAD","SUB-DIVISION","HINDKO",46921,21705,25214,2,NA,NA,NA,NA,46921,21705,25214,2
"SINDH","KARACHI","KARACHI EAST","FEROZABAD","SUB-DIVISION","KALASHA",46,19,27,NA,NA,NA,NA,NA,46,19,27,NA
"SINDH","KARACHI","KARACHI EAST","FEROZABAD","SUB-DIVISION","KASHMIRI",8035,3429,4604,2,NA,NA,NA,NA,8035,3429,4604,2
"SINDH","KARACHI","KARACHI EAST","FEROZABAD","SUB-DIVISION","KOHIOSTANI",480,205,275,NA,NA,NA,NA,NA,480,205,275,NA
"SINDH","KARACHI","KARACHI EAST","FEROZABAD","SUB-DIVISION","MEWATI",4266,1955,2311,NA,NA,NA,NA,NA,4266,1955,2311,NA
"SINDH","KARACHI","KARACHI EAST","FEROZABAD","SUB-DIVISION","OTHERS",36686,17415,19270,1,NA,NA,NA,NA,36686,17415,19270,1
"SINDH","KARACHI","KARACHI EAST","FEROZABAD","SUB-DIVISION","PUNJABI",212918,98677,114187,54,NA,NA,NA,NA,212918,98677,114187,54
"SINDH","KARACHI","KARACHI EAST","FEROZABAD","SUB-DIVISION","PUSHTO",76500,33025,43470,5,NA,NA,NA,NA,76500,33025,43470,5
"SINDH","KARACHI","KARACHI EAST","FEROZABAD","SUB-DIVISION","SARAIKI",57196,25717,31475,4,NA,NA,NA,NA,57196,25717,31475,4
"SINDH","KARACHI","KARACHI EAST","FEROZABAD","SUB-DIVISION","SHINA",1355,564,791,NA,NA,NA,NA,NA,1355,564,791,NA
"SINDH","KARACHI","KARACHI EAST","FEROZABAD","SUB-DIVISION","SINDHI",69702,30108,39574,20,NA,NA,NA,NA,69702,30108,39574,20
"SINDH","KARACHI","KARACHI EAST","FEROZABAD","SUB-DIVISION","TOTAL",1165794,538647,626963,184,NA,NA,NA,NA,1165794,538647,626963,184
"SINDH","KARACHI","KARACHI EAST","FEROZABAD","SUB-DIVISION","URDU",633739,297923,335723,93,NA,NA,NA,NA,633739,297923,335723,93
"SINDH","KARACHI","MALIR","GADAP","SUB-DIVISION","BALOCHI",17472,8451,9020,1,17472,8451,9020,1,NA,NA,NA,NA
"SINDH","KARACHI","MALIR","GADAP","SUB-DIVISION","BALTI",8,4,4,NA,8,4,4,NA,NA,NA,NA,NA
"SINDH","KARACHI","MALIR","GADAP","SUB-DIVISION","BRAHVI",2651,1266,1385,NA,2651,1266,1385,NA,NA,NA,NA,NA
"SINDH","KARACHI","MALIR","GADAP","SUB-DIVISION","HINDKO",541,251,290,NA,541,251,290,NA,NA,NA,NA,NA
"SINDH","KARACHI","MALIR","GADAP","SUB-DIVISION","KALASHA",NA,NA,NA,NA,NA,NA,NA,NA,NA,NA,NA,NA
"SINDH","KARACHI","MALIR","GADAP","SUB-DIVISION","KASHMIRI",56,29,27,NA,56,29,27,NA,NA,NA,NA,NA
"SINDH","KARACHI","MALIR","GADAP","SUB-DIVISION","KOHIOSTANI",26,5,21,NA,26,5,21,NA,NA,NA,NA,NA
"SINDH","KARACHI","MALIR","GADAP","SUB-DIVISION","MEWATI",35,19,16,NA,35,19,16,NA,NA,NA,NA,NA
"SINDH","KARACHI","MALIR","GADAP","SUB-DIVISION","OTHERS",1526,725,801,NA,1526,725,801,NA,NA,NA,NA,NA
"SINDH","KARACHI","MALIR","GADAP","SUB-DIVISION","PUNJABI",3777,1715,2062,NA,3777,1715,2062,NA,NA,NA,NA,NA
"SINDH","KARACHI","MALIR","GADAP","SUB-DIVISION","PUSHTO",1039,444,595,NA,1039,444,595,NA,NA,NA,NA,NA
"SINDH","KARACHI","MALIR","GADAP","SUB-DIVISION","SARAIKI",1089,353,736,NA,1089,353,736,NA,NA,NA,NA,NA
"SINDH","KARACHI","MALIR","GADAP","SUB-DIVISION","SHINA",15,7,8,NA,15,7,8,NA,NA,NA,NA,NA
"SINDH","KARACHI","MALIR","GADAP","SUB-DIVISION","SINDHI",61006,29231,31773,2,61006,29231,31773,2,NA,NA,NA,NA
"SINDH","KARACHI","MALIR","GADAP","SUB-DIVISION","TOTAL",100200,47943,52254,3,100200,47943,52254,3,NA,NA,NA,NA
"SINDH","KARACHI","MALIR","GADAP","SUB-DIVISION","URDU",10959,5443,5516,NA,10959,5443,5516,NA,NA,NA,NA,NA
"SINDH","SUKKUR","KHAIRPUR","GAMBAT","TALUKA","BALOCHI",209,101,108,NA,101,52,49,NA,108,49,59,NA
"SINDH","SUKKUR","KHAIRPUR","GAMBAT","TALUKA","BALTI",NA,NA,NA,NA,NA,NA,NA,NA,NA,NA,NA,NA
"SINDH","SUKKUR","KHAIRPUR","GAMBAT","TALUKA","BRAHVI",7,2,5,NA,NA,NA,NA,NA,7,2,5,NA
"SINDH","SUKKUR","KHAIRPUR","GAMBAT","TALUKA","HINDKO",604,324,280,NA,538,290,248,NA,66,34,32,NA
"SINDH","SUKKUR","KHAIRPUR","GAMBAT","TALUKA","KALASHA",NA,NA,NA,NA,NA,NA,NA,NA,NA,NA,NA,NA
"SINDH","SUKKUR","KHAIRPUR","GAMBAT","TALUKA","KASHMIRI",1,NA,1,NA,NA,NA,NA,NA,1,NA,1,NA
"SINDH","SUKKUR","KHAIRPUR","GAMBAT","TALUKA","KOHIOSTANI",NA,NA,NA,NA,NA,NA,NA,NA,NA,NA,NA,NA
"SINDH","SUKKUR","KHAIRPUR","GAMBAT","TALUKA","MEWATI",NA,NA,NA,NA,NA,NA,NA,NA,NA,NA,NA,NA
"SINDH","SUKKUR","KHAIRPUR","GAMBAT","TALUKA","OTHERS",57,26,31,NA,10,5,5,NA,47,21,26,NA
"SINDH","SUKKUR","KHAIRPUR","GAMBAT","TALUKA","PUNJABI",1521,793,723,5,635,352,283,NA,886,441,440,5
"SINDH","SUKKUR","KHAIRPUR","GAMBAT","TALUKA","PUSHTO",284,141,141,2,142,77,65,NA,142,64,76,2
"SINDH","SUKKUR","KHAIRPUR","GAMBAT","TALUKA","SARAIKI",460,221,239,NA,264,127,137,NA,196,94,102,NA
"SINDH","SUKKUR","KHAIRPUR","GAMBAT","TALUKA","SHINA",1,1,NA,NA,1,1,NA,NA,NA,NA,NA,NA
"SINDH","SUKKUR","KHAIRPUR","GAMBAT","TALUKA","SINDHI",282861,139804,143035,22,180072,88677,91392,3,102789,51127,51643,19
"SINDH","SUKKUR","KHAIRPUR","GAMBAT","TALUKA","TOTAL",286128,141482,144616,30,181776,89587,92186,3,104352,51895,52430,27
"SINDH","SUKKUR","KHAIRPUR","GAMBAT","TALUKA","URDU",123,69,53,1,13,6,7,NA,110,63,46,1
"SINDH","KARACHI","KARACHI SOUTH","GARDEN","SUB-DIVISION","BALOCHI",9241,4488,4753,NA,NA,NA,NA,NA,9241,4488,4753,NA
"SINDH","KARACHI","KARACHI SOUTH","GARDEN","SUB-DIVISION","BALTI",19,9,10,NA,NA,NA,NA,NA,19,9,10,NA
"SINDH","KARACHI","KARACHI SOUTH","GARDEN","SUB-DIVISION","BRAHVI",313,143,170,NA,NA,NA,NA,NA,313,143,170,NA
"SINDH","KARACHI","KARACHI SOUTH","GARDEN","SUB-DIVISION","HINDKO",7329,3417,3912,NA,NA,NA,NA,NA,7329,3417,3912,NA
"SINDH","KARACHI","KARACHI SOUTH","GARDEN","SUB-DIVISION","KALASHA",1,1,NA,NA,NA,NA,NA,NA,1,1,NA,NA
"SINDH","KARACHI","KARACHI SOUTH","GARDEN","SUB-DIVISION","KASHMIRI",362,159,203,NA,NA,NA,NA,NA,362,159,203,NA
"SINDH","KARACHI","KARACHI SOUTH","GARDEN","SUB-DIVISION","KOHIOSTANI",54,9,45,NA,NA,NA,NA,NA,54,9,45,NA
"SINDH","KARACHI","KARACHI SOUTH","GARDEN","SUB-DIVISION","MEWATI",560,255,305,NA,NA,NA,NA,NA,560,255,305,NA
"SINDH","KARACHI","KARACHI SOUTH","GARDEN","SUB-DIVISION","OTHERS",94901,46170,48728,3,NA,NA,NA,NA,94901,46170,48728,3
"SINDH","KARACHI","KARACHI SOUTH","GARDEN","SUB-DIVISION","PUNJABI",24391,11511,12877,3,NA,NA,NA,NA,24391,11511,12877,3
"SINDH","KARACHI","KARACHI SOUTH","GARDEN","SUB-DIVISION","PUSHTO",23278,9725,13553,NA,NA,NA,NA,NA,23278,9725,13553,NA
"SINDH","KARACHI","KARACHI SOUTH","GARDEN","SUB-DIVISION","SARAIKI",4322,1747,2572,3,NA,NA,NA,NA,4322,1747,2572,3
"SINDH","KARACHI","KARACHI SOUTH","GARDEN","SUB-DIVISION","SHINA",27,9,18,NA,NA,NA,NA,NA,27,9,18,NA
"SINDH","KARACHI","KARACHI SOUTH","GARDEN","SUB-DIVISION","SINDHI",23775,10902,12871,2,NA,NA,NA,NA,23775,10902,12871,2
"SINDH","KARACHI","KARACHI SOUTH","GARDEN","SUB-DIVISION","TOTAL",502819,239546,263232,41,NA,NA,NA,NA,502819,239546,263232,41
"SINDH","KARACHI","KARACHI SOUTH","GARDEN","SUB-DIVISION","URDU",314246,151001,163215,30,NA,NA,NA,NA,314246,151001,163215,30
"SINDH","LARKANA","JACOBABAD","GARHI KHAIRO","TALUKA","BALOCHI",17544,8722,8822,NA,17448,8666,8782,NA,96,56,40,NA
"SINDH","LARKANA","JACOBABAD","GARHI KHAIRO","TALUKA","BALTI",NA,NA,NA,NA,NA,NA,NA,NA,NA,NA,NA,NA
"SINDH","LARKANA","JACOBABAD","GARHI KHAIRO","TALUKA","BRAHVI",13538,6832,6706,NA,13228,6678,6550,NA,310,154,156,NA
"SINDH","LARKANA","JACOBABAD","GARHI KHAIRO","TALUKA","HINDKO",2,2,NA,NA,2,2,NA,NA,NA,NA,NA,NA
"SINDH","LARKANA","JACOBABAD","GARHI KHAIRO","TALUKA","KALASHA",NA,NA,NA,NA,NA,NA,NA,NA,NA,NA,NA,NA
"SINDH","LARKANA","JACOBABAD","GARHI KHAIRO","TALUKA","KASHMIRI",8,5,3,NA,8,5,3,NA,NA,NA,NA,NA
"SINDH","LARKANA","JACOBABAD","GARHI KHAIRO","TALUKA","KOHIOSTANI",NA,NA,NA,NA,NA,NA,NA,NA,NA,NA,NA,NA
"SINDH","LARKANA","JACOBABAD","GARHI KHAIRO","TALUKA","MEWATI",NA,NA,NA,NA,NA,NA,NA,NA,NA,NA,NA,NA
"SINDH","LARKANA","JACOBABAD","GARHI KHAIRO","TALUKA","OTHERS",6,5,1,NA,5,4,1,NA,1,1,NA,NA
"SINDH","LARKANA","JACOBABAD","GARHI KHAIRO","TALUKA","PUNJABI",11,4,7,NA,11,4,7,NA,NA,NA,NA,NA
"SINDH","LARKANA","JACOBABAD","GARHI KHAIRO","TALUKA","PUSHTO",148,76,72,NA,123,63,60,NA,25,13,12,NA
"SINDH","LARKANA","JACOBABAD","GARHI KHAIRO","TALUKA","SARAIKI",123,67,56,NA,117,64,53,NA,6,3,3,NA
"SINDH","LARKANA","JACOBABAD","GARHI KHAIRO","TALUKA","SHINA",1,1,NA,NA,1,1,NA,NA,NA,NA,NA,NA
"SINDH","LARKANA","JACOBABAD","GARHI KHAIRO","TALUKA","SINDHI",161853,80421,81404,28,142298,70839,71456,3,19555,9582,9948,25
"SINDH","LARKANA","JACOBABAD","GARHI KHAIRO","TALUKA","TOTAL",193297,96167,97102,28,173290,86350,86937,3,20007,9817,10165,25
"SINDH","LARKANA","JACOBABAD","GARHI KHAIRO","TALUKA","URDU",63,32,31,NA,49,24,25,NA,14,8,6,NA
"SINDH","LARKANA","SHIKARPUR","GARHI YASIN","TALUKA","BALOCHI",2295,1137,1158,NA,2247,1109,1138,NA,48,28,20,NA
"SINDH","LARKANA","SHIKARPUR","GARHI YASIN","TALUKA","BALTI",NA,NA,NA,NA,NA,NA,NA,NA,NA,NA,NA,NA
"SINDH","LARKANA","SHIKARPUR","GARHI YASIN","TALUKA","BRAHVI",5649,2826,2823,NA,5069,2515,2554,NA,580,311,269,NA
"SINDH","LARKANA","SHIKARPUR","GARHI YASIN","TALUKA","HINDKO",222,111,111,NA,221,110,111,NA,1,1,NA,NA
"SINDH","LARKANA","SHIKARPUR","GARHI YASIN","TALUKA","KALASHA",NA,NA,NA,NA,NA,NA,NA,NA,NA,NA,NA,NA
"SINDH","LARKANA","SHIKARPUR","GARHI YASIN","TALUKA","KASHMIRI",5,1,4,NA,5,1,4,NA,NA,NA,NA,NA
"SINDH","LARKANA","SHIKARPUR","GARHI YASIN","TALUKA","KOHIOSTANI",NA,NA,NA,NA,NA,NA,NA,NA,NA,NA,NA,NA
"SINDH","LARKANA","SHIKARPUR","GARHI YASIN","TALUKA","MEWATI",89,47,42,NA,89,47,42,NA,NA,NA,NA,NA
"SINDH","LARKANA","SHIKARPUR","GARHI YASIN","TALUKA","OTHERS",38,22,16,NA,38,22,16,NA,NA,NA,NA,NA
"SINDH","LARKANA","SHIKARPUR","GARHI YASIN","TALUKA","PUNJABI",52,33,19,NA,48,30,18,NA,4,3,1,NA
"SINDH","LARKANA","SHIKARPUR","GARHI YASIN","TALUKA","PUSHTO",296,162,134,NA,254,138,116,NA,42,24,18,NA
"SINDH","LARKANA","SHIKARPUR","GARHI YASIN","TALUKA","SARAIKI",726,367,359,NA,712,362,350,NA,14,5,9,NA
"SINDH","LARKANA","SHIKARPUR","GARHI YASIN","TALUKA","SHINA",NA,NA,NA,NA,NA,NA,NA,NA,NA,NA,NA,NA
"SINDH","LARKANA","SHIKARPUR","GARHI YASIN","TALUKA","SINDHI",323744,162266,161468,10,287884,144059,143817,8,35860,18207,17651,2
"SINDH","LARKANA","SHIKARPUR","GARHI YASIN","TALUKA","TOTAL",333289,167059,166220,10,296604,148412,148184,8,36685,18647,18036,2
"SINDH","LARKANA","SHIKARPUR","GARHI YASIN","TALUKA","URDU",173,87,86,NA,37,19,18,NA,136,68,68,NA
"SINDH","HYDERABAD","THATTA","GHORABARI","TALUKA","BALOCHI",4253,1931,2322,NA,4253,1931,2322,NA,NA,NA,NA,NA
"SINDH","HYDERABAD","THATTA","GHORABARI","TALUKA","BALTI",NA,NA,NA,NA,NA,NA,NA,NA,NA,NA,NA,NA
"SINDH","HYDERABAD","THATTA","GHORABARI","TALUKA","BRAHVI",115,50,65,NA,115,50,65,NA,NA,NA,NA,NA
"SINDH","HYDERABAD","THATTA","GHORABARI","TALUKA","HINDKO",226,111,115,NA,226,111,115,NA,NA,NA,NA,NA
"SINDH","HYDERABAD","THATTA","GHORABARI","TALUKA","KALASHA",NA,NA,NA,NA,NA,NA,NA,NA,NA,NA,NA,NA
"SINDH","HYDERABAD","THATTA","GHORABARI","TALUKA","KASHMIRI",1,1,NA,NA,1,1,NA,NA,NA,NA,NA,NA
"SINDH","HYDERABAD","THATTA","GHORABARI","TALUKA","KOHIOSTANI",NA,NA,NA,NA,NA,NA,NA,NA,NA,NA,NA,NA
"SINDH","HYDERABAD","THATTA","GHORABARI","TALUKA","MEWATI",NA,NA,NA,NA,NA,NA,NA,NA,NA,NA,NA,NA
"SINDH","HYDERABAD","THATTA","GHORABARI","TALUKA","OTHERS",4,3,1,NA,4,3,1,NA,NA,NA,NA,NA
"SINDH","HYDERABAD","THATTA","GHORABARI","TALUKA","PUNJABI",915,447,468,NA,908,446,462,NA,7,1,6,NA
"SINDH","HYDERABAD","THATTA","GHORABARI","TALUKA","PUSHTO",388,199,189,NA,353,180,173,NA,35,19,16,NA
"SINDH","HYDERABAD","THATTA","GHORABARI","TALUKA","SARAIKI",45,10,35,NA,42,10,32,NA,3,NA,3,NA
"SINDH","HYDERABAD","THATTA","GHORABARI","TALUKA","SHINA",NA,NA,NA,NA,NA,NA,NA,NA,NA,NA,NA,NA
"SINDH","HYDERABAD","THATTA","GHORABARI","TALUKA","SINDHI",192919,94044,98873,2,157827,76918,80907,2,35092,17126,17966,NA
"SINDH","HYDERABAD","THATTA","GHORABARI","TALUKA","TOTAL",198920,96827,102091,2,163775,79676,84097,2,35145,17151,17994,NA
"SINDH","HYDERABAD","THATTA","GHORABARI","TALUKA","URDU",54,31,23,NA,46,26,20,NA,8,5,3,NA
"SINDH","SUKKUR","GHOTKI","GHOTKI","TALUKA","BALOCHI",642,301,341,NA,229,120,109,NA,413,181,232,NA
"SINDH","SUKKUR","GHOTKI","GHOTKI","TALUKA","BALTI",NA,NA,NA,NA,NA,NA,NA,NA,NA,NA,NA,NA
"SINDH","SUKKUR","GHOTKI","GHOTKI","TALUKA","BRAHVI",200,100,100,NA,198,99,99,NA,2,1,1,NA
"SINDH","SUKKUR","GHOTKI","GHOTKI","TALUKA","HINDKO",1038,502,536,NA,547,261,286,NA,491,241,250,NA
"SINDH","SUKKUR","GHOTKI","GHOTKI","TALUKA","KALASHA",NA,NA,NA,NA,NA,NA,NA,NA,NA,NA,NA,NA
"SINDH","SUKKUR","GHOTKI","GHOTKI","TALUKA","KASHMIRI",NA,NA,NA,NA,NA,NA,NA,NA,NA,NA,NA,NA
"SINDH","SUKKUR","GHOTKI","GHOTKI","TALUKA","KOHIOSTANI",NA,NA,NA,NA,NA,NA,NA,NA,NA,NA,NA,NA
"SINDH","SUKKUR","GHOTKI","GHOTKI","TALUKA","MEWATI",49,17,32,NA,NA,NA,NA,NA,49,17,32,NA
"SINDH","SUKKUR","GHOTKI","GHOTKI","TALUKA","OTHERS",387,178,209,NA,262,115,147,NA,125,63,62,NA
"SINDH","SUKKUR","GHOTKI","GHOTKI","TALUKA","PUNJABI",3614,1774,1840,NA,1666,814,852,NA,1948,960,988,NA
"SINDH","SUKKUR","GHOTKI","GHOTKI","TALUKA","PUSHTO",1218,585,633,NA,935,447,488,NA,283,138,145,NA
"SINDH","SUKKUR","GHOTKI","GHOTKI","TALUKA","SARAIKI",1641,833,808,NA,734,385,349,NA,907,448,459,NA
"SINDH","SUKKUR","GHOTKI","GHOTKI","TALUKA","SHINA",NA,NA,NA,NA,NA,NA,NA,NA,NA,NA,NA,NA
"SINDH","SUKKUR","GHOTKI","GHOTKI","TALUKA","SINDHI",518811,249206,269591,14,401275,192664,208606,5,117536,56542,60985,9
"SINDH","SUKKUR","GHOTKI","GHOTKI","TALUKA","TOTAL",540939,260025,280899,15,410014,196973,213036,5,130925,63052,67863,10
"SINDH","SUKKUR","GHOTKI","GHOTKI","TALUKA","URDU",13339,6529,6809,1,4168,2068,2100,NA,9171,4461,4709,1
"SINDH","HYDERABAD","BADIN","GOLARCHI (S.F.RAHU)","TALUKA","BALOCHI",1453,695,758,NA,1277,601,676,NA,176,94,82,NA
"SINDH","HYDERABAD","BADIN","GOLARCHI (S.F.RAHU)","TALUKA","BALTI",NA,NA,NA,NA,NA,NA,NA,NA,NA,NA,NA,NA
"SINDH","HYDERABAD","BADIN","GOLARCHI (S.F.RAHU)","TALUKA","BRAHVI",227,114,113,NA,165,84,81,NA,62,30,32,NA
"SINDH","HYDERABAD","BADIN","GOLARCHI (S.F.RAHU)","TALUKA","HINDKO",1778,875,903,NA,1552,758,794,NA,226,117,109,NA
"SINDH","HYDERABAD","BADIN","GOLARCHI (S.F.RAHU)","TALUKA","KALASHA",NA,NA,NA,NA,NA,NA,NA,NA,NA,NA,NA,NA
"SINDH","HYDERABAD","BADIN","GOLARCHI (S.F.RAHU)","TALUKA","KASHMIRI",NA,NA,NA,NA,NA,NA,NA,NA,NA,NA,NA,NA
"SINDH","HYDERABAD","BADIN","GOLARCHI (S.F.RAHU)","TALUKA","KOHIOSTANI",1,NA,1,NA,NA,NA,NA,NA,1,NA,1,NA
"SINDH","HYDERABAD","BADIN","GOLARCHI (S.F.RAHU)","TALUKA","MEWATI",NA,NA,NA,NA,NA,NA,NA,NA,NA,NA,NA,NA
"SINDH","HYDERABAD","BADIN","GOLARCHI (S.F.RAHU)","TALUKA","OTHERS",2292,1075,1217,NA,2264,1058,1206,NA,28,17,11,NA
"SINDH","HYDERABAD","BADIN","GOLARCHI (S.F.RAHU)","TALUKA","PUNJABI",21451,10188,11263,NA,13838,6529,7309,NA,7613,3659,3954,NA
"SINDH","HYDERABAD","BADIN","GOLARCHI (S.F.RAHU)","TALUKA","PUSHTO",2565,1214,1351,NA,915,432,483,NA,1650,782,868,NA
"SINDH","HYDERABAD","BADIN","GOLARCHI (S.F.RAHU)","TALUKA","SARAIKI",1294,600,694,NA,922,444,478,NA,372,156,216,NA
"SINDH","HYDERABAD","BADIN","GOLARCHI (S.F.RAHU)","TALUKA","SHINA",NA,NA,NA,NA,NA,NA,NA,NA,NA,NA,NA,NA
"SINDH","HYDERABAD","BADIN","GOLARCHI (S.F.RAHU)","TALUKA","SINDHI",342252,163362,178888,2,296205,141417,154787,1,46047,21945,24101,1
"SINDH","HYDERABAD","BADIN","GOLARCHI (S.F.RAHU)","TALUKA","TOTAL",374854,178865,195987,2,317766,151625,166140,1,57088,27240,29847,1
"SINDH","HYDERABAD","BADIN","GOLARCHI (S.F.RAHU)","TALUKA","URDU",1541,742,799,NA,628,302,326,NA,913,440,473,NA
"SINDH","KARACHI","KARACHI CENTRAL","GULBERG","SUB-DIVISION","BALOCHI",3765,1598,2167,NA,NA,NA,NA,NA,3765,1598,2167,NA
"SINDH","KARACHI","KARACHI CENTRAL","GULBERG","SUB-DIVISION","BALTI",168,65,103,NA,NA,NA,NA,NA,168,65,103,NA
"SINDH","KARACHI","KARACHI CENTRAL","GULBERG","SUB-DIVISION","BRAHVI",79,32,47,NA,NA,NA,NA,NA,79,32,47,NA
"SINDH","KARACHI","KARACHI CENTRAL","GULBERG","SUB-DIVISION","HINDKO",3054,1281,1771,2,NA,NA,NA,NA,3054,1281,1771,2
"SINDH","KARACHI","KARACHI CENTRAL","GULBERG","SUB-DIVISION","KALASHA",20,9,10,1,NA,NA,NA,NA,20,9,10,1
"SINDH","KARACHI","KARACHI CENTRAL","GULBERG","SUB-DIVISION","KASHMIRI",622,190,432,NA,NA,NA,NA,NA,622,190,432,NA
"SINDH","KARACHI","KARACHI CENTRAL","GULBERG","SUB-DIVISION","KOHIOSTANI",75,25,50,NA,NA,NA,NA,NA,75,25,50,NA
"SINDH","KARACHI","KARACHI CENTRAL","GULBERG","SUB-DIVISION","MEWATI",260,113,147,NA,NA,NA,NA,NA,260,113,147,NA
"SINDH","KARACHI","KARACHI CENTRAL","GULBERG","SUB-DIVISION","OTHERS",26104,12563,13540,1,NA,NA,NA,NA,26104,12563,13540,1
"SINDH","KARACHI","KARACHI CENTRAL","GULBERG","SUB-DIVISION","PUNJABI",21243,9471,11763,9,NA,NA,NA,NA,21243,9471,11763,9
"SINDH","KARACHI","KARACHI CENTRAL","GULBERG","SUB-DIVISION","PUSHTO",26576,9574,17000,2,NA,NA,NA,NA,26576,9574,17000,2
"SINDH","KARACHI","KARACHI CENTRAL","GULBERG","SUB-DIVISION","SARAIKI",15542,6525,9008,9,NA,NA,NA,NA,15542,6525,9008,9
"SINDH","KARACHI","KARACHI CENTRAL","GULBERG","SUB-DIVISION","SHINA",904,407,497,NA,NA,NA,NA,NA,904,407,497,NA
"SINDH","KARACHI","KARACHI CENTRAL","GULBERG","SUB-DIVISION","SINDHI",13310,4540,8764,6,NA,NA,NA,NA,13310,4540,8764,6
"SINDH","KARACHI","KARACHI CENTRAL","GULBERG","SUB-DIVISION","TOTAL",613724,285684,327979,61,NA,NA,NA,NA,613724,285684,327979,61
"SINDH","KARACHI","KARACHI CENTRAL","GULBERG","SUB-DIVISION","URDU",502002,239291,262680,31,NA,NA,NA,NA,502002,239291,262680,31
"SINDH","KARACHI","KARACHI EAST","GULSHAN-E-IQBAL","SUB-DIVISION","BALOCHI",24172,11548,12624,NA,NA,NA,NA,NA,24172,11548,12624,NA
"SINDH","KARACHI","KARACHI EAST","GULSHAN-E-IQBAL","SUB-DIVISION","BALTI",1215,509,706,NA,NA,NA,NA,NA,1215,509,706,NA
"SINDH","KARACHI","KARACHI EAST","GULSHAN-E-IQBAL","SUB-DIVISION","BRAHVI",777,350,427,NA,NA,NA,NA,NA,777,350,427,NA
"SINDH","KARACHI","KARACHI EAST","GULSHAN-E-IQBAL","SUB-DIVISION","HINDKO",13421,6392,7027,2,NA,NA,NA,NA,13421,6392,7027,2
"SINDH","KARACHI","KARACHI EAST","GULSHAN-E-IQBAL","SUB-DIVISION","KALASHA",46,21,25,NA,NA,NA,NA,NA,46,21,25,NA
"SINDH","KARACHI","KARACHI EAST","GULSHAN-E-IQBAL","SUB-DIVISION","KASHMIRI",2217,973,1240,4,NA,NA,NA,NA,2217,973,1240,4
"SINDH","KARACHI","KARACHI EAST","GULSHAN-E-IQBAL","SUB-DIVISION","KOHIOSTANI",496,207,289,NA,NA,NA,NA,NA,496,207,289,NA
"SINDH","KARACHI","KARACHI EAST","GULSHAN-E-IQBAL","SUB-DIVISION","MEWATI",1291,624,667,NA,NA,NA,NA,NA,1291,624,667,NA
"SINDH","KARACHI","KARACHI EAST","GULSHAN-E-IQBAL","SUB-DIVISION","OTHERS",26557,12549,14008,NA,NA,NA,NA,NA,26557,12549,14008,NA
"SINDH","KARACHI","KARACHI EAST","GULSHAN-E-IQBAL","SUB-DIVISION","PUNJABI",86116,40660,45427,29,NA,NA,NA,NA,86116,40660,45427,29
"SINDH","KARACHI","KARACHI EAST","GULSHAN-E-IQBAL","SUB-DIVISION","PUSHTO",50465,22431,28033,1,NA,NA,NA,NA,50465,22431,28033,1
"SINDH","KARACHI","KARACHI EAST","GULSHAN-E-IQBAL","SUB-DIVISION","SARAIKI",77423,35693,41708,22,NA,NA,NA,NA,77423,35693,41708,22
"SINDH","KARACHI","KARACHI EAST","GULSHAN-E-IQBAL","SUB-DIVISION","SHINA",2023,874,1149,NA,NA,NA,NA,NA,2023,874,1149,NA
"SINDH","KARACHI","KARACHI EAST","GULSHAN-E-IQBAL","SUB-DIVISION","SINDHI",97745,45105,52628,12,NA,NA,NA,NA,97745,45105,52628,12
"SINDH","KARACHI","KARACHI EAST","GULSHAN-E-IQBAL","SUB-DIVISION","TOTAL",973314,467387,505800,127,NA,NA,NA,NA,973314,467387,505800,127
"SINDH","KARACHI","KARACHI EAST","GULSHAN-E-IQBAL","SUB-DIVISION","URDU",589350,289451,299842,57,NA,NA,NA,NA,589350,289451,299842,57
"SINDH","KARACHI","KARACHI EAST","GULZAR-E-HIJRI","SUB-DIVISION","BALOCHI",25360,11621,13735,4,NA,NA,NA,NA,25360,11621,13735,4
"SINDH","KARACHI","KARACHI EAST","GULZAR-E-HIJRI","SUB-DIVISION","BALTI",666,287,379,NA,NA,NA,NA,NA,666,287,379,NA
"SINDH","KARACHI","KARACHI EAST","GULZAR-E-HIJRI","SUB-DIVISION","BRAHVI",3311,1524,1787,NA,NA,NA,NA,NA,3311,1524,1787,NA
"SINDH","KARACHI","KARACHI EAST","GULZAR-E-HIJRI","SUB-DIVISION","HINDKO",11485,5372,6113,NA,NA,NA,NA,NA,11485,5372,6113,NA
"SINDH","KARACHI","KARACHI EAST","GULZAR-E-HIJRI","SUB-DIVISION","KALASHA",25,13,12,NA,NA,NA,NA,NA,25,13,12,NA
"SINDH","KARACHI","KARACHI EAST","GULZAR-E-HIJRI","SUB-DIVISION","KASHMIRI",2645,1144,1501,NA,NA,NA,NA,NA,2645,1144,1501,NA
"SINDH","KARACHI","KARACHI EAST","GULZAR-E-HIJRI","SUB-DIVISION","KOHIOSTANI",931,433,498,NA,NA,NA,NA,NA,931,433,498,NA
"SINDH","KARACHI","KARACHI EAST","GULZAR-E-HIJRI","SUB-DIVISION","MEWATI",634,269,365,NA,NA,NA,NA,NA,634,269,365,NA
"SINDH","KARACHI","KARACHI EAST","GULZAR-E-HIJRI","SUB-DIVISION","OTHERS",59932,28013,31917,2,NA,NA,NA,NA,59932,28013,31917,2
"SINDH","KARACHI","KARACHI EAST","GULZAR-E-HIJRI","SUB-DIVISION","PUNJABI",63666,29476,34175,15,NA,NA,NA,NA,63666,29476,34175,15
"SINDH","KARACHI","KARACHI EAST","GULZAR-E-HIJRI","SUB-DIVISION","PUSHTO",271462,121256,150201,5,NA,NA,NA,NA,271462,121256,150201,5
"SINDH","KARACHI","KARACHI EAST","GULZAR-E-HIJRI","SUB-DIVISION","SARAIKI",82585,38087,44486,12,NA,NA,NA,NA,82585,38087,44486,12
"SINDH","KARACHI","KARACHI EAST","GULZAR-E-HIJRI","SUB-DIVISION","SHINA",1722,777,945,NA,NA,NA,NA,NA,1722,777,945,NA
"SINDH","KARACHI","KARACHI EAST","GULZAR-E-HIJRI","SUB-DIVISION","SINDHI",286889,131725,155135,29,NA,NA,NA,NA,286889,131725,155135,29
"SINDH","KARACHI","KARACHI EAST","GULZAR-E-HIJRI","SUB-DIVISION","TOTAL",1118534,517052,601404,78,NA,NA,NA,NA,1118534,517052,601404,78
"SINDH","KARACHI","KARACHI EAST","GULZAR-E-HIJRI","SUB-DIVISION","URDU",307221,147055,160155,11,NA,NA,NA,NA,307221,147055,160155,11
"SINDH","HYDERABAD","MATIARI","HALA","TALUKA","BALOCHI",6581,3305,3276,NA,4687,2338,2349,NA,1894,967,927,NA
"SINDH","HYDERABAD","MATIARI","HALA","TALUKA","BALTI",NA,NA,NA,NA,NA,NA,NA,NA,NA,NA,NA,NA
"SINDH","HYDERABAD","MATIARI","HALA","TALUKA","BRAHVI",102,53,49,NA,NA,NA,NA,NA,102,53,49,NA
"SINDH","HYDERABAD","MATIARI","HALA","TALUKA","HINDKO",4695,2310,2385,NA,2261,1091,1170,NA,2434,1219,1215,NA
"SINDH","HYDERABAD","MATIARI","HALA","TALUKA","KALASHA",NA,NA,NA,NA,NA,NA,NA,NA,NA,NA,NA,NA
"SINDH","HYDERABAD","MATIARI","HALA","TALUKA","KASHMIRI",6,1,5,NA,1,NA,1,NA,5,1,4,NA
"SINDH","HYDERABAD","MATIARI","HALA","TALUKA","KOHIOSTANI",NA,NA,NA,NA,NA,NA,NA,NA,NA,NA,NA,NA
"SINDH","HYDERABAD","MATIARI","HALA","TALUKA","MEWATI",1,NA,1,NA,1,NA,1,NA,NA,NA,NA,NA
"SINDH","HYDERABAD","MATIARI","HALA","TALUKA","OTHERS",957,487,470,NA,693,356,337,NA,264,131,133,NA
"SINDH","HYDERABAD","MATIARI","HALA","TALUKA","PUNJABI",2136,1056,1080,NA,142,65,77,NA,1994,991,1003,NA
"SINDH","HYDERABAD","MATIARI","HALA","TALUKA","PUSHTO",1974,980,994,NA,615,312,303,NA,1359,668,691,NA
"SINDH","HYDERABAD","MATIARI","HALA","TALUKA","SARAIKI",647,306,341,NA,272,144,128,NA,375,162,213,NA
"SINDH","HYDERABAD","MATIARI","HALA","TALUKA","SHINA",NA,NA,NA,NA,NA,NA,NA,NA,NA,NA,NA,NA
"SINDH","HYDERABAD","MATIARI","HALA","TALUKA","SINDHI",256348,127237,129100,11,146451,72651,73798,2,109897,54586,55302,9
"SINDH","HYDERABAD","MATIARI","HALA","TALUKA","TOTAL",286155,142150,143991,14,155724,77252,78470,2,130431,64898,65521,12
"SINDH","HYDERABAD","MATIARI","HALA","TALUKA","URDU",12708,6415,6290,3,601,295,306,NA,12107,6120,5984,3
"SINDH","MIRPUR KHAS","MIRPUR KHAS","HUSSAIN BUX MARI","TALUKA","BALOCHI",6360,3007,3353,NA,6360,3007,3353,NA,NA,NA,NA,NA
"SINDH","MIRPUR KHAS","MIRPUR KHAS","HUSSAIN BUX MARI","TALUKA","BALTI",NA,NA,NA,NA,NA,NA,NA,NA,NA,NA,NA,NA
"SINDH","MIRPUR KHAS","MIRPUR KHAS","HUSSAIN BUX MARI","TALUKA","BRAHVI",1668,792,876,NA,1668,792,876,NA,NA,NA,NA,NA
"SINDH","MIRPUR KHAS","MIRPUR KHAS","HUSSAIN BUX MARI","TALUKA","HINDKO",192,94,98,NA,192,94,98,NA,NA,NA,NA,NA
"SINDH","MIRPUR KHAS","MIRPUR KHAS","HUSSAIN BUX MARI","TALUKA","KALASHA",NA,NA,NA,NA,NA,NA,NA,NA,NA,NA,NA,NA
"SINDH","MIRPUR KHAS","MIRPUR KHAS","HUSSAIN BUX MARI","TALUKA","KASHMIRI",NA,NA,NA,NA,NA,NA,NA,NA,NA,NA,NA,NA
"SINDH","MIRPUR KHAS","MIRPUR KHAS","HUSSAIN BUX MARI","TALUKA","KOHIOSTANI",NA,NA,NA,NA,NA,NA,NA,NA,NA,NA,NA,NA
"SINDH","MIRPUR KHAS","MIRPUR KHAS","HUSSAIN BUX MARI","TALUKA","MEWATI",4,1,3,NA,4,1,3,NA,NA,NA,NA,NA
"SINDH","MIRPUR KHAS","MIRPUR KHAS","HUSSAIN BUX MARI","TALUKA","OTHERS",2247,1025,1222,NA,2247,1025,1222,NA,NA,NA,NA,NA
"SINDH","MIRPUR KHAS","MIRPUR KHAS","HUSSAIN BUX MARI","TALUKA","PUNJABI",3475,1675,1800,NA,3475,1675,1800,NA,NA,NA,NA,NA
"SINDH","MIRPUR KHAS","MIRPUR KHAS","HUSSAIN BUX MARI","TALUKA","PUSHTO",1556,750,806,NA,1556,750,806,NA,NA,NA,NA,NA
"SINDH","MIRPUR KHAS","MIRPUR KHAS","HUSSAIN BUX MARI","TALUKA","SARAIKI",1373,646,727,NA,1373,646,727,NA,NA,NA,NA,NA
"SINDH","MIRPUR KHAS","MIRPUR KHAS","HUSSAIN BUX MARI","TALUKA","SHINA",NA,NA,NA,NA,NA,NA,NA,NA,NA,NA,NA,NA
"SINDH","MIRPUR KHAS","MIRPUR KHAS","HUSSAIN BUX MARI","TALUKA","SINDHI",150542,71744,78797,1,150542,71744,78797,1,NA,NA,NA,NA
"SINDH","MIRPUR KHAS","MIRPUR KHAS","HUSSAIN BUX MARI","TALUKA","TOTAL",172143,82002,90140,1,172143,82002,90140,1,NA,NA,NA,NA
"SINDH","MIRPUR KHAS","MIRPUR KHAS","HUSSAIN BUX MARI","TALUKA","URDU",4726,2268,2458,NA,4726,2268,2458,NA,NA,NA,NA,NA
"SINDH","HYDERABAD","HYDERABAD","HYDERABAD","TALUKA","BALOCHI",5605,2605,3000,NA,3794,1759,2035,NA,1811,846,965,NA
"SINDH","HYDERABAD","HYDERABAD","HYDERABAD","TALUKA","BALTI",NA,NA,NA,NA,NA,NA,NA,NA,NA,NA,NA,NA
"SINDH","HYDERABAD","HYDERABAD","HYDERABAD","TALUKA","BRAHVI",2240,1083,1157,NA,2126,1025,1101,NA,114,58,56,NA
"SINDH","HYDERABAD","HYDERABAD","HYDERABAD","TALUKA","HINDKO",3825,1817,2008,NA,3598,1715,1883,NA,227,102,125,NA
"SINDH","HYDERABAD","HYDERABAD","HYDERABAD","TALUKA","KALASHA",NA,NA,NA,NA,NA,NA,NA,NA,NA,NA,NA,NA
"SINDH","HYDERABAD","HYDERABAD","HYDERABAD","TALUKA","KASHMIRI",19,10,9,NA,14,7,7,NA,5,3,2,NA
"SINDH","HYDERABAD","HYDERABAD","HYDERABAD","TALUKA","KOHIOSTANI",NA,NA,NA,NA,NA,NA,NA,NA,NA,NA,NA,NA
"SINDH","HYDERABAD","HYDERABAD","HYDERABAD","TALUKA","MEWATI",71,34,37,NA,71,34,37,NA,NA,NA,NA,NA
"SINDH","HYDERABAD","HYDERABAD","HYDERABAD","TALUKA","OTHERS",17642,8371,9271,NA,14080,6620,7460,NA,3562,1751,1811,NA
"SINDH","HYDERABAD","HYDERABAD","HYDERABAD","TALUKA","PUNJABI",5609,2710,2899,NA,3294,1563,1731,NA,2315,1147,1168,NA
"SINDH","HYDERABAD","HYDERABAD","HYDERABAD","TALUKA","PUSHTO",5240,2442,2797,1,2423,1129,1294,NA,2817,1313,1503,1
"SINDH","HYDERABAD","HYDERABAD","HYDERABAD","TALUKA","SARAIKI",5755,2707,3048,NA,3567,1681,1886,NA,2188,1026,1162,NA
"SINDH","HYDERABAD","HYDERABAD","HYDERABAD","TALUKA","SHINA",135,49,86,NA,135,49,86,NA,NA,NA,NA,NA
"SINDH","HYDERABAD","HYDERABAD","HYDERABAD","TALUKA","SINDHI",436754,205958,230786,10,374714,176755,197952,7,62040,29203,32834,3
"SINDH","HYDERABAD","HYDERABAD","HYDERABAD","TALUKA","TOTAL",511265,241104,270150,11,410161,193436,216718,7,101104,47668,53432,4
"SINDH","HYDERABAD","HYDERABAD","HYDERABAD","TALUKA","URDU",28370,13318,15052,NA,2345,1099,1246,NA,26025,12219,13806,NA
"SINDH","HYDERABAD","HYDERABAD","HYDERABAD CITY","TALUKA","BALOCHI",3035,1420,1614,1,NA,NA,NA,NA,3035,1420,1614,1
"SINDH","HYDERABAD","HYDERABAD","HYDERABAD CITY","TALUKA","BALTI",59,23,36,NA,NA,NA,NA,NA,59,23,36,NA
"SINDH","HYDERABAD","HYDERABAD","HYDERABAD CITY","TALUKA","BRAHVI",375,168,207,NA,NA,NA,NA,NA,375,168,207,NA
"SINDH","HYDERABAD","HYDERABAD","HYDERABAD CITY","TALUKA","HINDKO",6609,3113,3496,NA,NA,NA,NA,NA,6609,3113,3496,NA
"SINDH","HYDERABAD","HYDERABAD","HYDERABAD CITY","TALUKA","KALASHA",1,NA,1,NA,NA,NA,NA,NA,1,NA,1,NA
"SINDH","HYDERABAD","HYDERABAD","HYDERABAD CITY","TALUKA","KASHMIRI",178,81,96,1,NA,NA,NA,NA,178,81,96,1
"SINDH","HYDERABAD","HYDERABAD","HYDERABAD CITY","TALUKA","KOHIOSTANI",11,7,4,NA,NA,NA,NA,NA,11,7,4,NA
"SINDH","HYDERABAD","HYDERABAD","HYDERABAD CITY","TALUKA","MEWATI",523,241,282,NA,NA,NA,NA,NA,523,241,282,NA
"SINDH","HYDERABAD","HYDERABAD","HYDERABAD CITY","TALUKA","OTHERS",16096,7744,8352,NA,NA,NA,NA,NA,16096,7744,8352,NA
"SINDH","HYDERABAD","HYDERABAD","HYDERABAD CITY","TALUKA","PUNJABI",28919,13593,15321,5,NA,NA,NA,NA,28919,13593,15321,5
"SINDH","HYDERABAD","HYDERABAD","HYDERABAD CITY","TALUKA","PUSHTO",13565,5937,7627,1,NA,NA,NA,NA,13565,5937,7627,1
"SINDH","HYDERABAD","HYDERABAD","HYDERABAD CITY","TALUKA","SARAIKI",5143,2388,2755,NA,NA,NA,NA,NA,5143,2388,2755,NA
"SINDH","HYDERABAD","HYDERABAD","HYDERABAD CITY","TALUKA","SHINA",60,27,33,NA,NA,NA,NA,NA,60,27,33,NA
"SINDH","HYDERABAD","HYDERABAD","HYDERABAD CITY","TALUKA","SINDHI",141895,66421,75455,19,NA,NA,NA,NA,141895,66421,75455,19
"SINDH","HYDERABAD","HYDERABAD","HYDERABAD CITY","TALUKA","TOTAL",778132,367613,410459,60,NA,NA,NA,NA,778132,367613,410459,60
"SINDH","HYDERABAD","HYDERABAD","HYDERABAD CITY","TALUKA","URDU",561663,266450,295180,33,NA,NA,NA,NA,561663,266450,295180,33
"SINDH","KARACHI","MALIR","IBRAHIM HYDRI","SUB-DIVISION","BALOCHI",79757,37409,42342,6,53298,25083,28210,5,26459,12326,14132,1
"SINDH","KARACHI","MALIR","IBRAHIM HYDRI","SUB-DIVISION","BALTI",185,74,111,NA,56,25,31,NA,129,49,80,NA
"SINDH","KARACHI","MALIR","IBRAHIM HYDRI","SUB-DIVISION","BRAHVI",2727,1273,1454,NA,1632,788,844,NA,1095,485,610,NA
"SINDH","KARACHI","MALIR","IBRAHIM HYDRI","SUB-DIVISION","HINDKO",122596,58260,64323,13,28307,13356,14951,NA,94289,44904,49372,13
"SINDH","KARACHI","MALIR","IBRAHIM HYDRI","SUB-DIVISION","KALASHA",49,12,37,NA,14,7,7,NA,35,5,30,NA
"SINDH","KARACHI","MALIR","IBRAHIM HYDRI","SUB-DIVISION","KASHMIRI",4790,2079,2705,6,1752,789,963,NA,3038,1290,1742,6
"SINDH","KARACHI","MALIR","IBRAHIM HYDRI","SUB-DIVISION","KOHIOSTANI",1240,577,663,NA,296,138,158,NA,944,439,505,NA
"SINDH","KARACHI","MALIR","IBRAHIM HYDRI","SUB-DIVISION","MEWATI",1135,536,599,NA,838,398,440,NA,297,138,159,NA
"SINDH","KARACHI","MALIR","IBRAHIM HYDRI","SUB-DIVISION","OTHERS",68723,32990,35731,2,62918,30262,32654,2,5805,2728,3077,NA
"SINDH","KARACHI","MALIR","IBRAHIM HYDRI","SUB-DIVISION","PUNJABI",133248,60449,72771,28,63719,28955,34751,13,69529,31494,38020,15
"SINDH","KARACHI","MALIR","IBRAHIM HYDRI","SUB-DIVISION","PUSHTO",370169,172467,197682,20,77562,35024,42534,4,292607,137443,155148,16
"SINDH","KARACHI","MALIR","IBRAHIM HYDRI","SUB-DIVISION","SARAIKI",37453,16974,20473,6,18830,8615,10214,1,18623,8359,10259,5
"SINDH","KARACHI","MALIR","IBRAHIM HYDRI","SUB-DIVISION","SHINA",1616,755,861,NA,808,367,441,NA,808,388,420,NA
"SINDH","KARACHI","MALIR","IBRAHIM HYDRI","SUB-DIVISION","SINDHI",332087,151211,180836,40,254814,117545,137234,35,77273,33666,43602,5
"SINDH","KARACHI","MALIR","IBRAHIM HYDRI","SUB-DIVISION","TOTAL",1334133,619355,714643,135,654857,303729,351057,71,679276,315626,363586,64
"SINDH","KARACHI","MALIR","IBRAHIM HYDRI","SUB-DIVISION","URDU",178358,84289,94055,14,90013,42377,47625,11,88345,41912,46430,3
"SINDH","MIRPUR KHAS","THARPARKAR","ISLAMKOT","TALUKA","BALOCHI",126,70,56,NA,124,69,55,NA,2,1,1,NA
"SINDH","MIRPUR KHAS","THARPARKAR","ISLAMKOT","TALUKA","BALTI",NA,NA,NA,NA,NA,NA,NA,NA,NA,NA,NA,NA
"SINDH","MIRPUR KHAS","THARPARKAR","ISLAMKOT","TALUKA","BRAHVI",NA,NA,NA,NA,NA,NA,NA,NA,NA,NA,NA,NA
"SINDH","MIRPUR KHAS","THARPARKAR","ISLAMKOT","TALUKA","HINDKO",158,79,79,NA,157,78,79,NA,1,1,NA,NA
"SINDH","MIRPUR KHAS","THARPARKAR","ISLAMKOT","TALUKA","KALASHA",NA,NA,NA,NA,NA,NA,NA,NA,NA,NA,NA,NA
"SINDH","MIRPUR KHAS","THARPARKAR","ISLAMKOT","TALUKA","KASHMIRI",1,NA,1,NA,1,NA,1,NA,NA,NA,NA,NA
"SINDH","MIRPUR KHAS","THARPARKAR","ISLAMKOT","TALUKA","KOHIOSTANI",NA,NA,NA,NA,NA,NA,NA,NA,NA,NA,NA,NA
"SINDH","MIRPUR KHAS","THARPARKAR","ISLAMKOT","TALUKA","MEWATI",NA,NA,NA,NA,NA,NA,NA,NA,NA,NA,NA,NA
"SINDH","MIRPUR KHAS","THARPARKAR","ISLAMKOT","TALUKA","OTHERS",2270,1133,1137,NA,2251,1127,1124,NA,19,6,13,NA
"SINDH","MIRPUR KHAS","THARPARKAR","ISLAMKOT","TALUKA","PUNJABI",57,31,26,NA,36,19,17,NA,21,12,9,NA
"SINDH","MIRPUR KHAS","THARPARKAR","ISLAMKOT","TALUKA","PUSHTO",233,118,115,NA,172,89,83,NA,61,29,32,NA
"SINDH","MIRPUR KHAS","THARPARKAR","ISLAMKOT","TALUKA","SARAIKI",3,2,1,NA,1,1,NA,NA,2,1,1,NA
"SINDH","MIRPUR KHAS","THARPARKAR","ISLAMKOT","TALUKA","SHINA",NA,NA,NA,NA,NA,NA,NA,NA,NA,NA,NA,NA
"SINDH","MIRPUR KHAS","THARPARKAR","ISLAMKOT","TALUKA","SINDHI",262626,126887,135736,3,243778,117701,126074,3,18848,9186,9662,NA
"SINDH","MIRPUR KHAS","THARPARKAR","ISLAMKOT","TALUKA","TOTAL",265516,128344,137169,3,246537,119093,127441,3,18979,9251,9728,NA
"SINDH","MIRPUR KHAS","THARPARKAR","ISLAMKOT","TALUKA","URDU",42,24,18,NA,17,9,8,NA,25,15,10,NA
"SINDH","LARKANA","JACOBABAD","JACOBABAD","TALUKA","BALOCHI",43872,21610,22262,NA,32697,16117,16580,NA,11175,5493,5682,NA
"SINDH","LARKANA","JACOBABAD","JACOBABAD","TALUKA","BALTI",5,2,3,NA,5,2,3,NA,NA,NA,NA,NA
"SINDH","LARKANA","JACOBABAD","JACOBABAD","TALUKA","BRAHVI",10918,5454,5464,NA,8731,4352,4379,NA,2187,1102,1085,NA
"SINDH","LARKANA","JACOBABAD","JACOBABAD","TALUKA","HINDKO",266,127,139,NA,213,102,111,NA,53,25,28,NA
"SINDH","LARKANA","JACOBABAD","JACOBABAD","TALUKA","KALASHA",NA,NA,NA,NA,NA,NA,NA,NA,NA,NA,NA,NA
"SINDH","LARKANA","JACOBABAD","JACOBABAD","TALUKA","KASHMIRI",35,15,20,NA,29,11,18,NA,6,4,2,NA
"SINDH","LARKANA","JACOBABAD","JACOBABAD","TALUKA","KOHIOSTANI",NA,NA,NA,NA,NA,NA,NA,NA,NA,NA,NA,NA
"SINDH","LARKANA","JACOBABAD","JACOBABAD","TALUKA","MEWATI",10,7,3,NA,5,4,1,NA,5,3,2,NA
"SINDH","LARKANA","JACOBABAD","JACOBABAD","TALUKA","OTHERS",421,194,227,NA,177,76,101,NA,244,118,126,NA
"SINDH","LARKANA","JACOBABAD","JACOBABAD","TALUKA","PUNJABI",2423,1213,1210,NA,2004,1000,1004,NA,419,213,206,NA
"SINDH","LARKANA","JACOBABAD","JACOBABAD","TALUKA","PUSHTO",2542,1283,1259,NA,2036,1030,1006,NA,506,253,253,NA
"SINDH","LARKANA","JACOBABAD","JACOBABAD","TALUKA","SARAIKI",6926,3511,3414,1,2680,1371,1309,NA,4246,2140,2105,1
"SINDH","LARKANA","JACOBABAD","JACOBABAD","TALUKA","SHINA",1,1,NA,NA,1,1,NA,NA,NA,NA,NA,NA
"SINDH","LARKANA","JACOBABAD","JACOBABAD","TALUKA","SINDHI",376507,185329,191125,53,178814,88034,90773,7,197693,97295,100352,46
"SINDH","LARKANA","JACOBABAD","JACOBABAD","TALUKA","TOTAL",447647,220600,226993,54,228332,112560,115765,7,219315,108040,111228,47
"SINDH","LARKANA","JACOBABAD","JACOBABAD","TALUKA","URDU",3721,1854,1867,NA,940,460,480,NA,2781,1394,1387,NA
"SINDH","SHAHEED BENAZIRABAD","SANGHAR","JAM NAWAZ ALI","TALUKA","BALOCHI",2212,1088,1124,NA,1993,988,1005,NA,219,100,119,NA
"SINDH","SHAHEED BENAZIRABAD","SANGHAR","JAM NAWAZ ALI","TALUKA","BALTI",NA,NA,NA,NA,NA,NA,NA,NA,NA,NA,NA,NA
"SINDH","SHAHEED BENAZIRABAD","SANGHAR","JAM NAWAZ ALI","TALUKA","BRAHVI",63,30,33,NA,63,30,33,NA,NA,NA,NA,NA
"SINDH","SHAHEED BENAZIRABAD","SANGHAR","JAM NAWAZ ALI","TALUKA","HINDKO",458,221,237,NA,301,145,156,NA,157,76,81,NA
"SINDH","SHAHEED BENAZIRABAD","SANGHAR","JAM NAWAZ ALI","TALUKA","KALASHA",NA,NA,NA,NA,NA,NA,NA,NA,NA,NA,NA,NA
"SINDH","SHAHEED BENAZIRABAD","SANGHAR","JAM NAWAZ ALI","TALUKA","KASHMIRI",NA,NA,NA,NA,NA,NA,NA,NA,NA,NA,NA,NA
"SINDH","SHAHEED BENAZIRABAD","SANGHAR","JAM NAWAZ ALI","TALUKA","KOHIOSTANI",NA,NA,NA,NA,NA,NA,NA,NA,NA,NA,NA,NA
"SINDH","SHAHEED BENAZIRABAD","SANGHAR","JAM NAWAZ ALI","TALUKA","MEWATI",NA,NA,NA,NA,NA,NA,NA,NA,NA,NA,NA,NA
"SINDH","SHAHEED BENAZIRABAD","SANGHAR","JAM NAWAZ ALI","TALUKA","OTHERS",1087,559,528,NA,853,429,424,NA,234,130,104,NA
"SINDH","SHAHEED BENAZIRABAD","SANGHAR","JAM NAWAZ ALI","TALUKA","PUNJABI",1222,597,625,NA,1210,593,617,NA,12,4,8,NA
"SINDH","SHAHEED BENAZIRABAD","SANGHAR","JAM NAWAZ ALI","TALUKA","PUSHTO",201,101,100,NA,85,47,38,NA,116,54,62,NA
"SINDH","SHAHEED BENAZIRABAD","SANGHAR","JAM NAWAZ ALI","TALUKA","SARAIKI",309,160,149,NA,290,150,140,NA,19,10,9,NA
"SINDH","SHAHEED BENAZIRABAD","SANGHAR","JAM NAWAZ ALI","TALUKA","SHINA",NA,NA,NA,NA,NA,NA,NA,NA,NA,NA,NA,NA
"SINDH","SHAHEED BENAZIRABAD","SANGHAR","JAM NAWAZ ALI","TALUKA","SINDHI",158099,78289,79799,11,138416,68539,69869,8,19683,9750,9930,3
"SINDH","SHAHEED BENAZIRABAD","SANGHAR","JAM NAWAZ ALI","TALUKA","TOTAL",171598,85012,86575,11,144341,71498,72835,8,27257,13514,13740,3
"SINDH","SHAHEED BENAZIRABAD","SANGHAR","JAM NAWAZ ALI","TALUKA","URDU",7947,3967,3980,NA,1130,577,553,NA,6817,3390,3427,NA
"SINDH","KARACHI","KARACHI EAST","JAMSHED QUARTERS","SUB-DIVISION","BALOCHI",13991,6409,7582,NA,NA,NA,NA,NA,13991,6409,7582,NA
"SINDH","KARACHI","KARACHI EAST","JAMSHED QUARTERS","SUB-DIVISION","BALTI",651,275,376,NA,NA,NA,NA,NA,651,275,376,NA
"SINDH","KARACHI","KARACHI EAST","JAMSHED QUARTERS","SUB-DIVISION","BRAHVI",258,109,149,NA,NA,NA,NA,NA,258,109,149,NA
"SINDH","KARACHI","KARACHI EAST","JAMSHED QUARTERS","SUB-DIVISION","HINDKO",19207,8764,10442,1,NA,NA,NA,NA,19207,8764,10442,1
"SINDH","KARACHI","KARACHI EAST","JAMSHED QUARTERS","SUB-DIVISION","KALASHA",55,29,26,NA,NA,NA,NA,NA,55,29,26,NA
"SINDH","KARACHI","KARACHI EAST","JAMSHED QUARTERS","SUB-DIVISION","KASHMIRI",1180,449,731,NA,NA,NA,NA,NA,1180,449,731,NA
"SINDH","KARACHI","KARACHI EAST","JAMSHED QUARTERS","SUB-DIVISION","KOHIOSTANI",378,156,221,1,NA,NA,NA,NA,378,156,221,1
"SINDH","KARACHI","KARACHI EAST","JAMSHED QUARTERS","SUB-DIVISION","MEWATI",547,240,307,NA,NA,NA,NA,NA,547,240,307,NA
"SINDH","KARACHI","KARACHI EAST","JAMSHED QUARTERS","SUB-DIVISION","OTHERS",71175,34214,36958,3,NA,NA,NA,NA,71175,34214,36958,3
"SINDH","KARACHI","KARACHI EAST","JAMSHED QUARTERS","SUB-DIVISION","PUNJABI",44725,20564,24141,20,NA,NA,NA,NA,44725,20564,24141,20
"SINDH","KARACHI","KARACHI EAST","JAMSHED QUARTERS","SUB-DIVISION","PUSHTO",55037,24068,30967,2,NA,NA,NA,NA,55037,24068,30967,2
"SINDH","KARACHI","KARACHI EAST","JAMSHED QUARTERS","SUB-DIVISION","SARAIKI",14319,6204,8115,NA,NA,NA,NA,NA,14319,6204,8115,NA
"SINDH","KARACHI","KARACHI EAST","JAMSHED QUARTERS","SUB-DIVISION","SHINA",1214,500,714,NA,NA,NA,NA,NA,1214,500,714,NA
"SINDH","KARACHI","KARACHI EAST","JAMSHED QUARTERS","SUB-DIVISION","SINDHI",46820,21493,25327,NA,NA,NA,NA,NA,46820,21493,25327,NA
"SINDH","KARACHI","KARACHI EAST","JAMSHED QUARTERS","SUB-DIVISION","TOTAL",656014,309305,346672,37,NA,NA,NA,NA,656014,309305,346672,37
"SINDH","KARACHI","KARACHI EAST","JAMSHED QUARTERS","SUB-DIVISION","URDU",386457,185831,200616,10,NA,NA,NA,NA,386457,185831,200616,10
"SINDH","HYDERABAD","SUJAWAL","JATI","TALUKA","BALOCHI",1054,461,593,NA,1054,461,593,NA,NA,NA,NA,NA
"SINDH","HYDERABAD","SUJAWAL","JATI","TALUKA","BALTI",NA,NA,NA,NA,NA,NA,NA,NA,NA,NA,NA,NA
"SINDH","HYDERABAD","SUJAWAL","JATI","TALUKA","BRAHVI",45,23,22,NA,45,23,22,NA,NA,NA,NA,NA
"SINDH","HYDERABAD","SUJAWAL","JATI","TALUKA","HINDKO",419,204,215,NA,419,204,215,NA,NA,NA,NA,NA
"SINDH","HYDERABAD","SUJAWAL","JATI","TALUKA","KALASHA",NA,NA,NA,NA,NA,NA,NA,NA,NA,NA,NA,NA
"SINDH","HYDERABAD","SUJAWAL","JATI","TALUKA","KASHMIRI",2,NA,2,NA,2,NA,2,NA,NA,NA,NA,NA
"SINDH","HYDERABAD","SUJAWAL","JATI","TALUKA","KOHIOSTANI",NA,NA,NA,NA,NA,NA,NA,NA,NA,NA,NA,NA
"SINDH","HYDERABAD","SUJAWAL","JATI","TALUKA","MEWATI",NA,NA,NA,NA,NA,NA,NA,NA,NA,NA,NA,NA
"SINDH","HYDERABAD","SUJAWAL","JATI","TALUKA","OTHERS",322,156,166,NA,322,156,166,NA,NA,NA,NA,NA
"SINDH","HYDERABAD","SUJAWAL","JATI","TALUKA","PUNJABI",202,97,105,NA,170,80,90,NA,32,17,15,NA
"SINDH","HYDERABAD","SUJAWAL","JATI","TALUKA","PUSHTO",271,131,140,NA,228,110,118,NA,43,21,22,NA
"SINDH","HYDERABAD","SUJAWAL","JATI","TALUKA","SARAIKI",120,46,74,NA,120,46,74,NA,NA,NA,NA,NA
"SINDH","HYDERABAD","SUJAWAL","JATI","TALUKA","SHINA",NA,NA,NA,NA,NA,NA,NA,NA,NA,NA,NA,NA
"SINDH","HYDERABAD","SUJAWAL","JATI","TALUKA","SINDHI",212178,99024,113151,3,201844,93885,107957,2,10334,5139,5194,1
"SINDH","HYDERABAD","SUJAWAL","JATI","TALUKA","TOTAL",214710,100199,114508,3,204262,94999,109261,2,10448,5200,5247,1
"SINDH","HYDERABAD","SUJAWAL","JATI","TALUKA","URDU",97,57,40,NA,58,34,24,NA,39,23,16,NA
NA,NA,"TANDO ALLAHYAR","JHANDO MARI","TALUKA","BALOCHI",4677,2294,2383,NA,4422,2172,2250,NA,255,122,133,NA
NA,NA,"TANDO ALLAHYAR","JHANDO MARI","TALUKA","BALTI",NA,NA,NA,NA,NA,NA,NA,NA,NA,NA,NA,NA
NA,NA,"TANDO ALLAHYAR","JHANDO MARI","TALUKA","BRAHVI",1030,500,530,NA,1009,492,517,NA,21,8,13,NA
NA,NA,"TANDO ALLAHYAR","JHANDO MARI","TALUKA","HINDKO",704,333,371,NA,704,333,371,NA,NA,NA,NA,NA
NA,NA,"TANDO ALLAHYAR","JHANDO MARI","TALUKA","KALASHA",NA,NA,NA,NA,NA,NA,NA,NA,NA,NA,NA,NA
NA,NA,"TANDO ALLAHYAR","JHANDO MARI","TALUKA","KASHMIRI",1,1,NA,NA,1,1,NA,NA,NA,NA,NA,NA
NA,NA,"TANDO ALLAHYAR","JHANDO MARI","TALUKA","KOHIOSTANI",NA,NA,NA,NA,NA,NA,NA,NA,NA,NA,NA,NA
NA,NA,"TANDO ALLAHYAR","JHANDO MARI","TALUKA","MEWATI",526,271,255,NA,510,262,248,NA,16,9,7,NA
NA,NA,"TANDO ALLAHYAR","JHANDO MARI","TALUKA","OTHERS",1389,702,687,NA,548,279,269,NA,841,423,418,NA
NA,NA,"TANDO ALLAHYAR","JHANDO MARI","TALUKA","PUNJABI",2119,1021,1098,NA,2118,1021,1097,NA,1,NA,1,NA
NA,NA,"TANDO ALLAHYAR","JHANDO MARI","TALUKA","PUSHTO",374,185,189,NA,356,175,181,NA,18,10,8,NA
NA,NA,"TANDO ALLAHYAR","JHANDO MARI","TALUKA","SARAIKI",2973,1487,1486,NA,376,196,180,NA,2597,1291,1306,NA
NA,NA,"TANDO ALLAHYAR","JHANDO MARI","TALUKA","SHINA",7,6,1,NA,7,6,1,NA,NA,NA,NA,NA
NA,NA,"TANDO ALLAHYAR","JHANDO MARI","TALUKA","SINDHI",249668,122029,127637,2,232440,113636,118802,2,17228,8393,8835,NA
NA,NA,"TANDO ALLAHYAR","JHANDO MARI","TALUKA","TOTAL",266665,130392,136271,2,245238,119903,125333,2,21427,10489,10938,NA
NA,NA,"TANDO ALLAHYAR","JHANDO MARI","TALUKA","URDU",3197,1563,1634,NA,2747,1330,1417,NA,450,233,217,NA
"SINDH","MIRPUR KHAS","MIRPUR KHAS","JHUDO","TALUKA","BALOCHI",909,427,482,NA,559,260,299,NA,350,167,183,NA
"SINDH","MIRPUR KHAS","MIRPUR KHAS","JHUDO","TALUKA","BALTI",NA,NA,NA,NA,NA,NA,NA,NA,NA,NA,NA,NA
"SINDH","MIRPUR KHAS","MIRPUR KHAS","JHUDO","TALUKA","BRAHVI",1,1,NA,NA,1,1,NA,NA,NA,NA,NA,NA
"SINDH","MIRPUR KHAS","MIRPUR KHAS","JHUDO","TALUKA","HINDKO",2800,1323,1477,NA,2700,1271,1429,NA,100,52,48,NA
"SINDH","MIRPUR KHAS","MIRPUR KHAS","JHUDO","TALUKA","KALASHA",NA,NA,NA,NA,NA,NA,NA,NA,NA,NA,NA,NA
"SINDH","MIRPUR KHAS","MIRPUR KHAS","JHUDO","TALUKA","KASHMIRI",2,1,1,NA,1,NA,1,NA,1,1,NA,NA
"SINDH","MIRPUR KHAS","MIRPUR KHAS","JHUDO","TALUKA","KOHIOSTANI",NA,NA,NA,NA,NA,NA,NA,NA,NA,NA,NA,NA
"SINDH","MIRPUR KHAS","MIRPUR KHAS","JHUDO","TALUKA","MEWATI",23,13,10,NA,NA,NA,NA,NA,23,13,10,NA
"SINDH","MIRPUR KHAS","MIRPUR KHAS","JHUDO","TALUKA","OTHERS",1350,618,732,NA,758,337,421,NA,592,281,311,NA
"SINDH","MIRPUR KHAS","MIRPUR KHAS","JHUDO","TALUKA","PUNJABI",11645,5461,6183,1,4131,1974,2157,NA,7514,3487,4026,1
"SINDH","MIRPUR KHAS","MIRPUR KHAS","JHUDO","TALUKA","PUSHTO",1582,742,840,NA,735,345,390,NA,847,397,450,NA
"SINDH","MIRPUR KHAS","MIRPUR KHAS","JHUDO","TALUKA","SARAIKI",681,320,361,NA,323,147,176,NA,358,173,185,NA
"SINDH","MIRPUR KHAS","MIRPUR KHAS","JHUDO","TALUKA","SHINA",NA,NA,NA,NA,NA,NA,NA,NA,NA,NA,NA,NA
"SINDH","MIRPUR KHAS","MIRPUR KHAS","JHUDO","TALUKA","SINDHI",193061,90479,102580,2,152986,71580,81404,2,40075,18899,21176,NA
"SINDH","MIRPUR KHAS","MIRPUR KHAS","JHUDO","TALUKA","TOTAL",230285,107917,122365,3,162610,76116,86492,2,67675,31801,35873,1
"SINDH","MIRPUR KHAS","MIRPUR KHAS","JHUDO","TALUKA","URDU",18231,8532,9699,NA,416,201,215,NA,17815,8331,9484,NA
"SINDH","HYDERABAD","DADU","JOHI","TALUKA","BALOCHI",5265,2580,2685,NA,5248,2571,2677,NA,17,9,8,NA
"SINDH","HYDERABAD","DADU","JOHI","TALUKA","BALTI",NA,NA,NA,NA,NA,NA,NA,NA,NA,NA,NA,NA
"SINDH","HYDERABAD","DADU","JOHI","TALUKA","BRAHVI",122,58,64,NA,122,58,64,NA,NA,NA,NA,NA
"SINDH","HYDERABAD","DADU","JOHI","TALUKA","HINDKO",45,22,23,NA,45,22,23,NA,NA,NA,NA,NA
"SINDH","HYDERABAD","DADU","JOHI","TALUKA","KALASHA",NA,NA,NA,NA,NA,NA,NA,NA,NA,NA,NA,NA
"SINDH","HYDERABAD","DADU","JOHI","TALUKA","KASHMIRI",7,4,3,NA,7,4,3,NA,NA,NA,NA,NA
"SINDH","HYDERABAD","DADU","JOHI","TALUKA","KOHIOSTANI",NA,NA,NA,NA,NA,NA,NA,NA,NA,NA,NA,NA
"SINDH","HYDERABAD","DADU","JOHI","TALUKA","MEWATI",NA,NA,NA,NA,NA,NA,NA,NA,NA,NA,NA,NA
"SINDH","HYDERABAD","DADU","JOHI","TALUKA","OTHERS",28,14,14,NA,25,13,12,NA,3,1,2,NA
"SINDH","HYDERABAD","DADU","JOHI","TALUKA","PUNJABI",468,241,227,NA,386,203,183,NA,82,38,44,NA
"SINDH","HYDERABAD","DADU","JOHI","TALUKA","PUSHTO",227,124,103,NA,196,106,90,NA,31,18,13,NA
"SINDH","HYDERABAD","DADU","JOHI","TALUKA","SARAIKI",1017,477,540,NA,1004,469,535,NA,13,8,5,NA
"SINDH","HYDERABAD","DADU","JOHI","TALUKA","SHINA",NA,NA,NA,NA,NA,NA,NA,NA,NA,NA,NA,NA
"SINDH","HYDERABAD","DADU","JOHI","TALUKA","SINDHI",325831,159567,166255,9,285957,139927,146023,7,39874,19640,20232,2
"SINDH","HYDERABAD","DADU","JOHI","TALUKA","TOTAL",333179,163162,170008,9,293093,143419,149667,7,40086,19743,20341,2
"SINDH","HYDERABAD","DADU","JOHI","TALUKA","URDU",169,75,94,NA,103,46,57,NA,66,29,37,NA
"SINDH","MIRPUR KHAS","THARPARKAR","KALOI","TALUKA","BALOCHI",142,73,69,NA,142,73,69,NA,NA,NA,NA,NA
"SINDH","MIRPUR KHAS","THARPARKAR","KALOI","TALUKA","BALTI",NA,NA,NA,NA,NA,NA,NA,NA,NA,NA,NA,NA
"SINDH","MIRPUR KHAS","THARPARKAR","KALOI","TALUKA","BRAHVI",NA,NA,NA,NA,NA,NA,NA,NA,NA,NA,NA,NA
"SINDH","MIRPUR KHAS","THARPARKAR","KALOI","TALUKA","HINDKO",87,33,54,NA,87,33,54,NA,NA,NA,NA,NA
"SINDH","MIRPUR KHAS","THARPARKAR","KALOI","TALUKA","KALASHA",NA,NA,NA,NA,NA,NA,NA,NA,NA,NA,NA,NA
"SINDH","MIRPUR KHAS","THARPARKAR","KALOI","TALUKA","KASHMIRI",NA,NA,NA,NA,NA,NA,NA,NA,NA,NA,NA,NA
"SINDH","MIRPUR KHAS","THARPARKAR","KALOI","TALUKA","KOHIOSTANI",NA,NA,NA,NA,NA,NA,NA,NA,NA,NA,NA,NA
"SINDH","MIRPUR KHAS","THARPARKAR","KALOI","TALUKA","MEWATI",NA,NA,NA,NA,NA,NA,NA,NA,NA,NA,NA,NA
"SINDH","MIRPUR KHAS","THARPARKAR","KALOI","TALUKA","OTHERS",3,1,2,NA,3,1,2,NA,NA,NA,NA,NA
"SINDH","MIRPUR KHAS","THARPARKAR","KALOI","TALUKA","PUNJABI",483,233,250,NA,483,233,250,NA,NA,NA,NA,NA
"SINDH","MIRPUR KHAS","THARPARKAR","KALOI","TALUKA","PUSHTO",128,67,61,NA,128,67,61,NA,NA,NA,NA,NA
"SINDH","MIRPUR KHAS","THARPARKAR","KALOI","TALUKA","SARAIKI",33,13,20,NA,33,13,20,NA,NA,NA,NA,NA
"SINDH","MIRPUR KHAS","THARPARKAR","KALOI","TALUKA","SHINA",NA,NA,NA,NA,NA,NA,NA,NA,NA,NA,NA,NA
"SINDH","MIRPUR KHAS","THARPARKAR","KALOI","TALUKA","SINDHI",128187,61688,66494,5,128187,61688,66494,5,NA,NA,NA,NA
"SINDH","MIRPUR KHAS","THARPARKAR","KALOI","TALUKA","TOTAL",129677,62413,67259,5,129677,62413,67259,5,NA,NA,NA,NA
"SINDH","MIRPUR KHAS","THARPARKAR","KALOI","TALUKA","URDU",614,305,309,NA,614,305,309,NA,NA,NA,NA,NA
"SINDH","LARKANA","KAMBAR SHAHDAD KOT","KAMBAR ALI KHAN","TALUKA","BALOCHI",89,46,43,NA,61,36,25,NA,28,10,18,NA
"SINDH","LARKANA","KAMBAR SHAHDAD KOT","KAMBAR ALI KHAN","TALUKA","BALTI",NA,NA,NA,NA,NA,NA,NA,NA,NA,NA,NA,NA
"SINDH","LARKANA","KAMBAR SHAHDAD KOT","KAMBAR ALI KHAN","TALUKA","BRAHVI",1754,845,909,NA,1624,773,851,NA,130,72,58,NA
"SINDH","LARKANA","KAMBAR SHAHDAD KOT","KAMBAR ALI KHAN","TALUKA","HINDKO",14,6,8,NA,6,3,3,NA,8,3,5,NA
"SINDH","LARKANA","KAMBAR SHAHDAD KOT","KAMBAR ALI KHAN","TALUKA","KALASHA",1,NA,1,NA,1,NA,1,NA,NA,NA,NA,NA
"SINDH","LARKANA","KAMBAR SHAHDAD KOT","KAMBAR ALI KHAN","TALUKA","KASHMIRI",2,1,1,NA,2,1,1,NA,NA,NA,NA,NA
"SINDH","LARKANA","KAMBAR SHAHDAD KOT","KAMBAR ALI KHAN","TALUKA","KOHIOSTANI",NA,NA,NA,NA,NA,NA,NA,NA,NA,NA,NA,NA
"SINDH","LARKANA","KAMBAR SHAHDAD KOT","KAMBAR ALI KHAN","TALUKA","MEWATI",380,175,205,NA,380,175,205,NA,NA,NA,NA,NA
"SINDH","LARKANA","KAMBAR SHAHDAD KOT","KAMBAR ALI KHAN","TALUKA","OTHERS",6,4,2,NA,5,4,1,NA,1,NA,1,NA
"SINDH","LARKANA","KAMBAR SHAHDAD KOT","KAMBAR ALI KHAN","TALUKA","PUNJABI",27,17,10,NA,15,12,3,NA,12,5,7,NA
"SINDH","LARKANA","KAMBAR SHAHDAD KOT","KAMBAR ALI KHAN","TALUKA","PUSHTO",413,189,224,NA,299,142,157,NA,114,47,67,NA
"SINDH","LARKANA","KAMBAR SHAHDAD KOT","KAMBAR ALI KHAN","TALUKA","SARAIKI",2,1,1,NA,2,1,1,NA,NA,NA,NA,NA
"SINDH","LARKANA","KAMBAR SHAHDAD KOT","KAMBAR ALI KHAN","TALUKA","SHINA",NA,NA,NA,NA,NA,NA,NA,NA,NA,NA,NA,NA
"SINDH","LARKANA","KAMBAR SHAHDAD KOT","KAMBAR ALI KHAN","TALUKA","SINDHI",446221,213138,233068,15,334251,159265,174980,6,111970,53873,58088,9
"SINDH","LARKANA","KAMBAR SHAHDAD KOT","KAMBAR ALI KHAN","TALUKA","TOTAL",448990,214459,234516,15,336677,160427,176244,6,112313,54032,58272,9
"SINDH","LARKANA","KAMBAR SHAHDAD KOT","KAMBAR ALI KHAN","TALUKA","URDU",81,37,44,NA,31,15,16,NA,50,22,28,NA
"SINDH","LARKANA","KASHMORE","KANDHKOT","TALUKA","BALOCHI",6592,3395,3197,NA,5837,3023,2814,NA,755,372,383,NA
"SINDH","LARKANA","KASHMORE","KANDHKOT","TALUKA","BALTI",NA,NA,NA,NA,NA,NA,NA,NA,NA,NA,NA,NA
"SINDH","LARKANA","KASHMORE","KANDHKOT","TALUKA","BRAHVI",NA,NA,NA,NA,NA,NA,NA,NA,NA,NA,NA,NA
"SINDH","LARKANA","KASHMORE","KANDHKOT","TALUKA","HINDKO",29,13,16,NA,16,8,8,NA,13,5,8,NA
"SINDH","LARKANA","KASHMORE","KANDHKOT","TALUKA","KALASHA",NA,NA,NA,NA,NA,NA,NA,NA,NA,NA,NA,NA
"SINDH","LARKANA","KASHMORE","KANDHKOT","TALUKA","KASHMIRI",6,3,3,NA,4,3,1,NA,2,NA,2,NA
"SINDH","LARKANA","KASHMORE","KANDHKOT","TALUKA","KOHIOSTANI",NA,NA,NA,NA,NA,NA,NA,NA,NA,NA,NA,NA
"SINDH","LARKANA","KASHMORE","KANDHKOT","TALUKA","MEWATI",NA,NA,NA,NA,NA,NA,NA,NA,NA,NA,NA,NA
"SINDH","LARKANA","KASHMORE","KANDHKOT","TALUKA","OTHERS",43,23,20,NA,43,23,20,NA,NA,NA,NA,NA
"SINDH","LARKANA","KASHMORE","KANDHKOT","TALUKA","PUNJABI",168,88,80,NA,36,18,18,NA,132,70,62,NA
"SINDH","LARKANA","KASHMORE","KANDHKOT","TALUKA","PUSHTO",490,245,245,NA,226,117,109,NA,264,128,136,NA
"SINDH","LARKANA","KASHMORE","KANDHKOT","TALUKA","SARAIKI",266,136,130,NA,3,2,1,NA,263,134,129,NA
"SINDH","LARKANA","KASHMORE","KANDHKOT","TALUKA","SHINA",NA,NA,NA,NA,NA,NA,NA,NA,NA,NA,NA,NA
"SINDH","LARKANA","KASHMORE","KANDHKOT","TALUKA","SINDHI",399871,194216,205644,11,258745,122727,136008,10,141126,71489,69636,1
"SINDH","LARKANA","KASHMORE","KANDHKOT","TALUKA","TOTAL",407593,198186,209396,11,264961,125949,139002,10,142632,72237,70394,1
"SINDH","LARKANA","KASHMORE","KANDHKOT","TALUKA","URDU",128,67,61,NA,51,28,23,NA,77,39,38,NA
"SINDH","SHAHEED BENAZIRABAD","NAUSHAHRO FEROZE","KANDIARO","TALUKA","BALOCHI",44,23,21,NA,26,13,13,NA,18,10,8,NA
"SINDH","SHAHEED BENAZIRABAD","NAUSHAHRO FEROZE","KANDIARO","TALUKA","BALTI",NA,NA,NA,NA,NA,NA,NA,NA,NA,NA,NA,NA
"SINDH","SHAHEED BENAZIRABAD","NAUSHAHRO FEROZE","KANDIARO","TALUKA","BRAHVI",281,145,136,NA,258,133,125,NA,23,12,11,NA
"SINDH","SHAHEED BENAZIRABAD","NAUSHAHRO FEROZE","KANDIARO","TALUKA","HINDKO",336,164,172,NA,285,139,146,NA,51,25,26,NA
"SINDH","SHAHEED BENAZIRABAD","NAUSHAHRO FEROZE","KANDIARO","TALUKA","KALASHA",NA,NA,NA,NA,NA,NA,NA,NA,NA,NA,NA,NA
"SINDH","SHAHEED BENAZIRABAD","NAUSHAHRO FEROZE","KANDIARO","TALUKA","KASHMIRI",NA,NA,NA,NA,NA,NA,NA,NA,NA,NA,NA,NA
"SINDH","SHAHEED BENAZIRABAD","NAUSHAHRO FEROZE","KANDIARO","TALUKA","KOHIOSTANI",NA,NA,NA,NA,NA,NA,NA,NA,NA,NA,NA,NA
"SINDH","SHAHEED BENAZIRABAD","NAUSHAHRO FEROZE","KANDIARO","TALUKA","MEWATI",NA,NA,NA,NA,NA,NA,NA,NA,NA,NA,NA,NA
"SINDH","SHAHEED BENAZIRABAD","NAUSHAHRO FEROZE","KANDIARO","TALUKA","OTHERS",111,55,56,NA,15,8,7,NA,96,47,49,NA
"SINDH","SHAHEED BENAZIRABAD","NAUSHAHRO FEROZE","KANDIARO","TALUKA","PUNJABI",724,364,360,NA,543,273,270,NA,181,91,90,NA
"SINDH","SHAHEED BENAZIRABAD","NAUSHAHRO FEROZE","KANDIARO","TALUKA","PUSHTO",416,212,204,NA,329,175,154,NA,87,37,50,NA
"SINDH","SHAHEED BENAZIRABAD","NAUSHAHRO FEROZE","KANDIARO","TALUKA","SARAIKI",19,13,6,NA,14,10,4,NA,5,3,2,NA
"SINDH","SHAHEED BENAZIRABAD","NAUSHAHRO FEROZE","KANDIARO","TALUKA","SHINA",NA,NA,NA,NA,NA,NA,NA,NA,NA,NA,NA,NA
"SINDH","SHAHEED BENAZIRABAD","NAUSHAHRO FEROZE","KANDIARO","TALUKA","SINDHI",352058,173781,178266,11,309851,152725,157120,6,42207,21056,21146,5
"SINDH","SHAHEED BENAZIRABAD","NAUSHAHRO FEROZE","KANDIARO","TALUKA","TOTAL",356506,176042,180453,11,312124,153890,158228,6,44382,22152,22225,5
"SINDH","SHAHEED BENAZIRABAD","NAUSHAHRO FEROZE","KANDIARO","TALUKA","URDU",2517,1285,1232,NA,803,414,389,NA,1714,871,843,NA
"SINDH","LARKANA","KASHMORE","KASHMORE","TALUKA","BALOCHI",24753,12261,12491,1,21729,10748,10981,NA,3024,1513,1510,1
"SINDH","LARKANA","KASHMORE","KASHMORE","TALUKA","BALTI",NA,NA,NA,NA,NA,NA,NA,NA,NA,NA,NA,NA
"SINDH","LARKANA","KASHMORE","KASHMORE","TALUKA","BRAHVI",126,68,58,NA,122,67,55,NA,4,1,3,NA
"SINDH","LARKANA","KASHMORE","KASHMORE","TALUKA","HINDKO",132,66,66,NA,87,46,41,NA,45,20,25,NA
"SINDH","LARKANA","KASHMORE","KASHMORE","TALUKA","KALASHA",1,1,NA,NA,NA,NA,NA,NA,1,1,NA,NA
"SINDH","LARKANA","KASHMORE","KASHMORE","TALUKA","KASHMIRI",16,4,12,NA,10,3,7,NA,6,1,5,NA
"SINDH","LARKANA","KASHMORE","KASHMORE","TALUKA","KOHIOSTANI",2,2,NA,NA,NA,NA,NA,NA,2,2,NA,NA
"SINDH","LARKANA","KASHMORE","KASHMORE","TALUKA","MEWATI",NA,NA,NA,NA,NA,NA,NA,NA,NA,NA,NA,NA
"SINDH","LARKANA","KASHMORE","KASHMORE","TALUKA","OTHERS",74,36,38,NA,61,30,31,NA,13,6,7,NA
"SINDH","LARKANA","KASHMORE","KASHMORE","TALUKA","PUNJABI",643,317,325,1,279,130,149,NA,364,187,176,1
"SINDH","LARKANA","KASHMORE","KASHMORE","TALUKA","PUSHTO",2671,1364,1307,NA,914,478,436,NA,1757,886,871,NA
"SINDH","LARKANA","KASHMORE","KASHMORE","TALUKA","SARAIKI",2376,1165,1210,1,931,439,492,NA,1445,726,718,1
"SINDH","LARKANA","KASHMORE","KASHMORE","TALUKA","SHINA",NA,NA,NA,NA,NA,NA,NA,NA,NA,NA,NA,NA
"SINDH","LARKANA","KASHMORE","KASHMORE","TALUKA","SINDHI",456198,226497,229679,22,366155,182015,184131,9,90043,44482,45548,13
"SINDH","LARKANA","KASHMORE","KASHMORE","TALUKA","TOTAL",487601,242090,245486,25,390515,194072,196434,9,97086,48018,49052,16
"SINDH","LARKANA","KASHMORE","KASHMORE","TALUKA","URDU",609,309,300,NA,227,116,111,NA,382,193,189,NA
"SINDH","SHAHEED BENAZIRABAD","SHAHEED BENAZIRABAD","KAZI AHMED","TALUKA","BALOCHI",2409,1213,1196,NA,2223,1122,1101,NA,186,91,95,NA
"SINDH","SHAHEED BENAZIRABAD","SHAHEED BENAZIRABAD","KAZI AHMED","TALUKA","BALTI",NA,NA,NA,NA,NA,NA,NA,NA,NA,NA,NA,NA
"SINDH","SHAHEED BENAZIRABAD","SHAHEED BENAZIRABAD","KAZI AHMED","TALUKA","BRAHVI",447,226,221,NA,412,207,205,NA,35,19,16,NA
"SINDH","SHAHEED BENAZIRABAD","SHAHEED BENAZIRABAD","KAZI AHMED","TALUKA","HINDKO",658,349,309,NA,524,275,249,NA,134,74,60,NA
"SINDH","SHAHEED BENAZIRABAD","SHAHEED BENAZIRABAD","KAZI AHMED","TALUKA","KALASHA",NA,NA,NA,NA,NA,NA,NA,NA,NA,NA,NA,NA
"SINDH","SHAHEED BENAZIRABAD","SHAHEED BENAZIRABAD","KAZI AHMED","TALUKA","KASHMIRI",NA,NA,NA,NA,NA,NA,NA,NA,NA,NA,NA,NA
"SINDH","SHAHEED BENAZIRABAD","SHAHEED BENAZIRABAD","KAZI AHMED","TALUKA","KOHIOSTANI",NA,NA,NA,NA,NA,NA,NA,NA,NA,NA,NA,NA
"SINDH","SHAHEED BENAZIRABAD","SHAHEED BENAZIRABAD","KAZI AHMED","TALUKA","MEWATI",4,2,2,NA,NA,NA,NA,NA,4,2,2,NA
"SINDH","SHAHEED BENAZIRABAD","SHAHEED BENAZIRABAD","KAZI AHMED","TALUKA","OTHERS",196,100,96,NA,88,45,43,NA,108,55,53,NA
"SINDH","SHAHEED BENAZIRABAD","SHAHEED BENAZIRABAD","KAZI AHMED","TALUKA","PUNJABI",11281,5620,5661,NA,8460,4184,4276,NA,2821,1436,1385,NA
"SINDH","SHAHEED BENAZIRABAD","SHAHEED BENAZIRABAD","KAZI AHMED","TALUKA","PUSHTO",1140,558,582,NA,803,385,418,NA,337,173,164,NA
"SINDH","SHAHEED BENAZIRABAD","SHAHEED BENAZIRABAD","KAZI AHMED","TALUKA","SARAIKI",3430,1681,1749,NA,3309,1617,1692,NA,121,64,57,NA
"SINDH","SHAHEED BENAZIRABAD","SHAHEED BENAZIRABAD","KAZI AHMED","TALUKA","SHINA",NA,NA,NA,NA,NA,NA,NA,NA,NA,NA,NA,NA
"SINDH","SHAHEED BENAZIRABAD","SHAHEED BENAZIRABAD","KAZI AHMED","TALUKA","SINDHI",379441,186032,193386,23,334029,163531,170492,6,45412,22501,22894,17
"SINDH","SHAHEED BENAZIRABAD","SHAHEED BENAZIRABAD","KAZI AHMED","TALUKA","TOTAL",402797,197721,205053,23,350034,171468,178560,6,52763,26253,26493,17
"SINDH","SHAHEED BENAZIRABAD","SHAHEED BENAZIRABAD","KAZI AHMED","TALUKA","URDU",3791,1940,1851,NA,186,102,84,NA,3605,1838,1767,NA
"SINDH","KARACHI","KEAMARI","KEAMARI","SUB-DIVISION","BALOCHI",2166,1028,1138,NA,NA,NA,NA,NA,2166,1028,1138,NA
"SINDH","KARACHI","KEAMARI","KEAMARI","SUB-DIVISION","BALTI",436,222,214,NA,NA,NA,NA,NA,436,222,214,NA
"SINDH","KARACHI","KEAMARI","KEAMARI","SUB-DIVISION","BRAHVI",83,29,54,NA,NA,NA,NA,NA,83,29,54,NA
"SINDH","KARACHI","KEAMARI","KEAMARI","SUB-DIVISION","HINDKO",21397,10102,11295,NA,NA,NA,NA,NA,21397,10102,11295,NA
"SINDH","KARACHI","KEAMARI","KEAMARI","SUB-DIVISION","KALASHA",2,NA,2,NA,NA,NA,NA,NA,2,NA,2,NA
"SINDH","KARACHI","KEAMARI","KEAMARI","SUB-DIVISION","KASHMIRI",1102,485,617,NA,NA,NA,NA,NA,1102,485,617,NA
"SINDH","KARACHI","KEAMARI","KEAMARI","SUB-DIVISION","KOHIOSTANI",76,33,43,NA,NA,NA,NA,NA,76,33,43,NA
"SINDH","KARACHI","KEAMARI","KEAMARI","SUB-DIVISION","MEWATI",84,24,60,NA,NA,NA,NA,NA,84,24,60,NA
"SINDH","KARACHI","KEAMARI","KEAMARI","SUB-DIVISION","OTHERS",87146,40646,46492,8,NA,NA,NA,NA,87146,40646,46492,8
"SINDH","KARACHI","KEAMARI","KEAMARI","SUB-DIVISION","PUNJABI",29879,13804,16067,8,NA,NA,NA,NA,29879,13804,16067,8
"SINDH","KARACHI","KEAMARI","KEAMARI","SUB-DIVISION","PUSHTO",205344,94541,110781,22,NA,NA,NA,NA,205344,94541,110781,22
"SINDH","KARACHI","KEAMARI","KEAMARI","SUB-DIVISION","SARAIKI",18842,8562,10276,4,NA,NA,NA,NA,18842,8562,10276,4
"SINDH","KARACHI","KEAMARI","KEAMARI","SUB-DIVISION","SHINA",90,41,49,NA,NA,NA,NA,NA,90,41,49,NA
"SINDH","KARACHI","KEAMARI","KEAMARI","SUB-DIVISION","SINDHI",35469,16490,18972,7,NA,NA,NA,NA,35469,16490,18972,7
"SINDH","KARACHI","KEAMARI","KEAMARI","SUB-DIVISION","TOTAL",451147,208348,242749,50,NA,NA,NA,NA,451147,208348,242749,50
"SINDH","KARACHI","KEAMARI","KEAMARI","SUB-DIVISION","URDU",49031,22341,26689,1,NA,NA,NA,NA,49031,22341,26689,1
"SINDH","HYDERABAD","THATTA","KETI BUNDER","TALUKA","BALOCHI",10,6,4,NA,10,6,4,NA,NA,NA,NA,NA
"SINDH","HYDERABAD","THATTA","KETI BUNDER","TALUKA","BALTI",NA,NA,NA,NA,NA,NA,NA,NA,NA,NA,NA,NA
"SINDH","HYDERABAD","THATTA","KETI BUNDER","TALUKA","BRAHVI",NA,NA,NA,NA,NA,NA,NA,NA,NA,NA,NA,NA
"SINDH","HYDERABAD","THATTA","KETI BUNDER","TALUKA","HINDKO",5,2,3,NA,5,2,3,NA,NA,NA,NA,NA
"SINDH","HYDERABAD","THATTA","KETI BUNDER","TALUKA","KALASHA",NA,NA,NA,NA,NA,NA,NA,NA,NA,NA,NA,NA
"SINDH","HYDERABAD","THATTA","KETI BUNDER","TALUKA","KASHMIRI",1,1,NA,NA,1,1,NA,NA,NA,NA,NA,NA
"SINDH","HYDERABAD","THATTA","KETI BUNDER","TALUKA","KOHIOSTANI",NA,NA,NA,NA,NA,NA,NA,NA,NA,NA,NA,NA
"SINDH","HYDERABAD","THATTA","KETI BUNDER","TALUKA","MEWATI",NA,NA,NA,NA,NA,NA,NA,NA,NA,NA,NA,NA
"SINDH","HYDERABAD","THATTA","KETI BUNDER","TALUKA","OTHERS",2,1,1,NA,2,1,1,NA,NA,NA,NA,NA
"SINDH","HYDERABAD","THATTA","KETI BUNDER","TALUKA","PUNJABI",46,20,26,NA,46,20,26,NA,NA,NA,NA,NA
"SINDH","HYDERABAD","THATTA","KETI BUNDER","TALUKA","PUSHTO",126,48,78,NA,126,48,78,NA,NA,NA,NA,NA
"SINDH","HYDERABAD","THATTA","KETI BUNDER","TALUKA","SARAIKI",22,4,18,NA,22,4,18,NA,NA,NA,NA,NA
"SINDH","HYDERABAD","THATTA","KETI BUNDER","TALUKA","SHINA",NA,NA,NA,NA,NA,NA,NA,NA,NA,NA,NA,NA
"SINDH","HYDERABAD","THATTA","KETI BUNDER","TALUKA","SINDHI",62984,30479,32504,1,62984,30479,32504,1,NA,NA,NA,NA
"SINDH","HYDERABAD","THATTA","KETI BUNDER","TALUKA","TOTAL",63217,30571,32645,1,63217,30571,32645,1,NA,NA,NA,NA
"SINDH","HYDERABAD","THATTA","KETI BUNDER","TALUKA","URDU",21,10,11,NA,21,10,11,NA,NA,NA,NA,NA
"SINDH","SUKKUR","KHAIRPUR","KHAIRPUR","TALUKA","BALOCHI",7004,3467,3537,NA,6059,3018,3041,NA,945,449,496,NA
"SINDH","SUKKUR","KHAIRPUR","KHAIRPUR","TALUKA","BALTI",NA,NA,NA,NA,NA,NA,NA,NA,NA,NA,NA,NA
"SINDH","SUKKUR","KHAIRPUR","KHAIRPUR","TALUKA","BRAHVI",131,59,72,NA,55,26,29,NA,76,33,43,NA
"SINDH","SUKKUR","KHAIRPUR","KHAIRPUR","TALUKA","HINDKO",529,270,259,NA,258,130,128,NA,271,140,131,NA
"SINDH","SUKKUR","KHAIRPUR","KHAIRPUR","TALUKA","KALASHA",NA,NA,NA,NA,NA,NA,NA,NA,NA,NA,NA,NA
"SINDH","SUKKUR","KHAIRPUR","KHAIRPUR","TALUKA","KASHMIRI",3,2,1,NA,1,NA,1,NA,2,2,NA,NA
"SINDH","SUKKUR","KHAIRPUR","KHAIRPUR","TALUKA","KOHIOSTANI",NA,NA,NA,NA,NA,NA,NA,NA,NA,NA,NA,NA
"SINDH","SUKKUR","KHAIRPUR","KHAIRPUR","TALUKA","MEWATI",14,5,9,NA,NA,NA,NA,NA,14,5,9,NA
"SINDH","SUKKUR","KHAIRPUR","KHAIRPUR","TALUKA","OTHERS",496,259,237,NA,1,NA,1,NA,495,259,236,NA
"SINDH","SUKKUR","KHAIRPUR","KHAIRPUR","TALUKA","PUNJABI",2296,1153,1142,1,242,122,120,NA,2054,1031,1022,1
"SINDH","SUKKUR","KHAIRPUR","KHAIRPUR","TALUKA","PUSHTO",912,400,512,NA,190,78,112,NA,722,322,400,NA
"SINDH","SUKKUR","KHAIRPUR","KHAIRPUR","TALUKA","SARAIKI",846,421,425,NA,64,31,33,NA,782,390,392,NA
"SINDH","SUKKUR","KHAIRPUR","KHAIRPUR","TALUKA","SHINA",6,3,3,NA,6,3,3,NA,NA,NA,NA,NA
"SINDH","SUKKUR","KHAIRPUR","KHAIRPUR","TALUKA","SINDHI",446030,222913,223085,32,210623,105103,105515,5,235407,117810,117570,27
"SINDH","SUKKUR","KHAIRPUR","KHAIRPUR","TALUKA","TOTAL",465233,232409,232791,33,217992,108754,109233,5,247241,123655,123558,28
"SINDH","SUKKUR","KHAIRPUR","KHAIRPUR","TALUKA","URDU",6966,3457,3509,NA,493,243,250,NA,6473,3214,3259,NA
"SINDH","HYDERABAD","DADU","KHAIRPUR NATHAN SHAH","TALUKA","BALOCHI",6,2,4,NA,4,1,3,NA,2,1,1,NA
"SINDH","HYDERABAD","DADU","KHAIRPUR NATHAN SHAH","TALUKA","BALTI",NA,NA,NA,NA,NA,NA,NA,NA,NA,NA,NA,NA
"SINDH","HYDERABAD","DADU","KHAIRPUR NATHAN SHAH","TALUKA","BRAHVI",216,95,121,NA,208,91,117,NA,8,4,4,NA
"SINDH","HYDERABAD","DADU","KHAIRPUR NATHAN SHAH","TALUKA","HINDKO",20,13,7,NA,20,13,7,NA,NA,NA,NA,NA
"SINDH","HYDERABAD","DADU","KHAIRPUR NATHAN SHAH","TALUKA","KALASHA",NA,NA,NA,NA,NA,NA,NA,NA,NA,NA,NA,NA
"SINDH","HYDERABAD","DADU","KHAIRPUR NATHAN SHAH","TALUKA","KASHMIRI",NA,NA,NA,NA,NA,NA,NA,NA,NA,NA,NA,NA
"SINDH","HYDERABAD","DADU","KHAIRPUR NATHAN SHAH","TALUKA","KOHIOSTANI",NA,NA,NA,NA,NA,NA,NA,NA,NA,NA,NA,NA
"SINDH","HYDERABAD","DADU","KHAIRPUR NATHAN SHAH","TALUKA","MEWATI",NA,NA,NA,NA,NA,NA,NA,NA,NA,NA,NA,NA
"SINDH","HYDERABAD","DADU","KHAIRPUR NATHAN SHAH","TALUKA","OTHERS",164,92,72,NA,9,8,1,NA,155,84,71,NA
"SINDH","HYDERABAD","DADU","KHAIRPUR NATHAN SHAH","TALUKA","PUNJABI",430,214,216,NA,75,45,30,NA,355,169,186,NA
"SINDH","HYDERABAD","DADU","KHAIRPUR NATHAN SHAH","TALUKA","PUSHTO",307,157,150,NA,236,127,109,NA,71,30,41,NA
"SINDH","HYDERABAD","DADU","KHAIRPUR NATHAN SHAH","TALUKA","SARAIKI",103,47,56,NA,1,NA,1,NA,102,47,55,NA
"SINDH","HYDERABAD","DADU","KHAIRPUR NATHAN SHAH","TALUKA","SHINA",1,NA,1,NA,1,NA,1,NA,NA,NA,NA,NA
"SINDH","HYDERABAD","DADU","KHAIRPUR NATHAN SHAH","TALUKA","SINDHI",378550,187195,191333,22,295807,145828,149963,16,82743,41367,41370,6
"SINDH","HYDERABAD","DADU","KHAIRPUR NATHAN SHAH","TALUKA","TOTAL",379962,187903,192037,22,296429,146148,150265,16,83533,41755,41772,6
"SINDH","HYDERABAD","DADU","KHAIRPUR NATHAN SHAH","TALUKA","URDU",165,88,77,NA,68,35,33,NA,97,53,44,NA
"SINDH","SUKKUR","GHOTKI","KHANGARH","TALUKA","BALOCHI",617,275,342,NA,617,275,342,NA,NA,NA,NA,NA
"SINDH","SUKKUR","GHOTKI","KHANGARH","TALUKA","BALTI",NA,NA,NA,NA,NA,NA,NA,NA,NA,NA,NA,NA
"SINDH","SUKKUR","GHOTKI","KHANGARH","TALUKA","BRAHVI",91,44,47,NA,70,34,36,NA,21,10,11,NA
"SINDH","SUKKUR","GHOTKI","KHANGARH","TALUKA","HINDKO",298,151,147,NA,268,135,133,NA,30,16,14,NA
"SINDH","SUKKUR","GHOTKI","KHANGARH","TALUKA","KALASHA",NA,NA,NA,NA,NA,NA,NA,NA,NA,NA,NA,NA
"SINDH","SUKKUR","GHOTKI","KHANGARH","TALUKA","KASHMIRI",NA,NA,NA,NA,NA,NA,NA,NA,NA,NA,NA,NA
"SINDH","SUKKUR","GHOTKI","KHANGARH","TALUKA","KOHIOSTANI",NA,NA,NA,NA,NA,NA,NA,NA,NA,NA,NA,NA
"SINDH","SUKKUR","GHOTKI","KHANGARH","TALUKA","MEWATI",NA,NA,NA,NA,NA,NA,NA,NA,NA,NA,NA,NA
"SINDH","SUKKUR","GHOTKI","KHANGARH","TALUKA","OTHERS",102,49,53,NA,102,49,53,NA,NA,NA,NA,NA
"SINDH","SUKKUR","GHOTKI","KHANGARH","TALUKA","PUNJABI",516,266,250,NA,502,260,242,NA,14,6,8,NA
"SINDH","SUKKUR","GHOTKI","KHANGARH","TALUKA","PUSHTO",531,261,270,NA,378,185,193,NA,153,76,77,NA
"SINDH","SUKKUR","GHOTKI","KHANGARH","TALUKA","SARAIKI",163,76,87,NA,144,66,78,NA,19,10,9,NA
"SINDH","SUKKUR","GHOTKI","KHANGARH","TALUKA","SHINA",NA,NA,NA,NA,NA,NA,NA,NA,NA,NA,NA,NA
"SINDH","SUKKUR","GHOTKI","KHANGARH","TALUKA","SINDHI",159923,76980,82941,2,127516,61208,66307,1,32407,15772,16634,1
"SINDH","SUKKUR","GHOTKI","KHANGARH","TALUKA","TOTAL",162317,78143,84172,2,129670,62251,67418,1,32647,15892,16754,1
"SINDH","SUKKUR","GHOTKI","KHANGARH","TALUKA","URDU",76,41,35,NA,73,39,34,NA,3,2,1,NA
"SINDH","LARKANA","SHIKARPUR","KHANPUR","TALUKA","BALOCHI",4106,2092,2014,NA,3919,2006,1913,NA,187,86,101,NA
"SINDH","LARKANA","SHIKARPUR","KHANPUR","TALUKA","BALTI",NA,NA,NA,NA,NA,NA,NA,NA,NA,NA,NA,NA
"SINDH","LARKANA","SHIKARPUR","KHANPUR","TALUKA","BRAHVI",6309,3176,3133,NA,6171,3109,3062,NA,138,67,71,NA
"SINDH","LARKANA","SHIKARPUR","KHANPUR","TALUKA","HINDKO",26,14,12,NA,26,14,12,NA,NA,NA,NA,NA
"SINDH","LARKANA","SHIKARPUR","KHANPUR","TALUKA","KALASHA",NA,NA,NA,NA,NA,NA,NA,NA,NA,NA,NA,NA
"SINDH","LARKANA","SHIKARPUR","KHANPUR","TALUKA","KASHMIRI",1,1,NA,NA,1,1,NA,NA,NA,NA,NA,NA
"SINDH","LARKANA","SHIKARPUR","KHANPUR","TALUKA","KOHIOSTANI",NA,NA,NA,NA,NA,NA,NA,NA,NA,NA,NA,NA
"SINDH","LARKANA","SHIKARPUR","KHANPUR","TALUKA","MEWATI",14,8,6,NA,NA,NA,NA,NA,14,8,6,NA
"SINDH","LARKANA","SHIKARPUR","KHANPUR","TALUKA","OTHERS",159,78,81,NA,159,78,81,NA,NA,NA,NA,NA
"SINDH","LARKANA","SHIKARPUR","KHANPUR","TALUKA","PUNJABI",101,49,52,NA,16,5,11,NA,85,44,41,NA
"SINDH","LARKANA","SHIKARPUR","KHANPUR","TALUKA","PUSHTO",440,183,257,NA,409,165,244,NA,31,18,13,NA
"SINDH","LARKANA","SHIKARPUR","KHANPUR","TALUKA","SARAIKI",1338,591,747,NA,1338,591,747,NA,NA,NA,NA,NA
"SINDH","LARKANA","SHIKARPUR","KHANPUR","TALUKA","SHINA",1,1,NA,NA,1,1,NA,NA,NA,NA,NA,NA
"SINDH","LARKANA","SHIKARPUR","KHANPUR","TALUKA","SINDHI",314777,149081,165691,5,301056,142061,158990,5,13721,7020,6701,NA
"SINDH","LARKANA","SHIKARPUR","KHANPUR","TALUKA","TOTAL",331219,157200,174013,6,313167,148067,165095,5,18052,9133,8918,1
"SINDH","LARKANA","SHIKARPUR","KHANPUR","TALUKA","URDU",3947,1926,2020,1,71,36,35,NA,3876,1890,1985,1
"SINDH","HYDERABAD","SUJAWAL","KHARO CHAN","TALUKA","BALOCHI",NA,NA,NA,NA,NA,NA,NA,NA,NA,NA,NA,NA
"SINDH","HYDERABAD","SUJAWAL","KHARO CHAN","TALUKA","BALTI",NA,NA,NA,NA,NA,NA,NA,NA,NA,NA,NA,NA
"SINDH","HYDERABAD","SUJAWAL","KHARO CHAN","TALUKA","BRAHVI",NA,NA,NA,NA,NA,NA,NA,NA,NA,NA,NA,NA
"SINDH","HYDERABAD","SUJAWAL","KHARO CHAN","TALUKA","HINDKO",NA,NA,NA,NA,NA,NA,NA,NA,NA,NA,NA,NA
"SINDH","HYDERABAD","SUJAWAL","KHARO CHAN","TALUKA","KALASHA",NA,NA,NA,NA,NA,NA,NA,NA,NA,NA,NA,NA
"SINDH","HYDERABAD","SUJAWAL","KHARO CHAN","TALUKA","KASHMIRI",NA,NA,NA,NA,NA,NA,NA,NA,NA,NA,NA,NA
"SINDH","HYDERABAD","SUJAWAL","KHARO CHAN","TALUKA","KOHIOSTANI",NA,NA,NA,NA,NA,NA,NA,NA,NA,NA,NA,NA
"SINDH","HYDERABAD","SUJAWAL","KHARO CHAN","TALUKA","MEWATI",NA,NA,NA,NA,NA,NA,NA,NA,NA,NA,NA,NA
"SINDH","HYDERABAD","SUJAWAL","KHARO CHAN","TALUKA","OTHERS",2,2,NA,NA,2,2,NA,NA,NA,NA,NA,NA
"SINDH","HYDERABAD","SUJAWAL","KHARO CHAN","TALUKA","PUNJABI",NA,NA,NA,NA,NA,NA,NA,NA,NA,NA,NA,NA
"SINDH","HYDERABAD","SUJAWAL","KHARO CHAN","TALUKA","PUSHTO",12,7,5,NA,12,7,5,NA,NA,NA,NA,NA
"SINDH","HYDERABAD","SUJAWAL","KHARO CHAN","TALUKA","SARAIKI",NA,NA,NA,NA,NA,NA,NA,NA,NA,NA,NA,NA
"SINDH","HYDERABAD","SUJAWAL","KHARO CHAN","TALUKA","SHINA",NA,NA,NA,NA,NA,NA,NA,NA,NA,NA,NA,NA
"SINDH","HYDERABAD","SUJAWAL","KHARO CHAN","TALUKA","SINDHI",11386,5256,6126,4,11386,5256,6126,4,NA,NA,NA,NA
"SINDH","HYDERABAD","SUJAWAL","KHARO CHAN","TALUKA","TOTAL",11403,5267,6132,4,11403,5267,6132,4,NA,NA,NA,NA
"SINDH","HYDERABAD","SUJAWAL","KHARO CHAN","TALUKA","URDU",3,2,1,NA,3,2,1,NA,NA,NA,NA,NA
"SINDH","SHAHEED BENAZIRABAD","SANGHAR","KHIPRO","TALUKA","BALOCHI",1780,892,887,1,625,321,304,NA,1155,571,583,1
"SINDH","SHAHEED BENAZIRABAD","SANGHAR","KHIPRO","TALUKA","BALTI",NA,NA,NA,NA,NA,NA,NA,NA,NA,NA,NA,NA
"SINDH","SHAHEED BENAZIRABAD","SANGHAR","KHIPRO","TALUKA","BRAHVI",15,6,9,NA,1,NA,1,NA,14,6,8,NA
"SINDH","SHAHEED BENAZIRABAD","SANGHAR","KHIPRO","TALUKA","HINDKO",1079,513,566,NA,1043,495,548,NA,36,18,18,NA
"SINDH","SHAHEED BENAZIRABAD","SANGHAR","KHIPRO","TALUKA","KALASHA",NA,NA,NA,NA,NA,NA,NA,NA,NA,NA,NA,NA
"SINDH","SHAHEED BENAZIRABAD","SANGHAR","KHIPRO","TALUKA","KASHMIRI",7,4,3,NA,6,4,2,NA,1,NA,1,NA
"SINDH","SHAHEED BENAZIRABAD","SANGHAR","KHIPRO","TALUKA","KOHIOSTANI",2,1,1,NA,2,1,1,NA,NA,NA,NA,NA
"SINDH","SHAHEED BENAZIRABAD","SANGHAR","KHIPRO","TALUKA","MEWATI",13,5,8,NA,13,5,8,NA,NA,NA,NA,NA
"SINDH","SHAHEED BENAZIRABAD","SANGHAR","KHIPRO","TALUKA","OTHERS",5282,2596,2686,NA,4971,2445,2526,NA,311,151,160,NA
"SINDH","SHAHEED BENAZIRABAD","SANGHAR","KHIPRO","TALUKA","PUNJABI",1786,894,892,NA,444,222,222,NA,1342,672,670,NA
"SINDH","SHAHEED BENAZIRABAD","SANGHAR","KHIPRO","TALUKA","PUSHTO",1338,660,678,NA,364,169,195,NA,974,491,483,NA
"SINDH","SHAHEED BENAZIRABAD","SANGHAR","KHIPRO","TALUKA","SARAIKI",916,464,452,NA,754,382,372,NA,162,82,80,NA
"SINDH","SHAHEED BENAZIRABAD","SANGHAR","KHIPRO","TALUKA","SHINA",NA,NA,NA,NA,NA,NA,NA,NA,NA,NA,NA,NA
"SINDH","SHAHEED BENAZIRABAD","SANGHAR","KHIPRO","TALUKA","SINDHI",340181,166307,173864,10,297714,145561,152148,5,42467,20746,21716,5
"SINDH","SHAHEED BENAZIRABAD","SANGHAR","KHIPRO","TALUKA","TOTAL",366720,179396,187313,11,308413,150829,157579,5,58307,28567,29734,6
"SINDH","SHAHEED BENAZIRABAD","SANGHAR","KHIPRO","TALUKA","URDU",14321,7054,7267,NA,2476,1224,1252,NA,11845,5830,6015,NA
"SINDH","SUKKUR","KHAIRPUR","KINGRI","TALUKA","BALOCHI",965,490,475,NA,806,412,394,NA,159,78,81,NA
"SINDH","SUKKUR","KHAIRPUR","KINGRI","TALUKA","BALTI",NA,NA,NA,NA,NA,NA,NA,NA,NA,NA,NA,NA
"SINDH","SUKKUR","KHAIRPUR","KINGRI","TALUKA","BRAHVI",NA,NA,NA,NA,NA,NA,NA,NA,NA,NA,NA,NA
"SINDH","SUKKUR","KHAIRPUR","KINGRI","TALUKA","HINDKO",95,56,39,NA,58,34,24,NA,37,22,15,NA
"SINDH","SUKKUR","KHAIRPUR","KINGRI","TALUKA","KALASHA",NA,NA,NA,NA,NA,NA,NA,NA,NA,NA,NA,NA
"SINDH","SUKKUR","KHAIRPUR","KINGRI","TALUKA","KASHMIRI",5,5,NA,NA,5,5,NA,NA,NA,NA,NA,NA
"SINDH","SUKKUR","KHAIRPUR","KINGRI","TALUKA","KOHIOSTANI",32,17,15,NA,NA,NA,NA,NA,32,17,15,NA
"SINDH","SUKKUR","KHAIRPUR","KINGRI","TALUKA","MEWATI",1,1,NA,NA,1,1,NA,NA,NA,NA,NA,NA
"SINDH","SUKKUR","KHAIRPUR","KINGRI","TALUKA","OTHERS",57,33,24,NA,27,12,15,NA,30,21,9,NA
"SINDH","SUKKUR","KHAIRPUR","KINGRI","TALUKA","PUNJABI",1360,663,697,NA,1328,649,679,NA,32,14,18,NA
"SINDH","SUKKUR","KHAIRPUR","KINGRI","TALUKA","PUSHTO",321,173,148,NA,226,118,108,NA,95,55,40,NA
"SINDH","SUKKUR","KHAIRPUR","KINGRI","TALUKA","SARAIKI",1179,573,606,NA,1068,524,544,NA,111,49,62,NA
"SINDH","SUKKUR","KHAIRPUR","KINGRI","TALUKA","SHINA",NA,NA,NA,NA,NA,NA,NA,NA,NA,NA,NA,NA
"SINDH","SUKKUR","KHAIRPUR","KINGRI","TALUKA","SINDHI",363789,178989,184782,18,259235,128123,131098,14,104554,50866,53684,4
"SINDH","SUKKUR","KHAIRPUR","KINGRI","TALUKA","TOTAL",370218,182206,187994,18,263846,130413,133419,14,106372,51793,54575,4
"SINDH","SUKKUR","KHAIRPUR","KINGRI","TALUKA","URDU",2414,1206,1208,NA,1092,535,557,NA,1322,671,651,NA
"SINDH","KARACHI","KORANGI","KORANGI","SUB-DIVISION","BALOCHI",9418,4333,5084,1,NA,NA,NA,NA,9418,4333,5084,1
"SINDH","KARACHI","KORANGI","KORANGI","SUB-DIVISION","BALTI",4218,2009,2209,NA,NA,NA,NA,NA,4218,2009,2209,NA
"SINDH","KARACHI","KORANGI","KORANGI","SUB-DIVISION","BRAHVI",975,438,537,NA,NA,NA,NA,NA,975,438,537,NA
"SINDH","KARACHI","KORANGI","KORANGI","SUB-DIVISION","HINDKO",40882,19008,21871,3,NA,NA,NA,NA,40882,19008,21871,3
"SINDH","KARACHI","KORANGI","KORANGI","SUB-DIVISION","KALASHA",34,18,16,NA,NA,NA,NA,NA,34,18,16,NA
"SINDH","KARACHI","KORANGI","KORANGI","SUB-DIVISION","KASHMIRI",3446,1539,1907,NA,NA,NA,NA,NA,3446,1539,1907,NA
"SINDH","KARACHI","KORANGI","KORANGI","SUB-DIVISION","KOHIOSTANI",657,314,343,NA,NA,NA,NA,NA,657,314,343,NA
"SINDH","KARACHI","KORANGI","KORANGI","SUB-DIVISION","MEWATI",5422,2538,2884,NA,NA,NA,NA,NA,5422,2538,2884,NA
"SINDH","KARACHI","KORANGI","KORANGI","SUB-DIVISION","OTHERS",69981,33495,36484,2,NA,NA,NA,NA,69981,33495,36484,2
"SINDH","KARACHI","KORANGI","KORANGI","SUB-DIVISION","PUNJABI",153738,72563,81113,62,NA,NA,NA,NA,153738,72563,81113,62
"SINDH","KARACHI","KORANGI","KORANGI","SUB-DIVISION","PUSHTO",85954,38487,47461,6,NA,NA,NA,NA,85954,38487,47461,6
"SINDH","KARACHI","KORANGI","KORANGI","SUB-DIVISION","SARAIKI",58218,26273,31933,12,NA,NA,NA,NA,58218,26273,31933,12
"SINDH","KARACHI","KORANGI","KORANGI","SUB-DIVISION","SHINA",3677,1684,1993,NA,NA,NA,NA,NA,3677,1684,1993,NA
"SINDH","KARACHI","KORANGI","KORANGI","SUB-DIVISION","SINDHI",105186,46952,58219,15,NA,NA,NA,NA,105186,46952,58219,15
"SINDH","KARACHI","KORANGI","KORANGI","SUB-DIVISION","TOTAL",1362998,642166,720610,222,NA,NA,NA,NA,1362998,642166,720610,222
"SINDH","KARACHI","KORANGI","KORANGI","SUB-DIVISION","URDU",821192,392515,428556,121,NA,NA,NA,NA,821192,392515,428556,121
"SINDH","SUKKUR","KHAIRPUR","KOT DIJI","TALUKA","BALOCHI",1135,531,604,NA,744,344,400,NA,391,187,204,NA
"SINDH","SUKKUR","KHAIRPUR","KOT DIJI","TALUKA","BALTI",NA,NA,NA,NA,NA,NA,NA,NA,NA,NA,NA,NA
"SINDH","SUKKUR","KHAIRPUR","KOT DIJI","TALUKA","BRAHVI",1312,635,677,NA,1310,634,676,NA,2,1,1,NA
"SINDH","SUKKUR","KHAIRPUR","KOT DIJI","TALUKA","HINDKO",1148,601,547,NA,980,513,467,NA,168,88,80,NA
"SINDH","SUKKUR","KHAIRPUR","KOT DIJI","TALUKA","KALASHA",NA,NA,NA,NA,NA,NA,NA,NA,NA,NA,NA,NA
"SINDH","SUKKUR","KHAIRPUR","KOT DIJI","TALUKA","KASHMIRI",2,NA,2,NA,2,NA,2,NA,NA,NA,NA,NA
"SINDH","SUKKUR","KHAIRPUR","KOT DIJI","TALUKA","KOHIOSTANI",NA,NA,NA,NA,NA,NA,NA,NA,NA,NA,NA,NA
"SINDH","SUKKUR","KHAIRPUR","KOT DIJI","TALUKA","MEWATI",NA,NA,NA,NA,NA,NA,NA,NA,NA,NA,NA,NA
"SINDH","SUKKUR","KHAIRPUR","KOT DIJI","TALUKA","OTHERS",53,27,26,NA,38,20,18,NA,15,7,8,NA
"SINDH","SUKKUR","KHAIRPUR","KOT DIJI","TALUKA","PUNJABI",857,442,415,NA,608,314,294,NA,249,128,121,NA
"SINDH","SUKKUR","KHAIRPUR","KOT DIJI","TALUKA","PUSHTO",746,388,358,NA,340,178,162,NA,406,210,196,NA
"SINDH","SUKKUR","KHAIRPUR","KOT DIJI","TALUKA","SARAIKI",162,92,70,NA,150,84,66,NA,12,8,4,NA
"SINDH","SUKKUR","KHAIRPUR","KOT DIJI","TALUKA","SHINA",NA,NA,NA,NA,NA,NA,NA,NA,NA,NA,NA,NA
"SINDH","SUKKUR","KHAIRPUR","KOT DIJI","TALUKA","SINDHI",380324,184424,195878,22,287216,139275,147939,2,93108,45149,47939,20
"SINDH","SUKKUR","KHAIRPUR","KOT DIJI","TALUKA","TOTAL",385872,187216,198634,22,291472,141411,150059,2,94400,45805,48575,20
"SINDH","SUKKUR","KHAIRPUR","KOT DIJI","TALUKA","URDU",133,76,57,NA,84,49,35,NA,49,27,22,NA
"SINDH","MIRPUR KHAS","MIRPUR KHAS","KOT GHULAM MUHAMMAD","TALUKA","BALOCHI",2420,1162,1258,NA,1920,914,1006,NA,500,248,252,NA
"SINDH","MIRPUR KHAS","MIRPUR KHAS","KOT GHULAM MUHAMMAD","TALUKA","BALTI",NA,NA,NA,NA,NA,NA,NA,NA,NA,NA,NA,NA
"SINDH","MIRPUR KHAS","MIRPUR KHAS","KOT GHULAM MUHAMMAD","TALUKA","BRAHVI",4,2,2,NA,3,1,2,NA,1,1,NA,NA
"SINDH","MIRPUR KHAS","MIRPUR KHAS","KOT GHULAM MUHAMMAD","TALUKA","HINDKO",5791,2761,3030,NA,3499,1651,1848,NA,2292,1110,1182,NA
"SINDH","MIRPUR KHAS","MIRPUR KHAS","KOT GHULAM MUHAMMAD","TALUKA","KALASHA",NA,NA,NA,NA,NA,NA,NA,NA,NA,NA,NA,NA
"SINDH","MIRPUR KHAS","MIRPUR KHAS","KOT GHULAM MUHAMMAD","TALUKA","KASHMIRI",1,NA,1,NA,1,NA,1,NA,NA,NA,NA,NA
"SINDH","MIRPUR KHAS","MIRPUR KHAS","KOT GHULAM MUHAMMAD","TALUKA","KOHIOSTANI",1,NA,1,NA,1,NA,1,NA,NA,NA,NA,NA
"SINDH","MIRPUR KHAS","MIRPUR KHAS","KOT GHULAM MUHAMMAD","TALUKA","MEWATI",4478,2106,2372,NA,4310,2032,2278,NA,168,74,94,NA
"SINDH","MIRPUR KHAS","MIRPUR KHAS","KOT GHULAM MUHAMMAD","TALUKA","OTHERS",13027,6229,6798,NA,10961,5241,5720,NA,2066,988,1078,NA
"SINDH","MIRPUR KHAS","MIRPUR KHAS","KOT GHULAM MUHAMMAD","TALUKA","PUNJABI",17438,8368,9068,2,12605,6036,6567,2,4833,2332,2501,NA
"SINDH","MIRPUR KHAS","MIRPUR KHAS","KOT GHULAM MUHAMMAD","TALUKA","PUSHTO",627,305,322,NA,412,207,205,NA,215,98,117,NA
"SINDH","MIRPUR KHAS","MIRPUR KHAS","KOT GHULAM MUHAMMAD","TALUKA","SARAIKI",1003,501,502,NA,667,334,333,NA,336,167,169,NA
"SINDH","MIRPUR KHAS","MIRPUR KHAS","KOT GHULAM MUHAMMAD","TALUKA","SHINA",NA,NA,NA,NA,NA,NA,NA,NA,NA,NA,NA,NA
"SINDH","MIRPUR KHAS","MIRPUR KHAS","KOT GHULAM MUHAMMAD","TALUKA","SINDHI",252043,120032,132008,3,241809,115102,126706,1,10234,4930,5302,2
"SINDH","MIRPUR KHAS","MIRPUR KHAS","KOT GHULAM MUHAMMAD","TALUKA","TOTAL",309901,147613,162283,5,279988,133299,146686,3,29913,14314,15597,2
"SINDH","MIRPUR KHAS","MIRPUR KHAS","KOT GHULAM MUHAMMAD","TALUKA","URDU",13068,6147,6921,NA,3800,1781,2019,NA,9268,4366,4902,NA
"SINDH","HYDERABAD","JAMSHORO","KOTRI","TALUKA","BALOCHI",6027,2922,3104,1,2410,1190,1219,1,3617,1732,1885,NA
"SINDH","HYDERABAD","JAMSHORO","KOTRI","TALUKA","BALTI",5,3,2,NA,NA,NA,NA,NA,5,3,2,NA
"SINDH","HYDERABAD","JAMSHORO","KOTRI","TALUKA","BRAHVI",1650,820,830,NA,62,27,35,NA,1588,793,795,NA
"SINDH","HYDERABAD","JAMSHORO","KOTRI","TALUKA","HINDKO",3175,1551,1624,NA,1114,544,570,NA,2061,1007,1054,NA
"SINDH","HYDERABAD","JAMSHORO","KOTRI","TALUKA","KALASHA",NA,NA,NA,NA,NA,NA,NA,NA,NA,NA,NA,NA
"SINDH","HYDERABAD","JAMSHORO","KOTRI","TALUKA","KASHMIRI",200,95,105,NA,6,1,5,NA,194,94,100,NA
"SINDH","HYDERABAD","JAMSHORO","KOTRI","TALUKA","KOHIOSTANI",91,42,49,NA,6,3,3,NA,85,39,46,NA
"SINDH","HYDERABAD","JAMSHORO","KOTRI","TALUKA","MEWATI",390,170,220,NA,31,14,17,NA,359,156,203,NA
"SINDH","HYDERABAD","JAMSHORO","KOTRI","TALUKA","OTHERS",1670,796,874,NA,562,258,304,NA,1108,538,570,NA
"SINDH","HYDERABAD","JAMSHORO","KOTRI","TALUKA","PUNJABI",25098,11976,13121,1,1446,685,761,NA,23652,11291,12360,1
"SINDH","HYDERABAD","JAMSHORO","KOTRI","TALUKA","PUSHTO",20137,9714,10421,2,538,265,273,NA,19599,9449,10148,2
"SINDH","HYDERABAD","JAMSHORO","KOTRI","TALUKA","SARAIKI",4090,1939,2151,NA,223,115,108,NA,3867,1824,2043,NA
"SINDH","HYDERABAD","JAMSHORO","KOTRI","TALUKA","SHINA",2,1,1,NA,NA,NA,NA,NA,2,1,1,NA
"SINDH","HYDERABAD","JAMSHORO","KOTRI","TALUKA","SINDHI",368905,178038,190829,38,100461,47568,52893,NA,268444,130470,137936,38
"SINDH","HYDERABAD","JAMSHORO","KOTRI","TALUKA","TOTAL",472003,227856,244105,42,107585,50999,56585,1,364418,176857,187520,41
"SINDH","HYDERABAD","JAMSHORO","KOTRI","TALUKA","URDU",40563,19789,20774,NA,726,329,397,NA,39837,19460,20377,NA
"SINDH","MIRPUR KHAS","UMER KOT","KUNRI","TALUKA","BALOCHI",1850,917,932,1,492,238,254,NA,1358,679,678,1
"SINDH","MIRPUR KHAS","UMER KOT","KUNRI","TALUKA","BALTI",NA,NA,NA,NA,NA,NA,NA,NA,NA,NA,NA,NA
"SINDH","MIRPUR KHAS","UMER KOT","KUNRI","TALUKA","BRAHVI",NA,NA,NA,NA,NA,NA,NA,NA,NA,NA,NA,NA
"SINDH","MIRPUR KHAS","UMER KOT","KUNRI","TALUKA","HINDKO",1501,742,759,NA,1448,716,732,NA,53,26,27,NA
"SINDH","MIRPUR KHAS","UMER KOT","KUNRI","TALUKA","KALASHA",NA,NA,NA,NA,NA,NA,NA,NA,NA,NA,NA,NA
"SINDH","MIRPUR KHAS","UMER KOT","KUNRI","TALUKA","KASHMIRI",NA,NA,NA,NA,NA,NA,NA,NA,NA,NA,NA,NA
"SINDH","MIRPUR KHAS","UMER KOT","KUNRI","TALUKA","KOHIOSTANI",NA,NA,NA,NA,NA,NA,NA,NA,NA,NA,NA,NA
"SINDH","MIRPUR KHAS","UMER KOT","KUNRI","TALUKA","MEWATI",NA,NA,NA,NA,NA,NA,NA,NA,NA,NA,NA,NA
"SINDH","MIRPUR KHAS","UMER KOT","KUNRI","TALUKA","OTHERS",3608,1698,1910,NA,3463,1621,1842,NA,145,77,68,NA
"SINDH","MIRPUR KHAS","UMER KOT","KUNRI","TALUKA","PUNJABI",13640,6607,7033,NA,5641,2680,2961,NA,7999,3927,4072,NA
"SINDH","MIRPUR KHAS","UMER KOT","KUNRI","TALUKA","PUSHTO",1768,869,899,NA,842,396,446,NA,926,473,453,NA
"SINDH","MIRPUR KHAS","UMER KOT","KUNRI","TALUKA","SARAIKI",734,348,386,NA,431,210,221,NA,303,138,165,NA
"SINDH","MIRPUR KHAS","UMER KOT","KUNRI","TALUKA","SHINA",NA,NA,NA,NA,NA,NA,NA,NA,NA,NA,NA,NA
"SINDH","MIRPUR KHAS","UMER KOT","KUNRI","TALUKA","SINDHI",205541,98259,107280,2,180882,86407,94473,2,24659,11852,12807,NA
"SINDH","MIRPUR KHAS","UMER KOT","KUNRI","TALUKA","TOTAL",236831,113468,123360,3,196380,93832,102546,2,40451,19636,20814,1
"SINDH","MIRPUR KHAS","UMER KOT","KUNRI","TALUKA","URDU",8189,4028,4161,NA,3181,1564,1617,NA,5008,2464,2544,NA
"SINDH","LARKANA","SHIKARPUR","LAKHI","TALUKA","BALOCHI",12,8,4,NA,2,1,1,NA,10,7,3,NA
"SINDH","LARKANA","SHIKARPUR","LAKHI","TALUKA","BALTI",NA,NA,NA,NA,NA,NA,NA,NA,NA,NA,NA,NA
"SINDH","LARKANA","SHIKARPUR","LAKHI","TALUKA","BRAHVI",761,380,381,NA,761,380,381,NA,NA,NA,NA,NA
"SINDH","LARKANA","SHIKARPUR","LAKHI","TALUKA","HINDKO",11,5,6,NA,11,5,6,NA,NA,NA,NA,NA
"SINDH","LARKANA","SHIKARPUR","LAKHI","TALUKA","KALASHA",NA,NA,NA,NA,NA,NA,NA,NA,NA,NA,NA,NA
"SINDH","LARKANA","SHIKARPUR","LAKHI","TALUKA","KASHMIRI",NA,NA,NA,NA,NA,NA,NA,NA,NA,NA,NA,NA
"SINDH","LARKANA","SHIKARPUR","LAKHI","TALUKA","KOHIOSTANI",NA,NA,NA,NA,NA,NA,NA,NA,NA,NA,NA,NA
"SINDH","LARKANA","SHIKARPUR","LAKHI","TALUKA","MEWATI",356,165,191,NA,356,165,191,NA,NA,NA,NA,NA
"SINDH","LARKANA","SHIKARPUR","LAKHI","TALUKA","OTHERS",24,10,14,NA,24,10,14,NA,NA,NA,NA,NA
"SINDH","LARKANA","SHIKARPUR","LAKHI","TALUKA","PUNJABI",31,12,19,NA,10,5,5,NA,21,7,14,NA
"SINDH","LARKANA","SHIKARPUR","LAKHI","TALUKA","PUSHTO",217,109,108,NA,137,67,70,NA,80,42,38,NA
"SINDH","LARKANA","SHIKARPUR","LAKHI","TALUKA","SARAIKI",NA,NA,NA,NA,NA,NA,NA,NA,NA,NA,NA,NA
"SINDH","LARKANA","SHIKARPUR","LAKHI","TALUKA","SHINA",NA,NA,NA,NA,NA,NA,NA,NA,NA,NA,NA,NA
"SINDH","LARKANA","SHIKARPUR","LAKHI","TALUKA","SINDHI",298422,150869,147538,15,239855,120431,119413,11,58567,30438,28125,4
"SINDH","LARKANA","SHIKARPUR","LAKHI","TALUKA","TOTAL",300490,151892,148583,15,241427,121199,120217,11,59063,30693,28366,4
"SINDH","LARKANA","SHIKARPUR","LAKHI","TALUKA","URDU",656,334,322,NA,271,135,136,NA,385,199,186,NA
"SINDH","KARACHI","KORANGI","LANDHI","SUB-DIVISION","BALOCHI",1988,966,1022,NA,NA,NA,NA,NA,1988,966,1022,NA
"SINDH","KARACHI","KORANGI","LANDHI","SUB-DIVISION","BALTI",1934,924,1010,NA,NA,NA,NA,NA,1934,924,1010,NA
"SINDH","KARACHI","KORANGI","LANDHI","SUB-DIVISION","BRAHVI",91,35,56,NA,NA,NA,NA,NA,91,35,56,NA
"SINDH","KARACHI","KORANGI","LANDHI","SUB-DIVISION","HINDKO",6813,3189,3624,NA,NA,NA,NA,NA,6813,3189,3624,NA
"SINDH","KARACHI","KORANGI","LANDHI","SUB-DIVISION","KALASHA",18,8,10,NA,NA,NA,NA,NA,18,8,10,NA
"SINDH","KARACHI","KORANGI","LANDHI","SUB-DIVISION","KASHMIRI",617,273,344,NA,NA,NA,NA,NA,617,273,344,NA
"SINDH","KARACHI","KORANGI","LANDHI","SUB-DIVISION","KOHIOSTANI",49,25,24,NA,NA,NA,NA,NA,49,25,24,NA
"SINDH","KARACHI","KORANGI","LANDHI","SUB-DIVISION","MEWATI",315,150,165,NA,NA,NA,NA,NA,315,150,165,NA
"SINDH","KARACHI","KORANGI","LANDHI","SUB-DIVISION","OTHERS",19684,9187,10496,1,NA,NA,NA,NA,19684,9187,10496,1
"SINDH","KARACHI","KORANGI","LANDHI","SUB-DIVISION","PUNJABI",18370,8536,9809,25,NA,NA,NA,NA,18370,8536,9809,25
"SINDH","KARACHI","KORANGI","LANDHI","SUB-DIVISION","PUSHTO",10812,4940,5872,NA,NA,NA,NA,NA,10812,4940,5872,NA
"SINDH","KARACHI","KORANGI","LANDHI","SUB-DIVISION","SARAIKI",4257,1796,2461,NA,NA,NA,NA,NA,4257,1796,2461,NA
"SINDH","KARACHI","KORANGI","LANDHI","SUB-DIVISION","SHINA",2404,1054,1350,NA,NA,NA,NA,NA,2404,1054,1350,NA
"SINDH","KARACHI","KORANGI","LANDHI","SUB-DIVISION","SINDHI",22953,10193,12730,30,NA,NA,NA,NA,22953,10193,12730,30
"SINDH","KARACHI","KORANGI","LANDHI","SUB-DIVISION","TOTAL",681293,323408,357792,93,NA,NA,NA,NA,681293,323408,357792,93
"SINDH","KARACHI","KORANGI","LANDHI","SUB-DIVISION","URDU",590988,282132,308819,37,NA,NA,NA,NA,590988,282132,308819,37
"SINDH","LARKANA","LARKANA","LARKANA","TALUKA","BALOCHI",2019,947,1070,2,1739,819,920,NA,280,128,150,2
"SINDH","LARKANA","LARKANA","LARKANA","TALUKA","BALTI",1,1,NA,NA,NA,NA,NA,NA,1,1,NA,NA
"SINDH","LARKANA","LARKANA","LARKANA","TALUKA","BRAHVI",2208,1057,1151,NA,1247,595,652,NA,961,462,499,NA
"SINDH","LARKANA","LARKANA","LARKANA","TALUKA","HINDKO",114,43,71,NA,95,32,63,NA,19,11,8,NA
"SINDH","LARKANA","LARKANA","LARKANA","TALUKA","KALASHA",NA,NA,NA,NA,NA,NA,NA,NA,NA,NA,NA,NA
"SINDH","LARKANA","LARKANA","LARKANA","TALUKA","KASHMIRI",48,24,19,5,NA,NA,NA,NA,48,24,19,5
"SINDH","LARKANA","LARKANA","LARKANA","TALUKA","KOHIOSTANI",1,1,NA,NA,NA,NA,NA,NA,1,1,NA,NA
"SINDH","LARKANA","LARKANA","LARKANA","TALUKA","MEWATI",66,23,43,NA,35,11,24,NA,31,12,19,NA
"SINDH","LARKANA","LARKANA","LARKANA","TALUKA","OTHERS",58,34,24,NA,10,5,5,NA,48,29,19,NA
"SINDH","LARKANA","LARKANA","LARKANA","TALUKA","PUNJABI",183,84,98,1,6,6,NA,NA,177,78,98,1
"SINDH","LARKANA","LARKANA","LARKANA","TALUKA","PUSHTO",771,358,412,1,221,104,117,NA,550,254,295,1
"SINDH","LARKANA","LARKANA","LARKANA","TALUKA","SARAIKI",120,47,69,4,6,1,5,NA,114,46,64,4
"SINDH","LARKANA","LARKANA","LARKANA","TALUKA","SHINA",3,3,NA,NA,NA,NA,NA,NA,3,3,NA,NA
"SINDH","LARKANA","LARKANA","LARKANA","TALUKA","SINDHI",867781,410512,457195,74,318741,151326,167395,20,549040,259186,289800,54
"SINDH","LARKANA","LARKANA","LARKANA","TALUKA","TOTAL",873868,413375,460406,87,322152,152925,169207,20,551716,260450,291199,67
"SINDH","LARKANA","LARKANA","LARKANA","TALUKA","URDU",495,241,254,NA,52,26,26,NA,443,215,228,NA
"SINDH","HYDERABAD","HYDERABAD","LATIFABAD","TALUKA","BALOCHI",8307,3931,4375,1,NA,NA,NA,NA,8307,3931,4375,1
"SINDH","HYDERABAD","HYDERABAD","LATIFABAD","TALUKA","BALTI",11,5,6,NA,NA,NA,NA,NA,11,5,6,NA
"SINDH","HYDERABAD","HYDERABAD","LATIFABAD","TALUKA","BRAHVI",2112,980,1132,NA,NA,NA,NA,NA,2112,980,1132,NA
"SINDH","HYDERABAD","HYDERABAD","LATIFABAD","TALUKA","HINDKO",7672,3642,4029,1,NA,NA,NA,NA,7672,3642,4029,1
"SINDH","HYDERABAD","HYDERABAD","LATIFABAD","TALUKA","KALASHA",121,59,62,NA,NA,NA,NA,NA,121,59,62,NA
"SINDH","HYDERABAD","HYDERABAD","LATIFABAD","TALUKA","KASHMIRI",308,131,177,NA,NA,NA,NA,NA,308,131,177,NA
"SINDH","HYDERABAD","HYDERABAD","LATIFABAD","TALUKA","KOHIOSTANI",146,66,80,NA,NA,NA,NA,NA,146,66,80,NA
"SINDH","HYDERABAD","HYDERABAD","LATIFABAD","TALUKA","MEWATI",2605,1171,1433,1,NA,NA,NA,NA,2605,1171,1433,1
"SINDH","HYDERABAD","HYDERABAD","LATIFABAD","TALUKA","OTHERS",19849,9682,10160,7,NA,NA,NA,NA,19849,9682,10160,7
"SINDH","HYDERABAD","HYDERABAD","LATIFABAD","TALUKA","PUNJABI",37579,17790,19774,15,NA,NA,NA,NA,37579,17790,19774,15
"SINDH","HYDERABAD","HYDERABAD","LATIFABAD","TALUKA","PUSHTO",46701,21669,25032,NA,NA,NA,NA,NA,46701,21669,25032,NA
"SINDH","HYDERABAD","HYDERABAD","LATIFABAD","TALUKA","SARAIKI",8067,3783,4281,3,NA,NA,NA,NA,8067,3783,4281,3
"SINDH","HYDERABAD","HYDERABAD","LATIFABAD","TALUKA","SHINA",7,4,3,NA,NA,NA,NA,NA,7,4,3,NA
"SINDH","HYDERABAD","HYDERABAD","LATIFABAD","TALUKA","SINDHI",146468,67264,79193,11,NA,NA,NA,NA,146468,67264,79193,11
"SINDH","HYDERABAD","HYDERABAD","LATIFABAD","TALUKA","TOTAL",800983,378467,422431,85,NA,NA,NA,NA,800983,378467,422431,85
"SINDH","HYDERABAD","HYDERABAD","LATIFABAD","TALUKA","URDU",521030,248290,272694,46,NA,NA,NA,NA,521030,248290,272694,46
"SINDH","KARACHI","KARACHI CENTRAL","LIAQUATABAD","SUB-DIVISION","BALOCHI",7542,3665,3874,3,NA,NA,NA,NA,7542,3665,3874,3
"SINDH","KARACHI","KARACHI CENTRAL","LIAQUATABAD","SUB-DIVISION","BALTI",103,45,58,NA,NA,NA,NA,NA,103,45,58,NA
"SINDH","KARACHI","KARACHI CENTRAL","LIAQUATABAD","SUB-DIVISION","BRAHVI",18,10,8,NA,NA,NA,NA,NA,18,10,8,NA
"SINDH","KARACHI","KARACHI CENTRAL","LIAQUATABAD","SUB-DIVISION","HINDKO",3054,1410,1644,NA,NA,NA,NA,NA,3054,1410,1644,NA
"SINDH","KARACHI","KARACHI CENTRAL","LIAQUATABAD","SUB-DIVISION","KALASHA",NA,NA,NA,NA,NA,NA,NA,NA,NA,NA,NA,NA
"SINDH","KARACHI","KARACHI CENTRAL","LIAQUATABAD","SUB-DIVISION","KASHMIRI",310,132,178,NA,NA,NA,NA,NA,310,132,178,NA
"SINDH","KARACHI","KARACHI CENTRAL","LIAQUATABAD","SUB-DIVISION","KOHIOSTANI",21,12,9,NA,NA,NA,NA,NA,21,12,9,NA
"SINDH","KARACHI","KARACHI CENTRAL","LIAQUATABAD","SUB-DIVISION","MEWATI",223,88,135,NA,NA,NA,NA,NA,223,88,135,NA
"SINDH","KARACHI","KARACHI CENTRAL","LIAQUATABAD","SUB-DIVISION","OTHERS",13283,6173,7101,9,NA,NA,NA,NA,13283,6173,7101,9
"SINDH","KARACHI","KARACHI CENTRAL","LIAQUATABAD","SUB-DIVISION","PUNJABI",17412,7640,9749,23,NA,NA,NA,NA,17412,7640,9749,23
"SINDH","KARACHI","KARACHI CENTRAL","LIAQUATABAD","SUB-DIVISION","PUSHTO",2409,900,1508,1,NA,NA,NA,NA,2409,900,1508,1
"SINDH","KARACHI","KARACHI CENTRAL","LIAQUATABAD","SUB-DIVISION","SARAIKI",9447,3301,6136,10,NA,NA,NA,NA,9447,3301,6136,10
"SINDH","KARACHI","KARACHI CENTRAL","LIAQUATABAD","SUB-DIVISION","SHINA",254,102,152,NA,NA,NA,NA,NA,254,102,152,NA
"SINDH","KARACHI","KARACHI CENTRAL","LIAQUATABAD","SUB-DIVISION","SINDHI",5599,2294,3304,1,NA,NA,NA,NA,5599,2294,3304,1
"SINDH","KARACHI","KARACHI CENTRAL","LIAQUATABAD","SUB-DIVISION","TOTAL",547706,258266,289338,102,NA,NA,NA,NA,547706,258266,289338,102
"SINDH","KARACHI","KARACHI CENTRAL","LIAQUATABAD","SUB-DIVISION","URDU",488031,232494,255482,55,NA,NA,NA,NA,488031,232494,255482,55
"SINDH","KARACHI","KARACHI SOUTH","LYARI","SUB-DIVISION","BALOCHI",249997,120781,129196,20,NA,NA,NA,NA,249997,120781,129196,20
"SINDH","KARACHI","KARACHI SOUTH","LYARI","SUB-DIVISION","BALTI",170,50,120,NA,NA,NA,NA,NA,170,50,120,NA
"SINDH","KARACHI","KARACHI SOUTH","LYARI","SUB-DIVISION","BRAHVI",3931,1834,2096,1,NA,NA,NA,NA,3931,1834,2096,1
"SINDH","KARACHI","KARACHI SOUTH","LYARI","SUB-DIVISION","HINDKO",37575,17454,20119,2,NA,NA,NA,NA,37575,17454,20119,2
"SINDH","KARACHI","KARACHI SOUTH","LYARI","SUB-DIVISION","KALASHA",12,5,7,NA,NA,NA,NA,NA,12,5,7,NA
"SINDH","KARACHI","KARACHI SOUTH","LYARI","SUB-DIVISION","KASHMIRI",1500,689,811,NA,NA,NA,NA,NA,1500,689,811,NA
"SINDH","KARACHI","KARACHI SOUTH","LYARI","SUB-DIVISION","KOHIOSTANI",118,44,74,NA,NA,NA,NA,NA,118,44,74,NA
"SINDH","KARACHI","KARACHI SOUTH","LYARI","SUB-DIVISION","MEWATI",295,132,163,NA,NA,NA,NA,NA,295,132,163,NA
"SINDH","KARACHI","KARACHI SOUTH","LYARI","SUB-DIVISION","OTHERS",144180,69698,74464,18,NA,NA,NA,NA,144180,69698,74464,18
"SINDH","KARACHI","KARACHI SOUTH","LYARI","SUB-DIVISION","PUNJABI",77499,36379,41088,32,NA,NA,NA,NA,77499,36379,41088,32
"SINDH","KARACHI","KARACHI SOUTH","LYARI","SUB-DIVISION","PUSHTO",87353,38923,48429,1,NA,NA,NA,NA,87353,38923,48429,1
"SINDH","KARACHI","KARACHI SOUTH","LYARI","SUB-DIVISION","SARAIKI",14020,6291,7715,14,NA,NA,NA,NA,14020,6291,7715,14
"SINDH","KARACHI","KARACHI SOUTH","LYARI","SUB-DIVISION","SHINA",19,6,13,NA,NA,NA,NA,NA,19,6,13,NA
"SINDH","KARACHI","KARACHI SOUTH","LYARI","SUB-DIVISION","SINDHI",237615,113744,123861,10,NA,NA,NA,NA,237615,113744,123861,10
"SINDH","KARACHI","KARACHI SOUTH","LYARI","SUB-DIVISION","TOTAL",949878,451993,497768,117,NA,NA,NA,NA,949878,451993,497768,117
"SINDH","KARACHI","KARACHI SOUTH","LYARI","SUB-DIVISION","URDU",95594,45963,49612,19,NA,NA,NA,NA,95594,45963,49612,19
"SINDH","KARACHI","KARACHI WEST","MANGHOPIR","SUB-DIVISION","BALOCHI",44211,20725,23484,2,24978,11867,13109,2,19233,8858,10375,NA
"SINDH","KARACHI","KARACHI WEST","MANGHOPIR","SUB-DIVISION","BALTI",592,281,311,NA,430,203,227,NA,162,78,84,NA
"SINDH","KARACHI","KARACHI WEST","MANGHOPIR","SUB-DIVISION","BRAHVI",18941,8999,9942,NA,12946,6198,6748,NA,5995,2801,3194,NA
"SINDH","KARACHI","KARACHI WEST","MANGHOPIR","SUB-DIVISION","HINDKO",12410,5766,6644,NA,5177,2410,2767,NA,7233,3356,3877,NA
"SINDH","KARACHI","KARACHI WEST","MANGHOPIR","SUB-DIVISION","KALASHA",123,63,60,NA,107,56,51,NA,16,7,9,NA
"SINDH","KARACHI","KARACHI WEST","MANGHOPIR","SUB-DIVISION","KASHMIRI",2549,1193,1355,1,1171,549,622,NA,1378,644,733,1
"SINDH","KARACHI","KARACHI WEST","MANGHOPIR","SUB-DIVISION","KOHIOSTANI",627,300,327,NA,399,194,205,NA,228,106,122,NA
"SINDH","KARACHI","KARACHI WEST","MANGHOPIR","SUB-DIVISION","MEWATI",4330,1970,2360,NA,209,92,117,NA,4121,1878,2243,NA
"SINDH","KARACHI","KARACHI WEST","MANGHOPIR","SUB-DIVISION","OTHERS",27867,13146,14720,1,10329,4820,5509,NA,17538,8326,9211,1
"SINDH","KARACHI","KARACHI WEST","MANGHOPIR","SUB-DIVISION","PUNJABI",73612,34451,39148,13,10438,4824,5614,NA,63174,29627,33534,13
"SINDH","KARACHI","KARACHI WEST","MANGHOPIR","SUB-DIVISION","PUSHTO",169149,78415,90730,4,84551,38836,45712,3,84598,39579,45018,1
"SINDH","KARACHI","KARACHI WEST","MANGHOPIR","SUB-DIVISION","SARAIKI",70043,32669,37371,3,13003,6061,6940,2,57040,26608,30431,1
"SINDH","KARACHI","KARACHI WEST","MANGHOPIR","SUB-DIVISION","SHINA",229,99,130,NA,96,43,53,NA,133,56,77,NA
"SINDH","KARACHI","KARACHI WEST","MANGHOPIR","SUB-DIVISION","SINDHI",72841,33675,39165,1,25605,12092,13513,NA,47236,21583,25652,1
"SINDH","KARACHI","KARACHI WEST","MANGHOPIR","SUB-DIVISION","TOTAL",1081753,508614,573084,55,248952,116360,132585,7,832801,392254,440499,48
"SINDH","KARACHI","KARACHI WEST","MANGHOPIR","SUB-DIVISION","URDU",584229,276862,307337,30,59513,28115,31398,NA,524716,248747,275939,30
"SINDH","HYDERABAD","JAMSHORO","MANJHAND","TALUKA","BALOCHI",2587,1285,1302,NA,2587,1285,1302,NA,NA,NA,NA,NA
"SINDH","HYDERABAD","JAMSHORO","MANJHAND","TALUKA","BALTI",NA,NA,NA,NA,NA,NA,NA,NA,NA,NA,NA,NA
"SINDH","HYDERABAD","JAMSHORO","MANJHAND","TALUKA","BRAHVI",2,1,1,NA,2,1,1,NA,NA,NA,NA,NA
"SINDH","HYDERABAD","JAMSHORO","MANJHAND","TALUKA","HINDKO",648,273,375,NA,648,273,375,NA,NA,NA,NA,NA
"SINDH","HYDERABAD","JAMSHORO","MANJHAND","TALUKA","KALASHA",NA,NA,NA,NA,NA,NA,NA,NA,NA,NA,NA,NA
"SINDH","HYDERABAD","JAMSHORO","MANJHAND","TALUKA","KASHMIRI",3,2,1,NA,3,2,1,NA,NA,NA,NA,NA
"SINDH","HYDERABAD","JAMSHORO","MANJHAND","TALUKA","KOHIOSTANI",NA,NA,NA,NA,NA,NA,NA,NA,NA,NA,NA,NA
"SINDH","HYDERABAD","JAMSHORO","MANJHAND","TALUKA","MEWATI",NA,NA,NA,NA,NA,NA,NA,NA,NA,NA,NA,NA
"SINDH","HYDERABAD","JAMSHORO","MANJHAND","TALUKA","OTHERS",329,164,165,NA,328,163,165,NA,1,1,NA,NA
"SINDH","HYDERABAD","JAMSHORO","MANJHAND","TALUKA","PUNJABI",4,3,1,NA,4,3,1,NA,NA,NA,NA,NA
"SINDH","HYDERABAD","JAMSHORO","MANJHAND","TALUKA","PUSHTO",180,80,100,NA,161,72,89,NA,19,8,11,NA
"SINDH","HYDERABAD","JAMSHORO","MANJHAND","TALUKA","SARAIKI",4,1,3,NA,3,NA,3,NA,1,1,NA,NA
"SINDH","HYDERABAD","JAMSHORO","MANJHAND","TALUKA","SHINA",NA,NA,NA,NA,NA,NA,NA,NA,NA,NA,NA,NA
"SINDH","HYDERABAD","JAMSHORO","MANJHAND","TALUKA","SINDHI",158013,75533,82478,2,136445,64881,71562,2,21568,10652,10916,NA
"SINDH","HYDERABAD","JAMSHORO","MANJHAND","TALUKA","TOTAL",161794,77350,84442,2,140203,66686,73515,2,21591,10664,10927,NA
"SINDH","HYDERABAD","JAMSHORO","MANJHAND","TALUKA","URDU",24,8,16,NA,22,6,16,NA,2,2,NA,NA
"SINDH","HYDERABAD","MATIARI","MATIARI","TALUKA","BALOCHI",4239,2022,2217,NA,4223,2012,2211,NA,16,10,6,NA
"SINDH","HYDERABAD","MATIARI","MATIARI","TALUKA","BALTI",NA,NA,NA,NA,NA,NA,NA,NA,NA,NA,NA,NA
"SINDH","HYDERABAD","MATIARI","MATIARI","TALUKA","BRAHVI",72,39,33,NA,72,39,33,NA,NA,NA,NA,NA
"SINDH","HYDERABAD","MATIARI","MATIARI","TALUKA","HINDKO",5843,2834,3009,NA,5502,2678,2824,NA,341,156,185,NA
"SINDH","HYDERABAD","MATIARI","MATIARI","TALUKA","KALASHA",1,1,NA,NA,1,1,NA,NA,NA,NA,NA,NA
"SINDH","HYDERABAD","MATIARI","MATIARI","TALUKA","KASHMIRI",1,1,NA,NA,NA,NA,NA,NA,1,1,NA,NA
"SINDH","HYDERABAD","MATIARI","MATIARI","TALUKA","KOHIOSTANI",NA,NA,NA,NA,NA,NA,NA,NA,NA,NA,NA,NA
"SINDH","HYDERABAD","MATIARI","MATIARI","TALUKA","MEWATI",NA,NA,NA,NA,NA,NA,NA,NA,NA,NA,NA,NA
"SINDH","HYDERABAD","MATIARI","MATIARI","TALUKA","OTHERS",3241,1568,1673,NA,2946,1407,1539,NA,295,161,134,NA
"SINDH","HYDERABAD","MATIARI","MATIARI","TALUKA","PUNJABI",1600,763,837,NA,1393,660,733,NA,207,103,104,NA
"SINDH","HYDERABAD","MATIARI","MATIARI","TALUKA","PUSHTO",757,361,396,NA,451,213,238,NA,306,148,158,NA
"SINDH","HYDERABAD","MATIARI","MATIARI","TALUKA","SARAIKI",882,441,441,NA,845,423,422,NA,37,18,19,NA
"SINDH","HYDERABAD","MATIARI","MATIARI","TALUKA","SHINA",NA,NA,NA,NA,NA,NA,NA,NA,NA,NA,NA,NA
"SINDH","HYDERABAD","MATIARI","MATIARI","TALUKA","SINDHI",358284,175795,182483,6,311641,153010,158627,4,46643,22785,23856,2
"SINDH","HYDERABAD","MATIARI","MATIARI","TALUKA","TOTAL",377945,185326,192613,6,329787,161790,167993,4,48158,23536,24620,2
"SINDH","HYDERABAD","MATIARI","MATIARI","TALUKA","URDU",3025,1501,1524,NA,2713,1347,1366,NA,312,154,158,NA
"SINDH","HYDERABAD","BADIN","MATLI","TALUKA","BALOCHI",695,339,356,NA,343,172,171,NA,352,167,185,NA
"SINDH","HYDERABAD","BADIN","MATLI","TALUKA","BALTI",NA,NA,NA,NA,NA,NA,NA,NA,NA,NA,NA,NA
"SINDH","HYDERABAD","BADIN","MATLI","TALUKA","BRAHVI",80,39,41,NA,78,39,39,NA,2,NA,2,NA
"SINDH","HYDERABAD","BADIN","MATLI","TALUKA","HINDKO",11102,5357,5745,NA,9236,4446,4790,NA,1866,911,955,NA
"SINDH","HYDERABAD","BADIN","MATLI","TALUKA","KALASHA",NA,NA,NA,NA,NA,NA,NA,NA,NA,NA,NA,NA
"SINDH","HYDERABAD","BADIN","MATLI","TALUKA","KASHMIRI",111,56,55,NA,19,11,8,NA,92,45,47,NA
"SINDH","HYDERABAD","BADIN","MATLI","TALUKA","KOHIOSTANI",15,4,11,NA,NA,NA,NA,NA,15,4,11,NA
"SINDH","HYDERABAD","BADIN","MATLI","TALUKA","MEWATI",1681,831,850,NA,1664,822,842,NA,17,9,8,NA
"SINDH","HYDERABAD","BADIN","MATLI","TALUKA","OTHERS",2389,1158,1231,NA,1042,501,541,NA,1347,657,690,NA
"SINDH","HYDERABAD","BADIN","MATLI","TALUKA","PUNJABI",18936,9097,9838,1,7722,3722,3999,1,11214,5375,5839,NA
"SINDH","HYDERABAD","BADIN","MATLI","TALUKA","PUSHTO",1856,877,978,1,576,273,303,NA,1280,604,675,1
"SINDH","HYDERABAD","BADIN","MATLI","TALUKA","SARAIKI",2464,1177,1287,NA,1850,879,971,NA,614,298,316,NA
"SINDH","HYDERABAD","BADIN","MATLI","TALUKA","SHINA",NA,NA,NA,NA,NA,NA,NA,NA,NA,NA,NA,NA
"SINDH","HYDERABAD","BADIN","MATLI","TALUKA","SINDHI",422211,202861,219322,28,334996,161147,173838,11,87215,41714,45484,17
"SINDH","HYDERABAD","BADIN","MATLI","TALUKA","TOTAL",471100,226398,244672,30,359737,173049,186676,12,111363,53349,57996,18
"SINDH","HYDERABAD","BADIN","MATLI","TALUKA","URDU",9560,4602,4958,NA,2211,1037,1174,NA,7349,3565,3784,NA
"SINDH","KARACHI","KEAMARI","MAURIPUR","SUB-DIVISION","BALOCHI",52292,25126,27157,9,NA,NA,NA,NA,52292,25126,27157,9
"SINDH","KARACHI","KEAMARI","MAURIPUR","SUB-DIVISION","BALTI",21,8,13,NA,NA,NA,NA,NA,21,8,13,NA
"SINDH","KARACHI","KEAMARI","MAURIPUR","SUB-DIVISION","BRAHVI",7603,3459,4144,NA,NA,NA,NA,NA,7603,3459,4144,NA
"SINDH","KARACHI","KEAMARI","MAURIPUR","SUB-DIVISION","HINDKO",9368,4430,4938,NA,NA,NA,NA,NA,9368,4430,4938,NA
"SINDH","KARACHI","KEAMARI","MAURIPUR","SUB-DIVISION","KALASHA",NA,NA,NA,NA,NA,NA,NA,NA,NA,NA,NA,NA
"SINDH","KARACHI","KEAMARI","MAURIPUR","SUB-DIVISION","KASHMIRI",740,338,402,NA,NA,NA,NA,NA,740,338,402,NA
"SINDH","KARACHI","KEAMARI","MAURIPUR","SUB-DIVISION","KOHIOSTANI",71,34,37,NA,NA,NA,NA,NA,71,34,37,NA
"SINDH","KARACHI","KEAMARI","MAURIPUR","SUB-DIVISION","MEWATI",30,14,16,NA,NA,NA,NA,NA,30,14,16,NA
"SINDH","KARACHI","KEAMARI","MAURIPUR","SUB-DIVISION","OTHERS",6492,3159,3332,1,NA,NA,NA,NA,6492,3159,3332,1
"SINDH","KARACHI","KEAMARI","MAURIPUR","SUB-DIVISION","PUNJABI",21442,10016,11426,NA,NA,NA,NA,NA,21442,10016,11426,NA
"SINDH","KARACHI","KEAMARI","MAURIPUR","SUB-DIVISION","PUSHTO",30815,14312,16503,NA,NA,NA,NA,NA,30815,14312,16503,NA
"SINDH","KARACHI","KEAMARI","MAURIPUR","SUB-DIVISION","SARAIKI",6749,3039,3710,NA,NA,NA,NA,NA,6749,3039,3710,NA
"SINDH","KARACHI","KEAMARI","MAURIPUR","SUB-DIVISION","SHINA",68,32,36,NA,NA,NA,NA,NA,68,32,36,NA
"SINDH","KARACHI","KEAMARI","MAURIPUR","SUB-DIVISION","SINDHI",71112,33373,37726,13,NA,NA,NA,NA,71112,33373,37726,13
"SINDH","KARACHI","KEAMARI","MAURIPUR","SUB-DIVISION","TOTAL",217930,102774,115133,23,NA,NA,NA,NA,217930,102774,115133,23
"SINDH","KARACHI","KEAMARI","MAURIPUR","SUB-DIVISION","URDU",11127,5434,5693,NA,NA,NA,NA,NA,11127,5434,5693,NA
"SINDH","HYDERABAD","DADU","MEHAR","TALUKA","BALOCHI",20,11,9,NA,20,11,9,NA,NA,NA,NA,NA
"SINDH","HYDERABAD","DADU","MEHAR","TALUKA","BALTI",NA,NA,NA,NA,NA,NA,NA,NA,NA,NA,NA,NA
"SINDH","HYDERABAD","DADU","MEHAR","TALUKA","BRAHVI",264,136,128,NA,215,114,101,NA,49,22,27,NA
"SINDH","HYDERABAD","DADU","MEHAR","TALUKA","HINDKO",82,43,39,NA,72,36,36,NA,10,7,3,NA
"SINDH","HYDERABAD","DADU","MEHAR","TALUKA","KALASHA",NA,NA,NA,NA,NA,NA,NA,NA,NA,NA,NA,NA
"SINDH","HYDERABAD","DADU","MEHAR","TALUKA","KASHMIRI",1,1,NA,NA,1,1,NA,NA,NA,NA,NA,NA
"SINDH","HYDERABAD","DADU","MEHAR","TALUKA","KOHIOSTANI",NA,NA,NA,NA,NA,NA,NA,NA,NA,NA,NA,NA
"SINDH","HYDERABAD","DADU","MEHAR","TALUKA","MEWATI",NA,NA,NA,NA,NA,NA,NA,NA,NA,NA,NA,NA
"SINDH","HYDERABAD","DADU","MEHAR","TALUKA","OTHERS",84,47,37,NA,78,43,35,NA,6,4,2,NA
"SINDH","HYDERABAD","DADU","MEHAR","TALUKA","PUNJABI",82,37,45,NA,16,7,9,NA,66,30,36,NA
"SINDH","HYDERABAD","DADU","MEHAR","TALUKA","PUSHTO",306,160,146,NA,247,133,114,NA,59,27,32,NA
"SINDH","HYDERABAD","DADU","MEHAR","TALUKA","SARAIKI",5,3,2,NA,NA,NA,NA,NA,5,3,2,NA
"SINDH","HYDERABAD","DADU","MEHAR","TALUKA","SHINA",NA,NA,NA,NA,NA,NA,NA,NA,NA,NA,NA,NA
"SINDH","HYDERABAD","DADU","MEHAR","TALUKA","SINDHI",519238,255772,263433,33,405486,199079,206399,8,113752,56693,57034,25
"SINDH","HYDERABAD","DADU","MEHAR","TALUKA","TOTAL",520559,256462,264064,33,406174,199449,206717,8,114385,57013,57347,25
"SINDH","HYDERABAD","DADU","MEHAR","TALUKA","URDU",477,252,225,NA,39,25,14,NA,438,227,211,NA
"SINDH","SHAHEED BENAZIRABAD","NAUSHAHRO FEROZE","MEHRABPUR","TALUKA","BALOCHI",3016,1488,1528,NA,2268,1124,1144,NA,748,364,384,NA
"SINDH","SHAHEED BENAZIRABAD","NAUSHAHRO FEROZE","MEHRABPUR","TALUKA","BALTI",NA,NA,NA,NA,NA,NA,NA,NA,NA,NA,NA,NA
"SINDH","SHAHEED BENAZIRABAD","NAUSHAHRO FEROZE","MEHRABPUR","TALUKA","BRAHVI",1751,857,894,NA,1684,821,863,NA,67,36,31,NA
"SINDH","SHAHEED BENAZIRABAD","NAUSHAHRO FEROZE","MEHRABPUR","TALUKA","HINDKO",1208,621,587,NA,895,464,431,NA,313,157,156,NA
"SINDH","SHAHEED BENAZIRABAD","NAUSHAHRO FEROZE","MEHRABPUR","TALUKA","KALASHA",NA,NA,NA,NA,NA,NA,NA,NA,NA,NA,NA,NA
"SINDH","SHAHEED BENAZIRABAD","NAUSHAHRO FEROZE","MEHRABPUR","TALUKA","KASHMIRI",2,NA,2,NA,1,NA,1,NA,1,NA,1,NA
"SINDH","SHAHEED BENAZIRABAD","NAUSHAHRO FEROZE","MEHRABPUR","TALUKA","KOHIOSTANI",8,6,2,NA,8,6,2,NA,NA,NA,NA,NA
"SINDH","SHAHEED BENAZIRABAD","NAUSHAHRO FEROZE","MEHRABPUR","TALUKA","MEWATI",NA,NA,NA,NA,NA,NA,NA,NA,NA,NA,NA,NA
"SINDH","SHAHEED BENAZIRABAD","NAUSHAHRO FEROZE","MEHRABPUR","TALUKA","OTHERS",535,273,262,NA,445,227,218,NA,90,46,44,NA
"SINDH","SHAHEED BENAZIRABAD","NAUSHAHRO FEROZE","MEHRABPUR","TALUKA","PUNJABI",18684,9280,9398,6,5442,2687,2755,NA,13242,6593,6643,6
"SINDH","SHAHEED BENAZIRABAD","NAUSHAHRO FEROZE","MEHRABPUR","TALUKA","PUSHTO",363,176,187,NA,258,122,136,NA,105,54,51,NA
"SINDH","SHAHEED BENAZIRABAD","NAUSHAHRO FEROZE","MEHRABPUR","TALUKA","SARAIKI",2427,1220,1206,1,1785,896,888,1,642,324,318,NA
"SINDH","SHAHEED BENAZIRABAD","NAUSHAHRO FEROZE","MEHRABPUR","TALUKA","SHINA",1,NA,1,NA,NA,NA,NA,NA,1,NA,1,NA
"SINDH","SHAHEED BENAZIRABAD","NAUSHAHRO FEROZE","MEHRABPUR","TALUKA","SINDHI",225796,111469,114316,11,174285,86176,88101,8,51511,25293,26215,3
"SINDH","SHAHEED BENAZIRABAD","NAUSHAHRO FEROZE","MEHRABPUR","TALUKA","TOTAL",273567,135187,138362,18,190469,94205,96255,9,83098,40982,42107,9
"SINDH","SHAHEED BENAZIRABAD","NAUSHAHRO FEROZE","MEHRABPUR","TALUKA","URDU",19776,9797,9979,NA,3398,1682,1716,NA,16378,8115,8263,NA
"SINDH","LARKANA","KAMBAR SHAHDAD KOT","MIRO KHAN","TALUKA","BALOCHI",6284,2977,3307,NA,2718,1316,1402,NA,3566,1661,1905,NA
"SINDH","LARKANA","KAMBAR SHAHDAD KOT","MIRO KHAN","TALUKA","BALTI",NA,NA,NA,NA,NA,NA,NA,NA,NA,NA,NA,NA
"SINDH","LARKANA","KAMBAR SHAHDAD KOT","MIRO KHAN","TALUKA","BRAHVI",11334,5374,5960,NA,6962,3304,3658,NA,4372,2070,2302,NA
"SINDH","LARKANA","KAMBAR SHAHDAD KOT","MIRO KHAN","TALUKA","HINDKO",95,40,55,NA,93,40,53,NA,2,NA,2,NA
"SINDH","LARKANA","KAMBAR SHAHDAD KOT","MIRO KHAN","TALUKA","KALASHA",NA,NA,NA,NA,NA,NA,NA,NA,NA,NA,NA,NA
"SINDH","LARKANA","KAMBAR SHAHDAD KOT","MIRO KHAN","TALUKA","KASHMIRI",1,1,NA,NA,1,1,NA,NA,NA,NA,NA,NA
"SINDH","LARKANA","KAMBAR SHAHDAD KOT","MIRO KHAN","TALUKA","KOHIOSTANI",NA,NA,NA,NA,NA,NA,NA,NA,NA,NA,NA,NA
"SINDH","LARKANA","KAMBAR SHAHDAD KOT","MIRO KHAN","TALUKA","MEWATI",NA,NA,NA,NA,NA,NA,NA,NA,NA,NA,NA,NA
"SINDH","LARKANA","KAMBAR SHAHDAD KOT","MIRO KHAN","TALUKA","OTHERS",4,2,2,NA,3,1,2,NA,1,1,NA,NA
"SINDH","LARKANA","KAMBAR SHAHDAD KOT","MIRO KHAN","TALUKA","PUNJABI",124,59,65,NA,122,58,64,NA,2,1,1,NA
"SINDH","LARKANA","KAMBAR SHAHDAD KOT","MIRO KHAN","TALUKA","PUSHTO",81,38,43,NA,49,23,26,NA,32,15,17,NA
"SINDH","LARKANA","KAMBAR SHAHDAD KOT","MIRO KHAN","TALUKA","SARAIKI",1048,519,529,NA,47,21,26,NA,1001,498,503,NA
"SINDH","LARKANA","KAMBAR SHAHDAD KOT","MIRO KHAN","TALUKA","SHINA",NA,NA,NA,NA,NA,NA,NA,NA,NA,NA,NA,NA
"SINDH","LARKANA","KAMBAR SHAHDAD KOT","MIRO KHAN","TALUKA","SINDHI",163315,77272,86041,2,125209,59156,66053,NA,38106,18116,19988,2
"SINDH","LARKANA","KAMBAR SHAHDAD KOT","MIRO KHAN","TALUKA","TOTAL",182461,86368,96091,2,135354,63993,71361,NA,47107,22375,24730,2
"SINDH","LARKANA","KAMBAR SHAHDAD KOT","MIRO KHAN","TALUKA","URDU",175,86,89,NA,150,73,77,NA,25,13,12,NA
"SINDH","HYDERABAD","SUJAWAL","MIRPUR BATHORO","TALUKA","BALOCHI",84,41,43,NA,83,40,43,NA,1,1,NA,NA
"SINDH","HYDERABAD","SUJAWAL","MIRPUR BATHORO","TALUKA","BALTI",NA,NA,NA,NA,NA,NA,NA,NA,NA,NA,NA,NA
"SINDH","HYDERABAD","SUJAWAL","MIRPUR BATHORO","TALUKA","BRAHVI",NA,NA,NA,NA,NA,NA,NA,NA,NA,NA,NA,NA
"SINDH","HYDERABAD","SUJAWAL","MIRPUR BATHORO","TALUKA","HINDKO",148,64,84,NA,148,64,84,NA,NA,NA,NA,NA
"SINDH","HYDERABAD","SUJAWAL","MIRPUR BATHORO","TALUKA","KALASHA",NA,NA,NA,NA,NA,NA,NA,NA,NA,NA,NA,NA
"SINDH","HYDERABAD","SUJAWAL","MIRPUR BATHORO","TALUKA","KASHMIRI",2,NA,2,NA,2,NA,2,NA,NA,NA,NA,NA
"SINDH","HYDERABAD","SUJAWAL","MIRPUR BATHORO","TALUKA","KOHIOSTANI",2,NA,2,NA,1,NA,1,NA,1,NA,1,NA
"SINDH","HYDERABAD","SUJAWAL","MIRPUR BATHORO","TALUKA","MEWATI",NA,NA,NA,NA,NA,NA,NA,NA,NA,NA,NA,NA
"SINDH","HYDERABAD","SUJAWAL","MIRPUR BATHORO","TALUKA","OTHERS",249,121,128,NA,223,108,115,NA,26,13,13,NA
"SINDH","HYDERABAD","SUJAWAL","MIRPUR BATHORO","TALUKA","PUNJABI",142,70,72,NA,141,69,72,NA,1,1,NA,NA
"SINDH","HYDERABAD","SUJAWAL","MIRPUR BATHORO","TALUKA","PUSHTO",279,131,148,NA,269,126,143,NA,10,5,5,NA
"SINDH","HYDERABAD","SUJAWAL","MIRPUR BATHORO","TALUKA","SARAIKI",5,2,3,NA,5,2,3,NA,NA,NA,NA,NA
"SINDH","HYDERABAD","SUJAWAL","MIRPUR BATHORO","TALUKA","SHINA",NA,NA,NA,NA,NA,NA,NA,NA,NA,NA,NA,NA
"SINDH","HYDERABAD","SUJAWAL","MIRPUR BATHORO","TALUKA","SINDHI",230772,113017,117746,9,209512,102333,107178,1,21260,10684,10568,8
"SINDH","HYDERABAD","SUJAWAL","MIRPUR BATHORO","TALUKA","TOTAL",231735,113476,118249,10,210426,102768,107657,1,21309,10708,10592,9
"SINDH","HYDERABAD","SUJAWAL","MIRPUR BATHORO","TALUKA","URDU",52,30,21,1,42,26,16,NA,10,4,5,1
"SINDH","MIRPUR KHAS","MIRPUR KHAS","MIRPUR KHAS","TALUKA","BALOCHI",12424,5965,6458,1,156,77,79,NA,12268,5888,6379,1
"SINDH","MIRPUR KHAS","MIRPUR KHAS","MIRPUR KHAS","TALUKA","BALTI",NA,NA,NA,NA,NA,NA,NA,NA,NA,NA,NA,NA
"SINDH","MIRPUR KHAS","MIRPUR KHAS","MIRPUR KHAS","TALUKA","BRAHVI",619,278,341,NA,310,135,175,NA,309,143,166,NA
"SINDH","MIRPUR KHAS","MIRPUR KHAS","MIRPUR KHAS","TALUKA","HINDKO",1688,790,898,NA,163,80,83,NA,1525,710,815,NA
"SINDH","MIRPUR KHAS","MIRPUR KHAS","MIRPUR KHAS","TALUKA","KALASHA",NA,NA,NA,NA,NA,NA,NA,NA,NA,NA,NA,NA
"SINDH","MIRPUR KHAS","MIRPUR KHAS","MIRPUR KHAS","TALUKA","KASHMIRI",39,22,17,NA,NA,NA,NA,NA,39,22,17,NA
"SINDH","MIRPUR KHAS","MIRPUR KHAS","MIRPUR KHAS","TALUKA","KOHIOSTANI",132,60,72,NA,NA,NA,NA,NA,132,60,72,NA
"SINDH","MIRPUR KHAS","MIRPUR KHAS","MIRPUR KHAS","TALUKA","MEWATI",2020,998,1022,NA,223,105,118,NA,1797,893,904,NA
"SINDH","MIRPUR KHAS","MIRPUR KHAS","MIRPUR KHAS","TALUKA","OTHERS",7020,3273,3747,NA,316,153,163,NA,6704,3120,3584,NA
"SINDH","MIRPUR KHAS","MIRPUR KHAS","MIRPUR KHAS","TALUKA","PUNJABI",32110,15475,16626,9,3085,1477,1608,NA,29025,13998,15018,9
"SINDH","MIRPUR KHAS","MIRPUR KHAS","MIRPUR KHAS","TALUKA","PUSHTO",5340,2536,2804,NA,122,54,68,NA,5218,2482,2736,NA
"SINDH","MIRPUR KHAS","MIRPUR KHAS","MIRPUR KHAS","TALUKA","SARAIKI",3095,1514,1581,NA,147,66,81,NA,2948,1448,1500,NA
"SINDH","MIRPUR KHAS","MIRPUR KHAS","MIRPUR KHAS","TALUKA","SHINA",1,1,NA,NA,1,1,NA,NA,NA,NA,NA,NA
"SINDH","MIRPUR KHAS","MIRPUR KHAS","MIRPUR KHAS","TALUKA","SINDHI",84462,40329,44125,8,10974,5257,5717,NA,73488,35072,38408,8
"SINDH","MIRPUR KHAS","MIRPUR KHAS","MIRPUR KHAS","TALUKA","TOTAL",287637,137227,150365,45,19856,9506,10350,NA,267781,127721,140015,45
"SINDH","MIRPUR KHAS","MIRPUR KHAS","MIRPUR KHAS","TALUKA","URDU",138687,65986,72674,27,4359,2101,2258,NA,134328,63885,70416,27
"SINDH","SUKKUR","GHOTKI","MIRPUR MATHELO","TALUKA","BALOCHI",5131,2514,2616,1,5008,2453,2554,1,123,61,62,NA
"SINDH","SUKKUR","GHOTKI","MIRPUR MATHELO","TALUKA","BALTI",NA,NA,NA,NA,NA,NA,NA,NA,NA,NA,NA,NA
"SINDH","SUKKUR","GHOTKI","MIRPUR MATHELO","TALUKA","BRAHVI",9,4,5,NA,9,4,5,NA,NA,NA,NA,NA
"SINDH","SUKKUR","GHOTKI","MIRPUR MATHELO","TALUKA","HINDKO",211,84,127,NA,170,68,102,NA,41,16,25,NA
"SINDH","SUKKUR","GHOTKI","MIRPUR MATHELO","TALUKA","KALASHA",NA,NA,NA,NA,NA,NA,NA,NA,NA,NA,NA,NA
"SINDH","SUKKUR","GHOTKI","MIRPUR MATHELO","TALUKA","KASHMIRI",5,1,4,NA,3,1,2,NA,2,NA,2,NA
"SINDH","SUKKUR","GHOTKI","MIRPUR MATHELO","TALUKA","KOHIOSTANI",NA,NA,NA,NA,NA,NA,NA,NA,NA,NA,NA,NA
"SINDH","SUKKUR","GHOTKI","MIRPUR MATHELO","TALUKA","MEWATI",4,2,2,NA,NA,NA,NA,NA,4,2,2,NA
"SINDH","SUKKUR","GHOTKI","MIRPUR MATHELO","TALUKA","OTHERS",105,51,54,NA,35,16,19,NA,70,35,35,NA
"SINDH","SUKKUR","GHOTKI","MIRPUR MATHELO","TALUKA","PUNJABI",1595,778,817,NA,354,172,182,NA,1241,606,635,NA
"SINDH","SUKKUR","GHOTKI","MIRPUR MATHELO","TALUKA","PUSHTO",496,229,267,NA,336,151,185,NA,160,78,82,NA
"SINDH","SUKKUR","GHOTKI","MIRPUR MATHELO","TALUKA","SARAIKI",1171,552,619,NA,749,350,399,NA,422,202,220,NA
"SINDH","SUKKUR","GHOTKI","MIRPUR MATHELO","TALUKA","SHINA",NA,NA,NA,NA,NA,NA,NA,NA,NA,NA,NA,NA
"SINDH","SUKKUR","GHOTKI","MIRPUR MATHELO","TALUKA","SINDHI",340324,163925,176391,8,269215,129892,139319,4,71109,34033,37072,4
"SINDH","SUKKUR","GHOTKI","MIRPUR MATHELO","TALUKA","TOTAL",350639,168933,181697,9,275996,133169,142822,5,74643,35764,38875,4
"SINDH","SUKKUR","GHOTKI","MIRPUR MATHELO","TALUKA","URDU",1588,793,795,NA,117,62,55,NA,1471,731,740,NA
"SINDH","HYDERABAD","THATTA","MIRPUR SAKRO","TALUKA","BALOCHI",4621,2268,2353,NA,4064,1982,2082,NA,557,286,271,NA
"SINDH","HYDERABAD","THATTA","MIRPUR SAKRO","TALUKA","BALTI",19,11,8,NA,19,11,8,NA,NA,NA,NA,NA
"SINDH","HYDERABAD","THATTA","MIRPUR SAKRO","TALUKA","BRAHVI",611,282,329,NA,561,260,301,NA,50,22,28,NA
"SINDH","HYDERABAD","THATTA","MIRPUR SAKRO","TALUKA","HINDKO",1071,517,553,1,800,384,415,1,271,133,138,NA
"SINDH","HYDERABAD","THATTA","MIRPUR SAKRO","TALUKA","KALASHA",NA,NA,NA,NA,NA,NA,NA,NA,NA,NA,NA,NA
"SINDH","HYDERABAD","THATTA","MIRPUR SAKRO","TALUKA","KASHMIRI",101,49,52,NA,72,36,36,NA,29,13,16,NA
"SINDH","HYDERABAD","THATTA","MIRPUR SAKRO","TALUKA","KOHIOSTANI",NA,NA,NA,NA,NA,NA,NA,NA,NA,NA,NA,NA
"SINDH","HYDERABAD","THATTA","MIRPUR SAKRO","TALUKA","MEWATI",12,7,5,NA,11,6,5,NA,1,1,NA,NA
"SINDH","HYDERABAD","THATTA","MIRPUR SAKRO","TALUKA","OTHERS",1302,628,674,NA,1235,596,639,NA,67,32,35,NA
"SINDH","HYDERABAD","THATTA","MIRPUR SAKRO","TALUKA","PUNJABI",6725,3327,3398,NA,3940,1948,1992,NA,2785,1379,1406,NA
"SINDH","HYDERABAD","THATTA","MIRPUR SAKRO","TALUKA","PUSHTO",9548,4570,4978,NA,7273,3463,3810,NA,2275,1107,1168,NA
"SINDH","HYDERABAD","THATTA","MIRPUR SAKRO","TALUKA","SARAIKI",1125,543,582,NA,565,261,304,NA,560,282,278,NA
"SINDH","HYDERABAD","THATTA","MIRPUR SAKRO","TALUKA","SHINA",NA,NA,NA,NA,NA,NA,NA,NA,NA,NA,NA,NA
"SINDH","HYDERABAD","THATTA","MIRPUR SAKRO","TALUKA","SINDHI",338693,164697,173973,23,294530,142908,151604,18,44163,21789,22369,5
"SINDH","HYDERABAD","THATTA","MIRPUR SAKRO","TALUKA","TOTAL",376078,182971,193082,25,323404,156981,166403,20,52674,25990,26679,5
"SINDH","HYDERABAD","THATTA","MIRPUR SAKRO","TALUKA","URDU",12250,6072,6177,1,10334,5126,5207,1,1916,946,970,NA
"SINDH","SUKKUR","KHAIRPUR","MIRWAH","TALUKA","BALOCHI",688,341,347,NA,631,316,315,NA,57,25,32,NA
"SINDH","SUKKUR","KHAIRPUR","MIRWAH","TALUKA","BALTI",7,2,5,NA,7,2,5,NA,NA,NA,NA,NA
"SINDH","SUKKUR","KHAIRPUR","MIRWAH","TALUKA","BRAHVI",4,3,1,NA,4,3,1,NA,NA,NA,NA,NA
"SINDH","SUKKUR","KHAIRPUR","MIRWAH","TALUKA","HINDKO",359,169,190,NA,349,163,186,NA,10,6,4,NA
"SINDH","SUKKUR","KHAIRPUR","MIRWAH","TALUKA","KALASHA",NA,NA,NA,NA,NA,NA,NA,NA,NA,NA,NA,NA
"SINDH","SUKKUR","KHAIRPUR","MIRWAH","TALUKA","KASHMIRI",2,2,NA,NA,2,2,NA,NA,NA,NA,NA,NA
"SINDH","SUKKUR","KHAIRPUR","MIRWAH","TALUKA","KOHIOSTANI",NA,NA,NA,NA,NA,NA,NA,NA,NA,NA,NA,NA
"SINDH","SUKKUR","KHAIRPUR","MIRWAH","TALUKA","MEWATI",NA,NA,NA,NA,NA,NA,NA,NA,NA,NA,NA,NA
"SINDH","SUKKUR","KHAIRPUR","MIRWAH","TALUKA","OTHERS",625,317,308,NA,618,313,305,NA,7,4,3,NA
"SINDH","SUKKUR","KHAIRPUR","MIRWAH","TALUKA","PUNJABI",6294,3078,3216,NA,2543,1242,1301,NA,3751,1836,1915,NA
"SINDH","SUKKUR","KHAIRPUR","MIRWAH","TALUKA","PUSHTO",419,179,240,NA,250,95,155,NA,169,84,85,NA
"SINDH","SUKKUR","KHAIRPUR","MIRWAH","TALUKA","SARAIKI",1694,861,833,NA,1688,858,830,NA,6,3,3,NA
"SINDH","SUKKUR","KHAIRPUR","MIRWAH","TALUKA","SHINA",NA,NA,NA,NA,NA,NA,NA,NA,NA,NA,NA,NA
"SINDH","SUKKUR","KHAIRPUR","MIRWAH","TALUKA","SINDHI",368740,181907,186815,18,271267,133903,137351,13,97473,48004,49464,5
"SINDH","SUKKUR","KHAIRPUR","MIRWAH","TALUKA","TOTAL",379615,187274,192323,18,278046,137260,140773,13,101569,50014,51550,5
"SINDH","SUKKUR","KHAIRPUR","MIRWAH","TALUKA","URDU",783,415,368,NA,687,363,324,NA,96,52,44,NA
"SINDH","MIRPUR KHAS","THARPARKAR","MITHI","TALUKA","BALOCHI",15,9,6,NA,1,1,NA,NA,14,8,6,NA
"SINDH","MIRPUR KHAS","THARPARKAR","MITHI","TALUKA","BALTI",NA,NA,NA,NA,NA,NA,NA,NA,NA,NA,NA,NA
"SINDH","MIRPUR KHAS","THARPARKAR","MITHI","TALUKA","BRAHVI",NA,NA,NA,NA,NA,NA,NA,NA,NA,NA,NA,NA
"SINDH","MIRPUR KHAS","THARPARKAR","MITHI","TALUKA","HINDKO",11,3,8,NA,11,3,8,NA,NA,NA,NA,NA
"SINDH","MIRPUR KHAS","THARPARKAR","MITHI","TALUKA","KALASHA",NA,NA,NA,NA,NA,NA,NA,NA,NA,NA,NA,NA
"SINDH","MIRPUR KHAS","THARPARKAR","MITHI","TALUKA","KASHMIRI",4,1,3,NA,2,1,1,NA,2,NA,2,NA
"SINDH","MIRPUR KHAS","THARPARKAR","MITHI","TALUKA","KOHIOSTANI",NA,NA,NA,NA,NA,NA,NA,NA,NA,NA,NA,NA
"SINDH","MIRPUR KHAS","THARPARKAR","MITHI","TALUKA","MEWATI",NA,NA,NA,NA,NA,NA,NA,NA,NA,NA,NA,NA
"SINDH","MIRPUR KHAS","THARPARKAR","MITHI","TALUKA","OTHERS",248,126,122,NA,233,117,116,NA,15,9,6,NA
"SINDH","MIRPUR KHAS","THARPARKAR","MITHI","TALUKA","PUNJABI",144,67,77,NA,2,NA,2,NA,142,67,75,NA
"SINDH","MIRPUR KHAS","THARPARKAR","MITHI","TALUKA","PUSHTO",205,99,106,NA,103,57,46,NA,102,42,60,NA
"SINDH","MIRPUR KHAS","THARPARKAR","MITHI","TALUKA","SARAIKI",28,12,16,NA,NA,NA,NA,NA,28,12,16,NA
"SINDH","MIRPUR KHAS","THARPARKAR","MITHI","TALUKA","SHINA",NA,NA,NA,NA,NA,NA,NA,NA,NA,NA,NA,NA
"SINDH","MIRPUR KHAS","THARPARKAR","MITHI","TALUKA","SINDHI",238252,114734,123514,4,173866,84171,89692,3,64386,30563,33822,1
"SINDH","MIRPUR KHAS","THARPARKAR","MITHI","TALUKA","TOTAL",239091,115133,123954,4,174226,84352,89871,3,64865,30781,34083,1
"SINDH","MIRPUR KHAS","THARPARKAR","MITHI","TALUKA","URDU",184,82,102,NA,8,2,6,NA,176,80,96,NA
"SINDH","KARACHI","KORANGI","MODEL COLONY","SUB-DIVISION","BALOCHI",1790,843,947,NA,NA,NA,NA,NA,1790,843,947,NA
"SINDH","KARACHI","KORANGI","MODEL COLONY","SUB-DIVISION","BALTI",75,29,46,NA,NA,NA,NA,NA,75,29,46,NA
"SINDH","KARACHI","KORANGI","MODEL COLONY","SUB-DIVISION","BRAHVI",141,73,68,NA,NA,NA,NA,NA,141,73,68,NA
"SINDH","KARACHI","KORANGI","MODEL COLONY","SUB-DIVISION","HINDKO",2941,1417,1524,NA,NA,NA,NA,NA,2941,1417,1524,NA
"SINDH","KARACHI","KORANGI","MODEL COLONY","SUB-DIVISION","KALASHA",NA,NA,NA,NA,NA,NA,NA,NA,NA,NA,NA,NA
"SINDH","KARACHI","KORANGI","MODEL COLONY","SUB-DIVISION","KASHMIRI",576,274,302,NA,NA,NA,NA,NA,576,274,302,NA
"SINDH","KARACHI","KORANGI","MODEL COLONY","SUB-DIVISION","KOHIOSTANI",51,24,27,NA,NA,NA,NA,NA,51,24,27,NA
"SINDH","KARACHI","KORANGI","MODEL COLONY","SUB-DIVISION","MEWATI",1412,649,763,NA,NA,NA,NA,NA,1412,649,763,NA
"SINDH","KARACHI","KORANGI","MODEL COLONY","SUB-DIVISION","OTHERS",4513,2136,2377,NA,NA,NA,NA,NA,4513,2136,2377,NA
"SINDH","KARACHI","KORANGI","MODEL COLONY","SUB-DIVISION","PUNJABI",30766,14507,16259,NA,NA,NA,NA,NA,30766,14507,16259,NA
"SINDH","KARACHI","KORANGI","MODEL COLONY","SUB-DIVISION","PUSHTO",7117,3231,3885,1,NA,NA,NA,NA,7117,3231,3885,1
"SINDH","KARACHI","KORANGI","MODEL COLONY","SUB-DIVISION","SARAIKI",3118,1431,1687,NA,NA,NA,NA,NA,3118,1431,1687,NA
"SINDH","KARACHI","KORANGI","MODEL COLONY","SUB-DIVISION","SHINA",19,12,7,NA,NA,NA,NA,NA,19,12,7,NA
"SINDH","KARACHI","KORANGI","MODEL COLONY","SUB-DIVISION","SINDHI",26184,12327,13852,5,NA,NA,NA,NA,26184,12327,13852,5
"SINDH","KARACHI","KORANGI","MODEL COLONY","SUB-DIVISION","TOTAL",441791,210184,231579,28,NA,NA,NA,NA,441791,210184,231579,28
"SINDH","KARACHI","KORANGI","MODEL COLONY","SUB-DIVISION","URDU",363088,173231,189835,22,NA,NA,NA,NA,363088,173231,189835,22
"SINDH","KARACHI","KARACHI WEST","MOMINABAD","SUB-DIVISION","BALOCHI",21996,10682,11310,4,NA,NA,NA,NA,21996,10682,11310,4
"SINDH","KARACHI","KARACHI WEST","MOMINABAD","SUB-DIVISION","BALTI",32,9,23,NA,NA,NA,NA,NA,32,9,23,NA
"SINDH","KARACHI","KARACHI WEST","MOMINABAD","SUB-DIVISION","BRAHVI",169,85,84,NA,NA,NA,NA,NA,169,85,84,NA
"SINDH","KARACHI","KARACHI WEST","MOMINABAD","SUB-DIVISION","HINDKO",34173,16037,18135,1,NA,NA,NA,NA,34173,16037,18135,1
"SINDH","KARACHI","KARACHI WEST","MOMINABAD","SUB-DIVISION","KALASHA",7,4,3,NA,NA,NA,NA,NA,7,4,3,NA
"SINDH","KARACHI","KARACHI WEST","MOMINABAD","SUB-DIVISION","KASHMIRI",2048,925,1123,NA,NA,NA,NA,NA,2048,925,1123,NA
"SINDH","KARACHI","KARACHI WEST","MOMINABAD","SUB-DIVISION","KOHIOSTANI",321,159,162,NA,NA,NA,NA,NA,321,159,162,NA
"SINDH","KARACHI","KARACHI WEST","MOMINABAD","SUB-DIVISION","MEWATI",2207,1070,1137,NA,NA,NA,NA,NA,2207,1070,1137,NA
"SINDH","KARACHI","KARACHI WEST","MOMINABAD","SUB-DIVISION","OTHERS",10423,4964,5456,3,NA,NA,NA,NA,10423,4964,5456,3
"SINDH","KARACHI","KARACHI WEST","MOMINABAD","SUB-DIVISION","PUNJABI",37880,17783,20068,29,NA,NA,NA,NA,37880,17783,20068,29
"SINDH","KARACHI","KARACHI WEST","MOMINABAD","SUB-DIVISION","PUSHTO",154695,71766,82920,9,NA,NA,NA,NA,154695,71766,82920,9
"SINDH","KARACHI","KARACHI WEST","MOMINABAD","SUB-DIVISION","SARAIKI",9012,4099,4906,7,NA,NA,NA,NA,9012,4099,4906,7
"SINDH","KARACHI","KARACHI WEST","MOMINABAD","SUB-DIVISION","SHINA",140,62,78,NA,NA,NA,NA,NA,140,62,78,NA
"SINDH","KARACHI","KARACHI WEST","MOMINABAD","SUB-DIVISION","SINDHI",8129,3667,4462,NA,NA,NA,NA,NA,8129,3667,4462,NA
"SINDH","KARACHI","KARACHI WEST","MOMINABAD","SUB-DIVISION","TOTAL",1000708,475118,525476,114,NA,NA,NA,NA,1000708,475118,525476,114
"SINDH","KARACHI","KARACHI WEST","MOMINABAD","SUB-DIVISION","URDU",719476,343806,375609,61,NA,NA,NA,NA,719476,343806,375609,61
"SINDH","SHAHEED BENAZIRABAD","NAUSHAHRO FEROZE","MORO","TALUKA","BALOCHI",402,190,212,NA,285,133,152,NA,117,57,60,NA
"SINDH","SHAHEED BENAZIRABAD","NAUSHAHRO FEROZE","MORO","TALUKA","BALTI",NA,NA,NA,NA,NA,NA,NA,NA,NA,NA,NA,NA
"SINDH","SHAHEED BENAZIRABAD","NAUSHAHRO FEROZE","MORO","TALUKA","BRAHVI",65,29,36,NA,42,19,23,NA,23,10,13,NA
"SINDH","SHAHEED BENAZIRABAD","NAUSHAHRO FEROZE","MORO","TALUKA","HINDKO",725,368,357,NA,115,52,63,NA,610,316,294,NA
"SINDH","SHAHEED BENAZIRABAD","NAUSHAHRO FEROZE","MORO","TALUKA","KALASHA",NA,NA,NA,NA,NA,NA,NA,NA,NA,NA,NA,NA
"SINDH","SHAHEED BENAZIRABAD","NAUSHAHRO FEROZE","MORO","TALUKA","KASHMIRI",3,3,NA,NA,1,1,NA,NA,2,2,NA,NA
"SINDH","SHAHEED BENAZIRABAD","NAUSHAHRO FEROZE","MORO","TALUKA","KOHIOSTANI",NA,NA,NA,NA,NA,NA,NA,NA,NA,NA,NA,NA
"SINDH","SHAHEED BENAZIRABAD","NAUSHAHRO FEROZE","MORO","TALUKA","MEWATI",NA,NA,NA,NA,NA,NA,NA,NA,NA,NA,NA,NA
"SINDH","SHAHEED BENAZIRABAD","NAUSHAHRO FEROZE","MORO","TALUKA","OTHERS",478,237,241,NA,92,50,42,NA,386,187,199,NA
"SINDH","SHAHEED BENAZIRABAD","NAUSHAHRO FEROZE","MORO","TALUKA","PUNJABI",3946,1974,1972,NA,1100,546,554,NA,2846,1428,1418,NA
"SINDH","SHAHEED BENAZIRABAD","NAUSHAHRO FEROZE","MORO","TALUKA","PUSHTO",422,211,211,NA,226,118,108,NA,196,93,103,NA
"SINDH","SHAHEED BENAZIRABAD","NAUSHAHRO FEROZE","MORO","TALUKA","SARAIKI",1443,686,757,NA,521,251,270,NA,922,435,487,NA
"SINDH","SHAHEED BENAZIRABAD","NAUSHAHRO FEROZE","MORO","TALUKA","SHINA",NA,NA,NA,NA,NA,NA,NA,NA,NA,NA,NA,NA
"SINDH","SHAHEED BENAZIRABAD","NAUSHAHRO FEROZE","MORO","TALUKA","SINDHI",391115,191561,199531,23,261949,127901,134042,6,129166,63660,65489,17
"SINDH","SHAHEED BENAZIRABAD","NAUSHAHRO FEROZE","MORO","TALUKA","TOTAL",408110,200008,208079,23,265463,129660,135797,6,142647,70348,72282,17
"SINDH","SHAHEED BENAZIRABAD","NAUSHAHRO FEROZE","MORO","TALUKA","URDU",9511,4749,4762,NA,1132,589,543,NA,8379,4160,4219,NA
"SINDH","KARACHI","MALIR","MURAD MEMON","SUB-DIVISION","BALOCHI",69271,33739,35528,4,34190,16605,17585,NA,35081,17134,17943,4
"SINDH","KARACHI","MALIR","MURAD MEMON","SUB-DIVISION","BALTI",1186,599,587,NA,11,1,10,NA,1175,598,577,NA
"SINDH","KARACHI","MALIR","MURAD MEMON","SUB-DIVISION","BRAHVI",4937,2337,2600,NA,3253,1550,1703,NA,1684,787,897,NA
"SINDH","KARACHI","MALIR","MURAD MEMON","SUB-DIVISION","HINDKO",2810,1354,1456,NA,589,264,325,NA,2221,1090,1131,NA
"SINDH","KARACHI","MALIR","MURAD MEMON","SUB-DIVISION","KALASHA",1,NA,1,NA,NA,NA,NA,NA,1,NA,1,NA
"SINDH","KARACHI","MALIR","MURAD MEMON","SUB-DIVISION","KASHMIRI",352,144,208,NA,56,15,41,NA,296,129,167,NA
"SINDH","KARACHI","MALIR","MURAD MEMON","SUB-DIVISION","KOHIOSTANI",36,14,22,NA,35,13,22,NA,1,1,NA,NA
"SINDH","KARACHI","MALIR","MURAD MEMON","SUB-DIVISION","MEWATI",112,51,61,NA,2,1,1,NA,110,50,60,NA
"SINDH","KARACHI","MALIR","MURAD MEMON","SUB-DIVISION","OTHERS",3142,1519,1621,2,548,259,289,NA,2594,1260,1332,2
"SINDH","KARACHI","MALIR","MURAD MEMON","SUB-DIVISION","PUNJABI",21428,10065,11363,NA,4720,2081,2639,NA,16708,7984,8724,NA
"SINDH","KARACHI","MALIR","MURAD MEMON","SUB-DIVISION","PUSHTO",16239,7624,8615,NA,6416,3044,3372,NA,9823,4580,5243,NA
"SINDH","KARACHI","MALIR","MURAD MEMON","SUB-DIVISION","SARAIKI",9841,4591,5250,NA,2216,1002,1214,NA,7625,3589,4036,NA
"SINDH","KARACHI","MALIR","MURAD MEMON","SUB-DIVISION","SHINA",2224,1042,1182,NA,42,19,23,NA,2182,1023,1159,NA
"SINDH","KARACHI","MALIR","MURAD MEMON","SUB-DIVISION","SINDHI",145817,69805,76008,4,95352,45548,49803,1,50465,24257,26205,3
"SINDH","KARACHI","MALIR","MURAD MEMON","SUB-DIVISION","TOTAL",376957,180976,195965,16,150719,71937,78781,1,226238,109039,117184,15
"SINDH","KARACHI","MALIR","MURAD MEMON","SUB-DIVISION","URDU",99561,48092,51463,6,3289,1535,1754,NA,96272,46557,49709,6
"SINDH","MIRPUR KHAS","THARPARKAR","NAGAR PARKAR","TALUKA","BALOCHI",44,19,25,NA,17,8,9,NA,27,11,16,NA
"SINDH","MIRPUR KHAS","THARPARKAR","NAGAR PARKAR","TALUKA","BALTI",NA,NA,NA,NA,NA,NA,NA,NA,NA,NA,NA,NA
"SINDH","MIRPUR KHAS","THARPARKAR","NAGAR PARKAR","TALUKA","BRAHVI",7,4,3,NA,NA,NA,NA,NA,7,4,3,NA
"SINDH","MIRPUR KHAS","THARPARKAR","NAGAR PARKAR","TALUKA","HINDKO",2471,1186,1285,NA,2471,1186,1285,NA,NA,NA,NA,NA
"SINDH","MIRPUR KHAS","THARPARKAR","NAGAR PARKAR","TALUKA","KALASHA",NA,NA,NA,NA,NA,NA,NA,NA,NA,NA,NA,NA
"SINDH","MIRPUR KHAS","THARPARKAR","NAGAR PARKAR","TALUKA","KASHMIRI",3,1,2,NA,3,1,2,NA,NA,NA,NA,NA
"SINDH","MIRPUR KHAS","THARPARKAR","NAGAR PARKAR","TALUKA","KOHIOSTANI",NA,NA,NA,NA,NA,NA,NA,NA,NA,NA,NA,NA
"SINDH","MIRPUR KHAS","THARPARKAR","NAGAR PARKAR","TALUKA","MEWATI",NA,NA,NA,NA,NA,NA,NA,NA,NA,NA,NA,NA
"SINDH","MIRPUR KHAS","THARPARKAR","NAGAR PARKAR","TALUKA","OTHERS",2078,1020,1058,NA,2072,1017,1055,NA,6,3,3,NA
"SINDH","MIRPUR KHAS","THARPARKAR","NAGAR PARKAR","TALUKA","PUNJABI",79,36,43,NA,58,26,32,NA,21,10,11,NA
"SINDH","MIRPUR KHAS","THARPARKAR","NAGAR PARKAR","TALUKA","PUSHTO",214,100,114,NA,214,100,114,NA,NA,NA,NA,NA
"SINDH","MIRPUR KHAS","THARPARKAR","NAGAR PARKAR","TALUKA","SARAIKI",60,28,32,NA,55,25,30,NA,5,3,2,NA
"SINDH","MIRPUR KHAS","THARPARKAR","NAGAR PARKAR","TALUKA","SHINA",NA,NA,NA,NA,NA,NA,NA,NA,NA,NA,NA,NA
"SINDH","MIRPUR KHAS","THARPARKAR","NAGAR PARKAR","TALUKA","SINDHI",278035,133566,144464,5,265915,127653,138257,5,12120,5913,6207,NA
"SINDH","MIRPUR KHAS","THARPARKAR","NAGAR PARKAR","TALUKA","TOTAL",283068,136001,147062,5,270829,130030,140794,5,12239,5971,6268,NA
"SINDH","MIRPUR KHAS","THARPARKAR","NAGAR PARKAR","TALUKA","URDU",77,41,36,NA,24,14,10,NA,53,27,26,NA
"SINDH","SUKKUR","KHAIRPUR","NARA","TALUKA","BALOCHI",903,467,436,NA,829,428,401,NA,74,39,35,NA
"SINDH","SUKKUR","KHAIRPUR","NARA","TALUKA","BALTI",NA,NA,NA,NA,NA,NA,NA,NA,NA,NA,NA,NA
"SINDH","SUKKUR","KHAIRPUR","NARA","TALUKA","BRAHVI",1,1,NA,NA,1,1,NA,NA,NA,NA,NA,NA
"SINDH","SUKKUR","KHAIRPUR","NARA","TALUKA","HINDKO",215,99,116,NA,215,99,116,NA,NA,NA,NA,NA
"SINDH","SUKKUR","KHAIRPUR","NARA","TALUKA","KALASHA",NA,NA,NA,NA,NA,NA,NA,NA,NA,NA,NA,NA
"SINDH","SUKKUR","KHAIRPUR","NARA","TALUKA","KASHMIRI",1,1,NA,NA,NA,NA,NA,NA,1,1,NA,NA
"SINDH","SUKKUR","KHAIRPUR","NARA","TALUKA","KOHIOSTANI",NA,NA,NA,NA,NA,NA,NA,NA,NA,NA,NA,NA
"SINDH","SUKKUR","KHAIRPUR","NARA","TALUKA","MEWATI",NA,NA,NA,NA,NA,NA,NA,NA,NA,NA,NA,NA
"SINDH","SUKKUR","KHAIRPUR","NARA","TALUKA","OTHERS",56,25,31,NA,15,7,8,NA,41,18,23,NA
"SINDH","SUKKUR","KHAIRPUR","NARA","TALUKA","PUNJABI",170,86,84,NA,51,23,28,NA,119,63,56,NA
"SINDH","SUKKUR","KHAIRPUR","NARA","TALUKA","PUSHTO",503,262,241,NA,278,145,133,NA,225,117,108,NA
"SINDH","SUKKUR","KHAIRPUR","NARA","TALUKA","SARAIKI",49,23,26,NA,31,12,19,NA,18,11,7,NA
"SINDH","SUKKUR","KHAIRPUR","NARA","TALUKA","SHINA",NA,NA,NA,NA,NA,NA,NA,NA,NA,NA,NA,NA
"SINDH","SUKKUR","KHAIRPUR","NARA","TALUKA","SINDHI",172030,83577,88451,2,132222,64034,68188,NA,39808,19543,20263,2
"SINDH","SUKKUR","KHAIRPUR","NARA","TALUKA","TOTAL",173968,84561,89405,2,133663,64760,68903,NA,40305,19801,20502,2
"SINDH","SUKKUR","KHAIRPUR","NARA","TALUKA","URDU",40,20,20,NA,21,11,10,NA,19,9,10,NA
"SINDH","LARKANA","KAMBAR SHAHDAD KOT","NASIRABAD","TALUKA","BALOCHI",3,2,1,NA,1,1,NA,NA,2,1,1,NA
"SINDH","LARKANA","KAMBAR SHAHDAD KOT","NASIRABAD","TALUKA","BALTI",NA,NA,NA,NA,NA,NA,NA,NA,NA,NA,NA,NA
"SINDH","LARKANA","KAMBAR SHAHDAD KOT","NASIRABAD","TALUKA","BRAHVI",339,168,171,NA,323,159,164,NA,16,9,7,NA
"SINDH","LARKANA","KAMBAR SHAHDAD KOT","NASIRABAD","TALUKA","HINDKO",1,NA,1,NA,NA,NA,NA,NA,1,NA,1,NA
"SINDH","LARKANA","KAMBAR SHAHDAD KOT","NASIRABAD","TALUKA","KALASHA",1,1,NA,NA,NA,NA,NA,NA,1,1,NA,NA
"SINDH","LARKANA","KAMBAR SHAHDAD KOT","NASIRABAD","TALUKA","KASHMIRI",NA,NA,NA,NA,NA,NA,NA,NA,NA,NA,NA,NA
"SINDH","LARKANA","KAMBAR SHAHDAD KOT","NASIRABAD","TALUKA","KOHIOSTANI",NA,NA,NA,NA,NA,NA,NA,NA,NA,NA,NA,NA
"SINDH","LARKANA","KAMBAR SHAHDAD KOT","NASIRABAD","TALUKA","MEWATI",NA,NA,NA,NA,NA,NA,NA,NA,NA,NA,NA,NA
"SINDH","LARKANA","KAMBAR SHAHDAD KOT","NASIRABAD","TALUKA","OTHERS",7,3,4,NA,4,2,2,NA,3,1,2,NA
"SINDH","LARKANA","KAMBAR SHAHDAD KOT","NASIRABAD","TALUKA","PUNJABI",9,5,4,NA,6,3,3,NA,3,2,1,NA
"SINDH","LARKANA","KAMBAR SHAHDAD KOT","NASIRABAD","TALUKA","PUSHTO",89,42,47,NA,54,25,29,NA,35,17,18,NA
"SINDH","LARKANA","KAMBAR SHAHDAD KOT","NASIRABAD","TALUKA","SARAIKI",2,1,1,NA,NA,NA,NA,NA,2,1,1,NA
"SINDH","LARKANA","KAMBAR SHAHDAD KOT","NASIRABAD","TALUKA","SHINA",NA,NA,NA,NA,NA,NA,NA,NA,NA,NA,NA,NA
"SINDH","LARKANA","KAMBAR SHAHDAD KOT","NASIRABAD","TALUKA","SINDHI",174242,82894,91342,6,136208,64964,71241,3,38034,17930,20101,3
"SINDH","LARKANA","KAMBAR SHAHDAD KOT","NASIRABAD","TALUKA","TOTAL",174708,83127,91575,6,136603,65160,71440,3,38105,17967,20135,3
"SINDH","LARKANA","KAMBAR SHAHDAD KOT","NASIRABAD","TALUKA","URDU",15,11,4,NA,7,6,1,NA,8,5,3,NA
"SINDH","SHAHEED BENAZIRABAD","NAUSHAHRO FEROZE","NAUSHAHRO FEROZE","TALUKA","BALOCHI",493,243,250,NA,236,122,114,NA,257,121,136,NA
"SINDH","SHAHEED BENAZIRABAD","NAUSHAHRO FEROZE","NAUSHAHRO FEROZE","TALUKA","BALTI",NA,NA,NA,NA,NA,NA,NA,NA,NA,NA,NA,NA
"SINDH","SHAHEED BENAZIRABAD","NAUSHAHRO FEROZE","NAUSHAHRO FEROZE","TALUKA","BRAHVI",277,144,133,NA,169,87,82,NA,108,57,51,NA
"SINDH","SHAHEED BENAZIRABAD","NAUSHAHRO FEROZE","NAUSHAHRO FEROZE","TALUKA","HINDKO",1246,614,632,NA,1148,563,585,NA,98,51,47,NA
"SINDH","SHAHEED BENAZIRABAD","NAUSHAHRO FEROZE","NAUSHAHRO FEROZE","TALUKA","KALASHA",NA,NA,NA,NA,NA,NA,NA,NA,NA,NA,NA,NA
"SINDH","SHAHEED BENAZIRABAD","NAUSHAHRO FEROZE","NAUSHAHRO FEROZE","TALUKA","KASHMIRI",6,2,4,NA,3,1,2,NA,3,1,2,NA
"SINDH","SHAHEED BENAZIRABAD","NAUSHAHRO FEROZE","NAUSHAHRO FEROZE","TALUKA","KOHIOSTANI",NA,NA,NA,NA,NA,NA,NA,NA,NA,NA,NA,NA
"SINDH","SHAHEED BENAZIRABAD","NAUSHAHRO FEROZE","NAUSHAHRO FEROZE","TALUKA","MEWATI",5,2,3,NA,5,2,3,NA,NA,NA,NA,NA
"SINDH","SHAHEED BENAZIRABAD","NAUSHAHRO FEROZE","NAUSHAHRO FEROZE","TALUKA","OTHERS",322,172,150,NA,158,79,79,NA,164,93,71,NA
"SINDH","SHAHEED BENAZIRABAD","NAUSHAHRO FEROZE","NAUSHAHRO FEROZE","TALUKA","PUNJABI",5629,2726,2902,1,2555,1222,1333,NA,3074,1504,1569,1
"SINDH","SHAHEED BENAZIRABAD","NAUSHAHRO FEROZE","NAUSHAHRO FEROZE","TALUKA","PUSHTO",728,345,383,NA,188,92,96,NA,540,253,287,NA
"SINDH","SHAHEED BENAZIRABAD","NAUSHAHRO FEROZE","NAUSHAHRO FEROZE","TALUKA","SARAIKI",4410,2116,2294,NA,3147,1531,1616,NA,1263,585,678,NA
"SINDH","SHAHEED BENAZIRABAD","NAUSHAHRO FEROZE","NAUSHAHRO FEROZE","TALUKA","SHINA",NA,NA,NA,NA,NA,NA,NA,NA,NA,NA,NA,NA
"SINDH","SHAHEED BENAZIRABAD","NAUSHAHRO FEROZE","NAUSHAHRO FEROZE","TALUKA","SINDHI",377092,186274,190803,15,234452,115558,118890,4,142640,70716,71913,11
"SINDH","SHAHEED BENAZIRABAD","NAUSHAHRO FEROZE","NAUSHAHRO FEROZE","TALUKA","TOTAL",408356,201666,206674,16,244022,120245,123773,4,164334,81421,82901,12
"SINDH","SHAHEED BENAZIRABAD","NAUSHAHRO FEROZE","NAUSHAHRO FEROZE","TALUKA","URDU",18148,9028,9120,NA,1961,988,973,NA,16187,8040,8147,NA
"SINDH","SHAHEED BENAZIRABAD","SHAHEED BENAZIRABAD","NAWABSHAH","TALUKA","BALOCHI",8834,4300,4533,1,3060,1487,1573,NA,5774,2813,2960,1
"SINDH","SHAHEED BENAZIRABAD","SHAHEED BENAZIRABAD","NAWABSHAH","TALUKA","BALTI",13,6,7,NA,NA,NA,NA,NA,13,6,7,NA
"SINDH","SHAHEED BENAZIRABAD","SHAHEED BENAZIRABAD","NAWABSHAH","TALUKA","BRAHVI",10788,5455,5333,NA,4951,2503,2448,NA,5837,2952,2885,NA
"SINDH","SHAHEED BENAZIRABAD","SHAHEED BENAZIRABAD","NAWABSHAH","TALUKA","HINDKO",2031,987,1044,NA,440,208,232,NA,1591,779,812,NA
"SINDH","SHAHEED BENAZIRABAD","SHAHEED BENAZIRABAD","NAWABSHAH","TALUKA","KALASHA",NA,NA,NA,NA,NA,NA,NA,NA,NA,NA,NA,NA
"SINDH","SHAHEED BENAZIRABAD","SHAHEED BENAZIRABAD","NAWABSHAH","TALUKA","KASHMIRI",28,13,15,NA,5,1,4,NA,23,12,11,NA
"SINDH","SHAHEED BENAZIRABAD","SHAHEED BENAZIRABAD","NAWABSHAH","TALUKA","KOHIOSTANI",NA,NA,NA,NA,NA,NA,NA,NA,NA,NA,NA,NA
"SINDH","SHAHEED BENAZIRABAD","SHAHEED BENAZIRABAD","NAWABSHAH","TALUKA","MEWATI",493,247,246,NA,NA,NA,NA,NA,493,247,246,NA
"SINDH","SHAHEED BENAZIRABAD","SHAHEED BENAZIRABAD","NAWABSHAH","TALUKA","OTHERS",2000,976,1024,NA,201,92,109,NA,1799,884,915,NA
"SINDH","SHAHEED BENAZIRABAD","SHAHEED BENAZIRABAD","NAWABSHAH","TALUKA","PUNJABI",36308,18007,18299,2,401,203,198,NA,35907,17804,18101,2
"SINDH","SHAHEED BENAZIRABAD","SHAHEED BENAZIRABAD","NAWABSHAH","TALUKA","PUSHTO",2659,1274,1385,NA,84,44,40,NA,2575,1230,1345,NA
"SINDH","SHAHEED BENAZIRABAD","SHAHEED BENAZIRABAD","NAWABSHAH","TALUKA","SARAIKI",5225,2596,2629,NA,1435,719,716,NA,3790,1877,1913,NA
"SINDH","SHAHEED BENAZIRABAD","SHAHEED BENAZIRABAD","NAWABSHAH","TALUKA","SHINA",6,3,3,NA,NA,NA,NA,NA,6,3,3,NA
"SINDH","SHAHEED BENAZIRABAD","SHAHEED BENAZIRABAD","NAWABSHAH","TALUKA","SINDHI",322199,158363,163825,11,108167,53028,55138,1,214032,105335,108687,10
"SINDH","SHAHEED BENAZIRABAD","SHAHEED BENAZIRABAD","NAWABSHAH","TALUKA","TOTAL",481825,236985,244818,22,118840,58336,60503,1,362985,178649,184315,21
"SINDH","SHAHEED BENAZIRABAD","SHAHEED BENAZIRABAD","NAWABSHAH","TALUKA","URDU",91241,44758,46475,8,96,51,45,NA,91145,44707,46430,8
"SINDH","KARACHI","KARACHI CENTRAL","NAZIMABAD","SUB-DIVISION","BALOCHI",5257,2349,2901,7,NA,NA,NA,NA,5257,2349,2901,7
"SINDH","KARACHI","KARACHI CENTRAL","NAZIMABAD","SUB-DIVISION","BALTI",189,78,110,1,NA,NA,NA,NA,189,78,110,1
"SINDH","KARACHI","KARACHI CENTRAL","NAZIMABAD","SUB-DIVISION","BRAHVI",164,76,88,NA,NA,NA,NA,NA,164,76,88,NA
"SINDH","KARACHI","KARACHI CENTRAL","NAZIMABAD","SUB-DIVISION","HINDKO",8374,3867,4507,NA,NA,NA,NA,NA,8374,3867,4507,NA
"SINDH","KARACHI","KARACHI CENTRAL","NAZIMABAD","SUB-DIVISION","KALASHA",6,4,2,NA,NA,NA,NA,NA,6,4,2,NA
"SINDH","KARACHI","KARACHI CENTRAL","NAZIMABAD","SUB-DIVISION","KASHMIRI",671,257,414,NA,NA,NA,NA,NA,671,257,414,NA
"SINDH","KARACHI","KARACHI CENTRAL","NAZIMABAD","SUB-DIVISION","KOHIOSTANI",30,14,16,NA,NA,NA,NA,NA,30,14,16,NA
"SINDH","KARACHI","KARACHI CENTRAL","NAZIMABAD","SUB-DIVISION","MEWATI",560,254,306,NA,NA,NA,NA,NA,560,254,306,NA
"SINDH","KARACHI","KARACHI CENTRAL","NAZIMABAD","SUB-DIVISION","OTHERS",11327,5360,5965,2,NA,NA,NA,NA,11327,5360,5965,2
"SINDH","KARACHI","KARACHI CENTRAL","NAZIMABAD","SUB-DIVISION","PUNJABI",32777,15137,17625,15,NA,NA,NA,NA,32777,15137,17625,15
"SINDH","KARACHI","KARACHI CENTRAL","NAZIMABAD","SUB-DIVISION","PUSHTO",51727,22969,28752,6,NA,NA,NA,NA,51727,22969,28752,6
"SINDH","KARACHI","KARACHI CENTRAL","NAZIMABAD","SUB-DIVISION","SARAIKI",12200,5266,6925,9,NA,NA,NA,NA,12200,5266,6925,9
"SINDH","KARACHI","KARACHI CENTRAL","NAZIMABAD","SUB-DIVISION","SHINA",462,167,295,NA,NA,NA,NA,NA,462,167,295,NA
"SINDH","KARACHI","KARACHI CENTRAL","NAZIMABAD","SUB-DIVISION","SINDHI",23039,10287,12750,2,NA,NA,NA,NA,23039,10287,12750,2
"SINDH","KARACHI","KARACHI CENTRAL","NAZIMABAD","SUB-DIVISION","TOTAL",572740,268273,304391,76,NA,NA,NA,NA,572740,268273,304391,76
"SINDH","KARACHI","KARACHI CENTRAL","NAZIMABAD","SUB-DIVISION","URDU",425957,202188,223735,34,NA,NA,NA,NA,425957,202188,223735,34
"SINDH","KARACHI","KARACHI CENTRAL","NEW KARACHI","SUB-DIVISION","BALOCHI",5919,2686,3233,NA,NA,NA,NA,NA,5919,2686,3233,NA
"SINDH","KARACHI","KARACHI CENTRAL","NEW KARACHI","SUB-DIVISION","BALTI",82,38,44,NA,NA,NA,NA,NA,82,38,44,NA
"SINDH","KARACHI","KARACHI CENTRAL","NEW KARACHI","SUB-DIVISION","BRAHVI",3061,1413,1648,NA,NA,NA,NA,NA,3061,1413,1648,NA
"SINDH","KARACHI","KARACHI CENTRAL","NEW KARACHI","SUB-DIVISION","HINDKO",7360,3430,3930,NA,NA,NA,NA,NA,7360,3430,3930,NA
"SINDH","KARACHI","KARACHI CENTRAL","NEW KARACHI","SUB-DIVISION","KALASHA",54,20,34,NA,NA,NA,NA,NA,54,20,34,NA
"SINDH","KARACHI","KARACHI CENTRAL","NEW KARACHI","SUB-DIVISION","KASHMIRI",2281,1009,1272,NA,NA,NA,NA,NA,2281,1009,1272,NA
"SINDH","KARACHI","KARACHI CENTRAL","NEW KARACHI","SUB-DIVISION","KOHIOSTANI",301,151,150,NA,NA,NA,NA,NA,301,151,150,NA
"SINDH","KARACHI","KARACHI CENTRAL","NEW KARACHI","SUB-DIVISION","MEWATI",1169,560,609,NA,NA,NA,NA,NA,1169,560,609,NA
"SINDH","KARACHI","KARACHI CENTRAL","NEW KARACHI","SUB-DIVISION","OTHERS",35705,17128,18577,NA,NA,NA,NA,NA,35705,17128,18577,NA
"SINDH","KARACHI","KARACHI CENTRAL","NEW KARACHI","SUB-DIVISION","PUNJABI",30667,13994,16647,26,NA,NA,NA,NA,30667,13994,16647,26
"SINDH","KARACHI","KARACHI CENTRAL","NEW KARACHI","SUB-DIVISION","PUSHTO",23441,10536,12905,NA,NA,NA,NA,NA,23441,10536,12905,NA
"SINDH","KARACHI","KARACHI CENTRAL","NEW KARACHI","SUB-DIVISION","SARAIKI",45343,20513,24790,40,NA,NA,NA,NA,45343,20513,24790,40
"SINDH","KARACHI","KARACHI CENTRAL","NEW KARACHI","SUB-DIVISION","SHINA",106,55,51,NA,NA,NA,NA,NA,106,55,51,NA
"SINDH","KARACHI","KARACHI CENTRAL","NEW KARACHI","SUB-DIVISION","SINDHI",26148,11702,14444,2,NA,NA,NA,NA,26148,11702,14444,2
"SINDH","KARACHI","KARACHI CENTRAL","NEW KARACHI","SUB-DIVISION","TOTAL",1165742,554387,611178,177,NA,NA,NA,NA,1165742,554387,611178,177
"SINDH","KARACHI","KARACHI CENTRAL","NEW KARACHI","SUB-DIVISION","URDU",984105,471152,512844,109,NA,NA,NA,NA,984105,471152,512844,109
"SINDH","SUKKUR","SUKKUR","NEW SUKKUR","TALUKA","BALOCHI",4521,2124,2397,NA,46,17,29,NA,4475,2107,2368,NA
"SINDH","SUKKUR","SUKKUR","NEW SUKKUR","TALUKA","BALTI",6,4,2,NA,6,4,2,NA,NA,NA,NA,NA
"SINDH","SUKKUR","SUKKUR","NEW SUKKUR","TALUKA","BRAHVI",1145,543,602,NA,NA,NA,NA,NA,1145,543,602,NA
"SINDH","SUKKUR","SUKKUR","NEW SUKKUR","TALUKA","HINDKO",465,223,242,NA,5,3,2,NA,460,220,240,NA
"SINDH","SUKKUR","SUKKUR","NEW SUKKUR","TALUKA","KALASHA",NA,NA,NA,NA,NA,NA,NA,NA,NA,NA,NA,NA
"SINDH","SUKKUR","SUKKUR","NEW SUKKUR","TALUKA","KASHMIRI",4,1,3,NA,NA,NA,NA,NA,4,1,3,NA
"SINDH","SUKKUR","SUKKUR","NEW SUKKUR","TALUKA","KOHIOSTANI",NA,NA,NA,NA,NA,NA,NA,NA,NA,NA,NA,NA
"SINDH","SUKKUR","SUKKUR","NEW SUKKUR","TALUKA","MEWATI",18,12,6,NA,NA,NA,NA,NA,18,12,6,NA
"SINDH","SUKKUR","SUKKUR","NEW SUKKUR","TALUKA","OTHERS",1385,658,727,NA,22,12,10,NA,1363,646,717,NA
"SINDH","SUKKUR","SUKKUR","NEW SUKKUR","TALUKA","PUNJABI",3816,1834,1979,3,14,7,7,NA,3802,1827,1972,3
"SINDH","SUKKUR","SUKKUR","NEW SUKKUR","TALUKA","PUSHTO",2159,983,1176,NA,172,90,82,NA,1987,893,1094,NA
"SINDH","SUKKUR","SUKKUR","NEW SUKKUR","TALUKA","SARAIKI",3637,1734,1902,1,31,15,16,NA,3606,1719,1886,1
"SINDH","SUKKUR","SUKKUR","NEW SUKKUR","TALUKA","SHINA",NA,NA,NA,NA,NA,NA,NA,NA,NA,NA,NA,NA
"SINDH","SUKKUR","SUKKUR","NEW SUKKUR","TALUKA","SINDHI",317876,149127,168724,25,53626,24963,28661,2,264250,124164,140063,23
"SINDH","SUKKUR","SUKKUR","NEW SUKKUR","TALUKA","TOTAL",356163,167266,188868,29,53951,25125,28824,2,302212,142141,160044,27
"SINDH","SUKKUR","SUKKUR","NEW SUKKUR","TALUKA","URDU",21131,10023,11108,NA,29,14,15,NA,21102,10009,11093,NA
"SINDH","KARACHI","KARACHI CENTRAL","NORTH NAZIMABAD","SUB-DIVISION","BALOCHI",11155,4975,6176,4,NA,NA,NA,NA,11155,4975,6176,4
"SINDH","KARACHI","KARACHI CENTRAL","NORTH NAZIMABAD","SUB-DIVISION","BALTI",1896,881,1015,NA,NA,NA,NA,NA,1896,881,1015,NA
"SINDH","KARACHI","KARACHI CENTRAL","NORTH NAZIMABAD","SUB-DIVISION","BRAHVI",2789,1285,1504,NA,NA,NA,NA,NA,2789,1285,1504,NA
"SINDH","KARACHI","KARACHI CENTRAL","NORTH NAZIMABAD","SUB-DIVISION","HINDKO",9851,4464,5386,1,NA,NA,NA,NA,9851,4464,5386,1
"SINDH","KARACHI","KARACHI CENTRAL","NORTH NAZIMABAD","SUB-DIVISION","KALASHA",29,15,14,NA,NA,NA,NA,NA,29,15,14,NA
"SINDH","KARACHI","KARACHI CENTRAL","NORTH NAZIMABAD","SUB-DIVISION","KASHMIRI",2609,1048,1561,NA,NA,NA,NA,NA,2609,1048,1561,NA
"SINDH","KARACHI","KARACHI CENTRAL","NORTH NAZIMABAD","SUB-DIVISION","KOHIOSTANI",3340,1480,1860,NA,NA,NA,NA,NA,3340,1480,1860,NA
"SINDH","KARACHI","KARACHI CENTRAL","NORTH NAZIMABAD","SUB-DIVISION","MEWATI",1922,893,1029,NA,NA,NA,NA,NA,1922,893,1029,NA
"SINDH","KARACHI","KARACHI CENTRAL","NORTH NAZIMABAD","SUB-DIVISION","OTHERS",14422,6621,7789,12,NA,NA,NA,NA,14422,6621,7789,12
"SINDH","KARACHI","KARACHI CENTRAL","NORTH NAZIMABAD","SUB-DIVISION","PUNJABI",52139,23948,28144,47,NA,NA,NA,NA,52139,23948,28144,47
"SINDH","KARACHI","KARACHI CENTRAL","NORTH NAZIMABAD","SUB-DIVISION","PUSHTO",73595,32672,40915,8,NA,NA,NA,NA,73595,32672,40915,8
"SINDH","KARACHI","KARACHI CENTRAL","NORTH NAZIMABAD","SUB-DIVISION","SARAIKI",65767,29059,36689,19,NA,NA,NA,NA,65767,29059,36689,19
"SINDH","KARACHI","KARACHI CENTRAL","NORTH NAZIMABAD","SUB-DIVISION","SHINA",479,199,280,NA,NA,NA,NA,NA,479,199,280,NA
"SINDH","KARACHI","KARACHI CENTRAL","NORTH NAZIMABAD","SUB-DIVISION","SINDHI",16785,6570,10206,9,NA,NA,NA,NA,16785,6570,10206,9
"SINDH","KARACHI","KARACHI CENTRAL","NORTH NAZIMABAD","SUB-DIVISION","TOTAL",920476,435029,485300,147,NA,NA,NA,NA,920476,435029,485300,147
"SINDH","KARACHI","KARACHI CENTRAL","NORTH NAZIMABAD","SUB-DIVISION","URDU",663698,320919,342732,47,NA,NA,NA,NA,663698,320919,342732,47
"SINDH","KARACHI","KARACHI WEST","ORANGI","SUB-DIVISION","BALOCHI",7335,3528,3807,NA,NA,NA,NA,NA,7335,3528,3807,NA
"SINDH","KARACHI","KARACHI WEST","ORANGI","SUB-DIVISION","BALTI",1141,523,618,NA,NA,NA,NA,NA,1141,523,618,NA
"SINDH","KARACHI","KARACHI WEST","ORANGI","SUB-DIVISION","BRAHVI",264,145,119,NA,NA,NA,NA,NA,264,145,119,NA
"SINDH","KARACHI","KARACHI WEST","ORANGI","SUB-DIVISION","HINDKO",17447,8245,9202,NA,NA,NA,NA,NA,17447,8245,9202,NA
"SINDH","KARACHI","KARACHI WEST","ORANGI","SUB-DIVISION","KALASHA",1,NA,1,NA,NA,NA,NA,NA,1,NA,1,NA
"SINDH","KARACHI","KARACHI WEST","ORANGI","SUB-DIVISION","KASHMIRI",837,377,460,NA,NA,NA,NA,NA,837,377,460,NA
"SINDH","KARACHI","KARACHI WEST","ORANGI","SUB-DIVISION","KOHIOSTANI",1110,490,620,NA,NA,NA,NA,NA,1110,490,620,NA
"SINDH","KARACHI","KARACHI WEST","ORANGI","SUB-DIVISION","MEWATI",177,89,88,NA,NA,NA,NA,NA,177,89,88,NA
"SINDH","KARACHI","KARACHI WEST","ORANGI","SUB-DIVISION","OTHERS",2583,1206,1377,NA,NA,NA,NA,NA,2583,1206,1377,NA
"SINDH","KARACHI","KARACHI WEST","ORANGI","SUB-DIVISION","PUNJABI",19104,9006,10098,NA,NA,NA,NA,NA,19104,9006,10098,NA
"SINDH","KARACHI","KARACHI WEST","ORANGI","SUB-DIVISION","PUSHTO",329285,152721,176555,9,NA,NA,NA,NA,329285,152721,176555,9
"SINDH","KARACHI","KARACHI WEST","ORANGI","SUB-DIVISION","SARAIKI",13686,6176,7510,NA,NA,NA,NA,NA,13686,6176,7510,NA
"SINDH","KARACHI","KARACHI WEST","ORANGI","SUB-DIVISION","SHINA",403,198,205,NA,NA,NA,NA,NA,403,198,205,NA
"SINDH","KARACHI","KARACHI WEST","ORANGI","SUB-DIVISION","SINDHI",22856,10768,12088,NA,NA,NA,NA,NA,22856,10768,12088,NA
"SINDH","KARACHI","KARACHI WEST","ORANGI","SUB-DIVISION","TOTAL",596919,280021,316870,28,NA,NA,NA,NA,596919,280021,316870,28
"SINDH","KARACHI","KARACHI WEST","ORANGI","SUB-DIVISION","URDU",180690,86549,94122,19,NA,NA,NA,NA,180690,86549,94122,19
"SINDH","SUKKUR","SUKKUR","PANO AQIL","TALUKA","BALOCHI",397,196,201,NA,156,65,91,NA,241,131,110,NA
"SINDH","SUKKUR","SUKKUR","PANO AQIL","TALUKA","BALTI",55,28,27,NA,NA,NA,NA,NA,55,28,27,NA
"SINDH","SUKKUR","SUKKUR","PANO AQIL","TALUKA","BRAHVI",418,181,237,NA,113,56,57,NA,305,125,180,NA
"SINDH","SUKKUR","SUKKUR","PANO AQIL","TALUKA","HINDKO",990,477,513,NA,554,273,281,NA,436,204,232,NA
"SINDH","SUKKUR","SUKKUR","PANO AQIL","TALUKA","KALASHA",NA,NA,NA,NA,NA,NA,NA,NA,NA,NA,NA,NA
"SINDH","SUKKUR","SUKKUR","PANO AQIL","TALUKA","KASHMIRI",109,44,65,NA,4,2,2,NA,105,42,63,NA
"SINDH","SUKKUR","SUKKUR","PANO AQIL","TALUKA","KOHIOSTANI",15,9,6,NA,NA,NA,NA,NA,15,9,6,NA
"SINDH","SUKKUR","SUKKUR","PANO AQIL","TALUKA","MEWATI",12,6,6,NA,NA,NA,NA,NA,12,6,6,NA
"SINDH","SUKKUR","SUKKUR","PANO AQIL","TALUKA","OTHERS",701,333,368,NA,545,262,283,NA,156,71,85,NA
"SINDH","SUKKUR","SUKKUR","PANO AQIL","TALUKA","PUNJABI",7772,3850,3922,NA,3109,1582,1527,NA,4663,2268,2395,NA
"SINDH","SUKKUR","SUKKUR","PANO AQIL","TALUKA","PUSHTO",1674,833,841,NA,664,334,330,NA,1010,499,511,NA
"SINDH","SUKKUR","SUKKUR","PANO AQIL","TALUKA","SARAIKI",1227,600,627,NA,212,108,104,NA,1015,492,523,NA
"SINDH","SUKKUR","SUKKUR","PANO AQIL","TALUKA","SHINA",79,42,37,NA,NA,NA,NA,NA,79,42,37,NA
"SINDH","SUKKUR","SUKKUR","PANO AQIL","TALUKA","SINDHI",415597,198425,217166,6,347871,166201,181668,2,67726,32224,35498,4
"SINDH","SUKKUR","SUKKUR","PANO AQIL","TALUKA","TOTAL",443126,211807,231312,7,354049,169258,184789,2,89077,42549,46523,5
"SINDH","SUKKUR","SUKKUR","PANO AQIL","TALUKA","URDU",14080,6783,7296,1,821,375,446,NA,13259,6408,6850,1
"SINDH","MIRPUR KHAS","UMER KOT","PITHORO","TALUKA","BALOCHI",554,270,284,NA,529,254,275,NA,25,16,9,NA
"SINDH","MIRPUR KHAS","UMER KOT","PITHORO","TALUKA","BALTI",NA,NA,NA,NA,NA,NA,NA,NA,NA,NA,NA,NA
"SINDH","MIRPUR KHAS","UMER KOT","PITHORO","TALUKA","BRAHVI",NA,NA,NA,NA,NA,NA,NA,NA,NA,NA,NA,NA
"SINDH","MIRPUR KHAS","UMER KOT","PITHORO","TALUKA","HINDKO",NA,NA,NA,NA,NA,NA,NA,NA,NA,NA,NA,NA
"SINDH","MIRPUR KHAS","UMER KOT","PITHORO","TALUKA","KALASHA",NA,NA,NA,NA,NA,NA,NA,NA,NA,NA,NA,NA
"SINDH","MIRPUR KHAS","UMER KOT","PITHORO","TALUKA","KASHMIRI",1,1,NA,NA,1,1,NA,NA,NA,NA,NA,NA
"SINDH","MIRPUR KHAS","UMER KOT","PITHORO","TALUKA","KOHIOSTANI",NA,NA,NA,NA,NA,NA,NA,NA,NA,NA,NA,NA
"SINDH","MIRPUR KHAS","UMER KOT","PITHORO","TALUKA","MEWATI",NA,NA,NA,NA,NA,NA,NA,NA,NA,NA,NA,NA
"SINDH","MIRPUR KHAS","UMER KOT","PITHORO","TALUKA","OTHERS",2,NA,2,NA,2,NA,2,NA,NA,NA,NA,NA
"SINDH","MIRPUR KHAS","UMER KOT","PITHORO","TALUKA","PUNJABI",1596,732,864,NA,968,440,528,NA,628,292,336,NA
"SINDH","MIRPUR KHAS","UMER KOT","PITHORO","TALUKA","PUSHTO",176,88,88,NA,153,80,73,NA,23,8,15,NA
"SINDH","MIRPUR KHAS","UMER KOT","PITHORO","TALUKA","SARAIKI",867,399,468,NA,867,399,468,NA,NA,NA,NA,NA
"SINDH","MIRPUR KHAS","UMER KOT","PITHORO","TALUKA","SHINA",NA,NA,NA,NA,NA,NA,NA,NA,NA,NA,NA,NA
"SINDH","MIRPUR KHAS","UMER KOT","PITHORO","TALUKA","SINDHI",126036,59787,66245,4,114523,54350,60171,2,11513,5437,6074,2
"SINDH","MIRPUR KHAS","UMER KOT","PITHORO","TALUKA","TOTAL",130272,61802,68466,4,117057,55533,61522,2,13215,6269,6944,2
"SINDH","MIRPUR KHAS","UMER KOT","PITHORO","TALUKA","URDU",1040,525,515,NA,14,9,5,NA,1026,516,510,NA
"SINDH","HYDERABAD","HYDERABAD","QASIMABAD","TALUKA","BALOCHI",611,272,339,NA,NA,NA,NA,NA,611,272,339,NA
"SINDH","HYDERABAD","HYDERABAD","QASIMABAD","TALUKA","BALTI",13,6,7,NA,NA,NA,NA,NA,13,6,7,NA
"SINDH","HYDERABAD","HYDERABAD","QASIMABAD","TALUKA","BRAHVI",752,361,391,NA,NA,NA,NA,NA,752,361,391,NA
"SINDH","HYDERABAD","HYDERABAD","QASIMABAD","TALUKA","HINDKO",440,183,257,NA,NA,NA,NA,NA,440,183,257,NA
"SINDH","HYDERABAD","HYDERABAD","QASIMABAD","TALUKA","KALASHA",NA,NA,NA,NA,NA,NA,NA,NA,NA,NA,NA,NA
"SINDH","HYDERABAD","HYDERABAD","QASIMABAD","TALUKA","KASHMIRI",70,25,45,NA,NA,NA,NA,NA,70,25,45,NA
"SINDH","HYDERABAD","HYDERABAD","QASIMABAD","TALUKA","KOHIOSTANI",13,5,8,NA,NA,NA,NA,NA,13,5,8,NA
"SINDH","HYDERABAD","HYDERABAD","QASIMABAD","TALUKA","MEWATI",6,4,2,NA,NA,NA,NA,NA,6,4,2,NA
"SINDH","HYDERABAD","HYDERABAD","QASIMABAD","TALUKA","OTHERS",2793,1333,1460,NA,NA,NA,NA,NA,2793,1333,1460,NA
"SINDH","HYDERABAD","HYDERABAD","QASIMABAD","TALUKA","PUNJABI",3852,1748,2104,NA,NA,NA,NA,NA,3852,1748,2104,NA
"SINDH","HYDERABAD","HYDERABAD","QASIMABAD","TALUKA","PUSHTO",3372,1544,1828,NA,NA,NA,NA,NA,3372,1544,1828,NA
"SINDH","HYDERABAD","HYDERABAD","QASIMABAD","TALUKA","SARAIKI",477,219,258,NA,NA,NA,NA,NA,477,219,258,NA
"SINDH","HYDERABAD","HYDERABAD","QASIMABAD","TALUKA","SHINA",34,17,17,NA,NA,NA,NA,NA,34,17,17,NA
"SINDH","HYDERABAD","HYDERABAD","QASIMABAD","TALUKA","SINDHI",323789,147466,176308,15,NA,NA,NA,NA,323789,147466,176308,15
"SINDH","HYDERABAD","HYDERABAD","QASIMABAD","TALUKA","TOTAL",342160,155908,186237,15,NA,NA,NA,NA,342160,155908,186237,15
"SINDH","HYDERABAD","HYDERABAD","QASIMABAD","TALUKA","URDU",5938,2725,3213,NA,NA,NA,NA,NA,5938,2725,3213,NA
"SINDH","LARKANA","KAMBAR SHAHDAD KOT","QUBO SAEED KHAN","TALUKA","BALOCHI",1761,837,924,NA,1742,826,916,NA,19,11,8,NA
"SINDH","LARKANA","KAMBAR SHAHDAD KOT","QUBO SAEED KHAN","TALUKA","BALTI",NA,NA,NA,NA,NA,NA,NA,NA,NA,NA,NA,NA
"SINDH","LARKANA","KAMBAR SHAHDAD KOT","QUBO SAEED KHAN","TALUKA","BRAHVI",8560,4216,4344,NA,6676,3291,3385,NA,1884,925,959,NA
"SINDH","LARKANA","KAMBAR SHAHDAD KOT","QUBO SAEED KHAN","TALUKA","HINDKO",3,NA,3,NA,NA,NA,NA,NA,3,NA,3,NA
"SINDH","LARKANA","KAMBAR SHAHDAD KOT","QUBO SAEED KHAN","TALUKA","KALASHA",NA,NA,NA,NA,NA,NA,NA,NA,NA,NA,NA,NA
"SINDH","LARKANA","KAMBAR SHAHDAD KOT","QUBO SAEED KHAN","TALUKA","KASHMIRI",NA,NA,NA,NA,NA,NA,NA,NA,NA,NA,NA,NA
"SINDH","LARKANA","KAMBAR SHAHDAD KOT","QUBO SAEED KHAN","TALUKA","KOHIOSTANI",NA,NA,NA,NA,NA,NA,NA,NA,NA,NA,NA,NA
"SINDH","LARKANA","KAMBAR SHAHDAD KOT","QUBO SAEED KHAN","TALUKA","MEWATI",NA,NA,NA,NA,NA,NA,NA,NA,NA,NA,NA,NA
"SINDH","LARKANA","KAMBAR SHAHDAD KOT","QUBO SAEED KHAN","TALUKA","OTHERS",10,7,3,NA,10,7,3,NA,NA,NA,NA,NA
"SINDH","LARKANA","KAMBAR SHAHDAD KOT","QUBO SAEED KHAN","TALUKA","PUNJABI",11,6,5,NA,11,6,5,NA,NA,NA,NA,NA
"SINDH","LARKANA","KAMBAR SHAHDAD KOT","QUBO SAEED KHAN","TALUKA","PUSHTO",90,47,43,NA,28,16,12,NA,62,31,31,NA
"SINDH","LARKANA","KAMBAR SHAHDAD KOT","QUBO SAEED KHAN","TALUKA","SARAIKI",NA,NA,NA,NA,NA,NA,NA,NA,NA,NA,NA,NA
"SINDH","LARKANA","KAMBAR SHAHDAD KOT","QUBO SAEED KHAN","TALUKA","SHINA",1,1,NA,NA,1,1,NA,NA,NA,NA,NA,NA
"SINDH","LARKANA","KAMBAR SHAHDAD KOT","QUBO SAEED KHAN","TALUKA","SINDHI",88853,42822,46029,2,60181,28979,31202,NA,28672,13843,14827,2
"SINDH","LARKANA","KAMBAR SHAHDAD KOT","QUBO SAEED KHAN","TALUKA","TOTAL",99308,47946,51360,2,68662,33134,35528,NA,30646,14812,15832,2
"SINDH","LARKANA","KAMBAR SHAHDAD KOT","QUBO SAEED KHAN","TALUKA","URDU",19,10,9,NA,13,8,5,NA,6,2,4,NA
"SINDH","LARKANA","LARKANA","RATODERO","TALUKA","BALOCHI",654,318,336,NA,389,181,208,NA,265,137,128,NA
"SINDH","LARKANA","LARKANA","RATODERO","TALUKA","BALTI",NA,NA,NA,NA,NA,NA,NA,NA,NA,NA,NA,NA
"SINDH","LARKANA","LARKANA","RATODERO","TALUKA","BRAHVI",3168,1575,1593,NA,271,135,136,NA,2897,1440,1457,NA
"SINDH","LARKANA","LARKANA","RATODERO","TALUKA","HINDKO",11,5,6,NA,1,NA,1,NA,10,5,5,NA
"SINDH","LARKANA","LARKANA","RATODERO","TALUKA","KALASHA",NA,NA,NA,NA,NA,NA,NA,NA,NA,NA,NA,NA
"SINDH","LARKANA","LARKANA","RATODERO","TALUKA","KASHMIRI",4,1,3,NA,4,1,3,NA,NA,NA,NA,NA
"SINDH","LARKANA","LARKANA","RATODERO","TALUKA","KOHIOSTANI",NA,NA,NA,NA,NA,NA,NA,NA,NA,NA,NA,NA
"SINDH","LARKANA","LARKANA","RATODERO","TALUKA","MEWATI",NA,NA,NA,NA,NA,NA,NA,NA,NA,NA,NA,NA
"SINDH","LARKANA","LARKANA","RATODERO","TALUKA","OTHERS",52,25,27,NA,10,4,6,NA,42,21,21,NA
"SINDH","LARKANA","LARKANA","RATODERO","TALUKA","PUNJABI",48,24,24,NA,21,10,11,NA,27,14,13,NA
"SINDH","LARKANA","LARKANA","RATODERO","TALUKA","PUSHTO",269,127,142,NA,191,86,105,NA,78,41,37,NA
"SINDH","LARKANA","LARKANA","RATODERO","TALUKA","SARAIKI",219,102,117,NA,129,57,72,NA,90,45,45,NA
"SINDH","LARKANA","LARKANA","RATODERO","TALUKA","SHINA",NA,NA,NA,NA,NA,NA,NA,NA,NA,NA,NA,NA
"SINDH","LARKANA","LARKANA","RATODERO","TALUKA","SINDHI",373281,180618,192640,23,242088,117075,125007,6,131193,63543,67633,17
"SINDH","LARKANA","LARKANA","RATODERO","TALUKA","TOTAL",377923,182898,195002,23,243142,117566,125570,6,134781,65332,69432,17
"SINDH","LARKANA","LARKANA","RATODERO","TALUKA","URDU",217,103,114,NA,38,17,21,NA,179,86,93,NA
"SINDH","SUKKUR","SUKKUR","ROHRI","TALUKA","BALOCHI",5800,2594,3206,NA,4970,2215,2755,NA,830,379,451,NA
"SINDH","SUKKUR","SUKKUR","ROHRI","TALUKA","BALTI",6,2,4,NA,NA,NA,NA,NA,6,2,4,NA
"SINDH","SUKKUR","SUKKUR","ROHRI","TALUKA","BRAHVI",275,140,135,NA,188,93,95,NA,87,47,40,NA
"SINDH","SUKKUR","SUKKUR","ROHRI","TALUKA","HINDKO",1013,466,547,NA,754,334,420,NA,259,132,127,NA
"SINDH","SUKKUR","SUKKUR","ROHRI","TALUKA","KALASHA",NA,NA,NA,NA,NA,NA,NA,NA,NA,NA,NA,NA
"SINDH","SUKKUR","SUKKUR","ROHRI","TALUKA","KASHMIRI",64,26,38,NA,16,6,10,NA,48,20,28,NA
"SINDH","SUKKUR","SUKKUR","ROHRI","TALUKA","KOHIOSTANI",NA,NA,NA,NA,NA,NA,NA,NA,NA,NA,NA,NA
"SINDH","SUKKUR","SUKKUR","ROHRI","TALUKA","MEWATI",7,1,6,NA,7,1,6,NA,NA,NA,NA,NA
"SINDH","SUKKUR","SUKKUR","ROHRI","TALUKA","OTHERS",229,106,123,NA,175,81,94,NA,54,25,29,NA
"SINDH","SUKKUR","SUKKUR","ROHRI","TALUKA","PUNJABI",2706,1260,1444,2,1164,546,617,1,1542,714,827,1
"SINDH","SUKKUR","SUKKUR","ROHRI","TALUKA","PUSHTO",4739,2238,2500,1,3367,1588,1779,NA,1372,650,721,1
"SINDH","SUKKUR","SUKKUR","ROHRI","TALUKA","SARAIKI",2558,1181,1377,NA,1699,791,908,NA,859,390,469,NA
"SINDH","SUKKUR","SUKKUR","ROHRI","TALUKA","SHINA",NA,NA,NA,NA,NA,NA,NA,NA,NA,NA,NA,NA
"SINDH","SUKKUR","SUKKUR","ROHRI","TALUKA","SINDHI",389154,177777,211361,16,289701,132565,157127,9,99453,45212,54234,7
"SINDH","SUKKUR","SUKKUR","ROHRI","TALUKA","TOTAL",421500,192567,228914,19,307900,140917,166973,10,113600,51650,61941,9
"SINDH","SUKKUR","SUKKUR","ROHRI","TALUKA","URDU",14949,6776,8173,NA,5859,2697,3162,NA,9090,4079,5011,NA
"SINDH","KARACHI","KARACHI SOUTH","SADDAR","SUB-DIVISION","BALOCHI",1291,550,741,NA,NA,NA,NA,NA,1291,550,741,NA
"SINDH","KARACHI","KARACHI SOUTH","SADDAR","SUB-DIVISION","BALTI",74,32,42,NA,NA,NA,NA,NA,74,32,42,NA
"SINDH","KARACHI","KARACHI SOUTH","SADDAR","SUB-DIVISION","BRAHVI",140,71,69,NA,NA,NA,NA,NA,140,71,69,NA
"SINDH","KARACHI","KARACHI SOUTH","SADDAR","SUB-DIVISION","HINDKO",12435,5827,6606,2,NA,NA,NA,NA,12435,5827,6606,2
"SINDH","KARACHI","KARACHI SOUTH","SADDAR","SUB-DIVISION","KALASHA",4,NA,4,NA,NA,NA,NA,NA,4,NA,4,NA
"SINDH","KARACHI","KARACHI SOUTH","SADDAR","SUB-DIVISION","KASHMIRI",760,351,409,NA,NA,NA,NA,NA,760,351,409,NA
"SINDH","KARACHI","KARACHI SOUTH","SADDAR","SUB-DIVISION","KOHIOSTANI",28,11,17,NA,NA,NA,NA,NA,28,11,17,NA
"SINDH","KARACHI","KARACHI SOUTH","SADDAR","SUB-DIVISION","MEWATI",77,36,41,NA,NA,NA,NA,NA,77,36,41,NA
"SINDH","KARACHI","KARACHI SOUTH","SADDAR","SUB-DIVISION","OTHERS",10025,4872,5153,NA,NA,NA,NA,NA,10025,4872,5153,NA
"SINDH","KARACHI","KARACHI SOUTH","SADDAR","SUB-DIVISION","PUNJABI",24427,11303,13117,7,NA,NA,NA,NA,24427,11303,13117,7
"SINDH","KARACHI","KARACHI SOUTH","SADDAR","SUB-DIVISION","PUSHTO",12848,5162,7685,1,NA,NA,NA,NA,12848,5162,7685,1
"SINDH","KARACHI","KARACHI SOUTH","SADDAR","SUB-DIVISION","SARAIKI",3304,1387,1916,1,NA,NA,NA,NA,3304,1387,1916,1
"SINDH","KARACHI","KARACHI SOUTH","SADDAR","SUB-DIVISION","SHINA",65,41,24,NA,NA,NA,NA,NA,65,41,24,NA
"SINDH","KARACHI","KARACHI SOUTH","SADDAR","SUB-DIVISION","SINDHI",18280,7803,10475,2,NA,NA,NA,NA,18280,7803,10475,2
"SINDH","KARACHI","KARACHI SOUTH","SADDAR","SUB-DIVISION","TOTAL",159363,73375,85965,23,NA,NA,NA,NA,159363,73375,85965,23
"SINDH","KARACHI","KARACHI SOUTH","SADDAR","SUB-DIVISION","URDU",75605,35929,39666,10,NA,NA,NA,NA,75605,35929,39666,10
"SINDH","HYDERABAD","MATIARI","SAEEDABAD","TALUKA","BALOCHI",502,252,250,NA,433,217,216,NA,69,35,34,NA
"SINDH","HYDERABAD","MATIARI","SAEEDABAD","TALUKA","BALTI",NA,NA,NA,NA,NA,NA,NA,NA,NA,NA,NA,NA
"SINDH","HYDERABAD","MATIARI","SAEEDABAD","TALUKA","BRAHVI",314,157,157,NA,313,157,156,NA,1,NA,1,NA
"SINDH","HYDERABAD","MATIARI","SAEEDABAD","TALUKA","HINDKO",590,296,294,NA,205,103,102,NA,385,193,192,NA
"SINDH","HYDERABAD","MATIARI","SAEEDABAD","TALUKA","KALASHA",NA,NA,NA,NA,NA,NA,NA,NA,NA,NA,NA,NA
"SINDH","HYDERABAD","MATIARI","SAEEDABAD","TALUKA","KASHMIRI",1,1,NA,NA,1,1,NA,NA,NA,NA,NA,NA
"SINDH","HYDERABAD","MATIARI","SAEEDABAD","TALUKA","KOHIOSTANI",NA,NA,NA,NA,NA,NA,NA,NA,NA,NA,NA,NA
"SINDH","HYDERABAD","MATIARI","SAEEDABAD","TALUKA","MEWATI",NA,NA,NA,NA,NA,NA,NA,NA,NA,NA,NA,NA
"SINDH","HYDERABAD","MATIARI","SAEEDABAD","TALUKA","OTHERS",691,349,342,NA,658,331,327,NA,33,18,15,NA
"SINDH","HYDERABAD","MATIARI","SAEEDABAD","TALUKA","PUNJABI",157,71,86,NA,11,4,7,NA,146,67,79,NA
"SINDH","HYDERABAD","MATIARI","SAEEDABAD","TALUKA","PUSHTO",868,448,420,NA,243,125,118,NA,625,323,302,NA
"SINDH","HYDERABAD","MATIARI","SAEEDABAD","TALUKA","SARAIKI",434,218,216,NA,339,170,169,NA,95,48,47,NA
"SINDH","HYDERABAD","MATIARI","SAEEDABAD","TALUKA","SHINA",NA,NA,NA,NA,NA,NA,NA,NA,NA,NA,NA,NA
"SINDH","HYDERABAD","MATIARI","SAEEDABAD","TALUKA","SINDHI",174822,86608,88209,5,158940,78648,80289,3,15882,7960,7920,2
"SINDH","HYDERABAD","MATIARI","SAEEDABAD","TALUKA","TOTAL",185251,91770,93476,5,161177,79772,81402,3,24074,11998,12074,2
"SINDH","HYDERABAD","MATIARI","SAEEDABAD","TALUKA","URDU",6872,3370,3502,NA,34,16,18,NA,6838,3354,3484,NA
"SINDH","SHAHEED BENAZIRABAD","SHAHEED BENAZIRABAD","SAKRAND","TALUKA","BALOCHI",3505,1715,1790,NA,2502,1227,1275,NA,1003,488,515,NA
"SINDH","SHAHEED BENAZIRABAD","SHAHEED BENAZIRABAD","SAKRAND","TALUKA","BALTI",NA,NA,NA,NA,NA,NA,NA,NA,NA,NA,NA,NA
"SINDH","SHAHEED BENAZIRABAD","SHAHEED BENAZIRABAD","SAKRAND","TALUKA","BRAHVI",982,491,491,NA,779,393,386,NA,203,98,105,NA
"SINDH","SHAHEED BENAZIRABAD","SHAHEED BENAZIRABAD","SAKRAND","TALUKA","HINDKO",2429,1218,1211,NA,1928,968,960,NA,501,250,251,NA
"SINDH","SHAHEED BENAZIRABAD","SHAHEED BENAZIRABAD","SAKRAND","TALUKA","KALASHA",NA,NA,NA,NA,NA,NA,NA,NA,NA,NA,NA,NA
"SINDH","SHAHEED BENAZIRABAD","SHAHEED BENAZIRABAD","SAKRAND","TALUKA","KASHMIRI",2,NA,2,NA,2,NA,2,NA,NA,NA,NA,NA
"SINDH","SHAHEED BENAZIRABAD","SHAHEED BENAZIRABAD","SAKRAND","TALUKA","KOHIOSTANI",NA,NA,NA,NA,NA,NA,NA,NA,NA,NA,NA,NA
"SINDH","SHAHEED BENAZIRABAD","SHAHEED BENAZIRABAD","SAKRAND","TALUKA","MEWATI",110,58,52,NA,41,23,18,NA,69,35,34,NA
"SINDH","SHAHEED BENAZIRABAD","SHAHEED BENAZIRABAD","SAKRAND","TALUKA","OTHERS",813,393,420,NA,786,381,405,NA,27,12,15,NA
"SINDH","SHAHEED BENAZIRABAD","SHAHEED BENAZIRABAD","SAKRAND","TALUKA","PUNJABI",5331,2672,2659,NA,4070,2037,2033,NA,1261,635,626,NA
"SINDH","SHAHEED BENAZIRABAD","SHAHEED BENAZIRABAD","SAKRAND","TALUKA","PUSHTO",701,326,375,NA,498,240,258,NA,203,86,117,NA
"SINDH","SHAHEED BENAZIRABAD","SHAHEED BENAZIRABAD","SAKRAND","TALUKA","SARAIKI",959,492,467,NA,244,123,121,NA,715,369,346,NA
"SINDH","SHAHEED BENAZIRABAD","SHAHEED BENAZIRABAD","SAKRAND","TALUKA","SHINA",NA,NA,NA,NA,NA,NA,NA,NA,NA,NA,NA,NA
"SINDH","SHAHEED BENAZIRABAD","SHAHEED BENAZIRABAD","SAKRAND","TALUKA","SINDHI",404039,198902,205131,6,342982,168972,174004,6,61057,29930,31127,NA
"SINDH","SHAHEED BENAZIRABAD","SHAHEED BENAZIRABAD","SAKRAND","TALUKA","TOTAL",427477,210546,216925,6,355445,175142,180297,6,72032,35404,36628,NA
"SINDH","SHAHEED BENAZIRABAD","SHAHEED BENAZIRABAD","SAKRAND","TALUKA","URDU",8606,4279,4327,NA,1613,778,835,NA,6993,3501,3492,NA
"SINDH","SUKKUR","SUKKUR","SALEHPAT","TALUKA","BALOCHI",2028,945,1083,NA,1927,901,1026,NA,101,44,57,NA
"SINDH","SUKKUR","SUKKUR","SALEHPAT","TALUKA","BALTI",NA,NA,NA,NA,NA,NA,NA,NA,NA,NA,NA,NA
"SINDH","SUKKUR","SUKKUR","SALEHPAT","TALUKA","BRAHVI",33,20,13,NA,33,20,13,NA,NA,NA,NA,NA
"SINDH","SUKKUR","SUKKUR","SALEHPAT","TALUKA","HINDKO",162,82,80,NA,162,82,80,NA,NA,NA,NA,NA
"SINDH","SUKKUR","SUKKUR","SALEHPAT","TALUKA","KALASHA",NA,NA,NA,NA,NA,NA,NA,NA,NA,NA,NA,NA
"SINDH","SUKKUR","SUKKUR","SALEHPAT","TALUKA","KASHMIRI",NA,NA,NA,NA,NA,NA,NA,NA,NA,NA,NA,NA
"SINDH","SUKKUR","SUKKUR","SALEHPAT","TALUKA","KOHIOSTANI",NA,NA,NA,NA,NA,NA,NA,NA,NA,NA,NA,NA
"SINDH","SUKKUR","SUKKUR","SALEHPAT","TALUKA","MEWATI",NA,NA,NA,NA,NA,NA,NA,NA,NA,NA,NA,NA
"SINDH","SUKKUR","SUKKUR","SALEHPAT","TALUKA","OTHERS",262,122,140,NA,262,122,140,NA,NA,NA,NA,NA
"SINDH","SUKKUR","SUKKUR","SALEHPAT","TALUKA","PUNJABI",693,351,342,NA,623,313,310,NA,70,38,32,NA
"SINDH","SUKKUR","SUKKUR","SALEHPAT","TALUKA","PUSHTO",229,114,115,NA,96,56,40,NA,133,58,75,NA
"SINDH","SUKKUR","SUKKUR","SALEHPAT","TALUKA","SARAIKI",278,137,141,NA,278,137,141,NA,NA,NA,NA,NA
"SINDH","SUKKUR","SUKKUR","SALEHPAT","TALUKA","SHINA",NA,NA,NA,NA,NA,NA,NA,NA,NA,NA,NA,NA
"SINDH","SUKKUR","SUKKUR","SALEHPAT","TALUKA","SINDHI",134029,62800,71224,5,105269,49225,56041,3,28760,13575,15183,2
"SINDH","SUKKUR","SUKKUR","SALEHPAT","TALUKA","TOTAL",137738,64584,73149,5,108670,50866,57801,3,29068,13718,15348,2
"SINDH","SUKKUR","SUKKUR","SALEHPAT","TALUKA","URDU",24,13,11,NA,20,10,10,NA,4,3,1,NA
"SINDH","MIRPUR KHAS","UMER KOT","SAMARO","TALUKA","BALOCHI",257,131,126,NA,257,131,126,NA,NA,NA,NA,NA
"SINDH","MIRPUR KHAS","UMER KOT","SAMARO","TALUKA","BALTI",NA,NA,NA,NA,NA,NA,NA,NA,NA,NA,NA,NA
"SINDH","MIRPUR KHAS","UMER KOT","SAMARO","TALUKA","BRAHVI",213,94,119,NA,204,91,113,NA,9,3,6,NA
"SINDH","MIRPUR KHAS","UMER KOT","SAMARO","TALUKA","HINDKO",1058,525,533,NA,1042,520,522,NA,16,5,11,NA
"SINDH","MIRPUR KHAS","UMER KOT","SAMARO","TALUKA","KALASHA",6,3,3,NA,6,3,3,NA,NA,NA,NA,NA
"SINDH","MIRPUR KHAS","UMER KOT","SAMARO","TALUKA","KASHMIRI",NA,NA,NA,NA,NA,NA,NA,NA,NA,NA,NA,NA
"SINDH","MIRPUR KHAS","UMER KOT","SAMARO","TALUKA","KOHIOSTANI",1,NA,1,NA,NA,NA,NA,NA,1,NA,1,NA
"SINDH","MIRPUR KHAS","UMER KOT","SAMARO","TALUKA","MEWATI",NA,NA,NA,NA,NA,NA,NA,NA,NA,NA,NA,NA
"SINDH","MIRPUR KHAS","UMER KOT","SAMARO","TALUKA","OTHERS",53,23,30,NA,19,10,9,NA,34,13,21,NA
"SINDH","MIRPUR KHAS","UMER KOT","SAMARO","TALUKA","PUNJABI",1753,848,905,NA,1105,525,580,NA,648,323,325,NA
"SINDH","MIRPUR KHAS","UMER KOT","SAMARO","TALUKA","PUSHTO",350,168,182,NA,250,130,120,NA,100,38,62,NA
"SINDH","MIRPUR KHAS","UMER KOT","SAMARO","TALUKA","SARAIKI",24,12,12,NA,11,6,5,NA,13,6,7,NA
"SINDH","MIRPUR KHAS","UMER KOT","SAMARO","TALUKA","SHINA",NA,NA,NA,NA,NA,NA,NA,NA,NA,NA,NA,NA
"SINDH","MIRPUR KHAS","UMER KOT","SAMARO","TALUKA","SINDHI",178626,84809,93815,2,171285,81246,90037,2,7341,3563,3778,NA
"SINDH","MIRPUR KHAS","UMER KOT","SAMARO","TALUKA","TOTAL",184051,87420,96629,2,174444,82788,91654,2,9607,4632,4975,NA
"SINDH","MIRPUR KHAS","UMER KOT","SAMARO","TALUKA","URDU",1710,807,903,NA,265,126,139,NA,1445,681,764,NA
"SINDH","SHAHEED BENAZIRABAD","SANGHAR","SANGHAR","TALUKA","BALOCHI",14856,7161,7695,NA,13261,6400,6861,NA,1595,761,834,NA
"SINDH","SHAHEED BENAZIRABAD","SANGHAR","SANGHAR","TALUKA","BALTI",NA,NA,NA,NA,NA,NA,NA,NA,NA,NA,NA,NA
"SINDH","SHAHEED BENAZIRABAD","SANGHAR","SANGHAR","TALUKA","BRAHVI",11415,5690,5725,NA,10857,5423,5434,NA,558,267,291,NA
"SINDH","SHAHEED BENAZIRABAD","SANGHAR","SANGHAR","TALUKA","HINDKO",5578,2711,2867,NA,4949,2397,2552,NA,629,314,315,NA
"SINDH","SHAHEED BENAZIRABAD","SANGHAR","SANGHAR","TALUKA","KALASHA",28,13,15,NA,28,13,15,NA,NA,NA,NA,NA
"SINDH","SHAHEED BENAZIRABAD","SANGHAR","SANGHAR","TALUKA","KASHMIRI",28,13,15,NA,25,13,12,NA,3,NA,3,NA
"SINDH","SHAHEED BENAZIRABAD","SANGHAR","SANGHAR","TALUKA","KOHIOSTANI",1,NA,1,NA,1,NA,1,NA,NA,NA,NA,NA
"SINDH","SHAHEED BENAZIRABAD","SANGHAR","SANGHAR","TALUKA","MEWATI",2369,1163,1206,NA,2344,1150,1194,NA,25,13,12,NA
"SINDH","SHAHEED BENAZIRABAD","SANGHAR","SANGHAR","TALUKA","OTHERS",13024,6440,6584,NA,10058,4913,5145,NA,2966,1527,1439,NA
"SINDH","SHAHEED BENAZIRABAD","SANGHAR","SANGHAR","TALUKA","PUNJABI",46021,22867,23154,NA,31904,15710,16194,NA,14117,7157,6960,NA
"SINDH","SHAHEED BENAZIRABAD","SANGHAR","SANGHAR","TALUKA","PUSHTO",11555,5697,5858,NA,9749,4827,4922,NA,1806,870,936,NA
"SINDH","SHAHEED BENAZIRABAD","SANGHAR","SANGHAR","TALUKA","SARAIKI",10448,5076,5372,NA,7503,3661,3842,NA,2945,1415,1530,NA
"SINDH","SHAHEED BENAZIRABAD","SANGHAR","SANGHAR","TALUKA","SHINA",2,2,NA,NA,1,1,NA,NA,1,1,NA,NA
"SINDH","SHAHEED BENAZIRABAD","SANGHAR","SANGHAR","TALUKA","SINDHI",346205,169147,177058,NA,292938,142959,149979,NA,53267,26188,27079,NA
"SINDH","SHAHEED BENAZIRABAD","SANGHAR","SANGHAR","TALUKA","TOTAL",482527,236388,246133,6,387485,189330,198155,NA,95042,47058,47978,6
"SINDH","SHAHEED BENAZIRABAD","SANGHAR","SANGHAR","TALUKA","URDU",20997,10408,10583,6,3867,1863,2004,NA,17130,8545,8579,6
"SINDH","HYDERABAD","JAMSHORO","SEHWAN","TALUKA","BALOCHI",702,335,367,NA,604,285,319,NA,98,50,48,NA
"SINDH","HYDERABAD","JAMSHORO","SEHWAN","TALUKA","BALTI",NA,NA,NA,NA,NA,NA,NA,NA,NA,NA,NA,NA
"SINDH","HYDERABAD","JAMSHORO","SEHWAN","TALUKA","BRAHVI",209,100,109,NA,194,92,102,NA,15,8,7,NA
"SINDH","HYDERABAD","JAMSHORO","SEHWAN","TALUKA","HINDKO",128,63,65,NA,55,29,26,NA,73,34,39,NA
"SINDH","HYDERABAD","JAMSHORO","SEHWAN","TALUKA","KALASHA",NA,NA,NA,NA,NA,NA,NA,NA,NA,NA,NA,NA
"SINDH","HYDERABAD","JAMSHORO","SEHWAN","TALUKA","KASHMIRI",1,NA,1,NA,1,NA,1,NA,NA,NA,NA,NA
"SINDH","HYDERABAD","JAMSHORO","SEHWAN","TALUKA","KOHIOSTANI",NA,NA,NA,NA,NA,NA,NA,NA,NA,NA,NA,NA
"SINDH","HYDERABAD","JAMSHORO","SEHWAN","TALUKA","MEWATI",NA,NA,NA,NA,NA,NA,NA,NA,NA,NA,NA,NA
"SINDH","HYDERABAD","JAMSHORO","SEHWAN","TALUKA","OTHERS",11,5,6,NA,9,4,5,NA,2,1,1,NA
"SINDH","HYDERABAD","JAMSHORO","SEHWAN","TALUKA","PUNJABI",222,108,114,NA,47,22,25,NA,175,86,89,NA
"SINDH","HYDERABAD","JAMSHORO","SEHWAN","TALUKA","PUSHTO",254,131,123,NA,119,61,58,NA,135,70,65,NA
"SINDH","HYDERABAD","JAMSHORO","SEHWAN","TALUKA","SARAIKI",134,54,80,NA,78,38,40,NA,56,16,40,NA
"SINDH","HYDERABAD","JAMSHORO","SEHWAN","TALUKA","SHINA",NA,NA,NA,NA,NA,NA,NA,NA,NA,NA,NA,NA
"SINDH","HYDERABAD","JAMSHORO","SEHWAN","TALUKA","SINDHI",320216,155287,164911,18,202525,98120,104402,3,117691,57167,60509,15
"SINDH","HYDERABAD","JAMSHORO","SEHWAN","TALUKA","TOTAL",321919,156108,165793,18,203644,98658,104983,3,118275,57450,60810,15
"SINDH","HYDERABAD","JAMSHORO","SEHWAN","TALUKA","URDU",42,25,17,NA,12,7,5,NA,30,18,12,NA
"SINDH","HYDERABAD","SUJAWAL","SHAH BUNDER","TALUKA","BALOCHI",NA,NA,NA,NA,NA,NA,NA,NA,NA,NA,NA,NA
"SINDH","HYDERABAD","SUJAWAL","SHAH BUNDER","TALUKA","BALTI",NA,NA,NA,NA,NA,NA,NA,NA,NA,NA,NA,NA
"SINDH","HYDERABAD","SUJAWAL","SHAH BUNDER","TALUKA","BRAHVI",NA,NA,NA,NA,NA,NA,NA,NA,NA,NA,NA,NA
"SINDH","HYDERABAD","SUJAWAL","SHAH BUNDER","TALUKA","HINDKO",98,43,55,NA,98,43,55,NA,NA,NA,NA,NA
"SINDH","HYDERABAD","SUJAWAL","SHAH BUNDER","TALUKA","KALASHA",NA,NA,NA,NA,NA,NA,NA,NA,NA,NA,NA,NA
"SINDH","HYDERABAD","SUJAWAL","SHAH BUNDER","TALUKA","KASHMIRI",1,NA,1,NA,1,NA,1,NA,NA,NA,NA,NA
"SINDH","HYDERABAD","SUJAWAL","SHAH BUNDER","TALUKA","KOHIOSTANI",NA,NA,NA,NA,NA,NA,NA,NA,NA,NA,NA,NA
"SINDH","HYDERABAD","SUJAWAL","SHAH BUNDER","TALUKA","MEWATI",NA,NA,NA,NA,NA,NA,NA,NA,NA,NA,NA,NA
"SINDH","HYDERABAD","SUJAWAL","SHAH BUNDER","TALUKA","OTHERS",10,4,6,NA,10,4,6,NA,NA,NA,NA,NA
"SINDH","HYDERABAD","SUJAWAL","SHAH BUNDER","TALUKA","PUNJABI",30,15,15,NA,30,15,15,NA,NA,NA,NA,NA
"SINDH","HYDERABAD","SUJAWAL","SHAH BUNDER","TALUKA","PUSHTO",409,195,214,NA,375,181,194,NA,34,14,20,NA
"SINDH","HYDERABAD","SUJAWAL","SHAH BUNDER","TALUKA","SARAIKI",31,11,20,NA,31,11,20,NA,NA,NA,NA,NA
"SINDH","HYDERABAD","SUJAWAL","SHAH BUNDER","TALUKA","SHINA",NA,NA,NA,NA,NA,NA,NA,NA,NA,NA,NA,NA
"SINDH","HYDERABAD","SUJAWAL","SHAH BUNDER","TALUKA","SINDHI",168282,79618,88658,6,149962,71027,78930,5,18320,8591,9728,1
"SINDH","HYDERABAD","SUJAWAL","SHAH BUNDER","TALUKA","TOTAL",168911,79908,88997,6,150557,71303,79249,5,18354,8605,9748,1
"SINDH","HYDERABAD","SUJAWAL","SHAH BUNDER","TALUKA","URDU",50,22,28,NA,50,22,28,NA,NA,NA,NA,NA
"SINDH","KARACHI","KORANGI","SHAH FAISAL","SUB-DIVISION","BALOCHI",9378,4388,4986,4,NA,NA,NA,NA,9378,4388,4986,4
"SINDH","KARACHI","KORANGI","SHAH FAISAL","SUB-DIVISION","BALTI",697,343,354,NA,NA,NA,NA,NA,697,343,354,NA
"SINDH","KARACHI","KORANGI","SHAH FAISAL","SUB-DIVISION","BRAHVI",215,96,119,NA,NA,NA,NA,NA,215,96,119,NA
"SINDH","KARACHI","KORANGI","SHAH FAISAL","SUB-DIVISION","HINDKO",31855,14696,17140,19,NA,NA,NA,NA,31855,14696,17140,19
"SINDH","KARACHI","KORANGI","SHAH FAISAL","SUB-DIVISION","KALASHA",7,1,6,NA,NA,NA,NA,NA,7,1,6,NA
"SINDH","KARACHI","KORANGI","SHAH FAISAL","SUB-DIVISION","KASHMIRI",1417,609,801,7,NA,NA,NA,NA,1417,609,801,7
"SINDH","KARACHI","KORANGI","SHAH FAISAL","SUB-DIVISION","KOHIOSTANI",43,19,23,1,NA,NA,NA,NA,43,19,23,1
"SINDH","KARACHI","KORANGI","SHAH FAISAL","SUB-DIVISION","MEWATI",1098,515,581,2,NA,NA,NA,NA,1098,515,581,2
"SINDH","KARACHI","KORANGI","SHAH FAISAL","SUB-DIVISION","OTHERS",2739,1250,1488,1,NA,NA,NA,NA,2739,1250,1488,1
"SINDH","KARACHI","KORANGI","SHAH FAISAL","SUB-DIVISION","PUNJABI",95201,44428,50695,78,NA,NA,NA,NA,95201,44428,50695,78
"SINDH","KARACHI","KORANGI","SHAH FAISAL","SUB-DIVISION","PUSHTO",31041,13959,17048,34,NA,NA,NA,NA,31041,13959,17048,34
"SINDH","KARACHI","KORANGI","SHAH FAISAL","SUB-DIVISION","SARAIKI",19835,9068,10722,45,NA,NA,NA,NA,19835,9068,10722,45
"SINDH","KARACHI","KORANGI","SHAH FAISAL","SUB-DIVISION","SHINA",652,273,379,NA,NA,NA,NA,NA,652,273,379,NA
"SINDH","KARACHI","KORANGI","SHAH FAISAL","SUB-DIVISION","SINDHI",18361,8387,9941,33,NA,NA,NA,NA,18361,8387,9941,33
"SINDH","KARACHI","KORANGI","SHAH FAISAL","SUB-DIVISION","TOTAL",641894,301858,339713,323,NA,NA,NA,NA,641894,301858,339713,323
"SINDH","KARACHI","KORANGI","SHAH FAISAL","SUB-DIVISION","URDU",429355,203826,225430,99,NA,NA,NA,NA,429355,203826,225430,99
"SINDH","KARACHI","MALIR","SHAH MUREED","SUB-DIVISION","BALOCHI",7663,3666,3997,NA,7663,3666,3997,NA,NA,NA,NA,NA
"SINDH","KARACHI","MALIR","SHAH MUREED","SUB-DIVISION","BALTI",2,1,1,NA,2,1,1,NA,NA,NA,NA,NA
"SINDH","KARACHI","MALIR","SHAH MUREED","SUB-DIVISION","BRAHVI",11083,5232,5850,1,11083,5232,5850,1,NA,NA,NA,NA
"SINDH","KARACHI","MALIR","SHAH MUREED","SUB-DIVISION","HINDKO",625,265,360,NA,625,265,360,NA,NA,NA,NA,NA
"SINDH","KARACHI","MALIR","SHAH MUREED","SUB-DIVISION","KALASHA",NA,NA,NA,NA,NA,NA,NA,NA,NA,NA,NA,NA
"SINDH","KARACHI","MALIR","SHAH MUREED","SUB-DIVISION","KASHMIRI",7,1,6,NA,7,1,6,NA,NA,NA,NA,NA
"SINDH","KARACHI","MALIR","SHAH MUREED","SUB-DIVISION","KOHIOSTANI",NA,NA,NA,NA,NA,NA,NA,NA,NA,NA,NA,NA
"SINDH","KARACHI","MALIR","SHAH MUREED","SUB-DIVISION","MEWATI",NA,NA,NA,NA,NA,NA,NA,NA,NA,NA,NA,NA
"SINDH","KARACHI","MALIR","SHAH MUREED","SUB-DIVISION","OTHERS",94,40,54,NA,94,40,54,NA,NA,NA,NA,NA
"SINDH","KARACHI","MALIR","SHAH MUREED","SUB-DIVISION","PUNJABI",111,45,66,NA,111,45,66,NA,NA,NA,NA,NA
"SINDH","KARACHI","MALIR","SHAH MUREED","SUB-DIVISION","PUSHTO",722,298,424,NA,722,298,424,NA,NA,NA,NA,NA
"SINDH","KARACHI","MALIR","SHAH MUREED","SUB-DIVISION","SARAIKI",692,306,386,NA,692,306,386,NA,NA,NA,NA,NA
"SINDH","KARACHI","MALIR","SHAH MUREED","SUB-DIVISION","SHINA",16,13,3,NA,16,13,3,NA,NA,NA,NA,NA
"SINDH","KARACHI","MALIR","SHAH MUREED","SUB-DIVISION","SINDHI",14816,6951,7865,NA,14816,6951,7865,NA,NA,NA,NA,NA
"SINDH","KARACHI","MALIR","SHAH MUREED","SUB-DIVISION","TOTAL",35987,16895,19091,1,35987,16895,19091,1,NA,NA,NA,NA
"SINDH","KARACHI","MALIR","SHAH MUREED","SUB-DIVISION","URDU",156,77,79,NA,156,77,79,NA,NA,NA,NA,NA
"SINDH","LARKANA","KAMBAR SHAHDAD KOT","SHAHDAD KOT","TALUKA","BALOCHI",1939,945,994,NA,1382,666,716,NA,557,279,278,NA
"SINDH","LARKANA","KAMBAR SHAHDAD KOT","SHAHDAD KOT","TALUKA","BALTI",NA,NA,NA,NA,NA,NA,NA,NA,NA,NA,NA,NA
"SINDH","LARKANA","KAMBAR SHAHDAD KOT","SHAHDAD KOT","TALUKA","BRAHVI",10824,5401,5423,NA,6601,3282,3319,NA,4223,2119,2104,NA
"SINDH","LARKANA","KAMBAR SHAHDAD KOT","SHAHDAD KOT","TALUKA","HINDKO",30,14,16,NA,30,14,16,NA,NA,NA,NA,NA
"SINDH","LARKANA","KAMBAR SHAHDAD KOT","SHAHDAD KOT","TALUKA","KALASHA",NA,NA,NA,NA,NA,NA,NA,NA,NA,NA,NA,NA
"SINDH","LARKANA","KAMBAR SHAHDAD KOT","SHAHDAD KOT","TALUKA","KASHMIRI",5,2,3,NA,4,1,3,NA,1,1,NA,NA
"SINDH","LARKANA","KAMBAR SHAHDAD KOT","SHAHDAD KOT","TALUKA","KOHIOSTANI",NA,NA,NA,NA,NA,NA,NA,NA,NA,NA,NA,NA
"SINDH","LARKANA","KAMBAR SHAHDAD KOT","SHAHDAD KOT","TALUKA","MEWATI",NA,NA,NA,NA,NA,NA,NA,NA,NA,NA,NA,NA
"SINDH","LARKANA","KAMBAR SHAHDAD KOT","SHAHDAD KOT","TALUKA","OTHERS",39,19,20,NA,3,1,2,NA,36,18,18,NA
"SINDH","LARKANA","KAMBAR SHAHDAD KOT","SHAHDAD KOT","TALUKA","PUNJABI",703,314,389,NA,21,6,15,NA,682,308,374,NA
"SINDH","LARKANA","KAMBAR SHAHDAD KOT","SHAHDAD KOT","TALUKA","PUSHTO",337,161,176,NA,141,66,75,NA,196,95,101,NA
"SINDH","LARKANA","KAMBAR SHAHDAD KOT","SHAHDAD KOT","TALUKA","SARAIKI",349,161,188,NA,130,62,68,NA,219,99,120,NA
"SINDH","LARKANA","KAMBAR SHAHDAD KOT","SHAHDAD KOT","TALUKA","SHINA",1,NA,1,NA,1,NA,1,NA,NA,NA,NA,NA
"SINDH","LARKANA","KAMBAR SHAHDAD KOT","SHAHDAD KOT","TALUKA","SINDHI",209411,99803,109593,15,96058,45457,50598,3,113353,54346,58995,12
"SINDH","LARKANA","KAMBAR SHAHDAD KOT","SHAHDAD KOT","TALUKA","TOTAL",225086,107539,117532,15,104399,49572,54824,3,120687,57967,62708,12
"SINDH","LARKANA","KAMBAR SHAHDAD KOT","SHAHDAD KOT","TALUKA","URDU",1448,719,729,NA,28,17,11,NA,1420,702,718,NA
"SINDH","SHAHEED BENAZIRABAD","SANGHAR","SHAHDADPUR","TALUKA","BALOCHI",6216,3037,3179,NA,2962,1453,1509,NA,3254,1584,1670,NA
"SINDH","SHAHEED BENAZIRABAD","SANGHAR","SHAHDADPUR","TALUKA","BALTI",NA,NA,NA,NA,NA,NA,NA,NA,NA,NA,NA,NA
"SINDH","SHAHEED BENAZIRABAD","SANGHAR","SHAHDADPUR","TALUKA","BRAHVI",9295,4579,4716,NA,5078,2506,2572,NA,4217,2073,2144,NA
"SINDH","SHAHEED BENAZIRABAD","SANGHAR","SHAHDADPUR","TALUKA","HINDKO",5364,2622,2742,NA,2439,1216,1223,NA,2925,1406,1519,NA
"SINDH","SHAHEED BENAZIRABAD","SANGHAR","SHAHDADPUR","TALUKA","KALASHA",1,1,NA,NA,NA,NA,NA,NA,1,1,NA,NA
"SINDH","SHAHEED BENAZIRABAD","SANGHAR","SHAHDADPUR","TALUKA","KASHMIRI",57,30,27,NA,2,1,1,NA,55,29,26,NA
"SINDH","SHAHEED BENAZIRABAD","SANGHAR","SHAHDADPUR","TALUKA","KOHIOSTANI",NA,NA,NA,NA,NA,NA,NA,NA,NA,NA,NA,NA
"SINDH","SHAHEED BENAZIRABAD","SANGHAR","SHAHDADPUR","TALUKA","MEWATI",88,42,46,NA,7,4,3,NA,81,38,43,NA
"SINDH","SHAHEED BENAZIRABAD","SANGHAR","SHAHDADPUR","TALUKA","OTHERS",9573,4759,4813,1,3809,1900,1909,NA,5764,2859,2904,1
"SINDH","SHAHEED BENAZIRABAD","SANGHAR","SHAHDADPUR","TALUKA","PUNJABI",12861,6456,6397,8,1004,491,513,NA,11857,5965,5884,8
"SINDH","SHAHEED BENAZIRABAD","SANGHAR","SHAHDADPUR","TALUKA","PUSHTO",2978,1436,1542,NA,1133,545,588,NA,1845,891,954,NA
"SINDH","SHAHEED BENAZIRABAD","SANGHAR","SHAHDADPUR","TALUKA","SARAIKI",6601,3199,3401,1,3726,1799,1927,NA,2875,1400,1474,1
"SINDH","SHAHEED BENAZIRABAD","SANGHAR","SHAHDADPUR","TALUKA","SHINA",36,17,19,NA,36,17,19,NA,NA,NA,NA,NA
"SINDH","SHAHEED BENAZIRABAD","SANGHAR","SHAHDADPUR","TALUKA","SINDHI",408630,201131,207492,7,285142,140226,144912,4,123488,60905,62580,3
"SINDH","SHAHEED BENAZIRABAD","SANGHAR","SHAHDADPUR","TALUKA","TOTAL",525164,259155,265978,31,309113,152070,157038,5,216051,107085,108940,26
"SINDH","SHAHEED BENAZIRABAD","SANGHAR","SHAHDADPUR","TALUKA","URDU",63464,31846,31604,14,3775,1912,1862,1,59689,29934,29742,13
"SINDH","LARKANA","SHIKARPUR","SHIKARPUR","TALUKA","BALOCHI",4443,2207,2235,1,4209,2084,2124,1,234,123,111,NA
"SINDH","LARKANA","SHIKARPUR","SHIKARPUR","TALUKA","BALTI",NA,NA,NA,NA,NA,NA,NA,NA,NA,NA,NA,NA
"SINDH","LARKANA","SHIKARPUR","SHIKARPUR","TALUKA","BRAHVI",5215,2560,2655,NA,4404,2167,2237,NA,811,393,418,NA
"SINDH","LARKANA","SHIKARPUR","SHIKARPUR","TALUKA","HINDKO",63,25,38,NA,35,14,21,NA,28,11,17,NA
"SINDH","LARKANA","SHIKARPUR","SHIKARPUR","TALUKA","KALASHA",NA,NA,NA,NA,NA,NA,NA,NA,NA,NA,NA,NA
"SINDH","LARKANA","SHIKARPUR","SHIKARPUR","TALUKA","KASHMIRI",3,1,2,NA,3,1,2,NA,NA,NA,NA,NA
"SINDH","LARKANA","SHIKARPUR","SHIKARPUR","TALUKA","KOHIOSTANI",NA,NA,NA,NA,NA,NA,NA,NA,NA,NA,NA,NA
"SINDH","LARKANA","SHIKARPUR","SHIKARPUR","TALUKA","MEWATI",NA,NA,NA,NA,NA,NA,NA,NA,NA,NA,NA,NA
"SINDH","LARKANA","SHIKARPUR","SHIKARPUR","TALUKA","OTHERS",9,5,4,NA,6,3,3,NA,3,2,1,NA
"SINDH","LARKANA","SHIKARPUR","SHIKARPUR","TALUKA","PUNJABI",86,41,45,NA,21,10,11,NA,65,31,34,NA
"SINDH","LARKANA","SHIKARPUR","SHIKARPUR","TALUKA","PUSHTO",240,123,117,NA,98,54,44,NA,142,69,73,NA
"SINDH","LARKANA","SHIKARPUR","SHIKARPUR","TALUKA","SARAIKI",608,296,312,NA,570,282,288,NA,38,14,24,NA
"SINDH","LARKANA","SHIKARPUR","SHIKARPUR","TALUKA","SHINA",NA,NA,NA,NA,NA,NA,NA,NA,NA,NA,NA,NA
"SINDH","LARKANA","SHIKARPUR","SHIKARPUR","TALUKA","SINDHI",409692,203679,206000,13,207029,101934,105093,2,202663,101745,100907,11
"SINDH","LARKANA","SHIKARPUR","SHIKARPUR","TALUKA","TOTAL",421332,209436,211882,14,216394,106560,109831,3,204938,102876,102051,11
"SINDH","LARKANA","SHIKARPUR","SHIKARPUR","TALUKA","URDU",973,499,474,NA,19,11,8,NA,954,488,466,NA
"SINDH","MIRPUR KHAS","MIRPUR KHAS","SHUJAABAD","TALUKA","BALOCHI",2430,1156,1274,NA,2176,1033,1143,NA,254,123,131,NA
"SINDH","MIRPUR KHAS","MIRPUR KHAS","SHUJAABAD","TALUKA","BALTI",NA,NA,NA,NA,NA,NA,NA,NA,NA,NA,NA,NA
"SINDH","MIRPUR KHAS","MIRPUR KHAS","SHUJAABAD","TALUKA","BRAHVI",54,24,30,NA,54,24,30,NA,NA,NA,NA,NA
"SINDH","MIRPUR KHAS","MIRPUR KHAS","SHUJAABAD","TALUKA","HINDKO",5567,2686,2881,NA,5535,2670,2865,NA,32,16,16,NA
"SINDH","MIRPUR KHAS","MIRPUR KHAS","SHUJAABAD","TALUKA","KALASHA",NA,NA,NA,NA,NA,NA,NA,NA,NA,NA,NA,NA
"SINDH","MIRPUR KHAS","MIRPUR KHAS","SHUJAABAD","TALUKA","KASHMIRI",4,4,NA,NA,2,2,NA,NA,2,2,NA,NA
"SINDH","MIRPUR KHAS","MIRPUR KHAS","SHUJAABAD","TALUKA","KOHIOSTANI",NA,NA,NA,NA,NA,NA,NA,NA,NA,NA,NA,NA
"SINDH","MIRPUR KHAS","MIRPUR KHAS","SHUJAABAD","TALUKA","MEWATI",1672,818,854,NA,1672,818,854,NA,NA,NA,NA,NA
"SINDH","MIRPUR KHAS","MIRPUR KHAS","SHUJAABAD","TALUKA","OTHERS",9496,4459,5037,NA,8157,3825,4332,NA,1339,634,705,NA
"SINDH","MIRPUR KHAS","MIRPUR KHAS","SHUJAABAD","TALUKA","PUNJABI",10989,5211,5776,2,7895,3749,4145,1,3094,1462,1631,1
"SINDH","MIRPUR KHAS","MIRPUR KHAS","SHUJAABAD","TALUKA","PUSHTO",770,354,416,NA,630,296,334,NA,140,58,82,NA
"SINDH","MIRPUR KHAS","MIRPUR KHAS","SHUJAABAD","TALUKA","SARAIKI",2946,1431,1515,NA,2748,1338,1410,NA,198,93,105,NA
"SINDH","MIRPUR KHAS","MIRPUR KHAS","SHUJAABAD","TALUKA","SHINA",1,1,NA,NA,NA,NA,NA,NA,1,1,NA,NA
"SINDH","MIRPUR KHAS","MIRPUR KHAS","SHUJAABAD","TALUKA","SINDHI",138555,66545,72007,3,127672,61395,66274,3,10883,5150,5733,NA
"SINDH","MIRPUR KHAS","MIRPUR KHAS","SHUJAABAD","TALUKA","TOTAL",185654,89020,96627,7,162606,78022,84580,4,23048,10998,12047,3
"SINDH","MIRPUR KHAS","MIRPUR KHAS","SHUJAABAD","TALUKA","URDU",13170,6331,6837,2,6065,2872,3193,NA,7105,3459,3644,2
"SINDH","MIRPUR KHAS","MIRPUR KHAS","SINDHRI","TALUKA","BALOCHI",1404,686,718,NA,1397,683,714,NA,7,3,4,NA
"SINDH","MIRPUR KHAS","MIRPUR KHAS","SINDHRI","TALUKA","BALTI",2,2,NA,NA,2,2,NA,NA,NA,NA,NA,NA
"SINDH","MIRPUR KHAS","MIRPUR KHAS","SINDHRI","TALUKA","BRAHVI",2485,1172,1313,NA,2116,994,1122,NA,369,178,191,NA
"SINDH","MIRPUR KHAS","MIRPUR KHAS","SINDHRI","TALUKA","HINDKO",506,250,256,NA,485,241,244,NA,21,9,12,NA
"SINDH","MIRPUR KHAS","MIRPUR KHAS","SINDHRI","TALUKA","KALASHA",NA,NA,NA,NA,NA,NA,NA,NA,NA,NA,NA,NA
"SINDH","MIRPUR KHAS","MIRPUR KHAS","SINDHRI","TALUKA","KASHMIRI",NA,NA,NA,NA,NA,NA,NA,NA,NA,NA,NA,NA
"SINDH","MIRPUR KHAS","MIRPUR KHAS","SINDHRI","TALUKA","KOHIOSTANI",NA,NA,NA,NA,NA,NA,NA,NA,NA,NA,NA,NA
"SINDH","MIRPUR KHAS","MIRPUR KHAS","SINDHRI","TALUKA","MEWATI",117,49,68,NA,117,49,68,NA,NA,NA,NA,NA
"SINDH","MIRPUR KHAS","MIRPUR KHAS","SINDHRI","TALUKA","OTHERS",6688,3104,3583,1,6688,3104,3583,1,NA,NA,NA,NA
"SINDH","MIRPUR KHAS","MIRPUR KHAS","SINDHRI","TALUKA","PUNJABI",1422,677,745,NA,1422,677,745,NA,NA,NA,NA,NA
"SINDH","MIRPUR KHAS","MIRPUR KHAS","SINDHRI","TALUKA","PUSHTO",378,187,191,NA,354,179,175,NA,24,8,16,NA
"SINDH","MIRPUR KHAS","MIRPUR KHAS","SINDHRI","TALUKA","SARAIKI",1570,760,810,NA,1570,760,810,NA,NA,NA,NA,NA
"SINDH","MIRPUR KHAS","MIRPUR KHAS","SINDHRI","TALUKA","SHINA",NA,NA,NA,NA,NA,NA,NA,NA,NA,NA,NA,NA
"SINDH","MIRPUR KHAS","MIRPUR KHAS","SINDHRI","TALUKA","SINDHI",244368,115265,129097,6,224252,105764,118483,5,20116,9501,10614,1
"SINDH","MIRPUR KHAS","MIRPUR KHAS","SINDHRI","TALUKA","TOTAL",260782,122951,137824,7,240213,113238,126969,6,20569,9713,10855,1
"SINDH","MIRPUR KHAS","MIRPUR KHAS","SINDHRI","TALUKA","URDU",1842,799,1043,NA,1810,785,1025,NA,32,14,18,NA
"SINDH","SHAHEED BENAZIRABAD","SANGHAR","SINJHORO","TALUKA","BALOCHI",8499,4240,4259,NA,8033,4000,4033,NA,466,240,226,NA
"SINDH","SHAHEED BENAZIRABAD","SANGHAR","SINJHORO","TALUKA","BALTI",2,1,1,NA,2,1,1,NA,NA,NA,NA,NA
"SINDH","SHAHEED BENAZIRABAD","SANGHAR","SINJHORO","TALUKA","BRAHVI",7557,3777,3780,NA,7437,3720,3717,NA,120,57,63,NA
"SINDH","SHAHEED BENAZIRABAD","SANGHAR","SINJHORO","TALUKA","HINDKO",12862,6302,6557,3,12512,6131,6378,3,350,171,179,NA
"SINDH","SHAHEED BENAZIRABAD","SANGHAR","SINJHORO","TALUKA","KALASHA",NA,NA,NA,NA,NA,NA,NA,NA,NA,NA,NA,NA
"SINDH","SHAHEED BENAZIRABAD","SANGHAR","SINJHORO","TALUKA","KASHMIRI",23,9,14,NA,23,9,14,NA,NA,NA,NA,NA
"SINDH","SHAHEED BENAZIRABAD","SANGHAR","SINJHORO","TALUKA","KOHIOSTANI",13,4,9,NA,13,4,9,NA,NA,NA,NA,NA
"SINDH","SHAHEED BENAZIRABAD","SANGHAR","SINJHORO","TALUKA","MEWATI",5,3,2,NA,5,3,2,NA,NA,NA,NA,NA
"SINDH","SHAHEED BENAZIRABAD","SANGHAR","SINJHORO","TALUKA","OTHERS",14433,7069,7363,1,14292,7013,7278,1,141,56,85,NA
"SINDH","SHAHEED BENAZIRABAD","SANGHAR","SINJHORO","TALUKA","PUNJABI",26481,13164,13315,2,18392,9095,9297,NA,8089,4069,4018,2
"SINDH","SHAHEED BENAZIRABAD","SANGHAR","SINJHORO","TALUKA","PUSHTO",1585,725,860,NA,1096,478,618,NA,489,247,242,NA
"SINDH","SHAHEED BENAZIRABAD","SANGHAR","SINJHORO","TALUKA","SARAIKI",8616,4256,4359,1,8282,4087,4194,1,334,169,165,NA
"SINDH","SHAHEED BENAZIRABAD","SANGHAR","SINJHORO","TALUKA","SHINA",NA,NA,NA,NA,NA,NA,NA,NA,NA,NA,NA,NA
"SINDH","SHAHEED BENAZIRABAD","SANGHAR","SINJHORO","TALUKA","SINDHI",256369,126054,130304,11,219872,107831,112034,7,36497,18223,18270,4
"SINDH","SHAHEED BENAZIRABAD","SANGHAR","SINJHORO","TALUKA","TOTAL",354594,174632,179943,19,294858,144791,150055,12,59736,29841,29888,7
"SINDH","SHAHEED BENAZIRABAD","SANGHAR","SINJHORO","TALUKA","URDU",18149,9028,9120,1,4899,2419,2480,NA,13250,6609,6640,1
"SINDH","KARACHI","KEAMARI","SITE","SUB-DIVISION","BALOCHI",40930,19307,21621,2,NA,NA,NA,NA,40930,19307,21621,2
"SINDH","KARACHI","KEAMARI","SITE","SUB-DIVISION","BALTI",122,63,59,NA,NA,NA,NA,NA,122,63,59,NA
"SINDH","KARACHI","KEAMARI","SITE","SUB-DIVISION","BRAHVI",3564,1571,1993,NA,NA,NA,NA,NA,3564,1571,1993,NA
"SINDH","KARACHI","KEAMARI","SITE","SUB-DIVISION","HINDKO",24625,11524,13100,1,NA,NA,NA,NA,24625,11524,13100,1
"SINDH","KARACHI","KEAMARI","SITE","SUB-DIVISION","KALASHA",10,5,5,NA,NA,NA,NA,NA,10,5,5,NA
"SINDH","KARACHI","KEAMARI","SITE","SUB-DIVISION","KASHMIRI",1192,522,669,1,NA,NA,NA,NA,1192,522,669,1
"SINDH","KARACHI","KEAMARI","SITE","SUB-DIVISION","KOHIOSTANI",241,106,135,NA,NA,NA,NA,NA,241,106,135,NA
"SINDH","KARACHI","KEAMARI","SITE","SUB-DIVISION","MEWATI",178,77,101,NA,NA,NA,NA,NA,178,77,101,NA
"SINDH","KARACHI","KEAMARI","SITE","SUB-DIVISION","OTHERS",5793,2697,3096,NA,NA,NA,NA,NA,5793,2697,3096,NA
"SINDH","KARACHI","KEAMARI","SITE","SUB-DIVISION","PUNJABI",52267,23564,28692,11,NA,NA,NA,NA,52267,23564,28692,11
"SINDH","KARACHI","KEAMARI","SITE","SUB-DIVISION","PUSHTO",163145,73623,89514,8,NA,NA,NA,NA,163145,73623,89514,8
"SINDH","KARACHI","KEAMARI","SITE","SUB-DIVISION","SARAIKI",7631,2973,4656,2,NA,NA,NA,NA,7631,2973,4656,2
"SINDH","KARACHI","KEAMARI","SITE","SUB-DIVISION","SHINA",782,363,419,NA,NA,NA,NA,NA,782,363,419,NA
"SINDH","KARACHI","KEAMARI","SITE","SUB-DIVISION","SINDHI",36838,15582,21254,2,NA,NA,NA,NA,36838,15582,21254,2
"SINDH","KARACHI","KEAMARI","SITE","SUB-DIVISION","TOTAL",449098,205292,243770,36,NA,NA,NA,NA,449098,205292,243770,36
"SINDH","KARACHI","KEAMARI","SITE","SUB-DIVISION","URDU",111780,53315,58456,9,NA,NA,NA,NA,111780,53315,58456,9
"SINDH","SUKKUR","KHAIRPUR","SOBHO DERO","TALUKA","BALOCHI",715,362,353,NA,578,301,277,NA,137,61,76,NA
"SINDH","SUKKUR","KHAIRPUR","SOBHO DERO","TALUKA","BALTI",80,40,40,NA,80,40,40,NA,NA,NA,NA,NA
"SINDH","SUKKUR","KHAIRPUR","SOBHO DERO","TALUKA","BRAHVI",164,89,75,NA,160,88,72,NA,4,1,3,NA
"SINDH","SUKKUR","KHAIRPUR","SOBHO DERO","TALUKA","HINDKO",1015,484,531,NA,764,359,405,NA,251,125,126,NA
"SINDH","SUKKUR","KHAIRPUR","SOBHO DERO","TALUKA","KALASHA",NA,NA,NA,NA,NA,NA,NA,NA,NA,NA,NA,NA
"SINDH","SUKKUR","KHAIRPUR","SOBHO DERO","TALUKA","KASHMIRI",1,NA,1,NA,NA,NA,NA,NA,1,NA,1,NA
"SINDH","SUKKUR","KHAIRPUR","SOBHO DERO","TALUKA","KOHIOSTANI",NA,NA,NA,NA,NA,NA,NA,NA,NA,NA,NA,NA
"SINDH","SUKKUR","KHAIRPUR","SOBHO DERO","TALUKA","MEWATI",NA,NA,NA,NA,NA,NA,NA,NA,NA,NA,NA,NA
"SINDH","SUKKUR","KHAIRPUR","SOBHO DERO","TALUKA","OTHERS",524,266,258,NA,231,109,122,NA,293,157,136,NA
"SINDH","SUKKUR","KHAIRPUR","SOBHO DERO","TALUKA","PUNJABI",977,509,468,NA,747,378,369,NA,230,131,99,NA
"SINDH","SUKKUR","KHAIRPUR","SOBHO DERO","TALUKA","PUSHTO",318,159,159,NA,146,80,66,NA,172,79,93,NA
"SINDH","SUKKUR","KHAIRPUR","SOBHO DERO","TALUKA","SARAIKI",688,337,350,1,183,91,92,NA,505,246,258,1
"SINDH","SUKKUR","KHAIRPUR","SOBHO DERO","TALUKA","SHINA",1,NA,1,NA,1,NA,1,NA,NA,NA,NA,NA
"SINDH","SUKKUR","KHAIRPUR","SOBHO DERO","TALUKA","SINDHI",288529,143119,145403,7,188936,93838,95097,1,99593,49281,50306,6
"SINDH","SUKKUR","KHAIRPUR","SOBHO DERO","TALUKA","TOTAL",293160,145457,147695,8,191852,95303,96548,1,101308,50154,51147,7
"SINDH","SUKKUR","KHAIRPUR","SOBHO DERO","TALUKA","URDU",148,92,56,NA,26,19,7,NA,122,73,49,NA
"SINDH","HYDERABAD","SUJAWAL","SUJAWAL","TALUKA","BALOCHI",6,3,3,NA,3,1,2,NA,3,2,1,NA
"SINDH","HYDERABAD","SUJAWAL","SUJAWAL","TALUKA","BALTI",NA,NA,NA,NA,NA,NA,NA,NA,NA,NA,NA,NA
"SINDH","HYDERABAD","SUJAWAL","SUJAWAL","TALUKA","BRAHVI",NA,NA,NA,NA,NA,NA,NA,NA,NA,NA,NA,NA
"SINDH","HYDERABAD","SUJAWAL","SUJAWAL","TALUKA","HINDKO",42,18,24,NA,37,17,20,NA,5,1,4,NA
"SINDH","HYDERABAD","SUJAWAL","SUJAWAL","TALUKA","KALASHA",NA,NA,NA,NA,NA,NA,NA,NA,NA,NA,NA,NA
"SINDH","HYDERABAD","SUJAWAL","SUJAWAL","TALUKA","KASHMIRI",NA,NA,NA,NA,NA,NA,NA,NA,NA,NA,NA,NA
"SINDH","HYDERABAD","SUJAWAL","SUJAWAL","TALUKA","KOHIOSTANI",NA,NA,NA,NA,NA,NA,NA,NA,NA,NA,NA,NA
"SINDH","HYDERABAD","SUJAWAL","SUJAWAL","TALUKA","MEWATI",NA,NA,NA,NA,NA,NA,NA,NA,NA,NA,NA,NA
"SINDH","HYDERABAD","SUJAWAL","SUJAWAL","TALUKA","OTHERS",6,2,4,NA,6,2,4,NA,NA,NA,NA,NA
"SINDH","HYDERABAD","SUJAWAL","SUJAWAL","TALUKA","PUNJABI",398,191,207,NA,23,14,9,NA,375,177,198,NA
"SINDH","HYDERABAD","SUJAWAL","SUJAWAL","TALUKA","PUSHTO",312,149,163,NA,193,86,107,NA,119,63,56,NA
"SINDH","HYDERABAD","SUJAWAL","SUJAWAL","TALUKA","SARAIKI",22,10,12,NA,1,NA,1,NA,21,10,11,NA
"SINDH","HYDERABAD","SUJAWAL","SUJAWAL","TALUKA","SHINA",NA,NA,NA,NA,NA,NA,NA,NA,NA,NA,NA,NA
"SINDH","HYDERABAD","SUJAWAL","SUJAWAL","TALUKA","SINDHI",211618,102817,108792,9,173507,84177,89326,4,38111,18640,19466,5
"SINDH","HYDERABAD","SUJAWAL","SUJAWAL","TALUKA","TOTAL",212533,103259,109265,9,173797,84310,89483,4,38736,18949,19782,5
"SINDH","HYDERABAD","SUJAWAL","SUJAWAL","TALUKA","URDU",129,69,60,NA,27,13,14,NA,102,56,46,NA
"SINDH","LARKANA","KAMBAR SHAHDAD KOT","SUJAWAL JUNEJO","TALUKA","BALOCHI",1047,511,536,NA,1047,511,536,NA,NA,NA,NA,NA
"SINDH","LARKANA","KAMBAR SHAHDAD KOT","SUJAWAL JUNEJO","TALUKA","BALTI",NA,NA,NA,NA,NA,NA,NA,NA,NA,NA,NA,NA
"SINDH","LARKANA","KAMBAR SHAHDAD KOT","SUJAWAL JUNEJO","TALUKA","BRAHVI",1798,830,968,NA,1798,830,968,NA,NA,NA,NA,NA
"SINDH","LARKANA","KAMBAR SHAHDAD KOT","SUJAWAL JUNEJO","TALUKA","HINDKO",151,57,94,NA,151,57,94,NA,NA,NA,NA,NA
"SINDH","LARKANA","KAMBAR SHAHDAD KOT","SUJAWAL JUNEJO","TALUKA","KALASHA",NA,NA,NA,NA,NA,NA,NA,NA,NA,NA,NA,NA
"SINDH","LARKANA","KAMBAR SHAHDAD KOT","SUJAWAL JUNEJO","TALUKA","KASHMIRI",NA,NA,NA,NA,NA,NA,NA,NA,NA,NA,NA,NA
"SINDH","LARKANA","KAMBAR SHAHDAD KOT","SUJAWAL JUNEJO","TALUKA","KOHIOSTANI",NA,NA,NA,NA,NA,NA,NA,NA,NA,NA,NA,NA
"SINDH","LARKANA","KAMBAR SHAHDAD KOT","SUJAWAL JUNEJO","TALUKA","MEWATI",NA,NA,NA,NA,NA,NA,NA,NA,NA,NA,NA,NA
"SINDH","LARKANA","KAMBAR SHAHDAD KOT","SUJAWAL JUNEJO","TALUKA","OTHERS",51,21,30,NA,51,21,30,NA,NA,NA,NA,NA
"SINDH","LARKANA","KAMBAR SHAHDAD KOT","SUJAWAL JUNEJO","TALUKA","PUNJABI",28,14,14,NA,28,14,14,NA,NA,NA,NA,NA
"SINDH","LARKANA","KAMBAR SHAHDAD KOT","SUJAWAL JUNEJO","TALUKA","PUSHTO",125,61,64,NA,125,61,64,NA,NA,NA,NA,NA
"SINDH","LARKANA","KAMBAR SHAHDAD KOT","SUJAWAL JUNEJO","TALUKA","SARAIKI",543,232,311,NA,543,232,311,NA,NA,NA,NA,NA
"SINDH","LARKANA","KAMBAR SHAHDAD KOT","SUJAWAL JUNEJO","TALUKA","SHINA",1,NA,1,NA,1,NA,1,NA,NA,NA,NA,NA
"SINDH","LARKANA","KAMBAR SHAHDAD KOT","SUJAWAL JUNEJO","TALUKA","SINDHI",126879,61023,65854,2,126879,61023,65854,2,NA,NA,NA,NA
"SINDH","LARKANA","KAMBAR SHAHDAD KOT","SUJAWAL JUNEJO","TALUKA","TOTAL",130635,62756,67877,2,130635,62756,67877,2,NA,NA,NA,NA
"SINDH","LARKANA","KAMBAR SHAHDAD KOT","SUJAWAL JUNEJO","TALUKA","URDU",12,7,5,NA,12,7,5,NA,NA,NA,NA,NA
"SINDH","SUKKUR","SUKKUR","SUKKUR CITY","TALUKA","BALOCHI",2416,1162,1254,NA,NA,NA,NA,NA,2416,1162,1254,NA
"SINDH","SUKKUR","SUKKUR","SUKKUR CITY","TALUKA","BALTI",NA,NA,NA,NA,NA,NA,NA,NA,NA,NA,NA,NA
"SINDH","SUKKUR","SUKKUR","SUKKUR CITY","TALUKA","BRAHVI",136,63,73,NA,NA,NA,NA,NA,136,63,73,NA
"SINDH","SUKKUR","SUKKUR","SUKKUR CITY","TALUKA","HINDKO",372,169,203,NA,NA,NA,NA,NA,372,169,203,NA
"SINDH","SUKKUR","SUKKUR","SUKKUR CITY","TALUKA","KALASHA",NA,NA,NA,NA,NA,NA,NA,NA,NA,NA,NA,NA
"SINDH","SUKKUR","SUKKUR","SUKKUR CITY","TALUKA","KASHMIRI",16,9,7,NA,NA,NA,NA,NA,16,9,7,NA
"SINDH","SUKKUR","SUKKUR","SUKKUR CITY","TALUKA","KOHIOSTANI",1,1,NA,NA,NA,NA,NA,NA,1,1,NA,NA
"SINDH","SUKKUR","SUKKUR","SUKKUR CITY","TALUKA","MEWATI",74,34,40,NA,NA,NA,NA,NA,74,34,40,NA
"SINDH","SUKKUR","SUKKUR","SUKKUR CITY","TALUKA","OTHERS",3795,1813,1982,NA,NA,NA,NA,NA,3795,1813,1982,NA
"SINDH","SUKKUR","SUKKUR","SUKKUR CITY","TALUKA","PUNJABI",13365,6509,6855,1,NA,NA,NA,NA,13365,6509,6855,1
"SINDH","SUKKUR","SUKKUR","SUKKUR CITY","TALUKA","PUSHTO",3367,1517,1850,NA,NA,NA,NA,NA,3367,1517,1850,NA
"SINDH","SUKKUR","SUKKUR","SUKKUR CITY","TALUKA","SARAIKI",5236,2429,2807,NA,NA,NA,NA,NA,5236,2429,2807,NA
"SINDH","SUKKUR","SUKKUR","SUKKUR CITY","TALUKA","SHINA",NA,NA,NA,NA,NA,NA,NA,NA,NA,NA,NA,NA
"SINDH","SUKKUR","SUKKUR","SUKKUR CITY","TALUKA","SINDHI",142508,66871,75629,8,NA,NA,NA,NA,142508,66871,75629,8
"SINDH","SUKKUR","SUKKUR","SUKKUR CITY","TALUKA","TOTAL",266940,126000,140926,14,NA,NA,NA,NA,266940,126000,140926,14
"SINDH","SUKKUR","SUKKUR","SUKKUR CITY","TALUKA","URDU",95654,45423,50226,5,NA,NA,NA,NA,95654,45423,50226,5
"SINDH","HYDERABAD","BADIN","TALHAR","TALUKA","BALOCHI",14,7,7,NA,13,6,7,NA,1,1,NA,NA
"SINDH","HYDERABAD","BADIN","TALHAR","TALUKA","BALTI",NA,NA,NA,NA,NA,NA,NA,NA,NA,NA,NA,NA
"SINDH","HYDERABAD","BADIN","TALHAR","TALUKA","BRAHVI",NA,NA,NA,NA,NA,NA,NA,NA,NA,NA,NA,NA
"SINDH","HYDERABAD","BADIN","TALHAR","TALUKA","HINDKO",1600,740,860,NA,1399,651,748,NA,201,89,112,NA
"SINDH","HYDERABAD","BADIN","TALHAR","TALUKA","KALASHA",NA,NA,NA,NA,NA,NA,NA,NA,NA,NA,NA,NA
"SINDH","HYDERABAD","BADIN","TALHAR","TALUKA","KASHMIRI",4,2,2,NA,NA,NA,NA,NA,4,2,2,NA
"SINDH","HYDERABAD","BADIN","TALHAR","TALUKA","KOHIOSTANI",93,48,45,NA,NA,NA,NA,NA,93,48,45,NA
"SINDH","HYDERABAD","BADIN","TALHAR","TALUKA","MEWATI",NA,NA,NA,NA,NA,NA,NA,NA,NA,NA,NA,NA
"SINDH","HYDERABAD","BADIN","TALHAR","TALUKA","OTHERS",31,13,18,NA,8,3,5,NA,23,10,13,NA
"SINDH","HYDERABAD","BADIN","TALHAR","TALUKA","PUNJABI",430,211,219,NA,347,168,179,NA,83,43,40,NA
"SINDH","HYDERABAD","BADIN","TALHAR","TALUKA","PUSHTO",203,94,109,NA,101,54,47,NA,102,40,62,NA
"SINDH","HYDERABAD","BADIN","TALHAR","TALUKA","SARAIKI",309,157,152,NA,129,68,61,NA,180,89,91,NA
"SINDH","HYDERABAD","BADIN","TALHAR","TALUKA","SHINA",NA,NA,NA,NA,NA,NA,NA,NA,NA,NA,NA,NA
"SINDH","HYDERABAD","BADIN","TALHAR","TALUKA","SINDHI",181358,87867,93480,11,133443,64637,68802,4,47915,23230,24678,7
"SINDH","HYDERABAD","BADIN","TALHAR","TALUKA","TOTAL",184206,89234,94961,11,135462,65601,69857,4,48744,23633,25104,7
"SINDH","HYDERABAD","BADIN","TALHAR","TALUKA","URDU",164,95,69,NA,22,14,8,NA,142,81,61,NA
"SINDH","SHAHEED BENAZIRABAD","SANGHAR","TANDO ADAM","TALUKA","BALOCHI",13855,6878,6977,NA,8328,4149,4179,NA,5527,2729,2798,NA
"SINDH","SHAHEED BENAZIRABAD","SANGHAR","TANDO ADAM","TALUKA","BALTI",NA,NA,NA,NA,NA,NA,NA,NA,NA,NA,NA,NA
"SINDH","SHAHEED BENAZIRABAD","SANGHAR","TANDO ADAM","TALUKA","BRAHVI",4179,2060,2118,1,3619,1775,1843,1,560,285,275,NA
"SINDH","SHAHEED BENAZIRABAD","SANGHAR","TANDO ADAM","TALUKA","HINDKO",10832,5324,5508,NA,9124,4495,4629,NA,1708,829,879,NA
"SINDH","SHAHEED BENAZIRABAD","SANGHAR","TANDO ADAM","TALUKA","KALASHA",1,NA,1,NA,NA,NA,NA,NA,1,NA,1,NA
"SINDH","SHAHEED BENAZIRABAD","SANGHAR","TANDO ADAM","TALUKA","KASHMIRI",23,11,12,NA,4,3,1,NA,19,8,11,NA
"SINDH","SHAHEED BENAZIRABAD","SANGHAR","TANDO ADAM","TALUKA","KOHIOSTANI",114,45,69,NA,NA,NA,NA,NA,114,45,69,NA
"SINDH","SHAHEED BENAZIRABAD","SANGHAR","TANDO ADAM","TALUKA","MEWATI",941,480,461,NA,NA,NA,NA,NA,941,480,461,NA
"SINDH","SHAHEED BENAZIRABAD","SANGHAR","TANDO ADAM","TALUKA","OTHERS",8169,4110,4058,1,6237,3146,3090,1,1932,964,968,NA
"SINDH","SHAHEED BENAZIRABAD","SANGHAR","TANDO ADAM","TALUKA","PUNJABI",35902,17949,17943,10,3541,1719,1822,NA,32361,16230,16121,10
"SINDH","SHAHEED BENAZIRABAD","SANGHAR","TANDO ADAM","TALUKA","PUSHTO",4132,2079,2053,NA,762,382,380,NA,3370,1697,1673,NA
"SINDH","SHAHEED BENAZIRABAD","SANGHAR","TANDO ADAM","TALUKA","SARAIKI",6054,2972,3081,1,4311,2134,2177,NA,1743,838,904,1
"SINDH","SHAHEED BENAZIRABAD","SANGHAR","TANDO ADAM","TALUKA","SHINA",1,NA,1,NA,NA,NA,NA,NA,1,NA,1,NA
"SINDH","SHAHEED BENAZIRABAD","SANGHAR","TANDO ADAM","TALUKA","SINDHI",247465,121985,125470,10,194495,96114,98379,2,52970,25871,27091,8
"SINDH","SHAHEED BENAZIRABAD","SANGHAR","TANDO ADAM","TALUKA","TOTAL",407228,200835,206361,32,233341,115410,117927,4,173887,85425,88434,28
"SINDH","SHAHEED BENAZIRABAD","SANGHAR","TANDO ADAM","TALUKA","URDU",75560,36942,38609,9,2920,1493,1427,NA,72640,35449,37182,9
NA,NA,"TANDO ALLAHYAR","TANDO ALLAHYAR","TALUKA","BALOCHI",5337,2667,2670,NA,985,472,513,NA,4352,2195,2157,NA
NA,NA,"TANDO ALLAHYAR","TANDO ALLAHYAR","TALUKA","BALTI",NA,NA,NA,NA,NA,NA,NA,NA,NA,NA,NA,NA
NA,NA,"TANDO ALLAHYAR","TANDO ALLAHYAR","TALUKA","BRAHVI",883,435,448,NA,636,308,328,NA,247,127,120,NA
NA,NA,"TANDO ALLAHYAR","TANDO ALLAHYAR","TALUKA","HINDKO",5765,2826,2939,NA,2856,1394,1462,NA,2909,1432,1477,NA
NA,NA,"TANDO ALLAHYAR","TANDO ALLAHYAR","TALUKA","KALASHA",NA,NA,NA,NA,NA,NA,NA,NA,NA,NA,NA,NA
NA,NA,"TANDO ALLAHYAR","TANDO ALLAHYAR","TALUKA","KASHMIRI",177,100,77,NA,14,9,5,NA,163,91,72,NA
NA,NA,"TANDO ALLAHYAR","TANDO ALLAHYAR","TALUKA","KOHIOSTANI",1,1,NA,NA,1,1,NA,NA,NA,NA,NA,NA
NA,NA,"TANDO ALLAHYAR","TANDO ALLAHYAR","TALUKA","MEWATI",3038,1482,1556,NA,734,356,378,NA,2304,1126,1178,NA
NA,NA,"TANDO ALLAHYAR","TANDO ALLAHYAR","TALUKA","OTHERS",5195,2555,2640,NA,1475,740,735,NA,3720,1815,1905,NA
NA,NA,"TANDO ALLAHYAR","TANDO ALLAHYAR","TALUKA","PUNJABI",18299,9007,9291,1,1436,702,734,NA,16863,8305,8557,1
NA,NA,"TANDO ALLAHYAR","TANDO ALLAHYAR","TALUKA","PUSHTO",5044,2416,2628,NA,447,222,225,NA,4597,2194,2403,NA
NA,NA,"TANDO ALLAHYAR","TANDO ALLAHYAR","TALUKA","SARAIKI",3514,1722,1792,NA,1163,571,592,NA,2351,1151,1200,NA
NA,NA,"TANDO ALLAHYAR","TANDO ALLAHYAR","TALUKA","SHINA",NA,NA,NA,NA,NA,NA,NA,NA,NA,NA,NA,NA
NA,NA,"TANDO ALLAHYAR","TANDO ALLAHYAR","TALUKA","SINDHI",312541,153952,158577,12,185014,90786,94226,2,127527,63166,64351,10
NA,NA,"TANDO ALLAHYAR","TANDO ALLAHYAR","TALUKA","TOTAL",421923,207921,213985,17,195369,95852,99515,2,226554,112069,114470,15
NA,NA,"TANDO ALLAHYAR","TANDO ALLAHYAR","TALUKA","URDU",62129,30758,31367,4,608,291,317,NA,61521,30467,31050,4
"SINDH","HYDERABAD","BADIN","TANDO BAGO","TALUKA","BALOCHI",1405,650,755,NA,1404,649,755,NA,1,1,NA,NA
"SINDH","HYDERABAD","BADIN","TANDO BAGO","TALUKA","BALTI",NA,NA,NA,NA,NA,NA,NA,NA,NA,NA,NA,NA
"SINDH","HYDERABAD","BADIN","TANDO BAGO","TALUKA","BRAHVI",29,13,16,NA,11,4,7,NA,18,9,9,NA
"SINDH","HYDERABAD","BADIN","TANDO BAGO","TALUKA","HINDKO",3718,1799,1918,1,3679,1778,1900,1,39,21,18,NA
"SINDH","HYDERABAD","BADIN","TANDO BAGO","TALUKA","KALASHA",NA,NA,NA,NA,NA,NA,NA,NA,NA,NA,NA,NA
"SINDH","HYDERABAD","BADIN","TANDO BAGO","TALUKA","KASHMIRI",3,1,2,NA,2,1,1,NA,1,NA,1,NA
"SINDH","HYDERABAD","BADIN","TANDO BAGO","TALUKA","KOHIOSTANI",2,NA,2,NA,NA,NA,NA,NA,2,NA,2,NA
"SINDH","HYDERABAD","BADIN","TANDO BAGO","TALUKA","MEWATI",NA,NA,NA,NA,NA,NA,NA,NA,NA,NA,NA,NA
"SINDH","HYDERABAD","BADIN","TANDO BAGO","TALUKA","OTHERS",522,244,278,NA,517,241,276,NA,5,3,2,NA
"SINDH","HYDERABAD","BADIN","TANDO BAGO","TALUKA","PUNJABI",9863,4728,5134,1,3985,1923,2062,NA,5878,2805,3072,1
"SINDH","HYDERABAD","BADIN","TANDO BAGO","TALUKA","PUSHTO",1926,931,995,NA,697,364,333,NA,1229,567,662,NA
"SINDH","HYDERABAD","BADIN","TANDO BAGO","TALUKA","SARAIKI",1601,796,805,NA,1463,727,736,NA,138,69,69,NA
"SINDH","HYDERABAD","BADIN","TANDO BAGO","TALUKA","SHINA",NA,NA,NA,NA,NA,NA,NA,NA,NA,NA,NA,NA
"SINDH","HYDERABAD","BADIN","TANDO BAGO","TALUKA","SINDHI",405764,194965,210788,11,344591,165217,179365,9,61173,29748,31423,2
"SINDH","HYDERABAD","BADIN","TANDO BAGO","TALUKA","TOTAL",426535,204965,221557,13,356443,170953,185480,10,70092,34012,36077,3
"SINDH","HYDERABAD","BADIN","TANDO BAGO","TALUKA","URDU",1702,838,864,NA,94,49,45,NA,1608,789,819,NA
"SINDH","HYDERABAD","TANDO MUHAMMAD KHAN","TANDO GHULAM HYDER","TALUKA","BALOCHI",15,6,9,NA,1,1,NA,NA,14,5,9,NA
"SINDH","HYDERABAD","TANDO MUHAMMAD KHAN","TANDO GHULAM HYDER","TALUKA","BALTI",NA,NA,NA,NA,NA,NA,NA,NA,NA,NA,NA,NA
"SINDH","HYDERABAD","TANDO MUHAMMAD KHAN","TANDO GHULAM HYDER","TALUKA","BRAHVI",1,NA,1,NA,NA,NA,NA,NA,1,NA,1,NA
"SINDH","HYDERABAD","TANDO MUHAMMAD KHAN","TANDO GHULAM HYDER","TALUKA","HINDKO",2949,1378,1571,NA,2110,985,1125,NA,839,393,446,NA
"SINDH","HYDERABAD","TANDO MUHAMMAD KHAN","TANDO GHULAM HYDER","TALUKA","KALASHA",NA,NA,NA,NA,NA,NA,NA,NA,NA,NA,NA,NA
"SINDH","HYDERABAD","TANDO MUHAMMAD KHAN","TANDO GHULAM HYDER","TALUKA","KASHMIRI",34,17,17,NA,5,NA,5,NA,29,17,12,NA
"SINDH","HYDERABAD","TANDO MUHAMMAD KHAN","TANDO GHULAM HYDER","TALUKA","KOHIOSTANI",NA,NA,NA,NA,NA,NA,NA,NA,NA,NA,NA,NA
"SINDH","HYDERABAD","TANDO MUHAMMAD KHAN","TANDO GHULAM HYDER","TALUKA","MEWATI",96,50,46,NA,96,50,46,NA,NA,NA,NA,NA
"SINDH","HYDERABAD","TANDO MUHAMMAD KHAN","TANDO GHULAM HYDER","TALUKA","OTHERS",92,39,53,NA,19,10,9,NA,73,29,44,NA
"SINDH","HYDERABAD","TANDO MUHAMMAD KHAN","TANDO GHULAM HYDER","TALUKA","PUNJABI",474,230,244,NA,15,9,6,NA,459,221,238,NA
"SINDH","HYDERABAD","TANDO MUHAMMAD KHAN","TANDO GHULAM HYDER","TALUKA","PUSHTO",144,70,74,NA,104,53,51,NA,40,17,23,NA
"SINDH","HYDERABAD","TANDO MUHAMMAD KHAN","TANDO GHULAM HYDER","TALUKA","SARAIKI",1154,588,566,NA,1154,588,566,NA,NA,NA,NA,NA
"SINDH","HYDERABAD","TANDO MUHAMMAD KHAN","TANDO GHULAM HYDER","TALUKA","SHINA",NA,NA,NA,NA,NA,NA,NA,NA,NA,NA,NA,NA
"SINDH","HYDERABAD","TANDO MUHAMMAD KHAN","TANDO GHULAM HYDER","TALUKA","SINDHI",201545,97117,104426,2,161868,78164,83703,1,39677,18953,20723,1
"SINDH","HYDERABAD","TANDO MUHAMMAD KHAN","TANDO GHULAM HYDER","TALUKA","TOTAL",206665,99568,107095,2,165388,79868,85519,1,41277,19700,21576,1
"SINDH","HYDERABAD","TANDO MUHAMMAD KHAN","TANDO GHULAM HYDER","TALUKA","URDU",161,73,88,NA,16,8,8,NA,145,65,80,NA
NA,NA,"TANDO MUHAMMAD KHAN","TANDO MUHAMMAD KHAN","TALUKA","BALOCHI",669,327,342,NA,293,142,151,NA,376,185,191,NA
NA,NA,"TANDO MUHAMMAD KHAN","TANDO MUHAMMAD KHAN","TALUKA","BALTI",NA,NA,NA,NA,NA,NA,NA,NA,NA,NA,NA,NA
NA,NA,"TANDO MUHAMMAD KHAN","TANDO MUHAMMAD KHAN","TALUKA","BRAHVI",531,259,272,NA,353,174,179,NA,178,85,93,NA
NA,NA,"TANDO MUHAMMAD KHAN","TANDO MUHAMMAD KHAN","TALUKA","HINDKO",6690,3229,3461,NA,5260,2529,2731,NA,1430,700,730,NA
NA,NA,"TANDO MUHAMMAD KHAN","TANDO MUHAMMAD KHAN","TALUKA","KALASHA",NA,NA,NA,NA,NA,NA,NA,NA,NA,NA,NA,NA
NA,NA,"TANDO MUHAMMAD KHAN","TANDO MUHAMMAD KHAN","TALUKA","KASHMIRI",246,130,116,NA,238,127,111,NA,8,3,5,NA
NA,NA,"TANDO MUHAMMAD KHAN","TANDO MUHAMMAD KHAN","TALUKA","KOHIOSTANI",NA,NA,NA,NA,NA,NA,NA,NA,NA,NA,NA,NA
NA,NA,"TANDO MUHAMMAD KHAN","TANDO MUHAMMAD KHAN","TALUKA","MEWATI",170,87,83,NA,90,43,47,NA,80,44,36,NA
NA,NA,"TANDO MUHAMMAD KHAN","TANDO MUHAMMAD KHAN","TALUKA","OTHERS",5447,2641,2806,NA,3843,1825,2018,NA,1604,816,788,NA
NA,NA,"TANDO MUHAMMAD KHAN","TANDO MUHAMMAD KHAN","TALUKA","PUNJABI",3658,1776,1882,NA,1238,600,638,NA,2420,1176,1244,NA
NA,NA,"TANDO MUHAMMAD KHAN","TANDO MUHAMMAD KHAN","TALUKA","PUSHTO",2488,1182,1306,NA,597,270,327,NA,1891,912,979,NA
NA,NA,"TANDO MUHAMMAD KHAN","TANDO MUHAMMAD KHAN","TALUKA","SARAIKI",2328,1058,1270,NA,2043,916,1127,NA,285,142,143,NA
NA,NA,"TANDO MUHAMMAD KHAN","TANDO MUHAMMAD KHAN","TALUKA","SHINA",NA,NA,NA,NA,NA,NA,NA,NA,NA,NA,NA,NA
NA,NA,"TANDO MUHAMMAD KHAN","TANDO MUHAMMAD KHAN","TALUKA","SINDHI",240119,115385,124721,13,142522,68528,73993,1,97597,46857,50728,12
NA,NA,"TANDO MUHAMMAD KHAN","TANDO MUHAMMAD KHAN","TALUKA","TOTAL",272231,130912,141305,14,157974,75891,82082,1,114257,55021,59223,13
NA,NA,"TANDO MUHAMMAD KHAN","TANDO MUHAMMAD KHAN","TALUKA","URDU",9885,4838,5046,1,1497,737,760,NA,8388,4101,4286,1
"SINDH","LARKANA","KASHMORE","TANGWANI","TALUKA","BALOCHI",32863,16135,16728,NA,32744,16077,16667,NA,119,58,61,NA
"SINDH","LARKANA","KASHMORE","TANGWANI","TALUKA","BALTI",NA,NA,NA,NA,NA,NA,NA,NA,NA,NA,NA,NA
"SINDH","LARKANA","KASHMORE","TANGWANI","TALUKA","BRAHVI",269,116,153,NA,269,116,153,NA,NA,NA,NA,NA
"SINDH","LARKANA","KASHMORE","TANGWANI","TALUKA","HINDKO",114,61,53,NA,88,47,41,NA,26,14,12,NA
"SINDH","LARKANA","KASHMORE","TANGWANI","TALUKA","KALASHA",NA,NA,NA,NA,NA,NA,NA,NA,NA,NA,NA,NA
"SINDH","LARKANA","KASHMORE","TANGWANI","TALUKA","KASHMIRI",14,8,6,NA,14,8,6,NA,NA,NA,NA,NA
"SINDH","LARKANA","KASHMORE","TANGWANI","TALUKA","KOHIOSTANI",NA,NA,NA,NA,NA,NA,NA,NA,NA,NA,NA,NA
"SINDH","LARKANA","KASHMORE","TANGWANI","TALUKA","MEWATI",NA,NA,NA,NA,NA,NA,NA,NA,NA,NA,NA,NA
"SINDH","LARKANA","KASHMORE","TANGWANI","TALUKA","OTHERS",192,94,98,NA,191,94,97,NA,1,NA,1,NA
"SINDH","LARKANA","KASHMORE","TANGWANI","TALUKA","PUNJABI",41,18,23,NA,29,14,15,NA,12,4,8,NA
"SINDH","LARKANA","KASHMORE","TANGWANI","TALUKA","PUSHTO",492,240,252,NA,417,202,215,NA,75,38,37,NA
"SINDH","LARKANA","KASHMORE","TANGWANI","TALUKA","SARAIKI",42,19,23,NA,42,19,23,NA,NA,NA,NA,NA
"SINDH","LARKANA","KASHMORE","TANGWANI","TALUKA","SHINA",1,NA,1,NA,1,NA,1,NA,NA,NA,NA,NA
"SINDH","LARKANA","KASHMORE","TANGWANI","TALUKA","SINDHI",304693,148656,156027,10,272865,132894,139968,3,31828,15762,16059,7
"SINDH","LARKANA","KASHMORE","TANGWANI","TALUKA","TOTAL",338763,165370,173383,10,306698,149491,157204,3,32065,15879,16179,7
"SINDH","LARKANA","KASHMORE","TANGWANI","TALUKA","URDU",42,23,19,NA,38,20,18,NA,4,3,1,NA
"SINDH","HYDERABAD","JAMSHORO","THANO BULA KHAN","TALUKA","BALOCHI",7032,3413,3619,NA,6961,3376,3585,NA,71,37,34,NA
"SINDH","HYDERABAD","JAMSHORO","THANO BULA KHAN","TALUKA","BALTI",NA,NA,NA,NA,NA,NA,NA,NA,NA,NA,NA,NA
"SINDH","HYDERABAD","JAMSHORO","THANO BULA KHAN","TALUKA","BRAHVI",131,62,69,NA,131,62,69,NA,NA,NA,NA,NA
"SINDH","HYDERABAD","JAMSHORO","THANO BULA KHAN","TALUKA","HINDKO",421,208,213,NA,413,204,209,NA,8,4,4,NA
"SINDH","HYDERABAD","JAMSHORO","THANO BULA KHAN","TALUKA","KALASHA",NA,NA,NA,NA,NA,NA,NA,NA,NA,NA,NA,NA
"SINDH","HYDERABAD","JAMSHORO","THANO BULA KHAN","TALUKA","KASHMIRI",25,11,14,NA,25,11,14,NA,NA,NA,NA,NA
"SINDH","HYDERABAD","JAMSHORO","THANO BULA KHAN","TALUKA","KOHIOSTANI",3,3,NA,NA,3,3,NA,NA,NA,NA,NA,NA
"SINDH","HYDERABAD","JAMSHORO","THANO BULA KHAN","TALUKA","MEWATI",7,2,5,NA,7,2,5,NA,NA,NA,NA,NA
"SINDH","HYDERABAD","JAMSHORO","THANO BULA KHAN","TALUKA","OTHERS",77,36,41,NA,76,36,40,NA,1,NA,1,NA
"SINDH","HYDERABAD","JAMSHORO","THANO BULA KHAN","TALUKA","PUNJABI",817,399,418,NA,805,395,410,NA,12,4,8,NA
"SINDH","HYDERABAD","JAMSHORO","THANO BULA KHAN","TALUKA","PUSHTO",309,153,156,NA,252,126,126,NA,57,27,30,NA
"SINDH","HYDERABAD","JAMSHORO","THANO BULA KHAN","TALUKA","SARAIKI",385,190,195,NA,385,190,195,NA,NA,NA,NA,NA
"SINDH","HYDERABAD","JAMSHORO","THANO BULA KHAN","TALUKA","SHINA",NA,NA,NA,NA,NA,NA,NA,NA,NA,NA,NA,NA
"SINDH","HYDERABAD","JAMSHORO","THANO BULA KHAN","TALUKA","SINDHI",151957,73202,78750,5,134653,64940,69710,3,17304,8262,9040,2
"SINDH","HYDERABAD","JAMSHORO","THANO BULA KHAN","TALUKA","TOTAL",161500,77843,83652,5,144038,69506,74529,3,17462,8337,9123,2
"SINDH","HYDERABAD","JAMSHORO","THANO BULA KHAN","TALUKA","URDU",336,164,172,NA,327,161,166,NA,9,3,6,NA
"SINDH","HYDERABAD","THATTA","THATTA","TALUKA","BALOCHI",1864,893,971,NA,1279,603,676,NA,585,290,295,NA
"SINDH","HYDERABAD","THATTA","THATTA","TALUKA","BALTI",NA,NA,NA,NA,NA,NA,NA,NA,NA,NA,NA,NA
"SINDH","HYDERABAD","THATTA","THATTA","TALUKA","BRAHVI",2654,1288,1366,NA,1907,924,983,NA,747,364,383,NA
"SINDH","HYDERABAD","THATTA","THATTA","TALUKA","HINDKO",570,278,292,NA,421,202,219,NA,149,76,73,NA
"SINDH","HYDERABAD","THATTA","THATTA","TALUKA","KALASHA",NA,NA,NA,NA,NA,NA,NA,NA,NA,NA,NA,NA
"SINDH","HYDERABAD","THATTA","THATTA","TALUKA","KASHMIRI",9,4,5,NA,1,NA,1,NA,8,4,4,NA
"SINDH","HYDERABAD","THATTA","THATTA","TALUKA","KOHIOSTANI",NA,NA,NA,NA,NA,NA,NA,NA,NA,NA,NA,NA
"SINDH","HYDERABAD","THATTA","THATTA","TALUKA","MEWATI",NA,NA,NA,NA,NA,NA,NA,NA,NA,NA,NA,NA
"SINDH","HYDERABAD","THATTA","THATTA","TALUKA","OTHERS",181,87,94,NA,136,66,70,NA,45,21,24,NA
"SINDH","HYDERABAD","THATTA","THATTA","TALUKA","PUNJABI",1598,790,808,NA,238,111,127,NA,1360,679,681,NA
"SINDH","HYDERABAD","THATTA","THATTA","TALUKA","PUSHTO",2069,1008,1061,NA,919,456,463,NA,1150,552,598,NA
"SINDH","HYDERABAD","THATTA","THATTA","TALUKA","SARAIKI",152,60,92,NA,84,33,51,NA,68,27,41,NA
"SINDH","HYDERABAD","THATTA","THATTA","TALUKA","SHINA",NA,NA,NA,NA,NA,NA,NA,NA,NA,NA,NA,NA
"SINDH","HYDERABAD","THATTA","THATTA","TALUKA","SINDHI",434519,212425,222078,16,333842,162615,171218,9,100677,49810,50860,7
"SINDH","HYDERABAD","THATTA","THATTA","TALUKA","TOTAL",444976,217526,227434,16,339116,165145,173962,9,105860,52381,53472,7
"SINDH","HYDERABAD","THATTA","THATTA","TALUKA","URDU",1360,693,667,NA,289,135,154,NA,1071,558,513,NA
"SINDH","LARKANA","JACOBABAD","THUL","TALUKA","BALOCHI",15136,7176,7956,4,13936,6578,7354,4,1200,598,602,NA
"SINDH","LARKANA","JACOBABAD","THUL","TALUKA","BALTI",NA,NA,NA,NA,NA,NA,NA,NA,NA,NA,NA,NA
"SINDH","LARKANA","JACOBABAD","THUL","TALUKA","BRAHVI",657,341,316,NA,650,339,311,NA,7,2,5,NA
"SINDH","LARKANA","JACOBABAD","THUL","TALUKA","HINDKO",285,133,152,NA,96,37,59,NA,189,96,93,NA
"SINDH","LARKANA","JACOBABAD","THUL","TALUKA","KALASHA",NA,NA,NA,NA,NA,NA,NA,NA,NA,NA,NA,NA
"SINDH","LARKANA","JACOBABAD","THUL","TALUKA","KASHMIRI",12,5,7,NA,10,5,5,NA,2,NA,2,NA
"SINDH","LARKANA","JACOBABAD","THUL","TALUKA","KOHIOSTANI",NA,NA,NA,NA,NA,NA,NA,NA,NA,NA,NA,NA
"SINDH","LARKANA","JACOBABAD","THUL","TALUKA","MEWATI",NA,NA,NA,NA,NA,NA,NA,NA,NA,NA,NA,NA
"SINDH","LARKANA","JACOBABAD","THUL","TALUKA","OTHERS",102,46,56,NA,79,38,41,NA,23,8,15,NA
"SINDH","LARKANA","JACOBABAD","THUL","TALUKA","PUNJABI",109,52,56,1,52,21,30,1,57,31,26,NA
"SINDH","LARKANA","JACOBABAD","THUL","TALUKA","PUSHTO",820,388,432,NA,521,258,263,NA,299,130,169,NA
"SINDH","LARKANA","JACOBABAD","THUL","TALUKA","SARAIKI",1395,711,684,NA,1374,704,670,NA,21,7,14,NA
"SINDH","LARKANA","JACOBABAD","THUL","TALUKA","SHINA",1,NA,1,NA,1,NA,1,NA,NA,NA,NA,NA
"SINDH","LARKANA","JACOBABAD","THUL","TALUKA","SINDHI",514504,252526,261956,22,393733,193432,200288,13,120771,59094,61668,9
"SINDH","LARKANA","JACOBABAD","THUL","TALUKA","TOTAL",533153,261434,271692,27,410558,201459,209081,18,122595,59975,62611,9
"SINDH","LARKANA","JACOBABAD","THUL","TALUKA","URDU",132,56,76,NA,106,47,59,NA,26,9,17,NA
"SINDH","SUKKUR","GHOTKI","UBAURO","TALUKA","BALOCHI",6363,3058,3305,NA,5976,2870,3106,NA,387,188,199,NA
"SINDH","SUKKUR","GHOTKI","UBAURO","TALUKA","BALTI",NA,NA,NA,NA,NA,NA,NA,NA,NA,NA,NA,NA
"SINDH","SUKKUR","GHOTKI","UBAURO","TALUKA","BRAHVI",NA,NA,NA,NA,NA,NA,NA,NA,NA,NA,NA,NA
"SINDH","SUKKUR","GHOTKI","UBAURO","TALUKA","HINDKO",1186,571,615,NA,1021,488,533,NA,165,83,82,NA
"SINDH","SUKKUR","GHOTKI","UBAURO","TALUKA","KALASHA",NA,NA,NA,NA,NA,NA,NA,NA,NA,NA,NA,NA
"SINDH","SUKKUR","GHOTKI","UBAURO","TALUKA","KASHMIRI",4,1,3,NA,4,1,3,NA,NA,NA,NA,NA
"SINDH","SUKKUR","GHOTKI","UBAURO","TALUKA","KOHIOSTANI",NA,NA,NA,NA,NA,NA,NA,NA,NA,NA,NA,NA
"SINDH","SUKKUR","GHOTKI","UBAURO","TALUKA","MEWATI",139,59,80,NA,95,42,53,NA,44,17,27,NA
"SINDH","SUKKUR","GHOTKI","UBAURO","TALUKA","OTHERS",361,165,196,NA,300,128,172,NA,61,37,24,NA
"SINDH","SUKKUR","GHOTKI","UBAURO","TALUKA","PUNJABI",2454,1205,1249,NA,1483,721,762,NA,971,484,487,NA
"SINDH","SUKKUR","GHOTKI","UBAURO","TALUKA","PUSHTO",1185,580,605,NA,1012,503,509,NA,173,77,96,NA
"SINDH","SUKKUR","GHOTKI","UBAURO","TALUKA","SARAIKI",760,386,374,NA,431,221,210,NA,329,165,164,NA
"SINDH","SUKKUR","GHOTKI","UBAURO","TALUKA","SHINA",NA,NA,NA,NA,NA,NA,NA,NA,NA,NA,NA,NA
"SINDH","SUKKUR","GHOTKI","UBAURO","TALUKA","SINDHI",347138,166433,180692,13,307758,147480,160269,9,39380,18953,20423,4
"SINDH","SUKKUR","GHOTKI","UBAURO","TALUKA","TOTAL",371721,178265,193441,15,320740,153708,167023,9,50981,24557,26418,6
"SINDH","SUKKUR","GHOTKI","UBAURO","TALUKA","URDU",12131,5807,6322,2,2660,1254,1406,NA,9471,4553,4916,2
"SINDH","MIRPUR KHAS","UMER KOT","UMER KOT","TALUKA","BALOCHI",667,324,343,NA,413,207,206,NA,254,117,137,NA
"SINDH","MIRPUR KHAS","UMER KOT","UMER KOT","TALUKA","BALTI",NA,NA,NA,NA,NA,NA,NA,NA,NA,NA,NA,NA
"SINDH","MIRPUR KHAS","UMER KOT","UMER KOT","TALUKA","BRAHVI",3,1,2,NA,NA,NA,NA,NA,3,1,2,NA
"SINDH","MIRPUR KHAS","UMER KOT","UMER KOT","TALUKA","HINDKO",446,210,236,NA,411,198,213,NA,35,12,23,NA
"SINDH","MIRPUR KHAS","UMER KOT","UMER KOT","TALUKA","KALASHA",NA,NA,NA,NA,NA,NA,NA,NA,NA,NA,NA,NA
"SINDH","MIRPUR KHAS","UMER KOT","UMER KOT","TALUKA","KASHMIRI",24,9,15,NA,3,2,1,NA,21,7,14,NA
"SINDH","MIRPUR KHAS","UMER KOT","UMER KOT","TALUKA","KOHIOSTANI",NA,NA,NA,NA,NA,NA,NA,NA,NA,NA,NA,NA
"SINDH","MIRPUR KHAS","UMER KOT","UMER KOT","TALUKA","MEWATI",453,214,239,NA,453,214,239,NA,NA,NA,NA,NA
"SINDH","MIRPUR KHAS","UMER KOT","UMER KOT","TALUKA","OTHERS",2070,1009,1061,NA,2019,988,1031,NA,51,21,30,NA
"SINDH","MIRPUR KHAS","UMER KOT","UMER KOT","TALUKA","PUNJABI",3826,1726,2100,NA,2451,1177,1274,NA,1375,549,826,NA
"SINDH","MIRPUR KHAS","UMER KOT","UMER KOT","TALUKA","PUSHTO",1436,657,778,1,373,184,188,1,1063,473,590,NA
"SINDH","MIRPUR KHAS","UMER KOT","UMER KOT","TALUKA","SARAIKI",1334,650,684,NA,1022,504,518,NA,312,146,166,NA
"SINDH","MIRPUR KHAS","UMER KOT","UMER KOT","TALUKA","SHINA",NA,NA,NA,NA,NA,NA,NA,NA,NA,NA,NA,NA
"SINDH","MIRPUR KHAS","UMER KOT","UMER KOT","TALUKA","SINDHI",591642,282228,309399,15,404653,193000,211645,8,186989,89228,97754,7
"SINDH","MIRPUR KHAS","UMER KOT","UMER KOT","TALUKA","TOTAL",607130,289498,317616,16,412448,196789,215650,9,194682,92709,101966,7
"SINDH","MIRPUR KHAS","UMER KOT","UMER KOT","TALUKA","URDU",5229,2470,2759,NA,650,315,335,NA,4579,2155,2424,NA
"SINDH","LARKANA","KAMBAR SHAHDAD KOT","WARAH","TALUKA","BALOCHI",194,91,103,NA,193,90,103,NA,1,1,NA,NA
"SINDH","LARKANA","KAMBAR SHAHDAD KOT","WARAH","TALUKA","BALTI",NA,NA,NA,NA,NA,NA,NA,NA,NA,NA,NA,NA
"SINDH","LARKANA","KAMBAR SHAHDAD KOT","WARAH","TALUKA","BRAHVI",4425,2180,2245,NA,4338,2135,2203,NA,87,45,42,NA
"SINDH","LARKANA","KAMBAR SHAHDAD KOT","WARAH","TALUKA","HINDKO",91,46,45,NA,45,22,23,NA,46,24,22,NA
"SINDH","LARKANA","KAMBAR SHAHDAD KOT","WARAH","TALUKA","KALASHA",NA,NA,NA,NA,NA,NA,NA,NA,NA,NA,NA,NA
"SINDH","LARKANA","KAMBAR SHAHDAD KOT","WARAH","TALUKA","KASHMIRI",2,NA,2,NA,1,NA,1,NA,1,NA,1,NA
"SINDH","LARKANA","KAMBAR SHAHDAD KOT","WARAH","TALUKA","KOHIOSTANI",NA,NA,NA,NA,NA,NA,NA,NA,NA,NA,NA,NA
"SINDH","LARKANA","KAMBAR SHAHDAD KOT","WARAH","TALUKA","MEWATI",NA,NA,NA,NA,NA,NA,NA,NA,NA,NA,NA,NA
"SINDH","LARKANA","KAMBAR SHAHDAD KOT","WARAH","TALUKA","OTHERS",43,19,24,NA,13,8,5,NA,30,11,19,NA
"SINDH","LARKANA","KAMBAR SHAHDAD KOT","WARAH","TALUKA","PUNJABI",65,35,30,NA,11,8,3,NA,54,27,27,NA
"SINDH","LARKANA","KAMBAR SHAHDAD KOT","WARAH","TALUKA","PUSHTO",229,134,95,NA,116,75,41,NA,113,59,54,NA
"SINDH","LARKANA","KAMBAR SHAHDAD KOT","WARAH","TALUKA","SARAIKI",11,3,8,NA,10,3,7,NA,1,NA,1,NA
"SINDH","LARKANA","KAMBAR SHAHDAD KOT","WARAH","TALUKA","SHINA",NA,NA,NA,NA,NA,NA,NA,NA,NA,NA,NA,NA
"SINDH","LARKANA","KAMBAR SHAHDAD KOT","WARAH","TALUKA","SINDHI",248543,118965,129577,1,175928,83917,92010,1,72615,35048,37567,NA
"SINDH","LARKANA","KAMBAR SHAHDAD KOT","WARAH","TALUKA","TOTAL",253681,121515,132165,1,180674,86270,94403,1,73007,35245,37762,NA
"SINDH","LARKANA","KAMBAR SHAHDAD KOT","WARAH","TALUKA","URDU",78,42,36,NA,19,12,7,NA,59,30,29,NA
