"PROVINCE","DIVISION","DISTRICT","TEHSIL","ADMIN_UNIT","REGION","HOUSEHOLDS","LIGHT_ELECT","LIGHT_SOLAR","LIGHT_OTHERS","FUEL_GAS","FUEL_LPGCNG","FUEL_FIREWOOD","FUEL_OTHERS","SEP_KITCHEN","NO_KITCHEN"
"BALOCHISTAN","KALAT","AWARAN","AWARAN","SUB-DIVISION","OVERALL",6471,2961,2214,1296,164,200,5990,117,6134,231
"BALOCHISTAN","KALAT","AWARAN","AWARAN","SUB-DIVISION","RURAL",2486,717,930,839,28,1,2390,67,2301,167
"BALOCHISTAN","KALAT","AWARAN","AWARAN","SUB-DIVISION","URBAN",3985,2244,1284,457,136,199,3600,50,3833,64
"BALOCHISTAN","KALAT","AWARAN","GISHKORE","TEHSIL","OVERALL",6191,29,4617,1545,51,4,5914,222,5525,644
"BALOCHISTAN","KALAT","AWARAN","GISHKORE","TEHSIL","RURAL",6191,29,4617,1545,51,4,5914,222,5525,644
"BALOCHISTAN","KALAT","AWARAN","GISHKORE","TEHSIL","URBAN",NA,NA,NA,NA,NA,NA,NA,NA,NA,NA
"BALOCHISTAN","KALAT","AWARAN","JHAL JAO","TEHSIL","OVERALL",3990,18,2984,988,27,2,3846,115,3191,132
"BALOCHISTAN","KALAT","AWARAN","JHAL JAO","TEHSIL","RURAL",3990,18,2984,988,27,2,3846,115,3191,132
"BALOCHISTAN","KALAT","AWARAN","JHAL JAO","TEHSIL","URBAN",NA,NA,NA,NA,NA,NA,NA,NA,NA,NA
"BALOCHISTAN","KALAT","AWARAN","KORAK JHAO","TEHSIL","OVERALL",4256,47,2908,1301,33,2,4145,76,4150,92
"BALOCHISTAN","KALAT","AWARAN","KORAK JHAO","TEHSIL","RURAL",4256,47,2908,1301,33,2,4145,76,4150,92
"BALOCHISTAN","KALAT","AWARAN","KORAK JHAO","TEHSIL","URBAN",NA,NA,NA,NA,NA,NA,NA,NA,NA,NA
"BALOCHISTAN","KALAT","AWARAN","MASHKAI","TEHSIL","OVERALL",6888,285,4472,2131,37,46,6504,301,5738,567
"BALOCHISTAN","KALAT","AWARAN","MASHKAI","TEHSIL","RURAL",4441,47,2753,1641,25,43,4152,221,3437,428
"BALOCHISTAN","KALAT","AWARAN","MASHKAI","TEHSIL","URBAN",2447,238,1719,490,12,3,2352,80,2301,139
"BALOCHISTAN","LORALAI","BARKHAN","BARKHAN","TEHSIL","OVERALL",23053,10589,9016,3448,97,54,21584,1318,6493,9883
"BALOCHISTAN","LORALAI","BARKHAN","BARKHAN","TEHSIL","RURAL",21582,9145,9001,3436,94,26,20154,1308,5568,9827
"BALOCHISTAN","LORALAI","BARKHAN","BARKHAN","TEHSIL","URBAN",1471,1444,15,12,3,28,1430,10,925,56
"BALOCHISTAN","RAKHSHAN","CHAGAI","CHAGAI","TEHSIL","OVERALL",11064,1984,8139,941,91,1114,9179,680,7043,1018
"BALOCHISTAN","RAKHSHAN","CHAGAI","CHAGAI","TEHSIL","RURAL",11064,1984,8139,941,91,1114,9179,680,7043,1018
"BALOCHISTAN","RAKHSHAN","CHAGAI","CHAGAI","TEHSIL","URBAN",NA,NA,NA,NA,NA,NA,NA,NA,NA,NA
"BALOCHISTAN","RAKHSHAN","CHAGAI","DALBANDIN","SUB-DIVISION","OVERALL",17642,6460,8520,2662,361,3848,12455,978,12202,2996
"BALOCHISTAN","RAKHSHAN","CHAGAI","DALBANDIN","SUB-DIVISION","RURAL",15069,3964,8490,2615,349,2504,11550,666,10337,2893
"BALOCHISTAN","RAKHSHAN","CHAGAI","DALBANDIN","SUB-DIVISION","URBAN",2573,2496,30,47,12,1344,905,312,1865,103
"BALOCHISTAN","RAKHSHAN","CHAGAI","NOKUNDI","TEHSIL","OVERALL",3141,1768,1126,247,18,1605,1488,30,2266,95
"BALOCHISTAN","RAKHSHAN","CHAGAI","NOKUNDI","TEHSIL","RURAL",3141,1768,1126,247,18,1605,1488,30,2266,95
"BALOCHISTAN","RAKHSHAN","CHAGAI","NOKUNDI","TEHSIL","URBAN",NA,NA,NA,NA,NA,NA,NA,NA,NA,NA
"BALOCHISTAN","RAKHSHAN","CHAGAI","TAFTAN","SUB-DIVISION","OVERALL",2694,2514,166,14,5,1253,1287,149,2301,212
"BALOCHISTAN","RAKHSHAN","CHAGAI","TAFTAN","SUB-DIVISION","RURAL",2694,2514,166,14,5,1253,1287,149,2301,212
"BALOCHISTAN","RAKHSHAN","CHAGAI","TAFTAN","SUB-DIVISION","URBAN",NA,NA,NA,NA,NA,NA,NA,NA,NA,NA
"BALOCHISTAN","RAKHSHAN","CHAGAI","YAK MACHH","SUB-TEHSIL","OVERALL",3672,741,2391,540,27,86,3551,8,2644,623
"BALOCHISTAN","RAKHSHAN","CHAGAI","YAK MACHH","SUB-TEHSIL","RURAL",3672,741,2391,540,27,86,3551,8,2644,623
"BALOCHISTAN","RAKHSHAN","CHAGAI","YAK MACHH","SUB-TEHSIL","URBAN",NA,NA,NA,NA,NA,NA,NA,NA,NA,NA
NA,NA,"CHAMAN","CHAMAN CITY","SUB-DIVISION","OVERALL",19105,16715,943,1447,1496,3732,11196,2681,10426,533
NA,NA,"CHAMAN","CHAMAN CITY","SUB-DIVISION","RURAL",NA,NA,NA,NA,NA,NA,NA,NA,NA,NA
NA,NA,"CHAMAN","CHAMAN CITY","SUB-DIVISION","URBAN",19105,16715,943,1447,1496,3732,11196,2681,10426,533
"BALOCHISTAN","QUETTA","CHAMAN","CHAMAN SADDAR","SUB-DIVISION","OVERALL",42810,24835,11997,5978,1149,5120,30149,6392,22242,1415
"BALOCHISTAN","QUETTA","CHAMAN","CHAMAN SADDAR","SUB-DIVISION","RURAL",42810,24835,11997,5978,1149,5120,30149,6392,22242,1415
"BALOCHISTAN","QUETTA","CHAMAN","CHAMAN SADDAR","SUB-DIVISION","URBAN",NA,NA,NA,NA,NA,NA,NA,NA,NA,NA
"BALOCHISTAN","SIBI","DERA BUGTI","BAIKER","SUB-TEHSIL","OVERALL",4831,85,609,4137,12,7,4767,45,844,2655
"BALOCHISTAN","SIBI","DERA BUGTI","BAIKER","SUB-TEHSIL","RURAL",4831,85,609,4137,12,7,4767,45,844,2655
"BALOCHISTAN","SIBI","DERA BUGTI","BAIKER","SUB-TEHSIL","URBAN",NA,NA,NA,NA,NA,NA,NA,NA,NA,NA
"BALOCHISTAN","SIBI","DERA BUGTI","DERA BUGTI","SUB-DIVISION","OVERALL",9607,6131,847,2629,2905,14,6153,535,3002,4768
"BALOCHISTAN","SIBI","DERA BUGTI","DERA BUGTI","SUB-DIVISION","RURAL",4178,1185,803,2190,63,12,3615,488,1193,2547
"BALOCHISTAN","SIBI","DERA BUGTI","DERA BUGTI","SUB-DIVISION","URBAN",5429,4946,44,439,2842,2,2538,47,1809,2221
"BALOCHISTAN","SIBI","DERA BUGTI","LOTI","SUB-TEHSIL","OVERALL",4565,27,303,4235,9,NA,3582,974,465,3960
"BALOCHISTAN","SIBI","DERA BUGTI","LOTI","SUB-TEHSIL","RURAL",4565,27,303,4235,9,NA,3582,974,465,3960
"BALOCHISTAN","SIBI","DERA BUGTI","LOTI","SUB-TEHSIL","URBAN",NA,NA,NA,NA,NA,NA,NA,NA,NA,NA
"BALOCHISTAN","SIBI","DERA BUGTI","MALAM","SUB-TEHSIL","OVERALL",4435,16,1506,2913,18,NA,4045,372,2143,974
"BALOCHISTAN","SIBI","DERA BUGTI","MALAM","SUB-TEHSIL","RURAL",4435,16,1506,2913,18,NA,4045,372,2143,974
"BALOCHISTAN","SIBI","DERA BUGTI","MALAM","SUB-TEHSIL","URBAN",NA,NA,NA,NA,NA,NA,NA,NA,NA,NA
"BALOCHISTAN","SIBI","DERA BUGTI","PIR KOH","SUB-TEHSIL","OVERALL",8519,245,1145,7129,1253,2,6571,693,1933,4783
"BALOCHISTAN","SIBI","DERA BUGTI","PIR KOH","SUB-TEHSIL","RURAL",8519,245,1145,7129,1253,2,6571,693,1933,4783
"BALOCHISTAN","SIBI","DERA BUGTI","PIR KOH","SUB-TEHSIL","URBAN",NA,NA,NA,NA,NA,NA,NA,NA,NA,NA
"BALOCHISTAN","SIBI","DERA BUGTI","QADIRABAD","SUB-DIVISION","OVERALL",3848,13,1300,2535,12,NA,3179,657,1725,1031
"BALOCHISTAN","SIBI","DERA BUGTI","QADIRABAD","SUB-DIVISION","RURAL",3848,13,1300,2535,12,NA,3179,657,1725,1031
"BALOCHISTAN","SIBI","DERA BUGTI","QADIRABAD","SUB-DIVISION","URBAN",NA,NA,NA,NA,NA,NA,NA,NA,NA,NA
"BALOCHISTAN","SIBI","DERA BUGTI","SANGSILLAH","SUB-TEHSIL","OVERALL",2494,376,105,2013,354,2,1980,158,251,1217
"BALOCHISTAN","SIBI","DERA BUGTI","SANGSILLAH","SUB-TEHSIL","RURAL",2494,376,105,2013,354,2,1980,158,251,1217
"BALOCHISTAN","SIBI","DERA BUGTI","SANGSILLAH","SUB-TEHSIL","URBAN",NA,NA,NA,NA,NA,NA,NA,NA,NA,NA
"BALOCHISTAN","SIBI","DERA BUGTI","SUI","SUB-DIVISION","OVERALL",23968,14463,2410,7095,10229,33,11398,2308,6202,9376
"BALOCHISTAN","SIBI","DERA BUGTI","SUI","SUB-DIVISION","RURAL",9569,1114,2223,6232,208,17,7242,2102,702,7707
"BALOCHISTAN","SIBI","DERA BUGTI","SUI","SUB-DIVISION","URBAN",14399,13349,187,863,10021,16,4156,206,5500,1669
"BALOCHISTAN","LORALAI","DUKI","DUKI","SUB-DIVISION","OVERALL",26606,18557,5518,2531,187,64,24583,1772,11099,2411
"BALOCHISTAN","LORALAI","DUKI","DUKI","SUB-DIVISION","RURAL",23613,15924,5220,2469,135,36,21713,1729,9134,2100
"BALOCHISTAN","LORALAI","DUKI","DUKI","SUB-DIVISION","URBAN",2993,2633,298,62,52,28,2870,43,1965,311
"BALOCHISTAN","LORALAI","DUKI","LUNI","SUB-DIVISION","OVERALL",2907,334,2096,477,68,4,2566,269,1484,515
"BALOCHISTAN","LORALAI","DUKI","LUNI","SUB-DIVISION","RURAL",2907,334,2096,477,68,4,2566,269,1484,515
"BALOCHISTAN","LORALAI","DUKI","LUNI","SUB-DIVISION","URBAN",NA,NA,NA,NA,NA,NA,NA,NA,NA,NA
"BALOCHISTAN","LORALAI","DUKI","TALAO","SUB-TEHSIL","OVERALL",5256,235,4511,510,20,24,5046,166,2940,1017
"BALOCHISTAN","LORALAI","DUKI","TALAO","SUB-TEHSIL","RURAL",5256,235,4511,510,20,24,5046,166,2940,1017
"BALOCHISTAN","LORALAI","DUKI","TALAO","SUB-TEHSIL","URBAN",NA,NA,NA,NA,NA,NA,NA,NA,NA,NA
"BALOCHISTAN","LORALAI","DUKI","THAL CHUTYALI","SUB-DIVISION","OVERALL",8290,5444,1912,934,79,13,7991,207,3016,1421
"BALOCHISTAN","LORALAI","DUKI","THAL CHUTYALI","SUB-DIVISION","RURAL",8290,5444,1912,934,79,13,7991,207,3016,1421
"BALOCHISTAN","LORALAI","DUKI","THAL CHUTYALI","SUB-DIVISION","URBAN",NA,NA,NA,NA,NA,NA,NA,NA,NA,NA
"BALOCHISTAN","MEKRAN","GWADAR","GWADAR","SUB-DIVISION","OVERALL",24533,22571,778,1184,2785,3075,18441,232,15930,317
"BALOCHISTAN","MEKRAN","GWADAR","GWADAR","SUB-DIVISION","RURAL",10503,9424,545,534,218,520,9650,115,7088,146
"BALOCHISTAN","MEKRAN","GWADAR","GWADAR","SUB-DIVISION","URBAN",14030,13147,233,650,2567,2555,8791,117,8842,171
"BALOCHISTAN","MEKRAN","GWADAR","JIWANI","TEHSIL","OVERALL",4420,3996,360,64,21,390,3994,15,3137,54
"BALOCHISTAN","MEKRAN","GWADAR","JIWANI","TEHSIL","RURAL",1586,1257,281,48,4,360,1217,5,889,10
"BALOCHISTAN","MEKRAN","GWADAR","JIWANI","TEHSIL","URBAN",2834,2739,79,16,17,30,2777,10,2248,44
"BALOCHISTAN","MEKRAN","GWADAR","ORMARA","TEHSIL","OVERALL",5415,3665,789,961,50,901,4303,161,3396,560
"BALOCHISTAN","MEKRAN","GWADAR","ORMARA","TEHSIL","RURAL",1789,94,739,956,11,2,1640,136,1238,533
"BALOCHISTAN","MEKRAN","GWADAR","ORMARA","TEHSIL","URBAN",3626,3571,50,5,39,899,2663,25,2158,27
"BALOCHISTAN","MEKRAN","GWADAR","PASNI","SUB-DIVISION","OVERALL",13708,9685,2295,1728,51,635,12639,383,8975,333
"BALOCHISTAN","MEKRAN","GWADAR","PASNI","SUB-DIVISION","RURAL",6380,2458,2244,1678,8,1,6027,344,5446,241
"BALOCHISTAN","MEKRAN","GWADAR","PASNI","SUB-DIVISION","URBAN",7328,7227,51,50,43,634,6612,39,3529,92
"BALOCHISTAN","MEKRAN","GWADAR","SUNTSER","SUB-TEHSIL","OVERALL",2281,429,1573,279,25,14,2211,31,2038,18
"BALOCHISTAN","MEKRAN","GWADAR","SUNTSER","SUB-TEHSIL","RURAL",2281,429,1573,279,25,14,2211,31,2038,18
"BALOCHISTAN","MEKRAN","GWADAR","SUNTSER","SUB-TEHSIL","URBAN",NA,NA,NA,NA,NA,NA,NA,NA,NA,NA
"BALOCHISTAN","SIBI","HARNAI","HARNAI","SUB-DIVISION","OVERALL",10170,7023,1339,1808,45,105,9357,663,2813,3715
"BALOCHISTAN","SIBI","HARNAI","HARNAI","SUB-DIVISION","RURAL",8051,4909,1335,1807,36,23,7334,658,2099,3640
"BALOCHISTAN","SIBI","HARNAI","HARNAI","SUB-DIVISION","URBAN",2119,2114,4,1,9,82,2023,5,714,75
"BALOCHISTAN","SIBI","HARNAI","KHOAST","SUB-DIVISION","OVERALL",2212,1496,583,133,17,2,2124,69,1127,197
"BALOCHISTAN","SIBI","HARNAI","KHOAST","SUB-DIVISION","RURAL",2212,1496,583,133,17,2,2124,69,1127,197
"BALOCHISTAN","SIBI","HARNAI","KHOAST","SUB-DIVISION","URBAN",NA,NA,NA,NA,NA,NA,NA,NA,NA,NA
"BALOCHISTAN","SIBI","HARNAI","SHAHRIG","TEHSIL","OVERALL",4011,3027,425,559,43,20,3497,451,1897,694
"BALOCHISTAN","SIBI","HARNAI","SHAHRIG","TEHSIL","RURAL",1628,1091,105,432,13,2,1284,329,385,563
"BALOCHISTAN","SIBI","HARNAI","SHAHRIG","TEHSIL","URBAN",2383,1936,320,127,30,18,2213,122,1512,131
"BALOCHISTAN","NASIRABAD","JAFFARABAD","GANDAKHA","TEHSIL","OVERALL",14259,10571,1651,2037,37,62,9385,4775,4027,8660
"BALOCHISTAN","NASIRABAD","JAFFARABAD","GANDAKHA","TEHSIL","RURAL",14259,10571,1651,2037,37,62,9385,4775,4027,8660
"BALOCHISTAN","NASIRABAD","JAFFARABAD","GANDAKHA","TEHSIL","URBAN",NA,NA,NA,NA,NA,NA,NA,NA,NA,NA
"BALOCHISTAN","NASIRABAD","JAFFARABAD","JHAT PAT","SUB-DIVISION","OVERALL",37693,28734,3695,5264,6789,39,21439,9426,11723,16605
"BALOCHISTAN","NASIRABAD","JAFFARABAD","JHAT PAT","SUB-DIVISION","RURAL",26891,20479,2426,3986,1048,19,18240,7584,7685,13294
"BALOCHISTAN","NASIRABAD","JAFFARABAD","JHAT PAT","SUB-DIVISION","URBAN",10802,8255,1269,1278,5741,20,3199,1842,4038,3311
"BALOCHISTAN","NASIRABAD","JAFFARABAD","USTA MUHAMMAD","SUB-DIVISION","OVERALL",29610,21527,2427,5656,4390,197,12359,12664,6721,17467
"BALOCHISTAN","NASIRABAD","JAFFARABAD","USTA MUHAMMAD","SUB-DIVISION","RURAL",21613,14182,2193,5238,1177,103,9152,11181,3507,14800
"BALOCHISTAN","NASIRABAD","JAFFARABAD","USTA MUHAMMAD","SUB-DIVISION","URBAN",7997,7345,234,418,3213,94,3207,1483,3214,2667
"BALOCHISTAN","NASIRABAD","JHAL MAGSI","GANDAWA","TEHSIL","OVERALL",11109,5387,4114,1608,54,24,10389,642,3951,4852
"BALOCHISTAN","NASIRABAD","JHAL MAGSI","GANDAWA","TEHSIL","RURAL",7413,2303,3757,1353,35,7,6768,603,1959,4386
"BALOCHISTAN","NASIRABAD","JHAL MAGSI","GANDAWA","TEHSIL","URBAN",3696,3084,357,255,19,17,3621,39,1992,466
"BALOCHISTAN","NASIRABAD","JHAL MAGSI","JHAL MAGSI","TEHSIL","OVERALL",17155,8480,4550,4125,145,19,14983,2008,7192,7879
"BALOCHISTAN","NASIRABAD","JHAL MAGSI","JHAL MAGSI","TEHSIL","RURAL",17155,8480,4550,4125,145,19,14983,2008,7192,7879
"BALOCHISTAN","NASIRABAD","JHAL MAGSI","JHAL MAGSI","TEHSIL","URBAN",NA,NA,NA,NA,NA,NA,NA,NA,NA,NA
"BALOCHISTAN","NASIRABAD","JHAL MAGSI","MIRPUR","SUB-TEHSIL","OVERALL",2689,50,1270,1369,5,1,2025,658,726,1663
"BALOCHISTAN","NASIRABAD","JHAL MAGSI","MIRPUR","SUB-TEHSIL","RURAL",2689,50,1270,1369,5,1,2025,658,726,1663
"BALOCHISTAN","NASIRABAD","JHAL MAGSI","MIRPUR","SUB-TEHSIL","URBAN",NA,NA,NA,NA,NA,NA,NA,NA,NA,NA
"BALOCHISTAN","NASIRABAD","KACHHI","BALANARI","SUB-TEHSIL","OVERALL",6523,5833,357,333,119,29,6183,192,4234,447
"BALOCHISTAN","NASIRABAD","KACHHI","BALANARI","SUB-TEHSIL","RURAL",6523,5833,357,333,119,29,6183,192,4234,447
"BALOCHISTAN","NASIRABAD","KACHHI","BALANARI","SUB-TEHSIL","URBAN",NA,NA,NA,NA,NA,NA,NA,NA,NA,NA
"BALOCHISTAN","NASIRABAD","KACHHI","BHAG","SUB-DIVISION","OVERALL",16312,11946,1591,2775,2165,7,12207,1933,6631,3758
"BALOCHISTAN","NASIRABAD","KACHHI","BHAG","SUB-DIVISION","RURAL",12865,8559,1579,2727,472,4,10661,1728,5353,3617
"BALOCHISTAN","NASIRABAD","KACHHI","BHAG","SUB-DIVISION","URBAN",3447,3387,12,48,1693,3,1546,205,1278,141
"BALOCHISTAN","NASIRABAD","KACHHI","DHADAR","SUB-DIVISION","OVERALL",7176,6464,496,216,1450,50,5571,105,2793,2111
"BALOCHISTAN","NASIRABAD","KACHHI","DHADAR","SUB-DIVISION","RURAL",4361,3684,483,194,131,NA,4128,102,1671,1425
"BALOCHISTAN","NASIRABAD","KACHHI","DHADAR","SUB-DIVISION","URBAN",2815,2780,13,22,1319,50,1443,3,1122,686
"BALOCHISTAN","NASIRABAD","KACHHI","KHATTAN","SUB-TEHSIL","OVERALL",2723,1879,483,361,8,NA,2311,404,898,441
"BALOCHISTAN","NASIRABAD","KACHHI","KHATTAN","SUB-TEHSIL","RURAL",2723,1879,483,361,8,NA,2311,404,898,441
"BALOCHISTAN","NASIRABAD","KACHHI","KHATTAN","SUB-TEHSIL","URBAN",NA,NA,NA,NA,NA,NA,NA,NA,NA,NA
"BALOCHISTAN","NASIRABAD","KACHHI","MACH","SUB-DIVISION","OVERALL",5699,4873,359,467,3004,9,2559,127,3071,481
"BALOCHISTAN","NASIRABAD","KACHHI","MACH","SUB-DIVISION","RURAL",3379,2644,316,419,1096,7,2180,96,1264,463
"BALOCHISTAN","NASIRABAD","KACHHI","MACH","SUB-DIVISION","URBAN",2320,2229,43,48,1908,2,379,31,1807,18
"BALOCHISTAN","NASIRABAD","KACHHI","SANNI","SUB-DIVISION","OVERALL",11599,7755,2307,1537,163,3,10489,944,3421,1723
"BALOCHISTAN","NASIRABAD","KACHHI","SANNI","SUB-DIVISION","RURAL",11599,7755,2307,1537,163,3,10489,944,3421,1723
"BALOCHISTAN","NASIRABAD","KACHHI","SANNI","SUB-DIVISION","URBAN",NA,NA,NA,NA,NA,NA,NA,NA,NA,NA
"BALOCHISTAN","KALAT","KALAT","GAZG","SUB-TEHSIL","OVERALL",1274,45,570,659,3,NA,1096,175,599,599
"BALOCHISTAN","KALAT","KALAT","GAZG","SUB-TEHSIL","RURAL",1274,45,570,659,3,NA,1096,175,599,599
"BALOCHISTAN","KALAT","KALAT","GAZG","SUB-TEHSIL","URBAN",NA,NA,NA,NA,NA,NA,NA,NA,NA,NA
"BALOCHISTAN","KALAT","KALAT","JOHAN","SUB-TEHSIL","OVERALL",2486,368,1515,603,11,NA,2254,221,1352,924
"BALOCHISTAN","KALAT","KALAT","JOHAN","SUB-TEHSIL","RURAL",2486,368,1515,603,11,NA,2254,221,1352,924
"BALOCHISTAN","KALAT","KALAT","JOHAN","SUB-TEHSIL","URBAN",NA,NA,NA,NA,NA,NA,NA,NA,NA,NA
"BALOCHISTAN","KALAT","KALAT","KALAT","SUB-DIVISION","OVERALL",20124,9647,5950,4527,188,598,18328,1010,10291,3722
"BALOCHISTAN","KALAT","KALAT","KALAT","SUB-DIVISION","RURAL",14926,4545,5903,4478,161,45,13762,958,7072,3648
"BALOCHISTAN","KALAT","KALAT","KALAT","SUB-DIVISION","URBAN",5198,5102,47,49,27,553,4566,52,3219,74
"BALOCHISTAN","KALAT","KALAT","MANGOCHAR","SUB-DIVISION","OVERALL",9217,3861,4283,1073,156,25,8490,546,4408,1319
"BALOCHISTAN","KALAT","KALAT","MANGOCHAR","SUB-DIVISION","RURAL",9217,3861,4283,1073,156,25,8490,546,4408,1319
"BALOCHISTAN","KALAT","KALAT","MANGOCHAR","SUB-DIVISION","URBAN",NA,NA,NA,NA,NA,NA,NA,NA,NA,NA
"BALOCHISTAN","MEKRAN","KECH","BALNIGORE","SUB-TEHSIL","OVERALL",14389,170,9574,4645,97,253,13357,682,11931,404
"BALOCHISTAN","MEKRAN","KECH","BALNIGORE","SUB-TEHSIL","RURAL",14389,170,9574,4645,97,253,13357,682,11931,404
"BALOCHISTAN","MEKRAN","KECH","BALNIGORE","SUB-TEHSIL","URBAN",NA,NA,NA,NA,NA,NA,NA,NA,NA,NA
"BALOCHISTAN","MEKRAN","KECH","BULAIDA","SUB-DIVISION","OVERALL",24326,14590,3963,5773,157,618,20272,3279,9511,2663
"BALOCHISTAN","MEKRAN","KECH","BULAIDA","SUB-DIVISION","RURAL",9038,3737,2000,3301,95,576,6781,1586,2939,1849
"BALOCHISTAN","MEKRAN","KECH","BULAIDA","SUB-DIVISION","URBAN",15288,10853,1963,2472,62,42,13491,1693,6572,814
"BALOCHISTAN","MEKRAN","KECH","DASHT","SUB-DIVISION","OVERALL",21083,393,12535,8155,160,1,20274,648,16178,1123
"BALOCHISTAN","MEKRAN","KECH","DASHT","SUB-DIVISION","RURAL",21083,393,12535,8155,160,1,20274,648,16178,1123
"BALOCHISTAN","MEKRAN","KECH","DASHT","SUB-DIVISION","URBAN",NA,NA,NA,NA,NA,NA,NA,NA,NA,NA
"BALOCHISTAN","MEKRAN","KECH","HOSHAB","SUB-TEHSIL","OVERALL",16755,6488,4698,5569,60,25,15916,754,11054,1003
"BALOCHISTAN","MEKRAN","KECH","HOSHAB","SUB-TEHSIL","RURAL",16755,6488,4698,5569,60,25,15916,754,11054,1003
"BALOCHISTAN","MEKRAN","KECH","HOSHAB","SUB-TEHSIL","URBAN",NA,NA,NA,NA,NA,NA,NA,NA,NA,NA
"BALOCHISTAN","MEKRAN","KECH","MAND","TEHSIL","OVERALL",16348,15872,163,313,55,2355,13631,307,10284,316
"BALOCHISTAN","MEKRAN","KECH","MAND","TEHSIL","RURAL",16348,15872,163,313,55,2355,13631,307,10284,316
"BALOCHISTAN","MEKRAN","KECH","MAND","TEHSIL","URBAN",NA,NA,NA,NA,NA,NA,NA,NA,NA,NA
"BALOCHISTAN","MEKRAN","KECH","TUMP","SUB-DIVISION","OVERALL",38839,28477,1030,9332,206,4730,30919,2984,22676,4183
"BALOCHISTAN","MEKRAN","KECH","TUMP","SUB-DIVISION","RURAL",23040,14057,842,8141,117,629,20853,1441,13251,2709
"BALOCHISTAN","MEKRAN","KECH","TUMP","SUB-DIVISION","URBAN",15799,14420,188,1191,89,4101,10066,1543,9425,1474
"BALOCHISTAN","MEKRAN","KECH","TURBAT","SUB-DIVISION","OVERALL",100774,88161,5451,7162,1194,7887,87327,4366,55473,4019
"BALOCHISTAN","MEKRAN","KECH","TURBAT","SUB-DIVISION","RURAL",42826,34201,4091,4534,291,237,41357,941,24724,2472
"BALOCHISTAN","MEKRAN","KECH","TURBAT","SUB-DIVISION","URBAN",57948,53960,1360,2628,903,7650,45970,3425,30749,1547
"BALOCHISTAN","MEKRAN","KECH","ZAMORAN","SUB-TEHSIL","OVERALL",20961,398,8511,12052,128,7,18329,2497,5205,6234
"BALOCHISTAN","MEKRAN","KECH","ZAMORAN","SUB-TEHSIL","RURAL",20961,398,8511,12052,128,7,18329,2497,5205,6234
"BALOCHISTAN","MEKRAN","KECH","ZAMORAN","SUB-TEHSIL","URBAN",NA,NA,NA,NA,NA,NA,NA,NA,NA,NA
"BALOCHISTAN","RAKHSHAN","KHARAN","KHARAN","SUB-DIVISION","OVERALL",14023,12248,966,809,65,316,13224,418,8896,383
"BALOCHISTAN","RAKHSHAN","KHARAN","KHARAN","SUB-DIVISION","RURAL",3003,1707,723,573,10,NA,2877,116,2196,230
"BALOCHISTAN","RAKHSHAN","KHARAN","KHARAN","SUB-DIVISION","URBAN",11020,10541,243,236,55,316,10347,302,6700,153
"BALOCHISTAN","RAKHSHAN","KHARAN","PATKAIN","SUB-TEHSIL","OVERALL",3598,1240,1688,670,9,10,3568,11,2314,205
"BALOCHISTAN","RAKHSHAN","KHARAN","PATKAIN","SUB-TEHSIL","RURAL",3598,1240,1688,670,9,10,3568,11,2314,205
"BALOCHISTAN","RAKHSHAN","KHARAN","PATKAIN","SUB-TEHSIL","URBAN",NA,NA,NA,NA,NA,NA,NA,NA,NA,NA
"BALOCHISTAN","RAKHSHAN","KHARAN","SAR KHARAN","SUB-DIVISION","OVERALL",11432,6638,2900,1894,79,26,10395,932,7429,853
"BALOCHISTAN","RAKHSHAN","KHARAN","SAR KHARAN","SUB-DIVISION","RURAL",11432,6638,2900,1894,79,26,10395,932,7429,853
"BALOCHISTAN","RAKHSHAN","KHARAN","SAR KHARAN","SUB-DIVISION","URBAN",NA,NA,NA,NA,NA,NA,NA,NA,NA,NA
"BALOCHISTAN","RAKHSHAN","KHARAN","TOHMULK","SUB-TEHSIL","OVERALL",6790,1254,3032,2504,30,18,6096,646,4986,1198
"BALOCHISTAN","RAKHSHAN","KHARAN","TOHMULK","SUB-TEHSIL","RURAL",6790,1254,3032,2504,30,18,6096,646,4986,1198
"BALOCHISTAN","RAKHSHAN","KHARAN","TOHMULK","SUB-TEHSIL","URBAN",NA,NA,NA,NA,NA,NA,NA,NA,NA,NA
"BALOCHISTAN","KALAT","KHUZDAR","ARANJI","SUB-TEHSIL","OVERALL",10012,676,5128,4208,47,NA,9352,613,5773,2607
"BALOCHISTAN","KALAT","KHUZDAR","ARANJI","SUB-TEHSIL","RURAL",10012,676,5128,4208,47,NA,9352,613,5773,2607
"BALOCHISTAN","KALAT","KHUZDAR","ARANJI","SUB-TEHSIL","URBAN",NA,NA,NA,NA,NA,NA,NA,NA,NA,NA
"BALOCHISTAN","KALAT","KHUZDAR","GRESHA","SUB-TEHSIL","OVERALL",9920,202,6236,3482,48,70,8537,1265,6481,835
"BALOCHISTAN","KALAT","KHUZDAR","GRESHA","SUB-TEHSIL","RURAL",9920,202,6236,3482,48,70,8537,1265,6481,835
"BALOCHISTAN","KALAT","KHUZDAR","GRESHA","SUB-TEHSIL","URBAN",NA,NA,NA,NA,NA,NA,NA,NA,NA,NA
"BALOCHISTAN","KALAT","KHUZDAR","KARAKH","SUB-DIVISION","OVERALL",6723,2196,2512,2015,55,6,6096,566,4404,1115
"BALOCHISTAN","KALAT","KHUZDAR","KARAKH","SUB-DIVISION","RURAL",6723,2196,2512,2015,55,6,6096,566,4404,1115
"BALOCHISTAN","KALAT","KHUZDAR","KARAKH","SUB-DIVISION","URBAN",NA,NA,NA,NA,NA,NA,NA,NA,NA,NA
"BALOCHISTAN","KALAT","KHUZDAR","KHUZDAR","SUB-DIVISION","OVERALL",54451,26892,20062,7497,687,3333,41736,8695,36449,3377
"BALOCHISTAN","KALAT","KHUZDAR","KHUZDAR","SUB-DIVISION","RURAL",23672,2875,16339,4458,229,107,19099,4237,17281,1974
"BALOCHISTAN","KALAT","KHUZDAR","KHUZDAR","SUB-DIVISION","URBAN",30779,24017,3723,3039,458,3226,22637,4458,19168,1403
"BALOCHISTAN","KALAT","KHUZDAR","MOOLA","SUB-TEHSIL","OVERALL",4086,31,3358,697,18,3,3787,278,2004,635
"BALOCHISTAN","KALAT","KHUZDAR","MOOLA","SUB-TEHSIL","RURAL",4086,31,3358,697,18,3,3787,278,2004,635
"BALOCHISTAN","KALAT","KHUZDAR","MOOLA","SUB-TEHSIL","URBAN",NA,NA,NA,NA,NA,NA,NA,NA,NA,NA
"BALOCHISTAN","KALAT","KHUZDAR","NAL","SUB-DIVISION","OVERALL",15283,7407,5890,1986,76,57,14233,917,11846,885
"BALOCHISTAN","KALAT","KHUZDAR","NAL","SUB-DIVISION","RURAL",9116,2119,5360,1637,60,19,8443,594,7351,806
"BALOCHISTAN","KALAT","KHUZDAR","NAL","SUB-DIVISION","URBAN",6167,5288,530,349,16,38,5790,323,4495,79
"BALOCHISTAN","KALAT","KHUZDAR","ORNACH","SUB-DIVISION","OVERALL",13078,47,6410,6621,84,9,12019,966,9298,3601
"BALOCHISTAN","KALAT","KHUZDAR","ORNACH","SUB-DIVISION","RURAL",13078,47,6410,6621,84,9,12019,966,9298,3601
"BALOCHISTAN","KALAT","KHUZDAR","ORNACH","SUB-DIVISION","URBAN",NA,NA,NA,NA,NA,NA,NA,NA,NA,NA
"BALOCHISTAN","KALAT","KHUZDAR","SAROONA","SUB-TEHSIL","OVERALL",6480,7,4759,1714,22,60,6004,394,4525,1746
"BALOCHISTAN","KALAT","KHUZDAR","SAROONA","SUB-TEHSIL","RURAL",6480,7,4759,1714,22,60,6004,394,4525,1746
"BALOCHISTAN","KALAT","KHUZDAR","SAROONA","SUB-TEHSIL","URBAN",NA,NA,NA,NA,NA,NA,NA,NA,NA,NA
"BALOCHISTAN","KALAT","KHUZDAR","WADH","SUB-DIVISION","OVERALL",21772,7136,11320,3316,173,232,20477,890,17728,1807
"BALOCHISTAN","KALAT","KHUZDAR","WADH","SUB-DIVISION","RURAL",16775,3143,10515,3117,112,28,15912,723,14057,1518
"BALOCHISTAN","KALAT","KHUZDAR","WADH","SUB-DIVISION","URBAN",4997,3993,805,199,61,204,4565,167,3671,289
"BALOCHISTAN","KALAT","KHUZDAR","ZEHRI","SUB-DIVISION","OVERALL",19645,13577,3642,2426,98,274,16897,2376,9372,1045
"BALOCHISTAN","KALAT","KHUZDAR","ZEHRI","SUB-DIVISION","RURAL",11984,6962,3387,1635,54,66,10451,1413,4957,921
"BALOCHISTAN","KALAT","KHUZDAR","ZEHRI","SUB-DIVISION","URBAN",7661,6615,255,791,44,208,6446,963,4415,124
"BALOCHISTAN","QUETTA","KILLA ABDULLAH","DOBANDI","SUB-TEHSIL","OVERALL",12995,65,8774,4156,155,33,11266,1541,5766,1585
"BALOCHISTAN","QUETTA","KILLA ABDULLAH","DOBANDI","SUB-TEHSIL","RURAL",12995,65,8774,4156,155,33,11266,1541,5766,1585
"BALOCHISTAN","QUETTA","KILLA ABDULLAH","DOBANDI","SUB-TEHSIL","URBAN",NA,NA,NA,NA,NA,NA,NA,NA,NA,NA
"BALOCHISTAN","QUETTA","KILLA ABDULLAH","GULISTAN","SUB-DIVISION","OVERALL",23751,8710,13041,2000,293,762,19786,2910,13083,705
"BALOCHISTAN","QUETTA","KILLA ABDULLAH","GULISTAN","SUB-DIVISION","RURAL",23751,8710,13041,2000,293,762,19786,2910,13083,705
"BALOCHISTAN","QUETTA","KILLA ABDULLAH","GULISTAN","SUB-DIVISION","URBAN",NA,NA,NA,NA,NA,NA,NA,NA,NA,NA
"BALOCHISTAN","QUETTA","KILLA ABDULLAH","KILLA ABDULLAH","SUB-DIVISION","OVERALL",30543,9042,18835,2666,933,981,25676,2953,15983,734
"BALOCHISTAN","QUETTA","KILLA ABDULLAH","KILLA ABDULLAH","SUB-DIVISION","RURAL",24167,7257,14760,2150,264,818,20601,2484,12572,621
"BALOCHISTAN","QUETTA","KILLA ABDULLAH","KILLA ABDULLAH","SUB-DIVISION","URBAN",6376,1785,4075,516,669,163,5075,469,3411,113
"BALOCHISTAN","ZHOB","KILLA SAIFULLAH","BADINI","SUB-TEHSIL","OVERALL",2769,12,2285,472,11,NA,2691,67,925,675
"BALOCHISTAN","ZHOB","KILLA SAIFULLAH","BADINI","SUB-TEHSIL","RURAL",2769,12,2285,472,11,NA,2691,67,925,675
"BALOCHISTAN","ZHOB","KILLA SAIFULLAH","BADINI","SUB-TEHSIL","URBAN",NA,NA,NA,NA,NA,NA,NA,NA,NA,NA
"BALOCHISTAN","ZHOB","KILLA SAIFULLAH","KAN MEHTARZAI","SUB-TEHSIL","OVERALL",7348,2442,4133,773,59,21,7130,138,3727,832
"BALOCHISTAN","ZHOB","KILLA SAIFULLAH","KAN MEHTARZAI","SUB-TEHSIL","RURAL",7348,2442,4133,773,59,21,7130,138,3727,832
"BALOCHISTAN","ZHOB","KILLA SAIFULLAH","KAN MEHTARZAI","SUB-TEHSIL","URBAN",NA,NA,NA,NA,NA,NA,NA,NA,NA,NA
"BALOCHISTAN","ZHOB","KILLA SAIFULLAH","KILLA SAIFULLAH","SUB-DIVISION","OVERALL",29319,15461,10624,3234,149,185,26009,2976,14087,2201
"BALOCHISTAN","ZHOB","KILLA SAIFULLAH","KILLA SAIFULLAH","SUB-DIVISION","RURAL",22108,9169,10423,2516,113,30,19545,2420,10533,1816
"BALOCHISTAN","ZHOB","KILLA SAIFULLAH","KILLA SAIFULLAH","SUB-DIVISION","URBAN",7211,6292,201,718,36,155,6464,556,3554,385
"BALOCHISTAN","ZHOB","KILLA SAIFULLAH","LOIBAND","TEHSIL","OVERALL",5105,547,3149,1409,24,NA,4773,308,2167,1431
"BALOCHISTAN","ZHOB","KILLA SAIFULLAH","LOIBAND","TEHSIL","RURAL",5105,547,3149,1409,24,NA,4773,308,2167,1431
"BALOCHISTAN","ZHOB","KILLA SAIFULLAH","LOIBAND","TEHSIL","URBAN",NA,NA,NA,NA,NA,NA,NA,NA,NA,NA
"BALOCHISTAN","ZHOB","KILLA SAIFULLAH","MUSLIM BAGH","TEHSIL","OVERALL",14084,10122,3432,530,109,922,12706,347,8101,856
"BALOCHISTAN","ZHOB","KILLA SAIFULLAH","MUSLIM BAGH","TEHSIL","RURAL",9385,5526,3373,486,90,43,8991,261,5259,737
"BALOCHISTAN","ZHOB","KILLA SAIFULLAH","MUSLIM BAGH","TEHSIL","URBAN",4699,4596,59,44,19,879,3715,86,2842,119
"BALOCHISTAN","ZHOB","KILLA SAIFULLAH","SHINKI","SUB-TEHSIL","OVERALL",11373,2417,7225,1731,77,5,10315,976,4910,2803
"BALOCHISTAN","ZHOB","KILLA SAIFULLAH","SHINKI","SUB-TEHSIL","RURAL",11373,2417,7225,1731,77,5,10315,976,4910,2803
"BALOCHISTAN","ZHOB","KILLA SAIFULLAH","SHINKI","SUB-TEHSIL","URBAN",NA,NA,NA,NA,NA,NA,NA,NA,NA,NA
"BALOCHISTAN","SIBI","KOHLU","GRISANI","SUB-TEHSIL","OVERALL",2401,190,201,2010,14,1,1856,530,386,987
"BALOCHISTAN","SIBI","KOHLU","GRISANI","SUB-TEHSIL","RURAL",2401,190,201,2010,14,1,1856,530,386,987
"BALOCHISTAN","SIBI","KOHLU","GRISANI","SUB-TEHSIL","URBAN",NA,NA,NA,NA,NA,NA,NA,NA,NA,NA
"BALOCHISTAN","SIBI","KOHLU","KAHAN","SUB-DIVISION","OVERALL",11817,47,1685,10085,32,2,10485,1298,2005,7535
"BALOCHISTAN","SIBI","KOHLU","KAHAN","SUB-DIVISION","RURAL",11817,47,1685,10085,32,2,10485,1298,2005,7535
"BALOCHISTAN","SIBI","KOHLU","KAHAN","SUB-DIVISION","URBAN",NA,NA,NA,NA,NA,NA,NA,NA,NA,NA
"BALOCHISTAN","SIBI","KOHLU","KOHLU","SUB-DIVISION","OVERALL",8513,5973,1319,1221,61,48,8172,232,4354,2048
"BALOCHISTAN","SIBI","KOHLU","KOHLU","SUB-DIVISION","RURAL",5354,2952,1250,1152,38,1,5102,213,2880,1315
"BALOCHISTAN","SIBI","KOHLU","KOHLU","SUB-DIVISION","URBAN",3159,3021,69,69,23,47,3070,19,1474,733
"BALOCHISTAN","SIBI","KOHLU","MAWAND","SUB-DIVISION","OVERALL",7719,402,2960,4357,27,6,7401,285,1930,4813
"BALOCHISTAN","SIBI","KOHLU","MAWAND","SUB-DIVISION","RURAL",7719,402,2960,4357,27,6,7401,285,1930,4813
"BALOCHISTAN","SIBI","KOHLU","MAWAND","SUB-DIVISION","URBAN",NA,NA,NA,NA,NA,NA,NA,NA,NA,NA
"BALOCHISTAN","SIBI","KOHLU","TAMBOO","SUB-TEHSIL","OVERALL",7645,481,1198,5966,53,4,7134,454,1905,4312
"BALOCHISTAN","SIBI","KOHLU","TAMBOO","SUB-TEHSIL","RURAL",7645,481,1198,5966,53,4,7134,454,1905,4312
"BALOCHISTAN","SIBI","KOHLU","TAMBOO","SUB-TEHSIL","URBAN",NA,NA,NA,NA,NA,NA,NA,NA,NA,NA
"BALOCHISTAN","KALAT","LASBELA","BELA","SUB-DIVISION","OVERALL",19806,11582,5091,3133,109,496,19035,166,12790,2648
"BALOCHISTAN","KALAT","LASBELA","BELA","SUB-DIVISION","RURAL",15827,7747,5027,3053,86,3,15589,149,9935,2447
"BALOCHISTAN","KALAT","LASBELA","BELA","SUB-DIVISION","URBAN",3979,3835,64,80,23,493,3446,17,2855,201
"BALOCHISTAN","KALAT","LASBELA","DUREJI","SUB-DIVISION","OVERALL",10008,4027,2106,3875,63,9,9739,197,8315,1255
"BALOCHISTAN","KALAT","LASBELA","DUREJI","SUB-DIVISION","RURAL",6945,2241,2015,2689,52,NA,6711,182,5733,931
"BALOCHISTAN","KALAT","LASBELA","DUREJI","SUB-DIVISION","URBAN",3063,1786,91,1186,11,9,3028,15,2582,324
"BALOCHISTAN","KALAT","LASBELA","GADDANI","TEHSIL","OVERALL",6578,4112,1206,1260,105,124,6276,73,5283,309
"BALOCHISTAN","KALAT","LASBELA","GADDANI","TEHSIL","RURAL",2676,1524,817,335,101,1,2546,28,2318,59
"BALOCHISTAN","KALAT","LASBELA","GADDANI","TEHSIL","URBAN",3902,2588,389,925,4,123,3730,45,2965,250
"BALOCHISTAN","KALAT","LASBELA","HUB","SUB-DIVISION","OVERALL",37994,34175,1223,2596,19807,708,16987,492,29375,1817
"BALOCHISTAN","KALAT","LASBELA","HUB","SUB-DIVISION","RURAL",7855,6654,298,903,124,5,7691,35,6789,672
"BALOCHISTAN","KALAT","LASBELA","HUB","SUB-DIVISION","URBAN",30139,27521,925,1693,19683,703,9296,457,22586,1145
"BALOCHISTAN","KALAT","LASBELA","KANRAJ","SUB-DIVISION","OVERALL",2722,NA,527,2195,3,NA,2675,44,2202,365
"BALOCHISTAN","KALAT","LASBELA","KANRAJ","SUB-DIVISION","RURAL",2722,NA,527,2195,3,NA,2675,44,2202,365
"BALOCHISTAN","KALAT","LASBELA","KANRAJ","SUB-DIVISION","URBAN",NA,NA,NA,NA,NA,NA,NA,NA,NA,NA
"BALOCHISTAN","KALAT","LASBELA","LAKHRA","TEHSIL","OVERALL",7378,282,6299,797,34,3,7321,20,4165,367
"BALOCHISTAN","KALAT","LASBELA","LAKHRA","TEHSIL","RURAL",7378,282,6299,797,34,3,7321,20,4165,367
"BALOCHISTAN","KALAT","LASBELA","LAKHRA","TEHSIL","URBAN",NA,NA,NA,NA,NA,NA,NA,NA,NA,NA
"BALOCHISTAN","KALAT","LASBELA","LIARI","SUB-TEHSIL","OVERALL",2589,4,1473,1112,4,NA,2557,28,2019,417
"BALOCHISTAN","KALAT","LASBELA","LIARI","SUB-TEHSIL","RURAL",2589,4,1473,1112,4,NA,2557,28,2019,417
"BALOCHISTAN","KALAT","LASBELA","LIARI","SUB-TEHSIL","URBAN",NA,NA,NA,NA,NA,NA,NA,NA,NA,NA
"BALOCHISTAN","KALAT","LASBELA","SONMIANI/WINDER","TEHSIL","OVERALL",14186,10641,998,2547,40,273,13551,322,9130,1100
"BALOCHISTAN","KALAT","LASBELA","SONMIANI/WINDER","TEHSIL","RURAL",6861,4281,857,1723,30,20,6535,276,4706,746
"BALOCHISTAN","KALAT","LASBELA","SONMIANI/WINDER","TEHSIL","URBAN",7325,6360,141,824,10,253,7016,46,4424,354
"BALOCHISTAN","KALAT","LASBELA","UTHAL","SUB-DIVISION","OVERALL",14278,5628,3583,5067,94,718,13285,181,10029,1149
"BALOCHISTAN","KALAT","LASBELA","UTHAL","SUB-DIVISION","RURAL",8456,515,3301,4640,53,1,8238,164,6348,907
"BALOCHISTAN","KALAT","LASBELA","UTHAL","SUB-DIVISION","URBAN",5822,5113,282,427,41,717,5047,17,3681,242
"BALOCHISTAN","LORALAI","LORALAI","BORI","SUB-DIVISION","OVERALL",31142,19424,10126,1592,362,1550,27858,1372,14471,3419
"BALOCHISTAN","LORALAI","LORALAI","BORI","SUB-DIVISION","RURAL",23535,12180,9846,1509,274,242,21762,1257,10320,3157
"BALOCHISTAN","LORALAI","LORALAI","BORI","SUB-DIVISION","URBAN",7607,7244,280,83,88,1308,6096,115,4151,262
"BALOCHISTAN","LORALAI","LORALAI","MEKHTAR","SUB-DIVISION","OVERALL",7072,1505,3714,1853,55,6,5683,1328,2313,1339
"BALOCHISTAN","LORALAI","LORALAI","MEKHTAR","SUB-DIVISION","RURAL",7072,1505,3714,1853,55,6,5683,1328,2313,1339
"BALOCHISTAN","LORALAI","LORALAI","MEKHTAR","SUB-DIVISION","URBAN",NA,NA,NA,NA,NA,NA,NA,NA,NA,NA
"BALOCHISTAN","KALAT","MASTUNG","DASHT","SUB-DIVISION","OVERALL",10230,6612,1879,1739,1177,35,8836,182,7594,572
"BALOCHISTAN","KALAT","MASTUNG","DASHT","SUB-DIVISION","RURAL",10230,6612,1879,1739,1177,35,8836,182,7594,572
"BALOCHISTAN","KALAT","MASTUNG","DASHT","SUB-DIVISION","URBAN",NA,NA,NA,NA,NA,NA,NA,NA,NA,NA
"BALOCHISTAN","KALAT","MASTUNG","KHAD KOCHA","SUB-TEHSIL","OVERALL",5954,4047,980,927,1127,NA,4680,147,3612,303
"BALOCHISTAN","KALAT","MASTUNG","KHAD KOCHA","SUB-TEHSIL","RURAL",5954,4047,980,927,1127,NA,4680,147,3612,303
"BALOCHISTAN","KALAT","MASTUNG","KHAD KOCHA","SUB-TEHSIL","URBAN",NA,NA,NA,NA,NA,NA,NA,NA,NA,NA
"BALOCHISTAN","KALAT","MASTUNG","KIRDGAP","SUB-DIVISION","OVERALL",5024,3077,1243,704,20,46,4810,148,3516,401
"BALOCHISTAN","KALAT","MASTUNG","KIRDGAP","SUB-DIVISION","RURAL",5024,3077,1243,704,20,46,4810,148,3516,401
"BALOCHISTAN","KALAT","MASTUNG","KIRDGAP","SUB-DIVISION","URBAN",NA,NA,NA,NA,NA,NA,NA,NA,NA,NA
"BALOCHISTAN","KALAT","MASTUNG","MASTUNG","SUB-DIVISION","OVERALL",22487,17686,2267,2534,12417,65,8823,1182,13609,1076
"BALOCHISTAN","KALAT","MASTUNG","MASTUNG","SUB-DIVISION","RURAL",17054,12332,2216,2506,7223,59,8617,1155,9658,1028
"BALOCHISTAN","KALAT","MASTUNG","MASTUNG","SUB-DIVISION","URBAN",5433,5354,51,28,5194,6,206,27,3951,48
"BALOCHISTAN","LORALAI","MUSAKHEL","DRUG","TEHSIL","OVERALL",4799,1754,2976,69,20,58,4674,47,1498,2100
"BALOCHISTAN","LORALAI","MUSAKHEL","DRUG","TEHSIL","RURAL",4799,1754,2976,69,20,58,4674,47,1498,2100
"BALOCHISTAN","LORALAI","MUSAKHEL","DRUG","TEHSIL","URBAN",NA,NA,NA,NA,NA,NA,NA,NA,NA,NA
"BALOCHISTAN","LORALAI","MUSAKHEL","KINGRI","TEHSIL","OVERALL",6480,2873,1770,1837,21,18,6385,56,3654,1788
"BALOCHISTAN","LORALAI","MUSAKHEL","KINGRI","TEHSIL","RURAL",6480,2873,1770,1837,21,18,6385,56,3654,1788
"BALOCHISTAN","LORALAI","MUSAKHEL","KINGRI","TEHSIL","URBAN",NA,NA,NA,NA,NA,NA,NA,NA,NA,NA
"BALOCHISTAN","LORALAI","MUSAKHEL","MUSAKHEL","TEHSIL","OVERALL",7601,2913,1468,3220,51,14,6716,820,3394,1498
"BALOCHISTAN","LORALAI","MUSAKHEL","MUSAKHEL","TEHSIL","RURAL",5241,657,1416,3168,17,NA,4469,755,2240,1390
"BALOCHISTAN","LORALAI","MUSAKHEL","MUSAKHEL","TEHSIL","URBAN",2360,2256,52,52,34,14,2247,65,1154,108
"BALOCHISTAN","LORALAI","MUSAKHEL","TIYAR ESSOT","SUB-TEHSIL","OVERALL",1730,10,1218,502,6,NA,1592,132,961,510
"BALOCHISTAN","LORALAI","MUSAKHEL","TIYAR ESSOT","SUB-TEHSIL","RURAL",1730,10,1218,502,6,NA,1592,132,961,510
"BALOCHISTAN","LORALAI","MUSAKHEL","TIYAR ESSOT","SUB-TEHSIL","URBAN",NA,NA,NA,NA,NA,NA,NA,NA,NA,NA
"BALOCHISTAN","LORALAI","MUSAKHEL","TOISAR","TEHSIL","OVERALL",8443,103,4980,3360,38,1,7323,1081,1890,3809
"BALOCHISTAN","LORALAI","MUSAKHEL","TOISAR","TEHSIL","RURAL",8443,103,4980,3360,38,1,7323,1081,1890,3809
"BALOCHISTAN","LORALAI","MUSAKHEL","TOISAR","TEHSIL","URBAN",NA,NA,NA,NA,NA,NA,NA,NA,NA,NA
"BALOCHISTAN","LORALAI","MUSAKHEL","ZIMRI PLASEEN","SUB-TEHSIL","OVERALL",2199,85,1878,236,18,NA,2091,90,982,867
"BALOCHISTAN","LORALAI","MUSAKHEL","ZIMRI PLASEEN","SUB-TEHSIL","RURAL",2199,85,1878,236,18,NA,2091,90,982,867
"BALOCHISTAN","LORALAI","MUSAKHEL","ZIMRI PLASEEN","SUB-TEHSIL","URBAN",NA,NA,NA,NA,NA,NA,NA,NA,NA,NA
"BALOCHISTAN","NASIRABAD","NASIRABAD","BABA KOT","TEHSIL","OVERALL",8675,5234,1336,2105,25,NA,6392,2258,3048,5205
"BALOCHISTAN","NASIRABAD","NASIRABAD","BABA KOT","TEHSIL","RURAL",8675,5234,1336,2105,25,NA,6392,2258,3048,5205
"BALOCHISTAN","NASIRABAD","NASIRABAD","BABA KOT","TEHSIL","URBAN",NA,NA,NA,NA,NA,NA,NA,NA,NA,NA
"BALOCHISTAN","NASIRABAD","NASIRABAD","CHATTAR","SUB-DIVISION","OVERALL",5932,311,4850,771,37,NA,5558,337,3941,1116
"BALOCHISTAN","NASIRABAD","NASIRABAD","CHATTAR","SUB-DIVISION","RURAL",5932,311,4850,771,37,NA,5558,337,3941,1116
"BALOCHISTAN","NASIRABAD","NASIRABAD","CHATTAR","SUB-DIVISION","URBAN",NA,NA,NA,NA,NA,NA,NA,NA,NA,NA
"BALOCHISTAN","NASIRABAD","NASIRABAD","DERA MURAD JAMALI","SUB-DIVISION","OVERALL",39493,33000,2446,4047,3926,188,24621,10758,11509,15160
"BALOCHISTAN","NASIRABAD","NASIRABAD","DERA MURAD JAMALI","SUB-DIVISION","RURAL",25220,19252,2210,3758,111,35,16777,8297,5886,11495
"BALOCHISTAN","NASIRABAD","NASIRABAD","DERA MURAD JAMALI","SUB-DIVISION","URBAN",14273,13748,236,289,3815,153,7844,2461,5623,3665
"BALOCHISTAN","NASIRABAD","NASIRABAD","LANDHI","TEHSIL","OVERALL",1516,185,198,1133,3,NA,867,646,189,1236
"BALOCHISTAN","NASIRABAD","NASIRABAD","LANDHI","TEHSIL","RURAL",1516,185,198,1133,3,NA,867,646,189,1236
"BALOCHISTAN","NASIRABAD","NASIRABAD","LANDHI","TEHSIL","URBAN",NA,NA,NA,NA,NA,NA,NA,NA,NA,NA
"BALOCHISTAN","NASIRABAD","NASIRABAD","MIR HASSAN KHOSA","TEHSIL","OVERALL",8266,4312,1111,2843,16,13,4947,3290,1160,6563
"BALOCHISTAN","NASIRABAD","NASIRABAD","MIR HASSAN KHOSA","TEHSIL","RURAL",8266,4312,1111,2843,16,13,4947,3290,1160,6563
"BALOCHISTAN","NASIRABAD","NASIRABAD","MIR HASSAN KHOSA","TEHSIL","URBAN",NA,NA,NA,NA,NA,NA,NA,NA,NA,NA
"BALOCHISTAN","NASIRABAD","NASIRABAD","TAMBOO","TEHSIL","OVERALL",23634,18537,2451,2646,79,68,13446,10041,8242,13026
"BALOCHISTAN","NASIRABAD","NASIRABAD","TAMBOO","TEHSIL","RURAL",23634,18537,2451,2646,79,68,13446,10041,8242,13026
"BALOCHISTAN","NASIRABAD","NASIRABAD","TAMBOO","TEHSIL","URBAN",NA,NA,NA,NA,NA,NA,NA,NA,NA,NA
"BALOCHISTAN","RAKHSHAN","NUSHKI","DAK","SUB-TEHSIL","OVERALL",2787,1144,1104,539,14,1,2761,11,1929,501
"BALOCHISTAN","RAKHSHAN","NUSHKI","DAK","SUB-TEHSIL","RURAL",2787,1144,1104,539,14,1,2761,11,1929,501
"BALOCHISTAN","RAKHSHAN","NUSHKI","DAK","SUB-TEHSIL","URBAN",NA,NA,NA,NA,NA,NA,NA,NA,NA,NA
"BALOCHISTAN","RAKHSHAN","NUSHKI","NUSHKI","SUB-DIVISION","OVERALL",28468,25323,2056,1089,1190,4681,21443,1154,18076,2464
"BALOCHISTAN","RAKHSHAN","NUSHKI","NUSHKI","SUB-DIVISION","RURAL",21208,18209,2021,978,720,2654,17431,403,13045,2201
"BALOCHISTAN","RAKHSHAN","NUSHKI","NUSHKI","SUB-DIVISION","URBAN",7260,7114,35,111,470,2027,4012,751,5031,263
"BALOCHISTAN","MEKRAN","PANJGUR","GICHK","SUB-TEHSIL","OVERALL",15625,53,6314,9258,80,5,14234,1306,6020,1556
"BALOCHISTAN","MEKRAN","PANJGUR","GICHK","SUB-TEHSIL","RURAL",15625,53,6314,9258,80,5,14234,1306,6020,1556
"BALOCHISTAN","MEKRAN","PANJGUR","GICHK","SUB-TEHSIL","URBAN",NA,NA,NA,NA,NA,NA,NA,NA,NA,NA
"BALOCHISTAN","MEKRAN","PANJGUR","GOWARGO","SUB-DIVISION","OVERALL",9059,649,2158,6252,45,74,7830,1110,5742,1113
"BALOCHISTAN","MEKRAN","PANJGUR","GOWARGO","SUB-DIVISION","RURAL",9059,649,2158,6252,45,74,7830,1110,5742,1113
"BALOCHISTAN","MEKRAN","PANJGUR","GOWARGO","SUB-DIVISION","URBAN",NA,NA,NA,NA,NA,NA,NA,NA,NA,NA
"BALOCHISTAN","MEKRAN","PANJGUR","JAHEEN PAROME","TEHSIL","OVERALL",6504,720,1751,4033,71,30,5297,1106,2235,1528
"BALOCHISTAN","MEKRAN","PANJGUR","JAHEEN PAROME","TEHSIL","RURAL",6504,720,1751,4033,71,30,5297,1106,2235,1528
"BALOCHISTAN","MEKRAN","PANJGUR","JAHEEN PAROME","TEHSIL","URBAN",NA,NA,NA,NA,NA,NA,NA,NA,NA,NA
NA,NA,"PANJGUR","KALLAG","SUB-TEHSIL","OVERALL",7281,2273,2451,2557,27,222,6023,1009,3001,410
NA,NA,"PANJGUR","KALLAG","SUB-TEHSIL","RURAL",7281,2273,2451,2557,27,222,6023,1009,3001,410
NA,NA,"PANJGUR","KALLAG","SUB-TEHSIL","URBAN",NA,NA,NA,NA,NA,NA,NA,NA,NA,NA
"BALOCHISTAN","MEKRAN","PANJGUR","PANJGUR","SUB-DIVISION","OVERALL",78620,49999,14210,14411,1972,6196,62996,7456,36179,4176
"BALOCHISTAN","MEKRAN","PANJGUR","PANJGUR","SUB-DIVISION","RURAL",49447,34631,5983,8833,1177,4042,41893,2335,26028,2793
"BALOCHISTAN","MEKRAN","PANJGUR","PANJGUR","SUB-DIVISION","URBAN",29173,15368,8227,5578,795,2154,21103,5121,10151,1383
"BALOCHISTAN","QUETTA","PISHIN","BARSHORE","TEHSIL","OVERALL",20036,2651,15099,2286,3304,204,15031,1497,6267,1001
"BALOCHISTAN","QUETTA","PISHIN","BARSHORE","TEHSIL","RURAL",20036,2651,15099,2286,3304,204,15031,1497,6267,1001
"BALOCHISTAN","QUETTA","PISHIN","BARSHORE","TEHSIL","URBAN",NA,NA,NA,NA,NA,NA,NA,NA,NA,NA
"BALOCHISTAN","QUETTA","PISHIN","BOSTAN","TEHSIL","OVERALL",9256,7801,1349,106,7461,15,1595,185,4184,150
"BALOCHISTAN","QUETTA","PISHIN","BOSTAN","TEHSIL","RURAL",9256,7801,1349,106,7461,15,1595,185,4184,150
"BALOCHISTAN","QUETTA","PISHIN","BOSTAN","TEHSIL","URBAN",NA,NA,NA,NA,NA,NA,NA,NA,NA,NA
"BALOCHISTAN","QUETTA","PISHIN","HURRAM ZAI","SUB-DIVISION","OVERALL",25031,9661,14411,959,6358,1737,14747,2189,10030,278
"BALOCHISTAN","QUETTA","PISHIN","HURRAM ZAI","SUB-DIVISION","RURAL",19417,5486,13648,283,4883,1062,11941,1531,7195,249
"BALOCHISTAN","QUETTA","PISHIN","HURRAM ZAI","SUB-DIVISION","URBAN",5614,4175,763,676,1475,675,2806,658,2835,29
"BALOCHISTAN","QUETTA","PISHIN","KAREZAT","SUB-DIVISION","OVERALL",9129,6435,2399,295,1767,223,6870,269,5516,424
"BALOCHISTAN","QUETTA","PISHIN","KAREZAT","SUB-DIVISION","RURAL",2205,1318,683,204,834,14,1244,113,1300,195
"BALOCHISTAN","QUETTA","PISHIN","KAREZAT","SUB-DIVISION","URBAN",6924,5117,1716,91,933,209,5626,156,4216,229
"BALOCHISTAN","QUETTA","PISHIN","NANA SAHIB","TEHSIL","OVERALL",7639,2907,4148,584,1331,248,5853,207,3147,509
"BALOCHISTAN","QUETTA","PISHIN","NANA SAHIB","TEHSIL","RURAL",7639,2907,4148,584,1331,248,5853,207,3147,509
"BALOCHISTAN","QUETTA","PISHIN","NANA SAHIB","TEHSIL","URBAN",NA,NA,NA,NA,NA,NA,NA,NA,NA,NA
"BALOCHISTAN","QUETTA","PISHIN","PISHIN","SUB-DIVISION","OVERALL",64523,43787,16539,4197,32945,922,26489,4167,32388,1789
"BALOCHISTAN","QUETTA","PISHIN","PISHIN","SUB-DIVISION","RURAL",43312,25859,14792,2661,19039,739,20839,2695,22887,1051
"BALOCHISTAN","QUETTA","PISHIN","PISHIN","SUB-DIVISION","URBAN",21211,17928,1747,1536,13906,183,5650,1472,9501,738
"BALOCHISTAN","QUETTA","PISHIN","SARANAN","TEHSIL","OVERALL",11571,5458,5287,826,4083,116,6008,1364,4803,136
"BALOCHISTAN","QUETTA","PISHIN","SARANAN","TEHSIL","RURAL",3382,1310,1782,290,555,27,2469,331,1568,65
"BALOCHISTAN","QUETTA","PISHIN","SARANAN","TEHSIL","URBAN",8189,4148,3505,536,3528,89,3539,1033,3235,71
"BALOCHISTAN","QUETTA","QUETTA","QUETTA","SUB-DIVISION_CITY","OVERALL",144129,139302,2639,2188,133379,2904,5944,1902,106221,2050
"BALOCHISTAN","QUETTA","QUETTA","QUETTA","SUB-DIVISION_CITY","RURAL",16382,16047,175,160,15246,619,386,131,13142,146
"BALOCHISTAN","QUETTA","QUETTA","QUETTA","SUB-DIVISION_CITY","URBAN",127747,123255,2464,2028,118133,2285,5558,1771,93079,1904
"BALOCHISTAN","QUETTA","QUETTA","KUCHLAK","SUB-DIVISION","OVERALL",37214,34892,1193,1129,29330,443,6086,1355,21860,799
"BALOCHISTAN","QUETTA","QUETTA","KUCHLAK","SUB-DIVISION","RURAL",30680,28530,1051,1099,23172,275,5947,1286,18274,727
"BALOCHISTAN","QUETTA","QUETTA","KUCHLAK","SUB-DIVISION","URBAN",6534,6362,142,30,6158,168,139,69,3586,72
NA,NA,"QUETTA","SADDAR TEHSIL","SUB-DIVISION","OVERALL",34558,31138,2145,1275,23320,821,9151,1266,25706,1442
NA,NA,"QUETTA","SADDAR TEHSIL","SUB-DIVISION","RURAL",14930,12217,1624,1089,5926,260,7655,1089,10080,1240
NA,NA,"QUETTA","SADDAR TEHSIL","SUB-DIVISION","URBAN",19628,18921,521,186,17394,561,1496,177,15626,202
"BALOCHISTAN","QUETTA","QUETTA","SARIAB","SUB-DIVISION","OVERALL",69160,62125,4246,2789,59368,684,6951,2157,49007,1519
"BALOCHISTAN","QUETTA","QUETTA","SARIAB","SUB-DIVISION","RURAL",61948,55231,4095,2622,52695,614,6555,2084,43685,1436
"BALOCHISTAN","QUETTA","QUETTA","SARIAB","SUB-DIVISION","URBAN",7212,6894,151,167,6673,70,396,73,5322,83
"BALOCHISTAN","QUETTA","QUETTA","PANJPAI","SUB-TEHSIL","OVERALL",3398,643,2640,115,39,139,3110,110,1452,107
"BALOCHISTAN","QUETTA","QUETTA","PANJPAI","SUB-TEHSIL","RURAL",3398,643,2640,115,39,139,3110,110,1452,107
"BALOCHISTAN","QUETTA","QUETTA","PANJPAI","SUB-TEHSIL","URBAN",NA,NA,NA,NA,NA,NA,NA,NA,NA,NA
"BALOCHISTAN","ZHOB","SHERANI","SHERANI","SUB-DIVISION","OVERALL",36100,836,30990,4274,461,141,32666,2832,17244,2973
"BALOCHISTAN","ZHOB","SHERANI","SHERANI","SUB-DIVISION","RURAL",36100,836,30990,4274,461,141,32666,2832,17244,2973
"BALOCHISTAN","ZHOB","SHERANI","SHERANI","SUB-DIVISION","URBAN",NA,NA,NA,NA,NA,NA,NA,NA,NA,NA
"BALOCHISTAN","SIBI","SIBI","KOT MANDAI","SUB-TEHSIL","OVERALL",1275,3,610,662,5,NA,1234,36,395,517
"BALOCHISTAN","SIBI","SIBI","KOT MANDAI","SUB-TEHSIL","RURAL",1275,3,610,662,5,NA,1234,36,395,517
"BALOCHISTAN","SIBI","SIBI","KOT MANDAI","SUB-TEHSIL","URBAN",NA,NA,NA,NA,NA,NA,NA,NA,NA,NA
"BALOCHISTAN","SIBI","SIBI","LEHRI","SUB-DIVISION","OVERALL",7598,2881,3558,1159,720,9,6606,263,3891,1761
"BALOCHISTAN","SIBI","SIBI","LEHRI","SUB-DIVISION","RURAL",7598,2881,3558,1159,720,9,6606,263,3891,1761
"BALOCHISTAN","SIBI","SIBI","LEHRI","SUB-DIVISION","URBAN",NA,NA,NA,NA,NA,NA,NA,NA,NA,NA
"BALOCHISTAN","SIBI","SIBI","SANGAN","SUB-TEHSIL","OVERALL",382,7,364,11,6,NA,373,3,256,16
"BALOCHISTAN","SIBI","SIBI","SANGAN","SUB-TEHSIL","RURAL",382,7,364,11,6,NA,373,3,256,16
"BALOCHISTAN","SIBI","SIBI","SANGAN","SUB-TEHSIL","URBAN",NA,NA,NA,NA,NA,NA,NA,NA,NA,NA
"BALOCHISTAN","SIBI","SIBI","SIBI","SUB-DIVISION","OVERALL",22041,18993,1820,1228,9623,132,11765,521,10841,3909
"BALOCHISTAN","SIBI","SIBI","SIBI","SUB-DIVISION","RURAL",10516,7798,1575,1143,1527,97,8438,454,5096,2083
"BALOCHISTAN","SIBI","SIBI","SIBI","SUB-DIVISION","URBAN",11525,11195,245,85,8096,35,3327,67,5745,1826
"BALOCHISTAN","NASIRABAD","SOHBATPUR","FARIDABAD","TEHSIL","OVERALL",9246,7340,785,1121,339,4,4489,4414,1489,7195
"BALOCHISTAN","NASIRABAD","SOHBATPUR","FARIDABAD","TEHSIL","RURAL",9246,7340,785,1121,339,4,4489,4414,1489,7195
"BALOCHISTAN","NASIRABAD","SOHBATPUR","FARIDABAD","TEHSIL","URBAN",NA,NA,NA,NA,NA,NA,NA,NA,NA,NA
"BALOCHISTAN","NASIRABAD","SOHBATPUR","HAIR DIN","TEHSIL","OVERALL",2560,2250,97,213,3,NA,2505,52,273,1888
"BALOCHISTAN","NASIRABAD","SOHBATPUR","HAIR DIN","TEHSIL","RURAL",2560,2250,97,213,3,NA,2505,52,273,1888
"BALOCHISTAN","NASIRABAD","SOHBATPUR","HAIR DIN","TEHSIL","URBAN",NA,NA,NA,NA,NA,NA,NA,NA,NA,NA
"BALOCHISTAN","NASIRABAD","SOHBATPUR","MANJHIPUR","TEHSIL","OVERALL",3300,3004,214,82,5,6,2199,1090,1340,1279
"BALOCHISTAN","NASIRABAD","SOHBATPUR","MANJHIPUR","TEHSIL","RURAL",3300,3004,214,82,5,6,2199,1090,1340,1279
"BALOCHISTAN","NASIRABAD","SOHBATPUR","MANJHIPUR","TEHSIL","URBAN",NA,NA,NA,NA,NA,NA,NA,NA,NA,NA
"BALOCHISTAN","NASIRABAD","SOHBATPUR","PANHWAR","TEHSIL","OVERALL",7742,4184,1424,2134,47,6,5551,2138,2784,4237
"BALOCHISTAN","NASIRABAD","SOHBATPUR","PANHWAR","TEHSIL","RURAL",7742,4184,1424,2134,47,6,5551,2138,2784,4237
"BALOCHISTAN","NASIRABAD","SOHBATPUR","PANHWAR","TEHSIL","URBAN",NA,NA,NA,NA,NA,NA,NA,NA,NA,NA
"BALOCHISTAN","NASIRABAD","SOHBATPUR","SAEED MUHAMMAD KANRANI","TEHSIL","OVERALL",2486,2254,133,99,4,5,2307,170,384,1453
"BALOCHISTAN","NASIRABAD","SOHBATPUR","SAEED MUHAMMAD KANRANI","TEHSIL","RURAL",2486,2254,133,99,4,5,2307,170,384,1453
"BALOCHISTAN","NASIRABAD","SOHBATPUR","SAEED MUHAMMAD KANRANI","TEHSIL","URBAN",NA,NA,NA,NA,NA,NA,NA,NA,NA,NA
"BALOCHISTAN","NASIRABAD","SOHBATPUR","SOHBATPUR","SUB-DIVISION","OVERALL",8400,6951,550,899,416,40,5234,2710,1806,5657
"BALOCHISTAN","NASIRABAD","SOHBATPUR","SOHBATPUR","SUB-DIVISION","RURAL",6607,5233,542,832,215,13,3906,2473,1326,4848
"BALOCHISTAN","NASIRABAD","SOHBATPUR","SOHBATPUR","SUB-DIVISION","URBAN",1793,1718,8,67,201,27,1328,237,480,809
"BALOCHISTAN","KALAT","SURAB","DASHT E GORAN","SUB-DIVISION","OVERALL",3291,618,1951,722,18,59,2753,461,2262,377
"BALOCHISTAN","KALAT","SURAB","DASHT E GORAN","SUB-DIVISION","RURAL",3291,618,1951,722,18,59,2753,461,2262,377
"BALOCHISTAN","KALAT","SURAB","DASHT E GORAN","SUB-DIVISION","URBAN",NA,NA,NA,NA,NA,NA,NA,NA,NA,NA
"BALOCHISTAN","KALAT","SURAB","GIDDER","SUB-DIVISION","OVERALL",19417,11439,6525,1453,322,482,16494,2119,8660,1284
"BALOCHISTAN","KALAT","SURAB","GIDDER","SUB-DIVISION","RURAL",19417,11439,6525,1453,322,482,16494,2119,8660,1284
"BALOCHISTAN","KALAT","SURAB","GIDDER","SUB-DIVISION","URBAN",NA,NA,NA,NA,NA,NA,NA,NA,NA,NA
"BALOCHISTAN","KALAT","SURAB","SHAHEED MEHARABAD ZEHRI","SUB-DIVISION","OVERALL",13130,1828,10283,1019,85,34,9608,3403,3788,1640
"BALOCHISTAN","KALAT","SURAB","SHAHEED MEHARABAD ZEHRI","SUB-DIVISION","RURAL",13130,1828,10283,1019,85,34,9608,3403,3788,1640
"BALOCHISTAN","KALAT","SURAB","SHAHEED MEHARABAD ZEHRI","SUB-DIVISION","URBAN",NA,NA,NA,NA,NA,NA,NA,NA,NA,NA
"BALOCHISTAN","KALAT","SURAB","SURAB","SUB-DIVISION","OVERALL",15389,10277,3102,2010,2813,553,10274,1749,10277,1130
"BALOCHISTAN","KALAT","SURAB","SURAB","SUB-DIVISION","RURAL",9207,4590,2794,1823,59,93,7725,1330,6265,918
"BALOCHISTAN","KALAT","SURAB","SURAB","SUB-DIVISION","URBAN",6182,5687,308,187,2754,460,2549,419,4012,212
"BALOCHISTAN","RAKHSHAN","WASHUK","BESIMA","SUB-DIVISION","OVERALL",10555,5127,3556,1872,93,65,9328,1069,7086,1999
"BALOCHISTAN","RAKHSHAN","WASHUK","BESIMA","SUB-DIVISION","RURAL",10555,5127,3556,1872,93,65,9328,1069,7086,1999
"BALOCHISTAN","RAKHSHAN","WASHUK","BESIMA","SUB-DIVISION","URBAN",NA,NA,NA,NA,NA,NA,NA,NA,NA,NA
"BALOCHISTAN","RAKHSHAN","WASHUK","MASHKHEL","SUB-DIVISION","OVERALL",12916,6016,2191,4709,90,2148,9550,1128,8190,1376
"BALOCHISTAN","RAKHSHAN","WASHUK","MASHKHEL","SUB-DIVISION","RURAL",12916,6016,2191,4709,90,2148,9550,1128,8190,1376
"BALOCHISTAN","RAKHSHAN","WASHUK","MASHKHEL","SUB-DIVISION","URBAN",NA,NA,NA,NA,NA,NA,NA,NA,NA,NA
"BALOCHISTAN","RAKHSHAN","WASHUK","NAG","SUB-TEHSIL","OVERALL",9707,22,5795,3890,87,20,8251,1349,5106,2256
"BALOCHISTAN","RAKHSHAN","WASHUK","NAG","SUB-TEHSIL","RURAL",9707,22,5795,3890,87,20,8251,1349,5106,2256
"BALOCHISTAN","RAKHSHAN","WASHUK","NAG","SUB-TEHSIL","URBAN",NA,NA,NA,NA,NA,NA,NA,NA,NA,NA
"BALOCHISTAN","RAKHSHAN","WASHUK","SHAHOO GARHI","SUB-TEHSIL","OVERALL",6208,15,3611,2582,40,17,5989,162,4713,863
"BALOCHISTAN","RAKHSHAN","WASHUK","SHAHOO GARHI","SUB-TEHSIL","RURAL",6208,15,3611,2582,40,17,5989,162,4713,863
"BALOCHISTAN","RAKHSHAN","WASHUK","SHAHOO GARHI","SUB-TEHSIL","URBAN",NA,NA,NA,NA,NA,NA,NA,NA,NA,NA
"BALOCHISTAN","RAKHSHAN","WASHUK","WASHUK","SUB-DIVISION","OVERALL",9663,1717,4841,3105,83,19,8924,637,3821,3051
"BALOCHISTAN","RAKHSHAN","WASHUK","WASHUK","SUB-DIVISION","RURAL",2567,11,584,1972,9,4,2347,207,1409,1000
"BALOCHISTAN","RAKHSHAN","WASHUK","WASHUK","SUB-DIVISION","URBAN",7096,1706,4257,1133,74,15,6577,430,2412,2051
"BALOCHISTAN","ZHOB","ZHOB","ASHWAT","SUB-TEHSIL","OVERALL",2972,67,1837,1068,15,4,2669,284,534,1117
"BALOCHISTAN","ZHOB","ZHOB","ASHWAT","SUB-TEHSIL","RURAL",2972,67,1837,1068,15,4,2669,284,534,1117
"BALOCHISTAN","ZHOB","ZHOB","ASHWAT","SUB-TEHSIL","URBAN",NA,NA,NA,NA,NA,NA,NA,NA,NA,NA
"BALOCHISTAN","ZHOB","ZHOB","KAKAR KHURASAN","SUB-DIVISION","OVERALL",2739,1016,1609,114,11,NA,2552,176,1469,536
"BALOCHISTAN","ZHOB","ZHOB","KAKAR KHURASAN","SUB-DIVISION","RURAL",2739,1016,1609,114,11,NA,2552,176,1469,536
"BALOCHISTAN","ZHOB","ZHOB","KAKAR KHURASAN","SUB-DIVISION","URBAN",NA,NA,NA,NA,NA,NA,NA,NA,NA,NA
"BALOCHISTAN","ZHOB","ZHOB","KASHATOO","SUB-TEHSIL","OVERALL",783,18,139,626,11,NA,659,113,68,652
"BALOCHISTAN","ZHOB","ZHOB","KASHATOO","SUB-TEHSIL","RURAL",783,18,139,626,11,NA,659,113,68,652
"BALOCHISTAN","ZHOB","ZHOB","KASHATOO","SUB-TEHSIL","URBAN",NA,NA,NA,NA,NA,NA,NA,NA,NA,NA
"BALOCHISTAN","ZHOB","ZHOB","SAMBAZA","SUB-TEHSIL","OVERALL",2532,158,1904,470,12,4,2026,490,1360,721
"BALOCHISTAN","ZHOB","ZHOB","SAMBAZA","SUB-TEHSIL","RURAL",2532,158,1904,470,12,4,2026,490,1360,721
"BALOCHISTAN","ZHOB","ZHOB","SAMBAZA","SUB-TEHSIL","URBAN",NA,NA,NA,NA,NA,NA,NA,NA,NA,NA
"BALOCHISTAN","ZHOB","ZHOB","ZHOB","SUB-DIVISION","OVERALL",38875,22205,13989,2681,614,948,35249,2064,20248,3854
"BALOCHISTAN","ZHOB","ZHOB","ZHOB","SUB-DIVISION","RURAL",32448,15897,13889,2662,408,228,29823,1989,16487,3576
"BALOCHISTAN","ZHOB","ZHOB","ZHOB","SUB-DIVISION","URBAN",6427,6308,100,19,206,720,5426,75,3761,278
"BALOCHISTAN","SIBI","ZIARAT","SINJAWI","SUB-DIVISION","OVERALL",12073,6177,4631,1265,4101,27,7477,468,4241,1909
"BALOCHISTAN","SIBI","ZIARAT","SINJAWI","SUB-DIVISION","RURAL",7157,1950,4079,1128,888,5,5843,421,2241,1594
"BALOCHISTAN","SIBI","ZIARAT","SINJAWI","SUB-DIVISION","URBAN",4916,4227,552,137,3213,22,1634,47,2000,315
"BALOCHISTAN","SIBI","ZIARAT","ZIARAT","SUB-DIVISION","OVERALL",10821,4625,5436,760,2077,347,8057,340,4511,1053
"BALOCHISTAN","SIBI","ZIARAT","ZIARAT","SUB-DIVISION","RURAL",10142,3978,5418,746,1662,346,7825,309,4274,1022
"BALOCHISTAN","SIBI","ZIARAT","ZIARAT","SUB-DIVISION","URBAN",679,647,18,14,415,1,232,31,237,31
"ISLAMABAD","ISLAMABAD","ISLAMABAD","ISLAMABAD","TEHSIL","OVERALL",410993,397358,9055,4580,252912,99909,54101,4071,349502,15756
"ISLAMABAD","ISLAMABAD","ISLAMABAD","ISLAMABAD","TEHSIL","RURAL",226022,221669,2710,1643,130811,66283,26879,2049,198282,7712
"ISLAMABAD","ISLAMABAD","ISLAMABAD","ISLAMABAD","TEHSIL","URBAN",184971,175689,6345,2937,122101,33626,27222,2022,151220,8044
"KPK","HAZARA","ABBOTTABAD","ABBOTTABAD","TEHSIL","OVERALL",166617,165118,741,758,82977,2881,80205,554,136915,14202
"KPK","HAZARA","ABBOTTABAD","ABBOTTABAD","TEHSIL","RURAL",122690,121474,529,687,41065,1900,79311,414,98704,13187
"KPK","HAZARA","ABBOTTABAD","ABBOTTABAD","TEHSIL","URBAN",43927,43644,212,71,41912,981,894,140,38211,1015
"KPK","HAZARA","ABBOTTABAD","HAVELIAN","TEHSIL","OVERALL",42537,41972,238,327,20967,386,20827,357,31588,5834
"KPK","HAZARA","ABBOTTABAD","HAVELIAN","TEHSIL","RURAL",33207,32738,198,271,12516,170,20215,306,23671,5456
"KPK","HAZARA","ABBOTTABAD","HAVELIAN","TEHSIL","URBAN",9330,9234,40,56,8451,216,612,51,7917,378
"KPK","HAZARA","ABBOTTABAD","LORA","TEHSIL","OVERALL",17038,16808,111,119,144,284,16547,63,11142,5178
"KPK","HAZARA","ABBOTTABAD","LORA","TEHSIL","RURAL",17038,16808,111,119,144,284,16547,63,11142,5178
"KPK","HAZARA","ABBOTTABAD","LORA","TEHSIL","URBAN",NA,NA,NA,NA,NA,NA,NA,NA,NA,NA
"KPK","HAZARA","ABBOTTABAD","LOWER TANAWAL","TEHSIL","OVERALL",10597,10458,75,64,47,61,10476,13,8287,1347
"KPK","HAZARA","ABBOTTABAD","LOWER TANAWAL","TEHSIL","RURAL",10597,10458,75,64,47,61,10476,13,8287,1347
"KPK","HAZARA","ABBOTTABAD","LOWER TANAWAL","TEHSIL","URBAN",NA,NA,NA,NA,NA,NA,NA,NA,NA,NA
"KPK","MALAKAND","BAJAUR","BAR CHAMER KAND","TEHSIL","OVERALL",755,718,28,9,1,NA,742,12,202,489
"KPK","MALAKAND","BAJAUR","BAR CHAMER KAND","TEHSIL","RURAL",755,718,28,9,1,NA,742,12,202,489
"KPK","MALAKAND","BAJAUR","BAR CHAMER KAND","TEHSIL","URBAN",NA,NA,NA,NA,NA,NA,NA,NA,NA,NA
"KPK","MALAKAND","BAJAUR","BARANG","TEHSIL","OVERALL",14016,1629,9560,2827,75,NA,13565,376,4284,5221
"KPK","MALAKAND","BAJAUR","BARANG","TEHSIL","RURAL",14016,1629,9560,2827,75,NA,13565,376,4284,5221
"KPK","MALAKAND","BAJAUR","BARANG","TEHSIL","URBAN",NA,NA,NA,NA,NA,NA,NA,NA,NA,NA
"KPK","MALAKAND","BAJAUR","KHAR BAJAUR","TEHSIL","OVERALL",41817,15200,21541,5076,355,621,36254,4587,20401,2947
"KPK","MALAKAND","BAJAUR","KHAR BAJAUR","TEHSIL","RURAL",41817,15200,21541,5076,355,621,36254,4587,20401,2947
"KPK","MALAKAND","BAJAUR","KHAR BAJAUR","TEHSIL","URBAN",NA,NA,NA,NA,NA,NA,NA,NA,NA,NA
"KPK","MALAKAND","BAJAUR","MAMUND","TEHSIL","OVERALL",48697,7448,19576,21673,372,19,40679,7627,24810,5498
"KPK","MALAKAND","BAJAUR","MAMUND","TEHSIL","RURAL",48697,7448,19576,21673,372,19,40679,7627,24810,5498
"KPK","MALAKAND","BAJAUR","MAMUND","TEHSIL","URBAN",NA,NA,NA,NA,NA,NA,NA,NA,NA,NA
"KPK","MALAKAND","BAJAUR","NAWAGAI","TEHSIL","OVERALL",13131,4190,7248,1693,84,23,9232,3792,6178,610
"KPK","MALAKAND","BAJAUR","NAWAGAI","TEHSIL","RURAL",13131,4190,7248,1693,84,23,9232,3792,6178,610
"KPK","MALAKAND","BAJAUR","NAWAGAI","TEHSIL","URBAN",NA,NA,NA,NA,NA,NA,NA,NA,NA,NA
"KPK","MALAKAND","BAJAUR","SALARZAI","TEHSIL","OVERALL",47565,9666,34812,3087,366,35,41418,5746,21771,8060
"KPK","MALAKAND","BAJAUR","SALARZAI","TEHSIL","RURAL",47565,9666,34812,3087,366,35,41418,5746,21771,8060
"KPK","MALAKAND","BAJAUR","SALARZAI","TEHSIL","URBAN",NA,NA,NA,NA,NA,NA,NA,NA,NA,NA
"KPK","MALAKAND","BAJAUR","UTMAN KHEL","TEHSIL","OVERALL",15718,8346,4399,2973,95,88,12546,2989,9028,2410
"KPK","MALAKAND","BAJAUR","UTMAN KHEL","TEHSIL","RURAL",15718,8346,4399,2973,95,88,12546,2989,9028,2410
"KPK","MALAKAND","BAJAUR","UTMAN KHEL","TEHSIL","URBAN",NA,NA,NA,NA,NA,NA,NA,NA,NA,NA
"KPK","BANNU","BANNU","BAKKA KHEL","TEHSIL","OVERALL",29374,21648,5043,2683,297,63,26978,2036,15429,1901
"KPK","BANNU","BANNU","BAKKA KHEL","TEHSIL","RURAL",29374,21648,5043,2683,297,63,26978,2036,15429,1901
"KPK","BANNU","BANNU","BAKKA KHEL","TEHSIL","URBAN",NA,NA,NA,NA,NA,NA,NA,NA,NA,NA
"KPK","BANNU","BANNU","BANNU","TEHSIL","OVERALL",89138,84408,3529,1201,17420,1779,67225,2714,45764,20366
"KPK","BANNU","BANNU","BANNU","TEHSIL","RURAL",82062,77419,3467,1176,12153,1311,66158,2440,40669,19172
"KPK","BANNU","BANNU","BANNU","TEHSIL","URBAN",7076,6989,62,25,5267,468,1067,274,5095,1194
"KPK","BANNU","BANNU","DOMEL","TEHSIL","OVERALL",24038,19271,3583,1184,1007,551,21589,891,18568,1733
"KPK","BANNU","BANNU","DOMEL","TEHSIL","RURAL",24038,19271,3583,1184,1007,551,21589,891,18568,1733
"KPK","BANNU","BANNU","DOMEL","TEHSIL","URBAN",NA,NA,NA,NA,NA,NA,NA,NA,NA,NA
"KPK","BANNU","BANNU","KAKKI","TEHSIL","OVERALL",13457,12319,570,568,239,15,12498,705,7179,2430
"KPK","BANNU","BANNU","KAKKI","TEHSIL","RURAL",13457,12319,570,568,239,15,12498,705,7179,2430
"KPK","BANNU","BANNU","KAKKI","TEHSIL","URBAN",NA,NA,NA,NA,NA,NA,NA,NA,NA,NA
"KPK","BANNU","BANNU","MERYAN","TEHSIL","OVERALL",21780,15928,4369,1483,95,52,20887,746,9336,4947
"KPK","BANNU","BANNU","MERYAN","TEHSIL","RURAL",21780,15928,4369,1483,95,52,20887,746,9336,4947
"KPK","BANNU","BANNU","MERYAN","TEHSIL","URBAN",NA,NA,NA,NA,NA,NA,NA,NA,NA,NA
"KPK","BANNU","BANNU","WAZIR","SUB-DIVISION","OVERALL",5343,1402,3166,775,20,NA,4692,631,2557,956
"KPK","BANNU","BANNU","WAZIR","SUB-DIVISION","RURAL",5343,1402,3166,775,20,NA,4692,631,2557,956
"KPK","BANNU","BANNU","WAZIR","SUB-DIVISION","URBAN",NA,NA,NA,NA,NA,NA,NA,NA,NA,NA
NA,NA,"BATAGRAM","ALLAI","TEHSIL","OVERALL",34830,16448,3861,14521,204,305,33739,582,18804,6273
NA,NA,"BATAGRAM","ALLAI","TEHSIL","RURAL",34830,16448,3861,14521,204,305,33739,582,18804,6273
NA,NA,"BATAGRAM","ALLAI","TEHSIL","URBAN",NA,NA,NA,NA,NA,NA,NA,NA,NA,NA
"KPK","HAZARA","BATAGRAM","BATAGRAM","TEHSIL","OVERALL",51366,41469,5657,4240,194,623,50355,194,37159,5773
"KPK","HAZARA","BATAGRAM","BATAGRAM","TEHSIL","RURAL",51366,41469,5657,4240,194,623,50355,194,37159,5773
"KPK","HAZARA","BATAGRAM","BATAGRAM","TEHSIL","URBAN",NA,NA,NA,NA,NA,NA,NA,NA,NA,NA
"KPK","MALAKAND","BUNER","CHAGHARZAI","TEHSIL","OVERALL",14454,8533,3128,2793,48,4,14276,126,8410,3513
"KPK","MALAKAND","BUNER","CHAGHARZAI","TEHSIL","RURAL",14454,8533,3128,2793,48,4,14276,126,8410,3513
"KPK","MALAKAND","BUNER","CHAGHARZAI","TEHSIL","URBAN",NA,NA,NA,NA,NA,NA,NA,NA,NA,NA
"KPK","MALAKAND","BUNER","DAGGAR","TEHSIL","OVERALL",21319,17963,1911,1445,79,239,20427,574,14827,3274
"KPK","MALAKAND","BUNER","DAGGAR","TEHSIL","RURAL",21319,17963,1911,1445,79,239,20427,574,14827,3274
"KPK","MALAKAND","BUNER","DAGGAR","TEHSIL","URBAN",NA,NA,NA,NA,NA,NA,NA,NA,NA,NA
"KPK","MALAKAND","BUNER","GADEZAI","TEHSIL","OVERALL",21293,17257,1942,2094,89,169,20720,315,13151,4397
"KPK","MALAKAND","BUNER","GADEZAI","TEHSIL","RURAL",21293,17257,1942,2094,89,169,20720,315,13151,4397
"KPK","MALAKAND","BUNER","GADEZAI","TEHSIL","URBAN",NA,NA,NA,NA,NA,NA,NA,NA,NA,NA
"KPK","MALAKAND","BUNER","GAGRA","TEHSIL","OVERALL",19458,18136,366,956,62,285,18922,189,14746,1721
"KPK","MALAKAND","BUNER","GAGRA","TEHSIL","RURAL",19458,18136,366,956,62,285,18922,189,14746,1721
"KPK","MALAKAND","BUNER","GAGRA","TEHSIL","URBAN",NA,NA,NA,NA,NA,NA,NA,NA,NA,NA
"KPK","MALAKAND","BUNER","KHADO KHEL","TEHSIL","OVERALL",17935,15254,1394,1287,79,446,17339,71,10585,4121
"KPK","MALAKAND","BUNER","KHADO KHEL","TEHSIL","RURAL",17935,15254,1394,1287,79,446,17339,71,10585,4121
"KPK","MALAKAND","BUNER","KHADO KHEL","TEHSIL","URBAN",NA,NA,NA,NA,NA,NA,NA,NA,NA,NA
"KPK","MALAKAND","BUNER","MANDANR","TEHSIL","OVERALL",24206,18217,4177,1812,61,188,23751,206,11747,7961
"KPK","MALAKAND","BUNER","MANDANR","TEHSIL","RURAL",24206,18217,4177,1812,61,188,23751,206,11747,7961
"KPK","MALAKAND","BUNER","MANDANR","TEHSIL","URBAN",NA,NA,NA,NA,NA,NA,NA,NA,NA,NA
"KPK","PESHAWAR","CHARSADDA","CHARSADDA","TEHSIL","OVERALL",129621,121763,4787,3071,55452,2969,68662,2538,90336,11747
"KPK","PESHAWAR","CHARSADDA","CHARSADDA","TEHSIL","RURAL",106804,99341,4631,2832,36186,2185,66208,2225,73823,10122
"KPK","PESHAWAR","CHARSADDA","CHARSADDA","TEHSIL","URBAN",22817,22422,156,239,19266,784,2454,313,16513,1625
"KPK","PESHAWAR","CHARSADDA","SHABQADAR","TEHSIL","OVERALL",63241,54540,7065,1636,8698,3470,50032,1041,38185,9330
"KPK","PESHAWAR","CHARSADDA","SHABQADAR","TEHSIL","RURAL",48034,40085,6571,1378,5525,1515,40386,608,27538,7938
"KPK","PESHAWAR","CHARSADDA","SHABQADAR","TEHSIL","URBAN",15207,14455,494,258,3173,1955,9646,433,10647,1392
"KPK","PESHAWAR","CHARSADDA","TANGI","TEHSIL","OVERALL",71072,60115,8242,2715,22567,803,46483,1219,44228,5059
"KPK","PESHAWAR","CHARSADDA","TANGI","TEHSIL","RURAL",64587,53744,8178,2665,17774,526,45326,961,40269,4731
"KPK","PESHAWAR","CHARSADDA","TANGI","TEHSIL","URBAN",6485,6371,64,50,4793,277,1157,258,3959,328
"KPK","DERA ISMAIL KHAN","DERA ISMAIL KHAN","DARABAN","TEHSIL","OVERALL",19400,11882,2979,4539,50,6,17709,1635,5391,11176
"KPK","DERA ISMAIL KHAN","DERA ISMAIL KHAN","DARABAN","TEHSIL","RURAL",19400,11882,2979,4539,50,6,17709,1635,5391,11176
"KPK","DERA ISMAIL KHAN","DERA ISMAIL KHAN","DARABAN","TEHSIL","URBAN",NA,NA,NA,NA,NA,NA,NA,NA,NA,NA
"KPK","DERA ISMAIL KHAN","DERA ISMAIL KHAN","DERA ISMAIL KHAN","TEHSIL","OVERALL",116498,103960,3874,8664,31712,3642,69292,11852,66911,25002
"KPK","DERA ISMAIL KHAN","DERA ISMAIL KHAN","DERA ISMAIL KHAN","TEHSIL","RURAL",80760,69064,3320,8376,6539,1279,61925,11017,39660,21879
"KPK","DERA ISMAIL KHAN","DERA ISMAIL KHAN","DERA ISMAIL KHAN","TEHSIL","URBAN",35738,34896,554,288,25173,2363,7367,835,27251,3123
"KPK","DERA ISMAIL KHAN","DERA ISMAIL KHAN","DRAZANDA","SUB-DIVISION","OVERALL",9765,4249,3584,1932,25,1,9149,590,4645,3202
"KPK","DERA ISMAIL KHAN","DERA ISMAIL KHAN","DRAZANDA","SUB-DIVISION","RURAL",9765,4249,3584,1932,25,1,9149,590,4645,3202
"KPK","DERA ISMAIL KHAN","DERA ISMAIL KHAN","DRAZANDA","SUB-DIVISION","URBAN",NA,NA,NA,NA,NA,NA,NA,NA,NA,NA
"KPK","DERA ISMAIL KHAN","DERA ISMAIL KHAN","KULACHI","TEHSIL","OVERALL",16119,14097,485,1537,45,1,14596,1477,5923,5694
"KPK","DERA ISMAIL KHAN","DERA ISMAIL KHAN","KULACHI","TEHSIL","RURAL",12076,10518,473,1085,28,NA,11113,935,4273,3990
"KPK","DERA ISMAIL KHAN","DERA ISMAIL KHAN","KULACHI","TEHSIL","URBAN",4043,3579,12,452,17,1,3483,542,1650,1704
"KPK","DERA ISMAIL KHAN","DERA ISMAIL KHAN","PAHARPUR","TEHSIL","OVERALL",59461,48000,3196,8265,272,226,55604,3359,23850,26202
"KPK","DERA ISMAIL KHAN","DERA ISMAIL KHAN","PAHARPUR","TEHSIL","RURAL",45999,35981,2805,7213,223,83,43611,2082,18140,20896
"KPK","DERA ISMAIL KHAN","DERA ISMAIL KHAN","PAHARPUR","TEHSIL","URBAN",13462,12019,391,1052,49,143,11993,1277,5710,5306
"KPK","DERA ISMAIL KHAN","DERA ISMAIL KHAN","PAROA","TEHSIL","OVERALL",48778,36180,5208,7390,120,403,39442,8813,15553,24779
"KPK","DERA ISMAIL KHAN","DERA ISMAIL KHAN","PAROA","TEHSIL","RURAL",42230,29981,5114,7135,107,390,34070,7663,13120,21528
"KPK","DERA ISMAIL KHAN","DERA ISMAIL KHAN","PAROA","TEHSIL","URBAN",6548,6199,94,255,13,13,5372,1150,2433,3251
"KPK","KOHAT","HANGU","HANGU","TEHSIL","OVERALL",33434,28758,3762,914,8738,860,23595,241,21617,4432
"KPK","KOHAT","HANGU","HANGU","TEHSIL","RURAL",27795,23211,3712,872,4060,566,22996,173,17037,3991
"KPK","KOHAT","HANGU","HANGU","TEHSIL","URBAN",5639,5547,50,42,4678,294,599,68,4580,441
"KPK","KOHAT","HANGU","TALL","TEHSIL","OVERALL",27714,13295,12967,1452,232,2095,25143,244,18399,3150
"KPK","KOHAT","HANGU","TALL","TEHSIL","RURAL",22619,8920,12400,1299,182,893,21321,223,14818,2385
"KPK","KOHAT","HANGU","TALL","TEHSIL","URBAN",5095,4375,567,153,50,1202,3822,21,3581,765
"KPK","HAZARA","HARIPUR","GHAZI","TEHSIL","OVERALL",26243,25175,647,421,7610,865,17655,113,19493,4698
"KPK","HAZARA","HARIPUR","GHAZI","TEHSIL","RURAL",26243,25175,647,421,7610,865,17655,113,19493,4698
"KPK","HAZARA","HARIPUR","GHAZI","TEHSIL","URBAN",NA,NA,NA,NA,NA,NA,NA,NA,NA,NA
"KPK","HAZARA","HARIPUR","HARIPUR","TEHSIL","OVERALL",135282,132788,1567,927,61618,6746,66248,670,109008,8231
"KPK","HAZARA","HARIPUR","HARIPUR","TEHSIL","RURAL",110776,108402,1468,906,38570,6012,65628,566,88055,7370
"KPK","HAZARA","HARIPUR","HARIPUR","TEHSIL","URBAN",24506,24386,99,21,23048,734,620,104,20953,861
"KPK","HAZARA","HARIPUR","KHANPUR","TEHSIL","OVERALL",30926,30389,281,256,7228,1139,22460,99,23720,5202
"KPK","HAZARA","HARIPUR","KHANPUR","TEHSIL","RURAL",30926,30389,281,256,7228,1139,22460,99,23720,5202
"KPK","HAZARA","HARIPUR","KHANPUR","TEHSIL","URBAN",NA,NA,NA,NA,NA,NA,NA,NA,NA,NA
"KPK","KOHAT","KARAK","BANDA DAUD SHAH","TEHSIL","OVERALL",22259,15924,3342,2993,8350,75,12980,854,13752,3793
"KPK","KOHAT","KARAK","BANDA DAUD SHAH","TEHSIL","RURAL",22259,15924,3342,2993,8350,75,12980,854,13752,3793
"KPK","KOHAT","KARAK","BANDA DAUD SHAH","TEHSIL","URBAN",NA,NA,NA,NA,NA,NA,NA,NA,NA,NA
"KPK","KOHAT","KARAK","KARAK","TEHSIL","OVERALL",39930,30691,4895,4344,12442,364,26053,1071,28304,5769
"KPK","KOHAT","KARAK","KARAK","TEHSIL","RURAL",31994,23191,4754,4049,6887,115,24087,905,21989,5345
"KPK","KOHAT","KARAK","KARAK","TEHSIL","URBAN",7936,7500,141,295,5555,249,1966,166,6315,424
"KPK","KOHAT","KARAK","TAKHT-E-NASRATI","TEHSIL","OVERALL",33808,25629,5247,2932,6762,234,23511,3301,24349,2959
"KPK","KOHAT","KARAK","TAKHT-E-NASRATI","TEHSIL","RURAL",33808,25629,5247,2932,6762,234,23511,3301,24349,2959
"KPK","KOHAT","KARAK","TAKHT-E-NASRATI","TEHSIL","URBAN",NA,NA,NA,NA,NA,NA,NA,NA,NA,NA
"KPK","PESHAWAR","KHYBER","BARA","TEHSIL","OVERALL",76240,24441,43967,7832,604,199,71910,3527,41195,7353
"KPK","PESHAWAR","KHYBER","BARA","TEHSIL","RURAL",76240,24441,43967,7832,604,199,71910,3527,41195,7353
"KPK","PESHAWAR","KHYBER","BARA","TEHSIL","URBAN",NA,NA,NA,NA,NA,NA,NA,NA,NA,NA
"KPK","PESHAWAR","KHYBER","JAMRUD","TEHSIL","OVERALL",37127,16045,18215,2867,600,2985,31858,1684,16191,6219
"KPK","PESHAWAR","KHYBER","JAMRUD","TEHSIL","RURAL",28664,12226,15033,1405,341,392,26611,1320,11977,4440
"KPK","PESHAWAR","KHYBER","JAMRUD","TEHSIL","URBAN",8463,3819,3182,1462,259,2593,5247,364,4214,1779
"KPK","PESHAWAR","KHYBER","LANDI KOTAL","TEHSIL","OVERALL",47515,11659,33486,2370,2240,7508,33446,4321,18944,7814
"KPK","PESHAWAR","KHYBER","LANDI KOTAL","TEHSIL","RURAL",42150,10164,30197,1789,2170,5453,30464,4063,15860,6954
"KPK","PESHAWAR","KHYBER","LANDI KOTAL","TEHSIL","URBAN",5365,1495,3289,581,70,2055,2982,258,3084,860
"KPK","PESHAWAR","KHYBER","MULLA GORI","TEHSIL","OVERALL",5923,2190,1881,1852,63,24,2827,3009,3354,701
"KPK","PESHAWAR","KHYBER","MULLA GORI","TEHSIL","RURAL",5923,2190,1881,1852,63,24,2827,3009,3354,701
"KPK","PESHAWAR","KHYBER","MULLA GORI","TEHSIL","URBAN",NA,NA,NA,NA,NA,NA,NA,NA,NA,NA
"KPK","KOHAT","KOHAT","DARRA ADAM KHEL","SUB-DIVISION","OVERALL",18161,13993,3783,385,54,3293,14714,100,10906,2233
"KPK","KOHAT","KOHAT","DARRA ADAM KHEL","SUB-DIVISION","RURAL",18161,13993,3783,385,54,3293,14714,100,10906,2233
"KPK","KOHAT","KOHAT","DARRA ADAM KHEL","SUB-DIVISION","URBAN",NA,NA,NA,NA,NA,NA,NA,NA,NA,NA
"KPK","KOHAT","KOHAT","GUMBAT","TEHSIL","OVERALL",18466,15603,1910,953,5582,70,12665,149,11289,3508
"KPK","KOHAT","KOHAT","GUMBAT","TEHSIL","RURAL",18466,15603,1910,953,5582,70,12665,149,11289,3508
"KPK","KOHAT","KOHAT","GUMBAT","TEHSIL","URBAN",NA,NA,NA,NA,NA,NA,NA,NA,NA,NA
"KPK","KOHAT","KOHAT","KOHAT","TEHSIL","OVERALL",111368,102883,5564,2921,54143,4574,51140,1511,81976,8413
"KPK","KOHAT","KOHAT","KOHAT","TEHSIL","RURAL",75605,68132,4834,2639,25558,2681,46278,1088,52438,7354
"KPK","KOHAT","KOHAT","KOHAT","TEHSIL","URBAN",35763,34751,730,282,28585,1893,4862,423,29538,1059
"KPK","KOHAT","KOHAT","LACHI","TEHSIL","OVERALL",21684,16447,3183,2054,1306,240,19862,276,14346,5880
"KPK","KOHAT","KOHAT","LACHI","TEHSIL","RURAL",15538,10677,2913,1948,334,12,14962,230,8949,5521
"KPK","KOHAT","KOHAT","LACHI","TEHSIL","URBAN",6146,5770,270,106,972,228,4900,46,5397,359
"KPK","HAZARA","KOLAI PALAS KOHISTAN","BATTAIRA","SUB-DIVISION","OVERALL",19313,3038,5976,10299,98,3,17284,1928,6791,4069
"KPK","HAZARA","KOLAI PALAS KOHISTAN","BATTAIRA","SUB-DIVISION","RURAL",19313,3038,5976,10299,98,3,17284,1928,6791,4069
"KPK","HAZARA","KOLAI PALAS KOHISTAN","BATTAIRA","SUB-DIVISION","URBAN",NA,NA,NA,NA,NA,NA,NA,NA,NA,NA
"KPK","HAZARA","KOLAI PALAS KOHISTAN","PALAS","SUB-DIVISION","OVERALL",14670,2334,4460,7876,76,4,14337,253,6012,3478
"KPK","HAZARA","KOLAI PALAS KOHISTAN","PALAS","SUB-DIVISION","RURAL",14670,2334,4460,7876,76,4,14337,253,6012,3478
"KPK","HAZARA","KOLAI PALAS KOHISTAN","PALAS","SUB-DIVISION","URBAN",NA,NA,NA,NA,NA,NA,NA,NA,NA,NA
"KPK","KOHAT","KURRAM","CENTRAL KURRAM F.R","TEHSIL","OVERALL",41111,12915,24618,3578,330,84,39738,959,16665,14821
"KPK","KOHAT","KURRAM","CENTRAL KURRAM F.R","TEHSIL","RURAL",41111,12915,24618,3578,330,84,39738,959,16665,14821
"KPK","KOHAT","KURRAM","CENTRAL KURRAM F.R","TEHSIL","URBAN",NA,NA,NA,NA,NA,NA,NA,NA,NA,NA
"KPK","KOHAT","KURRAM","LOWER KURRAM","TEHSIL","OVERALL",19319,10427,7932,960,347,270,18283,419,10827,4162
"KPK","KOHAT","KURRAM","LOWER KURRAM","TEHSIL","RURAL",15376,8704,6026,646,251,78,14745,302,8499,3382
"KPK","KOHAT","KURRAM","LOWER KURRAM","TEHSIL","URBAN",3943,1723,1906,314,96,192,3538,117,2328,780
"KPK","KOHAT","KURRAM","UPPER KURRAM","TEHSIL","OVERALL",34118,25235,7278,1605,788,3193,29698,439,17604,11863
"KPK","KOHAT","KURRAM","UPPER KURRAM","TEHSIL","RURAL",33323,25126,6696,1501,568,2649,29669,437,17209,11633
"KPK","KOHAT","KURRAM","UPPER KURRAM","TEHSIL","URBAN",795,109,582,104,220,544,29,2,395,230
"KPK","BANNU","LAKKI MARWAT","BETTANI","SUB-DIVISION","OVERALL",5016,35,4032,949,27,51,4790,148,2866,61
"KPK","BANNU","LAKKI MARWAT","BETTANI","SUB-DIVISION","RURAL",5016,35,4032,949,27,51,4790,148,2866,61
"KPK","BANNU","LAKKI MARWAT","BETTANI","SUB-DIVISION","URBAN",NA,NA,NA,NA,NA,NA,NA,NA,NA,NA
"KPK","BANNU","LAKKI MARWAT","GHAZNI KHEL","TEHSIL","OVERALL",43615,32961,7252,3402,655,266,41433,1261,25503,6041
"KPK","BANNU","LAKKI MARWAT","GHAZNI KHEL","TEHSIL","RURAL",43615,32961,7252,3402,655,266,41433,1261,25503,6041
"KPK","BANNU","LAKKI MARWAT","GHAZNI KHEL","TEHSIL","URBAN",NA,NA,NA,NA,NA,NA,NA,NA,NA,NA
"KPK","BANNU","LAKKI MARWAT","LAKKI MARWAT","TEHSIL","OVERALL",45072,39502,4106,1464,7970,83,34864,2155,26184,5254
"KPK","BANNU","LAKKI MARWAT","LAKKI MARWAT","TEHSIL","RURAL",34902,29598,3954,1350,165,43,32628,2066,18745,4380
"KPK","BANNU","LAKKI MARWAT","LAKKI MARWAT","TEHSIL","URBAN",10170,9904,152,114,7805,40,2236,89,7439,874
"KPK","BANNU","LAKKI MARWAT","SARAI NAURANG","TEHSIL","OVERALL",38097,29008,6066,3023,3025,225,31383,3464,22466,6946
"KPK","BANNU","LAKKI MARWAT","SARAI NAURANG","TEHSIL","RURAL",34373,25444,6017,2912,424,189,30367,3393,19677,6379
"KPK","BANNU","LAKKI MARWAT","SARAI NAURANG","TEHSIL","URBAN",3724,3564,49,111,2601,36,1016,71,2789,567
"KPK","MALAKAND","LOWER CHITRAL","CHITRAL","SUB-DIVISION","OVERALL",30425,28677,1054,694,123,485,29715,102,26233,3296
"KPK","MALAKAND","LOWER CHITRAL","CHITRAL","SUB-DIVISION","RURAL",22070,20478,950,642,66,106,21815,83,18377,3069
"KPK","MALAKAND","LOWER CHITRAL","CHITRAL","SUB-DIVISION","URBAN",8355,8199,104,52,57,379,7900,19,7856,227
"KPK","MALAKAND","LOWER CHITRAL","DROSH","SUB-DIVISION","OVERALL",15603,11178,1480,2945,44,38,15352,169,9520,4251
"KPK","MALAKAND","LOWER CHITRAL","DROSH","SUB-DIVISION","RURAL",15603,11178,1480,2945,44,38,15352,169,9520,4251
"KPK","MALAKAND","LOWER CHITRAL","DROSH","SUB-DIVISION","URBAN",NA,NA,NA,NA,NA,NA,NA,NA,NA,NA
"KPK","MALAKAND","LOWER DIR","ADENZAI","SUB-DIVISION","OVERALL",48639,47933,274,432,2511,3152,42366,610,32190,6585
"KPK","MALAKAND","LOWER DIR","ADENZAI","SUB-DIVISION","RURAL",48639,47933,274,432,2511,3152,42366,610,32190,6585
"KPK","MALAKAND","LOWER DIR","ADENZAI","SUB-DIVISION","URBAN",NA,NA,NA,NA,NA,NA,NA,NA,NA,NA
"KPK","MALAKAND","LOWER DIR","LAL QILA","SUB-DIVISION","OVERALL",29037,27414,1116,507,129,429,28082,397,23748,2799
"KPK","MALAKAND","LOWER DIR","LAL QILA","SUB-DIVISION","RURAL",29037,27414,1116,507,129,429,28082,397,23748,2799
"KPK","MALAKAND","LOWER DIR","LAL QILA","SUB-DIVISION","URBAN",NA,NA,NA,NA,NA,NA,NA,NA,NA,NA
"KPK","MALAKAND","LOWER DIR","SAMARBAGH","SUB-DIVISION","OVERALL",53470,43010,8093,2367,309,1565,50283,1313,30883,9044
"KPK","MALAKAND","LOWER DIR","SAMARBAGH","SUB-DIVISION","RURAL",53470,43010,8093,2367,309,1565,50283,1313,30883,9044
"KPK","MALAKAND","LOWER DIR","SAMARBAGH","SUB-DIVISION","URBAN",NA,NA,NA,NA,NA,NA,NA,NA,NA,NA
"KPK","MALAKAND","LOWER DIR","TEMERGARA","SUB-DIVISION","OVERALL",71690,70283,813,594,14474,8321,48383,512,52718,9665
"KPK","MALAKAND","LOWER DIR","TEMERGARA","SUB-DIVISION","RURAL",65617,64255,782,580,10355,7556,47210,496,47986,9097
"KPK","MALAKAND","LOWER DIR","TEMERGARA","SUB-DIVISION","URBAN",6073,6028,31,14,4119,765,1173,16,4732,568
"KPK","HAZARA","LOWER KOHISTAN","BANKAND RANOLIA","TEHSIL","OVERALL",23752,7955,9829,5968,201,15,22701,835,10019,4687
"KPK","HAZARA","LOWER KOHISTAN","BANKAND RANOLIA","TEHSIL","RURAL",23752,7955,9829,5968,201,15,22701,835,10019,4687
"KPK","HAZARA","LOWER KOHISTAN","BANKAND RANOLIA","TEHSIL","URBAN",NA,NA,NA,NA,NA,NA,NA,NA,NA,NA
"KPK","HAZARA","LOWER KOHISTAN","PATTAN","SUB-DIVISION","OVERALL",23595,9384,5912,8299,153,41,22079,1322,9311,5086
"KPK","HAZARA","LOWER KOHISTAN","PATTAN","SUB-DIVISION","RURAL",23595,9384,5912,8299,153,41,22079,1322,9311,5086
"KPK","HAZARA","LOWER KOHISTAN","PATTAN","SUB-DIVISION","URBAN",NA,NA,NA,NA,NA,NA,NA,NA,NA,NA
"KPK","MALAKAND","MALAKAND","SAM RANI ZAI","SUB-DIVISION","OVERALL",48618,47090,679,849,14199,1370,32694,355,35570,6011
"KPK","MALAKAND","MALAKAND","SAM RANI ZAI","SUB-DIVISION","RURAL",48618,47090,679,849,14199,1370,32694,355,35570,6011
"KPK","MALAKAND","MALAKAND","SAM RANI ZAI","SUB-DIVISION","URBAN",NA,NA,NA,NA,NA,NA,NA,NA,NA,NA
"KPK","MALAKAND","MALAKAND","SWAT RANI ZAI","SUB-DIVISION","OVERALL",64500,62438,984,1078,24744,3844,35450,462,41895,12956
"KPK","MALAKAND","MALAKAND","SWAT RANI ZAI","SUB-DIVISION","RURAL",54161,52502,653,1006,17882,2811,33072,396,33979,12095
"KPK","MALAKAND","MALAKAND","SWAT RANI ZAI","SUB-DIVISION","URBAN",10339,9936,331,72,6862,1033,2378,66,7916,861
"KPK","HAZARA","MANSEHRA","BAFFA PAKHAL","TEHSIL","OVERALL",76612,72445,1738,2429,507,5249,70202,654,56787,7529
"KPK","HAZARA","MANSEHRA","BAFFA PAKHAL","TEHSIL","RURAL",73704,69561,1724,2419,483,4416,68163,642,54375,7447
"KPK","HAZARA","MANSEHRA","BAFFA PAKHAL","TEHSIL","URBAN",2908,2884,14,10,24,833,2039,12,2412,82
"KPK","HAZARA","MANSEHRA","BALAKOT","TEHSIL","OVERALL",53597,48276,2914,2407,248,1883,51145,321,40452,5165
"KPK","HAZARA","MANSEHRA","BALAKOT","TEHSIL","RURAL",53597,48276,2914,2407,248,1883,51145,321,40452,5165
"KPK","HAZARA","MANSEHRA","BALAKOT","TEHSIL","URBAN",NA,NA,NA,NA,NA,NA,NA,NA,NA,NA
"KPK","HAZARA","MANSEHRA","DARBAND","TEHSIL","OVERALL",7671,7535,61,75,40,36,7590,5,4507,2249
"KPK","HAZARA","MANSEHRA","DARBAND","TEHSIL","RURAL",7671,7535,61,75,40,36,7590,5,4507,2249
"KPK","HAZARA","MANSEHRA","DARBAND","TEHSIL","URBAN",NA,NA,NA,NA,NA,NA,NA,NA,NA,NA
"KPK","HAZARA","MANSEHRA","MANSEHRA","TEHSIL","OVERALL",118936,115858,1171,1907,44995,3092,69808,1041,94812,6499
"KPK","HAZARA","MANSEHRA","MANSEHRA","TEHSIL","RURAL",95273,92421,1039,1813,22919,2396,69050,908,74486,5966
"KPK","HAZARA","MANSEHRA","MANSEHRA","TEHSIL","URBAN",23663,23437,132,94,22076,696,758,133,20326,533
"KPK","HAZARA","MANSEHRA","OGHI","TEHSIL","OVERALL",37236,35919,537,780,111,668,36369,88,24898,6730
"KPK","HAZARA","MANSEHRA","OGHI","TEHSIL","RURAL",37236,35919,537,780,111,668,36369,88,24898,6730
"KPK","HAZARA","MANSEHRA","OGHI","TEHSIL","URBAN",NA,NA,NA,NA,NA,NA,NA,NA,NA,NA
"KPK","MARDAN","MARDAN","GHARI KAPOORA","TEHSIL","OVERALL",48819,45946,1491,1382,11285,478,35453,1603,31502,3385
"KPK","MARDAN","MARDAN","GHARI KAPOORA","TEHSIL","RURAL",48819,45946,1491,1382,11285,478,35453,1603,31502,3385
"KPK","MARDAN","MARDAN","GHARI KAPOORA","TEHSIL","URBAN",NA,NA,NA,NA,NA,NA,NA,NA,NA,NA
"KPK","MARDAN","MARDAN","KATLANG","TEHSIL","OVERALL",50733,48929,765,1039,9184,371,40920,258,36144,4479
"KPK","MARDAN","MARDAN","KATLANG","TEHSIL","RURAL",50733,48929,765,1039,9184,371,40920,258,36144,4479
"KPK","MARDAN","MARDAN","KATLANG","TEHSIL","URBAN",NA,NA,NA,NA,NA,NA,NA,NA,NA,NA
"KPK","MARDAN","MARDAN","MARDAN","TEHSIL","OVERALL",152354,146090,2742,3522,74639,6518,68410,2787,110177,8210
"KPK","MARDAN","MARDAN","MARDAN","TEHSIL","RURAL",97551,92689,2071,2791,30266,4078,61309,1898,67404,6539
"KPK","MARDAN","MARDAN","MARDAN","TEHSIL","URBAN",54803,53401,671,731,44373,2440,7101,889,42773,1671
"KPK","MARDAN","MARDAN","RUSTAM","TEHSIL","OVERALL",40992,38551,632,1809,353,692,39834,113,27433,6136
"KPK","MARDAN","MARDAN","RUSTAM","TEHSIL","RURAL",40992,38551,632,1809,353,692,39834,113,27433,6136
"KPK","MARDAN","MARDAN","RUSTAM","TEHSIL","URBAN",NA,NA,NA,NA,NA,NA,NA,NA,NA,NA
"KPK","MARDAN","MARDAN","TAKHT BHAI","TEHSIL","OVERALL",107961,104218,1706,2037,32453,2136,71982,1390,71573,5771
"KPK","MARDAN","MARDAN","TAKHT BHAI","TEHSIL","RURAL",94639,91107,1566,1966,21796,1698,69847,1298,62868,5040
"KPK","MARDAN","MARDAN","TAKHT BHAI","TEHSIL","URBAN",13322,13111,140,71,10657,438,2135,92,8705,731
"KPK","PESHAWAR","MOHMAND","AMBAR UTMAN KHEL","TEHSIL","OVERALL",10021,51,8614,1356,147,1,9445,428,5248,708
"KPK","PESHAWAR","MOHMAND","AMBAR UTMAN KHEL","TEHSIL","RURAL",10021,51,8614,1356,147,1,9445,428,5248,708
"KPK","PESHAWAR","MOHMAND","AMBAR UTMAN KHEL","TEHSIL","URBAN",NA,NA,NA,NA,NA,NA,NA,NA,NA,NA
"KPK","PESHAWAR","MOHMAND","HALIM ZAI","TEHSIL","OVERALL",10149,7892,2148,109,74,245,8168,1662,6603,248
"KPK","PESHAWAR","MOHMAND","HALIM ZAI","TEHSIL","RURAL",10149,7892,2148,109,74,245,8168,1662,6603,248
"KPK","PESHAWAR","MOHMAND","HALIM ZAI","TEHSIL","URBAN",NA,NA,NA,NA,NA,NA,NA,NA,NA,NA
"KPK","PESHAWAR","MOHMAND","PINDIALI","TEHSIL","OVERALL",13364,4189,7590,1585,79,69,12507,709,8258,688
"KPK","PESHAWAR","MOHMAND","PINDIALI","TEHSIL","RURAL",13364,4189,7590,1585,79,69,12507,709,8258,688
"KPK","PESHAWAR","MOHMAND","PINDIALI","TEHSIL","URBAN",NA,NA,NA,NA,NA,NA,NA,NA,NA,NA
"KPK","PESHAWAR","MOHMAND","PRANG GHAR","TEHSIL","OVERALL",4285,1933,1779,573,13,2,4031,239,2800,902
"KPK","PESHAWAR","MOHMAND","PRANG GHAR","TEHSIL","RURAL",4285,1933,1779,573,13,2,4031,239,2800,902
"KPK","PESHAWAR","MOHMAND","PRANG GHAR","TEHSIL","URBAN",NA,NA,NA,NA,NA,NA,NA,NA,NA,NA
"KPK","PESHAWAR","MOHMAND","SAFI","TEHSIL","OVERALL",10522,3577,6244,701,104,21,8988,1409,7344,369
"KPK","PESHAWAR","MOHMAND","SAFI","TEHSIL","RURAL",10522,3577,6244,701,104,21,8988,1409,7344,369
"KPK","PESHAWAR","MOHMAND","SAFI","TEHSIL","URBAN",NA,NA,NA,NA,NA,NA,NA,NA,NA,NA
"KPK","PESHAWAR","MOHMAND","UPPER MOHMAND","TEHSIL","OVERALL",7292,897,5143,1252,33,18,6084,1157,4457,425
"KPK","PESHAWAR","MOHMAND","UPPER MOHMAND","TEHSIL","RURAL",7292,897,5143,1252,33,18,6084,1157,4457,425
"KPK","PESHAWAR","MOHMAND","UPPER MOHMAND","TEHSIL","URBAN",NA,NA,NA,NA,NA,NA,NA,NA,NA,NA
"KPK","PESHAWAR","MOHMAND","YAKE GHUND","TEHSIL","OVERALL",8340,6062,1841,437,99,338,7562,341,5686,569
"KPK","PESHAWAR","MOHMAND","YAKE GHUND","TEHSIL","RURAL",8340,6062,1841,437,99,338,7562,341,5686,569
"KPK","PESHAWAR","MOHMAND","YAKE GHUND","TEHSIL","URBAN",NA,NA,NA,NA,NA,NA,NA,NA,NA,NA
"KPK","BANNU","NORTH WAZIRISTAN","DATTA KHEL","TEHSIL","OVERALL",14725,5012,8698,1015,140,188,13612,785,9443,415
"KPK","BANNU","NORTH WAZIRISTAN","DATTA KHEL","TEHSIL","RURAL",14725,5012,8698,1015,140,188,13612,785,9443,415
"KPK","BANNU","NORTH WAZIRISTAN","DATTA KHEL","TEHSIL","URBAN",NA,NA,NA,NA,NA,NA,NA,NA,NA,NA
"KPK","BANNU","NORTH WAZIRISTAN","DOSSALI","TEHSIL","OVERALL",7645,2681,4011,953,62,8,6921,654,2807,689
"KPK","BANNU","NORTH WAZIRISTAN","DOSSALI","TEHSIL","RURAL",7645,2681,4011,953,62,8,6921,654,2807,689
"KPK","BANNU","NORTH WAZIRISTAN","DOSSALI","TEHSIL","URBAN",NA,NA,NA,NA,NA,NA,NA,NA,NA,NA
"KPK","BANNU","NORTH WAZIRISTAN","GHARYUM","TEHSIL","OVERALL",1989,5,1792,192,28,4,1920,37,979,586
"KPK","BANNU","NORTH WAZIRISTAN","GHARYUM","TEHSIL","RURAL",1989,5,1792,192,28,4,1920,37,979,586
"KPK","BANNU","NORTH WAZIRISTAN","GHARYUM","TEHSIL","URBAN",NA,NA,NA,NA,NA,NA,NA,NA,NA,NA
"KPK","BANNU","NORTH WAZIRISTAN","GHULAM KHAN","TEHSIL","OVERALL",3139,1082,1776,281,20,NA,2136,983,1893,683
"KPK","BANNU","NORTH WAZIRISTAN","GHULAM KHAN","TEHSIL","RURAL",3139,1082,1776,281,20,NA,2136,983,1893,683
"KPK","BANNU","NORTH WAZIRISTAN","GHULAM KHAN","TEHSIL","URBAN",NA,NA,NA,NA,NA,NA,NA,NA,NA,NA
"KPK","BANNU","NORTH WAZIRISTAN","MIR ALI","TEHSIL","OVERALL",34321,23673,8704,1944,236,55,31419,2611,20277,4671
"KPK","BANNU","NORTH WAZIRISTAN","MIR ALI","TEHSIL","RURAL",34321,23673,8704,1944,236,55,31419,2611,20277,4671
"KPK","BANNU","NORTH WAZIRISTAN","MIR ALI","TEHSIL","URBAN",NA,NA,NA,NA,NA,NA,NA,NA,NA,NA
"KPK","BANNU","NORTH WAZIRISTAN","MIRAN SHAH","TEHSIL","OVERALL",19074,13790,4848,436,301,417,17701,655,12471,841
"KPK","BANNU","NORTH WAZIRISTAN","MIRAN SHAH","TEHSIL","RURAL",18464,13559,4482,423,278,56,17482,648,12069,836
"KPK","BANNU","NORTH WAZIRISTAN","MIRAN SHAH","TEHSIL","URBAN",610,231,366,13,23,361,219,7,402,5
"KPK","BANNU","NORTH WAZIRISTAN","RAZMAK","TEHSIL","OVERALL",3496,2041,473,982,40,6,2967,483,2104,357
"KPK","BANNU","NORTH WAZIRISTAN","RAZMAK","TEHSIL","RURAL",3496,2041,473,982,40,6,2967,483,2104,357
"KPK","BANNU","NORTH WAZIRISTAN","RAZMAK","TEHSIL","URBAN",NA,NA,NA,NA,NA,NA,NA,NA,NA,NA
"KPK","BANNU","NORTH WAZIRISTAN","SHEWA","TEHSIL","OVERALL",7656,2518,5049,89,65,1,7580,10,4356,492
"KPK","BANNU","NORTH WAZIRISTAN","SHEWA","TEHSIL","RURAL",7656,2518,5049,89,65,1,7580,10,4356,492
"KPK","BANNU","NORTH WAZIRISTAN","SHEWA","TEHSIL","URBAN",NA,NA,NA,NA,NA,NA,NA,NA,NA,NA
"KPK","BANNU","NORTH WAZIRISTAN","SPINWAM","TEHSIL","OVERALL",7550,1621,3591,2338,8,NA,6912,630,5268,271
"KPK","BANNU","NORTH WAZIRISTAN","SPINWAM","TEHSIL","RURAL",7550,1621,3591,2338,8,NA,6912,630,5268,271
"KPK","BANNU","NORTH WAZIRISTAN","SPINWAM","TEHSIL","URBAN",NA,NA,NA,NA,NA,NA,NA,NA,NA,NA
"KPK","PESHAWAR","NOWSHERA","JEHANGIRA","TEHSIL","OVERALL",66358,61309,2373,2676,24197,1572,39401,1188,41688,10433
"KPK","PESHAWAR","NOWSHERA","JEHANGIRA","TEHSIL","RURAL",51840,47127,2282,2431,12944,984,37176,736,31898,9304
"KPK","PESHAWAR","NOWSHERA","JEHANGIRA","TEHSIL","URBAN",14518,14182,91,245,11253,588,2225,452,9790,1129
"KPK","PESHAWAR","NOWSHERA","NOWSHERA","TEHSIL","OVERALL",115855,110531,2569,2755,70804,2962,37201,4888,87179,7817
"KPK","PESHAWAR","NOWSHERA","NOWSHERA","TEHSIL","RURAL",85327,80537,2325,2465,45012,1843,34057,4415,63545,6195
"KPK","PESHAWAR","NOWSHERA","NOWSHERA","TEHSIL","URBAN",30528,29994,244,290,25792,1119,3144,473,23634,1622
"KPK","PESHAWAR","NOWSHERA","PABBI","TEHSIL","OVERALL",77561,72148,3013,2400,45023,2205,28702,1631,52798,5541
"KPK","PESHAWAR","NOWSHERA","PABBI","TEHSIL","RURAL",69297,64007,2917,2373,37840,1995,27889,1573,47131,4973
"KPK","PESHAWAR","NOWSHERA","PABBI","TEHSIL","URBAN",8264,8141,96,27,7183,210,813,58,5667,568
"KPK","KOHAT","ORAKZAI","CENTRAL","TEHSIL","OVERALL",11883,4072,4425,3386,42,1,11109,731,3916,3407
"KPK","KOHAT","ORAKZAI","CENTRAL","TEHSIL","RURAL",11883,4072,4425,3386,42,1,11109,731,3916,3407
"KPK","KOHAT","ORAKZAI","CENTRAL","TEHSIL","URBAN",NA,NA,NA,NA,NA,NA,NA,NA,NA,NA
"KPK","KOHAT","ORAKZAI","ISMAIL ZAI","TEHSIL","OVERALL",5586,1154,2903,1529,32,1,5515,38,3002,523
"KPK","KOHAT","ORAKZAI","ISMAIL ZAI","TEHSIL","RURAL",5586,1154,2903,1529,32,1,5515,38,3002,523
"KPK","KOHAT","ORAKZAI","ISMAIL ZAI","TEHSIL","URBAN",NA,NA,NA,NA,NA,NA,NA,NA,NA,NA
"KPK","KOHAT","ORAKZAI","LOWER","TEHSIL","OVERALL",16805,9468,5195,2142,129,3,16535,138,6673,6758
"KPK","KOHAT","ORAKZAI","LOWER","TEHSIL","RURAL",16805,9468,5195,2142,129,3,16535,138,6673,6758
"KPK","KOHAT","ORAKZAI","LOWER","TEHSIL","URBAN",NA,NA,NA,NA,NA,NA,NA,NA,NA,NA
"KPK","KOHAT","ORAKZAI","UPPER","TEHSIL","OVERALL",17830,272,15105,2453,166,NA,17324,340,8786,3046
"KPK","KOHAT","ORAKZAI","UPPER","TEHSIL","RURAL",17830,272,15105,2453,166,NA,17324,340,8786,3046
"KPK","KOHAT","ORAKZAI","UPPER","TEHSIL","URBAN",NA,NA,NA,NA,NA,NA,NA,NA,NA,NA
"KPK","PESHAWAR","PESHAWAR","BADHBER","TEHSIL","OVERALL",60986,49840,7264,3882,4512,1157,52095,3222,37837,3976
"KPK","PESHAWAR","PESHAWAR","BADHBER","TEHSIL","RURAL",60986,49840,7264,3882,4512,1157,52095,3222,37837,3976
"KPK","PESHAWAR","PESHAWAR","BADHBER","TEHSIL","URBAN",NA,NA,NA,NA,NA,NA,NA,NA,NA,NA
"KPK","PESHAWAR","PESHAWAR","CHAM KANI","TEHSIL","OVERALL",98133,86284,10124,1725,45488,6771,43336,2538,51191,7798
"KPK","PESHAWAR","PESHAWAR","CHAM KANI","TEHSIL","RURAL",98133,86284,10124,1725,45488,6771,43336,2538,51191,7798
"KPK","PESHAWAR","PESHAWAR","CHAM KANI","TEHSIL","URBAN",NA,NA,NA,NA,NA,NA,NA,NA,NA,NA
"KPK","PESHAWAR","PESHAWAR","HASSAN KHEL","SUB-DIVISION","OVERALL",9775,4788,4617,370,52,6,9603,114,7152,411
"KPK","PESHAWAR","PESHAWAR","HASSAN KHEL","SUB-DIVISION","RURAL",9775,4788,4617,370,52,6,9603,114,7152,411
"KPK","PESHAWAR","PESHAWAR","HASSAN KHEL","SUB-DIVISION","URBAN",NA,NA,NA,NA,NA,NA,NA,NA,NA,NA
"KPK","PESHAWAR","PESHAWAR","MATHRA","TEHSIL","OVERALL",68159,60999,3868,3292,23834,2059,39369,2897,38569,10249
"KPK","PESHAWAR","PESHAWAR","MATHRA","TEHSIL","RURAL",68159,60999,3868,3292,23834,2059,39369,2897,38569,10249
"KPK","PESHAWAR","PESHAWAR","MATHRA","TEHSIL","URBAN",NA,NA,NA,NA,NA,NA,NA,NA,NA,NA
"KPK","PESHAWAR","PESHAWAR","PESHAWAR","TEHSIL","OVERALL",305498,299947,3969,1582,258912,17085,25961,3540,215185,18754
"KPK","PESHAWAR","PESHAWAR","PESHAWAR","TEHSIL","RURAL",29553,28222,1123,208,19794,2032,7199,528,19205,2021
"KPK","PESHAWAR","PESHAWAR","PESHAWAR","TEHSIL","URBAN",275945,271725,2846,1374,239118,15053,18762,3012,195980,16733
"KPK","PESHAWAR","PESHAWAR","PISHTA KHARA","TEHSIL","OVERALL",71120,59629,9105,2386,13648,3561,50508,3403,37005,6403
"KPK","PESHAWAR","PESHAWAR","PISHTA KHARA","TEHSIL","RURAL",71120,59629,9105,2386,13648,3561,50508,3403,37005,6403
"KPK","PESHAWAR","PESHAWAR","PISHTA KHARA","TEHSIL","URBAN",NA,NA,NA,NA,NA,NA,NA,NA,NA,NA
"KPK","PESHAWAR","PESHAWAR","SHAH ALAM","TEHSIL","OVERALL",77305,72562,2952,1791,49103,3324,22222,2656,43131,7982
"KPK","PESHAWAR","PESHAWAR","SHAH ALAM","TEHSIL","RURAL",77305,72562,2952,1791,49103,3324,22222,2656,43131,7982
"KPK","PESHAWAR","PESHAWAR","SHAH ALAM","TEHSIL","URBAN",NA,NA,NA,NA,NA,NA,NA,NA,NA,NA
"KPK","MALAKAND","SHANGLA","ALPURI","TEHSIL","OVERALL",52376,41379,2270,8727,199,126,51157,894,21539,20150
"KPK","MALAKAND","SHANGLA","ALPURI","TEHSIL","RURAL",52376,41379,2270,8727,199,126,51157,894,21539,20150
"KPK","MALAKAND","SHANGLA","ALPURI","TEHSIL","URBAN",NA,NA,NA,NA,NA,NA,NA,NA,NA,NA
"KPK","MALAKAND","SHANGLA","BISHAM","TEHSIL","OVERALL",18277,15261,1336,1680,127,547,17511,92,9996,1723
"KPK","MALAKAND","SHANGLA","BISHAM","TEHSIL","RURAL",18277,15261,1336,1680,127,547,17511,92,9996,1723
"KPK","MALAKAND","SHANGLA","BISHAM","TEHSIL","URBAN",NA,NA,NA,NA,NA,NA,NA,NA,NA,NA
"KPK","MALAKAND","SHANGLA","CHAKISAR","TEHSIL","OVERALL",17457,9379,3956,4122,70,239,16943,205,8833,5640
"KPK","MALAKAND","SHANGLA","CHAKISAR","TEHSIL","RURAL",17457,9379,3956,4122,70,239,16943,205,8833,5640
"KPK","MALAKAND","SHANGLA","CHAKISAR","TEHSIL","URBAN",NA,NA,NA,NA,NA,NA,NA,NA,NA,NA
"KPK","MALAKAND","SHANGLA","MARTUNG","TEHSIL","OVERALL",12012,5279,5236,1497,85,17,11622,288,7890,2572
"KPK","MALAKAND","SHANGLA","MARTUNG","TEHSIL","RURAL",12012,5279,5236,1497,85,17,11622,288,7890,2572
"KPK","MALAKAND","SHANGLA","MARTUNG","TEHSIL","URBAN",NA,NA,NA,NA,NA,NA,NA,NA,NA,NA
"KPK","MALAKAND","SHANGLA","PURAN","TEHSIL","OVERALL",25418,22254,1122,2042,189,3,24945,281,13514,4569
"KPK","MALAKAND","SHANGLA","PURAN","TEHSIL","RURAL",25418,22254,1122,2042,189,3,24945,281,13514,4569
"KPK","MALAKAND","SHANGLA","PURAN","TEHSIL","URBAN",NA,NA,NA,NA,NA,NA,NA,NA,NA,NA
"KPK","DERA ISMAIL KHAN","SOUTH WAZIRISTAN","BIRMIL","TEHSIL","OVERALL",19759,2986,11935,4838,92,10,17286,2371,8821,1823
"KPK","DERA ISMAIL KHAN","SOUTH WAZIRISTAN","BIRMIL","TEHSIL","RURAL",19759,2986,11935,4838,92,10,17286,2371,8821,1823
"KPK","DERA ISMAIL KHAN","SOUTH WAZIRISTAN","BIRMIL","TEHSIL","URBAN",NA,NA,NA,NA,NA,NA,NA,NA,NA,NA
"KPK","DERA ISMAIL KHAN","SOUTH WAZIRISTAN","LADHA","TEHSIL","OVERALL",24072,5835,12941,5296,350,32,22113,1577,9319,1512
"KPK","DERA ISMAIL KHAN","SOUTH WAZIRISTAN","LADHA","TEHSIL","RURAL",24072,5835,12941,5296,350,32,22113,1577,9319,1512
"KPK","DERA ISMAIL KHAN","SOUTH WAZIRISTAN","LADHA","TEHSIL","URBAN",NA,NA,NA,NA,NA,NA,NA,NA,NA,NA
"KPK","DERA ISMAIL KHAN","SOUTH WAZIRISTAN","MAKIN","TEHSIL","OVERALL",13374,2356,7482,3536,166,3,12333,872,5374,1742
"KPK","DERA ISMAIL KHAN","SOUTH WAZIRISTAN","MAKIN","TEHSIL","RURAL",13374,2356,7482,3536,166,3,12333,872,5374,1742
"KPK","DERA ISMAIL KHAN","SOUTH WAZIRISTAN","MAKIN","TEHSIL","URBAN",NA,NA,NA,NA,NA,NA,NA,NA,NA,NA
"KPK","DERA ISMAIL KHAN","SOUTH WAZIRISTAN","SARAROGHA","TEHSIL","OVERALL",32218,10965,18340,2913,192,7,30612,1407,13852,2008
"KPK","DERA ISMAIL KHAN","SOUTH WAZIRISTAN","SARAROGHA","TEHSIL","RURAL",32218,10965,18340,2913,192,7,30612,1407,13852,2008
"KPK","DERA ISMAIL KHAN","SOUTH WAZIRISTAN","SARAROGHA","TEHSIL","URBAN",NA,NA,NA,NA,NA,NA,NA,NA,NA,NA
"KPK","DERA ISMAIL KHAN","SOUTH WAZIRISTAN","SERWEKAI","TEHSIL","OVERALL",12286,8986,2629,671,131,22,11984,149,5391,258
"KPK","DERA ISMAIL KHAN","SOUTH WAZIRISTAN","SERWEKAI","TEHSIL","RURAL",12286,8986,2629,671,131,22,11984,149,5391,258
"KPK","DERA ISMAIL KHAN","SOUTH WAZIRISTAN","SERWEKAI","TEHSIL","URBAN",NA,NA,NA,NA,NA,NA,NA,NA,NA,NA
"KPK","DERA ISMAIL KHAN","SOUTH WAZIRISTAN","SHAKTOI","TEHSIL","OVERALL",8829,71,5692,3066,54,4,7793,978,5351,1483
"KPK","DERA ISMAIL KHAN","SOUTH WAZIRISTAN","SHAKTOI","TEHSIL","RURAL",8829,71,5692,3066,54,4,7793,978,5351,1483
"KPK","DERA ISMAIL KHAN","SOUTH WAZIRISTAN","SHAKTOI","TEHSIL","URBAN",NA,NA,NA,NA,NA,NA,NA,NA,NA,NA
"KPK","DERA ISMAIL KHAN","SOUTH WAZIRISTAN","TIARZA","TEHSIL","OVERALL",14803,6785,6753,1265,83,37,13892,791,7205,629
"KPK","DERA ISMAIL KHAN","SOUTH WAZIRISTAN","TIARZA","TEHSIL","RURAL",14803,6785,6753,1265,83,37,13892,791,7205,629
"KPK","DERA ISMAIL KHAN","SOUTH WAZIRISTAN","TIARZA","TEHSIL","URBAN",NA,NA,NA,NA,NA,NA,NA,NA,NA,NA
"KPK","DERA ISMAIL KHAN","SOUTH WAZIRISTAN","TOI KHULLA","TEHSIL","OVERALL",20195,3338,9088,7769,161,339,16956,2739,11106,4265
"KPK","DERA ISMAIL KHAN","SOUTH WAZIRISTAN","TOI KHULLA","TEHSIL","RURAL",20195,3338,9088,7769,161,339,16956,2739,11106,4265
"KPK","DERA ISMAIL KHAN","SOUTH WAZIRISTAN","TOI KHULLA","TEHSIL","URBAN",NA,NA,NA,NA,NA,NA,NA,NA,NA,NA
"KPK","DERA ISMAIL KHAN","SOUTH WAZIRISTAN","WANA","TEHSIL","OVERALL",33100,13856,14949,4295,384,839,28495,3382,12683,2766
"KPK","DERA ISMAIL KHAN","SOUTH WAZIRISTAN","WANA","TEHSIL","RURAL",33100,13856,14949,4295,384,839,28495,3382,12683,2766
"KPK","DERA ISMAIL KHAN","SOUTH WAZIRISTAN","WANA","TEHSIL","URBAN",NA,NA,NA,NA,NA,NA,NA,NA,NA,NA
"KPK","MARDAN","SWABI","LAHOR","TEHSIL","OVERALL",53401,51229,881,1291,8626,828,43526,421,35162,6054
"KPK","MARDAN","SWABI","LAHOR","TEHSIL","RURAL",46575,44533,851,1191,8594,622,37007,352,30604,5403
"KPK","MARDAN","SWABI","LAHOR","TEHSIL","URBAN",6826,6696,30,100,32,206,6519,69,4558,651
"KPK","MARDAN","SWABI","RAZAR","TEHSIL","OVERALL",98531,94052,2286,2193,1478,3217,93120,716,69394,7848
"KPK","MARDAN","SWABI","RAZAR","TEHSIL","RURAL",94371,89947,2266,2158,1170,2959,89530,712,65842,7673
"KPK","MARDAN","SWABI","RAZAR","TEHSIL","URBAN",4160,4105,20,35,308,258,3590,4,3552,175
"KPK","MARDAN","SWABI","SWABI","TEHSIL","OVERALL",67362,65732,925,705,20558,2533,43461,810,53171,3238
"KPK","MARDAN","SWABI","SWABI","TEHSIL","RURAL",40961,39872,592,497,8224,1773,30586,378,31319,2526
"KPK","MARDAN","SWABI","SWABI","TEHSIL","URBAN",26401,25860,333,208,12334,760,12875,432,21852,712
"KPK","MARDAN","SWABI","TOPI","TEHSIL","OVERALL",59682,53212,4881,1589,11565,2950,44518,649,37127,9702
"KPK","MARDAN","SWABI","TOPI","TEHSIL","RURAL",47748,43746,2548,1454,5913,2463,39021,351,29333,9225
"KPK","MARDAN","SWABI","TOPI","TEHSIL","URBAN",11934,9466,2333,135,5652,487,5497,298,7794,477
"KPK","MALAKAND","SWAT","BABUZAI","TEHSIL","OVERALL",104625,101703,1588,1334,55979,6614,41451,581,67053,11490
"KPK","MALAKAND","SWAT","BABUZAI","TEHSIL","RURAL",49398,46779,1386,1233,14020,2000,33072,306,30346,7354
"KPK","MALAKAND","SWAT","BABUZAI","TEHSIL","URBAN",55227,54924,202,101,41959,4614,8379,275,36707,4136
"KPK","MALAKAND","SWAT","BARIKOT","TEHSIL","OVERALL",31234,28317,1760,1157,5370,2059,23257,548,18869,3871
"KPK","MALAKAND","SWAT","BARIKOT","TEHSIL","RURAL",13950,12239,891,820,1960,881,10768,341,8277,2243
"KPK","MALAKAND","SWAT","BARIKOT","TEHSIL","URBAN",17284,16078,869,337,3410,1178,12489,207,10592,1628
"KPK","MALAKAND","SWAT","BEHRAIN","TEHSIL","OVERALL",37756,30279,1782,5695,163,205,37141,247,21632,11282
"KPK","MALAKAND","SWAT","BEHRAIN","TEHSIL","RURAL",27171,21080,1133,4958,106,32,26835,198,15171,8879
"KPK","MALAKAND","SWAT","BEHRAIN","TEHSIL","URBAN",10585,9199,649,737,57,173,10306,49,6461,2403
"KPK","MALAKAND","SWAT","CHARBAGH","TEHSIL","OVERALL",22188,21914,121,153,3877,627,17551,133,13603,3064
"KPK","MALAKAND","SWAT","CHARBAGH","TEHSIL","RURAL",22188,21914,121,153,3877,627,17551,133,13603,3064
"KPK","MALAKAND","SWAT","CHARBAGH","TEHSIL","URBAN",NA,NA,NA,NA,NA,NA,NA,NA,NA,NA
"KPK","MALAKAND","SWAT","KABAL","TEHSIL","OVERALL",69195,67797,795,603,3199,2509,62740,747,46962,5692
"KPK","MALAKAND","SWAT","KABAL","TEHSIL","RURAL",49261,48096,697,468,264,603,48119,275,33234,5027
"KPK","MALAKAND","SWAT","KABAL","TEHSIL","URBAN",19934,19701,98,135,2935,1906,14621,472,13728,665
"KPK","MALAKAND","SWAT","KHAWAZAKHELA","TEHSIL","OVERALL",42543,40919,502,1122,201,474,41540,328,27434,7496
"KPK","MALAKAND","SWAT","KHAWAZAKHELA","TEHSIL","RURAL",34490,32942,468,1080,131,237,33828,294,21524,6714
"KPK","MALAKAND","SWAT","KHAWAZAKHELA","TEHSIL","URBAN",8053,7977,34,42,70,237,7712,34,5910,782
"KPK","MALAKAND","SWAT","MATTA","TEHSIL","OVERALL",73671,69542,1711,2418,317,899,72028,427,54808,5480
"KPK","MALAKAND","SWAT","MATTA","TEHSIL","RURAL",66701,62636,1673,2392,259,589,65442,411,49203,5131
"KPK","MALAKAND","SWAT","MATTA","TEHSIL","URBAN",6970,6906,38,26,58,310,6586,16,5605,349
"KPK","DERA ISMAIL KHAN","TANK","JANDOLA","SUB-DIVISION","OVERALL",7067,3944,1751,1372,18,2,6958,89,3336,710
"KPK","DERA ISMAIL KHAN","TANK","JANDOLA","SUB-DIVISION","RURAL",7067,3944,1751,1372,18,2,6958,89,3336,710
"KPK","DERA ISMAIL KHAN","TANK","JANDOLA","SUB-DIVISION","URBAN",NA,NA,NA,NA,NA,NA,NA,NA,NA,NA
"KPK","DERA ISMAIL KHAN","TANK","TANK","TEHSIL","OVERALL",63496,44528,14375,4593,4169,120,56996,2211,29394,11097
"KPK","DERA ISMAIL KHAN","TANK","TANK","TEHSIL","RURAL",56235,37540,14235,4460,349,54,53817,2015,24024,10627
"KPK","DERA ISMAIL KHAN","TANK","TANK","TEHSIL","URBAN",7261,6988,140,133,3820,66,3179,196,5370,470
"KPK","HAZARA","TORGHAR","DAUR MERA","TEHSIL","OVERALL",7364,2547,1876,2941,33,3,7270,58,2851,3605
"KPK","HAZARA","TORGHAR","DAUR MERA","TEHSIL","RURAL",7364,2547,1876,2941,33,3,7270,58,2851,3605
"KPK","HAZARA","TORGHAR","DAUR MERA","TEHSIL","URBAN",NA,NA,NA,NA,NA,NA,NA,NA,NA,NA
"KPK","HAZARA","TORGHAR","JUDBA","TEHSIL","OVERALL",8530,2951,3335,2244,50,18,8273,189,4061,3210
"KPK","HAZARA","TORGHAR","JUDBA","TEHSIL","RURAL",8530,2951,3335,2244,50,18,8273,189,4061,3210
"KPK","HAZARA","TORGHAR","JUDBA","TEHSIL","URBAN",NA,NA,NA,NA,NA,NA,NA,NA,NA,NA
"KPK","HAZARA","TORGHAR","KHANDER","TEHSIL","OVERALL",13516,3802,7330,2384,78,NA,13350,88,6677,4382
"KPK","HAZARA","TORGHAR","KHANDER","TEHSIL","RURAL",13516,3802,7330,2384,78,NA,13350,88,6677,4382
"KPK","HAZARA","TORGHAR","KHANDER","TEHSIL","URBAN",NA,NA,NA,NA,NA,NA,NA,NA,NA,NA
"KPK","MALAKAND","UPPER CHITRAL","MASTUJ","SUB-DIVISION","OVERALL",26365,22857,2510,998,117,56,25288,904,23915,1985
"KPK","MALAKAND","UPPER CHITRAL","MASTUJ","SUB-DIVISION","RURAL",26365,22857,2510,998,117,56,25288,904,23915,1985
"KPK","MALAKAND","UPPER CHITRAL","MASTUJ","SUB-DIVISION","URBAN",NA,NA,NA,NA,NA,NA,NA,NA,NA,NA
"KPK","MALAKAND","UPPER DIR","DIR","SUB-DIVISION","OVERALL",50811,38321,7522,4968,262,2224,47918,407,20403,21566
"KPK","MALAKAND","UPPER DIR","DIR","SUB-DIVISION","RURAL",44203,31890,7449,4864,234,716,42903,350,16722,19691
"KPK","MALAKAND","UPPER DIR","DIR","SUB-DIVISION","URBAN",6608,6431,73,104,28,1508,5015,57,3681,1875
"KPK","MALAKAND","UPPER DIR","LARJUM","SUB-DIVISION","OVERALL",16470,13650,1201,1619,42,327,15874,227,6343,7255
"KPK","MALAKAND","UPPER DIR","LARJUM","SUB-DIVISION","RURAL",16470,13650,1201,1619,42,327,15874,227,6343,7255
"KPK","MALAKAND","UPPER DIR","LARJUM","SUB-DIVISION","URBAN",NA,NA,NA,NA,NA,NA,NA,NA,NA,NA
"KPK","MALAKAND","UPPER DIR","SHARINGAL","SUB-DIVISION","OVERALL",30724,20310,3816,6598,151,58,30242,273,13158,9587
"KPK","MALAKAND","UPPER DIR","SHARINGAL","SUB-DIVISION","RURAL",30724,20310,3816,6598,151,58,30242,273,13158,9587
"KPK","MALAKAND","UPPER DIR","SHARINGAL","SUB-DIVISION","URBAN",NA,NA,NA,NA,NA,NA,NA,NA,NA,NA
"KPK","MALAKAND","UPPER DIR","WARI","SUB-DIVISION","OVERALL",51531,48566,2560,405,330,3350,46922,929,26376,12150
"KPK","MALAKAND","UPPER DIR","WARI","SUB-DIVISION","RURAL",51531,48566,2560,405,330,3350,46922,929,26376,12150
"KPK","MALAKAND","UPPER DIR","WARI","SUB-DIVISION","URBAN",NA,NA,NA,NA,NA,NA,NA,NA,NA,NA
"KPK","HAZARA","UPPER KOHISTAN","DASSU","SUB-DIVISION","OVERALL",22987,4587,4811,13589,83,11,21561,1332,5925,8311
"KPK","HAZARA","UPPER KOHISTAN","DASSU","SUB-DIVISION","RURAL",22987,4587,4811,13589,83,11,21561,1332,5925,8311
"KPK","HAZARA","UPPER KOHISTAN","DASSU","SUB-DIVISION","URBAN",NA,NA,NA,NA,NA,NA,NA,NA,NA,NA
"KPK","HAZARA","UPPER KOHISTAN","HARBAN BHASHA","TEHSIL","OVERALL",6426,1189,1435,3802,24,NA,6338,64,2860,1631
"KPK","HAZARA","UPPER KOHISTAN","HARBAN BHASHA","TEHSIL","RURAL",6426,1189,1435,3802,24,NA,6338,64,2860,1631
"KPK","HAZARA","UPPER KOHISTAN","HARBAN BHASHA","TEHSIL","URBAN",NA,NA,NA,NA,NA,NA,NA,NA,NA,NA
"KPK","HAZARA","UPPER KOHISTAN","KANDIA","SUB-DIVISION","OVERALL",24118,3090,1202,19826,81,NA,22815,1222,11607,6012
"KPK","HAZARA","UPPER KOHISTAN","KANDIA","SUB-DIVISION","RURAL",24118,3090,1202,19826,81,NA,22815,1222,11607,6012
"KPK","HAZARA","UPPER KOHISTAN","KANDIA","SUB-DIVISION","URBAN",NA,NA,NA,NA,NA,NA,NA,NA,NA,NA
"KPK","HAZARA","UPPER KOHISTAN","SEO","SUB-DIVISION","OVERALL",10181,4456,456,5269,23,43,9915,200,4157,881
"KPK","HAZARA","UPPER KOHISTAN","SEO","SUB-DIVISION","RURAL",10181,4456,456,5269,23,43,9915,200,4157,881
"KPK","HAZARA","UPPER KOHISTAN","SEO","SUB-DIVISION","URBAN",NA,NA,NA,NA,NA,NA,NA,NA,NA,NA
"PUNJAB","RAWALPINDI","ATTOCK","ATTOCK","TEHSIL","OVERALL",81037,79303,1179,555,62076,3583,14846,532,69593,3282
"PUNJAB","RAWALPINDI","ATTOCK","ATTOCK","TEHSIL","RURAL",37125,35804,863,458,21030,1911,13871,313,31408,2444
"PUNJAB","RAWALPINDI","ATTOCK","ATTOCK","TEHSIL","URBAN",43912,43499,316,97,41046,1672,975,219,38185,838
"PUNJAB","RAWALPINDI","ATTOCK","FATEH JANG","TEHSIL","OVERALL",60131,58109,1086,936,25774,1150,32737,470,53255,4272
"PUNJAB","RAWALPINDI","ATTOCK","FATEH JANG","TEHSIL","RURAL",47549,45717,1008,824,15328,563,31319,339,41989,3708
"PUNJAB","RAWALPINDI","ATTOCK","FATEH JANG","TEHSIL","URBAN",12582,12392,78,112,10446,587,1418,131,11266,564
"PUNJAB","RAWALPINDI","ATTOCK","HASAN ABDAL","TEHSIL","OVERALL",39835,38150,784,901,21963,1556,15870,446,32060,2491
"PUNJAB","RAWALPINDI","ATTOCK","HASAN ABDAL","TEHSIL","RURAL",28846,27597,641,608,13071,689,14724,362,22745,1975
"PUNJAB","RAWALPINDI","ATTOCK","HASAN ABDAL","TEHSIL","URBAN",10989,10553,143,293,8892,867,1146,84,9315,516
"PUNJAB","RAWALPINDI","ATTOCK","HAZRO","TEHSIL","OVERALL",62129,60713,931,485,52582,1277,7509,761,55067,2443
"PUNJAB","RAWALPINDI","ATTOCK","HAZRO","TEHSIL","RURAL",52628,51322,841,465,43983,1114,6798,733,46432,2147
"PUNJAB","RAWALPINDI","ATTOCK","HAZRO","TEHSIL","URBAN",9501,9391,90,20,8599,163,711,28,8635,296
"PUNJAB","RAWALPINDI","ATTOCK","JAND","TEHSIL","OVERALL",57460,52424,2383,2653,7729,2442,46790,499,49888,5557
"PUNJAB","RAWALPINDI","ATTOCK","JAND","TEHSIL","RURAL",47612,42785,2316,2511,1014,1787,44534,277,40676,5297
"PUNJAB","RAWALPINDI","ATTOCK","JAND","TEHSIL","URBAN",9848,9639,67,142,6715,655,2256,222,9212,260
"PUNJAB","RAWALPINDI","ATTOCK","PINDI GHEB","TEHSIL","OVERALL",53381,51344,1173,864,17873,1858,33215,435,44966,5493
"PUNJAB","RAWALPINDI","ATTOCK","PINDI GHEB","TEHSIL","RURAL",42814,40958,1093,763,9733,1203,31533,345,35738,5045
"PUNJAB","RAWALPINDI","ATTOCK","PINDI GHEB","TEHSIL","URBAN",10567,10386,80,101,8140,655,1682,90,9228,448
"PUNJAB","BAHAWALPUR","BAHAWALNAGAR","BAHAWALNAGAR","TEHSIL","OVERALL",154112,143250,2541,8321,15012,9739,118826,10535,65587,78099
"PUNJAB","BAHAWALPUR","BAHAWALNAGAR","BAHAWALNAGAR","TEHSIL","RURAL",108351,98767,2167,7417,702,599,98283,8767,35491,66796
"PUNJAB","BAHAWALPUR","BAHAWALNAGAR","BAHAWALNAGAR","TEHSIL","URBAN",45761,44483,374,904,14310,9140,20543,1768,30096,11303
"PUNJAB","BAHAWALPUR","BAHAWALNAGAR","CHISHTIAN","TEHSIL","OVERALL",133581,125414,1599,6568,18043,5308,104674,5556,61224,63904
"PUNJAB","BAHAWALPUR","BAHAWALNAGAR","CHISHTIAN","TEHSIL","RURAL",95999,89041,1346,5612,503,742,89696,5058,37039,52892
"PUNJAB","BAHAWALPUR","BAHAWALNAGAR","CHISHTIAN","TEHSIL","URBAN",37582,36373,253,956,17540,4566,14978,498,24185,11012
"PUNJAB","BAHAWALPUR","BAHAWALNAGAR","FORT ABBAS","TEHSIL","OVERALL",76054,67001,1441,7612,355,3681,71301,717,39425,34187
"PUNJAB","BAHAWALPUR","BAHAWALNAGAR","FORT ABBAS","TEHSIL","RURAL",55769,47833,1168,6768,200,311,54648,610,25505,28506
"PUNJAB","BAHAWALPUR","BAHAWALNAGAR","FORT ABBAS","TEHSIL","URBAN",20285,19168,273,844,155,3370,16653,107,13920,5681
"PUNJAB","BAHAWALPUR","BAHAWALNAGAR","HAROONABAD","TEHSIL","OVERALL",96346,91755,900,3691,10834,4952,78418,2142,50334,41250
"PUNJAB","BAHAWALPUR","BAHAWALNAGAR","HAROONABAD","TEHSIL","RURAL",62715,59833,631,2251,313,532,60450,1420,28242,31633
"PUNJAB","BAHAWALPUR","BAHAWALNAGAR","HAROONABAD","TEHSIL","URBAN",33631,31922,269,1440,10521,4420,17968,722,22092,9617
"PUNJAB","BAHAWALPUR","BAHAWALNAGAR","MINCHINABAD","TEHSIL","OVERALL",97523,90563,1520,5440,347,4184,57761,35231,32098,58902
"PUNJAB","BAHAWALPUR","BAHAWALNAGAR","MINCHINABAD","TEHSIL","RURAL",78485,71993,1420,5072,237,410,46615,31223,22519,51011
"PUNJAB","BAHAWALPUR","BAHAWALNAGAR","MINCHINABAD","TEHSIL","URBAN",19038,18570,100,368,110,3774,11146,4008,9579,7891
"PUNJAB","BAHAWALPUR","BAHAWALPUR","AHMADPUR EAST","TEHSIL","OVERALL",195174,180993,1742,12439,30836,1762,156674,5902,84522,92354
"PUNJAB","BAHAWALPUR","BAHAWALPUR","AHMADPUR EAST","TEHSIL","RURAL",144072,131682,1300,11090,2606,184,136134,5148,52192,78302
"PUNJAB","BAHAWALPUR","BAHAWALPUR","AHMADPUR EAST","TEHSIL","URBAN",51102,49311,442,1349,28230,1578,20540,754,32330,14052
"PUNJAB","BAHAWALPUR","BAHAWALPUR","BAHAWALPUR CITY","TEHSIL","OVERALL",132047,128762,1044,2241,82691,10385,36348,2623,91239,28581
"PUNJAB","BAHAWALPUR","BAHAWALPUR","BAHAWALPUR CITY","TEHSIL","RURAL",NA,NA,NA,NA,NA,NA,NA,NA,NA,NA
"PUNJAB","BAHAWALPUR","BAHAWALPUR","BAHAWALPUR CITY","TEHSIL","URBAN",132047,128762,1044,2241,82691,10385,36348,2623,91239,28581
"PUNJAB","BAHAWALPUR","BAHAWALPUR","BAHAWALPUR SADDAR","TEHSIL","OVERALL",105184,100272,919,3993,20987,1613,80094,2490,51002,45359
"PUNJAB","BAHAWALPUR","BAHAWALPUR","BAHAWALPUR SADDAR","TEHSIL","RURAL",82198,77898,620,3680,4432,842,74678,2246,35385,40164
"PUNJAB","BAHAWALPUR","BAHAWALPUR","BAHAWALPUR SADDAR","TEHSIL","URBAN",22986,22374,299,313,16555,771,5416,244,15617,5195
"PUNJAB","BAHAWALPUR","BAHAWALPUR","HASILPUR","TEHSIL","OVERALL",84089,79906,981,3202,8105,5053,68811,2120,44406,34268
"PUNJAB","BAHAWALPUR","BAHAWALPUR","HASILPUR","TEHSIL","RURAL",51293,48441,609,2243,252,700,48904,1437,24347,23523
"PUNJAB","BAHAWALPUR","BAHAWALPUR","HASILPUR","TEHSIL","URBAN",32796,31465,372,959,7853,4353,19907,683,20059,10745
"PUNJAB","BAHAWALPUR","BAHAWALPUR","KHAIRPUR TAMEWALI","TEHSIL","OVERALL",48445,46005,360,2080,168,2605,43511,2161,19361,24517
"PUNJAB","BAHAWALPUR","BAHAWALPUR","KHAIRPUR TAMEWALI","TEHSIL","RURAL",40482,38106,335,2041,137,297,37947,2101,14518,22089
"PUNJAB","BAHAWALPUR","BAHAWALPUR","KHAIRPUR TAMEWALI","TEHSIL","URBAN",7963,7899,25,39,31,2308,5564,60,4843,2428
"PUNJAB","BAHAWALPUR","BAHAWALPUR","YAZMAN","TEHSIL","OVERALL",108498,91187,3712,13599,3828,1643,101101,1926,48726,54019
"PUNJAB","BAHAWALPUR","BAHAWALPUR","YAZMAN","TEHSIL","RURAL",98435,81560,3651,13224,1161,630,94814,1830,41907,51230
"PUNJAB","BAHAWALPUR","BAHAWALPUR","YAZMAN","TEHSIL","URBAN",10063,9627,61,375,2667,1013,6287,96,6819,2789
"PUNJAB","SARGODHA","BHAKKAR","BHAKKAR","TEHSIL","OVERALL",124135,115338,3136,5661,11347,4591,97137,11060,68286,42193
"PUNJAB","SARGODHA","BHAKKAR","BHAKKAR","TEHSIL","RURAL",99062,91556,2598,4908,446,929,87069,10618,49287,38140
"PUNJAB","SARGODHA","BHAKKAR","BHAKKAR","TEHSIL","URBAN",25073,23782,538,753,10901,3662,10068,442,18999,4053
"PUNJAB","SARGODHA","BHAKKAR","DARYA KHAN","TEHSIL","OVERALL",70483,62457,3140,4886,322,906,65338,3917,32310,26430
"PUNJAB","SARGODHA","BHAKKAR","DARYA KHAN","TEHSIL","RURAL",54723,47287,2833,4603,270,149,50529,3775,23598,22571
"PUNJAB","SARGODHA","BHAKKAR","DARYA KHAN","TEHSIL","URBAN",15760,15170,307,283,52,757,14809,142,8712,3859
"PUNJAB","SARGODHA","BHAKKAR","KALUR KOT","TEHSIL","OVERALL",65693,58534,2381,4778,207,1139,61593,2754,32723,24885
"PUNJAB","SARGODHA","BHAKKAR","KALUR KOT","TEHSIL","RURAL",57999,50893,2366,4740,182,155,55090,2572,27384,23418
"PUNJAB","SARGODHA","BHAKKAR","KALUR KOT","TEHSIL","URBAN",7694,7641,15,38,25,984,6503,182,5339,1467
"PUNJAB","SARGODHA","BHAKKAR","MANKERA","TEHSIL","OVERALL",53000,41394,4913,6693,233,644,50518,1605,23916,23926
"PUNJAB","SARGODHA","BHAKKAR","MANKERA","TEHSIL","RURAL",45358,34352,4691,6315,212,94,43513,1539,19522,22193
"PUNJAB","SARGODHA","BHAKKAR","MANKERA","TEHSIL","URBAN",7642,7042,222,378,21,550,7005,66,4394,1733
"PUNJAB","RAWALPINDI","CHAKWAL","CHAKWAL","TEHSIL","OVERALL",126901,123827,1732,1342,47632,12926,65637,706,112266,6818
"PUNJAB","RAWALPINDI","CHAKWAL","CHAKWAL","TEHSIL","RURAL",87472,85433,1261,778,17313,9893,59914,352,77425,4846
"PUNJAB","RAWALPINDI","CHAKWAL","CHAKWAL","TEHSIL","URBAN",39429,38394,471,564,30319,3033,5723,354,34841,1972
"PUNJAB","RAWALPINDI","CHAKWAL","CHOA SAIDAN SHAH","TEHSIL","OVERALL",26676,25963,386,327,12606,1353,12200,517,23573,1782
"PUNJAB","RAWALPINDI","CHAKWAL","CHOA SAIDAN SHAH","TEHSIL","RURAL",20571,20087,225,259,7965,1048,11171,387,18079,1456
"PUNJAB","RAWALPINDI","CHAKWAL","CHOA SAIDAN SHAH","TEHSIL","URBAN",6105,5876,161,68,4641,305,1029,130,5494,326
NA,NA,"CHAKWAL","KALLAR KAHAR","TEHSIL","OVERALL",33899,32667,851,381,3028,7363,23265,243,30033,2037
NA,NA,"CHAKWAL","KALLAR KAHAR","TEHSIL","RURAL",25707,24670,757,280,195,6095,19219,198,22695,1557
NA,NA,"CHAKWAL","KALLAR KAHAR","TEHSIL","URBAN",8192,7997,94,101,2833,1268,4046,45,7338,480
"PUNJAB","RAWALPINDI","CHAKWAL","LAWA","TEHSIL","OVERALL",22201,21002,622,577,143,427,20849,782,19531,1947
"PUNJAB","RAWALPINDI","CHAKWAL","LAWA","TEHSIL","RURAL",19115,17997,565,553,74,305,17982,754,16717,1817
"PUNJAB","RAWALPINDI","CHAKWAL","LAWA","TEHSIL","URBAN",3086,3005,57,24,69,122,2867,28,2814,130
"PUNJAB","RAWALPINDI","CHAKWAL","TALA GANG","TEHSIL","OVERALL",79161,76659,1297,1205,24743,3470,48944,2004,70056,5785
"PUNJAB","RAWALPINDI","CHAKWAL","TALA GANG","TEHSIL","RURAL",65357,63051,1203,1103,13469,2571,47418,1899,57684,5428
"PUNJAB","RAWALPINDI","CHAKWAL","TALA GANG","TEHSIL","URBAN",13804,13608,94,102,11274,899,1526,105,12372,357
"PUNJAB","FAISALABAD","CHINIOT","BHAWANA","TEHSIL","OVERALL",69433,63978,963,4492,3088,877,54079,11389,29108,32823
"PUNJAB","FAISALABAD","CHINIOT","BHAWANA","TEHSIL","RURAL",63333,57950,938,4445,260,382,51579,11112,25285,30975
"PUNJAB","FAISALABAD","CHINIOT","BHAWANA","TEHSIL","URBAN",6100,6028,25,47,2828,495,2500,277,3823,1848
"PUNJAB","FAISALABAD","CHINIOT","CHINIOT","TEHSIL","OVERALL",103876,100181,1230,2465,40276,2267,56409,4924,56571,33544
"PUNJAB","FAISALABAD","CHINIOT","CHINIOT","TEHSIL","RURAL",51227,48689,952,1586,4487,301,41966,4473,23780,21354
"PUNJAB","FAISALABAD","CHINIOT","CHINIOT","TEHSIL","URBAN",52649,51492,278,879,35789,1966,14443,451,32791,12190
"PUNJAB","FAISALABAD","CHINIOT","LALIAN","TEHSIL","OVERALL",83129,77501,1648,3980,19813,2417,55987,4912,42639,31444
"PUNJAB","FAISALABAD","CHINIOT","LALIAN","TEHSIL","RURAL",58783,53599,1429,3755,2178,592,51308,4705,24349,28133
"PUNJAB","FAISALABAD","CHINIOT","LALIAN","TEHSIL","URBAN",24346,23902,219,225,17635,1825,4679,207,18290,3311
"PUNJAB","DERA GHAZI KHAN","DERA GHAZI KHAN","DERA GHAZI KHAN","TEHSIL","OVERALL",177702,164480,3669,9553,39448,10576,120174,7504,90294,59886
"PUNJAB","DERA GHAZI KHAN","DERA GHAZI KHAN","DERA GHAZI KHAN","TEHSIL","RURAL",104002,92237,3147,8618,2299,774,94494,6435,40008,46089
"PUNJAB","DERA GHAZI KHAN","DERA GHAZI KHAN","DERA GHAZI KHAN","TEHSIL","URBAN",73700,72243,522,935,37149,9802,25680,1069,50286,13797
"PUNJAB","DERA GHAZI KHAN","DERA GHAZI KHAN","KOH-E-SULEMAN","TEHSIL","OVERALL",41138,5921,25590,9627,263,31,39737,1107,10663,27440
"PUNJAB","DERA GHAZI KHAN","DERA GHAZI KHAN","KOH-E-SULEMAN","TEHSIL","RURAL",41138,5921,25590,9627,263,31,39737,1107,10663,27440
"PUNJAB","DERA GHAZI KHAN","DERA GHAZI KHAN","KOH-E-SULEMAN","TEHSIL","URBAN",NA,NA,NA,NA,NA,NA,NA,NA,NA,NA
"PUNJAB","DERA GHAZI KHAN","DERA GHAZI KHAN","KOT CHHUTTA","TEHSIL","OVERALL",114956,92972,6325,15659,575,1792,107149,5440,40795,54102
"PUNJAB","DERA GHAZI KHAN","DERA GHAZI KHAN","KOT CHHUTTA","TEHSIL","RURAL",99653,78286,6193,15174,434,915,93434,4870,33383,48949
"PUNJAB","DERA GHAZI KHAN","DERA GHAZI KHAN","KOT CHHUTTA","TEHSIL","URBAN",15303,14686,132,485,141,877,13715,570,7412,5153
"PUNJAB","DERA GHAZI KHAN","DERA GHAZI KHAN","TAUNSA","TEHSIL","OVERALL",120668,103596,9689,7383,14437,1282,102039,2910,50752,57569
"PUNJAB","DERA GHAZI KHAN","DERA GHAZI KHAN","TAUNSA","TEHSIL","RURAL",95072,79261,8996,6815,4045,395,87917,2715,33807,51696
"PUNJAB","DERA GHAZI KHAN","DERA GHAZI KHAN","TAUNSA","TEHSIL","URBAN",25596,24335,693,568,10392,887,14122,195,16945,5873
"PUNJAB","FAISALABAD","FAISALABAD","CHAK JHUMRA","TEHSIL","OVERALL",56658,55326,683,649,37019,777,18215,647,39930,12245
"PUNJAB","FAISALABAD","FAISALABAD","CHAK JHUMRA","TEHSIL","RURAL",47270,46130,588,552,29143,523,17092,512,32868,10655
"PUNJAB","FAISALABAD","FAISALABAD","CHAK JHUMRA","TEHSIL","URBAN",9388,9196,95,97,7876,254,1123,135,7062,1590
"PUNJAB","FAISALABAD","FAISALABAD","FAISALABAD CITY","TEHSIL","OVERALL",556650,549383,4056,3211,475973,35198,38544,6935,435166,51950
"PUNJAB","FAISALABAD","FAISALABAD","FAISALABAD CITY","TEHSIL","RURAL",NA,NA,NA,NA,NA,NA,NA,NA,NA,NA
"PUNJAB","FAISALABAD","FAISALABAD","FAISALABAD CITY","TEHSIL","URBAN",556650,549383,4056,3211,475973,35198,38544,6935,435166,51950
"PUNJAB","FAISALABAD","FAISALABAD","FAISALABAD SADAR","TEHSIL","OVERALL",268685,263157,1814,3714,99423,18402,141903,8957,176539,71112
"PUNJAB","FAISALABAD","FAISALABAD","FAISALABAD SADAR","TEHSIL","RURAL",253143,248033,1697,3413,91858,18026,134478,8781,165225,68204
"PUNJAB","FAISALABAD","FAISALABAD","FAISALABAD SADAR","TEHSIL","URBAN",15542,15124,117,301,7565,376,7425,176,11314,2908
"PUNJAB","FAISALABAD","FAISALABAD","JARANWALA","TEHSIL","OVERALL",264519,257529,2374,4616,130888,7825,118764,7042,162323,78307
"PUNJAB","FAISALABAD","FAISALABAD","JARANWALA","TEHSIL","RURAL",222845,216566,1956,4323,96105,5756,114876,6108,129194,73042
"PUNJAB","FAISALABAD","FAISALABAD","JARANWALA","TEHSIL","URBAN",41674,40963,418,293,34783,2069,3888,934,33129,5265
"PUNJAB","FAISALABAD","FAISALABAD","SAMMUNDRI","TEHSIL","OVERALL",110873,108640,895,1338,28832,4300,75246,2495,78202,25054
"PUNJAB","FAISALABAD","FAISALABAD","SAMMUNDRI","TEHSIL","RURAL",79879,78470,533,876,11509,2739,63642,1989,55465,19782
"PUNJAB","FAISALABAD","FAISALABAD","SAMMUNDRI","TEHSIL","URBAN",30994,30170,362,462,17323,1561,11604,506,22737,5272
"PUNJAB","FAISALABAD","FAISALABAD","TANDLIAN WALA","TEHSIL","OVERALL",125388,119887,1051,4450,11775,4162,100556,8895,63127,51008
"PUNJAB","FAISALABAD","FAISALABAD","TANDLIAN WALA","TEHSIL","RURAL",111435,106091,989,4355,5154,2278,95219,8784,53107,48121
"PUNJAB","FAISALABAD","FAISALABAD","TANDLIAN WALA","TEHSIL","URBAN",13953,13796,62,95,6621,1884,5337,111,10020,2887
"PUNJAB","GUJRANWALA","GUJRANWALA","GUJRANWALA CITY","TEHSIL","OVERALL",356287,350193,3691,2403,312463,24481,14183,5160,291047,28682
"PUNJAB","GUJRANWALA","GUJRANWALA","GUJRANWALA CITY","TEHSIL","RURAL",NA,NA,NA,NA,NA,NA,NA,NA,NA,NA
"PUNJAB","GUJRANWALA","GUJRANWALA","GUJRANWALA CITY","TEHSIL","URBAN",356287,350193,3691,2403,312463,24481,14183,5160,291047,28682
"PUNJAB","GUJRANWALA","GUJRANWALA","GUJRANWALA SADDAR","TEHSIL","OVERALL",168704,165946,1576,1182,131647,10255,20381,6421,131935,19716
"PUNJAB","GUJRANWALA","GUJRANWALA","GUJRANWALA SADDAR","TEHSIL","RURAL",114033,112382,876,775,85095,7234,16031,5673,87523,15208
"PUNJAB","GUJRANWALA","GUJRANWALA","GUJRANWALA SADDAR","TEHSIL","URBAN",54671,53564,700,407,46552,3021,4350,748,44412,4508
"PUNJAB","GUJRANWALA","GUJRANWALA","KAMOKE","TEHSIL","OVERALL",94236,93376,515,345,64980,3282,9554,16420,62511,18877
"PUNJAB","GUJRANWALA","GUJRANWALA","KAMOKE","TEHSIL","RURAL",51778,51294,266,218,27443,1275,7197,15863,34317,11618
"PUNJAB","GUJRANWALA","GUJRANWALA","KAMOKE","TEHSIL","URBAN",42458,42082,249,127,37537,2007,2357,557,28194,7259
"PUNJAB","GUJRANWALA","GUJRANWALA","NOWSHERA VIRKAN","TEHSIL","OVERALL",87569,86640,613,316,48216,1124,23812,14417,57720,19433
"PUNJAB","GUJRANWALA","GUJRANWALA","NOWSHERA VIRKAN","TEHSIL","RURAL",79617,78783,550,284,40865,1032,23372,14348,51509,18288
"PUNJAB","GUJRANWALA","GUJRANWALA","NOWSHERA VIRKAN","TEHSIL","URBAN",7952,7857,63,32,7351,92,440,69,6211,1145
"PUNJAB","GUJRANWALA","GUJRANWALA","WAZIRABAD","TEHSIL","OVERALL",142381,140584,1167,630,73130,15240,43442,10569,109208,18832
"PUNJAB","GUJRANWALA","GUJRANWALA","WAZIRABAD","TEHSIL","RURAL",87761,86622,746,393,31308,10437,36434,9582,66520,13062
"PUNJAB","GUJRANWALA","GUJRANWALA","WAZIRABAD","TEHSIL","URBAN",54620,53962,421,237,41822,4803,7008,987,42688,5770
"PUNJAB","GUJRANWALA","GUJRAT","GUJRAT","TEHSIL","OVERALL",265944,261728,2303,1913,164539,35930,60283,5192,223505,21146
"PUNJAB","GUJRANWALA","GUJRAT","GUJRAT","TEHSIL","RURAL",119914,118112,957,845,44509,23839,47767,3799,99783,11428
"PUNJAB","GUJRANWALA","GUJRAT","GUJRAT","TEHSIL","URBAN",146030,143616,1346,1068,120030,12091,12516,1393,123722,9718
"PUNJAB","GUJRANWALA","GUJRAT","KHARIAN","TEHSIL","OVERALL",179257,176953,1321,983,67875,52279,54583,4520,155368,12333
"PUNJAB","GUJRANWALA","GUJRAT","KHARIAN","TEHSIL","RURAL",131982,130261,1009,712,29456,47703,50702,4121,115150,9297
"PUNJAB","GUJRANWALA","GUJRAT","KHARIAN","TEHSIL","URBAN",47275,46692,312,271,38419,4576,3881,399,40218,3036
"PUNJAB","GUJRANWALA","GUJRAT","SARAI ALAMGIR","TEHSIL","OVERALL",44136,43428,359,349,14244,9490,20136,266,38954,2464
"PUNJAB","GUJRANWALA","GUJRAT","SARAI ALAMGIR","TEHSIL","RURAL",32711,32270,255,186,5446,7781,19291,193,28630,1994
"PUNJAB","GUJRANWALA","GUJRAT","SARAI ALAMGIR","TEHSIL","URBAN",11425,11158,104,163,8798,1709,845,73,10324,470
"PUNJAB","GUJRANWALA","HAFIZABAD","HAFIZABAD","TEHSIL","OVERALL",112158,110310,942,906,93150,1265,15227,2516,82558,20461
"PUNJAB","GUJRANWALA","HAFIZABAD","HAFIZABAD","TEHSIL","RURAL",60129,58968,564,597,47388,228,10995,1518,42672,12590
"PUNJAB","GUJRANWALA","HAFIZABAD","HAFIZABAD","TEHSIL","URBAN",52029,51342,378,309,45762,1037,4232,998,39886,7871
"PUNJAB","GUJRANWALA","HAFIZABAD","PINDI BHATTIAN","TEHSIL","OVERALL",85048,83183,626,1239,52567,605,27993,3883,48996,28684
"PUNJAB","GUJRANWALA","HAFIZABAD","PINDI BHATTIAN","TEHSIL","RURAL",60129,58831,386,912,32403,177,24352,3197,33057,21417
"PUNJAB","GUJRANWALA","HAFIZABAD","PINDI BHATTIAN","TEHSIL","URBAN",24919,24352,240,327,20164,428,3641,686,15939,7267
NA,NA,"JHANG","-HAZARI","TEHSIL","OVERALL",56659,52546,1168,2945,286,640,51708,4025,28123,20488
NA,NA,"JHANG","-HAZARI","TEHSIL","RURAL",51092,47197,1156,2739,261,463,46589,3779,25701,18379
NA,NA,"JHANG","-HAZARI","TEHSIL","URBAN",5567,5349,12,206,25,177,5119,246,2422,2109
"PUNJAB","FAISALABAD","JHANG","AHMADPUR SIAL","TEHSIL","OVERALL",77488,69680,1533,6275,591,1248,71717,3932,32736,33769
"PUNJAB","FAISALABAD","JHANG","AHMADPUR SIAL","TEHSIL","RURAL",63820,57131,1336,5353,461,245,59935,3179,25386,29181
"PUNJAB","FAISALABAD","JHANG","AHMADPUR SIAL","TEHSIL","URBAN",13668,12549,197,922,130,1003,11782,753,7350,4588
"PUNJAB","FAISALABAD","JHANG","JHANG","TEHSIL","OVERALL",264032,247612,4179,12241,68128,8247,174880,12777,148500,82682
"PUNJAB","FAISALABAD","JHANG","JHANG","TEHSIL","RURAL",160731,146302,3260,11169,1074,1197,147094,11366,78481,61898
"PUNJAB","FAISALABAD","JHANG","JHANG","TEHSIL","URBAN",103301,101310,919,1072,67054,7050,27786,1411,70019,20784
"PUNJAB","FAISALABAD","JHANG","SHORKOT","TEHSIL","OVERALL",93820,84972,2000,6848,13029,1141,77130,2520,48385,35531
"PUNJAB","FAISALABAD","JHANG","SHORKOT","TEHSIL","RURAL",82498,73838,1940,6720,3542,897,75695,2364,40491,32790
"PUNJAB","FAISALABAD","JHANG","SHORKOT","TEHSIL","URBAN",11322,11134,60,128,9487,244,1435,156,7894,2741
"PUNJAB","RAWALPINDI","JHELUM","DINA","TEHSIL","OVERALL",44385,43640,402,343,298,25111,18743,233,38181,1911
"PUNJAB","RAWALPINDI","JHELUM","DINA","TEHSIL","RURAL",27616,27106,258,252,262,11778,15498,78,24227,1236
"PUNJAB","RAWALPINDI","JHELUM","DINA","TEHSIL","URBAN",16769,16534,144,91,36,13333,3245,155,13954,675
"PUNJAB","RAWALPINDI","JHELUM","JHELUM","TEHSIL","OVERALL",83046,81563,795,688,28433,29500,24477,636,72361,4562
"PUNJAB","RAWALPINDI","JHELUM","JHELUM","TEHSIL","RURAL",31096,30324,431,341,136,11292,19319,349,25880,2735
"PUNJAB","RAWALPINDI","JHELUM","JHELUM","TEHSIL","URBAN",51950,51239,364,347,28297,18208,5158,287,46481,1827
"PUNJAB","RAWALPINDI","JHELUM","PIND DADAN KHAN","TEHSIL","OVERALL",63599,61941,851,807,12948,4407,45417,827,52864,5418
"PUNJAB","RAWALPINDI","JHELUM","PIND DADAN KHAN","TEHSIL","RURAL",52234,50804,721,709,3664,4067,43812,691,43241,4783
"PUNJAB","RAWALPINDI","JHELUM","PIND DADAN KHAN","TEHSIL","URBAN",11365,11137,130,98,9284,340,1605,136,9623,635
"PUNJAB","RAWALPINDI","JHELUM","SOHAWA","TEHSIL","OVERALL",38034,37430,343,261,634,8486,28725,189,34561,2160
"PUNJAB","RAWALPINDI","JHELUM","SOHAWA","TEHSIL","RURAL",27892,27444,256,192,601,4374,22850,67,25109,1775
"PUNJAB","RAWALPINDI","JHELUM","SOHAWA","TEHSIL","URBAN",10142,9986,87,69,33,4112,5875,122,9452,385
"PUNJAB","LAHORE","KASUR","CHUNIAN","TEHSIL","OVERALL",158898,155785,1292,1821,36193,3086,107067,12552,73550,61327
"PUNJAB","LAHORE","KASUR","CHUNIAN","TEHSIL","RURAL",124649,122051,1059,1539,14942,1448,96402,11857,52321,53568
"PUNJAB","LAHORE","KASUR","CHUNIAN","TEHSIL","URBAN",34249,33734,233,282,21251,1638,10665,695,21229,7759
"PUNJAB","LAHORE","KASUR","KASUR","TEHSIL","OVERALL",253446,249573,1800,2073,72830,13539,139319,27758,128483,88329
"PUNJAB","LAHORE","KASUR","KASUR","TEHSIL","RURAL",138105,135770,1002,1333,6131,3480,106717,21777,58609,61765
"PUNJAB","LAHORE","KASUR","KASUR","TEHSIL","URBAN",115341,113803,798,740,66699,10059,32602,5981,69874,26564
"PUNJAB","LAHORE","KASUR","KOT RADHA KISHAN","TEHSIL","OVERALL",61054,60197,347,510,10200,1746,41310,7798,34749,19950
"PUNJAB","LAHORE","KASUR","KOT RADHA KISHAN","TEHSIL","RURAL",45584,44984,216,384,1559,933,35742,7350,22793,17633
"PUNJAB","LAHORE","KASUR","KOT RADHA KISHAN","TEHSIL","URBAN",15470,15213,131,126,8641,813,5568,448,11956,2317
"PUNJAB","LAHORE","KASUR","PATTOKI","TEHSIL","OVERALL",171910,167368,1562,2980,52509,7185,99733,12483,85376,60397
"PUNJAB","LAHORE","KASUR","PATTOKI","TEHSIL","RURAL",134706,131076,1238,2392,27650,5218,90672,11166,61688,52192
"PUNJAB","LAHORE","KASUR","PATTOKI","TEHSIL","URBAN",37204,36292,324,588,24859,1967,9061,1317,23688,8205
"PUNJAB","MULTAN","KHANEWAL","JAHANIAN","TEHSIL","OVERALL",61153,59688,411,1054,19642,974,39809,728,31782,24056
"PUNJAB","MULTAN","KHANEWAL","JAHANIAN","TEHSIL","RURAL",52940,51698,352,890,13248,586,38615,491,25530,22849
"PUNJAB","MULTAN","KHANEWAL","JAHANIAN","TEHSIL","URBAN",8213,7990,59,164,6394,388,1194,237,6252,1207
"PUNJAB","MULTAN","KHANEWAL","KABIRWALA","TEHSIL","OVERALL",167410,158653,1700,7057,37684,1616,125368,2742,77959,72100
"PUNJAB","MULTAN","KHANEWAL","KABIRWALA","TEHSIL","RURAL",140146,131952,1473,6721,20473,543,116577,2553,60064,64490
"PUNJAB","MULTAN","KHANEWAL","KABIRWALA","TEHSIL","URBAN",27264,26701,227,336,17211,1073,8791,189,17895,7610
"PUNJAB","MULTAN","KHANEWAL","KHANEWAL","TEHSIL","OVERALL",152102,146810,1109,4183,38321,4970,105491,3320,87549,50469
"PUNJAB","MULTAN","KHANEWAL","KHANEWAL","TEHSIL","RURAL",101738,97364,775,3599,7467,873,91054,2344,51432,41050
"PUNJAB","MULTAN","KHANEWAL","KHANEWAL","TEHSIL","URBAN",50364,49446,334,584,30854,4097,14437,976,36117,9419
"PUNJAB","MULTAN","KHANEWAL","MIAN CHANNU","TEHSIL","OVERALL",145531,140167,1135,4229,31411,3992,106059,4069,66262,67012
"PUNJAB","MULTAN","KHANEWAL","MIAN CHANNU","TEHSIL","RURAL",115495,110574,948,3973,8972,1431,101153,3939,45639,60820
"PUNJAB","MULTAN","KHANEWAL","MIAN CHANNU","TEHSIL","URBAN",30036,29593,187,256,22439,2561,4906,130,20623,6192
"PUNJAB","SARGODHA","KHUSHAB","KHUSHAB","TEHSIL","OVERALL",132388,122285,4300,5803,36285,3376,87450,5277,94150,25161
"PUNJAB","SARGODHA","KHUSHAB","KHUSHAB","TEHSIL","RURAL",74820,66518,3532,4770,1425,736,67998,4661,49056,18262
"PUNJAB","SARGODHA","KHUSHAB","KHUSHAB","TEHSIL","URBAN",57568,55767,768,1033,34860,2640,19452,616,45094,6899
"PUNJAB","SARGODHA","KHUSHAB","NOOR PUR","TEHSIL","OVERALL",51109,39167,2227,9715,170,132,41778,9029,29761,15327
"PUNJAB","SARGODHA","KHUSHAB","NOOR PUR","TEHSIL","RURAL",47470,35578,2203,9689,147,65,38525,8733,27670,14383
"PUNJAB","SARGODHA","KHUSHAB","NOOR PUR","TEHSIL","URBAN",3639,3589,24,26,23,67,3253,296,2091,944
"PUNJAB","SARGODHA","KHUSHAB","NOWSHERA","TEHSIL","OVERALL",22280,21099,747,434,149,2451,19610,70,18269,2873
"PUNJAB","SARGODHA","KHUSHAB","NOWSHERA","TEHSIL","RURAL",19128,18046,725,357,128,1210,17739,51,15472,2702
"PUNJAB","SARGODHA","KHUSHAB","NOWSHERA","TEHSIL","URBAN",3152,3053,22,77,21,1241,1871,19,2797,171
"PUNJAB","SARGODHA","KHUSHAB","QUAIDABAD","TEHSIL","OVERALL",42527,38718,1865,1944,4233,991,35941,1362,31987,6630
"PUNJAB","SARGODHA","KHUSHAB","QUAIDABAD","TEHSIL","RURAL",39165,35460,1780,1925,3048,235,34524,1358,29013,6485
"PUNJAB","SARGODHA","KHUSHAB","QUAIDABAD","TEHSIL","URBAN",3362,3258,85,19,1185,756,1417,4,2974,145
"PUNJAB","LAHORE","LAHORE","LAHORE CANTT","TEHSIL","OVERALL",296525,290569,3568,2388,258510,14814,17249,5952,236368,13688
"PUNJAB","LAHORE","LAHORE","LAHORE CANTT","TEHSIL","RURAL",NA,NA,NA,NA,NA,NA,NA,NA,NA,NA
"PUNJAB","LAHORE","LAHORE","LAHORE CANTT","TEHSIL","URBAN",296525,290569,3568,2388,258510,14814,17249,5952,236368,13688
"PUNJAB","LAHORE","LAHORE","LAHORE CITY","TEHSIL","OVERALL",628597,617287,5944,5366,568801,31939,22097,5760,500848,40227
"PUNJAB","LAHORE","LAHORE","LAHORE CITY","TEHSIL","RURAL",NA,NA,NA,NA,NA,NA,NA,NA,NA,NA
"PUNJAB","LAHORE","LAHORE","LAHORE CITY","TEHSIL","URBAN",628597,617287,5944,5366,568801,31939,22097,5760,500848,40227
"PUNJAB","LAHORE","LAHORE","MODEL TOWN","TEHSIL","OVERALL",492344,481129,6300,4915,402171,49389,30514,10270,388412,40467
"PUNJAB","LAHORE","LAHORE","MODEL TOWN","TEHSIL","RURAL",NA,NA,NA,NA,NA,NA,NA,NA,NA,NA
"PUNJAB","LAHORE","LAHORE","MODEL TOWN","TEHSIL","URBAN",492344,481129,6300,4915,402171,49389,30514,10270,388412,40467
"PUNJAB","LAHORE","LAHORE","RAIWIND","TEHSIL","OVERALL",170679,166367,2347,1965,105359,22043,36799,6478,128506,22476
"PUNJAB","LAHORE","LAHORE","RAIWIND","TEHSIL","RURAL",NA,NA,NA,NA,NA,NA,NA,NA,NA,NA
"PUNJAB","LAHORE","LAHORE","RAIWIND","TEHSIL","URBAN",170679,166367,2347,1965,105359,22043,36799,6478,128506,22476
"PUNJAB","LAHORE","LAHORE","SHALIMAR","TEHSIL","OVERALL",422080,416699,3421,1960,365866,32208,17578,6428,351862,22449
"PUNJAB","LAHORE","LAHORE","SHALIMAR","TEHSIL","RURAL",NA,NA,NA,NA,NA,NA,NA,NA,NA,NA
"PUNJAB","LAHORE","LAHORE","SHALIMAR","TEHSIL","URBAN",422080,416699,3421,1960,365866,32208,17578,6428,351862,22449
"PUNJAB","DERA GHAZI KHAN","LAYYAH","CHOUBARA","TEHSIL","OVERALL",44032,23151,10036,10845,199,276,42952,605,23317,15403
"PUNJAB","DERA GHAZI KHAN","LAYYAH","CHOUBARA","TEHSIL","RURAL",35400,17680,8739,8981,146,158,34586,510,18039,12939
"PUNJAB","DERA GHAZI KHAN","LAYYAH","CHOUBARA","TEHSIL","URBAN",8632,5471,1297,1864,53,118,8366,95,5278,2464
"PUNJAB","DERA GHAZI KHAN","LAYYAH","KAROR LAL ESAN","TEHSIL","OVERALL",109766,99583,3271,6912,625,5471,99294,4376,54433,40402
"PUNJAB","DERA GHAZI KHAN","LAYYAH","KAROR LAL ESAN","TEHSIL","RURAL",95119,85367,3129,6623,453,823,89649,4194,44300,36860
"PUNJAB","DERA GHAZI KHAN","LAYYAH","KAROR LAL ESAN","TEHSIL","URBAN",14647,14216,142,289,172,4648,9645,182,10133,3542
"PUNJAB","DERA GHAZI KHAN","LAYYAH","LAYYAH","TEHSIL","OVERALL",187333,168781,7044,11508,19605,9220,155128,3380,94488,65013
"PUNJAB","DERA GHAZI KHAN","LAYYAH","LAYYAH","TEHSIL","RURAL",146807,129096,6724,10987,4789,1808,137024,3186,64795,58531
"PUNJAB","DERA GHAZI KHAN","LAYYAH","LAYYAH","TEHSIL","URBAN",40526,39685,320,521,14816,7412,18104,194,29693,6482
"PUNJAB","MULTAN","LODHRAN","DUNYAPUR","TEHSIL","OVERALL",91308,86694,636,3978,7879,1025,79186,3218,41397,39876
"PUNJAB","MULTAN","LODHRAN","DUNYAPUR","TEHSIL","RURAL",82769,78305,582,3882,2812,487,76363,3107,35792,37830
"PUNJAB","MULTAN","LODHRAN","DUNYAPUR","TEHSIL","URBAN",8539,8389,54,96,5067,538,2823,111,5605,2046
"PUNJAB","MULTAN","LODHRAN","KAHROR PACCA","TEHSIL","OVERALL",104524,100076,756,3692,7886,2507,76306,17825,37184,44997
"PUNJAB","MULTAN","LODHRAN","KAHROR PACCA","TEHSIL","RURAL",80122,75944,681,3497,1451,279,61942,16450,27091,36118
"PUNJAB","MULTAN","LODHRAN","KAHROR PACCA","TEHSIL","URBAN",24402,24132,75,195,6435,2228,14364,1375,10093,8879
"PUNJAB","MULTAN","LODHRAN","LODHRAN","TEHSIL","OVERALL",128034,122524,1197,4313,19142,2609,96390,9893,62207,54514
"PUNJAB","MULTAN","LODHRAN","LODHRAN","TEHSIL","RURAL",104162,98970,1051,4141,3692,581,90555,9334,44631,51178
"PUNJAB","MULTAN","LODHRAN","LODHRAN","TEHSIL","URBAN",23872,23554,146,172,15450,2028,5835,559,17576,3336
"PUNJAB","GUJRANWALA","MANDI BAHAUDDIN","MALAKWAL","TEHSIL","OVERALL",68852,67621,412,819,24189,2201,41956,506,49146,13481
"PUNJAB","GUJRANWALA","MANDI BAHAUDDIN","MALAKWAL","TEHSIL","RURAL",60096,59069,332,695,16754,1796,41184,362,42199,12182
"PUNJAB","GUJRANWALA","MANDI BAHAUDDIN","MALAKWAL","TEHSIL","URBAN",8756,8552,80,124,7435,405,772,144,6947,1299
"PUNJAB","GUJRANWALA","MANDI BAHAUDDIN","MANDI BAHAUDDIN","TEHSIL","OVERALL",117780,115462,841,1477,50214,14518,50788,2260,93375,14863
"PUNJAB","GUJRANWALA","MANDI BAHAUDDIN","MANDI BAHAUDDIN","TEHSIL","RURAL",80977,79453,565,959,23313,9243,46620,1801,62909,11711
"PUNJAB","GUJRANWALA","MANDI BAHAUDDIN","MANDI BAHAUDDIN","TEHSIL","URBAN",36803,36009,276,518,26901,5275,4168,459,30466,3152
"PUNJAB","GUJRANWALA","MANDI BAHAUDDIN","PHALIA","TEHSIL","OVERALL",99357,97324,836,1197,26517,9199,61829,1812,74887,16986
"PUNJAB","GUJRANWALA","MANDI BAHAUDDIN","PHALIA","TEHSIL","RURAL",89499,87618,779,1102,18588,8493,60650,1768,66056,16353
"PUNJAB","GUJRANWALA","MANDI BAHAUDDIN","PHALIA","TEHSIL","URBAN",9858,9706,57,95,7929,706,1179,44,8831,633
"PUNJAB","SARGODHA","MIANWALI","ISAKHEL","TEHSIL","OVERALL",66271,58921,4127,3223,3013,504,60914,1840,40633,14613
"PUNJAB","SARGODHA","MIANWALI","ISAKHEL","TEHSIL","RURAL",50370,43559,3915,2896,260,112,48818,1180,29216,11990
"PUNJAB","SARGODHA","MIANWALI","ISAKHEL","TEHSIL","URBAN",15901,15362,212,327,2753,392,12096,660,11417,2623
"PUNJAB","SARGODHA","MIANWALI","MIANWALI","TEHSIL","OVERALL",154194,144500,4446,5248,25139,3722,116476,8857,109326,18803
"PUNJAB","SARGODHA","MIANWALI","MIANWALI","TEHSIL","RURAL",123792,114546,4222,5024,4145,2024,109124,8499,87225,16859
"PUNJAB","SARGODHA","MIANWALI","MIANWALI","TEHSIL","URBAN",30402,29954,224,224,20994,1698,7352,358,22101,1944
"PUNJAB","SARGODHA","MIANWALI","PIPLAN","TEHSIL","OVERALL",75874,67480,2971,5423,12749,1018,60342,1765,48330,16604
"PUNJAB","SARGODHA","MIANWALI","PIPLAN","TEHSIL","RURAL",58031,50211,2745,5075,5984,608,49905,1534,34605,14865
"PUNJAB","SARGODHA","MIANWALI","PIPLAN","TEHSIL","URBAN",17843,17269,226,348,6765,410,10437,231,13725,1739
"PUNJAB","MULTAN","MULTAN","JALALPUR PIRWALA","TEHSIL","OVERALL",104883,98378,620,5885,11780,382,89559,3162,29689,64407
"PUNJAB","MULTAN","MULTAN","JALALPUR PIRWALA","TEHSIL","RURAL",89879,84085,492,5302,3434,124,83485,2836,21745,58799
"PUNJAB","MULTAN","MULTAN","JALALPUR PIRWALA","TEHSIL","URBAN",15004,14293,128,583,8346,258,6074,326,7944,5608
"PUNJAB","MULTAN","MULTAN","MULTAN CITY","TEHSIL","OVERALL",416791,410605,2912,3274,320594,31221,57977,6999,294872,75809
"PUNJAB","MULTAN","MULTAN","MULTAN CITY","TEHSIL","RURAL",63726,62394,438,894,32439,7676,21453,2158,40646,17490
"PUNJAB","MULTAN","MULTAN","MULTAN CITY","TEHSIL","URBAN",353065,348211,2474,2380,288155,23545,36524,4841,254226,58319
"PUNJAB","MULTAN","MULTAN","MULTAN SADDAR","TEHSIL","OVERALL",250073,244461,1472,4140,59311,5953,175684,9125,111570,107680
"PUNJAB","MULTAN","MULTAN","MULTAN SADDAR","TEHSIL","RURAL",235016,229573,1399,4044,46453,5650,173855,9058,100796,105709
"PUNJAB","MULTAN","MULTAN","MULTAN SADDAR","TEHSIL","URBAN",15057,14888,73,96,12858,303,1829,67,10774,1971
"PUNJAB","MULTAN","MULTAN","SHUJABAD","TEHSIL","OVERALL",114645,110501,637,3507,16019,858,90825,6943,40757,57750
"PUNJAB","MULTAN","MULTAN","SHUJABAD","TEHSIL","RURAL",88127,84698,530,2899,3495,390,78369,5873,27388,48489
"PUNJAB","MULTAN","MULTAN","SHUJABAD","TEHSIL","URBAN",26518,25803,107,608,12524,468,12456,1070,13369,9261
"PUNJAB","DERA GHAZI KHAN","MUZAFFARGARH","ALIPUR","TEHSIL","OVERALL",110102,92906,5418,11778,3585,3057,99026,4434,39085,59310
"PUNJAB","DERA GHAZI KHAN","MUZAFFARGARH","ALIPUR","TEHSIL","RURAL",84074,68115,5265,10694,339,222,79819,3694,25407,49336
"PUNJAB","DERA GHAZI KHAN","MUZAFFARGARH","ALIPUR","TEHSIL","URBAN",26028,24791,153,1084,3246,2835,19207,740,13678,9974
NA,NA,"MUZAFFARGARH","CHOWK SARWAR SHAHEED","TEHSIL","OVERALL",66170,54687,2884,8599,2276,1347,61944,603,35034,22042
NA,NA,"MUZAFFARGARH","CHOWK SARWAR SHAHEED","TEHSIL","RURAL",55566,44401,2779,8386,213,133,54684,536,27296,20038
NA,NA,"MUZAFFARGARH","CHOWK SARWAR SHAHEED","TEHSIL","URBAN",10604,10286,105,213,2063,1214,7260,67,7738,2004
"PUNJAB","DERA GHAZI KHAN","MUZAFFARGARH","JATOI","TEHSIL","OVERALL",137645,124652,1737,11256,6052,795,121357,9441,43634,76943
"PUNJAB","DERA GHAZI KHAN","MUZAFFARGARH","JATOI","TEHSIL","RURAL",101586,89460,1572,10554,499,347,92296,8444,28527,60971
"PUNJAB","DERA GHAZI KHAN","MUZAFFARGARH","JATOI","TEHSIL","URBAN",36059,35192,165,702,5553,448,29061,997,15107,15972
"PUNJAB","DERA GHAZI KHAN","MUZAFFARGARH","KOT ADDU","TEHSIL","OVERALL",185342,177312,2283,5747,24419,2484,150200,8239,83178,74943
"PUNJAB","DERA GHAZI KHAN","MUZAFFARGARH","KOT ADDU","TEHSIL","RURAL",146836,139296,2111,5429,5955,867,132567,7447,61100,65434
"PUNJAB","DERA GHAZI KHAN","MUZAFFARGARH","KOT ADDU","TEHSIL","URBAN",38506,38016,172,318,18464,1617,17633,792,22078,9509
"PUNJAB","DERA GHAZI KHAN","MUZAFFARGARH","MUZAFFARGARH","TEHSIL","OVERALL",305179,283202,4317,17660,50884,2054,237620,14621,127923,133999
"PUNJAB","DERA GHAZI KHAN","MUZAFFARGARH","MUZAFFARGARH","TEHSIL","RURAL",264551,243294,4064,17193,18832,1308,230268,14143,97124,128475
"PUNJAB","DERA GHAZI KHAN","MUZAFFARGARH","MUZAFFARGARH","TEHSIL","URBAN",40628,39908,253,467,32052,746,7352,478,30799,5524
"PUNJAB","LAHORE","NANKANA SAHIB","NANKANA SAHIB","TEHSIL","OVERALL",160419,157608,1114,1697,47290,3859,83832,25438,83574,60556
"PUNJAB","LAHORE","NANKANA SAHIB","NANKANA SAHIB","TEHSIL","RURAL",139908,137247,1034,1627,29094,3275,82232,25307,68685,57119
"PUNJAB","LAHORE","NANKANA SAHIB","NANKANA SAHIB","TEHSIL","URBAN",20511,20361,80,70,18196,584,1600,131,14889,3437
"PUNJAB","LAHORE","NANKANA SAHIB","SANGLA HILL","TEHSIL","OVERALL",41181,40541,246,394,21181,1980,17663,357,24522,11526
"PUNJAB","LAHORE","NANKANA SAHIB","SANGLA HILL","TEHSIL","RURAL",25087,24735,176,176,9662,685,14495,245,14466,7316
"PUNJAB","LAHORE","NANKANA SAHIB","SANGLA HILL","TEHSIL","URBAN",16094,15806,70,218,11519,1295,3168,112,10056,4210
"PUNJAB","LAHORE","NANKANA SAHIB","SHAH KOT","TEHSIL","OVERALL",45356,44037,693,626,28405,1548,14938,465,32176,9787
"PUNJAB","LAHORE","NANKANA SAHIB","SHAH KOT","TEHSIL","RURAL",31174,30339,429,406,20302,307,10237,328,21856,7100
"PUNJAB","LAHORE","NANKANA SAHIB","SHAH KOT","TEHSIL","URBAN",14182,13698,264,220,8103,1241,4701,137,10320,2687
"PUNJAB","GUJRANWALA","NAROWAL","NAROWAL","TEHSIL","OVERALL",100371,99262,710,399,16533,10478,34062,39298,73026,17285
"PUNJAB","GUJRANWALA","NAROWAL","NAROWAL","TEHSIL","RURAL",73856,73017,491,348,661,4934,29962,38299,50807,15964
"PUNJAB","GUJRANWALA","NAROWAL","NAROWAL","TEHSIL","URBAN",26515,26245,219,51,15872,5544,4100,999,22219,1321
"PUNJAB","GUJRANWALA","NAROWAL","SHAKARGARH","TEHSIL","OVERALL",108734,107248,892,594,14847,5708,67935,20244,86664,14980
"PUNJAB","GUJRANWALA","NAROWAL","SHAKARGARH","TEHSIL","RURAL",89118,88002,665,451,734,4168,64442,19774,68525,14413
"PUNJAB","GUJRANWALA","NAROWAL","SHAKARGARH","TEHSIL","URBAN",19616,19246,227,143,14113,1540,3493,470,18139,567
"PUNJAB","GUJRANWALA","NAROWAL","ZAFARWAL","TEHSIL","OVERALL",72431,71622,493,316,7804,3162,38543,22922,54303,12590
"PUNJAB","GUJRANWALA","NAROWAL","ZAFARWAL","TEHSIL","RURAL",64256,63523,449,284,879,2436,38254,22687,47271,12100
"PUNJAB","GUJRANWALA","NAROWAL","ZAFARWAL","TEHSIL","URBAN",8175,8099,44,32,6925,726,289,235,7032,490
"PUNJAB","SAHIWAL","OKARA","DEPALPUR","TEHSIL","OVERALL",254479,246790,2488,5201,77004,4231,127786,45458,116328,118072
"PUNJAB","SAHIWAL","OKARA","DEPALPUR","TEHSIL","RURAL",179234,172761,1924,4549,29622,1510,105485,42617,71419,93538
"PUNJAB","SAHIWAL","OKARA","DEPALPUR","TEHSIL","URBAN",75245,74029,564,652,47382,2721,22301,2841,44909,24534
"PUNJAB","SAHIWAL","OKARA","OKARA","TEHSIL","OVERALL",216075,210598,1652,3825,93030,5370,104969,12706,124107,66143
"PUNJAB","SAHIWAL","OKARA","OKARA","TEHSIL","RURAL",117278,113660,769,2849,14511,872,90646,11249,53201,51560
"PUNJAB","SAHIWAL","OKARA","OKARA","TEHSIL","URBAN",98797,96938,883,976,78519,4498,14323,1457,70906,14583
"PUNJAB","SAHIWAL","OKARA","RENALA KHURD","TEHSIL","OVERALL",79170,77681,549,940,29301,1895,43475,4499,42854,27253
"PUNJAB","SAHIWAL","OKARA","RENALA KHURD","TEHSIL","RURAL",64134,62844,452,838,17252,946,41480,4456,31482,25326
"PUNJAB","SAHIWAL","OKARA","RENALA KHURD","TEHSIL","URBAN",15036,14837,97,102,12049,949,1995,43,11372,1927
"PUNJAB","SAHIWAL","PAKPATTAN","ARIF WALA","TEHSIL","OVERALL",160886,156158,1108,3620,10293,9413,115515,25665,57803,89962
"PUNJAB","SAHIWAL","PAKPATTAN","ARIF WALA","TEHSIL","RURAL",127151,123036,856,3259,1311,2883,99097,23860,40376,77236
"PUNJAB","SAHIWAL","PAKPATTAN","ARIF WALA","TEHSIL","URBAN",33735,33122,252,361,8982,6530,16418,1805,17427,12726
"PUNJAB","SAHIWAL","PAKPATTAN","PAKPATTAN","TEHSIL","OVERALL",183660,176967,1245,5448,22457,5308,109116,46779,67489,98953
"PUNJAB","SAHIWAL","PAKPATTAN","PAKPATTAN","TEHSIL","RURAL",140265,134240,1050,4975,1147,1344,95051,42723,42217,85330
"PUNJAB","SAHIWAL","PAKPATTAN","PAKPATTAN","TEHSIL","URBAN",43395,42727,195,473,21310,3964,14065,4056,25272,13623
"PUNJAB","BAHAWALPUR","RAHIM YAR KHAN","KHANPUR","TEHSIL","OVERALL",170828,157484,2679,10665,28740,4076,126409,11603,73415,82729
"PUNJAB","BAHAWALPUR","RAHIM YAR KHAN","KHANPUR","TEHSIL","RURAL",122933,111152,2267,9514,5193,514,107097,10129,44632,67922
"PUNJAB","BAHAWALPUR","RAHIM YAR KHAN","KHANPUR","TEHSIL","URBAN",47895,46332,412,1151,23547,3562,19312,1474,28783,14807
"PUNJAB","BAHAWALPUR","RAHIM YAR KHAN","LIAQUAT PUR","TEHSIL","OVERALL",177831,160062,3708,14061,17116,1259,150539,8917,69177,97964
"PUNJAB","BAHAWALPUR","RAHIM YAR KHAN","LIAQUAT PUR","TEHSIL","RURAL",162235,144813,3645,13777,9000,498,144586,8151,59837,92827
"PUNJAB","BAHAWALPUR","RAHIM YAR KHAN","LIAQUAT PUR","TEHSIL","URBAN",15596,15249,63,284,8116,761,5953,766,9340,5137
"PUNJAB","BAHAWALPUR","RAHIM YAR KHAN","RAHIM YAR KHAN","TEHSIL","OVERALL",266856,244602,4367,17887,71222,8044,181720,5870,138052,105363
"PUNJAB","BAHAWALPUR","RAHIM YAR KHAN","RAHIM YAR KHAN","TEHSIL","RURAL",172658,152137,3686,16835,5449,1071,161075,5063,69801,87538
"PUNJAB","BAHAWALPUR","RAHIM YAR KHAN","RAHIM YAR KHAN","TEHSIL","URBAN",94198,92465,681,1052,65773,6973,20645,807,68251,17825
"PUNJAB","BAHAWALPUR","RAHIM YAR KHAN","SADIQABAD","TEHSIL","OVERALL",211427,185667,7175,18585,51328,3193,148429,8477,89092,97429
"PUNJAB","BAHAWALPUR","RAHIM YAR KHAN","SADIQABAD","TEHSIL","RURAL",159256,134644,6659,17953,14679,748,135620,8209,55132,84628
"PUNJAB","BAHAWALPUR","RAHIM YAR KHAN","SADIQABAD","TEHSIL","URBAN",52171,51023,516,632,36649,2445,12809,268,33960,12801
"PUNJAB","DERA GHAZI KHAN","RAJANPUR","RAJANPUR","DE-EXCLUDED_AREA","OVERALL",6438,72,550,5816,17,5,5879,537,446,5558
"PUNJAB","DERA GHAZI KHAN","RAJANPUR","RAJANPUR","DE-EXCLUDED_AREA","RURAL",6438,72,550,5816,17,5,5879,537,446,5558
"PUNJAB","DERA GHAZI KHAN","RAJANPUR","RAJANPUR","DE-EXCLUDED_AREA","URBAN",NA,NA,NA,NA,NA,NA,NA,NA,NA,NA
"PUNJAB","DERA GHAZI KHAN","RAJANPUR","JAMPUR","TEHSIL","OVERALL",150958,87434,20682,42842,881,8411,134274,7392,56429,66052
"PUNJAB","DERA GHAZI KHAN","RAJANPUR","JAMPUR","TEHSIL","RURAL",105245,50458,17724,37063,515,469,98279,5982,32773,52131
"PUNJAB","DERA GHAZI KHAN","RAJANPUR","JAMPUR","TEHSIL","URBAN",45713,36976,2958,5779,366,7942,35995,1410,23656,13921
"PUNJAB","DERA GHAZI KHAN","RAJANPUR","RAJANPUR","TEHSIL","OVERALL",129625,85871,11921,31833,707,9261,114883,4774,47529,66660
"PUNJAB","DERA GHAZI KHAN","RAJANPUR","RAJANPUR","TEHSIL","RURAL",81728,44762,9594,27372,236,505,77872,3115,22809,49295
"PUNJAB","DERA GHAZI KHAN","RAJANPUR","RAJANPUR","TEHSIL","URBAN",47897,41109,2327,4461,471,8756,37011,1659,24720,17365
"PUNJAB","DERA GHAZI KHAN","RAJANPUR","ROJHAN","TEHSIL","OVERALL",66995,29832,7200,29963,2311,89,55897,8698,17438,35250
"PUNJAB","DERA GHAZI KHAN","RAJANPUR","ROJHAN","TEHSIL","RURAL",64094,27040,7192,29862,367,67,55007,8653,16385,34935
"PUNJAB","DERA GHAZI KHAN","RAJANPUR","ROJHAN","TEHSIL","URBAN",2901,2792,8,101,1944,22,890,45,1053,315
"PUNJAB","RAWALPINDI","RAWALPINDI","GUJAR KHAN","TEHSIL","OVERALL",130608,127831,1356,1421,67053,9030,52637,1888,114425,5592
"PUNJAB","RAWALPINDI","RAWALPINDI","GUJAR KHAN","TEHSIL","RURAL",109488,107012,1184,1292,48343,8108,51534,1503,95861,5066
"PUNJAB","RAWALPINDI","RAWALPINDI","GUJAR KHAN","TEHSIL","URBAN",21120,20819,172,129,18710,922,1103,385,18564,526
"PUNJAB","RAWALPINDI","RAWALPINDI","KAHUTA","TEHSIL","OVERALL",43648,43059,188,401,19975,1522,21953,198,38378,3045
"PUNJAB","RAWALPINDI","RAWALPINDI","KAHUTA","TEHSIL","RURAL",29920,29450,133,337,7268,935,21608,109,25695,2742
"PUNJAB","RAWALPINDI","RAWALPINDI","KAHUTA","TEHSIL","URBAN",13728,13609,55,64,12707,587,345,89,12683,303
NA,NA,"RAWALPINDI","KALLAR SAYADDAN","TEHSIL","OVERALL",41620,40954,221,445,5835,7048,28198,539,37109,3062
NA,NA,"RAWALPINDI","KALLAR SAYADDAN","TEHSIL","RURAL",31447,30929,192,326,2360,5231,23709,147,27814,2625
NA,NA,"RAWALPINDI","KALLAR SAYADDAN","TEHSIL","URBAN",10173,10025,29,119,3475,1817,4489,392,9295,437
"PUNJAB","RAWALPINDI","RAWALPINDI","KOTLI SATTIAN","TEHSIL","OVERALL",20907,20459,92,356,143,88,20608,68,16022,3731
"PUNJAB","RAWALPINDI","RAWALPINDI","KOTLI SATTIAN","TEHSIL","RURAL",16637,16279,74,284,128,54,16395,60,12881,2894
"PUNJAB","RAWALPINDI","RAWALPINDI","KOTLI SATTIAN","TEHSIL","URBAN",4270,4180,18,72,15,34,4213,8,3141,837
"PUNJAB","RAWALPINDI","RAWALPINDI","MURREE","TEHSIL","OVERALL",45280,44714,179,387,13653,2188,29282,157,32948,9373
"PUNJAB","RAWALPINDI","RAWALPINDI","MURREE","TEHSIL","RURAL",41198,40649,167,382,10009,2117,28927,145,30113,8958
"PUNJAB","RAWALPINDI","RAWALPINDI","MURREE","TEHSIL","URBAN",4082,4065,12,5,3644,71,355,12,2835,415
"PUNJAB","RAWALPINDI","RAWALPINDI","RAWALPINDI","TEHSIL","OVERALL",589748,581003,5472,3273,480969,46651,57796,4332,508828,17076
"PUNJAB","RAWALPINDI","RAWALPINDI","RAWALPINDI","TEHSIL","RURAL",62208,60774,782,652,11329,6106,44306,467,55503,3382
"PUNJAB","RAWALPINDI","RAWALPINDI","RAWALPINDI","TEHSIL","URBAN",527540,520229,4690,2621,469640,40545,13490,3865,453325,13694
"PUNJAB","RAWALPINDI","RAWALPINDI","TAXILA","TEHSIL","OVERALL",126189,124325,1357,507,111661,6834,7033,661,112657,2029
"PUNJAB","RAWALPINDI","RAWALPINDI","TAXILA","TEHSIL","RURAL",34364,33594,464,306,25331,3189,5451,393,30530,1047
"PUNJAB","RAWALPINDI","RAWALPINDI","TAXILA","TEHSIL","URBAN",91825,90731,893,201,86330,3645,1582,268,82127,982
"PUNJAB","SAHIWAL","SAHIWAL","CHICHAWATNI","TEHSIL","OVERALL",176270,170418,1420,4432,32176,4695,134456,4943,98023,66799
"PUNJAB","SAHIWAL","SAHIWAL","CHICHAWATNI","TEHSIL","RURAL",158484,152831,1296,4357,17277,3467,132868,4872,84572,64164
"PUNJAB","SAHIWAL","SAHIWAL","CHICHAWATNI","TEHSIL","URBAN",17786,17587,124,75,14899,1228,1588,71,13451,2635
"PUNJAB","SAHIWAL","SAHIWAL","SAHIWAL","TEHSIL","OVERALL",270336,260187,2471,7678,68799,19196,172093,10248,149195,94509
"PUNJAB","SAHIWAL","SAHIWAL","SAHIWAL","TEHSIL","RURAL",165964,158059,1443,6462,3265,4881,148463,9355,76015,75405
"PUNJAB","SAHIWAL","SAHIWAL","SAHIWAL","TEHSIL","URBAN",104372,102128,1028,1216,65534,14315,23630,893,73180,19104
"PUNJAB","SARGODHA","SARGODHA","BHALWAL","TEHSIL","OVERALL",67654,66049,516,1089,42318,1025,23950,361,48472,9189
"PUNJAB","SARGODHA","SARGODHA","BHALWAL","TEHSIL","RURAL",41882,40662,375,845,20789,200,20647,246,29436,6058
"PUNJAB","SARGODHA","SARGODHA","BHALWAL","TEHSIL","URBAN",25772,25387,141,244,21529,825,3303,115,19036,3131
"PUNJAB","SARGODHA","SARGODHA","BHERA","TEHSIL","OVERALL",64910,62783,554,1573,31027,308,32182,1393,38419,16114
"PUNJAB","SARGODHA","SARGODHA","BHERA","TEHSIL","RURAL",45823,44351,414,1058,15858,118,29058,789,25675,12583
"PUNJAB","SARGODHA","SARGODHA","BHERA","TEHSIL","URBAN",19087,18432,140,515,15169,190,3124,604,12744,3531
"PUNJAB","SARGODHA","SARGODHA","KOT MOMIN","TEHSIL","OVERALL",79456,75722,1171,2563,14244,615,63339,1258,40634,32051
"PUNJAB","SARGODHA","SARGODHA","KOT MOMIN","TEHSIL","RURAL",69894,66649,1091,2154,7847,556,60375,1116,34520,29549
"PUNJAB","SARGODHA","SARGODHA","KOT MOMIN","TEHSIL","URBAN",9562,9073,80,409,6397,59,2964,142,6114,2502
"PUNJAB","SARGODHA","SARGODHA","SAHIWAL","TEHSIL","OVERALL",62790,59637,1129,2024,563,4061,53779,4387,41627,12633
"PUNJAB","SARGODHA","SARGODHA","SAHIWAL","TEHSIL","RURAL",47812,44999,949,1864,267,553,42770,4222,30618,10684
"PUNJAB","SARGODHA","SARGODHA","SAHIWAL","TEHSIL","URBAN",14978,14638,180,160,296,3508,11009,165,11009,1949
"PUNJAB","SARGODHA","SARGODHA","SARGODHA","TEHSIL","OVERALL",280479,271809,2925,5745,180767,8158,88770,2784,194774,46327
"PUNJAB","SARGODHA","SARGODHA","SARGODHA","TEHSIL","RURAL",113598,109851,1245,2502,50637,806,61382,773,68582,27655
"PUNJAB","SARGODHA","SARGODHA","SARGODHA","TEHSIL","URBAN",166881,161958,1680,3243,130130,7352,27388,2011,126192,18672
"PUNJAB","SARGODHA","SARGODHA","SHAHPUR","TEHSIL","OVERALL",70184,66688,1236,2260,16309,802,51168,1905,42029,14114
"PUNJAB","SARGODHA","SARGODHA","SHAHPUR","TEHSIL","RURAL",54215,51193,1097,1925,5617,671,46383,1544,31612,11696
"PUNJAB","SARGODHA","SARGODHA","SHAHPUR","TEHSIL","URBAN",15969,15495,139,335,10692,131,4785,361,10417,2418
"PUNJAB","SARGODHA","SARGODHA","SILLANWALI","TEHSIL","OVERALL",58848,55299,1010,2539,7231,1607,48093,1917,36543,15422
"PUNJAB","SARGODHA","SARGODHA","SILLANWALI","TEHSIL","RURAL",51752,48485,874,2393,2392,1181,46337,1842,30272,14968
"PUNJAB","SARGODHA","SARGODHA","SILLANWALI","TEHSIL","URBAN",7096,6814,136,146,4839,426,1756,75,6271,454
"PUNJAB","LAHORE","SHEIKHUPURA","FEROZEWALA","TEHSIL","OVERALL",144449,141495,1358,1596,79863,28348,27924,8314,112210,14454
"PUNJAB","LAHORE","SHEIKHUPURA","FEROZEWALA","TEHSIL","RURAL",95343,93627,933,783,50886,16476,21040,6941,71588,11539
"PUNJAB","LAHORE","SHEIKHUPURA","FEROZEWALA","TEHSIL","URBAN",49106,47868,425,813,28977,11872,6884,1373,40622,2915
"PUNJAB","LAHORE","SHEIKHUPURA","MURIDKE","TEHSIL","OVERALL",102033,100600,901,532,61395,4829,17092,18717,69354,21056
"PUNJAB","LAHORE","SHEIKHUPURA","MURIDKE","TEHSIL","RURAL",55268,54411,532,325,21453,2343,13833,17639,34265,14769
"PUNJAB","LAHORE","SHEIKHUPURA","MURIDKE","TEHSIL","URBAN",46765,46189,369,207,39942,2486,3259,1078,35089,6287
"PUNJAB","LAHORE","SHEIKHUPURA","SAFDARABAD","TEHSIL","OVERALL",45522,44829,308,385,11338,1364,28638,4182,29853,10851
"PUNJAB","LAHORE","SHEIKHUPURA","SAFDARABAD","TEHSIL","RURAL",32330,31860,197,273,3610,708,24078,3934,20712,8450
"PUNJAB","LAHORE","SHEIKHUPURA","SAFDARABAD","TEHSIL","URBAN",13192,12969,111,112,7728,656,4560,248,9141,2401
"PUNJAB","LAHORE","SHEIKHUPURA","SHARAK PUR","TEHSIL","OVERALL",35648,35145,279,224,9828,2321,20995,2504,24465,7909
"PUNJAB","LAHORE","SHEIKHUPURA","SHARAK PUR","TEHSIL","RURAL",27825,27399,225,201,3848,1338,20162,2477,18038,7153
"PUNJAB","LAHORE","SHEIKHUPURA","SHARAK PUR","TEHSIL","URBAN",7823,7746,54,23,5980,983,833,27,6427,756
"PUNJAB","LAHORE","SHEIKHUPURA","SHEIKHUPURA","TEHSIL","OVERALL",265608,261365,2323,1920,158992,14098,77119,15399,187174,51392
"PUNJAB","LAHORE","SHEIKHUPURA","SHEIKHUPURA","TEHSIL","RURAL",151380,148844,1294,1242,63597,6762,66829,14192,96457,39005
"PUNJAB","LAHORE","SHEIKHUPURA","SHEIKHUPURA","TEHSIL","URBAN",114228,112521,1029,678,95395,7336,10290,1207,90717,12387
"PUNJAB","GUJRANWALA","SIALKOT","DASKA","TEHSIL","OVERALL",143666,141524,1195,947,66517,17940,26497,32712,111906,17761
"PUNJAB","GUJRANWALA","SIALKOT","DASKA","TEHSIL","RURAL",104824,103298,747,779,32899,15666,24490,31769,79297,15102
"PUNJAB","GUJRANWALA","SIALKOT","DASKA","TEHSIL","URBAN",38842,38226,448,168,33618,2274,2007,943,32609,2659
"PUNJAB","GUJRANWALA","SIALKOT","PASRUR","TEHSIL","OVERALL",139334,137296,1100,938,44571,9798,37489,47476,102101,24568
"PUNJAB","GUJRANWALA","SIALKOT","PASRUR","TEHSIL","RURAL",119326,117623,909,794,27205,8913,36236,46972,86371,22122
"PUNJAB","GUJRANWALA","SIALKOT","PASRUR","TEHSIL","URBAN",20008,19673,191,144,17366,885,1253,504,15730,2446
"PUNJAB","GUJRANWALA","SIALKOT","SAMBRIAL","TEHSIL","OVERALL",71680,70793,587,300,33754,12754,20307,4865,56940,7172
"PUNJAB","GUJRANWALA","SIALKOT","SAMBRIAL","TEHSIL","RURAL",48433,47878,371,184,16712,9726,17949,4046,38563,5775
"PUNJAB","GUJRANWALA","SIALKOT","SAMBRIAL","TEHSIL","URBAN",23247,22915,216,116,17042,3028,2358,819,18377,1397
"PUNJAB","GUJRANWALA","SIALKOT","SIALKOT","TEHSIL","OVERALL",316640,311690,2576,2374,237384,32835,33973,12448,270081,16812
"PUNJAB","GUJRANWALA","SIALKOT","SIALKOT","TEHSIL","RURAL",173023,170407,1160,1456,108041,23577,30254,11151,146279,11799
"PUNJAB","GUJRANWALA","SIALKOT","SIALKOT","TEHSIL","URBAN",143617,141283,1416,918,129343,9258,3719,1297,123802,5013
"PUNJAB","FAISALABAD","TOBA TEK SINGH","GOJRA","TEHSIL","OVERALL",114653,111293,1158,2202,52055,2374,58766,1458,75466,29026
"PUNJAB","FAISALABAD","TOBA TEK SINGH","GOJRA","TEHSIL","RURAL",80848,78046,948,1854,23014,1331,55524,979,49582,24456
"PUNJAB","FAISALABAD","TOBA TEK SINGH","GOJRA","TEHSIL","URBAN",33805,33247,210,348,29041,1043,3242,479,25884,4570
"PUNJAB","FAISALABAD","TOBA TEK SINGH","KAMALIA","TEHSIL","OVERALL",67925,66182,482,1261,21175,1031,42253,3466,34335,27001
"PUNJAB","FAISALABAD","TOBA TEK SINGH","KAMALIA","TEHSIL","RURAL",40148,38983,232,933,330,565,36164,3089,17811,18446
"PUNJAB","FAISALABAD","TOBA TEK SINGH","KAMALIA","TEHSIL","URBAN",27777,27199,250,328,20845,466,6089,377,16524,8555
"PUNJAB","FAISALABAD","TOBA TEK SINGH","PIRMAHAL","TEHSIL","OVERALL",77813,75051,533,2229,19059,2247,54405,2102,50991,19934
"PUNJAB","FAISALABAD","TOBA TEK SINGH","PIRMAHAL","TEHSIL","RURAL",67723,65173,449,2101,10093,1670,53927,2033,42201,19448
"PUNJAB","FAISALABAD","TOBA TEK SINGH","PIRMAHAL","TEHSIL","URBAN",10090,9878,84,128,8966,577,478,69,8790,486
"PUNJAB","FAISALABAD","TOBA TEK SINGH","TOBA TEK SINGH","TEHSIL","OVERALL",133505,128133,1408,3964,56660,3635,70530,2680,90545,33937
"PUNJAB","FAISALABAD","TOBA TEK SINGH","TOBA TEK SINGH","TEHSIL","RURAL",113635,108989,1248,3398,39503,2788,69348,1996,74406,31766
"PUNJAB","FAISALABAD","TOBA TEK SINGH","TOBA TEK SINGH","TEHSIL","URBAN",19870,19144,160,566,17157,847,1182,684,16139,2171
"PUNJAB","MULTAN","VEHARI","BUREWALA","TEHSIL","OVERALL",190350,184386,1499,4465,41726,8974,128319,11331,107644,66572
"PUNJAB","MULTAN","VEHARI","BUREWALA","TEHSIL","RURAL",133186,128785,903,3498,8898,3239,111293,9756,68378,54007
"PUNJAB","MULTAN","VEHARI","BUREWALA","TEHSIL","URBAN",57164,55601,596,967,32828,5735,17026,1575,39266,12565
"PUNJAB","MULTAN","VEHARI","MAILSI","TEHSIL","OVERALL",177997,171680,1368,4949,16552,4876,144393,12176,91530,69648
"PUNJAB","MULTAN","VEHARI","MAILSI","TEHSIL","RURAL",144266,138546,1206,4514,3544,1762,127876,11084,71274,59235
"PUNJAB","MULTAN","VEHARI","MAILSI","TEHSIL","URBAN",33731,33134,162,435,13008,3114,16517,1092,20256,10413
"PUNJAB","MULTAN","VEHARI","VEHARI","TEHSIL","OVERALL",174689,168721,1463,4505,18981,10102,134490,11116,93534,64741
"PUNJAB","MULTAN","VEHARI","VEHARI","TEHSIL","RURAL",141019,135680,1149,4190,6307,2647,122004,10061,69426,58127
"PUNJAB","MULTAN","VEHARI","VEHARI","TEHSIL","URBAN",33670,33041,314,315,12674,7455,12486,1055,24108,6614
"SINDH","HYDERABAD","BADIN","BADIN","TALUKA","OVERALL",100478,46031,12162,42285,17348,125,79696,3309,57390,31192
"SINDH","HYDERABAD","BADIN","BADIN","TALUKA","RURAL",72403,25388,10376,36639,3373,22,66499,2509,40567,25066
"SINDH","HYDERABAD","BADIN","BADIN","TALUKA","URBAN",28075,20643,1786,5646,13975,103,13197,800,16823,6126
"SINDH","HYDERABAD","BADIN","GOLARCHI (S.F.RAHU)","TALUKA","OVERALL",72516,22497,13533,36486,5489,96,60554,6377,27999,37264
"SINDH","HYDERABAD","BADIN","GOLARCHI (S.F.RAHU)","TALUKA","RURAL",62169,16965,12094,33110,1025,65,55061,6018,22776,33843
"SINDH","HYDERABAD","BADIN","GOLARCHI (S.F.RAHU)","TALUKA","URBAN",10347,5532,1439,3376,4464,31,5493,359,5223,3421
"SINDH","HYDERABAD","BADIN","MATLI","TALUKA","OVERALL",95264,44215,10025,41024,10825,336,77740,6363,38039,43916
"SINDH","HYDERABAD","BADIN","MATLI","TALUKA","RURAL",72924,28176,7903,36845,1404,54,65536,5930,27936,37436
"SINDH","HYDERABAD","BADIN","MATLI","TALUKA","URBAN",22340,16039,2122,4179,9421,282,12204,433,10103,6480
"SINDH","HYDERABAD","BADIN","TALHAR","TALUKA","OVERALL",39276,15913,3854,19509,4756,63,33393,1064,20930,15051
"SINDH","HYDERABAD","BADIN","TALHAR","TALUKA","RURAL",28732,9729,3296,15707,152,40,27773,767,14815,11752
"SINDH","HYDERABAD","BADIN","TALHAR","TALUKA","URBAN",10544,6184,558,3802,4604,23,5620,297,6115,3299
"SINDH","HYDERABAD","BADIN","TANDO BAGO","TALUKA","OVERALL",90358,30787,7881,51690,8507,70,76847,4934,31449,50409
"SINDH","HYDERABAD","BADIN","TANDO BAGO","TALUKA","RURAL",75721,22343,7124,46254,2516,54,68534,4617,25809,44960
"SINDH","HYDERABAD","BADIN","TANDO BAGO","TALUKA","URBAN",14637,8444,757,5436,5991,16,8313,317,5640,5449
"SINDH","HYDERABAD","DADU","DADU","TALUKA","OVERALL",96196,70157,18773,7266,32167,658,53247,10124,44010,23466
"SINDH","HYDERABAD","DADU","DADU","TALUKA","RURAL",58994,39301,14004,5689,7224,248,43147,8375,22000,19114
"SINDH","HYDERABAD","DADU","DADU","TALUKA","URBAN",37202,30856,4769,1577,24943,410,10100,1749,22010,4352
"SINDH","HYDERABAD","DADU","JOHI","TALUKA","OVERALL",65519,29739,24381,11399,3130,169,54011,8209,17425,31598
"SINDH","HYDERABAD","DADU","JOHI","TALUKA","RURAL",58268,23878,23271,11119,623,109,49741,7795,15431,29648
"SINDH","HYDERABAD","DADU","JOHI","TALUKA","URBAN",7251,5861,1110,280,2507,60,4270,414,1994,1950
"SINDH","HYDERABAD","DADU","KHAIRPUR NATHAN SHAH","TALUKA","OVERALL",76844,48003,15803,13038,16028,112,42866,17838,42312,21737
"SINDH","HYDERABAD","DADU","KHAIRPUR NATHAN SHAH","TALUKA","RURAL",59964,34314,14082,11568,5866,65,37788,16245,33572,18211
"SINDH","HYDERABAD","DADU","KHAIRPUR NATHAN SHAH","TALUKA","URBAN",16880,13689,1721,1470,10162,47,5078,1593,8740,3526
"SINDH","HYDERABAD","DADU","MEHAR","TALUKA","OVERALL",101912,62880,28101,10931,21489,175,49775,30473,40286,26330
"SINDH","HYDERABAD","DADU","MEHAR","TALUKA","RURAL",79381,42589,26670,10122,8726,74,42936,27645,32703,24178
"SINDH","HYDERABAD","DADU","MEHAR","TALUKA","URBAN",22531,20291,1431,809,12763,101,6839,2828,7583,2152
"SINDH","SUKKUR","GHOTKI","DAHARKI","TALUKA","OVERALL",62056,13438,30125,18493,12652,268,46060,3076,15796,36034
"SINDH","SUKKUR","GHOTKI","DAHARKI","TALUKA","RURAL",45686,3818,24438,17430,2493,51,40496,2646,9642,30609
"SINDH","SUKKUR","GHOTKI","DAHARKI","TALUKA","URBAN",16370,9620,5687,1063,10159,217,5564,430,6154,5425
"SINDH","SUKKUR","GHOTKI","GHOTKI","TALUKA","OVERALL",100749,60035,25399,15315,26137,356,71151,3105,38342,33997
"SINDH","SUKKUR","GHOTKI","GHOTKI","TALUKA","RURAL",77059,39484,23379,14196,9269,80,64864,2846,27452,28173
"SINDH","SUKKUR","GHOTKI","GHOTKI","TALUKA","URBAN",23690,20551,2020,1119,16868,276,6287,259,10890,5824
"SINDH","SUKKUR","GHOTKI","KHANGARH","TALUKA","OVERALL",32258,16832,7474,7952,3916,16,26795,1531,6136,18632
"SINDH","SUKKUR","GHOTKI","KHANGARH","TALUKA","RURAL",25835,11272,7167,7396,1063,9,23455,1308,4502,15214
"SINDH","SUKKUR","GHOTKI","KHANGARH","TALUKA","URBAN",6423,5560,307,556,2853,7,3340,223,1634,3418
"SINDH","SUKKUR","GHOTKI","MIRPUR MATHELO","TALUKA","OVERALL",67869,31392,17671,18806,14714,96,47920,5139,18451,37514
"SINDH","SUKKUR","GHOTKI","MIRPUR MATHELO","TALUKA","RURAL",53674,20803,15362,17509,3848,36,44967,4823,11881,34199
"SINDH","SUKKUR","GHOTKI","MIRPUR MATHELO","TALUKA","URBAN",14195,10589,2309,1297,10866,60,2953,316,6570,3315
"SINDH","SUKKUR","GHOTKI","UBAURO","TALUKA","OVERALL",68114,29420,20282,18412,6949,120,54193,6852,20929,32200
"SINDH","SUKKUR","GHOTKI","UBAURO","TALUKA","RURAL",59266,23941,17654,17671,1893,34,51110,6229,16144,30233
"SINDH","SUKKUR","GHOTKI","UBAURO","TALUKA","URBAN",8848,5479,2628,741,5056,86,3083,623,4785,1967
"SINDH","HYDERABAD","HYDERABAD","HYDERABAD CITY","TALUKA","OVERALL",138571,135191,1752,1628,127149,2394,7924,1104,93902,3677
"SINDH","HYDERABAD","HYDERABAD","HYDERABAD CITY","TALUKA","RURAL",NA,NA,NA,NA,NA,NA,NA,NA,NA,NA
"SINDH","HYDERABAD","HYDERABAD","HYDERABAD CITY","TALUKA","URBAN",138571,135191,1752,1628,127149,2394,7924,1104,93902,3677
"SINDH","HYDERABAD","HYDERABAD","HYDERABAD","TALUKA","OVERALL",93742,71005,5349,17388,27972,735,61076,3959,43167,23288
"SINDH","HYDERABAD","HYDERABAD","HYDERABAD","TALUKA","RURAL",75495,55150,4796,15549,16267,557,55242,3429,33318,20552
"SINDH","HYDERABAD","HYDERABAD","HYDERABAD","TALUKA","URBAN",18247,15855,553,1839,11705,178,5834,530,9849,2736
"SINDH","HYDERABAD","HYDERABAD","LATIFABAD","TALUKA","OVERALL",153348,146465,2876,4007,134262,2310,15375,1401,97362,6667
"SINDH","HYDERABAD","HYDERABAD","LATIFABAD","TALUKA","RURAL",NA,NA,NA,NA,NA,NA,NA,NA,NA,NA
"SINDH","HYDERABAD","HYDERABAD","LATIFABAD","TALUKA","URBAN",153348,146465,2876,4007,134262,2310,15375,1401,97362,6667
"SINDH","HYDERABAD","HYDERABAD","QASIMABAD","TALUKA","OVERALL",62530,55620,2673,4237,48631,1974,9905,2020,42839,2891
"SINDH","HYDERABAD","HYDERABAD","QASIMABAD","TALUKA","RURAL",NA,NA,NA,NA,NA,NA,NA,NA,NA,NA
"SINDH","HYDERABAD","HYDERABAD","QASIMABAD","TALUKA","URBAN",62530,55620,2673,4237,48631,1974,9905,2020,42839,2891
"SINDH","LARKANA","JACOBABAD","GARHI KHAIRO","TALUKA","OVERALL",30660,14519,9232,6909,606,222,22373,7459,12260,14429
"SINDH","LARKANA","JACOBABAD","GARHI KHAIRO","TALUKA","RURAL",28111,12219,9056,6836,376,42,20822,6871,11036,14040
"SINDH","LARKANA","JACOBABAD","GARHI KHAIRO","TALUKA","URBAN",2549,2300,176,73,230,180,1551,588,1224,389
"SINDH","LARKANA","JACOBABAD","JACOBABAD","TALUKA","OVERALL",68861,50341,10441,8079,25806,456,29064,13535,26919,17988
"SINDH","LARKANA","JACOBABAD","JACOBABAD","TALUKA","RURAL",35096,18312,9339,7445,2867,55,21873,10301,12206,14365
"SINDH","LARKANA","JACOBABAD","JACOBABAD","TALUKA","URBAN",33765,32029,1102,634,22939,401,7191,3234,14713,3623
"SINDH","LARKANA","JACOBABAD","THUL","TALUKA","OVERALL",95535,35914,37790,21831,8196,475,59337,27527,39646,31228
"SINDH","LARKANA","JACOBABAD","THUL","TALUKA","RURAL",75519,20492,34123,20904,2220,170,47802,25327,29274,29143
"SINDH","LARKANA","JACOBABAD","THUL","TALUKA","URBAN",20016,15422,3667,927,5976,305,11535,2200,10372,2085
"SINDH","HYDERABAD","JAMSHORO","KOTRI","TALUKA","OVERALL",86413,60676,15432,10305,52312,1648,29650,2803,53985,8448
"SINDH","HYDERABAD","JAMSHORO","KOTRI","TALUKA","RURAL",20489,12322,2508,5659,4175,368,15307,639,12697,4971
"SINDH","HYDERABAD","JAMSHORO","KOTRI","TALUKA","URBAN",65924,48354,12924,4646,48137,1280,14343,2164,41288,3477
"SINDH","HYDERABAD","JAMSHORO","MANJHAND","TALUKA","OVERALL",31713,18825,2918,9970,65,150,28184,3314,14658,11516
"SINDH","HYDERABAD","JAMSHORO","MANJHAND","TALUKA","RURAL",27063,15524,2083,9456,54,135,23919,2955,11887,10540
"SINDH","HYDERABAD","JAMSHORO","MANJHAND","TALUKA","URBAN",4650,3301,835,514,11,15,4265,359,2771,976
"SINDH","HYDERABAD","JAMSHORO","SEHWAN","TALUKA","OVERALL",62229,40865,13059,8305,16812,263,41294,3860,30648,15835
"SINDH","HYDERABAD","JAMSHORO","SEHWAN","TALUKA","RURAL",40380,22329,11098,6953,4882,147,32629,2722,19111,12402
"SINDH","HYDERABAD","JAMSHORO","SEHWAN","TALUKA","URBAN",21849,18536,1961,1352,11930,116,8665,1138,11537,3433
"SINDH","HYDERABAD","JAMSHORO","THANO BULA KHAN","TALUKA","OVERALL",33138,16666,3468,13004,7075,326,24588,1149,17996,6726
"SINDH","HYDERABAD","JAMSHORO","THANO BULA KHAN","TALUKA","RURAL",29238,13420,3309,12509,3720,323,24241,954,16971,6589
"SINDH","HYDERABAD","JAMSHORO","THANO BULA KHAN","TALUKA","URBAN",3900,3246,159,495,3355,3,347,195,1025,137
"SINDH","LARKANA","KAMBAR SHAHDAD KOT","KAMBAR ALI KHAN","TALUKA","OVERALL",77853,32052,34878,10923,19044,143,25994,32672,43868,11564
"SINDH","LARKANA","KAMBAR SHAHDAD KOT","KAMBAR ALI KHAN","TALUKA","RURAL",58643,14814,33366,10463,4975,56,22794,30818,33673,10768
"SINDH","LARKANA","KAMBAR SHAHDAD KOT","KAMBAR ALI KHAN","TALUKA","URBAN",19210,17238,1512,460,14069,87,3200,1854,10195,796
"SINDH","LARKANA","KAMBAR SHAHDAD KOT","MIRO KHAN","TALUKA","OVERALL",29339,5746,18795,4798,6017,40,13499,9783,15160,8531
"SINDH","LARKANA","KAMBAR SHAHDAD KOT","MIRO KHAN","TALUKA","RURAL",22390,2417,15718,4255,3093,13,11084,8200,11204,7103
"SINDH","LARKANA","KAMBAR SHAHDAD KOT","MIRO KHAN","TALUKA","URBAN",6949,3329,3077,543,2924,27,2415,1583,3956,1428
"SINDH","LARKANA","KAMBAR SHAHDAD KOT","NASIRABAD","TALUKA","OVERALL",29770,15234,9662,4874,6093,103,7664,15910,15959,4211
"SINDH","LARKANA","KAMBAR SHAHDAD KOT","NASIRABAD","TALUKA","RURAL",23215,10034,8491,4690,1517,11,6138,15549,12343,3798
"SINDH","LARKANA","KAMBAR SHAHDAD KOT","NASIRABAD","TALUKA","URBAN",6555,5200,1171,184,4576,92,1526,361,3616,413
"SINDH","LARKANA","KAMBAR SHAHDAD KOT","QUBO SAEED KHAN","TALUKA","OVERALL",18641,1414,11298,5929,355,18,12513,5755,5211,9595
"SINDH","LARKANA","KAMBAR SHAHDAD KOT","QUBO SAEED KHAN","TALUKA","RURAL",12770,677,7419,4674,75,14,8644,4037,3720,6760
"SINDH","LARKANA","KAMBAR SHAHDAD KOT","QUBO SAEED KHAN","TALUKA","URBAN",5871,737,3879,1255,280,4,3869,1718,1491,2835
"SINDH","LARKANA","KAMBAR SHAHDAD KOT","SHAHDAD KOT","TALUKA","OVERALL",40289,24300,11879,4110,14239,215,17698,8137,17487,8688
"SINDH","LARKANA","KAMBAR SHAHDAD KOT","SHAHDAD KOT","TALUKA","RURAL",19215,6375,9388,3452,1717,51,11711,5736,8933,6714
"SINDH","LARKANA","KAMBAR SHAHDAD KOT","SHAHDAD KOT","TALUKA","URBAN",21074,17925,2491,658,12522,164,5987,2401,8554,1974
"SINDH","LARKANA","KAMBAR SHAHDAD KOT","SUJAWAL JUNEJO","TALUKA","OVERALL",23046,4647,14025,4374,1556,74,6699,14717,11406,5139
"SINDH","LARKANA","KAMBAR SHAHDAD KOT","SUJAWAL JUNEJO","TALUKA","RURAL",23046,4647,14025,4374,1556,74,6699,14717,11406,5139
"SINDH","LARKANA","KAMBAR SHAHDAD KOT","SUJAWAL JUNEJO","TALUKA","URBAN",NA,NA,NA,NA,NA,NA,NA,NA,NA,NA
"SINDH","LARKANA","KAMBAR SHAHDAD KOT","WARAH","TALUKA","OVERALL",48615,31968,10994,5653,3300,63,25348,19904,23053,11873
"SINDH","LARKANA","KAMBAR SHAHDAD KOT","WARAH","TALUKA","RURAL",34748,20770,9392,4586,692,35,18294,15727,16915,8327
"SINDH","LARKANA","KAMBAR SHAHDAD KOT","WARAH","TALUKA","URBAN",13867,11198,1602,1067,2608,28,7054,4177,6138,3546
"SINDH","KARACHI","KARACHI CENTRAL","GULBERG","SUB-DIVISION","OVERALL",106679,105434,608,637,104020,732,1405,522,73290,1814
"SINDH","KARACHI","KARACHI CENTRAL","GULBERG","SUB-DIVISION","RURAL",NA,NA,NA,NA,NA,NA,NA,NA,NA,NA
"SINDH","KARACHI","KARACHI CENTRAL","GULBERG","SUB-DIVISION","URBAN",106679,105434,608,637,104020,732,1405,522,73290,1814
"SINDH","KARACHI","KARACHI CENTRAL","LIAQUATABAD","SUB-DIVISION","OVERALL",97560,96908,483,169,94721,1502,1074,263,75011,1544
"SINDH","KARACHI","KARACHI CENTRAL","LIAQUATABAD","SUB-DIVISION","RURAL",NA,NA,NA,NA,NA,NA,NA,NA,NA,NA
"SINDH","KARACHI","KARACHI CENTRAL","LIAQUATABAD","SUB-DIVISION","URBAN",97560,96908,483,169,94721,1502,1074,263,75011,1544
"SINDH","KARACHI","KARACHI CENTRAL","NAZIMABAD","SUB-DIVISION","OVERALL",96275,95515,552,208,94621,746,588,320,69434,1057
"SINDH","KARACHI","KARACHI CENTRAL","NAZIMABAD","SUB-DIVISION","RURAL",NA,NA,NA,NA,NA,NA,NA,NA,NA,NA
"SINDH","KARACHI","KARACHI CENTRAL","NAZIMABAD","SUB-DIVISION","URBAN",96275,95515,552,208,94621,746,588,320,69434,1057
"SINDH","KARACHI","KARACHI CENTRAL","NEW KARACHI","SUB-DIVISION","OVERALL",196488,194705,1210,573,192978,1127,1564,819,139478,2265
"SINDH","KARACHI","KARACHI CENTRAL","NEW KARACHI","SUB-DIVISION","RURAL",NA,NA,NA,NA,NA,NA,NA,NA,NA,NA
"SINDH","KARACHI","KARACHI CENTRAL","NEW KARACHI","SUB-DIVISION","URBAN",196488,194705,1210,573,192978,1127,1564,819,139478,2265
"SINDH","KARACHI","KARACHI CENTRAL","NORTH NAZIMABAD","SUB-DIVISION","OVERALL",154266,152978,891,397,150998,1187,1378,703,113283,3204
"SINDH","KARACHI","KARACHI CENTRAL","NORTH NAZIMABAD","SUB-DIVISION","RURAL",NA,NA,NA,NA,NA,NA,NA,NA,NA,NA
"SINDH","KARACHI","KARACHI CENTRAL","NORTH NAZIMABAD","SUB-DIVISION","URBAN",154266,152978,891,397,150998,1187,1378,703,113283,3204
"SINDH","KARACHI","KARACHI EAST","FEROZABAD","SUB-DIVISION","OVERALL",180708,178557,1001,1150,171650,5321,1906,1831,131689,2733
"SINDH","KARACHI","KARACHI EAST","FEROZABAD","SUB-DIVISION","RURAL",NA,NA,NA,NA,NA,NA,NA,NA,NA,NA
"SINDH","KARACHI","KARACHI EAST","FEROZABAD","SUB-DIVISION","URBAN",180708,178557,1001,1150,171650,5321,1906,1831,131689,2733
"SINDH","KARACHI","KARACHI EAST","GULSHAN-E-IQBAL","SUB-DIVISION","OVERALL",179357,176511,1285,1561,172899,1799,3556,1103,127529,3367
"SINDH","KARACHI","KARACHI EAST","GULSHAN-E-IQBAL","SUB-DIVISION","RURAL",NA,NA,NA,NA,NA,NA,NA,NA,NA,NA
"SINDH","KARACHI","KARACHI EAST","GULSHAN-E-IQBAL","SUB-DIVISION","URBAN",179357,176511,1285,1561,172899,1799,3556,1103,127529,3367
"SINDH","KARACHI","KARACHI EAST","GULZAR-E-HIJRI","SUB-DIVISION","OVERALL",193691,185172,3925,4594,158910,12204,19830,2747,131270,7382
"SINDH","KARACHI","KARACHI EAST","GULZAR-E-HIJRI","SUB-DIVISION","RURAL",NA,NA,NA,NA,NA,NA,NA,NA,NA,NA
"SINDH","KARACHI","KARACHI EAST","GULZAR-E-HIJRI","SUB-DIVISION","URBAN",193691,185172,3925,4594,158910,12204,19830,2747,131270,7382
"SINDH","KARACHI","KARACHI EAST","JAMSHED QUARTERS","SUB-DIVISION","OVERALL",105633,104759,602,272,103882,921,402,428,70869,1065
"SINDH","KARACHI","KARACHI EAST","JAMSHED QUARTERS","SUB-DIVISION","RURAL",NA,NA,NA,NA,NA,NA,NA,NA,NA,NA
"SINDH","KARACHI","KARACHI EAST","JAMSHED QUARTERS","SUB-DIVISION","URBAN",105633,104759,602,272,103882,921,402,428,70869,1065
"SINDH","KARACHI","KARACHI SOUTH","ARAM BAGH","SUB-DIVISION","OVERALL",44611,44272,244,95,41532,2236,523,320,21901,1364
"SINDH","KARACHI","KARACHI SOUTH","ARAM BAGH","SUB-DIVISION","RURAL",NA,NA,NA,NA,NA,NA,NA,NA,NA,NA
"SINDH","KARACHI","KARACHI SOUTH","ARAM BAGH","SUB-DIVISION","URBAN",44611,44272,244,95,41532,2236,523,320,21901,1364
"SINDH","KARACHI","KARACHI SOUTH","CIVIL LINES","SUB-DIVISION","OVERALL",95323,93970,803,550,87988,5540,857,938,62664,2148
"SINDH","KARACHI","KARACHI SOUTH","CIVIL LINES","SUB-DIVISION","RURAL",NA,NA,NA,NA,NA,NA,NA,NA,NA,NA
"SINDH","KARACHI","KARACHI SOUTH","CIVIL LINES","SUB-DIVISION","URBAN",95323,93970,803,550,87988,5540,857,938,62664,2148
"SINDH","KARACHI","KARACHI SOUTH","GARDEN","SUB-DIVISION","OVERALL",89718,88042,514,1162,84240,3884,756,838,53360,1514
"SINDH","KARACHI","KARACHI SOUTH","GARDEN","SUB-DIVISION","RURAL",NA,NA,NA,NA,NA,NA,NA,NA,NA,NA
"SINDH","KARACHI","KARACHI SOUTH","GARDEN","SUB-DIVISION","URBAN",89718,88042,514,1162,84240,3884,756,838,53360,1514
"SINDH","KARACHI","KARACHI SOUTH","LYARI","SUB-DIVISION","OVERALL",166943,165416,1017,510,136390,22951,5707,1895,109481,2829
"SINDH","KARACHI","KARACHI SOUTH","LYARI","SUB-DIVISION","RURAL",NA,NA,NA,NA,NA,NA,NA,NA,NA,NA
"SINDH","KARACHI","KARACHI SOUTH","LYARI","SUB-DIVISION","URBAN",166943,165416,1017,510,136390,22951,5707,1895,109481,2829
"SINDH","KARACHI","KARACHI SOUTH","SADDAR","SUB-DIVISION","OVERALL",28498,28344,116,38,27189,1103,89,117,21670,354
"SINDH","KARACHI","KARACHI SOUTH","SADDAR","SUB-DIVISION","RURAL",NA,NA,NA,NA,NA,NA,NA,NA,NA,NA
"SINDH","KARACHI","KARACHI SOUTH","SADDAR","SUB-DIVISION","URBAN",28498,28344,116,38,27189,1103,89,117,21670,354
"SINDH","KARACHI","KARACHI WEST","MANGHOPIR","SUB-DIVISION","OVERALL",195372,179811,6958,8603,125952,25705,40316,3399,139996,5321
"SINDH","KARACHI","KARACHI WEST","MANGHOPIR","SUB-DIVISION","RURAL",43348,37840,4035,1473,26470,5204,10598,1076,31092,824
"SINDH","KARACHI","KARACHI WEST","MANGHOPIR","SUB-DIVISION","URBAN",152024,141971,2923,7130,99482,20501,29718,2323,108904,4497
"SINDH","KARACHI","KARACHI WEST","MOMINABAD","SUB-DIVISION","OVERALL",174256,171924,1058,1274,160927,5098,7135,1096,136197,1211
"SINDH","KARACHI","KARACHI WEST","MOMINABAD","SUB-DIVISION","RURAL",NA,NA,NA,NA,NA,NA,NA,NA,NA,NA
"SINDH","KARACHI","KARACHI WEST","MOMINABAD","SUB-DIVISION","URBAN",174256,171924,1058,1274,160927,5098,7135,1096,136197,1211
"SINDH","KARACHI","KARACHI WEST","ORANGI","SUB-DIVISION","OVERALL",95128,94189,786,153,90874,2642,1351,261,72476,854
"SINDH","KARACHI","KARACHI WEST","ORANGI","SUB-DIVISION","RURAL",NA,NA,NA,NA,NA,NA,NA,NA,NA,NA
"SINDH","KARACHI","KARACHI WEST","ORANGI","SUB-DIVISION","URBAN",95128,94189,786,153,90874,2642,1351,261,72476,854
"SINDH","LARKANA","KASHMORE","KANDHKOT","TALUKA","OVERALL",69182,32981,26385,9816,15665,119,47395,6003,29630,14989
"SINDH","LARKANA","KASHMORE","KANDHKOT","TALUKA","RURAL",43791,12222,22137,9432,836,42,37227,5686,19517,11912
"SINDH","LARKANA","KASHMORE","KANDHKOT","TALUKA","URBAN",25391,20759,4248,384,14829,77,10168,317,10113,3077
"SINDH","LARKANA","KASHMORE","KASHMORE","TALUKA","OVERALL",81957,38173,11934,31850,8775,263,52789,20130,21858,35426
"SINDH","LARKANA","KASHMORE","KASHMORE","TALUKA","RURAL",65838,23957,11151,30730,1665,72,44754,19347,14240,32772
"SINDH","LARKANA","KASHMORE","KASHMORE","TALUKA","URBAN",16119,14216,783,1120,7110,191,8035,783,7618,2654
"SINDH","LARKANA","KASHMORE","TANGWANI","TALUKA","OVERALL",57755,20657,18805,18293,2608,144,40003,15000,17584,27298
"SINDH","LARKANA","KASHMORE","TANGWANI","TALUKA","RURAL",53310,17634,17941,17735,1430,72,37780,14028,16147,25815
"SINDH","LARKANA","KASHMORE","TANGWANI","TALUKA","URBAN",4445,3023,864,558,1178,72,2223,972,1437,1483
"SINDH","KARACHI","KEAMARI","BALDIA","SUB-DIVISION","OVERALL",148116,145941,1163,1012,133498,3200,10403,1015,115685,1262
"SINDH","KARACHI","KEAMARI","BALDIA","SUB-DIVISION","RURAL",NA,NA,NA,NA,NA,NA,NA,NA,NA,NA
"SINDH","KARACHI","KEAMARI","BALDIA","SUB-DIVISION","URBAN",148116,145941,1163,1012,133498,3200,10403,1015,115685,1262
"SINDH","KARACHI","KEAMARI","KEAMARI","SUB-DIVISION","OVERALL",68571,67718,393,460,48007,15245,3648,1671,49044,1955
"SINDH","KARACHI","KEAMARI","KEAMARI","SUB-DIVISION","RURAL",NA,NA,NA,NA,NA,NA,NA,NA,NA,NA
"SINDH","KARACHI","KEAMARI","KEAMARI","SUB-DIVISION","URBAN",68571,67718,393,460,48007,15245,3648,1671,49044,1955
"SINDH","KARACHI","KEAMARI","MAURIPUR","SUB-DIVISION","OVERALL",37369,33362,2905,1102,26546,1284,9315,224,29532,1629
"SINDH","KARACHI","KEAMARI","MAURIPUR","SUB-DIVISION","RURAL",NA,NA,NA,NA,NA,NA,NA,NA,NA,NA
"SINDH","KARACHI","KEAMARI","MAURIPUR","SUB-DIVISION","URBAN",37369,33362,2905,1102,26546,1284,9315,224,29532,1629
"SINDH","KARACHI","KEAMARI","SITE","SUB-DIVISION","OVERALL",65065,64509,315,241,61002,1376,2371,316,44500,1408
"SINDH","KARACHI","KEAMARI","SITE","SUB-DIVISION","RURAL",NA,NA,NA,NA,NA,NA,NA,NA,NA,NA
"SINDH","KARACHI","KEAMARI","SITE","SUB-DIVISION","URBAN",65065,64509,315,241,61002,1376,2371,316,44500,1408
"SINDH","SUKKUR","KHAIRPUR","FAIZ GANJ","TALUKA","OVERALL",47365,19002,14860,13503,1804,73,43768,1720,12649,28359
"SINDH","SUKKUR","KHAIRPUR","FAIZ GANJ","TALUKA","RURAL",37892,12926,13183,11783,1788,38,34563,1503,10488,23409
"SINDH","SUKKUR","KHAIRPUR","FAIZ GANJ","TALUKA","URBAN",9473,6076,1677,1720,16,35,9205,217,2161,4950
"SINDH","SUKKUR","KHAIRPUR","GAMBAT","TALUKA","OVERALL",47323,22747,16918,7658,12837,298,32742,1446,23659,12045
"SINDH","SUKKUR","KHAIRPUR","GAMBAT","TALUKA","RURAL",30107,10147,13247,6713,3671,11,25168,1257,12849,10333
"SINDH","SUKKUR","KHAIRPUR","GAMBAT","TALUKA","URBAN",17216,12600,3671,945,9166,287,7574,189,10810,1712
"SINDH","SUKKUR","KHAIRPUR","KHAIRPUR","TALUKA","OVERALL",87201,57636,17056,12509,39872,814,45544,971,43656,20757
"SINDH","SUKKUR","KHAIRPUR","KHAIRPUR","TALUKA","RURAL",40498,18920,11365,10213,8999,167,30716,616,15956,13873
"SINDH","SUKKUR","KHAIRPUR","KHAIRPUR","TALUKA","URBAN",46703,38716,5691,2296,30873,647,14828,355,27700,6884
"SINDH","SUKKUR","KHAIRPUR","KINGRI","TALUKA","OVERALL",59508,20387,29704,9417,14292,63,43340,1813,25538,18651
"SINDH","SUKKUR","KHAIRPUR","KINGRI","TALUKA","RURAL",43524,9543,26016,7965,5945,23,35918,1638,16158,16352
"SINDH","SUKKUR","KHAIRPUR","KINGRI","TALUKA","URBAN",15984,10844,3688,1452,8347,40,7422,175,9380,2299
"SINDH","SUKKUR","KHAIRPUR","KOT DIJI","TALUKA","OVERALL",62663,42842,11678,8143,12195,58,49320,1090,23975,24926
"SINDH","SUKKUR","KHAIRPUR","KOT DIJI","TALUKA","RURAL",46815,31119,8761,6935,7215,39,38915,646,19224,18731
"SINDH","SUKKUR","KHAIRPUR","KOT DIJI","TALUKA","URBAN",15848,11723,2917,1208,4980,19,10405,444,4751,6195
"SINDH","SUKKUR","KHAIRPUR","MIRWAH","TALUKA","OVERALL",67276,35865,15754,15657,7008,109,57899,2260,23998,32487
"SINDH","SUKKUR","KHAIRPUR","MIRWAH","TALUKA","RURAL",49908,24920,12466,12522,2164,74,45702,1968,17025,26044
"SINDH","SUKKUR","KHAIRPUR","MIRWAH","TALUKA","URBAN",17368,10945,3288,3135,4844,35,12197,292,6973,6443
"SINDH","SUKKUR","KHAIRPUR","NARA","TALUKA","OVERALL",32911,13197,6116,13598,1334,13,30684,880,13695,16688
"SINDH","SUKKUR","KHAIRPUR","NARA","TALUKA","RURAL",25084,9085,4442,11557,111,3,24242,728,10227,13061
"SINDH","SUKKUR","KHAIRPUR","NARA","TALUKA","URBAN",7827,4112,1674,2041,1223,10,6442,152,3468,3627
"SINDH","SUKKUR","KHAIRPUR","SOBHO DERO","TALUKA","OVERALL",48003,26240,12158,9605,12222,112,34360,1309,18413,18357
"SINDH","SUKKUR","KHAIRPUR","SOBHO DERO","TALUKA","RURAL",31904,15324,10574,6006,4943,13,26174,774,10982,14061
"SINDH","SUKKUR","KHAIRPUR","SOBHO DERO","TALUKA","URBAN",16099,10916,1584,3599,7279,99,8186,535,7431,4296
"SINDH","KARACHI","KORANGI","KORANGI","SUB-DIVISION","OVERALL",207086,204781,1196,1109,195916,7367,2470,1333,156413,2882
"SINDH","KARACHI","KORANGI","KORANGI","SUB-DIVISION","RURAL",NA,NA,NA,NA,NA,NA,NA,NA,NA,NA
"SINDH","KARACHI","KORANGI","KORANGI","SUB-DIVISION","URBAN",207086,204781,1196,1109,195916,7367,2470,1333,156413,2882
"SINDH","KARACHI","KORANGI","LANDHI","SUB-DIVISION","OVERALL",115900,114308,876,716,113074,1228,1225,373,91496,1240
"SINDH","KARACHI","KORANGI","LANDHI","SUB-DIVISION","RURAL",NA,NA,NA,NA,NA,NA,NA,NA,NA,NA
"SINDH","KARACHI","KORANGI","LANDHI","SUB-DIVISION","URBAN",115900,114308,876,716,113074,1228,1225,373,91496,1240
"SINDH","KARACHI","KORANGI","MODEL COLONY","SUB-DIVISION","OVERALL",76383,75887,343,153,75335,565,314,169,60702,332
"SINDH","KARACHI","KORANGI","MODEL COLONY","SUB-DIVISION","RURAL",NA,NA,NA,NA,NA,NA,NA,NA,NA,NA
"SINDH","KARACHI","KORANGI","MODEL COLONY","SUB-DIVISION","URBAN",76383,75887,343,153,75335,565,314,169,60702,332
"SINDH","KARACHI","KORANGI","SHAH FAISAL","SUB-DIVISION","OVERALL",93681,92988,533,160,92257,628,596,200,76377,679
"SINDH","KARACHI","KORANGI","SHAH FAISAL","SUB-DIVISION","RURAL",NA,NA,NA,NA,NA,NA,NA,NA,NA,NA
"SINDH","KARACHI","KORANGI","SHAH FAISAL","SUB-DIVISION","URBAN",93681,92988,533,160,92257,628,596,200,76377,679
"SINDH","LARKANA","LARKANA","BAKRANI","TALUKA","OVERALL",48638,29570,16699,2369,6733,216,24777,16912,23651,5523
"SINDH","LARKANA","LARKANA","BAKRANI","TALUKA","RURAL",41557,25836,13930,1791,4413,211,21939,14994,20427,4803
"SINDH","LARKANA","LARKANA","BAKRANI","TALUKA","URBAN",7081,3734,2769,578,2320,5,2838,1918,3224,720
"SINDH","LARKANA","LARKANA","DOKRI","TALUKA","OVERALL",45083,25825,15070,4188,12260,141,21533,11149,21556,8238
"SINDH","LARKANA","LARKANA","DOKRI","TALUKA","RURAL",32678,16560,12188,3930,4021,34,18277,10346,15087,7551
"SINDH","LARKANA","LARKANA","DOKRI","TALUKA","URBAN",12405,9265,2882,258,8239,107,3256,803,6469,687
"SINDH","LARKANA","LARKANA","LARKANA","TALUKA","OVERALL",157275,116671,30036,10568,99181,1534,33506,23054,90827,12706
"SINDH","LARKANA","LARKANA","LARKANA","TALUKA","RURAL",58047,28565,21710,7772,13191,787,23128,20941,27646,10504
"SINDH","LARKANA","LARKANA","LARKANA","TALUKA","URBAN",99228,88106,8326,2796,85990,747,10378,2113,63181,2202
"SINDH","LARKANA","LARKANA","RATODERO","TALUKA","OVERALL",70532,49193,14619,6720,30478,101,26752,13201,33498,10729
"SINDH","LARKANA","LARKANA","RATODERO","TALUKA","RURAL",45619,27126,12007,6486,12457,41,21846,11275,22497,7708
"SINDH","LARKANA","LARKANA","RATODERO","TALUKA","URBAN",24913,22067,2612,234,18021,60,4906,1926,11001,3021
"SINDH","KARACHI","MALIR","AIRPORT","SUB-DIVISION","OVERALL",42700,41937,483,280,40430,932,1134,204,30304,539
"SINDH","KARACHI","MALIR","AIRPORT","SUB-DIVISION","RURAL",NA,NA,NA,NA,NA,NA,NA,NA,NA,NA
"SINDH","KARACHI","MALIR","AIRPORT","SUB-DIVISION","URBAN",42700,41937,483,280,40430,932,1134,204,30304,539
"SINDH","KARACHI","MALIR","BIN QASIM","SUB-DIVISION","OVERALL",58696,47489,5674,5533,39612,1650,16618,816,37462,3771
"SINDH","KARACHI","MALIR","BIN QASIM","SUB-DIVISION","RURAL",58696,47489,5674,5533,39612,1650,16618,816,37462,3771
"SINDH","KARACHI","MALIR","BIN QASIM","SUB-DIVISION","URBAN",NA,NA,NA,NA,NA,NA,NA,NA,NA,NA
"SINDH","KARACHI","MALIR","GADAP","SUB-DIVISION","OVERALL",22131,14009,3885,4237,3746,4737,13334,314,16744,1428
"SINDH","KARACHI","MALIR","GADAP","SUB-DIVISION","RURAL",22131,14009,3885,4237,3746,4737,13334,314,16744,1428
"SINDH","KARACHI","MALIR","GADAP","SUB-DIVISION","URBAN",NA,NA,NA,NA,NA,NA,NA,NA,NA,NA
"SINDH","KARACHI","MALIR","IBRAHIM HYDRI","SUB-DIVISION","OVERALL",214288,206918,5117,2253,179800,13193,19873,1422,161237,6192
"SINDH","KARACHI","MALIR","IBRAHIM HYDRI","SUB-DIVISION","RURAL",106921,101045,3923,1953,77184,10701,18044,992,80468,4276
"SINDH","KARACHI","MALIR","IBRAHIM HYDRI","SUB-DIVISION","URBAN",107367,105873,1194,300,102616,2492,1829,430,80769,1916
"SINDH","KARACHI","MALIR","MURAD MEMON","SUB-DIVISION","OVERALL",75396,69068,3105,3223,55618,4735,14384,659,57152,1915
"SINDH","KARACHI","MALIR","MURAD MEMON","SUB-DIVISION","RURAL",30441,25434,2651,2356,18243,1399,10435,364,23320,1144
"SINDH","KARACHI","MALIR","MURAD MEMON","SUB-DIVISION","URBAN",44955,43634,454,867,37375,3336,3949,295,33832,771
"SINDH","KARACHI","MALIR","SHAH MUREED","SUB-DIVISION","OVERALL",8215,4391,2129,1695,26,121,7754,314,6243,674
"SINDH","KARACHI","MALIR","SHAH MUREED","SUB-DIVISION","RURAL",8215,4391,2129,1695,26,121,7754,314,6243,674
"SINDH","KARACHI","MALIR","SHAH MUREED","SUB-DIVISION","URBAN",NA,NA,NA,NA,NA,NA,NA,NA,NA,NA
"SINDH","HYDERABAD","MATIARI","HALA","TALUKA","OVERALL",52849,40356,3987,8506,19275,230,31701,1643,22705,19709
"SINDH","HYDERABAD","MATIARI","HALA","TALUKA","RURAL",29725,20789,2991,5945,5436,33,23376,880,9933,14542
"SINDH","HYDERABAD","MATIARI","HALA","TALUKA","URBAN",23124,19567,996,2561,13839,197,8325,763,12772,5167
"SINDH","HYDERABAD","MATIARI","MATIARI","TALUKA","OVERALL",70479,44515,7046,18918,15332,121,52727,2299,31565,21271
"SINDH","HYDERABAD","MATIARI","MATIARI","TALUKA","RURAL",61730,37857,6339,17534,9548,48,49961,2173,26351,20804
"SINDH","HYDERABAD","MATIARI","MATIARI","TALUKA","URBAN",8749,6658,707,1384,5784,73,2766,126,5214,467
"SINDH","HYDERABAD","MATIARI","SAEEDABAD","TALUKA","OVERALL",35135,25222,4903,5010,8246,151,26305,433,16665,11001
"SINDH","HYDERABAD","MATIARI","SAEEDABAD","TALUKA","RURAL",30944,21421,4686,4837,5296,58,25180,410,14168,10487
"SINDH","HYDERABAD","MATIARI","SAEEDABAD","TALUKA","URBAN",4191,3801,217,173,2950,93,1125,23,2497,514
"SINDH","MIRPUR KHAS","MIRPUR KHAS","DIGRI","TALUKA","OVERALL",43507,22745,3498,17264,131,1840,40491,1045,20969,17774
"SINDH","MIRPUR KHAS","MIRPUR KHAS","DIGRI","TALUKA","RURAL",30186,12306,2772,15108,62,96,29218,810,11897,15219
"SINDH","MIRPUR KHAS","MIRPUR KHAS","DIGRI","TALUKA","URBAN",13321,10439,726,2156,69,1744,11273,235,9072,2555
"SINDH","MIRPUR KHAS","MIRPUR KHAS","HUSSAIN BUX MARI","TALUKA","OVERALL",32660,20863,3032,8765,2733,382,28765,780,15992,14026
"SINDH","MIRPUR KHAS","MIRPUR KHAS","HUSSAIN BUX MARI","TALUKA","RURAL",32660,20863,3032,8765,2733,382,28765,780,15992,14026
"SINDH","MIRPUR KHAS","MIRPUR KHAS","HUSSAIN BUX MARI","TALUKA","URBAN",NA,NA,NA,NA,NA,NA,NA,NA,NA,NA
"SINDH","MIRPUR KHAS","MIRPUR KHAS","JHUDO","TALUKA","OVERALL",41817,19773,3690,18354,183,1044,36894,3696,17786,19065
"SINDH","MIRPUR KHAS","MIRPUR KHAS","JHUDO","TALUKA","RURAL",30147,9929,3435,16783,115,36,26509,3487,10811,17973
"SINDH","MIRPUR KHAS","MIRPUR KHAS","JHUDO","TALUKA","URBAN",11670,9844,255,1571,68,1008,10385,209,6975,1092
"SINDH","MIRPUR KHAS","MIRPUR KHAS","KOT GHULAM MUHAMMAD","TALUKA","OVERALL",58713,25038,6354,27321,3505,426,53781,1001,22826,31135
"SINDH","MIRPUR KHAS","MIRPUR KHAS","KOT GHULAM MUHAMMAD","TALUKA","RURAL",53032,20318,6182,26532,616,44,51397,975,19244,29961
"SINDH","MIRPUR KHAS","MIRPUR KHAS","KOT GHULAM MUHAMMAD","TALUKA","URBAN",5681,4720,172,789,2889,382,2384,26,3582,1174
"SINDH","MIRPUR KHAS","MIRPUR KHAS","MIRPUR KHAS","TALUKA","OVERALL",49553,46611,1218,1724,42281,1107,5657,508,33128,2252
"SINDH","MIRPUR KHAS","MIRPUR KHAS","MIRPUR KHAS","TALUKA","RURAL",3822,3087,352,383,2218,172,1384,48,1922,814
"SINDH","MIRPUR KHAS","MIRPUR KHAS","MIRPUR KHAS","TALUKA","URBAN",45731,43524,866,1341,40063,935,4273,460,31206,1438
"SINDH","MIRPUR KHAS","MIRPUR KHAS","SHUJAABAD","TALUKA","OVERALL",35675,21410,3154,11111,2718,254,31929,774,11225,20496
"SINDH","MIRPUR KHAS","MIRPUR KHAS","SHUJAABAD","TALUKA","RURAL",31262,17588,2983,10691,2664,126,27838,634,8801,19501
"SINDH","MIRPUR KHAS","MIRPUR KHAS","SHUJAABAD","TALUKA","URBAN",4413,3822,171,420,54,128,4091,140,2424,995
"SINDH","MIRPUR KHAS","MIRPUR KHAS","SINDHRI","TALUKA","OVERALL",51061,23177,3743,24141,120,79,49497,1365,19279,26247
"SINDH","MIRPUR KHAS","MIRPUR KHAS","SINDHRI","TALUKA","RURAL",47162,21170,3432,22560,111,62,45697,1292,17740,24901
"SINDH","MIRPUR KHAS","MIRPUR KHAS","SINDHRI","TALUKA","URBAN",3899,2007,311,1581,9,17,3800,73,1539,1346
"SINDH","SHAHEED BENAZIRABAD","NAUSHAHRO FEROZE","BHIRIA","TALUKA","OVERALL",59731,46273,7662,5796,15300,180,41769,2482,26254,14565
"SINDH","SHAHEED BENAZIRABAD","NAUSHAHRO FEROZE","BHIRIA","TALUKA","RURAL",46631,34549,6864,5218,5319,99,39085,2128,20612,11319
"SINDH","SHAHEED BENAZIRABAD","NAUSHAHRO FEROZE","BHIRIA","TALUKA","URBAN",13100,11724,798,578,9981,81,2684,354,5642,3246
"SINDH","SHAHEED BENAZIRABAD","NAUSHAHRO FEROZE","KANDIARO","TALUKA","OVERALL",62298,46064,11120,5114,13122,146,46145,2885,33073,12470
"SINDH","SHAHEED BENAZIRABAD","NAUSHAHRO FEROZE","KANDIARO","TALUKA","RURAL",54720,38718,10952,5050,7261,100,44499,2860,28318,11893
"SINDH","SHAHEED BENAZIRABAD","NAUSHAHRO FEROZE","KANDIARO","TALUKA","URBAN",7578,7346,168,64,5861,46,1646,25,4755,577
"SINDH","SHAHEED BENAZIRABAD","NAUSHAHRO FEROZE","MEHRABPUR","TALUKA","OVERALL",48213,32045,9988,6180,13377,115,34099,622,24988,11424
"SINDH","SHAHEED BENAZIRABAD","NAUSHAHRO FEROZE","MEHRABPUR","TALUKA","RURAL",33492,19269,8556,5667,2889,48,30132,423,15719,9786
"SINDH","SHAHEED BENAZIRABAD","NAUSHAHRO FEROZE","MEHRABPUR","TALUKA","URBAN",14721,12776,1432,513,10488,67,3967,199,9269,1638
"SINDH","SHAHEED BENAZIRABAD","NAUSHAHRO FEROZE","MORO","TALUKA","OVERALL",75868,48972,15260,11636,24520,438,46710,4200,36789,17740
"SINDH","SHAHEED BENAZIRABAD","NAUSHAHRO FEROZE","MORO","TALUKA","RURAL",51166,27095,13291,10780,6945,177,40556,3488,23067,13604
"SINDH","SHAHEED BENAZIRABAD","NAUSHAHRO FEROZE","MORO","TALUKA","URBAN",24702,21877,1969,856,17575,261,6154,712,13722,4136
"SINDH","SHAHEED BENAZIRABAD","NAUSHAHRO FEROZE","NAUSHAHRO FEROZE","TALUKA","OVERALL",73658,47352,16021,10285,22890,301,46847,3620,32912,23337
"SINDH","SHAHEED BENAZIRABAD","NAUSHAHRO FEROZE","NAUSHAHRO FEROZE","TALUKA","RURAL",45179,23375,13828,7976,4802,101,37975,2301,17508,17701
"SINDH","SHAHEED BENAZIRABAD","NAUSHAHRO FEROZE","NAUSHAHRO FEROZE","TALUKA","URBAN",28479,23977,2193,2309,18088,200,8872,1319,15404,5636
"SINDH","SHAHEED BENAZIRABAD","SANGHAR","JAM NAWAZ ALI","TALUKA","OVERALL",31724,13027,6491,12206,3677,34,26322,1691,12515,14354
"SINDH","SHAHEED BENAZIRABAD","SANGHAR","JAM NAWAZ ALI","TALUKA","RURAL",26563,10230,4988,11345,1265,30,24459,809,10381,12998
"SINDH","SHAHEED BENAZIRABAD","SANGHAR","JAM NAWAZ ALI","TALUKA","URBAN",5161,2797,1503,861,2412,4,1863,882,2134,1356
"SINDH","SHAHEED BENAZIRABAD","SANGHAR","KHIPRO","TALUKA","OVERALL",68600,26185,12350,30065,397,751,65496,1956,35442,28633
"SINDH","SHAHEED BENAZIRABAD","SANGHAR","KHIPRO","TALUKA","RURAL",58793,19133,11885,27775,125,67,56904,1697,29928,25602
"SINDH","SHAHEED BENAZIRABAD","SANGHAR","KHIPRO","TALUKA","URBAN",9807,7052,465,2290,272,684,8592,259,5514,3031
"SINDH","SHAHEED BENAZIRABAD","SANGHAR","SANGHAR","TALUKA","OVERALL",84859,39007,14935,30917,14829,489,66284,3257,38642,33153
"SINDH","SHAHEED BENAZIRABAD","SANGHAR","SANGHAR","TALUKA","RURAL",68661,24738,13885,30038,4711,108,60874,2968,28083,31565
"SINDH","SHAHEED BENAZIRABAD","SANGHAR","SANGHAR","TALUKA","URBAN",16198,14269,1050,879,10118,381,5410,289,10559,1588
"SINDH","SHAHEED BENAZIRABAD","SANGHAR","SHAHDADPUR","TALUKA","OVERALL",89418,48061,27803,13554,32643,435,53988,2352,43719,22347
"SINDH","SHAHEED BENAZIRABAD","SANGHAR","SHAHDADPUR","TALUKA","RURAL",53246,18858,23756,10632,8542,210,42877,1617,22774,16697
"SINDH","SHAHEED BENAZIRABAD","SANGHAR","SHAHDADPUR","TALUKA","URBAN",36172,29203,4047,2922,24101,225,11111,735,20945,5650
"SINDH","SHAHEED BENAZIRABAD","SANGHAR","SINJHORO","TALUKA","OVERALL",61602,31797,11406,18399,14074,87,44869,2572,25989,24097
"SINDH","SHAHEED BENAZIRABAD","SANGHAR","SINJHORO","TALUKA","RURAL",51607,23028,10979,17600,6773,65,42410,2359,20148,22282
"SINDH","SHAHEED BENAZIRABAD","SANGHAR","SINJHORO","TALUKA","URBAN",9995,8769,427,799,7301,22,2459,213,5841,1815
"SINDH","SHAHEED BENAZIRABAD","SANGHAR","TANDO ADAM","TALUKA","OVERALL",70734,50467,9882,10385,29248,306,39471,1709,33506,23809
"SINDH","SHAHEED BENAZIRABAD","SANGHAR","TANDO ADAM","TALUKA","RURAL",41923,23138,9436,9349,5481,134,35066,1242,15255,19589
"SINDH","SHAHEED BENAZIRABAD","SANGHAR","TANDO ADAM","TALUKA","URBAN",28811,27329,446,1036,23767,172,4405,467,18251,4220
"SINDH","SHAHEED BENAZIRABAD","SHAHEED BENAZIRABAD","DAUR","TALUKA","OVERALL",97671,55230,24393,18048,8978,165,85912,2616,35226,47710
"SINDH","SHAHEED BENAZIRABAD","SHAHEED BENAZIRABAD","DAUR","TALUKA","RURAL",79128,41138,21679,16311,2284,75,74530,2239,26304,41924
"SINDH","SHAHEED BENAZIRABAD","SHAHEED BENAZIRABAD","DAUR","TALUKA","URBAN",18543,14092,2714,1737,6694,90,11382,377,8922,5786
"SINDH","SHAHEED BENAZIRABAD","SHAHEED BENAZIRABAD","KAZI AHMED","TALUKA","OVERALL",73218,52451,11611,9156,9117,272,60080,3749,32169,21725
"SINDH","SHAHEED BENAZIRABAD","SHAHEED BENAZIRABAD","KAZI AHMED","TALUKA","RURAL",64071,44873,10794,8404,4087,100,56812,3072,27943,19572
"SINDH","SHAHEED BENAZIRABAD","SHAHEED BENAZIRABAD","KAZI AHMED","TALUKA","URBAN",9147,7578,817,752,5030,172,3268,677,4226,2153
"SINDH","SHAHEED BENAZIRABAD","SHAHEED BENAZIRABAD","NAWABSHAH","TALUKA","OVERALL",81976,67296,9486,5194,48236,928,30891,1921,47491,17750
"SINDH","SHAHEED BENAZIRABAD","SHAHEED BENAZIRABAD","NAWABSHAH","TALUKA","RURAL",22215,14945,5269,2001,3766,20,17493,936,7693,11250
"SINDH","SHAHEED BENAZIRABAD","SHAHEED BENAZIRABAD","NAWABSHAH","TALUKA","URBAN",59761,52351,4217,3193,44470,908,13398,985,39798,6500
"SINDH","SHAHEED BENAZIRABAD","SHAHEED BENAZIRABAD","SAKRAND","TALUKA","OVERALL",81491,51032,19758,10701,20117,353,57759,3262,34171,28625
"SINDH","SHAHEED BENAZIRABAD","SHAHEED BENAZIRABAD","SAKRAND","TALUKA","RURAL",68291,39654,18700,9937,12020,112,53162,2997,26409,26559
"SINDH","SHAHEED BENAZIRABAD","SHAHEED BENAZIRABAD","SAKRAND","TALUKA","URBAN",13200,11378,1058,764,8097,241,4597,265,7762,2066
"SINDH","LARKANA","SHIKARPUR","GARHI YASIN","TALUKA","OVERALL",59269,42497,11570,5202,9755,108,36026,13380,30445,13410
"SINDH","LARKANA","SHIKARPUR","GARHI YASIN","TALUKA","RURAL",52355,35924,11268,5163,4821,69,34366,13099,26758,12563
"SINDH","LARKANA","SHIKARPUR","GARHI YASIN","TALUKA","URBAN",6914,6573,302,39,4934,39,1660,281,3687,847
"SINDH","LARKANA","SHIKARPUR","KHANPUR","TALUKA","OVERALL",43595,24711,11394,7490,4881,98,30585,8031,19446,13345
"SINDH","LARKANA","SHIKARPUR","KHANPUR","TALUKA","RURAL",39996,21282,11306,7408,2432,78,29614,7872,18259,12708
"SINDH","LARKANA","SHIKARPUR","KHANPUR","TALUKA","URBAN",3599,3429,88,82,2449,20,971,159,1187,637
"SINDH","LARKANA","SHIKARPUR","LAKHI","TALUKA","OVERALL",43374,30406,7666,5302,10094,256,25988,7036,13967,7904
"SINDH","LARKANA","SHIKARPUR","LAKHI","TALUKA","RURAL",35350,23737,6961,4652,5796,103,23101,6350,11218,6168
"SINDH","LARKANA","SHIKARPUR","LAKHI","TALUKA","URBAN",8024,6669,705,650,4298,153,2887,686,2749,1736
"SINDH","LARKANA","SHIKARPUR","SHIKARPUR","TALUKA","OVERALL",68586,55553,7152,5881,28577,288,29613,10108,32327,12749
"SINDH","LARKANA","SHIKARPUR","SHIKARPUR","TALUKA","RURAL",34792,23598,6624,4570,2475,78,23750,8489,14656,10990
"SINDH","LARKANA","SHIKARPUR","SHIKARPUR","TALUKA","URBAN",33794,31955,528,1311,26102,210,5863,1619,17671,1759
"SINDH","HYDERABAD","SUJAWAL","JATI","TALUKA","OVERALL",43323,7484,8635,27204,1646,38,39095,2544,19386,18441
"SINDH","HYDERABAD","SUJAWAL","JATI","TALUKA","RURAL",41334,5764,8599,26971,475,38,38306,2515,18417,18258
"SINDH","HYDERABAD","SUJAWAL","JATI","TALUKA","URBAN",1989,1720,36,233,1171,NA,789,29,969,183
"SINDH","HYDERABAD","SUJAWAL","KHARO CHAN","TALUKA","OVERALL",2166,3,708,1455,11,NA,2087,68,1433,460
"SINDH","HYDERABAD","SUJAWAL","KHARO CHAN","TALUKA","RURAL",2166,3,708,1455,11,NA,2087,68,1433,460
"SINDH","HYDERABAD","SUJAWAL","KHARO CHAN","TALUKA","URBAN",NA,NA,NA,NA,NA,NA,NA,NA,NA,NA
"SINDH","HYDERABAD","SUJAWAL","MIRPUR BATHORO","TALUKA","OVERALL",41147,14249,4900,21998,4346,157,33170,3474,19017,16774
"SINDH","HYDERABAD","SUJAWAL","MIRPUR BATHORO","TALUKA","RURAL",37222,10844,4619,21759,1323,128,32332,3439,16633,16176
"SINDH","HYDERABAD","SUJAWAL","MIRPUR BATHORO","TALUKA","URBAN",3925,3405,281,239,3023,29,838,35,2384,598
"SINDH","HYDERABAD","SUJAWAL","SHAH BUNDER","TALUKA","OVERALL",32582,6799,5572,20211,1958,4,28776,1844,19027,11548
"SINDH","HYDERABAD","SUJAWAL","SHAH BUNDER","TALUKA","RURAL",28935,3932,5435,19568,87,NA,27018,1830,16412,11047
"SINDH","HYDERABAD","SUJAWAL","SHAH BUNDER","TALUKA","URBAN",3647,2867,137,643,1871,4,1758,14,2615,501
"SINDH","HYDERABAD","SUJAWAL","SUJAWAL","TALUKA","OVERALL",39636,20916,1685,17035,5995,86,31514,2041,16524,17980
"SINDH","HYDERABAD","SUJAWAL","SUJAWAL","TALUKA","RURAL",32832,14596,1660,16576,1023,74,29728,2007,12219,17266
"SINDH","HYDERABAD","SUJAWAL","SUJAWAL","TALUKA","URBAN",6804,6320,25,459,4972,12,1786,34,4305,714
"SINDH","SUKKUR","SUKKUR","NEW SUKKUR","TALUKA","OVERALL",52376,37809,10153,4414,28711,1343,20680,1642,25715,10174
"SINDH","SUKKUR","SUKKUR","NEW SUKKUR","TALUKA","RURAL",7706,3568,2794,1344,1579,36,5964,127,1761,2543
"SINDH","SUKKUR","SUKKUR","NEW SUKKUR","TALUKA","URBAN",44670,34241,7359,3070,27132,1307,14716,1515,23954,7631
"SINDH","SUKKUR","SUKKUR","PANO AQIL","TALUKA","OVERALL",87340,53851,24178,9311,27759,163,57942,1476,35280,16063
"SINDH","SUKKUR","SUKKUR","PANO AQIL","TALUKA","RURAL",69661,38041,22560,9060,12327,58,55870,1406,25176,14544
"SINDH","SUKKUR","SUKKUR","PANO AQIL","TALUKA","URBAN",17679,15810,1618,251,15432,105,2072,70,10104,1519
"SINDH","SUKKUR","SUKKUR","ROHRI","TALUKA","OVERALL",62877,38864,17331,6682,16327,231,45235,1084,28172,20408
"SINDH","SUKKUR","SUKKUR","ROHRI","TALUKA","RURAL",47388,25430,15824,6134,5304,127,41071,886,19131,18931
"SINDH","SUKKUR","SUKKUR","ROHRI","TALUKA","URBAN",15489,13434,1507,548,11023,104,4164,198,9041,1477
"SINDH","SUKKUR","SUKKUR","SALEHPAT","TALUKA","OVERALL",26122,15457,3587,7078,888,10,24793,431,12356,11305
"SINDH","SUKKUR","SUKKUR","SALEHPAT","TALUKA","RURAL",20637,10913,3063,6661,92,9,20116,420,8453,10310
"SINDH","SUKKUR","SUKKUR","SALEHPAT","TALUKA","URBAN",5485,4544,524,417,796,1,4677,11,3903,995
"SINDH","SUKKUR","SUKKUR","SUKKUR CITY","TALUKA","OVERALL",39873,38409,1105,359,37174,684,1807,208,28094,1934
"SINDH","SUKKUR","SUKKUR","SUKKUR CITY","TALUKA","RURAL",NA,NA,NA,NA,NA,NA,NA,NA,NA,NA
"SINDH","SUKKUR","SUKKUR","SUKKUR CITY","TALUKA","URBAN",39873,38409,1105,359,37174,684,1807,208,28094,1934
NA,NA,"TANDO ALLAHYAR","CHAMBER","TALUKA","OVERALL",47078,29160,1231,16687,6266,59,38166,2587,14581,24656
NA,NA,"TANDO ALLAHYAR","CHAMBER","TALUKA","RURAL",39427,24340,952,14135,4579,46,32346,2456,12658,20636
NA,NA,"TANDO ALLAHYAR","CHAMBER","TALUKA","URBAN",7651,4820,279,2552,1687,13,5820,131,1923,4020
NA,NA,"TANDO ALLAHYAR","JHANDO MARI","TALUKA","OVERALL",50369,33317,3967,13085,7814,52,41502,1001,18442,23676
NA,NA,"TANDO ALLAHYAR","JHANDO MARI","TALUKA","RURAL",46484,30431,3911,12142,7232,48,38228,976,17217,22023
NA,NA,"TANDO ALLAHYAR","JHANDO MARI","TALUKA","URBAN",3885,2886,56,943,582,4,3274,25,1225,1653
NA,NA,"TANDO ALLAHYAR","TANDO ALLAHYAR","TALUKA","OVERALL",80024,60031,2639,17354,33997,301,42814,2912,39995,22065
NA,NA,"TANDO ALLAHYAR","TANDO ALLAHYAR","TALUKA","RURAL",37756,24994,1305,11457,7001,40,29164,1551,15014,15611
NA,NA,"TANDO ALLAHYAR","TANDO ALLAHYAR","TALUKA","URBAN",42268,35037,1334,5897,26996,261,13650,1361,24981,6454
"SINDH","HYDERABAD","TANDO MUHAMMAD KHAN","BULRI SHAH KARIM","TALUKA","OVERALL",48734,15680,7300,25754,4511,16,39048,5159,18495,24087
"SINDH","HYDERABAD","TANDO MUHAMMAD KHAN","BULRI SHAH KARIM","TALUKA","RURAL",47419,14872,7200,25347,3980,16,38502,4921,18025,23477
"SINDH","HYDERABAD","TANDO MUHAMMAD KHAN","BULRI SHAH KARIM","TALUKA","URBAN",1315,808,100,407,531,NA,546,238,470,610
"SINDH","HYDERABAD","TANDO MUHAMMAD KHAN","TANDO GHULAM HYDER","TALUKA","OVERALL",40308,11964,6754,21590,3362,21,31957,4968,15662,18810
"SINDH","HYDERABAD","TANDO MUHAMMAD KHAN","TANDO GHULAM HYDER","TALUKA","RURAL",32741,9461,4723,18557,2085,5,26172,4479,13323,15348
"SINDH","HYDERABAD","TANDO MUHAMMAD KHAN","TANDO GHULAM HYDER","TALUKA","URBAN",7567,2503,2031,3033,1277,16,5785,489,2339,3462
NA,NA,"TANDO MUHAMMAD KHAN","TANDO MUHAMMAD KHAN","TALUKA","OVERALL",54756,29370,4930,20456,17088,282,32540,4846,21441,21454
NA,NA,"TANDO MUHAMMAD KHAN","TANDO MUHAMMAD KHAN","TALUKA","RURAL",32378,11916,3613,16849,4148,31,24064,4135,10732,16830
NA,NA,"TANDO MUHAMMAD KHAN","TANDO MUHAMMAD KHAN","TALUKA","URBAN",22378,17454,1317,3607,12940,251,8476,711,10709,4624
"SINDH","MIRPUR KHAS","THARPARKAR","CHACHRO","TALUKA","OVERALL",63372,8305,10982,44085,205,19,60130,3018,31392,17135
"SINDH","MIRPUR KHAS","THARPARKAR","CHACHRO","TALUKA","RURAL",58604,6315,10774,41515,186,14,55554,2850,29401,16180
"SINDH","MIRPUR KHAS","THARPARKAR","CHACHRO","TALUKA","URBAN",4768,1990,208,2570,19,5,4576,168,1991,955
"SINDH","MIRPUR KHAS","THARPARKAR","DAHLI","TALUKA","OVERALL",52739,3445,12493,36801,188,7,49142,3402,22667,8770
"SINDH","MIRPUR KHAS","THARPARKAR","DAHLI","TALUKA","RURAL",51452,3204,12053,36195,185,7,47873,3387,22419,8433
"SINDH","MIRPUR KHAS","THARPARKAR","DAHLI","TALUKA","URBAN",1287,241,440,606,3,NA,1269,15,248,337
"SINDH","MIRPUR KHAS","THARPARKAR","DIPLO","TALUKA","OVERALL",32219,7866,3208,21145,170,209,31383,457,17817,5296
"SINDH","MIRPUR KHAS","THARPARKAR","DIPLO","TALUKA","RURAL",29413,5593,3170,20650,130,40,28805,438,16123,4994
"SINDH","MIRPUR KHAS","THARPARKAR","DIPLO","TALUKA","URBAN",2806,2273,38,495,40,169,2578,19,1694,302
"SINDH","MIRPUR KHAS","THARPARKAR","ISLAMKOT","TALUKA","OVERALL",52507,14260,3589,34658,215,724,50088,1480,27320,15126
"SINDH","MIRPUR KHAS","THARPARKAR","ISLAMKOT","TALUKA","RURAL",48809,11305,3471,34033,148,31,47316,1314,24931,14583
"SINDH","MIRPUR KHAS","THARPARKAR","ISLAMKOT","TALUKA","URBAN",3698,2955,118,625,67,693,2772,166,2389,543
"SINDH","MIRPUR KHAS","THARPARKAR","KALOI","TALUKA","OVERALL",24894,7470,2110,15314,87,20,24156,631,14092,10044
"SINDH","MIRPUR KHAS","THARPARKAR","KALOI","TALUKA","RURAL",24894,7470,2110,15314,87,20,24156,631,14092,10044
"SINDH","MIRPUR KHAS","THARPARKAR","KALOI","TALUKA","URBAN",NA,NA,NA,NA,NA,NA,NA,NA,NA,NA
"SINDH","MIRPUR KHAS","THARPARKAR","MITHI","TALUKA","OVERALL",46405,20933,1914,23558,208,2496,42367,1334,33647,8634
"SINDH","MIRPUR KHAS","THARPARKAR","MITHI","TALUKA","RURAL",34236,11049,1651,21536,128,29,33116,963,24292,7609
"SINDH","MIRPUR KHAS","THARPARKAR","MITHI","TALUKA","URBAN",12169,9884,263,2022,80,2467,9251,371,9355,1025
"SINDH","MIRPUR KHAS","THARPARKAR","NAGAR PARKAR","TALUKA","OVERALL",55448,1302,8232,45914,173,20,52744,2511,21400,20845
"SINDH","MIRPUR KHAS","THARPARKAR","NAGAR PARKAR","TALUKA","RURAL",52920,328,8183,44409,169,15,50244,2492,19642,20596
"SINDH","MIRPUR KHAS","THARPARKAR","NAGAR PARKAR","TALUKA","URBAN",2528,974,49,1505,4,5,2500,19,1758,249
"SINDH","HYDERABAD","THATTA","GHORABARI","TALUKA","OVERALL",39609,12345,5381,21883,792,39,37873,905,21834,13715
"SINDH","HYDERABAD","THATTA","GHORABARI","TALUKA","RURAL",33406,10210,4138,19058,759,21,31810,816,17790,12115
"SINDH","HYDERABAD","THATTA","GHORABARI","TALUKA","URBAN",6203,2135,1243,2825,33,18,6063,89,4044,1600
"SINDH","HYDERABAD","THATTA","KETI BUNDER","TALUKA","OVERALL",12987,1473,4385,7129,24,NA,12782,181,10356,2350
"SINDH","HYDERABAD","THATTA","KETI BUNDER","TALUKA","RURAL",12987,1473,4385,7129,24,NA,12782,181,10356,2350
"SINDH","HYDERABAD","THATTA","KETI BUNDER","TALUKA","URBAN",NA,NA,NA,NA,NA,NA,NA,NA,NA,NA
"SINDH","HYDERABAD","THATTA","MIRPUR SAKRO","TALUKA","OVERALL",69456,28718,13046,27692,11982,367,54256,2851,48840,14533
"SINDH","HYDERABAD","THATTA","MIRPUR SAKRO","TALUKA","RURAL",60625,21613,12226,26786,6288,295,51424,2618,42444,13959
"SINDH","HYDERABAD","THATTA","MIRPUR SAKRO","TALUKA","URBAN",8831,7105,820,906,5694,72,2832,233,6396,574
"SINDH","HYDERABAD","THATTA","THATTA","TALUKA","OVERALL",84150,49820,4874,29456,15695,485,65966,2004,49513,23764
"SINDH","HYDERABAD","THATTA","THATTA","TALUKA","RURAL",65478,33398,4641,27439,3375,146,60260,1697,36663,22237
"SINDH","HYDERABAD","THATTA","THATTA","TALUKA","URBAN",18672,16422,233,2017,12320,339,5706,307,12850,1527
"SINDH","MIRPUR KHAS","UMER KOT","KUNRI","TALUKA","OVERALL",43910,24416,1430,18064,146,1215,41089,1460,16015,22476
"SINDH","MIRPUR KHAS","UMER KOT","KUNRI","TALUKA","RURAL",36810,18474,1259,17077,95,124,35202,1389,11812,21095
"SINDH","MIRPUR KHAS","UMER KOT","KUNRI","TALUKA","URBAN",7100,5942,171,987,51,1091,5887,71,4203,1381
"SINDH","MIRPUR KHAS","UMER KOT","PITHORO","TALUKA","OVERALL",25284,9576,3810,11898,92,108,24527,557,13603,8247
"SINDH","MIRPUR KHAS","UMER KOT","PITHORO","TALUKA","RURAL",22574,7503,3519,11552,75,61,21886,552,11849,7919
"SINDH","MIRPUR KHAS","UMER KOT","PITHORO","TALUKA","URBAN",2710,2073,291,346,17,47,2641,5,1754,328
"SINDH","MIRPUR KHAS","UMER KOT","SAMARO","TALUKA","OVERALL",33832,12996,2014,18822,79,359,31666,1728,10465,21393
"SINDH","MIRPUR KHAS","UMER KOT","SAMARO","TALUKA","RURAL",32019,11296,1975,18748,66,72,30161,1720,9410,21300
"SINDH","MIRPUR KHAS","UMER KOT","SAMARO","TALUKA","URBAN",1813,1700,39,74,13,287,1505,8,1055,93
"SINDH","MIRPUR KHAS","UMER KOT","UMER KOT","TALUKA","OVERALL",119536,48728,11613,59195,576,1456,113828,3676,51800,48933
"SINDH","MIRPUR KHAS","UMER KOT","UMER KOT","TALUKA","RURAL",79703,24520,7819,47364,250,17,76769,2667,31229,39307
"SINDH","MIRPUR KHAS","UMER KOT","UMER KOT","TALUKA","URBAN",39833,24208,3794,11831,326,1439,37059,1009,20571,9626
