"PROVINCE","DIVISION","DISTRICT","TEHSIL","ADMIN_UNIT","REGION","HOUSEHOLDS","DRINK_WTR_IMPROVE","DRINK_WTR_INSIDE","DRINK_WTR_OUTSIDE","DRINK_WTR_TAP","DRINK_WTR_MOTOR","DRINK_WTR_WELL","DRINK_WTR_FILTER","DRINK_WTR_BOTTLE","DRINK_WTR_OTHER"
"BALOCHISTAN","KALAT","AWARAN","AWARAN","SUB-DIVISION","OVERALL",6471,5178,2680,3791,1959,2275,1658,NA,8,571
"BALOCHISTAN","KALAT","AWARAN","AWARAN","SUB-DIVISION","RURAL",2486,1414,699,1787,430,724,1011,NA,1,320
"BALOCHISTAN","KALAT","AWARAN","AWARAN","SUB-DIVISION","URBAN",3985,3764,1981,2004,1529,1551,647,NA,7,251
"BALOCHISTAN","KALAT","AWARAN","GISHKORE","TEHSIL","OVERALL",6191,5397,1276,4915,2070,2178,1619,NA,3,321
"BALOCHISTAN","KALAT","AWARAN","GISHKORE","TEHSIL","RURAL",6191,5397,1276,4915,2070,2178,1619,NA,3,321
"BALOCHISTAN","KALAT","AWARAN","GISHKORE","TEHSIL","URBAN",NA,NA,NA,NA,NA,NA,NA,NA,NA,NA
"BALOCHISTAN","KALAT","AWARAN","JHAL JAO","TEHSIL","OVERALL",3990,2706,1622,2368,1137,1176,552,NA,3,1122
"BALOCHISTAN","KALAT","AWARAN","JHAL JAO","TEHSIL","RURAL",3990,2706,1622,2368,1137,1176,552,NA,3,1122
"BALOCHISTAN","KALAT","AWARAN","JHAL JAO","TEHSIL","URBAN",NA,NA,NA,NA,NA,NA,NA,NA,NA,NA
"BALOCHISTAN","KALAT","AWARAN","KORAK JHAO","TEHSIL","OVERALL",4256,2571,591,3665,591,1160,1443,NA,1,1061
"BALOCHISTAN","KALAT","AWARAN","KORAK JHAO","TEHSIL","RURAL",4256,2571,591,3665,591,1160,1443,NA,1,1061
"BALOCHISTAN","KALAT","AWARAN","KORAK JHAO","TEHSIL","URBAN",NA,NA,NA,NA,NA,NA,NA,NA,NA,NA
"BALOCHISTAN","KALAT","AWARAN","MASHKAI","TEHSIL","OVERALL",6888,4809,3064,3824,469,1381,3348,NA,12,1678
"BALOCHISTAN","KALAT","AWARAN","MASHKAI","TEHSIL","RURAL",4441,2770,1663,2778,396,658,2003,NA,4,1380
"BALOCHISTAN","KALAT","AWARAN","MASHKAI","TEHSIL","URBAN",2447,2039,1401,1046,73,723,1345,NA,8,298
"BALOCHISTAN","LORALAI","BARKHAN","BARKHAN","TEHSIL","OVERALL",23053,16148,2524,20529,2117,9014,9342,17,43,2520
"BALOCHISTAN","LORALAI","BARKHAN","BARKHAN","TEHSIL","RURAL",21582,14719,2161,19421,1145,8785,9111,1,41,2499
"BALOCHISTAN","LORALAI","BARKHAN","BARKHAN","TEHSIL","URBAN",1471,1429,363,1108,972,229,231,16,2,21
"BALOCHISTAN","RAKHSHAN","CHAGAI","CHAGAI","TEHSIL","OVERALL",11064,9493,4803,6261,922,3734,4234,4,19,2151
"BALOCHISTAN","RAKHSHAN","CHAGAI","CHAGAI","TEHSIL","RURAL",11064,9493,4803,6261,922,3734,4234,4,19,2151
"BALOCHISTAN","RAKHSHAN","CHAGAI","CHAGAI","TEHSIL","URBAN",NA,NA,NA,NA,NA,NA,NA,NA,NA,NA
"BALOCHISTAN","RAKHSHAN","CHAGAI","DALBANDIN","SUB-DIVISION","OVERALL",17642,15651,7827,9815,6547,1484,5997,4,264,3346
"BALOCHISTAN","RAKHSHAN","CHAGAI","DALBANDIN","SUB-DIVISION","RURAL",15069,13088,5336,9733,4075,1448,5997,4,228,3317
"BALOCHISTAN","RAKHSHAN","CHAGAI","DALBANDIN","SUB-DIVISION","URBAN",2573,2563,2491,82,2472,36,NA,NA,36,29
"BALOCHISTAN","RAKHSHAN","CHAGAI","NOKUNDI","TEHSIL","OVERALL",3141,2849,1655,1486,1104,179,1395,NA,1,462
"BALOCHISTAN","RAKHSHAN","CHAGAI","NOKUNDI","TEHSIL","RURAL",3141,2849,1655,1486,1104,179,1395,NA,1,462
"BALOCHISTAN","RAKHSHAN","CHAGAI","NOKUNDI","TEHSIL","URBAN",NA,NA,NA,NA,NA,NA,NA,NA,NA,NA
"BALOCHISTAN","RAKHSHAN","CHAGAI","TAFTAN","SUB-DIVISION","OVERALL",2694,2672,2066,628,1629,567,298,84,1,115
"BALOCHISTAN","RAKHSHAN","CHAGAI","TAFTAN","SUB-DIVISION","RURAL",2694,2672,2066,628,1629,567,298,84,1,115
"BALOCHISTAN","RAKHSHAN","CHAGAI","TAFTAN","SUB-DIVISION","URBAN",NA,NA,NA,NA,NA,NA,NA,NA,NA,NA
"BALOCHISTAN","RAKHSHAN","CHAGAI","YAK MACHH","SUB-TEHSIL","OVERALL",3672,3180,722,2950,495,297,2449,NA,1,430
"BALOCHISTAN","RAKHSHAN","CHAGAI","YAK MACHH","SUB-TEHSIL","RURAL",3672,3180,722,2950,495,297,2449,NA,1,430
"BALOCHISTAN","RAKHSHAN","CHAGAI","YAK MACHH","SUB-TEHSIL","URBAN",NA,NA,NA,NA,NA,NA,NA,NA,NA,NA
NA,NA,"CHAMAN","CHAMAN CITY","SUB-DIVISION","OVERALL",19105,17244,12257,6848,11368,1272,1479,6,38,4942
NA,NA,"CHAMAN","CHAMAN CITY","SUB-DIVISION","RURAL",NA,NA,NA,NA,NA,NA,NA,NA,NA,NA
NA,NA,"CHAMAN","CHAMAN CITY","SUB-DIVISION","URBAN",19105,17244,12257,6848,11368,1272,1479,6,38,4942
"BALOCHISTAN","QUETTA","CHAMAN","CHAMAN SADDAR","SUB-DIVISION","OVERALL",42810,29805,21788,21022,18266,2892,5476,12,65,16099
"BALOCHISTAN","QUETTA","CHAMAN","CHAMAN SADDAR","SUB-DIVISION","RURAL",42810,29805,21788,21022,18266,2892,5476,12,65,16099
"BALOCHISTAN","QUETTA","CHAMAN","CHAMAN SADDAR","SUB-DIVISION","URBAN",NA,NA,NA,NA,NA,NA,NA,NA,NA,NA
"BALOCHISTAN","SIBI","DERA BUGTI","BAIKER","SUB-TEHSIL","OVERALL",4831,2241,214,4617,301,1190,1354,1,4,1981
"BALOCHISTAN","SIBI","DERA BUGTI","BAIKER","SUB-TEHSIL","RURAL",4831,2241,214,4617,301,1190,1354,1,4,1981
"BALOCHISTAN","SIBI","DERA BUGTI","BAIKER","SUB-TEHSIL","URBAN",NA,NA,NA,NA,NA,NA,NA,NA,NA,NA
"BALOCHISTAN","SIBI","DERA BUGTI","DERA BUGTI","SUB-DIVISION","OVERALL",9607,6263,4507,5100,4817,1222,289,NA,9,3270
"BALOCHISTAN","SIBI","DERA BUGTI","DERA BUGTI","SUB-DIVISION","RURAL",4178,1417,561,3617,628,575,283,NA,7,2685
"BALOCHISTAN","SIBI","DERA BUGTI","DERA BUGTI","SUB-DIVISION","URBAN",5429,4846,3946,1483,4189,647,6,NA,2,585
"BALOCHISTAN","SIBI","DERA BUGTI","LOTI","SUB-TEHSIL","OVERALL",4565,498,530,4035,227,39,2583,NA,17,1699
"BALOCHISTAN","SIBI","DERA BUGTI","LOTI","SUB-TEHSIL","RURAL",4565,498,530,4035,227,39,2583,NA,17,1699
"BALOCHISTAN","SIBI","DERA BUGTI","LOTI","SUB-TEHSIL","URBAN",NA,NA,NA,NA,NA,NA,NA,NA,NA,NA
"BALOCHISTAN","SIBI","DERA BUGTI","MALAM","SUB-TEHSIL","OVERALL",4435,819,311,4124,111,47,1550,2,7,2718
"BALOCHISTAN","SIBI","DERA BUGTI","MALAM","SUB-TEHSIL","RURAL",4435,819,311,4124,111,47,1550,2,7,2718
"BALOCHISTAN","SIBI","DERA BUGTI","MALAM","SUB-TEHSIL","URBAN",NA,NA,NA,NA,NA,NA,NA,NA,NA,NA
"BALOCHISTAN","SIBI","DERA BUGTI","PIR KOH","SUB-TEHSIL","OVERALL",8519,2298,1096,7423,301,580,571,NA,10,7057
"BALOCHISTAN","SIBI","DERA BUGTI","PIR KOH","SUB-TEHSIL","RURAL",8519,2298,1096,7423,301,580,571,NA,10,7057
"BALOCHISTAN","SIBI","DERA BUGTI","PIR KOH","SUB-TEHSIL","URBAN",NA,NA,NA,NA,NA,NA,NA,NA,NA,NA
"BALOCHISTAN","SIBI","DERA BUGTI","QADIRABAD","SUB-DIVISION","OVERALL",3848,1932,823,3025,468,453,1037,NA,1,1889
"BALOCHISTAN","SIBI","DERA BUGTI","QADIRABAD","SUB-DIVISION","RURAL",3848,1932,823,3025,468,453,1037,NA,1,1889
"BALOCHISTAN","SIBI","DERA BUGTI","QADIRABAD","SUB-DIVISION","URBAN",NA,NA,NA,NA,NA,NA,NA,NA,NA,NA
"BALOCHISTAN","SIBI","DERA BUGTI","SANGSILLAH","SUB-TEHSIL","OVERALL",2494,781,28,2466,2,20,90,NA,17,2365
"BALOCHISTAN","SIBI","DERA BUGTI","SANGSILLAH","SUB-TEHSIL","RURAL",2494,781,28,2466,2,20,90,NA,17,2365
"BALOCHISTAN","SIBI","DERA BUGTI","SANGSILLAH","SUB-TEHSIL","URBAN",NA,NA,NA,NA,NA,NA,NA,NA,NA,NA
"BALOCHISTAN","SIBI","DERA BUGTI","SUI","SUB-DIVISION","OVERALL",23968,18217,9048,14920,9560,3948,3677,2,65,6716
"BALOCHISTAN","SIBI","DERA BUGTI","SUI","SUB-DIVISION","RURAL",9569,4623,682,8887,1026,2103,3570,1,20,2849
"BALOCHISTAN","SIBI","DERA BUGTI","SUI","SUB-DIVISION","URBAN",14399,13594,8366,6033,8534,1845,107,1,45,3867
"BALOCHISTAN","LORALAI","DUKI","DUKI","SUB-DIVISION","OVERALL",26606,22111,15887,10719,10893,7248,2736,3,113,5613
"BALOCHISTAN","LORALAI","DUKI","DUKI","SUB-DIVISION","RURAL",23613,19203,13868,9745,8876,6392,2649,3,113,5580
"BALOCHISTAN","LORALAI","DUKI","DUKI","SUB-DIVISION","URBAN",2993,2908,2019,974,2017,856,87,NA,NA,33
"BALOCHISTAN","LORALAI","DUKI","LUNI","SUB-DIVISION","OVERALL",2907,2101,1911,996,1522,266,634,NA,22,463
"BALOCHISTAN","LORALAI","DUKI","LUNI","SUB-DIVISION","RURAL",2907,2101,1911,996,1522,266,634,NA,22,463
"BALOCHISTAN","LORALAI","DUKI","LUNI","SUB-DIVISION","URBAN",NA,NA,NA,NA,NA,NA,NA,NA,NA,NA
"BALOCHISTAN","LORALAI","DUKI","TALAO","SUB-TEHSIL","OVERALL",5256,3675,2308,2948,1372,1474,1896,NA,3,511
"BALOCHISTAN","LORALAI","DUKI","TALAO","SUB-TEHSIL","RURAL",5256,3675,2308,2948,1372,1474,1896,NA,3,511
"BALOCHISTAN","LORALAI","DUKI","TALAO","SUB-TEHSIL","URBAN",NA,NA,NA,NA,NA,NA,NA,NA,NA,NA
"BALOCHISTAN","LORALAI","DUKI","THAL CHUTYALI","SUB-DIVISION","OVERALL",8290,7204,5674,2616,5435,1404,778,3,4,666
"BALOCHISTAN","LORALAI","DUKI","THAL CHUTYALI","SUB-DIVISION","RURAL",8290,7204,5674,2616,5435,1404,778,3,4,666
"BALOCHISTAN","LORALAI","DUKI","THAL CHUTYALI","SUB-DIVISION","URBAN",NA,NA,NA,NA,NA,NA,NA,NA,NA,NA
"BALOCHISTAN","MEKRAN","GWADAR","GWADAR","SUB-DIVISION","OVERALL",24533,23286,19225,5308,21034,369,501,11,47,2571
"BALOCHISTAN","MEKRAN","GWADAR","GWADAR","SUB-DIVISION","RURAL",10503,9892,6858,3645,9070,74,155,2,35,1167
"BALOCHISTAN","MEKRAN","GWADAR","GWADAR","SUB-DIVISION","URBAN",14030,13394,12367,1663,11964,295,346,9,12,1404
"BALOCHISTAN","MEKRAN","GWADAR","JIWANI","TEHSIL","OVERALL",4420,4303,1724,2696,3874,54,264,NA,1,227
"BALOCHISTAN","MEKRAN","GWADAR","JIWANI","TEHSIL","RURAL",1586,1499,726,860,1366,22,192,NA,1,5
"BALOCHISTAN","MEKRAN","GWADAR","JIWANI","TEHSIL","URBAN",2834,2804,998,1836,2508,32,72,NA,NA,222
"BALOCHISTAN","MEKRAN","GWADAR","ORMARA","TEHSIL","OVERALL",5415,4073,3036,2379,2887,93,713,266,45,1411
"BALOCHISTAN","MEKRAN","GWADAR","ORMARA","TEHSIL","RURAL",1789,616,184,1605,296,22,653,NA,20,798
"BALOCHISTAN","MEKRAN","GWADAR","ORMARA","TEHSIL","URBAN",3626,3457,2852,774,2591,71,60,266,25,613
"BALOCHISTAN","MEKRAN","GWADAR","PASNI","SUB-DIVISION","OVERALL",13708,10837,7149,6559,7867,94,512,4,7,5224
"BALOCHISTAN","MEKRAN","GWADAR","PASNI","SUB-DIVISION","RURAL",6380,3557,431,5949,959,21,298,3,NA,5099
"BALOCHISTAN","MEKRAN","GWADAR","PASNI","SUB-DIVISION","URBAN",7328,7280,6718,610,6908,73,214,1,7,125
"BALOCHISTAN","MEKRAN","GWADAR","SUNTSER","SUB-TEHSIL","OVERALL",2281,1729,438,1843,1349,328,253,NA,4,347
"BALOCHISTAN","MEKRAN","GWADAR","SUNTSER","SUB-TEHSIL","RURAL",2281,1729,438,1843,1349,328,253,NA,4,347
"BALOCHISTAN","MEKRAN","GWADAR","SUNTSER","SUB-TEHSIL","URBAN",NA,NA,NA,NA,NA,NA,NA,NA,NA,NA
"BALOCHISTAN","SIBI","HARNAI","HARNAI","SUB-DIVISION","OVERALL",10170,5487,5571,4599,2075,910,2659,1,18,4507
"BALOCHISTAN","SIBI","HARNAI","HARNAI","SUB-DIVISION","RURAL",8051,3422,3562,4489,1445,499,1609,1,12,4485
"BALOCHISTAN","SIBI","HARNAI","HARNAI","SUB-DIVISION","URBAN",2119,2065,2009,110,630,411,1050,NA,6,22
"BALOCHISTAN","SIBI","HARNAI","KHOAST","SUB-DIVISION","OVERALL",2212,874,734,1478,231,254,358,NA,1,1368
"BALOCHISTAN","SIBI","HARNAI","KHOAST","SUB-DIVISION","RURAL",2212,874,734,1478,231,254,358,NA,1,1368
"BALOCHISTAN","SIBI","HARNAI","KHOAST","SUB-DIVISION","URBAN",NA,NA,NA,NA,NA,NA,NA,NA,NA,NA
"BALOCHISTAN","SIBI","HARNAI","SHAHRIG","TEHSIL","OVERALL",4011,2316,2038,1973,958,303,799,NA,7,1944
"BALOCHISTAN","SIBI","HARNAI","SHAHRIG","TEHSIL","RURAL",1628,427,440,1188,150,16,273,NA,1,1188
"BALOCHISTAN","SIBI","HARNAI","SHAHRIG","TEHSIL","URBAN",2383,1889,1598,785,808,287,526,NA,6,756
"BALOCHISTAN","NASIRABAD","JAFFARABAD","GANDAKHA","TEHSIL","OVERALL",14259,2533,320,13939,1720,515,386,22,43,11573
"BALOCHISTAN","NASIRABAD","JAFFARABAD","GANDAKHA","TEHSIL","RURAL",14259,2533,320,13939,1720,515,386,22,43,11573
"BALOCHISTAN","NASIRABAD","JAFFARABAD","GANDAKHA","TEHSIL","URBAN",NA,NA,NA,NA,NA,NA,NA,NA,NA,NA
"BALOCHISTAN","NASIRABAD","JAFFARABAD","JHAT PAT","SUB-DIVISION","OVERALL",37693,19479,13618,24075,10877,6782,4101,205,19,15709
"BALOCHISTAN","NASIRABAD","JAFFARABAD","JHAT PAT","SUB-DIVISION","RURAL",26891,10004,5900,20991,5107,3584,3495,90,15,14600
"BALOCHISTAN","NASIRABAD","JAFFARABAD","JHAT PAT","SUB-DIVISION","URBAN",10802,9475,7718,3084,5770,3198,606,115,4,1109
"BALOCHISTAN","NASIRABAD","JAFFARABAD","USTA MUHAMMAD","SUB-DIVISION","OVERALL",29610,17453,5881,23729,9242,5896,287,34,229,13922
"BALOCHISTAN","NASIRABAD","JAFFARABAD","USTA MUHAMMAD","SUB-DIVISION","RURAL",21613,10091,2814,18799,5534,3490,120,30,60,12379
"BALOCHISTAN","NASIRABAD","JAFFARABAD","USTA MUHAMMAD","SUB-DIVISION","URBAN",7997,7362,3067,4930,3708,2406,167,4,169,1543
"BALOCHISTAN","NASIRABAD","JHAL MAGSI","GANDAWA","TEHSIL","OVERALL",11109,5548,3665,7444,3942,1035,498,NA,34,5600
"BALOCHISTAN","NASIRABAD","JHAL MAGSI","GANDAWA","TEHSIL","RURAL",7413,2856,1554,5859,1436,1015,474,NA,32,4456
"BALOCHISTAN","NASIRABAD","JHAL MAGSI","GANDAWA","TEHSIL","URBAN",3696,2692,2111,1585,2506,20,24,NA,2,1144
"BALOCHISTAN","NASIRABAD","JHAL MAGSI","JHAL MAGSI","TEHSIL","OVERALL",17155,6346,1917,15238,1394,3416,1614,44,64,10623
"BALOCHISTAN","NASIRABAD","JHAL MAGSI","JHAL MAGSI","TEHSIL","RURAL",17155,6346,1917,15238,1394,3416,1614,44,64,10623
"BALOCHISTAN","NASIRABAD","JHAL MAGSI","JHAL MAGSI","TEHSIL","URBAN",NA,NA,NA,NA,NA,NA,NA,NA,NA,NA
"BALOCHISTAN","NASIRABAD","JHAL MAGSI","MIRPUR","SUB-TEHSIL","OVERALL",2689,259,70,2619,14,13,384,1,2,2275
"BALOCHISTAN","NASIRABAD","JHAL MAGSI","MIRPUR","SUB-TEHSIL","RURAL",2689,259,70,2619,14,13,384,1,2,2275
"BALOCHISTAN","NASIRABAD","JHAL MAGSI","MIRPUR","SUB-TEHSIL","URBAN",NA,NA,NA,NA,NA,NA,NA,NA,NA,NA
"BALOCHISTAN","NASIRABAD","KACHHI","BALANARI","SUB-TEHSIL","OVERALL",6523,1731,1053,5470,487,1022,66,2,9,4937
"BALOCHISTAN","NASIRABAD","KACHHI","BALANARI","SUB-TEHSIL","RURAL",6523,1731,1053,5470,487,1022,66,2,9,4937
"BALOCHISTAN","NASIRABAD","KACHHI","BALANARI","SUB-TEHSIL","URBAN",NA,NA,NA,NA,NA,NA,NA,NA,NA,NA
"BALOCHISTAN","NASIRABAD","KACHHI","BHAG","SUB-DIVISION","OVERALL",16312,371,301,16011,27,165,839,67,9,15205
"BALOCHISTAN","NASIRABAD","KACHHI","BHAG","SUB-DIVISION","RURAL",12865,332,284,12581,23,133,818,66,8,11817
"BALOCHISTAN","NASIRABAD","KACHHI","BHAG","SUB-DIVISION","URBAN",3447,39,17,3430,4,32,21,1,1,3388
"BALOCHISTAN","NASIRABAD","KACHHI","DHADAR","SUB-DIVISION","OVERALL",7176,3065,2688,4488,2583,161,199,1,4,4228
"BALOCHISTAN","NASIRABAD","KACHHI","DHADAR","SUB-DIVISION","RURAL",4361,1371,1012,3349,910,143,196,1,4,3107
"BALOCHISTAN","NASIRABAD","KACHHI","DHADAR","SUB-DIVISION","URBAN",2815,1694,1676,1139,1673,18,3,NA,NA,1121
"BALOCHISTAN","NASIRABAD","KACHHI","KHATTAN","SUB-TEHSIL","OVERALL",2723,59,34,2689,11,22,102,9,1,2578
"BALOCHISTAN","NASIRABAD","KACHHI","KHATTAN","SUB-TEHSIL","RURAL",2723,59,34,2689,11,22,102,9,1,2578
"BALOCHISTAN","NASIRABAD","KACHHI","KHATTAN","SUB-TEHSIL","URBAN",NA,NA,NA,NA,NA,NA,NA,NA,NA,NA
"BALOCHISTAN","NASIRABAD","KACHHI","MACH","SUB-DIVISION","OVERALL",5699,4574,3525,2174,3239,399,460,NA,NA,1601
"BALOCHISTAN","NASIRABAD","KACHHI","MACH","SUB-DIVISION","RURAL",3379,2323,1325,2054,1077,367,389,NA,NA,1546
"BALOCHISTAN","NASIRABAD","KACHHI","MACH","SUB-DIVISION","URBAN",2320,2251,2200,120,2162,32,71,NA,NA,55
"BALOCHISTAN","NASIRABAD","KACHHI","SANNI","SUB-DIVISION","OVERALL",11599,3878,3329,8270,2036,878,1147,5,59,7474
"BALOCHISTAN","NASIRABAD","KACHHI","SANNI","SUB-DIVISION","RURAL",11599,3878,3329,8270,2036,878,1147,5,59,7474
"BALOCHISTAN","NASIRABAD","KACHHI","SANNI","SUB-DIVISION","URBAN",NA,NA,NA,NA,NA,NA,NA,NA,NA,NA
"BALOCHISTAN","KALAT","KALAT","GAZG","SUB-TEHSIL","OVERALL",1274,170,60,1214,93,36,156,NA,NA,989
"BALOCHISTAN","KALAT","KALAT","GAZG","SUB-TEHSIL","RURAL",1274,170,60,1214,93,36,156,NA,NA,989
"BALOCHISTAN","KALAT","KALAT","GAZG","SUB-TEHSIL","URBAN",NA,NA,NA,NA,NA,NA,NA,NA,NA,NA
"BALOCHISTAN","KALAT","KALAT","JOHAN","SUB-TEHSIL","OVERALL",2486,662,415,2071,116,47,1065,NA,7,1251
"BALOCHISTAN","KALAT","KALAT","JOHAN","SUB-TEHSIL","RURAL",2486,662,415,2071,116,47,1065,NA,7,1251
"BALOCHISTAN","KALAT","KALAT","JOHAN","SUB-TEHSIL","URBAN",NA,NA,NA,NA,NA,NA,NA,NA,NA,NA
"BALOCHISTAN","KALAT","KALAT","KALAT","SUB-DIVISION","OVERALL",20124,12756,5550,14574,7084,3558,4288,4,16,5174
"BALOCHISTAN","KALAT","KALAT","KALAT","SUB-DIVISION","RURAL",14926,7688,2568,12358,2377,3349,4242,4,16,4938
"BALOCHISTAN","KALAT","KALAT","KALAT","SUB-DIVISION","URBAN",5198,5068,2982,2216,4707,209,46,NA,NA,236
"BALOCHISTAN","KALAT","KALAT","MANGOCHAR","SUB-DIVISION","OVERALL",9217,5820,2235,6982,2108,1525,2594,5,46,2939
"BALOCHISTAN","KALAT","KALAT","MANGOCHAR","SUB-DIVISION","RURAL",9217,5820,2235,6982,2108,1525,2594,5,46,2939
"BALOCHISTAN","KALAT","KALAT","MANGOCHAR","SUB-DIVISION","URBAN",NA,NA,NA,NA,NA,NA,NA,NA,NA,NA
"BALOCHISTAN","MEKRAN","KECH","BALNIGORE","SUB-TEHSIL","OVERALL",14389,10200,4425,9964,3208,3696,5871,3,20,1591
"BALOCHISTAN","MEKRAN","KECH","BALNIGORE","SUB-TEHSIL","RURAL",14389,10200,4425,9964,3208,3696,5871,3,20,1591
"BALOCHISTAN","MEKRAN","KECH","BALNIGORE","SUB-TEHSIL","URBAN",NA,NA,NA,NA,NA,NA,NA,NA,NA,NA
"BALOCHISTAN","MEKRAN","KECH","BULAIDA","SUB-DIVISION","OVERALL",24326,17460,14444,9882,6652,4363,8135,NA,111,5065
"BALOCHISTAN","MEKRAN","KECH","BULAIDA","SUB-DIVISION","RURAL",9038,5330,2940,6098,1050,2207,2406,NA,84,3291
"BALOCHISTAN","MEKRAN","KECH","BULAIDA","SUB-DIVISION","URBAN",15288,12130,11504,3784,5602,2156,5729,NA,27,1774
"BALOCHISTAN","MEKRAN","KECH","DASHT","SUB-DIVISION","OVERALL",21083,11078,6624,14459,7259,2138,3777,5,18,7886
"BALOCHISTAN","MEKRAN","KECH","DASHT","SUB-DIVISION","RURAL",21083,11078,6624,14459,7259,2138,3777,5,18,7886
"BALOCHISTAN","MEKRAN","KECH","DASHT","SUB-DIVISION","URBAN",NA,NA,NA,NA,NA,NA,NA,NA,NA,NA
"BALOCHISTAN","MEKRAN","KECH","HOSHAB","SUB-TEHSIL","OVERALL",16755,10473,3840,12915,4944,3273,6893,NA,18,1627
"BALOCHISTAN","MEKRAN","KECH","HOSHAB","SUB-TEHSIL","RURAL",16755,10473,3840,12915,4944,3273,6893,NA,18,1627
"BALOCHISTAN","MEKRAN","KECH","HOSHAB","SUB-TEHSIL","URBAN",NA,NA,NA,NA,NA,NA,NA,NA,NA,NA
"BALOCHISTAN","MEKRAN","KECH","MAND","TEHSIL","OVERALL",16348,14044,11397,4951,5877,6034,4174,NA,89,174
"BALOCHISTAN","MEKRAN","KECH","MAND","TEHSIL","RURAL",16348,14044,11397,4951,5877,6034,4174,NA,89,174
"BALOCHISTAN","MEKRAN","KECH","MAND","TEHSIL","URBAN",NA,NA,NA,NA,NA,NA,NA,NA,NA,NA
"BALOCHISTAN","MEKRAN","KECH","TUMP","SUB-DIVISION","OVERALL",38839,28002,22110,16729,3685,11323,17771,3,85,5972
"BALOCHISTAN","MEKRAN","KECH","TUMP","SUB-DIVISION","RURAL",23040,14079,11205,11835,671,4055,13272,2,69,4971
"BALOCHISTAN","MEKRAN","KECH","TUMP","SUB-DIVISION","URBAN",15799,13923,10905,4894,3014,7268,4499,1,16,1001
"BALOCHISTAN","MEKRAN","KECH","TURBAT","SUB-DIVISION","OVERALL",100774,86165,78375,22399,41287,18659,33418,83,254,7073
"BALOCHISTAN","MEKRAN","KECH","TURBAT","SUB-DIVISION","RURAL",42826,33931,28104,14722,7908,11989,18312,1,75,4541
"BALOCHISTAN","MEKRAN","KECH","TURBAT","SUB-DIVISION","URBAN",57948,52234,50271,7677,33379,6670,15106,82,179,2532
"BALOCHISTAN","MEKRAN","KECH","ZAMORAN","SUB-TEHSIL","OVERALL",20961,3035,1894,19067,1494,1240,695,NA,30,17502
"BALOCHISTAN","MEKRAN","KECH","ZAMORAN","SUB-TEHSIL","RURAL",20961,3035,1894,19067,1494,1240,695,NA,30,17502
"BALOCHISTAN","MEKRAN","KECH","ZAMORAN","SUB-TEHSIL","URBAN",NA,NA,NA,NA,NA,NA,NA,NA,NA,NA
"BALOCHISTAN","RAKHSHAN","KHARAN","KHARAN","SUB-DIVISION","OVERALL",14023,13373,10598,3425,10935,1256,730,2,21,1079
"BALOCHISTAN","RAKHSHAN","KHARAN","KHARAN","SUB-DIVISION","RURAL",3003,2767,1007,1996,1259,791,619,NA,17,317
"BALOCHISTAN","RAKHSHAN","KHARAN","KHARAN","SUB-DIVISION","URBAN",11020,10606,9591,1429,9676,465,111,2,4,762
"BALOCHISTAN","RAKHSHAN","KHARAN","PATKAIN","SUB-TEHSIL","OVERALL",3598,1853,342,3256,628,760,1046,1,7,1156
"BALOCHISTAN","RAKHSHAN","KHARAN","PATKAIN","SUB-TEHSIL","RURAL",3598,1853,342,3256,628,760,1046,1,7,1156
"BALOCHISTAN","RAKHSHAN","KHARAN","PATKAIN","SUB-TEHSIL","URBAN",NA,NA,NA,NA,NA,NA,NA,NA,NA,NA
"BALOCHISTAN","RAKHSHAN","KHARAN","SAR KHARAN","SUB-DIVISION","OVERALL",11432,9654,3006,8426,5463,3722,1004,1,17,1225
"BALOCHISTAN","RAKHSHAN","KHARAN","SAR KHARAN","SUB-DIVISION","RURAL",11432,9654,3006,8426,5463,3722,1004,1,17,1225
"BALOCHISTAN","RAKHSHAN","KHARAN","SAR KHARAN","SUB-DIVISION","URBAN",NA,NA,NA,NA,NA,NA,NA,NA,NA,NA
"BALOCHISTAN","RAKHSHAN","KHARAN","TOHMULK","SUB-TEHSIL","OVERALL",6790,4431,1249,5541,1948,1490,1338,1,2,2011
"BALOCHISTAN","RAKHSHAN","KHARAN","TOHMULK","SUB-TEHSIL","RURAL",6790,4431,1249,5541,1948,1490,1338,1,2,2011
"BALOCHISTAN","RAKHSHAN","KHARAN","TOHMULK","SUB-TEHSIL","URBAN",NA,NA,NA,NA,NA,NA,NA,NA,NA,NA
"BALOCHISTAN","KALAT","KHUZDAR","ARANJI","SUB-TEHSIL","OVERALL",10012,2298,684,9328,590,997,2694,1,142,5588
"BALOCHISTAN","KALAT","KHUZDAR","ARANJI","SUB-TEHSIL","RURAL",10012,2298,684,9328,590,997,2694,1,142,5588
"BALOCHISTAN","KALAT","KHUZDAR","ARANJI","SUB-TEHSIL","URBAN",NA,NA,NA,NA,NA,NA,NA,NA,NA,NA
"BALOCHISTAN","KALAT","KHUZDAR","GRESHA","SUB-TEHSIL","OVERALL",9920,6151,1777,8143,2417,2464,2849,NA,27,2163
"BALOCHISTAN","KALAT","KHUZDAR","GRESHA","SUB-TEHSIL","RURAL",9920,6151,1777,8143,2417,2464,2849,NA,27,2163
"BALOCHISTAN","KALAT","KHUZDAR","GRESHA","SUB-TEHSIL","URBAN",NA,NA,NA,NA,NA,NA,NA,NA,NA,NA
"BALOCHISTAN","KALAT","KHUZDAR","KARAKH","SUB-DIVISION","OVERALL",6723,3121,2295,4428,636,1783,1437,3,38,2826
"BALOCHISTAN","KALAT","KHUZDAR","KARAKH","SUB-DIVISION","RURAL",6723,3121,2295,4428,636,1783,1437,3,38,2826
"BALOCHISTAN","KALAT","KHUZDAR","KARAKH","SUB-DIVISION","URBAN",NA,NA,NA,NA,NA,NA,NA,NA,NA,NA
"BALOCHISTAN","KALAT","KHUZDAR","KHUZDAR","SUB-DIVISION","OVERALL",54451,43513,20821,33630,17216,17989,7528,7,997,10714
"BALOCHISTAN","KALAT","KHUZDAR","KHUZDAR","SUB-DIVISION","RURAL",23672,15734,5033,18639,2308,10223,5324,2,95,5720
"BALOCHISTAN","KALAT","KHUZDAR","KHUZDAR","SUB-DIVISION","URBAN",30779,27779,15788,14991,14908,7766,2204,5,902,4994
"BALOCHISTAN","KALAT","KHUZDAR","MOOLA","SUB-TEHSIL","OVERALL",4086,1500,1099,2987,243,785,654,NA,11,2393
"BALOCHISTAN","KALAT","KHUZDAR","MOOLA","SUB-TEHSIL","RURAL",4086,1500,1099,2987,243,785,654,NA,11,2393
"BALOCHISTAN","KALAT","KHUZDAR","MOOLA","SUB-TEHSIL","URBAN",NA,NA,NA,NA,NA,NA,NA,NA,NA,NA
"BALOCHISTAN","KALAT","KHUZDAR","NAL","SUB-DIVISION","OVERALL",15283,12816,6025,9258,5237,6131,2025,NA,18,1872
"BALOCHISTAN","KALAT","KHUZDAR","NAL","SUB-DIVISION","RURAL",9116,7093,2607,6509,2250,3840,1549,NA,5,1472
"BALOCHISTAN","KALAT","KHUZDAR","NAL","SUB-DIVISION","URBAN",6167,5723,3418,2749,2987,2291,476,NA,13,400
"BALOCHISTAN","KALAT","KHUZDAR","ORNACH","SUB-DIVISION","OVERALL",13078,5234,2417,10661,1416,3210,3131,1,8,5312
"BALOCHISTAN","KALAT","KHUZDAR","ORNACH","SUB-DIVISION","RURAL",13078,5234,2417,10661,1416,3210,3131,1,8,5312
"BALOCHISTAN","KALAT","KHUZDAR","ORNACH","SUB-DIVISION","URBAN",NA,NA,NA,NA,NA,NA,NA,NA,NA,NA
"BALOCHISTAN","KALAT","KHUZDAR","SAROONA","SUB-TEHSIL","OVERALL",6480,1696,286,6194,98,1170,1464,NA,32,3716
"BALOCHISTAN","KALAT","KHUZDAR","SAROONA","SUB-TEHSIL","RURAL",6480,1696,286,6194,98,1170,1464,NA,32,3716
"BALOCHISTAN","KALAT","KHUZDAR","SAROONA","SUB-TEHSIL","URBAN",NA,NA,NA,NA,NA,NA,NA,NA,NA,NA
"BALOCHISTAN","KALAT","KHUZDAR","WADH","SUB-DIVISION","OVERALL",21772,17714,5905,15867,6295,8955,3341,1,149,3031
"BALOCHISTAN","KALAT","KHUZDAR","WADH","SUB-DIVISION","RURAL",16775,12880,3721,13054,3588,7330,2778,1,141,2937
"BALOCHISTAN","KALAT","KHUZDAR","WADH","SUB-DIVISION","URBAN",4997,4834,2184,2813,2707,1625,563,NA,8,94
"BALOCHISTAN","KALAT","KHUZDAR","ZEHRI","SUB-DIVISION","OVERALL",19645,16187,11624,8021,6781,4560,6316,NA,41,1947
"BALOCHISTAN","KALAT","KHUZDAR","ZEHRI","SUB-DIVISION","RURAL",11984,9092,6045,5939,2790,3479,4162,NA,25,1528
"BALOCHISTAN","KALAT","KHUZDAR","ZEHRI","SUB-DIVISION","URBAN",7661,7095,5579,2082,3991,1081,2154,NA,16,419
"BALOCHISTAN","QUETTA","KILLA ABDULLAH","DOBANDI","SUB-TEHSIL","OVERALL",12995,7152,4939,8056,1891,2864,3664,NA,65,4511
"BALOCHISTAN","QUETTA","KILLA ABDULLAH","DOBANDI","SUB-TEHSIL","RURAL",12995,7152,4939,8056,1891,2864,3664,NA,65,4511
"BALOCHISTAN","QUETTA","KILLA ABDULLAH","DOBANDI","SUB-TEHSIL","URBAN",NA,NA,NA,NA,NA,NA,NA,NA,NA,NA
"BALOCHISTAN","QUETTA","KILLA ABDULLAH","GULISTAN","SUB-DIVISION","OVERALL",23751,21010,14127,9624,17028,1005,1173,34,70,4441
"BALOCHISTAN","QUETTA","KILLA ABDULLAH","GULISTAN","SUB-DIVISION","RURAL",23751,21010,14127,9624,17028,1005,1173,34,70,4441
"BALOCHISTAN","QUETTA","KILLA ABDULLAH","GULISTAN","SUB-DIVISION","URBAN",NA,NA,NA,NA,NA,NA,NA,NA,NA,NA
"BALOCHISTAN","QUETTA","KILLA ABDULLAH","KILLA ABDULLAH","SUB-DIVISION","OVERALL",30543,26809,16977,13566,18963,2157,1623,12,73,7715
"BALOCHISTAN","QUETTA","KILLA ABDULLAH","KILLA ABDULLAH","SUB-DIVISION","RURAL",24167,20800,12723,11444,13821,1657,1498,11,61,7119
"BALOCHISTAN","QUETTA","KILLA ABDULLAH","KILLA ABDULLAH","SUB-DIVISION","URBAN",6376,6009,4254,2122,5142,500,125,1,12,596
"BALOCHISTAN","ZHOB","KILLA SAIFULLAH","BADINI","SUB-TEHSIL","OVERALL",2769,1227,560,2209,457,104,1110,NA,1,1097
"BALOCHISTAN","ZHOB","KILLA SAIFULLAH","BADINI","SUB-TEHSIL","RURAL",2769,1227,560,2209,457,104,1110,NA,1,1097
"BALOCHISTAN","ZHOB","KILLA SAIFULLAH","BADINI","SUB-TEHSIL","URBAN",NA,NA,NA,NA,NA,NA,NA,NA,NA,NA
"BALOCHISTAN","ZHOB","KILLA SAIFULLAH","KAN MEHTARZAI","SUB-TEHSIL","OVERALL",7348,3660,1782,5566,579,1208,1215,1,136,4209
"BALOCHISTAN","ZHOB","KILLA SAIFULLAH","KAN MEHTARZAI","SUB-TEHSIL","RURAL",7348,3660,1782,5566,579,1208,1215,1,136,4209
"BALOCHISTAN","ZHOB","KILLA SAIFULLAH","KAN MEHTARZAI","SUB-TEHSIL","URBAN",NA,NA,NA,NA,NA,NA,NA,NA,NA,NA
"BALOCHISTAN","ZHOB","KILLA SAIFULLAH","KILLA SAIFULLAH","SUB-DIVISION","OVERALL",29319,18567,12693,16626,9084,5257,4296,15,66,10601
"BALOCHISTAN","ZHOB","KILLA SAIFULLAH","KILLA SAIFULLAH","SUB-DIVISION","RURAL",22108,12758,8511,13597,5383,4609,4140,8,60,7908
"BALOCHISTAN","ZHOB","KILLA SAIFULLAH","KILLA SAIFULLAH","SUB-DIVISION","URBAN",7211,5809,4182,3029,3701,648,156,7,6,2693
"BALOCHISTAN","ZHOB","KILLA SAIFULLAH","LOIBAND","TEHSIL","OVERALL",5105,1910,1158,3947,736,904,754,NA,2,2709
"BALOCHISTAN","ZHOB","KILLA SAIFULLAH","LOIBAND","TEHSIL","RURAL",5105,1910,1158,3947,736,904,754,NA,2,2709
"BALOCHISTAN","ZHOB","KILLA SAIFULLAH","LOIBAND","TEHSIL","URBAN",NA,NA,NA,NA,NA,NA,NA,NA,NA,NA
"BALOCHISTAN","ZHOB","KILLA SAIFULLAH","MUSLIM BAGH","TEHSIL","OVERALL",14084,11799,10883,3201,10316,1030,508,1,4,2225
"BALOCHISTAN","ZHOB","KILLA SAIFULLAH","MUSLIM BAGH","TEHSIL","RURAL",9385,7139,6310,3075,5727,961,506,1,4,2186
"BALOCHISTAN","ZHOB","KILLA SAIFULLAH","MUSLIM BAGH","TEHSIL","URBAN",4699,4660,4573,126,4589,69,2,NA,NA,39
"BALOCHISTAN","ZHOB","KILLA SAIFULLAH","SHINKI","SUB-TEHSIL","OVERALL",11373,6235,2886,8487,1856,3329,1661,2,8,4517
"BALOCHISTAN","ZHOB","KILLA SAIFULLAH","SHINKI","SUB-TEHSIL","RURAL",11373,6235,2886,8487,1856,3329,1661,2,8,4517
"BALOCHISTAN","ZHOB","KILLA SAIFULLAH","SHINKI","SUB-TEHSIL","URBAN",NA,NA,NA,NA,NA,NA,NA,NA,NA,NA
"BALOCHISTAN","SIBI","KOHLU","GRISANI","SUB-TEHSIL","OVERALL",2401,508,412,1989,124,102,337,NA,NA,1838
"BALOCHISTAN","SIBI","KOHLU","GRISANI","SUB-TEHSIL","RURAL",2401,508,412,1989,124,102,337,NA,NA,1838
"BALOCHISTAN","SIBI","KOHLU","GRISANI","SUB-TEHSIL","URBAN",NA,NA,NA,NA,NA,NA,NA,NA,NA,NA
"BALOCHISTAN","SIBI","KOHLU","KAHAN","SUB-DIVISION","OVERALL",11817,1331,1124,10693,436,300,2079,4,15,8983
"BALOCHISTAN","SIBI","KOHLU","KAHAN","SUB-DIVISION","RURAL",11817,1331,1124,10693,436,300,2079,4,15,8983
"BALOCHISTAN","SIBI","KOHLU","KAHAN","SUB-DIVISION","URBAN",NA,NA,NA,NA,NA,NA,NA,NA,NA,NA
"BALOCHISTAN","SIBI","KOHLU","KOHLU","SUB-DIVISION","OVERALL",8513,6986,3630,4883,3223,1718,887,24,7,2654
"BALOCHISTAN","SIBI","KOHLU","KOHLU","SUB-DIVISION","RURAL",5354,4220,2062,3292,1703,1606,740,22,2,1281
"BALOCHISTAN","SIBI","KOHLU","KOHLU","SUB-DIVISION","URBAN",3159,2766,1568,1591,1520,112,147,2,5,1373
"BALOCHISTAN","SIBI","KOHLU","MAWAND","SUB-DIVISION","OVERALL",7719,851,764,6955,242,247,1057,NA,10,6163
"BALOCHISTAN","SIBI","KOHLU","MAWAND","SUB-DIVISION","RURAL",7719,851,764,6955,242,247,1057,NA,10,6163
"BALOCHISTAN","SIBI","KOHLU","MAWAND","SUB-DIVISION","URBAN",NA,NA,NA,NA,NA,NA,NA,NA,NA,NA
"BALOCHISTAN","SIBI","KOHLU","TAMBOO","SUB-TEHSIL","OVERALL",7645,1928,889,6756,188,150,2543,NA,17,4747
"BALOCHISTAN","SIBI","KOHLU","TAMBOO","SUB-TEHSIL","RURAL",7645,1928,889,6756,188,150,2543,NA,17,4747
"BALOCHISTAN","SIBI","KOHLU","TAMBOO","SUB-TEHSIL","URBAN",NA,NA,NA,NA,NA,NA,NA,NA,NA,NA
"BALOCHISTAN","KALAT","LASBELA","BELA","SUB-DIVISION","OVERALL",19806,17765,6255,13551,4917,12484,453,1,2,1949
"BALOCHISTAN","KALAT","LASBELA","BELA","SUB-DIVISION","RURAL",15827,13799,3323,12504,2049,11391,444,1,1,1941
"BALOCHISTAN","KALAT","LASBELA","BELA","SUB-DIVISION","URBAN",3979,3966,2932,1047,2868,1093,9,NA,1,8
"BALOCHISTAN","KALAT","LASBELA","DUREJI","SUB-DIVISION","OVERALL",10008,6002,992,9016,1114,4285,2272,NA,4,2333
"BALOCHISTAN","KALAT","LASBELA","DUREJI","SUB-DIVISION","RURAL",6945,4144,413,6532,728,2920,2018,NA,4,1275
"BALOCHISTAN","KALAT","LASBELA","DUREJI","SUB-DIVISION","URBAN",3063,1858,579,2484,386,1365,254,NA,NA,1058
"BALOCHISTAN","KALAT","LASBELA","GADDANI","TEHSIL","OVERALL",6578,5827,659,5919,911,189,467,5,5,5001
"BALOCHISTAN","KALAT","LASBELA","GADDANI","TEHSIL","RURAL",2676,2540,46,2630,329,57,14,3,1,2272
"BALOCHISTAN","KALAT","LASBELA","GADDANI","TEHSIL","URBAN",3902,3287,613,3289,582,132,453,2,4,2729
"BALOCHISTAN","KALAT","LASBELA","HUB","SUB-DIVISION","OVERALL",37994,33764,10402,27592,6733,5905,904,141,229,24082
"BALOCHISTAN","KALAT","LASBELA","HUB","SUB-DIVISION","RURAL",7855,6506,2202,5653,1135,3419,504,44,1,2752
"BALOCHISTAN","KALAT","LASBELA","HUB","SUB-DIVISION","URBAN",30139,27258,8200,21939,5598,2486,400,97,228,21330
"BALOCHISTAN","KALAT","LASBELA","KANRAJ","SUB-DIVISION","OVERALL",2722,861,25,2697,16,599,742,NA,2,1363
"BALOCHISTAN","KALAT","LASBELA","KANRAJ","SUB-DIVISION","RURAL",2722,861,25,2697,16,599,742,NA,2,1363
"BALOCHISTAN","KALAT","LASBELA","KANRAJ","SUB-DIVISION","URBAN",NA,NA,NA,NA,NA,NA,NA,NA,NA,NA
"BALOCHISTAN","KALAT","LASBELA","LAKHRA","TEHSIL","OVERALL",7378,6760,575,6803,1244,3984,1218,NA,2,930
"BALOCHISTAN","KALAT","LASBELA","LAKHRA","TEHSIL","RURAL",7378,6760,575,6803,1244,3984,1218,NA,2,930
"BALOCHISTAN","KALAT","LASBELA","LAKHRA","TEHSIL","URBAN",NA,NA,NA,NA,NA,NA,NA,NA,NA,NA
"BALOCHISTAN","KALAT","LASBELA","LIARI","SUB-TEHSIL","OVERALL",2589,678,51,2538,74,84,1806,NA,3,622
"BALOCHISTAN","KALAT","LASBELA","LIARI","SUB-TEHSIL","RURAL",2589,678,51,2538,74,84,1806,NA,3,622
"BALOCHISTAN","KALAT","LASBELA","LIARI","SUB-TEHSIL","URBAN",NA,NA,NA,NA,NA,NA,NA,NA,NA,NA
"BALOCHISTAN","KALAT","LASBELA","SONMIANI/WINDER","TEHSIL","OVERALL",14186,12262,2973,11213,2765,4789,551,1,11,6069
"BALOCHISTAN","KALAT","LASBELA","SONMIANI/WINDER","TEHSIL","RURAL",6861,5172,1414,5447,1178,2014,499,NA,4,3166
"BALOCHISTAN","KALAT","LASBELA","SONMIANI/WINDER","TEHSIL","URBAN",7325,7090,1559,5766,1587,2775,52,1,7,2903
"BALOCHISTAN","KALAT","LASBELA","UTHAL","SUB-DIVISION","OVERALL",14278,11538,4292,9986,4874,5811,1368,9,4,2212
"BALOCHISTAN","KALAT","LASBELA","UTHAL","SUB-DIVISION","RURAL",8456,5762,873,7583,1227,3827,1300,NA,3,2099
"BALOCHISTAN","KALAT","LASBELA","UTHAL","SUB-DIVISION","URBAN",5822,5776,3419,2403,3647,1984,68,9,1,113
"BALOCHISTAN","LORALAI","LORALAI","BORI","SUB-DIVISION","OVERALL",31142,23693,11908,19234,7542,7374,6005,14,93,10114
"BALOCHISTAN","LORALAI","LORALAI","BORI","SUB-DIVISION","RURAL",23535,16405,10206,13329,4994,6733,5569,3,81,6155
"BALOCHISTAN","LORALAI","LORALAI","BORI","SUB-DIVISION","URBAN",7607,7288,1702,5905,2548,641,436,11,12,3959
"BALOCHISTAN","LORALAI","LORALAI","MEKHTAR","SUB-DIVISION","OVERALL",7072,4042,1325,5747,946,1816,2352,1,5,1952
"BALOCHISTAN","LORALAI","LORALAI","MEKHTAR","SUB-DIVISION","RURAL",7072,4042,1325,5747,946,1816,2352,1,5,1952
"BALOCHISTAN","LORALAI","LORALAI","MEKHTAR","SUB-DIVISION","URBAN",NA,NA,NA,NA,NA,NA,NA,NA,NA,NA
"BALOCHISTAN","KALAT","MASTUNG","DASHT","SUB-DIVISION","OVERALL",10230,7795,2748,7482,1648,1129,2352,2,7,5092
"BALOCHISTAN","KALAT","MASTUNG","DASHT","SUB-DIVISION","RURAL",10230,7795,2748,7482,1648,1129,2352,2,7,5092
"BALOCHISTAN","KALAT","MASTUNG","DASHT","SUB-DIVISION","URBAN",NA,NA,NA,NA,NA,NA,NA,NA,NA,NA
"BALOCHISTAN","KALAT","MASTUNG","KHAD KOCHA","SUB-TEHSIL","OVERALL",5954,3539,716,5238,550,1530,2363,19,37,1455
"BALOCHISTAN","KALAT","MASTUNG","KHAD KOCHA","SUB-TEHSIL","RURAL",5954,3539,716,5238,550,1530,2363,19,37,1455
"BALOCHISTAN","KALAT","MASTUNG","KHAD KOCHA","SUB-TEHSIL","URBAN",NA,NA,NA,NA,NA,NA,NA,NA,NA,NA
"BALOCHISTAN","KALAT","MASTUNG","KIRDGAP","SUB-DIVISION","OVERALL",5024,4057,2635,2389,2389,850,828,9,17,931
"BALOCHISTAN","KALAT","MASTUNG","KIRDGAP","SUB-DIVISION","RURAL",5024,4057,2635,2389,2389,850,828,9,17,931
"BALOCHISTAN","KALAT","MASTUNG","KIRDGAP","SUB-DIVISION","URBAN",NA,NA,NA,NA,NA,NA,NA,NA,NA,NA
"BALOCHISTAN","KALAT","MASTUNG","MASTUNG","SUB-DIVISION","OVERALL",22487,18343,10326,12161,9374,3905,2699,11,227,6271
"BALOCHISTAN","KALAT","MASTUNG","MASTUNG","SUB-DIVISION","RURAL",17054,12952,6908,10146,5660,3232,2417,7,208,5530
"BALOCHISTAN","KALAT","MASTUNG","MASTUNG","SUB-DIVISION","URBAN",5433,5391,3418,2015,3714,673,282,4,19,741
"BALOCHISTAN","LORALAI","MUSAKHEL","DRUG","TEHSIL","OVERALL",4799,2287,1744,3055,379,534,1528,NA,1,2357
"BALOCHISTAN","LORALAI","MUSAKHEL","DRUG","TEHSIL","RURAL",4799,2287,1744,3055,379,534,1528,NA,1,2357
"BALOCHISTAN","LORALAI","MUSAKHEL","DRUG","TEHSIL","URBAN",NA,NA,NA,NA,NA,NA,NA,NA,NA,NA
"BALOCHISTAN","LORALAI","MUSAKHEL","KINGRI","TEHSIL","OVERALL",6480,2632,1197,5283,786,1663,179,3,1,3848
"BALOCHISTAN","LORALAI","MUSAKHEL","KINGRI","TEHSIL","RURAL",6480,2632,1197,5283,786,1663,179,3,1,3848
"BALOCHISTAN","LORALAI","MUSAKHEL","KINGRI","TEHSIL","URBAN",NA,NA,NA,NA,NA,NA,NA,NA,NA,NA
"BALOCHISTAN","LORALAI","MUSAKHEL","MUSAKHEL","TEHSIL","OVERALL",7601,5712,3665,3936,2906,1754,1819,NA,NA,1122
"BALOCHISTAN","LORALAI","MUSAKHEL","MUSAKHEL","TEHSIL","RURAL",5241,3363,1532,3709,659,1656,1813,NA,NA,1113
"BALOCHISTAN","LORALAI","MUSAKHEL","MUSAKHEL","TEHSIL","URBAN",2360,2349,2133,227,2247,98,6,NA,NA,9
"BALOCHISTAN","LORALAI","MUSAKHEL","TIYAR ESSOT","SUB-TEHSIL","OVERALL",1730,503,493,1237,247,4,543,NA,3,933
"BALOCHISTAN","LORALAI","MUSAKHEL","TIYAR ESSOT","SUB-TEHSIL","RURAL",1730,503,493,1237,247,4,543,NA,3,933
"BALOCHISTAN","LORALAI","MUSAKHEL","TIYAR ESSOT","SUB-TEHSIL","URBAN",NA,NA,NA,NA,NA,NA,NA,NA,NA,NA
"BALOCHISTAN","LORALAI","MUSAKHEL","TOISAR","TEHSIL","OVERALL",8443,1593,879,7564,323,877,1563,NA,4,5676
"BALOCHISTAN","LORALAI","MUSAKHEL","TOISAR","TEHSIL","RURAL",8443,1593,879,7564,323,877,1563,NA,4,5676
"BALOCHISTAN","LORALAI","MUSAKHEL","TOISAR","TEHSIL","URBAN",NA,NA,NA,NA,NA,NA,NA,NA,NA,NA
"BALOCHISTAN","LORALAI","MUSAKHEL","ZIMRI PLASEEN","SUB-TEHSIL","OVERALL",2199,82,50,2149,73,6,7,NA,2,2111
"BALOCHISTAN","LORALAI","MUSAKHEL","ZIMRI PLASEEN","SUB-TEHSIL","RURAL",2199,82,50,2149,73,6,7,NA,2,2111
"BALOCHISTAN","LORALAI","MUSAKHEL","ZIMRI PLASEEN","SUB-TEHSIL","URBAN",NA,NA,NA,NA,NA,NA,NA,NA,NA,NA
"BALOCHISTAN","NASIRABAD","NASIRABAD","BABA KOT","TEHSIL","OVERALL",8675,2803,2039,6636,2165,448,908,NA,4,5150
"BALOCHISTAN","NASIRABAD","NASIRABAD","BABA KOT","TEHSIL","RURAL",8675,2803,2039,6636,2165,448,908,NA,4,5150
"BALOCHISTAN","NASIRABAD","NASIRABAD","BABA KOT","TEHSIL","URBAN",NA,NA,NA,NA,NA,NA,NA,NA,NA,NA
"BALOCHISTAN","NASIRABAD","NASIRABAD","CHATTAR","SUB-DIVISION","OVERALL",5932,5285,1925,4007,349,4806,142,NA,2,633
"BALOCHISTAN","NASIRABAD","NASIRABAD","CHATTAR","SUB-DIVISION","RURAL",5932,5285,1925,4007,349,4806,142,NA,2,633
"BALOCHISTAN","NASIRABAD","NASIRABAD","CHATTAR","SUB-DIVISION","URBAN",NA,NA,NA,NA,NA,NA,NA,NA,NA,NA
"BALOCHISTAN","NASIRABAD","NASIRABAD","DERA MURAD JAMALI","SUB-DIVISION","OVERALL",39493,23775,16862,22631,13090,9674,869,39,26,15795
"BALOCHISTAN","NASIRABAD","NASIRABAD","DERA MURAD JAMALI","SUB-DIVISION","RURAL",25220,11759,6538,18682,6280,4744,805,21,15,13355
"BALOCHISTAN","NASIRABAD","NASIRABAD","DERA MURAD JAMALI","SUB-DIVISION","URBAN",14273,12016,10324,3949,6810,4930,64,18,11,2440
"BALOCHISTAN","NASIRABAD","NASIRABAD","LANDHI","TEHSIL","OVERALL",1516,51,48,1468,3,46,12,1,NA,1454
"BALOCHISTAN","NASIRABAD","NASIRABAD","LANDHI","TEHSIL","RURAL",1516,51,48,1468,3,46,12,1,NA,1454
"BALOCHISTAN","NASIRABAD","NASIRABAD","LANDHI","TEHSIL","URBAN",NA,NA,NA,NA,NA,NA,NA,NA,NA,NA
"BALOCHISTAN","NASIRABAD","NASIRABAD","MIR HASSAN KHOSA","TEHSIL","OVERALL",8266,2981,1733,6533,1828,1041,687,NA,10,4700
"BALOCHISTAN","NASIRABAD","NASIRABAD","MIR HASSAN KHOSA","TEHSIL","RURAL",8266,2981,1733,6533,1828,1041,687,NA,10,4700
"BALOCHISTAN","NASIRABAD","NASIRABAD","MIR HASSAN KHOSA","TEHSIL","URBAN",NA,NA,NA,NA,NA,NA,NA,NA,NA,NA
"BALOCHISTAN","NASIRABAD","NASIRABAD","TAMBOO","TEHSIL","OVERALL",23634,10655,5929,17705,5671,4291,1960,70,39,11603
"BALOCHISTAN","NASIRABAD","NASIRABAD","TAMBOO","TEHSIL","RURAL",23634,10655,5929,17705,5671,4291,1960,70,39,11603
"BALOCHISTAN","NASIRABAD","NASIRABAD","TAMBOO","TEHSIL","URBAN",NA,NA,NA,NA,NA,NA,NA,NA,NA,NA
"BALOCHISTAN","RAKHSHAN","NUSHKI","DAK","SUB-TEHSIL","OVERALL",2787,1948,829,1958,990,636,688,NA,2,471
"BALOCHISTAN","RAKHSHAN","NUSHKI","DAK","SUB-TEHSIL","RURAL",2787,1948,829,1958,990,636,688,NA,2,471
"BALOCHISTAN","RAKHSHAN","NUSHKI","DAK","SUB-TEHSIL","URBAN",NA,NA,NA,NA,NA,NA,NA,NA,NA,NA
"BALOCHISTAN","RAKHSHAN","NUSHKI","NUSHKI","SUB-DIVISION","OVERALL",28468,27390,18858,9610,22671,3022,856,2,10,1907
"BALOCHISTAN","RAKHSHAN","NUSHKI","NUSHKI","SUB-DIVISION","RURAL",21208,20192,13500,7708,15912,2918,843,2,NA,1533
"BALOCHISTAN","RAKHSHAN","NUSHKI","NUSHKI","SUB-DIVISION","URBAN",7260,7198,5358,1902,6759,104,13,NA,10,374
"BALOCHISTAN","MEKRAN","PANJGUR","GICHK","SUB-TEHSIL","OVERALL",15625,8508,1671,13954,923,3137,9605,NA,23,1937
"BALOCHISTAN","MEKRAN","PANJGUR","GICHK","SUB-TEHSIL","RURAL",15625,8508,1671,13954,923,3137,9605,NA,23,1937
"BALOCHISTAN","MEKRAN","PANJGUR","GICHK","SUB-TEHSIL","URBAN",NA,NA,NA,NA,NA,NA,NA,NA,NA,NA
"BALOCHISTAN","MEKRAN","PANJGUR","GOWARGO","SUB-DIVISION","OVERALL",9059,5113,2816,6243,1599,291,5272,NA,18,1879
"BALOCHISTAN","MEKRAN","PANJGUR","GOWARGO","SUB-DIVISION","RURAL",9059,5113,2816,6243,1599,291,5272,NA,18,1879
"BALOCHISTAN","MEKRAN","PANJGUR","GOWARGO","SUB-DIVISION","URBAN",NA,NA,NA,NA,NA,NA,NA,NA,NA,NA
"BALOCHISTAN","MEKRAN","PANJGUR","JAHEEN PAROME","TEHSIL","OVERALL",6504,2875,3050,3454,770,561,2494,1,3,2675
"BALOCHISTAN","MEKRAN","PANJGUR","JAHEEN PAROME","TEHSIL","RURAL",6504,2875,3050,3454,770,561,2494,1,3,2675
"BALOCHISTAN","MEKRAN","PANJGUR","JAHEEN PAROME","TEHSIL","URBAN",NA,NA,NA,NA,NA,NA,NA,NA,NA,NA
NA,NA,"PANJGUR","KALLAG","SUB-TEHSIL","OVERALL",7281,5625,4889,2392,1452,553,4328,6,45,897
NA,NA,"PANJGUR","KALLAG","SUB-TEHSIL","RURAL",7281,5625,4889,2392,1452,553,4328,6,45,897
NA,NA,"PANJGUR","KALLAG","SUB-TEHSIL","URBAN",NA,NA,NA,NA,NA,NA,NA,NA,NA,NA
"BALOCHISTAN","MEKRAN","PANJGUR","PANJGUR","SUB-DIVISION","OVERALL",78620,63672,61782,16838,11239,14032,44863,3,405,8078
"BALOCHISTAN","MEKRAN","PANJGUR","PANJGUR","SUB-DIVISION","RURAL",49447,41268,39584,9863,5809,11813,27982,NA,69,3774
"BALOCHISTAN","MEKRAN","PANJGUR","PANJGUR","SUB-DIVISION","URBAN",29173,22404,22198,6975,5430,2219,16881,3,336,4304
"BALOCHISTAN","QUETTA","PISHIN","BARSHORE","TEHSIL","OVERALL",20036,11913,6409,13627,2656,5708,5287,NA,35,6350
"BALOCHISTAN","QUETTA","PISHIN","BARSHORE","TEHSIL","RURAL",20036,11913,6409,13627,2656,5708,5287,NA,35,6350
"BALOCHISTAN","QUETTA","PISHIN","BARSHORE","TEHSIL","URBAN",NA,NA,NA,NA,NA,NA,NA,NA,NA,NA
"BALOCHISTAN","QUETTA","PISHIN","BOSTAN","TEHSIL","OVERALL",9256,8565,7538,1718,7077,641,335,1,1,1201
"BALOCHISTAN","QUETTA","PISHIN","BOSTAN","TEHSIL","RURAL",9256,8565,7538,1718,7077,641,335,1,1,1201
"BALOCHISTAN","QUETTA","PISHIN","BOSTAN","TEHSIL","URBAN",NA,NA,NA,NA,NA,NA,NA,NA,NA,NA
"BALOCHISTAN","QUETTA","PISHIN","HURRAM ZAI","SUB-DIVISION","OVERALL",25031,23548,13162,11869,19768,1220,568,2,7,3466
"BALOCHISTAN","QUETTA","PISHIN","HURRAM ZAI","SUB-DIVISION","RURAL",19417,17990,9672,9745,14460,1122,512,2,5,3316
"BALOCHISTAN","QUETTA","PISHIN","HURRAM ZAI","SUB-DIVISION","URBAN",5614,5558,3490,2124,5308,98,56,NA,2,150
"BALOCHISTAN","QUETTA","PISHIN","KAREZAT","SUB-DIVISION","OVERALL",9129,7386,4946,4183,4026,1912,1093,NA,54,2044
"BALOCHISTAN","QUETTA","PISHIN","KAREZAT","SUB-DIVISION","RURAL",2205,1420,875,1330,555,687,75,NA,54,834
"BALOCHISTAN","QUETTA","PISHIN","KAREZAT","SUB-DIVISION","URBAN",6924,5966,4071,2853,3471,1225,1018,NA,NA,1210
"BALOCHISTAN","QUETTA","PISHIN","NANA SAHIB","TEHSIL","OVERALL",7639,4225,2794,4845,1856,768,1473,NA,32,3510
"BALOCHISTAN","QUETTA","PISHIN","NANA SAHIB","TEHSIL","RURAL",7639,4225,2794,4845,1856,768,1473,NA,32,3510
"BALOCHISTAN","QUETTA","PISHIN","NANA SAHIB","TEHSIL","URBAN",NA,NA,NA,NA,NA,NA,NA,NA,NA,NA
"BALOCHISTAN","QUETTA","PISHIN","PISHIN","SUB-DIVISION","OVERALL",64523,58073,44246,20277,47712,4463,2358,8,42,9940
"BALOCHISTAN","QUETTA","PISHIN","PISHIN","SUB-DIVISION","RURAL",43312,38277,29451,13861,29785,4034,2049,6,35,7403
"BALOCHISTAN","QUETTA","PISHIN","PISHIN","SUB-DIVISION","URBAN",21211,19796,14795,6416,17927,429,309,2,7,2537
"BALOCHISTAN","QUETTA","PISHIN","SARANAN","TEHSIL","OVERALL",11571,10606,4565,7006,4280,996,1025,6,38,5226
"BALOCHISTAN","QUETTA","PISHIN","SARANAN","TEHSIL","RURAL",3382,2548,969,2413,826,196,824,1,6,1529
"BALOCHISTAN","QUETTA","PISHIN","SARANAN","TEHSIL","URBAN",8189,8058,3596,4593,3454,800,201,5,32,3697
"BALOCHISTAN","QUETTA","QUETTA","QUETTA","SUB-DIVISION_CITY","OVERALL",144129,139756,60398,83731,72069,11568,1623,1533,463,56873
"BALOCHISTAN","QUETTA","QUETTA","QUETTA","SUB-DIVISION_CITY","RURAL",16382,16166,7360,9022,8493,1178,266,4,10,6431
"BALOCHISTAN","QUETTA","QUETTA","QUETTA","SUB-DIVISION_CITY","URBAN",127747,123590,53038,74709,63576,10390,1357,1529,453,50442
"BALOCHISTAN","QUETTA","QUETTA","KUCHLAK","SUB-DIVISION","OVERALL",37214,34582,13858,23356,14829,2795,1444,43,117,17986
"BALOCHISTAN","QUETTA","QUETTA","KUCHLAK","SUB-DIVISION","RURAL",30680,28415,11386,19294,12277,2473,1404,40,113,14373
"BALOCHISTAN","QUETTA","QUETTA","KUCHLAK","SUB-DIVISION","URBAN",6534,6167,2472,4062,2552,322,40,3,4,3613
NA,NA,"QUETTA","SADDAR TEHSIL","SUB-DIVISION","OVERALL",34558,29400,8929,25629,10506,2417,1045,20,70,20500
NA,NA,"QUETTA","SADDAR TEHSIL","SUB-DIVISION","RURAL",14930,10486,3180,11750,3696,1698,933,1,33,8569
NA,NA,"QUETTA","SADDAR TEHSIL","SUB-DIVISION","URBAN",19628,18914,5749,13879,6810,719,112,19,37,11931
"BALOCHISTAN","QUETTA","QUETTA","SARIAB","SUB-DIVISION","OVERALL",69160,65380,17220,51940,15252,4465,2230,230,115,46868
"BALOCHISTAN","QUETTA","QUETTA","SARIAB","SUB-DIVISION","RURAL",61948,58471,13727,48221,11851,4155,1951,229,114,43648
"BALOCHISTAN","QUETTA","QUETTA","SARIAB","SUB-DIVISION","URBAN",7212,6909,3493,3719,3401,310,279,1,1,3220
"BALOCHISTAN","QUETTA","QUETTA","PANJPAI","SUB-TEHSIL","OVERALL",3398,3083,2697,701,1870,596,717,NA,1,214
"BALOCHISTAN","QUETTA","QUETTA","PANJPAI","SUB-TEHSIL","RURAL",3398,3083,2697,701,1870,596,717,NA,1,214
"BALOCHISTAN","QUETTA","QUETTA","PANJPAI","SUB-TEHSIL","URBAN",NA,NA,NA,NA,NA,NA,NA,NA,NA,NA
"BALOCHISTAN","ZHOB","SHERANI","SHERANI","SUB-DIVISION","OVERALL",36100,19266,18627,17473,2676,6654,11921,2,90,14757
"BALOCHISTAN","ZHOB","SHERANI","SHERANI","SUB-DIVISION","RURAL",36100,19266,18627,17473,2676,6654,11921,2,90,14757
"BALOCHISTAN","ZHOB","SHERANI","SHERANI","SUB-DIVISION","URBAN",NA,NA,NA,NA,NA,NA,NA,NA,NA,NA
"BALOCHISTAN","SIBI","SIBI","KOT MANDAI","SUB-TEHSIL","OVERALL",1275,70,17,1258,NA,5,132,NA,1,1137
"BALOCHISTAN","SIBI","SIBI","KOT MANDAI","SUB-TEHSIL","RURAL",1275,70,17,1258,NA,5,132,NA,1,1137
"BALOCHISTAN","SIBI","SIBI","KOT MANDAI","SUB-TEHSIL","URBAN",NA,NA,NA,NA,NA,NA,NA,NA,NA,NA
"BALOCHISTAN","SIBI","SIBI","LEHRI","SUB-DIVISION","OVERALL",7598,4958,1957,5641,1087,2152,762,3,1,3593
"BALOCHISTAN","SIBI","SIBI","LEHRI","SUB-DIVISION","RURAL",7598,4958,1957,5641,1087,2152,762,3,1,3593
"BALOCHISTAN","SIBI","SIBI","LEHRI","SUB-DIVISION","URBAN",NA,NA,NA,NA,NA,NA,NA,NA,NA,NA
"BALOCHISTAN","SIBI","SIBI","SANGAN","SUB-TEHSIL","OVERALL",382,64,47,335,5,1,103,NA,NA,273
"BALOCHISTAN","SIBI","SIBI","SANGAN","SUB-TEHSIL","RURAL",382,64,47,335,5,1,103,NA,NA,273
"BALOCHISTAN","SIBI","SIBI","SANGAN","SUB-TEHSIL","URBAN",NA,NA,NA,NA,NA,NA,NA,NA,NA,NA
"BALOCHISTAN","SIBI","SIBI","SIBI","SUB-DIVISION","OVERALL",22041,15931,13089,8952,11750,2911,1099,5,44,6232
"BALOCHISTAN","SIBI","SIBI","SIBI","SUB-DIVISION","RURAL",10516,6362,4211,6305,4335,885,1043,2,44,4207
"BALOCHISTAN","SIBI","SIBI","SIBI","SUB-DIVISION","URBAN",11525,9569,8878,2647,7415,2026,56,3,NA,2025
"BALOCHISTAN","NASIRABAD","SOHBATPUR","FARIDABAD","TEHSIL","OVERALL",9246,3474,2260,6986,1717,1542,560,150,3,5274
"BALOCHISTAN","NASIRABAD","SOHBATPUR","FARIDABAD","TEHSIL","RURAL",9246,3474,2260,6986,1717,1542,560,150,3,5274
"BALOCHISTAN","NASIRABAD","SOHBATPUR","FARIDABAD","TEHSIL","URBAN",NA,NA,NA,NA,NA,NA,NA,NA,NA,NA
"BALOCHISTAN","NASIRABAD","SOHBATPUR","HAIR DIN","TEHSIL","OVERALL",2560,1338,918,1642,445,772,NA,NA,6,1337
"BALOCHISTAN","NASIRABAD","SOHBATPUR","HAIR DIN","TEHSIL","RURAL",2560,1338,918,1642,445,772,NA,NA,6,1337
"BALOCHISTAN","NASIRABAD","SOHBATPUR","HAIR DIN","TEHSIL","URBAN",NA,NA,NA,NA,NA,NA,NA,NA,NA,NA
"BALOCHISTAN","NASIRABAD","SOHBATPUR","MANJHIPUR","TEHSIL","OVERALL",3300,3009,1212,2088,1258,902,4,1,835,300
"BALOCHISTAN","NASIRABAD","SOHBATPUR","MANJHIPUR","TEHSIL","RURAL",3300,3009,1212,2088,1258,902,4,1,835,300
"BALOCHISTAN","NASIRABAD","SOHBATPUR","MANJHIPUR","TEHSIL","URBAN",NA,NA,NA,NA,NA,NA,NA,NA,NA,NA
"BALOCHISTAN","NASIRABAD","SOHBATPUR","PANHWAR","TEHSIL","OVERALL",7742,4902,3413,4329,1762,2928,701,1,NA,2350
"BALOCHISTAN","NASIRABAD","SOHBATPUR","PANHWAR","TEHSIL","RURAL",7742,4902,3413,4329,1762,2928,701,1,NA,2350
"BALOCHISTAN","NASIRABAD","SOHBATPUR","PANHWAR","TEHSIL","URBAN",NA,NA,NA,NA,NA,NA,NA,NA,NA,NA
"BALOCHISTAN","NASIRABAD","SOHBATPUR","SAEED MUHAMMAD KANRANI","TEHSIL","OVERALL",2486,1319,971,1515,333,956,198,NA,16,983
"BALOCHISTAN","NASIRABAD","SOHBATPUR","SAEED MUHAMMAD KANRANI","TEHSIL","RURAL",2486,1319,971,1515,333,956,198,NA,16,983
"BALOCHISTAN","NASIRABAD","SOHBATPUR","SAEED MUHAMMAD KANRANI","TEHSIL","URBAN",NA,NA,NA,NA,NA,NA,NA,NA,NA,NA
"BALOCHISTAN","NASIRABAD","SOHBATPUR","SOHBATPUR","SUB-DIVISION","OVERALL",8400,4149,2043,6357,1779,1200,342,5,5,5069
"BALOCHISTAN","NASIRABAD","SOHBATPUR","SOHBATPUR","SUB-DIVISION","RURAL",6607,2540,899,5708,906,1091,342,5,2,4261
"BALOCHISTAN","NASIRABAD","SOHBATPUR","SOHBATPUR","SUB-DIVISION","URBAN",1793,1609,1144,649,873,109,NA,NA,3,808
"BALOCHISTAN","KALAT","SURAB","DASHT E GORAN","SUB-DIVISION","OVERALL",3291,2102,777,2514,912,291,1595,NA,7,486
"BALOCHISTAN","KALAT","SURAB","DASHT E GORAN","SUB-DIVISION","RURAL",3291,2102,777,2514,912,291,1595,NA,7,486
"BALOCHISTAN","KALAT","SURAB","DASHT E GORAN","SUB-DIVISION","URBAN",NA,NA,NA,NA,NA,NA,NA,NA,NA,NA
"BALOCHISTAN","KALAT","SURAB","GIDDER","SUB-DIVISION","OVERALL",19417,13729,7447,11970,4085,4491,7389,1,19,3432
"BALOCHISTAN","KALAT","SURAB","GIDDER","SUB-DIVISION","RURAL",19417,13729,7447,11970,4085,4491,7389,1,19,3432
"BALOCHISTAN","KALAT","SURAB","GIDDER","SUB-DIVISION","URBAN",NA,NA,NA,NA,NA,NA,NA,NA,NA,NA
"BALOCHISTAN","KALAT","SURAB","SHAHEED MEHARABAD ZEHRI","SUB-DIVISION","OVERALL",13130,10259,1655,11475,1171,5157,5607,2,32,1161
"BALOCHISTAN","KALAT","SURAB","SHAHEED MEHARABAD ZEHRI","SUB-DIVISION","RURAL",13130,10259,1655,11475,1171,5157,5607,2,32,1161
"BALOCHISTAN","KALAT","SURAB","SHAHEED MEHARABAD ZEHRI","SUB-DIVISION","URBAN",NA,NA,NA,NA,NA,NA,NA,NA,NA,NA
"BALOCHISTAN","KALAT","SURAB","SURAB","SUB-DIVISION","OVERALL",15389,11081,5859,9530,4243,1673,4280,1,14,5178
"BALOCHISTAN","KALAT","SURAB","SURAB","SUB-DIVISION","RURAL",9207,5231,2954,6253,1343,1006,4200,1,9,2648
"BALOCHISTAN","KALAT","SURAB","SURAB","SUB-DIVISION","URBAN",6182,5850,2905,3277,2900,667,80,NA,5,2530
"BALOCHISTAN","RAKHSHAN","WASHUK","BESIMA","SUB-DIVISION","OVERALL",10555,8449,4349,6206,2540,4003,2876,1,14,1121
"BALOCHISTAN","RAKHSHAN","WASHUK","BESIMA","SUB-DIVISION","RURAL",10555,8449,4349,6206,2540,4003,2876,1,14,1121
"BALOCHISTAN","RAKHSHAN","WASHUK","BESIMA","SUB-DIVISION","URBAN",NA,NA,NA,NA,NA,NA,NA,NA,NA,NA
"BALOCHISTAN","RAKHSHAN","WASHUK","MASHKHEL","SUB-DIVISION","OVERALL",12916,10474,6794,6122,82,743,11788,NA,18,285
"BALOCHISTAN","RAKHSHAN","WASHUK","MASHKHEL","SUB-DIVISION","RURAL",12916,10474,6794,6122,82,743,11788,NA,18,285
"BALOCHISTAN","RAKHSHAN","WASHUK","MASHKHEL","SUB-DIVISION","URBAN",NA,NA,NA,NA,NA,NA,NA,NA,NA,NA
"BALOCHISTAN","RAKHSHAN","WASHUK","NAG","SUB-TEHSIL","OVERALL",9707,6826,859,8848,921,2702,4831,NA,62,1191
"BALOCHISTAN","RAKHSHAN","WASHUK","NAG","SUB-TEHSIL","RURAL",9707,6826,859,8848,921,2702,4831,NA,62,1191
"BALOCHISTAN","RAKHSHAN","WASHUK","NAG","SUB-TEHSIL","URBAN",NA,NA,NA,NA,NA,NA,NA,NA,NA,NA
"BALOCHISTAN","RAKHSHAN","WASHUK","SHAHOO GARHI","SUB-TEHSIL","OVERALL",6208,5402,172,6036,2016,2290,1705,1,5,191
"BALOCHISTAN","RAKHSHAN","WASHUK","SHAHOO GARHI","SUB-TEHSIL","RURAL",6208,5402,172,6036,2016,2290,1705,1,5,191
"BALOCHISTAN","RAKHSHAN","WASHUK","SHAHOO GARHI","SUB-TEHSIL","URBAN",NA,NA,NA,NA,NA,NA,NA,NA,NA,NA
"BALOCHISTAN","RAKHSHAN","WASHUK","WASHUK","SUB-DIVISION","OVERALL",9663,4975,2119,7544,1253,1232,5976,1,11,1190
"BALOCHISTAN","RAKHSHAN","WASHUK","WASHUK","SUB-DIVISION","RURAL",2567,973,259,2308,7,82,2020,NA,5,453
"BALOCHISTAN","RAKHSHAN","WASHUK","WASHUK","SUB-DIVISION","URBAN",7096,4002,1860,5236,1246,1150,3956,1,6,737
"BALOCHISTAN","ZHOB","ZHOB","ASHWAT","SUB-TEHSIL","OVERALL",2972,363,205,2767,55,60,1339,NA,3,1515
"BALOCHISTAN","ZHOB","ZHOB","ASHWAT","SUB-TEHSIL","RURAL",2972,363,205,2767,55,60,1339,NA,3,1515
"BALOCHISTAN","ZHOB","ZHOB","ASHWAT","SUB-TEHSIL","URBAN",NA,NA,NA,NA,NA,NA,NA,NA,NA,NA
"BALOCHISTAN","ZHOB","ZHOB","KAKAR KHURASAN","SUB-DIVISION","OVERALL",2739,1418,1599,1140,6,414,1812,NA,NA,507
"BALOCHISTAN","ZHOB","ZHOB","KAKAR KHURASAN","SUB-DIVISION","RURAL",2739,1418,1599,1140,6,414,1812,NA,NA,507
"BALOCHISTAN","ZHOB","ZHOB","KAKAR KHURASAN","SUB-DIVISION","URBAN",NA,NA,NA,NA,NA,NA,NA,NA,NA,NA
"BALOCHISTAN","ZHOB","ZHOB","KASHATOO","SUB-TEHSIL","OVERALL",783,103,180,603,35,26,195,NA,NA,527
"BALOCHISTAN","ZHOB","ZHOB","KASHATOO","SUB-TEHSIL","RURAL",783,103,180,603,35,26,195,NA,NA,527
"BALOCHISTAN","ZHOB","ZHOB","KASHATOO","SUB-TEHSIL","URBAN",NA,NA,NA,NA,NA,NA,NA,NA,NA,NA
"BALOCHISTAN","ZHOB","ZHOB","SAMBAZA","SUB-TEHSIL","OVERALL",2532,915,926,1606,494,84,815,NA,6,1133
"BALOCHISTAN","ZHOB","ZHOB","SAMBAZA","SUB-TEHSIL","RURAL",2532,915,926,1606,494,84,815,NA,6,1133
"BALOCHISTAN","ZHOB","ZHOB","SAMBAZA","SUB-TEHSIL","URBAN",NA,NA,NA,NA,NA,NA,NA,NA,NA,NA
"BALOCHISTAN","ZHOB","ZHOB","ZHOB","SUB-DIVISION","OVERALL",38875,28154,24172,14703,11547,9522,10326,2,22,7456
"BALOCHISTAN","ZHOB","ZHOB","ZHOB","SUB-DIVISION","RURAL",32448,21786,18832,13616,6453,8326,10238,2,21,7408
"BALOCHISTAN","ZHOB","ZHOB","ZHOB","SUB-DIVISION","URBAN",6427,6368,5340,1087,5094,1196,88,NA,1,48
"BALOCHISTAN","SIBI","ZIARAT","SINJAWI","SUB-DIVISION","OVERALL",12073,6777,4173,7900,1617,2306,3591,NA,17,4542
"BALOCHISTAN","SIBI","ZIARAT","SINJAWI","SUB-DIVISION","RURAL",7157,3218,1435,5722,279,1686,1810,NA,11,3371
"BALOCHISTAN","SIBI","ZIARAT","SINJAWI","SUB-DIVISION","URBAN",4916,3559,2738,2178,1338,620,1781,NA,6,1171
"BALOCHISTAN","SIBI","ZIARAT","ZIARAT","SUB-DIVISION","OVERALL",10821,5702,1553,9268,272,662,2049,3,33,7802
"BALOCHISTAN","SIBI","ZIARAT","ZIARAT","SUB-DIVISION","RURAL",10142,5127,1263,8879,256,645,1749,3,33,7456
"BALOCHISTAN","SIBI","ZIARAT","ZIARAT","SUB-DIVISION","URBAN",679,575,290,389,16,17,300,NA,NA,346
"ISLAMABAD","ISLAMABAD","ISLAMABAD","ISLAMABAD","TEHSIL","OVERALL",410993,397091,242997,167996,99487,202430,14276,46019,10889,37892
"ISLAMABAD","ISLAMABAD","ISLAMABAD","ISLAMABAD","TEHSIL","RURAL",226022,218068,136649,89373,50119,121408,10167,21187,4216,18925
"ISLAMABAD","ISLAMABAD","ISLAMABAD","ISLAMABAD","TEHSIL","URBAN",184971,179023,106348,78623,49368,81022,4109,24832,6673,18967
"KPK","HAZARA","ABBOTTABAD","ABBOTTABAD","TEHSIL","OVERALL",166617,144013,109737,56880,105941,35337,2508,761,129,21941
"KPK","HAZARA","ABBOTTABAD","ABBOTTABAD","TEHSIL","RURAL",122690,100521,71759,50931,75635,23257,2229,26,43,21500
"KPK","HAZARA","ABBOTTABAD","ABBOTTABAD","TEHSIL","URBAN",43927,43492,37978,5949,30306,12080,279,735,86,441
"KPK","HAZARA","ABBOTTABAD","HAVELIAN","TEHSIL","OVERALL",42537,33997,23312,19225,21780,11463,1087,6,8,8193
"KPK","HAZARA","ABBOTTABAD","HAVELIAN","TEHSIL","RURAL",33207,24716,15387,17820,14425,9556,1074,1,7,8144
"KPK","HAZARA","ABBOTTABAD","HAVELIAN","TEHSIL","URBAN",9330,9281,7925,1405,7355,1907,13,5,1,49
"KPK","HAZARA","ABBOTTABAD","LORA","TEHSIL","OVERALL",17038,11217,6406,10632,8308,2561,473,NA,5,5691
"KPK","HAZARA","ABBOTTABAD","LORA","TEHSIL","RURAL",17038,11217,6406,10632,8308,2561,473,NA,5,5691
"KPK","HAZARA","ABBOTTABAD","LORA","TEHSIL","URBAN",NA,NA,NA,NA,NA,NA,NA,NA,NA,NA
"KPK","HAZARA","ABBOTTABAD","LOWER TANAWAL","TEHSIL","OVERALL",10597,5974,2013,8584,2007,2652,1855,1,2,4080
"KPK","HAZARA","ABBOTTABAD","LOWER TANAWAL","TEHSIL","RURAL",10597,5974,2013,8584,2007,2652,1855,1,2,4080
"KPK","HAZARA","ABBOTTABAD","LOWER TANAWAL","TEHSIL","URBAN",NA,NA,NA,NA,NA,NA,NA,NA,NA,NA
"KPK","MALAKAND","BAJAUR","BAR CHAMER KAND","TEHSIL","OVERALL",755,136,92,663,65,27,54,NA,NA,609
"KPK","MALAKAND","BAJAUR","BAR CHAMER KAND","TEHSIL","RURAL",755,136,92,663,65,27,54,NA,NA,609
"KPK","MALAKAND","BAJAUR","BAR CHAMER KAND","TEHSIL","URBAN",NA,NA,NA,NA,NA,NA,NA,NA,NA,NA
"KPK","MALAKAND","BAJAUR","BARANG","TEHSIL","OVERALL",14016,4576,2900,11116,2662,1146,1607,NA,7,8594
"KPK","MALAKAND","BAJAUR","BARANG","TEHSIL","RURAL",14016,4576,2900,11116,2662,1146,1607,NA,7,8594
"KPK","MALAKAND","BAJAUR","BARANG","TEHSIL","URBAN",NA,NA,NA,NA,NA,NA,NA,NA,NA,NA
"KPK","MALAKAND","BAJAUR","KHAR BAJAUR","TEHSIL","OVERALL",41817,36490,32223,9594,12091,17806,7986,1,55,3878
"KPK","MALAKAND","BAJAUR","KHAR BAJAUR","TEHSIL","RURAL",41817,36490,32223,9594,12091,17806,7986,1,55,3878
"KPK","MALAKAND","BAJAUR","KHAR BAJAUR","TEHSIL","URBAN",NA,NA,NA,NA,NA,NA,NA,NA,NA,NA
"KPK","MALAKAND","BAJAUR","MAMUND","TEHSIL","OVERALL",48697,33718,26058,22639,17651,8223,10435,1,97,12290
"KPK","MALAKAND","BAJAUR","MAMUND","TEHSIL","RURAL",48697,33718,26058,22639,17651,8223,10435,1,97,12290
"KPK","MALAKAND","BAJAUR","MAMUND","TEHSIL","URBAN",NA,NA,NA,NA,NA,NA,NA,NA,NA,NA
"KPK","MALAKAND","BAJAUR","NAWAGAI","TEHSIL","OVERALL",13131,8073,6659,6472,5277,1052,2174,1,56,4571
"KPK","MALAKAND","BAJAUR","NAWAGAI","TEHSIL","RURAL",13131,8073,6659,6472,5277,1052,2174,1,56,4571
"KPK","MALAKAND","BAJAUR","NAWAGAI","TEHSIL","URBAN",NA,NA,NA,NA,NA,NA,NA,NA,NA,NA
"KPK","MALAKAND","BAJAUR","SALARZAI","TEHSIL","OVERALL",47565,31877,26071,21494,13878,10797,9366,2,104,13418
"KPK","MALAKAND","BAJAUR","SALARZAI","TEHSIL","RURAL",47565,31877,26071,21494,13878,10797,9366,2,104,13418
"KPK","MALAKAND","BAJAUR","SALARZAI","TEHSIL","URBAN",NA,NA,NA,NA,NA,NA,NA,NA,NA,NA
"KPK","MALAKAND","BAJAUR","UTMAN KHEL","TEHSIL","OVERALL",15718,10001,8260,7458,1885,4071,5577,NA,9,4176
"KPK","MALAKAND","BAJAUR","UTMAN KHEL","TEHSIL","RURAL",15718,10001,8260,7458,1885,4071,5577,NA,9,4176
"KPK","MALAKAND","BAJAUR","UTMAN KHEL","TEHSIL","URBAN",NA,NA,NA,NA,NA,NA,NA,NA,NA,NA
"KPK","BANNU","BANNU","BAKKA KHEL","TEHSIL","OVERALL",29374,25272,22282,7092,13179,10270,1118,2,23,4782
"KPK","BANNU","BANNU","BAKKA KHEL","TEHSIL","RURAL",29374,25272,22282,7092,13179,10270,1118,2,23,4782
"KPK","BANNU","BANNU","BAKKA KHEL","TEHSIL","URBAN",NA,NA,NA,NA,NA,NA,NA,NA,NA,NA
"KPK","BANNU","BANNU","BANNU","TEHSIL","OVERALL",89138,85920,79617,9521,35714,48787,678,539,28,3392
"KPK","BANNU","BANNU","BANNU","TEHSIL","RURAL",82062,79010,73748,8314,32740,45296,645,129,25,3227
"KPK","BANNU","BANNU","BANNU","TEHSIL","URBAN",7076,6910,5869,1207,2974,3491,33,410,3,165
"KPK","BANNU","BANNU","DOMEL","TEHSIL","OVERALL",24038,22388,18802,5236,5629,15131,281,1,8,2988
"KPK","BANNU","BANNU","DOMEL","TEHSIL","RURAL",24038,22388,18802,5236,5629,15131,281,1,8,2988
"KPK","BANNU","BANNU","DOMEL","TEHSIL","URBAN",NA,NA,NA,NA,NA,NA,NA,NA,NA,NA
"KPK","BANNU","BANNU","KAKKI","TEHSIL","OVERALL",13457,13272,13206,251,5859,7399,12,NA,NA,187
"KPK","BANNU","BANNU","KAKKI","TEHSIL","RURAL",13457,13272,13206,251,5859,7399,12,NA,NA,187
"KPK","BANNU","BANNU","KAKKI","TEHSIL","URBAN",NA,NA,NA,NA,NA,NA,NA,NA,NA,NA
"KPK","BANNU","BANNU","MERYAN","TEHSIL","OVERALL",21780,20995,18016,3764,7676,12880,490,NA,3,731
"KPK","BANNU","BANNU","MERYAN","TEHSIL","RURAL",21780,20995,18016,3764,7676,12880,490,NA,3,731
"KPK","BANNU","BANNU","MERYAN","TEHSIL","URBAN",NA,NA,NA,NA,NA,NA,NA,NA,NA,NA
"KPK","BANNU","BANNU","WAZIR","SUB-DIVISION","OVERALL",5343,1575,841,4502,588,572,727,NA,25,3431
"KPK","BANNU","BANNU","WAZIR","SUB-DIVISION","RURAL",5343,1575,841,4502,588,572,727,NA,25,3431
"KPK","BANNU","BANNU","WAZIR","SUB-DIVISION","URBAN",NA,NA,NA,NA,NA,NA,NA,NA,NA,NA
NA,NA,"BATAGRAM","ALLAI","TEHSIL","OVERALL",34830,24437,16603,18227,23839,193,2067,1,9,8721
NA,NA,"BATAGRAM","ALLAI","TEHSIL","RURAL",34830,24437,16603,18227,23839,193,2067,1,9,8721
NA,NA,"BATAGRAM","ALLAI","TEHSIL","URBAN",NA,NA,NA,NA,NA,NA,NA,NA,NA,NA
"KPK","HAZARA","BATAGRAM","BATAGRAM","TEHSIL","OVERALL",51366,38016,19825,31541,29953,4603,5151,NA,22,11637
"KPK","HAZARA","BATAGRAM","BATAGRAM","TEHSIL","RURAL",51366,38016,19825,31541,29953,4603,5151,NA,22,11637
"KPK","HAZARA","BATAGRAM","BATAGRAM","TEHSIL","URBAN",NA,NA,NA,NA,NA,NA,NA,NA,NA,NA
"KPK","MALAKAND","BUNER","CHAGHARZAI","TEHSIL","OVERALL",14454,12016,9954,4500,10693,826,288,NA,10,2637
"KPK","MALAKAND","BUNER","CHAGHARZAI","TEHSIL","RURAL",14454,12016,9954,4500,10693,826,288,NA,10,2637
"KPK","MALAKAND","BUNER","CHAGHARZAI","TEHSIL","URBAN",NA,NA,NA,NA,NA,NA,NA,NA,NA,NA
"KPK","MALAKAND","BUNER","DAGGAR","TEHSIL","OVERALL",21319,19614,15429,5890,12447,5959,1341,1,5,1566
"KPK","MALAKAND","BUNER","DAGGAR","TEHSIL","RURAL",21319,19614,15429,5890,12447,5959,1341,1,5,1566
"KPK","MALAKAND","BUNER","DAGGAR","TEHSIL","URBAN",NA,NA,NA,NA,NA,NA,NA,NA,NA,NA
"KPK","MALAKAND","BUNER","GADEZAI","TEHSIL","OVERALL",21293,18355,13442,7851,9519,6684,2154,1,8,2927
"KPK","MALAKAND","BUNER","GADEZAI","TEHSIL","RURAL",21293,18355,13442,7851,9519,6684,2154,1,8,2927
"KPK","MALAKAND","BUNER","GADEZAI","TEHSIL","URBAN",NA,NA,NA,NA,NA,NA,NA,NA,NA,NA
"KPK","MALAKAND","BUNER","GAGRA","TEHSIL","OVERALL",19458,17974,13104,6354,7716,7955,2708,NA,25,1054
"KPK","MALAKAND","BUNER","GAGRA","TEHSIL","RURAL",19458,17974,13104,6354,7716,7955,2708,NA,25,1054
"KPK","MALAKAND","BUNER","GAGRA","TEHSIL","URBAN",NA,NA,NA,NA,NA,NA,NA,NA,NA,NA
"KPK","MALAKAND","BUNER","KHADO KHEL","TEHSIL","OVERALL",17935,15734,12219,5716,4352,9134,2845,1,12,1591
"KPK","MALAKAND","BUNER","KHADO KHEL","TEHSIL","RURAL",17935,15734,12219,5716,4352,9134,2845,1,12,1591
"KPK","MALAKAND","BUNER","KHADO KHEL","TEHSIL","URBAN",NA,NA,NA,NA,NA,NA,NA,NA,NA,NA
"KPK","MALAKAND","BUNER","MANDANR","TEHSIL","OVERALL",24206,21053,17141,7065,11300,8343,1954,NA,6,2603
"KPK","MALAKAND","BUNER","MANDANR","TEHSIL","RURAL",24206,21053,17141,7065,11300,8343,1954,NA,6,2603
"KPK","MALAKAND","BUNER","MANDANR","TEHSIL","URBAN",NA,NA,NA,NA,NA,NA,NA,NA,NA,NA
"KPK","PESHAWAR","CHARSADDA","CHARSADDA","TEHSIL","OVERALL",129621,127848,126994,2627,3458,116486,8886,5,22,764
"KPK","PESHAWAR","CHARSADDA","CHARSADDA","TEHSIL","RURAL",106804,105272,104874,1930,2870,94753,8607,2,20,552
"KPK","PESHAWAR","CHARSADDA","CHARSADDA","TEHSIL","URBAN",22817,22576,22120,697,588,21733,279,3,2,212
"KPK","PESHAWAR","CHARSADDA","SHABQADAR","TEHSIL","OVERALL",63241,61160,58278,4963,5150,44905,11721,296,27,1142
"KPK","PESHAWAR","CHARSADDA","SHABQADAR","TEHSIL","RURAL",48034,46079,43568,4466,3361,31889,11432,260,26,1066
"KPK","PESHAWAR","CHARSADDA","SHABQADAR","TEHSIL","URBAN",15207,15081,14710,497,1789,13016,289,36,1,76
"KPK","PESHAWAR","CHARSADDA","TANGI","TEHSIL","OVERALL",71072,68822,65444,5628,4720,56581,8104,5,4,1658
"KPK","PESHAWAR","CHARSADDA","TANGI","TEHSIL","RURAL",64587,62422,59604,4983,2364,52638,7987,5,3,1590
"KPK","PESHAWAR","CHARSADDA","TANGI","TEHSIL","URBAN",6485,6400,5840,645,2356,3943,117,NA,1,68
"KPK","DERA ISMAIL KHAN","DERA ISMAIL KHAN","DARABAN","TEHSIL","OVERALL",19400,10801,6145,13255,6308,3840,3247,6,3,5996
"KPK","DERA ISMAIL KHAN","DERA ISMAIL KHAN","DARABAN","TEHSIL","RURAL",19400,10801,6145,13255,6308,3840,3247,6,3,5996
"KPK","DERA ISMAIL KHAN","DERA ISMAIL KHAN","DARABAN","TEHSIL","URBAN",NA,NA,NA,NA,NA,NA,NA,NA,NA,NA
"KPK","DERA ISMAIL KHAN","DERA ISMAIL KHAN","DERA ISMAIL KHAN","TEHSIL","OVERALL",116498,108400,78566,37932,31309,62038,2293,12584,64,8210
"KPK","DERA ISMAIL KHAN","DERA ISMAIL KHAN","DERA ISMAIL KHAN","TEHSIL","RURAL",80760,73395,56433,24327,25780,41294,2212,4012,39,7423
"KPK","DERA ISMAIL KHAN","DERA ISMAIL KHAN","DERA ISMAIL KHAN","TEHSIL","URBAN",35738,35005,22133,13605,5529,20744,81,8572,25,787
"KPK","DERA ISMAIL KHAN","DERA ISMAIL KHAN","DRAZANDA","SUB-DIVISION","OVERALL",9765,3353,2029,7736,1480,1165,824,NA,NA,6296
"KPK","DERA ISMAIL KHAN","DERA ISMAIL KHAN","DRAZANDA","SUB-DIVISION","RURAL",9765,3353,2029,7736,1480,1165,824,NA,NA,6296
"KPK","DERA ISMAIL KHAN","DERA ISMAIL KHAN","DRAZANDA","SUB-DIVISION","URBAN",NA,NA,NA,NA,NA,NA,NA,NA,NA,NA
"KPK","DERA ISMAIL KHAN","DERA ISMAIL KHAN","KULACHI","TEHSIL","OVERALL",16119,11777,7771,8348,9459,1971,3001,2,10,1676
"KPK","DERA ISMAIL KHAN","DERA ISMAIL KHAN","KULACHI","TEHSIL","RURAL",12076,7752,5442,6634,5992,1421,2998,2,5,1658
"KPK","DERA ISMAIL KHAN","DERA ISMAIL KHAN","KULACHI","TEHSIL","URBAN",4043,4025,2329,1714,3467,550,3,NA,5,18
"KPK","DERA ISMAIL KHAN","DERA ISMAIL KHAN","PAHARPUR","TEHSIL","OVERALL",59461,54894,49645,9816,20468,30937,3857,95,3,4101
"KPK","DERA ISMAIL KHAN","DERA ISMAIL KHAN","PAHARPUR","TEHSIL","RURAL",45999,41523,36368,9631,14984,23076,3846,78,3,4012
"KPK","DERA ISMAIL KHAN","DERA ISMAIL KHAN","PAHARPUR","TEHSIL","URBAN",13462,13371,13277,185,5484,7861,11,17,NA,89
"KPK","DERA ISMAIL KHAN","DERA ISMAIL KHAN","PAROA","TEHSIL","OVERALL",48778,37158,21204,27574,13208,15914,1243,548,52,17813
"KPK","DERA ISMAIL KHAN","DERA ISMAIL KHAN","PAROA","TEHSIL","RURAL",42230,31995,18597,23633,11272,14710,1239,531,14,14464
"KPK","DERA ISMAIL KHAN","DERA ISMAIL KHAN","PAROA","TEHSIL","URBAN",6548,5163,2607,3941,1936,1204,4,17,38,3349
"KPK","KOHAT","HANGU","HANGU","TEHSIL","OVERALL",33434,30004,19659,13775,7667,7188,10777,4,48,7750
"KPK","KOHAT","HANGU","HANGU","TEHSIL","RURAL",27795,24624,15069,12726,6929,5131,8502,3,38,7192
"KPK","KOHAT","HANGU","HANGU","TEHSIL","URBAN",5639,5380,4590,1049,738,2057,2275,1,10,558
"KPK","KOHAT","HANGU","TALL","TEHSIL","OVERALL",27714,24866,20614,7100,5752,13309,5462,1,16,3174
"KPK","KOHAT","HANGU","TALL","TEHSIL","RURAL",22619,19848,16158,6461,4529,11007,4024,1,8,3050
"KPK","KOHAT","HANGU","TALL","TEHSIL","URBAN",5095,5018,4456,639,1223,2302,1438,NA,8,124
"KPK","HAZARA","HARIPUR","GHAZI","TEHSIL","OVERALL",26243,22289,12246,13997,14611,5782,2645,7,4,3194
"KPK","HAZARA","HARIPUR","GHAZI","TEHSIL","RURAL",26243,22289,12246,13997,14611,5782,2645,7,4,3194
"KPK","HAZARA","HARIPUR","GHAZI","TEHSIL","URBAN",NA,NA,NA,NA,NA,NA,NA,NA,NA,NA
"KPK","HAZARA","HARIPUR","HARIPUR","TEHSIL","OVERALL",135282,128376,103379,31903,95108,26280,8133,28,81,5652
"KPK","HAZARA","HARIPUR","HARIPUR","TEHSIL","RURAL",110776,103952,81343,29433,72883,24207,8027,15,73,5571
"KPK","HAZARA","HARIPUR","HARIPUR","TEHSIL","URBAN",24506,24424,22036,2470,22225,2073,106,13,8,81
"KPK","HAZARA","HARIPUR","KHANPUR","TEHSIL","OVERALL",30926,24492,17631,13295,13847,9303,2200,5,26,5545
"KPK","HAZARA","HARIPUR","KHANPUR","TEHSIL","RURAL",30926,24492,17631,13295,13847,9303,2200,5,26,5545
"KPK","HAZARA","HARIPUR","KHANPUR","TEHSIL","URBAN",NA,NA,NA,NA,NA,NA,NA,NA,NA,NA
"KPK","KOHAT","KARAK","BANDA DAUD SHAH","TEHSIL","OVERALL",22259,16120,3162,19097,1554,4842,4751,4,41,11067
"KPK","KOHAT","KARAK","BANDA DAUD SHAH","TEHSIL","RURAL",22259,16120,3162,19097,1554,4842,4751,4,41,11067
"KPK","KOHAT","KARAK","BANDA DAUD SHAH","TEHSIL","URBAN",NA,NA,NA,NA,NA,NA,NA,NA,NA,NA
"KPK","KOHAT","KARAK","KARAK","TEHSIL","OVERALL",39930,32826,10719,29211,7397,13653,3355,13,60,15452
"KPK","KOHAT","KARAK","KARAK","TEHSIL","RURAL",31994,25421,8915,23079,5987,13011,2989,11,37,9959
"KPK","KOHAT","KARAK","KARAK","TEHSIL","URBAN",7936,7405,1804,6132,1410,642,366,2,23,5493
"KPK","KOHAT","KARAK","TAKHT-E-NASRATI","TEHSIL","OVERALL",33808,29182,13352,20456,9189,14559,2095,3,207,7755
"KPK","KOHAT","KARAK","TAKHT-E-NASRATI","TEHSIL","RURAL",33808,29182,13352,20456,9189,14559,2095,3,207,7755
"KPK","KOHAT","KARAK","TAKHT-E-NASRATI","TEHSIL","URBAN",NA,NA,NA,NA,NA,NA,NA,NA,NA,NA
"KPK","PESHAWAR","KHYBER","BARA","TEHSIL","OVERALL",76240,54514,31385,44855,38777,6734,10995,4,16,19714
"KPK","PESHAWAR","KHYBER","BARA","TEHSIL","RURAL",76240,54514,31385,44855,38777,6734,10995,4,16,19714
"KPK","PESHAWAR","KHYBER","BARA","TEHSIL","URBAN",NA,NA,NA,NA,NA,NA,NA,NA,NA,NA
"KPK","PESHAWAR","KHYBER","JAMRUD","TEHSIL","OVERALL",37127,30891,16484,20643,19080,4271,10312,16,33,3415
"KPK","PESHAWAR","KHYBER","JAMRUD","TEHSIL","RURAL",28664,22846,11861,16803,14018,3640,7897,NA,33,3076
"KPK","PESHAWAR","KHYBER","JAMRUD","TEHSIL","URBAN",8463,8045,4623,3840,5062,631,2415,16,NA,339
"KPK","PESHAWAR","KHYBER","LANDI KOTAL","TEHSIL","OVERALL",47515,29337,13140,34375,12484,6354,14369,7,249,14052
"KPK","PESHAWAR","KHYBER","LANDI KOTAL","TEHSIL","RURAL",42150,25046,11815,30335,11353,5491,13556,5,247,11498
"KPK","PESHAWAR","KHYBER","LANDI KOTAL","TEHSIL","URBAN",5365,4291,1325,4040,1131,863,813,2,2,2554
"KPK","PESHAWAR","KHYBER","MULLA GORI","TEHSIL","OVERALL",5923,3013,2516,3407,728,951,1828,NA,15,2401
"KPK","PESHAWAR","KHYBER","MULLA GORI","TEHSIL","RURAL",5923,3013,2516,3407,728,951,1828,NA,15,2401
"KPK","PESHAWAR","KHYBER","MULLA GORI","TEHSIL","URBAN",NA,NA,NA,NA,NA,NA,NA,NA,NA,NA
"KPK","KOHAT","KOHAT","DARRA ADAM KHEL","SUB-DIVISION","OVERALL",18161,14889,9874,8287,8535,4623,1721,NA,79,3203
"KPK","KOHAT","KOHAT","DARRA ADAM KHEL","SUB-DIVISION","RURAL",18161,14889,9874,8287,8535,4623,1721,NA,79,3203
"KPK","KOHAT","KOHAT","DARRA ADAM KHEL","SUB-DIVISION","URBAN",NA,NA,NA,NA,NA,NA,NA,NA,NA,NA
"KPK","KOHAT","KOHAT","GUMBAT","TEHSIL","OVERALL",18466,15868,12028,6438,6355,7893,920,15,22,3261
"KPK","KOHAT","KOHAT","GUMBAT","TEHSIL","RURAL",18466,15868,12028,6438,6355,7893,920,15,22,3261
"KPK","KOHAT","KOHAT","GUMBAT","TEHSIL","URBAN",NA,NA,NA,NA,NA,NA,NA,NA,NA,NA
"KPK","KOHAT","KOHAT","KOHAT","TEHSIL","OVERALL",111368,103851,90467,20901,38973,56338,9413,44,170,6430
"KPK","KOHAT","KOHAT","KOHAT","TEHSIL","RURAL",75605,68738,61523,14082,21217,40369,8139,NA,161,5719
"KPK","KOHAT","KOHAT","KOHAT","TEHSIL","URBAN",35763,35113,28944,6819,17756,15969,1274,44,9,711
"KPK","KOHAT","KOHAT","LACHI","TEHSIL","OVERALL",21684,17116,6494,15190,5166,5114,1989,2,36,9377
"KPK","KOHAT","KOHAT","LACHI","TEHSIL","RURAL",15538,11072,4948,10590,3247,4621,1948,1,36,5685
"KPK","KOHAT","KOHAT","LACHI","TEHSIL","URBAN",6146,6044,1546,4600,1919,493,41,1,NA,3692
"KPK","HAZARA","KOLAI PALAS KOHISTAN","BATTAIRA","SUB-DIVISION","OVERALL",19313,5028,3630,15683,4714,152,208,1,30,14208
"KPK","HAZARA","KOLAI PALAS KOHISTAN","BATTAIRA","SUB-DIVISION","RURAL",19313,5028,3630,15683,4714,152,208,1,30,14208
"KPK","HAZARA","KOLAI PALAS KOHISTAN","BATTAIRA","SUB-DIVISION","URBAN",0,NA,NA,NA,NA,NA,NA,NA,NA,NA
"KPK","HAZARA","KOLAI PALAS KOHISTAN","PALAS","SUB-DIVISION","OVERALL",14670,3986,2366,12304,3780,89,186,4,17,10594
"KPK","HAZARA","KOLAI PALAS KOHISTAN","PALAS","SUB-DIVISION","RURAL",14670,3986,2366,12304,3780,89,186,4,17,10594
"KPK","HAZARA","KOLAI PALAS KOHISTAN","PALAS","SUB-DIVISION","URBAN",0,NA,NA,NA,NA,NA,NA,NA,NA,NA
"KPK","KOHAT","KURRAM","CENTRAL KURRAM F.R","TEHSIL","OVERALL",41111,17100,15346,25765,15728,242,1743,1,44,23353
"KPK","KOHAT","KURRAM","CENTRAL KURRAM F.R","TEHSIL","RURAL",41111,17100,15346,25765,15728,242,1743,1,44,23353
"KPK","KOHAT","KURRAM","CENTRAL KURRAM F.R","TEHSIL","URBAN",0,NA,NA,NA,NA,NA,NA,NA,NA,NA
"KPK","KOHAT","KURRAM","LOWER KURRAM","TEHSIL","OVERALL",19319,16180,13671,5648,5776,4074,7409,1,68,1991
"KPK","KOHAT","KURRAM","LOWER KURRAM","TEHSIL","RURAL",15376,12769,10800,4576,4524,3213,5957,NA,57,1625
"KPK","KOHAT","KURRAM","LOWER KURRAM","TEHSIL","URBAN",3943,3411,2871,1072,1252,861,1452,1,11,366
"KPK","KOHAT","KURRAM","UPPER KURRAM","TEHSIL","OVERALL",34118,27658,20709,13409,17453,2451,4888,184,19,9123
"KPK","KOHAT","KURRAM","UPPER KURRAM","TEHSIL","RURAL",33323,26866,20526,12797,17199,2444,4888,7,19,8766
"KPK","KOHAT","KURRAM","UPPER KURRAM","TEHSIL","URBAN",795,792,183,612,254,7,NA,177,NA,357
"KPK","BANNU","LAKKI MARWAT","BETTANI","SUB-DIVISION","OVERALL",5016,3056,2143,2873,887,1778,494,1,2,1854
"KPK","BANNU","LAKKI MARWAT","BETTANI","SUB-DIVISION","RURAL",5016,3056,2143,2873,887,1778,494,1,2,1854
"KPK","BANNU","LAKKI MARWAT","BETTANI","SUB-DIVISION","URBAN",NA,NA,NA,NA,NA,NA,NA,NA,NA,NA
"KPK","BANNU","LAKKI MARWAT","GHAZNI KHEL","TEHSIL","OVERALL",43615,39225,25596,18019,17248,9139,3847,14,127,13240
"KPK","BANNU","LAKKI MARWAT","GHAZNI KHEL","TEHSIL","RURAL",43615,39225,25596,18019,17248,9139,3847,14,127,13240
"KPK","BANNU","LAKKI MARWAT","GHAZNI KHEL","TEHSIL","URBAN",NA,NA,NA,NA,NA,NA,NA,NA,NA,NA
"KPK","BANNU","LAKKI MARWAT","LAKKI MARWAT","TEHSIL","OVERALL",45072,41083,30339,14733,12618,24521,3260,7,17,4649
"KPK","BANNU","LAKKI MARWAT","LAKKI MARWAT","TEHSIL","RURAL",34902,31346,21430,13472,9076,18639,2959,6,10,4212
"KPK","BANNU","LAKKI MARWAT","LAKKI MARWAT","TEHSIL","URBAN",10170,9737,8909,1261,3542,5882,301,1,7,437
"KPK","BANNU","LAKKI MARWAT","SARAI NAURANG","TEHSIL","OVERALL",38097,34934,28294,9803,19265,14532,547,7,32,3714
"KPK","BANNU","LAKKI MARWAT","SARAI NAURANG","TEHSIL","RURAL",34373,31264,24951,9422,16764,13378,534,7,32,3658
"KPK","BANNU","LAKKI MARWAT","SARAI NAURANG","TEHSIL","URBAN",3724,3670,3343,381,2501,1154,13,NA,NA,56
"KPK","MALAKAND","LOWER CHITRAL","CHITRAL","SUB-DIVISION","OVERALL",30425,28294,22241,8184,27554,365,453,NA,16,2037
"KPK","MALAKAND","LOWER CHITRAL","CHITRAL","SUB-DIVISION","RURAL",22070,20252,14464,7606,19745,208,372,NA,16,1729
"KPK","MALAKAND","LOWER CHITRAL","CHITRAL","SUB-DIVISION","URBAN",8355,8042,7777,578,7809,157,81,NA,NA,308
"KPK","MALAKAND","LOWER CHITRAL","DROSH","SUB-DIVISION","OVERALL",15603,9791,7239,8364,8483,407,864,NA,71,5778
"KPK","MALAKAND","LOWER CHITRAL","DROSH","SUB-DIVISION","RURAL",15603,9791,7239,8364,8483,407,864,NA,71,5778
"KPK","MALAKAND","LOWER CHITRAL","DROSH","SUB-DIVISION","URBAN",NA,NA,NA,NA,NA,NA,NA,NA,NA,NA
"KPK","MALAKAND","LOWER DIR","ADENZAI","SUB-DIVISION","OVERALL",48639,36043,25760,22879,13077,8860,15409,26,43,11224
"KPK","MALAKAND","LOWER DIR","ADENZAI","SUB-DIVISION","RURAL",48639,36043,25760,22879,13077,8860,15409,26,43,11224
"KPK","MALAKAND","LOWER DIR","ADENZAI","SUB-DIVISION","URBAN",NA,NA,NA,NA,NA,NA,NA,NA,NA,NA
"KPK","MALAKAND","LOWER DIR","LAL QILA","SUB-DIVISION","OVERALL",29037,20867,12698,16339,9314,4723,7002,NA,12,7986
"KPK","MALAKAND","LOWER DIR","LAL QILA","SUB-DIVISION","RURAL",29037,20867,12698,16339,9314,4723,7002,NA,12,7986
"KPK","MALAKAND","LOWER DIR","LAL QILA","SUB-DIVISION","URBAN",NA,NA,NA,NA,NA,NA,NA,NA,NA,NA
"KPK","MALAKAND","LOWER DIR","SAMARBAGH","SUB-DIVISION","OVERALL",53470,38953,30900,22570,12912,13400,13680,2,11,13465
"KPK","MALAKAND","LOWER DIR","SAMARBAGH","SUB-DIVISION","RURAL",53470,38953,30900,22570,12912,13400,13680,2,11,13465
"KPK","MALAKAND","LOWER DIR","SAMARBAGH","SUB-DIVISION","URBAN",NA,NA,NA,NA,NA,NA,NA,NA,NA,NA
"KPK","MALAKAND","LOWER DIR","TEMERGARA","SUB-DIVISION","OVERALL",71690,51779,31345,40345,21089,17311,15439,6,31,17814
"KPK","MALAKAND","LOWER DIR","TEMERGARA","SUB-DIVISION","RURAL",65617,46119,26916,38701,17991,15981,14263,5,25,17352
"KPK","MALAKAND","LOWER DIR","TEMERGARA","SUB-DIVISION","URBAN",6073,5660,4429,1644,3098,1330,1176,1,6,462
"KPK","HAZARA","LOWER KOHISTAN","BANKAND RANOLIA","TEHSIL","OVERALL",23752,10652,8968,14784,10086,107,823,NA,35,12701
"KPK","HAZARA","LOWER KOHISTAN","BANKAND RANOLIA","TEHSIL","RURAL",23752,10652,8968,14784,10086,107,823,NA,35,12701
"KPK","HAZARA","LOWER KOHISTAN","BANKAND RANOLIA","TEHSIL","URBAN",NA,NA,NA,NA,NA,NA,NA,NA,NA,NA
"KPK","HAZARA","LOWER KOHISTAN","PATTAN","SUB-DIVISION","OVERALL",23595,10960,8403,15192,10632,109,278,3,15,12558
"KPK","HAZARA","LOWER KOHISTAN","PATTAN","SUB-DIVISION","RURAL",23595,10960,8403,15192,10632,109,278,3,15,12558
"KPK","HAZARA","LOWER KOHISTAN","PATTAN","SUB-DIVISION","URBAN",NA,NA,NA,NA,NA,NA,NA,NA,NA,NA
"KPK","MALAKAND","MALAKAND","SAM RANI ZAI","SUB-DIVISION","OVERALL",48618,46433,41954,6664,5333,37667,3984,2,7,1625
"KPK","MALAKAND","MALAKAND","SAM RANI ZAI","SUB-DIVISION","RURAL",48618,46433,41954,6664,5333,37667,3984,2,7,1625
"KPK","MALAKAND","MALAKAND","SAM RANI ZAI","SUB-DIVISION","URBAN",NA,NA,NA,NA,NA,NA,NA,NA,NA,NA
"KPK","MALAKAND","MALAKAND","SWAT RANI ZAI","SUB-DIVISION","OVERALL",64500,56215,47556,16944,22039,25762,9272,50,33,7344
"KPK","MALAKAND","MALAKAND","SWAT RANI ZAI","SUB-DIVISION","RURAL",54161,46346,38411,15750,17830,21402,7818,28,29,7054
"KPK","MALAKAND","MALAKAND","SWAT RANI ZAI","SUB-DIVISION","URBAN",10339,9869,9145,1194,4209,4360,1454,22,4,290
"KPK","HAZARA","MANSEHRA","BAFFA PAKHAL","TEHSIL","OVERALL",76612,61226,39104,37508,35839,9166,18988,2,40,12577
"KPK","HAZARA","MANSEHRA","BAFFA PAKHAL","TEHSIL","RURAL",73704,58426,36876,36828,34188,8939,18050,2,40,12485
"KPK","HAZARA","MANSEHRA","BAFFA PAKHAL","TEHSIL","URBAN",2908,2800,2228,680,1651,227,938,NA,NA,92
"KPK","HAZARA","MANSEHRA","BALAKOT","TEHSIL","OVERALL",53597,38503,23314,30283,33874,3048,1704,1,13,14957
"KPK","HAZARA","MANSEHRA","BALAKOT","TEHSIL","RURAL",53597,38503,23314,30283,33874,3048,1704,1,13,14957
"KPK","HAZARA","MANSEHRA","BALAKOT","TEHSIL","URBAN",NA,NA,NA,NA,NA,NA,NA,NA,NA,NA
"KPK","HAZARA","MANSEHRA","DARBAND","TEHSIL","OVERALL",7671,5178,3251,4420,4980,186,164,NA,4,2337
"KPK","HAZARA","MANSEHRA","DARBAND","TEHSIL","RURAL",7671,5178,3251,4420,4980,186,164,NA,4,2337
"KPK","HAZARA","MANSEHRA","DARBAND","TEHSIL","URBAN",NA,NA,NA,NA,NA,NA,NA,NA,NA,NA
"KPK","HAZARA","MANSEHRA","MANSEHRA","TEHSIL","OVERALL",118936,101426,67193,51743,24655,60668,19144,154,142,14173
"KPK","HAZARA","MANSEHRA","MANSEHRA","TEHSIL","RURAL",95273,78460,47634,47639,20600,43221,18086,28,97,13241
"KPK","HAZARA","MANSEHRA","MANSEHRA","TEHSIL","URBAN",23663,22966,19559,4104,4055,17447,1058,126,45,932
"KPK","HAZARA","MANSEHRA","OGHI","TEHSIL","OVERALL",37236,26028,12482,24754,14676,3563,8966,13,8,10010
"KPK","HAZARA","MANSEHRA","OGHI","TEHSIL","RURAL",37236,26028,12482,24754,14676,3563,8966,13,8,10010
"KPK","HAZARA","MANSEHRA","OGHI","TEHSIL","URBAN",NA,NA,NA,NA,NA,NA,NA,NA,NA,NA
"KPK","MARDAN","MARDAN","GHARI KAPOORA","TEHSIL","OVERALL",48819,47475,46929,1890,4417,42375,826,NA,2,1199
"KPK","MARDAN","MARDAN","GHARI KAPOORA","TEHSIL","RURAL",48819,47475,46929,1890,4417,42375,826,NA,2,1199
"KPK","MARDAN","MARDAN","GHARI KAPOORA","TEHSIL","URBAN",NA,NA,NA,NA,NA,NA,NA,NA,NA,NA
"KPK","MARDAN","MARDAN","KATLANG","TEHSIL","OVERALL",50733,48667,45417,5316,7687,38973,2451,3,13,1606
"KPK","MARDAN","MARDAN","KATLANG","TEHSIL","RURAL",50733,48667,45417,5316,7687,38973,2451,3,13,1606
"KPK","MARDAN","MARDAN","KATLANG","TEHSIL","URBAN",NA,NA,NA,NA,NA,NA,NA,NA,NA,NA
"KPK","MARDAN","MARDAN","MARDAN","TEHSIL","OVERALL",152354,149580,146415,5939,15651,132227,1741,123,38,2574
"KPK","MARDAN","MARDAN","MARDAN","TEHSIL","RURAL",97551,95458,94109,3442,7939,86071,1512,112,33,1884
"KPK","MARDAN","MARDAN","MARDAN","TEHSIL","URBAN",54803,54122,52306,2497,7712,46156,229,11,5,690
"KPK","MARDAN","MARDAN","RUSTAM","TEHSIL","OVERALL",40992,39001,35895,5097,3434,33288,2636,1,3,1630
"KPK","MARDAN","MARDAN","RUSTAM","TEHSIL","RURAL",40992,39001,35895,5097,3434,33288,2636,1,3,1630
"KPK","MARDAN","MARDAN","RUSTAM","TEHSIL","URBAN",NA,NA,NA,NA,NA,NA,NA,NA,NA,NA
"KPK","MARDAN","MARDAN","TAKHT BHAI","TEHSIL","OVERALL",107961,105658,101569,6392,8267,95150,2275,15,46,2208
"KPK","MARDAN","MARDAN","TAKHT BHAI","TEHSIL","RURAL",94639,92678,89673,4966,6144,84480,2214,14,38,1749
"KPK","MARDAN","MARDAN","TAKHT BHAI","TEHSIL","URBAN",13322,12980,11896,1426,2123,10670,61,1,8,459
"KPK","PESHAWAR","MOHMAND","AMBAR UTMAN KHEL","TEHSIL","OVERALL",10021,6974,3828,6193,1134,3174,3054,1,6,2652
"KPK","PESHAWAR","MOHMAND","AMBAR UTMAN KHEL","TEHSIL","RURAL",10021,6974,3828,6193,1134,3174,3054,1,6,2652
"KPK","PESHAWAR","MOHMAND","AMBAR UTMAN KHEL","TEHSIL","URBAN",NA,NA,NA,NA,NA,NA,NA,NA,NA,NA
"KPK","PESHAWAR","MOHMAND","HALIM ZAI","TEHSIL","OVERALL",10149,9048,4464,5685,2448,1904,4193,NA,4,1600
"KPK","PESHAWAR","MOHMAND","HALIM ZAI","TEHSIL","RURAL",10149,9048,4464,5685,2448,1904,4193,NA,4,1600
"KPK","PESHAWAR","MOHMAND","HALIM ZAI","TEHSIL","URBAN",NA,NA,NA,NA,NA,NA,NA,NA,NA,NA
"KPK","PESHAWAR","MOHMAND","PINDIALI","TEHSIL","OVERALL",13364,10321,4764,8600,2029,4793,4407,1,6,2128
"KPK","PESHAWAR","MOHMAND","PINDIALI","TEHSIL","RURAL",13364,10321,4764,8600,2029,4793,4407,1,6,2128
"KPK","PESHAWAR","MOHMAND","PINDIALI","TEHSIL","URBAN",NA,NA,NA,NA,NA,NA,NA,NA,NA,NA
"KPK","PESHAWAR","MOHMAND","PRANG GHAR","TEHSIL","OVERALL",4285,2623,780,3505,200,1492,995,1,NA,1597
"KPK","PESHAWAR","MOHMAND","PRANG GHAR","TEHSIL","RURAL",4285,2623,780,3505,200,1492,995,1,NA,1597
"KPK","PESHAWAR","MOHMAND","PRANG GHAR","TEHSIL","URBAN",NA,NA,NA,NA,NA,NA,NA,NA,NA,NA
"KPK","PESHAWAR","MOHMAND","SAFI","TEHSIL","OVERALL",10522,8295,5800,4722,3492,3108,1863,2,9,2048
"KPK","PESHAWAR","MOHMAND","SAFI","TEHSIL","RURAL",10522,8295,5800,4722,3492,3108,1863,2,9,2048
"KPK","PESHAWAR","MOHMAND","SAFI","TEHSIL","URBAN",NA,NA,NA,NA,NA,NA,NA,NA,NA,NA
"KPK","PESHAWAR","MOHMAND","UPPER MOHMAND","TEHSIL","OVERALL",7292,4164,1476,5816,1033,1308,2581,3,13,2354
"KPK","PESHAWAR","MOHMAND","UPPER MOHMAND","TEHSIL","RURAL",7292,4164,1476,5816,1033,1308,2581,3,13,2354
"KPK","PESHAWAR","MOHMAND","UPPER MOHMAND","TEHSIL","URBAN",NA,NA,NA,NA,NA,NA,NA,NA,NA,NA
"KPK","PESHAWAR","MOHMAND","YAKE GHUND","TEHSIL","OVERALL",8340,6559,5743,2597,1705,2699,3124,6,10,796
"KPK","PESHAWAR","MOHMAND","YAKE GHUND","TEHSIL","RURAL",8340,6559,5743,2597,1705,2699,3124,6,10,796
"KPK","PESHAWAR","MOHMAND","YAKE GHUND","TEHSIL","URBAN",NA,NA,NA,NA,NA,NA,NA,NA,NA,NA
"KPK","BANNU","NORTH WAZIRISTAN","DATTA KHEL","TEHSIL","OVERALL",14725,10097,7712,7013,4289,2116,3841,NA,10,4469
"KPK","BANNU","NORTH WAZIRISTAN","DATTA KHEL","TEHSIL","RURAL",14725,10097,7712,7013,4289,2116,3841,NA,10,4469
"KPK","BANNU","NORTH WAZIRISTAN","DATTA KHEL","TEHSIL","URBAN",NA,NA,NA,NA,NA,NA,NA,NA,NA,NA
"KPK","BANNU","NORTH WAZIRISTAN","DOSSALI","TEHSIL","OVERALL",7645,3234,1857,5788,1571,594,1389,NA,20,4071
"KPK","BANNU","NORTH WAZIRISTAN","DOSSALI","TEHSIL","RURAL",7645,3234,1857,5788,1571,594,1389,NA,20,4071
"KPK","BANNU","NORTH WAZIRISTAN","DOSSALI","TEHSIL","URBAN",NA,NA,NA,NA,NA,NA,NA,NA,NA,NA
"KPK","BANNU","NORTH WAZIRISTAN","GHARYUM","TEHSIL","OVERALL",1989,678,274,1715,533,83,208,1,1,1163
"KPK","BANNU","NORTH WAZIRISTAN","GHARYUM","TEHSIL","RURAL",1989,678,274,1715,533,83,208,1,1,1163
"KPK","BANNU","NORTH WAZIRISTAN","GHARYUM","TEHSIL","URBAN",NA,NA,NA,NA,NA,NA,NA,NA,NA,NA
"KPK","BANNU","NORTH WAZIRISTAN","GHULAM KHAN","TEHSIL","OVERALL",3139,2020,1222,1917,1238,449,648,NA,NA,804
"KPK","BANNU","NORTH WAZIRISTAN","GHULAM KHAN","TEHSIL","RURAL",3139,2020,1222,1917,1238,449,648,NA,NA,804
"KPK","BANNU","NORTH WAZIRISTAN","GHULAM KHAN","TEHSIL","URBAN",NA,NA,NA,NA,NA,NA,NA,NA,NA,NA
"KPK","BANNU","NORTH WAZIRISTAN","MIR ALI","TEHSIL","OVERALL",34321,24069,21161,13160,4440,7076,15259,12,56,7478
"KPK","BANNU","NORTH WAZIRISTAN","MIR ALI","TEHSIL","RURAL",34321,24069,21161,13160,4440,7076,15259,12,56,7478
"KPK","BANNU","NORTH WAZIRISTAN","MIR ALI","TEHSIL","URBAN",NA,NA,NA,NA,NA,NA,NA,NA,NA,NA
"KPK","BANNU","NORTH WAZIRISTAN","MIRAN SHAH","TEHSIL","OVERALL",19074,16996,10147,8927,10259,3938,3042,NA,69,1766
"KPK","BANNU","NORTH WAZIRISTAN","MIRAN SHAH","TEHSIL","RURAL",18464,16387,10004,8460,9695,3895,3040,NA,69,1765
"KPK","BANNU","NORTH WAZIRISTAN","MIRAN SHAH","TEHSIL","URBAN",610,609,143,467,564,43,2,NA,NA,1
"KPK","BANNU","NORTH WAZIRISTAN","RAZMAK","TEHSIL","OVERALL",3496,970,984,2512,517,186,356,NA,5,2432
"KPK","BANNU","NORTH WAZIRISTAN","RAZMAK","TEHSIL","RURAL",3496,970,984,2512,517,186,356,NA,5,2432
"KPK","BANNU","NORTH WAZIRISTAN","RAZMAK","TEHSIL","URBAN",NA,NA,NA,NA,NA,NA,NA,NA,NA,NA
"KPK","BANNU","NORTH WAZIRISTAN","SHEWA","TEHSIL","OVERALL",7656,5968,3892,3764,2058,1333,2717,NA,56,1492
"KPK","BANNU","NORTH WAZIRISTAN","SHEWA","TEHSIL","RURAL",7656,5968,3892,3764,2058,1333,2717,NA,56,1492
"KPK","BANNU","NORTH WAZIRISTAN","SHEWA","TEHSIL","URBAN",NA,NA,NA,NA,NA,NA,NA,NA,NA,NA
"KPK","BANNU","NORTH WAZIRISTAN","SPINWAM","TEHSIL","OVERALL",7550,4417,2777,4773,1769,1270,2893,NA,3,1615
"KPK","BANNU","NORTH WAZIRISTAN","SPINWAM","TEHSIL","RURAL",7550,4417,2777,4773,1769,1270,2893,NA,3,1615
"KPK","BANNU","NORTH WAZIRISTAN","SPINWAM","TEHSIL","URBAN",NA,NA,NA,NA,NA,NA,NA,NA,NA,NA
"KPK","PESHAWAR","NOWSHERA","JEHANGIRA","TEHSIL","OVERALL",66358,58470,43378,22980,18109,33366,8612,27,16,6228
"KPK","PESHAWAR","NOWSHERA","JEHANGIRA","TEHSIL","RURAL",51840,45044,31061,20779,15415,23625,7586,27,16,5171
"KPK","PESHAWAR","NOWSHERA","JEHANGIRA","TEHSIL","URBAN",14518,13426,12317,2201,2694,9741,1026,NA,NA,1057
"KPK","PESHAWAR","NOWSHERA","NOWSHERA","TEHSIL","OVERALL",115855,112003,95457,20398,33071,74164,3768,941,82,3829
"KPK","PESHAWAR","NOWSHERA","NOWSHERA","TEHSIL","RURAL",85327,81764,71110,14217,21530,56965,3387,15,68,3362
"KPK","PESHAWAR","NOWSHERA","NOWSHERA","TEHSIL","URBAN",30528,30239,24347,6181,11541,17199,381,926,14,467
"KPK","PESHAWAR","NOWSHERA","PABBI","TEHSIL","OVERALL",77561,74890,68197,9364,10119,61610,3027,646,33,2126
"KPK","PESHAWAR","NOWSHERA","PABBI","TEHSIL","RURAL",69297,66639,60014,9283,9702,53841,2990,617,33,2114
"KPK","PESHAWAR","NOWSHERA","PABBI","TEHSIL","URBAN",8264,8251,8183,81,417,7769,37,29,NA,12
"KPK","KOHAT","ORAKZAI","CENTRAL","TEHSIL","OVERALL",11883,6086,3708,8175,2852,1545,2834,NA,2,4650
"KPK","KOHAT","ORAKZAI","CENTRAL","TEHSIL","RURAL",11883,6086,3708,8175,2852,1545,2834,NA,2,4650
"KPK","KOHAT","ORAKZAI","CENTRAL","TEHSIL","URBAN",NA,NA,NA,NA,NA,NA,NA,NA,NA,NA
"KPK","KOHAT","ORAKZAI","ISMAIL ZAI","TEHSIL","OVERALL",5586,4124,2913,2673,2550,1012,560,NA,1,1463
"KPK","KOHAT","ORAKZAI","ISMAIL ZAI","TEHSIL","RURAL",5586,4124,2913,2673,2550,1012,560,NA,1,1463
"KPK","KOHAT","ORAKZAI","ISMAIL ZAI","TEHSIL","URBAN",NA,NA,NA,NA,NA,NA,NA,NA,NA,NA
"KPK","KOHAT","ORAKZAI","LOWER","TEHSIL","OVERALL",16805,12876,6368,10437,6599,3039,3394,NA,3,3770
"KPK","KOHAT","ORAKZAI","LOWER","TEHSIL","RURAL",16805,12876,6368,10437,6599,3039,3394,NA,3,3770
"KPK","KOHAT","ORAKZAI","LOWER","TEHSIL","URBAN",NA,NA,NA,NA,NA,NA,NA,NA,NA,NA
"KPK","KOHAT","ORAKZAI","UPPER","TEHSIL","OVERALL",17830,7891,4133,13697,4334,1465,2750,NA,3,9278
"KPK","KOHAT","ORAKZAI","UPPER","TEHSIL","RURAL",17830,7891,4133,13697,4334,1465,2750,NA,3,9278
"KPK","KOHAT","ORAKZAI","UPPER","TEHSIL","URBAN",NA,NA,NA,NA,NA,NA,NA,NA,NA,NA
"KPK","PESHAWAR","PESHAWAR","BADHBER","TEHSIL","OVERALL",60986,57278,43933,17053,12506,39847,4854,4,38,3737
"KPK","PESHAWAR","PESHAWAR","BADHBER","TEHSIL","RURAL",60986,57278,43933,17053,12506,39847,4854,4,38,3737
"KPK","PESHAWAR","PESHAWAR","BADHBER","TEHSIL","URBAN",NA,NA,NA,NA,NA,NA,NA,NA,NA,NA
"KPK","PESHAWAR","PESHAWAR","CHAM KANI","TEHSIL","OVERALL",98133,96877,90489,7644,10375,84407,1960,36,31,1324
"KPK","PESHAWAR","PESHAWAR","CHAM KANI","TEHSIL","RURAL",98133,96877,90489,7644,10375,84407,1960,36,31,1324
"KPK","PESHAWAR","PESHAWAR","CHAM KANI","TEHSIL","URBAN",NA,NA,NA,NA,NA,NA,NA,NA,NA,NA
"KPK","PESHAWAR","PESHAWAR","HASSAN KHEL","SUB-DIVISION","OVERALL",9775,8376,4679,5096,1323,6077,929,10,20,1416
"KPK","PESHAWAR","PESHAWAR","HASSAN KHEL","SUB-DIVISION","RURAL",9775,8376,4679,5096,1323,6077,929,10,20,1416
"KPK","PESHAWAR","PESHAWAR","HASSAN KHEL","SUB-DIVISION","URBAN",NA,NA,NA,NA,NA,NA,NA,NA,NA,NA
"KPK","PESHAWAR","PESHAWAR","MATHRA","TEHSIL","OVERALL",68159,64368,64004,4155,4001,50522,11972,2,12,1650
"KPK","PESHAWAR","PESHAWAR","MATHRA","TEHSIL","RURAL",68159,64368,64004,4155,4001,50522,11972,2,12,1650
"KPK","PESHAWAR","PESHAWAR","MATHRA","TEHSIL","URBAN",NA,NA,NA,NA,NA,NA,NA,NA,NA,NA
"KPK","PESHAWAR","PESHAWAR","PESHAWAR","TEHSIL","OVERALL",305498,302710,282033,23465,218073,81464,2693,550,133,2585
"KPK","PESHAWAR","PESHAWAR","PESHAWAR","TEHSIL","RURAL",29553,29300,20149,9404,17645,11094,569,1,5,239
"KPK","PESHAWAR","PESHAWAR","PESHAWAR","TEHSIL","URBAN",275945,273410,261884,14061,200428,70370,2124,549,128,2346
"KPK","PESHAWAR","PESHAWAR","PISHTA KHARA","TEHSIL","OVERALL",71120,66800,42331,28789,42508,21189,3527,1,116,3779
"KPK","PESHAWAR","PESHAWAR","PISHTA KHARA","TEHSIL","RURAL",71120,66800,42331,28789,42508,21189,3527,1,116,3779
"KPK","PESHAWAR","PESHAWAR","PISHTA KHARA","TEHSIL","URBAN",NA,NA,NA,NA,NA,NA,NA,NA,NA,NA
"KPK","PESHAWAR","PESHAWAR","SHAH ALAM","TEHSIL","OVERALL",77305,73839,71833,5472,6205,49833,19747,80,11,1429
"KPK","PESHAWAR","PESHAWAR","SHAH ALAM","TEHSIL","RURAL",77305,73839,71833,5472,6205,49833,19747,80,11,1429
"KPK","PESHAWAR","PESHAWAR","SHAH ALAM","TEHSIL","URBAN",NA,NA,NA,NA,NA,NA,NA,NA,NA,NA
"KPK","MALAKAND","SHANGLA","ALPURI","TEHSIL","OVERALL",52376,38166,32576,19800,37857,194,148,NA,19,14158
"KPK","MALAKAND","SHANGLA","ALPURI","TEHSIL","RURAL",52376,38166,32576,19800,37857,194,148,NA,19,14158
"KPK","MALAKAND","SHANGLA","ALPURI","TEHSIL","URBAN",NA,NA,NA,NA,NA,NA,NA,NA,NA,NA
"KPK","MALAKAND","SHANGLA","BISHAM","TEHSIL","OVERALL",18277,15306,10807,7470,13502,719,1291,NA,65,2700
"KPK","MALAKAND","SHANGLA","BISHAM","TEHSIL","RURAL",18277,15306,10807,7470,13502,719,1291,NA,65,2700
"KPK","MALAKAND","SHANGLA","BISHAM","TEHSIL","URBAN",NA,NA,NA,NA,NA,NA,NA,NA,NA,NA
"KPK","MALAKAND","SHANGLA","CHAKISAR","TEHSIL","OVERALL",17457,11020,8887,8570,10752,97,524,NA,6,6078
"KPK","MALAKAND","SHANGLA","CHAKISAR","TEHSIL","RURAL",17457,11020,8887,8570,10752,97,524,NA,6,6078
"KPK","MALAKAND","SHANGLA","CHAKISAR","TEHSIL","URBAN",NA,NA,NA,NA,NA,NA,NA,NA,NA,NA
"KPK","MALAKAND","SHANGLA","MARTUNG","TEHSIL","OVERALL",12012,6960,4243,7769,5641,682,704,NA,17,4968
"KPK","MALAKAND","SHANGLA","MARTUNG","TEHSIL","RURAL",12012,6960,4243,7769,5641,682,704,NA,17,4968
"KPK","MALAKAND","SHANGLA","MARTUNG","TEHSIL","URBAN",NA,NA,NA,NA,NA,NA,NA,NA,NA,NA
"KPK","MALAKAND","SHANGLA","PURAN","TEHSIL","OVERALL",25418,13892,10785,14633,11721,698,1466,NA,64,11469
"KPK","MALAKAND","SHANGLA","PURAN","TEHSIL","RURAL",25418,13892,10785,14633,11721,698,1466,NA,64,11469
"KPK","MALAKAND","SHANGLA","PURAN","TEHSIL","URBAN",NA,NA,NA,NA,NA,NA,NA,NA,NA,NA
"KPK","DERA ISMAIL KHAN","SOUTH WAZIRISTAN","BIRMIL","TEHSIL","OVERALL",19759,11437,5658,14101,1984,5778,5401,NA,19,6577
"KPK","DERA ISMAIL KHAN","SOUTH WAZIRISTAN","BIRMIL","TEHSIL","RURAL",19759,11437,5658,14101,1984,5778,5401,NA,19,6577
"KPK","DERA ISMAIL KHAN","SOUTH WAZIRISTAN","BIRMIL","TEHSIL","URBAN",NA,NA,NA,NA,NA,NA,NA,NA,NA,NA
"KPK","DERA ISMAIL KHAN","SOUTH WAZIRISTAN","LADHA","TEHSIL","OVERALL",24072,5254,4448,19624,3175,1203,1194,NA,27,18473
"KPK","DERA ISMAIL KHAN","SOUTH WAZIRISTAN","LADHA","TEHSIL","RURAL",24072,5254,4448,19624,3175,1203,1194,NA,27,18473
"KPK","DERA ISMAIL KHAN","SOUTH WAZIRISTAN","LADHA","TEHSIL","URBAN",NA,NA,NA,NA,NA,NA,NA,NA,NA,NA
"KPK","DERA ISMAIL KHAN","SOUTH WAZIRISTAN","MAKIN","TEHSIL","OVERALL",13374,4030,2995,10379,1981,838,1306,NA,17,9232
"KPK","DERA ISMAIL KHAN","SOUTH WAZIRISTAN","MAKIN","TEHSIL","RURAL",13374,4030,2995,10379,1981,838,1306,NA,17,9232
"KPK","DERA ISMAIL KHAN","SOUTH WAZIRISTAN","MAKIN","TEHSIL","URBAN",NA,NA,NA,NA,NA,NA,NA,NA,NA,NA
"KPK","DERA ISMAIL KHAN","SOUTH WAZIRISTAN","SARAROGHA","TEHSIL","OVERALL",32218,11441,9516,22702,8760,1980,1129,NA,27,20322
"KPK","DERA ISMAIL KHAN","SOUTH WAZIRISTAN","SARAROGHA","TEHSIL","RURAL",32218,11441,9516,22702,8760,1980,1129,NA,27,20322
"KPK","DERA ISMAIL KHAN","SOUTH WAZIRISTAN","SARAROGHA","TEHSIL","URBAN",NA,NA,NA,NA,NA,NA,NA,NA,NA,NA
"KPK","DERA ISMAIL KHAN","SOUTH WAZIRISTAN","SERWEKAI","TEHSIL","OVERALL",12286,6397,3789,8497,3695,935,1958,1,21,5676
"KPK","DERA ISMAIL KHAN","SOUTH WAZIRISTAN","SERWEKAI","TEHSIL","RURAL",12286,6397,3789,8497,3695,935,1958,1,21,5676
"KPK","DERA ISMAIL KHAN","SOUTH WAZIRISTAN","SERWEKAI","TEHSIL","URBAN",NA,NA,NA,NA,NA,NA,NA,NA,NA,NA
"KPK","DERA ISMAIL KHAN","SOUTH WAZIRISTAN","SHAKTOI","TEHSIL","OVERALL",8829,1595,1161,7668,1333,173,113,NA,6,7204
"KPK","DERA ISMAIL KHAN","SOUTH WAZIRISTAN","SHAKTOI","TEHSIL","RURAL",8829,1595,1161,7668,1333,173,113,NA,6,7204
"KPK","DERA ISMAIL KHAN","SOUTH WAZIRISTAN","SHAKTOI","TEHSIL","URBAN",NA,NA,NA,NA,NA,NA,NA,NA,NA,NA
"KPK","DERA ISMAIL KHAN","SOUTH WAZIRISTAN","TIARZA","TEHSIL","OVERALL",14803,6249,4386,10417,4509,745,1425,NA,16,8108
"KPK","DERA ISMAIL KHAN","SOUTH WAZIRISTAN","TIARZA","TEHSIL","RURAL",14803,6249,4386,10417,4509,745,1425,NA,16,8108
"KPK","DERA ISMAIL KHAN","SOUTH WAZIRISTAN","TIARZA","TEHSIL","URBAN",NA,NA,NA,NA,NA,NA,NA,NA,NA,NA
"KPK","DERA ISMAIL KHAN","SOUTH WAZIRISTAN","TOI KHULLA","TEHSIL","OVERALL",20195,11517,6998,13197,4705,2289,5387,1,62,7751
"KPK","DERA ISMAIL KHAN","SOUTH WAZIRISTAN","TOI KHULLA","TEHSIL","RURAL",20195,11517,6998,13197,4705,2289,5387,1,62,7751
"KPK","DERA ISMAIL KHAN","SOUTH WAZIRISTAN","TOI KHULLA","TEHSIL","URBAN",NA,NA,NA,NA,NA,NA,NA,NA,NA,NA
"KPK","DERA ISMAIL KHAN","SOUTH WAZIRISTAN","WANA","TEHSIL","OVERALL",33100,25145,18958,14142,6784,11082,8114,NA,164,6956
"KPK","DERA ISMAIL KHAN","SOUTH WAZIRISTAN","WANA","TEHSIL","RURAL",33100,25145,18958,14142,6784,11082,8114,NA,164,6956
"KPK","DERA ISMAIL KHAN","SOUTH WAZIRISTAN","WANA","TEHSIL","URBAN",NA,NA,NA,NA,NA,NA,NA,NA,NA,NA
"KPK","MARDAN","SWABI","LAHOR","TEHSIL","OVERALL",53401,51742,49054,4347,7239,40141,4902,NA,3,1116
"KPK","MARDAN","SWABI","LAHOR","TEHSIL","RURAL",46575,45041,42520,4055,5727,35020,4803,NA,3,1022
"KPK","MARDAN","SWABI","LAHOR","TEHSIL","URBAN",6826,6701,6534,292,1512,5121,99,NA,NA,94
"KPK","MARDAN","SWABI","RAZAR","TEHSIL","OVERALL",98531,95963,92074,6457,5035,89235,1971,NA,12,2278
"KPK","MARDAN","SWABI","RAZAR","TEHSIL","RURAL",94371,91833,87969,6402,4967,85193,1948,NA,12,2251
"KPK","MARDAN","SWABI","RAZAR","TEHSIL","URBAN",4160,4130,4105,55,68,4042,23,NA,NA,27
"KPK","MARDAN","SWABI","SWABI","TEHSIL","OVERALL",67362,64562,59501,7861,5690,48534,11211,161,24,1742
"KPK","MARDAN","SWABI","SWABI","TEHSIL","RURAL",40961,38625,35445,5516,3243,26545,9852,NA,17,1304
"KPK","MARDAN","SWABI","SWABI","TEHSIL","URBAN",26401,25937,24056,2345,2447,21989,1359,161,7,438
"KPK","MARDAN","SWABI","TOPI","TEHSIL","OVERALL",59682,50429,33565,26117,17522,17661,17966,11,24,6498
"KPK","MARDAN","SWABI","TOPI","TEHSIL","RURAL",47748,39137,25678,22070,14701,12049,15015,6,23,5954
"KPK","MARDAN","SWABI","TOPI","TEHSIL","URBAN",11934,11292,7887,4047,2821,5612,2951,5,1,544
"KPK","MALAKAND","SWAT","BABUZAI","TEHSIL","OVERALL",104625,91800,68638,35987,66051,14440,11333,2,66,12733
"KPK","MALAKAND","SWAT","BABUZAI","TEHSIL","RURAL",49398,37409,24050,25348,24509,6501,6473,1,33,11881
"KPK","MALAKAND","SWAT","BABUZAI","TEHSIL","URBAN",55227,54391,44588,10639,41542,7939,4860,1,33,852
"KPK","MALAKAND","SWAT","BARIKOT","TEHSIL","OVERALL",31234,26526,19091,12143,13738,9162,3816,3,22,4493
"KPK","MALAKAND","SWAT","BARIKOT","TEHSIL","RURAL",13950,11170,7326,6624,5323,3715,2265,3,2,2642
"KPK","MALAKAND","SWAT","BARIKOT","TEHSIL","URBAN",17284,15356,11765,5519,8415,5447,1551,NA,20,1851
"KPK","MALAKAND","SWAT","BEHRAIN","TEHSIL","OVERALL",37756,29172,23600,14156,28057,259,924,2,1,8513
"KPK","MALAKAND","SWAT","BEHRAIN","TEHSIL","RURAL",27171,19843,14824,12347,19196,153,550,2,1,7269
"KPK","MALAKAND","SWAT","BEHRAIN","TEHSIL","URBAN",10585,9329,8776,1809,8861,106,374,NA,NA,1244
"KPK","MALAKAND","SWAT","CHARBAGH","TEHSIL","OVERALL",22188,16801,9175,13013,8746,4542,3463,83,5,5349
"KPK","MALAKAND","SWAT","CHARBAGH","TEHSIL","RURAL",22188,16801,9175,13013,8746,4542,3463,83,5,5349
"KPK","MALAKAND","SWAT","CHARBAGH","TEHSIL","URBAN",NA,NA,NA,NA,NA,NA,NA,NA,NA,NA
"KPK","MALAKAND","SWAT","KABAL","TEHSIL","OVERALL",69195,53053,40265,28930,24254,11160,18068,1,91,15621
"KPK","MALAKAND","SWAT","KABAL","TEHSIL","RURAL",49261,34075,23423,25838,17436,5519,11398,1,75,14832
"KPK","MALAKAND","SWAT","KABAL","TEHSIL","URBAN",19934,18978,16842,3092,6818,5641,6670,NA,16,789
"KPK","MALAKAND","SWAT","KHAWAZAKHELA","TEHSIL","OVERALL",42543,33154,24882,17661,25342,3213,4854,1,10,9123
"KPK","MALAKAND","SWAT","KHAWAZAKHELA","TEHSIL","RURAL",34490,25456,18147,16343,19932,2638,3095,1,9,8815
"KPK","MALAKAND","SWAT","KHAWAZAKHELA","TEHSIL","URBAN",8053,7698,6735,1318,5410,575,1759,NA,1,308
"KPK","MALAKAND","SWAT","MATTA","TEHSIL","OVERALL",73671,53839,40295,33376,32423,9145,12898,9,22,19174
"KPK","MALAKAND","SWAT","MATTA","TEHSIL","RURAL",66701,47047,34198,32503,28960,7332,11368,9,18,19014
"KPK","MALAKAND","SWAT","MATTA","TEHSIL","URBAN",6970,6792,6097,873,3463,1813,1530,NA,4,160
"KPK","DERA ISMAIL KHAN","TANK","JANDOLA","SUB-DIVISION","OVERALL",7067,4101,3194,3873,1435,2445,476,NA,1,2710
"KPK","DERA ISMAIL KHAN","TANK","JANDOLA","SUB-DIVISION","RURAL",7067,4101,3194,3873,1435,2445,476,NA,1,2710
"KPK","DERA ISMAIL KHAN","TANK","JANDOLA","SUB-DIVISION","URBAN",NA,NA,NA,NA,NA,NA,NA,NA,NA,NA
"KPK","DERA ISMAIL KHAN","TANK","TANK","TEHSIL","OVERALL",63496,50216,31422,32074,22108,21276,3555,44,20,16493
"KPK","DERA ISMAIL KHAN","TANK","TANK","TEHSIL","RURAL",56235,43257,27740,28495,17504,20004,3523,14,20,15170
"KPK","DERA ISMAIL KHAN","TANK","TANK","TEHSIL","URBAN",7261,6959,3682,3579,4604,1272,32,30,NA,1323
"KPK","HAZARA","TORGHAR","DAUR MERA","TEHSIL","OVERALL",7364,3994,776,6588,3926,31,281,NA,3,3123
"KPK","HAZARA","TORGHAR","DAUR MERA","TEHSIL","RURAL",7364,3994,776,6588,3926,31,281,NA,3,3123
"KPK","HAZARA","TORGHAR","DAUR MERA","TEHSIL","URBAN",NA,NA,NA,NA,NA,NA,NA,NA,NA,NA
"KPK","HAZARA","TORGHAR","JUDBA","TEHSIL","OVERALL",8530,5458,1249,7281,5223,97,21,NA,126,3063
"KPK","HAZARA","TORGHAR","JUDBA","TEHSIL","RURAL",8530,5458,1249,7281,5223,97,21,NA,126,3063
"KPK","HAZARA","TORGHAR","JUDBA","TEHSIL","URBAN",NA,NA,NA,NA,NA,NA,NA,NA,NA,NA
"KPK","HAZARA","TORGHAR","KHANDER","TEHSIL","OVERALL",13516,10613,5734,7782,10378,146,126,NA,2,2864
"KPK","HAZARA","TORGHAR","KHANDER","TEHSIL","RURAL",13516,10613,5734,7782,10378,146,126,NA,2,2864
"KPK","HAZARA","TORGHAR","KHANDER","TEHSIL","URBAN",NA,NA,NA,NA,NA,NA,NA,NA,NA,NA
"KPK","MALAKAND","UPPER CHITRAL","MASTUJ","SUB-DIVISION","OVERALL",26365,19090,7524,18841,18520,221,371,NA,3,7250
"KPK","MALAKAND","UPPER CHITRAL","MASTUJ","SUB-DIVISION","RURAL",26365,19090,7524,18841,18520,221,371,NA,3,7250
"KPK","MALAKAND","UPPER CHITRAL","MASTUJ","SUB-DIVISION","URBAN",NA,NA,NA,NA,NA,NA,NA,NA,NA,NA
"KPK","MALAKAND","UPPER DIR","DIR","SUB-DIVISION","OVERALL",50811,27014,18698,32113,24111,1704,1189,1,76,23730
"KPK","MALAKAND","UPPER DIR","DIR","SUB-DIVISION","RURAL",44203,24075,16837,27366,21744,1379,941,1,76,20062
"KPK","MALAKAND","UPPER DIR","DIR","SUB-DIVISION","URBAN",6608,2939,1861,4747,2367,325,248,NA,NA,3668
"KPK","MALAKAND","UPPER DIR","LARJUM","SUB-DIVISION","OVERALL",16470,7995,4961,11509,7521,397,83,2,2,8465
"KPK","MALAKAND","UPPER DIR","LARJUM","SUB-DIVISION","RURAL",16470,7995,4961,11509,7521,397,83,2,2,8465
"KPK","MALAKAND","UPPER DIR","LARJUM","SUB-DIVISION","URBAN",NA,NA,NA,NA,NA,NA,NA,NA,NA,NA
"KPK","MALAKAND","UPPER DIR","SHARINGAL","SUB-DIVISION","OVERALL",30724,5847,3235,27489,5550,175,160,1,7,24831
"KPK","MALAKAND","UPPER DIR","SHARINGAL","SUB-DIVISION","RURAL",30724,5847,3235,27489,5550,175,160,1,7,24831
"KPK","MALAKAND","UPPER DIR","SHARINGAL","SUB-DIVISION","URBAN",NA,NA,NA,NA,NA,NA,NA,NA,NA,NA
"KPK","MALAKAND","UPPER DIR","WARI","SUB-DIVISION","OVERALL",51531,31029,15640,35891,24838,3623,2702,NA,54,20314
"KPK","MALAKAND","UPPER DIR","WARI","SUB-DIVISION","RURAL",51531,31029,15640,35891,24838,3623,2702,NA,54,20314
"KPK","MALAKAND","UPPER DIR","WARI","SUB-DIVISION","URBAN",NA,NA,NA,NA,NA,NA,NA,NA,NA,NA
"KPK","HAZARA","UPPER KOHISTAN","DASSU","SUB-DIVISION","OVERALL",22987,3532,2621,20366,3304,113,144,1,33,19392
"KPK","HAZARA","UPPER KOHISTAN","DASSU","SUB-DIVISION","RURAL",22987,3532,2621,20366,3304,113,144,1,33,19392
"KPK","HAZARA","UPPER KOHISTAN","DASSU","SUB-DIVISION","URBAN",NA,NA,NA,NA,NA,NA,NA,NA,NA,NA
"KPK","HAZARA","UPPER KOHISTAN","HARBAN BHASHA","TEHSIL","OVERALL",6426,2075,1759,4667,2041,27,1,4,1,4352
"KPK","HAZARA","UPPER KOHISTAN","HARBAN BHASHA","TEHSIL","RURAL",6426,2075,1759,4667,2041,27,1,4,1,4352
"KPK","HAZARA","UPPER KOHISTAN","HARBAN BHASHA","TEHSIL","URBAN",NA,NA,NA,NA,NA,NA,NA,NA,NA,NA
"KPK","HAZARA","UPPER KOHISTAN","KANDIA","SUB-DIVISION","OVERALL",24118,5600,5435,18683,5411,126,68,10,9,18494
"KPK","HAZARA","UPPER KOHISTAN","KANDIA","SUB-DIVISION","RURAL",24118,5600,5435,18683,5411,126,68,10,9,18494
"KPK","HAZARA","UPPER KOHISTAN","KANDIA","SUB-DIVISION","URBAN",NA,NA,NA,NA,NA,NA,NA,NA,NA,NA
"KPK","HAZARA","UPPER KOHISTAN","SEO","SUB-DIVISION","OVERALL",10181,5414,4832,5349,5342,63,150,4,1,4621
"KPK","HAZARA","UPPER KOHISTAN","SEO","SUB-DIVISION","RURAL",10181,5414,4832,5349,5342,63,150,4,1,4621
"KPK","HAZARA","UPPER KOHISTAN","SEO","SUB-DIVISION","URBAN",NA,NA,NA,NA,NA,NA,NA,NA,NA,NA
"PUNJAB","RAWALPINDI","ATTOCK","ATTOCK","TEHSIL","OVERALL",81037,78626,66410,14627,25631,46575,3901,2343,48,2539
"PUNJAB","RAWALPINDI","ATTOCK","ATTOCK","TEHSIL","RURAL",37125,35303,30477,6648,6203,25379,3709,232,7,1595
"PUNJAB","RAWALPINDI","ATTOCK","ATTOCK","TEHSIL","URBAN",43912,43323,35933,7979,19428,21196,192,2111,41,944
"PUNJAB","RAWALPINDI","ATTOCK","FATEH JANG","TEHSIL","OVERALL",60131,55889,40647,19484,5848,41217,10094,54,177,2741
"PUNJAB","RAWALPINDI","ATTOCK","FATEH JANG","TEHSIL","RURAL",47549,44111,32364,15185,4055,32109,9463,38,26,1858
"PUNJAB","RAWALPINDI","ATTOCK","FATEH JANG","TEHSIL","URBAN",12582,11778,8283,4299,1793,9108,631,16,151,883
"PUNJAB","RAWALPINDI","ATTOCK","HASAN ABDAL","TEHSIL","OVERALL",39835,38024,33932,5903,8715,25766,3492,21,17,1824
"PUNJAB","RAWALPINDI","ATTOCK","HASAN ABDAL","TEHSIL","RURAL",28846,27316,24192,4654,2933,20946,3365,15,14,1573
"PUNJAB","RAWALPINDI","ATTOCK","HASAN ABDAL","TEHSIL","URBAN",10989,10708,9740,1249,5782,4820,127,6,3,251
"PUNJAB","RAWALPINDI","ATTOCK","HAZRO","TEHSIL","OVERALL",62129,60764,56435,5694,6906,51707,2274,25,93,1124
"PUNJAB","RAWALPINDI","ATTOCK","HAZRO","TEHSIL","RURAL",52628,51400,47552,5076,5385,44055,2077,20,90,1001
"PUNJAB","RAWALPINDI","ATTOCK","HAZRO","TEHSIL","URBAN",9501,9364,8883,618,1521,7652,197,5,3,123
"PUNJAB","RAWALPINDI","ATTOCK","JAND","TEHSIL","OVERALL",57460,52232,43581,13879,10277,39347,3510,89,10,4227
"PUNJAB","RAWALPINDI","ATTOCK","JAND","TEHSIL","RURAL",47612,42644,34163,13449,9429,30657,3484,87,10,3945
"PUNJAB","RAWALPINDI","ATTOCK","JAND","TEHSIL","URBAN",9848,9588,9418,430,848,8690,26,2,NA,282
"PUNJAB","RAWALPINDI","ATTOCK","PINDI GHEB","TEHSIL","OVERALL",53381,48620,37196,16185,11613,32706,4272,40,16,4734
"PUNJAB","RAWALPINDI","ATTOCK","PINDI GHEB","TEHSIL","RURAL",42814,38204,27042,15772,10096,23905,4202,29,16,4566
"PUNJAB","RAWALPINDI","ATTOCK","PINDI GHEB","TEHSIL","URBAN",10567,10416,10154,413,1517,8801,70,11,NA,168
"PUNJAB","BAHAWALPUR","BAHAWALNAGAR","BAHAWALNAGAR","TEHSIL","OVERALL",154112,145169,116580,37532,77863,60516,579,5858,485,8811
"PUNJAB","BAHAWALPUR","BAHAWALNAGAR","BAHAWALNAGAR","TEHSIL","RURAL",108351,100776,82551,25800,58788,40284,514,1171,156,7438
"PUNJAB","BAHAWALPUR","BAHAWALNAGAR","BAHAWALNAGAR","TEHSIL","URBAN",45761,44393,34029,11732,19075,20232,65,4687,329,1373
"PUNJAB","BAHAWALPUR","BAHAWALNAGAR","CHISHTIAN","TEHSIL","OVERALL",133581,127261,97890,35691,48161,66556,677,11448,151,6588
"PUNJAB","BAHAWALPUR","BAHAWALNAGAR","CHISHTIAN","TEHSIL","RURAL",95999,90296,72794,23205,36546,50540,610,2341,49,5913
"PUNJAB","BAHAWALPUR","BAHAWALNAGAR","CHISHTIAN","TEHSIL","URBAN",37582,36965,25096,12486,11615,16016,67,9107,102,675
"PUNJAB","BAHAWALPUR","BAHAWALNAGAR","FORT ABBAS","TEHSIL","OVERALL",76054,66872,48648,27406,26047,37751,1464,1991,58,8743
"PUNJAB","BAHAWALPUR","BAHAWALNAGAR","FORT ABBAS","TEHSIL","RURAL",55769,48073,32909,22860,19864,25504,1399,1786,36,7180
"PUNJAB","BAHAWALPUR","BAHAWALNAGAR","FORT ABBAS","TEHSIL","URBAN",20285,18799,15739,4546,6183,12247,65,205,22,1563
"PUNJAB","BAHAWALPUR","BAHAWALNAGAR","HAROONABAD","TEHSIL","OVERALL",96346,86826,46701,49645,40322,36611,535,6912,932,11034
"PUNJAB","BAHAWALPUR","BAHAWALNAGAR","HAROONABAD","TEHSIL","RURAL",62715,54830,29027,33688,27712,23667,414,2384,526,8012
"PUNJAB","BAHAWALPUR","BAHAWALNAGAR","HAROONABAD","TEHSIL","URBAN",33631,31996,17674,15957,12610,12944,121,4528,406,3022
"PUNJAB","BAHAWALPUR","BAHAWALNAGAR","MINCHINABAD","TEHSIL","OVERALL",97523,92072,74530,22993,42360,41271,409,7472,126,5885
"PUNJAB","BAHAWALPUR","BAHAWALNAGAR","MINCHINABAD","TEHSIL","RURAL",78485,73713,58806,19679,35148,31894,374,5762,99,5208
"PUNJAB","BAHAWALPUR","BAHAWALNAGAR","MINCHINABAD","TEHSIL","URBAN",19038,18359,15724,3314,7212,9377,35,1710,27,677
"PUNJAB","BAHAWALPUR","BAHAWALPUR","AHMADPUR EAST","TEHSIL","OVERALL",195174,190852,168106,27068,58809,120117,409,10453,357,5029
"PUNJAB","BAHAWALPUR","BAHAWALPUR","AHMADPUR EAST","TEHSIL","RURAL",144072,140506,128222,15850,49123,87568,321,2855,113,4092
"PUNJAB","BAHAWALPUR","BAHAWALPUR","AHMADPUR EAST","TEHSIL","URBAN",51102,50346,39884,11218,9686,32549,88,7598,244,937
"PUNJAB","BAHAWALPUR","BAHAWALPUR","BAHAWALPUR CITY","TEHSIL","OVERALL",132047,129870,98511,33536,12075,91356,303,25298,798,2217
"PUNJAB","BAHAWALPUR","BAHAWALPUR","BAHAWALPUR CITY","TEHSIL","RURAL",NA,NA,NA,NA,NA,NA,NA,NA,NA,NA
"PUNJAB","BAHAWALPUR","BAHAWALPUR","BAHAWALPUR CITY","TEHSIL","URBAN",132047,129870,98511,33536,12075,91356,303,25298,798,2217
"PUNJAB","BAHAWALPUR","BAHAWALPUR","BAHAWALPUR SADDAR","TEHSIL","OVERALL",105184,102767,85191,19993,21683,74477,274,5715,140,2895
"PUNJAB","BAHAWALPUR","BAHAWALPUR","BAHAWALPUR SADDAR","TEHSIL","RURAL",82198,79879,67241,14957,18570,58322,202,2182,123,2799
"PUNJAB","BAHAWALPUR","BAHAWALPUR","BAHAWALPUR SADDAR","TEHSIL","URBAN",22986,22888,17950,5036,3113,16155,72,3533,17,96
"PUNJAB","BAHAWALPUR","BAHAWALPUR","HASILPUR","TEHSIL","OVERALL",84089,80454,62837,21252,25504,47937,974,6214,21,3439
"PUNJAB","BAHAWALPUR","BAHAWALPUR","HASILPUR","TEHSIL","RURAL",51293,48624,35732,15561,16014,27758,817,4213,4,2487
"PUNJAB","BAHAWALPUR","BAHAWALPUR","HASILPUR","TEHSIL","URBAN",32796,31830,27105,5691,9490,20179,157,2001,17,952
"PUNJAB","BAHAWALPUR","BAHAWALPUR","KHAIRPUR TAMEWALI","TEHSIL","OVERALL",48445,47934,47023,1422,11452,36255,102,130,5,501
"PUNJAB","BAHAWALPUR","BAHAWALPUR","KHAIRPUR TAMEWALI","TEHSIL","RURAL",40482,40037,39293,1189,10454,29490,96,4,5,433
"PUNJAB","BAHAWALPUR","BAHAWALPUR","KHAIRPUR TAMEWALI","TEHSIL","URBAN",7963,7897,7730,233,998,6765,6,126,NA,68
"PUNJAB","BAHAWALPUR","BAHAWALPUR","YAZMAN","TEHSIL","OVERALL",108498,101097,62202,46296,50188,47128,1646,2869,131,6536
"PUNJAB","BAHAWALPUR","BAHAWALPUR","YAZMAN","TEHSIL","RURAL",98435,92295,55800,42635,45361,43360,1626,2701,117,5270
"PUNJAB","BAHAWALPUR","BAHAWALPUR","YAZMAN","TEHSIL","URBAN",10063,8802,6402,3661,4827,3768,20,168,14,1266
"PUNJAB","SARGODHA","BHAKKAR","BHAKKAR","TEHSIL","OVERALL",124135,123220,122117,2018,26725,96251,254,10,5,890
"PUNJAB","SARGODHA","BHAKKAR","BHAKKAR","TEHSIL","RURAL",99062,98287,97452,1610,24359,73745,202,NA,5,751
"PUNJAB","SARGODHA","BHAKKAR","BHAKKAR","TEHSIL","URBAN",25073,24933,24665,408,2366,22506,52,10,NA,139
"PUNJAB","SARGODHA","BHAKKAR","DARYA KHAN","TEHSIL","OVERALL",70483,69617,69475,1008,8803,60696,130,1,NA,853
"PUNJAB","SARGODHA","BHAKKAR","DARYA KHAN","TEHSIL","RURAL",54723,53890,53896,827,7724,46084,94,NA,NA,821
"PUNJAB","SARGODHA","BHAKKAR","DARYA KHAN","TEHSIL","URBAN",15760,15727,15579,181,1079,14612,36,1,NA,32
"PUNJAB","SARGODHA","BHAKKAR","KALUR KOT","TEHSIL","OVERALL",65693,65009,64774,919,10813,54097,108,1,1,673
"PUNJAB","SARGODHA","BHAKKAR","KALUR KOT","TEHSIL","RURAL",57999,57338,57125,874,10115,47136,97,NA,1,650
"PUNJAB","SARGODHA","BHAKKAR","KALUR KOT","TEHSIL","URBAN",7694,7671,7649,45,698,6961,11,1,NA,23
"PUNJAB","SARGODHA","BHAKKAR","MANKERA","TEHSIL","OVERALL",53000,52207,50498,2502,6992,45109,81,27,3,788
"PUNJAB","SARGODHA","BHAKKAR","MANKERA","TEHSIL","RURAL",45358,44639,42991,2367,5843,38699,71,27,3,715
"PUNJAB","SARGODHA","BHAKKAR","MANKERA","TEHSIL","URBAN",7642,7568,7507,135,1149,6410,10,NA,NA,73
"PUNJAB","RAWALPINDI","CHAKWAL","CHAKWAL","TEHSIL","OVERALL",126901,121801,106993,19908,11431,104059,4568,888,148,5807
"PUNJAB","RAWALPINDI","CHAKWAL","CHAKWAL","TEHSIL","RURAL",87472,83906,72853,14619,7591,71665,4182,420,53,3561
"PUNJAB","RAWALPINDI","CHAKWAL","CHAKWAL","TEHSIL","URBAN",39429,37895,34140,5289,3840,32394,386,468,95,2246
"PUNJAB","RAWALPINDI","CHAKWAL","CHOA SAIDAN SHAH","TEHSIL","OVERALL",26676,23922,15355,11321,6097,15719,1771,73,39,2977
"PUNJAB","RAWALPINDI","CHAKWAL","CHOA SAIDAN SHAH","TEHSIL","RURAL",20571,18029,10705,9866,4955,11091,1694,51,10,2770
"PUNJAB","RAWALPINDI","CHAKWAL","CHOA SAIDAN SHAH","TEHSIL","URBAN",6105,5893,4650,1455,1142,4628,77,22,29,207
NA,NA,"CHAKWAL","KALLAR KAHAR","TEHSIL","OVERALL",33899,31903,20435,13464,10810,16982,1385,462,25,4235
NA,NA,"CHAKWAL","KALLAR KAHAR","TEHSIL","RURAL",25707,24453,15506,10201,9135,12647,706,12,24,3183
NA,NA,"CHAKWAL","KALLAR KAHAR","TEHSIL","URBAN",8192,7450,4929,3263,1675,4335,679,450,1,1052
"PUNJAB","RAWALPINDI","CHAKWAL","LAWA","TEHSIL","OVERALL",22201,21293,19503,2698,1735,19292,201,24,35,914
"PUNJAB","RAWALPINDI","CHAKWAL","LAWA","TEHSIL","RURAL",19115,18421,16988,2127,1259,16921,183,24,32,696
"PUNJAB","RAWALPINDI","CHAKWAL","LAWA","TEHSIL","URBAN",3086,2872,2515,571,476,2371,18,NA,3,218
"PUNJAB","RAWALPINDI","CHAKWAL","TALA GANG","TEHSIL","OVERALL",79161,76521,72502,6659,6413,69194,532,10,34,2978
"PUNJAB","RAWALPINDI","CHAKWAL","TALA GANG","TEHSIL","RURAL",65357,62934,59066,6291,5488,56566,505,8,30,2760
"PUNJAB","RAWALPINDI","CHAKWAL","TALA GANG","TEHSIL","URBAN",13804,13587,13436,368,925,12628,27,2,4,218
"PUNJAB","FAISALABAD","CHINIOT","BHAWANA","TEHSIL","OVERALL",69433,67777,59450,9983,11388,51970,119,4290,20,1646
"PUNJAB","FAISALABAD","CHINIOT","BHAWANA","TEHSIL","RURAL",63333,61688,56180,7153,11048,48597,116,1924,14,1634
"PUNJAB","FAISALABAD","CHINIOT","BHAWANA","TEHSIL","URBAN",6100,6089,3270,2830,340,3373,3,2366,6,12
"PUNJAB","FAISALABAD","CHINIOT","CHINIOT","TEHSIL","OVERALL",103876,102168,96683,7193,14121,85212,218,2421,33,1871
"PUNJAB","FAISALABAD","CHINIOT","CHINIOT","TEHSIL","RURAL",51227,50218,46624,4603,9937,38551,111,1605,25,998
"PUNJAB","FAISALABAD","CHINIOT","CHINIOT","TEHSIL","URBAN",52649,51950,50059,2590,4184,46661,107,816,8,873
"PUNJAB","FAISALABAD","CHINIOT","LALIAN","TEHSIL","OVERALL",83129,82180,68791,14338,22959,51743,191,7025,198,1013
"PUNJAB","FAISALABAD","CHINIOT","LALIAN","TEHSIL","RURAL",58783,58259,53941,4842,17335,40250,96,584,4,514
"PUNJAB","FAISALABAD","CHINIOT","LALIAN","TEHSIL","URBAN",24346,23921,14850,9496,5624,11493,95,6441,194,499
"PUNJAB","DERA GHAZI KHAN","DERA GHAZI KHAN","DERA GHAZI KHAN","TEHSIL","OVERALL",177702,171552,112396,65306,63206,60320,847,43704,455,9170
"PUNJAB","DERA GHAZI KHAN","DERA GHAZI KHAN","DERA GHAZI KHAN","TEHSIL","RURAL",104002,99041,85484,18518,50714,42643,663,4559,96,5327
"PUNJAB","DERA GHAZI KHAN","DERA GHAZI KHAN","DERA GHAZI KHAN","TEHSIL","URBAN",73700,72511,26912,46788,12492,17677,184,39145,359,3843
"PUNJAB","DERA GHAZI KHAN","DERA GHAZI KHAN","KOH-E-SULEMAN","TEHSIL","OVERALL",41138,18312,9103,32035,4671,11348,4504,16,36,20563
"PUNJAB","DERA GHAZI KHAN","DERA GHAZI KHAN","KOH-E-SULEMAN","TEHSIL","RURAL",41138,18312,9103,32035,4671,11348,4504,16,36,20563
"PUNJAB","DERA GHAZI KHAN","DERA GHAZI KHAN","KOH-E-SULEMAN","TEHSIL","URBAN",NA,NA,NA,NA,NA,NA,NA,NA,NA,NA
"PUNJAB","DERA GHAZI KHAN","DERA GHAZI KHAN","KOT CHHUTTA","TEHSIL","OVERALL",114956,111611,93552,21404,43019,61207,2223,855,180,7472
"PUNJAB","DERA GHAZI KHAN","DERA GHAZI KHAN","KOT CHHUTTA","TEHSIL","RURAL",99653,96464,83763,15890,36003,56586,2185,207,166,4506
"PUNJAB","DERA GHAZI KHAN","DERA GHAZI KHAN","KOT CHHUTTA","TEHSIL","URBAN",15303,15147,9789,5514,7016,4621,38,648,14,2966
"PUNJAB","DERA GHAZI KHAN","DERA GHAZI KHAN","TAUNSA","TEHSIL","OVERALL",120668,113194,74120,46548,51362,53959,1244,2740,220,11143
"PUNJAB","DERA GHAZI KHAN","DERA GHAZI KHAN","TAUNSA","TEHSIL","RURAL",95072,88985,57138,37934,38402,43391,1155,2463,121,9540
"PUNJAB","DERA GHAZI KHAN","DERA GHAZI KHAN","TAUNSA","TEHSIL","URBAN",25596,24209,16982,8614,12960,10568,89,277,99,1603
"PUNJAB","FAISALABAD","FAISALABAD","CHAK JHUMRA","TEHSIL","OVERALL",56658,54805,26334,30324,23363,25363,112,4263,69,3488
"PUNJAB","FAISALABAD","FAISALABAD","CHAK JHUMRA","TEHSIL","RURAL",47270,45693,21576,25694,20098,21611,95,2231,55,3180
"PUNJAB","FAISALABAD","FAISALABAD","CHAK JHUMRA","TEHSIL","URBAN",9388,9112,4758,4630,3265,3752,17,2032,14,308
"PUNJAB","FAISALABAD","FAISALABAD","FAISALABAD CITY","TEHSIL","OVERALL",556650,510036,148687,407963,80387,136815,1652,178282,57996,101518
"PUNJAB","FAISALABAD","FAISALABAD","FAISALABAD CITY","TEHSIL","RURAL",NA,NA,NA,NA,NA,NA,NA,NA,NA,NA
"PUNJAB","FAISALABAD","FAISALABAD","FAISALABAD CITY","TEHSIL","URBAN",556650,510036,148687,407963,80387,136815,1652,178282,57996,101518
"PUNJAB","FAISALABAD","FAISALABAD","FAISALABAD SADAR","TEHSIL","OVERALL",268685,256881,113672,155013,63700,130121,502,42678,2939,28745
"PUNJAB","FAISALABAD","FAISALABAD","FAISALABAD SADAR","TEHSIL","RURAL",253143,242514,104551,148592,55864,124771,446,42636,2801,26625
"PUNJAB","FAISALABAD","FAISALABAD","FAISALABAD SADAR","TEHSIL","URBAN",15542,14367,9121,6421,7836,5350,56,42,138,2120
"PUNJAB","FAISALABAD","FAISALABAD","JARANWALA","TEHSIL","OVERALL",264519,242437,79527,184992,71325,111096,532,30089,4732,46745
"PUNJAB","FAISALABAD","FAISALABAD","JARANWALA","TEHSIL","RURAL",222845,204765,70508,152337,63225,96828,430,21811,2550,38001
"PUNJAB","FAISALABAD","FAISALABAD","JARANWALA","TEHSIL","URBAN",41674,37672,9019,32655,8100,14268,102,8278,2182,8744
"PUNJAB","FAISALABAD","FAISALABAD","SAMMUNDRI","TEHSIL","OVERALL",110873,102021,31285,79588,30558,42475,584,13227,2116,21913
"PUNJAB","FAISALABAD","FAISALABAD","SAMMUNDRI","TEHSIL","RURAL",79879,74872,25195,54684,23432,31441,490,9160,1437,13919
"PUNJAB","FAISALABAD","FAISALABAD","SAMMUNDRI","TEHSIL","URBAN",30994,27149,6090,24904,7126,11034,94,4067,679,7994
"PUNJAB","FAISALABAD","FAISALABAD","TANDLIAN WALA","TEHSIL","OVERALL",125388,119963,65409,59979,13512,60748,245,34956,1760,14167
"PUNJAB","FAISALABAD","FAISALABAD","TANDLIAN WALA","TEHSIL","RURAL",111435,106074,57733,53702,12836,52834,221,29695,1757,14092
"PUNJAB","FAISALABAD","FAISALABAD","TANDLIAN WALA","TEHSIL","URBAN",13953,13889,7676,6277,676,7914,24,5261,3,75
"PUNJAB","GUJRANWALA","GUJRANWALA","GUJRANWALA CITY","TEHSIL","OVERALL",356287,352384,289506,66781,40585,273352,1148,37140,157,3905
"PUNJAB","GUJRANWALA","GUJRANWALA","GUJRANWALA CITY","TEHSIL","RURAL",NA,NA,NA,NA,NA,NA,NA,NA,NA,NA
"PUNJAB","GUJRANWALA","GUJRANWALA","GUJRANWALA CITY","TEHSIL","URBAN",356287,352384,289506,66781,40585,273352,1148,37140,157,3905
"PUNJAB","GUJRANWALA","GUJRANWALA","GUJRANWALA SADDAR","TEHSIL","OVERALL",168704,167091,129624,39080,14678,133474,487,18237,52,1776
"PUNJAB","GUJRANWALA","GUJRANWALA","GUJRANWALA SADDAR","TEHSIL","RURAL",114033,113067,90859,23174,8600,95412,344,8530,19,1128
"PUNJAB","GUJRANWALA","GUJRANWALA","GUJRANWALA SADDAR","TEHSIL","URBAN",54671,54024,38765,15906,6078,38062,143,9707,33,648
"PUNJAB","GUJRANWALA","GUJRANWALA","KAMOKE","TEHSIL","OVERALL",94236,93778,74113,20123,10155,75452,209,7930,24,466
"PUNJAB","GUJRANWALA","GUJRANWALA","KAMOKE","TEHSIL","RURAL",51778,51419,40740,11038,7136,41088,95,3093,4,362
"PUNJAB","GUJRANWALA","GUJRANWALA","KAMOKE","TEHSIL","URBAN",42458,42359,33373,9085,3019,34364,114,4837,20,104
"PUNJAB","GUJRANWALA","GUJRANWALA","NOWSHERA VIRKAN","TEHSIL","OVERALL",87569,87045,59353,28216,10471,69146,172,7239,13,528
"PUNJAB","GUJRANWALA","GUJRANWALA","NOWSHERA VIRKAN","TEHSIL","RURAL",79617,79377,55352,24265,8752,64379,162,6073,9,242
"PUNJAB","GUJRANWALA","GUJRANWALA","NOWSHERA VIRKAN","TEHSIL","URBAN",7952,7668,4001,3951,1719,4767,10,1166,4,286
"PUNJAB","GUJRANWALA","GUJRANWALA","WAZIRABAD","TEHSIL","OVERALL",142381,141097,105547,36834,20431,104798,268,15485,15,1384
"PUNJAB","GUJRANWALA","GUJRANWALA","WAZIRABAD","TEHSIL","RURAL",87761,87181,68859,18902,11393,69587,175,6019,6,581
"PUNJAB","GUJRANWALA","GUJRANWALA","WAZIRABAD","TEHSIL","URBAN",54620,53916,36688,17932,9038,35211,93,9466,9,803
"PUNJAB","GUJRANWALA","GUJRAT","GUJRAT","TEHSIL","OVERALL",265944,263945,152418,113526,41629,194862,1171,26123,149,2010
"PUNJAB","GUJRANWALA","GUJRAT","GUJRAT","TEHSIL","RURAL",119914,118807,84849,35065,13980,101548,350,2895,22,1119
"PUNJAB","GUJRANWALA","GUJRAT","GUJRAT","TEHSIL","URBAN",146030,145138,67569,78461,27649,93314,821,23228,127,891
"PUNJAB","GUJRANWALA","GUJRAT","KHARIAN","TEHSIL","OVERALL",179257,176896,139287,39970,19498,146918,342,9470,307,2722
"PUNJAB","GUJRANWALA","GUJRAT","KHARIAN","TEHSIL","RURAL",131982,130094,102598,29384,13495,109620,255,6662,59,1891
"PUNJAB","GUJRANWALA","GUJRAT","KHARIAN","TEHSIL","URBAN",47275,46802,36689,10586,6003,37298,87,2808,248,831
"PUNJAB","GUJRANWALA","GUJRAT","SARAI ALAMGIR","TEHSIL","OVERALL",44136,43589,37783,6353,2294,36474,117,4670,29,552
"PUNJAB","GUJRANWALA","GUJRAT","SARAI ALAMGIR","TEHSIL","RURAL",32711,32456,31218,1493,1719,30272,80,374,6,260
"PUNJAB","GUJRANWALA","GUJRAT","SARAI ALAMGIR","TEHSIL","URBAN",11425,11133,6565,4860,575,6202,37,4296,23,292
"PUNJAB","GUJRANWALA","HAFIZABAD","HAFIZABAD","TEHSIL","OVERALL",112158,104478,84034,28124,26613,70504,250,6905,86,7800
"PUNJAB","GUJRANWALA","HAFIZABAD","HAFIZABAD","TEHSIL","RURAL",60129,59031,52543,7586,15111,42184,112,1557,15,1150
"PUNJAB","GUJRANWALA","HAFIZABAD","HAFIZABAD","TEHSIL","URBAN",52029,45447,31491,20538,11502,28320,138,5348,71,6650
"PUNJAB","GUJRANWALA","HAFIZABAD","PINDI BHATTIAN","TEHSIL","OVERALL",85048,82345,58949,26099,25788,48163,133,4471,105,6388
"PUNJAB","GUJRANWALA","HAFIZABAD","PINDI BHATTIAN","TEHSIL","RURAL",60129,58642,44026,16103,19239,34521,104,2453,70,3742
"PUNJAB","GUJRANWALA","HAFIZABAD","PINDI BHATTIAN","TEHSIL","URBAN",24919,23703,14923,9996,6549,13642,29,2018,35,2646
NA,NA,"JHANG","-HAZARI","TEHSIL","OVERALL",56659,56218,54100,2559,16983,39096,78,31,35,436
NA,NA,"JHANG","-HAZARI","TEHSIL","RURAL",51092,50664,48686,2406,15291,35265,73,26,14,423
NA,NA,"JHANG","-HAZARI","TEHSIL","URBAN",5567,5554,5414,153,1692,3831,5,5,21,13
"PUNJAB","FAISALABAD","JHANG","AHMADPUR SIAL","TEHSIL","OVERALL",77488,76632,75644,1844,32661,43846,117,20,5,839
"PUNJAB","FAISALABAD","JHANG","AHMADPUR SIAL","TEHSIL","RURAL",63820,63038,62214,1606,27994,34961,84,5,5,771
"PUNJAB","FAISALABAD","JHANG","AHMADPUR SIAL","TEHSIL","URBAN",13668,13594,13430,238,4667,8885,33,15,NA,68
"PUNJAB","FAISALABAD","JHANG","JHANG","TEHSIL","OVERALL",264032,261092,235791,28241,45240,198517,664,16123,586,2902
"PUNJAB","FAISALABAD","JHANG","JHANG","TEHSIL","RURAL",160731,158341,151748,8983,38061,118850,408,1020,52,2340
"PUNJAB","FAISALABAD","JHANG","JHANG","TEHSIL","URBAN",103301,102751,84043,19258,7179,79667,256,15103,534,562
"PUNJAB","FAISALABAD","JHANG","SHORKOT","TEHSIL","OVERALL",93820,92179,89038,4782,19908,71051,170,1036,45,1610
"PUNJAB","FAISALABAD","JHANG","SHORKOT","TEHSIL","RURAL",82498,80931,77990,4508,15548,64312,154,905,43,1536
"PUNJAB","FAISALABAD","JHANG","SHORKOT","TEHSIL","URBAN",11322,11248,11048,274,4360,6739,16,131,2,74
"PUNJAB","RAWALPINDI","JHELUM","DINA","TEHSIL","OVERALL",44385,43117,35651,8734,3759,33314,4684,1256,33,1339
"PUNJAB","RAWALPINDI","JHELUM","DINA","TEHSIL","RURAL",27616,26560,20912,6704,1973,20048,4395,50,29,1121
"PUNJAB","RAWALPINDI","JHELUM","DINA","TEHSIL","URBAN",16769,16557,14739,2030,1786,13266,289,1206,4,218
"PUNJAB","RAWALPINDI","JHELUM","JHELUM","TEHSIL","OVERALL",83046,81777,71565,11481,4902,68075,2142,6509,53,1365
"PUNJAB","RAWALPINDI","JHELUM","JHELUM","TEHSIL","RURAL",31096,30603,26370,4726,2111,25757,884,1642,8,694
"PUNJAB","RAWALPINDI","JHELUM","JHELUM","TEHSIL","URBAN",51950,51174,45195,6755,2791,42318,1258,4867,45,671
"PUNJAB","RAWALPINDI","JHELUM","PIND DADAN KHAN","TEHSIL","OVERALL",63599,58850,45390,18209,33958,22795,667,1132,34,5013
"PUNJAB","RAWALPINDI","JHELUM","PIND DADAN KHAN","TEHSIL","RURAL",52234,48323,38456,13778,26947,20130,641,348,15,4153
"PUNJAB","RAWALPINDI","JHELUM","PIND DADAN KHAN","TEHSIL","URBAN",11365,10527,6934,4431,7011,2665,26,784,19,860
"PUNJAB","RAWALPINDI","JHELUM","SOHAWA","TEHSIL","OVERALL",38034,35195,26146,11888,3242,27429,4535,336,25,2467
"PUNJAB","RAWALPINDI","JHELUM","SOHAWA","TEHSIL","RURAL",27892,25811,19507,8385,2216,21018,3038,6,22,1592
"PUNJAB","RAWALPINDI","JHELUM","SOHAWA","TEHSIL","URBAN",10142,9384,6639,3503,1026,6411,1497,330,3,875
"PUNJAB","LAHORE","KASUR","CHUNIAN","TEHSIL","OVERALL",158898,156509,129605,29293,33100,117186,1404,4318,83,2807
"PUNJAB","LAHORE","KASUR","CHUNIAN","TEHSIL","RURAL",124649,123072,102151,22498,23019,96121,1325,2127,64,1993
"PUNJAB","LAHORE","KASUR","CHUNIAN","TEHSIL","URBAN",34249,33437,27454,6795,10081,21065,79,2191,19,814
"PUNJAB","LAHORE","KASUR","KASUR","TEHSIL","OVERALL",253446,245539,212866,40580,68517,166374,904,9309,249,8093
"PUNJAB","LAHORE","KASUR","KASUR","TEHSIL","RURAL",138105,135167,119410,18695,30006,103308,666,1257,48,2820
"PUNJAB","LAHORE","KASUR","KASUR","TEHSIL","URBAN",115341,110372,93456,21885,38511,63066,238,8052,201,5273
"PUNJAB","LAHORE","KASUR","KOT RADHA KISHAN","TEHSIL","OVERALL",61054,60237,47704,13350,17103,41599,196,1292,40,824
"PUNJAB","LAHORE","KASUR","KOT RADHA KISHAN","TEHSIL","RURAL",45584,45083,36246,9338,11866,32098,167,904,38,511
"PUNJAB","LAHORE","KASUR","KOT RADHA KISHAN","TEHSIL","URBAN",15470,15154,11458,4012,5237,9501,29,388,2,313
"PUNJAB","LAHORE","KASUR","PATTOKI","TEHSIL","OVERALL",171910,169206,95264,76646,37600,107814,493,18863,2003,5137
"PUNJAB","LAHORE","KASUR","PATTOKI","TEHSIL","RURAL",134706,132876,84306,50400,28060,92616,432,9469,1301,2828
"PUNJAB","LAHORE","KASUR","PATTOKI","TEHSIL","URBAN",37204,36330,10958,26246,9540,15198,61,9394,702,2309
"PUNJAB","MULTAN","KHANEWAL","JAHANIAN","TEHSIL","OVERALL",61153,60433,50679,10474,6819,47746,125,5461,31,971
"PUNJAB","MULTAN","KHANEWAL","JAHANIAN","TEHSIL","RURAL",52940,52334,43272,9668,6631,40472,102,4893,20,822
"PUNJAB","MULTAN","KHANEWAL","JAHANIAN","TEHSIL","URBAN",8213,8099,7407,806,188,7274,23,568,11,149
"PUNJAB","MULTAN","KHANEWAL","KABIRWALA","TEHSIL","OVERALL",167410,164607,158889,8521,32399,130616,351,1217,42,2785
"PUNJAB","MULTAN","KHANEWAL","KABIRWALA","TEHSIL","RURAL",140146,137699,133175,6971,29720,107506,303,160,28,2429
"PUNJAB","MULTAN","KHANEWAL","KABIRWALA","TEHSIL","URBAN",27264,26908,25714,1550,2679,23110,48,1057,14,356
"PUNJAB","MULTAN","KHANEWAL","KHANEWAL","TEHSIL","OVERALL",152102,149883,138240,13862,15607,124404,434,9138,235,2284
"PUNJAB","MULTAN","KHANEWAL","KHANEWAL","TEHSIL","RURAL",101738,100173,96128,5610,13403,84279,307,2087,29,1633
"PUNJAB","MULTAN","KHANEWAL","KHANEWAL","TEHSIL","URBAN",50364,49710,42112,8252,2204,40125,127,7051,206,651
"PUNJAB","MULTAN","KHANEWAL","MIAN CHANNU","TEHSIL","OVERALL",145531,143610,132866,12665,12017,124206,372,6423,150,2363
"PUNJAB","MULTAN","KHANEWAL","MIAN CHANNU","TEHSIL","RURAL",115495,113780,105668,9827,10826,98108,311,4031,65,2154
"PUNJAB","MULTAN","KHANEWAL","MIAN CHANNU","TEHSIL","URBAN",30036,29830,27198,2838,1191,26098,61,2392,85,209
"PUNJAB","SARGODHA","KHUSHAB","KHUSHAB","TEHSIL","OVERALL",132388,124823,82038,50350,53089,62862,961,3150,331,11995
"PUNJAB","SARGODHA","KHUSHAB","KHUSHAB","TEHSIL","RURAL",74820,68061,48564,26256,32025,33816,887,989,57,7046
"PUNJAB","SARGODHA","KHUSHAB","KHUSHAB","TEHSIL","URBAN",57568,56762,33474,24094,21064,29046,74,2161,274,4949
"PUNJAB","SARGODHA","KHUSHAB","NOOR PUR","TEHSIL","OVERALL",51109,50533,32954,18155,5560,41805,62,112,7,3563
"PUNJAB","SARGODHA","KHUSHAB","NOOR PUR","TEHSIL","RURAL",47470,46918,31283,16187,5138,39118,55,64,5,3090
"PUNJAB","SARGODHA","KHUSHAB","NOOR PUR","TEHSIL","URBAN",3639,3615,1671,1968,422,2687,7,48,2,473
"PUNJAB","SARGODHA","KHUSHAB","NOWSHERA","TEHSIL","OVERALL",22280,21157,11982,10298,7530,12890,715,17,23,1105
"PUNJAB","SARGODHA","KHUSHAB","NOWSHERA","TEHSIL","RURAL",19128,18030,9481,9647,7156,10150,706,14,22,1080
"PUNJAB","SARGODHA","KHUSHAB","NOWSHERA","TEHSIL","URBAN",3152,3127,2501,651,374,2740,9,3,1,25
"PUNJAB","SARGODHA","KHUSHAB","QUAIDABAD","TEHSIL","OVERALL",42527,38818,29704,12823,16984,18152,263,49,118,6961
"PUNJAB","SARGODHA","KHUSHAB","QUAIDABAD","TEHSIL","RURAL",39165,35509,28258,10907,16767,16748,261,23,117,5249
"PUNJAB","SARGODHA","KHUSHAB","QUAIDABAD","TEHSIL","URBAN",3362,3309,1446,1916,217,1404,2,26,1,1712
"PUNJAB","LAHORE","LAHORE","LAHORE CANTT","TEHSIL","OVERALL",296525,291788,160176,136349,100336,83087,812,92009,15161,5120
"PUNJAB","LAHORE","LAHORE","LAHORE CANTT","TEHSIL","RURAL",NA,NA,NA,NA,NA,NA,NA,NA,NA,NA
"PUNJAB","LAHORE","LAHORE","LAHORE CANTT","TEHSIL","URBAN",296525,291788,160176,136349,100336,83087,812,92009,15161,5120
"PUNJAB","LAHORE","LAHORE","LAHORE CITY","TEHSIL","OVERALL",628597,620606,426948,201649,317420,144489,1072,146867,10791,7958
"PUNJAB","LAHORE","LAHORE","LAHORE CITY","TEHSIL","RURAL",NA,NA,NA,NA,NA,NA,NA,NA,NA,NA
"PUNJAB","LAHORE","LAHORE","LAHORE CITY","TEHSIL","URBAN",628597,620606,426948,201649,317420,144489,1072,146867,10791,7958
"PUNJAB","LAHORE","LAHORE","MODEL TOWN","TEHSIL","OVERALL",492344,481331,325647,166697,174416,185745,2021,101112,17658,11392
"PUNJAB","LAHORE","LAHORE","MODEL TOWN","TEHSIL","RURAL",NA,NA,NA,NA,NA,NA,NA,NA,NA,NA
"PUNJAB","LAHORE","LAHORE","MODEL TOWN","TEHSIL","URBAN",492344,481331,325647,166697,174416,185745,2021,101112,17658,11392
"PUNJAB","LAHORE","LAHORE","RAIWIND","TEHSIL","OVERALL",170679,161027,93983,76696,36610,78928,913,40177,3862,10189
"PUNJAB","LAHORE","LAHORE","RAIWIND","TEHSIL","RURAL",NA,NA,NA,NA,NA,NA,NA,NA,NA,NA
"PUNJAB","LAHORE","LAHORE","RAIWIND","TEHSIL","URBAN",170679,161027,93983,76696,36610,78928,913,40177,3862,10189
"PUNJAB","LAHORE","LAHORE","SHALIMAR","TEHSIL","OVERALL",422080,415825,277916,144164,190859,109876,2079,108781,4004,6481
"PUNJAB","LAHORE","LAHORE","SHALIMAR","TEHSIL","RURAL",NA,NA,NA,NA,NA,NA,NA,NA,NA,NA
"PUNJAB","LAHORE","LAHORE","SHALIMAR","TEHSIL","URBAN",422080,415825,277916,144164,190859,109876,2079,108781,4004,6481
"PUNJAB","DERA GHAZI KHAN","LAYYAH","CHOUBARA","TEHSIL","OVERALL",44032,43471,37338,6694,17389,25585,71,364,12,611
"PUNJAB","DERA GHAZI KHAN","LAYYAH","CHOUBARA","TEHSIL","RURAL",35400,34954,29324,6076,14884,19785,49,172,12,498
"PUNJAB","DERA GHAZI KHAN","LAYYAH","CHOUBARA","TEHSIL","URBAN",8632,8517,8014,618,2505,5800,22,192,NA,113
"PUNJAB","DERA GHAZI KHAN","LAYYAH","KAROR LAL ESAN","TEHSIL","OVERALL",109766,107443,101764,8002,16532,88683,229,352,129,3841
"PUNJAB","DERA GHAZI KHAN","LAYYAH","KAROR LAL ESAN","TEHSIL","RURAL",95119,94168,91001,4118,14260,79391,198,216,2,1052
"PUNJAB","DERA GHAZI KHAN","LAYYAH","KAROR LAL ESAN","TEHSIL","URBAN",14647,13275,10763,3884,2272,9292,31,136,127,2789
"PUNJAB","DERA GHAZI KHAN","LAYYAH","LAYYAH","TEHSIL","OVERALL",187333,185449,180644,6689,60080,122890,323,544,56,3440
"PUNJAB","DERA GHAZI KHAN","LAYYAH","LAYYAH","TEHSIL","RURAL",146807,145557,143655,3152,54852,90258,254,14,35,1394
"PUNJAB","DERA GHAZI KHAN","LAYYAH","LAYYAH","TEHSIL","URBAN",40526,39892,36989,3537,5228,32632,69,530,21,2046
"PUNJAB","MULTAN","LODHRAN","DUNYAPUR","TEHSIL","OVERALL",91308,85731,48356,42952,30176,35897,1158,15538,132,8407
"PUNJAB","MULTAN","LODHRAN","DUNYAPUR","TEHSIL","RURAL",82769,77231,44414,38355,27773,33389,1123,12043,104,8337
"PUNJAB","MULTAN","LODHRAN","DUNYAPUR","TEHSIL","URBAN",8539,8500,3942,4597,2403,2508,35,3495,28,70
"PUNJAB","MULTAN","LODHRAN","KAHROR PACCA","TEHSIL","OVERALL",104524,102141,99330,5194,8159,92083,340,1601,36,2305
"PUNJAB","MULTAN","LODHRAN","KAHROR PACCA","TEHSIL","RURAL",80122,78051,76695,3427,6674,70732,297,402,22,1995
"PUNJAB","MULTAN","LODHRAN","KAHROR PACCA","TEHSIL","URBAN",24402,24090,22635,1767,1485,21351,43,1199,14,310
"PUNJAB","MULTAN","LODHRAN","LODHRAN","TEHSIL","OVERALL",128034,124690,104206,23828,14273,96714,686,7312,2181,6868
"PUNJAB","MULTAN","LODHRAN","LODHRAN","TEHSIL","RURAL",104162,101097,84231,19931,12662,78527,353,4029,2041,6550
"PUNJAB","MULTAN","LODHRAN","LODHRAN","TEHSIL","URBAN",23872,23593,19975,3897,1611,18187,333,3283,140,318
"PUNJAB","GUJRANWALA","MANDI BAHAUDDIN","MALAKWAL","TEHSIL","OVERALL",68852,67797,49060,19792,22198,39994,94,5481,39,1046
"PUNJAB","GUJRANWALA","MANDI BAHAUDDIN","MALAKWAL","TEHSIL","RURAL",60096,59110,43438,16658,20312,33801,69,4914,17,983
"PUNJAB","GUJRANWALA","MANDI BAHAUDDIN","MALAKWAL","TEHSIL","URBAN",8756,8687,5622,3134,1886,6193,25,567,22,63
"PUNJAB","GUJRANWALA","MANDI BAHAUDDIN","MANDI BAHAUDDIN","TEHSIL","OVERALL",117780,114107,64638,53142,27316,52417,285,33717,201,3844
"PUNJAB","GUJRANWALA","MANDI BAHAUDDIN","MANDI BAHAUDDIN","TEHSIL","RURAL",80977,78242,52342,28635,24063,39330,254,14379,94,2857
"PUNJAB","GUJRANWALA","MANDI BAHAUDDIN","MANDI BAHAUDDIN","TEHSIL","URBAN",36803,35865,12296,24507,3253,13087,31,19338,107,987
"PUNJAB","GUJRANWALA","MANDI BAHAUDDIN","PHALIA","TEHSIL","OVERALL",99357,98825,51797,47560,27383,67029,189,4218,11,527
"PUNJAB","GUJRANWALA","MANDI BAHAUDDIN","PHALIA","TEHSIL","RURAL",89499,88992,46805,42694,25802,59263,164,3764,8,498
"PUNJAB","GUJRANWALA","MANDI BAHAUDDIN","PHALIA","TEHSIL","URBAN",9858,9833,4992,4866,1581,7766,25,454,3,29
"PUNJAB","SARGODHA","MIANWALI","ISAKHEL","TEHSIL","OVERALL",66271,57557,42435,23836,28243,24057,4312,524,211,8924
"PUNJAB","SARGODHA","MIANWALI","ISAKHEL","TEHSIL","RURAL",50370,42592,29937,20433,20737,17402,4110,50,204,7867
"PUNJAB","SARGODHA","MIANWALI","ISAKHEL","TEHSIL","URBAN",15901,14965,12498,3403,7506,6655,202,474,7,1057
"PUNJAB","SARGODHA","MIANWALI","MIANWALI","TEHSIL","OVERALL",154194,146914,135001,19193,42604,102394,1465,481,19,7231
"PUNJAB","SARGODHA","MIANWALI","MIANWALI","TEHSIL","RURAL",123792,117081,105114,18678,38342,76896,1412,460,15,6667
"PUNJAB","SARGODHA","MIANWALI","MIANWALI","TEHSIL","URBAN",30402,29833,29887,515,4262,25498,53,21,4,564
"PUNJAB","SARGODHA","MIANWALI","PIPLAN","TEHSIL","OVERALL",75874,73945,72626,3248,17890,55277,140,638,2,1927
"PUNJAB","SARGODHA","MIANWALI","PIPLAN","TEHSIL","RURAL",58031,56215,55031,3000,14832,40627,117,638,2,1815
"PUNJAB","SARGODHA","MIANWALI","PIPLAN","TEHSIL","URBAN",17843,17730,17595,248,3058,14650,23,NA,NA,112
"PUNJAB","MULTAN","MULTAN","JALALPUR PIRWALA","TEHSIL","OVERALL",104883,99364,80624,24259,28643,67561,365,1358,425,6531
"PUNJAB","MULTAN","MULTAN","JALALPUR PIRWALA","TEHSIL","RURAL",89879,84843,70956,18923,18739,63818,337,893,60,6032
"PUNJAB","MULTAN","MULTAN","JALALPUR PIRWALA","TEHSIL","URBAN",15004,14521,9668,5336,9904,3743,28,465,365,499
"PUNJAB","MULTAN","MULTAN","MULTAN CITY","TEHSIL","OVERALL",416791,411652,342195,74596,55743,296631,1063,56172,2038,5144
"PUNJAB","MULTAN","MULTAN","MULTAN CITY","TEHSIL","RURAL",63726,62733,56318,7408,11584,45159,235,5671,129,948
"PUNJAB","MULTAN","MULTAN","MULTAN CITY","TEHSIL","URBAN",353065,348919,285877,67188,44159,251472,828,50501,1909,4196
"PUNJAB","MULTAN","MULTAN","MULTAN SADDAR","TEHSIL","OVERALL",250073,245692,220010,30063,38356,190105,638,16128,469,4377
"PUNJAB","MULTAN","MULTAN","MULTAN SADDAR","TEHSIL","RURAL",235016,231184,212152,22864,35930,184329,627,9908,395,3827
"PUNJAB","MULTAN","MULTAN","MULTAN SADDAR","TEHSIL","URBAN",15057,14508,7858,7199,2426,5776,11,6220,74,550
"PUNJAB","MULTAN","MULTAN","SHUJABAD","TEHSIL","OVERALL",114645,111016,92102,22543,19000,77625,463,13153,63,4341
"PUNJAB","MULTAN","MULTAN","SHUJABAD","TEHSIL","RURAL",88127,85141,70194,17933,16871,57758,420,9339,44,3695
"PUNJAB","MULTAN","MULTAN","SHUJABAD","TEHSIL","URBAN",26518,25875,21908,4610,2129,19867,43,3814,19,646
"PUNJAB","DERA GHAZI KHAN","MUZAFFARGARH","ALIPUR","TEHSIL","OVERALL",110102,108188,102126,7976,35908,69411,305,1722,33,2723
"PUNJAB","DERA GHAZI KHAN","MUZAFFARGARH","ALIPUR","TEHSIL","RURAL",84074,82302,77945,6129,30024,50627,254,578,11,2580
"PUNJAB","DERA GHAZI KHAN","MUZAFFARGARH","ALIPUR","TEHSIL","URBAN",26028,25886,24181,1847,5884,18784,51,1144,22,143
NA,NA,"MUZAFFARGARH","CHOWK SARWAR SHAHEED","TEHSIL","OVERALL",66170,65718,58643,7527,22390,41966,108,761,21,924
NA,NA,"MUZAFFARGARH","CHOWK SARWAR SHAHEED","TEHSIL","RURAL",55566,55168,49409,6157,20957,33817,84,111,3,594
NA,NA,"MUZAFFARGARH","CHOWK SARWAR SHAHEED","TEHSIL","URBAN",10604,10550,9234,1370,1433,8149,24,650,18,330
"PUNJAB","DERA GHAZI KHAN","MUZAFFARGARH","JATOI","TEHSIL","OVERALL",137645,135638,134766,2879,57795,77372,172,230,106,1970
"PUNJAB","DERA GHAZI KHAN","MUZAFFARGARH","JATOI","TEHSIL","RURAL",101586,100157,99259,2327,42695,57176,143,77,100,1395
"PUNJAB","DERA GHAZI KHAN","MUZAFFARGARH","JATOI","TEHSIL","URBAN",36059,35481,35507,552,15100,20196,29,153,6,575
"PUNJAB","DERA GHAZI KHAN","MUZAFFARGARH","KOT ADDU","TEHSIL","OVERALL",185342,184627,183007,2335,85719,98373,179,347,22,702
"PUNJAB","DERA GHAZI KHAN","MUZAFFARGARH","KOT ADDU","TEHSIL","RURAL",146836,146208,144884,1952,73300,72557,142,215,7,615
"PUNJAB","DERA GHAZI KHAN","MUZAFFARGARH","KOT ADDU","TEHSIL","URBAN",38506,38419,38123,383,12419,25816,37,132,15,87
"PUNJAB","DERA GHAZI KHAN","MUZAFFARGARH","MUZAFFARGARH","TEHSIL","OVERALL",305179,301866,277759,27420,162539,129829,439,8543,133,3696
"PUNJAB","DERA GHAZI KHAN","MUZAFFARGARH","MUZAFFARGARH","TEHSIL","RURAL",264551,261549,244242,20309,148275,109695,380,3092,53,3056
"PUNJAB","DERA GHAZI KHAN","MUZAFFARGARH","MUZAFFARGARH","TEHSIL","URBAN",40628,40317,33517,7111,14264,20134,59,5451,80,640
"PUNJAB","LAHORE","NANKANA SAHIB","NANKANA SAHIB","TEHSIL","OVERALL",160419,150374,58869,101550,20012,87706,297,34198,975,17231
"PUNJAB","LAHORE","NANKANA SAHIB","NANKANA SAHIB","TEHSIL","RURAL",139908,134530,55352,84556,19040,82968,280,28394,889,8337
"PUNJAB","LAHORE","NANKANA SAHIB","NANKANA SAHIB","TEHSIL","URBAN",20511,15844,3517,16994,972,4738,17,5804,86,8894
"PUNJAB","LAHORE","NANKANA SAHIB","SANGLA HILL","TEHSIL","OVERALL",41181,40093,11904,29277,5954,32643,113,975,34,1462
"PUNJAB","LAHORE","NANKANA SAHIB","SANGLA HILL","TEHSIL","RURAL",25087,24951,9015,16072,3433,20734,55,669,4,192
"PUNJAB","LAHORE","NANKANA SAHIB","SANGLA HILL","TEHSIL","URBAN",16094,15142,2889,13205,2521,11909,58,306,30,1270
"PUNJAB","LAHORE","NANKANA SAHIB","SHAH KOT","TEHSIL","OVERALL",45356,37840,10101,35255,13585,11046,231,11891,139,8464
"PUNJAB","LAHORE","NANKANA SAHIB","SHAH KOT","TEHSIL","RURAL",31174,26221,8386,22788,10824,8800,189,6002,129,5230
"PUNJAB","LAHORE","NANKANA SAHIB","SHAH KOT","TEHSIL","URBAN",14182,11619,1715,12467,2761,2246,42,5889,10,3234
"PUNJAB","GUJRANWALA","NAROWAL","NAROWAL","TEHSIL","OVERALL",100371,98971,72990,27381,13616,75072,203,10064,18,1398
"PUNJAB","GUJRANWALA","NAROWAL","NAROWAL","TEHSIL","RURAL",73856,72546,50850,23006,7635,56699,162,8038,14,1308
"PUNJAB","GUJRANWALA","NAROWAL","NAROWAL","TEHSIL","URBAN",26515,26425,22140,4375,5981,18373,41,2026,4,90
"PUNJAB","GUJRANWALA","NAROWAL","SHAKARGARH","TEHSIL","OVERALL",108734,107613,105535,3199,9796,96696,355,763,11,1113
"PUNJAB","GUJRANWALA","NAROWAL","SHAKARGARH","TEHSIL","RURAL",89118,88262,86676,2442,8924,78657,260,418,9,850
"PUNJAB","GUJRANWALA","NAROWAL","SHAKARGARH","TEHSIL","URBAN",19616,19351,18859,757,872,18039,95,345,2,263
"PUNJAB","GUJRANWALA","NAROWAL","ZAFARWAL","TEHSIL","OVERALL",72431,71627,61807,10624,8066,60685,239,2637,4,800
"PUNJAB","GUJRANWALA","NAROWAL","ZAFARWAL","TEHSIL","RURAL",64256,63489,54033,10223,7915,52936,228,2411,3,763
"PUNJAB","GUJRANWALA","NAROWAL","ZAFARWAL","TEHSIL","URBAN",8175,8138,7774,401,151,7749,11,226,1,37
"PUNJAB","SAHIWAL","OKARA","DEPALPUR","TEHSIL","OVERALL",254479,248491,207463,47016,24019,207293,2038,13896,703,6530
"PUNJAB","SAHIWAL","OKARA","DEPALPUR","TEHSIL","RURAL",179234,174809,143811,35423,16540,148630,1825,7491,103,4645
"PUNJAB","SAHIWAL","OKARA","DEPALPUR","TEHSIL","URBAN",75245,73682,63652,11593,7479,58663,213,6405,600,1885
"PUNJAB","SAHIWAL","OKARA","OKARA","TEHSIL","OVERALL",216075,213157,158537,57538,24813,147787,489,38056,126,4804
"PUNJAB","SAHIWAL","OKARA","OKARA","TEHSIL","RURAL",117278,115432,92418,24860,16378,85819,216,12843,45,1977
"PUNJAB","SAHIWAL","OKARA","OKARA","TEHSIL","URBAN",98797,97725,66119,32678,8435,61968,273,25213,81,2827
"PUNJAB","SAHIWAL","OKARA","RENALA KHURD","TEHSIL","OVERALL",79170,77457,49744,29426,18177,51984,234,6847,21,1907
"PUNJAB","SAHIWAL","OKARA","RENALA KHURD","TEHSIL","RURAL",64134,62514,37466,26668,17510,39907,202,4692,16,1807
"PUNJAB","SAHIWAL","OKARA","RENALA KHURD","TEHSIL","URBAN",15036,14943,12278,2758,667,12077,32,2155,5,100
"PUNJAB","SAHIWAL","PAKPATTAN","ARIF WALA","TEHSIL","OVERALL",160886,154793,127151,33735,28176,113525,1100,11717,80,6288
"PUNJAB","SAHIWAL","PAKPATTAN","ARIF WALA","TEHSIL","RURAL",127151,121855,101739,25412,13319,98286,1056,9138,62,5290
"PUNJAB","SAHIWAL","PAKPATTAN","ARIF WALA","TEHSIL","URBAN",33735,32938,25412,8323,14857,15239,44,2579,18,998
"PUNJAB","SAHIWAL","PAKPATTAN","PAKPATTAN","TEHSIL","OVERALL",183660,175984,161478,22182,24911,146881,1539,2175,120,8034
"PUNJAB","SAHIWAL","PAKPATTAN","PAKPATTAN","TEHSIL","RURAL",140265,134270,123313,16952,14047,117421,1389,1277,105,6026
"PUNJAB","SAHIWAL","PAKPATTAN","PAKPATTAN","TEHSIL","URBAN",43395,41714,38165,5230,10864,29460,150,898,15,2008
"PUNJAB","BAHAWALPUR","RAHIM YAR KHAN","KHANPUR","TEHSIL","OVERALL",170828,166365,138510,32318,61593,92153,477,11782,268,4555
"PUNJAB","BAHAWALPUR","RAHIM YAR KHAN","KHANPUR","TEHSIL","RURAL",122933,118899,99116,23817,49436,63697,394,5091,200,4115
"PUNJAB","BAHAWALPUR","RAHIM YAR KHAN","KHANPUR","TEHSIL","URBAN",47895,47466,39394,8501,12157,28456,83,6691,68,440
"PUNJAB","BAHAWALPUR","RAHIM YAR KHAN","LIAQUAT PUR","TEHSIL","OVERALL",177831,172048,134089,43742,81054,81765,688,7876,225,6223
"PUNJAB","BAHAWALPUR","RAHIM YAR KHAN","LIAQUAT PUR","TEHSIL","RURAL",162235,156807,125039,37196,74846,77196,675,3459,203,5856
"PUNJAB","BAHAWALPUR","RAHIM YAR KHAN","LIAQUAT PUR","TEHSIL","URBAN",15596,15241,9050,6546,6208,4569,13,4417,22,367
"PUNJAB","BAHAWALPUR","RAHIM YAR KHAN","RAHIM YAR KHAN","TEHSIL","OVERALL",266856,260144,166505,100351,77336,136558,650,35107,3142,14063
"PUNJAB","BAHAWALPUR","RAHIM YAR KHAN","RAHIM YAR KHAN","TEHSIL","RURAL",172658,168572,130517,42141,61849,98321,486,7394,147,4461
"PUNJAB","BAHAWALPUR","RAHIM YAR KHAN","RAHIM YAR KHAN","TEHSIL","URBAN",94198,91572,35988,58210,15487,38237,164,27713,2995,9602
"PUNJAB","BAHAWALPUR","RAHIM YAR KHAN","SADIQABAD","TEHSIL","OVERALL",211427,206384,131791,79636,62215,110255,892,21324,2977,13764
"PUNJAB","BAHAWALPUR","RAHIM YAR KHAN","SADIQABAD","TEHSIL","RURAL",159256,156085,116387,42869,52705,90882,740,7078,927,6924
"PUNJAB","BAHAWALPUR","RAHIM YAR KHAN","SADIQABAD","TEHSIL","URBAN",52171,50299,15404,36767,9510,19373,152,14246,2050,6840
"PUNJAB","DERA GHAZI KHAN","RAJANPUR","RAJANPUR","DE-EXCLUDED_AREA","OVERALL",6438,890,156,6282,156,680,391,NA,9,5202
"PUNJAB","DERA GHAZI KHAN","RAJANPUR","RAJANPUR","DE-EXCLUDED_AREA","RURAL",6438,890,156,6282,156,680,391,NA,9,5202
"PUNJAB","DERA GHAZI KHAN","RAJANPUR","RAJANPUR","DE-EXCLUDED_AREA","URBAN",NA,NA,NA,NA,NA,NA,NA,NA,NA,NA
"PUNJAB","DERA GHAZI KHAN","RAJANPUR","JAMPUR","TEHSIL","OVERALL",150958,135396,112520,38438,62052,70882,3444,363,569,13648
"PUNJAB","DERA GHAZI KHAN","RAJANPUR","JAMPUR","TEHSIL","RURAL",105245,92469,73658,31587,47012,44203,2847,43,400,10740
"PUNJAB","DERA GHAZI KHAN","RAJANPUR","JAMPUR","TEHSIL","URBAN",45713,42927,38862,6851,15040,26679,597,320,169,2908
"PUNJAB","DERA GHAZI KHAN","RAJANPUR","RAJANPUR","TEHSIL","OVERALL",129625,120733,112566,17059,44779,73476,932,723,1485,8230
"PUNJAB","DERA GHAZI KHAN","RAJANPUR","RAJANPUR","TEHSIL","RURAL",81728,73269,67352,14376,29195,42740,833,222,930,7808
"PUNJAB","DERA GHAZI KHAN","RAJANPUR","RAJANPUR","TEHSIL","URBAN",47897,47464,45214,2683,15584,30736,99,501,555,422
"PUNJAB","DERA GHAZI KHAN","RAJANPUR","ROJHAN","TEHSIL","OVERALL",66995,60762,46096,20899,36637,22497,409,655,321,6476
"PUNJAB","DERA GHAZI KHAN","RAJANPUR","ROJHAN","TEHSIL","RURAL",64094,58915,43965,20129,35241,22411,408,590,300,5144
"PUNJAB","DERA GHAZI KHAN","RAJANPUR","ROJHAN","TEHSIL","URBAN",2901,1847,2131,770,1396,86,1,65,21,1332
"PUNJAB","RAWALPINDI","RAWALPINDI","GUJAR KHAN","TEHSIL","OVERALL",130608,124573,103008,27600,12958,91447,20217,740,62,5184
"PUNJAB","RAWALPINDI","RAWALPINDI","GUJAR KHAN","TEHSIL","RURAL",109488,104444,85974,23514,8400,77205,19427,222,33,4201
"PUNJAB","RAWALPINDI","RAWALPINDI","GUJAR KHAN","TEHSIL","URBAN",21120,20129,17034,4086,4558,14242,790,518,29,983
"PUNJAB","RAWALPINDI","RAWALPINDI","KAHUTA","TEHSIL","OVERALL",43648,38343,27870,15778,5806,26806,6795,138,18,4085
"PUNJAB","RAWALPINDI","RAWALPINDI","KAHUTA","TEHSIL","RURAL",29920,25140,16249,13671,5072,15386,6129,5,10,3318
"PUNJAB","RAWALPINDI","RAWALPINDI","KAHUTA","TEHSIL","URBAN",13728,13203,11621,2107,734,11420,666,133,8,767
NA,NA,"RAWALPINDI","KALLAR SAYADDAN","TEHSIL","OVERALL",41620,38447,27914,13706,2766,25640,10504,181,36,2493
NA,NA,"RAWALPINDI","KALLAR SAYADDAN","TEHSIL","RURAL",31447,29386,21191,10256,1555,19897,8495,101,26,1373
NA,NA,"RAWALPINDI","KALLAR SAYADDAN","TEHSIL","URBAN",10173,9061,6723,3450,1211,5743,2009,80,10,1120
"PUNJAB","RAWALPINDI","RAWALPINDI","KOTLI SATTIAN","TEHSIL","OVERALL",20907,9141,4002,16905,6690,1845,1224,2,5,11141
"PUNJAB","RAWALPINDI","RAWALPINDI","KOTLI SATTIAN","TEHSIL","RURAL",16637,6650,3067,13570,4823,1436,994,2,5,9377
"PUNJAB","RAWALPINDI","RAWALPINDI","KOTLI SATTIAN","TEHSIL","URBAN",4270,2491,935,3335,1867,409,230,NA,NA,1764
"PUNJAB","RAWALPINDI","RAWALPINDI","MURREE","TEHSIL","OVERALL",45280,16716,9322,35958,10356,4941,1802,332,33,27816
"PUNJAB","RAWALPINDI","RAWALPINDI","MURREE","TEHSIL","RURAL",41198,13485,8220,32978,8361,4076,1768,6,23,26964
"PUNJAB","RAWALPINDI","RAWALPINDI","MURREE","TEHSIL","URBAN",4082,3231,1102,2980,1995,865,34,326,10,852
"PUNJAB","RAWALPINDI","RAWALPINDI","RAWALPINDI","TEHSIL","OVERALL",589748,573439,321365,268383,221879,204896,21314,84598,6550,50511
"PUNJAB","RAWALPINDI","RAWALPINDI","RAWALPINDI","TEHSIL","RURAL",62208,59492,49631,12577,6437,44040,8550,599,46,2536
"PUNJAB","RAWALPINDI","RAWALPINDI","RAWALPINDI","TEHSIL","URBAN",527540,513947,271734,255806,215442,160856,12764,83999,6504,47975
"PUNJAB","RAWALPINDI","RAWALPINDI","TAXILA","TEHSIL","OVERALL",126189,124772,115045,11144,34884,84348,3343,2049,124,1441
"PUNJAB","RAWALPINDI","RAWALPINDI","TAXILA","TEHSIL","RURAL",34364,33402,29442,4922,6237,25136,1839,127,54,971
"PUNJAB","RAWALPINDI","RAWALPINDI","TAXILA","TEHSIL","URBAN",91825,91370,85603,6222,28647,59212,1504,1922,70,470
"PUNJAB","SAHIWAL","SAHIWAL","CHICHAWATNI","TEHSIL","OVERALL",176270,172370,111354,64916,20893,106869,350,42974,66,5118
"PUNJAB","SAHIWAL","SAHIWAL","CHICHAWATNI","TEHSIL","RURAL",158484,154865,102332,56152,19215,98223,309,35905,43,4789
"PUNJAB","SAHIWAL","SAHIWAL","CHICHAWATNI","TEHSIL","URBAN",17786,17505,9022,8764,1678,8646,41,7069,23,329
"PUNJAB","SAHIWAL","SAHIWAL","SAHIWAL","TEHSIL","OVERALL",270336,265867,224446,45890,29294,206366,784,29053,257,4582
"PUNJAB","SAHIWAL","SAHIWAL","SAHIWAL","TEHSIL","RURAL",165964,162560,141085,24879,22051,128157,507,11821,38,3390
"PUNJAB","SAHIWAL","SAHIWAL","SAHIWAL","TEHSIL","URBAN",104372,103307,83361,21011,7243,78209,277,17232,219,1192
"PUNJAB","SARGODHA","SARGODHA","BHALWAL","TEHSIL","OVERALL",67654,66249,28463,39191,13420,34377,69,8842,269,10677
"PUNJAB","SARGODHA","SARGODHA","BHALWAL","TEHSIL","RURAL",41882,40827,25299,16583,11413,27632,52,1065,4,1716
"PUNJAB","SARGODHA","SARGODHA","BHALWAL","TEHSIL","URBAN",25772,25422,3164,22608,2007,6745,17,7777,265,8961
"PUNJAB","SARGODHA","SARGODHA","BHERA","TEHSIL","OVERALL",64910,59707,48713,16197,29803,26597,176,1381,80,6873
"PUNJAB","SARGODHA","SARGODHA","BHERA","TEHSIL","RURAL",45823,44679,38891,6932,24217,19955,82,256,63,1250
"PUNJAB","SARGODHA","SARGODHA","BHERA","TEHSIL","URBAN",19087,15028,9822,9265,5586,6642,94,1125,17,5623
"PUNJAB","SARGODHA","SARGODHA","KOT MOMIN","TEHSIL","OVERALL",79456,78491,58949,20507,37136,39155,168,874,20,2103
"PUNJAB","SARGODHA","SARGODHA","KOT MOMIN","TEHSIL","RURAL",69894,69056,55114,14780,32424,35910,161,537,14,848
"PUNJAB","SARGODHA","SARGODHA","KOT MOMIN","TEHSIL","URBAN",9562,9435,3835,5727,4712,3245,7,337,6,1255
"PUNJAB","SARGODHA","SARGODHA","SAHIWAL","TEHSIL","OVERALL",62790,62413,60177,2613,19553,42469,102,302,2,362
"PUNJAB","SARGODHA","SARGODHA","SAHIWAL","TEHSIL","RURAL",47812,47478,46144,1668,15949,31409,68,66,1,319
"PUNJAB","SARGODHA","SARGODHA","SAHIWAL","TEHSIL","URBAN",14978,14935,14033,945,3604,11060,34,236,1,43
"PUNJAB","SARGODHA","SARGODHA","SARGODHA","TEHSIL","OVERALL",280479,266923,147455,133024,103539,121894,692,17895,4798,31661
"PUNJAB","SARGODHA","SARGODHA","SARGODHA","TEHSIL","RURAL",113598,110206,66516,47082,52195,53869,220,1655,20,5639
"PUNJAB","SARGODHA","SARGODHA","SARGODHA","TEHSIL","URBAN",166881,156717,80939,85942,51344,68025,472,16240,4778,26022
"PUNJAB","SARGODHA","SARGODHA","SHAHPUR","TEHSIL","OVERALL",70184,69033,60855,9329,24540,41809,149,1084,14,2588
"PUNJAB","SARGODHA","SARGODHA","SHAHPUR","TEHSIL","RURAL",54215,53188,49250,4965,20413,32470,119,202,NA,1011
"PUNJAB","SARGODHA","SARGODHA","SHAHPUR","TEHSIL","URBAN",15969,15845,11605,4364,4127,9339,30,882,14,1577
"PUNJAB","SARGODHA","SARGODHA","SILLANWALI","TEHSIL","OVERALL",58848,58089,43314,15534,18321,37757,90,1884,7,789
"PUNJAB","SARGODHA","SARGODHA","SILLANWALI","TEHSIL","RURAL",51752,51126,37169,14583,15983,33780,74,1264,3,648
"PUNJAB","SARGODHA","SARGODHA","SILLANWALI","TEHSIL","URBAN",7096,6963,6145,951,2338,3977,16,620,4,141
"PUNJAB","LAHORE","SHEIKHUPURA","FEROZEWALA","TEHSIL","OVERALL",144449,142076,117379,27070,20993,103905,778,16355,99,2319
"PUNJAB","LAHORE","SHEIKHUPURA","FEROZEWALA","TEHSIL","RURAL",95343,94432,81246,14097,9957,74875,363,9240,32,876
"PUNJAB","LAHORE","SHEIKHUPURA","FEROZEWALA","TEHSIL","URBAN",49106,47644,36133,12973,11036,29030,415,7115,67,1443
"PUNJAB","LAHORE","SHEIKHUPURA","MURIDKE","TEHSIL","OVERALL",102033,101016,75313,26720,15061,72671,233,13005,37,1026
"PUNJAB","LAHORE","SHEIKHUPURA","MURIDKE","TEHSIL","RURAL",55268,55102,40418,14850,8743,40672,147,5523,14,169
"PUNJAB","LAHORE","SHEIKHUPURA","MURIDKE","TEHSIL","URBAN",46765,45914,34895,11870,6318,31999,86,7482,23,857
"PUNJAB","LAHORE","SHEIKHUPURA","SAFDARABAD","TEHSIL","OVERALL",45522,43303,25354,20168,16372,23142,48,3078,11,2871
"PUNJAB","LAHORE","SHEIKHUPURA","SAFDARABAD","TEHSIL","RURAL",32330,31065,18923,13407,11497,16700,32,2711,5,1385
"PUNJAB","LAHORE","SHEIKHUPURA","SAFDARABAD","TEHSIL","URBAN",13192,12238,6431,6761,4875,6442,16,367,6,1486
"PUNJAB","LAHORE","SHEIKHUPURA","SHARAK PUR","TEHSIL","OVERALL",35648,35384,30042,5606,7903,25604,55,1723,107,256
"PUNJAB","LAHORE","SHEIKHUPURA","SHARAK PUR","TEHSIL","RURAL",27825,27621,23562,4263,2572,24036,41,874,101,201
"PUNJAB","LAHORE","SHEIKHUPURA","SHARAK PUR","TEHSIL","URBAN",7823,7763,6480,1343,5331,1568,14,849,6,55
"PUNJAB","LAHORE","SHEIKHUPURA","SHEIKHUPURA","TEHSIL","OVERALL",265608,255471,174062,91546,34945,164702,1786,47366,301,16508
"PUNJAB","LAHORE","SHEIKHUPURA","SHEIKHUPURA","TEHSIL","RURAL",151380,144510,104130,47250,22644,97871,1393,18043,50,11379
"PUNJAB","LAHORE","SHEIKHUPURA","SHEIKHUPURA","TEHSIL","URBAN",114228,110961,69932,44296,12301,66831,393,29323,251,5129
"PUNJAB","GUJRANWALA","SIALKOT","DASKA","TEHSIL","OVERALL",143666,142631,103362,40304,12641,98783,419,30763,47,1013
"PUNJAB","GUJRANWALA","SIALKOT","DASKA","TEHSIL","RURAL",104824,103965,78424,26400,10114,75148,318,18386,34,824
"PUNJAB","GUJRANWALA","SIALKOT","DASKA","TEHSIL","URBAN",38842,38666,24938,13904,2527,23635,101,12377,13,189
"PUNJAB","GUJRANWALA","SIALKOT","PASRUR","TEHSIL","OVERALL",139334,138264,96103,43231,18142,106136,408,13556,47,1045
"PUNJAB","GUJRANWALA","SIALKOT","PASRUR","TEHSIL","RURAL",119326,118337,82415,36911,11416,94787,373,11758,27,965
"PUNJAB","GUJRANWALA","SIALKOT","PASRUR","TEHSIL","URBAN",20008,19927,13688,6320,6726,11349,35,1798,20,80
"PUNJAB","GUJRANWALA","SIALKOT","SAMBRIAL","TEHSIL","OVERALL",71680,70632,51331,20349,10132,48515,182,11758,33,1060
"PUNJAB","GUJRANWALA","SIALKOT","SAMBRIAL","TEHSIL","RURAL",48433,47472,33980,14453,6791,32720,103,7830,16,973
"PUNJAB","GUJRANWALA","SIALKOT","SAMBRIAL","TEHSIL","URBAN",23247,23160,17351,5896,3341,15795,79,3928,17,87
"PUNJAB","GUJRANWALA","SIALKOT","SIALKOT","TEHSIL","OVERALL",316640,313268,161053,155587,46414,144162,851,121549,292,3372
"PUNJAB","GUJRANWALA","SIALKOT","SIALKOT","TEHSIL","RURAL",173023,171178,95683,77340,19065,95655,447,55922,120,1814
"PUNJAB","GUJRANWALA","SIALKOT","SIALKOT","TEHSIL","URBAN",143617,142090,65370,78247,27349,48507,404,65627,172,1558
"PUNJAB","FAISALABAD","TOBA TEK SINGH","GOJRA","TEHSIL","OVERALL",114653,109762,62134,52519,35386,56522,436,12118,2138,8053
"PUNJAB","FAISALABAD","TOBA TEK SINGH","GOJRA","TEHSIL","RURAL",80848,77655,47577,33271,28698,42461,229,3360,152,5948
"PUNJAB","FAISALABAD","TOBA TEK SINGH","GOJRA","TEHSIL","URBAN",33805,32107,14557,19248,6688,14061,207,8758,1986,2105
"PUNJAB","FAISALABAD","TOBA TEK SINGH","KAMALIA","TEHSIL","OVERALL",67925,66870,55068,12857,19316,44368,289,2881,32,1039
"PUNJAB","FAISALABAD","TOBA TEK SINGH","KAMALIA","TEHSIL","RURAL",40148,39414,33726,6422,7790,30133,226,1268,10,721
"PUNJAB","FAISALABAD","TOBA TEK SINGH","KAMALIA","TEHSIL","URBAN",27777,27456,21342,6435,11526,14235,63,1613,22,318
"PUNJAB","FAISALABAD","TOBA TEK SINGH","PIRMAHAL","TEHSIL","OVERALL",77813,75645,57931,19882,29712,38274,513,6505,579,2230
"PUNJAB","FAISALABAD","TOBA TEK SINGH","PIRMAHAL","TEHSIL","RURAL",67723,65703,51729,15994,25125,35355,479,4270,489,2005
"PUNJAB","FAISALABAD","TOBA TEK SINGH","PIRMAHAL","TEHSIL","URBAN",10090,9942,6202,3888,4587,2919,34,2235,90,225
"PUNJAB","FAISALABAD","TOBA TEK SINGH","TOBA TEK SINGH","TEHSIL","OVERALL",133505,127447,89263,44242,47910,65958,414,10797,1121,7305
"PUNJAB","FAISALABAD","TOBA TEK SINGH","TOBA TEK SINGH","TEHSIL","RURAL",113635,108948,80129,33506,41629,59404,366,5794,652,5790
"PUNJAB","FAISALABAD","TOBA TEK SINGH","TOBA TEK SINGH","TEHSIL","URBAN",19870,18499,9134,10736,6281,6554,48,5003,469,1515
"PUNJAB","MULTAN","VEHARI","BUREWALA","TEHSIL","OVERALL",190350,184670,151030,39320,17561,145760,976,20278,95,5680
"PUNJAB","MULTAN","VEHARI","BUREWALA","TEHSIL","RURAL",133186,129167,111003,22183,9821,110059,581,8617,52,4056
"PUNJAB","MULTAN","VEHARI","BUREWALA","TEHSIL","URBAN",57164,55503,40027,17137,7740,35701,395,11661,43,1624
"PUNJAB","MULTAN","VEHARI","MAILSI","TEHSIL","OVERALL",177997,173514,161443,16554,30371,138149,1154,3385,510,4428
"PUNJAB","MULTAN","VEHARI","MAILSI","TEHSIL","RURAL",144266,140642,131549,12717,23434,113695,1083,2193,432,3429
"PUNJAB","MULTAN","VEHARI","MAILSI","TEHSIL","URBAN",33731,32872,29894,3837,6937,24454,71,1192,78,999
"PUNJAB","MULTAN","VEHARI","VEHARI","TEHSIL","OVERALL",174689,170265,132264,42425,16216,125041,993,27431,228,4780
"PUNJAB","MULTAN","VEHARI","VEHARI","TEHSIL","RURAL",141019,137086,112566,28453,12685,107587,934,15558,53,4202
"PUNJAB","MULTAN","VEHARI","VEHARI","TEHSIL","URBAN",33670,33179,19698,13972,3531,17454,59,11873,175,578
"SINDH","HYDERABAD","BADIN","BADIN","TALUKA","OVERALL",100478,90548,57650,42828,35903,51868,2276,1437,77,8917
"SINDH","HYDERABAD","BADIN","BADIN","TALUKA","RURAL",72403,64137,39009,33394,23383,39588,1790,283,22,7337
"SINDH","HYDERABAD","BADIN","BADIN","TALUKA","URBAN",28075,26411,18641,9434,12520,12280,486,1154,55,1580
"SINDH","HYDERABAD","BADIN","GOLARCHI (S.F.RAHU)","TALUKA","OVERALL",72516,65167,30491,42025,34674,29010,2174,279,95,6284
"SINDH","HYDERABAD","BADIN","GOLARCHI (S.F.RAHU)","TALUKA","RURAL",62169,55284,24695,37474,29285,24869,2123,58,24,5810
"SINDH","HYDERABAD","BADIN","GOLARCHI (S.F.RAHU)","TALUKA","URBAN",10347,9883,5796,4551,5389,4141,51,221,71,474
"SINDH","HYDERABAD","BADIN","MATLI","TALUKA","OVERALL",95264,87084,41550,53714,41542,42717,1652,1016,1136,7201
"SINDH","HYDERABAD","BADIN","MATLI","TALUKA","RURAL",72924,65906,30170,42754,34655,29643,1106,511,902,6107
"SINDH","HYDERABAD","BADIN","MATLI","TALUKA","URBAN",22340,21178,11380,10960,6887,13074,546,505,234,1094
"SINDH","HYDERABAD","BADIN","TALHAR","TALUKA","OVERALL",39276,37503,24079,15197,19279,17710,472,12,110,1693
"SINDH","HYDERABAD","BADIN","TALHAR","TALUKA","RURAL",28732,27478,17264,11468,14825,12408,443,8,77,971
"SINDH","HYDERABAD","BADIN","TALHAR","TALUKA","URBAN",10544,10025,6815,3729,4454,5302,29,4,33,722
"SINDH","HYDERABAD","BADIN","TANDO BAGO","TALUKA","OVERALL",90358,74907,39875,50483,34022,39809,2727,171,91,13538
"SINDH","HYDERABAD","BADIN","TANDO BAGO","TALUKA","RURAL",75721,62470,32526,43195,29556,32196,2157,80,24,11708
"SINDH","HYDERABAD","BADIN","TANDO BAGO","TALUKA","URBAN",14637,12437,7349,7288,4466,7613,570,91,67,1830
"SINDH","HYDERABAD","DADU","DADU","TALUKA","OVERALL",96196,92859,77720,18476,42454,45540,1310,729,1728,4435
"SINDH","HYDERABAD","DADU","DADU","TALUKA","RURAL",58994,56522,48285,10709,29704,25705,1258,130,268,1929
"SINDH","HYDERABAD","DADU","DADU","TALUKA","URBAN",37202,36337,29435,7767,12750,19835,52,599,1460,2506
"SINDH","HYDERABAD","DADU","JOHI","TALUKA","OVERALL",65519,56908,15090,50429,25315,28412,5274,69,159,6290
"SINDH","HYDERABAD","DADU","JOHI","TALUKA","RURAL",58268,49948,12961,45307,20581,26341,5265,44,38,5999
"SINDH","HYDERABAD","DADU","JOHI","TALUKA","URBAN",7251,6960,2129,5122,4734,2071,9,25,121,291
"SINDH","HYDERABAD","DADU","KHAIRPUR NATHAN SHAH","TALUKA","OVERALL",76844,70974,43103,33741,27063,40542,1886,34,1530,5789
"SINDH","HYDERABAD","DADU","KHAIRPUR NATHAN SHAH","TALUKA","RURAL",59964,56348,36096,23868,21326,33623,1862,31,315,2807
"SINDH","HYDERABAD","DADU","KHAIRPUR NATHAN SHAH","TALUKA","URBAN",16880,14626,7007,9873,5737,6919,24,3,1215,2982
"SINDH","HYDERABAD","DADU","MEHAR","TALUKA","OVERALL",101912,96064,63119,38793,44968,45201,4769,811,2072,4091
"SINDH","HYDERABAD","DADU","MEHAR","TALUKA","RURAL",79381,74378,50039,29342,35644,35812,4689,183,601,2452
"SINDH","HYDERABAD","DADU","MEHAR","TALUKA","URBAN",22531,21686,13080,9451,9324,9389,80,628,1471,1639
"SINDH","SUKKUR","GHOTKI","DAHARKI","TALUKA","OVERALL",62056,60297,43782,18274,27398,31098,96,1625,98,1741
"SINDH","SUKKUR","GHOTKI","DAHARKI","TALUKA","RURAL",45686,44212,30256,15430,22546,21549,69,51,4,1467
"SINDH","SUKKUR","GHOTKI","DAHARKI","TALUKA","URBAN",16370,16085,13526,2844,4852,9549,27,1574,94,274
"SINDH","SUKKUR","GHOTKI","GHOTKI","TALUKA","OVERALL",100749,99272,98138,2611,41237,57811,256,17,25,1403
"SINDH","SUKKUR","GHOTKI","GHOTKI","TALUKA","RURAL",77059,75732,75002,2057,35130,40448,165,3,10,1303
"SINDH","SUKKUR","GHOTKI","GHOTKI","TALUKA","URBAN",23690,23540,23136,554,6107,17363,91,14,15,100
"SINDH","SUKKUR","GHOTKI","KHANGARH","TALUKA","OVERALL",32258,30989,23699,8559,14120,16714,59,49,66,1250
"SINDH","SUKKUR","GHOTKI","KHANGARH","TALUKA","RURAL",25835,24816,18979,6856,11925,12814,48,46,NA,1002
"SINDH","SUKKUR","GHOTKI","KHANGARH","TALUKA","URBAN",6423,6173,4720,1703,2195,3900,11,3,66,248
"SINDH","SUKKUR","GHOTKI","MIRPUR MATHELO","TALUKA","OVERALL",67869,66034,55909,11960,32423,33506,76,27,13,1824
"SINDH","SUKKUR","GHOTKI","MIRPUR MATHELO","TALUKA","RURAL",53674,51995,42434,11240,29210,22718,60,2,13,1671
"SINDH","SUKKUR","GHOTKI","MIRPUR MATHELO","TALUKA","URBAN",14195,14039,13475,720,3213,10788,16,25,NA,153
"SINDH","SUKKUR","GHOTKI","UBAURO","TALUKA","OVERALL",68114,66718,65193,2921,33781,32412,148,406,6,1361
"SINDH","SUKKUR","GHOTKI","UBAURO","TALUKA","RURAL",59266,57872,56800,2466,32822,24544,136,400,5,1359
"SINDH","SUKKUR","GHOTKI","UBAURO","TALUKA","URBAN",8848,8846,8393,455,959,7868,12,6,1,2
"SINDH","HYDERABAD","HYDERABAD","HYDERABAD CITY","TALUKA","OVERALL",138571,137229,121306,17265,92443,40611,315,1445,2505,1252
"SINDH","HYDERABAD","HYDERABAD","HYDERABAD CITY","TALUKA","RURAL",NA,NA,NA,NA,NA,NA,NA,NA,NA,NA
"SINDH","HYDERABAD","HYDERABAD","HYDERABAD CITY","TALUKA","URBAN",138571,137229,121306,17265,92443,40611,315,1445,2505,1252
"SINDH","HYDERABAD","HYDERABAD","HYDERABAD","TALUKA","OVERALL",93742,87415,50916,42826,29583,50601,885,6165,247,6261
"SINDH","HYDERABAD","HYDERABAD","HYDERABAD","TALUKA","RURAL",75495,69579,40773,34722,26147,41447,727,985,208,5981
"SINDH","HYDERABAD","HYDERABAD","HYDERABAD","TALUKA","URBAN",18247,17836,10143,8104,3436,9154,158,5180,39,280
"SINDH","HYDERABAD","HYDERABAD","LATIFABAD","TALUKA","OVERALL",153348,148142,108128,45220,84149,40681,240,12217,8739,7322
"SINDH","HYDERABAD","HYDERABAD","LATIFABAD","TALUKA","RURAL",NA,NA,NA,NA,NA,NA,NA,NA,NA,NA
"SINDH","HYDERABAD","HYDERABAD","LATIFABAD","TALUKA","URBAN",153348,148142,108128,45220,84149,40681,240,12217,8739,7322
"SINDH","HYDERABAD","HYDERABAD","QASIMABAD","TALUKA","OVERALL",62530,58354,43205,19325,33469,15618,540,3947,4961,3995
"SINDH","HYDERABAD","HYDERABAD","QASIMABAD","TALUKA","RURAL",NA,NA,NA,NA,NA,NA,NA,NA,NA,NA
"SINDH","HYDERABAD","HYDERABAD","QASIMABAD","TALUKA","URBAN",62530,58354,43205,19325,33469,15618,540,3947,4961,3995
"SINDH","LARKANA","JACOBABAD","GARHI KHAIRO","TALUKA","OVERALL",30660,28323,12184,18476,16716,10615,730,86,17,2496
"SINDH","LARKANA","JACOBABAD","GARHI KHAIRO","TALUKA","RURAL",28111,25891,11997,16114,16173,9284,719,86,12,1837
"SINDH","LARKANA","JACOBABAD","GARHI KHAIRO","TALUKA","URBAN",2549,2432,187,2362,543,1331,11,NA,5,659
"SINDH","LARKANA","JACOBABAD","JACOBABAD","TALUKA","OVERALL",68861,65890,23739,45122,21038,24386,265,1358,4427,17387
"SINDH","LARKANA","JACOBABAD","JACOBABAD","TALUKA","RURAL",35096,33882,16104,18992,14057,16151,228,1282,125,3253
"SINDH","LARKANA","JACOBABAD","JACOBABAD","TALUKA","URBAN",33765,32008,7635,26130,6981,8235,37,76,4302,14134
"SINDH","LARKANA","JACOBABAD","THUL","TALUKA","OVERALL",95535,89806,50332,45203,46302,37358,2133,177,271,9294
"SINDH","LARKANA","JACOBABAD","THUL","TALUKA","RURAL",75519,69999,43000,32519,38772,29341,2082,110,213,5001
"SINDH","LARKANA","JACOBABAD","THUL","TALUKA","URBAN",20016,19807,7332,12684,7530,8017,51,67,58,4293
"SINDH","HYDERABAD","JAMSHORO","KOTRI","TALUKA","OVERALL",86413,78333,40745,45668,35333,14433,2355,864,1223,32205
"SINDH","HYDERABAD","JAMSHORO","KOTRI","TALUKA","RURAL",20489,15115,5735,14754,5453,3355,1141,58,30,10452
"SINDH","HYDERABAD","JAMSHORO","KOTRI","TALUKA","URBAN",65924,63218,35010,30914,29880,11078,1214,806,1193,21753
"SINDH","HYDERABAD","JAMSHORO","MANJHAND","TALUKA","OVERALL",31713,23217,10881,20832,11519,6430,4929,45,65,8725
"SINDH","HYDERABAD","JAMSHORO","MANJHAND","TALUKA","RURAL",27063,19330,7766,19297,8530,5693,4724,45,61,8010
"SINDH","HYDERABAD","JAMSHORO","MANJHAND","TALUKA","URBAN",4650,3887,3115,1535,2989,737,205,NA,4,715
"SINDH","HYDERABAD","JAMSHORO","SEHWAN","TALUKA","OVERALL",62229,56692,29825,32404,27526,20040,1832,895,279,11657
"SINDH","HYDERABAD","JAMSHORO","SEHWAN","TALUKA","RURAL",40380,35693,15205,25175,12835,15260,1448,838,81,9918
"SINDH","HYDERABAD","JAMSHORO","SEHWAN","TALUKA","URBAN",21849,20999,14620,7229,14691,4780,384,57,198,1739
"SINDH","HYDERABAD","JAMSHORO","THANO BULA KHAN","TALUKA","OVERALL",33138,29539,11143,21995,9901,14793,2797,6,35,5606
"SINDH","HYDERABAD","JAMSHORO","THANO BULA KHAN","TALUKA","RURAL",29238,25835,7400,21838,6237,14769,2784,6,32,5410
"SINDH","HYDERABAD","JAMSHORO","THANO BULA KHAN","TALUKA","URBAN",3900,3704,3743,157,3664,24,13,NA,3,196
"SINDH","LARKANA","KAMBAR SHAHDAD KOT","KAMBAR ALI KHAN","TALUKA","OVERALL",77853,71766,47670,30183,41670,26143,552,36,1125,8327
"SINDH","LARKANA","KAMBAR SHAHDAD KOT","KAMBAR ALI KHAN","TALUKA","RURAL",58643,53444,38952,19691,32824,19875,522,14,14,5394
"SINDH","LARKANA","KAMBAR SHAHDAD KOT","KAMBAR ALI KHAN","TALUKA","URBAN",19210,18322,8718,10492,8846,6268,30,22,1111,2933
"SINDH","LARKANA","KAMBAR SHAHDAD KOT","MIRO KHAN","TALUKA","OVERALL",29339,28069,13537,15802,16087,9861,133,8,595,2655
"SINDH","LARKANA","KAMBAR SHAHDAD KOT","MIRO KHAN","TALUKA","RURAL",22390,21409,9879,12511,13528,7619,118,5,212,908
"SINDH","LARKANA","KAMBAR SHAHDAD KOT","MIRO KHAN","TALUKA","URBAN",6949,6660,3658,3291,2559,2242,15,3,383,1747
"SINDH","LARKANA","KAMBAR SHAHDAD KOT","NASIRABAD","TALUKA","OVERALL",29770,29178,13665,16105,18010,8774,240,64,16,2666
"SINDH","LARKANA","KAMBAR SHAHDAD KOT","NASIRABAD","TALUKA","RURAL",23215,22738,11847,11368,14610,7470,219,29,14,873
"SINDH","LARKANA","KAMBAR SHAHDAD KOT","NASIRABAD","TALUKA","URBAN",6555,6440,1818,4737,3400,1304,21,35,2,1793
"SINDH","LARKANA","KAMBAR SHAHDAD KOT","QUBO SAEED KHAN","TALUKA","OVERALL",18641,11038,2365,16276,7254,3597,337,4,24,7425
"SINDH","LARKANA","KAMBAR SHAHDAD KOT","QUBO SAEED KHAN","TALUKA","RURAL",12770,7054,1161,11609,4466,2504,134,3,6,5657
"SINDH","LARKANA","KAMBAR SHAHDAD KOT","QUBO SAEED KHAN","TALUKA","URBAN",5871,3984,1204,4667,2788,1093,203,1,18,1768
"SINDH","LARKANA","KAMBAR SHAHDAD KOT","SHAHDAD KOT","TALUKA","OVERALL",40289,38385,8059,32230,17040,14586,292,44,588,7739
"SINDH","LARKANA","KAMBAR SHAHDAD KOT","SHAHDAD KOT","TALUKA","RURAL",19215,18659,4684,14531,11705,6576,106,10,3,815
"SINDH","LARKANA","KAMBAR SHAHDAD KOT","SHAHDAD KOT","TALUKA","URBAN",21074,19726,3375,17699,5335,8010,186,34,585,6924
"SINDH","LARKANA","KAMBAR SHAHDAD KOT","SUJAWAL JUNEJO","TALUKA","OVERALL",23046,22515,16200,6846,14148,7960,52,186,3,697
"SINDH","LARKANA","KAMBAR SHAHDAD KOT","SUJAWAL JUNEJO","TALUKA","RURAL",23046,22515,16200,6846,14148,7960,52,186,3,697
"SINDH","LARKANA","KAMBAR SHAHDAD KOT","SUJAWAL JUNEJO","TALUKA","URBAN",NA,NA,NA,NA,NA,NA,NA,NA,NA,NA
"SINDH","LARKANA","KAMBAR SHAHDAD KOT","WARAH","TALUKA","OVERALL",48615,46032,19582,29033,30124,14450,628,5,15,3393
"SINDH","LARKANA","KAMBAR SHAHDAD KOT","WARAH","TALUKA","RURAL",34748,32302,17421,17327,20126,11919,582,1,4,2116
"SINDH","LARKANA","KAMBAR SHAHDAD KOT","WARAH","TALUKA","URBAN",13867,13730,2161,11706,9998,2531,46,4,11,1277
"SINDH","KARACHI","KARACHI CENTRAL","GULBERG","SUB-DIVISION","OVERALL",106679,104723,71581,35098,55626,20649,762,10909,15712,3021
"SINDH","KARACHI","KARACHI CENTRAL","GULBERG","SUB-DIVISION","RURAL",NA,NA,NA,NA,NA,NA,NA,NA,NA,NA
"SINDH","KARACHI","KARACHI CENTRAL","GULBERG","SUB-DIVISION","URBAN",106679,104723,71581,35098,55626,20649,762,10909,15712,3021
"SINDH","KARACHI","KARACHI CENTRAL","LIAQUATABAD","SUB-DIVISION","OVERALL",97560,96611,79963,17597,66382,17448,1136,6657,4986,951
"SINDH","KARACHI","KARACHI CENTRAL","LIAQUATABAD","SUB-DIVISION","RURAL",NA,NA,NA,NA,NA,NA,NA,NA,NA,NA
"SINDH","KARACHI","KARACHI CENTRAL","LIAQUATABAD","SUB-DIVISION","URBAN",97560,96611,79963,17597,66382,17448,1136,6657,4986,951
"SINDH","KARACHI","KARACHI CENTRAL","NAZIMABAD","SUB-DIVISION","OVERALL",96275,94031,76748,19527,57955,21718,276,5715,8320,2291
"SINDH","KARACHI","KARACHI CENTRAL","NAZIMABAD","SUB-DIVISION","RURAL",NA,NA,NA,NA,NA,NA,NA,NA,NA,NA
"SINDH","KARACHI","KARACHI CENTRAL","NAZIMABAD","SUB-DIVISION","URBAN",96275,94031,76748,19527,57955,21718,276,5715,8320,2291
"SINDH","KARACHI","KARACHI CENTRAL","NEW KARACHI","SUB-DIVISION","OVERALL",196488,193786,165259,31229,141289,35575,874,8395,6316,4039
"SINDH","KARACHI","KARACHI CENTRAL","NEW KARACHI","SUB-DIVISION","RURAL",NA,NA,NA,NA,NA,NA,NA,NA,NA,NA
"SINDH","KARACHI","KARACHI CENTRAL","NEW KARACHI","SUB-DIVISION","URBAN",196488,193786,165259,31229,141289,35575,874,8395,6316,4039
"SINDH","KARACHI","KARACHI CENTRAL","NORTH NAZIMABAD","SUB-DIVISION","OVERALL",154266,151089,82454,71812,74195,15329,1300,19844,34415,9183
"SINDH","KARACHI","KARACHI CENTRAL","NORTH NAZIMABAD","SUB-DIVISION","RURAL",NA,NA,NA,NA,NA,NA,NA,NA,NA,NA
"SINDH","KARACHI","KARACHI CENTRAL","NORTH NAZIMABAD","SUB-DIVISION","URBAN",154266,151089,82454,71812,74195,15329,1300,19844,34415,9183
"SINDH","KARACHI","KARACHI EAST","FEROZABAD","SUB-DIVISION","OVERALL",180708,177280,126647,54061,102595,30781,809,14451,21169,10903
"SINDH","KARACHI","KARACHI EAST","FEROZABAD","SUB-DIVISION","RURAL",NA,NA,NA,NA,NA,NA,NA,NA,NA,NA
"SINDH","KARACHI","KARACHI EAST","FEROZABAD","SUB-DIVISION","URBAN",180708,177280,126647,54061,102595,30781,809,14451,21169,10903
"SINDH","KARACHI","KARACHI EAST","GULSHAN-E-IQBAL","SUB-DIVISION","OVERALL",179357,172175,98515,80842,84823,17147,813,25205,42706,8663
"SINDH","KARACHI","KARACHI EAST","GULSHAN-E-IQBAL","SUB-DIVISION","RURAL",NA,NA,NA,NA,NA,NA,NA,NA,NA,NA
"SINDH","KARACHI","KARACHI EAST","GULSHAN-E-IQBAL","SUB-DIVISION","URBAN",179357,172175,98515,80842,84823,17147,813,25205,42706,8663
"SINDH","KARACHI","KARACHI EAST","GULZAR-E-HIJRI","SUB-DIVISION","OVERALL",193691,187642,123935,69756,108647,26713,2638,17746,21244,16703
"SINDH","KARACHI","KARACHI EAST","GULZAR-E-HIJRI","SUB-DIVISION","RURAL",NA,NA,NA,NA,NA,NA,NA,NA,NA,NA
"SINDH","KARACHI","KARACHI EAST","GULZAR-E-HIJRI","SUB-DIVISION","URBAN",193691,187642,123935,69756,108647,26713,2638,17746,21244,16703
"SINDH","KARACHI","KARACHI EAST","JAMSHED QUARTERS","SUB-DIVISION","OVERALL",105633,103925,81880,23753,66310,19370,670,6550,10995,1738
"SINDH","KARACHI","KARACHI EAST","JAMSHED QUARTERS","SUB-DIVISION","RURAL",NA,NA,NA,NA,NA,NA,NA,NA,NA,NA
"SINDH","KARACHI","KARACHI EAST","JAMSHED QUARTERS","SUB-DIVISION","URBAN",105633,103925,81880,23753,66310,19370,670,6550,10995,1738
"SINDH","KARACHI","KARACHI SOUTH","ARAM BAGH","SUB-DIVISION","OVERALL",44611,43909,33870,10741,25654,11662,199,2817,3522,757
"SINDH","KARACHI","KARACHI SOUTH","ARAM BAGH","SUB-DIVISION","RURAL",NA,NA,NA,NA,NA,NA,NA,NA,NA,NA
"SINDH","KARACHI","KARACHI SOUTH","ARAM BAGH","SUB-DIVISION","URBAN",44611,43909,33870,10741,25654,11662,199,2817,3522,757
"SINDH","KARACHI","KARACHI SOUTH","CIVIL LINES","SUB-DIVISION","OVERALL",95323,92904,38026,57297,30713,12607,171,11566,26113,14153
"SINDH","KARACHI","KARACHI SOUTH","CIVIL LINES","SUB-DIVISION","RURAL",NA,NA,NA,NA,NA,NA,NA,NA,NA,NA
"SINDH","KARACHI","KARACHI SOUTH","CIVIL LINES","SUB-DIVISION","URBAN",95323,92904,38026,57297,30713,12607,171,11566,26113,14153
"SINDH","KARACHI","KARACHI SOUTH","GARDEN","SUB-DIVISION","OVERALL",89718,88337,64657,25061,51698,20050,608,6846,8703,1813
"SINDH","KARACHI","KARACHI SOUTH","GARDEN","SUB-DIVISION","RURAL",NA,NA,NA,NA,NA,NA,NA,NA,NA,NA
"SINDH","KARACHI","KARACHI SOUTH","GARDEN","SUB-DIVISION","URBAN",89718,88337,64657,25061,51698,20050,608,6846,8703,1813
"SINDH","KARACHI","KARACHI SOUTH","LYARI","SUB-DIVISION","OVERALL",166943,164948,149349,17594,93817,64644,282,1547,4406,2247
"SINDH","KARACHI","KARACHI SOUTH","LYARI","SUB-DIVISION","RURAL",NA,NA,NA,NA,NA,NA,NA,NA,NA,NA
"SINDH","KARACHI","KARACHI SOUTH","LYARI","SUB-DIVISION","URBAN",166943,164948,149349,17594,93817,64644,282,1547,4406,2247
"SINDH","KARACHI","KARACHI SOUTH","SADDAR","SUB-DIVISION","OVERALL",28498,27546,12704,15794,11205,4055,36,4816,5132,3254
"SINDH","KARACHI","KARACHI SOUTH","SADDAR","SUB-DIVISION","RURAL",NA,NA,NA,NA,NA,NA,NA,NA,NA,NA
"SINDH","KARACHI","KARACHI SOUTH","SADDAR","SUB-DIVISION","URBAN",28498,27546,12704,15794,11205,4055,36,4816,5132,3254
"SINDH","KARACHI","KARACHI WEST","MANGHOPIR","SUB-DIVISION","OVERALL",195372,188787,132338,63034,115583,21739,1866,3935,6047,46202
"SINDH","KARACHI","KARACHI WEST","MANGHOPIR","SUB-DIVISION","RURAL",43348,42151,35257,8091,31518,5768,345,295,1207,4215
"SINDH","KARACHI","KARACHI WEST","MANGHOPIR","SUB-DIVISION","URBAN",152024,146636,97081,54943,84065,15971,1521,3640,4840,41987
"SINDH","KARACHI","KARACHI WEST","MOMINABAD","SUB-DIVISION","OVERALL",174256,167884,83519,90737,76071,11386,1166,483,1878,83272
"SINDH","KARACHI","KARACHI WEST","MOMINABAD","SUB-DIVISION","RURAL",NA,NA,NA,NA,NA,NA,NA,NA,NA,NA
"SINDH","KARACHI","KARACHI WEST","MOMINABAD","SUB-DIVISION","URBAN",174256,167884,83519,90737,76071,11386,1166,483,1878,83272
"SINDH","KARACHI","KARACHI WEST","ORANGI","SUB-DIVISION","OVERALL",95128,93591,82890,12238,77896,11130,212,174,862,4854
"SINDH","KARACHI","KARACHI WEST","ORANGI","SUB-DIVISION","RURAL",NA,NA,NA,NA,NA,NA,NA,NA,NA,NA
"SINDH","KARACHI","KARACHI WEST","ORANGI","SUB-DIVISION","URBAN",95128,93591,82890,12238,77896,11130,212,174,862,4854
"SINDH","LARKANA","KASHMORE","KANDHKOT","TALUKA","OVERALL",69182,68057,62303,6879,38818,27798,294,345,447,1480
"SINDH","LARKANA","KASHMORE","KANDHKOT","TALUKA","RURAL",43791,42779,40136,3655,27600,14982,263,1,3,942
"SINDH","LARKANA","KASHMORE","KANDHKOT","TALUKA","URBAN",25391,25278,22167,3224,11218,12816,31,344,444,538
"SINDH","LARKANA","KASHMORE","KASHMORE","TALUKA","OVERALL",81957,77585,65584,16373,37117,39308,343,184,150,4855
"SINDH","LARKANA","KASHMORE","KASHMORE","TALUKA","RURAL",65838,61716,52465,13373,30961,30204,308,11,93,4261
"SINDH","LARKANA","KASHMORE","KASHMORE","TALUKA","URBAN",16119,15869,13119,3000,6156,9104,35,173,57,594
"SINDH","LARKANA","KASHMORE","TANGWANI","TALUKA","OVERALL",57755,55683,50048,7707,28018,27450,167,NA,59,2061
"SINDH","LARKANA","KASHMORE","TANGWANI","TALUKA","RURAL",53310,51296,45764,7546,25823,25261,164,NA,59,2003
"SINDH","LARKANA","KASHMORE","TANGWANI","TALUKA","URBAN",4445,4387,4284,161,2195,2189,3,NA,NA,58
"SINDH","KARACHI","KEAMARI","BALDIA","SUB-DIVISION","OVERALL",148116,141370,62215,85901,60424,10843,1001,1172,4720,69956
"SINDH","KARACHI","KEAMARI","BALDIA","SUB-DIVISION","RURAL",NA,NA,NA,NA,NA,NA,NA,NA,NA,NA
"SINDH","KARACHI","KEAMARI","BALDIA","SUB-DIVISION","URBAN",148116,141370,62215,85901,60424,10843,1001,1172,4720,69956
"SINDH","KARACHI","KEAMARI","KEAMARI","SUB-DIVISION","OVERALL",68571,64161,18667,49904,14204,9148,232,1750,6202,37035
"SINDH","KARACHI","KEAMARI","KEAMARI","SUB-DIVISION","RURAL",NA,NA,NA,NA,NA,NA,NA,NA,NA,NA
"SINDH","KARACHI","KEAMARI","KEAMARI","SUB-DIVISION","URBAN",68571,64161,18667,49904,14204,9148,232,1750,6202,37035
"SINDH","KARACHI","KEAMARI","MAURIPUR","SUB-DIVISION","OVERALL",37369,35335,10106,27263,8502,3533,438,717,1767,22412
"SINDH","KARACHI","KEAMARI","MAURIPUR","SUB-DIVISION","RURAL",NA,NA,NA,NA,NA,NA,NA,NA,NA,NA
"SINDH","KARACHI","KEAMARI","MAURIPUR","SUB-DIVISION","URBAN",37369,35335,10106,27263,8502,3533,438,717,1767,22412
"SINDH","KARACHI","KEAMARI","SITE","SUB-DIVISION","OVERALL",65065,61647,31398,33667,29173,11279,448,4159,4061,15945
"SINDH","KARACHI","KEAMARI","SITE","SUB-DIVISION","RURAL",NA,NA,NA,NA,NA,NA,NA,NA,NA,NA
"SINDH","KARACHI","KEAMARI","SITE","SUB-DIVISION","URBAN",65065,61647,31398,33667,29173,11279,448,4159,4061,15945
"SINDH","SUKKUR","KHAIRPUR","FAIZ GANJ","TALUKA","OVERALL",47365,46491,27705,19660,16149,29799,146,2,202,1067
"SINDH","SUKKUR","KHAIRPUR","FAIZ GANJ","TALUKA","RURAL",37892,37152,21270,16622,13944,22693,135,NA,199,921
"SINDH","SUKKUR","KHAIRPUR","FAIZ GANJ","TALUKA","URBAN",9473,9339,6435,3038,2205,7106,11,2,3,146
"SINDH","SUKKUR","KHAIRPUR","GAMBAT","TALUKA","OVERALL",47323,46886,46184,1139,21278,25536,81,2,NA,426
"SINDH","SUKKUR","KHAIRPUR","GAMBAT","TALUKA","RURAL",30107,29705,29289,818,15968,13691,54,NA,NA,394
"SINDH","SUKKUR","KHAIRPUR","GAMBAT","TALUKA","URBAN",17216,17181,16895,321,5310,11845,27,2,NA,32
"SINDH","SUKKUR","KHAIRPUR","KHAIRPUR","TALUKA","OVERALL",87201,84970,70811,16390,36219,46133,345,135,1656,2713
"SINDH","SUKKUR","KHAIRPUR","KHAIRPUR","TALUKA","RURAL",40498,39422,34680,5818,20300,19016,273,2,1,906
"SINDH","SUKKUR","KHAIRPUR","KHAIRPUR","TALUKA","URBAN",46703,45548,36131,10572,15919,27117,72,133,1655,1807
"SINDH","SUKKUR","KHAIRPUR","KINGRI","TALUKA","OVERALL",59508,58276,56987,2521,22560,35248,279,129,213,1079
"SINDH","SUKKUR","KHAIRPUR","KINGRI","TALUKA","RURAL",43524,42423,41526,1998,16176,26016,250,127,7,948
"SINDH","SUKKUR","KHAIRPUR","KINGRI","TALUKA","URBAN",15984,15853,15461,523,6384,9232,29,2,206,131
"SINDH","SUKKUR","KHAIRPUR","KOT DIJI","TALUKA","OVERALL",62663,60100,46659,16004,35421,23616,770,14,45,2797
"SINDH","SUKKUR","KHAIRPUR","KOT DIJI","TALUKA","RURAL",46815,44512,34346,12469,27847,16341,654,8,33,1932
"SINDH","SUKKUR","KHAIRPUR","KOT DIJI","TALUKA","URBAN",15848,15588,12313,3535,7574,7275,116,6,12,865
"SINDH","SUKKUR","KHAIRPUR","MIRWAH","TALUKA","OVERALL",67276,65780,59326,7950,31460,34162,215,11,12,1416
"SINDH","SUKKUR","KHAIRPUR","MIRWAH","TALUKA","RURAL",49908,48728,43228,6680,25757,22858,158,11,10,1114
"SINDH","SUKKUR","KHAIRPUR","MIRWAH","TALUKA","URBAN",17368,17052,16098,1270,5703,11304,57,NA,2,302
"SINDH","SUKKUR","KHAIRPUR","NARA","TALUKA","OVERALL",32911,30175,22787,10124,15816,12969,3513,2,19,592
"SINDH","SUKKUR","KHAIRPUR","NARA","TALUKA","RURAL",25084,22552,16912,8172,12884,8407,3392,NA,18,383
"SINDH","SUKKUR","KHAIRPUR","NARA","TALUKA","URBAN",7827,7623,5875,1952,2932,4562,121,2,1,209
"SINDH","SUKKUR","KHAIRPUR","SOBHO DERO","TALUKA","OVERALL",48003,47112,46414,1589,9633,37342,163,4,2,859
"SINDH","SUKKUR","KHAIRPUR","SOBHO DERO","TALUKA","RURAL",31904,31097,30609,1295,7400,23580,146,3,1,774
"SINDH","SUKKUR","KHAIRPUR","SOBHO DERO","TALUKA","URBAN",16099,16015,15805,294,2233,13762,17,1,1,85
"SINDH","KARACHI","KORANGI","KORANGI","SUB-DIVISION","OVERALL",207086,201710,124477,82609,87893,51075,922,7795,12751,46650
"SINDH","KARACHI","KORANGI","KORANGI","SUB-DIVISION","RURAL",NA,NA,NA,NA,NA,NA,NA,NA,NA,NA
"SINDH","KARACHI","KORANGI","KORANGI","SUB-DIVISION","URBAN",207086,201710,124477,82609,87893,51075,922,7795,12751,46650
"SINDH","KARACHI","KORANGI","LANDHI","SUB-DIVISION","OVERALL",115900,114312,74801,41099,47706,43404,515,9946,10072,4257
"SINDH","KARACHI","KORANGI","LANDHI","SUB-DIVISION","RURAL",NA,NA,NA,NA,NA,NA,NA,NA,NA,NA
"SINDH","KARACHI","KORANGI","LANDHI","SUB-DIVISION","URBAN",115900,114312,74801,41099,47706,43404,515,9946,10072,4257
"SINDH","KARACHI","KORANGI","MODEL COLONY","SUB-DIVISION","OVERALL",76383,74772,28027,48356,22191,14705,369,16201,17105,5812
"SINDH","KARACHI","KORANGI","MODEL COLONY","SUB-DIVISION","RURAL",NA,NA,NA,NA,NA,NA,NA,NA,NA,NA
"SINDH","KARACHI","KORANGI","MODEL COLONY","SUB-DIVISION","URBAN",76383,74772,28027,48356,22191,14705,369,16201,17105,5812
"SINDH","KARACHI","KORANGI","SHAH FAISAL","SUB-DIVISION","OVERALL",93681,92087,45257,48424,29329,22606,226,15844,23744,1932
"SINDH","KARACHI","KORANGI","SHAH FAISAL","SUB-DIVISION","RURAL",NA,NA,NA,NA,NA,NA,NA,NA,NA,NA
"SINDH","KARACHI","KORANGI","SHAH FAISAL","SUB-DIVISION","URBAN",93681,92087,45257,48424,29329,22606,226,15844,23744,1932
"SINDH","LARKANA","LARKANA","BAKRANI","TALUKA","OVERALL",48638,48423,45593,3045,21173,26980,43,14,215,213
"SINDH","LARKANA","LARKANA","BAKRANI","TALUKA","RURAL",41557,41347,38729,2828,19755,21332,34,14,214,208
"SINDH","LARKANA","LARKANA","BAKRANI","TALUKA","URBAN",7081,7076,6864,217,1418,5648,9,NA,1,5
"SINDH","LARKANA","LARKANA","DOKRI","TALUKA","OVERALL",45083,43816,41610,3473,24294,19093,46,2,39,1609
"SINDH","LARKANA","LARKANA","DOKRI","TALUKA","RURAL",32678,32113,30293,2385,17332,14723,32,NA,38,553
"SINDH","LARKANA","LARKANA","DOKRI","TALUKA","URBAN",12405,11703,11317,1088,6962,4370,14,2,1,1056
"SINDH","LARKANA","LARKANA","LARKANA","TALUKA","OVERALL",157275,156282,153880,3395,46591,109150,302,61,213,958
"SINDH","LARKANA","LARKANA","LARKANA","TALUKA","RURAL",58047,57180,56091,1956,25068,31798,113,44,177,847
"SINDH","LARKANA","LARKANA","LARKANA","TALUKA","URBAN",99228,99102,97789,1439,21523,77352,189,17,36,111
"SINDH","LARKANA","LARKANA","RATODERO","TALUKA","OVERALL",70532,69499,64114,6418,36277,32189,74,200,214,1578
"SINDH","LARKANA","LARKANA","RATODERO","TALUKA","RURAL",45619,45117,43720,1899,26370,18581,57,4,115,492
"SINDH","LARKANA","LARKANA","RATODERO","TALUKA","URBAN",24913,24382,20394,4519,9907,13608,17,196,99,1086
"SINDH","KARACHI","MALIR","AIRPORT","SUB-DIVISION","OVERALL",42700,41738,19492,23208,19120,3530,859,7318,9713,2160
"SINDH","KARACHI","MALIR","AIRPORT","SUB-DIVISION","RURAL",NA,NA,NA,NA,NA,NA,NA,NA,NA,NA
"SINDH","KARACHI","MALIR","AIRPORT","SUB-DIVISION","URBAN",42700,41738,19492,23208,19120,3530,859,7318,9713,2160
"SINDH","KARACHI","MALIR","BIN QASIM","SUB-DIVISION","OVERALL",58696,56279,36990,21706,33252,15113,271,4022,1986,4052
"SINDH","KARACHI","MALIR","BIN QASIM","SUB-DIVISION","RURAL",58696,56279,36990,21706,33252,15113,271,4022,1986,4052
"SINDH","KARACHI","MALIR","BIN QASIM","SUB-DIVISION","URBAN",NA,NA,NA,NA,NA,NA,NA,NA,NA,NA
"SINDH","KARACHI","MALIR","GADAP","SUB-DIVISION","OVERALL",22131,19451,3110,19021,2209,7645,1577,617,3860,6223
"SINDH","KARACHI","MALIR","GADAP","SUB-DIVISION","RURAL",22131,19451,3110,19021,2209,7645,1577,617,3860,6223
"SINDH","KARACHI","MALIR","GADAP","SUB-DIVISION","URBAN",NA,NA,NA,NA,NA,NA,NA,NA,NA,NA
"SINDH","KARACHI","MALIR","IBRAHIM HYDRI","SUB-DIVISION","OVERALL",214288,210169,181472,32816,137045,61252,1355,1841,2791,10004
"SINDH","KARACHI","MALIR","IBRAHIM HYDRI","SUB-DIVISION","RURAL",106921,103541,85599,21322,68923,25587,1168,466,1587,9190
"SINDH","KARACHI","MALIR","IBRAHIM HYDRI","SUB-DIVISION","URBAN",107367,106628,95873,11494,68122,35665,187,1375,1204,814
"SINDH","KARACHI","MALIR","MURAD MEMON","SUB-DIVISION","OVERALL",75396,73466,49062,26334,42795,17272,977,4629,3354,6369
"SINDH","KARACHI","MALIR","MURAD MEMON","SUB-DIVISION","RURAL",30441,29758,17238,13203,17950,6998,680,539,424,3850
"SINDH","KARACHI","MALIR","MURAD MEMON","SUB-DIVISION","URBAN",44955,43708,31824,13131,24845,10274,297,4090,2930,2519
"SINDH","KARACHI","MALIR","SHAH MUREED","SUB-DIVISION","OVERALL",8215,7198,1211,7004,2008,1334,132,8,18,4715
"SINDH","KARACHI","MALIR","SHAH MUREED","SUB-DIVISION","RURAL",8215,7198,1211,7004,2008,1334,132,8,18,4715
"SINDH","KARACHI","MALIR","SHAH MUREED","SUB-DIVISION","URBAN",NA,NA,NA,NA,NA,NA,NA,NA,NA,NA
"SINDH","HYDERABAD","MATIARI","HALA","TALUKA","OVERALL",52849,51317,40455,12394,23938,25784,279,1134,245,1469
"SINDH","HYDERABAD","MATIARI","HALA","TALUKA","RURAL",29725,28645,22549,7176,17087,10999,189,387,42,1021
"SINDH","HYDERABAD","MATIARI","HALA","TALUKA","URBAN",23124,22672,17906,5218,6851,14785,90,747,203,448
"SINDH","HYDERABAD","MATIARI","MATIARI","TALUKA","OVERALL",70479,68470,58243,12236,45850,22309,150,148,53,1969
"SINDH","HYDERABAD","MATIARI","MATIARI","TALUKA","RURAL",61730,60307,52034,9696,40893,19273,125,37,18,1384
"SINDH","HYDERABAD","MATIARI","MATIARI","TALUKA","URBAN",8749,8163,6209,2540,4957,3036,25,111,35,585
"SINDH","HYDERABAD","MATIARI","SAEEDABAD","TALUKA","OVERALL",35135,34751,32496,2639,11249,23345,85,96,6,354
"SINDH","HYDERABAD","MATIARI","SAEEDABAD","TALUKA","RURAL",30944,30622,28448,2496,10606,19866,84,96,NA,292
"SINDH","HYDERABAD","MATIARI","SAEEDABAD","TALUKA","URBAN",4191,4129,4048,143,643,3479,1,NA,6,62
"SINDH","MIRPUR KHAS","MIRPUR KHAS","DIGRI","TALUKA","OVERALL",43507,36458,17849,25658,20096,15261,2004,343,17,5786
"SINDH","MIRPUR KHAS","MIRPUR KHAS","DIGRI","TALUKA","RURAL",30186,24223,8867,21319,12635,10709,1788,178,6,4870
"SINDH","MIRPUR KHAS","MIRPUR KHAS","DIGRI","TALUKA","URBAN",13321,12235,8982,4339,7461,4552,216,165,11,916
"SINDH","MIRPUR KHAS","MIRPUR KHAS","HUSSAIN BUX MARI","TALUKA","OVERALL",32660,25139,12081,20579,11207,13687,1224,8,25,6509
"SINDH","MIRPUR KHAS","MIRPUR KHAS","HUSSAIN BUX MARI","TALUKA","RURAL",32660,25139,12081,20579,11207,13687,1224,8,25,6509
"SINDH","MIRPUR KHAS","MIRPUR KHAS","HUSSAIN BUX MARI","TALUKA","URBAN",NA,NA,NA,NA,NA,NA,NA,NA,NA,NA
"SINDH","MIRPUR KHAS","MIRPUR KHAS","JHUDO","TALUKA","OVERALL",41817,21746,12521,29296,12395,8459,1270,100,35,19558
"SINDH","MIRPUR KHAS","MIRPUR KHAS","JHUDO","TALUKA","RURAL",30147,12165,5056,25091,6042,5618,1125,59,24,17279
"SINDH","MIRPUR KHAS","MIRPUR KHAS","JHUDO","TALUKA","URBAN",11670,9581,7465,4205,6353,2841,145,41,11,2279
"SINDH","MIRPUR KHAS","MIRPUR KHAS","KOT GHULAM MUHAMMAD","TALUKA","OVERALL",58713,44135,22820,35893,23664,19994,2066,21,16,12952
"SINDH","MIRPUR KHAS","MIRPUR KHAS","KOT GHULAM MUHAMMAD","TALUKA","RURAL",53032,38704,18333,34699,19281,18949,2064,20,16,12702
"SINDH","MIRPUR KHAS","MIRPUR KHAS","KOT GHULAM MUHAMMAD","TALUKA","URBAN",5681,5431,4487,1194,4383,1045,2,1,NA,250
"SINDH","MIRPUR KHAS","MIRPUR KHAS","MIRPUR KHAS","TALUKA","OVERALL",49553,48198,39466,10087,13421,31645,182,1304,1630,1371
"SINDH","MIRPUR KHAS","MIRPUR KHAS","MIRPUR KHAS","TALUKA","RURAL",3822,3709,1946,1876,766,2438,17,147,340,114
"SINDH","MIRPUR KHAS","MIRPUR KHAS","MIRPUR KHAS","TALUKA","URBAN",45731,44489,37520,8211,12655,29207,165,1157,1290,1257
"SINDH","MIRPUR KHAS","MIRPUR KHAS","SHUJAABAD","TALUKA","OVERALL",35675,32534,12821,22854,12340,19473,361,84,271,3146
"SINDH","MIRPUR KHAS","MIRPUR KHAS","SHUJAABAD","TALUKA","RURAL",31262,28762,9681,21581,9953,18162,289,66,270,2522
"SINDH","MIRPUR KHAS","MIRPUR KHAS","SHUJAABAD","TALUKA","URBAN",4413,3772,3140,1273,2387,1311,72,18,1,624
"SINDH","MIRPUR KHAS","MIRPUR KHAS","SINDHRI","TALUKA","OVERALL",51061,42649,13851,37210,23470,18722,3014,39,14,5802
"SINDH","MIRPUR KHAS","MIRPUR KHAS","SINDHRI","TALUKA","RURAL",47162,38834,12311,34851,20868,17516,2959,39,13,5767
"SINDH","MIRPUR KHAS","MIRPUR KHAS","SINDHRI","TALUKA","URBAN",3899,3815,1540,2359,2602,1206,55,NA,1,35
"SINDH","SHAHEED BENAZIRABAD","NAUSHAHRO FEROZE","BHIRIA","TALUKA","OVERALL",59731,57204,55297,4434,24972,31569,186,63,9,2932
"SINDH","SHAHEED BENAZIRABAD","NAUSHAHRO FEROZE","BHIRIA","TALUKA","RURAL",46631,44440,44033,2598,20080,24231,156,4,8,2152
"SINDH","SHAHEED BENAZIRABAD","NAUSHAHRO FEROZE","BHIRIA","TALUKA","URBAN",13100,12764,11264,1836,4892,7338,30,59,1,780
"SINDH","SHAHEED BENAZIRABAD","NAUSHAHRO FEROZE","KANDIARO","TALUKA","OVERALL",62298,61417,61245,1053,28786,32555,90,2,4,861
"SINDH","SHAHEED BENAZIRABAD","NAUSHAHRO FEROZE","KANDIARO","TALUKA","RURAL",54720,53852,53696,1024,26427,27362,69,2,3,857
"SINDH","SHAHEED BENAZIRABAD","NAUSHAHRO FEROZE","KANDIARO","TALUKA","URBAN",7578,7565,7549,29,2359,5193,21,NA,1,4
"SINDH","SHAHEED BENAZIRABAD","NAUSHAHRO FEROZE","MEHRABPUR","TALUKA","OVERALL",48213,47198,40923,7290,17100,27824,100,2185,9,995
"SINDH","SHAHEED BENAZIRABAD","NAUSHAHRO FEROZE","MEHRABPUR","TALUKA","RURAL",33492,32864,30611,2881,13895,18898,65,18,5,611
"SINDH","SHAHEED BENAZIRABAD","NAUSHAHRO FEROZE","MEHRABPUR","TALUKA","URBAN",14721,14334,10312,4409,3205,8926,35,2167,4,384
"SINDH","SHAHEED BENAZIRABAD","NAUSHAHRO FEROZE","MORO","TALUKA","OVERALL",75868,73394,71190,4678,26795,45844,441,258,131,2399
"SINDH","SHAHEED BENAZIRABAD","NAUSHAHRO FEROZE","MORO","TALUKA","RURAL",51166,49031,47324,3842,21362,27211,394,127,10,2062
"SINDH","SHAHEED BENAZIRABAD","NAUSHAHRO FEROZE","MORO","TALUKA","URBAN",24702,24363,23866,836,5433,18633,47,131,121,337
"SINDH","SHAHEED BENAZIRABAD","NAUSHAHRO FEROZE","NAUSHAHRO FEROZE","TALUKA","OVERALL",73658,72142,68755,4903,30729,40697,153,442,165,1472
"SINDH","SHAHEED BENAZIRABAD","NAUSHAHRO FEROZE","NAUSHAHRO FEROZE","TALUKA","RURAL",45179,44069,42441,2738,20541,23312,112,NA,137,1077
"SINDH","SHAHEED BENAZIRABAD","NAUSHAHRO FEROZE","NAUSHAHRO FEROZE","TALUKA","URBAN",28479,28073,26314,2165,10188,17385,41,442,28,395
"SINDH","SHAHEED BENAZIRABAD","SANGHAR","JAM NAWAZ ALI","TALUKA","OVERALL",31724,29398,15550,16174,9856,19336,673,149,9,1701
"SINDH","SHAHEED BENAZIRABAD","SANGHAR","JAM NAWAZ ALI","TALUKA","RURAL",26563,24688,13690,12873,8182,16317,450,137,9,1468
"SINDH","SHAHEED BENAZIRABAD","SANGHAR","JAM NAWAZ ALI","TALUKA","URBAN",5161,4710,1860,3301,1674,3019,223,12,NA,233
"SINDH","SHAHEED BENAZIRABAD","SANGHAR","KHIPRO","TALUKA","OVERALL",68600,57702,34333,34267,24026,30606,4878,107,80,8903
"SINDH","SHAHEED BENAZIRABAD","SANGHAR","KHIPRO","TALUKA","RURAL",58793,48648,29655,29138,18740,27045,4822,3,17,8166
"SINDH","SHAHEED BENAZIRABAD","SANGHAR","KHIPRO","TALUKA","URBAN",9807,9054,4678,5129,5286,3561,56,104,63,737
"SINDH","SHAHEED BENAZIRABAD","SANGHAR","SANGHAR","TALUKA","OVERALL",84859,76694,48640,36219,35417,40199,1265,409,56,7513
"SINDH","SHAHEED BENAZIRABAD","SANGHAR","SANGHAR","TALUKA","RURAL",68661,61147,37625,31036,27476,32939,1159,171,31,6885
"SINDH","SHAHEED BENAZIRABAD","SANGHAR","SANGHAR","TALUKA","URBAN",16198,15547,11015,5183,7941,7260,106,238,25,628
"SINDH","SHAHEED BENAZIRABAD","SANGHAR","SHAHDADPUR","TALUKA","OVERALL",89418,86636,54550,34868,38694,39076,723,8022,286,2617
"SINDH","SHAHEED BENAZIRABAD","SANGHAR","SHAHDADPUR","TALUKA","RURAL",53246,50932,34460,18786,27651,22480,671,538,37,1869
"SINDH","SHAHEED BENAZIRABAD","SANGHAR","SHAHDADPUR","TALUKA","URBAN",36172,35704,20090,16082,11043,16596,52,7484,249,748
"SINDH","SHAHEED BENAZIRABAD","SANGHAR","SINJHORO","TALUKA","OVERALL",61602,53925,32610,28992,30375,22955,269,156,203,7644
"SINDH","SHAHEED BENAZIRABAD","SANGHAR","SINJHORO","TALUKA","RURAL",51607,44828,25832,25775,24361,20060,111,125,173,6777
"SINDH","SHAHEED BENAZIRABAD","SANGHAR","SINJHORO","TALUKA","URBAN",9995,9097,6778,3217,6014,2895,158,31,30,867
"SINDH","SHAHEED BENAZIRABAD","SANGHAR","TANDO ADAM","TALUKA","OVERALL",70734,68823,59168,11566,35046,31907,307,1548,51,1875
"SINDH","SHAHEED BENAZIRABAD","SANGHAR","TANDO ADAM","TALUKA","RURAL",41923,40785,33010,8913,28443,11955,255,130,37,1103
"SINDH","SHAHEED BENAZIRABAD","SANGHAR","TANDO ADAM","TALUKA","URBAN",28811,28038,26158,2653,6603,19952,52,1418,14,772
"SINDH","SHAHEED BENAZIRABAD","SHAHEED BENAZIRABAD","DAUR","TALUKA","OVERALL",97671,94604,71685,25986,31115,62100,559,40,649,3208
"SINDH","SHAHEED BENAZIRABAD","SHAHEED BENAZIRABAD","DAUR","TALUKA","RURAL",79128,76531,58909,20219,25568,49992,496,24,619,2429
"SINDH","SHAHEED BENAZIRABAD","SHAHEED BENAZIRABAD","DAUR","TALUKA","URBAN",18543,18073,12776,5767,5547,12108,63,16,30,779
"SINDH","SHAHEED BENAZIRABAD","SHAHEED BENAZIRABAD","KAZI AHMED","TALUKA","OVERALL",73218,71578,62685,10533,30406,40872,418,128,23,1371
"SINDH","SHAHEED BENAZIRABAD","SHAHEED BENAZIRABAD","KAZI AHMED","TALUKA","RURAL",64071,62655,55578,8493,29115,33377,407,21,3,1148
"SINDH","SHAHEED BENAZIRABAD","SHAHEED BENAZIRABAD","KAZI AHMED","TALUKA","URBAN",9147,8923,7107,2040,1291,7495,11,107,20,223
"SINDH","SHAHEED BENAZIRABAD","SHAHEED BENAZIRABAD","NAWABSHAH","TALUKA","OVERALL",81976,80524,60070,21906,29800,45833,175,4073,498,1597
"SINDH","SHAHEED BENAZIRABAD","SHAHEED BENAZIRABAD","NAWABSHAH","TALUKA","RURAL",22215,21906,16972,5243,13507,8314,30,4,59,301
"SINDH","SHAHEED BENAZIRABAD","SHAHEED BENAZIRABAD","NAWABSHAH","TALUKA","URBAN",59761,58618,43098,16663,16293,37519,145,4069,439,1296
"SINDH","SHAHEED BENAZIRABAD","SHAHEED BENAZIRABAD","SAKRAND","TALUKA","OVERALL",81491,79981,74083,7408,33177,46541,267,11,27,1468
"SINDH","SHAHEED BENAZIRABAD","SHAHEED BENAZIRABAD","SAKRAND","TALUKA","RURAL",68291,66880,61309,6982,29710,36962,221,9,11,1378
"SINDH","SHAHEED BENAZIRABAD","SHAHEED BENAZIRABAD","SAKRAND","TALUKA","URBAN",13200,13101,12774,426,3467,9579,46,2,16,90
"SINDH","LARKANA","SHIKARPUR","GARHI YASIN","TALUKA","OVERALL",59269,58897,54689,4580,42082,16548,95,148,15,381
"SINDH","LARKANA","SHIKARPUR","GARHI YASIN","TALUKA","RURAL",52355,51994,48203,4152,38787,13142,85,NA,13,328
"SINDH","LARKANA","SHIKARPUR","GARHI YASIN","TALUKA","URBAN",6914,6903,6486,428,3295,3406,10,148,2,53
"SINDH","LARKANA","SHIKARPUR","KHANPUR","TALUKA","OVERALL",43595,43407,41288,2307,22807,20546,61,NA,NA,181
"SINDH","LARKANA","SHIKARPUR","KHANPUR","TALUKA","RURAL",39996,39810,37752,2244,22022,17740,55,NA,NA,179
"SINDH","LARKANA","SHIKARPUR","KHANPUR","TALUKA","URBAN",3599,3597,3536,63,785,2806,6,NA,NA,2
"SINDH","LARKANA","SHIKARPUR","LAKHI","TALUKA","OVERALL",43374,42790,40814,2560,22634,19973,345,54,2,366
"SINDH","LARKANA","SHIKARPUR","LAKHI","TALUKA","RURAL",35350,34794,33062,2288,20942,13694,321,53,1,339
"SINDH","LARKANA","SHIKARPUR","LAKHI","TALUKA","URBAN",8024,7996,7752,272,1692,6279,24,1,1,27
"SINDH","LARKANA","SHIKARPUR","SHIKARPUR","TALUKA","OVERALL",68586,67815,60674,7912,21828,45210,198,17,625,708
"SINDH","LARKANA","SHIKARPUR","SHIKARPUR","TALUKA","RURAL",34792,34193,27416,7376,14949,18590,121,10,575,547
"SINDH","LARKANA","SHIKARPUR","SHIKARPUR","TALUKA","URBAN",33794,33622,33258,536,6879,26620,77,7,50,161
"SINDH","HYDERABAD","SUJAWAL","JATI","TALUKA","OVERALL",43323,30863,14083,29240,17879,11700,3752,96,17,9879
"SINDH","HYDERABAD","SUJAWAL","JATI","TALUKA","RURAL",41334,28930,12174,29160,17484,10184,3740,93,17,9816
"SINDH","HYDERABAD","SUJAWAL","JATI","TALUKA","URBAN",1989,1933,1909,80,395,1516,12,3,NA,63
"SINDH","HYDERABAD","SUJAWAL","KHARO CHAN","TALUKA","OVERALL",2166,1299,366,1800,795,331,565,NA,1,474
"SINDH","HYDERABAD","SUJAWAL","KHARO CHAN","TALUKA","RURAL",2166,1299,366,1800,795,331,565,NA,1,474
"SINDH","HYDERABAD","SUJAWAL","KHARO CHAN","TALUKA","URBAN",NA,NA,NA,NA,NA,NA,NA,NA,NA,NA
"SINDH","HYDERABAD","SUJAWAL","MIRPUR BATHORO","TALUKA","OVERALL",41147,38594,22657,18490,25741,12276,608,5,62,2455
"SINDH","HYDERABAD","SUJAWAL","MIRPUR BATHORO","TALUKA","RURAL",37222,34883,21608,15614,24123,10557,475,NA,59,2008
"SINDH","HYDERABAD","SUJAWAL","MIRPUR BATHORO","TALUKA","URBAN",3925,3711,1049,2876,1618,1719,133,5,3,447
"SINDH","HYDERABAD","SUJAWAL","SHAH BUNDER","TALUKA","OVERALL",32582,24435,14972,17610,12976,10645,405,12,12,8532
"SINDH","HYDERABAD","SUJAWAL","SHAH BUNDER","TALUKA","RURAL",28935,20817,12129,16806,11818,8392,393,12,9,8311
"SINDH","HYDERABAD","SUJAWAL","SHAH BUNDER","TALUKA","URBAN",3647,3618,2843,804,1158,2253,12,NA,3,221
"SINDH","HYDERABAD","SUJAWAL","SUJAWAL","TALUKA","OVERALL",39636,31935,17927,21709,15638,16078,721,75,3,7121
"SINDH","HYDERABAD","SUJAWAL","SUJAWAL","TALUKA","RURAL",32832,25490,11874,20958,11221,14147,681,16,3,6764
"SINDH","HYDERABAD","SUJAWAL","SUJAWAL","TALUKA","URBAN",6804,6445,6053,751,4417,1931,40,59,NA,357
"SINDH","SUKKUR","SUKKUR","NEW SUKKUR","TALUKA","OVERALL",52376,50164,39435,12941,21936,25503,148,1258,601,2930
"SINDH","SUKKUR","SUKKUR","NEW SUKKUR","TALUKA","RURAL",7706,7625,6761,945,2306,5178,10,19,NA,193
"SINDH","SUKKUR","SUKKUR","NEW SUKKUR","TALUKA","URBAN",44670,42539,32674,11996,19630,20325,138,1239,601,2737
"SINDH","SUKKUR","SUKKUR","PANO AQIL","TALUKA","OVERALL",87340,86668,78088,9252,48459,35617,275,2371,7,611
"SINDH","SUKKUR","SUKKUR","PANO AQIL","TALUKA","RURAL",69661,69094,63593,6068,44025,24974,79,19,5,559
"SINDH","SUKKUR","SUKKUR","PANO AQIL","TALUKA","URBAN",17679,17574,14495,3184,4434,10643,196,2352,2,52
"SINDH","SUKKUR","SUKKUR","ROHRI","TALUKA","OVERALL",62877,58542,41209,21668,30002,27235,1769,62,452,3357
"SINDH","SUKKUR","SUKKUR","ROHRI","TALUKA","RURAL",47388,43821,30123,17265,19790,23032,1753,26,402,2385
"SINDH","SUKKUR","SUKKUR","ROHRI","TALUKA","URBAN",15489,14721,11086,4403,10212,4203,16,36,50,972
"SINDH","SUKKUR","SUKKUR","SALEHPAT","TALUKA","OVERALL",26122,24397,18512,7610,12917,11046,1226,37,2,894
"SINDH","SUKKUR","SUKKUR","SALEHPAT","TALUKA","RURAL",20637,19228,14497,6140,8957,9846,1134,36,2,662
"SINDH","SUKKUR","SUKKUR","SALEHPAT","TALUKA","URBAN",5485,5169,4015,1470,3960,1200,92,1,NA,232
"SINDH","SUKKUR","SUKKUR","SUKKUR CITY","TALUKA","OVERALL",39873,39155,31820,8053,20225,16753,48,1650,459,738
"SINDH","SUKKUR","SUKKUR","SUKKUR CITY","TALUKA","RURAL",NA,NA,NA,NA,NA,NA,NA,NA,NA,NA
"SINDH","SUKKUR","SUKKUR","SUKKUR CITY","TALUKA","URBAN",39873,39155,31820,8053,20225,16753,48,1650,459,738
NA,NA,"TANDO ALLAHYAR","CHAMBER","TALUKA","OVERALL",47078,44851,23068,24010,28659,15664,429,46,204,2076
NA,NA,"TANDO ALLAHYAR","CHAMBER","TALUKA","RURAL",39427,37542,19801,19626,24482,12595,409,39,198,1704
NA,NA,"TANDO ALLAHYAR","CHAMBER","TALUKA","URBAN",7651,7309,3267,4384,4177,3069,20,7,6,372
NA,NA,"TANDO ALLAHYAR","JHANDO MARI","TALUKA","OVERALL",50369,48889,30906,19463,21556,26869,78,386,23,1457
NA,NA,"TANDO ALLAHYAR","JHANDO MARI","TALUKA","RURAL",46484,45023,28170,18314,19301,25259,77,386,23,1438
NA,NA,"TANDO ALLAHYAR","JHANDO MARI","TALUKA","URBAN",3885,3866,2736,1149,2255,1610,1,NA,NA,19
NA,NA,"TANDO ALLAHYAR","TANDO ALLAHYAR","TALUKA","OVERALL",80024,77918,55805,24219,33398,39963,422,3299,486,2456
NA,NA,"TANDO ALLAHYAR","TANDO ALLAHYAR","TALUKA","RURAL",37756,36737,25057,12699,24029,12539,152,NA,60,976
NA,NA,"TANDO ALLAHYAR","TANDO ALLAHYAR","TALUKA","URBAN",42268,41181,30748,11520,9369,27424,270,3299,426,1480
"SINDH","HYDERABAD","TANDO MUHAMMAD KHAN","BULRI SHAH KARIM","TALUKA","OVERALL",48734,46800,28277,20457,29604,16683,474,33,228,1712
"SINDH","HYDERABAD","TANDO MUHAMMAD KHAN","BULRI SHAH KARIM","TALUKA","RURAL",47419,45647,27542,19877,29186,16171,472,32,8,1550
"SINDH","HYDERABAD","TANDO MUHAMMAD KHAN","BULRI SHAH KARIM","TALUKA","URBAN",1315,1153,735,580,418,512,2,1,220,162
"SINDH","HYDERABAD","TANDO MUHAMMAD KHAN","TANDO GHULAM HYDER","TALUKA","OVERALL",40308,38975,24898,15410,22740,15983,170,103,12,1300
"SINDH","HYDERABAD","TANDO MUHAMMAD KHAN","TANDO GHULAM HYDER","TALUKA","RURAL",32741,31729,19789,12952,20005,11492,161,102,1,980
"SINDH","HYDERABAD","TANDO MUHAMMAD KHAN","TANDO GHULAM HYDER","TALUKA","URBAN",7567,7246,5109,2458,2735,4491,9,1,11,320
NA,NA,"TANDO MUHAMMAD KHAN","TANDO MUHAMMAD KHAN","TALUKA","OVERALL",54756,52445,36505,18251,30453,20222,116,458,690,2817
NA,NA,"TANDO MUHAMMAD KHAN","TANDO MUHAMMAD KHAN","TALUKA","RURAL",32378,30713,20165,12213,21674,8701,74,163,125,1641
NA,NA,"TANDO MUHAMMAD KHAN","TANDO MUHAMMAD KHAN","TALUKA","URBAN",22378,21732,16340,6038,8779,11521,42,295,565,1176
"SINDH","MIRPUR KHAS","THARPARKAR","CHACHRO","TALUKA","OVERALL",63372,42792,3741,59631,303,11507,44184,306,30,7042
"SINDH","MIRPUR KHAS","THARPARKAR","CHACHRO","TALUKA","RURAL",58604,40943,3635,54969,267,10402,43127,164,26,4618
"SINDH","MIRPUR KHAS","THARPARKAR","CHACHRO","TALUKA","URBAN",4768,1849,106,4662,36,1105,1057,142,4,2424
"SINDH","MIRPUR KHAS","THARPARKAR","DAHLI","TALUKA","OVERALL",52739,8700,4240,48499,573,732,48946,246,86,2156
"SINDH","MIRPUR KHAS","THARPARKAR","DAHLI","TALUKA","RURAL",51452,8610,4205,47247,568,728,47701,246,84,2125
"SINDH","MIRPUR KHAS","THARPARKAR","DAHLI","TALUKA","URBAN",1287,90,35,1252,5,4,1245,NA,2,31
"SINDH","MIRPUR KHAS","THARPARKAR","DIPLO","TALUKA","OVERALL",32219,21087,7137,25082,6470,9999,14911,9,32,798
"SINDH","MIRPUR KHAS","THARPARKAR","DIPLO","TALUKA","RURAL",29413,18744,6523,22890,5592,8969,14506,8,32,306
"SINDH","MIRPUR KHAS","THARPARKAR","DIPLO","TALUKA","URBAN",2806,2343,614,2192,878,1030,405,1,NA,492
"SINDH","MIRPUR KHAS","THARPARKAR","ISLAMKOT","TALUKA","OVERALL",52507,32881,9010,43497,5173,13440,31353,944,70,1527
"SINDH","MIRPUR KHAS","THARPARKAR","ISLAMKOT","TALUKA","RURAL",48809,29638,6006,42803,2647,12821,31235,944,36,1126
"SINDH","MIRPUR KHAS","THARPARKAR","ISLAMKOT","TALUKA","URBAN",3698,3243,3004,694,2526,619,118,NA,34,401
"SINDH","MIRPUR KHAS","THARPARKAR","KALOI","TALUKA","OVERALL",24894,19252,6791,18103,7122,10981,4158,26,17,2590
"SINDH","MIRPUR KHAS","THARPARKAR","KALOI","TALUKA","RURAL",24894,19252,6791,18103,7122,10981,4158,26,17,2590
"SINDH","MIRPUR KHAS","THARPARKAR","KALOI","TALUKA","URBAN",NA,NA,NA,NA,NA,NA,NA,NA,NA,NA
"SINDH","MIRPUR KHAS","THARPARKAR","MITHI","TALUKA","OVERALL",46405,32290,12377,34028,9816,8848,20686,129,62,6864
"SINDH","MIRPUR KHAS","THARPARKAR","MITHI","TALUKA","RURAL",34236,22139,3896,30340,1670,7781,20213,127,23,4422
"SINDH","MIRPUR KHAS","THARPARKAR","MITHI","TALUKA","URBAN",12169,10151,8481,3688,8146,1067,473,2,39,2442
"SINDH","MIRPUR KHAS","THARPARKAR","NAGAR PARKAR","TALUKA","OVERALL",55448,23492,5569,49879,3415,6340,43450,61,54,2128
"SINDH","MIRPUR KHAS","THARPARKAR","NAGAR PARKAR","TALUKA","RURAL",52920,22008,4728,48192,2738,6208,41762,61,53,2098
"SINDH","MIRPUR KHAS","THARPARKAR","NAGAR PARKAR","TALUKA","URBAN",2528,1484,841,1687,677,132,1688,NA,1,30
"SINDH","HYDERABAD","THATTA","GHORABARI","TALUKA","OVERALL",39609,29646,11667,27942,22506,6589,1911,3,31,8569
"SINDH","HYDERABAD","THATTA","GHORABARI","TALUKA","RURAL",33406,24613,10112,23294,18291,5779,1884,3,30,7419
"SINDH","HYDERABAD","THATTA","GHORABARI","TALUKA","URBAN",6203,5033,1555,4648,4215,810,27,NA,1,1150
"SINDH","HYDERABAD","THATTA","KETI BUNDER","TALUKA","OVERALL",12987,10964,3583,9404,9509,1120,130,205,1,2022
"SINDH","HYDERABAD","THATTA","KETI BUNDER","TALUKA","RURAL",12987,10964,3583,9404,9509,1120,130,205,1,2022
"SINDH","HYDERABAD","THATTA","KETI BUNDER","TALUKA","URBAN",NA,NA,NA,NA,NA,NA,NA,NA,NA,NA
"SINDH","HYDERABAD","THATTA","MIRPUR SAKRO","TALUKA","OVERALL",69456,60995,27699,41757,35082,24353,434,113,292,9182
"SINDH","HYDERABAD","THATTA","MIRPUR SAKRO","TALUKA","RURAL",60625,52412,21322,39303,29215,21840,406,112,231,8821
"SINDH","HYDERABAD","THATTA","MIRPUR SAKRO","TALUKA","URBAN",8831,8583,6377,2454,5867,2513,28,1,61,361
"SINDH","HYDERABAD","THATTA","THATTA","TALUKA","OVERALL",84150,59375,23689,60461,27455,22000,3689,708,1435,28863
"SINDH","HYDERABAD","THATTA","THATTA","TALUKA","RURAL",65478,42681,13861,51617,16473,18547,3390,499,658,25911
"SINDH","HYDERABAD","THATTA","THATTA","TALUKA","URBAN",18672,16694,9828,8844,10982,3453,299,209,777,2952
"SINDH","MIRPUR KHAS","UMER KOT","KUNRI","TALUKA","OVERALL",43910,20322,11445,32465,11807,7389,3243,58,44,21369
"SINDH","MIRPUR KHAS","UMER KOT","KUNRI","TALUKA","RURAL",36810,14663,6592,30218,7763,6257,2373,33,40,20344
"SINDH","MIRPUR KHAS","UMER KOT","KUNRI","TALUKA","URBAN",7100,5659,4853,2247,4044,1132,870,25,4,1025
"SINDH","MIRPUR KHAS","UMER KOT","PITHORO","TALUKA","OVERALL",25284,18819,8670,16614,11187,6465,2494,9,6,5123
"SINDH","MIRPUR KHAS","UMER KOT","PITHORO","TALUKA","RURAL",22574,16522,7334,15240,9730,5634,2478,8,6,4718
"SINDH","MIRPUR KHAS","UMER KOT","PITHORO","TALUKA","URBAN",2710,2297,1336,1374,1457,831,16,1,NA,405
"SINDH","MIRPUR KHAS","UMER KOT","SAMARO","TALUKA","OVERALL",33832,18562,6423,27409,12809,4713,4740,173,17,11380
"SINDH","MIRPUR KHAS","UMER KOT","SAMARO","TALUKA","RURAL",32019,16781,4936,27083,11125,4621,4740,169,16,11348
"SINDH","MIRPUR KHAS","UMER KOT","SAMARO","TALUKA","URBAN",1813,1781,1487,326,1684,92,NA,4,1,32
"SINDH","MIRPUR KHAS","UMER KOT","UMER KOT","TALUKA","OVERALL",119536,93159,42304,77232,42172,36005,20495,415,362,20087
"SINDH","MIRPUR KHAS","UMER KOT","UMER KOT","TALUKA","RURAL",79703,57730,19617,60086,25325,20806,19491,62,19,14000
"SINDH","MIRPUR KHAS","UMER KOT","UMER KOT","TALUKA","URBAN",39833,35429,22687,17146,16847,15199,1004,353,343,6087
