"PROVINCE","DIVISION","DISTRICT","TEHSIL","ADMIN_UNIT","REGION","HOUSEHOLDS","TOILET_SEPARATE","TOILET_FLUSH","TOILET_NON_FLUSH","TOILET_NONE","WASHROOM_SEPARATE","WASHROOM_NONE"
"BALOCHISTAN","KALAT","AWARAN","AWARAN","SUB-DIVISION","OVERALL",6471,4792,3615,1250,1606,6026,252
"BALOCHISTAN","KALAT","AWARAN","AWARAN","SUB-DIVISION","RURAL",2486,1123,952,180,1354,2262,208
"BALOCHISTAN","KALAT","AWARAN","AWARAN","SUB-DIVISION","URBAN",3985,3669,2663,1070,252,3764,44
"BALOCHISTAN","KALAT","AWARAN","GISHKORE","TEHSIL","OVERALL",6191,4799,2706,2096,1389,5650,507
"BALOCHISTAN","KALAT","AWARAN","GISHKORE","TEHSIL","RURAL",6191,4799,2706,2096,1389,5650,507
"BALOCHISTAN","KALAT","AWARAN","GISHKORE","TEHSIL","URBAN",NA,NA,NA,NA,NA,NA,NA
"BALOCHISTAN","KALAT","AWARAN","JHAL JAO","TEHSIL","OVERALL",3990,2889,1809,1591,590,3422,100
"BALOCHISTAN","KALAT","AWARAN","JHAL JAO","TEHSIL","RURAL",3990,2889,1809,1591,590,3422,100
"BALOCHISTAN","KALAT","AWARAN","JHAL JAO","TEHSIL","URBAN",NA,NA,NA,NA,NA,NA,NA
"BALOCHISTAN","KALAT","AWARAN","KORAK JHAO","TEHSIL","OVERALL",4256,2603,1203,1408,1645,4148,83
"BALOCHISTAN","KALAT","AWARAN","KORAK JHAO","TEHSIL","RURAL",4256,2603,1203,1408,1645,4148,83
"BALOCHISTAN","KALAT","AWARAN","KORAK JHAO","TEHSIL","URBAN",NA,NA,NA,NA,NA,NA,NA
"BALOCHISTAN","KALAT","AWARAN","MASHKAI","TEHSIL","OVERALL",6888,5827,5099,1208,581,5959,530
"BALOCHISTAN","KALAT","AWARAN","MASHKAI","TEHSIL","RURAL",4441,3523,3095,895,451,3649,405
"BALOCHISTAN","KALAT","AWARAN","MASHKAI","TEHSIL","URBAN",2447,2304,2004,313,130,2310,125
"BALOCHISTAN","LORALAI","BARKHAN","BARKHAN","TEHSIL","OVERALL",23053,5340,6572,3771,12710,8576,7549
"BALOCHISTAN","LORALAI","BARKHAN","BARKHAN","TEHSIL","RURAL",21582,4362,5370,3511,12701,7543,7535
"BALOCHISTAN","LORALAI","BARKHAN","BARKHAN","TEHSIL","URBAN",1471,978,1202,260,9,1033,14
"BALOCHISTAN","RAKHSHAN","CHAGAI","CHAGAI","TEHSIL","OVERALL",11064,6234,7114,1581,2369,8204,542
"BALOCHISTAN","RAKHSHAN","CHAGAI","CHAGAI","TEHSIL","RURAL",11064,6234,7114,1581,2369,8204,542
"BALOCHISTAN","RAKHSHAN","CHAGAI","CHAGAI","TEHSIL","URBAN",NA,NA,NA,NA,NA,NA,NA
"BALOCHISTAN","RAKHSHAN","CHAGAI","DALBANDIN","SUB-DIVISION","OVERALL",17642,10833,11616,1455,4571,13084,2228
"BALOCHISTAN","RAKHSHAN","CHAGAI","DALBANDIN","SUB-DIVISION","RURAL",15069,8839,9495,1028,4546,10998,2198
"BALOCHISTAN","RAKHSHAN","CHAGAI","DALBANDIN","SUB-DIVISION","URBAN",2573,1994,2121,427,25,2086,30
"BALOCHISTAN","RAKHSHAN","CHAGAI","NOKUNDI","TEHSIL","OVERALL",3141,2085,2598,61,482,2483,61
"BALOCHISTAN","RAKHSHAN","CHAGAI","NOKUNDI","TEHSIL","RURAL",3141,2085,2598,61,482,2483,61
"BALOCHISTAN","RAKHSHAN","CHAGAI","NOKUNDI","TEHSIL","URBAN",NA,NA,NA,NA,NA,NA,NA
"BALOCHISTAN","RAKHSHAN","CHAGAI","TAFTAN","SUB-DIVISION","OVERALL",2694,2481,2470,215,9,2473,13
"BALOCHISTAN","RAKHSHAN","CHAGAI","TAFTAN","SUB-DIVISION","RURAL",2694,2481,2470,215,9,2473,13
"BALOCHISTAN","RAKHSHAN","CHAGAI","TAFTAN","SUB-DIVISION","URBAN",NA,NA,NA,NA,NA,NA,NA
"BALOCHISTAN","RAKHSHAN","CHAGAI","YAK MACHH","SUB-TEHSIL","OVERALL",3672,1460,1413,237,2022,2756,530
"BALOCHISTAN","RAKHSHAN","CHAGAI","YAK MACHH","SUB-TEHSIL","RURAL",3672,1460,1413,237,2022,2756,530
"BALOCHISTAN","RAKHSHAN","CHAGAI","YAK MACHH","SUB-TEHSIL","URBAN",NA,NA,NA,NA,NA,NA,NA
NA,NA,"CHAMAN","CHAMAN CITY","SUB-DIVISION","OVERALL",19105,12738,12243,6312,550,14224,547
NA,NA,"CHAMAN","CHAMAN CITY","SUB-DIVISION","RURAL",NA,NA,NA,NA,NA,NA,NA
NA,NA,"CHAMAN","CHAMAN CITY","SUB-DIVISION","URBAN",19105,12738,12243,6312,550,14224,547
"BALOCHISTAN","QUETTA","CHAMAN","CHAMAN SADDAR","SUB-DIVISION","OVERALL",42810,25576,27457,13148,2205,30419,1388
"BALOCHISTAN","QUETTA","CHAMAN","CHAMAN SADDAR","SUB-DIVISION","RURAL",42810,25576,27457,13148,2205,30419,1388
"BALOCHISTAN","QUETTA","CHAMAN","CHAMAN SADDAR","SUB-DIVISION","URBAN",NA,NA,NA,NA,NA,NA,NA
"BALOCHISTAN","SIBI","DERA BUGTI","BAIKER","SUB-TEHSIL","OVERALL",4831,244,121,402,4308,653,3665
"BALOCHISTAN","SIBI","DERA BUGTI","BAIKER","SUB-TEHSIL","RURAL",4831,244,121,402,4308,653,3665
"BALOCHISTAN","SIBI","DERA BUGTI","BAIKER","SUB-TEHSIL","URBAN",NA,NA,NA,NA,NA,NA,NA
"BALOCHISTAN","SIBI","DERA BUGTI","DERA BUGTI","SUB-DIVISION","OVERALL",9607,3504,4558,1075,3974,3510,4082
"BALOCHISTAN","SIBI","DERA BUGTI","DERA BUGTI","SUB-DIVISION","RURAL",4178,680,328,679,3171,1239,2582
"BALOCHISTAN","SIBI","DERA BUGTI","DERA BUGTI","SUB-DIVISION","URBAN",5429,2824,4230,396,803,2271,1500
"BALOCHISTAN","SIBI","DERA BUGTI","LOTI","SUB-TEHSIL","OVERALL",4565,359,94,370,4101,403,4042
"BALOCHISTAN","SIBI","DERA BUGTI","LOTI","SUB-TEHSIL","RURAL",4565,359,94,370,4101,403,4042
"BALOCHISTAN","SIBI","DERA BUGTI","LOTI","SUB-TEHSIL","URBAN",NA,NA,NA,NA,NA,NA,NA
"BALOCHISTAN","SIBI","DERA BUGTI","MALAM","SUB-TEHSIL","OVERALL",4435,1027,679,404,3352,1578,2452
"BALOCHISTAN","SIBI","DERA BUGTI","MALAM","SUB-TEHSIL","RURAL",4435,1027,679,404,3352,1578,2452
"BALOCHISTAN","SIBI","DERA BUGTI","MALAM","SUB-TEHSIL","URBAN",NA,NA,NA,NA,NA,NA,NA
"BALOCHISTAN","SIBI","DERA BUGTI","PIR KOH","SUB-TEHSIL","OVERALL",8519,811,1127,375,7017,1728,5630
"BALOCHISTAN","SIBI","DERA BUGTI","PIR KOH","SUB-TEHSIL","RURAL",8519,811,1127,375,7017,1728,5630
"BALOCHISTAN","SIBI","DERA BUGTI","PIR KOH","SUB-TEHSIL","URBAN",NA,NA,NA,NA,NA,NA,NA
"BALOCHISTAN","SIBI","DERA BUGTI","QADIRABAD","SUB-DIVISION","OVERALL",3848,424,378,146,3324,1327,2244
"BALOCHISTAN","SIBI","DERA BUGTI","QADIRABAD","SUB-DIVISION","RURAL",3848,424,378,146,3324,1327,2244
"BALOCHISTAN","SIBI","DERA BUGTI","QADIRABAD","SUB-DIVISION","URBAN",NA,NA,NA,NA,NA,NA,NA
"BALOCHISTAN","SIBI","DERA BUGTI","SANGSILLAH","SUB-TEHSIL","OVERALL",2494,315,467,820,1207,329,1065
"BALOCHISTAN","SIBI","DERA BUGTI","SANGSILLAH","SUB-TEHSIL","RURAL",2494,315,467,820,1207,329,1065
"BALOCHISTAN","SIBI","DERA BUGTI","SANGSILLAH","SUB-TEHSIL","URBAN",NA,NA,NA,NA,NA,NA,NA
"BALOCHISTAN","SIBI","DERA BUGTI","SUI","SUB-DIVISION","OVERALL",23968,7042,14345,962,8661,6990,9027
"BALOCHISTAN","SIBI","DERA BUGTI","SUI","SUB-DIVISION","RURAL",9569,730,848,596,8125,766,7838
"BALOCHISTAN","SIBI","DERA BUGTI","SUI","SUB-DIVISION","URBAN",14399,6312,13497,366,536,6224,1189
"BALOCHISTAN","LORALAI","DUKI","DUKI","SUB-DIVISION","OVERALL",26606,13444,12644,8682,5280,16807,1819
"BALOCHISTAN","LORALAI","DUKI","DUKI","SUB-DIVISION","RURAL",23613,11730,10888,7456,5269,14847,1790
"BALOCHISTAN","LORALAI","DUKI","DUKI","SUB-DIVISION","URBAN",2993,1714,1756,1226,11,1960,29
"BALOCHISTAN","LORALAI","DUKI","LUNI","SUB-DIVISION","OVERALL",2907,1126,851,841,1215,1783,322
"BALOCHISTAN","LORALAI","DUKI","LUNI","SUB-DIVISION","RURAL",2907,1126,851,841,1215,1783,322
"BALOCHISTAN","LORALAI","DUKI","LUNI","SUB-DIVISION","URBAN",NA,NA,NA,NA,NA,NA,NA
"BALOCHISTAN","LORALAI","DUKI","TALAO","SUB-TEHSIL","OVERALL",5256,1807,1411,863,2982,3466,717
"BALOCHISTAN","LORALAI","DUKI","TALAO","SUB-TEHSIL","RURAL",5256,1807,1411,863,2982,3466,717
"BALOCHISTAN","LORALAI","DUKI","TALAO","SUB-TEHSIL","URBAN",NA,NA,NA,NA,NA,NA,NA
"BALOCHISTAN","LORALAI","DUKI","THAL CHUTYALI","SUB-DIVISION","OVERALL",8290,2504,4400,1356,2534,3902,945
"BALOCHISTAN","LORALAI","DUKI","THAL CHUTYALI","SUB-DIVISION","RURAL",8290,2504,4400,1356,2534,3902,945
"BALOCHISTAN","LORALAI","DUKI","THAL CHUTYALI","SUB-DIVISION","URBAN",NA,NA,NA,NA,NA,NA,NA
"BALOCHISTAN","MEKRAN","GWADAR","GWADAR","SUB-DIVISION","OVERALL",24533,16746,21861,2199,473,17970,145
"BALOCHISTAN","MEKRAN","GWADAR","GWADAR","SUB-DIVISION","RURAL",10503,7162,9698,463,342,7859,96
"BALOCHISTAN","MEKRAN","GWADAR","GWADAR","SUB-DIVISION","URBAN",14030,9584,12163,1736,131,10111,49
"BALOCHISTAN","MEKRAN","GWADAR","JIWANI","TEHSIL","OVERALL",4420,3283,3986,408,26,3265,16
"BALOCHISTAN","MEKRAN","GWADAR","JIWANI","TEHSIL","RURAL",1586,946,1366,213,7,956,3
"BALOCHISTAN","MEKRAN","GWADAR","JIWANI","TEHSIL","URBAN",2834,2337,2620,195,19,2309,13
"BALOCHISTAN","MEKRAN","GWADAR","ORMARA","TEHSIL","OVERALL",5415,2364,3555,278,1582,3638,513
"BALOCHISTAN","MEKRAN","GWADAR","ORMARA","TEHSIL","RURAL",1789,353,189,176,1424,1233,504
"BALOCHISTAN","MEKRAN","GWADAR","ORMARA","TEHSIL","URBAN",3626,2011,3366,102,158,2405,9
"BALOCHISTAN","MEKRAN","GWADAR","PASNI","SUB-DIVISION","OVERALL",13708,5639,8981,816,3911,9359,193
"BALOCHISTAN","MEKRAN","GWADAR","PASNI","SUB-DIVISION","RURAL",6380,2458,2150,657,3573,5367,154
"BALOCHISTAN","MEKRAN","GWADAR","PASNI","SUB-DIVISION","URBAN",7328,3181,6831,159,338,3992,39
"BALOCHISTAN","MEKRAN","GWADAR","SUNTSER","SUB-TEHSIL","OVERALL",2281,1937,1135,1003,143,2092,20
"BALOCHISTAN","MEKRAN","GWADAR","SUNTSER","SUB-TEHSIL","RURAL",2281,1937,1135,1003,143,2092,20
"BALOCHISTAN","MEKRAN","GWADAR","SUNTSER","SUB-TEHSIL","URBAN",NA,NA,NA,NA,NA,NA,NA
"BALOCHISTAN","SIBI","HARNAI","HARNAI","SUB-DIVISION","OVERALL",10170,3066,4327,1113,4730,3699,3574
"BALOCHISTAN","SIBI","HARNAI","HARNAI","SUB-DIVISION","RURAL",8051,2057,2366,971,4714,2704,3550
"BALOCHISTAN","SIBI","HARNAI","HARNAI","SUB-DIVISION","URBAN",2119,1009,1961,142,16,995,24
"BALOCHISTAN","SIBI","HARNAI","KHOAST","SUB-DIVISION","OVERALL",2212,704,640,124,1448,1558,226
"BALOCHISTAN","SIBI","HARNAI","KHOAST","SUB-DIVISION","RURAL",2212,704,640,124,1448,1558,226
"BALOCHISTAN","SIBI","HARNAI","KHOAST","SUB-DIVISION","URBAN",NA,NA,NA,NA,NA,NA,NA
"BALOCHISTAN","SIBI","HARNAI","SHAHRIG","TEHSIL","OVERALL",4011,1879,2092,426,1493,2869,586
"BALOCHISTAN","SIBI","HARNAI","SHAHRIG","TEHSIL","RURAL",1628,427,324,216,1088,998,493
"BALOCHISTAN","SIBI","HARNAI","SHAHRIG","TEHSIL","URBAN",2383,1452,1768,210,405,1871,93
"BALOCHISTAN","NASIRABAD","JAFFARABAD","GANDAKHA","TEHSIL","OVERALL",14259,5189,4072,3002,7185,4724,7942
"BALOCHISTAN","NASIRABAD","JAFFARABAD","GANDAKHA","TEHSIL","RURAL",14259,5189,4072,3002,7185,4724,7942
"BALOCHISTAN","NASIRABAD","JAFFARABAD","GANDAKHA","TEHSIL","URBAN",NA,NA,NA,NA,NA,NA,NA
"BALOCHISTAN","NASIRABAD","JAFFARABAD","JHAT PAT","SUB-DIVISION","OVERALL",37693,15567,20097,7195,10401,13455,13449
"BALOCHISTAN","NASIRABAD","JAFFARABAD","JHAT PAT","SUB-DIVISION","RURAL",26891,9909,11762,5433,9696,8520,11800
"BALOCHISTAN","NASIRABAD","JAFFARABAD","JHAT PAT","SUB-DIVISION","URBAN",10802,5658,8335,1762,705,4935,1649
"BALOCHISTAN","NASIRABAD","JAFFARABAD","USTA MUHAMMAD","SUB-DIVISION","OVERALL",29610,10938,14463,5006,10141,8441,14298
"BALOCHISTAN","NASIRABAD","JAFFARABAD","USTA MUHAMMAD","SUB-DIVISION","RURAL",21613,6554,7362,4649,9602,4281,13302
"BALOCHISTAN","NASIRABAD","JAFFARABAD","USTA MUHAMMAD","SUB-DIVISION","URBAN",7997,4384,7101,357,539,4160,996
"BALOCHISTAN","NASIRABAD","JHAL MAGSI","GANDAWA","TEHSIL","OVERALL",11109,5320,5157,2663,3289,4442,4514
"BALOCHISTAN","NASIRABAD","JHAL MAGSI","GANDAWA","TEHSIL","RURAL",7413,3124,2751,1746,2916,2288,4032
"BALOCHISTAN","NASIRABAD","JHAL MAGSI","GANDAWA","TEHSIL","URBAN",3696,2196,2406,917,373,2154,482
"BALOCHISTAN","NASIRABAD","JHAL MAGSI","JHAL MAGSI","TEHSIL","OVERALL",17155,8169,5120,5079,6956,6683,8878
"BALOCHISTAN","NASIRABAD","JHAL MAGSI","JHAL MAGSI","TEHSIL","RURAL",17155,8169,5120,5079,6956,6683,8878
"BALOCHISTAN","NASIRABAD","JHAL MAGSI","JHAL MAGSI","TEHSIL","URBAN",NA,NA,NA,NA,NA,NA,NA
"BALOCHISTAN","NASIRABAD","JHAL MAGSI","MIRPUR","SUB-TEHSIL","OVERALL",2689,974,435,820,1434,783,1652
"BALOCHISTAN","NASIRABAD","JHAL MAGSI","MIRPUR","SUB-TEHSIL","RURAL",2689,974,435,820,1434,783,1652
"BALOCHISTAN","NASIRABAD","JHAL MAGSI","MIRPUR","SUB-TEHSIL","URBAN",NA,NA,NA,NA,NA,NA,NA
"BALOCHISTAN","NASIRABAD","KACHHI","BALANARI","SUB-TEHSIL","OVERALL",6523,4608,4834,1481,208,4617,261
"BALOCHISTAN","NASIRABAD","KACHHI","BALANARI","SUB-TEHSIL","RURAL",6523,4608,4834,1481,208,4617,261
"BALOCHISTAN","NASIRABAD","KACHHI","BALANARI","SUB-TEHSIL","URBAN",NA,NA,NA,NA,NA,NA,NA
"BALOCHISTAN","NASIRABAD","KACHHI","BHAG","SUB-DIVISION","OVERALL",16312,7098,5235,8025,3052,7142,3268
"BALOCHISTAN","NASIRABAD","KACHHI","BHAG","SUB-DIVISION","RURAL",12865,5679,2984,6859,3022,5734,3225
"BALOCHISTAN","NASIRABAD","KACHHI","BHAG","SUB-DIVISION","URBAN",3447,1419,2251,1166,30,1408,43
"BALOCHISTAN","NASIRABAD","KACHHI","DHADAR","SUB-DIVISION","OVERALL",7176,3599,5095,1370,711,3367,986
"BALOCHISTAN","NASIRABAD","KACHHI","DHADAR","SUB-DIVISION","RURAL",4361,2076,2611,1052,698,1994,809
"BALOCHISTAN","NASIRABAD","KACHHI","DHADAR","SUB-DIVISION","URBAN",2815,1523,2484,318,13,1373,177
"BALOCHISTAN","NASIRABAD","KACHHI","KHATTAN","SUB-TEHSIL","OVERALL",2723,981,541,1578,604,1095,435
"BALOCHISTAN","NASIRABAD","KACHHI","KHATTAN","SUB-TEHSIL","RURAL",2723,981,541,1578,604,1095,435
"BALOCHISTAN","NASIRABAD","KACHHI","KHATTAN","SUB-TEHSIL","URBAN",NA,NA,NA,NA,NA,NA,NA
"BALOCHISTAN","NASIRABAD","KACHHI","MACH","SUB-DIVISION","OVERALL",5699,3379,4811,253,635,3796,421
"BALOCHISTAN","NASIRABAD","KACHHI","MACH","SUB-DIVISION","RURAL",3379,1434,2617,137,625,1842,412
"BALOCHISTAN","NASIRABAD","KACHHI","MACH","SUB-DIVISION","URBAN",2320,1945,2194,116,10,1954,9
"BALOCHISTAN","NASIRABAD","KACHHI","SANNI","SUB-DIVISION","OVERALL",11599,4175,4208,5583,1808,4260,1500
"BALOCHISTAN","NASIRABAD","KACHHI","SANNI","SUB-DIVISION","RURAL",11599,4175,4208,5583,1808,4260,1500
"BALOCHISTAN","NASIRABAD","KACHHI","SANNI","SUB-DIVISION","URBAN",NA,NA,NA,NA,NA,NA,NA
"BALOCHISTAN","KALAT","KALAT","GAZG","SUB-TEHSIL","OVERALL",1274,550,182,425,667,670,528
"BALOCHISTAN","KALAT","KALAT","GAZG","SUB-TEHSIL","RURAL",1274,550,182,425,667,670,528
"BALOCHISTAN","KALAT","KALAT","GAZG","SUB-TEHSIL","URBAN",NA,NA,NA,NA,NA,NA,NA
"BALOCHISTAN","KALAT","KALAT","JOHAN","SUB-TEHSIL","OVERALL",2486,1253,408,1051,1027,1535,758
"BALOCHISTAN","KALAT","KALAT","JOHAN","SUB-TEHSIL","RURAL",2486,1253,408,1051,1027,1535,758
"BALOCHISTAN","KALAT","KALAT","JOHAN","SUB-TEHSIL","URBAN",NA,NA,NA,NA,NA,NA,NA
"BALOCHISTAN","KALAT","KALAT","KALAT","SUB-DIVISION","OVERALL",20124,10262,9575,5112,5437,12248,3368
"BALOCHISTAN","KALAT","KALAT","KALAT","SUB-DIVISION","RURAL",14926,6290,4714,4814,5398,8176,3324
"BALOCHISTAN","KALAT","KALAT","KALAT","SUB-DIVISION","URBAN",5198,3972,4861,298,39,4072,44
"BALOCHISTAN","KALAT","KALAT","MANGOCHAR","SUB-DIVISION","OVERALL",9217,4852,3547,4405,1265,5555,900
"BALOCHISTAN","KALAT","KALAT","MANGOCHAR","SUB-DIVISION","RURAL",9217,4852,3547,4405,1265,5555,900
"BALOCHISTAN","KALAT","KALAT","MANGOCHAR","SUB-DIVISION","URBAN",NA,NA,NA,NA,NA,NA,NA
"BALOCHISTAN","MEKRAN","KECH","BALNIGORE","SUB-TEHSIL","OVERALL",14389,10493,8996,4618,775,12195,340
"BALOCHISTAN","MEKRAN","KECH","BALNIGORE","SUB-TEHSIL","RURAL",14389,10493,8996,4618,775,12195,340
"BALOCHISTAN","MEKRAN","KECH","BALNIGORE","SUB-TEHSIL","URBAN",NA,NA,NA,NA,NA,NA,NA
"BALOCHISTAN","MEKRAN","KECH","BULAIDA","SUB-DIVISION","OVERALL",24326,9736,12947,6446,4933,12149,2771
"BALOCHISTAN","MEKRAN","KECH","BULAIDA","SUB-DIVISION","RURAL",9038,1635,2460,2490,4088,2985,2048
"BALOCHISTAN","MEKRAN","KECH","BULAIDA","SUB-DIVISION","URBAN",15288,8101,10487,3956,845,9164,723
"BALOCHISTAN","MEKRAN","KECH","DASHT","SUB-DIVISION","OVERALL",21083,15283,11088,6816,3179,16826,885
"BALOCHISTAN","MEKRAN","KECH","DASHT","SUB-DIVISION","RURAL",21083,15283,11088,6816,3179,16826,885
"BALOCHISTAN","MEKRAN","KECH","DASHT","SUB-DIVISION","URBAN",NA,NA,NA,NA,NA,NA,NA
"BALOCHISTAN","MEKRAN","KECH","HOSHAB","SUB-TEHSIL","OVERALL",16755,6848,6864,2723,7168,10592,934
"BALOCHISTAN","MEKRAN","KECH","HOSHAB","SUB-TEHSIL","RURAL",16755,6848,6864,2723,7168,10592,934
"BALOCHISTAN","MEKRAN","KECH","HOSHAB","SUB-TEHSIL","URBAN",NA,NA,NA,NA,NA,NA,NA
"BALOCHISTAN","MEKRAN","KECH","MAND","TEHSIL","OVERALL",16348,10233,12528,3399,421,10313,305
"BALOCHISTAN","MEKRAN","KECH","MAND","TEHSIL","RURAL",16348,10233,12528,3399,421,10313,305
"BALOCHISTAN","MEKRAN","KECH","MAND","TEHSIL","URBAN",NA,NA,NA,NA,NA,NA,NA
"BALOCHISTAN","MEKRAN","KECH","TUMP","SUB-DIVISION","OVERALL",38839,20593,15285,18033,5521,21211,4342
"BALOCHISTAN","MEKRAN","KECH","TUMP","SUB-DIVISION","RURAL",23040,11456,8710,9819,4511,11542,3730
"BALOCHISTAN","MEKRAN","KECH","TUMP","SUB-DIVISION","URBAN",15799,9137,6575,8214,1010,9669,612
"BALOCHISTAN","MEKRAN","KECH","TURBAT","SUB-DIVISION","OVERALL",100774,51923,73277,16247,11250,57101,3586
"BALOCHISTAN","MEKRAN","KECH","TURBAT","SUB-DIVISION","RURAL",42826,20385,29241,8233,5352,22327,2528
"BALOCHISTAN","MEKRAN","KECH","TURBAT","SUB-DIVISION","URBAN",57948,31538,44036,8014,5898,34774,1058
"BALOCHISTAN","MEKRAN","KECH","ZAMORAN","SUB-TEHSIL","OVERALL",20961,2789,1602,6524,12835,5427,6144
"BALOCHISTAN","MEKRAN","KECH","ZAMORAN","SUB-TEHSIL","RURAL",20961,2789,1602,6524,12835,5427,6144
"BALOCHISTAN","MEKRAN","KECH","ZAMORAN","SUB-TEHSIL","URBAN",NA,NA,NA,NA,NA,NA,NA
"BALOCHISTAN","RAKHSHAN","KHARAN","KHARAN","SUB-DIVISION","OVERALL",14023,9418,11102,2274,647,9656,211
"BALOCHISTAN","RAKHSHAN","KHARAN","KHARAN","SUB-DIVISION","RURAL",3003,1886,2142,265,596,2335,160
"BALOCHISTAN","RAKHSHAN","KHARAN","KHARAN","SUB-DIVISION","URBAN",11020,7532,8960,2009,51,7321,51
"BALOCHISTAN","RAKHSHAN","KHARAN","PATKAIN","SUB-TEHSIL","OVERALL",3598,1431,552,1404,1642,2823,76
"BALOCHISTAN","RAKHSHAN","KHARAN","PATKAIN","SUB-TEHSIL","RURAL",3598,1431,552,1404,1642,2823,76
"BALOCHISTAN","RAKHSHAN","KHARAN","PATKAIN","SUB-TEHSIL","URBAN",NA,NA,NA,NA,NA,NA,NA
"BALOCHISTAN","RAKHSHAN","KHARAN","SAR KHARAN","SUB-DIVISION","OVERALL",11432,7797,5057,5246,1129,8631,367
"BALOCHISTAN","RAKHSHAN","KHARAN","SAR KHARAN","SUB-DIVISION","RURAL",11432,7797,5057,5246,1129,8631,367
"BALOCHISTAN","RAKHSHAN","KHARAN","SAR KHARAN","SUB-DIVISION","URBAN",NA,NA,NA,NA,NA,NA,NA
"BALOCHISTAN","RAKHSHAN","KHARAN","TOHMULK","SUB-TEHSIL","OVERALL",6790,4181,2352,2242,2196,5675,614
"BALOCHISTAN","RAKHSHAN","KHARAN","TOHMULK","SUB-TEHSIL","RURAL",6790,4181,2352,2242,2196,5675,614
"BALOCHISTAN","RAKHSHAN","KHARAN","TOHMULK","SUB-TEHSIL","URBAN",NA,NA,NA,NA,NA,NA,NA
"BALOCHISTAN","KALAT","KHUZDAR","ARANJI","SUB-TEHSIL","OVERALL",10012,1244,1482,500,8030,4695,3832
"BALOCHISTAN","KALAT","KHUZDAR","ARANJI","SUB-TEHSIL","RURAL",10012,1244,1482,500,8030,4695,3832
"BALOCHISTAN","KALAT","KHUZDAR","ARANJI","SUB-TEHSIL","URBAN",NA,NA,NA,NA,NA,NA,NA
"BALOCHISTAN","KALAT","KHUZDAR","GRESHA","SUB-TEHSIL","OVERALL",9920,4399,1645,4150,4125,7278,739
"BALOCHISTAN","KALAT","KHUZDAR","GRESHA","SUB-TEHSIL","RURAL",9920,4399,1645,4150,4125,7278,739
"BALOCHISTAN","KALAT","KHUZDAR","GRESHA","SUB-TEHSIL","URBAN",NA,NA,NA,NA,NA,NA,NA
"BALOCHISTAN","KALAT","KHUZDAR","KARAKH","SUB-DIVISION","OVERALL",6723,3423,2852,1627,2244,3774,1857
"BALOCHISTAN","KALAT","KHUZDAR","KARAKH","SUB-DIVISION","RURAL",6723,3423,2852,1627,2244,3774,1857
"BALOCHISTAN","KALAT","KHUZDAR","KARAKH","SUB-DIVISION","URBAN",NA,NA,NA,NA,NA,NA,NA
"BALOCHISTAN","KALAT","KHUZDAR","KHUZDAR","SUB-DIVISION","OVERALL",54451,34078,33171,13460,7820,37087,4221
"BALOCHISTAN","KALAT","KHUZDAR","KHUZDAR","SUB-DIVISION","RURAL",23672,13669,9010,8617,6045,16630,2815
"BALOCHISTAN","KALAT","KHUZDAR","KHUZDAR","SUB-DIVISION","URBAN",30779,20409,24161,4843,1775,20457,1406
"BALOCHISTAN","KALAT","KHUZDAR","MOOLA","SUB-TEHSIL","OVERALL",4086,1629,1371,1136,1579,1890,1093
"BALOCHISTAN","KALAT","KHUZDAR","MOOLA","SUB-TEHSIL","RURAL",4086,1629,1371,1136,1579,1890,1093
"BALOCHISTAN","KALAT","KHUZDAR","MOOLA","SUB-TEHSIL","URBAN",NA,NA,NA,NA,NA,NA,NA
"BALOCHISTAN","KALAT","KHUZDAR","NAL","SUB-DIVISION","OVERALL",15283,11327,8272,5304,1707,12160,816
"BALOCHISTAN","KALAT","KHUZDAR","NAL","SUB-DIVISION","RURAL",9116,6627,2695,4758,1663,7396,779
"BALOCHISTAN","KALAT","KHUZDAR","NAL","SUB-DIVISION","URBAN",6167,4700,5577,546,44,4764,37
"BALOCHISTAN","KALAT","KHUZDAR","ORNACH","SUB-DIVISION","OVERALL",13078,6085,4021,2143,6914,8965,3972
"BALOCHISTAN","KALAT","KHUZDAR","ORNACH","SUB-DIVISION","RURAL",13078,6085,4021,2143,6914,8965,3972
"BALOCHISTAN","KALAT","KHUZDAR","ORNACH","SUB-DIVISION","URBAN",NA,NA,NA,NA,NA,NA,NA
"BALOCHISTAN","KALAT","KHUZDAR","SAROONA","SUB-TEHSIL","OVERALL",6480,1715,543,1270,4667,3958,2388
"BALOCHISTAN","KALAT","KHUZDAR","SAROONA","SUB-TEHSIL","RURAL",6480,1715,543,1270,4667,3958,2388
"BALOCHISTAN","KALAT","KHUZDAR","SAROONA","SUB-TEHSIL","URBAN",NA,NA,NA,NA,NA,NA,NA
"BALOCHISTAN","KALAT","KHUZDAR","WADH","SUB-DIVISION","OVERALL",21772,12347,11024,3228,7520,18341,1623
"BALOCHISTAN","KALAT","KHUZDAR","WADH","SUB-DIVISION","RURAL",16775,8616,6800,2712,7263,14334,1443
"BALOCHISTAN","KALAT","KHUZDAR","WADH","SUB-DIVISION","URBAN",4997,3731,4224,516,257,4007,180
"BALOCHISTAN","KALAT","KHUZDAR","ZEHRI","SUB-DIVISION","OVERALL",19645,9426,7407,9925,2313,11014,923
"BALOCHISTAN","KALAT","KHUZDAR","ZEHRI","SUB-DIVISION","RURAL",11984,4986,4965,4843,2176,6594,839
"BALOCHISTAN","KALAT","KHUZDAR","ZEHRI","SUB-DIVISION","URBAN",7661,4440,2442,5082,137,4420,84
"BALOCHISTAN","QUETTA","KILLA ABDULLAH","DOBANDI","SUB-TEHSIL","OVERALL",12995,4532,2420,5977,4598,7769,1488
"BALOCHISTAN","QUETTA","KILLA ABDULLAH","DOBANDI","SUB-TEHSIL","RURAL",12995,4532,2420,5977,4598,7769,1488
"BALOCHISTAN","QUETTA","KILLA ABDULLAH","DOBANDI","SUB-TEHSIL","URBAN",NA,NA,NA,NA,NA,NA,NA
"BALOCHISTAN","QUETTA","KILLA ABDULLAH","GULISTAN","SUB-DIVISION","OVERALL",23751,13956,14940,7619,1192,17366,643
"BALOCHISTAN","QUETTA","KILLA ABDULLAH","GULISTAN","SUB-DIVISION","RURAL",23751,13956,14940,7619,1192,17366,643
"BALOCHISTAN","QUETTA","KILLA ABDULLAH","GULISTAN","SUB-DIVISION","URBAN",NA,NA,NA,NA,NA,NA,NA
"BALOCHISTAN","QUETTA","KILLA ABDULLAH","KILLA ABDULLAH","SUB-DIVISION","OVERALL",30543,17681,16781,12070,1692,19317,738
"BALOCHISTAN","QUETTA","KILLA ABDULLAH","KILLA ABDULLAH","SUB-DIVISION","RURAL",24167,14285,14922,8238,1007,15638,629
"BALOCHISTAN","QUETTA","KILLA ABDULLAH","KILLA ABDULLAH","SUB-DIVISION","URBAN",6376,3396,1859,3832,685,3679,109
"BALOCHISTAN","ZHOB","KILLA SAIFULLAH","BADINI","SUB-TEHSIL","OVERALL",2769,137,52,172,2545,1560,478
"BALOCHISTAN","ZHOB","KILLA SAIFULLAH","BADINI","SUB-TEHSIL","RURAL",2769,137,52,172,2545,1560,478
"BALOCHISTAN","ZHOB","KILLA SAIFULLAH","BADINI","SUB-TEHSIL","URBAN",NA,NA,NA,NA,NA,NA,NA
"BALOCHISTAN","ZHOB","KILLA SAIFULLAH","KAN MEHTARZAI","SUB-TEHSIL","OVERALL",7348,3308,3727,1674,1947,4740,504
"BALOCHISTAN","ZHOB","KILLA SAIFULLAH","KAN MEHTARZAI","SUB-TEHSIL","RURAL",7348,3308,3727,1674,1947,4740,504
"BALOCHISTAN","ZHOB","KILLA SAIFULLAH","KAN MEHTARZAI","SUB-TEHSIL","URBAN",NA,NA,NA,NA,NA,NA,NA
"BALOCHISTAN","ZHOB","KILLA SAIFULLAH","KILLA SAIFULLAH","SUB-DIVISION","OVERALL",29319,7540,9676,4566,15077,20183,1686
"BALOCHISTAN","ZHOB","KILLA SAIFULLAH","KILLA SAIFULLAH","SUB-DIVISION","RURAL",22108,3971,4466,3438,14204,15902,1392
"BALOCHISTAN","ZHOB","KILLA SAIFULLAH","KILLA SAIFULLAH","SUB-DIVISION","URBAN",7211,3569,5210,1128,873,4281,294
"BALOCHISTAN","ZHOB","KILLA SAIFULLAH","LOIBAND","TEHSIL","OVERALL",5105,546,253,630,4222,3473,409
"BALOCHISTAN","ZHOB","KILLA SAIFULLAH","LOIBAND","TEHSIL","RURAL",5105,546,253,630,4222,3473,409
"BALOCHISTAN","ZHOB","KILLA SAIFULLAH","LOIBAND","TEHSIL","URBAN",NA,NA,NA,NA,NA,NA,NA
"BALOCHISTAN","ZHOB","KILLA SAIFULLAH","MUSLIM BAGH","TEHSIL","OVERALL",14084,6984,8615,2452,3017,10705,395
"BALOCHISTAN","ZHOB","KILLA SAIFULLAH","MUSLIM BAGH","TEHSIL","RURAL",9385,4272,4298,2157,2930,6875,340
"BALOCHISTAN","ZHOB","KILLA SAIFULLAH","MUSLIM BAGH","TEHSIL","URBAN",4699,2712,4317,295,87,3830,55
"BALOCHISTAN","ZHOB","KILLA SAIFULLAH","SHINKI","SUB-TEHSIL","OVERALL",11373,1350,755,1300,9318,6108,2112
"BALOCHISTAN","ZHOB","KILLA SAIFULLAH","SHINKI","SUB-TEHSIL","RURAL",11373,1350,755,1300,9318,6108,2112
"BALOCHISTAN","ZHOB","KILLA SAIFULLAH","SHINKI","SUB-TEHSIL","URBAN",NA,NA,NA,NA,NA,NA,NA
"BALOCHISTAN","SIBI","KOHLU","GRISANI","SUB-TEHSIL","OVERALL",2401,305,674,588,1139,387,914
"BALOCHISTAN","SIBI","KOHLU","GRISANI","SUB-TEHSIL","RURAL",2401,305,674,588,1139,387,914
"BALOCHISTAN","SIBI","KOHLU","GRISANI","SUB-TEHSIL","URBAN",NA,NA,NA,NA,NA,NA,NA
"BALOCHISTAN","SIBI","KOHLU","KAHAN","SUB-DIVISION","OVERALL",11817,1173,259,1434,10124,2418,7676
"BALOCHISTAN","SIBI","KOHLU","KAHAN","SUB-DIVISION","RURAL",11817,1173,259,1434,10124,2418,7676
"BALOCHISTAN","SIBI","KOHLU","KAHAN","SUB-DIVISION","URBAN",NA,NA,NA,NA,NA,NA,NA
"BALOCHISTAN","SIBI","KOHLU","KOHLU","SUB-DIVISION","OVERALL",8513,3595,5104,714,2695,4719,1530
"BALOCHISTAN","SIBI","KOHLU","KOHLU","SUB-DIVISION","RURAL",5354,1915,2257,526,2571,2933,1240
"BALOCHISTAN","SIBI","KOHLU","KOHLU","SUB-DIVISION","URBAN",3159,1680,2847,188,124,1786,290
"BALOCHISTAN","SIBI","KOHLU","MAWAND","SUB-DIVISION","OVERALL",7719,1257,1456,528,5735,2042,4688
"BALOCHISTAN","SIBI","KOHLU","MAWAND","SUB-DIVISION","RURAL",7719,1257,1456,528,5735,2042,4688
"BALOCHISTAN","SIBI","KOHLU","MAWAND","SUB-DIVISION","URBAN",NA,NA,NA,NA,NA,NA,NA
"BALOCHISTAN","SIBI","KOHLU","TAMBOO","SUB-TEHSIL","OVERALL",7645,1077,1092,573,5980,2804,3518
"BALOCHISTAN","SIBI","KOHLU","TAMBOO","SUB-TEHSIL","RURAL",7645,1077,1092,573,5980,2804,3518
"BALOCHISTAN","SIBI","KOHLU","TAMBOO","SUB-TEHSIL","URBAN",NA,NA,NA,NA,NA,NA,NA
"BALOCHISTAN","KALAT","LASBELA","BELA","SUB-DIVISION","OVERALL",19806,12547,13979,2526,3301,12434,3424
"BALOCHISTAN","KALAT","LASBELA","BELA","SUB-DIVISION","RURAL",15827,9526,10142,2450,3235,9545,3203
"BALOCHISTAN","KALAT","LASBELA","BELA","SUB-DIVISION","URBAN",3979,3021,3837,76,66,2889,221
"BALOCHISTAN","KALAT","LASBELA","DUREJI","SUB-DIVISION","OVERALL",10008,3517,3193,486,6329,6063,3711
"BALOCHISTAN","KALAT","LASBELA","DUREJI","SUB-DIVISION","RURAL",6945,2887,2617,406,3922,4718,2030
"BALOCHISTAN","KALAT","LASBELA","DUREJI","SUB-DIVISION","URBAN",3063,630,576,80,2407,1345,1681
"BALOCHISTAN","KALAT","LASBELA","GADDANI","TEHSIL","OVERALL",6578,2723,3188,453,2937,5302,339
"BALOCHISTAN","KALAT","LASBELA","GADDANI","TEHSIL","RURAL",2676,1572,1515,316,845,2296,114
"BALOCHISTAN","KALAT","LASBELA","GADDANI","TEHSIL","URBAN",3902,1151,1673,137,2092,3006,225
"BALOCHISTAN","KALAT","LASBELA","HUB","SUB-DIVISION","OVERALL",37994,30456,35329,1187,1478,30005,2050
"BALOCHISTAN","KALAT","LASBELA","HUB","SUB-DIVISION","RURAL",7855,6333,6467,255,1133,6857,663
"BALOCHISTAN","KALAT","LASBELA","HUB","SUB-DIVISION","URBAN",30139,24123,28862,932,345,23148,1387
"BALOCHISTAN","KALAT","LASBELA","KANRAJ","SUB-DIVISION","OVERALL",2722,386,452,12,2258,2173,391
"BALOCHISTAN","KALAT","LASBELA","KANRAJ","SUB-DIVISION","RURAL",2722,386,452,12,2258,2173,391
"BALOCHISTAN","KALAT","LASBELA","KANRAJ","SUB-DIVISION","URBAN",NA,NA,NA,NA,NA,NA,NA
"BALOCHISTAN","KALAT","LASBELA","LAKHRA","TEHSIL","OVERALL",7378,4181,5651,1210,517,4113,661
"BALOCHISTAN","KALAT","LASBELA","LAKHRA","TEHSIL","RURAL",7378,4181,5651,1210,517,4113,661
"BALOCHISTAN","KALAT","LASBELA","LAKHRA","TEHSIL","URBAN",NA,NA,NA,NA,NA,NA,NA
"BALOCHISTAN","KALAT","LASBELA","LIARI","SUB-TEHSIL","OVERALL",2589,1263,807,538,1244,1944,503
"BALOCHISTAN","KALAT","LASBELA","LIARI","SUB-TEHSIL","RURAL",2589,1263,807,538,1244,1944,503
"BALOCHISTAN","KALAT","LASBELA","LIARI","SUB-TEHSIL","URBAN",NA,NA,NA,NA,NA,NA,NA
"BALOCHISTAN","KALAT","LASBELA","SONMIANI/WINDER","TEHSIL","OVERALL",14186,7644,9718,1122,3346,9650,1251
"BALOCHISTAN","KALAT","LASBELA","SONMIANI/WINDER","TEHSIL","RURAL",6861,3485,3823,912,2126,4726,903
"BALOCHISTAN","KALAT","LASBELA","SONMIANI/WINDER","TEHSIL","URBAN",7325,4159,5895,210,1220,4924,348
"BALOCHISTAN","KALAT","LASBELA","UTHAL","SUB-DIVISION","OVERALL",14278,8786,8288,3124,2866,10028,1454
"BALOCHISTAN","KALAT","LASBELA","UTHAL","SUB-DIVISION","RURAL",8456,4679,4195,1506,2755,6040,1226
"BALOCHISTAN","KALAT","LASBELA","UTHAL","SUB-DIVISION","URBAN",5822,4107,4093,1618,111,3988,228
"BALOCHISTAN","LORALAI","LORALAI","BORI","SUB-DIVISION","OVERALL",31142,15432,17991,6147,7004,19638,3093
"BALOCHISTAN","LORALAI","LORALAI","BORI","SUB-DIVISION","RURAL",23535,9973,11045,5643,6847,14179,2850
"BALOCHISTAN","LORALAI","LORALAI","BORI","SUB-DIVISION","URBAN",7607,5459,6946,504,157,5459,243
"BALOCHISTAN","LORALAI","LORALAI","MEKHTAR","SUB-DIVISION","OVERALL",7072,1651,2015,723,4334,4458,1084
"BALOCHISTAN","LORALAI","LORALAI","MEKHTAR","SUB-DIVISION","RURAL",7072,1651,2015,723,4334,4458,1084
"BALOCHISTAN","LORALAI","LORALAI","MEKHTAR","SUB-DIVISION","URBAN",NA,NA,NA,NA,NA,NA,NA
"BALOCHISTAN","KALAT","MASTUNG","DASHT","SUB-DIVISION","OVERALL",10230,6523,7480,1843,907,6953,460
"BALOCHISTAN","KALAT","MASTUNG","DASHT","SUB-DIVISION","RURAL",10230,6523,7480,1843,907,6953,460
"BALOCHISTAN","KALAT","MASTUNG","DASHT","SUB-DIVISION","URBAN",NA,NA,NA,NA,NA,NA,NA
"BALOCHISTAN","KALAT","MASTUNG","KHAD KOCHA","SUB-TEHSIL","OVERALL",5954,3422,3878,1475,601,4033,233
"BALOCHISTAN","KALAT","MASTUNG","KHAD KOCHA","SUB-TEHSIL","RURAL",5954,3422,3878,1475,601,4033,233
"BALOCHISTAN","KALAT","MASTUNG","KHAD KOCHA","SUB-TEHSIL","URBAN",NA,NA,NA,NA,NA,NA,NA
"BALOCHISTAN","KALAT","MASTUNG","KIRDGAP","SUB-DIVISION","OVERALL",5024,3234,2231,2133,660,3574,343
"BALOCHISTAN","KALAT","MASTUNG","KIRDGAP","SUB-DIVISION","RURAL",5024,3234,2231,2133,660,3574,343
"BALOCHISTAN","KALAT","MASTUNG","KIRDGAP","SUB-DIVISION","URBAN",NA,NA,NA,NA,NA,NA,NA
"BALOCHISTAN","KALAT","MASTUNG","MASTUNG","SUB-DIVISION","OVERALL",22487,14399,15924,5470,1093,16635,823
"BALOCHISTAN","KALAT","MASTUNG","MASTUNG","SUB-DIVISION","RURAL",17054,10096,10608,5372,1074,12194,808
"BALOCHISTAN","KALAT","MASTUNG","MASTUNG","SUB-DIVISION","URBAN",5433,4303,5316,98,19,4441,15
"BALOCHISTAN","LORALAI","MUSAKHEL","DRUG","TEHSIL","OVERALL",4799,1355,2434,207,2158,1303,2231
"BALOCHISTAN","LORALAI","MUSAKHEL","DRUG","TEHSIL","RURAL",4799,1355,2434,207,2158,1303,2231
"BALOCHISTAN","LORALAI","MUSAKHEL","DRUG","TEHSIL","URBAN",NA,NA,NA,NA,NA,NA,NA
"BALOCHISTAN","LORALAI","MUSAKHEL","KINGRI","TEHSIL","OVERALL",6480,1408,1494,316,4670,3833,1943
"BALOCHISTAN","LORALAI","MUSAKHEL","KINGRI","TEHSIL","RURAL",6480,1408,1494,316,4670,3833,1943
"BALOCHISTAN","LORALAI","MUSAKHEL","KINGRI","TEHSIL","URBAN",NA,NA,NA,NA,NA,NA,NA
"BALOCHISTAN","LORALAI","MUSAKHEL","MUSAKHEL","TEHSIL","OVERALL",7601,3111,2836,2707,2058,3865,1165
"BALOCHISTAN","LORALAI","MUSAKHEL","MUSAKHEL","TEHSIL","RURAL",5241,1821,601,2635,2005,2405,1132
"BALOCHISTAN","LORALAI","MUSAKHEL","MUSAKHEL","TEHSIL","URBAN",2360,1290,2235,72,53,1460,33
"BALOCHISTAN","LORALAI","MUSAKHEL","TIYAR ESSOT","SUB-TEHSIL","OVERALL",1730,936,990,164,576,990,517
"BALOCHISTAN","LORALAI","MUSAKHEL","TIYAR ESSOT","SUB-TEHSIL","RURAL",1730,936,990,164,576,990,517
"BALOCHISTAN","LORALAI","MUSAKHEL","TIYAR ESSOT","SUB-TEHSIL","URBAN",NA,NA,NA,NA,NA,NA,NA
"BALOCHISTAN","LORALAI","MUSAKHEL","TOISAR","TEHSIL","OVERALL",8443,1189,506,2251,5686,2272,3870
"BALOCHISTAN","LORALAI","MUSAKHEL","TOISAR","TEHSIL","RURAL",8443,1189,506,2251,5686,2272,3870
"BALOCHISTAN","LORALAI","MUSAKHEL","TOISAR","TEHSIL","URBAN",NA,NA,NA,NA,NA,NA,NA
"BALOCHISTAN","LORALAI","MUSAKHEL","ZIMRI PLASEEN","SUB-TEHSIL","OVERALL",2199,600,92,574,1533,1018,807
"BALOCHISTAN","LORALAI","MUSAKHEL","ZIMRI PLASEEN","SUB-TEHSIL","RURAL",2199,600,92,574,1533,1018,807
"BALOCHISTAN","LORALAI","MUSAKHEL","ZIMRI PLASEEN","SUB-TEHSIL","URBAN",NA,NA,NA,NA,NA,NA,NA
"BALOCHISTAN","NASIRABAD","NASIRABAD","BABA KOT","TEHSIL","OVERALL",8675,3215,1344,2428,4903,3316,4790
"BALOCHISTAN","NASIRABAD","NASIRABAD","BABA KOT","TEHSIL","RURAL",8675,3215,1344,2428,4903,3316,4790
"BALOCHISTAN","NASIRABAD","NASIRABAD","BABA KOT","TEHSIL","URBAN",NA,NA,NA,NA,NA,NA,NA
"BALOCHISTAN","NASIRABAD","NASIRABAD","CHATTAR","SUB-DIVISION","OVERALL",5932,3262,1232,2754,1946,3824,1396
"BALOCHISTAN","NASIRABAD","NASIRABAD","CHATTAR","SUB-DIVISION","RURAL",5932,3262,1232,2754,1946,3824,1396
"BALOCHISTAN","NASIRABAD","NASIRABAD","CHATTAR","SUB-DIVISION","URBAN",NA,NA,NA,NA,NA,NA,NA
"BALOCHISTAN","NASIRABAD","NASIRABAD","DERA MURAD JAMALI","SUB-DIVISION","OVERALL",39493,14758,17381,12494,9618,13644,11029
"BALOCHISTAN","NASIRABAD","NASIRABAD","DERA MURAD JAMALI","SUB-DIVISION","RURAL",25220,7595,6854,9235,9131,6857,9962
"BALOCHISTAN","NASIRABAD","NASIRABAD","DERA MURAD JAMALI","SUB-DIVISION","URBAN",14273,7163,10527,3259,487,6787,1067
"BALOCHISTAN","NASIRABAD","NASIRABAD","LANDHI","TEHSIL","OVERALL",1516,222,7,386,1123,270,1049
"BALOCHISTAN","NASIRABAD","NASIRABAD","LANDHI","TEHSIL","RURAL",1516,222,7,386,1123,270,1049
"BALOCHISTAN","NASIRABAD","NASIRABAD","LANDHI","TEHSIL","URBAN",NA,NA,NA,NA,NA,NA,NA
"BALOCHISTAN","NASIRABAD","NASIRABAD","MIR HASSAN KHOSA","TEHSIL","OVERALL",8266,1479,1366,934,5966,1422,6046
"BALOCHISTAN","NASIRABAD","NASIRABAD","MIR HASSAN KHOSA","TEHSIL","RURAL",8266,1479,1366,934,5966,1422,6046
"BALOCHISTAN","NASIRABAD","NASIRABAD","MIR HASSAN KHOSA","TEHSIL","URBAN",NA,NA,NA,NA,NA,NA,NA
"BALOCHISTAN","NASIRABAD","NASIRABAD","TAMBOO","TEHSIL","OVERALL",23634,9305,5458,6502,11674,8671,12494
"BALOCHISTAN","NASIRABAD","NASIRABAD","TAMBOO","TEHSIL","RURAL",23634,9305,5458,6502,11674,8671,12494
"BALOCHISTAN","NASIRABAD","NASIRABAD","TAMBOO","TEHSIL","URBAN",NA,NA,NA,NA,NA,NA,NA
"BALOCHISTAN","RAKHSHAN","NUSHKI","DAK","SUB-TEHSIL","OVERALL",2787,1766,1289,632,866,2397,123
"BALOCHISTAN","RAKHSHAN","NUSHKI","DAK","SUB-TEHSIL","RURAL",2787,1766,1289,632,866,2397,123
"BALOCHISTAN","RAKHSHAN","NUSHKI","DAK","SUB-TEHSIL","URBAN",NA,NA,NA,NA,NA,NA,NA
"BALOCHISTAN","RAKHSHAN","NUSHKI","NUSHKI","SUB-DIVISION","OVERALL",28468,19836,20425,5991,2052,20575,1081
"BALOCHISTAN","RAKHSHAN","NUSHKI","NUSHKI","SUB-DIVISION","RURAL",21208,14263,15183,4036,1989,14991,1011
"BALOCHISTAN","RAKHSHAN","NUSHKI","NUSHKI","SUB-DIVISION","URBAN",7260,5573,5242,1955,63,5584,70
"BALOCHISTAN","MEKRAN","PANJGUR","GICHK","SUB-TEHSIL","OVERALL",15625,2668,434,6618,8573,5899,1783
"BALOCHISTAN","MEKRAN","PANJGUR","GICHK","SUB-TEHSIL","RURAL",15625,2668,434,6618,8573,5899,1783
"BALOCHISTAN","MEKRAN","PANJGUR","GICHK","SUB-TEHSIL","URBAN",NA,NA,NA,NA,NA,NA,NA
"BALOCHISTAN","MEKRAN","PANJGUR","GOWARGO","SUB-DIVISION","OVERALL",9059,5307,1231,5003,2825,6159,979
"BALOCHISTAN","MEKRAN","PANJGUR","GOWARGO","SUB-DIVISION","RURAL",9059,5307,1231,5003,2825,6159,979
"BALOCHISTAN","MEKRAN","PANJGUR","GOWARGO","SUB-DIVISION","URBAN",NA,NA,NA,NA,NA,NA,NA
"BALOCHISTAN","MEKRAN","PANJGUR","JAHEEN PAROME","TEHSIL","OVERALL",6504,2288,433,4018,2053,2637,1173
"BALOCHISTAN","MEKRAN","PANJGUR","JAHEEN PAROME","TEHSIL","RURAL",6504,2288,433,4018,2053,2637,1173
"BALOCHISTAN","MEKRAN","PANJGUR","JAHEEN PAROME","TEHSIL","URBAN",NA,NA,NA,NA,NA,NA,NA
NA,NA,"PANJGUR","KALLAG","SUB-TEHSIL","OVERALL",7281,2398,1808,3917,1556,3060,311
NA,NA,"PANJGUR","KALLAG","SUB-TEHSIL","RURAL",7281,2398,1808,3917,1556,3060,311
NA,NA,"PANJGUR","KALLAG","SUB-TEHSIL","URBAN",NA,NA,NA,NA,NA,NA,NA
"BALOCHISTAN","MEKRAN","PANJGUR","PANJGUR","SUB-DIVISION","OVERALL",78620,35680,22410,47863,8347,38837,3772
"BALOCHISTAN","MEKRAN","PANJGUR","PANJGUR","SUB-DIVISION","RURAL",49447,26217,16214,29174,4059,28315,2297
"BALOCHISTAN","MEKRAN","PANJGUR","PANJGUR","SUB-DIVISION","URBAN",29173,9463,6196,18689,4288,10522,1475
"BALOCHISTAN","QUETTA","PISHIN","BARSHORE","TEHSIL","OVERALL",20036,6595,7097,6689,6250,13569,825
"BALOCHISTAN","QUETTA","PISHIN","BARSHORE","TEHSIL","RURAL",20036,6595,7097,6689,6250,13569,825
"BALOCHISTAN","QUETTA","PISHIN","BARSHORE","TEHSIL","URBAN",NA,NA,NA,NA,NA,NA,NA
"BALOCHISTAN","QUETTA","PISHIN","BOSTAN","TEHSIL","OVERALL",9256,5190,7329,1664,263,6115,106
"BALOCHISTAN","QUETTA","PISHIN","BOSTAN","TEHSIL","RURAL",9256,5190,7329,1664,263,6115,106
"BALOCHISTAN","QUETTA","PISHIN","BOSTAN","TEHSIL","URBAN",NA,NA,NA,NA,NA,NA,NA
"BALOCHISTAN","QUETTA","PISHIN","HURRAM ZAI","SUB-DIVISION","OVERALL",25031,17021,22035,2616,380,19390,127
"BALOCHISTAN","QUETTA","PISHIN","HURRAM ZAI","SUB-DIVISION","RURAL",19417,12769,17430,1632,355,15050,113
"BALOCHISTAN","QUETTA","PISHIN","HURRAM ZAI","SUB-DIVISION","URBAN",5614,4252,4605,984,25,4340,14
"BALOCHISTAN","QUETTA","PISHIN","KAREZAT","SUB-DIVISION","OVERALL",9129,5893,3617,4603,909,6873,295
"BALOCHISTAN","QUETTA","PISHIN","KAREZAT","SUB-DIVISION","RURAL",2205,1264,442,1215,548,1553,195
"BALOCHISTAN","QUETTA","PISHIN","KAREZAT","SUB-DIVISION","URBAN",6924,4629,3175,3388,361,5320,100
"BALOCHISTAN","QUETTA","PISHIN","NANA SAHIB","TEHSIL","OVERALL",7639,3462,3053,2652,1934,5538,146
"BALOCHISTAN","QUETTA","PISHIN","NANA SAHIB","TEHSIL","RURAL",7639,3462,3053,2652,1934,5538,146
"BALOCHISTAN","QUETTA","PISHIN","NANA SAHIB","TEHSIL","URBAN",NA,NA,NA,NA,NA,NA,NA
"BALOCHISTAN","QUETTA","PISHIN","PISHIN","SUB-DIVISION","OVERALL",64523,41678,45654,16073,2796,47476,1387
"BALOCHISTAN","QUETTA","PISHIN","PISHIN","SUB-DIVISION","RURAL",43312,28144,28647,12813,1852,31056,863
"BALOCHISTAN","QUETTA","PISHIN","PISHIN","SUB-DIVISION","URBAN",21211,13534,17007,3260,944,16420,524
"BALOCHISTAN","QUETTA","PISHIN","SARANAN","TEHSIL","OVERALL",11571,7461,7335,4087,149,8522,70
"BALOCHISTAN","QUETTA","PISHIN","SARANAN","TEHSIL","RURAL",3382,2073,1266,2048,68,2946,15
"BALOCHISTAN","QUETTA","PISHIN","SARANAN","TEHSIL","URBAN",8189,5388,6069,2039,81,5576,55
"BALOCHISTAN","QUETTA","QUETTA","QUETTA","SUB-DIVISION_CITY","OVERALL",144129,120591,132134,10596,1399,122290,1083
"BALOCHISTAN","QUETTA","QUETTA","QUETTA","SUB-DIVISION_CITY","RURAL",16382,14069,16100,256,26,14130,39
"BALOCHISTAN","QUETTA","QUETTA","QUETTA","SUB-DIVISION_CITY","URBAN",127747,106522,116034,10340,1373,108160,1044
"BALOCHISTAN","QUETTA","QUETTA","KUCHLAK","SUB-DIVISION","OVERALL",37214,28091,30693,6007,514,30303,461
"BALOCHISTAN","QUETTA","QUETTA","KUCHLAK","SUB-DIVISION","RURAL",30680,22652,24945,5236,499,24651,439
"BALOCHISTAN","QUETTA","QUETTA","KUCHLAK","SUB-DIVISION","URBAN",6534,5439,5748,771,15,5652,22
NA,NA,"QUETTA","SADDAR TEHSIL","SUB-DIVISION","OVERALL",34558,28391,29626,3762,1170,29998,1280
NA,NA,"QUETTA","SADDAR TEHSIL","SUB-DIVISION","RURAL",14930,11039,11193,2708,1029,12520,1118
NA,NA,"QUETTA","SADDAR TEHSIL","SUB-DIVISION","URBAN",19628,17352,18433,1054,141,17478,162
"BALOCHISTAN","QUETTA","QUETTA","SARIAB","SUB-DIVISION","OVERALL",69160,53235,54642,13979,539,53917,896
"BALOCHISTAN","QUETTA","QUETTA","SARIAB","SUB-DIVISION","RURAL",61948,47101,48450,12966,532,47668,749
"BALOCHISTAN","QUETTA","QUETTA","SARIAB","SUB-DIVISION","URBAN",7212,6134,6192,1013,7,6249,147
"BALOCHISTAN","QUETTA","QUETTA","PANJPAI","SUB-TEHSIL","OVERALL",3398,1508,1792,1408,198,2052,91
"BALOCHISTAN","QUETTA","QUETTA","PANJPAI","SUB-TEHSIL","RURAL",3398,1508,1792,1408,198,2052,91
"BALOCHISTAN","QUETTA","QUETTA","PANJPAI","SUB-TEHSIL","URBAN",NA,NA,NA,NA,NA,NA,NA
"BALOCHISTAN","ZHOB","SHERANI","SHERANI","SUB-DIVISION","OVERALL",36100,14538,16154,10009,9937,21911,3040
"BALOCHISTAN","ZHOB","SHERANI","SHERANI","SUB-DIVISION","RURAL",36100,14538,16154,10009,9937,21911,3040
"BALOCHISTAN","ZHOB","SHERANI","SHERANI","SUB-DIVISION","URBAN",NA,NA,NA,NA,NA,NA,NA
"BALOCHISTAN","SIBI","SIBI","KOT MANDAI","SUB-TEHSIL","OVERALL",1275,402,299,390,586,479,560
"BALOCHISTAN","SIBI","SIBI","KOT MANDAI","SUB-TEHSIL","RURAL",1275,402,299,390,586,479,560
"BALOCHISTAN","SIBI","SIBI","KOT MANDAI","SUB-TEHSIL","URBAN",NA,NA,NA,NA,NA,NA,NA
"BALOCHISTAN","SIBI","SIBI","LEHRI","SUB-DIVISION","OVERALL",7598,4356,4059,2393,1146,4162,1488
"BALOCHISTAN","SIBI","SIBI","LEHRI","SUB-DIVISION","RURAL",7598,4356,4059,2393,1146,4162,1488
"BALOCHISTAN","SIBI","SIBI","LEHRI","SUB-DIVISION","URBAN",NA,NA,NA,NA,NA,NA,NA
"BALOCHISTAN","SIBI","SIBI","SANGAN","SUB-TEHSIL","OVERALL",382,290,115,260,7,295,6
"BALOCHISTAN","SIBI","SIBI","SANGAN","SUB-TEHSIL","RURAL",382,290,115,260,7,295,6
"BALOCHISTAN","SIBI","SIBI","SANGAN","SUB-TEHSIL","URBAN",NA,NA,NA,NA,NA,NA,NA
"BALOCHISTAN","SIBI","SIBI","SIBI","SUB-DIVISION","OVERALL",22041,13104,16297,3887,1857,12923,2210
"BALOCHISTAN","SIBI","SIBI","SIBI","SUB-DIVISION","RURAL",10516,6147,6607,2555,1354,6209,1314
"BALOCHISTAN","SIBI","SIBI","SIBI","SUB-DIVISION","URBAN",11525,6957,9690,1332,503,6714,896
"BALOCHISTAN","NASIRABAD","SOHBATPUR","FARIDABAD","TEHSIL","OVERALL",9246,2325,2407,918,5921,2117,6287
"BALOCHISTAN","NASIRABAD","SOHBATPUR","FARIDABAD","TEHSIL","RURAL",9246,2325,2407,918,5921,2117,6287
"BALOCHISTAN","NASIRABAD","SOHBATPUR","FARIDABAD","TEHSIL","URBAN",NA,NA,NA,NA,NA,NA,NA
"BALOCHISTAN","NASIRABAD","SOHBATPUR","HAIR DIN","TEHSIL","OVERALL",2560,502,1130,253,1177,435,1338
"BALOCHISTAN","NASIRABAD","SOHBATPUR","HAIR DIN","TEHSIL","RURAL",2560,502,1130,253,1177,435,1338
"BALOCHISTAN","NASIRABAD","SOHBATPUR","HAIR DIN","TEHSIL","URBAN",NA,NA,NA,NA,NA,NA,NA
"BALOCHISTAN","NASIRABAD","SOHBATPUR","MANJHIPUR","TEHSIL","OVERALL",3300,1533,1932,519,849,1247,1370
"BALOCHISTAN","NASIRABAD","SOHBATPUR","MANJHIPUR","TEHSIL","RURAL",3300,1533,1932,519,849,1247,1370
"BALOCHISTAN","NASIRABAD","SOHBATPUR","MANJHIPUR","TEHSIL","URBAN",NA,NA,NA,NA,NA,NA,NA
"BALOCHISTAN","NASIRABAD","SOHBATPUR","PANHWAR","TEHSIL","OVERALL",7742,2654,1707,1609,4426,2788,4336
"BALOCHISTAN","NASIRABAD","SOHBATPUR","PANHWAR","TEHSIL","RURAL",7742,2654,1707,1609,4426,2788,4336
"BALOCHISTAN","NASIRABAD","SOHBATPUR","PANHWAR","TEHSIL","URBAN",NA,NA,NA,NA,NA,NA,NA
"BALOCHISTAN","NASIRABAD","SOHBATPUR","SAEED MUHAMMAD KANRANI","TEHSIL","OVERALL",2486,406,926,38,1522,369,1565
"BALOCHISTAN","NASIRABAD","SOHBATPUR","SAEED MUHAMMAD KANRANI","TEHSIL","RURAL",2486,406,926,38,1522,369,1565
"BALOCHISTAN","NASIRABAD","SOHBATPUR","SAEED MUHAMMAD KANRANI","TEHSIL","URBAN",NA,NA,NA,NA,NA,NA,NA
"BALOCHISTAN","NASIRABAD","SOHBATPUR","SOHBATPUR","SUB-DIVISION","OVERALL",8400,3864,3199,2185,3016,3225,3987
"BALOCHISTAN","NASIRABAD","SOHBATPUR","SOHBATPUR","SUB-DIVISION","RURAL",6607,2851,1661,2033,2913,2546,3358
"BALOCHISTAN","NASIRABAD","SOHBATPUR","SOHBATPUR","SUB-DIVISION","URBAN",1793,1013,1538,152,103,679,629
"BALOCHISTAN","KALAT","SURAB","DASHT E GORAN","SUB-DIVISION","OVERALL",3291,1932,1193,1061,1037,2423,319
"BALOCHISTAN","KALAT","SURAB","DASHT E GORAN","SUB-DIVISION","RURAL",3291,1932,1193,1061,1037,2423,319
"BALOCHISTAN","KALAT","SURAB","DASHT E GORAN","SUB-DIVISION","URBAN",NA,NA,NA,NA,NA,NA,NA
"BALOCHISTAN","KALAT","SURAB","GIDDER","SUB-DIVISION","OVERALL",19417,8039,7519,8423,3475,10486,912
"BALOCHISTAN","KALAT","SURAB","GIDDER","SUB-DIVISION","RURAL",19417,8039,7519,8423,3475,10486,912
"BALOCHISTAN","KALAT","SURAB","GIDDER","SUB-DIVISION","URBAN",NA,NA,NA,NA,NA,NA,NA
"BALOCHISTAN","KALAT","SURAB","SHAHEED MEHARABAD ZEHRI","SUB-DIVISION","OVERALL",13130,4037,7271,3334,2525,4712,1509
"BALOCHISTAN","KALAT","SURAB","SHAHEED MEHARABAD ZEHRI","SUB-DIVISION","RURAL",13130,4037,7271,3334,2525,4712,1509
"BALOCHISTAN","KALAT","SURAB","SHAHEED MEHARABAD ZEHRI","SUB-DIVISION","URBAN",NA,NA,NA,NA,NA,NA,NA
"BALOCHISTAN","KALAT","SURAB","SURAB","SUB-DIVISION","OVERALL",15389,10058,9223,4506,1660,11141,702
"BALOCHISTAN","KALAT","SURAB","SURAB","SUB-DIVISION","RURAL",9207,5874,4732,2880,1595,6877,630
"BALOCHISTAN","KALAT","SURAB","SURAB","SUB-DIVISION","URBAN",6182,4184,4491,1626,65,4264,72
"BALOCHISTAN","RAKHSHAN","WASHUK","BESIMA","SUB-DIVISION","OVERALL",10555,5030,2410,3459,4686,7397,1616
"BALOCHISTAN","RAKHSHAN","WASHUK","BESIMA","SUB-DIVISION","RURAL",10555,5030,2410,3459,4686,7397,1616
"BALOCHISTAN","RAKHSHAN","WASHUK","BESIMA","SUB-DIVISION","URBAN",NA,NA,NA,NA,NA,NA,NA
"BALOCHISTAN","RAKHSHAN","WASHUK","MASHKHEL","SUB-DIVISION","OVERALL",12916,7571,6098,3583,3235,9250,1160
"BALOCHISTAN","RAKHSHAN","WASHUK","MASHKHEL","SUB-DIVISION","RURAL",12916,7571,6098,3583,3235,9250,1160
"BALOCHISTAN","RAKHSHAN","WASHUK","MASHKHEL","SUB-DIVISION","URBAN",NA,NA,NA,NA,NA,NA,NA
"BALOCHISTAN","RAKHSHAN","WASHUK","NAG","SUB-TEHSIL","OVERALL",9707,3058,2128,2111,5468,6004,1582
"BALOCHISTAN","RAKHSHAN","WASHUK","NAG","SUB-TEHSIL","RURAL",9707,3058,2128,2111,5468,6004,1582
"BALOCHISTAN","RAKHSHAN","WASHUK","NAG","SUB-TEHSIL","URBAN",NA,NA,NA,NA,NA,NA,NA
"BALOCHISTAN","RAKHSHAN","WASHUK","SHAHOO GARHI","SUB-TEHSIL","OVERALL",6208,3008,985,2363,2860,5497,270
"BALOCHISTAN","RAKHSHAN","WASHUK","SHAHOO GARHI","SUB-TEHSIL","RURAL",6208,3008,985,2363,2860,5497,270
"BALOCHISTAN","RAKHSHAN","WASHUK","SHAHOO GARHI","SUB-TEHSIL","URBAN",NA,NA,NA,NA,NA,NA,NA
"BALOCHISTAN","RAKHSHAN","WASHUK","WASHUK","SUB-DIVISION","OVERALL",9663,2980,2432,2477,4754,4414,2771
"BALOCHISTAN","RAKHSHAN","WASHUK","WASHUK","SUB-DIVISION","RURAL",2567,917,254,709,1604,1559,865
"BALOCHISTAN","RAKHSHAN","WASHUK","WASHUK","SUB-DIVISION","URBAN",7096,2063,2178,1768,3150,2855,1906
"BALOCHISTAN","ZHOB","ZHOB","ASHWAT","SUB-TEHSIL","OVERALL",2972,198,834,72,2066,1445,278
"BALOCHISTAN","ZHOB","ZHOB","ASHWAT","SUB-TEHSIL","RURAL",2972,198,834,72,2066,1445,278
"BALOCHISTAN","ZHOB","ZHOB","ASHWAT","SUB-TEHSIL","URBAN",NA,NA,NA,NA,NA,NA,NA
"BALOCHISTAN","ZHOB","ZHOB","KAKAR KHURASAN","SUB-DIVISION","OVERALL",2739,279,224,112,2403,1993,171
"BALOCHISTAN","ZHOB","ZHOB","KAKAR KHURASAN","SUB-DIVISION","RURAL",2739,279,224,112,2403,1993,171
"BALOCHISTAN","ZHOB","ZHOB","KAKAR KHURASAN","SUB-DIVISION","URBAN",NA,NA,NA,NA,NA,NA,NA
"BALOCHISTAN","ZHOB","ZHOB","KASHATOO","SUB-TEHSIL","OVERALL",783,34,85,4,694,154,387
"BALOCHISTAN","ZHOB","ZHOB","KASHATOO","SUB-TEHSIL","RURAL",783,34,85,4,694,154,387
"BALOCHISTAN","ZHOB","ZHOB","KASHATOO","SUB-TEHSIL","URBAN",NA,NA,NA,NA,NA,NA,NA
"BALOCHISTAN","ZHOB","ZHOB","SAMBAZA","SUB-TEHSIL","OVERALL",2532,834,592,433,1507,1543,711
"BALOCHISTAN","ZHOB","ZHOB","SAMBAZA","SUB-TEHSIL","RURAL",2532,834,592,433,1507,1543,711
"BALOCHISTAN","ZHOB","ZHOB","SAMBAZA","SUB-TEHSIL","URBAN",NA,NA,NA,NA,NA,NA,NA
"BALOCHISTAN","ZHOB","ZHOB","ZHOB","SUB-DIVISION","OVERALL",38875,17678,20922,7058,10895,25386,2851
"BALOCHISTAN","ZHOB","ZHOB","ZHOB","SUB-DIVISION","RURAL",32448,13770,14654,6930,10864,21181,2768
"BALOCHISTAN","ZHOB","ZHOB","ZHOB","SUB-DIVISION","URBAN",6427,3908,6268,128,31,4205,83
"BALOCHISTAN","SIBI","ZIARAT","SINJAWI","SUB-DIVISION","OVERALL",12073,2990,3385,1363,7325,8026,1604
"BALOCHISTAN","SIBI","ZIARAT","SINJAWI","SUB-DIVISION","RURAL",7157,910,1078,344,5735,4655,1111
"BALOCHISTAN","SIBI","ZIARAT","SINJAWI","SUB-DIVISION","URBAN",4916,2080,2307,1019,1590,3371,493
"BALOCHISTAN","SIBI","ZIARAT","ZIARAT","SUB-DIVISION","OVERALL",10821,5755,7707,1135,1979,7427,312
"BALOCHISTAN","SIBI","ZIARAT","ZIARAT","SUB-DIVISION","RURAL",10142,5553,7087,1110,1945,7207,281
"BALOCHISTAN","SIBI","ZIARAT","ZIARAT","SUB-DIVISION","URBAN",679,202,620,25,34,220,31
"ISLAMABAD","ISLAMABAD","ISLAMABAD","ISLAMABAD","TEHSIL","OVERALL",410993,371815,396553,10330,4110,361404,15356
"ISLAMABAD","ISLAMABAD","ISLAMABAD","ISLAMABAD","TEHSIL","RURAL",226022,204752,218566,4991,2465,198378,9819
"ISLAMABAD","ISLAMABAD","ISLAMABAD","ISLAMABAD","TEHSIL","URBAN",184971,167063,177987,5339,1645,163026,5537
"KPK","HAZARA","ABBOTTABAD","ABBOTTABAD","TEHSIL","OVERALL",166617,142112,156458,2738,7421,124605,26381
"KPK","HAZARA","ABBOTTABAD","ABBOTTABAD","TEHSIL","RURAL",122690,102930,113265,2370,7055,89180,22052
"KPK","HAZARA","ABBOTTABAD","ABBOTTABAD","TEHSIL","URBAN",43927,39182,43193,368,366,35425,4329
"KPK","HAZARA","ABBOTTABAD","HAVELIAN","TEHSIL","OVERALL",42537,34119,39643,533,2361,31060,5783
"KPK","HAZARA","ABBOTTABAD","HAVELIAN","TEHSIL","RURAL",33207,25803,30456,471,2280,23447,5034
"KPK","HAZARA","ABBOTTABAD","HAVELIAN","TEHSIL","URBAN",9330,8316,9187,62,81,7613,749
"KPK","HAZARA","ABBOTTABAD","LORA","TEHSIL","OVERALL",17038,14456,14628,933,1477,9231,7028
"KPK","HAZARA","ABBOTTABAD","LORA","TEHSIL","RURAL",17038,14456,14628,933,1477,9231,7028
"KPK","HAZARA","ABBOTTABAD","LORA","TEHSIL","URBAN",NA,NA,NA,NA,NA,NA,NA
"KPK","HAZARA","ABBOTTABAD","LOWER TANAWAL","TEHSIL","OVERALL",10597,8812,9554,366,677,7137,2689
"KPK","HAZARA","ABBOTTABAD","LOWER TANAWAL","TEHSIL","RURAL",10597,8812,9554,366,677,7137,2689
"KPK","HAZARA","ABBOTTABAD","LOWER TANAWAL","TEHSIL","URBAN",NA,NA,NA,NA,NA,NA,NA
"KPK","MALAKAND","BAJAUR","BAR CHAMER KAND","TEHSIL","OVERALL",755,179,206,36,513,205,484
"KPK","MALAKAND","BAJAUR","BAR CHAMER KAND","TEHSIL","RURAL",755,179,206,36,513,205,484
"KPK","MALAKAND","BAJAUR","BAR CHAMER KAND","TEHSIL","URBAN",NA,NA,NA,NA,NA,NA,NA
"KPK","MALAKAND","BAJAUR","BARANG","TEHSIL","OVERALL",14016,2821,3795,3367,6854,5035,4576
"KPK","MALAKAND","BAJAUR","BARANG","TEHSIL","RURAL",14016,2821,3795,3367,6854,5035,4576
"KPK","MALAKAND","BAJAUR","BARANG","TEHSIL","URBAN",NA,NA,NA,NA,NA,NA,NA
"KPK","MALAKAND","BAJAUR","KHAR BAJAUR","TEHSIL","OVERALL",41817,19444,30268,9740,1809,25997,1313
"KPK","MALAKAND","BAJAUR","KHAR BAJAUR","TEHSIL","RURAL",41817,19444,30268,9740,1809,25997,1313
"KPK","MALAKAND","BAJAUR","KHAR BAJAUR","TEHSIL","URBAN",NA,NA,NA,NA,NA,NA,NA
"KPK","MALAKAND","BAJAUR","MAMUND","TEHSIL","OVERALL",48697,18796,27322,9398,11977,31130,4926
"KPK","MALAKAND","BAJAUR","MAMUND","TEHSIL","RURAL",48697,18796,27322,9398,11977,31130,4926
"KPK","MALAKAND","BAJAUR","MAMUND","TEHSIL","URBAN",NA,NA,NA,NA,NA,NA,NA
"KPK","MALAKAND","BAJAUR","NAWAGAI","TEHSIL","OVERALL",13131,4928,6760,4499,1872,7367,1177
"KPK","MALAKAND","BAJAUR","NAWAGAI","TEHSIL","RURAL",13131,4928,6760,4499,1872,7367,1177
"KPK","MALAKAND","BAJAUR","NAWAGAI","TEHSIL","URBAN",NA,NA,NA,NA,NA,NA,NA
"KPK","MALAKAND","BAJAUR","SALARZAI","TEHSIL","OVERALL",47565,18356,27365,8647,11553,25232,6297
"KPK","MALAKAND","BAJAUR","SALARZAI","TEHSIL","RURAL",47565,18356,27365,8647,11553,25232,6297
"KPK","MALAKAND","BAJAUR","SALARZAI","TEHSIL","URBAN",NA,NA,NA,NA,NA,NA,NA
"KPK","MALAKAND","BAJAUR","UTMAN KHEL","TEHSIL","OVERALL",15718,7106,10110,3083,2525,11166,1618
"KPK","MALAKAND","BAJAUR","UTMAN KHEL","TEHSIL","RURAL",15718,7106,10110,3083,2525,11166,1618
"KPK","MALAKAND","BAJAUR","UTMAN KHEL","TEHSIL","URBAN",NA,NA,NA,NA,NA,NA,NA
"KPK","BANNU","BANNU","BAKKA KHEL","TEHSIL","OVERALL",29374,11984,17782,4874,6718,16993,1929
"KPK","BANNU","BANNU","BAKKA KHEL","TEHSIL","RURAL",29374,11984,17782,4874,6718,16993,1929
"KPK","BANNU","BANNU","BAKKA KHEL","TEHSIL","URBAN",NA,NA,NA,NA,NA,NA,NA
"KPK","BANNU","BANNU","BANNU","TEHSIL","OVERALL",89138,55892,70834,5358,12946,55776,12628
"KPK","BANNU","BANNU","BANNU","TEHSIL","RURAL",82062,49590,63996,5200,12866,50161,11772
"KPK","BANNU","BANNU","BANNU","TEHSIL","URBAN",7076,6302,6838,158,80,5615,856
"KPK","BANNU","BANNU","DOMEL","TEHSIL","OVERALL",24038,16893,17267,2965,3806,18671,1981
"KPK","BANNU","BANNU","DOMEL","TEHSIL","RURAL",24038,16893,17267,2965,3806,18671,1981
"KPK","BANNU","BANNU","DOMEL","TEHSIL","URBAN",NA,NA,NA,NA,NA,NA,NA
"KPK","BANNU","BANNU","KAKKI","TEHSIL","OVERALL",13457,6780,6947,2655,3855,8223,1447
"KPK","BANNU","BANNU","KAKKI","TEHSIL","RURAL",13457,6780,6947,2655,3855,8223,1447
"KPK","BANNU","BANNU","KAKKI","TEHSIL","URBAN",NA,NA,NA,NA,NA,NA,NA
"KPK","BANNU","BANNU","MERYAN","TEHSIL","OVERALL",21780,8038,10047,2922,8811,12618,3031
"KPK","BANNU","BANNU","MERYAN","TEHSIL","RURAL",21780,8038,10047,2922,8811,12618,3031
"KPK","BANNU","BANNU","MERYAN","TEHSIL","URBAN",NA,NA,NA,NA,NA,NA,NA
"KPK","BANNU","BANNU","WAZIR","SUB-DIVISION","OVERALL",5343,1547,2192,701,2450,2591,1200
"KPK","BANNU","BANNU","WAZIR","SUB-DIVISION","RURAL",5343,1547,2192,701,2450,2591,1200
"KPK","BANNU","BANNU","WAZIR","SUB-DIVISION","URBAN",NA,NA,NA,NA,NA,NA,NA
NA,NA,"BATAGRAM","ALLAI","TEHSIL","OVERALL",34830,17490,26128,1443,7259,17910,8047
NA,NA,"BATAGRAM","ALLAI","TEHSIL","RURAL",34830,17490,26128,1443,7259,17910,8047
NA,NA,"BATAGRAM","ALLAI","TEHSIL","URBAN",NA,NA,NA,NA,NA,NA,NA
"KPK","HAZARA","BATAGRAM","BATAGRAM","TEHSIL","OVERALL",51366,31089,36934,3209,11223,34809,8146
"KPK","HAZARA","BATAGRAM","BATAGRAM","TEHSIL","RURAL",51366,31089,36934,3209,11223,34809,8146
"KPK","HAZARA","BATAGRAM","BATAGRAM","TEHSIL","URBAN",NA,NA,NA,NA,NA,NA,NA
"KPK","MALAKAND","BUNER","CHAGHARZAI","TEHSIL","OVERALL",14454,7072,9164,189,5101,10577,1421
"KPK","MALAKAND","BUNER","CHAGHARZAI","TEHSIL","RURAL",14454,7072,9164,189,5101,10577,1421
"KPK","MALAKAND","BUNER","CHAGHARZAI","TEHSIL","URBAN",NA,NA,NA,NA,NA,NA,NA
"KPK","MALAKAND","BUNER","DAGGAR","TEHSIL","OVERALL",21319,14638,17154,403,3762,16732,2096
"KPK","MALAKAND","BUNER","DAGGAR","TEHSIL","RURAL",21319,14638,17154,403,3762,16732,2096
"KPK","MALAKAND","BUNER","DAGGAR","TEHSIL","URBAN",NA,NA,NA,NA,NA,NA,NA
"KPK","MALAKAND","BUNER","GADEZAI","TEHSIL","OVERALL",21293,13459,16806,419,4068,14607,2552
"KPK","MALAKAND","BUNER","GADEZAI","TEHSIL","RURAL",21293,13459,16806,419,4068,14607,2552
"KPK","MALAKAND","BUNER","GADEZAI","TEHSIL","URBAN",NA,NA,NA,NA,NA,NA,NA
"KPK","MALAKAND","BUNER","GAGRA","TEHSIL","OVERALL",19458,13950,15747,1395,2316,15652,870
"KPK","MALAKAND","BUNER","GAGRA","TEHSIL","RURAL",19458,13950,15747,1395,2316,15652,870
"KPK","MALAKAND","BUNER","GAGRA","TEHSIL","URBAN",NA,NA,NA,NA,NA,NA,NA
"KPK","MALAKAND","BUNER","KHADO KHEL","TEHSIL","OVERALL",17935,10376,13430,580,3925,11527,2483
"KPK","MALAKAND","BUNER","KHADO KHEL","TEHSIL","RURAL",17935,10376,13430,580,3925,11527,2483
"KPK","MALAKAND","BUNER","KHADO KHEL","TEHSIL","URBAN",NA,NA,NA,NA,NA,NA,NA
"KPK","MALAKAND","BUNER","MANDANR","TEHSIL","OVERALL",24206,11114,14814,1425,7967,12881,5938
"KPK","MALAKAND","BUNER","MANDANR","TEHSIL","RURAL",24206,11114,14814,1425,7967,12881,5938
"KPK","MALAKAND","BUNER","MANDANR","TEHSIL","URBAN",NA,NA,NA,NA,NA,NA,NA
"KPK","PESHAWAR","CHARSADDA","CHARSADDA","TEHSIL","OVERALL",129621,98766,124188,2264,3169,95383,8228
"KPK","PESHAWAR","CHARSADDA","CHARSADDA","TEHSIL","RURAL",106804,80509,101677,2158,2969,77795,7181
"KPK","PESHAWAR","CHARSADDA","CHARSADDA","TEHSIL","URBAN",22817,18257,22511,106,200,17588,1047
"KPK","PESHAWAR","CHARSADDA","SHABQADAR","TEHSIL","OVERALL",63241,41546,57708,2414,3119,42412,4386
"KPK","PESHAWAR","CHARSADDA","SHABQADAR","TEHSIL","RURAL",48034,30314,43331,1918,2785,31114,3807
"KPK","PESHAWAR","CHARSADDA","SHABQADAR","TEHSIL","URBAN",15207,11232,14377,496,334,11298,579
"KPK","PESHAWAR","CHARSADDA","TANGI","TEHSIL","OVERALL",71072,45398,64205,3441,3426,48354,3087
"KPK","PESHAWAR","CHARSADDA","TANGI","TEHSIL","RURAL",64587,40759,58011,3180,3396,43823,2907
"KPK","PESHAWAR","CHARSADDA","TANGI","TEHSIL","URBAN",6485,4639,6194,261,30,4531,180
"KPK","DERA ISMAIL KHAN","DERA ISMAIL KHAN","DARABAN","TEHSIL","OVERALL",19400,13492,9682,9718,NA,9375,4698
"KPK","DERA ISMAIL KHAN","DERA ISMAIL KHAN","DARABAN","TEHSIL","RURAL",19400,13492,9682,9718,NA,9375,4698
"KPK","DERA ISMAIL KHAN","DERA ISMAIL KHAN","DARABAN","TEHSIL","URBAN",NA,NA,NA,NA,NA,NA,NA
"KPK","DERA ISMAIL KHAN","DERA ISMAIL KHAN","DERA ISMAIL KHAN","TEHSIL","OVERALL",116498,84730,104236,11991,271,73835,14151
"KPK","DERA ISMAIL KHAN","DERA ISMAIL KHAN","DERA ISMAIL KHAN","TEHSIL","RURAL",80760,54997,69410,11350,NA,44557,13489
"KPK","DERA ISMAIL KHAN","DERA ISMAIL KHAN","DERA ISMAIL KHAN","TEHSIL","URBAN",35738,29733,34826,641,271,29278,662
"KPK","DERA ISMAIL KHAN","DERA ISMAIL KHAN","DRAZANDA","SUB-DIVISION","OVERALL",9765,8204,7941,1824,NA,3092,4985
"KPK","DERA ISMAIL KHAN","DERA ISMAIL KHAN","DRAZANDA","SUB-DIVISION","RURAL",9765,8204,7941,1824,NA,3092,4985
"KPK","DERA ISMAIL KHAN","DERA ISMAIL KHAN","DRAZANDA","SUB-DIVISION","URBAN",NA,NA,NA,NA,NA,NA,NA
"KPK","DERA ISMAIL KHAN","DERA ISMAIL KHAN","KULACHI","TEHSIL","OVERALL",16119,9751,9481,6523,115,8185,1782
"KPK","DERA ISMAIL KHAN","DERA ISMAIL KHAN","KULACHI","TEHSIL","RURAL",12076,6846,6327,5749,NA,5670,1264
"KPK","DERA ISMAIL KHAN","DERA ISMAIL KHAN","KULACHI","TEHSIL","URBAN",4043,2905,3154,774,115,2515,518
"KPK","DERA ISMAIL KHAN","DERA ISMAIL KHAN","PAHARPUR","TEHSIL","OVERALL",59461,42826,54902,3862,697,29928,14568
"KPK","DERA ISMAIL KHAN","DERA ISMAIL KHAN","PAHARPUR","TEHSIL","RURAL",45999,34188,43360,2639,NA,22259,13208
"KPK","DERA ISMAIL KHAN","DERA ISMAIL KHAN","PAHARPUR","TEHSIL","URBAN",13462,8638,11542,1223,697,7669,1360
"KPK","DERA ISMAIL KHAN","DERA ISMAIL KHAN","PAROA","TEHSIL","OVERALL",48778,30526,37714,10771,293,18148,17558
"KPK","DERA ISMAIL KHAN","DERA ISMAIL KHAN","PAROA","TEHSIL","RURAL",42230,26466,32844,9386,NA,14994,15780
"KPK","DERA ISMAIL KHAN","DERA ISMAIL KHAN","PAROA","TEHSIL","URBAN",6548,4060,4870,1385,293,3154,1778
"KPK","KOHAT","HANGU","HANGU","TEHSIL","OVERALL",33434,23392,29136,2662,1636,24495,3186
"KPK","KOHAT","HANGU","HANGU","TEHSIL","RURAL",27795,18624,23654,2615,1526,19680,2919
"KPK","KOHAT","HANGU","HANGU","TEHSIL","URBAN",5639,4768,5482,47,110,4815,267
"KPK","KOHAT","HANGU","TALL","TEHSIL","OVERALL",27714,18366,22564,2764,2386,20212,2272
"KPK","KOHAT","HANGU","TALL","TEHSIL","RURAL",22619,14297,17856,2466,2297,16582,1641
"KPK","KOHAT","HANGU","TALL","TEHSIL","URBAN",5095,4069,4708,298,89,3630,631
"KPK","HAZARA","HARIPUR","GHAZI","TEHSIL","OVERALL",26243,20261,21542,1183,3518,20745,3018
"KPK","HAZARA","HARIPUR","GHAZI","TEHSIL","RURAL",26243,20261,21542,1183,3518,20745,3018
"KPK","HAZARA","HARIPUR","GHAZI","TEHSIL","URBAN",NA,NA,NA,NA,NA,NA,NA
"KPK","HAZARA","HARIPUR","HARIPUR","TEHSIL","OVERALL",135282,112940,127994,4850,2438,106392,10350
"KPK","HAZARA","HARIPUR","HARIPUR","TEHSIL","RURAL",110776,91546,104440,3962,2374,86134,9009
"KPK","HAZARA","HARIPUR","HARIPUR","TEHSIL","URBAN",24506,21394,23554,888,64,20258,1341
"KPK","HAZARA","HARIPUR","KHANPUR","TEHSIL","OVERALL",30926,26304,27945,1522,1459,23458,4687
"KPK","HAZARA","HARIPUR","KHANPUR","TEHSIL","RURAL",30926,26304,27945,1522,1459,23458,4687
"KPK","HAZARA","HARIPUR","KHANPUR","TEHSIL","URBAN",NA,NA,NA,NA,NA,NA,NA
"KPK","KOHAT","KARAK","BANDA DAUD SHAH","TEHSIL","OVERALL",22259,17479,18765,3494,NA,14271,3212
"KPK","KOHAT","KARAK","BANDA DAUD SHAH","TEHSIL","RURAL",22259,17479,18765,3494,NA,14271,3212
"KPK","KOHAT","KARAK","BANDA DAUD SHAH","TEHSIL","URBAN",NA,NA,NA,NA,NA,NA,NA
"KPK","KOHAT","KARAK","KARAK","TEHSIL","OVERALL",39930,34354,34893,4791,246,28556,6267
"KPK","KOHAT","KARAK","KARAK","TEHSIL","RURAL",31994,27642,28737,3257,NA,22310,5442
"KPK","KOHAT","KARAK","KARAK","TEHSIL","URBAN",7936,6712,6156,1534,246,6246,825
"KPK","KOHAT","KARAK","TAKHT-E-NASRATI","TEHSIL","OVERALL",33808,28856,31004,2804,NA,24885,3640
"KPK","KOHAT","KARAK","TAKHT-E-NASRATI","TEHSIL","RURAL",33808,28856,31004,2804,NA,24885,3640
"KPK","KOHAT","KARAK","TAKHT-E-NASRATI","TEHSIL","URBAN",NA,NA,NA,NA,NA,NA,NA
"KPK","PESHAWAR","KHYBER","BARA","TEHSIL","OVERALL",76240,38426,39320,32210,4710,51917,6008
"KPK","PESHAWAR","KHYBER","BARA","TEHSIL","RURAL",76240,38426,39320,32210,4710,51917,6008
"KPK","PESHAWAR","KHYBER","BARA","TEHSIL","URBAN",NA,NA,NA,NA,NA,NA,NA
"KPK","PESHAWAR","KHYBER","JAMRUD","TEHSIL","OVERALL",37127,15201,23138,9462,4527,24892,2978
"KPK","PESHAWAR","KHYBER","JAMRUD","TEHSIL","RURAL",28664,10705,17114,7542,4008,18915,2568
"KPK","PESHAWAR","KHYBER","JAMRUD","TEHSIL","URBAN",8463,4496,6024,1920,519,5977,410
"KPK","PESHAWAR","KHYBER","LANDI KOTAL","TEHSIL","OVERALL",47515,15573,14809,26334,6372,38239,2914
"KPK","PESHAWAR","KHYBER","LANDI KOTAL","TEHSIL","RURAL",42150,13144,11690,24561,5899,33846,2673
"KPK","PESHAWAR","KHYBER","LANDI KOTAL","TEHSIL","URBAN",5365,2429,3119,1773,473,4393,241
"KPK","PESHAWAR","KHYBER","MULLA GORI","TEHSIL","OVERALL",5923,3053,1552,3190,1181,4220,726
"KPK","PESHAWAR","KHYBER","MULLA GORI","TEHSIL","RURAL",5923,3053,1552,3190,1181,4220,726
"KPK","PESHAWAR","KHYBER","MULLA GORI","TEHSIL","URBAN",NA,NA,NA,NA,NA,NA,NA
"KPK","KOHAT","KOHAT","DARRA ADAM KHEL","SUB-DIVISION","OVERALL",18161,12075,16639,976,546,14509,1010
"KPK","KOHAT","KOHAT","DARRA ADAM KHEL","SUB-DIVISION","RURAL",18161,12075,16639,976,546,14509,1010
"KPK","KOHAT","KOHAT","DARRA ADAM KHEL","SUB-DIVISION","URBAN",NA,NA,NA,NA,NA,NA,NA
"KPK","KOHAT","KOHAT","GUMBAT","TEHSIL","OVERALL",18466,11731,14466,1949,2051,10609,4142
"KPK","KOHAT","KOHAT","GUMBAT","TEHSIL","RURAL",18466,11731,14466,1949,2051,10609,4142
"KPK","KOHAT","KOHAT","GUMBAT","TEHSIL","URBAN",NA,NA,NA,NA,NA,NA,NA
"KPK","KOHAT","KOHAT","KOHAT","TEHSIL","OVERALL",111368,85339,104104,3656,3608,81176,10611
"KPK","KOHAT","KOHAT","KOHAT","TEHSIL","RURAL",75605,54629,69014,3112,3479,53155,7369
"KPK","KOHAT","KOHAT","KOHAT","TEHSIL","URBAN",35763,30710,35090,544,129,28021,3242
"KPK","KOHAT","KOHAT","LACHI","TEHSIL","OVERALL",21684,15914,16783,1371,3530,14276,5438
"KPK","KOHAT","KOHAT","LACHI","TEHSIL","RURAL",15538,10361,10740,1331,3467,9506,4562
"KPK","KOHAT","KOHAT","LACHI","TEHSIL","URBAN",6146,5553,6043,40,63,4770,876
"KPK","HAZARA","KOLAI PALAS KOHISTAN","BATTAIRA","SUB-DIVISION","OVERALL",19313,6016,7685,6972,4656,6560,4035
"KPK","HAZARA","KOLAI PALAS KOHISTAN","BATTAIRA","SUB-DIVISION","RURAL",19313,6016,7685,6972,4656,6560,4035
"KPK","HAZARA","KOLAI PALAS KOHISTAN","BATTAIRA","SUB-DIVISION","URBAN",NA,NA,NA,NA,NA,NA,NA
"KPK","HAZARA","KOLAI PALAS KOHISTAN","PALAS","SUB-DIVISION","OVERALL",14670,3800,5796,1789,7085,5216,3693
"KPK","HAZARA","KOLAI PALAS KOHISTAN","PALAS","SUB-DIVISION","RURAL",14670,3800,5796,1789,7085,5216,3693
"KPK","HAZARA","KOLAI PALAS KOHISTAN","PALAS","SUB-DIVISION","URBAN",NA,NA,NA,NA,NA,NA,NA
"KPK","KOHAT","KURRAM","CENTRAL KURRAM F.R","TEHSIL","OVERALL",41111,17161,20784,11357,8970,22384,10263
"KPK","KOHAT","KURRAM","CENTRAL KURRAM F.R","TEHSIL","RURAL",41111,17161,20784,11357,8970,22384,10263
"KPK","KOHAT","KURRAM","CENTRAL KURRAM F.R","TEHSIL","URBAN",NA,NA,NA,NA,NA,NA,NA
"KPK","KOHAT","KURRAM","LOWER KURRAM","TEHSIL","OVERALL",19319,11646,13570,4007,1742,12751,3035
"KPK","KOHAT","KURRAM","LOWER KURRAM","TEHSIL","RURAL",15376,9089,11128,2748,1500,10296,2308
"KPK","KOHAT","KURRAM","LOWER KURRAM","TEHSIL","URBAN",3943,2557,2442,1259,242,2455,727
"KPK","KOHAT","KURRAM","UPPER KURRAM","TEHSIL","OVERALL",34118,21889,27462,3991,2665,21970,3252
"KPK","KOHAT","KURRAM","UPPER KURRAM","TEHSIL","RURAL",33323,21354,26998,3664,2661,21434,3247
"KPK","KOHAT","KURRAM","UPPER KURRAM","TEHSIL","URBAN",795,535,464,327,4,536,5
"KPK","BANNU","LAKKI MARWAT","BETTANI","SUB-DIVISION","OVERALL",5016,1915,2542,584,1890,3257,98
"KPK","BANNU","LAKKI MARWAT","BETTANI","SUB-DIVISION","RURAL",5016,1915,2542,584,1890,3257,98
"KPK","BANNU","LAKKI MARWAT","BETTANI","SUB-DIVISION","URBAN",NA,NA,NA,NA,NA,NA,NA
"KPK","BANNU","LAKKI MARWAT","GHAZNI KHEL","TEHSIL","OVERALL",43615,26002,35362,2722,5531,28406,3677
"KPK","BANNU","LAKKI MARWAT","GHAZNI KHEL","TEHSIL","RURAL",43615,26002,35362,2722,5531,28406,3677
"KPK","BANNU","LAKKI MARWAT","GHAZNI KHEL","TEHSIL","URBAN",NA,NA,NA,NA,NA,NA,NA
"KPK","BANNU","LAKKI MARWAT","LAKKI MARWAT","TEHSIL","OVERALL",45072,26144,39168,2317,3587,26925,3139
"KPK","BANNU","LAKKI MARWAT","LAKKI MARWAT","TEHSIL","RURAL",34902,18120,29243,2204,3455,18981,2732
"KPK","BANNU","LAKKI MARWAT","LAKKI MARWAT","TEHSIL","URBAN",10170,8024,9925,113,132,7944,407
"KPK","BANNU","LAKKI MARWAT","SARAI NAURANG","TEHSIL","OVERALL",38097,24566,29579,3522,4996,24920,4370
"KPK","BANNU","LAKKI MARWAT","SARAI NAURANG","TEHSIL","RURAL",34373,21142,25907,3496,4970,21767,4098
"KPK","BANNU","LAKKI MARWAT","SARAI NAURANG","TEHSIL","URBAN",3724,3424,3672,26,26,3153,272
"KPK","MALAKAND","LOWER CHITRAL","CHITRAL","SUB-DIVISION","OVERALL",30425,28560,29242,398,785,24165,5494
"KPK","MALAKAND","LOWER CHITRAL","CHITRAL","SUB-DIVISION","RURAL",22070,20421,21066,278,726,16574,4884
"KPK","MALAKAND","LOWER CHITRAL","CHITRAL","SUB-DIVISION","URBAN",8355,8139,8176,120,59,7591,610
"KPK","MALAKAND","LOWER CHITRAL","DROSH","SUB-DIVISION","OVERALL",15603,10301,11201,1296,3106,8558,5180
"KPK","MALAKAND","LOWER CHITRAL","DROSH","SUB-DIVISION","RURAL",15603,10301,11201,1296,3106,8558,5180
"KPK","MALAKAND","LOWER CHITRAL","DROSH","SUB-DIVISION","URBAN",NA,NA,NA,NA,NA,NA,NA
"KPK","MALAKAND","LOWER DIR","ADENZAI","SUB-DIVISION","OVERALL",48639,34618,42806,1812,4021,36799,4111
"KPK","MALAKAND","LOWER DIR","ADENZAI","SUB-DIVISION","RURAL",48639,34618,42806,1812,4021,36799,4111
"KPK","MALAKAND","LOWER DIR","ADENZAI","SUB-DIVISION","URBAN",NA,NA,NA,NA,NA,NA,NA
"KPK","MALAKAND","LOWER DIR","LAL QILA","SUB-DIVISION","OVERALL",29037,24303,27028,444,1565,25166,1569
"KPK","MALAKAND","LOWER DIR","LAL QILA","SUB-DIVISION","RURAL",29037,24303,27028,444,1565,25166,1569
"KPK","MALAKAND","LOWER DIR","LAL QILA","SUB-DIVISION","URBAN",NA,NA,NA,NA,NA,NA,NA
"KPK","MALAKAND","LOWER DIR","SAMARBAGH","SUB-DIVISION","OVERALL",53470,32595,46740,2390,4340,38524,4297
"KPK","MALAKAND","LOWER DIR","SAMARBAGH","SUB-DIVISION","RURAL",53470,32595,46740,2390,4340,38524,4297
"KPK","MALAKAND","LOWER DIR","SAMARBAGH","SUB-DIVISION","URBAN",NA,NA,NA,NA,NA,NA,NA
"KPK","MALAKAND","LOWER DIR","TEMERGARA","SUB-DIVISION","OVERALL",71690,56645,64977,2147,4566,60826,3738
"KPK","MALAKAND","LOWER DIR","TEMERGARA","SUB-DIVISION","RURAL",65617,51439,59023,2104,4490,55534,3603
"KPK","MALAKAND","LOWER DIR","TEMERGARA","SUB-DIVISION","URBAN",6073,5206,5954,43,76,5292,135
"KPK","HAZARA","LOWER KOHISTAN","BANKAND RANOLIA","TEHSIL","OVERALL",23752,7830,13204,2930,7618,8861,5825
"KPK","HAZARA","LOWER KOHISTAN","BANKAND RANOLIA","TEHSIL","RURAL",23752,7830,13204,2930,7618,8861,5825
"KPK","HAZARA","LOWER KOHISTAN","BANKAND RANOLIA","TEHSIL","URBAN",NA,NA,NA,NA,NA,NA,NA
"KPK","HAZARA","LOWER KOHISTAN","PATTAN","SUB-DIVISION","OVERALL",23595,8993,12401,4189,7005,9240,5915
"KPK","HAZARA","LOWER KOHISTAN","PATTAN","SUB-DIVISION","RURAL",23595,8993,12401,4189,7005,9240,5915
"KPK","HAZARA","LOWER KOHISTAN","PATTAN","SUB-DIVISION","URBAN",NA,NA,NA,NA,NA,NA,NA
"KPK","MALAKAND","MALAKAND","SAM RANI ZAI","SUB-DIVISION","OVERALL",48618,37130,41118,2909,4591,38004,3971
"KPK","MALAKAND","MALAKAND","SAM RANI ZAI","SUB-DIVISION","RURAL",48618,37130,41118,2909,4591,38004,3971
"KPK","MALAKAND","MALAKAND","SAM RANI ZAI","SUB-DIVISION","URBAN",NA,NA,NA,NA,NA,NA,NA
"KPK","MALAKAND","MALAKAND","SWAT RANI ZAI","SUB-DIVISION","OVERALL",64500,48709,56699,2555,5246,47761,7722
"KPK","MALAKAND","MALAKAND","SWAT RANI ZAI","SUB-DIVISION","RURAL",54161,39933,46776,2298,5087,39210,7155
"KPK","MALAKAND","MALAKAND","SWAT RANI ZAI","SUB-DIVISION","URBAN",10339,8776,9923,257,159,8551,567
"KPK","HAZARA","MANSEHRA","BAFFA PAKHAL","TEHSIL","OVERALL",76612,52994,65221,3157,8234,45791,17932
"KPK","HAZARA","MANSEHRA","BAFFA PAKHAL","TEHSIL","RURAL",73704,50544,62330,3142,8232,43896,17290
"KPK","HAZARA","MANSEHRA","BAFFA PAKHAL","TEHSIL","URBAN",2908,2450,2891,15,2,1895,642
"KPK","HAZARA","MANSEHRA","BALAKOT","TEHSIL","OVERALL",53597,40196,49215,1192,3190,33125,12798
"KPK","HAZARA","MANSEHRA","BALAKOT","TEHSIL","RURAL",53597,40196,49215,1192,3190,33125,12798
"KPK","HAZARA","MANSEHRA","BALAKOT","TEHSIL","URBAN",NA,NA,NA,NA,NA,NA,NA
"KPK","HAZARA","MANSEHRA","DARBAND","TEHSIL","OVERALL",7671,5269,6367,76,1228,4485,2209
"KPK","HAZARA","MANSEHRA","DARBAND","TEHSIL","RURAL",7671,5269,6367,76,1228,4485,2209
"KPK","HAZARA","MANSEHRA","DARBAND","TEHSIL","URBAN",NA,NA,NA,NA,NA,NA,NA
"KPK","HAZARA","MANSEHRA","MANSEHRA","TEHSIL","OVERALL",118936,94016,110380,3235,5321,86221,15311
"KPK","HAZARA","MANSEHRA","MANSEHRA","TEHSIL","RURAL",95273,73011,87000,3029,5244,66126,14221
"KPK","HAZARA","MANSEHRA","MANSEHRA","TEHSIL","URBAN",23663,21005,23380,206,77,20095,1090
"KPK","HAZARA","MANSEHRA","OGHI","TEHSIL","OVERALL",37236,23591,29060,994,7182,23519,7823
"KPK","HAZARA","MANSEHRA","OGHI","TEHSIL","RURAL",37236,23591,29060,994,7182,23519,7823
"KPK","HAZARA","MANSEHRA","OGHI","TEHSIL","URBAN",NA,NA,NA,NA,NA,NA,NA
"KPK","MARDAN","MARDAN","GHARI KAPOORA","TEHSIL","OVERALL",48819,31926,45123,1352,2344,29727,5756
"KPK","MARDAN","MARDAN","GHARI KAPOORA","TEHSIL","RURAL",48819,31926,45123,1352,2344,29727,5756
"KPK","MARDAN","MARDAN","GHARI KAPOORA","TEHSIL","URBAN",NA,NA,NA,NA,NA,NA,NA
"KPK","MARDAN","MARDAN","KATLANG","TEHSIL","OVERALL",50733,36615,45870,1340,3523,36427,3979
"KPK","MARDAN","MARDAN","KATLANG","TEHSIL","RURAL",50733,36615,45870,1340,3523,36427,3979
"KPK","MARDAN","MARDAN","KATLANG","TEHSIL","URBAN",NA,NA,NA,NA,NA,NA,NA
"KPK","MARDAN","MARDAN","MARDAN","TEHSIL","OVERALL",152354,114134,146656,2469,3229,110826,7708
"KPK","MARDAN","MARDAN","MARDAN","TEHSIL","RURAL",97551,68670,92401,2285,2865,66638,6221
"KPK","MARDAN","MARDAN","MARDAN","TEHSIL","URBAN",54803,45464,54255,184,364,44188,1487
"KPK","MARDAN","MARDAN","RUSTAM","TEHSIL","OVERALL",40992,28483,33407,3521,4064,28636,3803
"KPK","MARDAN","MARDAN","RUSTAM","TEHSIL","RURAL",40992,28483,33407,3521,4064,28636,3803
"KPK","MARDAN","MARDAN","RUSTAM","TEHSIL","URBAN",NA,NA,NA,NA,NA,NA,NA
"KPK","MARDAN","MARDAN","TAKHT BHAI","TEHSIL","OVERALL",107961,71852,99771,2662,5528,72839,7146
"KPK","MARDAN","MARDAN","TAKHT BHAI","TEHSIL","RURAL",94639,62700,87075,2591,4973,63774,6192
"KPK","MARDAN","MARDAN","TAKHT BHAI","TEHSIL","URBAN",13322,9152,12696,71,555,9065,954
"KPK","PESHAWAR","MOHMAND","AMBAR UTMAN KHEL","TEHSIL","OVERALL",10021,4113,3345,4170,2506,5016,1286
"KPK","PESHAWAR","MOHMAND","AMBAR UTMAN KHEL","TEHSIL","RURAL",10021,4113,3345,4170,2506,5016,1286
"KPK","PESHAWAR","MOHMAND","AMBAR UTMAN KHEL","TEHSIL","URBAN",NA,NA,NA,NA,NA,NA,NA
"KPK","PESHAWAR","MOHMAND","HALIM ZAI","TEHSIL","OVERALL",10149,5751,6040,3254,855,7392,233
"KPK","PESHAWAR","MOHMAND","HALIM ZAI","TEHSIL","RURAL",10149,5751,6040,3254,855,7392,233
"KPK","PESHAWAR","MOHMAND","HALIM ZAI","TEHSIL","URBAN",NA,NA,NA,NA,NA,NA,NA
"KPK","PESHAWAR","MOHMAND","PINDIALI","TEHSIL","OVERALL",13364,5067,3997,4215,5152,8494,1019
"KPK","PESHAWAR","MOHMAND","PINDIALI","TEHSIL","RURAL",13364,5067,3997,4215,5152,8494,1019
"KPK","PESHAWAR","MOHMAND","PINDIALI","TEHSIL","URBAN",NA,NA,NA,NA,NA,NA,NA
"KPK","PESHAWAR","MOHMAND","PRANG GHAR","TEHSIL","OVERALL",4285,1664,2085,114,2086,2465,1408
"KPK","PESHAWAR","MOHMAND","PRANG GHAR","TEHSIL","RURAL",4285,1664,2085,114,2086,2465,1408
"KPK","PESHAWAR","MOHMAND","PRANG GHAR","TEHSIL","URBAN",NA,NA,NA,NA,NA,NA,NA
"KPK","PESHAWAR","MOHMAND","SAFI","TEHSIL","OVERALL",10522,6374,3646,6144,732,7958,459
"KPK","PESHAWAR","MOHMAND","SAFI","TEHSIL","RURAL",10522,6374,3646,6144,732,7958,459
"KPK","PESHAWAR","MOHMAND","SAFI","TEHSIL","URBAN",NA,NA,NA,NA,NA,NA,NA
"KPK","PESHAWAR","MOHMAND","UPPER MOHMAND","TEHSIL","OVERALL",7292,3677,3712,2394,1186,5331,399
"KPK","PESHAWAR","MOHMAND","UPPER MOHMAND","TEHSIL","RURAL",7292,3677,3712,2394,1186,5331,399
"KPK","PESHAWAR","MOHMAND","UPPER MOHMAND","TEHSIL","URBAN",NA,NA,NA,NA,NA,NA,NA
"KPK","PESHAWAR","MOHMAND","YAKE GHUND","TEHSIL","OVERALL",8340,4720,5981,816,1543,5955,820
"KPK","PESHAWAR","MOHMAND","YAKE GHUND","TEHSIL","RURAL",8340,4720,5981,816,1543,5955,820
"KPK","PESHAWAR","MOHMAND","YAKE GHUND","TEHSIL","URBAN",NA,NA,NA,NA,NA,NA,NA
"KPK","BANNU","NORTH WAZIRISTAN","DATTA KHEL","TEHSIL","OVERALL",14725,8466,9407,3199,2119,10922,257
"KPK","BANNU","NORTH WAZIRISTAN","DATTA KHEL","TEHSIL","RURAL",14725,8466,9407,3199,2119,10922,257
"KPK","BANNU","NORTH WAZIRISTAN","DATTA KHEL","TEHSIL","URBAN",NA,NA,NA,NA,NA,NA,NA
"KPK","BANNU","NORTH WAZIRISTAN","DOSSALI","TEHSIL","OVERALL",7645,2926,4520,1432,1693,5042,735
"KPK","BANNU","NORTH WAZIRISTAN","DOSSALI","TEHSIL","RURAL",7645,2926,4520,1432,1693,5042,735
"KPK","BANNU","NORTH WAZIRISTAN","DOSSALI","TEHSIL","URBAN",NA,NA,NA,NA,NA,NA,NA
"KPK","BANNU","NORTH WAZIRISTAN","GHARYUM","TEHSIL","OVERALL",1989,655,457,658,874,1214,609
"KPK","BANNU","NORTH WAZIRISTAN","GHARYUM","TEHSIL","RURAL",1989,655,457,658,874,1214,609
"KPK","BANNU","NORTH WAZIRISTAN","GHARYUM","TEHSIL","URBAN",NA,NA,NA,NA,NA,NA,NA
"KPK","BANNU","NORTH WAZIRISTAN","GHULAM KHAN","TEHSIL","OVERALL",3139,1543,1144,733,1262,1993,674
"KPK","BANNU","NORTH WAZIRISTAN","GHULAM KHAN","TEHSIL","RURAL",3139,1543,1144,733,1262,1993,674
"KPK","BANNU","NORTH WAZIRISTAN","GHULAM KHAN","TEHSIL","URBAN",NA,NA,NA,NA,NA,NA,NA
"KPK","BANNU","NORTH WAZIRISTAN","MIR ALI","TEHSIL","OVERALL",34321,14222,16744,4310,13267,21895,5149
"KPK","BANNU","NORTH WAZIRISTAN","MIR ALI","TEHSIL","RURAL",34321,14222,16744,4310,13267,21895,5149
"KPK","BANNU","NORTH WAZIRISTAN","MIR ALI","TEHSIL","URBAN",NA,NA,NA,NA,NA,NA,NA
"KPK","BANNU","NORTH WAZIRISTAN","MIRAN SHAH","TEHSIL","OVERALL",19074,11266,12710,3518,2846,14031,810
"KPK","BANNU","NORTH WAZIRISTAN","MIRAN SHAH","TEHSIL","RURAL",18464,10800,12440,3179,2845,13496,808
"KPK","BANNU","NORTH WAZIRISTAN","MIRAN SHAH","TEHSIL","URBAN",610,466,270,339,1,535,2
"KPK","BANNU","NORTH WAZIRISTAN","RAZMAK","TEHSIL","OVERALL",3496,2174,1503,1336,657,2367,337
"KPK","BANNU","NORTH WAZIRISTAN","RAZMAK","TEHSIL","RURAL",3496,2174,1503,1336,657,2367,337
"KPK","BANNU","NORTH WAZIRISTAN","RAZMAK","TEHSIL","URBAN",NA,NA,NA,NA,NA,NA,NA
"KPK","BANNU","NORTH WAZIRISTAN","SHEWA","TEHSIL","OVERALL",7656,3173,3729,2930,997,4754,613
"KPK","BANNU","NORTH WAZIRISTAN","SHEWA","TEHSIL","RURAL",7656,3173,3729,2930,997,4754,613
"KPK","BANNU","NORTH WAZIRISTAN","SHEWA","TEHSIL","URBAN",NA,NA,NA,NA,NA,NA,NA
"KPK","BANNU","NORTH WAZIRISTAN","SPINWAM","TEHSIL","OVERALL",7550,2850,3309,2102,2139,5540,720
"KPK","BANNU","NORTH WAZIRISTAN","SPINWAM","TEHSIL","RURAL",7550,2850,3309,2102,2139,5540,720
"KPK","BANNU","NORTH WAZIRISTAN","SPINWAM","TEHSIL","URBAN",NA,NA,NA,NA,NA,NA,NA
"KPK","PESHAWAR","NOWSHERA","JEHANGIRA","TEHSIL","OVERALL",66358,44271,57372,2636,6350,41490,9782
"KPK","PESHAWAR","NOWSHERA","JEHANGIRA","TEHSIL","RURAL",51840,33404,43300,2552,5988,31307,8714
"KPK","PESHAWAR","NOWSHERA","JEHANGIRA","TEHSIL","URBAN",14518,10867,14072,84,362,10183,1068
"KPK","PESHAWAR","NOWSHERA","NOWSHERA","TEHSIL","OVERALL",115855,88747,106940,4023,4892,87244,7219
"KPK","PESHAWAR","NOWSHERA","NOWSHERA","TEHSIL","RURAL",85327,63963,77514,3373,4440,63149,6009
"KPK","PESHAWAR","NOWSHERA","NOWSHERA","TEHSIL","URBAN",30528,24784,29426,650,452,24095,1210
"KPK","PESHAWAR","NOWSHERA","PABBI","TEHSIL","OVERALL",77561,53877,71770,3111,2680,52327,5687
"KPK","PESHAWAR","NOWSHERA","PABBI","TEHSIL","RURAL",69297,47816,63733,3098,2466,46515,5174
"KPK","PESHAWAR","NOWSHERA","PABBI","TEHSIL","URBAN",8264,6061,8037,13,214,5812,513
"KPK","KOHAT","ORAKZAI","CENTRAL","TEHSIL","OVERALL",11883,4942,7059,4824,NA,5713,1512
"KPK","KOHAT","ORAKZAI","CENTRAL","TEHSIL","RURAL",11883,4942,7059,4824,NA,5713,1512
"KPK","KOHAT","ORAKZAI","CENTRAL","TEHSIL","URBAN",NA,NA,NA,NA,NA,NA,NA
"KPK","KOHAT","ORAKZAI","ISMAIL ZAI","TEHSIL","OVERALL",5586,3369,4391,1195,NA,3608,199
"KPK","KOHAT","ORAKZAI","ISMAIL ZAI","TEHSIL","RURAL",5586,3369,4391,1195,NA,3608,199
"KPK","KOHAT","ORAKZAI","ISMAIL ZAI","TEHSIL","URBAN",NA,NA,NA,NA,NA,NA,NA
"KPK","KOHAT","ORAKZAI","LOWER","TEHSIL","OVERALL",16805,10282,11929,4876,NA,9658,2873
"KPK","KOHAT","ORAKZAI","LOWER","TEHSIL","RURAL",16805,10282,11929,4876,NA,9658,2873
"KPK","KOHAT","ORAKZAI","LOWER","TEHSIL","URBAN",NA,NA,NA,NA,NA,NA,NA
"KPK","KOHAT","ORAKZAI","UPPER","TEHSIL","OVERALL",17830,10449,9357,8473,NA,10178,1823
"KPK","KOHAT","ORAKZAI","UPPER","TEHSIL","RURAL",17830,10449,9357,8473,NA,10178,1823
"KPK","KOHAT","ORAKZAI","UPPER","TEHSIL","URBAN",NA,NA,NA,NA,NA,NA,NA
"KPK","PESHAWAR","PESHAWAR","BADHBER","TEHSIL","OVERALL",60986,35075,47259,9812,3915,39572,3311
"KPK","PESHAWAR","PESHAWAR","BADHBER","TEHSIL","RURAL",60986,35075,47259,9812,3915,39572,3311
"KPK","PESHAWAR","PESHAWAR","BADHBER","TEHSIL","URBAN",NA,NA,NA,NA,NA,NA,NA
"KPK","PESHAWAR","PESHAWAR","CHAM KANI","TEHSIL","OVERALL",98133,55401,90342,4564,3227,54737,9258
"KPK","PESHAWAR","PESHAWAR","CHAM KANI","TEHSIL","RURAL",98133,55401,90342,4564,3227,54737,9258
"KPK","PESHAWAR","PESHAWAR","CHAM KANI","TEHSIL","URBAN",NA,NA,NA,NA,NA,NA,NA
"KPK","PESHAWAR","PESHAWAR","HASSAN KHEL","SUB-DIVISION","OVERALL",9775,7091,8370,1129,276,7777,410
"KPK","PESHAWAR","PESHAWAR","HASSAN KHEL","SUB-DIVISION","RURAL",9775,7091,8370,1129,276,7777,410
"KPK","PESHAWAR","PESHAWAR","HASSAN KHEL","SUB-DIVISION","URBAN",NA,NA,NA,NA,NA,NA,NA
"KPK","PESHAWAR","PESHAWAR","MATHRA","TEHSIL","OVERALL",68159,37274,52755,5635,9769,40940,7803
"KPK","PESHAWAR","PESHAWAR","MATHRA","TEHSIL","RURAL",68159,37274,52755,5635,9769,40940,7803
"KPK","PESHAWAR","PESHAWAR","MATHRA","TEHSIL","URBAN",NA,NA,NA,NA,NA,NA,NA
"KPK","PESHAWAR","PESHAWAR","PESHAWAR","TEHSIL","OVERALL",305498,242978,293160,7555,4783,229953,21903
"KPK","PESHAWAR","PESHAWAR","PESHAWAR","TEHSIL","RURAL",29553,21476,27987,991,575,19837,2985
"KPK","PESHAWAR","PESHAWAR","PESHAWAR","TEHSIL","URBAN",275945,221502,265173,6564,4208,210116,18918
"KPK","PESHAWAR","PESHAWAR","PISHTA KHARA","TEHSIL","OVERALL",71120,38549,60868,6649,3603,44608,2952
"KPK","PESHAWAR","PESHAWAR","PISHTA KHARA","TEHSIL","RURAL",71120,38549,60868,6649,3603,44608,2952
"KPK","PESHAWAR","PESHAWAR","PISHTA KHARA","TEHSIL","URBAN",NA,NA,NA,NA,NA,NA,NA
"KPK","PESHAWAR","PESHAWAR","SHAH ALAM","TEHSIL","OVERALL",77305,46966,72396,3101,1808,46602,5413
"KPK","PESHAWAR","PESHAWAR","SHAH ALAM","TEHSIL","RURAL",77305,46966,72396,3101,1808,46602,5413
"KPK","PESHAWAR","PESHAWAR","SHAH ALAM","TEHSIL","URBAN",NA,NA,NA,NA,NA,NA,NA
"KPK","MALAKAND","SHANGLA","ALPURI","TEHSIL","OVERALL",52376,24519,34011,2906,15459,30101,8415
"KPK","MALAKAND","SHANGLA","ALPURI","TEHSIL","RURAL",52376,24519,34011,2906,15459,30101,8415
"KPK","MALAKAND","SHANGLA","ALPURI","TEHSIL","URBAN",NA,NA,NA,NA,NA,NA,NA
"KPK","MALAKAND","SHANGLA","BISHAM","TEHSIL","OVERALL",18277,10846,16147,781,1349,11329,986
"KPK","MALAKAND","SHANGLA","BISHAM","TEHSIL","RURAL",18277,10846,16147,781,1349,11329,986
"KPK","MALAKAND","SHANGLA","BISHAM","TEHSIL","URBAN",NA,NA,NA,NA,NA,NA,NA
"KPK","MALAKAND","SHANGLA","CHAKISAR","TEHSIL","OVERALL",17457,8261,10036,1323,6098,8854,5174
"KPK","MALAKAND","SHANGLA","CHAKISAR","TEHSIL","RURAL",17457,8261,10036,1323,6098,8854,5174
"KPK","MALAKAND","SHANGLA","CHAKISAR","TEHSIL","URBAN",NA,NA,NA,NA,NA,NA,NA
"KPK","MALAKAND","SHANGLA","MARTUNG","TEHSIL","OVERALL",12012,7769,8284,1130,2598,8713,1610
"KPK","MALAKAND","SHANGLA","MARTUNG","TEHSIL","RURAL",12012,7769,8284,1130,2598,8713,1610
"KPK","MALAKAND","SHANGLA","MARTUNG","TEHSIL","URBAN",NA,NA,NA,NA,NA,NA,NA
"KPK","MALAKAND","SHANGLA","PURAN","TEHSIL","OVERALL",25418,11699,16454,2673,6291,13208,4668
"KPK","MALAKAND","SHANGLA","PURAN","TEHSIL","RURAL",25418,11699,16454,2673,6291,13208,4668
"KPK","MALAKAND","SHANGLA","PURAN","TEHSIL","URBAN",NA,NA,NA,NA,NA,NA,NA
"KPK","DERA ISMAIL KHAN","SOUTH WAZIRISTAN","BIRMIL","TEHSIL","OVERALL",19759,6146,9880,4865,5014,12321,1585
"KPK","DERA ISMAIL KHAN","SOUTH WAZIRISTAN","BIRMIL","TEHSIL","RURAL",19759,6146,9880,4865,5014,12321,1585
"KPK","DERA ISMAIL KHAN","SOUTH WAZIRISTAN","BIRMIL","TEHSIL","URBAN",NA,NA,NA,NA,NA,NA,NA
"KPK","DERA ISMAIL KHAN","SOUTH WAZIRISTAN","LADHA","TEHSIL","OVERALL",24072,8710,15546,6679,1847,9329,1217
"KPK","DERA ISMAIL KHAN","SOUTH WAZIRISTAN","LADHA","TEHSIL","RURAL",24072,8710,15546,6679,1847,9329,1217
"KPK","DERA ISMAIL KHAN","SOUTH WAZIRISTAN","LADHA","TEHSIL","URBAN",NA,NA,NA,NA,NA,NA,NA
"KPK","DERA ISMAIL KHAN","SOUTH WAZIRISTAN","MAKIN","TEHSIL","OVERALL",13374,4752,8653,2260,2461,5811,1316
"KPK","DERA ISMAIL KHAN","SOUTH WAZIRISTAN","MAKIN","TEHSIL","RURAL",13374,4752,8653,2260,2461,5811,1316
"KPK","DERA ISMAIL KHAN","SOUTH WAZIRISTAN","MAKIN","TEHSIL","URBAN",NA,NA,NA,NA,NA,NA,NA
"KPK","DERA ISMAIL KHAN","SOUTH WAZIRISTAN","SARAROGHA","TEHSIL","OVERALL",32218,12274,23332,6188,2698,13440,1770
"KPK","DERA ISMAIL KHAN","SOUTH WAZIRISTAN","SARAROGHA","TEHSIL","RURAL",32218,12274,23332,6188,2698,13440,1770
"KPK","DERA ISMAIL KHAN","SOUTH WAZIRISTAN","SARAROGHA","TEHSIL","URBAN",NA,NA,NA,NA,NA,NA,NA
"KPK","DERA ISMAIL KHAN","SOUTH WAZIRISTAN","SERWEKAI","TEHSIL","OVERALL",12286,5212,9303,1461,1522,5559,235
"KPK","DERA ISMAIL KHAN","SOUTH WAZIRISTAN","SERWEKAI","TEHSIL","RURAL",12286,5212,9303,1461,1522,5559,235
"KPK","DERA ISMAIL KHAN","SOUTH WAZIRISTAN","SERWEKAI","TEHSIL","URBAN",NA,NA,NA,NA,NA,NA,NA
"KPK","DERA ISMAIL KHAN","SOUTH WAZIRISTAN","SHAKTOI","TEHSIL","OVERALL",8829,4980,3685,2961,2183,5649,1484
"KPK","DERA ISMAIL KHAN","SOUTH WAZIRISTAN","SHAKTOI","TEHSIL","RURAL",8829,4980,3685,2961,2183,5649,1484
"KPK","DERA ISMAIL KHAN","SOUTH WAZIRISTAN","SHAKTOI","TEHSIL","URBAN",NA,NA,NA,NA,NA,NA,NA
"KPK","DERA ISMAIL KHAN","SOUTH WAZIRISTAN","TIARZA","TEHSIL","OVERALL",14803,6939,12302,1787,714,6991,640
"KPK","DERA ISMAIL KHAN","SOUTH WAZIRISTAN","TIARZA","TEHSIL","RURAL",14803,6939,12302,1787,714,6991,640
"KPK","DERA ISMAIL KHAN","SOUTH WAZIRISTAN","TIARZA","TEHSIL","URBAN",NA,NA,NA,NA,NA,NA,NA
"KPK","DERA ISMAIL KHAN","SOUTH WAZIRISTAN","TOI KHULLA","TEHSIL","OVERALL",20195,4153,3760,2867,13568,10285,5534
"KPK","DERA ISMAIL KHAN","SOUTH WAZIRISTAN","TOI KHULLA","TEHSIL","RURAL",20195,4153,3760,2867,13568,10285,5534
"KPK","DERA ISMAIL KHAN","SOUTH WAZIRISTAN","TOI KHULLA","TEHSIL","URBAN",NA,NA,NA,NA,NA,NA,NA
"KPK","DERA ISMAIL KHAN","SOUTH WAZIRISTAN","WANA","TEHSIL","OVERALL",33100,11348,18291,11231,3578,14710,1905
"KPK","DERA ISMAIL KHAN","SOUTH WAZIRISTAN","WANA","TEHSIL","RURAL",33100,11348,18291,11231,3578,14710,1905
"KPK","DERA ISMAIL KHAN","SOUTH WAZIRISTAN","WANA","TEHSIL","URBAN",NA,NA,NA,NA,NA,NA,NA
"KPK","MARDAN","SWABI","LAHOR","TEHSIL","OVERALL",53401,34349,45761,1497,6143,34175,6429
"KPK","MARDAN","SWABI","LAHOR","TEHSIL","RURAL",46575,29679,39676,1234,5665,29349,6162
"KPK","MARDAN","SWABI","LAHOR","TEHSIL","URBAN",6826,4670,6085,263,478,4826,267
"KPK","MARDAN","SWABI","RAZAR","TEHSIL","OVERALL",98531,65855,85635,3724,9172,63728,12098
"KPK","MARDAN","SWABI","RAZAR","TEHSIL","RURAL",94371,62733,81687,3701,8983,60657,11854
"KPK","MARDAN","SWABI","RAZAR","TEHSIL","URBAN",4160,3122,3948,23,189,3071,244
"KPK","MARDAN","SWABI","SWABI","TEHSIL","OVERALL",67362,52787,63129,1242,2991,51680,4254
"KPK","MARDAN","SWABI","SWABI","TEHSIL","RURAL",40961,30948,38147,320,2494,30543,2908
"KPK","MARDAN","SWABI","SWABI","TEHSIL","URBAN",26401,21839,24982,922,497,21137,1346
"KPK","MARDAN","SWABI","TOPI","TEHSIL","OVERALL",59682,40283,50833,2256,6593,38382,8770
"KPK","MARDAN","SWABI","TOPI","TEHSIL","RURAL",47748,32352,39729,1710,6309,31310,7399
"KPK","MARDAN","SWABI","TOPI","TEHSIL","URBAN",11934,7931,11104,546,284,7072,1371
"KPK","MALAKAND","SWAT","BABUZAI","TEHSIL","OVERALL",104625,79381,94357,2236,8032,84508,6554
"KPK","MALAKAND","SWAT","BABUZAI","TEHSIL","RURAL",49398,32754,40411,1619,7368,38710,2985
"KPK","MALAKAND","SWAT","BABUZAI","TEHSIL","URBAN",55227,46627,53946,617,664,45798,3569
"KPK","MALAKAND","SWAT","BARIKOT","TEHSIL","OVERALL",31234,20243,26884,1925,2425,21537,2810
"KPK","MALAKAND","SWAT","BARIKOT","TEHSIL","RURAL",13950,8413,11096,1337,1517,9223,1563
"KPK","MALAKAND","SWAT","BARIKOT","TEHSIL","URBAN",17284,11830,15788,588,908,12314,1247
"KPK","MALAKAND","SWAT","BEHRAIN","TEHSIL","OVERALL",37756,28345,33884,795,3077,29959,2269
"KPK","MALAKAND","SWAT","BEHRAIN","TEHSIL","RURAL",27171,20497,24040,712,2419,21482,2006
"KPK","MALAKAND","SWAT","BEHRAIN","TEHSIL","URBAN",10585,7848,9844,83,658,8477,263
"KPK","MALAKAND","SWAT","CHARBAGH","TEHSIL","OVERALL",22188,14555,18601,376,3211,17243,1315
"KPK","MALAKAND","SWAT","CHARBAGH","TEHSIL","RURAL",22188,14555,18601,376,3211,17243,1315
"KPK","MALAKAND","SWAT","CHARBAGH","TEHSIL","URBAN",NA,NA,NA,NA,NA,NA,NA
"KPK","MALAKAND","SWAT","KABAL","TEHSIL","OVERALL",69195,51132,62080,2246,4869,56562,3423
"KPK","MALAKAND","SWAT","KABAL","TEHSIL","RURAL",49261,35204,42908,1937,4416,40285,2967
"KPK","MALAKAND","SWAT","KABAL","TEHSIL","URBAN",19934,15928,19172,309,453,16277,456
"KPK","MALAKAND","SWAT","KHAWAZAKHELA","TEHSIL","OVERALL",42543,28904,35205,1935,5403,31945,4323
"KPK","MALAKAND","SWAT","KHAWAZAKHELA","TEHSIL","RURAL",34490,22488,27649,1883,4958,25523,3518
"KPK","MALAKAND","SWAT","KHAWAZAKHELA","TEHSIL","URBAN",8053,6416,7556,52,445,6422,805
"KPK","MALAKAND","SWAT","MATTA","TEHSIL","OVERALL",73671,54303,64520,1254,7897,59957,3750
"KPK","MALAKAND","SWAT","MATTA","TEHSIL","RURAL",66701,48111,57689,1213,7799,53696,3621
"KPK","MALAKAND","SWAT","MATTA","TEHSIL","URBAN",6970,6192,6831,41,98,6261,129
"KPK","DERA ISMAIL KHAN","TANK","JANDOLA","SUB-DIVISION","OVERALL",7067,2735,4048,1067,1952,3744,606
"KPK","DERA ISMAIL KHAN","TANK","JANDOLA","SUB-DIVISION","RURAL",7067,2735,4048,1067,1952,3744,606
"KPK","DERA ISMAIL KHAN","TANK","JANDOLA","SUB-DIVISION","URBAN",NA,NA,NA,NA,NA,NA,NA
"KPK","DERA ISMAIL KHAN","TANK","TANK","TEHSIL","OVERALL",63496,31297,45743,11641,6112,33961,4276
"KPK","DERA ISMAIL KHAN","TANK","TANK","TEHSIL","RURAL",56235,25733,38865,11300,6070,28382,4182
"KPK","DERA ISMAIL KHAN","TANK","TANK","TEHSIL","URBAN",7261,5564,6878,341,42,5579,94
"KPK","HAZARA","TORGHAR","DAUR MERA","TEHSIL","OVERALL",7364,1641,2196,233,4935,3788,2393
"KPK","HAZARA","TORGHAR","DAUR MERA","TEHSIL","RURAL",7364,1641,2196,233,4935,3788,2393
"KPK","HAZARA","TORGHAR","DAUR MERA","TEHSIL","URBAN",NA,NA,NA,NA,NA,NA,NA
"KPK","HAZARA","TORGHAR","JUDBA","TEHSIL","OVERALL",8530,2569,3050,349,5131,4467,2820
"KPK","HAZARA","TORGHAR","JUDBA","TEHSIL","RURAL",8530,2569,3050,349,5131,4467,2820
"KPK","HAZARA","TORGHAR","JUDBA","TEHSIL","URBAN",NA,NA,NA,NA,NA,NA,NA
"KPK","HAZARA","TORGHAR","KHANDER","TEHSIL","OVERALL",13516,5638,7986,150,5380,7231,3415
"KPK","HAZARA","TORGHAR","KHANDER","TEHSIL","RURAL",13516,5638,7986,150,5380,7231,3415
"KPK","HAZARA","TORGHAR","KHANDER","TEHSIL","URBAN",NA,NA,NA,NA,NA,NA,NA
"KPK","MALAKAND","UPPER CHITRAL","MASTUJ","SUB-DIVISION","OVERALL",26365,25432,24953,1017,395,18589,7418
"KPK","MALAKAND","UPPER CHITRAL","MASTUJ","SUB-DIVISION","RURAL",26365,25432,24953,1017,395,18589,7418
"KPK","MALAKAND","UPPER CHITRAL","MASTUJ","SUB-DIVISION","URBAN",NA,NA,NA,NA,NA,NA,NA
"KPK","MALAKAND","UPPER DIR","DIR","SUB-DIVISION","OVERALL",50811,30040,41833,1799,7179,31083,10542
"KPK","MALAKAND","UPPER DIR","DIR","SUB-DIVISION","RURAL",44203,24638,35623,1509,7071,26844,9047
"KPK","MALAKAND","UPPER DIR","DIR","SUB-DIVISION","URBAN",6608,5402,6210,290,108,4239,1495
"KPK","MALAKAND","UPPER DIR","LARJUM","SUB-DIVISION","OVERALL",16470,9072,13409,571,2490,8496,4522
"KPK","MALAKAND","UPPER DIR","LARJUM","SUB-DIVISION","RURAL",16470,9072,13409,571,2490,8496,4522
"KPK","MALAKAND","UPPER DIR","LARJUM","SUB-DIVISION","URBAN",NA,NA,NA,NA,NA,NA,NA
"KPK","MALAKAND","UPPER DIR","SHARINGAL","SUB-DIVISION","OVERALL",30724,16203,23737,2034,4953,19104,5012
"KPK","MALAKAND","UPPER DIR","SHARINGAL","SUB-DIVISION","RURAL",30724,16203,23737,2034,4953,19104,5012
"KPK","MALAKAND","UPPER DIR","SHARINGAL","SUB-DIVISION","URBAN",NA,NA,NA,NA,NA,NA,NA
"KPK","MALAKAND","UPPER DIR","WARI","SUB-DIVISION","OVERALL",51531,27522,41866,1399,8266,35938,5061
"KPK","MALAKAND","UPPER DIR","WARI","SUB-DIVISION","RURAL",51531,27522,41866,1399,8266,35938,5061
"KPK","MALAKAND","UPPER DIR","WARI","SUB-DIVISION","URBAN",NA,NA,NA,NA,NA,NA,NA
"KPK","HAZARA","UPPER KOHISTAN","DASSU","SUB-DIVISION","OVERALL",22987,4677,5806,5186,11995,5888,9128
"KPK","HAZARA","UPPER KOHISTAN","DASSU","SUB-DIVISION","RURAL",22987,4677,5806,5186,11995,5888,9128
"KPK","HAZARA","UPPER KOHISTAN","DASSU","SUB-DIVISION","URBAN",NA,NA,NA,NA,NA,NA,NA
"KPK","HAZARA","UPPER KOHISTAN","HARBAN BHASHA","TEHSIL","OVERALL",6426,2503,4240,156,2030,2473,1996
"KPK","HAZARA","UPPER KOHISTAN","HARBAN BHASHA","TEHSIL","RURAL",6426,2503,4240,156,2030,2473,1996
"KPK","HAZARA","UPPER KOHISTAN","HARBAN BHASHA","TEHSIL","URBAN",NA,NA,NA,NA,NA,NA,NA
"KPK","HAZARA","UPPER KOHISTAN","KANDIA","SUB-DIVISION","OVERALL",24118,6618,9131,2672,12315,8600,10275
"KPK","HAZARA","UPPER KOHISTAN","KANDIA","SUB-DIVISION","RURAL",24118,6618,9131,2672,12315,8600,10275
"KPK","HAZARA","UPPER KOHISTAN","KANDIA","SUB-DIVISION","URBAN",NA,NA,NA,NA,NA,NA,NA
"KPK","HAZARA","UPPER KOHISTAN","SEO","SUB-DIVISION","OVERALL",10181,4070,8779,428,974,3778,1650
"KPK","HAZARA","UPPER KOHISTAN","SEO","SUB-DIVISION","RURAL",10181,4070,8779,428,974,3778,1650
"KPK","HAZARA","UPPER KOHISTAN","SEO","SUB-DIVISION","URBAN",NA,NA,NA,NA,NA,NA,NA
"PUNJAB","RAWALPINDI","ATTOCK","ATTOCK","TEHSIL","OVERALL",81037,72336,77857,1782,1398,69998,3958
"PUNJAB","RAWALPINDI","ATTOCK","ATTOCK","TEHSIL","RURAL",37125,32256,34347,1596,1182,31401,2143
"PUNJAB","RAWALPINDI","ATTOCK","ATTOCK","TEHSIL","URBAN",43912,40080,43510,186,216,38597,1815
"PUNJAB","RAWALPINDI","ATTOCK","FATEH JANG","TEHSIL","OVERALL",60131,52871,55205,1224,3702,50746,6163
"PUNJAB","RAWALPINDI","ATTOCK","FATEH JANG","TEHSIL","RURAL",47549,41541,42875,1119,3555,40193,5069
"PUNJAB","RAWALPINDI","ATTOCK","FATEH JANG","TEHSIL","URBAN",12582,11330,12330,105,147,10553,1094
"PUNJAB","RAWALPINDI","ATTOCK","HASAN ABDAL","TEHSIL","OVERALL",39835,33192,37925,740,1170,31473,3186
"PUNJAB","RAWALPINDI","ATTOCK","HASAN ABDAL","TEHSIL","RURAL",28846,23289,27328,525,993,22342,2233
"PUNJAB","RAWALPINDI","ATTOCK","HASAN ABDAL","TEHSIL","URBAN",10989,9903,10597,215,177,9131,953
"PUNJAB","RAWALPINDI","ATTOCK","HAZRO","TEHSIL","OVERALL",62129,55792,59735,1031,1363,54292,3021
"PUNJAB","RAWALPINDI","ATTOCK","HAZRO","TEHSIL","RURAL",52628,47003,50370,971,1287,45776,2621
"PUNJAB","RAWALPINDI","ATTOCK","HAZRO","TEHSIL","URBAN",9501,8789,9365,60,76,8516,400
"PUNJAB","RAWALPINDI","ATTOCK","JAND","TEHSIL","OVERALL",57460,50662,51084,2154,4222,49839,5225
"PUNJAB","RAWALPINDI","ATTOCK","JAND","TEHSIL","RURAL",47612,41556,41700,1952,3960,40624,5051
"PUNJAB","RAWALPINDI","ATTOCK","JAND","TEHSIL","URBAN",9848,9106,9384,202,262,9215,174
"PUNJAB","RAWALPINDI","ATTOCK","PINDI GHEB","TEHSIL","OVERALL",53381,44598,46207,1807,5367,45017,5033
"PUNJAB","RAWALPINDI","ATTOCK","PINDI GHEB","TEHSIL","RURAL",42814,35022,35951,1630,5233,35617,4710
"PUNJAB","RAWALPINDI","ATTOCK","PINDI GHEB","TEHSIL","URBAN",10567,9576,10256,177,134,9400,323
"PUNJAB","BAHAWALPUR","BAHAWALNAGAR","BAHAWALNAGAR","TEHSIL","OVERALL",154112,99632,117742,4565,31805,98635,34087
"PUNJAB","BAHAWALPUR","BAHAWALNAGAR","BAHAWALNAGAR","TEHSIL","RURAL",108351,62244,74077,4230,30044,62006,31305
"PUNJAB","BAHAWALPUR","BAHAWALNAGAR","BAHAWALNAGAR","TEHSIL","URBAN",45761,37388,43665,335,1761,36629,2782
"PUNJAB","BAHAWALPUR","BAHAWALNAGAR","CHISHTIAN","TEHSIL","OVERALL",133581,94893,108722,3722,21137,91425,25163
"PUNJAB","BAHAWALPUR","BAHAWALNAGAR","CHISHTIAN","TEHSIL","RURAL",95999,62935,73026,3394,19579,60643,22271
"PUNJAB","BAHAWALPUR","BAHAWALNAGAR","CHISHTIAN","TEHSIL","URBAN",37582,31958,35696,328,1558,30782,2892
"PUNJAB","BAHAWALPUR","BAHAWALNAGAR","FORT ABBAS","TEHSIL","OVERALL",76054,60363,63784,1491,10779,59669,11610
"PUNJAB","BAHAWALPUR","BAHAWALNAGAR","FORT ABBAS","TEHSIL","RURAL",55769,42414,45036,1107,9626,41518,10671
"PUNJAB","BAHAWALPUR","BAHAWALNAGAR","FORT ABBAS","TEHSIL","URBAN",20285,17949,18748,384,1153,18151,939
"PUNJAB","BAHAWALPUR","BAHAWALNAGAR","HAROONABAD","TEHSIL","OVERALL",96346,77251,86208,1821,8317,75660,10501
"PUNJAB","BAHAWALPUR","BAHAWALNAGAR","HAROONABAD","TEHSIL","RURAL",62715,48226,54431,1157,7127,47552,8148
"PUNJAB","BAHAWALPUR","BAHAWALNAGAR","HAROONABAD","TEHSIL","URBAN",33631,29025,31777,664,1190,28108,2353
"PUNJAB","BAHAWALPUR","BAHAWALNAGAR","MINCHINABAD","TEHSIL","OVERALL",97523,55530,69738,2374,25411,53863,28553
"PUNJAB","BAHAWALPUR","BAHAWALNAGAR","MINCHINABAD","TEHSIL","RURAL",78485,41090,51836,2202,24447,40082,26637
"PUNJAB","BAHAWALPUR","BAHAWALNAGAR","MINCHINABAD","TEHSIL","URBAN",19038,14440,17902,172,964,13781,1916
"PUNJAB","BAHAWALPUR","BAHAWALPUR","AHMADPUR EAST","TEHSIL","OVERALL",195174,122065,152666,4670,37838,99911,67171
"PUNJAB","BAHAWALPUR","BAHAWALPUR","AHMADPUR EAST","TEHSIL","RURAL",144072,79966,104471,3936,35665,60941,61470
"PUNJAB","BAHAWALPUR","BAHAWALPUR","AHMADPUR EAST","TEHSIL","URBAN",51102,42099,48195,734,2173,38970,5701
"PUNJAB","BAHAWALPUR","BAHAWALPUR","BAHAWALPUR CITY","TEHSIL","OVERALL",132047,109643,126832,2026,3189,103337,11067
"PUNJAB","BAHAWALPUR","BAHAWALPUR","BAHAWALPUR CITY","TEHSIL","RURAL",NA,NA,NA,NA,NA,NA,NA
"PUNJAB","BAHAWALPUR","BAHAWALPUR","BAHAWALPUR CITY","TEHSIL","URBAN",132047,109643,126832,2026,3189,103337,11067
"PUNJAB","BAHAWALPUR","BAHAWALPUR","BAHAWALPUR SADDAR","TEHSIL","OVERALL",105184,76670,93335,1576,10273,68540,20745
"PUNJAB","BAHAWALPUR","BAHAWALPUR","BAHAWALPUR SADDAR","TEHSIL","RURAL",82198,57198,70968,1363,9867,50489,18708
"PUNJAB","BAHAWALPUR","BAHAWALPUR","BAHAWALPUR SADDAR","TEHSIL","URBAN",22986,19472,22367,213,406,18051,2037
"PUNJAB","BAHAWALPUR","BAHAWALPUR","HASILPUR","TEHSIL","OVERALL",84089,63403,71548,1581,10960,58440,17160
"PUNJAB","BAHAWALPUR","BAHAWALPUR","HASILPUR","TEHSIL","RURAL",51293,36182,41283,1028,8982,33556,12311
"PUNJAB","BAHAWALPUR","BAHAWALPUR","HASILPUR","TEHSIL","URBAN",32796,27221,30265,553,1978,24884,4849
"PUNJAB","BAHAWALPUR","BAHAWALPUR","KHAIRPUR TAMEWALI","TEHSIL","OVERALL",48445,30551,38961,802,8682,27515,12706
"PUNJAB","BAHAWALPUR","BAHAWALPUR","KHAIRPUR TAMEWALI","TEHSIL","RURAL",40482,23735,31241,663,8578,20807,12481
"PUNJAB","BAHAWALPUR","BAHAWALPUR","KHAIRPUR TAMEWALI","TEHSIL","URBAN",7963,6816,7720,139,104,6708,225
"PUNJAB","BAHAWALPUR","BAHAWALPUR","YAZMAN","TEHSIL","OVERALL",108498,77455,85546,2756,20196,74831,23332
"PUNJAB","BAHAWALPUR","BAHAWALPUR","YAZMAN","TEHSIL","RURAL",98435,68465,76006,2599,19830,66080,22715
"PUNJAB","BAHAWALPUR","BAHAWALPUR","YAZMAN","TEHSIL","URBAN",10063,8990,9540,157,366,8751,617
"PUNJAB","SARGODHA","BHAKKAR","BHAKKAR","TEHSIL","OVERALL",124135,88832,110232,2832,11071,83302,18459
"PUNJAB","SARGODHA","BHAKKAR","BHAKKAR","TEHSIL","RURAL",99062,67422,86187,2441,10434,62532,17114
"PUNJAB","SARGODHA","BHAKKAR","BHAKKAR","TEHSIL","URBAN",25073,21410,24045,391,637,20770,1345
"PUNJAB","SARGODHA","BHAKKAR","DARYA KHAN","TEHSIL","OVERALL",70483,39699,56836,694,12953,37336,15951
"PUNJAB","SARGODHA","BHAKKAR","DARYA KHAN","TEHSIL","RURAL",54723,29158,41779,652,12292,26956,15054
"PUNJAB","SARGODHA","BHAKKAR","DARYA KHAN","TEHSIL","URBAN",15760,10541,15057,42,661,10380,897
"PUNJAB","SARGODHA","BHAKKAR","KALUR KOT","TEHSIL","OVERALL",65693,40459,53498,641,11554,39654,13078
"PUNJAB","SARGODHA","BHAKKAR","KALUR KOT","TEHSIL","RURAL",57999,34182,45953,621,11425,33495,12811
"PUNJAB","SARGODHA","BHAKKAR","KALUR KOT","TEHSIL","URBAN",7694,6277,7545,20,129,6159,267
"PUNJAB","SARGODHA","BHAKKAR","MANKERA","TEHSIL","OVERALL",53000,27931,34138,1321,17541,27827,17723
"PUNJAB","SARGODHA","BHAKKAR","MANKERA","TEHSIL","RURAL",45358,23143,27484,1267,16607,23145,16639
"PUNJAB","SARGODHA","BHAKKAR","MANKERA","TEHSIL","URBAN",7642,4788,6654,54,934,4682,1084
"PUNJAB","RAWALPINDI","CHAKWAL","CHAKWAL","TEHSIL","OVERALL",126901,110759,116967,4063,5871,110175,6726
"PUNJAB","RAWALPINDI","CHAKWAL","CHAKWAL","TEHSIL","RURAL",87472,75318,79687,2888,4897,74772,5651
"PUNJAB","RAWALPINDI","CHAKWAL","CHAKWAL","TEHSIL","URBAN",39429,35441,37280,1175,974,35403,1075
"PUNJAB","RAWALPINDI","CHAKWAL","CHOA SAIDAN SHAH","TEHSIL","OVERALL",26676,23268,24438,630,1608,22680,2237
"PUNJAB","RAWALPINDI","CHAKWAL","CHOA SAIDAN SHAH","TEHSIL","RURAL",20571,17667,18616,538,1417,17045,2073
"PUNJAB","RAWALPINDI","CHAKWAL","CHOA SAIDAN SHAH","TEHSIL","URBAN",6105,5601,5822,92,191,5635,164
NA,NA,"CHAKWAL","KALLAR KAHAR","TEHSIL","OVERALL",33899,29945,31311,1178,1410,29495,1950
NA,NA,"CHAKWAL","KALLAR KAHAR","TEHSIL","RURAL",25707,22591,23573,999,1135,22176,1621
NA,NA,"CHAKWAL","KALLAR KAHAR","TEHSIL","URBAN",8192,7354,7738,179,275,7319,329
"PUNJAB","RAWALPINDI","CHAKWAL","LAWA","TEHSIL","OVERALL",22201,19011,19417,649,2135,19406,1778
"PUNJAB","RAWALPINDI","CHAKWAL","LAWA","TEHSIL","RURAL",19115,16173,16548,501,2066,16559,1710
"PUNJAB","RAWALPINDI","CHAKWAL","LAWA","TEHSIL","URBAN",3086,2838,2869,148,69,2847,68
"PUNJAB","RAWALPINDI","CHAKWAL","TALA GANG","TEHSIL","OVERALL",79161,68676,71943,1328,5890,69188,5692
"PUNJAB","RAWALPINDI","CHAKWAL","TALA GANG","TEHSIL","RURAL",65357,56308,58356,1269,5732,57007,5288
"PUNJAB","RAWALPINDI","CHAKWAL","TALA GANG","TEHSIL","URBAN",13804,12368,13587,59,158,12181,404
"PUNJAB","FAISALABAD","CHINIOT","BHAWANA","TEHSIL","OVERALL",69433,32063,40979,1740,26714,33036,25825
"PUNJAB","FAISALABAD","CHINIOT","BHAWANA","TEHSIL","RURAL",63333,27051,35389,1712,26232,28185,25132
"PUNJAB","FAISALABAD","CHINIOT","BHAWANA","TEHSIL","URBAN",6100,5012,5590,28,482,4851,693
"PUNJAB","FAISALABAD","CHINIOT","CHINIOT","TEHSIL","OVERALL",103876,65677,82221,1892,19763,66099,19600
"PUNJAB","FAISALABAD","CHINIOT","CHINIOT","TEHSIL","RURAL",51227,24595,31587,968,18672,25621,17565
"PUNJAB","FAISALABAD","CHINIOT","CHINIOT","TEHSIL","URBAN",52649,41082,50634,924,1091,40478,2035
"PUNJAB","FAISALABAD","CHINIOT","LALIAN","TEHSIL","OVERALL",83129,43732,53396,1854,27879,43803,27860
"PUNJAB","FAISALABAD","CHINIOT","LALIAN","TEHSIL","RURAL",58783,23702,30202,1426,27155,23914,26961
"PUNJAB","FAISALABAD","CHINIOT","LALIAN","TEHSIL","URBAN",24346,20030,23194,428,724,19889,899
"PUNJAB","DERA GHAZI KHAN","DERA GHAZI KHAN","DERA GHAZI KHAN","TEHSIL","OVERALL",177702,115376,149751,4526,23425,105268,37989
"PUNJAB","DERA GHAZI KHAN","DERA GHAZI KHAN","DERA GHAZI KHAN","TEHSIL","RURAL",104002,54541,77575,3718,22709,47664,33412
"PUNJAB","DERA GHAZI KHAN","DERA GHAZI KHAN","DERA GHAZI KHAN","TEHSIL","URBAN",73700,60835,72176,808,716,57604,4577
"PUNJAB","DERA GHAZI KHAN","DERA GHAZI KHAN","KOH-E-SULEMAN","TEHSIL","OVERALL",41138,6805,5834,2397,32907,9647,29235
"PUNJAB","DERA GHAZI KHAN","DERA GHAZI KHAN","KOH-E-SULEMAN","TEHSIL","RURAL",41138,6805,5834,2397,32907,9647,29235
"PUNJAB","DERA GHAZI KHAN","DERA GHAZI KHAN","KOH-E-SULEMAN","TEHSIL","URBAN",NA,NA,NA,NA,NA,NA,NA
"PUNJAB","DERA GHAZI KHAN","DERA GHAZI KHAN","KOT CHHUTTA","TEHSIL","OVERALL",114956,49511,71514,3001,40441,43363,49258
"PUNJAB","DERA GHAZI KHAN","DERA GHAZI KHAN","KOT CHHUTTA","TEHSIL","RURAL",99653,38582,57217,2851,39585,34631,45811
"PUNJAB","DERA GHAZI KHAN","DERA GHAZI KHAN","KOT CHHUTTA","TEHSIL","URBAN",15303,10929,14297,150,856,8732,3447
"PUNJAB","DERA GHAZI KHAN","DERA GHAZI KHAN","TAUNSA","TEHSIL","OVERALL",120668,73985,92838,5917,21913,65653,34010
"PUNJAB","DERA GHAZI KHAN","DERA GHAZI KHAN","TAUNSA","TEHSIL","RURAL",95072,52498,67965,5709,21398,45771,31642
"PUNJAB","DERA GHAZI KHAN","DERA GHAZI KHAN","TAUNSA","TEHSIL","URBAN",25596,21487,24873,208,515,19882,2368
"PUNJAB","FAISALABAD","FAISALABAD","CHAK JHUMRA","TEHSIL","OVERALL",56658,46681,51273,1761,3624,46453,3945
"PUNJAB","FAISALABAD","FAISALABAD","CHAK JHUMRA","TEHSIL","RURAL",47270,38576,42169,1634,3467,38342,3777
"PUNJAB","FAISALABAD","FAISALABAD","CHAK JHUMRA","TEHSIL","URBAN",9388,8105,9104,127,157,8111,168
"PUNJAB","FAISALABAD","FAISALABAD","FAISALABAD CITY","TEHSIL","OVERALL",556650,475021,543715,7743,5192,469101,11390
"PUNJAB","FAISALABAD","FAISALABAD","FAISALABAD CITY","TEHSIL","RURAL",NA,NA,NA,NA,NA,NA,NA
"PUNJAB","FAISALABAD","FAISALABAD","FAISALABAD CITY","TEHSIL","URBAN",556650,475021,543715,7743,5192,469101,11390
"PUNJAB","FAISALABAD","FAISALABAD","FAISALABAD SADAR","TEHSIL","OVERALL",268685,227607,254086,4348,10251,220437,18197
"PUNJAB","FAISALABAD","FAISALABAD","FAISALABAD SADAR","TEHSIL","RURAL",253143,214276,239378,4102,9663,207119,17608
"PUNJAB","FAISALABAD","FAISALABAD","FAISALABAD SADAR","TEHSIL","URBAN",15542,13331,14708,246,588,13318,589
"PUNJAB","FAISALABAD","FAISALABAD","JARANWALA","TEHSIL","OVERALL",264519,209181,239638,4085,20796,204748,25792
"PUNJAB","FAISALABAD","FAISALABAD","JARANWALA","TEHSIL","RURAL",222845,171654,198572,3854,20419,167800,24821
"PUNJAB","FAISALABAD","FAISALABAD","JARANWALA","TEHSIL","URBAN",41674,37527,41066,231,377,36948,971
"PUNJAB","FAISALABAD","FAISALABAD","SAMMUNDRI","TEHSIL","OVERALL",110873,96793,105389,1811,3673,95339,5272
"PUNJAB","FAISALABAD","FAISALABAD","SAMMUNDRI","TEHSIL","RURAL",79879,70332,75870,1097,2912,69369,3942
"PUNJAB","FAISALABAD","FAISALABAD","SAMMUNDRI","TEHSIL","URBAN",30994,26461,29519,714,761,25970,1330
"PUNJAB","FAISALABAD","FAISALABAD","TANDLIAN WALA","TEHSIL","OVERALL",125388,77758,93262,2526,29600,78654,28751
"PUNJAB","FAISALABAD","FAISALABAD","TANDLIAN WALA","TEHSIL","RURAL",111435,65730,79817,2323,29295,66619,28424
"PUNJAB","FAISALABAD","FAISALABAD","TANDLIAN WALA","TEHSIL","URBAN",13953,12028,13445,203,305,12035,327
"PUNJAB","GUJRANWALA","GUJRANWALA","GUJRANWALA CITY","TEHSIL","OVERALL",356287,312275,347114,5962,3211,309314,5940
"PUNJAB","GUJRANWALA","GUJRANWALA","GUJRANWALA CITY","TEHSIL","RURAL",NA,NA,NA,NA,NA,NA,NA
"PUNJAB","GUJRANWALA","GUJRANWALA","GUJRANWALA CITY","TEHSIL","URBAN",356287,312275,347114,5962,3211,309314,5940
"PUNJAB","GUJRANWALA","GUJRANWALA","GUJRANWALA SADDAR","TEHSIL","OVERALL",168704,144780,162099,3118,3487,145353,3280
"PUNJAB","GUJRANWALA","GUJRANWALA","GUJRANWALA SADDAR","TEHSIL","RURAL",114033,96449,108448,2309,3276,97099,2978
"PUNJAB","GUJRANWALA","GUJRANWALA","GUJRANWALA SADDAR","TEHSIL","URBAN",54671,48331,53651,809,211,48254,302
"PUNJAB","GUJRANWALA","GUJRANWALA","KAMOKE","TEHSIL","OVERALL",94236,76691,91828,1387,1021,75663,2601
"PUNJAB","GUJRANWALA","GUJRANWALA","KAMOKE","TEHSIL","RURAL",51778,42636,49681,1211,886,41705,2011
"PUNJAB","GUJRANWALA","GUJRANWALA","KAMOKE","TEHSIL","URBAN",42458,34055,42147,176,135,33958,590
"PUNJAB","GUJRANWALA","GUJRANWALA","NOWSHERA VIRKAN","TEHSIL","OVERALL",87569,71395,83400,2558,1611,70202,3024
"PUNJAB","GUJRANWALA","GUJRANWALA","NOWSHERA VIRKAN","TEHSIL","RURAL",79617,64271,75568,2498,1551,63188,2848
"PUNJAB","GUJRANWALA","GUJRANWALA","NOWSHERA VIRKAN","TEHSIL","URBAN",7952,7124,7832,60,60,7014,176
"PUNJAB","GUJRANWALA","GUJRANWALA","WAZIRABAD","TEHSIL","OVERALL",142381,121246,137291,1421,3669,120655,4491
"PUNJAB","GUJRANWALA","GUJRANWALA","WAZIRABAD","TEHSIL","RURAL",87761,74936,84051,1119,2591,74282,3420
"PUNJAB","GUJRANWALA","GUJRANWALA","WAZIRABAD","TEHSIL","URBAN",54620,46310,53240,302,1078,46373,1071
"PUNJAB","GUJRANWALA","GUJRAT","GUJRAT","TEHSIL","OVERALL",265944,233416,254926,4188,6830,231738,9279
"PUNJAB","GUJRANWALA","GUJRAT","GUJRAT","TEHSIL","RURAL",119914,105020,113944,1965,4005,104004,5329
"PUNJAB","GUJRANWALA","GUJRAT","GUJRAT","TEHSIL","URBAN",146030,128396,140982,2223,2825,127734,3950
"PUNJAB","GUJRANWALA","GUJRAT","KHARIAN","TEHSIL","OVERALL",179257,158868,171512,2065,5680,156792,8136
"PUNJAB","GUJRANWALA","GUJRAT","KHARIAN","TEHSIL","RURAL",131982,117094,125848,1397,4737,115064,7130
"PUNJAB","GUJRANWALA","GUJRAT","KHARIAN","TEHSIL","URBAN",47275,41774,45664,668,943,41728,1006
"PUNJAB","GUJRANWALA","GUJRAT","SARAI ALAMGIR","TEHSIL","OVERALL",44136,39124,42230,378,1528,38622,2160
"PUNJAB","GUJRANWALA","GUJRAT","SARAI ALAMGIR","TEHSIL","RURAL",32711,28636,31121,285,1305,28627,1420
"PUNJAB","GUJRANWALA","GUJRAT","SARAI ALAMGIR","TEHSIL","URBAN",11425,10488,11109,93,223,9995,740
"PUNJAB","GUJRANWALA","HAFIZABAD","HAFIZABAD","TEHSIL","OVERALL",112158,95757,106408,1241,4509,94253,6120
"PUNJAB","GUJRANWALA","HAFIZABAD","HAFIZABAD","TEHSIL","RURAL",60129,49950,55545,804,3780,49147,4680
"PUNJAB","GUJRANWALA","HAFIZABAD","HAFIZABAD","TEHSIL","URBAN",52029,45807,50863,437,729,45106,1440
"PUNJAB","GUJRANWALA","HAFIZABAD","PINDI BHATTIAN","TEHSIL","OVERALL",85048,62156,70521,2083,12444,60748,14203
"PUNJAB","GUJRANWALA","HAFIZABAD","PINDI BHATTIAN","TEHSIL","RURAL",60129,40615,47439,1168,11522,39777,12624
"PUNJAB","GUJRANWALA","HAFIZABAD","PINDI BHATTIAN","TEHSIL","URBAN",24919,21541,23082,915,922,20971,1579
NA,NA,"JHANG","-HAZARI","TEHSIL","OVERALL",56659,31618,42843,1277,12539,30378,14528
NA,NA,"JHANG","-HAZARI","TEHSIL","RURAL",51092,28357,38045,1260,11787,27288,13438
NA,NA,"JHANG","-HAZARI","TEHSIL","URBAN",5567,3261,4798,17,752,3090,1090
"PUNJAB","FAISALABAD","JHANG","AHMADPUR SIAL","TEHSIL","OVERALL",77488,42116,56305,2523,18660,39913,22014
"PUNJAB","FAISALABAD","JHANG","AHMADPUR SIAL","TEHSIL","RURAL",63820,32437,44955,1372,17493,30485,20444
"PUNJAB","FAISALABAD","JHANG","AHMADPUR SIAL","TEHSIL","URBAN",13668,9679,11350,1151,1167,9428,1570
"PUNJAB","FAISALABAD","JHANG","JHANG","TEHSIL","OVERALL",264032,168466,205620,6909,51503,167140,53676
"PUNJAB","FAISALABAD","JHANG","JHANG","TEHSIL","RURAL",160731,85923,107486,5966,47279,84984,48939
"PUNJAB","FAISALABAD","JHANG","JHANG","TEHSIL","URBAN",103301,82543,98134,943,4224,82156,4737
"PUNJAB","FAISALABAD","JHANG","SHORKOT","TEHSIL","OVERALL",93820,60064,72246,1974,19600,58162,22261
"PUNJAB","FAISALABAD","JHANG","SHORKOT","TEHSIL","RURAL",82498,49845,61235,1894,19369,48193,21776
"PUNJAB","FAISALABAD","JHANG","SHORKOT","TEHSIL","URBAN",11322,10219,11011,80,231,9969,485
"PUNJAB","RAWALPINDI","JHELUM","DINA","TEHSIL","OVERALL",44385,39407,42300,1024,1061,39364,1150
"PUNJAB","RAWALPINDI","JHELUM","DINA","TEHSIL","RURAL",27616,24210,25950,794,872,24232,884
"PUNJAB","RAWALPINDI","JHELUM","DINA","TEHSIL","URBAN",16769,15197,16350,230,189,15132,266
"PUNJAB","RAWALPINDI","JHELUM","JHELUM","TEHSIL","OVERALL",83046,72560,78275,1238,3533,72549,3613
"PUNJAB","RAWALPINDI","JHELUM","JHELUM","TEHSIL","RURAL",31096,25320,27604,718,2774,25799,2298
"PUNJAB","RAWALPINDI","JHELUM","JHELUM","TEHSIL","URBAN",51950,47240,50671,520,759,46750,1315
"PUNJAB","RAWALPINDI","JHELUM","PIND DADAN KHAN","TEHSIL","OVERALL",63599,51039,56875,1182,5542,51388,5290
"PUNJAB","RAWALPINDI","JHELUM","PIND DADAN KHAN","TEHSIL","RURAL",52234,41497,46089,984,5161,42241,4442
"PUNJAB","RAWALPINDI","JHELUM","PIND DADAN KHAN","TEHSIL","URBAN",11365,9542,10786,198,381,9147,848
"PUNJAB","RAWALPINDI","JHELUM","SOHAWA","TEHSIL","OVERALL",38034,33692,34535,937,2562,32760,3676
"PUNJAB","RAWALPINDI","JHELUM","SOHAWA","TEHSIL","RURAL",27892,24228,24718,844,2330,23862,2797
"PUNJAB","RAWALPINDI","JHELUM","SOHAWA","TEHSIL","URBAN",10142,9464,9817,93,232,8898,879
"PUNJAB","LAHORE","KASUR","CHUNIAN","TEHSIL","OVERALL",158898,107017,148531,1668,8699,102219,15236
"PUNJAB","LAHORE","KASUR","CHUNIAN","TEHSIL","RURAL",124649,80831,115396,1339,7914,77140,13138
"PUNJAB","LAHORE","KASUR","CHUNIAN","TEHSIL","URBAN",34249,26186,33135,329,785,25079,2098
"PUNJAB","LAHORE","KASUR","KASUR","TEHSIL","OVERALL",253446,177245,238317,3390,11739,167850,24206
"PUNJAB","LAHORE","KASUR","KASUR","TEHSIL","RURAL",138105,91748,127271,2184,8650,87133,15023
"PUNJAB","LAHORE","KASUR","KASUR","TEHSIL","URBAN",115341,85497,111046,1206,3089,80717,9183
"PUNJAB","LAHORE","KASUR","KOT RADHA KISHAN","TEHSIL","OVERALL",61054,46295,55977,1773,3304,45213,4911
"PUNJAB","LAHORE","KASUR","KOT RADHA KISHAN","TEHSIL","RURAL",45584,32985,41163,1357,3064,31993,4539
"PUNJAB","LAHORE","KASUR","KOT RADHA KISHAN","TEHSIL","URBAN",15470,13310,14814,416,240,13220,372
"PUNJAB","LAHORE","KASUR","PATTOKI","TEHSIL","OVERALL",171910,118599,160278,2319,9313,111756,18724
"PUNJAB","LAHORE","KASUR","PATTOKI","TEHSIL","RURAL",134706,89921,123978,2066,8662,84395,16229
"PUNJAB","LAHORE","KASUR","PATTOKI","TEHSIL","URBAN",37204,28678,36300,253,651,27361,2495
"PUNJAB","MULTAN","KHANEWAL","JAHANIAN","TEHSIL","OVERALL",61153,47661,56352,1245,3556,45606,5904
"PUNJAB","MULTAN","KHANEWAL","JAHANIAN","TEHSIL","RURAL",52940,40598,48325,1192,3423,38715,5583
"PUNJAB","MULTAN","KHANEWAL","JAHANIAN","TEHSIL","URBAN",8213,7063,8027,53,133,6891,321
"PUNJAB","MULTAN","KHANEWAL","KABIRWALA","TEHSIL","OVERALL",167410,109652,135632,4010,27768,104049,35569
"PUNJAB","MULTAN","KHANEWAL","KABIRWALA","TEHSIL","RURAL",140146,86165,109616,3803,26727,81284,33632
"PUNJAB","MULTAN","KHANEWAL","KABIRWALA","TEHSIL","URBAN",27264,23487,26016,207,1041,22765,1937
"PUNJAB","MULTAN","KHANEWAL","KHANEWAL","TEHSIL","OVERALL",152102,120057,138386,4386,9330,115108,15250
"PUNJAB","MULTAN","KHANEWAL","KHANEWAL","TEHSIL","RURAL",101738,76978,89490,3619,8629,73664,12587
"PUNJAB","MULTAN","KHANEWAL","KHANEWAL","TEHSIL","URBAN",50364,43079,48896,767,701,41444,2663
"PUNJAB","MULTAN","KHANEWAL","MIAN CHANNU","TEHSIL","OVERALL",145531,106564,131587,2492,11452,101292,18336
"PUNJAB","MULTAN","KHANEWAL","MIAN CHANNU","TEHSIL","RURAL",115495,81773,102281,2299,10915,77238,16742
"PUNJAB","MULTAN","KHANEWAL","MIAN CHANNU","TEHSIL","URBAN",30036,24791,29306,193,537,24054,1594
"PUNJAB","SARGODHA","KHUSHAB","KHUSHAB","TEHSIL","OVERALL",132388,98530,113670,3487,15231,95566,18220
"PUNJAB","SARGODHA","KHUSHAB","KHUSHAB","TEHSIL","RURAL",74820,50686,58886,2829,13105,48891,14805
"PUNJAB","SARGODHA","KHUSHAB","KHUSHAB","TEHSIL","URBAN",57568,47844,54784,658,2126,46675,3415
"PUNJAB","SARGODHA","KHUSHAB","NOOR PUR","TEHSIL","OVERALL",51109,27708,35498,245,15366,26654,16366
"PUNJAB","SARGODHA","KHUSHAB","NOOR PUR","TEHSIL","RURAL",47470,25277,32038,223,15209,24350,16045
"PUNJAB","SARGODHA","KHUSHAB","NOOR PUR","TEHSIL","URBAN",3639,2431,3460,22,157,2304,321
"PUNJAB","SARGODHA","KHUSHAB","NOWSHERA","TEHSIL","OVERALL",22280,19100,19423,1234,1623,18640,2114
"PUNJAB","SARGODHA","KHUSHAB","NOWSHERA","TEHSIL","RURAL",19128,16323,16410,1199,1519,15851,2021
"PUNJAB","SARGODHA","KHUSHAB","NOWSHERA","TEHSIL","URBAN",3152,2777,3013,35,104,2789,93
"PUNJAB","SARGODHA","KHUSHAB","QUAIDABAD","TEHSIL","OVERALL",42527,29784,34912,998,6617,29588,6811
"PUNJAB","SARGODHA","KHUSHAB","QUAIDABAD","TEHSIL","RURAL",39165,26809,31704,951,6510,26559,6762
"PUNJAB","SARGODHA","KHUSHAB","QUAIDABAD","TEHSIL","URBAN",3362,2975,3208,47,107,3029,49
"PUNJAB","LAHORE","LAHORE","LAHORE CANTT","TEHSIL","OVERALL",296525,245580,285539,6714,4272,243139,7469
"PUNJAB","LAHORE","LAHORE","LAHORE CANTT","TEHSIL","RURAL",NA,NA,NA,NA,NA,NA,NA
"PUNJAB","LAHORE","LAHORE","LAHORE CANTT","TEHSIL","URBAN",296525,245580,285539,6714,4272,243139,7469
"PUNJAB","LAHORE","LAHORE","LAHORE CITY","TEHSIL","OVERALL",628597,525194,601797,17174,9626,507674,28312
"PUNJAB","LAHORE","LAHORE","LAHORE CITY","TEHSIL","RURAL",NA,NA,NA,NA,NA,NA,NA
"PUNJAB","LAHORE","LAHORE","LAHORE CITY","TEHSIL","URBAN",628597,525194,601797,17174,9626,507674,28312
"PUNJAB","LAHORE","LAHORE","MODEL TOWN","TEHSIL","OVERALL",492344,405000,466399,15279,10666,396166,21406
"PUNJAB","LAHORE","LAHORE","MODEL TOWN","TEHSIL","RURAL",NA,NA,NA,NA,NA,NA,NA
"PUNJAB","LAHORE","LAHORE","MODEL TOWN","TEHSIL","URBAN",492344,405000,466399,15279,10666,396166,21406
"PUNJAB","LAHORE","LAHORE","RAIWIND","TEHSIL","OVERALL",170679,141688,159959,5747,4973,138411,8991
"PUNJAB","LAHORE","LAHORE","RAIWIND","TEHSIL","RURAL",NA,NA,NA,NA,NA,NA,NA
"PUNJAB","LAHORE","LAHORE","RAIWIND","TEHSIL","URBAN",170679,141688,159959,5747,4973,138411,8991
"PUNJAB","LAHORE","LAHORE","SHALIMAR","TEHSIL","OVERALL",422080,361358,407352,7562,7166,351175,17543
"PUNJAB","LAHORE","LAHORE","SHALIMAR","TEHSIL","RURAL",NA,NA,NA,NA,NA,NA,NA
"PUNJAB","LAHORE","LAHORE","SHALIMAR","TEHSIL","URBAN",422080,361358,407352,7562,7166,351175,17543
"PUNJAB","DERA GHAZI KHAN","LAYYAH","CHOUBARA","TEHSIL","OVERALL",44032,24821,30601,576,12855,24478,13524
"PUNJAB","DERA GHAZI KHAN","LAYYAH","CHOUBARA","TEHSIL","RURAL",35400,18787,23452,524,11424,18601,11830
"PUNJAB","DERA GHAZI KHAN","LAYYAH","CHOUBARA","TEHSIL","URBAN",8632,6034,7149,52,1431,5877,1694
"PUNJAB","DERA GHAZI KHAN","LAYYAH","KAROR LAL ESAN","TEHSIL","OVERALL",109766,74553,99458,1295,9013,68899,17059
"PUNJAB","DERA GHAZI KHAN","LAYYAH","KAROR LAL ESAN","TEHSIL","RURAL",95119,61668,85210,1233,8676,56779,15903
"PUNJAB","DERA GHAZI KHAN","LAYYAH","KAROR LAL ESAN","TEHSIL","URBAN",14647,12885,14248,62,337,12120,1156
"PUNJAB","DERA GHAZI KHAN","LAYYAH","LAYYAH","TEHSIL","OVERALL",187333,124702,163983,4511,18839,109216,41181
"PUNJAB","DERA GHAZI KHAN","LAYYAH","LAYYAH","TEHSIL","RURAL",146807,90513,124654,3979,18174,76572,38812
"PUNJAB","DERA GHAZI KHAN","LAYYAH","LAYYAH","TEHSIL","URBAN",40526,34189,39329,532,665,32644,2369
"PUNJAB","MULTAN","LODHRAN","DUNYAPUR","TEHSIL","OVERALL",91308,63543,79659,1697,9952,58520,16279
"PUNJAB","MULTAN","LODHRAN","DUNYAPUR","TEHSIL","RURAL",82769,56333,71394,1571,9804,51501,15921
"PUNJAB","MULTAN","LODHRAN","DUNYAPUR","TEHSIL","URBAN",8539,7210,8265,126,148,7019,358
"PUNJAB","MULTAN","LODHRAN","KAHROR PACCA","TEHSIL","OVERALL",104524,53272,88498,1677,14349,50249,20202
"PUNJAB","MULTAN","LODHRAN","KAHROR PACCA","TEHSIL","RURAL",80122,38038,65193,1258,13671,35678,18292
"PUNJAB","MULTAN","LODHRAN","KAHROR PACCA","TEHSIL","URBAN",24402,15234,23305,419,678,14571,1910
"PUNJAB","MULTAN","LODHRAN","LODHRAN","TEHSIL","OVERALL",128034,89864,109610,3990,14434,83745,21977
"PUNJAB","MULTAN","LODHRAN","LODHRAN","TEHSIL","RURAL",104162,70727,86137,3864,14161,64921,21370
"PUNJAB","MULTAN","LODHRAN","LODHRAN","TEHSIL","URBAN",23872,19137,23473,126,273,18824,607
"PUNJAB","GUJRANWALA","MANDI BAHAUDDIN","MALAKWAL","TEHSIL","OVERALL",68852,50623,58490,700,9662,51107,9249
"PUNJAB","GUJRANWALA","MANDI BAHAUDDIN","MALAKWAL","TEHSIL","RURAL",60096,42846,50015,652,9429,43423,8927
"PUNJAB","GUJRANWALA","MANDI BAHAUDDIN","MALAKWAL","TEHSIL","URBAN",8756,7777,8475,48,233,7684,322
"PUNJAB","GUJRANWALA","MANDI BAHAUDDIN","MANDI BAHAUDDIN","TEHSIL","OVERALL",117780,97135,104967,4346,8467,96957,9185
"PUNJAB","GUJRANWALA","MANDI BAHAUDDIN","MANDI BAHAUDDIN","TEHSIL","RURAL",80977,64918,69160,3978,7839,64940,8114
"PUNJAB","GUJRANWALA","MANDI BAHAUDDIN","MANDI BAHAUDDIN","TEHSIL","URBAN",36803,32217,35807,368,628,32017,1071
"PUNJAB","GUJRANWALA","MANDI BAHAUDDIN","PHALIA","TEHSIL","OVERALL",99357,76506,84948,1695,12714,77542,11626
"PUNJAB","GUJRANWALA","MANDI BAHAUDDIN","PHALIA","TEHSIL","RURAL",89499,67483,75348,1647,12504,68496,11425
"PUNJAB","GUJRANWALA","MANDI BAHAUDDIN","PHALIA","TEHSIL","URBAN",9858,9023,9600,48,210,9046,201
"PUNJAB","SARGODHA","MIANWALI","ISAKHEL","TEHSIL","OVERALL",66271,43201,54778,3588,7905,43124,8880
"PUNJAB","SARGODHA","MIANWALI","ISAKHEL","TEHSIL","RURAL",50370,30581,40008,3155,7207,30863,7639
"PUNJAB","SARGODHA","MIANWALI","ISAKHEL","TEHSIL","URBAN",15901,12620,14770,433,698,12261,1241
"PUNJAB","SARGODHA","MIANWALI","MIANWALI","TEHSIL","OVERALL",154194,110011,137915,5219,11060,108420,13210
"PUNJAB","SARGODHA","MIANWALI","MIANWALI","TEHSIL","RURAL",123792,87321,108029,4989,10774,86064,12442
"PUNJAB","SARGODHA","MIANWALI","MIANWALI","TEHSIL","URBAN",30402,22690,29886,230,286,22356,768
"PUNJAB","SARGODHA","MIANWALI","PIPLAN","TEHSIL","OVERALL",75874,54451,66561,2073,7240,53224,9188
"PUNJAB","SARGODHA","MIANWALI","PIPLAN","TEHSIL","RURAL",58031,39898,49197,1983,6851,38785,8662
"PUNJAB","SARGODHA","MIANWALI","PIPLAN","TEHSIL","URBAN",17843,14553,17364,90,389,14439,526
"PUNJAB","MULTAN","MULTAN","JALALPUR PIRWALA","TEHSIL","OVERALL",104883,53166,78814,2040,24029,44181,38475
"PUNJAB","MULTAN","MULTAN","JALALPUR PIRWALA","TEHSIL","RURAL",89879,41701,64886,1902,23091,33505,36498
"PUNJAB","MULTAN","MULTAN","JALALPUR PIRWALA","TEHSIL","URBAN",15004,11465,13928,138,938,10676,1977
"PUNJAB","MULTAN","MULTAN","MULTAN CITY","TEHSIL","OVERALL",416791,350879,404638,6740,5413,337762,20001
"PUNJAB","MULTAN","MULTAN","MULTAN CITY","TEHSIL","RURAL",63726,52845,60635,1228,1863,49896,5336
"PUNJAB","MULTAN","MULTAN","MULTAN CITY","TEHSIL","URBAN",353065,298034,344003,5512,3550,287866,14665
"PUNJAB","MULTAN","MULTAN","MULTAN SADDAR","TEHSIL","OVERALL",250073,169303,218835,5635,25603,158564,39858
"PUNJAB","MULTAN","MULTAN","MULTAN SADDAR","TEHSIL","RURAL",235016,157323,204173,5493,25350,146810,39285
"PUNJAB","MULTAN","MULTAN","MULTAN SADDAR","TEHSIL","URBAN",15057,11980,14662,142,253,11754,573
"PUNJAB","MULTAN","MULTAN","SHUJABAD","TEHSIL","OVERALL",114645,64696,92803,3485,18357,57531,29540
"PUNJAB","MULTAN","MULTAN","SHUJABAD","TEHSIL","RURAL",88127,46435,67921,3108,17098,40549,26281
"PUNJAB","MULTAN","MULTAN","SHUJABAD","TEHSIL","URBAN",26518,18261,24882,377,1259,16982,3259
"PUNJAB","DERA GHAZI KHAN","MUZAFFARGARH","ALIPUR","TEHSIL","OVERALL",110102,59823,82332,2762,25008,46639,44608
"PUNJAB","DERA GHAZI KHAN","MUZAFFARGARH","ALIPUR","TEHSIL","RURAL",84074,40302,59117,2033,22924,29665,39171
"PUNJAB","DERA GHAZI KHAN","MUZAFFARGARH","ALIPUR","TEHSIL","URBAN",26028,19521,23215,729,2084,16974,5437
NA,NA,"MUZAFFARGARH","CHOWK SARWAR SHAHEED","TEHSIL","OVERALL",66170,43159,54897,1041,10232,39723,15261
NA,NA,"MUZAFFARGARH","CHOWK SARWAR SHAHEED","TEHSIL","RURAL",55566,33933,44543,980,10043,30803,14736
NA,NA,"MUZAFFARGARH","CHOWK SARWAR SHAHEED","TEHSIL","URBAN",10604,9226,10354,61,189,8920,525
"PUNJAB","DERA GHAZI KHAN","MUZAFFARGARH","JATOI","TEHSIL","OVERALL",137645,61311,91720,2635,43290,49298,62999
"PUNJAB","DERA GHAZI KHAN","MUZAFFARGARH","JATOI","TEHSIL","RURAL",101586,40849,62251,2282,37053,30841,53150
"PUNJAB","DERA GHAZI KHAN","MUZAFFARGARH","JATOI","TEHSIL","URBAN",36059,20462,29469,353,6237,18457,9849
"PUNJAB","DERA GHAZI KHAN","MUZAFFARGARH","KOT ADDU","TEHSIL","OVERALL",185342,114879,157890,4263,23189,97631,49600
"PUNJAB","DERA GHAZI KHAN","MUZAFFARGARH","KOT ADDU","TEHSIL","RURAL",146836,86527,120496,3917,22423,70710,46924
"PUNJAB","DERA GHAZI KHAN","MUZAFFARGARH","KOT ADDU","TEHSIL","URBAN",38506,28352,37394,346,766,26921,2676
"PUNJAB","DERA GHAZI KHAN","MUZAFFARGARH","MUZAFFARGARH","TEHSIL","OVERALL",305179,166181,225047,11920,68212,140265,106926
"PUNJAB","DERA GHAZI KHAN","MUZAFFARGARH","MUZAFFARGARH","TEHSIL","RURAL",264551,132147,186007,11479,67065,107469,104499
"PUNJAB","DERA GHAZI KHAN","MUZAFFARGARH","MUZAFFARGARH","TEHSIL","URBAN",40628,34034,39040,441,1147,32796,2427
"PUNJAB","LAHORE","NANKANA SAHIB","NANKANA SAHIB","TEHSIL","OVERALL",160419,115246,140221,3293,16905,110751,22775
"PUNJAB","LAHORE","NANKANA SAHIB","NANKANA SAHIB","TEHSIL","RURAL",139908,97679,119950,3193,16765,93497,22280
"PUNJAB","LAHORE","NANKANA SAHIB","NANKANA SAHIB","TEHSIL","URBAN",20511,17567,20271,100,140,17254,495
"PUNJAB","LAHORE","NANKANA SAHIB","SANGLA HILL","TEHSIL","OVERALL",41181,32864,39768,204,1209,32767,1379
"PUNJAB","LAHORE","NANKANA SAHIB","SANGLA HILL","TEHSIL","RURAL",25087,19400,23975,147,965,19471,926
"PUNJAB","LAHORE","NANKANA SAHIB","SANGLA HILL","TEHSIL","URBAN",16094,13464,15793,57,244,13296,453
"PUNJAB","LAHORE","NANKANA SAHIB","SHAH KOT","TEHSIL","OVERALL",45356,38691,42968,528,1860,38496,2102
"PUNJAB","LAHORE","NANKANA SAHIB","SHAH KOT","TEHSIL","RURAL",31174,26398,29478,356,1340,26331,1439
"PUNJAB","LAHORE","NANKANA SAHIB","SHAH KOT","TEHSIL","URBAN",14182,12293,13490,172,520,12165,663
"PUNJAB","GUJRANWALA","NAROWAL","NAROWAL","TEHSIL","OVERALL",100371,84594,97286,715,2370,83043,4278
"PUNJAB","GUJRANWALA","NAROWAL","NAROWAL","TEHSIL","RURAL",73856,61791,71297,602,1957,60211,3863
"PUNJAB","GUJRANWALA","NAROWAL","NAROWAL","TEHSIL","URBAN",26515,22803,25989,113,413,22832,415
"PUNJAB","GUJRANWALA","NAROWAL","SHAKARGARH","TEHSIL","OVERALL",108734,92944,99990,2055,6689,91392,8625
"PUNJAB","GUJRANWALA","NAROWAL","SHAKARGARH","TEHSIL","RURAL",89118,75112,81660,1686,5772,73722,7529
"PUNJAB","GUJRANWALA","NAROWAL","SHAKARGARH","TEHSIL","URBAN",19616,17832,18330,369,917,17670,1096
"PUNJAB","GUJRANWALA","NAROWAL","ZAFARWAL","TEHSIL","OVERALL",72431,61350,67746,1244,3441,58109,7138
"PUNJAB","GUJRANWALA","NAROWAL","ZAFARWAL","TEHSIL","RURAL",64256,53983,59723,1207,3326,50694,7051
"PUNJAB","GUJRANWALA","NAROWAL","ZAFARWAL","TEHSIL","URBAN",8175,7367,8023,37,115,7415,87
"PUNJAB","SAHIWAL","OKARA","DEPALPUR","TEHSIL","OVERALL",254479,185875,224318,4430,25731,174071,40678
"PUNJAB","SAHIWAL","OKARA","DEPALPUR","TEHSIL","RURAL",179234,122918,152085,3811,23338,114827,33907
"PUNJAB","SAHIWAL","OKARA","DEPALPUR","TEHSIL","URBAN",75245,62957,72233,619,2393,59244,6771
"PUNJAB","SAHIWAL","OKARA","OKARA","TEHSIL","OVERALL",216075,158516,192634,3887,19554,151962,27178
"PUNJAB","SAHIWAL","OKARA","OKARA","TEHSIL","RURAL",117278,77259,96922,2467,17889,72788,23191
"PUNJAB","SAHIWAL","OKARA","OKARA","TEHSIL","URBAN",98797,81257,95712,1420,1665,79174,3987
"PUNJAB","SAHIWAL","OKARA","RENALA KHURD","TEHSIL","OVERALL",79170,58668,73497,905,4768,56439,7751
"PUNJAB","SAHIWAL","OKARA","RENALA KHURD","TEHSIL","RURAL",64134,46208,58755,769,4610,43981,7469
"PUNJAB","SAHIWAL","OKARA","RENALA KHURD","TEHSIL","URBAN",15036,12460,14742,136,158,12458,282
"PUNJAB","SAHIWAL","PAKPATTAN","ARIF WALA","TEHSIL","OVERALL",160886,111229,137972,3729,19185,101529,31406
"PUNJAB","SAHIWAL","PAKPATTAN","ARIF WALA","TEHSIL","RURAL",127151,85134,105836,3448,17867,78119,26997
"PUNJAB","SAHIWAL","PAKPATTAN","ARIF WALA","TEHSIL","URBAN",33735,26095,32136,281,1318,23410,4409
"PUNJAB","SAHIWAL","PAKPATTAN","PAKPATTAN","TEHSIL","OVERALL",183660,121453,157010,4163,22487,111631,35644
"PUNJAB","SAHIWAL","PAKPATTAN","PAKPATTAN","TEHSIL","RURAL",140265,86642,115327,3953,20985,79102,31274
"PUNJAB","SAHIWAL","PAKPATTAN","PAKPATTAN","TEHSIL","URBAN",43395,34811,41683,210,1502,32529,4370
"PUNJAB","BAHAWALPUR","RAHIM YAR KHAN","KHANPUR","TEHSIL","OVERALL",170828,118617,144207,4682,21939,99153,47655
"PUNJAB","BAHAWALPUR","RAHIM YAR KHAN","KHANPUR","TEHSIL","RURAL",122933,79387,98457,4375,20101,63836,41116
"PUNJAB","BAHAWALPUR","RAHIM YAR KHAN","KHANPUR","TEHSIL","URBAN",47895,39230,45750,307,1838,35317,6539
"PUNJAB","BAHAWALPUR","RAHIM YAR KHAN","LIAQUAT PUR","TEHSIL","OVERALL",177831,118227,140292,4151,33388,94775,64011
"PUNJAB","BAHAWALPUR","RAHIM YAR KHAN","LIAQUAT PUR","TEHSIL","RURAL",162235,105639,125647,3944,32644,83633,61426
"PUNJAB","BAHAWALPUR","RAHIM YAR KHAN","LIAQUAT PUR","TEHSIL","URBAN",15596,12588,14645,207,744,11142,2585
"PUNJAB","BAHAWALPUR","RAHIM YAR KHAN","RAHIM YAR KHAN","TEHSIL","OVERALL",266856,196145,232347,6257,28252,174211,56261
"PUNJAB","BAHAWALPUR","RAHIM YAR KHAN","RAHIM YAR KHAN","TEHSIL","RURAL",172658,113494,140677,5015,26966,95594,50491
"PUNJAB","BAHAWALPUR","RAHIM YAR KHAN","RAHIM YAR KHAN","TEHSIL","URBAN",94198,82651,91670,1242,1286,78617,5770
"PUNJAB","BAHAWALPUR","RAHIM YAR KHAN","SADIQABAD","TEHSIL","OVERALL",211427,130130,168561,8784,34082,114465,56161
"PUNJAB","BAHAWALPUR","RAHIM YAR KHAN","SADIQABAD","TEHSIL","RURAL",159256,87011,117770,8362,33124,74858,51242
"PUNJAB","BAHAWALPUR","RAHIM YAR KHAN","SADIQABAD","TEHSIL","URBAN",52171,43119,50791,422,958,39607,4919
"PUNJAB","DERA GHAZI KHAN","RAJANPUR","RAJANPUR","DE-EXCLUDED_AREA","OVERALL",6438,166,209,63,6166,208,6108
"PUNJAB","DERA GHAZI KHAN","RAJANPUR","RAJANPUR","DE-EXCLUDED_AREA","RURAL",6438,166,209,63,6166,208,6108
"PUNJAB","DERA GHAZI KHAN","RAJANPUR","RAJANPUR","DE-EXCLUDED_AREA","URBAN",NA,NA,NA,NA,NA,NA,NA
"PUNJAB","DERA GHAZI KHAN","RAJANPUR","JAMPUR","TEHSIL","OVERALL",150958,61947,91830,5997,53131,57839,59919
"PUNJAB","DERA GHAZI KHAN","RAJANPUR","JAMPUR","TEHSIL","RURAL",105245,31564,51123,5175,48947,29478,53479
"PUNJAB","DERA GHAZI KHAN","RAJANPUR","JAMPUR","TEHSIL","URBAN",45713,30383,40707,822,4184,28361,6440
"PUNJAB","DERA GHAZI KHAN","RAJANPUR","RAJANPUR","TEHSIL","OVERALL",129625,65035,88959,3942,36724,57424,48657
"PUNJAB","DERA GHAZI KHAN","RAJANPUR","RAJANPUR","TEHSIL","RURAL",81728,32570,46980,3284,31464,26125,41248
"PUNJAB","DERA GHAZI KHAN","RAJANPUR","RAJANPUR","TEHSIL","URBAN",47897,32465,41979,658,5260,31299,7409
"PUNJAB","DERA GHAZI KHAN","RAJANPUR","ROJHAN","TEHSIL","OVERALL",66995,12366,23810,5993,37192,11997,40191
"PUNJAB","DERA GHAZI KHAN","RAJANPUR","ROJHAN","TEHSIL","RURAL",64094,11171,20990,5953,37151,10846,40065
"PUNJAB","DERA GHAZI KHAN","RAJANPUR","ROJHAN","TEHSIL","URBAN",2901,1195,2820,40,41,1151,126
"PUNJAB","RAWALPINDI","RAWALPINDI","GUJAR KHAN","TEHSIL","OVERALL",130608,111385,118964,5801,5843,106752,11157
"PUNJAB","RAWALPINDI","RAWALPINDI","GUJAR KHAN","TEHSIL","RURAL",109488,92879,98473,5375,5640,88853,10284
"PUNJAB","RAWALPINDI","RAWALPINDI","GUJAR KHAN","TEHSIL","URBAN",21120,18506,20491,426,203,17899,873
"PUNJAB","RAWALPINDI","RAWALPINDI","KAHUTA","TEHSIL","OVERALL",43648,37745,40377,767,2504,33030,7725
"PUNJAB","RAWALPINDI","RAWALPINDI","KAHUTA","TEHSIL","RURAL",29920,25485,26966,516,2438,22672,5482
"PUNJAB","RAWALPINDI","RAWALPINDI","KAHUTA","TEHSIL","URBAN",13728,12260,13411,251,66,10358,2243
NA,NA,"RAWALPINDI","KALLAR SAYADDAN","TEHSIL","OVERALL",41620,37287,37641,1636,2343,34761,5051
NA,NA,"RAWALPINDI","KALLAR SAYADDAN","TEHSIL","RURAL",31447,27995,28008,1387,2052,26921,3157
NA,NA,"RAWALPINDI","KALLAR SAYADDAN","TEHSIL","URBAN",10173,9292,9633,249,291,7840,1894
"PUNJAB","RAWALPINDI","RAWALPINDI","KOTLI SATTIAN","TEHSIL","OVERALL",20907,17275,17407,1446,2054,15787,4016
"PUNJAB","RAWALPINDI","RAWALPINDI","KOTLI SATTIAN","TEHSIL","RURAL",16637,13776,13701,1186,1750,12971,2779
"PUNJAB","RAWALPINDI","RAWALPINDI","KOTLI SATTIAN","TEHSIL","URBAN",4270,3499,3706,260,304,2816,1237
"PUNJAB","RAWALPINDI","RAWALPINDI","MURREE","TEHSIL","OVERALL",45280,39096,42131,1051,2098,29466,12420
"PUNJAB","RAWALPINDI","RAWALPINDI","MURREE","TEHSIL","RURAL",41198,35872,38219,923,2056,26890,11714
"PUNJAB","RAWALPINDI","RAWALPINDI","MURREE","TEHSIL","URBAN",4082,3224,3912,128,42,2576,706
"PUNJAB","RAWALPINDI","RAWALPINDI","RAWALPINDI","TEHSIL","OVERALL",589748,514225,568480,13338,7930,495370,27031
"PUNJAB","RAWALPINDI","RAWALPINDI","RAWALPINDI","TEHSIL","RURAL",62208,54601,56705,2262,3241,54019,3966
"PUNJAB","RAWALPINDI","RAWALPINDI","RAWALPINDI","TEHSIL","URBAN",527540,459624,511775,11076,4689,441351,23065
"PUNJAB","RAWALPINDI","RAWALPINDI","TAXILA","TEHSIL","OVERALL",126189,114775,122903,2312,974,113808,1838
"PUNJAB","RAWALPINDI","RAWALPINDI","TAXILA","TEHSIL","RURAL",34364,30948,32283,1525,556,31029,549
"PUNJAB","RAWALPINDI","RAWALPINDI","TAXILA","TEHSIL","URBAN",91825,83827,90620,787,418,82779,1289
"PUNJAB","SAHIWAL","SAHIWAL","CHICHAWATNI","TEHSIL","OVERALL",176270,143387,159047,4070,13153,137679,19907
"PUNJAB","SAHIWAL","SAHIWAL","CHICHAWATNI","TEHSIL","RURAL",158484,127709,141637,3909,12938,122173,19517
"PUNJAB","SAHIWAL","SAHIWAL","CHICHAWATNI","TEHSIL","URBAN",17786,15678,17410,161,215,15506,390
"PUNJAB","SAHIWAL","SAHIWAL","SAHIWAL","TEHSIL","OVERALL",270336,199800,238059,4565,27712,192761,36599
"PUNJAB","SAHIWAL","SAHIWAL","SAHIWAL","TEHSIL","RURAL",165964,113659,137213,3226,25525,109433,31257
"PUNJAB","SAHIWAL","SAHIWAL","SAHIWAL","TEHSIL","URBAN",104372,86141,100846,1339,2187,83328,5342
"PUNJAB","SARGODHA","SARGODHA","BHALWAL","TEHSIL","OVERALL",67654,48702,60618,401,6635,49459,5646
"PUNJAB","SARGODHA","SARGODHA","BHALWAL","TEHSIL","RURAL",41882,27587,35187,338,6357,28784,4919
"PUNJAB","SARGODHA","SARGODHA","BHALWAL","TEHSIL","URBAN",25772,21115,25431,63,278,20675,727
"PUNJAB","SARGODHA","SARGODHA","BHERA","TEHSIL","OVERALL",64910,40916,51820,1882,11208,39111,13735
"PUNJAB","SARGODHA","SARGODHA","BHERA","TEHSIL","RURAL",45823,26207,33689,1582,10552,24904,12524
"PUNJAB","SARGODHA","SARGODHA","BHERA","TEHSIL","URBAN",19087,14709,18131,300,656,14207,1211
"PUNJAB","SARGODHA","SARGODHA","KOT MOMIN","TEHSIL","OVERALL",79456,43059,49220,2902,27334,42096,28725
"PUNJAB","SARGODHA","SARGODHA","KOT MOMIN","TEHSIL","RURAL",69894,35714,41119,2411,26364,35069,27350
"PUNJAB","SARGODHA","SARGODHA","KOT MOMIN","TEHSIL","URBAN",9562,7345,8101,491,970,7027,1375
"PUNJAB","SARGODHA","SARGODHA","SAHIWAL","TEHSIL","OVERALL",62790,43691,54423,478,7889,42744,9172
"PUNJAB","SARGODHA","SARGODHA","SAHIWAL","TEHSIL","RURAL",47812,31673,39738,402,7672,30792,8852
"PUNJAB","SARGODHA","SARGODHA","SAHIWAL","TEHSIL","URBAN",14978,12018,14685,76,217,11952,320
"PUNJAB","SARGODHA","SARGODHA","SARGODHA","TEHSIL","OVERALL",280479,211319,254034,4949,21496,207771,26192
"PUNJAB","SARGODHA","SARGODHA","SARGODHA","TEHSIL","RURAL",113598,76011,95210,2362,16026,74692,18072
"PUNJAB","SARGODHA","SARGODHA","SARGODHA","TEHSIL","URBAN",166881,135308,158824,2587,5470,133079,8120
"PUNJAB","SARGODHA","SARGODHA","SHAHPUR","TEHSIL","OVERALL",70184,42833,58583,1645,9956,42674,10410
"PUNJAB","SARGODHA","SARGODHA","SHAHPUR","TEHSIL","RURAL",54215,31471,43608,1481,9126,31502,9197
"PUNJAB","SARGODHA","SARGODHA","SHAHPUR","TEHSIL","URBAN",15969,11362,14975,164,830,11172,1213
"PUNJAB","SARGODHA","SARGODHA","SILLANWALI","TEHSIL","OVERALL",58848,41461,49934,761,8153,40389,9424
"PUNJAB","SARGODHA","SARGODHA","SILLANWALI","TEHSIL","RURAL",51752,34897,42968,748,8036,33833,9285
"PUNJAB","SARGODHA","SARGODHA","SILLANWALI","TEHSIL","URBAN",7096,6564,6966,13,117,6556,139
"PUNJAB","LAHORE","SHEIKHUPURA","FEROZEWALA","TEHSIL","OVERALL",144449,120328,139520,2606,2323,118733,4637
"PUNJAB","LAHORE","SHEIKHUPURA","FEROZEWALA","TEHSIL","RURAL",95343,77683,91906,1640,1797,76701,3559
"PUNJAB","LAHORE","SHEIKHUPURA","FEROZEWALA","TEHSIL","URBAN",49106,42645,47614,966,526,42032,1078
"PUNJAB","LAHORE","SHEIKHUPURA","MURIDKE","TEHSIL","OVERALL",102033,84708,99360,1074,1599,82356,4249
"PUNJAB","LAHORE","SHEIKHUPURA","MURIDKE","TEHSIL","RURAL",55268,44663,53266,701,1301,42911,3504
"PUNJAB","LAHORE","SHEIKHUPURA","MURIDKE","TEHSIL","URBAN",46765,40045,46094,373,298,39445,745
"PUNJAB","LAHORE","SHEIKHUPURA","SAFDARABAD","TEHSIL","OVERALL",45522,36911,42622,1192,1708,35809,3160
"PUNJAB","LAHORE","SHEIKHUPURA","SAFDARABAD","TEHSIL","RURAL",32330,26106,29850,958,1522,25592,2168
"PUNJAB","LAHORE","SHEIKHUPURA","SAFDARABAD","TEHSIL","URBAN",13192,10805,12772,234,186,10217,992
"PUNJAB","LAHORE","SHEIKHUPURA","SHARAK PUR","TEHSIL","OVERALL",35648,28820,32879,834,1935,28097,2858
"PUNJAB","LAHORE","SHEIKHUPURA","SHARAK PUR","TEHSIL","RURAL",27825,21833,25182,769,1874,21136,2766
"PUNJAB","LAHORE","SHEIKHUPURA","SHARAK PUR","TEHSIL","URBAN",7823,6987,7697,65,61,6961,92
"PUNJAB","LAHORE","SHEIKHUPURA","SHEIKHUPURA","TEHSIL","OVERALL",265608,222797,255560,3993,6055,219699,9745
"PUNJAB","LAHORE","SHEIKHUPURA","SHEIKHUPURA","TEHSIL","RURAL",151380,123756,143606,2880,4894,121645,7501
"PUNJAB","LAHORE","SHEIKHUPURA","SHEIKHUPURA","TEHSIL","URBAN",114228,99041,111954,1113,1161,98054,2244
"PUNJAB","GUJRANWALA","SIALKOT","DASKA","TEHSIL","OVERALL",143666,122800,137421,2028,4217,121341,5815
"PUNJAB","GUJRANWALA","SIALKOT","DASKA","TEHSIL","RURAL",104824,88389,99537,1421,3866,87452,4881
"PUNJAB","GUJRANWALA","SIALKOT","DASKA","TEHSIL","URBAN",38842,34411,37884,607,351,33889,934
"PUNJAB","GUJRANWALA","SIALKOT","PASRUR","TEHSIL","OVERALL",139334,116820,131198,2001,6135,114781,8419
"PUNJAB","GUJRANWALA","SIALKOT","PASRUR","TEHSIL","RURAL",119326,99662,111997,1916,5413,97535,7929
"PUNJAB","GUJRANWALA","SIALKOT","PASRUR","TEHSIL","URBAN",20008,17158,19201,85,722,17246,490
"PUNJAB","GUJRANWALA","SIALKOT","SAMBRIAL","TEHSIL","OVERALL",71680,61332,68364,1417,1899,60763,2430
"PUNJAB","GUJRANWALA","SIALKOT","SAMBRIAL","TEHSIL","RURAL",48433,42085,45778,1149,1506,41533,2062
"PUNJAB","GUJRANWALA","SIALKOT","SAMBRIAL","TEHSIL","URBAN",23247,19247,22586,268,393,19230,368
"PUNJAB","GUJRANWALA","SIALKOT","SIALKOT","TEHSIL","OVERALL",316640,278369,307614,4845,4181,274508,8396
"PUNJAB","GUJRANWALA","SIALKOT","SIALKOT","TEHSIL","RURAL",173023,152579,167276,2763,2984,149862,5901
"PUNJAB","GUJRANWALA","SIALKOT","SIALKOT","TEHSIL","URBAN",143617,125790,140338,2082,1197,124646,2495
"PUNJAB","FAISALABAD","TOBA TEK SINGH","GOJRA","TEHSIL","OVERALL",114653,95376,108528,1575,4550,93279,7143
"PUNJAB","FAISALABAD","TOBA TEK SINGH","GOJRA","TEHSIL","RURAL",80848,66187,75714,919,4215,64984,5691
"PUNJAB","FAISALABAD","TOBA TEK SINGH","GOJRA","TEHSIL","URBAN",33805,29189,32814,656,335,28295,1452
"PUNJAB","FAISALABAD","TOBA TEK SINGH","KAMALIA","TEHSIL","OVERALL",67925,48353,55549,4265,8111,47177,9606
"PUNJAB","FAISALABAD","TOBA TEK SINGH","KAMALIA","TEHSIL","RURAL",40148,25547,29173,3372,7603,24772,8643
"PUNJAB","FAISALABAD","TOBA TEK SINGH","KAMALIA","TEHSIL","URBAN",27777,22806,26376,893,508,22405,963
"PUNJAB","FAISALABAD","TOBA TEK SINGH","PIRMAHAL","TEHSIL","OVERALL",77813,60020,68575,1980,7258,58961,9011
"PUNJAB","FAISALABAD","TOBA TEK SINGH","PIRMAHAL","TEHSIL","RURAL",67723,50981,58946,1645,7132,49887,8907
"PUNJAB","FAISALABAD","TOBA TEK SINGH","PIRMAHAL","TEHSIL","URBAN",10090,9039,9629,335,126,9074,104
"PUNJAB","FAISALABAD","TOBA TEK SINGH","TOBA TEK SINGH","TEHSIL","OVERALL",133505,111662,120497,3358,9650,110818,10704
"PUNJAB","FAISALABAD","TOBA TEK SINGH","TOBA TEK SINGH","TEHSIL","RURAL",113635,94130,101307,3204,9124,93640,9847
"PUNJAB","FAISALABAD","TOBA TEK SINGH","TOBA TEK SINGH","TEHSIL","URBAN",19870,17532,19190,154,526,17178,857
"PUNJAB","MULTAN","VEHARI","BUREWALA","TEHSIL","OVERALL",190350,149623,169896,5362,15092,146142,19197
"PUNJAB","MULTAN","VEHARI","BUREWALA","TEHSIL","RURAL",133186,100930,114411,4865,13910,99108,15940
"PUNJAB","MULTAN","VEHARI","BUREWALA","TEHSIL","URBAN",57164,48693,55485,497,1182,47034,3257
"PUNJAB","MULTAN","VEHARI","MAILSI","TEHSIL","OVERALL",177997,130867,155652,4500,17845,124468,25661
"PUNJAB","MULTAN","VEHARI","MAILSI","TEHSIL","RURAL",144266,103595,123838,3964,16464,98334,22972
"PUNJAB","MULTAN","VEHARI","MAILSI","TEHSIL","URBAN",33731,27272,31814,536,1381,26134,2689
"PUNJAB","MULTAN","VEHARI","VEHARI","TEHSIL","OVERALL",174689,128732,150898,5203,18588,123863,24928
"PUNJAB","MULTAN","VEHARI","VEHARI","TEHSIL","RURAL",141019,100131,118290,4944,17785,96558,22493
"PUNJAB","MULTAN","VEHARI","VEHARI","TEHSIL","URBAN",33670,28601,32608,259,803,27305,2435
"SINDH","HYDERABAD","BADIN","BADIN","TALUKA","OVERALL",100478,49536,37988,24687,37803,51123,36474
"SINDH","HYDERABAD","BADIN","BADIN","TALUKA","RURAL",72403,31854,17749,20954,33700,33833,31779
"SINDH","HYDERABAD","BADIN","BADIN","TALUKA","URBAN",28075,17682,20239,3733,4103,17290,4695
"SINDH","HYDERABAD","BADIN","GOLARCHI (S.F.RAHU)","TALUKA","OVERALL",72516,24451,20432,11049,41035,24903,40467
"SINDH","HYDERABAD","BADIN","GOLARCHI (S.F.RAHU)","TALUKA","RURAL",62169,18928,14980,9238,37951,19351,37628
"SINDH","HYDERABAD","BADIN","GOLARCHI (S.F.RAHU)","TALUKA","URBAN",10347,5523,5452,1811,3084,5552,2839
"SINDH","HYDERABAD","BADIN","MATLI","TALUKA","OVERALL",95264,34460,37062,12497,45705,33036,47961
"SINDH","HYDERABAD","BADIN","MATLI","TALUKA","RURAL",72924,22831,19634,11567,41723,23147,41526
"SINDH","HYDERABAD","BADIN","MATLI","TALUKA","URBAN",22340,11629,17428,930,3982,9889,6435
"SINDH","HYDERABAD","BADIN","TALHAR","TALUKA","OVERALL",39276,19309,12900,10774,15602,19678,15658
"SINDH","HYDERABAD","BADIN","TALHAR","TALUKA","RURAL",28732,13170,6953,9034,12745,13362,12899
"SINDH","HYDERABAD","BADIN","TALHAR","TALUKA","URBAN",10544,6139,5947,1740,2857,6316,2759
"SINDH","HYDERABAD","BADIN","TANDO BAGO","TALUKA","OVERALL",90358,22897,19368,11822,59168,24591,57139
"SINDH","HYDERABAD","BADIN","TANDO BAGO","TALUKA","RURAL",75721,17450,12204,9772,53745,18822,51984
"SINDH","HYDERABAD","BADIN","TANDO BAGO","TALUKA","URBAN",14637,5447,7164,2050,5423,5769,5155
"SINDH","HYDERABAD","DADU","DADU","TALUKA","OVERALL",96196,58972,80368,15287,541,43555,19617
"SINDH","HYDERABAD","DADU","DADU","TALUKA","RURAL",58994,34430,46487,12127,380,21288,16059
"SINDH","HYDERABAD","DADU","DADU","TALUKA","URBAN",37202,24542,33881,3160,161,22267,3558
"SINDH","HYDERABAD","DADU","JOHI","TALUKA","OVERALL",65519,44189,51800,12737,982,15430,34501
"SINDH","HYDERABAD","DADU","JOHI","TALUKA","RURAL",58268,41526,45968,11360,940,13451,32527
"SINDH","HYDERABAD","DADU","JOHI","TALUKA","URBAN",7251,2663,5832,1377,42,1979,1974
"SINDH","HYDERABAD","DADU","KHAIRPUR NATHAN SHAH","TALUKA","OVERALL",76844,58351,64710,11279,855,38706,22966
"SINDH","HYDERABAD","DADU","KHAIRPUR NATHAN SHAH","TALUKA","RURAL",59964,48717,48990,10385,589,30534,20122
"SINDH","HYDERABAD","DADU","KHAIRPUR NATHAN SHAH","TALUKA","URBAN",16880,9634,15720,894,266,8172,2844
"SINDH","HYDERABAD","DADU","MEHAR","TALUKA","OVERALL",101912,61768,78046,22906,960,39131,25907
"SINDH","HYDERABAD","DADU","MEHAR","TALUKA","RURAL",79381,52019,57217,21599,565,31701,23287
"SINDH","HYDERABAD","DADU","MEHAR","TALUKA","URBAN",22531,9749,20829,1307,395,7430,2620
"SINDH","SUKKUR","GHOTKI","DAHARKI","TALUKA","OVERALL",62056,16896,29762,3921,28373,15395,31906
"SINDH","SUKKUR","GHOTKI","DAHARKI","TALUKA","RURAL",45686,8857,14990,3388,27308,8297,28978
"SINDH","SUKKUR","GHOTKI","DAHARKI","TALUKA","URBAN",16370,8039,14772,533,1065,7098,2928
"SINDH","SUKKUR","GHOTKI","GHOTKI","TALUKA","OVERALL",100749,41795,69214,14062,17473,40937,20359
"SINDH","SUKKUR","GHOTKI","GHOTKI","TALUKA","RURAL",77059,29459,48180,13179,15700,28820,18225
"SINDH","SUKKUR","GHOTKI","GHOTKI","TALUKA","URBAN",23690,12336,21034,883,1773,12117,2134
"SINDH","SUKKUR","GHOTKI","KHANGARH","TALUKA","OVERALL",32258,6665,14749,3053,14456,6109,16679
"SINDH","SUKKUR","GHOTKI","KHANGARH","TALUKA","RURAL",25835,4526,10307,2752,12776,4386,14096
"SINDH","SUKKUR","GHOTKI","KHANGARH","TALUKA","URBAN",6423,2139,4442,301,1680,1723,2583
"SINDH","SUKKUR","GHOTKI","MIRPUR MATHELO","TALUKA","OVERALL",67869,23919,33029,7641,27199,21084,32390
"SINDH","SUKKUR","GHOTKI","MIRPUR MATHELO","TALUKA","RURAL",53674,16016,21247,5933,26494,13637,30692
"SINDH","SUKKUR","GHOTKI","MIRPUR MATHELO","TALUKA","URBAN",14195,7903,11782,1708,705,7447,1698
"SINDH","SUKKUR","GHOTKI","UBAURO","TALUKA","OVERALL",68114,20936,39616,4753,23745,19982,26215
"SINDH","SUKKUR","GHOTKI","UBAURO","TALUKA","RURAL",59266,16546,31318,4554,23394,15947,25230
"SINDH","SUKKUR","GHOTKI","UBAURO","TALUKA","URBAN",8848,4390,8298,199,351,4035,985
"SINDH","HYDERABAD","HYDERABAD","HYDERABAD CITY","TALUKA","OVERALL",138571,103096,132990,4794,787,101058,3075
"SINDH","HYDERABAD","HYDERABAD","HYDERABAD CITY","TALUKA","RURAL",NA,NA,NA,NA,NA,NA,NA
"SINDH","HYDERABAD","HYDERABAD","HYDERABAD CITY","TALUKA","URBAN",138571,103096,132990,4794,787,101058,3075
"SINDH","HYDERABAD","HYDERABAD","HYDERABAD","TALUKA","OVERALL",93742,52680,69084,10583,14075,39150,28255
"SINDH","HYDERABAD","HYDERABAD","HYDERABAD","TALUKA","RURAL",75495,40826,52341,10237,12917,29282,25368
"SINDH","HYDERABAD","HYDERABAD","HYDERABAD","TALUKA","URBAN",18247,11854,16743,346,1158,9868,2887
"SINDH","HYDERABAD","HYDERABAD","LATIFABAD","TALUKA","OVERALL",153348,108542,145513,5931,1904,103566,6608
"SINDH","HYDERABAD","HYDERABAD","LATIFABAD","TALUKA","RURAL",NA,NA,NA,NA,NA,NA,NA
"SINDH","HYDERABAD","HYDERABAD","LATIFABAD","TALUKA","URBAN",153348,108542,145513,5931,1904,103566,6608
"SINDH","HYDERABAD","HYDERABAD","QASIMABAD","TALUKA","OVERALL",62530,51548,56623,4811,1096,48844,3947
"SINDH","HYDERABAD","HYDERABAD","QASIMABAD","TALUKA","RURAL",NA,NA,NA,NA,NA,NA,NA
"SINDH","HYDERABAD","HYDERABAD","QASIMABAD","TALUKA","URBAN",62530,51548,56623,4811,1096,48844,3947
"SINDH","LARKANA","JACOBABAD","GARHI KHAIRO","TALUKA","OVERALL",30660,12639,12552,4912,13196,11866,14642
"SINDH","LARKANA","JACOBABAD","GARHI KHAIRO","TALUKA","RURAL",28111,11303,10317,4683,13111,10559,14527
"SINDH","LARKANA","JACOBABAD","GARHI KHAIRO","TALUKA","URBAN",2549,1336,2235,229,85,1307,115
"SINDH","LARKANA","JACOBABAD","JACOBABAD","TALUKA","OVERALL",68861,28382,43405,9333,16123,27493,18212
"SINDH","LARKANA","JACOBABAD","JACOBABAD","TALUKA","RURAL",35096,10560,12795,7457,14844,10587,15619
"SINDH","LARKANA","JACOBABAD","JACOBABAD","TALUKA","URBAN",33765,17822,30610,1876,1279,16906,2593
"SINDH","LARKANA","JACOBABAD","THUL","TALUKA","OVERALL",95535,41066,50292,17629,27614,40097,29170
"SINDH","LARKANA","JACOBABAD","THUL","TALUKA","RURAL",75519,29789,32637,16596,26286,28886,27802
"SINDH","LARKANA","JACOBABAD","THUL","TALUKA","URBAN",20016,11277,17655,1033,1328,11211,1368
"SINDH","HYDERABAD","JAMSHORO","KOTRI","TALUKA","OVERALL",86413,57506,70730,8746,6937,52607,12197
"SINDH","HYDERABAD","JAMSHORO","KOTRI","TALUKA","RURAL",20489,12374,11492,3622,5375,11219,6676
"SINDH","HYDERABAD","JAMSHORO","KOTRI","TALUKA","URBAN",65924,45132,59238,5124,1562,41388,5521
"SINDH","HYDERABAD","JAMSHORO","MANJHAND","TALUKA","OVERALL",31713,15725,17269,4390,10054,13625,12551
"SINDH","HYDERABAD","JAMSHORO","MANJHAND","TALUKA","RURAL",27063,12517,13253,3982,9828,10712,11834
"SINDH","HYDERABAD","JAMSHORO","MANJHAND","TALUKA","URBAN",4650,3208,4016,408,226,2913,717
"SINDH","HYDERABAD","JAMSHORO","SEHWAN","TALUKA","OVERALL",62229,36010,42849,9117,10263,30285,15727
"SINDH","HYDERABAD","JAMSHORO","SEHWAN","TALUKA","RURAL",40380,21805,23468,7380,9532,19112,12190
"SINDH","HYDERABAD","JAMSHORO","SEHWAN","TALUKA","URBAN",21849,14205,19381,1737,731,11173,3537
"SINDH","HYDERABAD","JAMSHORO","THANO BULA KHAN","TALUKA","OVERALL",33138,16041,16100,5325,11713,14678,12992
"SINDH","HYDERABAD","JAMSHORO","THANO BULA KHAN","TALUKA","RURAL",29238,14256,12362,5208,11668,12869,12886
"SINDH","HYDERABAD","JAMSHORO","THANO BULA KHAN","TALUKA","URBAN",3900,1785,3738,117,45,1809,106
"SINDH","LARKANA","KAMBAR SHAHDAD KOT","KAMBAR ALI KHAN","TALUKA","OVERALL",77853,40474,52833,16160,8860,40102,10378
"SINDH","LARKANA","KAMBAR SHAHDAD KOT","KAMBAR ALI KHAN","TALUKA","RURAL",58643,31155,35177,14877,8589,31068,9487
"SINDH","LARKANA","KAMBAR SHAHDAD KOT","KAMBAR ALI KHAN","TALUKA","URBAN",19210,9319,17656,1283,271,9034,891
"SINDH","LARKANA","KAMBAR SHAHDAD KOT","MIRO KHAN","TALUKA","OVERALL",29339,16032,15758,7046,6535,15203,8007
"SINDH","LARKANA","KAMBAR SHAHDAD KOT","MIRO KHAN","TALUKA","RURAL",22390,11445,10360,6240,5790,10865,7018
"SINDH","LARKANA","KAMBAR SHAHDAD KOT","MIRO KHAN","TALUKA","URBAN",6949,4587,5398,806,745,4338,989
"SINDH","LARKANA","KAMBAR SHAHDAD KOT","NASIRABAD","TALUKA","OVERALL",29770,14594,19673,5899,4198,15196,3194
"SINDH","LARKANA","KAMBAR SHAHDAD KOT","NASIRABAD","TALUKA","RURAL",23215,11383,13609,5730,3876,11819,2911
"SINDH","LARKANA","KAMBAR SHAHDAD KOT","NASIRABAD","TALUKA","URBAN",6555,3211,6064,169,322,3377,283
"SINDH","LARKANA","KAMBAR SHAHDAD KOT","QUBO SAEED KHAN","TALUKA","OVERALL",18641,5111,3639,5165,9837,5150,9589
"SINDH","LARKANA","KAMBAR SHAHDAD KOT","QUBO SAEED KHAN","TALUKA","RURAL",12770,3382,1828,3552,7390,3564,7015
"SINDH","LARKANA","KAMBAR SHAHDAD KOT","QUBO SAEED KHAN","TALUKA","URBAN",5871,1729,1811,1613,2447,1586,2574
"SINDH","LARKANA","KAMBAR SHAHDAD KOT","SHAHDAD KOT","TALUKA","OVERALL",40289,18615,25547,8945,5797,17695,7617
"SINDH","LARKANA","KAMBAR SHAHDAD KOT","SHAHDAD KOT","TALUKA","RURAL",19215,9245,6215,7551,5449,8532,6571
"SINDH","LARKANA","KAMBAR SHAHDAD KOT","SHAHDAD KOT","TALUKA","URBAN",21074,9370,19332,1394,348,9163,1046
"SINDH","LARKANA","KAMBAR SHAHDAD KOT","SUJAWAL JUNEJO","TALUKA","OVERALL",23046,11773,11659,7276,4111,11483,4438
"SINDH","LARKANA","KAMBAR SHAHDAD KOT","SUJAWAL JUNEJO","TALUKA","RURAL",23046,11773,11659,7276,4111,11483,4438
"SINDH","LARKANA","KAMBAR SHAHDAD KOT","SUJAWAL JUNEJO","TALUKA","URBAN",NA,NA,NA,NA,NA,NA,NA
"SINDH","LARKANA","KAMBAR SHAHDAD KOT","WARAH","TALUKA","OVERALL",48615,22647,26555,12094,9966,22061,11813
"SINDH","LARKANA","KAMBAR SHAHDAD KOT","WARAH","TALUKA","RURAL",34748,15758,16336,11068,7344,15144,9328
"SINDH","LARKANA","KAMBAR SHAHDAD KOT","WARAH","TALUKA","URBAN",13867,6889,10219,1026,2622,6917,2485
"SINDH","KARACHI","KARACHI CENTRAL","GULBERG","SUB-DIVISION","OVERALL",106679,88570,103891,2061,727,87641,1069
"SINDH","KARACHI","KARACHI CENTRAL","GULBERG","SUB-DIVISION","RURAL",NA,NA,NA,NA,NA,NA,NA
"SINDH","KARACHI","KARACHI CENTRAL","GULBERG","SUB-DIVISION","URBAN",106679,88570,103891,2061,727,87641,1069
"SINDH","KARACHI","KARACHI CENTRAL","LIAQUATABAD","SUB-DIVISION","OVERALL",97560,88435,95715,1582,263,86718,2008
"SINDH","KARACHI","KARACHI CENTRAL","LIAQUATABAD","SUB-DIVISION","RURAL",NA,NA,NA,NA,NA,NA,NA
"SINDH","KARACHI","KARACHI CENTRAL","LIAQUATABAD","SUB-DIVISION","URBAN",97560,88435,95715,1582,263,86718,2008
"SINDH","KARACHI","KARACHI CENTRAL","NAZIMABAD","SUB-DIVISION","OVERALL",96275,80774,94388,1494,393,80385,584
"SINDH","KARACHI","KARACHI CENTRAL","NAZIMABAD","SUB-DIVISION","RURAL",NA,NA,NA,NA,NA,NA,NA
"SINDH","KARACHI","KARACHI CENTRAL","NAZIMABAD","SUB-DIVISION","URBAN",96275,80774,94388,1494,393,80385,584
"SINDH","KARACHI","KARACHI CENTRAL","NEW KARACHI","SUB-DIVISION","OVERALL",196488,148992,189944,5545,999,146362,3157
"SINDH","KARACHI","KARACHI CENTRAL","NEW KARACHI","SUB-DIVISION","RURAL",NA,NA,NA,NA,NA,NA,NA
"SINDH","KARACHI","KARACHI CENTRAL","NEW KARACHI","SUB-DIVISION","URBAN",196488,148992,189944,5545,999,146362,3157
"SINDH","KARACHI","KARACHI CENTRAL","NORTH NAZIMABAD","SUB-DIVISION","OVERALL",154266,129280,150473,3215,578,128031,1467
"SINDH","KARACHI","KARACHI CENTRAL","NORTH NAZIMABAD","SUB-DIVISION","RURAL",NA,NA,NA,NA,NA,NA,NA
"SINDH","KARACHI","KARACHI CENTRAL","NORTH NAZIMABAD","SUB-DIVISION","URBAN",154266,129280,150473,3215,578,128031,1467
"SINDH","KARACHI","KARACHI EAST","FEROZABAD","SUB-DIVISION","OVERALL",180708,144518,171805,7246,1657,142528,4242
"SINDH","KARACHI","KARACHI EAST","FEROZABAD","SUB-DIVISION","RURAL",NA,NA,NA,NA,NA,NA,NA
"SINDH","KARACHI","KARACHI EAST","FEROZABAD","SUB-DIVISION","URBAN",180708,144518,171805,7246,1657,142528,4242
"SINDH","KARACHI","KARACHI EAST","GULSHAN-E-IQBAL","SUB-DIVISION","OVERALL",179357,161454,172022,4748,2587,159751,3405
"SINDH","KARACHI","KARACHI EAST","GULSHAN-E-IQBAL","SUB-DIVISION","RURAL",NA,NA,NA,NA,NA,NA,NA
"SINDH","KARACHI","KARACHI EAST","GULSHAN-E-IQBAL","SUB-DIVISION","URBAN",179357,161454,172022,4748,2587,159751,3405
"SINDH","KARACHI","KARACHI EAST","GULZAR-E-HIJRI","SUB-DIVISION","OVERALL",193691,148185,175793,11204,6694,143857,10995
"SINDH","KARACHI","KARACHI EAST","GULZAR-E-HIJRI","SUB-DIVISION","RURAL",NA,NA,NA,NA,NA,NA,NA
"SINDH","KARACHI","KARACHI EAST","GULZAR-E-HIJRI","SUB-DIVISION","URBAN",193691,148185,175793,11204,6694,143857,10995
"SINDH","KARACHI","KARACHI EAST","JAMSHED QUARTERS","SUB-DIVISION","OVERALL",105633,90819,102972,1907,754,90193,934
"SINDH","KARACHI","KARACHI EAST","JAMSHED QUARTERS","SUB-DIVISION","RURAL",NA,NA,NA,NA,NA,NA,NA
"SINDH","KARACHI","KARACHI EAST","JAMSHED QUARTERS","SUB-DIVISION","URBAN",105633,90819,102972,1907,754,90193,934
"SINDH","KARACHI","KARACHI SOUTH","ARAM BAGH","SUB-DIVISION","OVERALL",44611,36433,42365,2020,226,35698,1716
"SINDH","KARACHI","KARACHI SOUTH","ARAM BAGH","SUB-DIVISION","RURAL",NA,NA,NA,NA,NA,NA,NA
"SINDH","KARACHI","KARACHI SOUTH","ARAM BAGH","SUB-DIVISION","URBAN",44611,36433,42365,2020,226,35698,1716
"SINDH","KARACHI","KARACHI SOUTH","CIVIL LINES","SUB-DIVISION","OVERALL",95323,83446,92755,2269,299,82374,1463
"SINDH","KARACHI","KARACHI SOUTH","CIVIL LINES","SUB-DIVISION","RURAL",NA,NA,NA,NA,NA,NA,NA
"SINDH","KARACHI","KARACHI SOUTH","CIVIL LINES","SUB-DIVISION","URBAN",95323,83446,92755,2269,299,82374,1463
"SINDH","KARACHI","KARACHI SOUTH","GARDEN","SUB-DIVISION","OVERALL",89718,82028,86141,3184,393,81250,1144
"SINDH","KARACHI","KARACHI SOUTH","GARDEN","SUB-DIVISION","RURAL",NA,NA,NA,NA,NA,NA,NA
"SINDH","KARACHI","KARACHI SOUTH","GARDEN","SUB-DIVISION","URBAN",89718,82028,86141,3184,393,81250,1144
"SINDH","KARACHI","KARACHI SOUTH","LYARI","SUB-DIVISION","OVERALL",166943,143650,161145,4313,1485,141600,3237
"SINDH","KARACHI","KARACHI SOUTH","LYARI","SUB-DIVISION","RURAL",NA,NA,NA,NA,NA,NA,NA
"SINDH","KARACHI","KARACHI SOUTH","LYARI","SUB-DIVISION","URBAN",166943,143650,161145,4313,1485,141600,3237
"SINDH","KARACHI","KARACHI SOUTH","SADDAR","SUB-DIVISION","OVERALL",28498,25480,28059,383,56,24219,1243
"SINDH","KARACHI","KARACHI SOUTH","SADDAR","SUB-DIVISION","RURAL",NA,NA,NA,NA,NA,NA,NA
"SINDH","KARACHI","KARACHI SOUTH","SADDAR","SUB-DIVISION","URBAN",28498,25480,28059,383,56,24219,1243
"SINDH","KARACHI","KARACHI WEST","MANGHOPIR","SUB-DIVISION","OVERALL",195372,145545,180547,10839,3986,142084,7477
"SINDH","KARACHI","KARACHI WEST","MANGHOPIR","SUB-DIVISION","RURAL",43348,31563,40151,2590,607,30775,1502
"SINDH","KARACHI","KARACHI WEST","MANGHOPIR","SUB-DIVISION","URBAN",152024,113982,140396,8249,3379,111309,5975
"SINDH","KARACHI","KARACHI WEST","MOMINABAD","SUB-DIVISION","OVERALL",174256,137280,171320,1777,1159,135040,2795
"SINDH","KARACHI","KARACHI WEST","MOMINABAD","SUB-DIVISION","RURAL",NA,NA,NA,NA,NA,NA,NA
"SINDH","KARACHI","KARACHI WEST","MOMINABAD","SUB-DIVISION","URBAN",174256,137280,171320,1777,1159,135040,2795
"SINDH","KARACHI","KARACHI WEST","ORANGI","SUB-DIVISION","OVERALL",95128,74644,91906,2972,250,73858,833
"SINDH","KARACHI","KARACHI WEST","ORANGI","SUB-DIVISION","RURAL",NA,NA,NA,NA,NA,NA,NA
"SINDH","KARACHI","KARACHI WEST","ORANGI","SUB-DIVISION","URBAN",95128,74644,91906,2972,250,73858,833
"SINDH","LARKANA","KASHMORE","KANDHKOT","TALUKA","OVERALL",69182,31462,44778,14129,10275,30104,11514
"SINDH","LARKANA","KASHMORE","KANDHKOT","TALUKA","RURAL",43791,20418,22240,11978,9573,19194,10650
"SINDH","LARKANA","KASHMORE","KANDHKOT","TALUKA","URBAN",25391,11044,22538,2151,702,10910,864
"SINDH","LARKANA","KASHMORE","KASHMORE","TALUKA","OVERALL",81957,26968,38342,14919,28696,22930,33691
"SINDH","LARKANA","KASHMORE","KASHMORE","TALUKA","RURAL",65838,18441,24136,13921,27781,14720,32125
"SINDH","LARKANA","KASHMORE","KASHMORE","TALUKA","URBAN",16119,8527,14206,998,915,8210,1566
"SINDH","LARKANA","KASHMORE","TANGWANI","TALUKA","OVERALL",57755,19307,19889,11366,26500,17287,27221
"SINDH","LARKANA","KASHMORE","TANGWANI","TALUKA","RURAL",53310,17521,16848,10644,25818,15802,26132
"SINDH","LARKANA","KASHMORE","TANGWANI","TALUKA","URBAN",4445,1786,3041,722,682,1485,1089
"SINDH","KARACHI","KEAMARI","BALDIA","SUB-DIVISION","OVERALL",148116,120145,142808,4579,729,117814,3204
"SINDH","KARACHI","KEAMARI","BALDIA","SUB-DIVISION","RURAL",NA,NA,NA,NA,NA,NA,NA
"SINDH","KARACHI","KEAMARI","BALDIA","SUB-DIVISION","URBAN",148116,120145,142808,4579,729,117814,3204
"SINDH","KARACHI","KEAMARI","KEAMARI","SUB-DIVISION","OVERALL",68571,53082,62291,4626,1654,51297,3612
"SINDH","KARACHI","KEAMARI","KEAMARI","SUB-DIVISION","RURAL",NA,NA,NA,NA,NA,NA,NA
"SINDH","KARACHI","KEAMARI","KEAMARI","SUB-DIVISION","URBAN",68571,53082,62291,4626,1654,51297,3612
"SINDH","KARACHI","KEAMARI","MAURIPUR","SUB-DIVISION","OVERALL",37369,30428,34664,1092,1613,29925,2217
"SINDH","KARACHI","KEAMARI","MAURIPUR","SUB-DIVISION","RURAL",NA,NA,NA,NA,NA,NA,NA
"SINDH","KARACHI","KEAMARI","MAURIPUR","SUB-DIVISION","URBAN",37369,30428,34664,1092,1613,29925,2217
"SINDH","KARACHI","KEAMARI","SITE","SUB-DIVISION","OVERALL",65065,51644,62774,1970,321,49656,2049
"SINDH","KARACHI","KEAMARI","SITE","SUB-DIVISION","RURAL",NA,NA,NA,NA,NA,NA,NA
"SINDH","KARACHI","KEAMARI","SITE","SUB-DIVISION","URBAN",65065,51644,62774,1970,321,49656,2049
"SINDH","SUKKUR","KHAIRPUR","FAIZ GANJ","TALUKA","OVERALL",47365,15109,17504,6684,23177,13193,26733
"SINDH","SUKKUR","KHAIRPUR","FAIZ GANJ","TALUKA","RURAL",37892,12060,11457,5896,20539,10534,23044
"SINDH","SUKKUR","KHAIRPUR","FAIZ GANJ","TALUKA","URBAN",9473,3049,6047,788,2638,2659,3689
"SINDH","SUKKUR","KHAIRPUR","GAMBAT","TALUKA","OVERALL",47323,26111,34960,5300,7063,25364,8584
"SINDH","SUKKUR","KHAIRPUR","GAMBAT","TALUKA","RURAL",30107,14897,19907,4143,6057,14200,7572
"SINDH","SUKKUR","KHAIRPUR","GAMBAT","TALUKA","URBAN",17216,11214,15053,1157,1006,11164,1012
"SINDH","SUKKUR","KHAIRPUR","KHAIRPUR","TALUKA","OVERALL",87201,50491,68718,8868,9615,48215,13580
"SINDH","SUKKUR","KHAIRPUR","KHAIRPUR","TALUKA","RURAL",40498,19113,26366,6140,7992,17692,10671
"SINDH","SUKKUR","KHAIRPUR","KHAIRPUR","TALUKA","URBAN",46703,31378,42352,2728,1623,30523,2909
"SINDH","SUKKUR","KHAIRPUR","KINGRI","TALUKA","OVERALL",59508,29885,42692,6335,10481,28653,12725
"SINDH","SUKKUR","KHAIRPUR","KINGRI","TALUKA","RURAL",43524,19349,28594,5222,9708,18230,11815
"SINDH","SUKKUR","KHAIRPUR","KINGRI","TALUKA","URBAN",15984,10536,14098,1113,773,10423,910
"SINDH","SUKKUR","KHAIRPUR","KOT DIJI","TALUKA","OVERALL",62663,26336,32235,10553,19875,24021,23899
"SINDH","SUKKUR","KHAIRPUR","KOT DIJI","TALUKA","RURAL",46815,20345,21523,9096,16196,18841,18444
"SINDH","SUKKUR","KHAIRPUR","KOT DIJI","TALUKA","URBAN",15848,5991,10712,1457,3679,5180,5455
"SINDH","SUKKUR","KHAIRPUR","MIRWAH","TALUKA","OVERALL",67276,26692,29314,10915,27047,24951,30487
"SINDH","SUKKUR","KHAIRPUR","MIRWAH","TALUKA","RURAL",49908,18308,18503,8732,22673,17516,24588
"SINDH","SUKKUR","KHAIRPUR","MIRWAH","TALUKA","URBAN",17368,8384,10811,2183,4374,7435,5899
"SINDH","SUKKUR","KHAIRPUR","NARA","TALUKA","OVERALL",32911,9694,8441,3443,21027,10782,19553
"SINDH","SUKKUR","KHAIRPUR","NARA","TALUKA","RURAL",25084,6313,5277,2306,17501,7172,16348
"SINDH","SUKKUR","KHAIRPUR","NARA","TALUKA","URBAN",7827,3381,3164,1137,3526,3610,3205
"SINDH","SUKKUR","KHAIRPUR","SOBHO DERO","TALUKA","OVERALL",48003,23594,31064,6931,10008,20088,15717
"SINDH","SUKKUR","KHAIRPUR","SOBHO DERO","TALUKA","RURAL",31904,14631,18696,5148,8060,11815,12731
"SINDH","SUKKUR","KHAIRPUR","SOBHO DERO","TALUKA","URBAN",16099,8963,12368,1783,1948,8273,2986
"SINDH","KARACHI","KORANGI","KORANGI","SUB-DIVISION","OVERALL",207086,163448,200679,4905,1502,159786,5316
"SINDH","KARACHI","KORANGI","KORANGI","SUB-DIVISION","RURAL",NA,NA,NA,NA,NA,NA,NA
"SINDH","KARACHI","KORANGI","KORANGI","SUB-DIVISION","URBAN",207086,163448,200679,4905,1502,159786,5316
"SINDH","KARACHI","KORANGI","LANDHI","SUB-DIVISION","OVERALL",115900,93908,112903,2161,836,92856,1438
"SINDH","KARACHI","KORANGI","LANDHI","SUB-DIVISION","RURAL",NA,NA,NA,NA,NA,NA,NA
"SINDH","KARACHI","KORANGI","LANDHI","SUB-DIVISION","URBAN",115900,93908,112903,2161,836,92856,1438
"SINDH","KARACHI","KORANGI","MODEL COLONY","SUB-DIVISION","OVERALL",76383,63326,74630,1295,458,62611,701
"SINDH","KARACHI","KORANGI","MODEL COLONY","SUB-DIVISION","RURAL",NA,NA,NA,NA,NA,NA,NA
"SINDH","KARACHI","KORANGI","MODEL COLONY","SUB-DIVISION","URBAN",76383,63326,74630,1295,458,62611,701
"SINDH","KARACHI","KORANGI","SHAH FAISAL","SUB-DIVISION","OVERALL",93681,80301,91962,1485,234,79810,654
"SINDH","KARACHI","KORANGI","SHAH FAISAL","SUB-DIVISION","RURAL",NA,NA,NA,NA,NA,NA,NA
"SINDH","KARACHI","KORANGI","SHAH FAISAL","SUB-DIVISION","URBAN",93681,80301,91962,1485,234,79810,654
"SINDH","LARKANA","LARKANA","BAKRANI","TALUKA","OVERALL",48638,25051,39979,5872,2787,24642,3291
"SINDH","LARKANA","LARKANA","BAKRANI","TALUKA","RURAL",41557,21526,33773,5295,2489,21235,2797
"SINDH","LARKANA","LARKANA","BAKRANI","TALUKA","URBAN",7081,3525,6206,577,298,3407,494
"SINDH","LARKANA","LARKANA","DOKRI","TALUKA","OVERALL",45083,22242,30417,9132,5534,22132,5894
"SINDH","LARKANA","LARKANA","DOKRI","TALUKA","RURAL",32678,15798,20321,7561,4796,15470,5657
"SINDH","LARKANA","LARKANA","DOKRI","TALUKA","URBAN",12405,6444,10096,1571,738,6662,237
"SINDH","LARKANA","LARKANA","LARKANA","TALUKA","OVERALL",157275,93189,136040,12953,8282,94071,7758
"SINDH","LARKANA","LARKANA","LARKANA","TALUKA","RURAL",58047,27693,41212,9543,7292,28493,6657
"SINDH","LARKANA","LARKANA","LARKANA","TALUKA","URBAN",99228,65496,94828,3410,990,65578,1101
"SINDH","LARKANA","LARKANA","RATODERO","TALUKA","OVERALL",70532,36241,57646,7982,4904,35329,5912
"SINDH","LARKANA","LARKANA","RATODERO","TALUKA","RURAL",45619,24069,34806,6316,4497,23363,5115
"SINDH","LARKANA","LARKANA","RATODERO","TALUKA","URBAN",24913,12172,22840,1666,407,11966,797
"SINDH","KARACHI","MALIR","AIRPORT","SUB-DIVISION","OVERALL",42700,36010,40291,2219,190,35640,779
"SINDH","KARACHI","MALIR","AIRPORT","SUB-DIVISION","RURAL",NA,NA,NA,NA,NA,NA,NA
"SINDH","KARACHI","MALIR","AIRPORT","SUB-DIVISION","URBAN",42700,36010,40291,2219,190,35640,779
"SINDH","KARACHI","MALIR","BIN QASIM","SUB-DIVISION","OVERALL",58696,39847,50690,4642,3364,40172,3507
"SINDH","KARACHI","MALIR","BIN QASIM","SUB-DIVISION","RURAL",58696,39847,50690,4642,3364,40172,3507
"SINDH","KARACHI","MALIR","BIN QASIM","SUB-DIVISION","URBAN",NA,NA,NA,NA,NA,NA,NA
"SINDH","KARACHI","MALIR","GADAP","SUB-DIVISION","OVERALL",22131,16625,14042,4409,3680,18169,2426
"SINDH","KARACHI","MALIR","GADAP","SUB-DIVISION","RURAL",22131,16625,14042,4409,3680,18169,2426
"SINDH","KARACHI","MALIR","GADAP","SUB-DIVISION","URBAN",NA,NA,NA,NA,NA,NA,NA
"SINDH","KARACHI","MALIR","IBRAHIM HYDRI","SUB-DIVISION","OVERALL",214288,164370,198625,10840,4823,155930,15730
"SINDH","KARACHI","MALIR","IBRAHIM HYDRI","SUB-DIVISION","RURAL",106921,81799,97222,6266,3433,79333,6905
"SINDH","KARACHI","MALIR","IBRAHIM HYDRI","SUB-DIVISION","URBAN",107367,82571,101403,4574,1390,76597,8825
"SINDH","KARACHI","MALIR","MURAD MEMON","SUB-DIVISION","OVERALL",75396,59323,69008,3606,2782,60700,1934
"SINDH","KARACHI","MALIR","MURAD MEMON","SUB-DIVISION","RURAL",30441,23453,26105,2635,1701,24055,1344
"SINDH","KARACHI","MALIR","MURAD MEMON","SUB-DIVISION","URBAN",44955,35870,42903,971,1081,36645,590
"SINDH","KARACHI","MALIR","SHAH MUREED","SUB-DIVISION","OVERALL",8215,6160,5540,1834,841,6279,665
"SINDH","KARACHI","MALIR","SHAH MUREED","SUB-DIVISION","RURAL",8215,6160,5540,1834,841,6279,665
"SINDH","KARACHI","MALIR","SHAH MUREED","SUB-DIVISION","URBAN",NA,NA,NA,NA,NA,NA,NA
"SINDH","HYDERABAD","MATIARI","HALA","TALUKA","OVERALL",52849,27870,38403,4272,10174,23073,17881
"SINDH","HYDERABAD","MATIARI","HALA","TALUKA","RURAL",29725,11890,16291,3260,10174,10102,14015
"SINDH","HYDERABAD","MATIARI","HALA","TALUKA","URBAN",23124,15980,22112,1012,NA,12971,3866
"SINDH","HYDERABAD","MATIARI","MATIARI","TALUKA","OVERALL",70479,30560,40720,8605,21154,27366,26638
"SINDH","HYDERABAD","MATIARI","MATIARI","TALUKA","RURAL",61730,24885,32407,8169,21154,22971,24633
"SINDH","HYDERABAD","MATIARI","MATIARI","TALUKA","URBAN",8749,5675,8313,436,NA,4395,2005
"SINDH","HYDERABAD","MATIARI","SAEEDABAD","TALUKA","OVERALL",35135,16585,22602,3919,8614,15023,11706
"SINDH","HYDERABAD","MATIARI","SAEEDABAD","TALUKA","RURAL",30944,13725,18495,3835,8614,12310,11531
"SINDH","HYDERABAD","MATIARI","SAEEDABAD","TALUKA","URBAN",4191,2860,4107,84,NA,2713,175
"SINDH","MIRPUR KHAS","MIRPUR KHAS","DIGRI","TALUKA","OVERALL",43507,21436,19421,6672,17414,18348,20346
"SINDH","MIRPUR KHAS","MIRPUR KHAS","DIGRI","TALUKA","RURAL",30186,11377,7977,6425,15784,9281,17733
"SINDH","MIRPUR KHAS","MIRPUR KHAS","DIGRI","TALUKA","URBAN",13321,10059,11444,247,1630,9067,2613
"SINDH","MIRPUR KHAS","MIRPUR KHAS","HUSSAIN BUX MARI","TALUKA","OVERALL",32660,14265,11578,5349,15733,11663,18475
"SINDH","MIRPUR KHAS","MIRPUR KHAS","HUSSAIN BUX MARI","TALUKA","RURAL",32660,14265,11578,5349,15733,11663,18475
"SINDH","MIRPUR KHAS","MIRPUR KHAS","HUSSAIN BUX MARI","TALUKA","URBAN",NA,NA,NA,NA,NA,NA,NA
"SINDH","MIRPUR KHAS","MIRPUR KHAS","JHUDO","TALUKA","OVERALL",41817,19831,18466,6180,17171,16745,20264
"SINDH","MIRPUR KHAS","MIRPUR KHAS","JHUDO","TALUKA","RURAL",30147,12423,7979,5849,16319,9751,18947
"SINDH","MIRPUR KHAS","MIRPUR KHAS","JHUDO","TALUKA","URBAN",11670,7408,10487,331,852,6994,1317
"SINDH","MIRPUR KHAS","MIRPUR KHAS","KOT GHULAM MUHAMMAD","TALUKA","OVERALL",58713,23306,19244,9678,29791,18293,34826
"SINDH","MIRPUR KHAS","MIRPUR KHAS","KOT GHULAM MUHAMMAD","TALUKA","RURAL",53032,19607,14128,9666,29238,15021,33859
"SINDH","MIRPUR KHAS","MIRPUR KHAS","KOT GHULAM MUHAMMAD","TALUKA","URBAN",5681,3699,5116,12,553,3272,967
"SINDH","MIRPUR KHAS","MIRPUR KHAS","MIRPUR KHAS","TALUKA","OVERALL",49553,35615,47750,833,970,34978,1412
"SINDH","MIRPUR KHAS","MIRPUR KHAS","MIRPUR KHAS","TALUKA","RURAL",3822,2110,3046,334,442,2011,540
"SINDH","MIRPUR KHAS","MIRPUR KHAS","MIRPUR KHAS","TALUKA","URBAN",45731,33505,44704,499,528,32967,872
"SINDH","MIRPUR KHAS","MIRPUR KHAS","SHUJAABAD","TALUKA","OVERALL",35675,14653,15132,4455,16088,10369,20683
"SINDH","MIRPUR KHAS","MIRPUR KHAS","SHUJAABAD","TALUKA","RURAL",31262,11904,11407,4191,15664,8014,19833
"SINDH","MIRPUR KHAS","MIRPUR KHAS","SHUJAABAD","TALUKA","URBAN",4413,2749,3725,264,424,2355,850
"SINDH","MIRPUR KHAS","MIRPUR KHAS","SINDHRI","TALUKA","OVERALL",51061,17852,12187,10278,28596,14222,31869
"SINDH","MIRPUR KHAS","MIRPUR KHAS","SINDHRI","TALUKA","RURAL",47162,16045,10653,9164,27345,12703,30448
"SINDH","MIRPUR KHAS","MIRPUR KHAS","SINDHRI","TALUKA","URBAN",3899,1807,1534,1114,1251,1519,1421
"SINDH","SHAHEED BENAZIRABAD","NAUSHAHRO FEROZE","BHIRIA","TALUKA","OVERALL",59731,27118,43810,5956,9965,25753,11778
"SINDH","SHAHEED BENAZIRABAD","NAUSHAHRO FEROZE","BHIRIA","TALUKA","RURAL",46631,19353,31495,5395,9741,19411,9545
"SINDH","SHAHEED BENAZIRABAD","NAUSHAHRO FEROZE","BHIRIA","TALUKA","URBAN",13100,7765,12315,561,224,6342,2233
"SINDH","SHAHEED BENAZIRABAD","NAUSHAHRO FEROZE","KANDIARO","TALUKA","OVERALL",62298,36146,46456,9701,6141,34519,9580
"SINDH","SHAHEED BENAZIRABAD","NAUSHAHRO FEROZE","KANDIARO","TALUKA","RURAL",54720,30978,39148,9457,6115,29691,8889
"SINDH","SHAHEED BENAZIRABAD","NAUSHAHRO FEROZE","KANDIARO","TALUKA","URBAN",7578,5168,7308,244,26,4828,691
"SINDH","SHAHEED BENAZIRABAD","NAUSHAHRO FEROZE","MEHRABPUR","TALUKA","OVERALL",48213,26460,34485,6242,7486,25971,8917
"SINDH","SHAHEED BENAZIRABAD","NAUSHAHRO FEROZE","MEHRABPUR","TALUKA","RURAL",33492,16364,20441,5661,7390,16292,8384
"SINDH","SHAHEED BENAZIRABAD","NAUSHAHRO FEROZE","MEHRABPUR","TALUKA","URBAN",14721,10096,14044,581,96,9679,533
"SINDH","SHAHEED BENAZIRABAD","NAUSHAHRO FEROZE","MORO","TALUKA","OVERALL",75868,38134,53323,10485,12060,34631,17123
"SINDH","SHAHEED BENAZIRABAD","NAUSHAHRO FEROZE","MORO","TALUKA","RURAL",51166,22451,30976,8628,11562,21182,13826
"SINDH","SHAHEED BENAZIRABAD","NAUSHAHRO FEROZE","MORO","TALUKA","URBAN",24702,15683,22347,1857,498,13449,3297
"SINDH","SHAHEED BENAZIRABAD","NAUSHAHRO FEROZE","NAUSHAHRO FEROZE","TALUKA","OVERALL",73658,40026,54494,6260,12904,34947,18635
"SINDH","SHAHEED BENAZIRABAD","NAUSHAHRO FEROZE","NAUSHAHRO FEROZE","TALUKA","RURAL",45179,20427,29258,3378,12543,18132,14883
"SINDH","SHAHEED BENAZIRABAD","NAUSHAHRO FEROZE","NAUSHAHRO FEROZE","TALUKA","URBAN",28479,19599,25236,2882,361,16815,3752
"SINDH","SHAHEED BENAZIRABAD","SANGHAR","JAM NAWAZ ALI","TALUKA","OVERALL",31724,9106,11498,3147,17079,8393,18063
"SINDH","SHAHEED BENAZIRABAD","SANGHAR","JAM NAWAZ ALI","TALUKA","RURAL",26563,7082,8247,2168,16148,6406,17099
"SINDH","SHAHEED BENAZIRABAD","SANGHAR","JAM NAWAZ ALI","TALUKA","URBAN",5161,2024,3251,979,931,1987,964
"SINDH","SHAHEED BENAZIRABAD","SANGHAR","KHIPRO","TALUKA","OVERALL",68600,26221,24505,6370,37725,29767,34124
"SINDH","SHAHEED BENAZIRABAD","SANGHAR","KHIPRO","TALUKA","RURAL",58793,20740,17734,6202,34857,23859,31627
"SINDH","SHAHEED BENAZIRABAD","SANGHAR","KHIPRO","TALUKA","URBAN",9807,5481,6771,168,2868,5908,2497
"SINDH","SHAHEED BENAZIRABAD","SANGHAR","SANGHAR","TALUKA","OVERALL",84859,31603,35217,9244,40398,32682,39567
"SINDH","SHAHEED BENAZIRABAD","SANGHAR","SANGHAR","TALUKA","RURAL",68661,21021,21505,8272,38884,21929,38234
"SINDH","SHAHEED BENAZIRABAD","SANGHAR","SANGHAR","TALUKA","URBAN",16198,10582,13712,972,1514,10753,1333
"SINDH","SHAHEED BENAZIRABAD","SANGHAR","SHAHDADPUR","TALUKA","OVERALL",89418,44568,59608,12366,17444,40571,24955
"SINDH","SHAHEED BENAZIRABAD","SANGHAR","SHAHDADPUR","TALUKA","RURAL",53246,22085,28471,10570,14205,19128,19719
"SINDH","SHAHEED BENAZIRABAD","SANGHAR","SHAHDADPUR","TALUKA","URBAN",36172,22483,31137,1796,3239,21443,5236
"SINDH","SHAHEED BENAZIRABAD","SANGHAR","SINJHORO","TALUKA","OVERALL",61602,23534,28033,6953,26616,24285,25398
"SINDH","SHAHEED BENAZIRABAD","SANGHAR","SINJHORO","TALUKA","RURAL",51607,17084,19642,6133,25832,17801,24643
"SINDH","SHAHEED BENAZIRABAD","SANGHAR","SINJHORO","TALUKA","URBAN",9995,6450,8391,820,784,6484,755
"SINDH","SHAHEED BENAZIRABAD","SANGHAR","TANDO ADAM","TALUKA","OVERALL",70734,37160,47227,6530,16977,34415,21868
"SINDH","SHAHEED BENAZIRABAD","SANGHAR","TANDO ADAM","TALUKA","RURAL",41923,16280,19294,6178,16451,14056,20376
"SINDH","SHAHEED BENAZIRABAD","SANGHAR","TANDO ADAM","TALUKA","URBAN",28811,20880,27933,352,526,20359,1492
"SINDH","SHAHEED BENAZIRABAD","SHAHEED BENAZIRABAD","DAUR","TALUKA","OVERALL",97671,39475,47819,10488,39364,36746,44224
"SINDH","SHAHEED BENAZIRABAD","SHAHEED BENAZIRABAD","DAUR","TALUKA","RURAL",79128,27358,32239,9281,37608,26850,39700
"SINDH","SHAHEED BENAZIRABAD","SHAHEED BENAZIRABAD","DAUR","TALUKA","URBAN",18543,12117,15580,1207,1756,9896,4524
"SINDH","SHAHEED BENAZIRABAD","SHAHEED BENAZIRABAD","KAZI AHMED","TALUKA","OVERALL",73218,32866,47830,9655,15733,31150,19334
"SINDH","SHAHEED BENAZIRABAD","SHAHEED BENAZIRABAD","KAZI AHMED","TALUKA","RURAL",64071,27669,39276,9421,15374,26535,18259
"SINDH","SHAHEED BENAZIRABAD","SHAHEED BENAZIRABAD","KAZI AHMED","TALUKA","URBAN",9147,5197,8554,234,359,4615,1075
"SINDH","SHAHEED BENAZIRABAD","SHAHEED BENAZIRABAD","NAWABSHAH","TALUKA","OVERALL",81976,49097,62637,6286,13053,46328,16934
"SINDH","SHAHEED BENAZIRABAD","SHAHEED BENAZIRABAD","NAWABSHAH","TALUKA","RURAL",22215,6280,7941,2971,11303,6463,11487
"SINDH","SHAHEED BENAZIRABAD","SHAHEED BENAZIRABAD","NAWABSHAH","TALUKA","URBAN",59761,42817,54696,3315,1750,39865,5447
"SINDH","SHAHEED BENAZIRABAD","SHAHEED BENAZIRABAD","SAKRAND","TALUKA","OVERALL",81491,38049,50233,10598,20660,33772,26965
"SINDH","SHAHEED BENAZIRABAD","SHAHEED BENAZIRABAD","SAKRAND","TALUKA","RURAL",68291,29368,38338,10158,19795,25811,25226
"SINDH","SHAHEED BENAZIRABAD","SHAHEED BENAZIRABAD","SAKRAND","TALUKA","URBAN",13200,8681,11895,440,865,7961,1739
"SINDH","LARKANA","SHIKARPUR","GARHI YASIN","TALUKA","OVERALL",59269,29377,37363,11029,10877,29288,11141
"SINDH","LARKANA","SHIKARPUR","GARHI YASIN","TALUKA","RURAL",52355,25656,31789,9817,10749,25665,10837
"SINDH","LARKANA","SHIKARPUR","GARHI YASIN","TALUKA","URBAN",6914,3721,5574,1212,128,3623,304
"SINDH","LARKANA","SHIKARPUR","KHANPUR","TALUKA","OVERALL",43595,19818,25567,6214,11814,19942,11967
"SINDH","LARKANA","SHIKARPUR","KHANPUR","TALUKA","RURAL",39996,18284,22072,6206,11718,18428,11840
"SINDH","LARKANA","SHIKARPUR","KHANPUR","TALUKA","URBAN",3599,1534,3495,8,96,1514,127
"SINDH","LARKANA","SHIKARPUR","LAKHI","TALUKA","OVERALL",43374,15246,31524,6183,5667,15167,5899
"SINDH","LARKANA","SHIKARPUR","LAKHI","TALUKA","RURAL",35350,11912,25984,4703,4663,11866,4815
"SINDH","LARKANA","SHIKARPUR","LAKHI","TALUKA","URBAN",8024,3334,5540,1480,1004,3301,1084
"SINDH","LARKANA","SHIKARPUR","SHIKARPUR","TALUKA","OVERALL",68586,33871,51745,7317,9524,32157,11984
"SINDH","LARKANA","SHIKARPUR","SHIKARPUR","TALUKA","RURAL",34792,13969,19308,6481,9003,13685,10706
"SINDH","LARKANA","SHIKARPUR","SHIKARPUR","TALUKA","URBAN",33794,19902,32437,836,521,18472,1278
"SINDH","HYDERABAD","SUJAWAL","JATI","TALUKA","OVERALL",43323,15060,6105,12408,24810,15610,23357
"SINDH","HYDERABAD","SUJAWAL","JATI","TALUKA","RURAL",41334,13899,4710,11873,24751,14553,23243
"SINDH","HYDERABAD","SUJAWAL","JATI","TALUKA","URBAN",1989,1161,1395,535,59,1057,114
"SINDH","HYDERABAD","SUJAWAL","KHARO CHAN","TALUKA","OVERALL",2166,580,347,380,1439,1434,515
"SINDH","HYDERABAD","SUJAWAL","KHARO CHAN","TALUKA","RURAL",2166,580,347,380,1439,1434,515
"SINDH","HYDERABAD","SUJAWAL","KHARO CHAN","TALUKA","URBAN",NA,NA,NA,NA,NA,NA,NA
"SINDH","HYDERABAD","SUJAWAL","MIRPUR BATHORO","TALUKA","OVERALL",41147,16678,13417,8674,19056,17213,18847
"SINDH","HYDERABAD","SUJAWAL","MIRPUR BATHORO","TALUKA","RURAL",37222,13973,9760,8526,18936,14677,18596
"SINDH","HYDERABAD","SUJAWAL","MIRPUR BATHORO","TALUKA","URBAN",3925,2705,3657,148,120,2536,251
"SINDH","HYDERABAD","SUJAWAL","SHAH BUNDER","TALUKA","OVERALL",32582,12504,5712,8787,18083,16142,14569
"SINDH","HYDERABAD","SUJAWAL","SHAH BUNDER","TALUKA","RURAL",28935,9751,2808,8253,17874,13738,13957
"SINDH","HYDERABAD","SUJAWAL","SHAH BUNDER","TALUKA","URBAN",3647,2753,2904,534,209,2404,612
"SINDH","HYDERABAD","SUJAWAL","SUJAWAL","TALUKA","OVERALL",39636,18002,13334,10199,16103,17122,17035
"SINDH","HYDERABAD","SUJAWAL","SUJAWAL","TALUKA","RURAL",32832,13230,7337,9535,15960,12627,16795
"SINDH","HYDERABAD","SUJAWAL","SUJAWAL","TALUKA","URBAN",6804,4772,5997,664,143,4495,240
"SINDH","SUKKUR","SUKKUR","NEW SUKKUR","TALUKA","OVERALL",52376,30481,45800,3347,3229,30077,3829
"SINDH","SUKKUR","SUKKUR","NEW SUKKUR","TALUKA","RURAL",7706,2154,5364,668,1674,2088,1985
"SINDH","SUKKUR","SUKKUR","NEW SUKKUR","TALUKA","URBAN",44670,28327,40436,2679,1555,27989,1844
"SINDH","SUKKUR","SUKKUR","PANO AQIL","TALUKA","OVERALL",87340,36165,64103,12487,10750,35440,12415
"SINDH","SUKKUR","SUKKUR","PANO AQIL","TALUKA","RURAL",69661,25390,47784,11228,10649,24936,12017
"SINDH","SUKKUR","SUKKUR","PANO AQIL","TALUKA","URBAN",17679,10775,16319,1259,101,10504,398
"SINDH","SUKKUR","SUKKUR","ROHRI","TALUKA","OVERALL",62877,32066,41175,8903,12799,30049,16953
"SINDH","SUKKUR","SUKKUR","ROHRI","TALUKA","RURAL",47388,22145,27909,7193,12286,20297,16167
"SINDH","SUKKUR","SUKKUR","ROHRI","TALUKA","URBAN",15489,9921,13266,1710,513,9752,786
"SINDH","SUKKUR","SUKKUR","SALEHPAT","TALUKA","OVERALL",26122,10599,10198,3496,12428,10339,12290
"SINDH","SUKKUR","SUKKUR","SALEHPAT","TALUKA","RURAL",20637,6988,7079,2289,11269,6624,11374
"SINDH","SUKKUR","SUKKUR","SALEHPAT","TALUKA","URBAN",5485,3611,3119,1207,1159,3715,916
"SINDH","SUKKUR","SUKKUR","SUKKUR CITY","TALUKA","OVERALL",39873,31313,38427,1032,414,31089,993
"SINDH","SUKKUR","SUKKUR","SUKKUR CITY","TALUKA","RURAL",NA,NA,NA,NA,NA,NA,NA
"SINDH","SUKKUR","SUKKUR","SUKKUR CITY","TALUKA","URBAN",39873,31313,38427,1032,414,31089,993
NA,NA,"TANDO ALLAHYAR","CHAMBER","TALUKA","OVERALL",47078,18219,20058,5678,21342,13053,26456
NA,NA,"TANDO ALLAHYAR","CHAMBER","TALUKA","RURAL",39427,14906,15060,5117,19250,11313,22359
NA,NA,"TANDO ALLAHYAR","CHAMBER","TALUKA","URBAN",7651,3313,4998,561,2092,1740,4097
NA,NA,"TANDO ALLAHYAR","JHANDO MARI","TALUKA","OVERALL",50369,21603,25093,5356,19920,16160,26091
NA,NA,"TANDO ALLAHYAR","JHANDO MARI","TALUKA","RURAL",46484,20176,22269,5246,18969,15348,24335
NA,NA,"TANDO ALLAHYAR","JHANDO MARI","TALUKA","URBAN",3885,1427,2824,110,951,812,1756
NA,NA,"TANDO ALLAHYAR","TANDO ALLAHYAR","TALUKA","OVERALL",80024,43088,55394,7357,17273,37162,24173
NA,NA,"TANDO ALLAHYAR","TANDO ALLAHYAR","TALUKA","RURAL",37756,15881,19393,4648,13715,12877,16701
NA,NA,"TANDO ALLAHYAR","TANDO ALLAHYAR","TALUKA","URBAN",42268,27207,36001,2709,3558,24285,7472
"SINDH","HYDERABAD","TANDO MUHAMMAD KHAN","BULRI SHAH KARIM","TALUKA","OVERALL",48734,14671,12153,8774,27807,14893,27652
"SINDH","HYDERABAD","TANDO MUHAMMAD KHAN","BULRI SHAH KARIM","TALUKA","RURAL",47419,14146,11579,8609,27231,14396,27053
"SINDH","HYDERABAD","TANDO MUHAMMAD KHAN","BULRI SHAH KARIM","TALUKA","URBAN",1315,525,574,165,576,497,599
"SINDH","HYDERABAD","TANDO MUHAMMAD KHAN","TANDO GHULAM HYDER","TALUKA","OVERALL",40308,10117,9857,5347,25104,10987,24481
"SINDH","HYDERABAD","TANDO MUHAMMAD KHAN","TANDO GHULAM HYDER","TALUKA","RURAL",32741,7668,6127,5050,21564,8559,20950
"SINDH","HYDERABAD","TANDO MUHAMMAD KHAN","TANDO GHULAM HYDER","TALUKA","URBAN",7567,2449,3730,297,3540,2428,3531
NA,NA,"TANDO MUHAMMAD KHAN","TANDO MUHAMMAD KHAN","TALUKA","OVERALL",54756,22140,27931,6325,20500,20692,22831
NA,NA,"TANDO MUHAMMAD KHAN","TANDO MUHAMMAD KHAN","TALUKA","RURAL",32378,10282,9831,5361,17186,9195,18927
NA,NA,"TANDO MUHAMMAD KHAN","TANDO MUHAMMAD KHAN","TALUKA","URBAN",22378,11858,18100,964,3314,11497,3904
"SINDH","MIRPUR KHAS","THARPARKAR","CHACHRO","TALUKA","OVERALL",63372,15124,12608,10103,40661,23799,28707
"SINDH","MIRPUR KHAS","THARPARKAR","CHACHRO","TALUKA","RURAL",58604,13135,10866,8345,39393,21966,27180
"SINDH","MIRPUR KHAS","THARPARKAR","CHACHRO","TALUKA","URBAN",4768,1989,1742,1758,1268,1833,1527
"SINDH","MIRPUR KHAS","THARPARKAR","DAHLI","TALUKA","OVERALL",52739,15699,22949,7765,22025,21062,12740
"SINDH","MIRPUR KHAS","THARPARKAR","DAHLI","TALUKA","RURAL",51452,15413,22109,7685,21658,20702,12469
"SINDH","MIRPUR KHAS","THARPARKAR","DAHLI","TALUKA","URBAN",1287,286,840,80,367,360,271
"SINDH","MIRPUR KHAS","THARPARKAR","DIPLO","TALUKA","OVERALL",32219,11191,13260,3946,15013,16360,7866
"SINDH","MIRPUR KHAS","THARPARKAR","DIPLO","TALUKA","RURAL",29413,9558,10808,3784,14821,14904,7343
"SINDH","MIRPUR KHAS","THARPARKAR","DIPLO","TALUKA","URBAN",2806,1633,2452,162,192,1456,523
"SINDH","MIRPUR KHAS","THARPARKAR","ISLAMKOT","TALUKA","OVERALL",52507,12246,14103,4723,33681,18738,25204
"SINDH","MIRPUR KHAS","THARPARKAR","ISLAMKOT","TALUKA","RURAL",48809,10491,11045,4588,33176,16785,24681
"SINDH","MIRPUR KHAS","THARPARKAR","ISLAMKOT","TALUKA","URBAN",3698,1755,3058,135,505,1953,523
"SINDH","MIRPUR KHAS","THARPARKAR","KALOI","TALUKA","OVERALL",24894,8966,6068,3423,15403,10864,13360
"SINDH","MIRPUR KHAS","THARPARKAR","KALOI","TALUKA","RURAL",24894,8966,6068,3423,15403,10864,13360
"SINDH","MIRPUR KHAS","THARPARKAR","KALOI","TALUKA","URBAN",NA,NA,NA,NA,NA,NA,NA
"SINDH","MIRPUR KHAS","THARPARKAR","MITHI","TALUKA","OVERALL",46405,22830,21026,5625,19754,28921,13527
"SINDH","MIRPUR KHAS","THARPARKAR","MITHI","TALUKA","RURAL",34236,14141,11060,5086,18090,19350,12647
"SINDH","MIRPUR KHAS","THARPARKAR","MITHI","TALUKA","URBAN",12169,8689,9966,539,1664,9571,880
"SINDH","MIRPUR KHAS","THARPARKAR","NAGAR PARKAR","TALUKA","OVERALL",55448,5932,5938,3490,46020,14470,33430
"SINDH","MIRPUR KHAS","THARPARKAR","NAGAR PARKAR","TALUKA","RURAL",52920,5225,4976,3438,44506,13031,32681
"SINDH","MIRPUR KHAS","THARPARKAR","NAGAR PARKAR","TALUKA","URBAN",2528,707,962,52,1514,1439,749
"SINDH","HYDERABAD","THATTA","GHORABARI","TALUKA","OVERALL",39609,13924,7132,9516,22961,17763,18157
"SINDH","HYDERABAD","THATTA","GHORABARI","TALUKA","RURAL",33406,11175,6083,7638,19685,14610,15332
"SINDH","HYDERABAD","THATTA","GHORABARI","TALUKA","URBAN",6203,2749,1049,1878,3276,3153,2825
"SINDH","HYDERABAD","THATTA","KETI BUNDER","TALUKA","OVERALL",12987,5349,1990,3540,7457,7390,5368
"SINDH","HYDERABAD","THATTA","KETI BUNDER","TALUKA","RURAL",12987,5349,1990,3540,7457,7390,5368
"SINDH","HYDERABAD","THATTA","KETI BUNDER","TALUKA","URBAN",NA,NA,NA,NA,NA,NA,NA
"SINDH","HYDERABAD","THATTA","MIRPUR SAKRO","TALUKA","OVERALL",69456,31833,25793,11879,31784,39678,23878
"SINDH","HYDERABAD","THATTA","MIRPUR SAKRO","TALUKA","RURAL",60625,25465,18287,10952,31386,33459,23262
"SINDH","HYDERABAD","THATTA","MIRPUR SAKRO","TALUKA","URBAN",8831,6368,7506,927,398,6219,616
"SINDH","HYDERABAD","THATTA","THATTA","TALUKA","OVERALL",84150,38209,28363,18324,37463,41539,33687
"SINDH","HYDERABAD","THATTA","THATTA","TALUKA","RURAL",65478,25333,13631,16495,35352,28338,31798
"SINDH","HYDERABAD","THATTA","THATTA","TALUKA","URBAN",18672,12876,14732,1829,2111,13201,1889
"SINDH","MIRPUR KHAS","UMER KOT","KUNRI","TALUKA","OVERALL",43910,13325,14083,3818,26009,14853,23985
"SINDH","MIRPUR KHAS","UMER KOT","KUNRI","TALUKA","RURAL",36810,9206,8520,3682,24608,10503,22777
"SINDH","MIRPUR KHAS","UMER KOT","KUNRI","TALUKA","URBAN",7100,4119,5563,136,1401,4350,1208
"SINDH","MIRPUR KHAS","UMER KOT","PITHORO","TALUKA","OVERALL",25284,7791,7134,3559,14591,9727,12442
"SINDH","MIRPUR KHAS","UMER KOT","PITHORO","TALUKA","RURAL",22574,6263,5217,3310,14047,8033,12064
"SINDH","MIRPUR KHAS","UMER KOT","PITHORO","TALUKA","URBAN",2710,1528,1917,249,544,1694,378
"SINDH","MIRPUR KHAS","UMER KOT","SAMARO","TALUKA","OVERALL",33832,8126,6514,3386,23932,9530,22416
"SINDH","MIRPUR KHAS","UMER KOT","SAMARO","TALUKA","RURAL",32019,7022,4751,3359,23909,8436,22376
"SINDH","MIRPUR KHAS","UMER KOT","SAMARO","TALUKA","URBAN",1813,1104,1763,27,23,1094,40
"SINDH","MIRPUR KHAS","UMER KOT","UMER KOT","TALUKA","OVERALL",119536,37116,44862,10216,64458,46192,52985
"SINDH","MIRPUR KHAS","UMER KOT","UMER KOT","TALUKA","RURAL",79703,17986,16794,7345,55564,26577,44387
"SINDH","MIRPUR KHAS","UMER KOT","UMER KOT","TALUKA","URBAN",39833,19130,28068,2871,8894,19615,8598
