"PROVINCE","DISTRICT","AGE_GROUP","MARITAL_STATUS","ALL_SEXES_OVERALL","FEMALE_OVERALL","MALE_OVERALL","TGEND_OVERALL","ALL_SEXES_RURAL","FEMALE_RURAL","MALE_RURAL","TGEND_RURAL","ALL_SEXES_URBAN","FEMALE_URBAN","MALE_URBAN","TGEND_URBAN"
"BALOCHISTAN","AWARAN","15 &  ABOVE","DIVORCED",131,77,54,0,91,52,39,0,40,25,15,0
"BALOCHISTAN","AWARAN","15 &  ABOVE","MARRIED",62026,31200,30826,0,46721,23524,23197,0,15305,7676,7629,0
"BALOCHISTAN","AWARAN","15 &  ABOVE","NEVER MARRIED",26602,11270,15317,15,18144,7655,10477,12,8458,3615,4840,3
"BALOCHISTAN","AWARAN","15 &  ABOVE","SEPERATION",42,22,20,0,33,17,16,0,9,5,4,0
"BALOCHISTAN","AWARAN","15 &  ABOVE","WIDOWED",1838,1478,360,0,1258,1006,252,0,580,472,108,0
"BALOCHISTAN","AWARAN","15 - 19","DIVORCED",9,5,4,0,5,4,1,0,4,1,3,0
"BALOCHISTAN","AWARAN","15 - 19","MARRIED",2738,1832,906,0,2176,1449,727,0,562,383,179,0
"BALOCHISTAN","AWARAN","15 - 19","NEVER MARRIED",15083,6707,8372,4,10683,4767,5914,2,4400,1940,2458,2
"BALOCHISTAN","AWARAN","15 - 19","SEPERATION",2,1,1,0,1,0,1,0,1,1,0,0
"BALOCHISTAN","AWARAN","15 - 19","WIDOWED",14,6,8,0,8,3,5,0,6,3,3,0
"BALOCHISTAN","AWARAN","20 - 24","DIVORCED",18,15,3,0,11,10,1,0,7,5,2,0
"BALOCHISTAN","AWARAN","20 - 24","MARRIED",7132,4373,2759,0,5543,3412,2131,0,1589,961,628,0
"BALOCHISTAN","AWARAN","20 - 24","NEVER MARRIED",6325,2286,4038,1,4196,1499,2697,0,2129,787,1341,1
"BALOCHISTAN","AWARAN","20 - 24","SEPERATION",4,1,3,0,2,1,1,0,2,0,2,0
"BALOCHISTAN","AWARAN","20 - 24","WIDOWED",37,30,7,0,24,18,6,0,13,12,1,0
"BALOCHISTAN","AWARAN","25 - 29","DIVORCED",23,12,11,0,16,9,7,0,7,3,4,0
"BALOCHISTAN","AWARAN","25 - 29","MARRIED",9278,4649,4629,0,7075,3492,3583,0,2203,1157,1046,0
"BALOCHISTAN","AWARAN","25 - 29","NEVER MARRIED",2855,1287,1563,5,1797,788,1004,5,1058,499,559,0
"BALOCHISTAN","AWARAN","25 - 29","SEPERATION",5,3,2,0,4,2,2,0,1,1,0,0
"BALOCHISTAN","AWARAN","25 - 29","WIDOWED",46,29,17,0,36,22,14,0,10,7,3,0
"BALOCHISTAN","AWARAN","30 - 34","DIVORCED",26,13,13,0,18,7,11,0,8,6,2,0
"BALOCHISTAN","AWARAN","30 - 34","MARRIED",8276,4347,3929,0,6076,3219,2857,0,2200,1128,1072,0
"BALOCHISTAN","AWARAN","30 - 34","NEVER MARRIED",1157,506,647,4,706,303,399,4,451,203,248,0
"BALOCHISTAN","AWARAN","30 - 34","SEPERATION",3,1,2,0,2,1,1,0,1,0,1,0
"BALOCHISTAN","AWARAN","30 - 34","WIDOWED",82,57,25,0,62,43,19,0,20,14,6,0
"BALOCHISTAN","AWARAN","35 - 39","DIVORCED",13,6,7,0,9,5,4,0,4,1,3,0
"BALOCHISTAN","AWARAN","35 - 39","MARRIED",9062,4554,4508,0,6797,3408,3389,0,2265,1146,1119,0
"BALOCHISTAN","AWARAN","35 - 39","NEVER MARRIED",619,272,347,0,401,164,237,0,218,108,110,0
"BALOCHISTAN","AWARAN","35 - 39","SEPERATION",4,1,3,0,3,0,3,0,1,1,0,0
"BALOCHISTAN","AWARAN","35 - 39","WIDOWED",112,91,21,0,72,56,16,0,40,35,5,0
"BALOCHISTAN","AWARAN","40 - 44","DIVORCED",12,7,5,0,9,5,4,0,3,2,1,0
"BALOCHISTAN","AWARAN","40 - 44","MARRIED",7368,3681,3687,0,5395,2690,2705,0,1973,991,982,0
"BALOCHISTAN","AWARAN","40 - 44","NEVER MARRIED",289,93,195,1,180,55,124,1,109,38,71,0
"BALOCHISTAN","AWARAN","40 - 44","SEPERATION",6,4,2,0,4,2,2,0,2,2,0,0
"BALOCHISTAN","AWARAN","40 - 44","WIDOWED",121,97,24,0,81,65,16,0,40,32,8,0
"BALOCHISTAN","AWARAN","45 - 49","DIVORCED",5,4,1,0,4,3,1,0,1,1,0,0
"BALOCHISTAN","AWARAN","45 - 49","MARRIED",4960,2291,2669,0,3759,1756,2003,0,1201,535,666,0
"BALOCHISTAN","AWARAN","45 - 49","NEVER MARRIED",107,48,59,0,71,30,41,0,36,18,18,0
"BALOCHISTAN","AWARAN","45 - 49","SEPERATION",3,0,3,0,3,0,3,0,0,0,0,0
"BALOCHISTAN","AWARAN","45 - 49","WIDOWED",130,107,23,0,95,76,19,0,35,31,4,0
"BALOCHISTAN","AWARAN","50 - 54","DIVORCED",4,3,1,0,1,0,1,0,3,3,0,0
"BALOCHISTAN","AWARAN","50 - 54","MARRIED",4349,2007,2342,0,3302,1508,1794,0,1047,499,548,0
"BALOCHISTAN","AWARAN","50 - 54","NEVER MARRIED",74,30,44,0,45,19,26,0,29,11,18,0
"BALOCHISTAN","AWARAN","50 - 54","SEPERATION",5,3,2,0,4,3,1,0,1,0,1,0
"BALOCHISTAN","AWARAN","50 - 54","WIDOWED",198,172,26,0,146,129,17,0,52,43,9,0
"BALOCHISTAN","AWARAN","55 - 59","DIVORCED",11,5,6,0,9,3,6,0,2,2,0,0
"BALOCHISTAN","AWARAN","55 - 59","MARRIED",3025,1299,1726,0,2252,966,1286,0,773,333,440,0
"BALOCHISTAN","AWARAN","55 - 59","NEVER MARRIED",38,21,17,0,31,17,14,0,7,4,3,0
"BALOCHISTAN","AWARAN","55 - 59","SEPERATION",1,1,0,0,1,1,0,0,0,0,0,0
"BALOCHISTAN","AWARAN","55 - 59","WIDOWED",190,161,29,0,139,118,21,0,51,43,8,0
"BALOCHISTAN","AWARAN","60 - 64","DIVORCED",2,1,1,0,2,1,1,0,0,0,0,0
"BALOCHISTAN","AWARAN","60 - 64","MARRIED",2295,868,1427,0,1745,658,1087,0,550,210,340,0
"BALOCHISTAN","AWARAN","60 - 64","NEVER MARRIED",27,10,17,0,17,7,10,0,10,3,7,0
"BALOCHISTAN","AWARAN","60 - 64","SEPERATION",5,3,2,0,5,3,2,0,0,0,0,0
"BALOCHISTAN","AWARAN","60 - 64","WIDOWED",171,143,28,0,122,101,21,0,49,42,7,0
"BALOCHISTAN","AWARAN","65 - 69","DIVORCED",5,4,1,0,4,3,1,0,1,1,0,0
"BALOCHISTAN","AWARAN","65 - 69","MARRIED",1559,619,940,0,1151,464,687,0,408,155,253,0
"BALOCHISTAN","AWARAN","65 - 69","NEVER MARRIED",13,2,11,0,9,2,7,0,4,0,4,0
"BALOCHISTAN","AWARAN","65 - 69","SEPERATION",1,1,0,0,1,1,0,0,0,0,0,0
"BALOCHISTAN","AWARAN","65 - 69","WIDOWED",192,166,26,0,123,106,17,0,69,60,9,0
"BALOCHISTAN","AWARAN","70 - 74","DIVORCED",0,0,0,0,0,0,0,0,0,0,0,0
"BALOCHISTAN","AWARAN","70 - 74","MARRIED",1058,399,659,0,779,293,486,0,279,106,173,0
"BALOCHISTAN","AWARAN","70 - 74","NEVER MARRIED",9,5,4,0,4,2,2,0,5,3,2,0
"BALOCHISTAN","AWARAN","70 - 74","SEPERATION",2,2,0,0,2,2,0,0,0,0,0,0
"BALOCHISTAN","AWARAN","70 - 74","WIDOWED",258,199,59,0,169,133,36,0,89,66,23,0
"BALOCHISTAN","AWARAN","75 & ABOVE","DIVORCED",3,2,1,0,3,2,1,0,0,0,0,0
"BALOCHISTAN","AWARAN","75 & ABOVE","MARRIED",926,281,645,0,671,209,462,0,255,72,183,0
"BALOCHISTAN","AWARAN","75 & ABOVE","NEVER MARRIED",6,3,3,0,4,2,2,0,2,1,1,0
"BALOCHISTAN","AWARAN","75 & ABOVE","SEPERATION",1,1,0,0,1,1,0,0,0,0,0,0
"BALOCHISTAN","AWARAN","75 & ABOVE","WIDOWED",287,220,67,0,181,136,45,0,106,84,22,0
"BALOCHISTAN","BALOCHISTAN","15 &  ABOVE","DIVORCED",7755,4934,2821,0,5284,3342,1942,0,2471,1592,879,0
"BALOCHISTAN","BALOCHISTAN","15 &  ABOVE","MARRIED",4988160,2501307,2486853,0,3496967,1761199,1735768,0,1491193,740108,751085,0
"BALOCHISTAN","BALOCHISTAN","15 &  ABOVE","NEVER MARRIED",2181322,916026,1264623,673,1391808,575199,816223,386,789514,340827,448400,287
"BALOCHISTAN","BALOCHISTAN","15 &  ABOVE","SEPERATION",6024,2712,3312,0,4620,2088,2532,0,1404,624,780,0
"BALOCHISTAN","BALOCHISTAN","15 &  ABOVE","WIDOWED",147619,114527,33092,0,97762,74952,22810,0,49857,39575,10282,0
"BALOCHISTAN","BALOCHISTAN","15 - 19","DIVORCED",320,161,159,0,236,117,119,0,84,44,40,0
"BALOCHISTAN","BALOCHISTAN","15 - 19","MARRIED",326446,200525,125921,0,253191,154524,98667,0,73255,46001,27254,0
"BALOCHISTAN","BALOCHISTAN","15 - 19","NEVER MARRIED",1284958,557671,727020,267,862235,368448,493635,152,422723,189223,233385,115
"BALOCHISTAN","BALOCHISTAN","15 - 19","SEPERATION",564,160,404,0,431,112,319,0,133,48,85,0
"BALOCHISTAN","BALOCHISTAN","15 - 19","WIDOWED",854,309,545,0,663,233,430,0,191,76,115,0
"BALOCHISTAN","BALOCHISTAN","20 - 24","DIVORCED",770,512,258,0,548,367,181,0,222,145,77,0
"BALOCHISTAN","BALOCHISTAN","20 - 24","MARRIED",682308,398772,283536,0,501978,290277,211701,0,180330,108495,71835,0
"BALOCHISTAN","BALOCHISTAN","20 - 24","NEVER MARRIED",529993,210784,319085,124,322903,125800,197038,65,207090,84984,122047,59
"BALOCHISTAN","BALOCHISTAN","20 - 24","SEPERATION",588,230,358,0,436,168,268,0,152,62,90,0
"BALOCHISTAN","BALOCHISTAN","20 - 24","WIDOWED",1985,1082,903,0,1500,785,715,0,485,297,188,0
"BALOCHISTAN","BALOCHISTAN","25 - 29","DIVORCED",1062,684,378,0,703,460,243,0,359,224,135,0
"BALOCHISTAN","BALOCHISTAN","25 - 29","MARRIED",755463,397746,357717,0,530951,277412,253539,0,224512,120334,104178,0
"BALOCHISTAN","BALOCHISTAN","25 - 29","NEVER MARRIED",204987,81563,123348,76,117023,45471,71503,49,87964,36092,51845,27
"BALOCHISTAN","BALOCHISTAN","25 - 29","SEPERATION",656,257,399,0,511,200,311,0,145,57,88,0
"BALOCHISTAN","BALOCHISTAN","25 - 29","WIDOWED",3379,2107,1272,0,2480,1524,956,0,899,583,316,0
"BALOCHISTAN","BALOCHISTAN","30 - 34","DIVORCED",1203,802,401,0,794,527,267,0,409,275,134,0
"BALOCHISTAN","BALOCHISTAN","30 - 34","MARRIED",694373,359580,334793,0,479080,249237,229843,0,215293,110343,104950,0
"BALOCHISTAN","BALOCHISTAN","30 - 34","NEVER MARRIED",82408,37769,44589,50,46106,20321,25752,33,36302,17448,18837,17
"BALOCHISTAN","BALOCHISTAN","30 - 34","SEPERATION",738,309,429,0,564,230,334,0,174,79,95,0
"BALOCHISTAN","BALOCHISTAN","30 - 34","WIDOWED",4925,3416,1509,0,3525,2435,1090,0,1400,981,419,0
"BALOCHISTAN","BALOCHISTAN","35 - 39","DIVORCED",1141,761,380,0,753,497,256,0,388,264,124,0
"BALOCHISTAN","BALOCHISTAN","35 - 39","MARRIED",637881,314596,323285,0,437503,216631,220872,0,200378,97965,102413,0
"BALOCHISTAN","BALOCHISTAN","35 - 39","NEVER MARRIED",38143,13827,24275,41,21312,7555,13740,17,16831,6272,10535,24
"BALOCHISTAN","BALOCHISTAN","35 - 39","SEPERATION",758,352,406,0,592,282,310,0,166,70,96,0
"BALOCHISTAN","BALOCHISTAN","35 - 39","WIDOWED",7229,5337,1892,0,5130,3751,1379,0,2099,1586,513,0
"BALOCHISTAN","BALOCHISTAN","40 - 44","DIVORCED",999,684,315,0,660,452,208,0,339,232,107,0
"BALOCHISTAN","BALOCHISTAN","40 - 44","MARRIED",551723,261701,290022,0,377487,180040,197447,0,174236,81661,92575,0
"BALOCHISTAN","BALOCHISTAN","40 - 44","NEVER MARRIED",17895,6651,11220,24,9948,3549,6389,10,7947,3102,4831,14
"BALOCHISTAN","BALOCHISTAN","40 - 44","SEPERATION",593,299,294,0,463,241,222,0,130,58,72,0
"BALOCHISTAN","BALOCHISTAN","40 - 44","WIDOWED",10399,8124,2275,0,7196,5576,1620,0,3203,2548,655,0
"BALOCHISTAN","BALOCHISTAN","45 - 49","DIVORCED",723,460,263,0,487,297,190,0,236,163,73,0
"BALOCHISTAN","BALOCHISTAN","45 - 49","MARRIED",389254,177406,211848,0,263035,121284,141751,0,126219,56122,70097,0
"BALOCHISTAN","BALOCHISTAN","45 - 49","NEVER MARRIED",9286,3247,6021,18,5068,1700,3354,14,4218,1547,2667,4
"BALOCHISTAN","BALOCHISTAN","45 - 49","SEPERATION",526,295,231,0,396,231,165,0,130,64,66,0
"BALOCHISTAN","BALOCHISTAN","45 - 49","WIDOWED",11581,9280,2301,0,7627,6052,1575,0,3954,3228,726,0
"BALOCHISTAN","BALOCHISTAN","50 - 54","DIVORCED",497,324,173,0,331,218,113,0,166,106,60,0
"BALOCHISTAN","BALOCHISTAN","50 - 54","MARRIED",310535,142273,168262,0,212058,98258,113800,0,98477,44015,54462,0
"BALOCHISTAN","BALOCHISTAN","50 - 54","NEVER MARRIED",5187,1835,3328,24,2665,926,1725,14,2522,909,1603,10
"BALOCHISTAN","BALOCHISTAN","50 - 54","SEPERATION",452,250,202,0,340,191,149,0,112,59,53,0
"BALOCHISTAN","BALOCHISTAN","50 - 54","WIDOWED",16342,13439,2903,0,10581,8610,1971,0,5761,4829,932,0
"BALOCHISTAN","BALOCHISTAN","55 - 59","DIVORCED",369,210,159,0,253,140,113,0,116,70,46,0
"BALOCHISTAN","BALOCHISTAN","55 - 59","MARRIED",225199,94996,130203,0,152178,65093,87085,0,73021,29903,43118,0
"BALOCHISTAN","BALOCHISTAN","55 - 59","NEVER MARRIED",3425,1145,2263,17,1852,612,1230,10,1573,533,1033,7
"BALOCHISTAN","BALOCHISTAN","55 - 59","SEPERATION",316,165,151,0,226,114,112,0,90,51,39,0
"BALOCHISTAN","BALOCHISTAN","55 - 59","WIDOWED",16151,13079,3072,0,10072,8062,2010,0,6079,5017,1062,0
"BALOCHISTAN","BALOCHISTAN","60 - 64","DIVORCED",275,139,136,0,212,112,100,0,63,27,36,0
"BALOCHISTAN","BALOCHISTAN","60 - 64","MARRIED",166595,65624,100971,0,114543,45878,68665,0,52052,19746,32306,0
"BALOCHISTAN","BALOCHISTAN","60 - 64","NEVER MARRIED",2180,688,1482,10,1143,360,777,6,1037,328,705,4
"BALOCHISTAN","BALOCHISTAN","60 - 64","SEPERATION",267,150,117,0,203,118,85,0,64,32,32,0
"BALOCHISTAN","BALOCHISTAN","60 - 64","WIDOWED",19116,15515,3601,0,12258,9835,2423,0,6858,5680,1178,0
"BALOCHISTAN","BALOCHISTAN","65 - 69","DIVORCED",170,94,76,0,129,71,58,0,41,23,18,0
"BALOCHISTAN","BALOCHISTAN","65 - 69","MARRIED",107338,41170,66168,0,73943,28809,45134,0,33395,12361,21034,0
"BALOCHISTAN","BALOCHISTAN","65 - 69","NEVER MARRIED",1404,394,1000,10,739,211,520,8,665,183,480,2
"BALOCHISTAN","BALOCHISTAN","65 - 69","SEPERATION",179,94,85,0,133,72,61,0,46,22,24,0
"BALOCHISTAN","BALOCHISTAN","65 - 69","WIDOWED",16932,13516,3416,0,10642,8398,2244,0,6290,5118,1172,0
"BALOCHISTAN","BALOCHISTAN","70 - 74","DIVORCED",90,49,41,0,68,38,30,0,22,11,11,0
"BALOCHISTAN","BALOCHISTAN","70 - 74","MARRIED",73766,26045,47721,0,52405,18818,33587,0,21361,7227,14134,0
"BALOCHISTAN","BALOCHISTAN","70 - 74","NEVER MARRIED",657,231,423,3,365,120,243,2,292,111,180,1
"BALOCHISTAN","BALOCHISTAN","70 - 74","SEPERATION",147,75,72,0,128,69,59,0,19,6,13,0
"BALOCHISTAN","BALOCHISTAN","70 - 74","WIDOWED",17178,13532,3646,0,11363,8925,2438,0,5815,4607,1208,0
"BALOCHISTAN","BALOCHISTAN","75 & ABOVE","DIVORCED",136,54,82,0,110,46,64,0,26,8,18,0
"BALOCHISTAN","BALOCHISTAN","75 & ABOVE","MARRIED",67279,20873,46406,0,48615,14938,33677,0,18664,5935,12729,0
"BALOCHISTAN","BALOCHISTAN","75 & ABOVE","NEVER MARRIED",799,221,569,9,449,126,317,6,350,95,252,3
"BALOCHISTAN","BALOCHISTAN","75 & ABOVE","SEPERATION",240,76,164,0,197,60,137,0,43,16,27,0
"BALOCHISTAN","BALOCHISTAN","75 & ABOVE","WIDOWED",21548,15791,5757,0,14725,10766,3959,0,6823,5025,1798,0
"BALOCHISTAN","BARKHAN","15 &  ABOVE","DIVORCED",45,36,9,0,43,34,9,0,2,2,0,0
"BALOCHISTAN","BARKHAN","15 &  ABOVE","MARRIED",66158,33581,32577,0,61336,31131,30205,0,4822,2450,2372,0
"BALOCHISTAN","BARKHAN","15 &  ABOVE","NEVER MARRIED",26421,10390,16025,6,23874,9309,14560,5,2547,1081,1465,1
"BALOCHISTAN","BARKHAN","15 &  ABOVE","SEPERATION",49,26,23,0,49,26,23,0,0,0,0,0
"BALOCHISTAN","BARKHAN","15 &  ABOVE","WIDOWED",2673,2205,468,0,2387,1951,436,0,286,254,32,0
"BALOCHISTAN","BARKHAN","15 - 19","DIVORCED",1,1,0,0,1,1,0,0,0,0,0,0
"BALOCHISTAN","BARKHAN","15 - 19","MARRIED",2848,1641,1207,0,2728,1559,1169,0,120,82,38,0
"BALOCHISTAN","BARKHAN","15 - 19","NEVER MARRIED",15641,6679,8959,3,14248,6077,8168,3,1393,602,791,0
"BALOCHISTAN","BARKHAN","15 - 19","SEPERATION",3,0,3,0,3,0,3,0,0,0,0,0
"BALOCHISTAN","BARKHAN","15 - 19","WIDOWED",19,10,9,0,19,10,9,0,0,0,0,0
"BALOCHISTAN","BARKHAN","20 - 24","DIVORCED",3,1,2,0,3,1,2,0,0,0,0,0
"BALOCHISTAN","BARKHAN","20 - 24","MARRIED",8401,5028,3373,0,7834,4662,3172,0,567,366,201,0
"BALOCHISTAN","BARKHAN","20 - 24","NEVER MARRIED",6314,2197,4116,1,5702,1944,3757,1,612,253,359,0
"BALOCHISTAN","BARKHAN","20 - 24","SEPERATION",5,3,2,0,5,3,2,0,0,0,0,0
"BALOCHISTAN","BARKHAN","20 - 24","WIDOWED",27,14,13,0,25,14,11,0,2,0,2,0
"BALOCHISTAN","BARKHAN","25 - 29","DIVORCED",10,9,1,0,9,8,1,0,1,1,0,0
"BALOCHISTAN","BARKHAN","25 - 29","MARRIED",8771,4564,4207,0,8088,4215,3873,0,683,349,334,0
"BALOCHISTAN","BARKHAN","25 - 29","NEVER MARRIED",2521,889,1632,0,2217,758,1459,0,304,131,173,0
"BALOCHISTAN","BARKHAN","25 - 29","SEPERATION",4,2,2,0,4,2,2,0,0,0,0,0
"BALOCHISTAN","BARKHAN","25 - 29","WIDOWED",50,21,29,0,49,20,29,0,1,1,0,0
"BALOCHISTAN","BARKHAN","30 - 34","DIVORCED",2,2,0,0,2,2,0,0,0,0,0,0
"BALOCHISTAN","BARKHAN","30 - 34","MARRIED",9487,5147,4340,0,8756,4746,4010,0,731,401,330,0
"BALOCHISTAN","BARKHAN","30 - 34","NEVER MARRIED",1076,363,713,0,951,315,636,0,125,48,77,0
"BALOCHISTAN","BARKHAN","30 - 34","SEPERATION",6,1,5,0,6,1,5,0,0,0,0,0
"BALOCHISTAN","BARKHAN","30 - 34","WIDOWED",48,38,10,0,44,36,8,0,4,2,2,0
"BALOCHISTAN","BARKHAN","35 - 39","DIVORCED",10,8,2,0,10,8,2,0,0,0,0,0
"BALOCHISTAN","BARKHAN","35 - 39","MARRIED",8342,4207,4135,0,7730,3871,3859,0,612,336,276,0
"BALOCHISTAN","BARKHAN","35 - 39","NEVER MARRIED",478,146,331,1,409,113,296,0,69,33,35,1
"BALOCHISTAN","BARKHAN","35 - 39","SEPERATION",7,4,3,0,7,4,3,0,0,0,0,0
"BALOCHISTAN","BARKHAN","35 - 39","WIDOWED",116,90,26,0,108,84,24,0,8,6,2,0
"BALOCHISTAN","BARKHAN","40 - 44","DIVORCED",3,3,0,0,2,2,0,0,1,1,0,0
"BALOCHISTAN","BARKHAN","40 - 44","MARRIED",7615,3632,3983,0,7018,3358,3660,0,597,274,323,0
"BALOCHISTAN","BARKHAN","40 - 44","NEVER MARRIED",189,56,133,0,164,47,117,0,25,9,16,0
"BALOCHISTAN","BARKHAN","40 - 44","SEPERATION",7,5,2,0,7,5,2,0,0,0,0,0
"BALOCHISTAN","BARKHAN","40 - 44","WIDOWED",123,92,31,0,111,80,31,0,12,12,0,0
"BALOCHISTAN","BARKHAN","45 - 49","DIVORCED",1,1,0,0,1,1,0,0,0,0,0,0
"BALOCHISTAN","BARKHAN","45 - 49","MARRIED",5337,2528,2809,0,4951,2356,2595,0,386,172,214,0
"BALOCHISTAN","BARKHAN","45 - 49","NEVER MARRIED",88,25,63,0,78,22,56,0,10,3,7,0
"BALOCHISTAN","BARKHAN","45 - 49","SEPERATION",3,1,2,0,3,1,2,0,0,0,0,0
"BALOCHISTAN","BARKHAN","45 - 49","WIDOWED",147,123,24,0,133,110,23,0,14,13,1,0
"BALOCHISTAN","BARKHAN","50 - 54","DIVORCED",4,4,0,0,4,4,0,0,0,0,0,0
"BALOCHISTAN","BARKHAN","50 - 54","MARRIED",5037,2497,2540,0,4658,2317,2341,0,379,180,199,0
"BALOCHISTAN","BARKHAN","50 - 54","NEVER MARRIED",43,11,31,1,39,11,27,1,4,0,4,0
"BALOCHISTAN","BARKHAN","50 - 54","SEPERATION",3,1,2,0,3,1,2,0,0,0,0,0
"BALOCHISTAN","BARKHAN","50 - 54","WIDOWED",285,252,33,0,242,210,32,0,43,42,1,0
"BALOCHISTAN","BARKHAN","55 - 59","DIVORCED",2,2,0,0,2,2,0,0,0,0,0,0
"BALOCHISTAN","BARKHAN","55 - 59","MARRIED",3144,1416,1728,0,2848,1286,1562,0,296,130,166,0
"BALOCHISTAN","BARKHAN","55 - 59","NEVER MARRIED",24,8,16,0,22,8,14,0,2,0,2,0
"BALOCHISTAN","BARKHAN","55 - 59","SEPERATION",1,1,0,0,1,1,0,0,0,0,0,0
"BALOCHISTAN","BARKHAN","55 - 59","WIDOWED",236,200,36,0,204,173,31,0,32,27,5,0
"BALOCHISTAN","BARKHAN","60 - 64","DIVORCED",2,2,0,0,2,2,0,0,0,0,0,0
"BALOCHISTAN","BARKHAN","60 - 64","MARRIED",2654,1109,1545,0,2459,1036,1423,0,195,73,122,0
"BALOCHISTAN","BARKHAN","60 - 64","NEVER MARRIED",26,8,18,0,25,7,18,0,1,1,0,0
"BALOCHISTAN","BARKHAN","60 - 64","SEPERATION",3,2,1,0,3,2,1,0,0,0,0,0
"BALOCHISTAN","BARKHAN","60 - 64","WIDOWED",336,297,39,0,294,261,33,0,42,36,6,0
"BALOCHISTAN","BARKHAN","65 - 69","DIVORCED",1,1,0,0,1,1,0,0,0,0,0,0
"BALOCHISTAN","BARKHAN","65 - 69","MARRIED",1762,772,990,0,1646,733,913,0,116,39,77,0
"BALOCHISTAN","BARKHAN","65 - 69","NEVER MARRIED",7,3,4,0,6,3,3,0,1,0,1,0
"BALOCHISTAN","BARKHAN","65 - 69","SEPERATION",3,3,0,0,3,3,0,0,0,0,0,0
"BALOCHISTAN","BARKHAN","65 - 69","WIDOWED",333,285,48,0,290,245,45,0,43,40,3,0
"BALOCHISTAN","BARKHAN","70 - 74","DIVORCED",1,1,0,0,1,1,0,0,0,0,0,0
"BALOCHISTAN","BARKHAN","70 - 74","MARRIED",1465,563,902,0,1391,541,850,0,74,22,52,0
"BALOCHISTAN","BARKHAN","70 - 74","NEVER MARRIED",9,4,5,0,8,3,5,0,1,1,0,0
"BALOCHISTAN","BARKHAN","70 - 74","SEPERATION",2,2,0,0,2,2,0,0,0,0,0,0
"BALOCHISTAN","BARKHAN","70 - 74","WIDOWED",378,315,63,0,336,279,57,0,42,36,6,0
"BALOCHISTAN","BARKHAN","75 & ABOVE","DIVORCED",5,1,4,0,5,1,4,0,0,0,0,0
"BALOCHISTAN","BARKHAN","75 & ABOVE","MARRIED",1295,477,818,0,1229,451,778,0,66,26,40,0
"BALOCHISTAN","BARKHAN","75 & ABOVE","NEVER MARRIED",5,1,4,0,5,1,4,0,0,0,0,0
"BALOCHISTAN","BARKHAN","75 & ABOVE","SEPERATION",2,1,1,0,2,1,1,0,0,0,0,0
"BALOCHISTAN","BARKHAN","75 & ABOVE","WIDOWED",575,468,107,0,532,429,103,0,43,39,4,0
"BALOCHISTAN","CHAGAI","15 &  ABOVE","DIVORCED",110,81,29,0,94,74,20,0,16,7,9,0
"BALOCHISTAN","CHAGAI","15 &  ABOVE","MARRIED",82086,40984,41102,0,76250,38084,38166,0,5836,2900,2936,0
"BALOCHISTAN","CHAGAI","15 &  ABOVE","NEVER MARRIED",43409,17771,25634,4,38870,15727,23139,4,4539,2044,2495,0
"BALOCHISTAN","CHAGAI","15 &  ABOVE","SEPERATION",47,27,20,0,42,26,16,0,5,1,4,0
"BALOCHISTAN","CHAGAI","15 &  ABOVE","WIDOWED",2817,2386,431,0,2464,2074,390,0,353,312,41,0
"BALOCHISTAN","CHAGAI","15 - 19","DIVORCED",7,7,0,0,7,7,0,0,0,0,0,0
"BALOCHISTAN","CHAGAI","15 - 19","MARRIED",3787,2845,942,0,3653,2748,905,0,134,97,37,0
"BALOCHISTAN","CHAGAI","15 - 19","NEVER MARRIED",25167,10831,14333,3,22890,9733,13154,3,2277,1098,1179,0
"BALOCHISTAN","CHAGAI","15 - 19","SEPERATION",1,1,0,0,1,1,0,0,0,0,0,0
"BALOCHISTAN","CHAGAI","15 - 19","WIDOWED",10,6,4,0,7,4,3,0,3,2,1,0
"BALOCHISTAN","CHAGAI","20 - 24","DIVORCED",15,10,5,0,13,9,4,0,2,1,1,0
"BALOCHISTAN","CHAGAI","20 - 24","MARRIED",10541,6488,4053,0,10047,6153,3894,0,494,335,159,0
"BALOCHISTAN","CHAGAI","20 - 24","NEVER MARRIED",11366,4336,7030,0,10186,3817,6369,0,1180,519,661,0
"BALOCHISTAN","CHAGAI","20 - 24","SEPERATION",5,2,3,0,5,2,3,0,0,0,0,0
"BALOCHISTAN","CHAGAI","20 - 24","WIDOWED",50,37,13,0,48,35,13,0,2,2,0,0
"BALOCHISTAN","CHAGAI","25 - 29","DIVORCED",19,12,7,0,16,12,4,0,3,0,3,0
"BALOCHISTAN","CHAGAI","25 - 29","MARRIED",11986,6611,5375,0,11170,6091,5079,0,816,520,296,0
"BALOCHISTAN","CHAGAI","25 - 29","NEVER MARRIED",3978,1475,2502,1,3404,1250,2153,1,574,225,349,0
"BALOCHISTAN","CHAGAI","25 - 29","SEPERATION",8,6,2,0,7,5,2,0,1,1,0,0
"BALOCHISTAN","CHAGAI","25 - 29","WIDOWED",69,55,14,0,60,48,12,0,9,7,2,0
"BALOCHISTAN","CHAGAI","30 - 34","DIVORCED",19,15,4,0,18,14,4,0,1,1,0,0
"BALOCHISTAN","CHAGAI","30 - 34","MARRIED",11607,6048,5559,0,10780,5612,5168,0,827,436,391,0
"BALOCHISTAN","CHAGAI","30 - 34","NEVER MARRIED",1586,588,998,0,1309,486,823,0,277,102,175,0
"BALOCHISTAN","CHAGAI","30 - 34","SEPERATION",1,1,0,0,1,1,0,0,0,0,0,0
"BALOCHISTAN","CHAGAI","30 - 34","WIDOWED",116,92,24,0,105,83,22,0,11,9,2,0
"BALOCHISTAN","CHAGAI","35 - 39","DIVORCED",21,14,7,0,18,13,5,0,3,1,2,0
"BALOCHISTAN","CHAGAI","35 - 39","MARRIED",11398,5655,5743,0,10527,5190,5337,0,871,465,406,0
"BALOCHISTAN","CHAGAI","35 - 39","NEVER MARRIED",713,299,414,0,609,254,355,0,104,45,59,0
"BALOCHISTAN","CHAGAI","35 - 39","SEPERATION",9,2,7,0,6,2,4,0,3,0,3,0
"BALOCHISTAN","CHAGAI","35 - 39","WIDOWED",147,118,29,0,131,103,28,0,16,15,1,0
"BALOCHISTAN","CHAGAI","40 - 44","DIVORCED",13,9,4,0,10,8,2,0,3,1,2,0
"BALOCHISTAN","CHAGAI","40 - 44","MARRIED",10219,4500,5719,0,9332,4135,5197,0,887,365,522,0
"BALOCHISTAN","CHAGAI","40 - 44","NEVER MARRIED",360,159,201,0,284,124,160,0,76,35,41,0
"BALOCHISTAN","CHAGAI","40 - 44","SEPERATION",4,2,2,0,4,2,2,0,0,0,0,0
"BALOCHISTAN","CHAGAI","40 - 44","WIDOWED",220,183,37,0,198,166,32,0,22,17,5,0
"BALOCHISTAN","CHAGAI","45 - 49","DIVORCED",3,1,2,0,2,1,1,0,1,0,1,0
"BALOCHISTAN","CHAGAI","45 - 49","MARRIED",6508,2813,3695,0,5969,2593,3376,0,539,220,319,0
"BALOCHISTAN","CHAGAI","45 - 49","NEVER MARRIED",121,39,82,0,95,30,65,0,26,9,17,0
"BALOCHISTAN","CHAGAI","45 - 49","SEPERATION",4,2,2,0,4,2,2,0,0,0,0,0
"BALOCHISTAN","CHAGAI","45 - 49","WIDOWED",216,185,31,0,183,159,24,0,33,26,7,0
"BALOCHISTAN","CHAGAI","50 - 54","DIVORCED",7,7,0,0,6,6,0,0,1,1,0,0
"BALOCHISTAN","CHAGAI","50 - 54","MARRIED",5438,2373,3065,0,5004,2177,2827,0,434,196,238,0
"BALOCHISTAN","CHAGAI","50 - 54","NEVER MARRIED",54,22,32,0,41,16,25,0,13,6,7,0
"BALOCHISTAN","CHAGAI","50 - 54","SEPERATION",3,2,1,0,3,2,1,0,0,0,0,0
"BALOCHISTAN","CHAGAI","50 - 54","WIDOWED",287,245,42,0,249,209,40,0,38,36,2,0
"BALOCHISTAN","CHAGAI","55 - 59","DIVORCED",2,2,0,0,1,1,0,0,1,1,0,0
"BALOCHISTAN","CHAGAI","55 - 59","MARRIED",3815,1425,2390,0,3508,1326,2182,0,307,99,208,0
"BALOCHISTAN","CHAGAI","55 - 59","NEVER MARRIED",29,11,18,0,26,8,18,0,3,3,0,0
"BALOCHISTAN","CHAGAI","55 - 59","SEPERATION",1,1,0,0,1,1,0,0,0,0,0,0
"BALOCHISTAN","CHAGAI","55 - 59","WIDOWED",321,276,45,0,260,222,38,0,61,54,7,0
"BALOCHISTAN","CHAGAI","60 - 64","DIVORCED",1,1,0,0,1,1,0,0,0,0,0,0
"BALOCHISTAN","CHAGAI","60 - 64","MARRIED",2576,895,1681,0,2363,823,1540,0,213,72,141,0
"BALOCHISTAN","CHAGAI","60 - 64","NEVER MARRIED",14,4,10,0,12,4,8,0,2,0,2,0
"BALOCHISTAN","CHAGAI","60 - 64","SEPERATION",5,4,1,0,5,4,1,0,0,0,0,0
"BALOCHISTAN","CHAGAI","60 - 64","WIDOWED",305,274,31,0,269,242,27,0,36,32,4,0
"BALOCHISTAN","CHAGAI","65 - 69","DIVORCED",1,1,0,0,1,1,0,0,0,0,0,0
"BALOCHISTAN","CHAGAI","65 - 69","MARRIED",1811,659,1152,0,1654,609,1045,0,157,50,107,0
"BALOCHISTAN","CHAGAI","65 - 69","NEVER MARRIED",9,3,6,0,6,2,4,0,3,1,2,0
"BALOCHISTAN","CHAGAI","65 - 69","SEPERATION",2,1,1,0,2,1,1,0,0,0,0,0
"BALOCHISTAN","CHAGAI","65 - 69","WIDOWED",328,302,26,0,269,246,23,0,59,56,3,0
"BALOCHISTAN","CHAGAI","70 - 74","DIVORCED",2,2,0,0,1,1,0,0,1,1,0,0
"BALOCHISTAN","CHAGAI","70 - 74","MARRIED",1235,389,846,0,1138,358,780,0,97,31,66,0
"BALOCHISTAN","CHAGAI","70 - 74","NEVER MARRIED",4,1,3,0,1,0,1,0,3,1,2,0
"BALOCHISTAN","CHAGAI","70 - 74","SEPERATION",2,2,0,0,2,2,0,0,0,0,0,0
"BALOCHISTAN","CHAGAI","70 - 74","WIDOWED",310,270,40,0,276,238,38,0,34,32,2,0
"BALOCHISTAN","CHAGAI","75 & ABOVE","DIVORCED",0,0,0,0,0,0,0,0,0,0,0,0
"BALOCHISTAN","CHAGAI","75 & ABOVE","MARRIED",1165,283,882,0,1105,269,836,0,60,14,46,0
"BALOCHISTAN","CHAGAI","75 & ABOVE","NEVER MARRIED",8,3,5,0,7,3,4,0,1,0,1,0
"BALOCHISTAN","CHAGAI","75 & ABOVE","SEPERATION",2,1,1,0,1,1,0,0,1,0,1,0
"BALOCHISTAN","CHAGAI","75 & ABOVE","WIDOWED",438,343,95,0,409,319,90,0,29,24,5,0
"BALOCHISTAN","CHAMAN","15 &  ABOVE","DIVORCED",9,6,3,0,3,3,0,0,6,3,3,0
"BALOCHISTAN","CHAMAN","15 &  ABOVE","MARRIED",137922,69851,68071,0,96051,48679,47372,0,41871,21172,20699,0
"BALOCHISTAN","CHAMAN","15 &  ABOVE","NEVER MARRIED",74820,28480,46332,8,51691,19283,32401,7,23129,9197,13931,1
"BALOCHISTAN","CHAMAN","15 &  ABOVE","SEPERATION",41,22,19,0,19,10,9,0,22,12,10,0
"BALOCHISTAN","CHAMAN","15 &  ABOVE","WIDOWED",1511,1320,191,0,974,853,121,0,537,467,70,0
"BALOCHISTAN","CHAMAN","15 - 19","DIVORCED",0,0,0,0,0,0,0,0,0,0,0,0
"BALOCHISTAN","CHAMAN","15 - 19","MARRIED",7499,5141,2358,0,5779,3918,1861,0,1720,1223,497,0
"BALOCHISTAN","CHAMAN","15 - 19","NEVER MARRIED",46425,18966,27456,3,32446,12910,19534,2,13979,6056,7922,1
"BALOCHISTAN","CHAMAN","15 - 19","SEPERATION",16,8,8,0,6,2,4,0,10,6,4,0
"BALOCHISTAN","CHAMAN","15 - 19","WIDOWED",4,1,3,0,4,1,3,0,0,0,0,0
"BALOCHISTAN","CHAMAN","20 - 24","DIVORCED",2,1,1,0,0,0,0,0,2,1,1,0
"BALOCHISTAN","CHAMAN","20 - 24","MARRIED",22544,13411,9133,0,16145,9494,6651,0,6399,3917,2482,0
"BALOCHISTAN","CHAMAN","20 - 24","NEVER MARRIED",20163,6774,13388,1,13553,4498,9054,1,6610,2276,4334,0
"BALOCHISTAN","CHAMAN","20 - 24","SEPERATION",4,1,3,0,1,1,0,0,3,0,3,0
"BALOCHISTAN","CHAMAN","20 - 24","WIDOWED",16,7,9,0,13,6,7,0,3,1,2,0
"BALOCHISTAN","CHAMAN","25 - 29","DIVORCED",1,1,0,0,1,1,0,0,0,0,0,0
"BALOCHISTAN","CHAMAN","25 - 29","MARRIED",23425,12244,11181,0,16260,8458,7802,0,7165,3786,3379,0
"BALOCHISTAN","CHAMAN","25 - 29","NEVER MARRIED",5253,1597,3656,0,3497,1037,2460,0,1756,560,1196,0
"BALOCHISTAN","CHAMAN","25 - 29","SEPERATION",4,2,2,0,2,1,1,0,2,1,1,0
"BALOCHISTAN","CHAMAN","25 - 29","WIDOWED",31,21,10,0,18,14,4,0,13,7,6,0
"BALOCHISTAN","CHAMAN","30 - 34","DIVORCED",1,0,1,0,0,0,0,0,1,0,1,0
"BALOCHISTAN","CHAMAN","30 - 34","MARRIED",19478,9617,9861,0,13478,6647,6831,0,6000,2970,3030,0
"BALOCHISTAN","CHAMAN","30 - 34","NEVER MARRIED",1574,552,1021,1,1089,367,721,1,485,185,300,0
"BALOCHISTAN","CHAMAN","30 - 34","SEPERATION",1,0,1,0,0,0,0,0,1,0,1,0
"BALOCHISTAN","CHAMAN","30 - 34","WIDOWED",23,23,0,0,12,12,0,0,11,11,0,0
"BALOCHISTAN","CHAMAN","35 - 39","DIVORCED",3,2,1,0,1,1,0,0,2,1,1,0
"BALOCHISTAN","CHAMAN","35 - 39","MARRIED",17190,8332,8858,0,12032,5819,6213,0,5158,2513,2645,0
"BALOCHISTAN","CHAMAN","35 - 39","NEVER MARRIED",665,238,424,3,511,175,333,3,154,63,91,0
"BALOCHISTAN","CHAMAN","35 - 39","SEPERATION",2,1,1,0,1,0,1,0,1,1,0,0
"BALOCHISTAN","CHAMAN","35 - 39","WIDOWED",64,55,9,0,40,35,5,0,24,20,4,0
"BALOCHISTAN","CHAMAN","40 - 44","DIVORCED",0,0,0,0,0,0,0,0,0,0,0,0
"BALOCHISTAN","CHAMAN","40 - 44","MARRIED",13996,6662,7334,0,9578,4564,5014,0,4418,2098,2320,0
"BALOCHISTAN","CHAMAN","40 - 44","NEVER MARRIED",271,116,155,0,204,90,114,0,67,26,41,0
"BALOCHISTAN","CHAMAN","40 - 44","SEPERATION",2,0,2,0,2,0,2,0,0,0,0,0
"BALOCHISTAN","CHAMAN","40 - 44","WIDOWED",109,98,11,0,78,71,7,0,31,27,4,0
"BALOCHISTAN","CHAMAN","45 - 49","DIVORCED",0,0,0,0,0,0,0,0,0,0,0,0
"BALOCHISTAN","CHAMAN","45 - 49","MARRIED",9794,4423,5371,0,6584,3004,3580,0,3210,1419,1791,0
"BALOCHISTAN","CHAMAN","45 - 49","NEVER MARRIED",152,64,88,0,113,48,65,0,39,16,23,0
"BALOCHISTAN","CHAMAN","45 - 49","SEPERATION",4,4,0,0,3,3,0,0,1,1,0,0
"BALOCHISTAN","CHAMAN","45 - 49","WIDOWED",117,109,8,0,68,63,5,0,49,46,3,0
"BALOCHISTAN","CHAMAN","50 - 54","DIVORCED",0,0,0,0,0,0,0,0,0,0,0,0
"BALOCHISTAN","CHAMAN","50 - 54","MARRIED",7348,3448,3900,0,4916,2307,2609,0,2432,1141,1291,0
"BALOCHISTAN","CHAMAN","50 - 54","NEVER MARRIED",80,41,39,0,63,33,30,0,17,8,9,0
"BALOCHISTAN","CHAMAN","50 - 54","SEPERATION",0,0,0,0,0,0,0,0,0,0,0,0
"BALOCHISTAN","CHAMAN","50 - 54","WIDOWED",157,139,18,0,93,83,10,0,64,56,8,0
"BALOCHISTAN","CHAMAN","55 - 59","DIVORCED",1,1,0,0,0,0,0,0,1,1,0,0
"BALOCHISTAN","CHAMAN","55 - 59","MARRIED",5819,2381,3438,0,3945,1627,2318,0,1874,754,1120,0
"BALOCHISTAN","CHAMAN","55 - 59","NEVER MARRIED",73,41,32,0,67,39,28,0,6,2,4,0
"BALOCHISTAN","CHAMAN","55 - 59","SEPERATION",2,2,0,0,0,0,0,0,2,2,0,0
"BALOCHISTAN","CHAMAN","55 - 59","WIDOWED",178,162,16,0,109,100,9,0,69,62,7,0
"BALOCHISTAN","CHAMAN","60 - 64","DIVORCED",0,0,0,0,0,0,0,0,0,0,0,0
"BALOCHISTAN","CHAMAN","60 - 64","MARRIED",4029,1637,2392,0,2755,1094,1661,0,1274,543,731,0
"BALOCHISTAN","CHAMAN","60 - 64","NEVER MARRIED",59,33,26,0,53,33,20,0,6,0,6,0
"BALOCHISTAN","CHAMAN","60 - 64","SEPERATION",1,1,0,0,0,0,0,0,1,1,0,0
"BALOCHISTAN","CHAMAN","60 - 64","WIDOWED",213,187,26,0,141,123,18,0,72,64,8,0
"BALOCHISTAN","CHAMAN","65 - 69","DIVORCED",0,0,0,0,0,0,0,0,0,0,0,0
"BALOCHISTAN","CHAMAN","65 - 69","MARRIED",2560,1034,1526,0,1712,727,985,0,848,307,541,0
"BALOCHISTAN","CHAMAN","65 - 69","NEVER MARRIED",36,18,18,0,35,17,18,0,1,1,0,0
"BALOCHISTAN","CHAMAN","65 - 69","SEPERATION",3,2,1,0,2,2,0,0,1,0,1,0
"BALOCHISTAN","CHAMAN","65 - 69","WIDOWED",159,140,19,0,105,91,14,0,54,49,5,0
"BALOCHISTAN","CHAMAN","70 - 74","DIVORCED",1,1,0,0,1,1,0,0,0,0,0,0
"BALOCHISTAN","CHAMAN","70 - 74","MARRIED",1942,768,1174,0,1362,534,828,0,580,234,346,0
"BALOCHISTAN","CHAMAN","70 - 74","NEVER MARRIED",25,18,7,0,22,16,6,0,3,2,1,0
"BALOCHISTAN","CHAMAN","70 - 74","SEPERATION",1,0,1,0,1,0,1,0,0,0,0,0
"BALOCHISTAN","CHAMAN","70 - 74","WIDOWED",173,158,15,0,113,103,10,0,60,55,5,0
"BALOCHISTAN","CHAMAN","75 & ABOVE","DIVORCED",0,0,0,0,0,0,0,0,0,0,0,0
"BALOCHISTAN","CHAMAN","75 & ABOVE","MARRIED",2298,753,1545,0,1505,486,1019,0,793,267,526,0
"BALOCHISTAN","CHAMAN","75 & ABOVE","NEVER MARRIED",44,22,22,0,38,20,18,0,6,2,4,0
"BALOCHISTAN","CHAMAN","75 & ABOVE","SEPERATION",1,1,0,0,1,1,0,0,0,0,0,0
"BALOCHISTAN","CHAMAN","75 & ABOVE","WIDOWED",267,220,47,0,180,151,29,0,87,69,18,0
"BALOCHISTAN","DERA BUGTI","15 &  ABOVE","DIVORCED",113,51,62,0,62,32,30,0,51,19,32,0
"BALOCHISTAN","DERA BUGTI","15 &  ABOVE","MARRIED",130374,67930,62444,0,89966,47035,42931,0,40408,20895,19513,0
"BALOCHISTAN","DERA BUGTI","15 &  ABOVE","NEVER MARRIED",23680,6123,17554,3,14375,2868,11505,2,9305,3255,6049,1
"BALOCHISTAN","DERA BUGTI","15 &  ABOVE","SEPERATION",97,33,64,0,79,25,54,0,18,8,10,0
"BALOCHISTAN","DERA BUGTI","15 &  ABOVE","WIDOWED",2608,2036,572,0,1350,1025,325,0,1258,1011,247,0
"BALOCHISTAN","DERA BUGTI","15 - 19","DIVORCED",27,6,21,0,14,4,10,0,13,2,11,0
"BALOCHISTAN","DERA BUGTI","15 - 19","MARRIED",11991,7250,4741,0,8083,4834,3249,0,3908,2416,1492,0
"BALOCHISTAN","DERA BUGTI","15 - 19","NEVER MARRIED",18911,5079,13830,2,11935,2528,9406,1,6976,2551,4424,1
"BALOCHISTAN","DERA BUGTI","15 - 19","SEPERATION",12,1,11,0,9,1,8,0,3,0,3,0
"BALOCHISTAN","DERA BUGTI","15 - 19","WIDOWED",21,5,16,0,9,4,5,0,12,1,11,0
"BALOCHISTAN","DERA BUGTI","20 - 24","DIVORCED",19,6,13,0,8,3,5,0,11,3,8,0
"BALOCHISTAN","DERA BUGTI","20 - 24","MARRIED",23646,13595,10051,0,16001,9162,6839,0,7645,4433,3212,0
"BALOCHISTAN","DERA BUGTI","20 - 24","NEVER MARRIED",3325,773,2552,0,1629,236,1393,0,1696,537,1159,0
"BALOCHISTAN","DERA BUGTI","20 - 24","SEPERATION",16,7,9,0,12,6,6,0,4,1,3,0
"BALOCHISTAN","DERA BUGTI","20 - 24","WIDOWED",55,28,27,0,30,17,13,0,25,11,14,0
"BALOCHISTAN","DERA BUGTI","25 - 29","DIVORCED",13,3,10,0,6,3,3,0,7,0,7,0
"BALOCHISTAN","DERA BUGTI","25 - 29","MARRIED",21242,11305,9937,0,14779,8044,6735,0,6463,3261,3202,0
"BALOCHISTAN","DERA BUGTI","25 - 29","NEVER MARRIED",824,148,675,1,413,47,365,1,411,101,310,0
"BALOCHISTAN","DERA BUGTI","25 - 29","SEPERATION",8,1,7,0,8,1,7,0,0,0,0,0
"BALOCHISTAN","DERA BUGTI","25 - 29","WIDOWED",72,33,39,0,37,18,19,0,35,15,20,0
"BALOCHISTAN","DERA BUGTI","30 - 34","DIVORCED",10,7,3,0,3,3,0,0,7,4,3,0
"BALOCHISTAN","DERA BUGTI","30 - 34","MARRIED",17723,9266,8457,0,12109,6433,5676,0,5614,2833,2781,0
"BALOCHISTAN","DERA BUGTI","30 - 34","NEVER MARRIED",296,58,238,0,170,17,153,0,126,41,85,0
"BALOCHISTAN","DERA BUGTI","30 - 34","SEPERATION",10,1,9,0,8,0,8,0,2,1,1,0
"BALOCHISTAN","DERA BUGTI","30 - 34","WIDOWED",99,61,38,0,49,29,20,0,50,32,18,0
"BALOCHISTAN","DERA BUGTI","35 - 39","DIVORCED",10,8,2,0,5,4,1,0,5,4,1,0
"BALOCHISTAN","DERA BUGTI","35 - 39","MARRIED",14457,7270,7187,0,9918,5023,4895,0,4539,2247,2292,0
"BALOCHISTAN","DERA BUGTI","35 - 39","NEVER MARRIED",138,27,111,0,90,16,74,0,48,11,37,0
"BALOCHISTAN","DERA BUGTI","35 - 39","SEPERATION",5,1,4,0,4,0,4,0,1,1,0,0
"BALOCHISTAN","DERA BUGTI","35 - 39","WIDOWED",143,99,44,0,81,58,23,0,62,41,21,0
"BALOCHISTAN","DERA BUGTI","40 - 44","DIVORCED",12,8,4,0,8,6,2,0,4,2,2,0
"BALOCHISTAN","DERA BUGTI","40 - 44","MARRIED",12032,5971,6061,0,8499,4237,4262,0,3533,1734,1799,0
"BALOCHISTAN","DERA BUGTI","40 - 44","NEVER MARRIED",52,14,38,0,33,10,23,0,19,4,15,0
"BALOCHISTAN","DERA BUGTI","40 - 44","SEPERATION",4,1,3,0,4,1,3,0,0,0,0,0
"BALOCHISTAN","DERA BUGTI","40 - 44","WIDOWED",167,133,34,0,90,67,23,0,77,66,11,0
"BALOCHISTAN","DERA BUGTI","45 - 49","DIVORCED",2,0,2,0,2,0,2,0,0,0,0,0
"BALOCHISTAN","DERA BUGTI","45 - 49","MARRIED",7595,3670,3925,0,5356,2597,2759,0,2239,1073,1166,0
"BALOCHISTAN","DERA BUGTI","45 - 49","NEVER MARRIED",41,7,34,0,32,4,28,0,9,3,6,0
"BALOCHISTAN","DERA BUGTI","45 - 49","SEPERATION",6,3,3,0,6,3,3,0,0,0,0,0
"BALOCHISTAN","DERA BUGTI","45 - 49","WIDOWED",182,149,33,0,100,81,19,0,82,68,14,0
"BALOCHISTAN","DERA BUGTI","50 - 54","DIVORCED",4,2,2,0,3,1,2,0,1,1,0,0
"BALOCHISTAN","DERA BUGTI","50 - 54","MARRIED",6895,3428,3467,0,4744,2337,2407,0,2151,1091,1060,0
"BALOCHISTAN","DERA BUGTI","50 - 54","NEVER MARRIED",22,4,18,0,16,2,14,0,6,2,4,0
"BALOCHISTAN","DERA BUGTI","50 - 54","SEPERATION",6,4,2,0,6,4,2,0,0,0,0,0
"BALOCHISTAN","DERA BUGTI","50 - 54","WIDOWED",257,215,42,0,141,115,26,0,116,100,16,0
"BALOCHISTAN","DERA BUGTI","55 - 59","DIVORCED",4,4,0,0,4,4,0,0,0,0,0,0
"BALOCHISTAN","DERA BUGTI","55 - 59","MARRIED",5289,2442,2847,0,3551,1685,1866,0,1738,757,981,0
"BALOCHISTAN","DERA BUGTI","55 - 59","NEVER MARRIED",24,5,19,0,16,2,14,0,8,3,5,0
"BALOCHISTAN","DERA BUGTI","55 - 59","SEPERATION",9,7,2,0,6,4,2,0,3,3,0,0
"BALOCHISTAN","DERA BUGTI","55 - 59","WIDOWED",278,234,44,0,126,100,26,0,152,134,18,0
"BALOCHISTAN","DERA BUGTI","60 - 64","DIVORCED",3,2,1,0,2,1,1,0,1,1,0,0
"BALOCHISTAN","DERA BUGTI","60 - 64","MARRIED",4200,1751,2449,0,2997,1242,1755,0,1203,509,694,0
"BALOCHISTAN","DERA BUGTI","60 - 64","NEVER MARRIED",20,6,14,0,15,4,11,0,5,2,3,0
"BALOCHISTAN","DERA BUGTI","60 - 64","SEPERATION",7,2,5,0,4,1,3,0,3,1,2,0
"BALOCHISTAN","DERA BUGTI","60 - 64","WIDOWED",360,300,60,0,190,154,36,0,170,146,24,0
"BALOCHISTAN","DERA BUGTI","65 - 69","DIVORCED",2,0,2,0,2,0,2,0,0,0,0,0
"BALOCHISTAN","DERA BUGTI","65 - 69","MARRIED",2371,968,1403,0,1702,692,1010,0,669,276,393,0
"BALOCHISTAN","DERA BUGTI","65 - 69","NEVER MARRIED",9,1,8,0,8,1,7,0,1,0,1,0
"BALOCHISTAN","DERA BUGTI","65 - 69","SEPERATION",4,3,1,0,3,3,0,0,1,0,1,0
"BALOCHISTAN","DERA BUGTI","65 - 69","WIDOWED",260,215,45,0,112,91,21,0,148,124,24,0
"BALOCHISTAN","DERA BUGTI","70 - 74","DIVORCED",0,0,0,0,0,0,0,0,0,0,0,0
"BALOCHISTAN","DERA BUGTI","70 - 74","MARRIED",1678,623,1055,0,1267,464,803,0,411,159,252,0
"BALOCHISTAN","DERA BUGTI","70 - 74","NEVER MARRIED",10,0,10,0,10,0,10,0,0,0,0,0
"BALOCHISTAN","DERA BUGTI","70 - 74","SEPERATION",3,0,3,0,3,0,3,0,0,0,0,0
"BALOCHISTAN","DERA BUGTI","70 - 74","WIDOWED",325,263,62,0,170,131,39,0,155,132,23,0
"BALOCHISTAN","DERA BUGTI","75 & ABOVE","DIVORCED",7,5,2,0,5,3,2,0,2,2,0,0
"BALOCHISTAN","DERA BUGTI","75 & ABOVE","MARRIED",1255,391,864,0,960,285,675,0,295,106,189,0
"BALOCHISTAN","DERA BUGTI","75 & ABOVE","NEVER MARRIED",8,1,7,0,8,1,7,0,0,0,0,0
"BALOCHISTAN","DERA BUGTI","75 & ABOVE","SEPERATION",7,2,5,0,6,1,5,0,1,1,0,0
"BALOCHISTAN","DERA BUGTI","75 & ABOVE","WIDOWED",389,301,88,0,215,160,55,0,174,141,33,0
"BALOCHISTAN","DUKI","15 &  ABOVE","DIVORCED",63,35,28,0,59,32,27,0,4,3,1,0
"BALOCHISTAN","DUKI","15 &  ABOVE","MARRIED",80405,39513,40892,0,75848,37311,38537,0,4557,2202,2355,0
"BALOCHISTAN","DUKI","15 &  ABOVE","NEVER MARRIED",30687,12778,17863,46,28451,12010,16398,43,2236,768,1465,3
"BALOCHISTAN","DUKI","15 &  ABOVE","SEPERATION",87,12,75,0,85,12,73,0,2,0,2,0
"BALOCHISTAN","DUKI","15 &  ABOVE","WIDOWED",1460,948,512,0,1366,885,481,0,94,63,31,0
"BALOCHISTAN","DUKI","15 - 19","DIVORCED",9,5,4,0,9,5,4,0,0,0,0,0
"BALOCHISTAN","DUKI","15 - 19","MARRIED",3993,2231,1762,0,3884,2165,1719,0,109,66,43,0
"BALOCHISTAN","DUKI","15 - 19","NEVER MARRIED",17169,7730,9427,12,16167,7345,8810,12,1002,385,617,0
"BALOCHISTAN","DUKI","15 - 19","SEPERATION",18,6,12,0,18,6,12,0,0,0,0,0
"BALOCHISTAN","DUKI","15 - 19","WIDOWED",12,2,10,0,11,2,9,0,1,0,1,0
"BALOCHISTAN","DUKI","20 - 24","DIVORCED",3,2,1,0,3,2,1,0,0,0,0,0
"BALOCHISTAN","DUKI","20 - 24","MARRIED",11005,6112,4893,0,10394,5725,4669,0,611,387,224,0
"BALOCHISTAN","DUKI","20 - 24","NEVER MARRIED",7682,3010,4665,7,7010,2773,4230,7,672,237,435,0
"BALOCHISTAN","DUKI","20 - 24","SEPERATION",7,1,6,0,7,1,6,0,0,0,0,0
"BALOCHISTAN","DUKI","20 - 24","WIDOWED",32,7,25,0,32,7,25,0,0,0,0,0
"BALOCHISTAN","DUKI","25 - 29","DIVORCED",7,3,4,0,7,3,4,0,0,0,0,0
"BALOCHISTAN","DUKI","25 - 29","MARRIED",13894,7266,6628,0,13128,6876,6252,0,766,390,376,0
"BALOCHISTAN","DUKI","25 - 29","NEVER MARRIED",3275,1313,1954,8,2993,1215,1770,8,282,98,184,0
"BALOCHISTAN","DUKI","25 - 29","SEPERATION",18,1,17,0,18,1,17,0,0,0,0,0
"BALOCHISTAN","DUKI","25 - 29","WIDOWED",47,17,30,0,44,15,29,0,3,2,1,0
"BALOCHISTAN","DUKI","30 - 34","DIVORCED",9,4,5,0,8,3,5,0,1,1,0,0
"BALOCHISTAN","DUKI","30 - 34","MARRIED",12475,6565,5910,0,11895,6275,5620,0,580,290,290,0
"BALOCHISTAN","DUKI","30 - 34","NEVER MARRIED",1346,487,850,9,1194,458,727,9,152,29,123,0
"BALOCHISTAN","DUKI","30 - 34","SEPERATION",22,1,21,0,22,1,21,0,0,0,0,0
"BALOCHISTAN","DUKI","30 - 34","WIDOWED",65,28,37,0,63,26,37,0,2,2,0,0
"BALOCHISTAN","DUKI","35 - 39","DIVORCED",12,3,9,0,11,3,8,0,1,0,1,0
"BALOCHISTAN","DUKI","35 - 39","MARRIED",11702,5560,6142,0,11071,5248,5823,0,631,312,319,0
"BALOCHISTAN","DUKI","35 - 39","NEVER MARRIED",763,160,597,6,699,150,546,3,64,10,51,3
"BALOCHISTAN","DUKI","35 - 39","SEPERATION",13,0,13,0,12,0,12,0,1,0,1,0
"BALOCHISTAN","DUKI","35 - 39","WIDOWED",94,44,50,0,87,41,46,0,7,3,4,0
"BALOCHISTAN","DUKI","40 - 44","DIVORCED",11,10,1,0,9,8,1,0,2,2,0,0
"BALOCHISTAN","DUKI","40 - 44","MARRIED",8484,3936,4548,0,7946,3701,4245,0,538,235,303,0
"BALOCHISTAN","DUKI","40 - 44","NEVER MARRIED",218,41,175,2,192,37,153,2,26,4,22,0
"BALOCHISTAN","DUKI","40 - 44","SEPERATION",3,1,2,0,3,1,2,0,0,0,0,0
"BALOCHISTAN","DUKI","40 - 44","WIDOWED",138,77,61,0,124,72,52,0,14,5,9,0
"BALOCHISTAN","DUKI","45 - 49","DIVORCED",3,2,1,0,3,2,1,0,0,0,0,0
"BALOCHISTAN","DUKI","45 - 49","MARRIED",6033,2759,3274,0,5549,2533,3016,0,484,226,258,0
"BALOCHISTAN","DUKI","45 - 49","NEVER MARRIED",98,16,82,0,76,13,63,0,22,3,19,0
"BALOCHISTAN","DUKI","45 - 49","SEPERATION",3,1,2,0,2,1,1,0,1,0,1,0
"BALOCHISTAN","DUKI","45 - 49","WIDOWED",115,83,32,0,108,81,27,0,7,2,5,0
"BALOCHISTAN","DUKI","50 - 54","DIVORCED",2,2,0,0,2,2,0,0,0,0,0,0
"BALOCHISTAN","DUKI","50 - 54","MARRIED",4286,1867,2419,0,3951,1745,2206,0,335,122,213,0
"BALOCHISTAN","DUKI","50 - 54","NEVER MARRIED",56,8,47,1,45,8,36,1,11,0,11,0
"BALOCHISTAN","DUKI","50 - 54","SEPERATION",1,1,0,0,1,1,0,0,0,0,0,0
"BALOCHISTAN","DUKI","50 - 54","WIDOWED",165,111,54,0,155,105,50,0,10,6,4,0
"BALOCHISTAN","DUKI","55 - 59","DIVORCED",1,1,0,0,1,1,0,0,0,0,0,0
"BALOCHISTAN","DUKI","55 - 59","MARRIED",3275,1276,1999,0,3068,1204,1864,0,207,72,135,0
"BALOCHISTAN","DUKI","55 - 59","NEVER MARRIED",29,4,24,1,27,3,23,1,2,1,1,0
"BALOCHISTAN","DUKI","55 - 59","SEPERATION",0,0,0,0,0,0,0,0,0,0,0,0
"BALOCHISTAN","DUKI","55 - 59","WIDOWED",142,117,25,0,135,111,24,0,7,6,1,0
"BALOCHISTAN","DUKI","60 - 64","DIVORCED",2,1,1,0,2,1,1,0,0,0,0,0
"BALOCHISTAN","DUKI","60 - 64","MARRIED",2140,809,1331,0,2009,771,1238,0,131,38,93,0
"BALOCHISTAN","DUKI","60 - 64","NEVER MARRIED",14,3,11,0,11,2,9,0,3,1,2,0
"BALOCHISTAN","DUKI","60 - 64","SEPERATION",0,0,0,0,0,0,0,0,0,0,0,0
"BALOCHISTAN","DUKI","60 - 64","WIDOWED",187,139,48,0,176,131,45,0,11,8,3,0
"BALOCHISTAN","DUKI","65 - 69","DIVORCED",1,0,1,0,1,0,1,0,0,0,0,0
"BALOCHISTAN","DUKI","65 - 69","MARRIED",1275,502,773,0,1205,471,734,0,70,31,39,0
"BALOCHISTAN","DUKI","65 - 69","NEVER MARRIED",19,4,15,0,19,4,15,0,0,0,0,0
"BALOCHISTAN","DUKI","65 - 69","SEPERATION",2,0,2,0,2,0,2,0,0,0,0,0
"BALOCHISTAN","DUKI","65 - 69","WIDOWED",138,112,26,0,121,96,25,0,17,16,1,0
"BALOCHISTAN","DUKI","70 - 74","DIVORCED",0,0,0,0,0,0,0,0,0,0,0,0
"BALOCHISTAN","DUKI","70 - 74","MARRIED",945,342,603,0,894,325,569,0,51,17,34,0
"BALOCHISTAN","DUKI","70 - 74","NEVER MARRIED",3,0,3,0,3,0,3,0,0,0,0,0
"BALOCHISTAN","DUKI","70 - 74","SEPERATION",0,0,0,0,0,0,0,0,0,0,0,0
"BALOCHISTAN","DUKI","70 - 74","WIDOWED",147,91,56,0,141,85,56,0,6,6,0,0
"BALOCHISTAN","DUKI","75 & ABOVE","DIVORCED",3,2,1,0,3,2,1,0,0,0,0,0
"BALOCHISTAN","DUKI","75 & ABOVE","MARRIED",898,288,610,0,854,272,582,0,44,16,28,0
"BALOCHISTAN","DUKI","75 & ABOVE","NEVER MARRIED",15,2,13,0,15,2,13,0,0,0,0,0
"BALOCHISTAN","DUKI","75 & ABOVE","SEPERATION",0,0,0,0,0,0,0,0,0,0,0,0
"BALOCHISTAN","DUKI","75 & ABOVE","WIDOWED",178,120,58,0,169,113,56,0,9,7,2,0
"BALOCHISTAN","GWADAR","15 &  ABOVE","DIVORCED",495,366,129,0,213,176,37,0,282,190,92,0
"BALOCHISTAN","GWADAR","15 &  ABOVE","MARRIED",106205,52959,53246,0,48525,24523,24002,0,57680,28436,29244,0
"BALOCHISTAN","GWADAR","15 &  ABOVE","NEVER MARRIED",61084,25419,35636,29,27210,11316,15882,12,33874,14103,19754,17
"BALOCHISTAN","GWADAR","15 &  ABOVE","SEPERATION",171,99,72,0,81,52,29,0,90,47,43,0
"BALOCHISTAN","GWADAR","15 &  ABOVE","WIDOWED",4886,4033,853,0,2069,1712,357,0,2817,2321,496,0
"BALOCHISTAN","GWADAR","15 - 19","DIVORCED",16,10,6,0,9,5,4,0,7,5,2,0
"BALOCHISTAN","GWADAR","15 - 19","MARRIED",3610,2651,959,0,2008,1392,616,0,1602,1259,343,0
"BALOCHISTAN","GWADAR","15 - 19","NEVER MARRIED",32070,13556,18506,8,15711,6562,9145,4,16359,6994,9361,4
"BALOCHISTAN","GWADAR","15 - 19","SEPERATION",7,3,4,0,5,2,3,0,2,1,1,0
"BALOCHISTAN","GWADAR","15 - 19","WIDOWED",14,9,5,0,6,3,3,0,8,6,2,0
"BALOCHISTAN","GWADAR","20 - 24","DIVORCED",52,41,11,0,26,23,3,0,26,18,8,0
"BALOCHISTAN","GWADAR","20 - 24","MARRIED",11439,7310,4129,0,5602,3376,2226,0,5837,3934,1903,0
"BALOCHISTAN","GWADAR","20 - 24","NEVER MARRIED",15127,6120,9004,3,6408,2636,3770,2,8719,3484,5234,1
"BALOCHISTAN","GWADAR","20 - 24","SEPERATION",19,13,6,0,7,4,3,0,12,9,3,0
"BALOCHISTAN","GWADAR","20 - 24","WIDOWED",50,40,10,0,23,17,6,0,27,23,4,0
"BALOCHISTAN","GWADAR","25 - 29","DIVORCED",74,58,16,0,34,31,3,0,40,27,13,0
"BALOCHISTAN","GWADAR","25 - 29","MARRIED",15503,8391,7112,0,6944,3688,3256,0,8559,4703,3856,0
"BALOCHISTAN","GWADAR","25 - 29","NEVER MARRIED",7251,2866,4381,4,2843,1137,1703,3,4408,1729,2678,1
"BALOCHISTAN","GWADAR","25 - 29","SEPERATION",21,12,9,0,10,8,2,0,11,4,7,0
"BALOCHISTAN","GWADAR","25 - 29","WIDOWED",94,61,33,0,29,18,11,0,65,43,22,0
"BALOCHISTAN","GWADAR","30 - 34","DIVORCED",64,51,13,0,24,22,2,0,40,29,11,0
"BALOCHISTAN","GWADAR","30 - 34","MARRIED",14539,7621,6918,0,6427,3434,2993,0,8112,4187,3925,0
"BALOCHISTAN","GWADAR","30 - 34","NEVER MARRIED",3143,1428,1712,3,1122,503,617,2,2021,925,1095,1
"BALOCHISTAN","GWADAR","30 - 34","SEPERATION",19,14,5,0,10,8,2,0,9,6,3,0
"BALOCHISTAN","GWADAR","30 - 34","WIDOWED",180,148,32,0,71,60,11,0,109,88,21,0
"BALOCHISTAN","GWADAR","35 - 39","DIVORCED",89,71,18,0,45,35,10,0,44,36,8,0
"BALOCHISTAN","GWADAR","35 - 39","MARRIED",14656,7200,7456,0,6248,3213,3035,0,8408,3987,4421,0
"BALOCHISTAN","GWADAR","35 - 39","NEVER MARRIED",1706,752,954,0,562,257,305,0,1144,495,649,0
"BALOCHISTAN","GWADAR","35 - 39","SEPERATION",24,14,10,0,11,6,5,0,13,8,5,0
"BALOCHISTAN","GWADAR","35 - 39","WIDOWED",254,203,51,0,91,74,17,0,163,129,34,0
"BALOCHISTAN","GWADAR","40 - 44","DIVORCED",75,58,17,0,28,25,3,0,47,33,14,0
"BALOCHISTAN","GWADAR","40 - 44","MARRIED",12962,6142,6820,0,6010,2997,3013,0,6952,3145,3807,0
"BALOCHISTAN","GWADAR","40 - 44","NEVER MARRIED",824,358,463,3,313,135,178,0,511,223,285,3
"BALOCHISTAN","GWADAR","40 - 44","SEPERATION",17,9,8,0,9,5,4,0,8,4,4,0
"BALOCHISTAN","GWADAR","40 - 44","WIDOWED",352,298,54,0,151,132,19,0,201,166,35,0
"BALOCHISTAN","GWADAR","45 - 49","DIVORCED",35,26,9,0,13,10,3,0,22,16,6,0
"BALOCHISTAN","GWADAR","45 - 49","MARRIED",9824,4359,5465,0,4332,1990,2342,0,5492,2369,3123,0
"BALOCHISTAN","GWADAR","45 - 49","NEVER MARRIED",432,156,274,2,140,45,95,0,292,111,179,2
"BALOCHISTAN","GWADAR","45 - 49","SEPERATION",18,10,8,0,9,7,2,0,9,3,6,0
"BALOCHISTAN","GWADAR","45 - 49","WIDOWED",386,315,71,0,163,138,25,0,223,177,46,0
"BALOCHISTAN","GWADAR","50 - 54","DIVORCED",28,17,11,0,9,9,0,0,19,8,11,0
"BALOCHISTAN","GWADAR","50 - 54","MARRIED",7563,3310,4253,0,3371,1538,1833,0,4192,1772,2420,0
"BALOCHISTAN","GWADAR","50 - 54","NEVER MARRIED",203,81,121,1,47,19,27,1,156,62,94,0
"BALOCHISTAN","GWADAR","50 - 54","SEPERATION",15,8,7,0,5,5,0,0,10,3,7,0
"BALOCHISTAN","GWADAR","50 - 54","WIDOWED",489,401,88,0,181,139,42,0,308,262,46,0
"BALOCHISTAN","GWADAR","55 - 59","DIVORCED",26,13,13,0,10,5,5,0,16,8,8,0
"BALOCHISTAN","GWADAR","55 - 59","MARRIED",5192,2054,3138,0,2285,943,1342,0,2907,1111,1796,0
"BALOCHISTAN","GWADAR","55 - 59","NEVER MARRIED",108,41,65,2,23,8,15,0,85,33,50,2
"BALOCHISTAN","GWADAR","55 - 59","SEPERATION",7,1,6,0,5,1,4,0,2,0,2,0
"BALOCHISTAN","GWADAR","55 - 59","WIDOWED",464,383,81,0,152,127,25,0,312,256,56,0
"BALOCHISTAN","GWADAR","60 - 64","DIVORCED",18,9,9,0,9,7,2,0,9,2,7,0
"BALOCHISTAN","GWADAR","60 - 64","MARRIED",4202,1612,2590,0,1871,735,1136,0,2331,877,1454,0
"BALOCHISTAN","GWADAR","60 - 64","NEVER MARRIED",90,26,62,2,19,8,11,0,71,18,51,2
"BALOCHISTAN","GWADAR","60 - 64","SEPERATION",8,4,4,0,2,0,2,0,6,4,2,0
"BALOCHISTAN","GWADAR","60 - 64","WIDOWED",609,515,94,0,230,192,38,0,379,323,56,0
"BALOCHISTAN","GWADAR","65 - 69","DIVORCED",12,8,4,0,4,3,1,0,8,5,3,0
"BALOCHISTAN","GWADAR","65 - 69","MARRIED",2844,1088,1756,0,1287,525,762,0,1557,563,994,0
"BALOCHISTAN","GWADAR","65 - 69","NEVER MARRIED",51,17,33,1,15,5,10,0,36,12,23,1
"BALOCHISTAN","GWADAR","65 - 69","SEPERATION",7,5,2,0,3,2,1,0,4,3,1,0
"BALOCHISTAN","GWADAR","65 - 69","WIDOWED",623,528,95,0,248,214,34,0,375,314,61,0
"BALOCHISTAN","GWADAR","70 - 74","DIVORCED",5,4,1,0,1,1,0,0,4,3,1,0
"BALOCHISTAN","GWADAR","70 - 74","MARRIED",1980,671,1309,0,1024,364,660,0,956,307,649,0
"BALOCHISTAN","GWADAR","70 - 74","NEVER MARRIED",30,8,22,0,6,1,5,0,24,7,17,0
"BALOCHISTAN","GWADAR","70 - 74","SEPERATION",4,2,2,0,3,2,1,0,1,0,1,0
"BALOCHISTAN","GWADAR","70 - 74","WIDOWED",603,515,88,0,280,241,39,0,323,274,49,0
"BALOCHISTAN","GWADAR","75 & ABOVE","DIVORCED",1,0,1,0,1,0,1,0,0,0,0,0
"BALOCHISTAN","GWADAR","75 & ABOVE","MARRIED",1891,550,1341,0,1116,328,788,0,775,222,553,0
"BALOCHISTAN","GWADAR","75 & ABOVE","NEVER MARRIED",49,10,39,0,1,0,1,0,48,10,38,0
"BALOCHISTAN","GWADAR","75 & ABOVE","SEPERATION",5,4,1,0,2,2,0,0,3,2,1,0
"BALOCHISTAN","GWADAR","75 & ABOVE","WIDOWED",768,617,151,0,444,357,87,0,324,260,64,0
"BALOCHISTAN","HARNAI","15 &  ABOVE","DIVORCED",30,22,8,0,24,18,6,0,6,4,2,0
"BALOCHISTAN","HARNAI","15 &  ABOVE","MARRIED",37274,18314,18960,0,27243,13465,13778,0,10031,4849,5182,0
"BALOCHISTAN","HARNAI","15 &  ABOVE","NEVER MARRIED",16994,7108,9883,3,12301,5211,7088,2,4693,1897,2795,1
"BALOCHISTAN","HARNAI","15 &  ABOVE","SEPERATION",26,12,14,0,20,11,9,0,6,1,5,0
"BALOCHISTAN","HARNAI","15 &  ABOVE","WIDOWED",867,719,148,0,654,548,106,0,213,171,42,0
"BALOCHISTAN","HARNAI","15 - 19","DIVORCED",1,1,0,0,1,1,0,0,0,0,0,0
"BALOCHISTAN","HARNAI","15 - 19","MARRIED",1624,993,631,0,1250,771,479,0,374,222,152,0
"BALOCHISTAN","HARNAI","15 - 19","NEVER MARRIED",9806,4265,5540,1,7355,3249,4106,0,2451,1016,1434,1
"BALOCHISTAN","HARNAI","15 - 19","SEPERATION",2,0,2,0,1,0,1,0,1,0,1,0
"BALOCHISTAN","HARNAI","15 - 19","WIDOWED",2,0,2,0,2,0,2,0,0,0,0,0
"BALOCHISTAN","HARNAI","20 - 24","DIVORCED",3,2,1,0,3,2,1,0,0,0,0,0
"BALOCHISTAN","HARNAI","20 - 24","MARRIED",4249,2326,1923,0,2969,1628,1341,0,1280,698,582,0
"BALOCHISTAN","HARNAI","20 - 24","NEVER MARRIED",3987,1640,2346,1,2807,1168,1638,1,1180,472,708,0
"BALOCHISTAN","HARNAI","20 - 24","SEPERATION",4,1,3,0,4,1,3,0,0,0,0,0
"BALOCHISTAN","HARNAI","20 - 24","WIDOWED",10,6,4,0,6,3,3,0,4,3,1,0
"BALOCHISTAN","HARNAI","25 - 29","DIVORCED",2,2,0,0,2,2,0,0,0,0,0,0
"BALOCHISTAN","HARNAI","25 - 29","MARRIED",5088,2542,2546,0,3568,1788,1780,0,1520,754,766,0
"BALOCHISTAN","HARNAI","25 - 29","NEVER MARRIED",1562,588,974,0,1015,372,643,0,547,216,331,0
"BALOCHISTAN","HARNAI","25 - 29","SEPERATION",3,2,1,0,3,2,1,0,0,0,0,0
"BALOCHISTAN","HARNAI","25 - 29","WIDOWED",8,6,2,0,7,5,2,0,1,1,0,0
"BALOCHISTAN","HARNAI","30 - 34","DIVORCED",8,6,2,0,7,5,2,0,1,1,0,0
"BALOCHISTAN","HARNAI","30 - 34","MARRIED",5538,2940,2598,0,4012,2122,1890,0,1526,818,708,0
"BALOCHISTAN","HARNAI","30 - 34","NEVER MARRIED",796,348,448,0,538,241,297,0,258,107,151,0
"BALOCHISTAN","HARNAI","30 - 34","SEPERATION",2,2,0,0,2,2,0,0,0,0,0,0
"BALOCHISTAN","HARNAI","30 - 34","WIDOWED",22,19,3,0,17,15,2,0,5,4,1,0
"BALOCHISTAN","HARNAI","35 - 39","DIVORCED",4,4,0,0,4,4,0,0,0,0,0,0
"BALOCHISTAN","HARNAI","35 - 39","MARRIED",5233,2622,2611,0,3819,1948,1871,0,1414,674,740,0
"BALOCHISTAN","HARNAI","35 - 39","NEVER MARRIED",390,129,261,0,257,83,174,0,133,46,87,0
"BALOCHISTAN","HARNAI","35 - 39","SEPERATION",4,2,2,0,2,2,0,0,2,0,2,0
"BALOCHISTAN","HARNAI","35 - 39","WIDOWED",29,25,4,0,23,21,2,0,6,4,2,0
"BALOCHISTAN","HARNAI","40 - 44","DIVORCED",6,2,4,0,3,1,2,0,3,1,2,0
"BALOCHISTAN","HARNAI","40 - 44","MARRIED",4439,2030,2409,0,3251,1508,1743,0,1188,522,666,0
"BALOCHISTAN","HARNAI","40 - 44","NEVER MARRIED",213,74,139,0,155,54,101,0,58,20,38,0
"BALOCHISTAN","HARNAI","40 - 44","SEPERATION",5,4,1,0,3,3,0,0,2,1,1,0
"BALOCHISTAN","HARNAI","40 - 44","WIDOWED",48,36,12,0,30,21,9,0,18,15,3,0
"BALOCHISTAN","HARNAI","45 - 49","DIVORCED",2,2,0,0,1,1,0,0,1,1,0,0
"BALOCHISTAN","HARNAI","45 - 49","MARRIED",3033,1444,1589,0,2236,1096,1140,0,797,348,449,0
"BALOCHISTAN","HARNAI","45 - 49","NEVER MARRIED",129,39,89,1,101,28,72,1,28,11,17,0
"BALOCHISTAN","HARNAI","45 - 49","SEPERATION",2,1,1,0,2,1,1,0,0,0,0,0
"BALOCHISTAN","HARNAI","45 - 49","WIDOWED",50,40,10,0,37,30,7,0,13,10,3,0
"BALOCHISTAN","HARNAI","50 - 54","DIVORCED",0,0,0,0,0,0,0,0,0,0,0,0
"BALOCHISTAN","HARNAI","50 - 54","MARRIED",2661,1209,1452,0,2001,917,1084,0,660,292,368,0
"BALOCHISTAN","HARNAI","50 - 54","NEVER MARRIED",48,13,35,0,38,10,28,0,10,3,7,0
"BALOCHISTAN","HARNAI","50 - 54","SEPERATION",2,0,2,0,2,0,2,0,0,0,0,0
"BALOCHISTAN","HARNAI","50 - 54","WIDOWED",81,72,9,0,63,56,7,0,18,16,2,0
"BALOCHISTAN","HARNAI","55 - 59","DIVORCED",1,1,0,0,0,0,0,0,1,1,0,0
"BALOCHISTAN","HARNAI","55 - 59","MARRIED",1762,772,990,0,1343,585,758,0,419,187,232,0
"BALOCHISTAN","HARNAI","55 - 59","NEVER MARRIED",20,5,15,0,13,2,11,0,7,3,4,0
"BALOCHISTAN","HARNAI","55 - 59","SEPERATION",0,0,0,0,0,0,0,0,0,0,0,0
"BALOCHISTAN","HARNAI","55 - 59","WIDOWED",98,80,18,0,70,59,11,0,28,21,7,0
"BALOCHISTAN","HARNAI","60 - 64","DIVORCED",2,2,0,0,2,2,0,0,0,0,0,0
"BALOCHISTAN","HARNAI","60 - 64","MARRIED",1455,599,856,0,1110,459,651,0,345,140,205,0
"BALOCHISTAN","HARNAI","60 - 64","NEVER MARRIED",22,3,19,0,10,2,8,0,12,1,11,0
"BALOCHISTAN","HARNAI","60 - 64","SEPERATION",0,0,0,0,0,0,0,0,0,0,0,0
"BALOCHISTAN","HARNAI","60 - 64","WIDOWED",117,96,21,0,90,73,17,0,27,23,4,0
"BALOCHISTAN","HARNAI","65 - 69","DIVORCED",0,0,0,0,0,0,0,0,0,0,0,0
"BALOCHISTAN","HARNAI","65 - 69","MARRIED",981,384,597,0,749,298,451,0,232,86,146,0
"BALOCHISTAN","HARNAI","65 - 69","NEVER MARRIED",6,2,4,0,4,1,3,0,2,1,1,0
"BALOCHISTAN","HARNAI","65 - 69","SEPERATION",0,0,0,0,0,0,0,0,0,0,0,0
"BALOCHISTAN","HARNAI","65 - 69","WIDOWED",119,105,14,0,94,85,9,0,25,20,5,0
"BALOCHISTAN","HARNAI","70 - 74","DIVORCED",1,0,1,0,1,0,1,0,0,0,0,0
"BALOCHISTAN","HARNAI","70 - 74","MARRIED",630,230,400,0,486,178,308,0,144,52,92,0
"BALOCHISTAN","HARNAI","70 - 74","NEVER MARRIED",6,1,5,0,2,0,2,0,4,1,3,0
"BALOCHISTAN","HARNAI","70 - 74","SEPERATION",2,0,2,0,1,0,1,0,1,0,1,0
"BALOCHISTAN","HARNAI","70 - 74","WIDOWED",137,119,18,0,105,92,13,0,32,27,5,0
"BALOCHISTAN","HARNAI","75 & ABOVE","DIVORCED",0,0,0,0,0,0,0,0,0,0,0,0
"BALOCHISTAN","HARNAI","75 & ABOVE","MARRIED",581,223,358,0,449,167,282,0,132,56,76,0
"BALOCHISTAN","HARNAI","75 & ABOVE","NEVER MARRIED",9,1,8,0,6,1,5,0,3,0,3,0
"BALOCHISTAN","HARNAI","75 & ABOVE","SEPERATION",0,0,0,0,0,0,0,0,0,0,0,0
"BALOCHISTAN","HARNAI","75 & ABOVE","WIDOWED",146,115,31,0,110,88,22,0,36,27,9,0
"BALOCHISTAN","JAFFARABAD","15 &  ABOVE","DIVORCED",213,161,52,0,137,106,31,0,76,55,21,0
"BALOCHISTAN","JAFFARABAD","15 &  ABOVE","MARRIED",196322,99086,97236,0,143301,72743,70558,0,53021,26343,26678,0
"BALOCHISTAN","JAFFARABAD","15 &  ABOVE","NEVER MARRIED",81540,35188,46342,10,52967,22337,30628,2,28573,12851,15714,8
"BALOCHISTAN","JAFFARABAD","15 &  ABOVE","SEPERATION",267,114,153,0,214,86,128,0,53,28,25,0
"BALOCHISTAN","JAFFARABAD","15 &  ABOVE","WIDOWED",10276,8149,2127,0,7037,5456,1581,0,3239,2693,546,0
"BALOCHISTAN","JAFFARABAD","15 - 19","DIVORCED",9,5,4,0,9,5,4,0,0,0,0,0
"BALOCHISTAN","JAFFARABAD","15 - 19","MARRIED",10941,6545,4396,0,8492,5100,3392,0,2449,1445,1004,0
"BALOCHISTAN","JAFFARABAD","15 - 19","NEVER MARRIED",50769,23104,27663,2,34496,15585,18910,1,16273,7519,8753,1
"BALOCHISTAN","JAFFARABAD","15 - 19","SEPERATION",32,5,27,0,29,3,26,0,3,2,1,0
"BALOCHISTAN","JAFFARABAD","15 - 19","WIDOWED",38,22,16,0,28,16,12,0,10,6,4,0
"BALOCHISTAN","JAFFARABAD","20 - 24","DIVORCED",22,15,7,0,12,8,4,0,10,7,3,0
"BALOCHISTAN","JAFFARABAD","20 - 24","MARRIED",29327,16908,12419,0,22195,12738,9457,0,7132,4170,2962,0
"BALOCHISTAN","JAFFARABAD","20 - 24","NEVER MARRIED",18335,6925,11409,1,11194,3998,7195,1,7141,2927,4214,0
"BALOCHISTAN","JAFFARABAD","20 - 24","SEPERATION",28,8,20,0,24,5,19,0,4,3,1,0
"BALOCHISTAN","JAFFARABAD","20 - 24","WIDOWED",106,55,51,0,82,38,44,0,24,17,7,0
"BALOCHISTAN","JAFFARABAD","25 - 29","DIVORCED",33,24,9,0,19,13,6,0,14,11,3,0
"BALOCHISTAN","JAFFARABAD","25 - 29","MARRIED",26895,13743,13152,0,19612,10075,9537,0,7283,3668,3615,0
"BALOCHISTAN","JAFFARABAD","25 - 29","NEVER MARRIED",6742,2918,3823,1,3760,1495,2265,0,2982,1423,1558,1
"BALOCHISTAN","JAFFARABAD","25 - 29","SEPERATION",34,10,24,0,26,7,19,0,8,3,5,0
"BALOCHISTAN","JAFFARABAD","25 - 29","WIDOWED",219,137,82,0,152,94,58,0,67,43,24,0
"BALOCHISTAN","JAFFARABAD","30 - 34","DIVORCED",42,32,10,0,26,22,4,0,16,10,6,0
"BALOCHISTAN","JAFFARABAD","30 - 34","MARRIED",26387,13646,12741,0,18899,9859,9040,0,7488,3787,3701,0
"BALOCHISTAN","JAFFARABAD","30 - 34","NEVER MARRIED",2815,1249,1566,0,1599,647,952,0,1216,602,614,0
"BALOCHISTAN","JAFFARABAD","30 - 34","SEPERATION",28,9,19,0,21,8,13,0,7,1,6,0
"BALOCHISTAN","JAFFARABAD","30 - 34","WIDOWED",331,224,107,0,240,160,80,0,91,64,27,0
"BALOCHISTAN","JAFFARABAD","35 - 39","DIVORCED",31,26,5,0,18,17,1,0,13,9,4,0
"BALOCHISTAN","JAFFARABAD","35 - 39","MARRIED",25316,12962,12354,0,18089,9373,8716,0,7227,3589,3638,0
"BALOCHISTAN","JAFFARABAD","35 - 39","NEVER MARRIED",1369,481,885,3,847,276,571,0,522,205,314,3
"BALOCHISTAN","JAFFARABAD","35 - 39","SEPERATION",29,16,13,0,21,11,10,0,8,5,3,0
"BALOCHISTAN","JAFFARABAD","35 - 39","WIDOWED",588,443,145,0,431,321,110,0,157,122,35,0
"BALOCHISTAN","JAFFARABAD","40 - 44","DIVORCED",21,19,2,0,15,13,2,0,6,6,0,0
"BALOCHISTAN","JAFFARABAD","40 - 44","MARRIED",25010,12158,12852,0,17984,8701,9283,0,7026,3457,3569,0
"BALOCHISTAN","JAFFARABAD","40 - 44","NEVER MARRIED",664,248,415,1,457,146,311,0,207,102,104,1
"BALOCHISTAN","JAFFARABAD","40 - 44","SEPERATION",24,17,7,0,20,14,6,0,4,3,1,0
"BALOCHISTAN","JAFFARABAD","40 - 44","WIDOWED",804,638,166,0,549,424,125,0,255,214,41,0
"BALOCHISTAN","JAFFARABAD","45 - 49","DIVORCED",21,16,5,0,15,10,5,0,6,6,0,0
"BALOCHISTAN","JAFFARABAD","45 - 49","MARRIED",15944,7122,8822,0,11362,5049,6313,0,4582,2073,2509,0
"BALOCHISTAN","JAFFARABAD","45 - 49","NEVER MARRIED",392,119,273,0,280,85,195,0,112,34,78,0
"BALOCHISTAN","JAFFARABAD","45 - 49","SEPERATION",29,14,15,0,22,10,12,0,7,4,3,0
"BALOCHISTAN","JAFFARABAD","45 - 49","WIDOWED",885,703,182,0,588,461,127,0,297,242,55,0
"BALOCHISTAN","JAFFARABAD","50 - 54","DIVORCED",13,7,6,0,8,4,4,0,5,3,2,0
"BALOCHISTAN","JAFFARABAD","50 - 54","MARRIED",12619,6091,6528,0,9033,4407,4626,0,3586,1684,1902,0
"BALOCHISTAN","JAFFARABAD","50 - 54","NEVER MARRIED",186,64,122,0,134,45,89,0,52,19,33,0
"BALOCHISTAN","JAFFARABAD","50 - 54","SEPERATION",20,13,7,0,17,10,7,0,3,3,0,0
"BALOCHISTAN","JAFFARABAD","50 - 54","WIDOWED",1156,942,214,0,795,637,158,0,361,305,56,0
"BALOCHISTAN","JAFFARABAD","55 - 59","DIVORCED",9,8,1,0,7,7,0,0,2,1,1,0
"BALOCHISTAN","JAFFARABAD","55 - 59","MARRIED",8434,3607,4827,0,6094,2655,3439,0,2340,952,1388,0
"BALOCHISTAN","JAFFARABAD","55 - 59","NEVER MARRIED",104,34,69,1,83,25,58,0,21,9,11,1
"BALOCHISTAN","JAFFARABAD","55 - 59","SEPERATION",15,8,7,0,11,5,6,0,4,3,1,0
"BALOCHISTAN","JAFFARABAD","55 - 59","WIDOWED",1182,927,255,0,796,608,188,0,386,319,67,0
"BALOCHISTAN","JAFFARABAD","60 - 64","DIVORCED",6,5,1,0,5,4,1,0,1,1,0,0
"BALOCHISTAN","JAFFARABAD","60 - 64","MARRIED",6676,2938,3738,0,4916,2199,2717,0,1760,739,1021,0
"BALOCHISTAN","JAFFARABAD","60 - 64","NEVER MARRIED",64,19,45,0,52,16,36,0,12,3,9,0
"BALOCHISTAN","JAFFARABAD","60 - 64","SEPERATION",11,5,6,0,8,4,4,0,3,1,2,0
"BALOCHISTAN","JAFFARABAD","60 - 64","WIDOWED",1340,1126,214,0,907,739,168,0,433,387,46,0
"BALOCHISTAN","JAFFARABAD","65 - 69","DIVORCED",3,2,1,0,2,2,0,0,1,0,1,0
"BALOCHISTAN","JAFFARABAD","65 - 69","MARRIED",4060,1679,2381,0,2992,1267,1725,0,1068,412,656,0
"BALOCHISTAN","JAFFARABAD","65 - 69","NEVER MARRIED",57,11,46,0,36,8,28,0,21,3,18,0
"BALOCHISTAN","JAFFARABAD","65 - 69","SEPERATION",7,2,5,0,6,2,4,0,1,0,1,0
"BALOCHISTAN","JAFFARABAD","65 - 69","WIDOWED",1145,920,225,0,745,586,159,0,400,334,66,0
"BALOCHISTAN","JAFFARABAD","70 - 74","DIVORCED",1,1,0,0,1,1,0,0,0,0,0,0
"BALOCHISTAN","JAFFARABAD","70 - 74","MARRIED",2687,1029,1658,0,2080,808,1272,0,607,221,386,0
"BALOCHISTAN","JAFFARABAD","70 - 74","NEVER MARRIED",24,7,17,0,17,6,11,0,7,1,6,0
"BALOCHISTAN","JAFFARABAD","70 - 74","SEPERATION",6,4,2,0,6,4,2,0,0,0,0,0
"BALOCHISTAN","JAFFARABAD","70 - 74","WIDOWED",1183,981,202,0,801,654,147,0,382,327,55,0
"BALOCHISTAN","JAFFARABAD","75 & ABOVE","DIVORCED",2,1,1,0,0,0,0,0,2,1,1,0
"BALOCHISTAN","JAFFARABAD","75 & ABOVE","MARRIED",2026,658,1368,0,1553,512,1041,0,473,146,327,0
"BALOCHISTAN","JAFFARABAD","75 & ABOVE","NEVER MARRIED",19,9,9,1,12,5,7,0,7,4,2,1
"BALOCHISTAN","JAFFARABAD","75 & ABOVE","SEPERATION",4,3,1,0,3,3,0,0,1,0,1,0
"BALOCHISTAN","JAFFARABAD","75 & ABOVE","WIDOWED",1299,1031,268,0,923,718,205,0,376,313,63,0
"BALOCHISTAN","JHAL MAGSI","15 &  ABOVE","DIVORCED",44,34,10,0,36,28,8,0,8,6,2,0
"BALOCHISTAN","JHAL MAGSI","15 &  ABOVE","MARRIED",71200,36130,35070,0,62031,31498,30533,0,9169,4632,4537,0
"BALOCHISTAN","JHAL MAGSI","15 &  ABOVE","NEVER MARRIED",27123,11471,15639,13,22992,9304,13677,11,4131,2167,1962,2
"BALOCHISTAN","JHAL MAGSI","15 &  ABOVE","SEPERATION",88,48,40,0,76,41,35,0,12,7,5,0
"BALOCHISTAN","JHAL MAGSI","15 &  ABOVE","WIDOWED",2414,1904,510,0,2024,1588,436,0,390,316,74,0
"BALOCHISTAN","JHAL MAGSI","15 - 19","DIVORCED",2,1,1,0,2,1,1,0,0,0,0,0
"BALOCHISTAN","JHAL MAGSI","15 - 19","MARRIED",4445,2613,1832,0,3956,2308,1648,0,489,305,184,0
"BALOCHISTAN","JHAL MAGSI","15 - 19","NEVER MARRIED",17491,7836,9650,5,15219,6587,8627,5,2272,1249,1023,0
"BALOCHISTAN","JHAL MAGSI","15 - 19","SEPERATION",4,1,3,0,2,1,1,0,2,0,2,0
"BALOCHISTAN","JHAL MAGSI","15 - 19","WIDOWED",13,4,9,0,13,4,9,0,0,0,0,0
"BALOCHISTAN","JHAL MAGSI","20 - 24","DIVORCED",6,6,0,0,4,4,0,0,2,2,0,0
"BALOCHISTAN","JHAL MAGSI","20 - 24","MARRIED",10465,5954,4511,0,9184,5212,3972,0,1281,742,539,0
"BALOCHISTAN","JHAL MAGSI","20 - 24","NEVER MARRIED",6017,2245,3767,5,4934,1698,3231,5,1083,547,536,0
"BALOCHISTAN","JHAL MAGSI","20 - 24","SEPERATION",7,4,3,0,6,3,3,0,1,1,0,0
"BALOCHISTAN","JHAL MAGSI","20 - 24","WIDOWED",43,26,17,0,38,22,16,0,5,4,1,0
"BALOCHISTAN","JHAL MAGSI","25 - 29","DIVORCED",11,7,4,0,7,4,3,0,4,3,1,0
"BALOCHISTAN","JHAL MAGSI","25 - 29","MARRIED",10257,5409,4848,0,8735,4566,4169,0,1522,843,679,0
"BALOCHISTAN","JHAL MAGSI","25 - 29","NEVER MARRIED",2030,749,1281,0,1598,546,1052,0,432,203,229,0
"BALOCHISTAN","JHAL MAGSI","25 - 29","SEPERATION",12,6,6,0,10,6,4,0,2,0,2,0
"BALOCHISTAN","JHAL MAGSI","25 - 29","WIDOWED",60,36,24,0,53,31,22,0,7,5,2,0
"BALOCHISTAN","JHAL MAGSI","30 - 34","DIVORCED",4,4,0,0,4,4,0,0,0,0,0,0
"BALOCHISTAN","JHAL MAGSI","30 - 34","MARRIED",8985,4667,4318,0,7743,4075,3668,0,1242,592,650,0
"BALOCHISTAN","JHAL MAGSI","30 - 34","NEVER MARRIED",680,259,421,0,509,184,325,0,171,75,96,0
"BALOCHISTAN","JHAL MAGSI","30 - 34","SEPERATION",8,3,5,0,7,2,5,0,1,1,0,0
"BALOCHISTAN","JHAL MAGSI","30 - 34","WIDOWED",95,68,27,0,79,54,25,0,16,14,2,0
"BALOCHISTAN","JHAL MAGSI","35 - 39","DIVORCED",7,6,1,0,6,5,1,0,1,1,0,0
"BALOCHISTAN","JHAL MAGSI","35 - 39","MARRIED",8972,4628,4344,0,7847,4064,3783,0,1125,564,561,0
"BALOCHISTAN","JHAL MAGSI","35 - 39","NEVER MARRIED",490,212,277,1,401,168,232,1,89,44,45,0
"BALOCHISTAN","JHAL MAGSI","35 - 39","SEPERATION",13,5,8,0,12,4,8,0,1,1,0,0
"BALOCHISTAN","JHAL MAGSI","35 - 39","WIDOWED",131,95,36,0,116,84,32,0,15,11,4,0
"BALOCHISTAN","JHAL MAGSI","40 - 44","DIVORCED",5,3,2,0,5,3,2,0,0,0,0,0
"BALOCHISTAN","JHAL MAGSI","40 - 44","MARRIED",8122,4104,4018,0,7163,3620,3543,0,959,484,475,0
"BALOCHISTAN","JHAL MAGSI","40 - 44","NEVER MARRIED",187,80,105,2,151,62,89,0,36,18,16,2
"BALOCHISTAN","JHAL MAGSI","40 - 44","SEPERATION",8,4,4,0,8,4,4,0,0,0,0,0
"BALOCHISTAN","JHAL MAGSI","40 - 44","WIDOWED",167,129,38,0,146,110,36,0,21,19,2,0
"BALOCHISTAN","JHAL MAGSI","45 - 49","DIVORCED",2,1,1,0,1,1,0,0,1,0,1,0
"BALOCHISTAN","JHAL MAGSI","45 - 49","MARRIED",6298,2962,3336,0,5539,2591,2948,0,759,371,388,0
"BALOCHISTAN","JHAL MAGSI","45 - 49","NEVER MARRIED",84,36,48,0,64,24,40,0,20,12,8,0
"BALOCHISTAN","JHAL MAGSI","45 - 49","SEPERATION",14,11,3,0,12,9,3,0,2,2,0,0
"BALOCHISTAN","JHAL MAGSI","45 - 49","WIDOWED",216,171,45,0,184,144,40,0,32,27,5,0
"BALOCHISTAN","JHAL MAGSI","50 - 54","DIVORCED",3,3,0,0,3,3,0,0,0,0,0,0
"BALOCHISTAN","JHAL MAGSI","50 - 54","MARRIED",4878,2276,2602,0,4220,1971,2249,0,658,305,353,0
"BALOCHISTAN","JHAL MAGSI","50 - 54","NEVER MARRIED",39,18,21,0,27,12,15,0,12,6,6,0
"BALOCHISTAN","JHAL MAGSI","50 - 54","SEPERATION",6,4,2,0,6,4,2,0,0,0,0,0
"BALOCHISTAN","JHAL MAGSI","50 - 54","WIDOWED",274,220,54,0,227,186,41,0,47,34,13,0
"BALOCHISTAN","JHAL MAGSI","55 - 59","DIVORCED",2,2,0,0,2,2,0,0,0,0,0,0
"BALOCHISTAN","JHAL MAGSI","55 - 59","MARRIED",3221,1384,1837,0,2738,1206,1532,0,483,178,305,0
"BALOCHISTAN","JHAL MAGSI","55 - 59","NEVER MARRIED",32,15,17,0,24,9,15,0,8,6,2,0
"BALOCHISTAN","JHAL MAGSI","55 - 59","SEPERATION",4,2,2,0,4,2,2,0,0,0,0,0
"BALOCHISTAN","JHAL MAGSI","55 - 59","WIDOWED",235,199,36,0,186,157,29,0,49,42,7,0
"BALOCHISTAN","JHAL MAGSI","60 - 64","DIVORCED",1,0,1,0,1,0,1,0,0,0,0,0
"BALOCHISTAN","JHAL MAGSI","60 - 64","MARRIED",2410,976,1434,0,2137,872,1265,0,273,104,169,0
"BALOCHISTAN","JHAL MAGSI","60 - 64","NEVER MARRIED",52,11,41,0,47,7,40,0,5,4,1,0
"BALOCHISTAN","JHAL MAGSI","60 - 64","SEPERATION",2,2,0,0,1,1,0,0,1,1,0,0
"BALOCHISTAN","JHAL MAGSI","60 - 64","WIDOWED",304,250,54,0,255,211,44,0,49,39,10,0
"BALOCHISTAN","JHAL MAGSI","65 - 69","DIVORCED",1,1,0,0,1,1,0,0,0,0,0,0
"BALOCHISTAN","JHAL MAGSI","65 - 69","MARRIED",1461,604,857,0,1284,530,754,0,177,74,103,0
"BALOCHISTAN","JHAL MAGSI","65 - 69","NEVER MARRIED",14,7,7,0,12,5,7,0,2,2,0,0
"BALOCHISTAN","JHAL MAGSI","65 - 69","SEPERATION",2,1,1,0,1,0,1,0,1,1,0,0
"BALOCHISTAN","JHAL MAGSI","65 - 69","WIDOWED",244,191,53,0,206,160,46,0,38,31,7,0
"BALOCHISTAN","JHAL MAGSI","70 - 74","DIVORCED",0,0,0,0,0,0,0,0,0,0,0,0
"BALOCHISTAN","JHAL MAGSI","70 - 74","MARRIED",959,331,628,0,833,286,547,0,126,45,81,0
"BALOCHISTAN","JHAL MAGSI","70 - 74","NEVER MARRIED",5,3,2,0,4,2,2,0,1,1,0,0
"BALOCHISTAN","JHAL MAGSI","70 - 74","SEPERATION",4,3,1,0,3,3,0,0,1,0,1,0
"BALOCHISTAN","JHAL MAGSI","70 - 74","WIDOWED",266,217,49,0,225,183,42,0,41,34,7,0
"BALOCHISTAN","JHAL MAGSI","75 & ABOVE","DIVORCED",0,0,0,0,0,0,0,0,0,0,0,0
"BALOCHISTAN","JHAL MAGSI","75 & ABOVE","MARRIED",727,222,505,0,652,197,455,0,75,25,50,0
"BALOCHISTAN","JHAL MAGSI","75 & ABOVE","NEVER MARRIED",2,0,2,0,2,0,2,0,0,0,0,0
"BALOCHISTAN","JHAL MAGSI","75 & ABOVE","SEPERATION",4,2,2,0,4,2,2,0,0,0,0,0
"BALOCHISTAN","JHAL MAGSI","75 & ABOVE","WIDOWED",366,298,68,0,296,242,54,0,70,56,14,0
"BALOCHISTAN","KACHHI","15 &  ABOVE","DIVORCED",218,168,50,0,194,149,45,0,24,19,5,0
"BALOCHISTAN","KACHHI","15 &  ABOVE","MARRIED",121147,62092,59055,0,100912,51865,49047,0,20235,10227,10008,0
"BALOCHISTAN","KACHHI","15 &  ABOVE","NEVER MARRIED",76297,31710,44561,26,59914,24634,35260,20,16383,7076,9301,6
"BALOCHISTAN","KACHHI","15 &  ABOVE","SEPERATION",180,127,53,0,166,119,47,0,14,8,6,0
"BALOCHISTAN","KACHHI","15 &  ABOVE","WIDOWED",4766,3850,916,0,3714,2977,737,0,1052,873,179,0
"BALOCHISTAN","KACHHI","15 - 19","DIVORCED",9,4,5,0,8,3,5,0,1,1,0,0
"BALOCHISTAN","KACHHI","15 - 19","MARRIED",5000,3020,1980,0,4270,2550,1720,0,730,470,260,0
"BALOCHISTAN","KACHHI","15 - 19","NEVER MARRIED",49994,21582,28397,15,40537,17241,23285,11,9457,4341,5112,4
"BALOCHISTAN","KACHHI","15 - 19","SEPERATION",11,4,7,0,10,3,7,0,1,1,0,0
"BALOCHISTAN","KACHHI","15 - 19","WIDOWED",19,6,13,0,19,6,13,0,0,0,0,0
"BALOCHISTAN","KACHHI","20 - 24","DIVORCED",17,10,7,0,16,9,7,0,1,1,0,0
"BALOCHISTAN","KACHHI","20 - 24","MARRIED",12471,7207,5264,0,10672,6100,4572,0,1799,1107,692,0
"BALOCHISTAN","KACHHI","20 - 24","NEVER MARRIED",14353,5796,8553,4,10669,4271,6394,4,3684,1525,2159,0
"BALOCHISTAN","KACHHI","20 - 24","SEPERATION",11,10,1,0,9,8,1,0,2,2,0,0
"BALOCHISTAN","KACHHI","20 - 24","WIDOWED",63,39,24,0,56,34,22,0,7,5,2,0
"BALOCHISTAN","KACHHI","25 - 29","DIVORCED",24,17,7,0,21,14,7,0,3,3,0,0
"BALOCHISTAN","KACHHI","25 - 29","MARRIED",16098,8774,7324,0,13460,7273,6187,0,2638,1501,1137,0
"BALOCHISTAN","KACHHI","25 - 29","NEVER MARRIED",5741,2130,3610,1,4013,1472,2541,0,1728,658,1069,1
"BALOCHISTAN","KACHHI","25 - 29","SEPERATION",9,5,4,0,9,5,4,0,0,0,0,0
"BALOCHISTAN","KACHHI","25 - 29","WIDOWED",151,114,37,0,143,109,34,0,8,5,3,0
"BALOCHISTAN","KACHHI","30 - 34","DIVORCED",46,37,9,0,41,33,8,0,5,4,1,0
"BALOCHISTAN","KACHHI","30 - 34","MARRIED",16841,9200,7641,0,13930,7597,6333,0,2911,1603,1308,0
"BALOCHISTAN","KACHHI","30 - 34","NEVER MARRIED",2641,934,1706,1,1905,664,1241,0,736,270,465,1
"BALOCHISTAN","KACHHI","30 - 34","SEPERATION",35,23,12,0,33,22,11,0,2,1,1,0
"BALOCHISTAN","KACHHI","30 - 34","WIDOWED",275,233,42,0,257,219,38,0,18,14,4,0
"BALOCHISTAN","KACHHI","35 - 39","DIVORCED",32,26,6,0,28,25,3,0,4,1,3,0
"BALOCHISTAN","KACHHI","35 - 39","MARRIED",16935,8794,8141,0,14013,7267,6746,0,2922,1527,1395,0
"BALOCHISTAN","KACHHI","35 - 39","NEVER MARRIED",1679,583,1096,0,1277,431,846,0,402,152,250,0
"BALOCHISTAN","KACHHI","35 - 39","SEPERATION",31,28,3,0,30,27,3,0,1,1,0,0
"BALOCHISTAN","KACHHI","35 - 39","WIDOWED",431,368,63,0,391,334,57,0,40,34,6,0
"BALOCHISTAN","KACHHI","40 - 44","DIVORCED",28,26,2,0,26,24,2,0,2,2,0,0
"BALOCHISTAN","KACHHI","40 - 44","MARRIED",15685,7989,7696,0,12832,6619,6213,0,2853,1370,1483,0
"BALOCHISTAN","KACHHI","40 - 44","NEVER MARRIED",904,327,577,0,729,272,457,0,175,55,120,0
"BALOCHISTAN","KACHHI","40 - 44","SEPERATION",21,13,8,0,21,13,8,0,0,0,0,0
"BALOCHISTAN","KACHHI","40 - 44","WIDOWED",503,424,79,0,428,366,62,0,75,58,17,0
"BALOCHISTAN","KACHHI","45 - 49","DIVORCED",27,23,4,0,23,19,4,0,4,4,0,0
"BALOCHISTAN","KACHHI","45 - 49","MARRIED",11279,5558,5721,0,9226,4623,4603,0,2053,935,1118,0
"BALOCHISTAN","KACHHI","45 - 49","NEVER MARRIED",476,162,312,2,379,132,245,2,97,30,67,0
"BALOCHISTAN","KACHHI","45 - 49","SEPERATION",19,12,7,0,16,12,4,0,3,0,3,0
"BALOCHISTAN","KACHHI","45 - 49","WIDOWED",402,328,74,0,324,261,63,0,78,67,11,0
"BALOCHISTAN","KACHHI","50 - 54","DIVORCED",10,5,5,0,9,5,4,0,1,0,1,0
"BALOCHISTAN","KACHHI","50 - 54","MARRIED",9286,4360,4926,0,7706,3661,4045,0,1580,699,881,0
"BALOCHISTAN","KACHHI","50 - 54","NEVER MARRIED",204,91,113,0,155,71,84,0,49,20,29,0
"BALOCHISTAN","KACHHI","50 - 54","SEPERATION",17,12,5,0,14,10,4,0,3,2,1,0
"BALOCHISTAN","KACHHI","50 - 54","WIDOWED",484,389,95,0,360,282,78,0,124,107,17,0
"BALOCHISTAN","KACHHI","55 - 59","DIVORCED",13,11,2,0,11,9,2,0,2,2,0,0
"BALOCHISTAN","KACHHI","55 - 59","MARRIED",6304,2730,3574,0,5197,2306,2891,0,1107,424,683,0
"BALOCHISTAN","KACHHI","55 - 59","NEVER MARRIED",119,44,75,0,90,32,58,0,29,12,17,0
"BALOCHISTAN","KACHHI","55 - 59","SEPERATION",8,6,2,0,8,6,2,0,0,0,0,0
"BALOCHISTAN","KACHHI","55 - 59","WIDOWED",406,324,82,0,287,221,66,0,119,103,16,0
"BALOCHISTAN","KACHHI","60 - 64","DIVORCED",7,6,1,0,6,5,1,0,1,1,0,0
"BALOCHISTAN","KACHHI","60 - 64","MARRIED",4607,1888,2719,0,3874,1625,2249,0,733,263,470,0
"BALOCHISTAN","KACHHI","60 - 64","NEVER MARRIED",79,24,54,1,67,18,48,1,12,6,6,0
"BALOCHISTAN","KACHHI","60 - 64","SEPERATION",4,3,1,0,4,3,1,0,0,0,0,0
"BALOCHISTAN","KACHHI","60 - 64","WIDOWED",541,432,109,0,397,311,86,0,144,121,23,0
"BALOCHISTAN","KACHHI","65 - 69","DIVORCED",1,0,1,0,1,0,1,0,0,0,0,0
"BALOCHISTAN","KACHHI","65 - 69","MARRIED",2914,1176,1738,0,2483,1014,1469,0,431,162,269,0
"BALOCHISTAN","KACHHI","65 - 69","NEVER MARRIED",65,22,43,0,56,18,38,0,9,4,5,0
"BALOCHISTAN","KACHHI","65 - 69","SEPERATION",6,6,0,0,6,6,0,0,0,0,0,0
"BALOCHISTAN","KACHHI","65 - 69","WIDOWED",457,375,82,0,311,247,64,0,146,128,18,0
"BALOCHISTAN","KACHHI","70 - 74","DIVORCED",2,1,1,0,2,1,1,0,0,0,0,0
"BALOCHISTAN","KACHHI","70 - 74","MARRIED",1921,731,1190,0,1639,636,1003,0,282,95,187,0
"BALOCHISTAN","KACHHI","70 - 74","NEVER MARRIED",23,8,15,0,19,6,13,0,4,2,2,0
"BALOCHISTAN","KACHHI","70 - 74","SEPERATION",5,4,1,0,3,3,0,0,2,1,1,0
"BALOCHISTAN","KACHHI","70 - 74","WIDOWED",476,386,90,0,336,276,60,0,140,110,30,0
"BALOCHISTAN","KACHHI","75 & ABOVE","DIVORCED",2,2,0,0,2,2,0,0,0,0,0,0
"BALOCHISTAN","KACHHI","75 & ABOVE","MARRIED",1806,665,1141,0,1610,594,1016,0,196,71,125,0
"BALOCHISTAN","KACHHI","75 & ABOVE","NEVER MARRIED",19,7,10,2,18,6,10,2,1,1,0,0
"BALOCHISTAN","KACHHI","75 & ABOVE","SEPERATION",3,1,2,0,3,1,2,0,0,0,0,0
"BALOCHISTAN","KACHHI","75 & ABOVE","WIDOWED",558,432,126,0,405,311,94,0,153,121,32,0
"BALOCHISTAN","KALAT","15 &  ABOVE","DIVORCED",71,55,16,0,62,46,16,0,9,9,0,0
"BALOCHISTAN","KALAT","15 &  ABOVE","MARRIED",83612,42596,41016,0,70970,36148,34822,0,12642,6448,6194,0
"BALOCHISTAN","KALAT","15 &  ABOVE","NEVER MARRIED",43747,18996,24747,4,35055,14982,20070,3,8692,4014,4677,1
"BALOCHISTAN","KALAT","15 &  ABOVE","SEPERATION",58,20,38,0,57,20,37,0,1,0,1,0
"BALOCHISTAN","KALAT","15 &  ABOVE","WIDOWED",2635,2047,588,0,2065,1569,496,0,570,478,92,0
"BALOCHISTAN","KALAT","15 - 19","DIVORCED",3,3,0,0,2,2,0,0,1,1,0,0
"BALOCHISTAN","KALAT","15 - 19","MARRIED",3093,1911,1182,0,2855,1761,1094,0,238,150,88,0
"BALOCHISTAN","KALAT","15 - 19","NEVER MARRIED",25924,12001,13922,1,21502,9870,11631,1,4422,2131,2291,0
"BALOCHISTAN","KALAT","15 - 19","SEPERATION",8,2,6,0,8,2,6,0,0,0,0,0
"BALOCHISTAN","KALAT","15 - 19","WIDOWED",10,5,5,0,8,4,4,0,2,1,1,0
"BALOCHISTAN","KALAT","20 - 24","DIVORCED",4,3,1,0,4,3,1,0,0,0,0,0
"BALOCHISTAN","KALAT","20 - 24","MARRIED",9375,5646,3729,0,8217,4884,3333,0,1158,762,396,0
"BALOCHISTAN","KALAT","20 - 24","NEVER MARRIED",10539,4216,6322,1,8263,3210,5052,1,2276,1006,1270,0
"BALOCHISTAN","KALAT","20 - 24","SEPERATION",4,1,3,0,4,1,3,0,0,0,0,0
"BALOCHISTAN","KALAT","20 - 24","WIDOWED",32,24,8,0,29,21,8,0,3,3,0,0
"BALOCHISTAN","KALAT","25 - 29","DIVORCED",10,9,1,0,9,8,1,0,1,1,0,0
"BALOCHISTAN","KALAT","25 - 29","MARRIED",12078,6571,5507,0,10418,5598,4820,0,1660,973,687,0
"BALOCHISTAN","KALAT","25 - 29","NEVER MARRIED",4258,1574,2684,0,3185,1109,2076,0,1073,465,608,0
"BALOCHISTAN","KALAT","25 - 29","SEPERATION",3,2,1,0,3,2,1,0,0,0,0,0
"BALOCHISTAN","KALAT","25 - 29","WIDOWED",62,39,23,0,50,29,21,0,12,10,2,0
"BALOCHISTAN","KALAT","30 - 34","DIVORCED",11,7,4,0,9,5,4,0,2,2,0,0
"BALOCHISTAN","KALAT","30 - 34","MARRIED",11414,6105,5309,0,9593,5123,4470,0,1821,982,839,0
"BALOCHISTAN","KALAT","30 - 34","NEVER MARRIED",1646,672,974,0,1144,444,700,0,502,228,274,0
"BALOCHISTAN","KALAT","30 - 34","SEPERATION",6,3,3,0,6,3,3,0,0,0,0,0
"BALOCHISTAN","KALAT","30 - 34","WIDOWED",85,63,22,0,69,50,19,0,16,13,3,0
"BALOCHISTAN","KALAT","35 - 39","DIVORCED",9,5,4,0,6,2,4,0,3,3,0,0
"BALOCHISTAN","KALAT","35 - 39","MARRIED",11353,5774,5579,0,9613,4901,4712,0,1740,873,867,0
"BALOCHISTAN","KALAT","35 - 39","NEVER MARRIED",728,270,458,0,538,191,347,0,190,79,111,0
"BALOCHISTAN","KALAT","35 - 39","SEPERATION",10,4,6,0,10,4,6,0,0,0,0,0
"BALOCHISTAN","KALAT","35 - 39","WIDOWED",144,116,28,0,120,95,25,0,24,21,3,0
"BALOCHISTAN","KALAT","40 - 44","DIVORCED",8,8,0,0,6,6,0,0,2,2,0,0
"BALOCHISTAN","KALAT","40 - 44","MARRIED",10174,5025,5149,0,8448,4165,4283,0,1726,860,866,0
"BALOCHISTAN","KALAT","40 - 44","NEVER MARRIED",326,140,186,0,198,79,119,0,128,61,67,0
"BALOCHISTAN","KALAT","40 - 44","SEPERATION",5,1,4,0,5,1,4,0,0,0,0,0
"BALOCHISTAN","KALAT","40 - 44","WIDOWED",209,169,40,0,162,127,35,0,47,42,5,0
"BALOCHISTAN","KALAT","45 - 49","DIVORCED",6,6,0,0,6,6,0,0,0,0,0,0
"BALOCHISTAN","KALAT","45 - 49","MARRIED",7185,3327,3858,0,6032,2817,3215,0,1153,510,643,0
"BALOCHISTAN","KALAT","45 - 49","NEVER MARRIED",140,56,84,0,90,30,60,0,50,26,24,0
"BALOCHISTAN","KALAT","45 - 49","SEPERATION",3,1,2,0,3,1,2,0,0,0,0,0
"BALOCHISTAN","KALAT","45 - 49","WIDOWED",187,144,43,0,155,121,34,0,32,23,9,0
"BALOCHISTAN","KALAT","50 - 54","DIVORCED",8,7,1,0,8,7,1,0,0,0,0,0
"BALOCHISTAN","KALAT","50 - 54","MARRIED",6296,3032,3264,0,5281,2574,2707,0,1015,458,557,0
"BALOCHISTAN","KALAT","50 - 54","NEVER MARRIED",60,23,37,0,42,16,26,0,18,7,11,0
"BALOCHISTAN","KALAT","50 - 54","SEPERATION",6,2,4,0,5,2,3,0,1,0,1,0
"BALOCHISTAN","KALAT","50 - 54","WIDOWED",311,258,53,0,232,188,44,0,79,70,9,0
"BALOCHISTAN","KALAT","55 - 59","DIVORCED",4,3,1,0,4,3,1,0,0,0,0,0
"BALOCHISTAN","KALAT","55 - 59","MARRIED",4530,2033,2497,0,3742,1698,2044,0,788,335,453,0
"BALOCHISTAN","KALAT","55 - 59","NEVER MARRIED",53,16,36,1,35,10,25,0,18,6,11,1
"BALOCHISTAN","KALAT","55 - 59","SEPERATION",2,0,2,0,2,0,2,0,0,0,0,0
"BALOCHISTAN","KALAT","55 - 59","WIDOWED",327,262,65,0,253,197,56,0,74,65,9,0
"BALOCHISTAN","KALAT","60 - 64","DIVORCED",4,3,1,0,4,3,1,0,0,0,0,0
"BALOCHISTAN","KALAT","60 - 64","MARRIED",3403,1409,1994,0,2821,1167,1654,0,582,242,340,0
"BALOCHISTAN","KALAT","60 - 64","NEVER MARRIED",32,11,21,0,24,8,16,0,8,3,5,0
"BALOCHISTAN","KALAT","60 - 64","SEPERATION",4,1,3,0,4,1,3,0,0,0,0,0
"BALOCHISTAN","KALAT","60 - 64","WIDOWED",329,267,62,0,264,209,55,0,65,58,7,0
"BALOCHISTAN","KALAT","65 - 69","DIVORCED",2,1,1,0,2,1,1,0,0,0,0,0
"BALOCHISTAN","KALAT","65 - 69","MARRIED",2018,831,1187,0,1659,677,982,0,359,154,205,0
"BALOCHISTAN","KALAT","65 - 69","NEVER MARRIED",24,9,14,1,19,9,9,1,5,0,5,0
"BALOCHISTAN","KALAT","65 - 69","SEPERATION",1,1,0,0,1,1,0,0,0,0,0,0
"BALOCHISTAN","KALAT","65 - 69","WIDOWED",318,253,65,0,244,192,52,0,74,61,13,0
"BALOCHISTAN","KALAT","70 - 74","DIVORCED",1,0,1,0,1,0,1,0,0,0,0,0
"BALOCHISTAN","KALAT","70 - 74","MARRIED",1395,462,933,0,1166,385,781,0,229,77,152,0
"BALOCHISTAN","KALAT","70 - 74","NEVER MARRIED",9,4,5,0,7,2,5,0,2,2,0,0
"BALOCHISTAN","KALAT","70 - 74","SEPERATION",3,1,2,0,3,1,2,0,0,0,0,0
"BALOCHISTAN","KALAT","70 - 74","WIDOWED",277,222,55,0,212,168,44,0,65,54,11,0
"BALOCHISTAN","KALAT","75 & ABOVE","DIVORCED",1,0,1,0,1,0,1,0,0,0,0,0
"BALOCHISTAN","KALAT","75 & ABOVE","MARRIED",1298,470,828,0,1125,398,727,0,173,72,101,0
"BALOCHISTAN","KALAT","75 & ABOVE","NEVER MARRIED",8,4,4,0,8,4,4,0,0,0,0,0
"BALOCHISTAN","KALAT","75 & ABOVE","SEPERATION",3,1,2,0,3,1,2,0,0,0,0,0
"BALOCHISTAN","KALAT","75 & ABOVE","WIDOWED",344,225,119,0,267,168,99,0,77,57,20,0
"BALOCHISTAN","KECH","15 &  ABOVE","DIVORCED",2042,1047,995,0,1494,826,668,0,548,221,327,0
"BALOCHISTAN","KECH","15 &  ABOVE","MARRIED",454138,222871,231267,0,296263,146035,150228,0,157875,76836,81039,0
"BALOCHISTAN","KECH","15 &  ABOVE","NEVER MARRIED",142587,57266,85207,114,88039,35643,52353,43,54548,21623,32854,71
"BALOCHISTAN","KECH","15 &  ABOVE","SEPERATION",1151,402,749,0,843,336,507,0,308,66,242,0
"BALOCHISTAN","KECH","15 &  ABOVE","WIDOWED",11985,7468,4517,0,8993,5803,3190,0,2992,1665,1327,0
"BALOCHISTAN","KECH","15 - 19","DIVORCED",71,29,42,0,53,21,32,0,18,8,10,0
"BALOCHISTAN","KECH","15 - 19","MARRIED",49979,29727,20252,0,35700,21002,14698,0,14279,8725,5554,0
"BALOCHISTAN","KECH","15 - 19","NEVER MARRIED",87388,36251,51096,41,53788,22625,31157,6,33600,13626,19939,35
"BALOCHISTAN","KECH","15 - 19","SEPERATION",101,17,84,0,64,15,49,0,37,2,35,0
"BALOCHISTAN","KECH","15 - 19","WIDOWED",113,47,66,0,84,39,45,0,29,8,21,0
"BALOCHISTAN","KECH","20 - 24","DIVORCED",160,91,69,0,120,76,44,0,40,15,25,0
"BALOCHISTAN","KECH","20 - 24","MARRIED",65253,36979,28274,0,44090,24974,19116,0,21163,12005,9158,0
"BALOCHISTAN","KECH","20 - 24","NEVER MARRIED",29514,10595,18891,28,18430,6627,11794,9,11084,3968,7097,19
"BALOCHISTAN","KECH","20 - 24","SEPERATION",104,39,65,0,72,34,38,0,32,5,27,0
"BALOCHISTAN","KECH","20 - 24","WIDOWED",237,116,121,0,190,97,93,0,47,19,28,0
"BALOCHISTAN","KECH","25 - 29","DIVORCED",260,126,134,0,181,101,80,0,79,25,54,0
"BALOCHISTAN","KECH","25 - 29","MARRIED",71186,36360,34826,0,47159,23696,23463,0,24027,12664,11363,0
"BALOCHISTAN","KECH","25 - 29","NEVER MARRIED",13474,5496,7968,10,8088,3279,4806,3,5386,2217,3162,7
"BALOCHISTAN","KECH","25 - 29","SEPERATION",142,55,87,0,105,45,60,0,37,10,27,0
"BALOCHISTAN","KECH","25 - 29","WIDOWED",444,233,211,0,354,199,155,0,90,34,56,0
"BALOCHISTAN","KECH","30 - 34","DIVORCED",271,151,120,0,190,115,75,0,81,36,45,0
"BALOCHISTAN","KECH","30 - 34","MARRIED",63170,31675,31495,0,40320,19984,20336,0,22850,11691,11159,0
"BALOCHISTAN","KECH","30 - 34","NEVER MARRIED",6237,3274,2954,9,3841,1996,1840,5,2396,1278,1114,4
"BALOCHISTAN","KECH","30 - 34","SEPERATION",158,60,98,0,109,43,66,0,49,17,32,0
"BALOCHISTAN","KECH","30 - 34","WIDOWED",553,346,207,0,396,267,129,0,157,79,78,0
"BALOCHISTAN","KECH","35 - 39","DIVORCED",301,180,121,0,220,145,75,0,81,35,46,0
"BALOCHISTAN","KECH","35 - 39","MARRIED",57030,26229,30801,0,35051,16086,18965,0,21979,10143,11836,0
"BALOCHISTAN","KECH","35 - 39","NEVER MARRIED",3109,901,2205,3,1970,570,1397,3,1139,331,808,0
"BALOCHISTAN","KECH","35 - 39","SEPERATION",163,70,93,0,123,60,63,0,40,10,30,0
"BALOCHISTAN","KECH","35 - 39","WIDOWED",785,518,267,0,598,412,186,0,187,106,81,0
"BALOCHISTAN","KECH","40 - 44","DIVORCED",275,143,132,0,216,117,99,0,59,26,33,0
"BALOCHISTAN","KECH","40 - 44","MARRIED",42926,19519,23407,0,26645,12124,14521,0,16281,7395,8886,0
"BALOCHISTAN","KECH","40 - 44","NEVER MARRIED",1232,350,878,4,849,248,599,2,383,102,279,2
"BALOCHISTAN","KECH","40 - 44","SEPERATION",116,45,71,0,90,37,53,0,26,8,18,0
"BALOCHISTAN","KECH","40 - 44","WIDOWED",903,576,327,0,730,487,243,0,173,89,84,0
"BALOCHISTAN","KECH","45 - 49","DIVORCED",237,115,122,0,174,87,87,0,63,28,35,0
"BALOCHISTAN","KECH","45 - 49","MARRIED",32113,13570,18543,0,19591,8633,10958,0,12522,4937,7585,0
"BALOCHISTAN","KECH","45 - 49","NEVER MARRIED",656,180,474,2,442,125,315,2,214,55,159,0
"BALOCHISTAN","KECH","45 - 49","SEPERATION",93,28,65,0,69,24,45,0,24,4,20,0
"BALOCHISTAN","KECH","45 - 49","WIDOWED",1004,643,361,0,784,499,285,0,220,144,76,0
"BALOCHISTAN","KECH","50 - 54","DIVORCED",139,72,67,0,99,54,45,0,40,18,22,0
"BALOCHISTAN","KECH","50 - 54","MARRIED",23382,10268,13114,0,14900,6743,8157,0,8482,3525,4957,0
"BALOCHISTAN","KECH","50 - 54","NEVER MARRIED",344,85,254,5,230,60,168,2,114,25,86,3
"BALOCHISTAN","KECH","50 - 54","SEPERATION",68,20,48,0,48,17,31,0,20,3,17,0
"BALOCHISTAN","KECH","50 - 54","WIDOWED",1254,868,386,0,931,664,267,0,323,204,119,0
"BALOCHISTAN","KECH","55 - 59","DIVORCED",118,55,63,0,83,39,44,0,35,16,19,0
"BALOCHISTAN","KECH","55 - 59","MARRIED",17219,7104,10115,0,10894,4677,6217,0,6325,2427,3898,0
"BALOCHISTAN","KECH","55 - 59","NEVER MARRIED",223,49,170,4,161,42,115,4,62,7,55,0
"BALOCHISTAN","KECH","55 - 59","SEPERATION",58,17,41,0,46,15,31,0,12,2,10,0
"BALOCHISTAN","KECH","55 - 59","WIDOWED",1213,795,418,0,862,589,273,0,351,206,145,0
"BALOCHISTAN","KECH","60 - 64","DIVORCED",78,36,42,0,58,30,28,0,20,6,14,0
"BALOCHISTAN","KECH","60 - 64","MARRIED",12470,4754,7716,0,8437,3360,5077,0,4033,1394,2639,0
"BALOCHISTAN","KECH","60 - 64","NEVER MARRIED",166,41,121,4,99,37,59,3,67,4,62,1
"BALOCHISTAN","KECH","60 - 64","SEPERATION",46,20,26,0,36,19,17,0,10,1,9,0
"BALOCHISTAN","KECH","60 - 64","WIDOWED",1249,825,424,0,944,629,315,0,305,196,109,0
"BALOCHISTAN","KECH","65 - 69","DIVORCED",53,20,33,0,41,16,25,0,12,4,8,0
"BALOCHISTAN","KECH","65 - 69","MARRIED",8501,3176,5325,0,5753,2240,3513,0,2748,936,1812,0
"BALOCHISTAN","KECH","65 - 69","NEVER MARRIED",123,21,99,3,53,16,34,3,70,5,65,0
"BALOCHISTAN","KECH","65 - 69","SEPERATION",29,13,16,0,22,11,11,0,7,2,5,0
"BALOCHISTAN","KECH","65 - 69","WIDOWED",1237,758,479,0,900,554,346,0,337,204,133,0
"BALOCHISTAN","KECH","70 - 74","DIVORCED",28,14,14,0,21,11,10,0,7,3,4,0
"BALOCHISTAN","KECH","70 - 74","MARRIED",5324,1816,3508,0,3739,1303,2436,0,1585,513,1072,0
"BALOCHISTAN","KECH","70 - 74","NEVER MARRIED",48,7,40,1,35,5,29,1,13,2,11,0
"BALOCHISTAN","KECH","70 - 74","SEPERATION",19,4,15,0,17,4,13,0,2,0,2,0
"BALOCHISTAN","KECH","70 - 74","WIDOWED",1108,726,382,0,856,579,277,0,252,147,105,0
"BALOCHISTAN","KECH","75 & ABOVE","DIVORCED",51,15,36,0,38,14,24,0,13,1,12,0
"BALOCHISTAN","KECH","75 & ABOVE","MARRIED",5585,1694,3891,0,3984,1213,2771,0,1601,481,1120,0
"BALOCHISTAN","KECH","75 & ABOVE","NEVER MARRIED",73,16,57,0,53,13,40,0,20,3,17,0
"BALOCHISTAN","KECH","75 & ABOVE","SEPERATION",54,14,40,0,42,12,30,0,12,2,10,0
"BALOCHISTAN","KECH","75 & ABOVE","WIDOWED",1885,1017,868,0,1364,788,576,0,521,229,292,0
"BALOCHISTAN","KHARAN","15 &  ABOVE","DIVORCED",145,114,31,0,117,89,28,0,28,25,3,0
"BALOCHISTAN","KHARAN","15 &  ABOVE","MARRIED",76578,38851,37727,0,51776,26453,25323,0,24802,12398,12404,0
"BALOCHISTAN","KHARAN","15 &  ABOVE","NEVER MARRIED",35470,15388,20073,9,22464,9959,12502,3,13006,5429,7571,6
"BALOCHISTAN","KHARAN","15 &  ABOVE","SEPERATION",141,104,37,0,107,84,23,0,34,20,14,0
"BALOCHISTAN","KHARAN","15 &  ABOVE","WIDOWED",1692,1378,314,0,1349,1097,252,0,343,281,62,0
"BALOCHISTAN","KHARAN","15 - 19","DIVORCED",3,2,1,0,2,2,0,0,1,0,1,0
"BALOCHISTAN","KHARAN","15 - 19","MARRIED",5957,3624,2333,0,4484,2731,1753,0,1473,893,580,0
"BALOCHISTAN","KHARAN","15 - 19","NEVER MARRIED",23393,9864,13524,5,15831,6745,9083,3,7562,3119,4441,2
"BALOCHISTAN","KHARAN","15 - 19","SEPERATION",11,5,6,0,5,2,3,0,6,3,3,0
"BALOCHISTAN","KHARAN","15 - 19","WIDOWED",9,5,4,0,7,5,2,0,2,0,2,0
"BALOCHISTAN","KHARAN","20 - 24","DIVORCED",14,12,2,0,12,10,2,0,2,2,0,0
"BALOCHISTAN","KHARAN","20 - 24","MARRIED",11070,6380,4690,0,7654,4383,3271,0,3416,1997,1419,0
"BALOCHISTAN","KHARAN","20 - 24","NEVER MARRIED",7083,3185,3896,2,4065,1936,2129,0,3018,1249,1767,2
"BALOCHISTAN","KHARAN","20 - 24","SEPERATION",11,8,3,0,7,5,2,0,4,3,1,0
"BALOCHISTAN","KHARAN","20 - 24","WIDOWED",30,22,8,0,24,17,7,0,6,5,1,0
"BALOCHISTAN","KHARAN","25 - 29","DIVORCED",20,17,3,0,16,14,2,0,4,3,1,0
"BALOCHISTAN","KHARAN","25 - 29","MARRIED",11964,6378,5586,0,7960,4234,3726,0,4004,2144,1860,0
"BALOCHISTAN","KHARAN","25 - 29","NEVER MARRIED",2824,1264,1559,1,1448,681,767,0,1376,583,792,1
"BALOCHISTAN","KHARAN","25 - 29","SEPERATION",12,7,5,0,10,5,5,0,2,2,0,0
"BALOCHISTAN","KHARAN","25 - 29","WIDOWED",68,53,15,0,53,38,15,0,15,15,0,0
"BALOCHISTAN","KHARAN","30 - 34","DIVORCED",25,17,8,0,20,12,8,0,5,5,0,0
"BALOCHISTAN","KHARAN","30 - 34","MARRIED",10690,5632,5058,0,6983,3719,3264,0,3707,1913,1794,0
"BALOCHISTAN","KHARAN","30 - 34","NEVER MARRIED",1207,592,615,0,599,321,278,0,608,271,337,0
"BALOCHISTAN","KHARAN","30 - 34","SEPERATION",28,19,9,0,22,17,5,0,6,2,4,0
"BALOCHISTAN","KHARAN","30 - 34","WIDOWED",72,54,18,0,61,46,15,0,11,8,3,0
"BALOCHISTAN","KHARAN","35 - 39","DIVORCED",23,17,6,0,19,14,5,0,4,3,1,0
"BALOCHISTAN","KHARAN","35 - 39","MARRIED",9511,4700,4811,0,6412,3196,3216,0,3099,1504,1595,0
"BALOCHISTAN","KHARAN","35 - 39","NEVER MARRIED",514,267,246,1,276,158,118,0,238,109,128,1
"BALOCHISTAN","KHARAN","35 - 39","SEPERATION",17,14,3,0,13,11,2,0,4,3,1,0
"BALOCHISTAN","KHARAN","35 - 39","WIDOWED",112,93,19,0,90,74,16,0,22,19,3,0
"BALOCHISTAN","KHARAN","40 - 44","DIVORCED",15,13,2,0,10,8,2,0,5,5,0,0
"BALOCHISTAN","KHARAN","40 - 44","MARRIED",7814,3714,4100,0,5241,2514,2727,0,2573,1200,1373,0
"BALOCHISTAN","KHARAN","40 - 44","NEVER MARRIED",211,111,100,0,113,59,54,0,98,52,46,0
"BALOCHISTAN","KHARAN","40 - 44","SEPERATION",12,8,4,0,11,8,3,0,1,0,1,0
"BALOCHISTAN","KHARAN","40 - 44","WIDOWED",139,119,20,0,109,93,16,0,30,26,4,0
"BALOCHISTAN","KHARAN","45 - 49","DIVORCED",11,11,0,0,9,9,0,0,2,2,0,0
"BALOCHISTAN","KHARAN","45 - 49","MARRIED",5833,2660,3173,0,3846,1776,2070,0,1987,884,1103,0
"BALOCHISTAN","KHARAN","45 - 49","NEVER MARRIED",99,53,46,0,56,27,29,0,43,26,17,0
"BALOCHISTAN","KHARAN","45 - 49","SEPERATION",16,14,2,0,14,13,1,0,2,1,1,0
"BALOCHISTAN","KHARAN","45 - 49","WIDOWED",153,138,15,0,130,122,8,0,23,16,7,0
"BALOCHISTAN","KHARAN","50 - 54","DIVORCED",13,11,2,0,10,8,2,0,3,3,0,0
"BALOCHISTAN","KHARAN","50 - 54","MARRIED",4574,2142,2432,0,3062,1444,1618,0,1512,698,814,0
"BALOCHISTAN","KHARAN","50 - 54","NEVER MARRIED",64,33,31,0,35,21,14,0,29,12,17,0
"BALOCHISTAN","KHARAN","50 - 54","SEPERATION",7,7,0,0,5,5,0,0,2,2,0,0
"BALOCHISTAN","KHARAN","50 - 54","WIDOWED",185,156,29,0,144,122,22,0,41,34,7,0
"BALOCHISTAN","KHARAN","55 - 59","DIVORCED",6,4,2,0,5,3,2,0,1,1,0,0
"BALOCHISTAN","KHARAN","55 - 59","MARRIED",3213,1435,1778,0,2094,947,1147,0,1119,488,631,0
"BALOCHISTAN","KHARAN","55 - 59","NEVER MARRIED",33,12,21,0,17,7,10,0,16,5,11,0
"BALOCHISTAN","KHARAN","55 - 59","SEPERATION",10,9,1,0,7,6,1,0,3,3,0,0
"BALOCHISTAN","KHARAN","55 - 59","WIDOWED",171,150,21,0,126,111,15,0,45,39,6,0
"BALOCHISTAN","KHARAN","60 - 64","DIVORCED",5,3,2,0,4,2,2,0,1,1,0,0
"BALOCHISTAN","KHARAN","60 - 64","MARRIED",2494,965,1529,0,1678,658,1020,0,816,307,509,0
"BALOCHISTAN","KHARAN","60 - 64","NEVER MARRIED",15,6,9,0,6,3,3,0,9,3,6,0
"BALOCHISTAN","KHARAN","60 - 64","SEPERATION",3,3,0,0,3,3,0,0,0,0,0,0
"BALOCHISTAN","KHARAN","60 - 64","WIDOWED",201,168,33,0,157,130,27,0,44,38,6,0
"BALOCHISTAN","KHARAN","65 - 69","DIVORCED",6,6,0,0,6,6,0,0,0,0,0,0
"BALOCHISTAN","KHARAN","65 - 69","MARRIED",1469,536,933,0,961,358,603,0,508,178,330,0
"BALOCHISTAN","KHARAN","65 - 69","NEVER MARRIED",17,0,17,0,10,0,10,0,7,0,7,0
"BALOCHISTAN","KHARAN","65 - 69","SEPERATION",6,4,2,0,4,3,1,0,2,1,1,0
"BALOCHISTAN","KHARAN","65 - 69","WIDOWED",154,123,31,0,125,101,24,0,29,22,7,0
"BALOCHISTAN","KHARAN","70 - 74","DIVORCED",2,1,1,0,2,1,1,0,0,0,0,0
"BALOCHISTAN","KHARAN","70 - 74","MARRIED",1016,357,659,0,729,261,468,0,287,96,191,0
"BALOCHISTAN","KHARAN","70 - 74","NEVER MARRIED",2,1,1,0,2,1,1,0,0,0,0,0
"BALOCHISTAN","KHARAN","70 - 74","SEPERATION",5,4,1,0,4,4,0,0,1,0,1,0
"BALOCHISTAN","KHARAN","70 - 74","WIDOWED",192,153,39,0,156,124,32,0,36,29,7,0
"BALOCHISTAN","KHARAN","75 & ABOVE","DIVORCED",2,0,2,0,2,0,2,0,0,0,0,0
"BALOCHISTAN","KHARAN","75 & ABOVE","MARRIED",973,328,645,0,672,232,440,0,301,96,205,0
"BALOCHISTAN","KHARAN","75 & ABOVE","NEVER MARRIED",8,0,8,0,6,0,6,0,2,0,2,0
"BALOCHISTAN","KHARAN","75 & ABOVE","SEPERATION",3,2,1,0,2,2,0,0,1,0,1,0
"BALOCHISTAN","KHARAN","75 & ABOVE","WIDOWED",206,144,62,0,167,114,53,0,39,30,9,0
"BALOCHISTAN","KHUZDAR","15 &  ABOVE","DIVORCED",516,382,134,0,357,268,89,0,159,114,45,0
"BALOCHISTAN","KHUZDAR","15 &  ABOVE","MARRIED",343016,173164,169852,0,230922,116698,114224,0,112094,56466,55628,0
"BALOCHISTAN","KHUZDAR","15 &  ABOVE","NEVER MARRIED",128152,50448,77673,31,68133,26120,41989,24,60019,24328,35684,7
"BALOCHISTAN","KHUZDAR","15 &  ABOVE","SEPERATION",474,150,324,0,352,99,253,0,122,51,71,0
"BALOCHISTAN","KHUZDAR","15 &  ABOVE","WIDOWED",8557,6712,1845,0,5771,4461,1310,0,2786,2251,535,0
"BALOCHISTAN","KHUZDAR","15 - 19","DIVORCED",24,16,8,0,15,10,5,0,9,6,3,0
"BALOCHISTAN","KHUZDAR","15 - 19","MARRIED",25122,15630,9492,0,17959,11192,6767,0,7163,4438,2725,0
"BALOCHISTAN","KHUZDAR","15 - 19","NEVER MARRIED",81729,32749,48968,12,46031,17953,28070,8,35698,14796,20898,4
"BALOCHISTAN","KHUZDAR","15 - 19","SEPERATION",38,13,25,0,26,6,20,0,12,7,5,0
"BALOCHISTAN","KHUZDAR","15 - 19","WIDOWED",47,28,19,0,27,18,9,0,20,10,10,0
"BALOCHISTAN","KHUZDAR","20 - 24","DIVORCED",73,54,19,0,45,35,10,0,28,19,9,0
"BALOCHISTAN","KHUZDAR","20 - 24","MARRIED",52417,29281,23136,0,36359,20239,16120,0,16058,9042,7016,0
"BALOCHISTAN","KHUZDAR","20 - 24","NEVER MARRIED",28736,11034,17693,9,14380,5372,9002,6,14356,5662,8691,3
"BALOCHISTAN","KHUZDAR","20 - 24","SEPERATION",52,19,33,0,37,12,25,0,15,7,8,0
"BALOCHISTAN","KHUZDAR","20 - 24","WIDOWED",139,94,45,0,88,63,25,0,51,31,20,0
"BALOCHISTAN","KHUZDAR","25 - 29","DIVORCED",91,69,22,0,62,49,13,0,29,20,9,0
"BALOCHISTAN","KHUZDAR","25 - 29","MARRIED",53946,27939,26007,0,36131,18632,17499,0,17815,9307,8508,0
"BALOCHISTAN","KHUZDAR","25 - 29","NEVER MARRIED",9828,3639,6186,3,4583,1641,2939,3,5245,1998,3247,0
"BALOCHISTAN","KHUZDAR","25 - 29","SEPERATION",52,13,39,0,42,12,30,0,10,1,9,0
"BALOCHISTAN","KHUZDAR","25 - 29","WIDOWED",267,187,80,0,187,130,57,0,80,57,23,0
"BALOCHISTAN","KHUZDAR","30 - 34","DIVORCED",82,61,21,0,53,40,13,0,29,21,8,0
"BALOCHISTAN","KHUZDAR","30 - 34","MARRIED",45852,24360,21492,0,30070,16091,13979,0,15782,8269,7513,0
"BALOCHISTAN","KHUZDAR","30 - 34","NEVER MARRIED",3802,1535,2266,1,1604,617,986,1,2198,918,1280,0
"BALOCHISTAN","KHUZDAR","30 - 34","SEPERATION",45,12,33,0,33,8,25,0,12,4,8,0
"BALOCHISTAN","KHUZDAR","30 - 34","WIDOWED",333,250,83,0,235,175,60,0,98,75,23,0
"BALOCHISTAN","KHUZDAR","35 - 39","DIVORCED",62,43,19,0,48,35,13,0,14,8,6,0
"BALOCHISTAN","KHUZDAR","35 - 39","MARRIED",42345,21307,21038,0,27812,13914,13898,0,14533,7393,7140,0
"BALOCHISTAN","KHUZDAR","35 - 39","NEVER MARRIED",1798,675,1122,1,704,278,425,1,1094,397,697,0
"BALOCHISTAN","KHUZDAR","35 - 39","SEPERATION",52,10,42,0,39,6,33,0,13,4,9,0
"BALOCHISTAN","KHUZDAR","35 - 39","WIDOWED",426,300,126,0,299,208,91,0,127,92,35,0
"BALOCHISTAN","KHUZDAR","40 - 44","DIVORCED",37,31,6,0,23,21,2,0,14,10,4,0
"BALOCHISTAN","KHUZDAR","40 - 44","MARRIED",35922,17206,18716,0,23208,11075,12133,0,12714,6131,6583,0
"BALOCHISTAN","KHUZDAR","40 - 44","NEVER MARRIED",884,351,533,0,350,115,235,0,534,236,298,0
"BALOCHISTAN","KHUZDAR","40 - 44","SEPERATION",29,12,17,0,21,9,12,0,8,3,5,0
"BALOCHISTAN","KHUZDAR","40 - 44","WIDOWED",580,444,136,0,412,301,111,0,168,143,25,0
"BALOCHISTAN","KHUZDAR","45 - 49","DIVORCED",44,37,7,0,30,24,6,0,14,13,1,0
"BALOCHISTAN","KHUZDAR","45 - 49","MARRIED",24919,11431,13488,0,16203,7501,8702,0,8716,3930,4786,0
"BALOCHISTAN","KHUZDAR","45 - 49","NEVER MARRIED",469,182,286,1,175,63,111,1,294,119,175,0
"BALOCHISTAN","KHUZDAR","45 - 49","SEPERATION",26,13,13,0,12,3,9,0,14,10,4,0
"BALOCHISTAN","KHUZDAR","45 - 49","WIDOWED",695,552,143,0,432,338,94,0,263,214,49,0
"BALOCHISTAN","KHUZDAR","50 - 54","DIVORCED",25,22,3,0,17,14,3,0,8,8,0,0
"BALOCHISTAN","KHUZDAR","50 - 54","MARRIED",19970,8965,11005,0,13630,6176,7454,0,6340,2789,3551,0
"BALOCHISTAN","KHUZDAR","50 - 54","NEVER MARRIED",316,117,198,1,106,29,76,1,210,88,122,0
"BALOCHISTAN","KHUZDAR","50 - 54","SEPERATION",32,14,18,0,26,11,15,0,6,3,3,0
"BALOCHISTAN","KHUZDAR","50 - 54","WIDOWED",890,729,161,0,564,459,105,0,326,270,56,0
"BALOCHISTAN","KHUZDAR","55 - 59","DIVORCED",22,14,8,0,17,11,6,0,5,3,2,0
"BALOCHISTAN","KHUZDAR","55 - 59","MARRIED",13854,6177,7677,0,9305,4215,5090,0,4549,1962,2587,0
"BALOCHISTAN","KHUZDAR","55 - 59","NEVER MARRIED",196,68,127,1,65,19,45,1,131,49,82,0
"BALOCHISTAN","KHUZDAR","55 - 59","SEPERATION",32,11,21,0,20,6,14,0,12,5,7,0
"BALOCHISTAN","KHUZDAR","55 - 59","WIDOWED",870,711,159,0,542,432,110,0,328,279,49,0
"BALOCHISTAN","KHUZDAR","60 - 64","DIVORCED",25,16,9,0,20,12,8,0,5,4,1,0
"BALOCHISTAN","KHUZDAR","60 - 64","MARRIED",11276,4425,6851,0,7815,3109,4706,0,3461,1316,2145,0
"BALOCHISTAN","KHUZDAR","60 - 64","NEVER MARRIED",163,43,119,1,45,10,34,1,118,33,85,0
"BALOCHISTAN","KHUZDAR","60 - 64","SEPERATION",24,15,9,0,20,13,7,0,4,2,2,0
"BALOCHISTAN","KHUZDAR","60 - 64","WIDOWED",1125,928,197,0,753,616,137,0,372,312,60,0
"BALOCHISTAN","KHUZDAR","65 - 69","DIVORCED",7,5,2,0,6,5,1,0,1,0,1,0
"BALOCHISTAN","KHUZDAR","65 - 69","MARRIED",7154,2913,4241,0,5005,2012,2993,0,2149,901,1248,0
"BALOCHISTAN","KHUZDAR","65 - 69","NEVER MARRIED",115,24,91,0,34,10,24,0,81,14,67,0
"BALOCHISTAN","KHUZDAR","65 - 69","SEPERATION",23,5,18,0,19,4,15,0,4,1,3,0
"BALOCHISTAN","KHUZDAR","65 - 69","WIDOWED",931,755,176,0,595,482,113,0,336,273,63,0
"BALOCHISTAN","KHUZDAR","70 - 74","DIVORCED",9,5,4,0,8,4,4,0,1,1,0,0
"BALOCHISTAN","KHUZDAR","70 - 74","MARRIED",5303,1921,3382,0,3820,1395,2425,0,1483,526,957,0
"BALOCHISTAN","KHUZDAR","70 - 74","NEVER MARRIED",45,15,30,0,24,5,19,0,21,10,11,0
"BALOCHISTAN","KHUZDAR","70 - 74","SEPERATION",15,4,11,0,13,3,10,0,2,1,1,0
"BALOCHISTAN","KHUZDAR","70 - 74","WIDOWED",938,749,189,0,673,528,145,0,265,221,44,0
"BALOCHISTAN","KHUZDAR","75 & ABOVE","DIVORCED",15,9,6,0,13,8,5,0,2,1,1,0
"BALOCHISTAN","KHUZDAR","75 & ABOVE","MARRIED",4936,1609,3327,0,3605,1147,2458,0,1331,462,869,0
"BALOCHISTAN","KHUZDAR","75 & ABOVE","NEVER MARRIED",71,16,54,1,32,8,23,1,39,8,31,0
"BALOCHISTAN","KHUZDAR","75 & ABOVE","SEPERATION",54,9,45,0,44,6,38,0,10,3,7,0
"BALOCHISTAN","KHUZDAR","75 & ABOVE","WIDOWED",1316,985,331,0,964,711,253,0,352,274,78,0
"BALOCHISTAN","KILLA ABDULLAH","15 &  ABOVE","DIVORCED",37,22,15,0,34,22,12,0,3,0,3,0
"BALOCHISTAN","KILLA ABDULLAH","15 &  ABOVE","MARRIED",133527,66571,66956,0,120756,60281,60475,0,12771,6290,6481,0
"BALOCHISTAN","KILLA ABDULLAH","15 &  ABOVE","NEVER MARRIED",47866,20690,27162,14,42267,18581,23674,12,5599,2109,3488,2
"BALOCHISTAN","KILLA ABDULLAH","15 &  ABOVE","SEPERATION",69,28,41,0,66,26,40,0,3,2,1,0
"BALOCHISTAN","KILLA ABDULLAH","15 &  ABOVE","WIDOWED",1681,1323,358,0,1532,1188,344,0,149,135,14,0
"BALOCHISTAN","KILLA ABDULLAH","15 - 19","DIVORCED",0,0,0,0,0,0,0,0,0,0,0,0
"BALOCHISTAN","KILLA ABDULLAH","15 - 19","MARRIED",10114,6514,3600,0,9165,5927,3238,0,949,587,362,0
"BALOCHISTAN","KILLA ABDULLAH","15 - 19","NEVER MARRIED",30052,13158,16885,9,26538,11837,14692,9,3514,1321,2193,0
"BALOCHISTAN","KILLA ABDULLAH","15 - 19","SEPERATION",13,2,11,0,13,2,11,0,0,0,0,0
"BALOCHISTAN","KILLA ABDULLAH","15 - 19","WIDOWED",9,6,3,0,9,6,3,0,0,0,0,0
"BALOCHISTAN","KILLA ABDULLAH","20 - 24","DIVORCED",5,4,1,0,5,4,1,0,0,0,0,0
"BALOCHISTAN","KILLA ABDULLAH","20 - 24","MARRIED",24123,13615,10508,0,21521,12185,9336,0,2602,1430,1172,0
"BALOCHISTAN","KILLA ABDULLAH","20 - 24","NEVER MARRIED",12461,5168,7290,3,10999,4649,6348,2,1462,519,942,1
"BALOCHISTAN","KILLA ABDULLAH","20 - 24","SEPERATION",19,11,8,0,19,11,8,0,0,0,0,0
"BALOCHISTAN","KILLA ABDULLAH","20 - 24","WIDOWED",23,8,15,0,18,7,11,0,5,1,4,0
"BALOCHISTAN","KILLA ABDULLAH","25 - 29","DIVORCED",5,3,2,0,5,3,2,0,0,0,0,0
"BALOCHISTAN","KILLA ABDULLAH","25 - 29","MARRIED",22013,10974,11039,0,20000,9975,10025,0,2013,999,1014,0
"BALOCHISTAN","KILLA ABDULLAH","25 - 29","NEVER MARRIED",3570,1626,1943,1,3140,1446,1693,1,430,180,250,0
"BALOCHISTAN","KILLA ABDULLAH","25 - 29","SEPERATION",9,2,7,0,9,2,7,0,0,0,0,0
"BALOCHISTAN","KILLA ABDULLAH","25 - 29","WIDOWED",35,16,19,0,34,15,19,0,1,1,0,0
"BALOCHISTAN","KILLA ABDULLAH","30 - 34","DIVORCED",6,1,5,0,6,1,5,0,0,0,0,0
"BALOCHISTAN","KILLA ABDULLAH","30 - 34","MARRIED",18116,8904,9212,0,16583,8178,8405,0,1533,726,807,0
"BALOCHISTAN","KILLA ABDULLAH","30 - 34","NEVER MARRIED",1126,490,636,0,1014,445,569,0,112,45,67,0
"BALOCHISTAN","KILLA ABDULLAH","30 - 34","SEPERATION",7,3,4,0,6,2,4,0,1,1,0,0
"BALOCHISTAN","KILLA ABDULLAH","30 - 34","WIDOWED",56,29,27,0,52,26,26,0,4,3,1,0
"BALOCHISTAN","KILLA ABDULLAH","35 - 39","DIVORCED",2,1,1,0,2,1,1,0,0,0,0,0
"BALOCHISTAN","KILLA ABDULLAH","35 - 39","MARRIED",16139,7752,8387,0,14784,7088,7696,0,1355,664,691,0
"BALOCHISTAN","KILLA ABDULLAH","35 - 39","NEVER MARRIED",362,141,221,0,326,120,206,0,36,21,15,0
"BALOCHISTAN","KILLA ABDULLAH","35 - 39","SEPERATION",2,2,0,0,2,2,0,0,0,0,0,0
"BALOCHISTAN","KILLA ABDULLAH","35 - 39","WIDOWED",69,41,28,0,66,39,27,0,3,2,1,0
"BALOCHISTAN","KILLA ABDULLAH","40 - 44","DIVORCED",7,3,4,0,5,3,2,0,2,0,2,0
"BALOCHISTAN","KILLA ABDULLAH","40 - 44","MARRIED",13106,6073,7033,0,11794,5474,6320,0,1312,599,713,0
"BALOCHISTAN","KILLA ABDULLAH","40 - 44","NEVER MARRIED",162,70,91,1,135,56,79,0,27,14,12,1
"BALOCHISTAN","KILLA ABDULLAH","40 - 44","SEPERATION",5,2,3,0,5,2,3,0,0,0,0,0
"BALOCHISTAN","KILLA ABDULLAH","40 - 44","WIDOWED",134,103,31,0,125,94,31,0,9,9,0,0
"BALOCHISTAN","KILLA ABDULLAH","45 - 49","DIVORCED",8,7,1,0,8,7,1,0,0,0,0,0
"BALOCHISTAN","KILLA ABDULLAH","45 - 49","MARRIED",8404,3837,4567,0,7609,3487,4122,0,795,350,445,0
"BALOCHISTAN","KILLA ABDULLAH","45 - 49","NEVER MARRIED",61,17,44,0,56,13,43,0,5,4,1,0
"BALOCHISTAN","KILLA ABDULLAH","45 - 49","SEPERATION",4,3,1,0,3,2,1,0,1,1,0,0
"BALOCHISTAN","KILLA ABDULLAH","45 - 49","WIDOWED",133,116,17,0,124,107,17,0,9,9,0,0
"BALOCHISTAN","KILLA ABDULLAH","50 - 54","DIVORCED",1,1,0,0,1,1,0,0,0,0,0,0
"BALOCHISTAN","KILLA ABDULLAH","50 - 54","MARRIED",6549,3072,3477,0,5833,2717,3116,0,716,355,361,0
"BALOCHISTAN","KILLA ABDULLAH","50 - 54","NEVER MARRIED",20,6,14,0,16,3,13,0,4,3,1,0
"BALOCHISTAN","KILLA ABDULLAH","50 - 54","SEPERATION",6,2,4,0,6,2,4,0,0,0,0,0
"BALOCHISTAN","KILLA ABDULLAH","50 - 54","WIDOWED",184,157,27,0,163,139,24,0,21,18,3,0
"BALOCHISTAN","KILLA ABDULLAH","55 - 59","DIVORCED",1,0,1,0,0,0,0,0,1,0,1,0
"BALOCHISTAN","KILLA ABDULLAH","55 - 59","MARRIED",5137,2128,3009,0,4605,1926,2679,0,532,202,330,0
"BALOCHISTAN","KILLA ABDULLAH","55 - 59","NEVER MARRIED",13,3,10,0,11,2,9,0,2,1,1,0
"BALOCHISTAN","KILLA ABDULLAH","55 - 59","SEPERATION",2,1,1,0,2,1,1,0,0,0,0,0
"BALOCHISTAN","KILLA ABDULLAH","55 - 59","WIDOWED",171,147,24,0,155,132,23,0,16,15,1,0
"BALOCHISTAN","KILLA ABDULLAH","60 - 64","DIVORCED",0,0,0,0,0,0,0,0,0,0,0,0
"BALOCHISTAN","KILLA ABDULLAH","60 - 64","MARRIED",3663,1541,2122,0,3323,1401,1922,0,340,140,200,0
"BALOCHISTAN","KILLA ABDULLAH","60 - 64","NEVER MARRIED",12,2,10,0,10,2,8,0,2,0,2,0
"BALOCHISTAN","KILLA ABDULLAH","60 - 64","SEPERATION",1,0,1,0,0,0,0,0,1,0,1,0
"BALOCHISTAN","KILLA ABDULLAH","60 - 64","WIDOWED",215,183,32,0,196,166,30,0,19,17,2,0
"BALOCHISTAN","KILLA ABDULLAH","65 - 69","DIVORCED",2,2,0,0,2,2,0,0,0,0,0,0
"BALOCHISTAN","KILLA ABDULLAH","65 - 69","MARRIED",2620,1013,1607,0,2389,915,1474,0,231,98,133,0
"BALOCHISTAN","KILLA ABDULLAH","65 - 69","NEVER MARRIED",11,4,7,0,9,4,5,0,2,0,2,0
"BALOCHISTAN","KILLA ABDULLAH","65 - 69","SEPERATION",0,0,0,0,0,0,0,0,0,0,0,0
"BALOCHISTAN","KILLA ABDULLAH","65 - 69","WIDOWED",200,168,32,0,183,151,32,0,17,17,0,0
"BALOCHISTAN","KILLA ABDULLAH","70 - 74","DIVORCED",0,0,0,0,0,0,0,0,0,0,0,0
"BALOCHISTAN","KILLA ABDULLAH","70 - 74","MARRIED",1873,706,1167,0,1689,631,1058,0,184,75,109,0
"BALOCHISTAN","KILLA ABDULLAH","70 - 74","NEVER MARRIED",5,2,3,0,5,2,3,0,0,0,0,0
"BALOCHISTAN","KILLA ABDULLAH","70 - 74","SEPERATION",1,0,1,0,1,0,1,0,0,0,0,0
"BALOCHISTAN","KILLA ABDULLAH","70 - 74","WIDOWED",208,167,41,0,189,148,41,0,19,19,0,0
"BALOCHISTAN","KILLA ABDULLAH","75 & ABOVE","DIVORCED",0,0,0,0,0,0,0,0,0,0,0,0
"BALOCHISTAN","KILLA ABDULLAH","75 & ABOVE","MARRIED",1670,442,1228,0,1461,377,1084,0,209,65,144,0
"BALOCHISTAN","KILLA ABDULLAH","75 & ABOVE","NEVER MARRIED",11,3,8,0,8,2,6,0,3,1,2,0
"BALOCHISTAN","KILLA ABDULLAH","75 & ABOVE","SEPERATION",0,0,0,0,0,0,0,0,0,0,0,0
"BALOCHISTAN","KILLA ABDULLAH","75 & ABOVE","WIDOWED",244,182,62,0,218,158,60,0,26,24,2,0
"BALOCHISTAN","KILLA SAIFULLAH","15 &  ABOVE","DIVORCED",57,23,34,0,48,20,28,0,9,3,6,0
"BALOCHISTAN","KILLA SAIFULLAH","15 &  ABOVE","MARRIED",131865,66545,65320,0,109823,55580,54243,0,22042,10965,11077,0
"BALOCHISTAN","KILLA SAIFULLAH","15 &  ABOVE","NEVER MARRIED",41077,17412,23665,0,31433,12788,18645,0,9644,4624,5020,0
"BALOCHISTAN","KILLA SAIFULLAH","15 &  ABOVE","SEPERATION",68,18,50,0,61,17,44,0,7,1,6,0
"BALOCHISTAN","KILLA SAIFULLAH","15 &  ABOVE","WIDOWED",2937,2387,550,0,2360,1924,436,0,577,463,114,0
"BALOCHISTAN","KILLA SAIFULLAH","15 - 19","DIVORCED",5,4,1,0,5,4,1,0,0,0,0,0
"BALOCHISTAN","KILLA SAIFULLAH","15 - 19","MARRIED",11866,7319,4547,0,10600,6589,4011,0,1266,730,536,0
"BALOCHISTAN","KILLA SAIFULLAH","15 - 19","NEVER MARRIED",26878,11391,15487,0,21391,8897,12494,0,5487,2494,2993,0
"BALOCHISTAN","KILLA SAIFULLAH","15 - 19","SEPERATION",11,5,6,0,10,5,5,0,1,0,1,0
"BALOCHISTAN","KILLA SAIFULLAH","15 - 19","WIDOWED",14,8,6,0,13,7,6,0,1,1,0,0
"BALOCHISTAN","KILLA SAIFULLAH","20 - 24","DIVORCED",6,2,4,0,5,2,3,0,1,0,1,0
"BALOCHISTAN","KILLA SAIFULLAH","20 - 24","MARRIED",21153,12258,8895,0,17473,10123,7350,0,3680,2135,1545,0
"BALOCHISTAN","KILLA SAIFULLAH","20 - 24","NEVER MARRIED",9406,3882,5524,0,6945,2686,4259,0,2461,1196,1265,0
"BALOCHISTAN","KILLA SAIFULLAH","20 - 24","SEPERATION",8,2,6,0,5,2,3,0,3,0,3,0
"BALOCHISTAN","KILLA SAIFULLAH","20 - 24","WIDOWED",20,9,11,0,19,9,10,0,1,0,1,0
"BALOCHISTAN","KILLA SAIFULLAH","25 - 29","DIVORCED",5,0,5,0,3,0,3,0,2,0,2,0
"BALOCHISTAN","KILLA SAIFULLAH","25 - 29","MARRIED",20135,10473,9662,0,16730,8704,8026,0,3405,1769,1636,0
"BALOCHISTAN","KILLA SAIFULLAH","25 - 29","NEVER MARRIED",3007,1225,1782,0,2011,702,1309,0,996,523,473,0
"BALOCHISTAN","KILLA SAIFULLAH","25 - 29","SEPERATION",6,0,6,0,4,0,4,0,2,0,2,0
"BALOCHISTAN","KILLA SAIFULLAH","25 - 29","WIDOWED",46,30,16,0,37,22,15,0,9,8,1,0
"BALOCHISTAN","KILLA SAIFULLAH","30 - 34","DIVORCED",5,1,4,0,4,1,3,0,1,0,1,0
"BALOCHISTAN","KILLA SAIFULLAH","30 - 34","MARRIED",18000,9223,8777,0,14837,7602,7235,0,3163,1621,1542,0
"BALOCHISTAN","KILLA SAIFULLAH","30 - 34","NEVER MARRIED",1023,530,493,0,643,312,331,0,380,218,162,0
"BALOCHISTAN","KILLA SAIFULLAH","30 - 34","SEPERATION",5,1,4,0,5,1,4,0,0,0,0,0
"BALOCHISTAN","KILLA SAIFULLAH","30 - 34","WIDOWED",48,34,14,0,38,26,12,0,10,8,2,0
"BALOCHISTAN","KILLA SAIFULLAH","35 - 39","DIVORCED",5,0,5,0,4,0,4,0,1,0,1,0
"BALOCHISTAN","KILLA SAIFULLAH","35 - 39","MARRIED",15857,7914,7943,0,13228,6574,6654,0,2629,1340,1289,0
"BALOCHISTAN","KILLA SAIFULLAH","35 - 39","NEVER MARRIED",395,212,183,0,231,104,127,0,164,108,56,0
"BALOCHISTAN","KILLA SAIFULLAH","35 - 39","SEPERATION",10,4,6,0,10,4,6,0,0,0,0,0
"BALOCHISTAN","KILLA SAIFULLAH","35 - 39","WIDOWED",130,105,25,0,105,84,21,0,25,21,4,0
"BALOCHISTAN","KILLA SAIFULLAH","40 - 44","DIVORCED",11,8,3,0,9,6,3,0,2,2,0,0
"BALOCHISTAN","KILLA SAIFULLAH","40 - 44","MARRIED",13043,6062,6981,0,10677,4957,5720,0,2366,1105,1261,0
"BALOCHISTAN","KILLA SAIFULLAH","40 - 44","NEVER MARRIED",164,78,86,0,99,40,59,0,65,38,27,0
"BALOCHISTAN","KILLA SAIFULLAH","40 - 44","SEPERATION",4,1,3,0,4,1,3,0,0,0,0,0
"BALOCHISTAN","KILLA SAIFULLAH","40 - 44","WIDOWED",189,159,30,0,150,128,22,0,39,31,8,0
"BALOCHISTAN","KILLA SAIFULLAH","45 - 49","DIVORCED",4,2,2,0,3,2,1,0,1,0,1,0
"BALOCHISTAN","KILLA SAIFULLAH","45 - 49","MARRIED",8358,3872,4486,0,6802,3199,3603,0,1556,673,883,0
"BALOCHISTAN","KILLA SAIFULLAH","45 - 49","NEVER MARRIED",70,33,37,0,37,16,21,0,33,17,16,0
"BALOCHISTAN","KILLA SAIFULLAH","45 - 49","SEPERATION",2,0,2,0,2,0,2,0,0,0,0,0
"BALOCHISTAN","KILLA SAIFULLAH","45 - 49","WIDOWED",222,197,25,0,170,150,20,0,52,47,5,0
"BALOCHISTAN","KILLA SAIFULLAH","50 - 54","DIVORCED",7,1,6,0,7,1,6,0,0,0,0,0
"BALOCHISTAN","KILLA SAIFULLAH","50 - 54","MARRIED",7135,3249,3886,0,5856,2679,3177,0,1279,570,709,0
"BALOCHISTAN","KILLA SAIFULLAH","50 - 54","NEVER MARRIED",36,13,23,0,16,3,13,0,20,10,10,0
"BALOCHISTAN","KILLA SAIFULLAH","50 - 54","SEPERATION",3,0,3,0,3,0,3,0,0,0,0,0
"BALOCHISTAN","KILLA SAIFULLAH","50 - 54","WIDOWED",334,285,49,0,256,222,34,0,78,63,15,0
"BALOCHISTAN","KILLA SAIFULLAH","55 - 59","DIVORCED",2,2,0,0,1,1,0,0,1,1,0,0
"BALOCHISTAN","KILLA SAIFULLAH","55 - 59","MARRIED",5056,2079,2977,0,4156,1720,2436,0,900,359,541,0
"BALOCHISTAN","KILLA SAIFULLAH","55 - 59","NEVER MARRIED",40,23,17,0,19,13,6,0,21,10,11,0
"BALOCHISTAN","KILLA SAIFULLAH","55 - 59","SEPERATION",2,2,0,0,1,1,0,0,1,1,0,0
"BALOCHISTAN","KILLA SAIFULLAH","55 - 59","WIDOWED",316,262,54,0,248,207,41,0,68,55,13,0
"BALOCHISTAN","KILLA SAIFULLAH","60 - 64","DIVORCED",5,1,4,0,5,1,4,0,0,0,0,0
"BALOCHISTAN","KILLA SAIFULLAH","60 - 64","MARRIED",4128,1603,2525,0,3380,1322,2058,0,748,281,467,0
"BALOCHISTAN","KILLA SAIFULLAH","60 - 64","NEVER MARRIED",30,12,18,0,21,7,14,0,9,5,4,0
"BALOCHISTAN","KILLA SAIFULLAH","60 - 64","SEPERATION",5,2,3,0,5,2,3,0,0,0,0,0
"BALOCHISTAN","KILLA SAIFULLAH","60 - 64","WIDOWED",390,327,63,0,313,263,50,0,77,64,13,0
"BALOCHISTAN","KILLA SAIFULLAH","65 - 69","DIVORCED",0,0,0,0,0,0,0,0,0,0,0,0
"BALOCHISTAN","KILLA SAIFULLAH","65 - 69","MARRIED",2753,1071,1682,0,2309,882,1427,0,444,189,255,0
"BALOCHISTAN","KILLA SAIFULLAH","65 - 69","NEVER MARRIED",11,9,2,0,9,7,2,0,2,2,0,0
"BALOCHISTAN","KILLA SAIFULLAH","65 - 69","SEPERATION",2,1,1,0,2,1,1,0,0,0,0,0
"BALOCHISTAN","KILLA SAIFULLAH","65 - 69","WIDOWED",352,294,58,0,286,241,45,0,66,53,13,0
"BALOCHISTAN","KILLA SAIFULLAH","70 - 74","DIVORCED",2,2,0,0,2,2,0,0,0,0,0,0
"BALOCHISTAN","KILLA SAIFULLAH","70 - 74","MARRIED",2078,764,1314,0,1766,660,1106,0,312,104,208,0
"BALOCHISTAN","KILLA SAIFULLAH","70 - 74","NEVER MARRIED",8,3,5,0,3,1,2,0,5,2,3,0
"BALOCHISTAN","KILLA SAIFULLAH","70 - 74","SEPERATION",3,0,3,0,3,0,3,0,0,0,0,0
"BALOCHISTAN","KILLA SAIFULLAH","70 - 74","WIDOWED",396,316,80,0,324,260,64,0,72,56,16,0
"BALOCHISTAN","KILLA SAIFULLAH","75 & ABOVE","DIVORCED",0,0,0,0,0,0,0,0,0,0,0,0
"BALOCHISTAN","KILLA SAIFULLAH","75 & ABOVE","MARRIED",2303,658,1645,0,2009,569,1440,0,294,89,205,0
"BALOCHISTAN","KILLA SAIFULLAH","75 & ABOVE","NEVER MARRIED",9,1,8,0,8,0,8,0,1,1,0,0
"BALOCHISTAN","KILLA SAIFULLAH","75 & ABOVE","SEPERATION",7,0,7,0,7,0,7,0,0,0,0,0
"BALOCHISTAN","KILLA SAIFULLAH","75 & ABOVE","WIDOWED",480,361,119,0,401,305,96,0,79,56,23,0
"BALOCHISTAN","KOHLU","15 &  ABOVE","DIVORCED",133,58,75,0,124,51,73,0,9,7,2,0
"BALOCHISTAN","KOHLU","15 &  ABOVE","MARRIED",92394,45168,47226,0,85997,41943,44054,0,6397,3225,3172,0
"BALOCHISTAN","KOHLU","15 &  ABOVE","NEVER MARRIED",31575,12889,18673,13,28878,11541,17324,13,2697,1348,1349,0
"BALOCHISTAN","KOHLU","15 &  ABOVE","SEPERATION",135,39,96,0,134,39,95,0,1,0,1,0
"BALOCHISTAN","KOHLU","15 &  ABOVE","WIDOWED",1566,1153,413,0,1282,893,389,0,284,260,24,0
"BALOCHISTAN","KOHLU","15 - 19","DIVORCED",11,7,4,0,11,7,4,0,0,0,0,0
"BALOCHISTAN","KOHLU","15 - 19","MARRIED",8259,4548,3711,0,7872,4313,3559,0,387,235,152,0
"BALOCHISTAN","KOHLU","15 - 19","NEVER MARRIED",19974,8617,11352,5,18339,7760,10574,5,1635,857,778,0
"BALOCHISTAN","KOHLU","15 - 19","SEPERATION",25,9,16,0,25,9,16,0,0,0,0,0
"BALOCHISTAN","KOHLU","15 - 19","WIDOWED",17,5,12,0,17,5,12,0,0,0,0,0
"BALOCHISTAN","KOHLU","20 - 24","DIVORCED",22,11,11,0,22,11,11,0,0,0,0,0
"BALOCHISTAN","KOHLU","20 - 24","MARRIED",13978,7592,6386,0,13015,7003,6012,0,963,589,374,0
"BALOCHISTAN","KOHLU","20 - 24","NEVER MARRIED",7150,2801,4348,1,6490,2480,4009,1,660,321,339,0
"BALOCHISTAN","KOHLU","20 - 24","SEPERATION",21,6,15,0,21,6,15,0,0,0,0,0
"BALOCHISTAN","KOHLU","20 - 24","WIDOWED",46,23,23,0,44,21,23,0,2,2,0,0
"BALOCHISTAN","KOHLU","25 - 29","DIVORCED",23,11,12,0,20,9,11,0,3,2,1,0
"BALOCHISTAN","KOHLU","25 - 29","MARRIED",12980,6593,6387,0,12061,6086,5975,0,919,507,412,0
"BALOCHISTAN","KOHLU","25 - 29","NEVER MARRIED",2343,960,1377,6,2102,843,1253,6,241,117,124,0
"BALOCHISTAN","KOHLU","25 - 29","SEPERATION",22,4,18,0,21,4,17,0,1,0,1,0
"BALOCHISTAN","KOHLU","25 - 29","WIDOWED",49,21,28,0,47,20,27,0,2,1,1,0
"BALOCHISTAN","KOHLU","30 - 34","DIVORCED",19,6,13,0,19,6,13,0,0,0,0,0
"BALOCHISTAN","KOHLU","30 - 34","MARRIED",11825,6194,5631,0,10887,5714,5173,0,938,480,458,0
"BALOCHISTAN","KOHLU","30 - 34","NEVER MARRIED",921,305,616,0,834,268,566,0,87,37,50,0
"BALOCHISTAN","KOHLU","30 - 34","SEPERATION",12,2,10,0,12,2,10,0,0,0,0,0
"BALOCHISTAN","KOHLU","30 - 34","WIDOWED",68,28,40,0,66,26,40,0,2,2,0,0
"BALOCHISTAN","KOHLU","35 - 39","DIVORCED",13,3,10,0,13,3,10,0,0,0,0,0
"BALOCHISTAN","KOHLU","35 - 39","MARRIED",10696,5297,5399,0,9930,4911,5019,0,766,386,380,0
"BALOCHISTAN","KOHLU","35 - 39","NEVER MARRIED",474,87,387,0,431,75,356,0,43,12,31,0
"BALOCHISTAN","KOHLU","35 - 39","SEPERATION",10,3,7,0,10,3,7,0,0,0,0,0
"BALOCHISTAN","KOHLU","35 - 39","WIDOWED",87,47,40,0,79,39,40,0,8,8,0,0
"BALOCHISTAN","KOHLU","40 - 44","DIVORCED",11,5,6,0,10,4,6,0,1,1,0,0
"BALOCHISTAN","KOHLU","40 - 44","MARRIED",9644,4699,4945,0,8887,4356,4531,0,757,343,414,0
"BALOCHISTAN","KOHLU","40 - 44","NEVER MARRIED",260,44,215,1,241,41,199,1,19,3,16,0
"BALOCHISTAN","KOHLU","40 - 44","SEPERATION",5,2,3,0,5,2,3,0,0,0,0,0
"BALOCHISTAN","KOHLU","40 - 44","WIDOWED",104,82,22,0,88,69,19,0,16,13,3,0
"BALOCHISTAN","KOHLU","45 - 49","DIVORCED",11,5,6,0,10,4,6,0,1,1,0,0
"BALOCHISTAN","KOHLU","45 - 49","MARRIED",7409,3490,3919,0,6949,3280,3669,0,460,210,250,0
"BALOCHISTAN","KOHLU","45 - 49","NEVER MARRIED",163,28,135,0,160,27,133,0,3,1,2,0
"BALOCHISTAN","KOHLU","45 - 49","SEPERATION",7,3,4,0,7,3,4,0,0,0,0,0
"BALOCHISTAN","KOHLU","45 - 49","WIDOWED",94,76,18,0,74,57,17,0,20,19,1,0
"BALOCHISTAN","KOHLU","50 - 54","DIVORCED",7,5,2,0,6,4,2,0,1,1,0,0
"BALOCHISTAN","KOHLU","50 - 54","MARRIED",5545,2400,3145,0,5156,2217,2939,0,389,183,206,0
"BALOCHISTAN","KOHLU","50 - 54","NEVER MARRIED",111,22,89,0,109,22,87,0,2,0,2,0
"BALOCHISTAN","KOHLU","50 - 54","SEPERATION",5,0,5,0,5,0,5,0,0,0,0,0
"BALOCHISTAN","KOHLU","50 - 54","WIDOWED",135,105,30,0,101,74,27,0,34,31,3,0
"BALOCHISTAN","KOHLU","55 - 59","DIVORCED",4,2,2,0,3,1,2,0,1,1,0,0
"BALOCHISTAN","KOHLU","55 - 59","MARRIED",4061,1631,2430,0,3771,1526,2245,0,290,105,185,0
"BALOCHISTAN","KOHLU","55 - 59","NEVER MARRIED",87,12,75,0,83,12,71,0,4,0,4,0
"BALOCHISTAN","KOHLU","55 - 59","SEPERATION",4,1,3,0,4,1,3,0,0,0,0,0
"BALOCHISTAN","KOHLU","55 - 59","WIDOWED",141,118,23,0,112,90,22,0,29,28,1,0
"BALOCHISTAN","KOHLU","60 - 64","DIVORCED",3,1,2,0,1,0,1,0,2,1,1,0
"BALOCHISTAN","KOHLU","60 - 64","MARRIED",3322,1180,2142,0,3100,1091,2009,0,222,89,133,0
"BALOCHISTAN","KOHLU","60 - 64","NEVER MARRIED",41,3,38,0,40,3,37,0,1,0,1,0
"BALOCHISTAN","KOHLU","60 - 64","SEPERATION",9,3,6,0,9,3,6,0,0,0,0,0
"BALOCHISTAN","KOHLU","60 - 64","WIDOWED",226,196,30,0,176,147,29,0,50,49,1,0
"BALOCHISTAN","KOHLU","65 - 69","DIVORCED",3,1,2,0,3,1,2,0,0,0,0,0
"BALOCHISTAN","KOHLU","65 - 69","MARRIED",1904,644,1260,0,1756,592,1164,0,148,52,96,0
"BALOCHISTAN","KOHLU","65 - 69","NEVER MARRIED",26,3,23,0,26,3,23,0,0,0,0,0
"BALOCHISTAN","KOHLU","65 - 69","SEPERATION",2,1,1,0,2,1,1,0,0,0,0,0
"BALOCHISTAN","KOHLU","65 - 69","WIDOWED",142,116,26,0,107,82,25,0,35,34,1,0
"BALOCHISTAN","KOHLU","70 - 74","DIVORCED",2,0,2,0,2,0,2,0,0,0,0,0
"BALOCHISTAN","KOHLU","70 - 74","MARRIED",1230,446,784,0,1140,421,719,0,90,25,65,0
"BALOCHISTAN","KOHLU","70 - 74","NEVER MARRIED",15,4,11,0,13,4,9,0,2,0,2,0
"BALOCHISTAN","KOHLU","70 - 74","SEPERATION",6,3,3,0,6,3,3,0,0,0,0,0
"BALOCHISTAN","KOHLU","70 - 74","WIDOWED",191,153,38,0,139,107,32,0,52,46,6,0
"BALOCHISTAN","KOHLU","75 & ABOVE","DIVORCED",4,1,3,0,4,1,3,0,0,0,0,0
"BALOCHISTAN","KOHLU","75 & ABOVE","MARRIED",1541,454,1087,0,1473,433,1040,0,68,21,47,0
"BALOCHISTAN","KOHLU","75 & ABOVE","NEVER MARRIED",10,3,7,0,10,3,7,0,0,0,0,0
"BALOCHISTAN","KOHLU","75 & ABOVE","SEPERATION",7,2,5,0,7,2,5,0,0,0,0,0
"BALOCHISTAN","KOHLU","75 & ABOVE","WIDOWED",266,183,83,0,232,156,76,0,34,27,7,0
"BALOCHISTAN","LASBELA","15 &  ABOVE","DIVORCED",688,492,196,0,359,251,108,0,329,241,88,0
"BALOCHISTAN","LASBELA","15 &  ABOVE","MARRIED",247110,123697,123413,0,124089,62385,61704,0,123021,61312,61709,0
"BALOCHISTAN","LASBELA","15 &  ABOVE","NEVER MARRIED",119704,49590,70094,20,57446,23943,33495,8,62258,25647,36599,12
"BALOCHISTAN","LASBELA","15 &  ABOVE","SEPERATION",348,185,163,0,191,87,104,0,157,98,59,0
"BALOCHISTAN","LASBELA","15 &  ABOVE","WIDOWED",14553,10992,3561,0,7575,5503,2072,0,6978,5489,1489,0
"BALOCHISTAN","LASBELA","15 - 19","DIVORCED",9,8,1,0,2,1,1,0,7,7,0,0
"BALOCHISTAN","LASBELA","15 - 19","MARRIED",6519,4667,1852,0,3035,2139,896,0,3484,2528,956,0
"BALOCHISTAN","LASBELA","15 - 19","NEVER MARRIED",62760,28523,34235,2,30912,14078,16832,2,31848,14445,17403,0
"BALOCHISTAN","LASBELA","15 - 19","SEPERATION",7,5,2,0,5,4,1,0,2,1,1,0
"BALOCHISTAN","LASBELA","15 - 19","WIDOWED",29,20,9,0,11,7,4,0,18,13,5,0
"BALOCHISTAN","LASBELA","20 - 24","DIVORCED",60,50,10,0,41,34,7,0,19,16,3,0
"BALOCHISTAN","LASBELA","20 - 24","MARRIED",26510,17206,9304,0,12857,8371,4486,0,13653,8835,4818,0
"BALOCHISTAN","LASBELA","20 - 24","NEVER MARRIED",32478,12034,20441,3,14738,5527,9210,1,17740,6507,11231,2
"BALOCHISTAN","LASBELA","20 - 24","SEPERATION",30,11,19,0,21,6,15,0,9,5,4,0
"BALOCHISTAN","LASBELA","20 - 24","WIDOWED",135,82,53,0,64,34,30,0,71,48,23,0
"BALOCHISTAN","LASBELA","25 - 29","DIVORCED",82,57,25,0,36,21,15,0,46,36,10,0
"BALOCHISTAN","LASBELA","25 - 29","MARRIED",34987,18773,16214,0,17213,9061,8152,0,17774,9712,8062,0
"BALOCHISTAN","LASBELA","25 - 29","NEVER MARRIED",12997,4930,8065,2,5989,2221,3767,1,7008,2709,4298,1
"BALOCHISTAN","LASBELA","25 - 29","SEPERATION",30,14,16,0,16,7,9,0,14,7,7,0
"BALOCHISTAN","LASBELA","25 - 29","WIDOWED",282,157,125,0,152,79,73,0,130,78,52,0
"BALOCHISTAN","LASBELA","30 - 34","DIVORCED",127,95,32,0,65,50,15,0,62,45,17,0
"BALOCHISTAN","LASBELA","30 - 34","MARRIED",35861,18908,16953,0,17498,9338,8160,0,18363,9570,8793,0
"BALOCHISTAN","LASBELA","30 - 34","NEVER MARRIED",5749,2210,3539,0,2754,1065,1689,0,2995,1145,1850,0
"BALOCHISTAN","LASBELA","30 - 34","SEPERATION",55,28,27,0,29,9,20,0,26,19,7,0
"BALOCHISTAN","LASBELA","30 - 34","WIDOWED",470,301,169,0,260,158,102,0,210,143,67,0
"BALOCHISTAN","LASBELA","35 - 39","DIVORCED",99,61,38,0,46,25,21,0,53,36,17,0
"BALOCHISTAN","LASBELA","35 - 39","MARRIED",33841,16650,17191,0,16263,8181,8082,0,17578,8469,9109,0
"BALOCHISTAN","LASBELA","35 - 39","NEVER MARRIED",2669,847,1821,1,1265,413,852,0,1404,434,969,1
"BALOCHISTAN","LASBELA","35 - 39","SEPERATION",42,22,20,0,22,9,13,0,20,13,7,0
"BALOCHISTAN","LASBELA","35 - 39","WIDOWED",613,419,194,0,302,188,114,0,311,231,80,0
"BALOCHISTAN","LASBELA","40 - 44","DIVORCED",115,90,25,0,58,44,14,0,57,46,11,0
"BALOCHISTAN","LASBELA","40 - 44","MARRIED",31619,14875,16744,0,15939,7634,8305,0,15680,7241,8439,0
"BALOCHISTAN","LASBELA","40 - 44","NEVER MARRIED",1376,443,932,1,714,226,488,0,662,217,444,1
"BALOCHISTAN","LASBELA","40 - 44","SEPERATION",53,23,30,0,30,12,18,0,23,11,12,0
"BALOCHISTAN","LASBELA","40 - 44","WIDOWED",947,683,264,0,485,331,154,0,462,352,110,0
"BALOCHISTAN","LASBELA","45 - 49","DIVORCED",71,46,25,0,33,20,13,0,38,26,12,0
"BALOCHISTAN","LASBELA","45 - 49","MARRIED",22383,10140,12243,0,11296,5212,6084,0,11087,4928,6159,0
"BALOCHISTAN","LASBELA","45 - 49","NEVER MARRIED",716,255,459,2,424,156,267,1,292,99,192,1
"BALOCHISTAN","LASBELA","45 - 49","SEPERATION",38,23,15,0,23,14,9,0,15,9,6,0
"BALOCHISTAN","LASBELA","45 - 49","WIDOWED",1133,841,292,0,532,384,148,0,601,457,144,0
"BALOCHISTAN","LASBELA","50 - 54","DIVORCED",51,37,14,0,29,21,8,0,22,16,6,0
"BALOCHISTAN","LASBELA","50 - 54","MARRIED",18980,8584,10396,0,9917,4609,5308,0,9063,3975,5088,0
"BALOCHISTAN","LASBELA","50 - 54","NEVER MARRIED",410,160,243,7,261,112,147,2,149,48,96,5
"BALOCHISTAN","LASBELA","50 - 54","SEPERATION",36,21,15,0,13,6,7,0,23,15,8,0
"BALOCHISTAN","LASBELA","50 - 54","WIDOWED",1613,1309,304,0,808,636,172,0,805,673,132,0
"BALOCHISTAN","LASBELA","55 - 59","DIVORCED",30,17,13,0,17,10,7,0,13,7,6,0
"BALOCHISTAN","LASBELA","55 - 59","MARRIED",13692,5598,8094,0,7249,3028,4221,0,6443,2570,3873,0
"BALOCHISTAN","LASBELA","55 - 59","NEVER MARRIED",265,96,169,0,205,86,119,0,60,10,50,0
"BALOCHISTAN","LASBELA","55 - 59","SEPERATION",19,12,7,0,11,6,5,0,8,6,2,0
"BALOCHISTAN","LASBELA","55 - 59","WIDOWED",1561,1211,350,0,748,545,203,0,813,666,147,0
"BALOCHISTAN","LASBELA","60 - 64","DIVORCED",21,12,9,0,13,9,4,0,8,3,5,0
"BALOCHISTAN","LASBELA","60 - 64","MARRIED",8857,3446,5411,0,4708,1914,2794,0,4149,1532,2617,0
"BALOCHISTAN","LASBELA","60 - 64","NEVER MARRIED",135,51,83,1,92,36,55,1,43,15,28,0
"BALOCHISTAN","LASBELA","60 - 64","SEPERATION",12,8,4,0,5,2,3,0,7,6,1,0
"BALOCHISTAN","LASBELA","60 - 64","WIDOWED",1838,1435,403,0,900,676,224,0,938,759,179,0
"BALOCHISTAN","LASBELA","65 - 69","DIVORCED",12,10,2,0,10,8,2,0,2,2,0,0
"BALOCHISTAN","LASBELA","65 - 69","MARRIED",6324,2409,3915,0,3555,1389,2166,0,2769,1020,1749,0
"BALOCHISTAN","LASBELA","65 - 69","NEVER MARRIED",81,24,57,0,50,13,37,0,31,11,20,0
"BALOCHISTAN","LASBELA","65 - 69","SEPERATION",11,9,2,0,6,6,0,0,5,3,2,0
"BALOCHISTAN","LASBELA","65 - 69","WIDOWED",1735,1361,374,0,843,640,203,0,892,721,171,0
"BALOCHISTAN","LASBELA","70 - 74","DIVORCED",5,4,1,0,3,3,0,0,2,1,1,0
"BALOCHISTAN","LASBELA","70 - 74","MARRIED",4294,1463,2831,0,2520,881,1639,0,1774,582,1192,0
"BALOCHISTAN","LASBELA","70 - 74","NEVER MARRIED",36,10,25,1,23,7,16,0,13,3,9,1
"BALOCHISTAN","LASBELA","70 - 74","SEPERATION",7,6,1,0,5,4,1,0,2,2,0,0
"BALOCHISTAN","LASBELA","70 - 74","WIDOWED",1839,1387,452,0,1032,757,275,0,807,630,177,0
"BALOCHISTAN","LASBELA","75 & ABOVE","DIVORCED",6,5,1,0,6,5,1,0,0,0,0,0
"BALOCHISTAN","LASBELA","75 & ABOVE","MARRIED",3243,978,2265,0,2039,628,1411,0,1204,350,854,0
"BALOCHISTAN","LASBELA","75 & ABOVE","NEVER MARRIED",32,7,25,0,19,3,16,0,13,4,9,0
"BALOCHISTAN","LASBELA","75 & ABOVE","SEPERATION",8,3,5,0,5,2,3,0,3,1,2,0
"BALOCHISTAN","LASBELA","75 & ABOVE","WIDOWED",2358,1786,572,0,1438,1068,370,0,920,718,202,0
"BALOCHISTAN","LORALAI","15 &  ABOVE","DIVORCED",41,24,17,0,19,15,4,0,22,9,13,0
"BALOCHISTAN","LORALAI","15 &  ABOVE","MARRIED",84231,42028,42203,0,66411,33209,33202,0,17820,8819,9001,0
"BALOCHISTAN","LORALAI","15 &  ABOVE","NEVER MARRIED",44323,18281,26025,17,32399,13353,19030,16,11924,4928,6995,1
"BALOCHISTAN","LORALAI","15 &  ABOVE","SEPERATION",56,11,45,0,42,6,36,0,14,5,9,0
"BALOCHISTAN","LORALAI","15 &  ABOVE","WIDOWED",2446,2097,349,0,1786,1536,250,0,660,561,99,0
"BALOCHISTAN","LORALAI","15 - 19","DIVORCED",3,2,1,0,0,0,0,0,3,2,1,0
"BALOCHISTAN","LORALAI","15 - 19","MARRIED",4161,2655,1506,0,3611,2290,1321,0,550,365,185,0
"BALOCHISTAN","LORALAI","15 - 19","NEVER MARRIED",24850,10734,14107,9,18958,8165,10785,8,5892,2569,3322,1
"BALOCHISTAN","LORALAI","15 - 19","SEPERATION",9,0,9,0,9,0,9,0,0,0,0,0
"BALOCHISTAN","LORALAI","15 - 19","WIDOWED",8,3,5,0,5,2,3,0,3,1,2,0
"BALOCHISTAN","LORALAI","20 - 24","DIVORCED",3,1,2,0,1,1,0,0,2,0,2,0
"BALOCHISTAN","LORALAI","20 - 24","MARRIED",10193,6055,4138,0,8376,4911,3465,0,1817,1144,673,0
"BALOCHISTAN","LORALAI","20 - 24","NEVER MARRIED",11989,4693,7296,0,8367,3248,5119,0,3622,1445,2177,0
"BALOCHISTAN","LORALAI","20 - 24","SEPERATION",10,2,8,0,6,0,6,0,4,2,2,0
"BALOCHISTAN","LORALAI","20 - 24","WIDOWED",13,5,8,0,11,4,7,0,2,1,1,0
"BALOCHISTAN","LORALAI","25 - 29","DIVORCED",7,3,4,0,2,1,1,0,5,2,3,0
"BALOCHISTAN","LORALAI","25 - 29","MARRIED",12398,6550,5848,0,9852,5151,4701,0,2546,1399,1147,0
"BALOCHISTAN","LORALAI","25 - 29","NEVER MARRIED",4517,1710,2805,2,2962,1138,1822,2,1555,572,983,0
"BALOCHISTAN","LORALAI","25 - 29","SEPERATION",6,0,6,0,4,0,4,0,2,0,2,0
"BALOCHISTAN","LORALAI","25 - 29","WIDOWED",29,23,6,0,18,14,4,0,11,9,2,0
"BALOCHISTAN","LORALAI","30 - 34","DIVORCED",7,5,2,0,4,4,0,0,3,1,2,0
"BALOCHISTAN","LORALAI","30 - 34","MARRIED",11893,6358,5535,0,9237,4983,4254,0,2656,1375,1281,0
"BALOCHISTAN","LORALAI","30 - 34","NEVER MARRIED",1624,658,966,0,1124,462,662,0,500,196,304,0
"BALOCHISTAN","LORALAI","30 - 34","SEPERATION",5,0,5,0,5,0,5,0,0,0,0,0
"BALOCHISTAN","LORALAI","30 - 34","WIDOWED",55,49,6,0,42,36,6,0,13,13,0,0
"BALOCHISTAN","LORALAI","35 - 39","DIVORCED",5,4,1,0,2,2,0,0,3,2,1,0
"BALOCHISTAN","LORALAI","35 - 39","MARRIED",10761,5228,5533,0,8411,4089,4322,0,2350,1139,1211,0
"BALOCHISTAN","LORALAI","35 - 39","NEVER MARRIED",614,212,399,3,449,149,297,3,165,63,102,0
"BALOCHISTAN","LORALAI","35 - 39","SEPERATION",5,3,2,0,4,2,2,0,1,1,0,0
"BALOCHISTAN","LORALAI","35 - 39","WIDOWED",69,60,9,0,41,36,5,0,28,24,4,0
"BALOCHISTAN","LORALAI","40 - 44","DIVORCED",7,6,1,0,5,4,1,0,2,2,0,0
"BALOCHISTAN","LORALAI","40 - 44","MARRIED",9452,4474,4978,0,7222,3413,3809,0,2230,1061,1169,0
"BALOCHISTAN","LORALAI","40 - 44","NEVER MARRIED",335,129,206,0,243,92,151,0,92,37,55,0
"BALOCHISTAN","LORALAI","40 - 44","SEPERATION",3,2,1,0,3,2,1,0,0,0,0,0
"BALOCHISTAN","LORALAI","40 - 44","WIDOWED",132,113,19,0,92,81,11,0,40,32,8,0
"BALOCHISTAN","LORALAI","45 - 49","DIVORCED",1,0,1,0,0,0,0,0,1,0,1,0
"BALOCHISTAN","LORALAI","45 - 49","MARRIED",6788,3195,3593,0,5225,2450,2775,0,1563,745,818,0
"BALOCHISTAN","LORALAI","45 - 49","NEVER MARRIED",162,52,109,1,120,36,83,1,42,16,26,0
"BALOCHISTAN","LORALAI","45 - 49","SEPERATION",2,0,2,0,1,0,1,0,1,0,1,0
"BALOCHISTAN","LORALAI","45 - 49","WIDOWED",177,160,17,0,135,123,12,0,42,37,5,0
"BALOCHISTAN","LORALAI","50 - 54","DIVORCED",6,3,3,0,4,3,1,0,2,0,2,0
"BALOCHISTAN","LORALAI","50 - 54","MARRIED",6085,2759,3326,0,4598,2118,2480,0,1487,641,846,0
"BALOCHISTAN","LORALAI","50 - 54","NEVER MARRIED",83,32,51,0,63,22,41,0,20,10,10,0
"BALOCHISTAN","LORALAI","50 - 54","SEPERATION",3,1,2,0,2,0,2,0,1,1,0,0
"BALOCHISTAN","LORALAI","50 - 54","WIDOWED",245,206,39,0,178,150,28,0,67,56,11,0
"BALOCHISTAN","LORALAI","55 - 59","DIVORCED",1,0,1,0,0,0,0,0,1,0,1,0
"BALOCHISTAN","LORALAI","55 - 59","MARRIED",4336,1766,2570,0,3363,1391,1972,0,973,375,598,0
"BALOCHISTAN","LORALAI","55 - 59","NEVER MARRIED",57,22,34,1,45,16,28,1,12,6,6,0
"BALOCHISTAN","LORALAI","55 - 59","SEPERATION",4,2,2,0,4,2,2,0,0,0,0,0
"BALOCHISTAN","LORALAI","55 - 59","WIDOWED",286,260,26,0,209,189,20,0,77,71,6,0
"BALOCHISTAN","LORALAI","60 - 64","DIVORCED",1,0,1,0,1,0,1,0,0,0,0,0
"BALOCHISTAN","LORALAI","60 - 64","MARRIED",3204,1249,1955,0,2526,1016,1510,0,678,233,445,0
"BALOCHISTAN","LORALAI","60 - 64","NEVER MARRIED",43,16,27,0,32,10,22,0,11,6,5,0
"BALOCHISTAN","LORALAI","60 - 64","SEPERATION",3,1,2,0,1,0,1,0,2,1,1,0
"BALOCHISTAN","LORALAI","60 - 64","WIDOWED",333,287,46,0,241,206,35,0,92,81,11,0
"BALOCHISTAN","LORALAI","65 - 69","DIVORCED",0,0,0,0,0,0,0,0,0,0,0,0
"BALOCHISTAN","LORALAI","65 - 69","MARRIED",2054,740,1314,0,1616,576,1040,0,438,164,274,0
"BALOCHISTAN","LORALAI","65 - 69","NEVER MARRIED",24,11,12,1,16,7,8,1,8,4,4,0
"BALOCHISTAN","LORALAI","65 - 69","SEPERATION",1,0,1,0,1,0,1,0,0,0,0,0
"BALOCHISTAN","LORALAI","65 - 69","WIDOWED",290,254,36,0,215,188,27,0,75,66,9,0
"BALOCHISTAN","LORALAI","70 - 74","DIVORCED",0,0,0,0,0,0,0,0,0,0,0,0
"BALOCHISTAN","LORALAI","70 - 74","MARRIED",1564,588,976,0,1259,484,775,0,305,104,201,0
"BALOCHISTAN","LORALAI","70 - 74","NEVER MARRIED",12,7,5,0,10,5,5,0,2,2,0,0
"BALOCHISTAN","LORALAI","70 - 74","SEPERATION",2,0,2,0,1,0,1,0,1,0,1,0
"BALOCHISTAN","LORALAI","70 - 74","WIDOWED",356,303,53,0,266,228,38,0,90,75,15,0
"BALOCHISTAN","LORALAI","75 & ABOVE","DIVORCED",0,0,0,0,0,0,0,0,0,0,0,0
"BALOCHISTAN","LORALAI","75 & ABOVE","MARRIED",1342,411,931,0,1115,337,778,0,227,74,153,0
"BALOCHISTAN","LORALAI","75 & ABOVE","NEVER MARRIED",13,5,8,0,10,3,7,0,3,2,1,0
"BALOCHISTAN","LORALAI","75 & ABOVE","SEPERATION",3,0,3,0,1,0,1,0,2,0,2,0
"BALOCHISTAN","LORALAI","75 & ABOVE","WIDOWED",453,374,79,0,333,279,54,0,120,95,25,0
"BALOCHISTAN","MASTUNG","15 &  ABOVE","DIVORCED",78,61,17,0,68,52,16,0,10,9,1,0
"BALOCHISTAN","MASTUNG","15 &  ABOVE","MARRIED",99079,50357,48722,0,86048,43753,42295,0,13031,6604,6427,0
"BALOCHISTAN","MASTUNG","15 &  ABOVE","NEVER MARRIED",56847,22580,34264,3,47776,18843,28930,3,9071,3737,5334,0
"BALOCHISTAN","MASTUNG","15 &  ABOVE","SEPERATION",110,27,83,0,106,24,82,0,4,3,1,0
"BALOCHISTAN","MASTUNG","15 &  ABOVE","WIDOWED",3815,3077,738,0,3286,2611,675,0,529,466,63,0
"BALOCHISTAN","MASTUNG","15 - 19","DIVORCED",2,2,0,0,2,2,0,0,0,0,0,0
"BALOCHISTAN","MASTUNG","15 - 19","MARRIED",3366,2397,969,0,3079,2207,872,0,287,190,97,0
"BALOCHISTAN","MASTUNG","15 - 19","NEVER MARRIED",30308,12531,17775,2,26004,10671,15331,2,4304,1860,2444,0
"BALOCHISTAN","MASTUNG","15 - 19","SEPERATION",13,2,11,0,12,2,10,0,1,0,1,0
"BALOCHISTAN","MASTUNG","15 - 19","WIDOWED",13,8,5,0,13,8,5,0,0,0,0,0
"BALOCHISTAN","MASTUNG","20 - 24","DIVORCED",14,13,1,0,12,11,1,0,2,2,0,0
"BALOCHISTAN","MASTUNG","20 - 24","MARRIED",10610,6680,3930,0,9670,6069,3601,0,940,611,329,0
"BALOCHISTAN","MASTUNG","20 - 24","NEVER MARRIED",15056,5711,9345,0,12558,4676,7882,0,2498,1035,1463,0
"BALOCHISTAN","MASTUNG","20 - 24","SEPERATION",10,3,7,0,10,3,7,0,0,0,0,0
"BALOCHISTAN","MASTUNG","20 - 24","WIDOWED",42,25,17,0,40,25,15,0,2,0,2,0
"BALOCHISTAN","MASTUNG","25 - 29","DIVORCED",12,9,3,0,10,7,3,0,2,2,0,0
"BALOCHISTAN","MASTUNG","25 - 29","MARRIED",13618,7674,5944,0,12008,6670,5338,0,1610,1004,606,0
"BALOCHISTAN","MASTUNG","25 - 29","NEVER MARRIED",6380,2237,4143,0,5158,1821,3337,0,1222,416,806,0
"BALOCHISTAN","MASTUNG","25 - 29","SEPERATION",20,2,18,0,20,2,18,0,0,0,0,0
"BALOCHISTAN","MASTUNG","25 - 29","WIDOWED",63,51,12,0,57,45,12,0,6,6,0,0
"BALOCHISTAN","MASTUNG","30 - 34","DIVORCED",13,12,1,0,11,10,1,0,2,2,0,0
"BALOCHISTAN","MASTUNG","30 - 34","MARRIED",14389,7845,6544,0,12531,6820,5711,0,1858,1025,833,0
"BALOCHISTAN","MASTUNG","30 - 34","NEVER MARRIED",2706,1068,1638,0,2160,849,1311,0,546,219,327,0
"BALOCHISTAN","MASTUNG","30 - 34","SEPERATION",15,3,12,0,14,2,12,0,1,1,0,0
"BALOCHISTAN","MASTUNG","30 - 34","WIDOWED",102,77,25,0,96,73,23,0,6,4,2,0
"BALOCHISTAN","MASTUNG","35 - 39","DIVORCED",15,12,3,0,12,10,2,0,3,2,1,0
"BALOCHISTAN","MASTUNG","35 - 39","MARRIED",13516,6794,6722,0,11687,5858,5829,0,1829,936,893,0
"BALOCHISTAN","MASTUNG","35 - 39","NEVER MARRIED",1291,520,771,0,1018,421,597,0,273,99,174,0
"BALOCHISTAN","MASTUNG","35 - 39","SEPERATION",15,3,12,0,15,3,12,0,0,0,0,0
"BALOCHISTAN","MASTUNG","35 - 39","WIDOWED",141,109,32,0,126,94,32,0,15,15,0,0
"BALOCHISTAN","MASTUNG","40 - 44","DIVORCED",7,5,2,0,7,5,2,0,0,0,0,0
"BALOCHISTAN","MASTUNG","40 - 44","MARRIED",12596,5888,6708,0,10816,5040,5776,0,1780,848,932,0
"BALOCHISTAN","MASTUNG","40 - 44","NEVER MARRIED",592,266,326,0,490,223,267,0,102,43,59,0
"BALOCHISTAN","MASTUNG","40 - 44","SEPERATION",17,4,13,0,17,4,13,0,0,0,0,0
"BALOCHISTAN","MASTUNG","40 - 44","WIDOWED",241,191,50,0,221,173,48,0,20,18,2,0
"BALOCHISTAN","MASTUNG","45 - 49","DIVORCED",6,2,4,0,5,1,4,0,1,1,0,0
"BALOCHISTAN","MASTUNG","45 - 49","MARRIED",8800,4022,4778,0,7453,3393,4060,0,1347,629,718,0
"BALOCHISTAN","MASTUNG","45 - 49","NEVER MARRIED",256,129,127,0,197,101,96,0,59,28,31,0
"BALOCHISTAN","MASTUNG","45 - 49","SEPERATION",7,3,4,0,7,3,4,0,0,0,0,0
"BALOCHISTAN","MASTUNG","45 - 49","WIDOWED",292,261,31,0,251,222,29,0,41,39,2,0
"BALOCHISTAN","MASTUNG","50 - 54","DIVORCED",3,2,1,0,3,2,1,0,0,0,0,0
"BALOCHISTAN","MASTUNG","50 - 54","MARRIED",7665,3486,4179,0,6491,2960,3531,0,1174,526,648,0
"BALOCHISTAN","MASTUNG","50 - 54","NEVER MARRIED",121,49,72,0,90,33,57,0,31,16,15,0
"BALOCHISTAN","MASTUNG","50 - 54","SEPERATION",6,6,0,0,5,5,0,0,1,1,0,0
"BALOCHISTAN","MASTUNG","50 - 54","WIDOWED",439,379,60,0,368,314,54,0,71,65,6,0
"BALOCHISTAN","MASTUNG","55 - 59","DIVORCED",0,0,0,0,0,0,0,0,0,0,0,0
"BALOCHISTAN","MASTUNG","55 - 59","MARRIED",5064,2141,2923,0,4228,1790,2438,0,836,351,485,0
"BALOCHISTAN","MASTUNG","55 - 59","NEVER MARRIED",55,35,19,1,40,26,13,1,15,9,6,0
"BALOCHISTAN","MASTUNG","55 - 59","SEPERATION",0,0,0,0,0,0,0,0,0,0,0,0
"BALOCHISTAN","MASTUNG","55 - 59","WIDOWED",421,364,57,0,360,306,54,0,61,58,3,0
"BALOCHISTAN","MASTUNG","60 - 64","DIVORCED",2,1,1,0,2,1,1,0,0,0,0,0
"BALOCHISTAN","MASTUNG","60 - 64","MARRIED",4008,1557,2451,0,3394,1339,2055,0,614,218,396,0
"BALOCHISTAN","MASTUNG","60 - 64","NEVER MARRIED",28,15,13,0,19,8,11,0,9,7,2,0
"BALOCHISTAN","MASTUNG","60 - 64","SEPERATION",3,1,2,0,2,0,2,0,1,1,0,0
"BALOCHISTAN","MASTUNG","60 - 64","WIDOWED",602,477,125,0,508,397,111,0,94,80,14,0
"BALOCHISTAN","MASTUNG","65 - 69","DIVORCED",0,0,0,0,0,0,0,0,0,0,0,0
"BALOCHISTAN","MASTUNG","65 - 69","MARRIED",2419,914,1505,0,2053,783,1270,0,366,131,235,0
"BALOCHISTAN","MASTUNG","65 - 69","NEVER MARRIED",18,5,13,0,15,5,10,0,3,0,3,0
"BALOCHISTAN","MASTUNG","65 - 69","SEPERATION",2,0,2,0,2,0,2,0,0,0,0,0
"BALOCHISTAN","MASTUNG","65 - 69","WIDOWED",500,397,103,0,423,329,94,0,77,68,9,0
"BALOCHISTAN","MASTUNG","70 - 74","DIVORCED",3,3,0,0,3,3,0,0,0,0,0,0
"BALOCHISTAN","MASTUNG","70 - 74","MARRIED",1704,560,1144,0,1487,488,999,0,217,72,145,0
"BALOCHISTAN","MASTUNG","70 - 74","NEVER MARRIED",21,8,13,0,17,5,12,0,4,3,1,0
"BALOCHISTAN","MASTUNG","70 - 74","SEPERATION",1,0,1,0,1,0,1,0,0,0,0,0
"BALOCHISTAN","MASTUNG","70 - 74","WIDOWED",440,353,87,0,377,299,78,0,63,54,9,0
"BALOCHISTAN","MASTUNG","75 & ABOVE","DIVORCED",1,0,1,0,1,0,1,0,0,0,0,0
"BALOCHISTAN","MASTUNG","75 & ABOVE","MARRIED",1324,399,925,0,1151,336,815,0,173,63,110,0
"BALOCHISTAN","MASTUNG","75 & ABOVE","NEVER MARRIED",15,6,9,0,10,4,6,0,5,2,3,0
"BALOCHISTAN","MASTUNG","75 & ABOVE","SEPERATION",1,0,1,0,1,0,1,0,0,0,0,0
"BALOCHISTAN","MASTUNG","75 & ABOVE","WIDOWED",519,385,134,0,446,326,120,0,73,59,14,0
"BALOCHISTAN","MUSAKHEL","15 &  ABOVE","DIVORCED",43,27,16,0,39,23,16,0,4,4,0,0
"BALOCHISTAN","MUSAKHEL","15 &  ABOVE","MARRIED",60380,30903,29477,0,56175,28708,27467,0,4205,2195,2010,0
"BALOCHISTAN","MUSAKHEL","15 &  ABOVE","NEVER MARRIED",18980,7062,11916,2,16611,6103,10506,2,2369,959,1410,0
"BALOCHISTAN","MUSAKHEL","15 &  ABOVE","SEPERATION",237,198,39,0,215,185,30,0,22,13,9,0
"BALOCHISTAN","MUSAKHEL","15 &  ABOVE","WIDOWED",2109,1793,316,0,1874,1596,278,0,235,197,38,0
"BALOCHISTAN","MUSAKHEL","15 - 19","DIVORCED",2,0,2,0,2,0,2,0,0,0,0,0
"BALOCHISTAN","MUSAKHEL","15 - 19","MARRIED",4989,3505,1484,0,4680,3302,1378,0,309,203,106,0
"BALOCHISTAN","MUSAKHEL","15 - 19","NEVER MARRIED",13948,5266,8682,0,12212,4579,7633,0,1736,687,1049,0
"BALOCHISTAN","MUSAKHEL","15 - 19","SEPERATION",7,2,5,0,7,2,5,0,0,0,0,0
"BALOCHISTAN","MUSAKHEL","15 - 19","WIDOWED",7,1,6,0,7,1,6,0,0,0,0,0
"BALOCHISTAN","MUSAKHEL","20 - 24","DIVORCED",5,2,3,0,4,1,3,0,1,1,0,0
"BALOCHISTAN","MUSAKHEL","20 - 24","MARRIED",8937,5323,3614,0,8227,4871,3356,0,710,452,258,0
"BALOCHISTAN","MUSAKHEL","20 - 24","NEVER MARRIED",3426,1242,2183,1,2999,1054,1944,1,427,188,239,0
"BALOCHISTAN","MUSAKHEL","20 - 24","SEPERATION",12,1,11,0,8,1,7,0,4,0,4,0
"BALOCHISTAN","MUSAKHEL","20 - 24","WIDOWED",21,6,15,0,18,5,13,0,3,1,2,0
"BALOCHISTAN","MUSAKHEL","25 - 29","DIVORCED",4,0,4,0,4,0,4,0,0,0,0,0
"BALOCHISTAN","MUSAKHEL","25 - 29","MARRIED",8428,4451,3977,0,7783,4092,3691,0,645,359,286,0
"BALOCHISTAN","MUSAKHEL","25 - 29","NEVER MARRIED",1002,318,683,1,865,261,603,1,137,57,80,0
"BALOCHISTAN","MUSAKHEL","25 - 29","SEPERATION",7,5,2,0,5,3,2,0,2,2,0,0
"BALOCHISTAN","MUSAKHEL","25 - 29","WIDOWED",49,28,21,0,43,26,17,0,6,2,4,0
"BALOCHISTAN","MUSAKHEL","30 - 34","DIVORCED",5,3,2,0,5,3,2,0,0,0,0,0
"BALOCHISTAN","MUSAKHEL","30 - 34","MARRIED",8147,4339,3808,0,7619,4063,3556,0,528,276,252,0
"BALOCHISTAN","MUSAKHEL","30 - 34","NEVER MARRIED",345,130,215,0,310,120,190,0,35,10,25,0
"BALOCHISTAN","MUSAKHEL","30 - 34","SEPERATION",26,23,3,0,24,21,3,0,2,2,0,0
"BALOCHISTAN","MUSAKHEL","30 - 34","WIDOWED",51,34,17,0,40,27,13,0,11,7,4,0
"BALOCHISTAN","MUSAKHEL","35 - 39","DIVORCED",5,5,0,0,4,4,0,0,1,1,0,0
"BALOCHISTAN","MUSAKHEL","35 - 39","MARRIED",6847,3311,3536,0,6335,3061,3274,0,512,250,262,0
"BALOCHISTAN","MUSAKHEL","35 - 39","NEVER MARRIED",121,50,71,0,101,40,61,0,20,10,10,0
"BALOCHISTAN","MUSAKHEL","35 - 39","SEPERATION",29,23,6,0,27,22,5,0,2,1,1,0
"BALOCHISTAN","MUSAKHEL","35 - 39","WIDOWED",92,73,19,0,76,59,17,0,16,14,2,0
"BALOCHISTAN","MUSAKHEL","40 - 44","DIVORCED",3,3,0,0,3,3,0,0,0,0,0,0
"BALOCHISTAN","MUSAKHEL","40 - 44","MARRIED",6279,3050,3229,0,5852,2850,3002,0,427,200,227,0
"BALOCHISTAN","MUSAKHEL","40 - 44","NEVER MARRIED",72,31,41,0,63,26,37,0,9,5,4,0
"BALOCHISTAN","MUSAKHEL","40 - 44","SEPERATION",30,27,3,0,29,27,2,0,1,0,1,0
"BALOCHISTAN","MUSAKHEL","40 - 44","WIDOWED",147,123,24,0,132,110,22,0,15,13,2,0
"BALOCHISTAN","MUSAKHEL","45 - 49","DIVORCED",8,6,2,0,8,6,2,0,0,0,0,0
"BALOCHISTAN","MUSAKHEL","45 - 49","MARRIED",4689,2234,2455,0,4379,2081,2298,0,310,153,157,0
"BALOCHISTAN","MUSAKHEL","45 - 49","NEVER MARRIED",27,9,18,0,24,8,16,0,3,1,2,0
"BALOCHISTAN","MUSAKHEL","45 - 49","SEPERATION",42,41,1,0,37,36,1,0,5,5,0,0
"BALOCHISTAN","MUSAKHEL","45 - 49","WIDOWED",135,121,14,0,118,105,13,0,17,16,1,0
"BALOCHISTAN","MUSAKHEL","50 - 54","DIVORCED",3,3,0,0,3,3,0,0,0,0,0,0
"BALOCHISTAN","MUSAKHEL","50 - 54","MARRIED",4204,1843,2361,0,3939,1723,2216,0,265,120,145,0
"BALOCHISTAN","MUSAKHEL","50 - 54","NEVER MARRIED",14,5,9,0,13,5,8,0,1,0,1,0
"BALOCHISTAN","MUSAKHEL","50 - 54","SEPERATION",28,27,1,0,28,27,1,0,0,0,0,0
"BALOCHISTAN","MUSAKHEL","50 - 54","WIDOWED",248,222,26,0,218,194,24,0,30,28,2,0
"BALOCHISTAN","MUSAKHEL","55 - 59","DIVORCED",2,2,0,0,0,0,0,0,2,2,0,0
"BALOCHISTAN","MUSAKHEL","55 - 59","MARRIED",2604,1016,1588,0,2437,954,1483,0,167,62,105,0
"BALOCHISTAN","MUSAKHEL","55 - 59","NEVER MARRIED",7,5,2,0,6,4,2,0,1,1,0,0
"BALOCHISTAN","MUSAKHEL","55 - 59","SEPERATION",16,14,2,0,13,12,1,0,3,2,1,0
"BALOCHISTAN","MUSAKHEL","55 - 59","WIDOWED",222,201,21,0,198,178,20,0,24,23,1,0
"BALOCHISTAN","MUSAKHEL","60 - 64","DIVORCED",3,1,2,0,3,1,2,0,0,0,0,0
"BALOCHISTAN","MUSAKHEL","60 - 64","MARRIED",1960,807,1153,0,1826,750,1076,0,134,57,77,0
"BALOCHISTAN","MUSAKHEL","60 - 64","NEVER MARRIED",5,1,4,0,5,1,4,0,0,0,0,0
"BALOCHISTAN","MUSAKHEL","60 - 64","SEPERATION",21,18,3,0,20,18,2,0,1,0,1,0
"BALOCHISTAN","MUSAKHEL","60 - 64","WIDOWED",269,234,35,0,239,210,29,0,30,24,6,0
"BALOCHISTAN","MUSAKHEL","65 - 69","DIVORCED",2,1,1,0,2,1,1,0,0,0,0,0
"BALOCHISTAN","MUSAKHEL","65 - 69","MARRIED",1293,446,847,0,1216,418,798,0,77,28,49,0
"BALOCHISTAN","MUSAKHEL","65 - 69","NEVER MARRIED",7,3,4,0,7,3,4,0,0,0,0,0
"BALOCHISTAN","MUSAKHEL","65 - 69","SEPERATION",7,6,1,0,5,5,0,0,2,1,1,0
"BALOCHISTAN","MUSAKHEL","65 - 69","WIDOWED",197,170,27,0,178,155,23,0,19,15,4,0
"BALOCHISTAN","MUSAKHEL","70 - 74","DIVORCED",0,0,0,0,0,0,0,0,0,0,0,0
"BALOCHISTAN","MUSAKHEL","70 - 74","MARRIED",1053,346,707,0,983,324,659,0,70,22,48,0
"BALOCHISTAN","MUSAKHEL","70 - 74","NEVER MARRIED",2,1,1,0,2,1,1,0,0,0,0,0
"BALOCHISTAN","MUSAKHEL","70 - 74","SEPERATION",7,7,0,0,7,7,0,0,0,0,0,0
"BALOCHISTAN","MUSAKHEL","70 - 74","WIDOWED",296,264,32,0,266,240,26,0,30,24,6,0
"BALOCHISTAN","MUSAKHEL","75 & ABOVE","DIVORCED",1,1,0,0,1,1,0,0,0,0,0,0
"BALOCHISTAN","MUSAKHEL","75 & ABOVE","MARRIED",950,232,718,0,899,219,680,0,51,13,38,0
"BALOCHISTAN","MUSAKHEL","75 & ABOVE","NEVER MARRIED",4,1,3,0,4,1,3,0,0,0,0,0
"BALOCHISTAN","MUSAKHEL","75 & ABOVE","SEPERATION",5,4,1,0,5,4,1,0,0,0,0,0
"BALOCHISTAN","MUSAKHEL","75 & ABOVE","WIDOWED",375,316,59,0,341,286,55,0,34,30,4,0
"BALOCHISTAN","NASIRABAD","15 &  ABOVE","DIVORCED",114,77,37,0,81,55,26,0,33,22,11,0
"BALOCHISTAN","NASIRABAD","15 &  ABOVE","MARRIED",194518,98788,95730,0,159521,81237,78284,0,34997,17551,17446,0
"BALOCHISTAN","NASIRABAD","15 &  ABOVE","NEVER MARRIED",66630,27958,38657,15,50870,20847,30010,13,15760,7111,8647,2
"BALOCHISTAN","NASIRABAD","15 &  ABOVE","SEPERATION",194,77,117,0,164,55,109,0,30,22,8,0
"BALOCHISTAN","NASIRABAD","15 &  ABOVE","WIDOWED",6657,4942,1715,0,4921,3559,1362,0,1736,1383,353,0
"BALOCHISTAN","NASIRABAD","15 - 19","DIVORCED",3,1,2,0,2,1,1,0,1,0,1,0
"BALOCHISTAN","NASIRABAD","15 - 19","MARRIED",12376,7403,4973,0,10923,6474,4449,0,1453,929,524,0
"BALOCHISTAN","NASIRABAD","15 - 19","NEVER MARRIED",45678,20219,25450,9,35979,15594,20376,9,9699,4625,5074,0
"BALOCHISTAN","NASIRABAD","15 - 19","SEPERATION",24,9,15,0,18,4,14,0,6,5,1,0
"BALOCHISTAN","NASIRABAD","15 - 19","WIDOWED",37,7,30,0,35,7,28,0,2,0,2,0
"BALOCHISTAN","NASIRABAD","20 - 24","DIVORCED",18,13,5,0,12,9,3,0,6,4,2,0
"BALOCHISTAN","NASIRABAD","20 - 24","MARRIED",28108,15860,12248,0,23551,13214,10337,0,4557,2646,1911,0
"BALOCHISTAN","NASIRABAD","20 - 24","NEVER MARRIED",13797,5025,8771,1,9991,3497,6494,0,3806,1528,2277,1
"BALOCHISTAN","NASIRABAD","20 - 24","SEPERATION",14,4,10,0,12,2,10,0,2,2,0,0
"BALOCHISTAN","NASIRABAD","20 - 24","WIDOWED",105,41,64,0,81,27,54,0,24,14,10,0
"BALOCHISTAN","NASIRABAD","25 - 29","DIVORCED",16,11,5,0,11,9,2,0,5,2,3,0
"BALOCHISTAN","NASIRABAD","25 - 29","MARRIED",28534,14828,13706,0,23284,12062,11222,0,5250,2766,2484,0
"BALOCHISTAN","NASIRABAD","25 - 29","NEVER MARRIED",4338,1700,2638,0,2943,1101,1842,0,1395,599,796,0
"BALOCHISTAN","NASIRABAD","25 - 29","SEPERATION",10,2,8,0,8,2,6,0,2,0,2,0
"BALOCHISTAN","NASIRABAD","25 - 29","WIDOWED",147,72,75,0,113,53,60,0,34,19,15,0
"BALOCHISTAN","NASIRABAD","30 - 34","DIVORCED",15,12,3,0,13,10,3,0,2,2,0,0
"BALOCHISTAN","NASIRABAD","30 - 34","MARRIED",26135,13885,12250,0,20907,11129,9778,0,5228,2756,2472,0
"BALOCHISTAN","NASIRABAD","30 - 34","NEVER MARRIED",1488,621,867,0,1016,405,611,0,472,216,256,0
"BALOCHISTAN","NASIRABAD","30 - 34","SEPERATION",22,10,12,0,16,5,11,0,6,5,1,0
"BALOCHISTAN","NASIRABAD","30 - 34","WIDOWED",229,129,100,0,170,85,85,0,59,44,15,0
"BALOCHISTAN","NASIRABAD","35 - 39","DIVORCED",14,10,4,0,7,5,2,0,7,5,2,0
"BALOCHISTAN","NASIRABAD","35 - 39","MARRIED",24648,12563,12085,0,19862,10186,9676,0,4786,2377,2409,0
"BALOCHISTAN","NASIRABAD","35 - 39","NEVER MARRIED",698,208,489,1,491,135,356,0,207,73,133,1
"BALOCHISTAN","NASIRABAD","35 - 39","SEPERATION",28,10,18,0,28,10,18,0,0,0,0,0
"BALOCHISTAN","NASIRABAD","35 - 39","WIDOWED",344,222,122,0,259,154,105,0,85,68,17,0
"BALOCHISTAN","NASIRABAD","40 - 44","DIVORCED",10,8,2,0,7,5,2,0,3,3,0,0
"BALOCHISTAN","NASIRABAD","40 - 44","MARRIED",23920,11625,12295,0,19541,9561,9980,0,4379,2064,2315,0
"BALOCHISTAN","NASIRABAD","40 - 44","NEVER MARRIED",296,99,197,0,199,60,139,0,97,39,58,0
"BALOCHISTAN","NASIRABAD","40 - 44","SEPERATION",22,6,16,0,20,5,15,0,2,1,1,0
"BALOCHISTAN","NASIRABAD","40 - 44","WIDOWED",503,380,123,0,376,270,106,0,127,110,17,0
"BALOCHISTAN","NASIRABAD","45 - 49","DIVORCED",14,12,2,0,11,9,2,0,3,3,0,0
"BALOCHISTAN","NASIRABAD","45 - 49","MARRIED",15312,6987,8325,0,12532,5731,6801,0,2780,1256,1524,0
"BALOCHISTAN","NASIRABAD","45 - 49","NEVER MARRIED",148,42,105,1,110,28,81,1,38,14,24,0
"BALOCHISTAN","NASIRABAD","45 - 49","SEPERATION",18,8,10,0,16,7,9,0,2,1,1,0
"BALOCHISTAN","NASIRABAD","45 - 49","WIDOWED",578,449,129,0,416,314,102,0,162,135,27,0
"BALOCHISTAN","NASIRABAD","50 - 54","DIVORCED",8,6,2,0,6,4,2,0,2,2,0,0
"BALOCHISTAN","NASIRABAD","50 - 54","MARRIED",12086,5735,6351,0,9607,4607,5000,0,2479,1128,1351,0
"BALOCHISTAN","NASIRABAD","50 - 54","NEVER MARRIED",62,12,48,2,45,9,34,2,17,3,14,0
"BALOCHISTAN","NASIRABAD","50 - 54","SEPERATION",15,8,7,0,11,5,6,0,4,3,1,0
"BALOCHISTAN","NASIRABAD","50 - 54","WIDOWED",739,600,139,0,538,434,104,0,201,166,35,0
"BALOCHISTAN","NASIRABAD","55 - 59","DIVORCED",5,3,2,0,4,2,2,0,1,1,0,0
"BALOCHISTAN","NASIRABAD","55 - 59","MARRIED",8448,3806,4642,0,6847,3142,3705,0,1601,664,937,0
"BALOCHISTAN","NASIRABAD","55 - 59","NEVER MARRIED",54,15,39,0,41,10,31,0,13,5,8,0
"BALOCHISTAN","NASIRABAD","55 - 59","SEPERATION",11,6,5,0,7,2,5,0,4,4,0,0
"BALOCHISTAN","NASIRABAD","55 - 59","WIDOWED",680,520,160,0,473,359,114,0,207,161,46,0
"BALOCHISTAN","NASIRABAD","60 - 64","DIVORCED",4,0,4,0,3,0,3,0,1,0,1,0
"BALOCHISTAN","NASIRABAD","60 - 64","MARRIED",6273,2744,3529,0,5147,2270,2877,0,1126,474,652,0
"BALOCHISTAN","NASIRABAD","60 - 64","NEVER MARRIED",25,9,16,0,18,4,14,0,7,5,2,0
"BALOCHISTAN","NASIRABAD","60 - 64","SEPERATION",9,7,2,0,9,7,2,0,0,0,0,0
"BALOCHISTAN","NASIRABAD","60 - 64","WIDOWED",919,724,195,0,657,510,147,0,262,214,48,0
"BALOCHISTAN","NASIRABAD","65 - 69","DIVORCED",2,0,2,0,1,0,1,0,1,0,1,0
"BALOCHISTAN","NASIRABAD","65 - 69","MARRIED",3693,1495,2198,0,3038,1251,1787,0,655,244,411,0
"BALOCHISTAN","NASIRABAD","65 - 69","NEVER MARRIED",19,5,14,0,14,2,12,0,5,3,2,0
"BALOCHISTAN","NASIRABAD","65 - 69","SEPERATION",7,2,5,0,7,2,5,0,0,0,0,0
"BALOCHISTAN","NASIRABAD","65 - 69","WIDOWED",720,568,152,0,540,423,117,0,180,145,35,0
"BALOCHISTAN","NASIRABAD","70 - 74","DIVORCED",2,1,1,0,2,1,1,0,0,0,0,0
"BALOCHISTAN","NASIRABAD","70 - 74","MARRIED",2577,1007,1570,0,2210,867,1343,0,367,140,227,0
"BALOCHISTAN","NASIRABAD","70 - 74","NEVER MARRIED",16,2,14,0,13,1,12,0,3,1,2,0
"BALOCHISTAN","NASIRABAD","70 - 74","SEPERATION",9,5,4,0,7,4,3,0,2,1,1,0
"BALOCHISTAN","NASIRABAD","70 - 74","WIDOWED",705,549,156,0,530,406,124,0,175,143,32,0
"BALOCHISTAN","NASIRABAD","75 & ABOVE","DIVORCED",3,0,3,0,2,0,2,0,1,0,1,0
"BALOCHISTAN","NASIRABAD","75 & ABOVE","MARRIED",2408,850,1558,0,2072,743,1329,0,336,107,229,0
"BALOCHISTAN","NASIRABAD","75 & ABOVE","NEVER MARRIED",11,1,9,1,10,1,8,1,1,0,1,0
"BALOCHISTAN","NASIRABAD","75 & ABOVE","SEPERATION",5,0,5,0,5,0,5,0,0,0,0,0
"BALOCHISTAN","NASIRABAD","75 & ABOVE","WIDOWED",951,681,270,0,733,517,216,0,218,164,54,0
"BALOCHISTAN","NUSHKI","15 &  ABOVE","DIVORCED",62,47,15,0,48,39,9,0,14,8,6,0
"BALOCHISTAN","NUSHKI","15 &  ABOVE","MARRIED",65094,33168,31926,0,49836,25431,24405,0,15258,7737,7521,0
"BALOCHISTAN","NUSHKI","15 &  ABOVE","NEVER MARRIED",39380,16684,22691,5,28985,12356,16625,4,10395,4328,6066,1
"BALOCHISTAN","NUSHKI","15 &  ABOVE","SEPERATION",38,25,13,0,28,18,10,0,10,7,3,0
"BALOCHISTAN","NUSHKI","15 &  ABOVE","WIDOWED",2517,2128,389,0,1865,1593,272,0,652,535,117,0
"BALOCHISTAN","NUSHKI","15 - 19","DIVORCED",6,6,0,0,5,5,0,0,1,1,0,0
"BALOCHISTAN","NUSHKI","15 - 19","MARRIED",1858,1379,479,0,1408,1040,368,0,450,339,111,0
"BALOCHISTAN","NUSHKI","15 - 19","NEVER MARRIED",19593,8696,10896,1,14602,6499,8102,1,4991,2197,2794,0
"BALOCHISTAN","NUSHKI","15 - 19","SEPERATION",2,1,1,0,2,1,1,0,0,0,0,0
"BALOCHISTAN","NUSHKI","15 - 19","WIDOWED",8,5,3,0,7,5,2,0,1,0,1,0
"BALOCHISTAN","NUSHKI","20 - 24","DIVORCED",12,9,3,0,11,9,2,0,1,0,1,0
"BALOCHISTAN","NUSHKI","20 - 24","MARRIED",6334,4315,2019,0,4946,3372,1574,0,1388,943,445,0
"BALOCHISTAN","NUSHKI","20 - 24","NEVER MARRIED",10826,4308,6517,1,7863,3163,4699,1,2963,1145,1818,0
"BALOCHISTAN","NUSHKI","20 - 24","SEPERATION",4,2,2,0,2,1,1,0,2,1,1,0
"BALOCHISTAN","NUSHKI","20 - 24","WIDOWED",15,11,4,0,13,9,4,0,2,2,0,0
"BALOCHISTAN","NUSHKI","25 - 29","DIVORCED",7,5,2,0,7,5,2,0,0,0,0,0
"BALOCHISTAN","NUSHKI","25 - 29","MARRIED",9278,5438,3840,0,7125,4148,2977,0,2153,1290,863,0
"BALOCHISTAN","NUSHKI","25 - 29","NEVER MARRIED",5111,1948,3162,1,3736,1424,2311,1,1375,524,851,0
"BALOCHISTAN","NUSHKI","25 - 29","SEPERATION",4,3,1,0,2,1,1,0,2,2,0,0
"BALOCHISTAN","NUSHKI","25 - 29","WIDOWED",39,26,13,0,32,22,10,0,7,4,3,0
"BALOCHISTAN","NUSHKI","30 - 34","DIVORCED",10,6,4,0,7,6,1,0,3,0,3,0
"BALOCHISTAN","NUSHKI","30 - 34","MARRIED",10134,5263,4871,0,7693,4018,3675,0,2441,1245,1196,0
"BALOCHISTAN","NUSHKI","30 - 34","NEVER MARRIED",2246,965,1280,1,1606,715,890,1,640,250,390,0
"BALOCHISTAN","NUSHKI","30 - 34","SEPERATION",6,4,2,0,6,4,2,0,0,0,0,0
"BALOCHISTAN","NUSHKI","30 - 34","WIDOWED",66,55,11,0,52,43,9,0,14,12,2,0
"BALOCHISTAN","NUSHKI","35 - 39","DIVORCED",9,7,2,0,6,5,1,0,3,2,1,0
"BALOCHISTAN","NUSHKI","35 - 39","MARRIED",8904,4387,4517,0,6829,3412,3417,0,2075,975,1100,0
"BALOCHISTAN","NUSHKI","35 - 39","NEVER MARRIED",892,408,484,0,652,286,366,0,240,122,118,0
"BALOCHISTAN","NUSHKI","35 - 39","SEPERATION",3,2,1,0,2,2,0,0,1,0,1,0
"BALOCHISTAN","NUSHKI","35 - 39","WIDOWED",88,71,17,0,64,55,9,0,24,16,8,0
"BALOCHISTAN","NUSHKI","40 - 44","DIVORCED",5,5,0,0,4,4,0,0,1,1,0,0
"BALOCHISTAN","NUSHKI","40 - 44","MARRIED",8310,3759,4551,0,6400,2911,3489,0,1910,848,1062,0
"BALOCHISTAN","NUSHKI","40 - 44","NEVER MARRIED",395,185,209,1,295,144,151,0,100,41,58,1
"BALOCHISTAN","NUSHKI","40 - 44","SEPERATION",3,3,0,0,2,2,0,0,1,1,0,0
"BALOCHISTAN","NUSHKI","40 - 44","WIDOWED",166,138,28,0,128,112,16,0,38,26,12,0
"BALOCHISTAN","NUSHKI","45 - 49","DIVORCED",4,3,1,0,4,3,1,0,0,0,0,0
"BALOCHISTAN","NUSHKI","45 - 49","MARRIED",5691,2606,3085,0,4371,2012,2359,0,1320,594,726,0
"BALOCHISTAN","NUSHKI","45 - 49","NEVER MARRIED",158,91,67,0,115,67,48,0,43,24,19,0
"BALOCHISTAN","NUSHKI","45 - 49","SEPERATION",4,1,3,0,3,1,2,0,1,0,1,0
"BALOCHISTAN","NUSHKI","45 - 49","WIDOWED",193,170,23,0,149,132,17,0,44,38,6,0
"BALOCHISTAN","NUSHKI","50 - 54","DIVORCED",5,4,1,0,1,0,1,0,4,4,0,0
"BALOCHISTAN","NUSHKI","50 - 54","MARRIED",4772,2221,2551,0,3624,1677,1947,0,1148,544,604,0
"BALOCHISTAN","NUSHKI","50 - 54","NEVER MARRIED",85,41,44,0,59,25,34,0,26,16,10,0
"BALOCHISTAN","NUSHKI","50 - 54","SEPERATION",4,3,1,0,3,2,1,0,1,1,0,0
"BALOCHISTAN","NUSHKI","50 - 54","WIDOWED",295,266,29,0,222,200,22,0,73,66,7,0
"BALOCHISTAN","NUSHKI","55 - 59","DIVORCED",1,0,1,0,1,0,1,0,0,0,0,0
"BALOCHISTAN","NUSHKI","55 - 59","MARRIED",3617,1512,2105,0,2712,1116,1596,0,905,396,509,0
"BALOCHISTAN","NUSHKI","55 - 59","NEVER MARRIED",35,21,14,0,25,15,10,0,10,6,4,0
"BALOCHISTAN","NUSHKI","55 - 59","SEPERATION",1,1,0,0,1,1,0,0,0,0,0,0
"BALOCHISTAN","NUSHKI","55 - 59","WIDOWED",330,293,37,0,217,195,22,0,113,98,15,0
"BALOCHISTAN","NUSHKI","60 - 64","DIVORCED",2,1,1,0,1,1,0,0,1,0,1,0
"BALOCHISTAN","NUSHKI","60 - 64","MARRIED",2545,1009,1536,0,1956,768,1188,0,589,241,348,0
"BALOCHISTAN","NUSHKI","60 - 64","NEVER MARRIED",19,10,9,0,15,8,7,0,4,2,2,0
"BALOCHISTAN","NUSHKI","60 - 64","SEPERATION",0,0,0,0,0,0,0,0,0,0,0,0
"BALOCHISTAN","NUSHKI","60 - 64","WIDOWED",350,297,53,0,256,218,38,0,94,79,15,0
"BALOCHISTAN","NUSHKI","65 - 69","DIVORCED",0,0,0,0,0,0,0,0,0,0,0,0
"BALOCHISTAN","NUSHKI","65 - 69","MARRIED",1694,637,1057,0,1285,461,824,0,409,176,233,0
"BALOCHISTAN","NUSHKI","65 - 69","NEVER MARRIED",8,3,5,0,6,3,3,0,2,0,2,0
"BALOCHISTAN","NUSHKI","65 - 69","SEPERATION",3,3,0,0,1,1,0,0,2,2,0,0
"BALOCHISTAN","NUSHKI","65 - 69","WIDOWED",334,288,46,0,240,209,31,0,94,79,15,0
"BALOCHISTAN","NUSHKI","70 - 74","DIVORCED",1,1,0,0,1,1,0,0,0,0,0,0
"BALOCHISTAN","NUSHKI","70 - 74","MARRIED",1118,389,729,0,829,294,535,0,289,95,194,0
"BALOCHISTAN","NUSHKI","70 - 74","NEVER MARRIED",6,4,2,0,5,3,2,0,1,1,0,0
"BALOCHISTAN","NUSHKI","70 - 74","SEPERATION",1,1,0,0,1,1,0,0,0,0,0,0
"BALOCHISTAN","NUSHKI","70 - 74","WIDOWED",308,258,50,0,228,190,38,0,80,68,12,0
"BALOCHISTAN","NUSHKI","75 & ABOVE","DIVORCED",0,0,0,0,0,0,0,0,0,0,0,0
"BALOCHISTAN","NUSHKI","75 & ABOVE","MARRIED",839,253,586,0,658,202,456,0,181,51,130,0
"BALOCHISTAN","NUSHKI","75 & ABOVE","NEVER MARRIED",6,4,2,0,6,4,2,0,0,0,0,0
"BALOCHISTAN","NUSHKI","75 & ABOVE","SEPERATION",3,1,2,0,3,1,2,0,0,0,0,0
"BALOCHISTAN","NUSHKI","75 & ABOVE","WIDOWED",325,250,75,0,257,203,54,0,68,47,21,0
"BALOCHISTAN","PANJGUR","15 &  ABOVE","DIVORCED",620,248,372,0,548,213,335,0,72,35,37,0
"BALOCHISTAN","PANJGUR","15 &  ABOVE","MARRIED",217355,103077,114278,0,152832,73682,79150,0,64523,29395,35128,0
"BALOCHISTAN","PANJGUR","15 &  ABOVE","NEVER MARRIED",77573,33717,43764,92,44445,18916,25499,30,33128,14801,18265,62
"BALOCHISTAN","PANJGUR","15 &  ABOVE","SEPERATION",437,92,345,0,386,78,308,0,51,14,37,0
"BALOCHISTAN","PANJGUR","15 &  ABOVE","WIDOWED",3273,1728,1545,0,2799,1473,1326,0,474,255,219,0
"BALOCHISTAN","PANJGUR","15 - 19","DIVORCED",48,6,42,0,41,5,36,0,7,1,6,0
"BALOCHISTAN","PANJGUR","15 - 19","MARRIED",34159,18293,15866,0,24877,13718,11159,0,9282,4575,4707,0
"BALOCHISTAN","PANJGUR","15 - 19","NEVER MARRIED",42832,18436,24350,46,26889,11148,15735,6,15943,7288,8615,40
"BALOCHISTAN","PANJGUR","15 - 19","SEPERATION",61,17,44,0,49,12,37,0,12,5,7,0
"BALOCHISTAN","PANJGUR","15 - 19","WIDOWED",226,27,199,0,188,20,168,0,38,7,31,0
"BALOCHISTAN","PANJGUR","20 - 24","DIVORCED",77,27,50,0,66,21,45,0,11,6,5,0
"BALOCHISTAN","PANJGUR","20 - 24","MARRIED",35649,18356,17293,0,26632,13944,12688,0,9017,4412,4605,0
"BALOCHISTAN","PANJGUR","20 - 24","NEVER MARRIED",16392,7275,9092,25,9649,4224,5414,11,6743,3051,3678,14
"BALOCHISTAN","PANJGUR","20 - 24","SEPERATION",34,8,26,0,27,5,22,0,7,3,4,0
"BALOCHISTAN","PANJGUR","20 - 24","WIDOWED",187,61,126,0,145,40,105,0,42,21,21,0
"BALOCHISTAN","PANJGUR","25 - 29","DIVORCED",70,25,45,0,59,21,38,0,11,4,7,0
"BALOCHISTAN","PANJGUR","25 - 29","MARRIED",33477,16527,16950,0,23786,11858,11928,0,9691,4669,5022,0
"BALOCHISTAN","PANJGUR","25 - 29","NEVER MARRIED",7456,3709,3743,4,3879,1872,2003,4,3577,1837,1740,0
"BALOCHISTAN","PANJGUR","25 - 29","SEPERATION",44,9,35,0,37,8,29,0,7,1,6,0
"BALOCHISTAN","PANJGUR","25 - 29","WIDOWED",145,72,73,0,111,53,58,0,34,19,15,0
"BALOCHISTAN","PANJGUR","30 - 34","DIVORCED",91,36,55,0,78,31,47,0,13,5,8,0
"BALOCHISTAN","PANJGUR","30 - 34","MARRIED",27172,12828,14344,0,18884,8983,9901,0,8288,3845,4443,0
"BALOCHISTAN","PANJGUR","30 - 34","NEVER MARRIED",4218,2695,1517,6,1998,1110,886,2,2220,1585,631,4
"BALOCHISTAN","PANJGUR","30 - 34","SEPERATION",72,11,61,0,65,9,56,0,7,2,5,0
"BALOCHISTAN","PANJGUR","30 - 34","WIDOWED",178,82,96,0,143,72,71,0,35,10,25,0
"BALOCHISTAN","PANJGUR","35 - 39","DIVORCED",85,45,40,0,77,42,35,0,8,3,5,0
"BALOCHISTAN","PANJGUR","35 - 39","MARRIED",24189,10844,13345,0,16405,7434,8971,0,7784,3410,4374,0
"BALOCHISTAN","PANJGUR","35 - 39","NEVER MARRIED",2491,647,1841,3,976,286,689,1,1515,361,1152,2
"BALOCHISTAN","PANJGUR","35 - 39","SEPERATION",71,15,56,0,70,15,55,0,1,0,1,0
"BALOCHISTAN","PANJGUR","35 - 39","WIDOWED",234,140,94,0,197,124,73,0,37,16,21,0
"BALOCHISTAN","PANJGUR","40 - 44","DIVORCED",58,29,29,0,53,26,27,0,5,3,2,0
"BALOCHISTAN","PANJGUR","40 - 44","MARRIED",17257,7735,9522,0,11956,5517,6439,0,5301,2218,3083,0
"BALOCHISTAN","PANJGUR","40 - 44","NEVER MARRIED",1296,371,924,1,374,129,244,1,922,242,680,0
"BALOCHISTAN","PANJGUR","40 - 44","SEPERATION",35,8,27,0,33,8,25,0,2,0,2,0
"BALOCHISTAN","PANJGUR","40 - 44","WIDOWED",256,162,94,0,213,142,71,0,43,20,23,0
"BALOCHISTAN","PANJGUR","45 - 49","DIVORCED",56,21,35,0,53,18,35,0,3,3,0,0
"BALOCHISTAN","PANJGUR","45 - 49","MARRIED",13502,5653,7849,0,9273,3993,5280,0,4229,1660,2569,0
"BALOCHISTAN","PANJGUR","45 - 49","NEVER MARRIED",942,248,691,3,198,50,145,3,744,198,546,0
"BALOCHISTAN","PANJGUR","45 - 49","SEPERATION",26,6,20,0,20,5,15,0,6,1,5,0
"BALOCHISTAN","PANJGUR","45 - 49","WIDOWED",226,128,98,0,197,116,81,0,29,12,17,0
"BALOCHISTAN","PANJGUR","50 - 54","DIVORCED",43,27,16,0,37,22,15,0,6,5,1,0
"BALOCHISTAN","PANJGUR","50 - 54","MARRIED",9158,4039,5119,0,6470,2797,3673,0,2688,1242,1446,0
"BALOCHISTAN","PANJGUR","50 - 54","NEVER MARRIED",647,148,498,1,123,35,87,1,524,113,411,0
"BALOCHISTAN","PANJGUR","50 - 54","SEPERATION",28,5,23,0,25,4,21,0,3,1,2,0
"BALOCHISTAN","PANJGUR","50 - 54","WIDOWED",277,180,97,0,238,151,87,0,39,29,10,0
"BALOCHISTAN","PANJGUR","55 - 59","DIVORCED",32,11,21,0,27,7,20,0,5,4,1,0
"BALOCHISTAN","PANJGUR","55 - 59","MARRIED",7428,2949,4479,0,5000,1976,3024,0,2428,973,1455,0
"BALOCHISTAN","PANJGUR","55 - 59","NEVER MARRIED",551,98,452,1,123,25,97,1,428,73,355,0
"BALOCHISTAN","PANJGUR","55 - 59","SEPERATION",24,5,19,0,22,4,18,0,2,1,1,0
"BALOCHISTAN","PANJGUR","55 - 59","WIDOWED",317,196,121,0,260,156,104,0,57,40,17,0
"BALOCHISTAN","PANJGUR","60 - 64","DIVORCED",25,10,15,0,24,10,14,0,1,0,1,0
"BALOCHISTAN","PANJGUR","60 - 64","MARRIED",5235,1981,3254,0,3451,1304,2147,0,1784,677,1107,0
"BALOCHISTAN","PANJGUR","60 - 64","NEVER MARRIED",313,41,271,1,89,16,73,0,224,25,198,1
"BALOCHISTAN","PANJGUR","60 - 64","SEPERATION",16,0,16,0,13,0,13,0,3,0,3,0
"BALOCHISTAN","PANJGUR","60 - 64","WIDOWED",312,166,146,0,275,142,133,0,37,24,13,0
"BALOCHISTAN","PANJGUR","65 - 69","DIVORCED",15,7,8,0,14,7,7,0,1,0,1,0
"BALOCHISTAN","PANJGUR","65 - 69","MARRIED",4005,1485,2520,0,2591,952,1639,0,1414,533,881,0
"BALOCHISTAN","PANJGUR","65 - 69","NEVER MARRIED",235,26,209,0,77,9,68,0,158,17,141,0
"BALOCHISTAN","PANJGUR","65 - 69","SEPERATION",10,2,8,0,10,2,8,0,0,0,0,0
"BALOCHISTAN","PANJGUR","65 - 69","WIDOWED",282,154,128,0,249,132,117,0,33,22,11,0
"BALOCHISTAN","PANJGUR","70 - 74","DIVORCED",8,1,7,0,8,1,7,0,0,0,0,0
"BALOCHISTAN","PANJGUR","70 - 74","MARRIED",2458,958,1500,0,1570,584,986,0,888,374,514,0
"BALOCHISTAN","PANJGUR","70 - 74","NEVER MARRIED",75,13,62,0,25,5,20,0,50,8,42,0
"BALOCHISTAN","PANJGUR","70 - 74","SEPERATION",3,2,1,0,3,2,1,0,0,0,0,0
"BALOCHISTAN","PANJGUR","70 - 74","WIDOWED",228,135,93,0,212,123,89,0,16,12,4,0
"BALOCHISTAN","PANJGUR","75 & ABOVE","DIVORCED",12,3,9,0,11,2,9,0,1,1,0,0
"BALOCHISTAN","PANJGUR","75 & ABOVE","MARRIED",3666,1429,2237,0,1937,622,1315,0,1729,807,922,0
"BALOCHISTAN","PANJGUR","75 & ABOVE","NEVER MARRIED",125,10,114,1,45,7,38,0,80,3,76,1
"BALOCHISTAN","PANJGUR","75 & ABOVE","SEPERATION",13,4,9,0,12,4,8,0,1,0,1,0
"BALOCHISTAN","PANJGUR","75 & ABOVE","WIDOWED",405,225,180,0,371,202,169,0,34,23,11,0
"BALOCHISTAN","PISHIN","15 &  ABOVE","DIVORCED",81,58,23,0,65,46,19,0,16,12,4,0
"BALOCHISTAN","PISHIN","15 &  ABOVE","MARRIED",286992,144887,142105,0,203101,102806,100295,0,83891,42081,41810,0
"BALOCHISTAN","PISHIN","15 &  ABOVE","NEVER MARRIED",115617,55033,60567,17,79543,37869,41664,10,36074,17164,18903,7
"BALOCHISTAN","PISHIN","15 &  ABOVE","SEPERATION",211,110,101,0,149,92,57,0,62,18,44,0
"BALOCHISTAN","PISHIN","15 &  ABOVE","WIDOWED",4544,3756,788,0,3285,2691,594,0,1259,1065,194,0
"BALOCHISTAN","PISHIN","15 - 19","DIVORCED",3,2,1,0,3,2,1,0,0,0,0,0
"BALOCHISTAN","PISHIN","15 - 19","MARRIED",20806,13308,7498,0,15579,9914,5665,0,5227,3394,1833,0
"BALOCHISTAN","PISHIN","15 - 19","NEVER MARRIED",72723,34124,38593,6,50761,23875,26882,4,21962,10249,11711,2
"BALOCHISTAN","PISHIN","15 - 19","SEPERATION",18,6,12,0,12,5,7,0,6,1,5,0
"BALOCHISTAN","PISHIN","15 - 19","WIDOWED",19,8,11,0,16,7,9,0,3,1,2,0
"BALOCHISTAN","PISHIN","20 - 24","DIVORCED",5,4,1,0,4,4,0,0,1,0,1,0
"BALOCHISTAN","PISHIN","20 - 24","MARRIED",44982,26201,18781,0,33124,19319,13805,0,11858,6882,4976,0
"BALOCHISTAN","PISHIN","20 - 24","NEVER MARRIED",29654,14366,15285,3,20100,9648,10450,2,9554,4718,4835,1
"BALOCHISTAN","PISHIN","20 - 24","SEPERATION",27,8,19,0,11,3,8,0,16,5,11,0
"BALOCHISTAN","PISHIN","20 - 24","WIDOWED",41,24,17,0,27,16,11,0,14,8,6,0
"BALOCHISTAN","PISHIN","25 - 29","DIVORCED",10,8,2,0,8,6,2,0,2,2,0,0
"BALOCHISTAN","PISHIN","25 - 29","MARRIED",45187,23621,21566,0,31806,16439,15367,0,13381,7182,6199,0
"BALOCHISTAN","PISHIN","25 - 29","NEVER MARRIED",8877,4293,4582,2,5831,2814,3015,2,3046,1479,1567,0
"BALOCHISTAN","PISHIN","25 - 29","SEPERATION",19,5,14,0,7,3,4,0,12,2,10,0
"BALOCHISTAN","PISHIN","25 - 29","WIDOWED",75,52,23,0,56,39,17,0,19,13,6,0
"BALOCHISTAN","PISHIN","30 - 34","DIVORCED",21,18,3,0,18,15,3,0,3,3,0,0
"BALOCHISTAN","PISHIN","30 - 34","MARRIED",40273,20217,20056,0,28157,14186,13971,0,12116,6031,6085,0
"BALOCHISTAN","PISHIN","30 - 34","NEVER MARRIED",2721,1456,1264,1,1772,1004,767,1,949,452,497,0
"BALOCHISTAN","PISHIN","30 - 34","SEPERATION",22,11,11,0,16,9,7,0,6,2,4,0
"BALOCHISTAN","PISHIN","30 - 34","WIDOWED",97,70,27,0,77,57,20,0,20,13,7,0
"BALOCHISTAN","PISHIN","35 - 39","DIVORCED",12,4,8,0,7,1,6,0,5,3,2,0
"BALOCHISTAN","PISHIN","35 - 39","MARRIED",34581,17040,17541,0,24232,11860,12372,0,10349,5180,5169,0
"BALOCHISTAN","PISHIN","35 - 39","NEVER MARRIED",912,483,428,1,608,329,279,0,304,154,149,1
"BALOCHISTAN","PISHIN","35 - 39","SEPERATION",25,13,12,0,18,11,7,0,7,2,5,0
"BALOCHISTAN","PISHIN","35 - 39","WIDOWED",139,113,26,0,110,90,20,0,29,23,6,0
"BALOCHISTAN","PISHIN","40 - 44","DIVORCED",14,11,3,0,11,9,2,0,3,2,1,0
"BALOCHISTAN","PISHIN","40 - 44","MARRIED",29622,13943,15679,0,20567,9746,10821,0,9055,4197,4858,0
"BALOCHISTAN","PISHIN","40 - 44","NEVER MARRIED",371,173,197,1,233,106,127,0,138,67,70,1
"BALOCHISTAN","PISHIN","40 - 44","SEPERATION",24,16,8,0,20,16,4,0,4,0,4,0
"BALOCHISTAN","PISHIN","40 - 44","WIDOWED",275,249,26,0,209,187,22,0,66,62,4,0
"BALOCHISTAN","PISHIN","45 - 49","DIVORCED",1,1,0,0,1,1,0,0,0,0,0,0
"BALOCHISTAN","PISHIN","45 - 49","MARRIED",20447,9355,11092,0,13916,6344,7572,0,6531,3011,3520,0
"BALOCHISTAN","PISHIN","45 - 49","NEVER MARRIED",170,69,101,0,107,43,64,0,63,26,37,0
"BALOCHISTAN","PISHIN","45 - 49","SEPERATION",22,19,3,0,19,17,2,0,3,2,1,0
"BALOCHISTAN","PISHIN","45 - 49","WIDOWED",329,286,43,0,239,205,34,0,90,81,9,0
"BALOCHISTAN","PISHIN","50 - 54","DIVORCED",5,3,2,0,4,2,2,0,1,1,0,0
"BALOCHISTAN","PISHIN","50 - 54","MARRIED",15914,7596,8318,0,10990,5360,5630,0,4924,2236,2688,0
"BALOCHISTAN","PISHIN","50 - 54","NEVER MARRIED",73,29,44,0,51,21,30,0,22,8,14,0
"BALOCHISTAN","PISHIN","50 - 54","SEPERATION",20,14,6,0,17,12,5,0,3,2,1,0
"BALOCHISTAN","PISHIN","50 - 54","WIDOWED",507,443,64,0,354,309,45,0,153,134,19,0
"BALOCHISTAN","PISHIN","55 - 59","DIVORCED",5,5,0,0,4,4,0,0,1,1,0,0
"BALOCHISTAN","PISHIN","55 - 59","MARRIED",12517,5347,7170,0,8776,3756,5020,0,3741,1591,2150,0
"BALOCHISTAN","PISHIN","55 - 59","NEVER MARRIED",43,16,26,1,25,9,16,0,18,7,10,1
"BALOCHISTAN","PISHIN","55 - 59","SEPERATION",11,6,5,0,9,6,3,0,2,0,2,0
"BALOCHISTAN","PISHIN","55 - 59","WIDOWED",569,487,82,0,409,346,63,0,160,141,19,0
"BALOCHISTAN","PISHIN","60 - 64","DIVORCED",4,2,2,0,4,2,2,0,0,0,0,0
"BALOCHISTAN","PISHIN","60 - 64","MARRIED",9217,3690,5527,0,6466,2629,3837,0,2751,1061,1690,0
"BALOCHISTAN","PISHIN","60 - 64","NEVER MARRIED",26,10,16,0,20,9,11,0,6,1,5,0
"BALOCHISTAN","PISHIN","60 - 64","SEPERATION",5,4,1,0,5,4,1,0,0,0,0,0
"BALOCHISTAN","PISHIN","60 - 64","WIDOWED",676,592,84,0,473,415,58,0,203,177,26,0
"BALOCHISTAN","PISHIN","65 - 69","DIVORCED",1,0,1,0,1,0,1,0,0,0,0,0
"BALOCHISTAN","PISHIN","65 - 69","MARRIED",5800,2207,3593,0,4148,1597,2551,0,1652,610,1042,0
"BALOCHISTAN","PISHIN","65 - 69","NEVER MARRIED",16,6,9,1,13,6,7,0,3,0,2,1
"BALOCHISTAN","PISHIN","65 - 69","SEPERATION",4,4,0,0,2,2,0,0,2,2,0,0
"BALOCHISTAN","PISHIN","65 - 69","WIDOWED",555,451,104,0,398,321,77,0,157,130,27,0
"BALOCHISTAN","PISHIN","70 - 74","DIVORCED",0,0,0,0,0,0,0,0,0,0,0,0
"BALOCHISTAN","PISHIN","70 - 74","MARRIED",4147,1450,2697,0,2952,1041,1911,0,1195,409,786,0
"BALOCHISTAN","PISHIN","70 - 74","NEVER MARRIED",7,4,3,0,6,3,3,0,1,1,0,0
"BALOCHISTAN","PISHIN","70 - 74","SEPERATION",7,4,3,0,6,4,2,0,1,0,1,0
"BALOCHISTAN","PISHIN","70 - 74","WIDOWED",579,477,102,0,433,356,77,0,146,121,25,0
"BALOCHISTAN","PISHIN","75 & ABOVE","DIVORCED",0,0,0,0,0,0,0,0,0,0,0,0
"BALOCHISTAN","PISHIN","75 & ABOVE","MARRIED",3499,912,2587,0,2388,615,1773,0,1111,297,814,0
"BALOCHISTAN","PISHIN","75 & ABOVE","NEVER MARRIED",24,4,19,1,16,2,13,1,8,2,6,0
"BALOCHISTAN","PISHIN","75 & ABOVE","SEPERATION",7,0,7,0,7,0,7,0,0,0,0,0
"BALOCHISTAN","PISHIN","75 & ABOVE","WIDOWED",683,504,179,0,484,343,141,0,199,161,38,0
"BALOCHISTAN","QUETTA","15 &  ABOVE","DIVORCED",835,632,203,0,258,178,80,0,577,454,123,0
"BALOCHISTAN","QUETTA","15 &  ABOVE","MARRIED",765378,381678,383700,0,323068,162281,160787,0,442310,219397,222913,0
"BALOCHISTAN","QUETTA","15 &  ABOVE","NEVER MARRIED",461040,202490,258457,93,186110,79942,106146,22,274930,122548,152311,71
"BALOCHISTAN","QUETTA","15 &  ABOVE","SEPERATION",427,211,216,0,169,76,93,0,258,135,123,0
"BALOCHISTAN","QUETTA","15 &  ABOVE","WIDOWED",24395,19668,4727,0,9026,7299,1727,0,15369,12369,3000,0
"BALOCHISTAN","QUETTA","15 - 19","DIVORCED",11,8,3,0,3,2,1,0,8,6,2,0
"BALOCHISTAN","QUETTA","15 - 19","MARRIED",21459,15050,6409,0,10916,7675,3241,0,10543,7375,3168,0
"BALOCHISTAN","QUETTA","15 - 19","NEVER MARRIED",236367,108971,127372,24,101019,45926,55085,8,135348,63045,72287,16
"BALOCHISTAN","QUETTA","15 - 19","SEPERATION",38,15,23,0,19,7,12,0,19,8,11,0
"BALOCHISTAN","QUETTA","15 - 19","WIDOWED",43,22,21,0,18,10,8,0,25,12,13,0
"BALOCHISTAN","QUETTA","20 - 24","DIVORCED",56,47,9,0,20,16,4,0,36,31,5,0
"BALOCHISTAN","QUETTA","20 - 24","MARRIED",82072,52010,30062,0,39051,24344,14707,0,43021,27666,15355,0
"BALOCHISTAN","QUETTA","20 - 24","NEVER MARRIED",131227,54476,76733,18,51880,20860,31016,4,79347,33616,45717,14
"BALOCHISTAN","QUETTA","20 - 24","SEPERATION",38,17,21,0,19,6,13,0,19,11,8,0
"BALOCHISTAN","QUETTA","20 - 24","WIDOWED",147,92,55,0,76,44,32,0,71,48,23,0
"BALOCHISTAN","QUETTA","25 - 29","DIVORCED",112,92,20,0,44,32,12,0,68,60,8,0
"BALOCHISTAN","QUETTA","25 - 29","MARRIED",118304,64383,53921,0,52033,28155,23878,0,66271,36228,30043,0
"BALOCHISTAN","QUETTA","25 - 29","NEVER MARRIED",54301,21690,32594,17,19715,7667,12046,2,34586,14023,20548,15
"BALOCHISTAN","QUETTA","25 - 29","SEPERATION",50,28,22,0,28,12,16,0,22,16,6,0
"BALOCHISTAN","QUETTA","25 - 29","WIDOWED",326,249,77,0,156,112,44,0,170,137,33,0
"BALOCHISTAN","QUETTA","30 - 34","DIVORCED",166,127,39,0,58,39,19,0,108,88,20,0
"BALOCHISTAN","QUETTA","30 - 34","MARRIED",111934,57267,54667,0,46764,23830,22934,0,65170,33437,31733,0
"BALOCHISTAN","QUETTA","30 - 34","NEVER MARRIED",20617,10314,10295,8,7121,3492,3628,1,13496,6822,6667,7
"BALOCHISTAN","QUETTA","30 - 34","SEPERATION",42,16,26,0,16,5,11,0,26,11,15,0
"BALOCHISTAN","QUETTA","30 - 34","WIDOWED",555,406,149,0,257,183,74,0,298,223,75,0
"BALOCHISTAN","QUETTA","35 - 39","DIVORCED",153,123,30,0,39,24,15,0,114,99,15,0
"BALOCHISTAN","QUETTA","35 - 39","MARRIED",103723,51387,52336,0,42607,21120,21487,0,61116,30267,30849,0
"BALOCHISTAN","QUETTA","35 - 39","NEVER MARRIED",8908,3350,5545,13,2988,1002,1984,2,5920,2348,3561,11
"BALOCHISTAN","QUETTA","35 - 39","SEPERATION",55,19,36,0,19,7,12,0,36,12,24,0
"BALOCHISTAN","QUETTA","35 - 39","WIDOWED",886,681,205,0,394,297,97,0,492,384,108,0
"BALOCHISTAN","QUETTA","40 - 44","DIVORCED",143,100,43,0,44,32,12,0,99,68,31,0
"BALOCHISTAN","QUETTA","40 - 44","MARRIED",93192,44136,49056,0,37685,17869,19816,0,55507,26267,29240,0
"BALOCHISTAN","QUETTA","40 - 44","NEVER MARRIED",4300,1647,2650,3,1450,435,1014,1,2850,1212,1636,2
"BALOCHISTAN","QUETTA","40 - 44","SEPERATION",56,28,28,0,19,10,9,0,37,18,19,0
"BALOCHISTAN","QUETTA","40 - 44","WIDOWED",1562,1285,277,0,633,530,103,0,929,755,174,0
"BALOCHISTAN","QUETTA","45 - 49","DIVORCED",81,61,20,0,23,15,8,0,58,46,12,0
"BALOCHISTAN","QUETTA","45 - 49","MARRIED",69232,31625,37607,0,27876,12851,15025,0,41356,18774,22582,0
"BALOCHISTAN","QUETTA","45 - 49","NEVER MARRIED",2165,801,1362,2,797,238,558,1,1368,563,804,1
"BALOCHISTAN","QUETTA","45 - 49","SEPERATION",34,18,16,0,8,5,3,0,26,13,13,0
"BALOCHISTAN","QUETTA","45 - 49","WIDOWED",1966,1670,296,0,773,659,114,0,1193,1011,182,0
"BALOCHISTAN","QUETTA","50 - 54","DIVORCED",50,34,16,0,12,10,2,0,38,24,14,0
"BALOCHISTAN","QUETTA","50 - 54","MARRIED",54093,24225,29868,0,21694,9818,11876,0,32399,14407,17992,0
"BALOCHISTAN","QUETTA","50 - 54","NEVER MARRIED",1344,514,827,3,499,149,349,1,845,365,478,2
"BALOCHISTAN","QUETTA","50 - 54","SEPERATION",36,23,13,0,17,10,7,0,19,13,6,0
"BALOCHISTAN","QUETTA","50 - 54","WIDOWED",2955,2555,400,0,1133,981,152,0,1822,1574,248,0
"BALOCHISTAN","QUETTA","55 - 59","DIVORCED",23,15,8,0,4,1,3,0,19,14,5,0
"BALOCHISTAN","QUETTA","55 - 59","MARRIED",40657,16982,23675,0,16049,6670,9379,0,24608,10312,14296,0
"BALOCHISTAN","QUETTA","55 - 59","NEVER MARRIED",813,299,511,3,334,86,247,1,479,213,264,2
"BALOCHISTAN","QUETTA","55 - 59","SEPERATION",29,19,10,0,7,6,1,0,22,13,9,0
"BALOCHISTAN","QUETTA","55 - 59","WIDOWED",3071,2594,477,0,1120,951,169,0,1951,1643,308,0
"BALOCHISTAN","QUETTA","60 - 64","DIVORCED",14,7,7,0,6,3,3,0,8,4,4,0
"BALOCHISTAN","QUETTA","60 - 64","MARRIED",29663,11194,18469,0,11595,4465,7130,0,18068,6729,11339,0
"BALOCHISTAN","QUETTA","60 - 64","NEVER MARRIED",487,210,277,0,168,52,116,0,319,158,161,0
"BALOCHISTAN","QUETTA","60 - 64","SEPERATION",24,12,12,0,8,3,5,0,16,9,7,0
"BALOCHISTAN","QUETTA","60 - 64","WIDOWED",3529,2938,591,0,1275,1061,214,0,2254,1877,377,0
"BALOCHISTAN","QUETTA","65 - 69","DIVORCED",15,12,3,0,3,2,1,0,12,10,2,0
"BALOCHISTAN","QUETTA","65 - 69","MARRIED",19014,6828,12186,0,7616,2744,4872,0,11398,4084,7314,0
"BALOCHISTAN","QUETTA","65 - 69","NEVER MARRIED",269,105,163,1,90,15,74,1,179,90,89,0
"BALOCHISTAN","QUETTA","65 - 69","SEPERATION",11,7,4,0,2,2,0,0,9,5,4,0
"BALOCHISTAN","QUETTA","65 - 69","WIDOWED",3176,2580,596,0,1126,910,216,0,2050,1670,380,0
"BALOCHISTAN","QUETTA","70 - 74","DIVORCED",6,3,3,0,1,1,0,0,5,2,3,0
"BALOCHISTAN","QUETTA","70 - 74","MARRIED",12305,3897,8408,0,5059,1624,3435,0,7246,2273,4973,0
"BALOCHISTAN","QUETTA","70 - 74","NEVER MARRIED",138,65,73,0,34,14,20,0,104,51,53,0
"BALOCHISTAN","QUETTA","70 - 74","SEPERATION",8,4,4,0,6,3,3,0,2,1,1,0
"BALOCHISTAN","QUETTA","70 - 74","WIDOWED",2953,2285,668,0,994,786,208,0,1959,1499,460,0
"BALOCHISTAN","QUETTA","75 & ABOVE","DIVORCED",5,3,2,0,1,1,0,0,4,2,2,0
"BALOCHISTAN","QUETTA","75 & ABOVE","MARRIED",9730,2694,7036,0,4123,1116,3007,0,5607,1578,4029,0
"BALOCHISTAN","QUETTA","75 & ABOVE","NEVER MARRIED",104,48,55,1,15,6,9,0,89,42,46,1
"BALOCHISTAN","QUETTA","75 & ABOVE","SEPERATION",6,5,1,0,1,0,1,0,5,5,0,0
"BALOCHISTAN","QUETTA","75 & ABOVE","WIDOWED",3226,2311,915,0,1071,775,296,0,2155,1536,619,0
"BALOCHISTAN","SHERANI","15 &  ABOVE","DIVORCED",116,69,47,0,116,69,47,0,0,0,0,0
"BALOCHISTAN","SHERANI","15 &  ABOVE","MARRIED",67534,34495,33039,0,67534,34495,33039,0,0,0,0,0
"BALOCHISTAN","SHERANI","15 &  ABOVE","NEVER MARRIED",19577,7070,12501,6,19577,7070,12501,6,0,0,0,0
"BALOCHISTAN","SHERANI","15 &  ABOVE","SEPERATION",282,201,81,0,282,201,81,0,0,0,0,0
"BALOCHISTAN","SHERANI","15 &  ABOVE","WIDOWED",823,621,202,0,823,621,202,0,0,0,0,0
"BALOCHISTAN","SHERANI","15 - 19","DIVORCED",9,5,4,0,9,5,4,0,0,0,0,0
"BALOCHISTAN","SHERANI","15 - 19","MARRIED",6734,3709,3025,0,6734,3709,3025,0,0,0,0,0
"BALOCHISTAN","SHERANI","15 - 19","NEVER MARRIED",15415,5602,9808,5,15415,5602,9808,5,0,0,0,0
"BALOCHISTAN","SHERANI","15 - 19","SEPERATION",23,3,20,0,23,3,20,0,0,0,0,0
"BALOCHISTAN","SHERANI","15 - 19","WIDOWED",9,1,8,0,9,1,8,0,0,0,0,0
"BALOCHISTAN","SHERANI","20 - 24","DIVORCED",10,6,4,0,10,6,4,0,0,0,0,0
"BALOCHISTAN","SHERANI","20 - 24","MARRIED",11264,6308,4956,0,11264,6308,4956,0,0,0,0,0
"BALOCHISTAN","SHERANI","20 - 24","NEVER MARRIED",2670,935,1735,0,2670,935,1735,0,0,0,0,0
"BALOCHISTAN","SHERANI","20 - 24","SEPERATION",16,5,11,0,16,5,11,0,0,0,0,0
"BALOCHISTAN","SHERANI","20 - 24","WIDOWED",18,12,6,0,18,12,6,0,0,0,0,0
"BALOCHISTAN","SHERANI","25 - 29","DIVORCED",11,8,3,0,11,8,3,0,0,0,0,0
"BALOCHISTAN","SHERANI","25 - 29","MARRIED",11221,5871,5350,0,11221,5871,5350,0,0,0,0,0
"BALOCHISTAN","SHERANI","25 - 29","NEVER MARRIED",933,325,608,0,933,325,608,0,0,0,0,0
"BALOCHISTAN","SHERANI","25 - 29","SEPERATION",25,15,10,0,25,15,10,0,0,0,0,0
"BALOCHISTAN","SHERANI","25 - 29","WIDOWED",47,27,20,0,47,27,20,0,0,0,0,0
"BALOCHISTAN","SHERANI","30 - 34","DIVORCED",13,7,6,0,13,7,6,0,0,0,0,0
"BALOCHISTAN","SHERANI","30 - 34","MARRIED",9487,4948,4539,0,9487,4948,4539,0,0,0,0,0
"BALOCHISTAN","SHERANI","30 - 34","NEVER MARRIED",308,110,198,0,308,110,198,0,0,0,0,0
"BALOCHISTAN","SHERANI","30 - 34","SEPERATION",26,21,5,0,26,21,5,0,0,0,0,0
"BALOCHISTAN","SHERANI","30 - 34","WIDOWED",70,49,21,0,70,49,21,0,0,0,0,0
"BALOCHISTAN","SHERANI","35 - 39","DIVORCED",15,10,5,0,15,10,5,0,0,0,0,0
"BALOCHISTAN","SHERANI","35 - 39","MARRIED",8018,4080,3938,0,8018,4080,3938,0,0,0,0,0
"BALOCHISTAN","SHERANI","35 - 39","NEVER MARRIED",101,54,47,0,101,54,47,0,0,0,0,0
"BALOCHISTAN","SHERANI","35 - 39","SEPERATION",34,29,5,0,34,29,5,0,0,0,0,0
"BALOCHISTAN","SHERANI","35 - 39","WIDOWED",73,53,20,0,73,53,20,0,0,0,0,0
"BALOCHISTAN","SHERANI","40 - 44","DIVORCED",7,7,0,0,7,7,0,0,0,0,0,0
"BALOCHISTAN","SHERANI","40 - 44","MARRIED",6393,3314,3079,0,6393,3314,3079,0,0,0,0,0
"BALOCHISTAN","SHERANI","40 - 44","NEVER MARRIED",38,15,22,1,38,15,22,1,0,0,0,0
"BALOCHISTAN","SHERANI","40 - 44","SEPERATION",32,28,4,0,32,28,4,0,0,0,0,0
"BALOCHISTAN","SHERANI","40 - 44","WIDOWED",86,74,12,0,86,74,12,0,0,0,0,0
"BALOCHISTAN","SHERANI","45 - 49","DIVORCED",8,8,0,0,8,8,0,0,0,0,0,0
"BALOCHISTAN","SHERANI","45 - 49","MARRIED",4862,2215,2647,0,4862,2215,2647,0,0,0,0,0
"BALOCHISTAN","SHERANI","45 - 49","NEVER MARRIED",30,12,18,0,30,12,18,0,0,0,0,0
"BALOCHISTAN","SHERANI","45 - 49","SEPERATION",41,31,10,0,41,31,10,0,0,0,0,0
"BALOCHISTAN","SHERANI","45 - 49","WIDOWED",96,82,14,0,96,82,14,0,0,0,0,0
"BALOCHISTAN","SHERANI","50 - 54","DIVORCED",10,5,5,0,10,5,5,0,0,0,0,0
"BALOCHISTAN","SHERANI","50 - 54","MARRIED",3122,1484,1638,0,3122,1484,1638,0,0,0,0,0
"BALOCHISTAN","SHERANI","50 - 54","NEVER MARRIED",13,6,7,0,13,6,7,0,0,0,0,0
"BALOCHISTAN","SHERANI","50 - 54","SEPERATION",33,27,6,0,33,27,6,0,0,0,0,0
"BALOCHISTAN","SHERANI","50 - 54","WIDOWED",88,74,14,0,88,74,14,0,0,0,0,0
"BALOCHISTAN","SHERANI","55 - 59","DIVORCED",11,5,6,0,11,5,6,0,0,0,0,0
"BALOCHISTAN","SHERANI","55 - 59","MARRIED",2419,1030,1389,0,2419,1030,1389,0,0,0,0,0
"BALOCHISTAN","SHERANI","55 - 59","NEVER MARRIED",23,3,20,0,23,3,20,0,0,0,0,0
"BALOCHISTAN","SHERANI","55 - 59","SEPERATION",13,12,1,0,13,12,1,0,0,0,0,0
"BALOCHISTAN","SHERANI","55 - 59","WIDOWED",80,70,10,0,80,70,10,0,0,0,0,0
"BALOCHISTAN","SHERANI","60 - 64","DIVORCED",10,5,5,0,10,5,5,0,0,0,0,0
"BALOCHISTAN","SHERANI","60 - 64","MARRIED",1550,574,976,0,1550,574,976,0,0,0,0,0
"BALOCHISTAN","SHERANI","60 - 64","NEVER MARRIED",8,1,7,0,8,1,7,0,0,0,0,0
"BALOCHISTAN","SHERANI","60 - 64","SEPERATION",14,14,0,0,14,14,0,0,0,0,0,0
"BALOCHISTAN","SHERANI","60 - 64","WIDOWED",67,54,13,0,67,54,13,0,0,0,0,0
"BALOCHISTAN","SHERANI","65 - 69","DIVORCED",12,3,9,0,12,3,9,0,0,0,0,0
"BALOCHISTAN","SHERANI","65 - 69","MARRIED",949,405,544,0,949,405,544,0,0,0,0,0
"BALOCHISTAN","SHERANI","65 - 69","NEVER MARRIED",14,3,11,0,14,3,11,0,0,0,0,0
"BALOCHISTAN","SHERANI","65 - 69","SEPERATION",8,6,2,0,8,6,2,0,0,0,0,0
"BALOCHISTAN","SHERANI","65 - 69","WIDOWED",55,41,14,0,55,41,14,0,0,0,0,0
"BALOCHISTAN","SHERANI","70 - 74","DIVORCED",0,0,0,0,0,0,0,0,0,0,0,0
"BALOCHISTAN","SHERANI","70 - 74","MARRIED",724,281,443,0,724,281,443,0,0,0,0,0
"BALOCHISTAN","SHERANI","70 - 74","NEVER MARRIED",2,0,2,0,2,0,2,0,0,0,0,0
"BALOCHISTAN","SHERANI","70 - 74","SEPERATION",7,6,1,0,7,6,1,0,0,0,0,0
"BALOCHISTAN","SHERANI","70 - 74","WIDOWED",49,35,14,0,49,35,14,0,0,0,0,0
"BALOCHISTAN","SHERANI","75 & ABOVE","DIVORCED",0,0,0,0,0,0,0,0,0,0,0,0
"BALOCHISTAN","SHERANI","75 & ABOVE","MARRIED",791,276,515,0,791,276,515,0,0,0,0,0
"BALOCHISTAN","SHERANI","75 & ABOVE","NEVER MARRIED",22,4,18,0,22,4,18,0,0,0,0,0
"BALOCHISTAN","SHERANI","75 & ABOVE","SEPERATION",10,4,6,0,10,4,6,0,0,0,0,0
"BALOCHISTAN","SHERANI","75 & ABOVE","WIDOWED",85,49,36,0,85,49,36,0,0,0,0,0
"BALOCHISTAN","SIBI","15 &  ABOVE","DIVORCED",93,68,25,0,59,46,13,0,34,22,12,0
"BALOCHISTAN","SIBI","15 &  ABOVE","MARRIED",74028,37223,36805,0,47868,24245,23623,0,26160,12978,13182,0
"BALOCHISTAN","SIBI","15 &  ABOVE","NEVER MARRIED",38060,16288,21767,5,24157,10204,13948,5,13903,6084,7819,0
"BALOCHISTAN","SIBI","15 &  ABOVE","SEPERATION",84,48,36,0,54,30,24,0,30,18,12,0
"BALOCHISTAN","SIBI","15 &  ABOVE","WIDOWED",3247,2530,717,0,1823,1417,406,0,1424,1113,311,0
"BALOCHISTAN","SIBI","15 - 19","DIVORCED",3,2,1,0,2,1,1,0,1,1,0,0
"BALOCHISTAN","SIBI","15 - 19","MARRIED",2845,1815,1030,0,2254,1399,855,0,591,416,175,0
"BALOCHISTAN","SIBI","15 - 19","NEVER MARRIED",20309,9208,11099,2,13884,6118,7764,2,6425,3090,3335,0
"BALOCHISTAN","SIBI","15 - 19","SEPERATION",9,5,4,0,7,3,4,0,2,2,0,0
"BALOCHISTAN","SIBI","15 - 19","WIDOWED",9,4,5,0,7,3,4,0,2,1,1,0
"BALOCHISTAN","SIBI","20 - 24","DIVORCED",7,6,1,0,4,3,1,0,3,3,0,0
"BALOCHISTAN","SIBI","20 - 24","MARRIED",7790,4804,2986,0,5576,3361,2215,0,2214,1443,771,0
"BALOCHISTAN","SIBI","20 - 24","NEVER MARRIED",9535,3826,5709,0,5759,2265,3494,0,3776,1561,2215,0
"BALOCHISTAN","SIBI","20 - 24","SEPERATION",8,4,4,0,7,3,4,0,1,1,0,0
"BALOCHISTAN","SIBI","20 - 24","WIDOWED",33,19,14,0,23,14,9,0,10,5,5,0
"BALOCHISTAN","SIBI","25 - 29","DIVORCED",13,12,1,0,8,8,0,0,5,4,1,0
"BALOCHISTAN","SIBI","25 - 29","MARRIED",10222,5707,4515,0,6837,3764,3073,0,3385,1943,1442,0
"BALOCHISTAN","SIBI","25 - 29","NEVER MARRIED",4628,1779,2848,1,2694,1031,1662,1,1934,748,1186,0
"BALOCHISTAN","SIBI","25 - 29","SEPERATION",5,3,2,0,3,1,2,0,2,2,0,0
"BALOCHISTAN","SIBI","25 - 29","WIDOWED",62,41,21,0,44,33,11,0,18,8,10,0
"BALOCHISTAN","SIBI","30 - 34","DIVORCED",14,10,4,0,13,10,3,0,1,0,1,0
"BALOCHISTAN","SIBI","30 - 34","MARRIED",10233,5372,4861,0,6517,3414,3103,0,3716,1958,1758,0
"BALOCHISTAN","SIBI","30 - 34","NEVER MARRIED",1856,855,1001,0,960,460,500,0,896,395,501,0
"BALOCHISTAN","SIBI","30 - 34","SEPERATION",11,5,6,0,7,4,3,0,4,1,3,0
"BALOCHISTAN","SIBI","30 - 34","WIDOWED",95,66,29,0,57,36,21,0,38,30,8,0
"BALOCHISTAN","SIBI","35 - 39","DIVORCED",13,7,6,0,8,5,3,0,5,2,3,0
"BALOCHISTAN","SIBI","35 - 39","MARRIED",10129,5201,4928,0,6333,3296,3037,0,3796,1905,1891,0
"BALOCHISTAN","SIBI","35 - 39","NEVER MARRIED",828,257,571,0,410,136,274,0,418,121,297,0
"BALOCHISTAN","SIBI","35 - 39","SEPERATION",13,9,4,0,11,7,4,0,2,2,0,0
"BALOCHISTAN","SIBI","35 - 39","WIDOWED",103,76,27,0,57,40,17,0,46,36,10,0
"BALOCHISTAN","SIBI","40 - 44","DIVORCED",15,12,3,0,10,9,1,0,5,3,2,0
"BALOCHISTAN","SIBI","40 - 44","MARRIED",9673,4586,5087,0,6212,2979,3233,0,3461,1607,1854,0
"BALOCHISTAN","SIBI","40 - 44","NEVER MARRIED",401,142,259,0,220,81,139,0,181,61,120,0
"BALOCHISTAN","SIBI","40 - 44","SEPERATION",12,7,5,0,7,4,3,0,5,3,2,0
"BALOCHISTAN","SIBI","40 - 44","WIDOWED",188,147,41,0,105,82,23,0,83,65,18,0
"BALOCHISTAN","SIBI","45 - 49","DIVORCED",11,8,3,0,6,5,1,0,5,3,2,0
"BALOCHISTAN","SIBI","45 - 49","MARRIED",6821,3205,3616,0,4177,1999,2178,0,2644,1206,1438,0
"BALOCHISTAN","SIBI","45 - 49","NEVER MARRIED",208,81,127,0,105,47,58,0,103,34,69,0
"BALOCHISTAN","SIBI","45 - 49","SEPERATION",6,4,2,0,4,2,2,0,2,2,0,0
"BALOCHISTAN","SIBI","45 - 49","WIDOWED",228,187,41,0,132,110,22,0,96,77,19,0
"BALOCHISTAN","SIBI","50 - 54","DIVORCED",9,8,1,0,4,3,1,0,5,5,0,0
"BALOCHISTAN","SIBI","50 - 54","MARRIED",5918,2668,3250,0,3751,1679,2072,0,2167,989,1178,0
"BALOCHISTAN","SIBI","50 - 54","NEVER MARRIED",123,51,72,0,42,21,21,0,81,30,51,0
"BALOCHISTAN","SIBI","50 - 54","SEPERATION",10,5,5,0,5,4,1,0,5,1,4,0
"BALOCHISTAN","SIBI","50 - 54","WIDOWED",400,318,82,0,220,173,47,0,180,145,35,0
"BALOCHISTAN","SIBI","55 - 59","DIVORCED",4,2,2,0,2,2,0,0,2,0,2,0
"BALOCHISTAN","SIBI","55 - 59","MARRIED",4079,1573,2506,0,2381,956,1425,0,1698,617,1081,0
"BALOCHISTAN","SIBI","55 - 59","NEVER MARRIED",78,39,39,0,38,19,19,0,40,20,20,0
"BALOCHISTAN","SIBI","55 - 59","SEPERATION",5,4,1,0,1,1,0,0,4,3,1,0
"BALOCHISTAN","SIBI","55 - 59","WIDOWED",371,302,69,0,180,148,32,0,191,154,37,0
"BALOCHISTAN","SIBI","60 - 64","DIVORCED",3,1,2,0,2,0,2,0,1,1,0,0
"BALOCHISTAN","SIBI","60 - 64","MARRIED",2756,1064,1692,0,1638,639,999,0,1118,425,693,0
"BALOCHISTAN","SIBI","60 - 64","NEVER MARRIED",41,23,18,0,22,11,11,0,19,12,7,0
"BALOCHISTAN","SIBI","60 - 64","SEPERATION",1,1,0,0,0,0,0,0,1,1,0,0
"BALOCHISTAN","SIBI","60 - 64","WIDOWED",433,348,85,0,217,181,36,0,216,167,49,0
"BALOCHISTAN","SIBI","65 - 69","DIVORCED",0,0,0,0,0,0,0,0,0,0,0,0
"BALOCHISTAN","SIBI","65 - 69","MARRIED",1738,632,1106,0,1019,366,653,0,719,266,453,0
"BALOCHISTAN","SIBI","65 - 69","NEVER MARRIED",25,14,10,1,9,7,1,1,16,7,9,0
"BALOCHISTAN","SIBI","65 - 69","SEPERATION",2,0,2,0,1,0,1,0,1,0,1,0
"BALOCHISTAN","SIBI","65 - 69","WIDOWED",457,359,98,0,234,175,59,0,223,184,39,0
"BALOCHISTAN","SIBI","70 - 74","DIVORCED",1,0,1,0,0,0,0,0,1,0,1,0
"BALOCHISTAN","SIBI","70 - 74","MARRIED",1103,379,724,0,686,244,442,0,417,135,282,0
"BALOCHISTAN","SIBI","70 - 74","NEVER MARRIED",16,6,9,1,8,4,3,1,8,2,6,0
"BALOCHISTAN","SIBI","70 - 74","SEPERATION",1,0,1,0,0,0,0,0,1,0,1,0
"BALOCHISTAN","SIBI","70 - 74","WIDOWED",425,320,105,0,279,211,68,0,146,109,37,0
"BALOCHISTAN","SIBI","75 & ABOVE","DIVORCED",0,0,0,0,0,0,0,0,0,0,0,0
"BALOCHISTAN","SIBI","75 & ABOVE","MARRIED",721,217,504,0,487,149,338,0,234,68,166,0
"BALOCHISTAN","SIBI","75 & ABOVE","NEVER MARRIED",12,7,5,0,6,4,2,0,6,3,3,0
"BALOCHISTAN","SIBI","75 & ABOVE","SEPERATION",1,1,0,0,1,1,0,0,0,0,0,0
"BALOCHISTAN","SIBI","75 & ABOVE","WIDOWED",443,343,100,0,268,211,57,0,175,132,43,0
"BALOCHISTAN","SOHBATPUR","15 &  ABOVE","DIVORCED",89,58,31,0,81,52,29,0,8,6,2,0
"BALOCHISTAN","SOHBATPUR","15 &  ABOVE","MARRIED",75761,38421,37340,0,72161,36619,35542,0,3600,1802,1798,0
"BALOCHISTAN","SOHBATPUR","15 &  ABOVE","NEVER MARRIED",24845,10209,14635,1,22510,9153,13356,1,2335,1056,1279,0
"BALOCHISTAN","SOHBATPUR","15 &  ABOVE","SEPERATION",57,42,15,0,45,34,11,0,12,8,4,0
"BALOCHISTAN","SOHBATPUR","15 &  ABOVE","WIDOWED",3574,2896,678,0,3300,2689,611,0,274,207,67,0
"BALOCHISTAN","SOHBATPUR","15 - 19","DIVORCED",1,1,0,0,1,1,0,0,0,0,0,0
"BALOCHISTAN","SOHBATPUR","15 - 19","MARRIED",5365,3226,2139,0,5197,3120,2077,0,168,106,62,0
"BALOCHISTAN","SOHBATPUR","15 - 19","NEVER MARRIED",16803,7365,9437,1,15326,6691,8634,1,1477,674,803,0
"BALOCHISTAN","SOHBATPUR","15 - 19","SEPERATION",1,1,0,0,0,0,0,0,1,1,0,0
"BALOCHISTAN","SOHBATPUR","15 - 19","WIDOWED",13,5,8,0,13,5,8,0,0,0,0,0
"BALOCHISTAN","SOHBATPUR","20 - 24","DIVORCED",11,8,3,0,10,7,3,0,1,1,0,0
"BALOCHISTAN","SOHBATPUR","20 - 24","MARRIED",10955,6313,4642,0,10554,6078,4476,0,401,235,166,0
"BALOCHISTAN","SOHBATPUR","20 - 24","NEVER MARRIED",4982,1692,3290,0,4495,1485,3010,0,487,207,280,0
"BALOCHISTAN","SOHBATPUR","20 - 24","SEPERATION",6,3,3,0,5,3,2,0,1,0,1,0
"BALOCHISTAN","SOHBATPUR","20 - 24","WIDOWED",49,23,26,0,49,23,26,0,0,0,0,0
"BALOCHISTAN","SOHBATPUR","25 - 29","DIVORCED",12,7,5,0,11,7,4,0,1,0,1,0
"BALOCHISTAN","SOHBATPUR","25 - 29","MARRIED",10378,5463,4915,0,9912,5206,4706,0,466,257,209,0
"BALOCHISTAN","SOHBATPUR","25 - 29","NEVER MARRIED",1705,628,1077,0,1503,530,973,0,202,98,104,0
"BALOCHISTAN","SOHBATPUR","25 - 29","SEPERATION",9,5,4,0,7,4,3,0,2,1,1,0
"BALOCHISTAN","SOHBATPUR","25 - 29","WIDOWED",61,42,19,0,60,42,18,0,1,0,1,0
"BALOCHISTAN","SOHBATPUR","30 - 34","DIVORCED",15,11,4,0,13,9,4,0,2,2,0,0
"BALOCHISTAN","SOHBATPUR","30 - 34","MARRIED",10291,5405,4886,0,9753,5131,4622,0,538,274,264,0
"BALOCHISTAN","SOHBATPUR","30 - 34","NEVER MARRIED",725,327,398,0,622,275,347,0,103,52,51,0
"BALOCHISTAN","SOHBATPUR","30 - 34","SEPERATION",6,4,2,0,5,3,2,0,1,1,0,0
"BALOCHISTAN","SOHBATPUR","30 - 34","WIDOWED",100,75,25,0,94,73,21,0,6,2,4,0
"BALOCHISTAN","SOHBATPUR","35 - 39","DIVORCED",12,7,5,0,12,7,5,0,0,0,0,0
"BALOCHISTAN","SOHBATPUR","35 - 39","MARRIED",9259,4676,4583,0,8793,4443,4350,0,466,233,233,0
"BALOCHISTAN","SOHBATPUR","35 - 39","NEVER MARRIED",313,99,214,0,283,87,196,0,30,12,18,0
"BALOCHISTAN","SOHBATPUR","35 - 39","SEPERATION",7,6,1,0,5,5,0,0,2,1,1,0
"BALOCHISTAN","SOHBATPUR","35 - 39","WIDOWED",145,113,32,0,141,110,31,0,4,3,1,0
"BALOCHISTAN","SOHBATPUR","40 - 44","DIVORCED",15,8,7,0,14,7,7,0,1,1,0,0
"BALOCHISTAN","SOHBATPUR","40 - 44","MARRIED",9319,4500,4819,0,8836,4259,4577,0,483,241,242,0
"BALOCHISTAN","SOHBATPUR","40 - 44","NEVER MARRIED",137,38,99,0,120,32,88,0,17,6,11,0
"BALOCHISTAN","SOHBATPUR","40 - 44","SEPERATION",2,2,0,0,1,1,0,0,1,1,0,0
"BALOCHISTAN","SOHBATPUR","40 - 44","WIDOWED",248,199,49,0,235,190,45,0,13,9,4,0
"BALOCHISTAN","SOHBATPUR","45 - 49","DIVORCED",5,3,2,0,2,1,1,0,3,2,1,0
"BALOCHISTAN","SOHBATPUR","45 - 49","MARRIED",6033,2685,3348,0,5695,2527,3168,0,338,158,180,0
"BALOCHISTAN","SOHBATPUR","45 - 49","NEVER MARRIED",94,32,62,0,84,28,56,0,10,4,6,0
"BALOCHISTAN","SOHBATPUR","45 - 49","SEPERATION",6,6,0,0,4,4,0,0,2,2,0,0
"BALOCHISTAN","SOHBATPUR","45 - 49","WIDOWED",277,226,51,0,257,208,49,0,20,18,2,0
"BALOCHISTAN","SOHBATPUR","50 - 54","DIVORCED",5,4,1,0,5,4,1,0,0,0,0,0
"BALOCHISTAN","SOHBATPUR","50 - 54","MARRIED",4902,2362,2540,0,4651,2258,2393,0,251,104,147,0
"BALOCHISTAN","SOHBATPUR","50 - 54","NEVER MARRIED",29,11,18,0,27,10,17,0,2,1,1,0
"BALOCHISTAN","SOHBATPUR","50 - 54","SEPERATION",9,6,3,0,8,5,3,0,1,1,0,0
"BALOCHISTAN","SOHBATPUR","50 - 54","WIDOWED",412,344,68,0,379,319,60,0,33,25,8,0
"BALOCHISTAN","SOHBATPUR","55 - 59","DIVORCED",5,4,1,0,5,4,1,0,0,0,0,0
"BALOCHISTAN","SOHBATPUR","55 - 59","MARRIED",3503,1563,1940,0,3291,1478,1813,0,212,85,127,0
"BALOCHISTAN","SOHBATPUR","55 - 59","NEVER MARRIED",24,10,14,0,20,8,12,0,4,2,2,0
"BALOCHISTAN","SOHBATPUR","55 - 59","SEPERATION",3,1,2,0,2,1,1,0,1,0,1,0
"BALOCHISTAN","SOHBATPUR","55 - 59","WIDOWED",391,312,79,0,340,271,69,0,51,41,10,0
"BALOCHISTAN","SOHBATPUR","60 - 64","DIVORCED",4,1,3,0,4,1,3,0,0,0,0,0
"BALOCHISTAN","SOHBATPUR","60 - 64","MARRIED",2489,1022,1467,0,2353,963,1390,0,136,59,77,0
"BALOCHISTAN","SOHBATPUR","60 - 64","NEVER MARRIED",15,2,13,0,14,2,12,0,1,0,1,0
"BALOCHISTAN","SOHBATPUR","60 - 64","SEPERATION",5,5,0,0,5,5,0,0,0,0,0,0
"BALOCHISTAN","SOHBATPUR","60 - 64","WIDOWED",497,417,80,0,455,387,68,0,42,30,12,0
"BALOCHISTAN","SOHBATPUR","65 - 69","DIVORCED",2,2,0,0,2,2,0,0,0,0,0,0
"BALOCHISTAN","SOHBATPUR","65 - 69","MARRIED",1377,563,814,0,1304,534,770,0,73,29,44,0
"BALOCHISTAN","SOHBATPUR","65 - 69","NEVER MARRIED",10,3,7,0,9,3,6,0,1,0,1,0
"BALOCHISTAN","SOHBATPUR","65 - 69","SEPERATION",2,2,0,0,2,2,0,0,0,0,0,0
"BALOCHISTAN","SOHBATPUR","65 - 69","WIDOWED",432,368,64,0,395,339,56,0,37,29,8,0
"BALOCHISTAN","SOHBATPUR","70 - 74","DIVORCED",1,1,0,0,1,1,0,0,0,0,0,0
"BALOCHISTAN","SOHBATPUR","70 - 74","MARRIED",1066,389,677,0,1020,374,646,0,46,15,31,0
"BALOCHISTAN","SOHBATPUR","70 - 74","NEVER MARRIED",3,2,1,0,3,2,1,0,0,0,0,0
"BALOCHISTAN","SOHBATPUR","70 - 74","SEPERATION",0,0,0,0,0,0,0,0,0,0,0,0
"BALOCHISTAN","SOHBATPUR","70 - 74","WIDOWED",446,376,70,0,411,347,64,0,35,29,6,0
"BALOCHISTAN","SOHBATPUR","75 & ABOVE","DIVORCED",1,1,0,0,1,1,0,0,0,0,0,0
"BALOCHISTAN","SOHBATPUR","75 & ABOVE","MARRIED",824,254,570,0,802,248,554,0,22,6,16,0
"BALOCHISTAN","SOHBATPUR","75 & ABOVE","NEVER MARRIED",5,0,5,0,4,0,4,0,1,0,1,0
"BALOCHISTAN","SOHBATPUR","75 & ABOVE","SEPERATION",1,1,0,0,1,1,0,0,0,0,0,0
"BALOCHISTAN","SOHBATPUR","75 & ABOVE","WIDOWED",503,396,107,0,471,375,96,0,32,21,11,0
"BALOCHISTAN","SURAB","15 &  ABOVE","DIVORCED",139,100,39,0,120,88,32,0,19,12,7,0
"BALOCHISTAN","SURAB","15 &  ABOVE","MARRIED",95493,48921,46572,0,83325,42671,40654,0,12168,6250,5918,0
"BALOCHISTAN","SURAB","15 &  ABOVE","NEVER MARRIED",29817,13004,16795,18,25515,10790,14707,18,4302,2214,2088,0
"BALOCHISTAN","SURAB","15 &  ABOVE","SEPERATION",97,51,46,0,86,46,40,0,11,5,6,0
"BALOCHISTAN","SURAB","15 &  ABOVE","WIDOWED",2068,1591,477,0,1725,1304,421,0,343,287,56,0
"BALOCHISTAN","SURAB","15 - 19","DIVORCED",6,5,1,0,6,5,1,0,0,0,0,0
"BALOCHISTAN","SURAB","15 - 19","MARRIED",10571,6178,4393,0,9560,5556,4004,0,1011,622,389,0
"BALOCHISTAN","SURAB","15 - 19","NEVER MARRIED",20988,9167,11808,13,18259,7776,10470,13,2729,1391,1338,0
"BALOCHISTAN","SURAB","15 - 19","SEPERATION",9,3,6,0,9,3,6,0,0,0,0,0
"BALOCHISTAN","SURAB","15 - 19","WIDOWED",16,6,10,0,15,5,10,0,1,1,0,0
"BALOCHISTAN","SURAB","20 - 24","DIVORCED",17,10,7,0,17,10,7,0,0,0,0,0
"BALOCHISTAN","SURAB","20 - 24","MARRIED",18192,9963,8229,0,16069,8719,7350,0,2123,1244,879,0
"BALOCHISTAN","SURAB","20 - 24","NEVER MARRIED",5807,2447,3360,0,4896,2003,2893,0,911,444,467,0
"BALOCHISTAN","SURAB","20 - 24","SEPERATION",9,2,7,0,9,2,7,0,0,0,0,0
"BALOCHISTAN","SURAB","20 - 24","WIDOWED",72,31,41,0,64,27,37,0,8,4,4,0
"BALOCHISTAN","SURAB","25 - 29","DIVORCED",25,20,5,0,20,17,3,0,5,3,2,0
"BALOCHISTAN","SURAB","25 - 29","MARRIED",15514,7919,7595,0,13395,6808,6587,0,2119,1111,1008,0
"BALOCHISTAN","SURAB","25 - 29","NEVER MARRIED",1842,879,963,0,1478,672,806,0,364,207,157,0
"BALOCHISTAN","SURAB","25 - 29","SEPERATION",13,9,4,0,13,9,4,0,0,0,0,0
"BALOCHISTAN","SURAB","25 - 29","WIDOWED",85,53,32,0,79,49,30,0,6,4,2,0
"BALOCHISTAN","SURAB","30 - 34","DIVORCED",21,16,5,0,18,14,4,0,3,2,1,0
"BALOCHISTAN","SURAB","30 - 34","MARRIED",12094,6417,5677,0,10489,5608,4881,0,1605,809,796,0
"BALOCHISTAN","SURAB","30 - 34","NEVER MARRIED",616,302,309,5,472,209,258,5,144,93,51,0
"BALOCHISTAN","SURAB","30 - 34","SEPERATION",17,10,7,0,16,10,6,0,1,0,1,0
"BALOCHISTAN","SURAB","30 - 34","WIDOWED",103,74,29,0,87,62,25,0,16,12,4,0
"BALOCHISTAN","SURAB","35 - 39","DIVORCED",24,16,8,0,22,14,8,0,2,2,0,0
"BALOCHISTAN","SURAB","35 - 39","MARRIED",11028,5529,5499,0,9522,4802,4720,0,1506,727,779,0
"BALOCHISTAN","SURAB","35 - 39","NEVER MARRIED",286,111,175,0,215,69,146,0,71,42,29,0
"BALOCHISTAN","SURAB","35 - 39","SEPERATION",8,6,2,0,6,5,1,0,2,1,1,0
"BALOCHISTAN","SURAB","35 - 39","WIDOWED",170,135,35,0,147,117,30,0,23,18,5,0
"BALOCHISTAN","SURAB","40 - 44","DIVORCED",13,12,1,0,11,10,1,0,2,2,0,0
"BALOCHISTAN","SURAB","40 - 44","MARRIED",8875,4254,4621,0,7724,3715,4009,0,1151,539,612,0
"BALOCHISTAN","SURAB","40 - 44","NEVER MARRIED",115,45,70,0,97,36,61,0,18,9,9,0
"BALOCHISTAN","SURAB","40 - 44","SEPERATION",10,4,6,0,10,4,6,0,0,0,0,0
"BALOCHISTAN","SURAB","40 - 44","WIDOWED",201,164,37,0,179,145,34,0,22,19,3,0
"BALOCHISTAN","SURAB","45 - 49","DIVORCED",13,11,2,0,11,9,2,0,2,2,0,0
"BALOCHISTAN","SURAB","45 - 49","MARRIED",5647,2615,3032,0,4894,2262,2632,0,753,353,400,0
"BALOCHISTAN","SURAB","45 - 49","NEVER MARRIED",59,17,42,0,49,15,34,0,10,2,8,0
"BALOCHISTAN","SURAB","45 - 49","SEPERATION",8,3,5,0,8,3,5,0,0,0,0,0
"BALOCHISTAN","SURAB","45 - 49","WIDOWED",171,140,31,0,138,111,27,0,33,29,4,0
"BALOCHISTAN","SURAB","50 - 54","DIVORCED",5,3,2,0,4,2,2,0,1,1,0,0
"BALOCHISTAN","SURAB","50 - 54","MARRIED",4491,2214,2277,0,3839,1905,1934,0,652,309,343,0
"BALOCHISTAN","SURAB","50 - 54","NEVER MARRIED",14,4,10,0,13,3,10,0,1,1,0,0
"BALOCHISTAN","SURAB","50 - 54","SEPERATION",5,2,3,0,4,2,2,0,1,0,1,0
"BALOCHISTAN","SURAB","50 - 54","WIDOWED",248,209,39,0,201,164,37,0,47,45,2,0
"BALOCHISTAN","SURAB","55 - 59","DIVORCED",5,3,2,0,5,3,2,0,0,0,0,0
"BALOCHISTAN","SURAB","55 - 59","MARRIED",3188,1476,1712,0,2740,1278,1462,0,448,198,250,0
"BALOCHISTAN","SURAB","55 - 59","NEVER MARRIED",34,14,20,0,13,2,11,0,21,12,9,0
"BALOCHISTAN","SURAB","55 - 59","SEPERATION",6,5,1,0,4,4,0,0,2,1,1,0
"BALOCHISTAN","SURAB","55 - 59","WIDOWED",230,195,35,0,190,162,28,0,40,33,7,0
"BALOCHISTAN","SURAB","60 - 64","DIVORCED",4,2,2,0,3,2,1,0,1,0,1,0
"BALOCHISTAN","SURAB","60 - 64","MARRIED",2369,971,1398,0,2050,833,1217,0,319,138,181,0
"BALOCHISTAN","SURAB","60 - 64","NEVER MARRIED",31,8,23,0,11,2,9,0,20,6,14,0
"BALOCHISTAN","SURAB","60 - 64","SEPERATION",5,3,2,0,3,2,1,0,2,1,1,0
"BALOCHISTAN","SURAB","60 - 64","WIDOWED",212,181,31,0,158,132,26,0,54,49,5,0
"BALOCHISTAN","SURAB","65 - 69","DIVORCED",1,0,1,0,0,0,0,0,1,0,1,0
"BALOCHISTAN","SURAB","65 - 69","MARRIED",1557,653,904,0,1330,558,772,0,227,95,132,0
"BALOCHISTAN","SURAB","65 - 69","NEVER MARRIED",11,4,7,0,3,0,3,0,8,4,4,0
"BALOCHISTAN","SURAB","65 - 69","SEPERATION",2,2,0,0,1,1,0,0,1,1,0,0
"BALOCHISTAN","SURAB","65 - 69","WIDOWED",179,144,35,0,141,111,30,0,38,33,5,0
"BALOCHISTAN","SURAB","70 - 74","DIVORCED",2,1,1,0,1,1,0,0,1,0,1,0
"BALOCHISTAN","SURAB","70 - 74","MARRIED",1076,421,655,0,919,353,566,0,157,68,89,0
"BALOCHISTAN","SURAB","70 - 74","NEVER MARRIED",7,4,3,0,3,2,1,0,4,2,2,0
"BALOCHISTAN","SURAB","70 - 74","SEPERATION",2,1,1,0,2,1,1,0,0,0,0,0
"BALOCHISTAN","SURAB","70 - 74","WIDOWED",190,142,48,0,160,116,44,0,30,26,4,0
"BALOCHISTAN","SURAB","75 & ABOVE","DIVORCED",3,1,2,0,2,1,1,0,1,0,1,0
"BALOCHISTAN","SURAB","75 & ABOVE","MARRIED",891,311,580,0,794,274,520,0,97,37,60,0
"BALOCHISTAN","SURAB","75 & ABOVE","NEVER MARRIED",7,2,5,0,6,1,5,0,1,1,0,0
"BALOCHISTAN","SURAB","75 & ABOVE","SEPERATION",3,1,2,0,1,0,1,0,2,1,1,0
"BALOCHISTAN","SURAB","75 & ABOVE","WIDOWED",191,117,74,0,166,103,63,0,25,14,11,0
"BALOCHISTAN","WASHUK","15 &  ABOVE","DIVORCED",172,136,36,0,145,113,32,0,27,23,4,0
"BALOCHISTAN","WASHUK","15 &  ABOVE","MARRIED",98740,49828,48912,0,85288,42923,42365,0,13452,6905,6547,0
"BALOCHISTAN","WASHUK","15 &  ABOVE","NEVER MARRIED",34920,14050,20848,22,30636,12259,18355,22,4284,1791,2493,0
"BALOCHISTAN","WASHUK","15 &  ABOVE","SEPERATION",126,48,78,0,116,42,74,0,10,6,4,0
"BALOCHISTAN","WASHUK","15 &  ABOVE","WIDOWED",2247,1660,587,0,1944,1427,517,0,303,233,70,0
"BALOCHISTAN","WASHUK","15 - 19","DIVORCED",6,6,0,0,4,4,0,0,2,2,0,0
"BALOCHISTAN","WASHUK","15 - 19","MARRIED",10952,6222,4730,0,9768,5497,4271,0,1184,725,459,0
"BALOCHISTAN","WASHUK","15 - 19","NEVER MARRIED",24206,9499,14698,9,21292,8317,12966,9,2914,1182,1732,0
"BALOCHISTAN","WASHUK","15 - 19","SEPERATION",21,4,17,0,19,3,16,0,2,1,1,0
"BALOCHISTAN","WASHUK","15 - 19","WIDOWED",24,12,12,0,20,10,10,0,4,2,2,0
"BALOCHISTAN","WASHUK","20 - 24","DIVORCED",15,14,1,0,11,10,1,0,4,4,0,0
"BALOCHISTAN","WASHUK","20 - 24","MARRIED",14728,8300,6428,0,12226,6882,5344,0,2502,1418,1084,0
"BALOCHISTAN","WASHUK","20 - 24","NEVER MARRIED",6272,2667,3601,4,5473,2321,3148,4,799,346,453,0
"BALOCHISTAN","WASHUK","20 - 24","SEPERATION",15,7,8,0,15,7,8,0,0,0,0,0
"BALOCHISTAN","WASHUK","20 - 24","WIDOWED",33,23,10,0,29,21,8,0,4,2,2,0
"BALOCHISTAN","WASHUK","25 - 29","DIVORCED",30,25,5,0,21,18,3,0,9,7,2,0
"BALOCHISTAN","WASHUK","25 - 29","MARRIED",15964,8225,7739,0,13551,6986,6565,0,2413,1239,1174,0
"BALOCHISTAN","WASHUK","25 - 29","NEVER MARRIED",2370,947,1419,4,2045,795,1246,4,325,152,173,0
"BALOCHISTAN","WASHUK","25 - 29","SEPERATION",19,6,13,0,18,5,13,0,1,1,0,0
"BALOCHISTAN","WASHUK","25 - 29","WIDOWED",70,47,23,0,59,40,19,0,11,7,4,0
"BALOCHISTAN","WASHUK","30 - 34","DIVORCED",20,17,3,0,18,16,2,0,2,1,1,0
"BALOCHISTAN","WASHUK","30 - 34","MARRIED",13159,6989,6170,0,11326,6057,5269,0,1833,932,901,0
"BALOCHISTAN","WASHUK","30 - 34","NEVER MARRIED",1017,470,546,1,880,402,477,1,137,68,69,0
"BALOCHISTAN","WASHUK","30 - 34","SEPERATION",9,5,4,0,7,4,3,0,2,1,1,0
"BALOCHISTAN","WASHUK","30 - 34","WIDOWED",89,69,20,0,74,56,18,0,15,13,2,0
"BALOCHISTAN","WASHUK","35 - 39","DIVORCED",21,17,4,0,19,15,4,0,2,2,0,0
"BALOCHISTAN","WASHUK","35 - 39","MARRIED",12143,6147,5996,0,10799,5498,5301,0,1344,649,695,0
"BALOCHISTAN","WASHUK","35 - 39","NEVER MARRIED",536,257,279,0,470,231,239,0,66,26,40,0
"BALOCHISTAN","WASHUK","35 - 39","SEPERATION",8,4,4,0,5,2,3,0,3,2,1,0
"BALOCHISTAN","WASHUK","35 - 39","WIDOWED",129,102,27,0,105,80,25,0,24,22,2,0
"BALOCHISTAN","WASHUK","40 - 44","DIVORCED",16,13,3,0,13,10,3,0,3,3,0,0
"BALOCHISTAN","WASHUK","40 - 44","MARRIED",9394,4231,5163,0,8373,3744,4629,0,1021,487,534,0
"BALOCHISTAN","WASHUK","40 - 44","NEVER MARRIED",263,111,151,1,238,102,135,1,25,9,16,0
"BALOCHISTAN","WASHUK","40 - 44","SEPERATION",7,3,4,0,7,3,4,0,0,0,0,0
"BALOCHISTAN","WASHUK","40 - 44","WIDOWED",180,137,43,0,153,117,36,0,27,20,7,0
"BALOCHISTAN","WASHUK","45 - 49","DIVORCED",13,11,2,0,13,11,2,0,0,0,0,0
"BALOCHISTAN","WASHUK","45 - 49","MARRIED",6586,3167,3419,0,5790,2775,3015,0,796,392,404,0
"BALOCHISTAN","WASHUK","45 - 49","NEVER MARRIED",139,55,83,1,131,51,79,1,8,4,4,0
"BALOCHISTAN","WASHUK","45 - 49","SEPERATION",7,4,3,0,7,4,3,0,0,0,0,0
"BALOCHISTAN","WASHUK","45 - 49","WIDOWED",179,132,47,0,157,112,45,0,22,20,2,0
"BALOCHISTAN","WASHUK","50 - 54","DIVORCED",12,10,2,0,10,9,1,0,2,1,1,0
"BALOCHISTAN","WASHUK","50 - 54","MARRIED",5020,2255,2765,0,4335,1913,2422,0,685,342,343,0
"BALOCHISTAN","WASHUK","50 - 54","NEVER MARRIED",62,28,32,2,60,27,31,2,2,1,1,0
"BALOCHISTAN","WASHUK","50 - 54","SEPERATION",9,4,5,0,8,3,5,0,1,1,0,0
"BALOCHISTAN","WASHUK","50 - 54","WIDOWED",269,205,64,0,240,186,54,0,29,19,10,0
"BALOCHISTAN","WASHUK","55 - 59","DIVORCED",9,8,1,0,7,6,1,0,2,2,0,0
"BALOCHISTAN","WASHUK","55 - 59","MARRIED",3577,1657,1920,0,3059,1405,1654,0,518,252,266,0
"BALOCHISTAN","WASHUK","55 - 59","NEVER MARRIED",18,5,13,0,15,4,11,0,3,1,2,0
"BALOCHISTAN","WASHUK","55 - 59","SEPERATION",8,3,5,0,8,3,5,0,0,0,0,0
"BALOCHISTAN","WASHUK","55 - 59","WIDOWED",250,185,65,0,226,167,59,0,24,18,6,0
"BALOCHISTAN","WASHUK","60 - 64","DIVORCED",12,6,6,0,11,5,6,0,1,1,0,0
"BALOCHISTAN","WASHUK","60 - 64","MARRIED",2786,1076,1710,0,2367,886,1481,0,419,190,229,0
"BALOCHISTAN","WASHUK","60 - 64","NEVER MARRIED",15,3,12,0,15,3,12,0,0,0,0,0
"BALOCHISTAN","WASHUK","60 - 64","SEPERATION",4,1,3,0,4,1,3,0,0,0,0,0
"BALOCHISTAN","WASHUK","60 - 64","WIDOWED",279,215,64,0,241,186,55,0,38,29,9,0
"BALOCHISTAN","WASHUK","65 - 69","DIVORCED",7,6,1,0,7,6,1,0,0,0,0,0
"BALOCHISTAN","WASHUK","65 - 69","MARRIED",1790,712,1078,0,1497,594,903,0,293,118,175,0
"BALOCHISTAN","WASHUK","65 - 69","NEVER MARRIED",10,4,6,0,10,4,6,0,0,0,0,0
"BALOCHISTAN","WASHUK","65 - 69","SEPERATION",4,0,4,0,3,0,3,0,1,0,1,0
"BALOCHISTAN","WASHUK","65 - 69","WIDOWED",189,144,45,0,163,123,40,0,26,21,5,0
"BALOCHISTAN","WASHUK","70 - 74","DIVORCED",3,1,2,0,3,1,2,0,0,0,0,0
"BALOCHISTAN","WASHUK","70 - 74","MARRIED",1251,428,823,0,1042,348,694,0,209,80,129,0
"BALOCHISTAN","WASHUK","70 - 74","NEVER MARRIED",6,0,6,0,4,0,4,0,2,0,2,0
"BALOCHISTAN","WASHUK","70 - 74","SEPERATION",5,3,2,0,5,3,2,0,0,0,0,0
"BALOCHISTAN","WASHUK","70 - 74","WIDOWED",228,164,64,0,196,135,61,0,32,29,3,0
"BALOCHISTAN","WASHUK","75 & ABOVE","DIVORCED",8,2,6,0,8,2,6,0,0,0,0,0
"BALOCHISTAN","WASHUK","75 & ABOVE","MARRIED",1390,419,971,0,1155,338,817,0,235,81,154,0
"BALOCHISTAN","WASHUK","75 & ABOVE","NEVER MARRIED",6,4,2,0,3,2,1,0,3,2,1,0
"BALOCHISTAN","WASHUK","75 & ABOVE","SEPERATION",10,4,6,0,10,4,6,0,0,0,0,0
"BALOCHISTAN","WASHUK","75 & ABOVE","WIDOWED",328,225,103,0,281,194,87,0,47,31,16,0
"BALOCHISTAN","ZHOB","15 &  ABOVE","DIVORCED",72,65,7,0,59,53,6,0,13,12,1,0
"BALOCHISTAN","ZHOB","15 &  ABOVE","MARRIED",100139,50840,49299,0,87276,44495,42781,0,12863,6345,6518,0
"BALOCHISTAN","ZHOB","15 &  ABOVE","NEVER MARRIED",42689,16512,26173,4,35449,13622,21823,4,7240,2890,4350,0
"BALOCHISTAN","ZHOB","15 &  ABOVE","SEPERATION",108,71,37,0,89,57,32,0,19,14,5,0
"BALOCHISTAN","ZHOB","15 &  ABOVE","WIDOWED",2334,1967,367,0,1740,1484,256,0,594,483,111,0
"BALOCHISTAN","ZHOB","15 - 19","DIVORCED",1,1,0,0,1,1,0,0,0,0,0,0
"BALOCHISTAN","ZHOB","15 - 19","MARRIED",5740,3600,2140,0,5402,3366,2036,0,338,234,104,0
"BALOCHISTAN","ZHOB","15 - 19","NEVER MARRIED",27486,11125,16357,4,23551,9481,14066,4,3935,1644,2291,0
"BALOCHISTAN","ZHOB","15 - 19","SEPERATION",3,2,1,0,1,1,0,0,2,1,1,0
"BALOCHISTAN","ZHOB","15 - 19","WIDOWED",5,2,3,0,5,2,3,0,0,0,0,0
"BALOCHISTAN","ZHOB","20 - 24","DIVORCED",14,14,0,0,13,13,0,0,1,1,0,0
"BALOCHISTAN","ZHOB","20 - 24","MARRIED",12193,7396,4797,0,10871,6517,4354,0,1322,879,443,0
"BALOCHISTAN","ZHOB","20 - 24","NEVER MARRIED",9848,3571,6277,0,7909,2802,5107,0,1939,769,1170,0
"BALOCHISTAN","ZHOB","20 - 24","SEPERATION",20,14,6,0,18,13,5,0,2,1,1,0
"BALOCHISTAN","ZHOB","20 - 24","WIDOWED",48,32,16,0,44,29,15,0,4,3,1,0
"BALOCHISTAN","ZHOB","25 - 29","DIVORCED",16,15,1,0,14,13,1,0,2,2,0,0
"BALOCHISTAN","ZHOB","25 - 29","MARRIED",14702,8003,6699,0,12847,6968,5879,0,1855,1035,820,0
"BALOCHISTAN","ZHOB","25 - 29","NEVER MARRIED",3405,1081,2324,0,2596,814,1782,0,809,267,542,0
"BALOCHISTAN","ZHOB","25 - 29","SEPERATION",21,17,4,0,21,17,4,0,0,0,0,0
"BALOCHISTAN","ZHOB","25 - 29","WIDOWED",64,45,19,0,49,32,17,0,15,13,2,0
"BALOCHISTAN","ZHOB","30 - 34","DIVORCED",8,7,1,0,4,4,0,0,4,3,1,0
"BALOCHISTAN","ZHOB","30 - 34","MARRIED",15351,8333,7018,0,13279,7262,6017,0,2072,1071,1001,0
"BALOCHISTAN","ZHOB","30 - 34","NEVER MARRIED",1226,434,792,0,898,324,574,0,328,110,218,0
"BALOCHISTAN","ZHOB","30 - 34","SEPERATION",8,2,6,0,7,2,5,0,1,0,1,0
"BALOCHISTAN","ZHOB","30 - 34","WIDOWED",88,65,23,0,68,54,14,0,20,11,9,0
"BALOCHISTAN","ZHOB","35 - 39","DIVORCED",7,5,2,0,6,4,2,0,1,1,0,0
"BALOCHISTAN","ZHOB","35 - 39","MARRIED",13119,6377,6742,0,11322,5538,5784,0,1797,839,958,0
"BALOCHISTAN","ZHOB","35 - 39","NEVER MARRIED",395,157,238,0,271,105,166,0,124,52,72,0
"BALOCHISTAN","ZHOB","35 - 39","SEPERATION",10,7,3,0,10,7,3,0,0,0,0,0
"BALOCHISTAN","ZHOB","35 - 39","WIDOWED",90,76,14,0,71,60,11,0,19,16,3,0
"BALOCHISTAN","ZHOB","40 - 44","DIVORCED",13,12,1,0,12,11,1,0,1,1,0,0
"BALOCHISTAN","ZHOB","40 - 44","MARRIED",10553,4963,5590,0,9018,4258,4760,0,1535,705,830,0
"BALOCHISTAN","ZHOB","40 - 44","NEVER MARRIED",135,67,68,0,93,45,48,0,42,22,20,0
"BALOCHISTAN","ZHOB","40 - 44","SEPERATION",10,7,3,0,7,5,2,0,3,2,1,0
"BALOCHISTAN","ZHOB","40 - 44","WIDOWED",156,136,20,0,118,101,17,0,38,35,3,0
"BALOCHISTAN","ZHOB","45 - 49","DIVORCED",5,5,0,0,3,3,0,0,2,2,0,0
"BALOCHISTAN","ZHOB","45 - 49","MARRIED",7457,3598,3859,0,6328,3100,3228,0,1129,498,631,0
"BALOCHISTAN","ZHOB","45 - 49","NEVER MARRIED",68,28,40,0,37,15,22,0,31,13,18,0
"BALOCHISTAN","ZHOB","45 - 49","SEPERATION",9,7,2,0,6,4,2,0,3,3,0,0
"BALOCHISTAN","ZHOB","45 - 49","WIDOWED",160,149,11,0,109,102,7,0,51,47,4,0
"BALOCHISTAN","ZHOB","50 - 54","DIVORCED",4,3,1,0,3,2,1,0,1,1,0,0
"BALOCHISTAN","ZHOB","50 - 54","MARRIED",6482,2981,3501,0,5571,2565,3006,0,911,416,495,0
"BALOCHISTAN","ZHOB","50 - 54","NEVER MARRIED",49,24,25,0,40,19,21,0,9,5,4,0
"BALOCHISTAN","ZHOB","50 - 54","SEPERATION",4,4,0,0,1,1,0,0,3,3,0,0
"BALOCHISTAN","ZHOB","50 - 54","WIDOWED",263,225,38,0,198,171,27,0,65,54,11,0
"BALOCHISTAN","ZHOB","55 - 59","DIVORCED",2,1,1,0,2,1,1,0,0,0,0,0
"BALOCHISTAN","ZHOB","55 - 59","MARRIED",4988,2058,2930,0,4242,1786,2456,0,746,272,474,0
"BALOCHISTAN","ZHOB","55 - 59","NEVER MARRIED",38,15,23,0,27,9,18,0,11,6,5,0
"BALOCHISTAN","ZHOB","55 - 59","SEPERATION",6,3,3,0,3,1,2,0,3,2,1,0
"BALOCHISTAN","ZHOB","55 - 59","WIDOWED",249,223,26,0,177,161,16,0,72,62,10,0
"BALOCHISTAN","ZHOB","60 - 64","DIVORCED",1,1,0,0,0,0,0,0,1,1,0,0
"BALOCHISTAN","ZHOB","60 - 64","MARRIED",3677,1453,2224,0,3207,1280,1927,0,470,173,297,0
"BALOCHISTAN","ZHOB","60 - 64","NEVER MARRIED",27,7,20,0,16,6,10,0,11,1,10,0
"BALOCHISTAN","ZHOB","60 - 64","SEPERATION",4,2,2,0,3,1,2,0,1,1,0,0
"BALOCHISTAN","ZHOB","60 - 64","WIDOWED",300,253,47,0,218,187,31,0,82,66,16,0
"BALOCHISTAN","ZHOB","65 - 69","DIVORCED",0,0,0,0,0,0,0,0,0,0,0,0
"BALOCHISTAN","ZHOB","65 - 69","MARRIED",2296,860,1436,0,2011,776,1235,0,285,84,201,0
"BALOCHISTAN","ZHOB","65 - 69","NEVER MARRIED",6,1,5,0,5,0,5,0,1,1,0,0
"BALOCHISTAN","ZHOB","65 - 69","SEPERATION",3,2,1,0,3,2,1,0,0,0,0,0
"BALOCHISTAN","ZHOB","65 - 69","WIDOWED",239,202,37,0,178,156,22,0,61,46,15,0
"BALOCHISTAN","ZHOB","70 - 74","DIVORCED",1,1,0,0,1,1,0,0,0,0,0,0
"BALOCHISTAN","ZHOB","70 - 74","MARRIED",1747,636,1111,0,1528,552,976,0,219,84,135,0
"BALOCHISTAN","ZHOB","70 - 74","NEVER MARRIED",1,1,0,0,1,1,0,0,0,0,0,0
"BALOCHISTAN","ZHOB","70 - 74","SEPERATION",3,0,3,0,3,0,3,0,0,0,0,0
"BALOCHISTAN","ZHOB","70 - 74","WIDOWED",284,242,42,0,219,191,28,0,65,51,14,0
"BALOCHISTAN","ZHOB","75 & ABOVE","DIVORCED",0,0,0,0,0,0,0,0,0,0,0,0
"BALOCHISTAN","ZHOB","75 & ABOVE","MARRIED",1834,582,1252,0,1650,527,1123,0,184,55,129,0
"BALOCHISTAN","ZHOB","75 & ABOVE","NEVER MARRIED",5,1,4,0,5,1,4,0,0,0,0,0
"BALOCHISTAN","ZHOB","75 & ABOVE","SEPERATION",7,4,3,0,6,3,3,0,1,1,0,0
"BALOCHISTAN","ZHOB","75 & ABOVE","WIDOWED",388,317,71,0,286,238,48,0,102,79,23,0
"BALOCHISTAN","ZIARAT","15 &  ABOVE","DIVORCED",40,34,6,0,27,23,4,0,13,11,2,0
"BALOCHISTAN","ZIARAT","15 &  ABOVE","MARRIED",50079,25590,24489,0,37743,19263,18480,0,12336,6327,6009,0
"BALOCHISTAN","ZIARAT","15 &  ABOVE","NEVER MARRIED",32189,14701,17483,5,22721,10661,12056,4,9468,4040,5427,1
"BALOCHISTAN","ZIARAT","15 &  ABOVE","SEPERATION",21,12,9,0,14,11,3,0,7,1,6,0
"BALOCHISTAN","ZIARAT","15 &  ABOVE","WIDOWED",1848,1585,263,0,1341,1139,202,0,507,446,61,0
"BALOCHISTAN","ZIARAT","15 - 19","DIVORCED",0,0,0,0,0,0,0,0,0,0,0,0
"BALOCHISTAN","ZIARAT","15 - 19","MARRIED",1680,1083,597,0,1254,809,445,0,426,274,152,0
"BALOCHISTAN","ZIARAT","15 - 19","NEVER MARRIED",16828,7839,8986,3,12065,5657,6406,2,4763,2182,2580,1
"BALOCHISTAN","ZIARAT","15 - 19","SEPERATION",4,2,2,0,3,2,1,0,1,0,1,0
"BALOCHISTAN","ZIARAT","15 - 19","WIDOWED",3,3,0,0,3,3,0,0,0,0,0,0
"BALOCHISTAN","ZIARAT","20 - 24","DIVORCED",2,2,0,0,0,0,0,0,2,2,0,0
"BALOCHISTAN","ZIARAT","20 - 24","MARRIED",5202,3219,1983,0,4069,2544,1525,0,1133,675,458,0
"BALOCHISTAN","ZIARAT","20 - 24","NEVER MARRIED",8151,3533,4618,0,5696,2594,3102,0,2455,939,1516,0
"BALOCHISTAN","ZIARAT","20 - 24","SEPERATION",6,2,4,0,3,2,1,0,3,0,3,0
"BALOCHISTAN","ZIARAT","20 - 24","WIDOWED",10,10,0,0,9,9,0,0,1,1,0,0
"BALOCHISTAN","ZIARAT","25 - 29","DIVORCED",4,4,0,0,3,3,0,0,1,1,0,0
"BALOCHISTAN","ZIARAT","25 - 29","MARRIED",6512,3527,2985,0,5020,2682,2338,0,1492,845,647,0
"BALOCHISTAN","ZIARAT","25 - 29","NEVER MARRIED",3789,1645,2144,0,2589,1167,1422,0,1200,478,722,0
"BALOCHISTAN","ZIARAT","25 - 29","SEPERATION",2,1,1,0,2,1,1,0,0,0,0,0
"BALOCHISTAN","ZIARAT","25 - 29","WIDOWED",17,13,4,0,14,11,3,0,3,2,1,0
"BALOCHISTAN","ZIARAT","30 - 34","DIVORCED",7,5,2,0,4,4,0,0,3,1,2,0
"BALOCHISTAN","ZIARAT","30 - 34","MARRIED",7417,4049,3368,0,5561,3037,2524,0,1856,1012,844,0
"BALOCHISTAN","ZIARAT","30 - 34","NEVER MARRIED",1874,984,890,0,1334,731,603,0,540,253,287,0
"BALOCHISTAN","ZIARAT","30 - 34","SEPERATION",0,0,0,0,0,0,0,0,0,0,0,0
"BALOCHISTAN","ZIARAT","30 - 34","WIDOWED",26,20,6,0,22,18,4,0,4,2,2,0
"BALOCHISTAN","ZIARAT","35 - 39","DIVORCED",5,5,0,0,4,4,0,0,1,1,0,0
"BALOCHISTAN","ZIARAT","35 - 39","MARRIED",6981,3625,3356,0,5164,2679,2485,0,1817,946,871,0
"BALOCHISTAN","ZIARAT","35 - 39","NEVER MARRIED",698,315,383,0,475,229,246,0,223,86,137,0
"BALOCHISTAN","ZIARAT","35 - 39","SEPERATION",0,0,0,0,0,0,0,0,0,0,0,0
"BALOCHISTAN","ZIARAT","35 - 39","WIDOWED",51,43,8,0,39,32,7,0,12,11,1,0
"BALOCHISTAN","ZIARAT","40 - 44","DIVORCED",8,7,1,0,7,6,1,0,1,1,0,0
"BALOCHISTAN","ZIARAT","40 - 44","MARRIED",6708,3265,3443,0,5045,2435,2610,0,1663,830,833,0
"BALOCHISTAN","ZIARAT","40 - 44","NEVER MARRIED",363,179,184,0,234,127,107,0,129,52,77,0
"BALOCHISTAN","ZIARAT","40 - 44","SEPERATION",0,0,0,0,0,0,0,0,0,0,0,0
"BALOCHISTAN","ZIARAT","40 - 44","WIDOWED",101,86,15,0,69,58,11,0,32,28,4,0
"BALOCHISTAN","ZIARAT","45 - 49","DIVORCED",4,3,1,0,1,0,1,0,3,3,0,0
"BALOCHISTAN","ZIARAT","45 - 49","MARRIED",4178,1988,2190,0,3073,1458,1615,0,1105,530,575,0
"BALOCHISTAN","ZIARAT","45 - 49","NEVER MARRIED",166,66,100,0,95,43,52,0,71,23,48,0
"BALOCHISTAN","ZIARAT","45 - 49","SEPERATION",0,0,0,0,0,0,0,0,0,0,0,0
"BALOCHISTAN","ZIARAT","45 - 49","WIDOWED",107,99,8,0,76,69,7,0,31,30,1,0
"BALOCHISTAN","ZIARAT","50 - 54","DIVORCED",3,3,0,0,3,3,0,0,0,0,0,0
"BALOCHISTAN","ZIARAT","50 - 54","MARRIED",3832,1827,2005,0,2835,1350,1485,0,997,477,520,0
"BALOCHISTAN","ZIARAT","50 - 54","NEVER MARRIED",98,39,59,0,62,29,33,0,36,10,26,0
"BALOCHISTAN","ZIARAT","50 - 54","SEPERATION",1,1,0,0,1,1,0,0,0,0,0,0
"BALOCHISTAN","ZIARAT","50 - 54","WIDOWED",218,188,30,0,155,135,20,0,63,53,10,0
"BALOCHISTAN","ZIARAT","55 - 59","DIVORCED",5,4,1,0,4,3,1,0,1,1,0,0
"BALOCHISTAN","ZIARAT","55 - 59","MARRIED",2732,1149,1583,0,1989,839,1150,0,743,310,433,0
"BALOCHISTAN","ZIARAT","55 - 59","NEVER MARRIED",85,40,45,0,59,32,27,0,26,8,18,0
"BALOCHISTAN","ZIARAT","55 - 59","SEPERATION",2,2,0,0,2,2,0,0,0,0,0,0
"BALOCHISTAN","ZIARAT","55 - 59","WIDOWED",184,158,26,0,123,104,19,0,61,54,7,0
"BALOCHISTAN","ZIARAT","60 - 64","DIVORCED",1,0,1,0,1,0,1,0,0,0,0,0
"BALOCHISTAN","ZIARAT","60 - 64","MARRIED",2006,828,1178,0,1519,626,893,0,487,202,285,0
"BALOCHISTAN","ZIARAT","60 - 64","NEVER MARRIED",36,16,20,0,26,13,13,0,10,3,7,0
"BALOCHISTAN","ZIARAT","60 - 64","SEPERATION",3,3,0,0,2,2,0,0,1,1,0,0
"BALOCHISTAN","ZIARAT","60 - 64","WIDOWED",282,244,38,0,204,175,29,0,78,69,9,0
"BALOCHISTAN","ZIARAT","65 - 69","DIVORCED",1,1,0,0,0,0,0,0,1,1,0,0
"BALOCHISTAN","ZIARAT","65 - 69","MARRIED",1318,515,803,0,1018,399,619,0,300,116,184,0
"BALOCHISTAN","ZIARAT","65 - 69","NEVER MARRIED",38,17,20,1,35,16,18,1,3,1,2,0
"BALOCHISTAN","ZIARAT","65 - 69","SEPERATION",2,0,2,0,0,0,0,0,2,0,2,0
"BALOCHISTAN","ZIARAT","65 - 69","WIDOWED",260,229,31,0,200,176,24,0,60,53,7,0
"BALOCHISTAN","ZIARAT","70 - 74","DIVORCED",0,0,0,0,0,0,0,0,0,0,0,0
"BALOCHISTAN","ZIARAT","70 - 74","MARRIED",860,305,555,0,675,236,439,0,185,69,116,0
"BALOCHISTAN","ZIARAT","70 - 74","NEVER MARRIED",29,13,16,0,24,11,13,0,5,2,3,0
"BALOCHISTAN","ZIARAT","70 - 74","SEPERATION",1,1,0,0,1,1,0,0,0,0,0,0
"BALOCHISTAN","ZIARAT","70 - 74","WIDOWED",286,242,44,0,210,176,34,0,76,66,10,0
"BALOCHISTAN","ZIARAT","75 & ABOVE","DIVORCED",0,0,0,0,0,0,0,0,0,0,0,0
"BALOCHISTAN","ZIARAT","75 & ABOVE","MARRIED",653,210,443,0,521,169,352,0,132,41,91,0
"BALOCHISTAN","ZIARAT","75 & ABOVE","NEVER MARRIED",34,15,18,1,27,12,14,1,7,3,4,0
"BALOCHISTAN","ZIARAT","75 & ABOVE","SEPERATION",0,0,0,0,0,0,0,0,0,0,0,0
"BALOCHISTAN","ZIARAT","75 & ABOVE","WIDOWED",303,250,53,0,217,173,44,0,86,77,9,0
"ISLAMABAD","ISLAMABAD","15 &  ABOVE","DIVORCED",4108,3021,1087,NA,2229,1618,611,NA,1879,1403,476,NA
"ISLAMABAD","ISLAMABAD","15 &  ABOVE","MARRIED",1010012,489967,520045,NA,551818,271796,280022,NA,458194,218171,240023,NA
"ISLAMABAD","ISLAMABAD","15 &  ABOVE","NEVER MARRIED",486220,194193,291762,265,253875,101905,151921,49,232345,92288,139841,216
"ISLAMABAD","ISLAMABAD","15 &  ABOVE","SEPERATION",1369,781,588,NA,786,465,321,NA,583,316,267,NA
"ISLAMABAD","ISLAMABAD","15 &  ABOVE","WIDOWED",44414,34710,9704,NA,25512,19911,5601,NA,18902,14799,4103,NA
"ISLAMABAD","ISLAMABAD","15 - 19","DIVORCED",35,27,8,NA,24,19,5,NA,11,8,3,NA
"ISLAMABAD","ISLAMABAD","15 - 19","MARRIED",10225,7689,2536,NA,5511,4226,1285,NA,4714,3463,1251,NA
"ISLAMABAD","ISLAMABAD","15 - 19","NEVER MARRIED",210494,92635,117844,15,112363,50172,62187,4,98131,42463,55657,11
"ISLAMABAD","ISLAMABAD","15 - 19","SEPERATION",27,20,7,NA,12,9,3,NA,15,11,4,NA
"ISLAMABAD","ISLAMABAD","15 - 19","WIDOWED",25,14,11,NA,15,8,7,NA,10,6,4,NA
"ISLAMABAD","ISLAMABAD","20 - 24","DIVORCED",151,128,23,NA,87,76,11,NA,64,52,12,NA
"ISLAMABAD","ISLAMABAD","20 - 24","MARRIED",53694,37055,16639,NA,29604,20951,8653,NA,24090,16104,7986,NA
"ISLAMABAD","ISLAMABAD","20 - 24","NEVER MARRIED",147781,56852,90910,19,76996,29789,47200,7,70785,27063,43710,12
"ISLAMABAD","ISLAMABAD","20 - 24","SEPERATION",52,33,19,NA,29,20,9,NA,23,13,10,NA
"ISLAMABAD","ISLAMABAD","20 - 24","WIDOWED",125,80,45,NA,70,43,27,NA,55,37,18,NA
"ISLAMABAD","ISLAMABAD","25 - 29","DIVORCED",430,337,93,NA,262,202,60,NA,168,135,33,NA
"ISLAMABAD","ISLAMABAD","25 - 29","MARRIED",113580,66445,47135,NA,63849,38172,25677,NA,49731,28273,21458,NA
"ISLAMABAD","ISLAMABAD","25 - 29","NEVER MARRIED",77001,25453,51499,49,39298,12921,26366,11,37703,12532,25133,38
"ISLAMABAD","ISLAMABAD","25 - 29","SEPERATION",123,69,54,NA,83,48,35,NA,40,21,19,NA
"ISLAMABAD","ISLAMABAD","25 - 29","WIDOWED",339,253,86,NA,193,146,47,NA,146,107,39,NA
"ISLAMABAD","ISLAMABAD","30 - 34","DIVORCED",681,493,188,NA,399,286,113,NA,282,207,75,NA
"ISLAMABAD","ISLAMABAD","30 - 34","MARRIED",149094,77667,71427,NA,83591,43979,39612,NA,65503,33688,31815,NA
"ISLAMABAD","ISLAMABAD","30 - 34","NEVER MARRIED",27105,9274,17749,82,13574,4473,9097,4,13531,4801,8652,78
"ISLAMABAD","ISLAMABAD","30 - 34","SEPERATION",187,99,88,NA,118,60,58,NA,69,39,30,NA
"ISLAMABAD","ISLAMABAD","30 - 34","WIDOWED",685,498,187,NA,404,295,109,NA,281,203,78,NA
"ISLAMABAD","ISLAMABAD","35 - 39","DIVORCED",744,525,219,NA,402,277,125,NA,342,248,94,NA
"ISLAMABAD","ISLAMABAD","35 - 39","MARRIED",152330,75075,77255,NA,84353,42125,42228,NA,67977,32950,35027,NA
"ISLAMABAD","ISLAMABAD","35 - 39","NEVER MARRIED",11197,4131,7010,56,5604,1937,3653,14,5593,2194,3357,42
"ISLAMABAD","ISLAMABAD","35 - 39","SEPERATION",245,130,115,NA,152,85,67,NA,93,45,48,NA
"ISLAMABAD","ISLAMABAD","35 - 39","WIDOWED",1166,914,252,NA,655,524,131,NA,511,390,121,NA
"ISLAMABAD","ISLAMABAD","40 - 44","DIVORCED",678,505,173,NA,347,251,96,NA,331,254,77,NA
"ISLAMABAD","ISLAMABAD","40 - 44","MARRIED",138001,64214,73787,NA,74930,35006,39924,NA,63071,29208,33863,NA
"ISLAMABAD","ISLAMABAD","40 - 44","NEVER MARRIED",5294,2176,3099,19,2619,1016,1601,2,2675,1160,1498,17
"ISLAMABAD","ISLAMABAD","40 - 44","SEPERATION",204,117,87,NA,117,67,50,NA,87,50,37,NA
"ISLAMABAD","ISLAMABAD","40 - 44","WIDOWED",2150,1792,358,NA,1249,1036,213,NA,901,756,145,NA
"ISLAMABAD","ISLAMABAD","45 - 49","DIVORCED",489,364,125,NA,253,194,59,NA,236,170,66,NA
"ISLAMABAD","ISLAMABAD","45 - 49","MARRIED",107965,48590,59375,NA,57409,26083,31326,NA,50556,22507,28049,NA
"ISLAMABAD","ISLAMABAD","45 - 49","NEVER MARRIED",2911,1247,1653,11,1431,570,858,3,1480,677,795,8
"ISLAMABAD","ISLAMABAD","45 - 49","SEPERATION",142,98,44,NA,78,57,21,NA,64,41,23,NA
"ISLAMABAD","ISLAMABAD","45 - 49","WIDOWED",2784,2414,370,NA,1646,1447,199,NA,1138,967,171,NA
"ISLAMABAD","ISLAMABAD","50 - 54","DIVORCED",357,264,93,NA,178,132,46,NA,179,132,47,NA
"ISLAMABAD","ISLAMABAD","50 - 54","MARRIED",88012,38486,49526,NA,46690,20873,25817,NA,41322,17613,23709,NA
"ISLAMABAD","ISLAMABAD","50 - 54","NEVER MARRIED",1680,807,865,8,754,329,422,3,926,478,443,5
"ISLAMABAD","ISLAMABAD","50 - 54","SEPERATION",123,68,55,NA,57,33,24,NA,66,35,31,NA
"ISLAMABAD","ISLAMABAD","50 - 54","WIDOWED",4477,3852,625,NA,2629,2250,379,NA,1848,1602,246,NA
"ISLAMABAD","ISLAMABAD","55 - 59","DIVORCED",210,147,63,NA,113,74,39,NA,97,73,24,NA
"ISLAMABAD","ISLAMABAD","55 - 59","MARRIED",68545,28713,39832,NA,36162,15696,20466,NA,32383,13017,19366,NA
"ISLAMABAD","ISLAMABAD","55 - 59","NEVER MARRIED",1032,538,491,3,448,215,232,1,584,323,259,2
"ISLAMABAD","ISLAMABAD","55 - 59","SEPERATION",98,59,39,NA,51,33,18,NA,47,26,21,NA
"ISLAMABAD","ISLAMABAD","55 - 59","WIDOWED",4962,4149,813,NA,2898,2438,460,NA,2064,1711,353,NA
"ISLAMABAD","ISLAMABAD","60 - 64","DIVORCED",138,95,43,NA,75,50,25,NA,63,45,18,NA
"ISLAMABAD","ISLAMABAD","60 - 64","MARRIED",52747,20947,31800,NA,29101,11553,17548,NA,23646,9394,14252,NA
"ISLAMABAD","ISLAMABAD","60 - 64","NEVER MARRIED",708,435,270,3,335,207,128,NA,373,228,142,3
"ISLAMABAD","ISLAMABAD","60 - 64","SEPERATION",74,41,33,NA,37,24,13,NA,37,17,20,NA
"ISLAMABAD","ISLAMABAD","60 - 64","WIDOWED",6361,5191,1170,NA,3803,3090,713,NA,2558,2101,457,NA
"ISLAMABAD","ISLAMABAD","65 - 69","DIVORCED",87,62,25,NA,40,29,11,NA,47,33,14,NA
"ISLAMABAD","ISLAMABAD","65 - 69","MARRIED",35651,12726,22925,NA,19699,6898,12801,NA,15952,5828,10124,NA
"ISLAMABAD","ISLAMABAD","65 - 69","NEVER MARRIED",438,261,177,NA,193,104,89,NA,245,157,88,NA
"ISLAMABAD","ISLAMABAD","65 - 69","SEPERATION",39,17,22,NA,19,9,10,NA,20,8,12,NA
"ISLAMABAD","ISLAMABAD","65 - 69","WIDOWED",6134,4737,1397,NA,3547,2731,816,NA,2587,2006,581,NA
"ISLAMABAD","ISLAMABAD","70 - 74","DIVORCED",65,49,16,NA,29,18,11,NA,36,31,5,NA
"ISLAMABAD","ISLAMABAD","70 - 74","MARRIED",22584,7378,15206,NA,12236,3866,8370,NA,10348,3512,6836,NA
"ISLAMABAD","ISLAMABAD","70 - 74","NEVER MARRIED",320,222,98,NA,136,96,40,NA,184,126,58,NA
"ISLAMABAD","ISLAMABAD","70 - 74","SEPERATION",26,15,11,NA,19,12,7,NA,7,3,4,NA
"ISLAMABAD","ISLAMABAD","70 - 74","WIDOWED",6317,4662,1655,NA,3606,2615,991,NA,2711,2047,664,NA
"ISLAMABAD","ISLAMABAD","75 & ABOVE","DIVORCED",43,25,18,NA,20,10,10,NA,23,15,8,NA
"ISLAMABAD","ISLAMABAD","75 & ABOVE","MARRIED",17584,4982,12602,NA,8683,2368,6315,NA,8901,2614,6287,NA
"ISLAMABAD","ISLAMABAD","75 & ABOVE","NEVER MARRIED",259,162,97,NA,124,76,48,NA,135,86,49,NA
"ISLAMABAD","ISLAMABAD","75 & ABOVE","SEPERATION",29,15,14,NA,14,8,6,NA,15,7,8,NA
"ISLAMABAD","ISLAMABAD","75 & ABOVE","WIDOWED",8889,6154,2735,NA,4797,3288,1509,NA,4092,2866,1226,NA
"KP","ABBOTTABAD","15 &  ABOVE","DIVORCED",3504,2333,1171,NA,2793,1835,958,NA,711,498,213,NA
"KP","ABBOTTABAD","15 &  ABOVE","MARRIED",587083,301465,285618,NA,457640,235897,221743,NA,129443,65568,63875,NA
"KP","ABBOTTABAD","15 &  ABOVE","NEVER MARRIED",267311,110353,156855,103,200642,81964,118656,22,66669,28389,38199,81
"KP","ABBOTTABAD","15 &  ABOVE","SEPERATION",927,420,507,NA,744,320,424,NA,183,100,83,NA
"KP","ABBOTTABAD","15 &  ABOVE","WIDOWED",44856,35563,9293,NA,36223,28622,7601,NA,8633,6941,1692,NA
"KP","ABBOTTABAD","15 - 19","DIVORCED",30,27,3,NA,24,22,2,NA,6,5,1,NA
"KP","ABBOTTABAD","15 - 19","MARRIED",7052,5772,1280,NA,5745,4732,1013,NA,1307,1040,267,NA
"KP","ABBOTTABAD","15 - 19","NEVER MARRIED",130890,62420,68462,8,100204,47940,52262,2,30686,14480,16200,6
"KP","ABBOTTABAD","15 - 19","SEPERATION",10,5,5,NA,9,5,4,NA,1,NA,1,NA
"KP","ABBOTTABAD","15 - 19","WIDOWED",14,9,5,NA,11,8,3,NA,3,1,2,NA
"KP","ABBOTTABAD","20 - 24","DIVORCED",221,177,44,NA,190,151,39,NA,31,26,5,NA
"KP","ABBOTTABAD","20 - 24","MARRIED",38748,28940,9808,NA,31656,23674,7982,NA,7092,5266,1826,NA
"KP","ABBOTTABAD","20 - 24","NEVER MARRIED",79987,29971,49990,26,58769,21170,37596,3,21218,8801,12394,23
"KP","ABBOTTABAD","20 - 24","SEPERATION",60,37,23,NA,55,35,20,NA,5,2,3,NA
"KP","ABBOTTABAD","20 - 24","WIDOWED",114,80,34,NA,99,68,31,NA,15,12,3,NA
"KP","ABBOTTABAD","25 - 29","DIVORCED",456,319,137,NA,387,267,120,NA,69,52,17,NA
"KP","ABBOTTABAD","25 - 29","MARRIED",73097,45404,27693,NA,58472,36110,22362,NA,14625,9294,5331,NA
"KP","ABBOTTABAD","25 - 29","NEVER MARRIED",32960,9273,23674,13,24170,6402,17767,1,8790,2871,5907,12
"KP","ABBOTTABAD","25 - 29","SEPERATION",120,55,65,NA,99,44,55,NA,21,11,10,NA
"KP","ABBOTTABAD","25 - 29","WIDOWED",307,200,107,NA,267,168,99,NA,40,32,8,NA
"KP","ABBOTTABAD","30 - 34","DIVORCED",550,357,193,NA,462,293,169,NA,88,64,24,NA
"KP","ABBOTTABAD","30 - 34","MARRIED",84707,46700,38007,NA,66447,36530,29917,NA,18260,10170,8090,NA
"KP","ABBOTTABAD","30 - 34","NEVER MARRIED",11202,3297,7890,15,8268,2399,5866,3,2934,898,2024,12
"KP","ABBOTTABAD","30 - 34","SEPERATION",125,55,70,NA,106,47,59,NA,19,8,11,NA
"KP","ABBOTTABAD","30 - 34","WIDOWED",565,422,143,NA,472,346,126,NA,93,76,17,NA
"KP","ABBOTTABAD","35 - 39","DIVORCED",569,374,195,NA,446,283,163,NA,123,91,32,NA
"KP","ABBOTTABAD","35 - 39","MARRIED",86625,44897,41728,NA,66880,34566,32314,NA,19745,10331,9414,NA
"KP","ABBOTTABAD","35 - 39","NEVER MARRIED",4930,1779,3143,8,3572,1282,2289,1,1358,497,854,7
"KP","ABBOTTABAD","35 - 39","SEPERATION",140,55,85,NA,115,39,76,NA,25,16,9,NA
"KP","ABBOTTABAD","35 - 39","WIDOWED",1052,819,233,NA,824,637,187,NA,228,182,46,NA
"KP","ABBOTTABAD","40 - 44","DIVORCED",503,311,192,NA,369,221,148,NA,134,90,44,NA
"KP","ABBOTTABAD","40 - 44","MARRIED",76169,36990,39179,NA,58203,28081,30122,NA,17966,8909,9057,NA
"KP","ABBOTTABAD","40 - 44","NEVER MARRIED",2734,1178,1546,10,2088,890,1195,3,646,288,351,7
"KP","ABBOTTABAD","40 - 44","SEPERATION",125,51,74,NA,94,36,58,NA,31,15,16,NA
"KP","ABBOTTABAD","40 - 44","WIDOWED",1875,1569,306,NA,1476,1227,249,NA,399,342,57,NA
"KP","ABBOTTABAD","45 - 49","DIVORCED",354,221,133,NA,261,156,105,NA,93,65,28,NA
"KP","ABBOTTABAD","45 - 49","MARRIED",59685,27877,31808,NA,45125,21115,24010,NA,14560,6762,7798,NA
"KP","ABBOTTABAD","45 - 49","NEVER MARRIED",1624,775,843,6,1264,602,661,1,360,173,182,5
"KP","ABBOTTABAD","45 - 49","SEPERATION",108,47,61,NA,82,35,47,NA,26,12,14,NA
"KP","ABBOTTABAD","45 - 49","WIDOWED",2526,2209,317,NA,1983,1723,260,NA,543,486,57,NA
"KP","ABBOTTABAD","50 - 54","DIVORCED",287,194,93,NA,223,154,69,NA,64,40,24,NA
"KP","ABBOTTABAD","50 - 54","MARRIED",48718,22359,26359,NA,37373,17360,20013,NA,11345,4999,6346,NA
"KP","ABBOTTABAD","50 - 54","NEVER MARRIED",1029,560,461,8,793,441,348,4,236,119,113,4
"KP","ABBOTTABAD","50 - 54","SEPERATION",67,28,39,NA,53,19,34,NA,14,9,5,NA
"KP","ABBOTTABAD","50 - 54","WIDOWED",4016,3516,500,NA,3158,2758,400,NA,858,758,100,NA
"KP","ABBOTTABAD","55 - 59","DIVORCED",182,118,64,NA,146,89,57,NA,36,29,7,NA
"KP","ABBOTTABAD","55 - 59","MARRIED",39060,17413,21647,NA,30316,13635,16681,NA,8744,3778,4966,NA
"KP","ABBOTTABAD","55 - 59","NEVER MARRIED",712,371,335,6,563,300,261,2,149,71,74,4
"KP","ABBOTTABAD","55 - 59","SEPERATION",46,27,19,NA,33,16,17,NA,13,11,2,NA
"KP","ABBOTTABAD","55 - 59","WIDOWED",5008,4320,688,NA,4009,3445,564,NA,999,875,124,NA
"KP","ABBOTTABAD","60 - 64","DIVORCED",159,111,48,NA,127,91,36,NA,32,20,12,NA
"KP","ABBOTTABAD","60 - 64","MARRIED",29689,11091,18598,NA,23055,8783,14272,NA,6634,2308,4326,NA
"KP","ABBOTTABAD","60 - 64","NEVER MARRIED",501,295,206,NA,388,225,163,NA,113,70,43,NA
"KP","ABBOTTABAD","60 - 64","SEPERATION",56,32,24,NA,42,21,21,NA,14,11,3,NA
"KP","ABBOTTABAD","60 - 64","WIDOWED",6168,5165,1003,NA,4875,4065,810,NA,1293,1100,193,NA
"KP","ABBOTTABAD","65 - 69","DIVORCED",94,60,34,NA,76,53,23,NA,18,7,11,NA
"KP","ABBOTTABAD","65 - 69","MARRIED",19701,7142,12559,NA,15335,5672,9663,NA,4366,1470,2896,NA
"KP","ABBOTTABAD","65 - 69","NEVER MARRIED",337,202,135,NA,252,145,107,NA,85,57,28,NA
"KP","ABBOTTABAD","65 - 69","SEPERATION",37,11,26,NA,28,8,20,NA,9,3,6,NA
"KP","ABBOTTABAD","65 - 69","WIDOWED",5949,4753,1196,NA,4798,3843,955,NA,1151,910,241,NA
"KP","ABBOTTABAD","70 - 74","DIVORCED",56,36,20,NA,46,30,16,NA,10,6,4,NA
"KP","ABBOTTABAD","70 - 74","MARRIED",13416,4235,9181,NA,10705,3484,7221,NA,2711,751,1960,NA
"KP","ABBOTTABAD","70 - 74","NEVER MARRIED",214,126,87,1,160,89,71,NA,54,37,16,1
"KP","ABBOTTABAD","70 - 74","SEPERATION",19,10,9,NA,16,9,7,NA,3,1,2,NA
"KP","ABBOTTABAD","70 - 74","WIDOWED",6923,5296,1627,NA,5678,4335,1343,NA,1245,961,284,NA
"KP","ABBOTTABAD","75 & ABOVE","DIVORCED",43,28,15,NA,36,25,11,NA,7,3,4,NA
"KP","ABBOTTABAD","75 & ABOVE","MARRIED",10416,2645,7771,NA,8328,2155,6173,NA,2088,490,1598,NA
"KP","ABBOTTABAD","75 & ABOVE","NEVER MARRIED",191,106,83,2,151,79,70,2,40,27,13,NA
"KP","ABBOTTABAD","75 & ABOVE","SEPERATION",14,7,7,NA,12,6,6,NA,2,1,1,NA
"KP","ABBOTTABAD","75 & ABOVE","WIDOWED",10339,7205,3134,NA,8573,5999,2574,NA,1766,1206,560,NA
"KP","BAJAUR","15 &  ABOVE","DIVORCED",137,121,16,NA,137,121,16,NA,NA,NA,NA,NA
"KP","BAJAUR","15 &  ABOVE","MARRIED",477708,243923,233785,NA,477708,243923,233785,NA,NA,NA,NA,NA
"KP","BAJAUR","15 &  ABOVE","NEVER MARRIED",150517,61976,88530,11,150517,61976,88530,11,NA,NA,NA,NA
"KP","BAJAUR","15 &  ABOVE","SEPERATION",360,264,96,NA,360,264,96,NA,NA,NA,NA,NA
"KP","BAJAUR","15 &  ABOVE","WIDOWED",10850,9415,1435,NA,10850,9415,1435,NA,NA,NA,NA,NA
"KP","BAJAUR","15 - 19","DIVORCED",7,3,4,NA,7,3,4,NA,NA,NA,NA,NA
"KP","BAJAUR","15 - 19","MARRIED",20583,14906,5677,NA,20583,14906,5677,NA,NA,NA,NA,NA
"KP","BAJAUR","15 - 19","NEVER MARRIED",104300,46590,57705,5,104300,46590,57705,5,NA,NA,NA,NA
"KP","BAJAUR","15 - 19","SEPERATION",25,13,12,NA,25,13,12,NA,NA,NA,NA,NA
"KP","BAJAUR","15 - 19","WIDOWED",18,11,7,NA,18,11,7,NA,NA,NA,NA,NA
"KP","BAJAUR","20 - 24","DIVORCED",15,13,2,NA,15,13,2,NA,NA,NA,NA,NA
"KP","BAJAUR","20 - 24","MARRIED",68555,42428,26127,NA,68555,42428,26127,NA,NA,NA,NA,NA
"KP","BAJAUR","20 - 24","NEVER MARRIED",33413,8796,24614,3,33413,8796,24614,3,NA,NA,NA,NA
"KP","BAJAUR","20 - 24","SEPERATION",28,10,18,NA,28,10,18,NA,NA,NA,NA,NA
"KP","BAJAUR","20 - 24","WIDOWED",88,70,18,NA,88,70,18,NA,NA,NA,NA,NA
"KP","BAJAUR","25 - 29","DIVORCED",19,16,3,NA,19,16,3,NA,NA,NA,NA,NA
"KP","BAJAUR","25 - 29","MARRIED",77419,39644,37775,NA,77419,39644,37775,NA,NA,NA,NA,NA
"KP","BAJAUR","25 - 29","NEVER MARRIED",8375,3167,5206,2,8375,3167,5206,2,NA,NA,NA,NA
"KP","BAJAUR","25 - 29","SEPERATION",20,12,8,NA,20,12,8,NA,NA,NA,NA,NA
"KP","BAJAUR","25 - 29","WIDOWED",154,129,25,NA,154,129,25,NA,NA,NA,NA,NA
"KP","BAJAUR","30 - 34","DIVORCED",18,17,1,NA,18,17,1,NA,NA,NA,NA,NA
"KP","BAJAUR","30 - 34","MARRIED",75471,36685,38786,NA,75471,36685,38786,NA,NA,NA,NA,NA
"KP","BAJAUR","30 - 34","NEVER MARRIED",2419,2331,88,NA,2419,2331,88,NA,NA,NA,NA,NA
"KP","BAJAUR","30 - 34","SEPERATION",26,17,9,NA,26,17,9,NA,NA,NA,NA,NA
"KP","BAJAUR","30 - 34","WIDOWED",250,222,28,NA,250,222,28,NA,NA,NA,NA,NA
"KP","BAJAUR","35 - 39","DIVORCED",20,19,1,NA,20,19,1,NA,NA,NA,NA,NA
"KP","BAJAUR","35 - 39","MARRIED",59994,27543,32451,NA,59994,27543,32451,NA,NA,NA,NA,NA
"KP","BAJAUR","35 - 39","NEVER MARRIED",972,501,471,NA,972,501,471,NA,NA,NA,NA,NA
"KP","BAJAUR","35 - 39","SEPERATION",28,27,1,NA,28,27,1,NA,NA,NA,NA,NA
"KP","BAJAUR","35 - 39","WIDOWED",371,349,22,NA,371,349,22,NA,NA,NA,NA,NA
"KP","BAJAUR","40 - 44","DIVORCED",18,15,3,NA,18,15,3,NA,NA,NA,NA,NA
"KP","BAJAUR","40 - 44","MARRIED",45329,22173,23156,NA,45329,22173,23156,NA,NA,NA,NA,NA
"KP","BAJAUR","40 - 44","NEVER MARRIED",465,260,205,NA,465,260,205,NA,NA,NA,NA,NA
"KP","BAJAUR","40 - 44","SEPERATION",29,28,1,NA,29,28,1,NA,NA,NA,NA,NA
"KP","BAJAUR","40 - 44","WIDOWED",595,555,40,NA,595,555,40,NA,NA,NA,NA,NA
"KP","BAJAUR","45 - 49","DIVORCED",17,16,1,NA,17,16,1,NA,NA,NA,NA,NA
"KP","BAJAUR","45 - 49","MARRIED",35631,17293,18338,NA,35631,17293,18338,NA,NA,NA,NA,NA
"KP","BAJAUR","45 - 49","NEVER MARRIED",238,127,111,NA,238,127,111,NA,NA,NA,NA,NA
"KP","BAJAUR","45 - 49","SEPERATION",40,36,4,NA,40,36,4,NA,NA,NA,NA,NA
"KP","BAJAUR","45 - 49","WIDOWED",641,596,45,NA,641,596,45,NA,NA,NA,NA,NA
"KP","BAJAUR","50 - 54","DIVORCED",11,10,1,NA,11,10,1,NA,NA,NA,NA,NA
"KP","BAJAUR","50 - 54","MARRIED",29908,14722,15186,NA,29908,14722,15186,NA,NA,NA,NA,NA
"KP","BAJAUR","50 - 54","NEVER MARRIED",124,74,50,NA,124,74,50,NA,NA,NA,NA,NA
"KP","BAJAUR","50 - 54","SEPERATION",37,34,3,NA,37,34,3,NA,NA,NA,NA,NA
"KP","BAJAUR","50 - 54","WIDOWED",1151,1075,76,NA,1151,1075,76,NA,NA,NA,NA,NA
"KP","BAJAUR","55 - 59","DIVORCED",3,3,NA,NA,3,3,NA,NA,NA,NA,NA,NA
"KP","BAJAUR","55 - 59","MARRIED",21577,10334,11243,NA,21577,10334,11243,NA,NA,NA,NA,NA
"KP","BAJAUR","55 - 59","NEVER MARRIED",64,39,24,1,64,39,24,1,NA,NA,NA,NA
"KP","BAJAUR","55 - 59","SEPERATION",29,27,2,NA,29,27,2,NA,NA,NA,NA,NA
"KP","BAJAUR","55 - 59","WIDOWED",1125,1018,107,NA,1125,1018,107,NA,NA,NA,NA,NA
"KP","BAJAUR","60 - 64","DIVORCED",3,3,NA,NA,3,3,NA,NA,NA,NA,NA,NA
"KP","BAJAUR","60 - 64","MARRIED",18059,8092,9967,NA,18059,8092,9967,NA,NA,NA,NA,NA
"KP","BAJAUR","60 - 64","NEVER MARRIED",61,37,24,NA,61,37,24,NA,NA,NA,NA,NA
"KP","BAJAUR","60 - 64","SEPERATION",36,25,11,NA,36,25,11,NA,NA,NA,NA,NA
"KP","BAJAUR","60 - 64","WIDOWED",1690,1524,166,NA,1690,1524,166,NA,NA,NA,NA,NA
"KP","BAJAUR","65 - 69","DIVORCED",NA,NA,NA,NA,NA,NA,NA,NA,NA,NA,NA,NA
"KP","BAJAUR","65 - 69","MARRIED",10653,4566,6087,NA,10653,4566,6087,NA,NA,NA,NA,NA
"KP","BAJAUR","65 - 69","NEVER MARRIED",33,21,12,NA,33,21,12,NA,NA,NA,NA,NA
"KP","BAJAUR","65 - 69","SEPERATION",18,14,4,NA,18,14,4,NA,NA,NA,NA,NA
"KP","BAJAUR","65 - 69","WIDOWED",1250,1090,160,NA,1250,1090,160,NA,NA,NA,NA,NA
"KP","BAJAUR","70 - 74","DIVORCED",2,2,NA,NA,2,2,NA,NA,NA,NA,NA,NA
"KP","BAJAUR","70 - 74","MARRIED",8201,3385,4816,NA,8201,3385,4816,NA,NA,NA,NA,NA
"KP","BAJAUR","70 - 74","NEVER MARRIED",23,13,10,NA,23,13,10,NA,NA,NA,NA,NA
"KP","BAJAUR","70 - 74","SEPERATION",20,13,7,NA,20,13,7,NA,NA,NA,NA,NA
"KP","BAJAUR","70 - 74","WIDOWED",1697,1433,264,NA,1697,1433,264,NA,NA,NA,NA,NA
"KP","BAJAUR","75 & ABOVE","DIVORCED",4,4,NA,NA,4,4,NA,NA,NA,NA,NA,NA
"KP","BAJAUR","75 & ABOVE","MARRIED",6328,2152,4176,NA,6328,2152,4176,NA,NA,NA,NA,NA
"KP","BAJAUR","75 & ABOVE","NEVER MARRIED",30,20,10,NA,30,20,10,NA,NA,NA,NA,NA
"KP","BAJAUR","75 & ABOVE","SEPERATION",24,8,16,NA,24,8,16,NA,NA,NA,NA,NA
"KP","BAJAUR","75 & ABOVE","WIDOWED",1820,1343,477,NA,1820,1343,477,NA,NA,NA,NA,NA
"KP","BANNU","15 &  ABOVE","DIVORCED",416,336,80,NA,389,315,74,NA,27,21,6,NA
"KP","BANNU","15 &  ABOVE","MARRIED",516993,268718,248275,NA,498817,259765,239052,NA,18176,8953,9223,NA
"KP","BANNU","15 &  ABOVE","NEVER MARRIED",201295,76808,124470,17,190089,72701,117377,11,11206,4107,7093,6
"KP","BANNU","15 &  ABOVE","SEPERATION",544,378,166,NA,526,367,159,NA,18,11,7,NA
"KP","BANNU","15 &  ABOVE","WIDOWED",18908,14843,4065,NA,18106,14196,3910,NA,802,647,155,NA
"KP","BANNU","15 - 19","DIVORCED",21,15,6,NA,20,14,6,NA,1,1,NA,NA
"KP","BANNU","15 - 19","MARRIED",24873,17994,6879,NA,24429,17626,6803,NA,444,368,76,NA
"KP","BANNU","15 - 19","NEVER MARRIED",113594,45591,67999,4,108022,43580,64439,3,5572,2011,3560,1
"KP","BANNU","15 - 19","SEPERATION",25,19,6,NA,24,18,6,NA,1,1,NA,NA
"KP","BANNU","15 - 19","WIDOWED",42,35,7,NA,41,34,7,NA,1,1,NA,NA
"KP","BANNU","20 - 24","DIVORCED",50,43,7,NA,46,40,6,NA,4,3,1,NA
"KP","BANNU","20 - 24","MARRIED",62743,41109,21634,NA,61338,40153,21185,NA,1405,956,449,NA
"KP","BANNU","20 - 24","NEVER MARRIED",48797,15304,33490,3,45684,14256,31426,2,3113,1048,2064,1
"KP","BANNU","20 - 24","SEPERATION",51,37,14,NA,48,35,13,NA,3,2,1,NA
"KP","BANNU","20 - 24","WIDOWED",167,132,35,NA,166,132,34,NA,1,NA,1,NA
"KP","BANNU","25 - 29","DIVORCED",62,54,8,NA,58,50,8,NA,4,4,NA,NA
"KP","BANNU","25 - 29","MARRIED",78450,45319,33131,NA,76047,43902,32145,NA,2403,1417,986,NA
"KP","BANNU","25 - 29","NEVER MARRIED",20027,6305,13719,3,18778,5888,12888,2,1249,417,831,1
"KP","BANNU","25 - 29","SEPERATION",66,42,24,NA,65,42,23,NA,1,NA,1,NA
"KP","BANNU","25 - 29","WIDOWED",284,233,51,NA,272,223,49,NA,12,10,2,NA
"KP","BANNU","30 - 34","DIVORCED",71,64,7,NA,66,60,6,NA,5,4,1,NA
"KP","BANNU","30 - 34","MARRIED",75703,39961,35742,NA,73005,38547,34458,NA,2698,1414,1284,NA
"KP","BANNU","30 - 34","NEVER MARRIED",8129,3353,4774,2,7666,3165,4501,NA,463,188,273,2
"KP","BANNU","30 - 34","SEPERATION",71,49,22,NA,70,48,22,NA,1,1,NA,NA
"KP","BANNU","30 - 34","WIDOWED",532,463,69,NA,508,441,67,NA,24,22,2,NA
"KP","BANNU","35 - 39","DIVORCED",66,50,16,NA,60,47,13,NA,6,3,3,NA
"KP","BANNU","35 - 39","MARRIED",66008,32202,33806,NA,63291,30814,32477,NA,2717,1388,1329,NA
"KP","BANNU","35 - 39","NEVER MARRIED",3689,1772,1915,2,3440,1656,1783,1,249,116,132,1
"KP","BANNU","35 - 39","SEPERATION",65,47,18,NA,65,47,18,NA,NA,NA,NA,NA
"KP","BANNU","35 - 39","WIDOWED",689,588,101,NA,667,571,96,NA,22,17,5,NA
"KP","BANNU","40 - 44","DIVORCED",42,30,12,NA,41,29,12,NA,1,1,NA,NA
"KP","BANNU","40 - 44","MARRIED",52471,25100,27371,NA,50013,24037,25976,NA,2458,1063,1395,NA
"KP","BANNU","40 - 44","NEVER MARRIED",2228,1330,897,1,2086,1271,814,1,142,59,83,NA
"KP","BANNU","40 - 44","SEPERATION",55,40,15,NA,54,39,15,NA,1,1,NA,NA
"KP","BANNU","40 - 44","WIDOWED",1066,930,136,NA,1016,885,131,NA,50,45,5,NA
"KP","BANNU","45 - 49","DIVORCED",38,31,7,NA,35,28,7,NA,3,3,NA,NA
"KP","BANNU","45 - 49","MARRIED",41790,20147,21643,NA,39898,19372,20526,NA,1892,775,1117,NA
"KP","BANNU","45 - 49","NEVER MARRIED",1380,820,560,NA,1267,751,516,NA,113,69,44,NA
"KP","BANNU","45 - 49","SEPERATION",50,37,13,NA,48,35,13,NA,2,2,NA,NA
"KP","BANNU","45 - 49","WIDOWED",1356,1190,166,NA,1290,1130,160,NA,66,60,6,NA
"KP","BANNU","50 - 54","DIVORCED",28,22,6,NA,26,20,6,NA,2,2,NA,NA
"KP","BANNU","50 - 54","MARRIED",35706,16550,19156,NA,34350,15978,18372,NA,1356,572,784,NA
"KP","BANNU","50 - 54","NEVER MARRIED",1040,703,336,1,962,646,315,1,78,57,21,NA
"KP","BANNU","50 - 54","SEPERATION",42,32,10,NA,39,31,8,NA,3,1,2,NA
"KP","BANNU","50 - 54","WIDOWED",2099,1842,257,NA,2001,1754,247,NA,98,88,10,NA
"KP","BANNU","55 - 59","DIVORCED",18,16,2,NA,18,16,2,NA,NA,NA,NA,NA
"KP","BANNU","55 - 59","MARRIED",26840,11963,14877,NA,25832,11568,14264,NA,1008,395,613,NA
"KP","BANNU","55 - 59","NEVER MARRIED",778,541,236,1,705,495,209,1,73,46,27,NA
"KP","BANNU","55 - 59","SEPERATION",36,21,15,NA,35,21,14,NA,1,NA,1,NA
"KP","BANNU","55 - 59","WIDOWED",2064,1754,310,NA,1961,1669,292,NA,103,85,18,NA
"KP","BANNU","60 - 64","DIVORCED",10,5,5,NA,10,5,5,NA,NA,NA,NA,NA
"KP","BANNU","60 - 64","MARRIED",22759,8900,13859,NA,21965,8609,13356,NA,794,291,503,NA
"KP","BANNU","60 - 64","NEVER MARRIED",663,437,226,NA,608,403,205,NA,55,34,21,NA
"KP","BANNU","60 - 64","SEPERATION",32,23,9,NA,29,22,7,NA,3,1,2,NA
"KP","BANNU","60 - 64","WIDOWED",2974,2379,595,NA,2858,2285,573,NA,116,94,22,NA
"KP","BANNU","65 - 69","DIVORCED",4,2,2,NA,4,2,2,NA,NA,NA,NA,NA
"KP","BANNU","65 - 69","MARRIED",14502,4923,9579,NA,14018,4776,9242,NA,484,147,337,NA
"KP","BANNU","65 - 69","NEVER MARRIED",432,278,154,NA,385,251,134,NA,47,27,20,NA
"KP","BANNU","65 - 69","SEPERATION",19,12,7,NA,19,12,7,NA,NA,NA,NA,NA
"KP","BANNU","65 - 69","WIDOWED",2490,1840,650,NA,2397,1765,632,NA,93,75,18,NA
"KP","BANNU","70 - 74","DIVORCED",4,3,1,NA,3,3,NA,NA,1,NA,1,NA
"KP","BANNU","70 - 74","MARRIED",8926,2802,6124,NA,8623,2697,5926,NA,303,105,198,NA
"KP","BANNU","70 - 74","NEVER MARRIED",312,217,95,NA,277,193,84,NA,35,24,11,NA
"KP","BANNU","70 - 74","SEPERATION",18,13,5,NA,18,13,5,NA,NA,NA,NA,NA
"KP","BANNU","70 - 74","WIDOWED",2455,1725,730,NA,2345,1645,700,NA,110,80,30,NA
"KP","BANNU","75 & ABOVE","DIVORCED",2,1,1,NA,2,1,1,NA,NA,NA,NA,NA
"KP","BANNU","75 & ABOVE","MARRIED",6222,1748,4474,NA,6008,1686,4322,NA,214,62,152,NA
"KP","BANNU","75 & ABOVE","NEVER MARRIED",226,157,69,NA,209,146,63,NA,17,11,6,NA
"KP","BANNU","75 & ABOVE","SEPERATION",14,6,8,NA,12,4,8,NA,2,2,NA,NA
"KP","BANNU","75 & ABOVE","WIDOWED",2690,1732,958,NA,2584,1662,922,NA,106,70,36,NA
"KP","BATAGRAM","15 &  ABOVE","DIVORCED",185,130,55,NA,185,130,55,NA,NA,NA,NA,NA
"KP","BATAGRAM","15 &  ABOVE","MARRIED",212082,113838,98244,NA,212082,113838,98244,NA,NA,NA,NA,NA
"KP","BATAGRAM","15 &  ABOVE","NEVER MARRIED",78955,29814,49132,9,78955,29814,49132,9,NA,NA,NA,NA
"KP","BATAGRAM","15 &  ABOVE","SEPERATION",141,86,55,NA,141,86,55,NA,NA,NA,NA,NA
"KP","BATAGRAM","15 &  ABOVE","WIDOWED",10284,7827,2457,NA,10284,7827,2457,NA,NA,NA,NA,NA
"KP","BATAGRAM","15 - 19","DIVORCED",11,10,1,NA,11,10,1,NA,NA,NA,NA,NA
"KP","BATAGRAM","15 - 19","MARRIED",8317,6317,2000,NA,8317,6317,2000,NA,NA,NA,NA,NA
"KP","BATAGRAM","15 - 19","NEVER MARRIED",51454,22517,28935,2,51454,22517,28935,2,NA,NA,NA,NA
"KP","BATAGRAM","15 - 19","SEPERATION",7,2,5,NA,7,2,5,NA,NA,NA,NA,NA
"KP","BATAGRAM","15 - 19","WIDOWED",19,14,5,NA,19,14,5,NA,NA,NA,NA,NA
"KP","BATAGRAM","20 - 24","DIVORCED",28,25,3,NA,28,25,3,NA,NA,NA,NA,NA
"KP","BATAGRAM","20 - 24","MARRIED",28387,18674,9713,NA,28387,18674,9713,NA,NA,NA,NA,NA
"KP","BATAGRAM","20 - 24","NEVER MARRIED",19061,5058,14002,1,19061,5058,14002,1,NA,NA,NA,NA
"KP","BATAGRAM","20 - 24","SEPERATION",12,7,5,NA,12,7,5,NA,NA,NA,NA,NA
"KP","BATAGRAM","20 - 24","WIDOWED",72,40,32,NA,72,40,32,NA,NA,NA,NA,NA
"KP","BATAGRAM","25 - 29","DIVORCED",43,29,14,NA,43,29,14,NA,NA,NA,NA,NA
"KP","BATAGRAM","25 - 29","MARRIED",31297,17570,13727,NA,31297,17570,13727,NA,NA,NA,NA,NA
"KP","BATAGRAM","25 - 29","NEVER MARRIED",5388,1297,4091,NA,5388,1297,4091,NA,NA,NA,NA,NA
"KP","BATAGRAM","25 - 29","SEPERATION",17,8,9,NA,17,8,9,NA,NA,NA,NA,NA
"KP","BATAGRAM","25 - 29","WIDOWED",146,85,61,NA,146,85,61,NA,NA,NA,NA,NA
"KP","BATAGRAM","30 - 34","DIVORCED",24,15,9,NA,24,15,9,NA,NA,NA,NA,NA
"KP","BATAGRAM","30 - 34","MARRIED",28422,15568,12854,NA,28422,15568,12854,NA,NA,NA,NA,NA
"KP","BATAGRAM","30 - 34","NEVER MARRIED",1571,439,1130,2,1571,439,1130,2,NA,NA,NA,NA
"KP","BATAGRAM","30 - 34","SEPERATION",15,10,5,NA,15,10,5,NA,NA,NA,NA,NA
"KP","BATAGRAM","30 - 34","WIDOWED",180,130,50,NA,180,130,50,NA,NA,NA,NA,NA
"KP","BATAGRAM","35 - 39","DIVORCED",23,14,9,NA,23,14,9,NA,NA,NA,NA,NA
"KP","BATAGRAM","35 - 39","MARRIED",27262,14298,12964,NA,27262,14298,12964,NA,NA,NA,NA,NA
"KP","BATAGRAM","35 - 39","NEVER MARRIED",661,212,449,NA,661,212,449,NA,NA,NA,NA,NA
"KP","BATAGRAM","35 - 39","SEPERATION",12,3,9,NA,12,3,9,NA,NA,NA,NA,NA
"KP","BATAGRAM","35 - 39","WIDOWED",273,205,68,NA,273,205,68,NA,NA,NA,NA,NA
"KP","BATAGRAM","40 - 44","DIVORCED",21,15,6,NA,21,15,6,NA,NA,NA,NA,NA
"KP","BATAGRAM","40 - 44","MARRIED",22968,12136,10832,NA,22968,12136,10832,NA,NA,NA,NA,NA
"KP","BATAGRAM","40 - 44","NEVER MARRIED",364,121,242,1,364,121,242,1,NA,NA,NA,NA
"KP","BATAGRAM","40 - 44","SEPERATION",9,8,1,NA,9,8,1,NA,NA,NA,NA,NA
"KP","BATAGRAM","40 - 44","WIDOWED",515,435,80,NA,515,435,80,NA,NA,NA,NA,NA
"KP","BATAGRAM","45 - 49","DIVORCED",12,6,6,NA,12,6,6,NA,NA,NA,NA,NA
"KP","BATAGRAM","45 - 49","MARRIED",17141,8725,8416,NA,17141,8725,8416,NA,NA,NA,NA,NA
"KP","BATAGRAM","45 - 49","NEVER MARRIED",168,57,110,1,168,57,110,1,NA,NA,NA,NA
"KP","BATAGRAM","45 - 49","SEPERATION",20,17,3,NA,20,17,3,NA,NA,NA,NA,NA
"KP","BATAGRAM","45 - 49","WIDOWED",640,536,104,NA,640,536,104,NA,NA,NA,NA,NA
"KP","BATAGRAM","50 - 54","DIVORCED",7,6,1,NA,7,6,1,NA,NA,NA,NA,NA
"KP","BATAGRAM","50 - 54","MARRIED",14762,7246,7516,NA,14762,7246,7516,NA,NA,NA,NA,NA
"KP","BATAGRAM","50 - 54","NEVER MARRIED",104,45,57,2,104,45,57,2,NA,NA,NA,NA
"KP","BATAGRAM","50 - 54","SEPERATION",10,9,1,NA,10,9,1,NA,NA,NA,NA,NA
"KP","BATAGRAM","50 - 54","WIDOWED",865,726,139,NA,865,726,139,NA,NA,NA,NA,NA
"KP","BATAGRAM","55 - 59","DIVORCED",3,3,NA,NA,3,3,NA,NA,NA,NA,NA,NA
"KP","BATAGRAM","55 - 59","MARRIED",10893,4765,6128,NA,10893,4765,6128,NA,NA,NA,NA,NA
"KP","BATAGRAM","55 - 59","NEVER MARRIED",68,25,43,NA,68,25,43,NA,NA,NA,NA,NA
"KP","BATAGRAM","55 - 59","SEPERATION",6,5,1,NA,6,5,1,NA,NA,NA,NA,NA
"KP","BATAGRAM","55 - 59","WIDOWED",896,759,137,NA,896,759,137,NA,NA,NA,NA,NA
"KP","BATAGRAM","60 - 64","DIVORCED",4,4,NA,NA,4,4,NA,NA,NA,NA,NA,NA
"KP","BATAGRAM","60 - 64","MARRIED",7650,3111,4539,NA,7650,3111,4539,NA,NA,NA,NA,NA
"KP","BATAGRAM","60 - 64","NEVER MARRIED",45,20,25,NA,45,20,25,NA,NA,NA,NA,NA
"KP","BATAGRAM","60 - 64","SEPERATION",10,6,4,NA,10,6,4,NA,NA,NA,NA,NA
"KP","BATAGRAM","60 - 64","WIDOWED",1112,907,205,NA,1112,907,205,NA,NA,NA,NA,NA
"KP","BATAGRAM","65 - 69","DIVORCED",4,2,2,NA,4,2,2,NA,NA,NA,NA,NA
"KP","BATAGRAM","65 - 69","MARRIED",5611,2264,3347,NA,5611,2264,3347,NA,NA,NA,NA,NA
"KP","BATAGRAM","65 - 69","NEVER MARRIED",23,8,15,NA,23,8,15,NA,NA,NA,NA,NA
"KP","BATAGRAM","65 - 69","SEPERATION",7,5,2,NA,7,5,2,NA,NA,NA,NA,NA
"KP","BATAGRAM","65 - 69","WIDOWED",1227,943,284,NA,1227,943,284,NA,NA,NA,NA,NA
"KP","BATAGRAM","70 - 74","DIVORCED",1,NA,1,NA,1,NA,1,NA,NA,NA,NA,NA
"KP","BATAGRAM","70 - 74","MARRIED",4789,1827,2962,NA,4789,1827,2962,NA,NA,NA,NA,NA
"KP","BATAGRAM","70 - 74","NEVER MARRIED",30,9,21,NA,30,9,21,NA,NA,NA,NA,NA
"KP","BATAGRAM","70 - 74","SEPERATION",8,5,3,NA,8,5,3,NA,NA,NA,NA,NA
"KP","BATAGRAM","70 - 74","WIDOWED",1514,1134,380,NA,1514,1134,380,NA,NA,NA,NA,NA
"KP","BATAGRAM","75 & ABOVE","DIVORCED",4,1,3,NA,4,1,3,NA,NA,NA,NA,NA
"KP","BATAGRAM","75 & ABOVE","MARRIED",4583,1337,3246,NA,4583,1337,3246,NA,NA,NA,NA,NA
"KP","BATAGRAM","75 & ABOVE","NEVER MARRIED",18,6,12,NA,18,6,12,NA,NA,NA,NA,NA
"KP","BATAGRAM","75 & ABOVE","SEPERATION",8,1,7,NA,8,1,7,NA,NA,NA,NA,NA
"KP","BATAGRAM","75 & ABOVE","WIDOWED",2825,1913,912,NA,2825,1913,912,NA,NA,NA,NA,NA
"KP","BUNER","15 &  ABOVE","DIVORCED",430,376,54,NA,430,376,54,NA,NA,NA,NA,NA
"KP","BUNER","15 &  ABOVE","MARRIED",388363,213048,175315,NA,388363,213048,175315,NA,NA,NA,NA,NA
"KP","BUNER","15 &  ABOVE","NEVER MARRIED",166425,67299,99099,27,166425,67299,99099,27,NA,NA,NA,NA
"KP","BUNER","15 &  ABOVE","SEPERATION",407,330,77,NA,407,330,77,NA,NA,NA,NA,NA
"KP","BUNER","15 &  ABOVE","WIDOWED",16630,14053,2577,NA,16630,14053,2577,NA,NA,NA,NA,NA
"KP","BUNER","15 - 19","DIVORCED",17,15,2,NA,17,15,2,NA,NA,NA,NA,NA
"KP","BUNER","15 - 19","MARRIED",16108,13034,3074,NA,16108,13034,3074,NA,NA,NA,NA,NA
"KP","BUNER","15 - 19","NEVER MARRIED",102598,44508,58084,6,102598,44508,58084,6,NA,NA,NA,NA
"KP","BUNER","15 - 19","SEPERATION",22,15,7,NA,22,15,7,NA,NA,NA,NA,NA
"KP","BUNER","15 - 19","WIDOWED",31,25,6,NA,31,25,6,NA,NA,NA,NA,NA
"KP","BUNER","20 - 24","DIVORCED",56,48,8,NA,56,48,8,NA,NA,NA,NA,NA
"KP","BUNER","20 - 24","MARRIED",49021,33476,15545,NA,49021,33476,15545,NA,NA,NA,NA,NA
"KP","BUNER","20 - 24","NEVER MARRIED",41672,13041,28625,6,41672,13041,28625,6,NA,NA,NA,NA
"KP","BUNER","20 - 24","SEPERATION",42,30,12,NA,42,30,12,NA,NA,NA,NA,NA
"KP","BUNER","20 - 24","WIDOWED",93,72,21,NA,93,72,21,NA,NA,NA,NA,NA
"KP","BUNER","25 - 29","DIVORCED",71,59,12,NA,71,59,12,NA,NA,NA,NA,NA
"KP","BUNER","25 - 29","MARRIED",56479,32800,23679,NA,56479,32800,23679,NA,NA,NA,NA,NA
"KP","BUNER","25 - 29","NEVER MARRIED",12690,4137,8546,7,12690,4137,8546,7,NA,NA,NA,NA
"KP","BUNER","25 - 29","SEPERATION",32,24,8,NA,32,24,8,NA,NA,NA,NA,NA
"KP","BUNER","25 - 29","WIDOWED",174,154,20,NA,174,154,20,NA,NA,NA,NA,NA
"KP","BUNER","30 - 34","DIVORCED",65,60,5,NA,65,60,5,NA,NA,NA,NA,NA
"KP","BUNER","30 - 34","MARRIED",56616,31648,24968,NA,56616,31648,24968,NA,NA,NA,NA,NA
"KP","BUNER","30 - 34","NEVER MARRIED",4359,2251,2102,6,4359,2251,2102,6,NA,NA,NA,NA
"KP","BUNER","30 - 34","SEPERATION",34,29,5,NA,34,29,5,NA,NA,NA,NA,NA
"KP","BUNER","30 - 34","WIDOWED",313,274,39,NA,313,274,39,NA,NA,NA,NA,NA
"KP","BUNER","35 - 39","DIVORCED",57,54,3,NA,57,54,3,NA,NA,NA,NA,NA
"KP","BUNER","35 - 39","MARRIED",48719,26481,22238,NA,48719,26481,22238,NA,NA,NA,NA,NA
"KP","BUNER","35 - 39","NEVER MARRIED",1979,1207,771,1,1979,1207,771,1,NA,NA,NA,NA
"KP","BUNER","35 - 39","SEPERATION",53,44,9,NA,53,44,9,NA,NA,NA,NA,NA
"KP","BUNER","35 - 39","WIDOWED",469,436,33,NA,469,436,33,NA,NA,NA,NA,NA
"KP","BUNER","40 - 44","DIVORCED",54,44,10,NA,54,44,10,NA,NA,NA,NA,NA
"KP","BUNER","40 - 44","MARRIED",41943,22252,19691,NA,41943,22252,19691,NA,NA,NA,NA,NA
"KP","BUNER","40 - 44","NEVER MARRIED",1186,807,378,1,1186,807,378,1,NA,NA,NA,NA
"KP","BUNER","40 - 44","SEPERATION",51,47,4,NA,51,47,4,NA,NA,NA,NA,NA
"KP","BUNER","40 - 44","WIDOWED",792,742,50,NA,792,742,50,NA,NA,NA,NA,NA
"KP","BUNER","45 - 49","DIVORCED",38,34,4,NA,38,34,4,NA,NA,NA,NA,NA
"KP","BUNER","45 - 49","MARRIED",32083,16486,15597,NA,32083,16486,15597,NA,NA,NA,NA,NA
"KP","BUNER","45 - 49","NEVER MARRIED",665,461,204,NA,665,461,204,NA,NA,NA,NA,NA
"KP","BUNER","45 - 49","SEPERATION",42,39,3,NA,42,39,3,NA,NA,NA,NA,NA
"KP","BUNER","45 - 49","WIDOWED",1049,966,83,NA,1049,966,83,NA,NA,NA,NA,NA
"KP","BUNER","50 - 54","DIVORCED",26,25,1,NA,26,25,1,NA,NA,NA,NA,NA
"KP","BUNER","50 - 54","MARRIED",26348,12755,13593,NA,26348,12755,13593,NA,NA,NA,NA,NA
"KP","BUNER","50 - 54","NEVER MARRIED",424,301,123,NA,424,301,123,NA,NA,NA,NA,NA
"KP","BUNER","50 - 54","SEPERATION",28,27,1,NA,28,27,1,NA,NA,NA,NA,NA
"KP","BUNER","50 - 54","WIDOWED",1450,1359,91,NA,1450,1359,91,NA,NA,NA,NA,NA
"KP","BUNER","55 - 59","DIVORCED",14,11,3,NA,14,11,3,NA,NA,NA,NA,NA
"KP","BUNER","55 - 59","MARRIED",19196,8513,10683,NA,19196,8513,10683,NA,NA,NA,NA,NA
"KP","BUNER","55 - 59","NEVER MARRIED",294,203,91,NA,294,203,91,NA,NA,NA,NA,NA
"KP","BUNER","55 - 59","SEPERATION",26,21,5,NA,26,21,5,NA,NA,NA,NA,NA
"KP","BUNER","55 - 59","WIDOWED",1458,1321,137,NA,1458,1321,137,NA,NA,NA,NA,NA
"KP","BUNER","60 - 64","DIVORCED",13,10,3,NA,13,10,3,NA,NA,NA,NA,NA
"KP","BUNER","60 - 64","MARRIED",14707,6238,8469,NA,14707,6238,8469,NA,NA,NA,NA,NA
"KP","BUNER","60 - 64","NEVER MARRIED",224,159,65,NA,224,159,65,NA,NA,NA,NA,NA
"KP","BUNER","60 - 64","SEPERATION",21,17,4,NA,21,17,4,NA,NA,NA,NA,NA
"KP","BUNER","60 - 64","WIDOWED",2033,1810,223,NA,2033,1810,223,NA,NA,NA,NA,NA
"KP","BUNER","65 - 69","DIVORCED",9,7,2,NA,9,7,2,NA,NA,NA,NA,NA
"KP","BUNER","65 - 69","MARRIED",11169,4369,6800,NA,11169,4369,6800,NA,NA,NA,NA,NA
"KP","BUNER","65 - 69","NEVER MARRIED",144,108,36,NA,144,108,36,NA,NA,NA,NA,NA
"KP","BUNER","65 - 69","SEPERATION",24,18,6,NA,24,18,6,NA,NA,NA,NA,NA
"KP","BUNER","65 - 69","WIDOWED",2189,1857,332,NA,2189,1857,332,NA,NA,NA,NA,NA
"KP","BUNER","70 - 74","DIVORCED",5,5,NA,NA,5,5,NA,NA,NA,NA,NA,NA
"KP","BUNER","70 - 74","MARRIED",8253,2879,5374,NA,8253,2879,5374,NA,NA,NA,NA,NA
"KP","BUNER","70 - 74","NEVER MARRIED",108,69,39,NA,108,69,39,NA,NA,NA,NA,NA
"KP","BUNER","70 - 74","SEPERATION",16,8,8,NA,16,8,8,NA,NA,NA,NA,NA
"KP","BUNER","70 - 74","WIDOWED",2516,2058,458,NA,2516,2058,458,NA,NA,NA,NA,NA
"KP","BUNER","75 & ABOVE","DIVORCED",5,4,1,NA,5,4,1,NA,NA,NA,NA,NA
"KP","BUNER","75 & ABOVE","MARRIED",7721,2117,5604,NA,7721,2117,5604,NA,NA,NA,NA,NA
"KP","BUNER","75 & ABOVE","NEVER MARRIED",82,47,35,NA,82,47,35,NA,NA,NA,NA,NA
"KP","BUNER","75 & ABOVE","SEPERATION",16,11,5,NA,16,11,5,NA,NA,NA,NA,NA
"KP","BUNER","75 & ABOVE","WIDOWED",4063,2979,1084,NA,4063,2979,1084,NA,NA,NA,NA,NA
"KP","CHARSADDA","15 &  ABOVE","DIVORCED",455,359,96,NA,348,282,66,NA,107,77,30,NA
"KP","CHARSADDA","15 &  ABOVE","MARRIED",714415,367779,346636,NA,598105,308428,289677,NA,116310,59351,56959,NA
"KP","CHARSADDA","15 &  ABOVE","NEVER MARRIED",317226,121204,196006,16,262620,100123,162484,13,54606,21081,33522,3
"KP","CHARSADDA","15 &  ABOVE","SEPERATION",470,303,167,NA,385,247,138,NA,85,56,29,NA
"KP","CHARSADDA","15 &  ABOVE","WIDOWED",27023,22157,4866,NA,21986,18036,3950,NA,5037,4121,916,NA
"KP","CHARSADDA","15 - 19","DIVORCED",20,17,3,NA,17,14,3,NA,3,3,NA,NA
"KP","CHARSADDA","15 - 19","MARRIED",25234,21889,3345,NA,21586,18712,2874,NA,3648,3177,471,NA
"KP","CHARSADDA","15 - 19","NEVER MARRIED",160550,68245,92297,8,135163,57479,77676,8,25387,10766,14621,NA
"KP","CHARSADDA","15 - 19","SEPERATION",22,18,4,NA,17,15,2,NA,5,3,2,NA
"KP","CHARSADDA","15 - 19","WIDOWED",26,22,4,NA,18,16,2,NA,8,6,2,NA
"KP","CHARSADDA","20 - 24","DIVORCED",52,49,3,NA,44,42,2,NA,8,7,1,NA
"KP","CHARSADDA","20 - 24","MARRIED",69707,51938,17769,NA,59323,44036,15287,NA,10384,7902,2482,NA
"KP","CHARSADDA","20 - 24","NEVER MARRIED",84347,24625,59721,1,70086,20225,49860,1,14261,4400,9861,NA
"KP","CHARSADDA","20 - 24","SEPERATION",45,29,16,NA,37,25,12,NA,8,4,4,NA
"KP","CHARSADDA","20 - 24","WIDOWED",116,96,20,NA,95,75,20,NA,21,21,NA,NA
"KP","CHARSADDA","25 - 29","DIVORCED",77,65,12,NA,65,54,11,NA,12,11,1,NA
"KP","CHARSADDA","25 - 29","MARRIED",96259,58172,38087,NA,81571,49076,32495,NA,14688,9096,5592,NA
"KP","CHARSADDA","25 - 29","NEVER MARRIED",36920,10215,26701,4,29915,8286,21628,1,7005,1929,5073,3
"KP","CHARSADDA","25 - 29","SEPERATION",40,29,11,NA,31,21,10,NA,9,8,1,NA
"KP","CHARSADDA","25 - 29","WIDOWED",285,231,54,NA,239,193,46,NA,46,38,8,NA
"KP","CHARSADDA","30 - 34","DIVORCED",88,74,14,NA,65,57,8,NA,23,17,6,NA
"KP","CHARSADDA","30 - 34","MARRIED",106870,56280,50590,NA,89902,47118,42784,NA,16968,9162,7806,NA
"KP","CHARSADDA","30 - 34","NEVER MARRIED",15876,6219,9656,1,12614,4984,7629,1,3262,1235,2027,NA
"KP","CHARSADDA","30 - 34","SEPERATION",61,45,16,NA,47,34,13,NA,14,11,3,NA
"KP","CHARSADDA","30 - 34","WIDOWED",516,472,44,NA,416,383,33,NA,100,89,11,NA
"KP","CHARSADDA","35 - 39","DIVORCED",68,50,18,NA,45,34,11,NA,23,16,7,NA
"KP","CHARSADDA","35 - 39","MARRIED",98079,46096,51983,NA,81700,38274,43426,NA,16379,7822,8557,NA
"KP","CHARSADDA","35 - 39","NEVER MARRIED",7193,3694,3499,NA,5554,2907,2647,NA,1639,787,852,NA
"KP","CHARSADDA","35 - 39","SEPERATION",63,35,28,NA,48,27,21,NA,15,8,7,NA
"KP","CHARSADDA","35 - 39","WIDOWED",848,755,93,NA,675,602,73,NA,173,153,20,NA
"KP","CHARSADDA","40 - 44","DIVORCED",46,35,11,NA,34,27,7,NA,12,8,4,NA
"KP","CHARSADDA","40 - 44","MARRIED",82069,37676,44393,NA,68141,31375,36766,NA,13928,6301,7627,NA
"KP","CHARSADDA","40 - 44","NEVER MARRIED",4190,2589,1601,NA,3205,2002,1203,NA,985,587,398,NA
"KP","CHARSADDA","40 - 44","SEPERATION",59,40,19,NA,46,32,14,NA,13,8,5,NA
"KP","CHARSADDA","40 - 44","WIDOWED",1393,1278,115,NA,1124,1037,87,NA,269,241,28,NA
"KP","CHARSADDA","45 - 49","DIVORCED",41,29,12,NA,36,26,10,NA,5,3,2,NA
"KP","CHARSADDA","45 - 49","MARRIED",61899,28348,33551,NA,51104,23590,27514,NA,10795,4758,6037,NA
"KP","CHARSADDA","45 - 49","NEVER MARRIED",2433,1539,894,NA,1843,1200,643,NA,590,339,251,NA
"KP","CHARSADDA","45 - 49","SEPERATION",28,18,10,NA,18,9,9,NA,10,9,1,NA
"KP","CHARSADDA","45 - 49","WIDOWED",1882,1753,129,NA,1514,1407,107,NA,368,346,22,NA
"KP","CHARSADDA","50 - 54","DIVORCED",19,13,6,NA,15,11,4,NA,4,2,2,NA
"KP","CHARSADDA","50 - 54","MARRIED",52494,23291,29203,NA,43608,19470,24138,NA,8886,3821,5065,NA
"KP","CHARSADDA","50 - 54","NEVER MARRIED",1835,1287,548,NA,1366,974,392,NA,469,313,156,NA
"KP","CHARSADDA","50 - 54","SEPERATION",31,18,13,NA,26,16,10,NA,5,2,3,NA
"KP","CHARSADDA","50 - 54","WIDOWED",2754,2527,227,NA,2222,2038,184,NA,532,489,43,NA
"KP","CHARSADDA","55 - 59","DIVORCED",13,9,4,NA,7,5,2,NA,6,4,2,NA
"KP","CHARSADDA","55 - 59","MARRIED",38681,15917,22764,NA,31932,13129,18803,NA,6749,2788,3961,NA
"KP","CHARSADDA","55 - 59","NEVER MARRIED",1241,868,372,1,942,662,279,1,299,206,93,NA
"KP","CHARSADDA","55 - 59","SEPERATION",25,15,10,NA,23,15,8,NA,2,NA,2,NA
"KP","CHARSADDA","55 - 59","WIDOWED",2836,2546,290,NA,2326,2085,241,NA,510,461,49,NA
"KP","CHARSADDA","60 - 64","DIVORCED",14,9,5,NA,10,6,4,NA,4,3,1,NA
"KP","CHARSADDA","60 - 64","MARRIED",32084,12446,19638,NA,26676,10390,16286,NA,5408,2056,3352,NA
"KP","CHARSADDA","60 - 64","NEVER MARRIED",1070,795,275,NA,786,587,199,NA,284,208,76,NA
"KP","CHARSADDA","60 - 64","SEPERATION",26,17,9,NA,24,16,8,NA,2,1,1,NA
"KP","CHARSADDA","60 - 64","WIDOWED",3947,3365,582,NA,3188,2717,471,NA,759,648,111,NA
"KP","CHARSADDA","65 - 69","DIVORCED",5,2,3,NA,2,1,1,NA,3,1,2,NA
"KP","CHARSADDA","65 - 69","MARRIED",22064,7335,14729,NA,18213,6135,12078,NA,3851,1200,2651,NA
"KP","CHARSADDA","65 - 69","NEVER MARRIED",653,474,179,NA,477,341,136,NA,176,133,43,NA
"KP","CHARSADDA","65 - 69","SEPERATION",17,11,6,NA,16,10,6,NA,1,1,NA,NA
"KP","CHARSADDA","65 - 69","WIDOWED",3419,2730,689,NA,2772,2210,562,NA,647,520,127,NA
"KP","CHARSADDA","70 - 74","DIVORCED",9,6,3,NA,7,4,3,NA,2,2,NA,NA
"KP","CHARSADDA","70 - 74","MARRIED",15726,4902,10824,NA,13051,4125,8926,NA,2675,777,1898,NA
"KP","CHARSADDA","70 - 74","NEVER MARRIED",509,378,131,NA,367,270,97,NA,142,108,34,NA
"KP","CHARSADDA","70 - 74","SEPERATION",27,19,8,NA,27,19,8,NA,NA,NA,NA,NA
"KP","CHARSADDA","70 - 74","WIDOWED",3829,2912,917,NA,3128,2386,742,NA,701,526,175,NA
"KP","CHARSADDA","75 & ABOVE","DIVORCED",3,1,2,NA,1,1,NA,NA,2,NA,2,NA
"KP","CHARSADDA","75 & ABOVE","MARRIED",13249,3489,9760,NA,11298,2998,8300,NA,1951,491,1460,NA
"KP","CHARSADDA","75 & ABOVE","NEVER MARRIED",409,276,132,1,302,206,95,1,107,70,37,NA
"KP","CHARSADDA","75 & ABOVE","SEPERATION",26,9,17,NA,25,8,17,NA,1,1,NA,NA
"KP","CHARSADDA","75 & ABOVE","WIDOWED",5172,3470,1702,NA,4269,2887,1382,NA,903,583,320,NA
"KP","DERA ISMAIL KHAN","15 &  ABOVE","DIVORCED",1834,1352,482,NA,1330,971,359,NA,504,381,123,NA
"KP","DERA ISMAIL KHAN","15 &  ABOVE","MARRIED",689698,345304,344394,NA,542585,272950,269635,NA,147113,72354,74759,NA
"KP","DERA ISMAIL KHAN","15 &  ABOVE","NEVER MARRIED",303469,115479,187841,149,225742,84735,140996,11,77727,30744,46845,138
"KP","DERA ISMAIL KHAN","15 &  ABOVE","SEPERATION",1056,693,363,NA,820,536,284,NA,236,157,79,NA
"KP","DERA ISMAIL KHAN","15 &  ABOVE","WIDOWED",37300,28259,9041,NA,27474,20635,6839,NA,9826,7624,2202,NA
"KP","DERA ISMAIL KHAN","15 - 19","DIVORCED",51,47,4,NA,42,38,4,NA,9,9,NA,NA
"KP","DERA ISMAIL KHAN","15 - 19","MARRIED",20868,15342,5526,NA,17971,13091,4880,NA,2897,2251,646,NA
"KP","DERA ISMAIL KHAN","15 - 19","NEVER MARRIED",165020,70429,94581,10,129623,54568,75049,6,35397,15861,19532,4
"KP","DERA ISMAIL KHAN","15 - 19","SEPERATION",45,33,12,NA,38,30,8,NA,7,3,4,NA
"KP","DERA ISMAIL KHAN","15 - 19","WIDOWED",71,40,31,NA,62,33,29,NA,9,7,2,NA
"KP","DERA ISMAIL KHAN","20 - 24","DIVORCED",147,113,34,NA,112,84,28,NA,35,29,6,NA
"KP","DERA ISMAIL KHAN","20 - 24","MARRIED",70006,44969,25037,NA,59043,37472,21571,NA,10963,7497,3466,NA
"KP","DERA ISMAIL KHAN","20 - 24","NEVER MARRIED",79761,26169,53583,9,58178,18136,40042,NA,21583,8033,13541,9
"KP","DERA ISMAIL KHAN","20 - 24","SEPERATION",94,60,34,NA,78,47,31,NA,16,13,3,NA
"KP","DERA ISMAIL KHAN","20 - 24","WIDOWED",230,155,75,NA,193,132,61,NA,37,23,14,NA
"KP","DERA ISMAIL KHAN","25 - 29","DIVORCED",241,186,55,NA,186,138,48,NA,55,48,7,NA
"KP","DERA ISMAIL KHAN","25 - 29","MARRIED",94752,52541,42211,NA,76130,41690,34440,NA,18622,10851,7771,NA
"KP","DERA ISMAIL KHAN","25 - 29","NEVER MARRIED",32898,9565,23305,28,22122,6216,15904,2,10776,3349,7401,26
"KP","DERA ISMAIL KHAN","25 - 29","SEPERATION",105,75,30,NA,79,56,23,NA,26,19,7,NA
"KP","DERA ISMAIL KHAN","25 - 29","WIDOWED",448,295,153,NA,363,235,128,NA,85,60,25,NA
"KP","DERA ISMAIL KHAN","30 - 34","DIVORCED",301,212,89,NA,231,158,73,NA,70,54,16,NA
"KP","DERA ISMAIL KHAN","30 - 34","MARRIED",104674,55128,49546,NA,82835,43609,39226,NA,21839,11519,10320,NA
"KP","DERA ISMAIL KHAN","30 - 34","NEVER MARRIED",12917,4233,8651,33,8201,2778,5422,1,4716,1455,3229,32
"KP","DERA ISMAIL KHAN","30 - 34","SEPERATION",133,86,47,NA,107,68,39,NA,26,18,8,NA
"KP","DERA ISMAIL KHAN","30 - 34","WIDOWED",816,625,191,NA,639,479,160,NA,177,146,31,NA
"KP","DERA ISMAIL KHAN","35 - 39","DIVORCED",280,204,76,NA,200,144,56,NA,80,60,20,NA
"KP","DERA ISMAIL KHAN","35 - 39","MARRIED",94992,45948,49044,NA,73310,35434,37876,NA,21682,10514,11168,NA
"KP","DERA ISMAIL KHAN","35 - 39","NEVER MARRIED",5582,1972,3584,26,3444,1244,2200,NA,2138,728,1384,26
"KP","DERA ISMAIL KHAN","35 - 39","SEPERATION",141,80,61,NA,108,60,48,NA,33,20,13,NA
"KP","DERA ISMAIL KHAN","35 - 39","WIDOWED",1243,958,285,NA,961,732,229,NA,282,226,56,NA
"KP","DERA ISMAIL KHAN","40 - 44","DIVORCED",220,149,71,NA,152,97,55,NA,68,52,16,NA
"KP","DERA ISMAIL KHAN","40 - 44","MARRIED",78923,36849,42074,NA,60797,28494,32303,NA,18126,8355,9771,NA
"KP","DERA ISMAIL KHAN","40 - 44","NEVER MARRIED",2776,1080,1671,25,1635,647,988,NA,1141,433,683,25
"KP","DERA ISMAIL KHAN","40 - 44","SEPERATION",127,92,35,NA,98,73,25,NA,29,19,10,NA
"KP","DERA ISMAIL KHAN","40 - 44","WIDOWED",1808,1464,344,NA,1328,1071,257,NA,480,393,87,NA
"KP","DERA ISMAIL KHAN","45 - 49","DIVORCED",164,119,45,NA,108,79,29,NA,56,40,16,NA
"KP","DERA ISMAIL KHAN","45 - 49","MARRIED",59143,27882,31261,NA,44975,21492,23483,NA,14168,6390,7778,NA
"KP","DERA ISMAIL KHAN","45 - 49","NEVER MARRIED",1542,620,916,6,852,318,534,NA,690,302,382,6
"KP","DERA ISMAIL KHAN","45 - 49","SEPERATION",113,76,37,NA,82,50,32,NA,31,26,5,NA
"KP","DERA ISMAIL KHAN","45 - 49","WIDOWED",2379,1983,396,NA,1705,1406,299,NA,674,577,97,NA
"KP","DERA ISMAIL KHAN","50 - 54","DIVORCED",146,119,27,NA,95,83,12,NA,51,36,15,NA
"KP","DERA ISMAIL KHAN","50 - 54","MARRIED",53032,24168,28864,NA,40786,18718,22068,NA,12246,5450,6796,NA
"KP","DERA ISMAIL KHAN","50 - 54","NEVER MARRIED",992,455,531,6,567,276,289,2,425,179,242,4
"KP","DERA ISMAIL KHAN","50 - 54","SEPERATION",85,56,29,NA,67,45,22,NA,18,11,7,NA
"KP","DERA ISMAIL KHAN","50 - 54","WIDOWED",3807,3157,650,NA,2760,2278,482,NA,1047,879,168,NA
"KP","DERA ISMAIL KHAN","55 - 59","DIVORCED",125,95,30,NA,82,66,16,NA,43,29,14,NA
"KP","DERA ISMAIL KHAN","55 - 59","MARRIED",41573,17421,24152,NA,31765,13417,18348,NA,9808,4004,5804,NA
"KP","DERA ISMAIL KHAN","55 - 59","NEVER MARRIED",741,333,405,3,428,203,225,NA,313,130,180,3
"KP","DERA ISMAIL KHAN","55 - 59","SEPERATION",97,62,35,NA,71,49,22,NA,26,13,13,NA
"KP","DERA ISMAIL KHAN","55 - 59","WIDOWED",4473,3585,888,NA,3203,2522,681,NA,1270,1063,207,NA
"KP","DERA ISMAIL KHAN","60 - 64","DIVORCED",68,49,19,NA,44,31,13,NA,24,18,6,NA
"KP","DERA ISMAIL KHAN","60 - 64","MARRIED",30078,11698,18380,NA,22849,9011,13838,NA,7229,2687,4542,NA
"KP","DERA ISMAIL KHAN","60 - 64","NEVER MARRIED",540,264,275,1,310,163,147,NA,230,101,128,1
"KP","DERA ISMAIL KHAN","60 - 64","SEPERATION",50,35,15,NA,42,30,12,NA,8,5,3,NA
"KP","DERA ISMAIL KHAN","60 - 64","WIDOWED",5200,4071,1129,NA,3762,2940,822,NA,1438,1131,307,NA
"KP","DERA ISMAIL KHAN","65 - 69","DIVORCED",51,33,18,NA,41,27,14,NA,10,6,4,NA
"KP","DERA ISMAIL KHAN","65 - 69","MARRIED",19767,7047,12720,NA,15026,5460,9566,NA,4741,1587,3154,NA
"KP","DERA ISMAIL KHAN","65 - 69","NEVER MARRIED",348,200,148,NA,197,112,85,NA,151,88,63,NA
"KP","DERA ISMAIL KHAN","65 - 69","SEPERATION",30,16,14,NA,22,12,10,NA,8,4,4,NA
"KP","DERA ISMAIL KHAN","65 - 69","WIDOWED",5045,3764,1281,NA,3654,2699,955,NA,1391,1065,326,NA
"KP","DERA ISMAIL KHAN","70 - 74","DIVORCED",28,16,12,NA,25,16,9,NA,3,NA,3,NA
"KP","DERA ISMAIL KHAN","70 - 74","MARRIED",13151,4144,9007,NA,10196,3297,6899,NA,2955,847,2108,NA
"KP","DERA ISMAIL KHAN","70 - 74","NEVER MARRIED",206,87,118,1,109,43,66,NA,97,44,52,1
"KP","DERA ISMAIL KHAN","70 - 74","SEPERATION",19,12,7,NA,15,9,6,NA,4,3,1,NA
"KP","DERA ISMAIL KHAN","70 - 74","WIDOWED",5352,3833,1519,NA,3971,2825,1146,NA,1381,1008,373,NA
"KP","DERA ISMAIL KHAN","75 & ABOVE","DIVORCED",12,10,2,NA,12,10,2,NA,NA,NA,NA,NA
"KP","DERA ISMAIL KHAN","75 & ABOVE","MARRIED",8739,2167,6572,NA,6902,1765,5137,NA,1837,402,1435,NA
"KP","DERA ISMAIL KHAN","75 & ABOVE","NEVER MARRIED",146,72,73,1,76,31,45,NA,70,41,28,1
"KP","DERA ISMAIL KHAN","75 & ABOVE","SEPERATION",17,10,7,NA,13,7,6,NA,4,3,1,NA
"KP","DERA ISMAIL KHAN","75 & ABOVE","WIDOWED",6428,4329,2099,NA,4873,3283,1590,NA,1555,1046,509,NA
"KP","HANGU","15 &  ABOVE","DIVORCED",528,441,87,NA,480,405,75,NA,48,36,12,NA
"KP","HANGU","15 &  ABOVE","MARRIED",195411,111059,84352,NA,163481,93962,69519,NA,31930,17097,14833,NA
"KP","HANGU","15 &  ABOVE","NEVER MARRIED",95518,40422,55089,7,78944,33394,45547,3,16574,7028,9542,4
"KP","HANGU","15 &  ABOVE","SEPERATION",355,273,82,NA,320,246,74,NA,35,27,8,NA
"KP","HANGU","15 &  ABOVE","WIDOWED",10078,8369,1709,NA,8496,7115,1381,NA,1582,1254,328,NA
"KP","HANGU","15 - 19","DIVORCED",13,12,1,NA,12,11,1,NA,1,1,NA,NA
"KP","HANGU","15 - 19","MARRIED",6853,5042,1811,NA,6048,4439,1609,NA,805,603,202,NA
"KP","HANGU","15 - 19","NEVER MARRIED",56511,25276,31232,3,47760,21355,26402,3,8751,3921,4830,NA
"KP","HANGU","15 - 19","SEPERATION",22,19,3,NA,20,18,2,NA,2,1,1,NA
"KP","HANGU","15 - 19","WIDOWED",4,3,1,NA,4,3,1,NA,NA,NA,NA,NA
"KP","HANGU","20 - 24","DIVORCED",45,40,5,NA,43,39,4,NA,2,1,1,NA
"KP","HANGU","20 - 24","MARRIED",20937,14256,6681,NA,18094,12219,5875,NA,2843,2037,806,NA
"KP","HANGU","20 - 24","NEVER MARRIED",23767,8915,14852,NA,19492,7236,12256,NA,4275,1679,2596,NA
"KP","HANGU","20 - 24","SEPERATION",27,21,6,NA,24,18,6,NA,3,3,NA,NA
"KP","HANGU","20 - 24","WIDOWED",41,32,9,NA,34,25,9,NA,7,7,NA,NA
"KP","HANGU","25 - 29","DIVORCED",66,56,10,NA,63,54,9,NA,3,2,1,NA
"KP","HANGU","25 - 29","MARRIED",29248,18124,11124,NA,24891,15361,9530,NA,4357,2763,1594,NA
"KP","HANGU","25 - 29","NEVER MARRIED",8594,3006,5587,1,6734,2312,4422,NA,1860,694,1165,1
"KP","HANGU","25 - 29","SEPERATION",23,14,9,NA,21,12,9,NA,2,2,NA,NA
"KP","HANGU","25 - 29","WIDOWED",111,96,15,NA,91,79,12,NA,20,17,3,NA
"KP","HANGU","30 - 34","DIVORCED",72,60,12,NA,66,57,9,NA,6,3,3,NA
"KP","HANGU","30 - 34","MARRIED",29546,17535,12011,NA,24786,14916,9870,NA,4760,2619,2141,NA
"KP","HANGU","30 - 34","NEVER MARRIED",3095,1323,1770,2,2328,1032,1296,NA,767,291,474,2
"KP","HANGU","30 - 34","SEPERATION",51,40,11,NA,49,38,11,NA,2,2,NA,NA
"KP","HANGU","30 - 34","WIDOWED",212,193,19,NA,175,159,16,NA,37,34,3,NA
"KP","HANGU","35 - 39","DIVORCED",77,67,10,NA,72,63,9,NA,5,4,1,NA
"KP","HANGU","35 - 39","MARRIED",27688,15790,11898,NA,22818,13224,9594,NA,4870,2566,2304,NA
"KP","HANGU","35 - 39","NEVER MARRIED",1604,788,815,1,1186,606,580,NA,418,182,235,1
"KP","HANGU","35 - 39","SEPERATION",48,39,9,NA,45,36,9,NA,3,3,NA,NA
"KP","HANGU","35 - 39","WIDOWED",406,357,49,NA,348,316,32,NA,58,41,17,NA
"KP","HANGU","40 - 44","DIVORCED",81,64,17,NA,72,57,15,NA,9,7,2,NA
"KP","HANGU","40 - 44","MARRIED",21905,11919,9986,NA,17915,9939,7976,NA,3990,1980,2010,NA
"KP","HANGU","40 - 44","NEVER MARRIED",768,427,341,NA,590,347,243,NA,178,80,98,NA
"KP","HANGU","40 - 44","SEPERATION",46,35,11,NA,41,30,11,NA,5,5,NA,NA
"KP","HANGU","40 - 44","WIDOWED",499,464,35,NA,418,395,23,NA,81,69,12,NA
"KP","HANGU","45 - 49","DIVORCED",44,34,10,NA,40,31,9,NA,4,3,1,NA
"KP","HANGU","45 - 49","MARRIED",15807,8414,7393,NA,12924,7024,5900,NA,2883,1390,1493,NA
"KP","HANGU","45 - 49","NEVER MARRIED",467,256,211,NA,354,198,156,NA,113,58,55,NA
"KP","HANGU","45 - 49","SEPERATION",41,35,6,NA,36,33,3,NA,5,2,3,NA
"KP","HANGU","45 - 49","WIDOWED",661,598,63,NA,556,507,49,NA,105,91,14,NA
"KP","HANGU","50 - 54","DIVORCED",45,38,7,NA,39,33,6,NA,6,5,1,NA
"KP","HANGU","50 - 54","MARRIED",12170,6397,5773,NA,9951,5341,4610,NA,2219,1056,1163,NA
"KP","HANGU","50 - 54","NEVER MARRIED",286,180,106,NA,206,130,76,NA,80,50,30,NA
"KP","HANGU","50 - 54","SEPERATION",28,20,8,NA,25,18,7,NA,3,2,1,NA
"KP","HANGU","50 - 54","WIDOWED",952,870,82,NA,793,732,61,NA,159,138,21,NA
"KP","HANGU","55 - 59","DIVORCED",28,23,5,NA,23,19,4,NA,5,4,1,NA
"KP","HANGU","55 - 59","MARRIED",9899,5048,4851,NA,8145,4225,3920,NA,1754,823,931,NA
"KP","HANGU","55 - 59","NEVER MARRIED",162,102,60,NA,99,64,35,NA,63,38,25,NA
"KP","HANGU","55 - 59","SEPERATION",26,20,6,NA,18,14,4,NA,8,6,2,NA
"KP","HANGU","55 - 59","WIDOWED",1126,996,130,NA,951,843,108,NA,175,153,22,NA
"KP","HANGU","60 - 64","DIVORCED",24,18,6,NA,19,14,5,NA,5,4,1,NA
"KP","HANGU","60 - 64","MARRIED",8129,3735,4394,NA,6730,3138,3592,NA,1399,597,802,NA
"KP","HANGU","60 - 64","NEVER MARRIED",118,68,50,NA,89,54,35,NA,29,14,15,NA
"KP","HANGU","60 - 64","SEPERATION",13,7,6,NA,13,7,6,NA,NA,NA,NA,NA
"KP","HANGU","60 - 64","WIDOWED",1477,1286,191,NA,1242,1090,152,NA,235,196,39,NA
"KP","HANGU","65 - 69","DIVORCED",14,13,1,NA,14,13,1,NA,NA,NA,NA,NA
"KP","HANGU","65 - 69","MARRIED",5937,2390,3547,NA,4971,2039,2932,NA,966,351,615,NA
"KP","HANGU","65 - 69","NEVER MARRIED",57,34,23,NA,41,24,17,NA,16,10,6,NA
"KP","HANGU","65 - 69","SEPERATION",19,17,2,NA,18,16,2,NA,1,1,NA,NA
"KP","HANGU","65 - 69","WIDOWED",1409,1138,271,NA,1167,959,208,NA,242,179,63,NA
"KP","HANGU","70 - 74","DIVORCED",10,10,NA,NA,9,9,NA,NA,1,1,NA,NA
"KP","HANGU","70 - 74","MARRIED",3951,1402,2549,NA,3327,1209,2118,NA,624,193,431,NA
"KP","HANGU","70 - 74","NEVER MARRIED",48,25,23,NA,35,20,15,NA,13,5,8,NA
"KP","HANGU","70 - 74","SEPERATION",6,4,2,NA,6,4,2,NA,NA,NA,NA,NA
"KP","HANGU","70 - 74","WIDOWED",1392,1076,316,NA,1178,913,265,NA,214,163,51,NA
"KP","HANGU","75 & ABOVE","DIVORCED",9,6,3,NA,8,5,3,NA,1,1,NA,NA
"KP","HANGU","75 & ABOVE","MARRIED",3341,1007,2334,NA,2881,888,1993,NA,460,119,341,NA
"KP","HANGU","75 & ABOVE","NEVER MARRIED",41,22,19,NA,30,16,14,NA,11,6,5,NA
"KP","HANGU","75 & ABOVE","SEPERATION",5,2,3,NA,4,2,2,NA,1,NA,1,NA
"KP","HANGU","75 & ABOVE","WIDOWED",1788,1260,528,NA,1539,1094,445,NA,249,166,83,NA
"KP","HARIPUR","15 &  ABOVE","DIVORCED",3295,2401,894,NA,2773,2035,738,NA,522,366,156,NA
"KP","HARIPUR","15 &  ABOVE","MARRIED",494152,257619,236533,NA,432593,225904,206689,NA,61559,31715,29844,NA
"KP","HARIPUR","15 &  ABOVE","NEVER MARRIED",223904,91791,132068,45,191718,78098,113605,15,32186,13693,18463,30
"KP","HARIPUR","15 &  ABOVE","SEPERATION",940,490,450,NA,794,396,398,NA,146,94,52,NA
"KP","HARIPUR","15 &  ABOVE","WIDOWED",36232,29255,6977,NA,31056,24977,6079,NA,5176,4278,898,NA
"KP","HARIPUR","15 - 19","DIVORCED",40,34,6,NA,35,30,5,NA,5,4,1,NA
"KP","HARIPUR","15 - 19","MARRIED",7032,5820,1212,NA,6452,5344,1108,NA,580,476,104,NA
"KP","HARIPUR","15 - 19","NEVER MARRIED",106249,49179,57064,6,92344,42631,49710,3,13905,6548,7354,3
"KP","HARIPUR","15 - 19","SEPERATION",15,10,5,NA,13,9,4,NA,2,1,1,NA
"KP","HARIPUR","15 - 19","WIDOWED",16,10,6,NA,16,10,6,NA,NA,NA,NA,NA
"KP","HARIPUR","20 - 24","DIVORCED",161,136,25,NA,141,117,24,NA,20,19,1,NA
"KP","HARIPUR","20 - 24","MARRIED",32985,24693,8292,NA,29750,22189,7561,NA,3235,2504,731,NA
"KP","HARIPUR","20 - 24","NEVER MARRIED",63847,23870,39971,6,54599,20007,34589,3,9248,3863,5382,3
"KP","HARIPUR","20 - 24","SEPERATION",51,35,16,NA,48,33,15,NA,3,2,1,NA
"KP","HARIPUR","20 - 24","WIDOWED",83,65,18,NA,76,63,13,NA,7,2,5,NA
"KP","HARIPUR","25 - 29","DIVORCED",343,278,65,NA,293,235,58,NA,50,43,7,NA
"KP","HARIPUR","25 - 29","MARRIED",58796,37468,21328,NA,52343,33174,19169,NA,6453,4294,2159,NA
"KP","HARIPUR","25 - 29","NEVER MARRIED",28791,8607,20172,12,24212,7055,17156,1,4579,1552,3016,11
"KP","HARIPUR","25 - 29","SEPERATION",112,67,45,NA,88,48,40,NA,24,19,5,NA
"KP","HARIPUR","25 - 29","WIDOWED",250,180,70,NA,221,158,63,NA,29,22,7,NA
"KP","HARIPUR","30 - 34","DIVORCED",563,406,157,NA,470,343,127,NA,93,63,30,NA
"KP","HARIPUR","30 - 34","MARRIED",69537,39763,29774,NA,61134,34867,26267,NA,8403,4896,3507,NA
"KP","HARIPUR","30 - 34","NEVER MARRIED",11100,3597,7498,5,9246,2981,6263,2,1854,616,1235,3
"KP","HARIPUR","30 - 34","SEPERATION",137,79,58,NA,111,58,53,NA,26,21,5,NA
"KP","HARIPUR","30 - 34","WIDOWED",475,375,100,NA,418,326,92,NA,57,49,8,NA
"KP","HARIPUR","35 - 39","DIVORCED",519,354,165,NA,429,292,137,NA,90,62,28,NA
"KP","HARIPUR","35 - 39","MARRIED",71146,37908,33238,NA,62155,33018,29137,NA,8991,4890,4101,NA
"KP","HARIPUR","35 - 39","NEVER MARRIED",5205,2023,3178,4,4233,1667,2565,1,972,356,613,3
"KP","HARIPUR","35 - 39","SEPERATION",171,79,92,NA,143,63,80,NA,28,16,12,NA
"KP","HARIPUR","35 - 39","WIDOWED",854,692,162,NA,741,597,144,NA,113,95,18,NA
"KP","HARIPUR","40 - 44","DIVORCED",462,316,146,NA,374,257,117,NA,88,59,29,NA
"KP","HARIPUR","40 - 44","MARRIED",64824,32041,32783,NA,56307,27774,28533,NA,8517,4267,4250,NA
"KP","HARIPUR","40 - 44","NEVER MARRIED",3159,1452,1702,5,2591,1233,1356,2,568,219,346,3
"KP","HARIPUR","40 - 44","SEPERATION",116,63,53,NA,92,50,42,NA,24,13,11,NA
"KP","HARIPUR","40 - 44","WIDOWED",1439,1231,208,NA,1273,1081,192,NA,166,150,16,NA
"KP","HARIPUR","45 - 49","DIVORCED",351,256,95,NA,295,222,73,NA,56,34,22,NA
"KP","HARIPUR","45 - 49","MARRIED",50046,23296,26750,NA,43052,20072,22980,NA,6994,3224,3770,NA
"KP","HARIPUR","45 - 49","NEVER MARRIED",1856,914,942,NA,1509,769,740,NA,347,145,202,NA
"KP","HARIPUR","45 - 49","SEPERATION",88,43,45,NA,76,34,42,NA,12,9,3,NA
"KP","HARIPUR","45 - 49","WIDOWED",2032,1785,247,NA,1728,1507,221,NA,304,278,26,NA
"KP","HARIPUR","50 - 54","DIVORCED",286,211,75,NA,245,182,63,NA,41,29,12,NA
"KP","HARIPUR","50 - 54","MARRIED",41641,19409,22232,NA,35962,16842,19120,NA,5679,2567,3112,NA
"KP","HARIPUR","50 - 54","NEVER MARRIED",1309,757,549,3,1068,641,426,1,241,116,123,2
"KP","HARIPUR","50 - 54","SEPERATION",78,36,42,NA,69,32,37,NA,9,4,5,NA
"KP","HARIPUR","50 - 54","WIDOWED",3235,2867,368,NA,2765,2461,304,NA,470,406,64,NA
"KP","HARIPUR","55 - 59","DIVORCED",234,170,64,NA,206,151,55,NA,28,19,9,NA
"KP","HARIPUR","55 - 59","MARRIED",33070,14585,18485,NA,28743,12700,16043,NA,4327,1885,2442,NA
"KP","HARIPUR","55 - 59","NEVER MARRIED",898,524,373,1,739,433,306,NA,159,91,67,1
"KP","HARIPUR","55 - 59","SEPERATION",64,28,36,NA,57,26,31,NA,7,2,5,NA
"KP","HARIPUR","55 - 59","WIDOWED",4029,3533,496,NA,3457,3022,435,NA,572,511,61,NA
"KP","HARIPUR","60 - 64","DIVORCED",150,109,41,NA,125,93,32,NA,25,16,9,NA
"KP","HARIPUR","60 - 64","MARRIED",25085,9524,15561,NA,21795,8332,13463,NA,3290,1192,2098,NA
"KP","HARIPUR","60 - 64","NEVER MARRIED",630,370,259,1,497,294,202,1,133,76,57,NA
"KP","HARIPUR","60 - 64","SEPERATION",43,17,26,NA,38,13,25,NA,5,4,1,NA
"KP","HARIPUR","60 - 64","WIDOWED",4801,3980,821,NA,4053,3349,704,NA,748,631,117,NA
"KP","HARIPUR","65 - 69","DIVORCED",90,67,23,NA,76,55,21,NA,14,12,2,NA
"KP","HARIPUR","65 - 69","MARRIED",17814,6450,11364,NA,15505,5635,9870,NA,2309,815,1494,NA
"KP","HARIPUR","65 - 69","NEVER MARRIED",401,237,164,NA,318,187,131,NA,83,50,33,NA
"KP","HARIPUR","65 - 69","SEPERATION",30,16,14,NA,26,14,12,NA,4,2,2,NA
"KP","HARIPUR","65 - 69","WIDOWED",5012,4106,906,NA,4280,3491,789,NA,732,615,117,NA
"KP","HARIPUR","70 - 74","DIVORCED",61,38,23,NA,54,36,18,NA,7,2,5,NA
"KP","HARIPUR","70 - 74","MARRIED",12139,3924,8215,NA,10601,3481,7120,NA,1538,443,1095,NA
"KP","HARIPUR","70 - 74","NEVER MARRIED",245,140,104,1,191,108,83,NA,54,32,21,1
"KP","HARIPUR","70 - 74","SEPERATION",20,9,11,NA,19,9,10,NA,1,NA,1,NA
"KP","HARIPUR","70 - 74","WIDOWED",5626,4393,1233,NA,4831,3753,1078,NA,795,640,155,NA
"KP","HARIPUR","75 & ABOVE","DIVORCED",35,26,9,NA,30,22,8,NA,5,4,1,NA
"KP","HARIPUR","75 & ABOVE","MARRIED",10037,2738,7299,NA,8794,2476,6318,NA,1243,262,981,NA
"KP","HARIPUR","75 & ABOVE","NEVER MARRIED",214,121,92,1,171,92,78,1,43,29,14,NA
"KP","HARIPUR","75 & ABOVE","SEPERATION",15,8,7,NA,14,7,7,NA,1,1,NA,NA
"KP","HARIPUR","75 & ABOVE","WIDOWED",8380,6038,2342,NA,7197,5159,2038,NA,1183,879,304,NA
"KP","KARAK","15 &  ABOVE","DIVORCED",820,730,90,NA,768,681,87,NA,52,49,3,NA
"KP","KARAK","15 &  ABOVE","MARRIED",309291,158007,151284,NA,286780,146642,140138,NA,22511,11365,11146,NA
"KP","KARAK","15 &  ABOVE","NEVER MARRIED",149097,60973,88113,11,138138,56365,81762,11,10959,4608,6351,NA
"KP","KARAK","15 &  ABOVE","SEPERATION",421,301,120,NA,412,296,116,NA,9,5,4,NA
"KP","KARAK","15 &  ABOVE","WIDOWED",15095,12363,2732,NA,14157,11609,2548,NA,938,754,184,NA
"KP","KARAK","15 - 19","DIVORCED",22,18,4,NA,22,18,4,NA,NA,NA,NA,NA
"KP","KARAK","15 - 19","MARRIED",7756,5923,1833,NA,7326,5588,1738,NA,430,335,95,NA
"KP","KARAK","15 - 19","NEVER MARRIED",77144,34665,42473,6,71713,32172,39535,6,5431,2493,2938,NA
"KP","KARAK","15 - 19","SEPERATION",8,8,NA,NA,8,8,NA,NA,NA,NA,NA,NA
"KP","KARAK","15 - 19","WIDOWED",25,18,7,NA,23,17,6,NA,2,1,1,NA
"KP","KARAK","20 - 24","DIVORCED",65,58,7,NA,63,56,7,NA,2,2,NA,NA
"KP","KARAK","20 - 24","MARRIED",29619,19944,9675,NA,27650,18601,9049,NA,1969,1343,626,NA
"KP","KARAK","20 - 24","NEVER MARRIED",41817,14888,26927,2,38682,13711,24969,2,3135,1177,1958,NA
"KP","KARAK","20 - 24","SEPERATION",27,22,5,NA,27,22,5,NA,NA,NA,NA,NA
"KP","KARAK","20 - 24","WIDOWED",82,72,10,NA,76,66,10,NA,6,6,NA,NA
"KP","KARAK","25 - 29","DIVORCED",107,91,16,NA,102,86,16,NA,5,5,NA,NA
"KP","KARAK","25 - 29","MARRIED",45386,25598,19788,NA,42232,23751,18481,NA,3154,1847,1307,NA
"KP","KARAK","25 - 29","NEVER MARRIED",17498,5628,11870,NA,15989,5097,10892,NA,1509,531,978,NA
"KP","KARAK","25 - 29","SEPERATION",53,39,14,NA,53,39,14,NA,NA,NA,NA,NA
"KP","KARAK","25 - 29","WIDOWED",184,152,32,NA,172,141,31,NA,12,11,1,NA
"KP","KARAK","30 - 34","DIVORCED",129,114,15,NA,121,106,15,NA,8,8,NA,NA
"KP","KARAK","30 - 34","MARRIED",47585,24777,22808,NA,44194,22980,21214,NA,3391,1797,1594,NA
"KP","KARAK","30 - 34","NEVER MARRIED",6232,2355,3875,2,5770,2178,3590,2,462,177,285,NA
"KP","KARAK","30 - 34","SEPERATION",52,37,15,NA,48,34,14,NA,4,3,1,NA
"KP","KARAK","30 - 34","WIDOWED",302,271,31,NA,286,255,31,NA,16,16,NA,NA
"KP","KARAK","35 - 39","DIVORCED",122,107,15,NA,114,101,13,NA,8,6,2,NA
"KP","KARAK","35 - 39","MARRIED",42285,20861,21424,NA,38797,19165,19632,NA,3488,1696,1792,NA
"KP","KARAK","35 - 39","NEVER MARRIED",2709,1296,1412,1,2484,1182,1301,1,225,114,111,NA
"KP","KARAK","35 - 39","SEPERATION",44,34,10,NA,43,33,10,NA,1,1,NA,NA
"KP","KARAK","35 - 39","WIDOWED",458,405,53,NA,419,371,48,NA,39,34,5,NA
"KP","KARAK","40 - 44","DIVORCED",107,97,10,NA,97,88,9,NA,10,9,1,NA
"KP","KARAK","40 - 44","MARRIED",35212,16789,18423,NA,32471,15516,16955,NA,2741,1273,1468,NA
"KP","KARAK","40 - 44","NEVER MARRIED",1464,803,661,NA,1377,753,624,NA,87,50,37,NA
"KP","KARAK","40 - 44","SEPERATION",45,33,12,NA,45,33,12,NA,NA,NA,NA,NA
"KP","KARAK","40 - 44","WIDOWED",698,615,83,NA,656,577,79,NA,42,38,4,NA
"KP","KARAK","45 - 49","DIVORCED",86,83,3,NA,81,78,3,NA,5,5,NA,NA
"KP","KARAK","45 - 49","MARRIED",27051,12608,14443,NA,24854,11586,13268,NA,2197,1022,1175,NA
"KP","KARAK","45 - 49","NEVER MARRIED",835,467,368,NA,784,436,348,NA,51,31,20,NA
"KP","KARAK","45 - 49","SEPERATION",40,28,12,NA,40,28,12,NA,NA,NA,NA,NA
"KP","KARAK","45 - 49","WIDOWED",915,806,109,NA,850,752,98,NA,65,54,11,NA
"KP","KARAK","50 - 54","DIVORCED",59,56,3,NA,52,49,3,NA,7,7,NA,NA
"KP","KARAK","50 - 54","MARRIED",21894,10432,11462,NA,20265,9702,10563,NA,1629,730,899,NA
"KP","KARAK","50 - 54","NEVER MARRIED",510,328,182,NA,484,313,171,NA,26,15,11,NA
"KP","KARAK","50 - 54","SEPERATION",43,32,11,NA,43,32,11,NA,NA,NA,NA,NA
"KP","KARAK","50 - 54","WIDOWED",1384,1240,144,NA,1299,1163,136,NA,85,77,8,NA
"KP","KARAK","55 - 59","DIVORCED",60,55,5,NA,55,50,5,NA,5,5,NA,NA
"KP","KARAK","55 - 59","MARRIED",17965,8111,9854,NA,16669,7574,9095,NA,1296,537,759,NA
"KP","KARAK","55 - 59","NEVER MARRIED",345,208,137,NA,330,198,132,NA,15,10,5,NA
"KP","KARAK","55 - 59","SEPERATION",28,23,5,NA,28,23,5,NA,NA,NA,NA,NA
"KP","KARAK","55 - 59","WIDOWED",1598,1408,190,NA,1493,1310,183,NA,105,98,7,NA
"KP","KARAK","60 - 64","DIVORCED",33,29,4,NA,32,28,4,NA,1,1,NA,NA
"KP","KARAK","60 - 64","MARRIED",13987,5760,8227,NA,13023,5388,7635,NA,964,372,592,NA
"KP","KARAK","60 - 64","NEVER MARRIED",225,135,90,NA,221,133,88,NA,4,2,2,NA
"KP","KARAK","60 - 64","SEPERATION",32,20,12,NA,32,20,12,NA,NA,NA,NA,NA
"KP","KARAK","60 - 64","WIDOWED",2042,1757,285,NA,1911,1650,261,NA,131,107,24,NA
"KP","KARAK","65 - 69","DIVORCED",16,12,4,NA,15,11,4,NA,1,1,NA,NA
"KP","KARAK","65 - 69","MARRIED",9027,3485,5542,NA,8438,3271,5167,NA,589,214,375,NA
"KP","KARAK","65 - 69","NEVER MARRIED",136,91,45,NA,130,87,43,NA,6,4,2,NA
"KP","KARAK","65 - 69","SEPERATION",19,14,5,NA,18,13,5,NA,1,1,NA,NA
"KP","KARAK","65 - 69","WIDOWED",1904,1528,376,NA,1781,1433,348,NA,123,95,28,NA
"KP","KARAK","70 - 74","DIVORCED",5,4,1,NA,5,4,1,NA,NA,NA,NA,NA
"KP","KARAK","70 - 74","MARRIED",6219,2164,4055,NA,5861,2049,3812,NA,358,115,243,NA
"KP","KARAK","70 - 74","NEVER MARRIED",95,54,41,NA,90,52,38,NA,5,2,3,NA
"KP","KARAK","70 - 74","SEPERATION",12,3,9,NA,10,3,7,NA,2,NA,2,NA
"KP","KARAK","70 - 74","WIDOWED",2135,1689,446,NA,2001,1589,412,NA,134,100,34,NA
"KP","KARAK","75 & ABOVE","DIVORCED",9,6,3,NA,9,6,3,NA,NA,NA,NA,NA
"KP","KARAK","75 & ABOVE","MARRIED",5305,1555,3750,NA,5000,1471,3529,NA,305,84,221,NA
"KP","KARAK","75 & ABOVE","NEVER MARRIED",87,55,32,NA,84,53,31,NA,3,2,1,NA
"KP","KARAK","75 & ABOVE","SEPERATION",18,8,10,NA,17,8,9,NA,1,NA,1,NA
"KP","KARAK","75 & ABOVE","WIDOWED",3368,2402,966,NA,3190,2285,905,NA,178,117,61,NA
"KP","KHYBER","15 &  ABOVE","DIVORCED",230,172,58,NA,207,154,53,NA,23,18,5,NA
"KP","KHYBER","15 &  ABOVE","MARRIED",420704,214883,205821,NA,385309,196954,188355,NA,35395,17929,17466,NA
"KP","KHYBER","15 &  ABOVE","NEVER MARRIED",150665,56659,93999,7,135355,50971,84377,7,15310,5688,9622,NA
"KP","KHYBER","15 &  ABOVE","SEPERATION",239,126,113,NA,203,115,88,NA,36,11,25,NA
"KP","KHYBER","15 &  ABOVE","WIDOWED",13599,11394,2205,NA,12310,10291,2019,NA,1289,1103,186,NA
"KP","KHYBER","15 - 19","DIVORCED",15,11,4,NA,14,10,4,NA,1,1,NA,NA
"KP","KHYBER","15 - 19","MARRIED",21849,14924,6925,NA,20509,13854,6655,NA,1340,1070,270,NA
"KP","KHYBER","15 - 19","NEVER MARRIED",105193,43891,61298,4,96104,39991,56109,4,9089,3900,5189,NA
"KP","KHYBER","15 - 19","SEPERATION",14,5,9,NA,13,5,8,NA,1,NA,1,NA
"KP","KHYBER","15 - 19","WIDOWED",31,17,14,NA,31,17,14,NA,NA,NA,NA,NA
"KP","KHYBER","20 - 24","DIVORCED",30,20,10,NA,24,16,8,NA,6,4,2,NA
"KP","KHYBER","20 - 24","MARRIED",57405,34696,22709,NA,53447,32060,21387,NA,3958,2636,1322,NA
"KP","KHYBER","20 - 24","NEVER MARRIED",32270,9077,23192,1,28166,7935,20230,1,4104,1142,2962,NA
"KP","KHYBER","20 - 24","SEPERATION",14,8,6,NA,14,8,6,NA,NA,NA,NA,NA
"KP","KHYBER","20 - 24","WIDOWED",101,80,21,NA,93,72,21,NA,8,8,NA,NA
"KP","KHYBER","25 - 29","DIVORCED",36,24,12,NA,34,22,12,NA,2,2,NA,NA
"KP","KHYBER","25 - 29","MARRIED",71702,37146,34556,NA,65848,33943,31905,NA,5854,3203,2651,NA
"KP","KHYBER","25 - 29","NEVER MARRIED",8730,2135,6594,1,7329,1768,5560,1,1401,367,1034,NA
"KP","KHYBER","25 - 29","SEPERATION",22,6,16,NA,19,4,15,NA,3,2,1,NA
"KP","KHYBER","25 - 29","WIDOWED",225,173,52,NA,208,157,51,NA,17,16,1,NA
"KP","KHYBER","30 - 34","DIVORCED",34,24,10,NA,33,23,10,NA,1,1,NA,NA
"KP","KHYBER","30 - 34","MARRIED",64980,33302,31678,NA,59577,30493,29084,NA,5403,2809,2594,NA
"KP","KHYBER","30 - 34","NEVER MARRIED",2307,790,1517,NA,1925,649,1276,NA,382,141,241,NA
"KP","KHYBER","30 - 34","SEPERATION",18,10,8,NA,16,9,7,NA,2,1,1,NA
"KP","KHYBER","30 - 34","WIDOWED",407,357,50,NA,377,332,45,NA,30,25,5,NA
"KP","KHYBER","35 - 39","DIVORCED",28,22,6,NA,24,18,6,NA,4,4,NA,NA
"KP","KHYBER","35 - 39","MARRIED",56253,27366,28887,NA,51224,24960,26264,NA,5029,2406,2623,NA
"KP","KHYBER","35 - 39","NEVER MARRIED",1046,369,677,NA,874,293,581,NA,172,76,96,NA
"KP","KHYBER","35 - 39","SEPERATION",24,15,9,NA,23,14,9,NA,1,1,NA,NA
"KP","KHYBER","35 - 39","WIDOWED",612,551,61,NA,562,503,59,NA,50,48,2,NA
"KP","KHYBER","40 - 44","DIVORCED",24,15,9,NA,21,14,7,NA,3,1,2,NA
"KP","KHYBER","40 - 44","MARRIED",42079,20089,21990,NA,38043,18298,19745,NA,4036,1791,2245,NA
"KP","KHYBER","40 - 44","NEVER MARRIED",492,171,321,NA,411,141,270,NA,81,30,51,NA
"KP","KHYBER","40 - 44","SEPERATION",20,13,7,NA,16,11,5,NA,4,2,2,NA
"KP","KHYBER","40 - 44","WIDOWED",854,777,77,NA,772,699,73,NA,82,78,4,NA
"KP","KHYBER","45 - 49","DIVORCED",17,15,2,NA,15,14,1,NA,2,1,1,NA
"KP","KHYBER","45 - 49","MARRIED",31312,14915,16397,NA,28276,13567,14709,NA,3036,1348,1688,NA
"KP","KHYBER","45 - 49","NEVER MARRIED",252,96,156,NA,221,84,137,NA,31,12,19,NA
"KP","KHYBER","45 - 49","SEPERATION",22,14,8,NA,17,13,4,NA,5,1,4,NA
"KP","KHYBER","45 - 49","WIDOWED",1159,1048,111,NA,1041,942,99,NA,118,106,12,NA
"KP","KHYBER","50 - 54","DIVORCED",12,10,2,NA,10,8,2,NA,2,2,NA,NA
"KP","KHYBER","50 - 54","MARRIED",23600,11215,12385,NA,21344,10232,11112,NA,2256,983,1273,NA
"KP","KHYBER","50 - 54","NEVER MARRIED",157,56,100,1,140,52,87,1,17,4,13,NA
"KP","KHYBER","50 - 54","SEPERATION",26,20,6,NA,24,20,4,NA,2,NA,2,NA
"KP","KHYBER","50 - 54","WIDOWED",1454,1331,123,NA,1319,1200,119,NA,135,131,4,NA
"KP","KHYBER","55 - 59","DIVORCED",11,10,1,NA,10,9,1,NA,1,1,NA,NA
"KP","KHYBER","55 - 59","MARRIED",18107,8633,9474,NA,16472,7906,8566,NA,1635,727,908,NA
"KP","KHYBER","55 - 59","NEVER MARRIED",77,30,47,NA,63,24,39,NA,14,6,8,NA
"KP","KHYBER","55 - 59","SEPERATION",13,9,4,NA,10,8,2,NA,3,1,2,NA
"KP","KHYBER","55 - 59","WIDOWED",1596,1422,174,NA,1440,1283,157,NA,156,139,17,NA
"KP","KHYBER","60 - 64","DIVORCED",12,12,NA,NA,11,11,NA,NA,1,1,NA,NA
"KP","KHYBER","60 - 64","MARRIED",15513,6610,8903,NA,14195,6095,8100,NA,1318,515,803,NA
"KP","KHYBER","60 - 64","NEVER MARRIED",67,26,41,NA,59,24,35,NA,8,2,6,NA
"KP","KHYBER","60 - 64","SEPERATION",23,8,15,NA,19,7,12,NA,4,1,3,NA
"KP","KHYBER","60 - 64","WIDOWED",2159,1865,294,NA,1982,1714,268,NA,177,151,26,NA
"KP","KHYBER","65 - 69","DIVORCED",6,5,1,NA,6,5,1,NA,NA,NA,NA,NA
"KP","KHYBER","65 - 69","MARRIED",8852,3155,5697,NA,8093,2928,5165,NA,759,227,532,NA
"KP","KHYBER","65 - 69","NEVER MARRIED",31,9,22,NA,25,4,21,NA,6,5,1,NA
"KP","KHYBER","65 - 69","SEPERATION",17,11,6,NA,13,10,3,NA,4,1,3,NA
"KP","KHYBER","65 - 69","WIDOWED",1656,1306,350,NA,1488,1171,317,NA,168,135,33,NA
"KP","KHYBER","70 - 74","DIVORCED",4,3,1,NA,4,3,1,NA,NA,NA,NA,NA
"KP","KHYBER","70 - 74","MARRIED",5353,1773,3580,NA,4920,1642,3278,NA,433,131,302,NA
"KP","KHYBER","70 - 74","NEVER MARRIED",18,5,13,NA,16,3,13,NA,2,2,NA,NA
"KP","KHYBER","70 - 74","SEPERATION",15,4,11,NA,9,3,6,NA,6,1,5,NA
"KP","KHYBER","70 - 74","WIDOWED",1599,1227,372,NA,1437,1100,337,NA,162,127,35,NA
"KP","KHYBER","75 & ABOVE","DIVORCED",1,1,NA,NA,1,1,NA,NA,NA,NA,NA,NA
"KP","KHYBER","75 & ABOVE","MARRIED",3699,1059,2640,NA,3361,976,2385,NA,338,83,255,NA
"KP","KHYBER","75 & ABOVE","NEVER MARRIED",25,4,21,NA,22,3,19,NA,3,1,2,NA
"KP","KHYBER","75 & ABOVE","SEPERATION",11,3,8,NA,10,3,7,NA,1,NA,1,NA
"KP","KHYBER","75 & ABOVE","WIDOWED",1746,1240,506,NA,1560,1101,459,NA,186,139,47,NA
"KP","KHYBER PAKHTUNKHWA","15 &  ABOVE","DIVORCED",26843,20435,6408,NA,22263,16943,5320,NA,4580,3492,1088,NA
"KP","KHYBER PAKHTUNKHWA","15 &  ABOVE","MARRIED",15570714,8091765,7478949,NA,13173882,6879378,6294504,NA,2396832,1212387,1184445,NA
"KP","KHYBER PAKHTUNKHWA","15 &  ABOVE","NEVER MARRIED",6672554,2679529,3991984,1041,5455207,2184386,3270417,404,1217347,495143,721567,637
"KP","KHYBER PAKHTUNKHWA","15 &  ABOVE","SEPERATION",16152,10255,5897,NA,13782,8789,4993,NA,2370,1466,904,NA
"KP","KHYBER PAKHTUNKHWA","15 &  ABOVE","WIDOWED",694694,559689,135005,NA,576607,464969,111638,NA,118087,94720,23367,NA
"KP","KHYBER PAKHTUNKHWA","15 - 19","DIVORCED",758,632,126,NA,670,552,118,NA,88,80,8,NA
"KP","KHYBER PAKHTUNKHWA","15 - 19","MARRIED",561722,431311,130411,NA,502005,382134,119871,NA,59717,49177,10540,NA
"KP","KHYBER PAKHTUNKHWA","15 - 19","NEVER MARRIED",3724185,1640829,2083134,222,3123406,1372562,1750678,166,600779,268267,332456,56
"KP","KHYBER PAKHTUNKHWA","15 - 19","SEPERATION",764,457,307,NA,664,398,266,NA,100,59,41,NA
"KP","KHYBER PAKHTUNKHWA","15 - 19","WIDOWED",1045,706,339,NA,907,604,303,NA,138,102,36,NA
"KP","KHYBER PAKHTUNKHWA","20 - 24","DIVORCED",2505,2058,447,NA,2157,1757,400,NA,348,301,47,NA
"KP","KHYBER PAKHTUNKHWA","20 - 24","MARRIED",1696437,1155028,541409,NA,1487272,1005441,481831,NA,209165,149587,59578,NA
"KP","KHYBER PAKHTUNKHWA","20 - 24","NEVER MARRIED",1745005,567967,1176839,199,1396554,444013,952471,70,348451,123954,224368,129
"KP","KHYBER PAKHTUNKHWA","20 - 24","SEPERATION",1400,923,477,NA,1202,801,401,NA,198,122,76,NA
"KP","KHYBER PAKHTUNKHWA","20 - 24","WIDOWED",3900,2975,925,NA,3426,2606,820,NA,474,369,105,NA
"KP","KHYBER PAKHTUNKHWA","25 - 29","DIVORCED",3792,2988,804,NA,3246,2522,724,NA,546,466,80,NA
"KP","KHYBER PAKHTUNKHWA","25 - 29","MARRIED",2251616,1301070,950546,NA,1928557,1108728,819829,NA,323059,192342,130717,NA
"KP","KHYBER PAKHTUNKHWA","25 - 29","NEVER MARRIED",670535,208642,461708,185,522411,160828,361539,44,148124,47814,100169,141
"KP","KHYBER PAKHTUNKHWA","25 - 29","SEPERATION",1644,1017,627,NA,1400,843,557,NA,244,174,70,NA
"KP","KHYBER PAKHTUNKHWA","25 - 29","WIDOWED",7950,6167,1783,NA,6884,5310,1574,NA,1066,857,209,NA
"KP","KHYBER PAKHTUNKHWA","30 - 34","DIVORCED",4425,3412,1013,NA,3689,2832,857,NA,736,580,156,NA
"KP","KHYBER PAKHTUNKHWA","30 - 34","MARRIED",2301269,1229996,1071273,NA,1948455,1041876,906579,NA,352814,188120,164694,NA
"KP","KHYBER PAKHTUNKHWA","30 - 34","NEVER MARRIED",251339,110517,140677,145,194661,86427,108203,31,56678,24090,32474,114
"KP","KHYBER PAKHTUNKHWA","30 - 34","SEPERATION",1959,1235,724,NA,1663,1032,631,NA,296,203,93,NA
"KP","KHYBER PAKHTUNKHWA","30 - 34","WIDOWED",13967,11674,2293,NA,11824,9860,1964,NA,2143,1814,329,NA
"KP","KHYBER PAKHTUNKHWA","35 - 39","DIVORCED",4128,3064,1064,NA,3317,2444,873,NA,811,620,191,NA
"KP","KHYBER PAKHTUNKHWA","35 - 39","MARRIED",2110678,1052527,1058151,NA,1759706,878790,880916,NA,350972,173737,177235,NA
"KP","KHYBER PAKHTUNKHWA","35 - 39","NEVER MARRIED",113189,52691,60404,94,87124,41781,45327,16,26065,10910,15077,78
"KP","KHYBER PAKHTUNKHWA","35 - 39","SEPERATION",1990,1243,747,NA,1673,1046,627,NA,317,197,120,NA
"KP","KHYBER PAKHTUNKHWA","35 - 39","WIDOWED",21933,18776,3157,NA,18340,15723,2617,NA,3593,3053,540,NA
"KP","KHYBER PAKHTUNKHWA","40 - 44","DIVORCED",3427,2500,927,NA,2765,2024,741,NA,662,476,186,NA
"KP","KHYBER PAKHTUNKHWA","40 - 44","MARRIED",1750792,847683,903109,NA,1451269,708244,743025,NA,299523,139439,160084,NA
"KP","KHYBER PAKHTUNKHWA","40 - 44","NEVER MARRIED",62143,33877,28193,73,48437,27219,21198,20,13706,6658,6995,53
"KP","KHYBER PAKHTUNKHWA","40 - 44","SEPERATION",1851,1231,620,NA,1541,1050,491,NA,310,181,129,NA
"KP","KHYBER PAKHTUNKHWA","40 - 44","WIDOWED",35119,31083,4036,NA,28961,25689,3272,NA,6158,5394,764,NA
"KP","KHYBER PAKHTUNKHWA","45 - 49","DIVORCED",2445,1827,618,NA,1951,1475,476,NA,494,352,142,NA
"KP","KHYBER PAKHTUNKHWA","45 - 49","MARRIED",1340545,635683,704862,NA,1109079,531048,578031,NA,231466,104635,126831,NA
"KP","KHYBER PAKHTUNKHWA","45 - 49","NEVER MARRIED",35852,20351,15466,35,27904,16243,11652,9,7948,4108,3814,26
"KP","KHYBER PAKHTUNKHWA","45 - 49","SEPERATION",1527,1023,504,NA,1294,874,420,NA,233,149,84,NA
"KP","KHYBER PAKHTUNKHWA","45 - 49","WIDOWED",45811,40910,4901,NA,37230,33269,3961,NA,8581,7641,940,NA
"KP","KHYBER PAKHTUNKHWA","50 - 54","DIVORCED",1867,1427,440,NA,1526,1180,346,NA,341,247,94,NA
"KP","KHYBER PAKHTUNKHWA","50 - 54","MARRIED",1100424,506738,593686,NA,917361,427895,489466,NA,183063,78843,104220,NA
"KP","KHYBER PAKHTUNKHWA","50 - 54","NEVER MARRIED",24052,14935,9073,44,18726,11929,6774,23,5326,3006,2299,21
"KP","KHYBER PAKHTUNKHWA","50 - 54","SEPERATION",1358,924,434,NA,1164,814,350,NA,194,110,84,NA
"KP","KHYBER PAKHTUNKHWA","50 - 54","WIDOWED",68346,61055,7291,NA,55746,49888,5858,NA,12600,11167,1433,NA
"KP","KHYBER PAKHTUNKHWA","55 - 59","DIVORCED",1341,1003,338,NA,1114,843,271,NA,227,160,67,NA
"KP","KHYBER PAKHTUNKHWA","55 - 59","MARRIED",828057,358737,469320,NA,690078,301630,388448,NA,137979,57107,80872,NA
"KP","KHYBER PAKHTUNKHWA","55 - 59","NEVER MARRIED",16094,10152,5918,24,12492,8046,4432,14,3602,2106,1486,10
"KP","KHYBER PAKHTUNKHWA","55 - 59","SEPERATION",1100,751,349,NA,922,647,275,NA,178,104,74,NA
"KP","KHYBER PAKHTUNKHWA","55 - 59","WIDOWED",74944,65155,9789,NA,60909,53000,7909,NA,14035,12155,1880,NA
"KP","KHYBER PAKHTUNKHWA","60 - 64","DIVORCED",949,702,247,NA,780,587,193,NA,169,115,54,NA
"KP","KHYBER PAKHTUNKHWA","60 - 64","MARRIED",649207,256763,392444,NA,544934,218967,325967,NA,104273,37796,66477,NA
"KP","KHYBER PAKHTUNKHWA","60 - 64","NEVER MARRIED",12532,8209,4319,4,9782,6481,3299,2,2750,1728,1020,2
"KP","KHYBER PAKHTUNKHWA","60 - 64","SEPERATION",938,595,343,NA,812,516,296,NA,126,79,47,NA
"KP","KHYBER PAKHTUNKHWA","60 - 64","WIDOWED",96643,81144,15499,NA,78966,66523,12443,NA,17677,14621,3056,NA
"KP","KHYBER PAKHTUNKHWA","65 - 69","DIVORCED",559,388,171,NA,470,333,137,NA,89,55,34,NA
"KP","KHYBER PAKHTUNKHWA","65 - 69","MARRIED",437906,156649,281257,NA,369145,134512,234633,NA,68761,22137,46624,NA
"KP","KHYBER PAKHTUNKHWA","65 - 69","NEVER MARRIED",7575,4954,2619,2,5804,3814,1988,2,1771,1140,631,NA
"KP","KHYBER PAKHTUNKHWA","65 - 69","SEPERATION",628,386,242,NA,544,338,206,NA,84,48,36,NA
"KP","KHYBER PAKHTUNKHWA","65 - 69","WIDOWED",90223,71812,18411,NA,74137,59237,14900,NA,16086,12575,3511,NA
"KP","KHYBER PAKHTUNKHWA","70 - 74","DIVORCED",370,252,118,NA,328,228,100,NA,42,24,18,NA
"KP","KHYBER PAKHTUNKHWA","70 - 74","MARRIED",298927,96126,202801,NA,255475,83912,171563,NA,43452,12214,31238,NA
"KP","KHYBER PAKHTUNKHWA","70 - 74","NEVER MARRIED",5433,3508,1918,7,4242,2766,1473,3,1191,742,445,4
"KP","KHYBER PAKHTUNKHWA","70 - 74","SEPERATION",489,266,223,NA,442,247,195,NA,47,19,28,NA
"KP","KHYBER PAKHTUNKHWA","70 - 74","WIDOWED",97282,73789,23493,NA,81668,62228,19440,NA,15614,11561,4053,NA
"KP","KHYBER PAKHTUNKHWA","75 & ABOVE","DIVORCED",277,182,95,NA,250,166,84,NA,27,16,11,NA
"KP","KHYBER PAKHTUNKHWA","75 & ABOVE","MARRIED",243134,63454,179680,NA,210546,56201,154345,NA,32588,7253,25335,NA
"KP","KHYBER PAKHTUNKHWA","75 & ABOVE","NEVER MARRIED",4620,2897,1716,7,3664,2277,1383,4,956,620,333,3
"KP","KHYBER PAKHTUNKHWA","75 & ABOVE","SEPERATION",504,204,300,NA,461,183,278,NA,43,21,22,NA
"KP","KHYBER PAKHTUNKHWA","75 & ABOVE","WIDOWED",137531,94443,43088,NA,117609,81032,36577,NA,19922,13411,6511,NA
"KP","KOHAT","15 &  ABOVE","DIVORCED",1438,1210,228,NA,1162,979,183,NA,276,231,45,NA
"KP","KOHAT","15 &  ABOVE","MARRIED",493026,258472,234554,NA,379801,201237,178564,NA,113225,57235,55990,NA
"KP","KOHAT","15 &  ABOVE","NEVER MARRIED",223003,89033,133944,26,167298,66596,100695,7,55705,22437,33249,19
"KP","KOHAT","15 &  ABOVE","SEPERATION",762,441,321,NA,624,364,260,NA,138,77,61,NA
"KP","KOHAT","15 &  ABOVE","WIDOWED",27266,22167,5099,NA,21045,17271,3774,NA,6221,4896,1325,NA
"KP","KOHAT","15 - 19","DIVORCED",28,25,3,NA,23,20,3,NA,5,5,NA,NA
"KP","KOHAT","15 - 19","MARRIED",14079,11095,2984,NA,11731,9220,2511,NA,2348,1875,473,NA
"KP","KOHAT","15 - 19","NEVER MARRIED",121003,52672,68326,5,93988,40795,53190,3,27015,11877,15136,2
"KP","KOHAT","15 - 19","SEPERATION",29,19,10,NA,23,15,8,NA,6,4,2,NA
"KP","KOHAT","15 - 19","WIDOWED",31,22,9,NA,26,18,8,NA,5,4,1,NA
"KP","KOHAT","20 - 24","DIVORCED",118,106,12,NA,90,80,10,NA,28,26,2,NA
"KP","KOHAT","20 - 24","MARRIED",47326,32600,14726,NA,38262,26247,12015,NA,9064,6353,2711,NA
"KP","KOHAT","20 - 24","NEVER MARRIED",59053,19664,39378,11,43218,13933,29283,2,15835,5731,10095,9
"KP","KOHAT","20 - 24","SEPERATION",52,38,14,NA,45,34,11,NA,7,4,3,NA
"KP","KOHAT","20 - 24","WIDOWED",139,101,38,NA,108,82,26,NA,31,19,12,NA
"KP","KOHAT","25 - 29","DIVORCED",183,149,34,NA,143,111,32,NA,40,38,2,NA
"KP","KOHAT","25 - 29","MARRIED",70741,41386,29355,NA,55624,32337,23287,NA,15117,9049,6068,NA
"KP","KOHAT","25 - 29","NEVER MARRIED",23481,7397,16082,2,16497,5134,11362,1,6984,2263,4720,1
"KP","KOHAT","25 - 29","SEPERATION",84,49,35,NA,71,39,32,NA,13,10,3,NA
"KP","KOHAT","25 - 29","WIDOWED",323,261,62,NA,253,205,48,NA,70,56,14,NA
"KP","KOHAT","30 - 34","DIVORCED",258,220,38,NA,205,176,29,NA,53,44,9,NA
"KP","KOHAT","30 - 34","MARRIED",73275,39456,33819,NA,56430,30447,25983,NA,16845,9009,7836,NA
"KP","KOHAT","30 - 34","NEVER MARRIED",8714,3563,5149,2,6069,2598,3471,NA,2645,965,1678,2
"KP","KOHAT","30 - 34","SEPERATION",91,49,42,NA,74,40,34,NA,17,9,8,NA
"KP","KOHAT","30 - 34","WIDOWED",552,472,80,NA,438,374,64,NA,114,98,16,NA
"KP","KOHAT","35 - 39","DIVORCED",200,166,34,NA,158,131,27,NA,42,35,7,NA
"KP","KOHAT","35 - 39","MARRIED",68885,35552,33333,NA,51933,26962,24971,NA,16952,8590,8362,NA
"KP","KOHAT","35 - 39","NEVER MARRIED",4392,2072,2318,2,3052,1514,1538,NA,1340,558,780,2
"KP","KOHAT","35 - 39","SEPERATION",103,59,44,NA,79,47,32,NA,24,12,12,NA
"KP","KOHAT","35 - 39","WIDOWED",850,744,106,NA,677,600,77,NA,173,144,29,NA
"KP","KOHAT","40 - 44","DIVORCED",227,193,34,NA,188,161,27,NA,39,32,7,NA
"KP","KOHAT","40 - 44","MARRIED",57626,28447,29179,NA,43079,21609,21470,NA,14547,6838,7709,NA
"KP","KOHAT","40 - 44","NEVER MARRIED",2594,1418,1176,NA,1874,1067,807,NA,720,351,369,NA
"KP","KOHAT","40 - 44","SEPERATION",94,51,43,NA,77,44,33,NA,17,7,10,NA
"KP","KOHAT","40 - 44","WIDOWED",1405,1256,149,NA,1062,956,106,NA,343,300,43,NA
"KP","KOHAT","45 - 49","DIVORCED",142,118,24,NA,117,98,19,NA,25,20,5,NA
"KP","KOHAT","45 - 49","MARRIED",44366,21342,23024,NA,33121,16235,16886,NA,11245,5107,6138,NA
"KP","KOHAT","45 - 49","NEVER MARRIED",1367,767,598,2,993,552,440,1,374,215,158,1
"KP","KOHAT","45 - 49","SEPERATION",85,49,36,NA,67,36,31,NA,18,13,5,NA
"KP","KOHAT","45 - 49","WIDOWED",1784,1607,177,NA,1295,1176,119,NA,489,431,58,NA
"KP","KOHAT","50 - 54","DIVORCED",95,77,18,NA,80,65,15,NA,15,12,3,NA
"KP","KOHAT","50 - 54","MARRIED",35222,16756,18466,NA,26624,13025,13599,NA,8598,3731,4867,NA
"KP","KOHAT","50 - 54","NEVER MARRIED",859,521,336,2,584,364,220,NA,275,157,116,2
"KP","KOHAT","50 - 54","SEPERATION",62,37,25,NA,53,32,21,NA,9,5,4,NA
"KP","KOHAT","50 - 54","WIDOWED",2549,2284,265,NA,1910,1731,179,NA,639,553,86,NA
"KP","KOHAT","55 - 59","DIVORCED",83,72,11,NA,70,64,6,NA,13,8,5,NA
"KP","KOHAT","55 - 59","MARRIED",27514,12503,15011,NA,20856,9642,11214,NA,6658,2861,3797,NA
"KP","KOHAT","55 - 59","NEVER MARRIED",563,349,214,NA,385,242,143,NA,178,107,71,NA
"KP","KOHAT","55 - 59","SEPERATION",41,27,14,NA,35,25,10,NA,6,2,4,NA
"KP","KOHAT","55 - 59","WIDOWED",3067,2657,410,NA,2236,1965,271,NA,831,692,139,NA
"KP","KOHAT","60 - 64","DIVORCED",43,37,6,NA,34,30,4,NA,9,7,2,NA
"KP","KOHAT","60 - 64","MARRIED",22252,9022,13230,NA,17100,7157,9943,NA,5152,1865,3287,NA
"KP","KOHAT","60 - 64","NEVER MARRIED",402,259,143,NA,267,178,89,NA,135,81,54,NA
"KP","KOHAT","60 - 64","SEPERATION",47,22,25,NA,39,19,20,NA,8,3,5,NA
"KP","KOHAT","60 - 64","WIDOWED",3991,3385,606,NA,3000,2580,420,NA,991,805,186,NA
"KP","KOHAT","65 - 69","DIVORCED",26,20,6,NA,21,17,4,NA,5,3,2,NA
"KP","KOHAT","65 - 69","MARRIED",14545,5271,9274,NA,11265,4220,7045,NA,3280,1051,2229,NA
"KP","KOHAT","65 - 69","NEVER MARRIED",251,147,104,NA,161,91,70,NA,90,56,34,NA
"KP","KOHAT","65 - 69","SEPERATION",39,22,17,NA,32,17,15,NA,7,5,2,NA
"KP","KOHAT","65 - 69","WIDOWED",3564,2880,684,NA,2711,2232,479,NA,853,648,205,NA
"KP","KOHAT","70 - 74","DIVORCED",21,15,6,NA,19,14,5,NA,2,1,1,NA
"KP","KOHAT","70 - 74","MARRIED",9533,3071,6462,NA,7560,2498,5062,NA,1973,573,1400,NA
"KP","KOHAT","70 - 74","NEVER MARRIED",179,108,71,NA,116,68,48,NA,63,40,23,NA
"KP","KOHAT","70 - 74","SEPERATION",14,9,5,NA,11,7,4,NA,3,2,1,NA
"KP","KOHAT","70 - 74","WIDOWED",3709,2796,913,NA,2945,2256,689,NA,764,540,224,NA
"KP","KOHAT","75 & ABOVE","DIVORCED",14,12,2,NA,14,12,2,NA,NA,NA,NA,NA
"KP","KOHAT","75 & ABOVE","MARRIED",7662,1971,5691,NA,6216,1638,4578,NA,1446,333,1113,NA
"KP","KOHAT","75 & ABOVE","NEVER MARRIED",145,96,49,NA,94,60,34,NA,51,36,15,NA
"KP","KOHAT","75 & ABOVE","SEPERATION",21,10,11,NA,18,9,9,NA,3,1,2,NA
"KP","KOHAT","75 & ABOVE","WIDOWED",5302,3702,1600,NA,4384,3096,1288,NA,918,606,312,NA
"KP","KOLAI PALAS KOHISTAN","15 &  ABOVE","DIVORCED",122,97,25,NA,122,97,25,NA,NA,NA,NA,NA
"KP","KOLAI PALAS KOHISTAN","15 &  ABOVE","MARRIED",68397,35515,32882,NA,68397,35515,32882,NA,NA,NA,NA,NA
"KP","KOLAI PALAS KOHISTAN","15 &  ABOVE","NEVER MARRIED",25754,10747,15005,2,25754,10747,15005,2,NA,NA,NA,NA
"KP","KOLAI PALAS KOHISTAN","15 &  ABOVE","SEPERATION",433,362,71,NA,433,362,71,NA,NA,NA,NA,NA
"KP","KOLAI PALAS KOHISTAN","15 &  ABOVE","WIDOWED",1453,1000,453,NA,1453,1000,453,NA,NA,NA,NA,NA
"KP","KOLAI PALAS KOHISTAN","15 - 19","DIVORCED",9,5,4,NA,9,5,4,NA,NA,NA,NA,NA
"KP","KOLAI PALAS KOHISTAN","15 - 19","MARRIED",5589,3071,2518,NA,5589,3071,2518,NA,NA,NA,NA,NA
"KP","KOLAI PALAS KOHISTAN","15 - 19","NEVER MARRIED",19859,8996,10862,1,19859,8996,10862,1,NA,NA,NA,NA
"KP","KOLAI PALAS KOHISTAN","15 - 19","SEPERATION",20,5,15,NA,20,5,15,NA,NA,NA,NA,NA
"KP","KOLAI PALAS KOHISTAN","15 - 19","WIDOWED",26,12,14,NA,26,12,14,NA,NA,NA,NA,NA
"KP","KOLAI PALAS KOHISTAN","20 - 24","DIVORCED",13,10,3,NA,13,10,3,NA,NA,NA,NA,NA
"KP","KOLAI PALAS KOHISTAN","20 - 24","MARRIED",11527,6625,4902,NA,11527,6625,4902,NA,NA,NA,NA,NA
"KP","KOLAI PALAS KOHISTAN","20 - 24","NEVER MARRIED",3661,1172,2489,NA,3661,1172,2489,NA,NA,NA,NA,NA
"KP","KOLAI PALAS KOHISTAN","20 - 24","SEPERATION",22,18,4,NA,22,18,4,NA,NA,NA,NA,NA
"KP","KOLAI PALAS KOHISTAN","20 - 24","WIDOWED",41,27,14,NA,41,27,14,NA,NA,NA,NA,NA
"KP","KOLAI PALAS KOHISTAN","25 - 29","DIVORCED",24,20,4,NA,24,20,4,NA,NA,NA,NA,NA
"KP","KOLAI PALAS KOHISTAN","25 - 29","MARRIED",11050,5853,5197,NA,11050,5853,5197,NA,NA,NA,NA,NA
"KP","KOLAI PALAS KOHISTAN","25 - 29","NEVER MARRIED",1191,350,840,1,1191,350,840,1,NA,NA,NA,NA
"KP","KOLAI PALAS KOHISTAN","25 - 29","SEPERATION",27,20,7,NA,27,20,7,NA,NA,NA,NA,NA
"KP","KOLAI PALAS KOHISTAN","25 - 29","WIDOWED",56,25,31,NA,56,25,31,NA,NA,NA,NA,NA
"KP","KOLAI PALAS KOHISTAN","30 - 34","DIVORCED",10,7,3,NA,10,7,3,NA,NA,NA,NA,NA
"KP","KOLAI PALAS KOHISTAN","30 - 34","MARRIED",9586,5273,4313,NA,9586,5273,4313,NA,NA,NA,NA,NA
"KP","KOLAI PALAS KOHISTAN","30 - 34","NEVER MARRIED",530,123,407,NA,530,123,407,NA,NA,NA,NA,NA
"KP","KOLAI PALAS KOHISTAN","30 - 34","SEPERATION",62,59,3,NA,62,59,3,NA,NA,NA,NA,NA
"KP","KOLAI PALAS KOHISTAN","30 - 34","WIDOWED",83,52,31,NA,83,52,31,NA,NA,NA,NA,NA
"KP","KOLAI PALAS KOHISTAN","35 - 39","DIVORCED",13,9,4,NA,13,9,4,NA,NA,NA,NA,NA
"KP","KOLAI PALAS KOHISTAN","35 - 39","MARRIED",8807,4632,4175,NA,8807,4632,4175,NA,NA,NA,NA,NA
"KP","KOLAI PALAS KOHISTAN","35 - 39","NEVER MARRIED",228,50,178,NA,228,50,178,NA,NA,NA,NA,NA
"KP","KOLAI PALAS KOHISTAN","35 - 39","SEPERATION",64,56,8,NA,64,56,8,NA,NA,NA,NA,NA
"KP","KOLAI PALAS KOHISTAN","35 - 39","WIDOWED",122,84,38,NA,122,84,38,NA,NA,NA,NA,NA
"KP","KOLAI PALAS KOHISTAN","40 - 44","DIVORCED",18,16,2,NA,18,16,2,NA,NA,NA,NA,NA
"KP","KOLAI PALAS KOHISTAN","40 - 44","MARRIED",6604,3328,3276,NA,6604,3328,3276,NA,NA,NA,NA,NA
"KP","KOLAI PALAS KOHISTAN","40 - 44","NEVER MARRIED",129,24,105,NA,129,24,105,NA,NA,NA,NA,NA
"KP","KOLAI PALAS KOHISTAN","40 - 44","SEPERATION",53,40,13,NA,53,40,13,NA,NA,NA,NA,NA
"KP","KOLAI PALAS KOHISTAN","40 - 44","WIDOWED",129,95,34,NA,129,95,34,NA,NA,NA,NA,NA
"KP","KOLAI PALAS KOHISTAN","45 - 49","DIVORCED",11,9,2,NA,11,9,2,NA,NA,NA,NA,NA
"KP","KOLAI PALAS KOHISTAN","45 - 49","MARRIED",5108,2479,2629,NA,5108,2479,2629,NA,NA,NA,NA,NA
"KP","KOLAI PALAS KOHISTAN","45 - 49","NEVER MARRIED",63,10,53,NA,63,10,53,NA,NA,NA,NA,NA
"KP","KOLAI PALAS KOHISTAN","45 - 49","SEPERATION",41,39,2,NA,41,39,2,NA,NA,NA,NA,NA
"KP","KOLAI PALAS KOHISTAN","45 - 49","WIDOWED",113,81,32,NA,113,81,32,NA,NA,NA,NA,NA
"KP","KOLAI PALAS KOHISTAN","50 - 54","DIVORCED",10,10,NA,NA,10,10,NA,NA,NA,NA,NA,NA
"KP","KOLAI PALAS KOHISTAN","50 - 54","MARRIED",3163,1479,1684,NA,3163,1479,1684,NA,NA,NA,NA,NA
"KP","KOLAI PALAS KOHISTAN","50 - 54","NEVER MARRIED",47,8,39,NA,47,8,39,NA,NA,NA,NA,NA
"KP","KOLAI PALAS KOHISTAN","50 - 54","SEPERATION",41,37,4,NA,41,37,4,NA,NA,NA,NA,NA
"KP","KOLAI PALAS KOHISTAN","50 - 54","WIDOWED",122,91,31,NA,122,91,31,NA,NA,NA,NA,NA
"KP","KOLAI PALAS KOHISTAN","55 - 59","DIVORCED",3,3,NA,NA,3,3,NA,NA,NA,NA,NA,NA
"KP","KOLAI PALAS KOHISTAN","55 - 59","MARRIED",2197,999,1198,NA,2197,999,1198,NA,NA,NA,NA,NA
"KP","KOLAI PALAS KOHISTAN","55 - 59","NEVER MARRIED",12,3,9,NA,12,3,9,NA,NA,NA,NA,NA
"KP","KOLAI PALAS KOHISTAN","55 - 59","SEPERATION",21,21,NA,NA,21,21,NA,NA,NA,NA,NA,NA
"KP","KOLAI PALAS KOHISTAN","55 - 59","WIDOWED",99,72,27,NA,99,72,27,NA,NA,NA,NA,NA
"KP","KOLAI PALAS KOHISTAN","60 - 64","DIVORCED",4,3,1,NA,4,3,1,NA,NA,NA,NA,NA
"KP","KOLAI PALAS KOHISTAN","60 - 64","MARRIED",1922,766,1156,NA,1922,766,1156,NA,NA,NA,NA,NA
"KP","KOLAI PALAS KOHISTAN","60 - 64","NEVER MARRIED",13,3,10,NA,13,3,10,NA,NA,NA,NA,NA
"KP","KOLAI PALAS KOHISTAN","60 - 64","SEPERATION",24,21,3,NA,24,21,3,NA,NA,NA,NA,NA
"KP","KOLAI PALAS KOHISTAN","60 - 64","WIDOWED",159,109,50,NA,159,109,50,NA,NA,NA,NA,NA
"KP","KOLAI PALAS KOHISTAN","65 - 69","DIVORCED",1,1,NA,NA,1,1,NA,NA,NA,NA,NA,NA
"KP","KOLAI PALAS KOHISTAN","65 - 69","MARRIED",1025,414,611,NA,1025,414,611,NA,NA,NA,NA,NA
"KP","KOLAI PALAS KOHISTAN","65 - 69","NEVER MARRIED",5,3,2,NA,5,3,2,NA,NA,NA,NA,NA
"KP","KOLAI PALAS KOHISTAN","65 - 69","SEPERATION",19,15,4,NA,19,15,4,NA,NA,NA,NA,NA
"KP","KOLAI PALAS KOHISTAN","65 - 69","WIDOWED",127,85,42,NA,127,85,42,NA,NA,NA,NA,NA
"KP","KOLAI PALAS KOHISTAN","70 - 74","DIVORCED",3,3,NA,NA,3,3,NA,NA,NA,NA,NA,NA
"KP","KOLAI PALAS KOHISTAN","70 - 74","MARRIED",854,309,545,NA,854,309,545,NA,NA,NA,NA,NA
"KP","KOLAI PALAS KOHISTAN","70 - 74","NEVER MARRIED",3,1,2,NA,3,1,2,NA,NA,NA,NA,NA
"KP","KOLAI PALAS KOHISTAN","70 - 74","SEPERATION",20,18,2,NA,20,18,2,NA,NA,NA,NA,NA
"KP","KOLAI PALAS KOHISTAN","70 - 74","WIDOWED",118,82,36,NA,118,82,36,NA,NA,NA,NA,NA
"KP","KOLAI PALAS KOHISTAN","75 & ABOVE","DIVORCED",3,1,2,NA,3,1,2,NA,NA,NA,NA,NA
"KP","KOLAI PALAS KOHISTAN","75 & ABOVE","MARRIED",965,287,678,NA,965,287,678,NA,NA,NA,NA,NA
"KP","KOLAI PALAS KOHISTAN","75 & ABOVE","NEVER MARRIED",13,4,9,NA,13,4,9,NA,NA,NA,NA,NA
"KP","KOLAI PALAS KOHISTAN","75 & ABOVE","SEPERATION",19,13,6,NA,19,13,6,NA,NA,NA,NA,NA
"KP","KOLAI PALAS KOHISTAN","75 & ABOVE","WIDOWED",258,185,73,NA,258,185,73,NA,NA,NA,NA,NA
"KP","KURRAM","15 &  ABOVE","DIVORCED",290,212,78,NA,277,203,74,NA,13,9,4,NA
"KP","KURRAM","15 &  ABOVE","MARRIED",275133,144608,130525,NA,259168,136570,122598,NA,15965,8038,7927,NA
"KP","KURRAM","15 &  ABOVE","NEVER MARRIED",119822,49779,70030,13,112430,46737,65681,12,7392,3042,4349,1
"KP","KURRAM","15 &  ABOVE","SEPERATION",350,261,89,NA,329,244,85,NA,21,17,4,NA
"KP","KURRAM","15 &  ABOVE","WIDOWED",11278,9217,2061,NA,10666,8728,1938,NA,612,489,123,NA
"KP","KURRAM","15 - 19","DIVORCED",9,5,4,NA,9,5,4,NA,NA,NA,NA,NA
"KP","KURRAM","15 - 19","MARRIED",9980,6486,3494,NA,9520,6167,3353,NA,460,319,141,NA
"KP","KURRAM","15 - 19","NEVER MARRIED",69490,31188,38297,5,65431,29339,36087,5,4059,1849,2210,NA
"KP","KURRAM","15 - 19","SEPERATION",13,6,7,NA,13,6,7,NA,NA,NA,NA,NA
"KP","KURRAM","15 - 19","WIDOWED",22,10,12,NA,20,8,12,NA,2,2,NA,NA
"KP","KURRAM","20 - 24","DIVORCED",29,21,8,NA,28,20,8,NA,1,1,NA,NA
"KP","KURRAM","20 - 24","MARRIED",29882,18951,10931,NA,28149,17858,10291,NA,1733,1093,640,NA
"KP","KURRAM","20 - 24","NEVER MARRIED",29108,10831,18276,1,27259,10141,17117,1,1849,690,1159,NA
"KP","KURRAM","20 - 24","SEPERATION",34,24,10,NA,34,24,10,NA,NA,NA,NA,NA
"KP","KURRAM","20 - 24","WIDOWED",74,53,21,NA,71,51,20,NA,3,2,1,NA
"KP","KURRAM","25 - 29","DIVORCED",46,29,17,NA,45,29,16,NA,1,NA,1,NA
"KP","KURRAM","25 - 29","MARRIED",39786,22901,16885,NA,37449,21575,15874,NA,2337,1326,1011,NA
"KP","KURRAM","25 - 29","NEVER MARRIED",12078,4067,8008,3,11269,3796,7471,2,809,271,537,1
"KP","KURRAM","25 - 29","SEPERATION",27,17,10,NA,24,15,9,NA,3,2,1,NA
"KP","KURRAM","25 - 29","WIDOWED",151,116,35,NA,143,111,32,NA,8,5,3,NA
"KP","KURRAM","30 - 34","DIVORCED",49,41,8,NA,45,37,8,NA,4,4,NA,NA
"KP","KURRAM","30 - 34","MARRIED",44244,24131,20113,NA,41857,22891,18966,NA,2387,1240,1147,NA
"KP","KURRAM","30 - 34","NEVER MARRIED",4794,1831,2963,NA,4473,1729,2744,NA,321,102,219,NA
"KP","KURRAM","30 - 34","SEPERATION",29,23,6,NA,28,22,6,NA,1,1,NA,NA
"KP","KURRAM","30 - 34","WIDOWED",262,233,29,NA,246,222,24,NA,16,11,5,NA
"KP","KURRAM","35 - 39","DIVORCED",41,34,7,NA,38,32,6,NA,3,2,1,NA
"KP","KURRAM","35 - 39","MARRIED",38833,19772,19061,NA,36019,18448,17571,NA,2814,1324,1490,NA
"KP","KURRAM","35 - 39","NEVER MARRIED",2129,861,1267,1,1947,795,1151,1,182,66,116,NA
"KP","KURRAM","35 - 39","SEPERATION",36,28,8,NA,32,24,8,NA,4,4,NA,NA
"KP","KURRAM","35 - 39","WIDOWED",434,384,50,NA,413,367,46,NA,21,17,4,NA
"KP","KURRAM","40 - 44","DIVORCED",37,22,15,NA,37,22,15,NA,NA,NA,NA,NA
"KP","KURRAM","40 - 44","MARRIED",29707,14867,14840,NA,27997,14043,13954,NA,1710,824,886,NA
"KP","KURRAM","40 - 44","NEVER MARRIED",922,406,516,NA,851,382,469,NA,71,24,47,NA
"KP","KURRAM","40 - 44","SEPERATION",46,35,11,NA,41,31,10,NA,5,4,1,NA
"KP","KURRAM","40 - 44","WIDOWED",649,580,69,NA,620,557,63,NA,29,23,6,NA
"KP","KURRAM","45 - 49","DIVORCED",24,16,8,NA,24,16,8,NA,NA,NA,NA,NA
"KP","KURRAM","45 - 49","MARRIED",23043,11019,12024,NA,21696,10394,11302,NA,1347,625,722,NA
"KP","KURRAM","45 - 49","NEVER MARRIED",522,234,288,NA,470,222,248,NA,52,12,40,NA
"KP","KURRAM","45 - 49","SEPERATION",37,29,8,NA,36,28,8,NA,1,1,NA,NA
"KP","KURRAM","45 - 49","WIDOWED",793,708,85,NA,745,668,77,NA,48,40,8,NA
"KP","KURRAM","50 - 54","DIVORCED",26,21,5,NA,24,20,4,NA,2,1,1,NA
"KP","KURRAM","50 - 54","MARRIED",18040,8915,9125,NA,17024,8475,8549,NA,1016,440,576,NA
"KP","KURRAM","50 - 54","NEVER MARRIED",258,120,136,2,243,113,128,2,15,7,8,NA
"KP","KURRAM","50 - 54","SEPERATION",26,22,4,NA,25,21,4,NA,1,1,NA,NA
"KP","KURRAM","50 - 54","WIDOWED",1216,1071,145,NA,1144,1007,137,NA,72,64,8,NA
"KP","KURRAM","55 - 59","DIVORCED",16,13,3,NA,15,13,2,NA,1,NA,1,NA
"KP","KURRAM","55 - 59","MARRIED",13793,6521,7272,NA,13028,6189,6839,NA,765,332,433,NA
"KP","KURRAM","55 - 59","NEVER MARRIED",195,89,105,1,183,84,98,1,12,5,7,NA
"KP","KURRAM","55 - 59","SEPERATION",28,22,6,NA,25,20,5,NA,3,2,1,NA
"KP","KURRAM","55 - 59","WIDOWED",1275,1116,159,NA,1207,1057,150,NA,68,59,9,NA
"KP","KURRAM","60 - 64","DIVORCED",9,6,3,NA,9,6,3,NA,NA,NA,NA,NA
"KP","KURRAM","60 - 64","MARRIED",11848,5390,6458,NA,11195,5124,6071,NA,653,266,387,NA
"KP","KURRAM","60 - 64","NEVER MARRIED",145,69,76,NA,138,64,74,NA,7,5,2,NA
"KP","KURRAM","60 - 64","SEPERATION",31,26,5,NA,29,24,5,NA,2,2,NA,NA
"KP","KURRAM","60 - 64","WIDOWED",2052,1741,311,NA,1923,1632,291,NA,129,109,20,NA
"KP","KURRAM","65 - 69","DIVORCED",1,1,NA,NA,1,1,NA,NA,NA,NA,NA,NA
"KP","KURRAM","65 - 69","MARRIED",7361,2736,4625,NA,7026,2636,4390,NA,335,100,235,NA
"KP","KURRAM","65 - 69","NEVER MARRIED",85,40,45,NA,77,34,43,NA,8,6,2,NA
"KP","KURRAM","65 - 69","SEPERATION",15,11,4,NA,15,11,4,NA,NA,NA,NA,NA
"KP","KURRAM","65 - 69","WIDOWED",1405,1089,316,NA,1325,1021,304,NA,80,68,12,NA
"KP","KURRAM","70 - 74","DIVORCED",2,2,NA,NA,1,1,NA,NA,1,1,NA,NA
"KP","KURRAM","70 - 74","MARRIED",5040,1835,3205,NA,4815,1752,3063,NA,225,83,142,NA
"KP","KURRAM","70 - 74","NEVER MARRIED",55,25,30,NA,51,22,29,NA,4,3,1,NA
"KP","KURRAM","70 - 74","SEPERATION",13,8,5,NA,13,8,5,NA,NA,NA,NA,NA
"KP","KURRAM","70 - 74","WIDOWED",1474,1109,365,NA,1413,1068,345,NA,61,41,20,NA
"KP","KURRAM","75 & ABOVE","DIVORCED",1,1,NA,NA,1,1,NA,NA,NA,NA,NA,NA
"KP","KURRAM","75 & ABOVE","MARRIED",3576,1084,2492,NA,3393,1018,2375,NA,183,66,117,NA
"KP","KURRAM","75 & ABOVE","NEVER MARRIED",41,18,23,NA,38,16,22,NA,3,2,1,NA
"KP","KURRAM","75 & ABOVE","SEPERATION",15,10,5,NA,14,10,4,NA,1,NA,1,NA
"KP","KURRAM","75 & ABOVE","WIDOWED",1471,1007,464,NA,1396,959,437,NA,75,48,27,NA
"KP","LAKKI MARWAT","15 &  ABOVE","DIVORCED",509,402,107,NA,432,341,91,NA,77,61,16,NA
"KP","LAKKI MARWAT","15 &  ABOVE","MARRIED",379775,193012,186763,NA,341301,173766,167535,NA,38474,19246,19228,NA
"KP","LAKKI MARWAT","15 &  ABOVE","NEVER MARRIED",169918,72503,97403,12,150141,63866,86264,11,19777,8637,11139,1
"KP","LAKKI MARWAT","15 &  ABOVE","SEPERATION",386,239,147,NA,349,214,135,NA,37,25,12,NA
"KP","LAKKI MARWAT","15 &  ABOVE","WIDOWED",14523,11290,3233,NA,12478,9754,2724,NA,2045,1536,509,NA
"KP","LAKKI MARWAT","15 - 19","DIVORCED",12,11,1,NA,12,11,1,NA,NA,NA,NA,NA
"KP","LAKKI MARWAT","15 - 19","MARRIED",12776,9212,3564,NA,11830,8512,3318,NA,946,700,246,NA
"KP","LAKKI MARWAT","15 - 19","NEVER MARRIED",90403,41739,48657,7,80746,37151,43589,6,9657,4588,5068,1
"KP","LAKKI MARWAT","15 - 19","SEPERATION",22,11,11,NA,21,11,10,NA,1,NA,1,NA
"KP","LAKKI MARWAT","15 - 19","WIDOWED",21,17,4,NA,19,16,3,NA,2,1,1,NA
"KP","LAKKI MARWAT","20 - 24","DIVORCED",50,36,14,NA,46,33,13,NA,4,3,1,NA
"KP","LAKKI MARWAT","20 - 24","MARRIED",39741,25897,13844,NA,36257,23577,12680,NA,3484,2320,1164,NA
"KP","LAKKI MARWAT","20 - 24","NEVER MARRIED",44781,16105,28672,4,39437,14099,25334,4,5344,2006,3338,NA
"KP","LAKKI MARWAT","20 - 24","SEPERATION",29,16,13,NA,27,15,12,NA,2,1,1,NA
"KP","LAKKI MARWAT","20 - 24","WIDOWED",109,88,21,NA,97,80,17,NA,12,8,4,NA
"KP","LAKKI MARWAT","25 - 29","DIVORCED",74,56,18,NA,68,50,18,NA,6,6,NA,NA
"KP","LAKKI MARWAT","25 - 29","MARRIED",55051,30483,24568,NA,49709,27441,22268,NA,5342,3042,2300,NA
"KP","LAKKI MARWAT","25 - 29","NEVER MARRIED",19133,6897,12236,NA,16599,5911,10688,NA,2534,986,1548,NA
"KP","LAKKI MARWAT","25 - 29","SEPERATION",38,22,16,NA,37,22,15,NA,1,NA,1,NA
"KP","LAKKI MARWAT","25 - 29","WIDOWED",175,137,38,NA,154,121,33,NA,21,16,5,NA
"KP","LAKKI MARWAT","30 - 34","DIVORCED",72,58,14,NA,65,53,12,NA,7,5,2,NA
"KP","LAKKI MARWAT","30 - 34","MARRIED",57344,29964,27380,NA,51500,26877,24623,NA,5844,3087,2757,NA
"KP","LAKKI MARWAT","30 - 34","NEVER MARRIED",7710,3791,3919,NA,6633,3278,3355,NA,1077,513,564,NA
"KP","LAKKI MARWAT","30 - 34","SEPERATION",38,23,15,NA,34,19,15,NA,4,4,NA,NA
"KP","LAKKI MARWAT","30 - 34","WIDOWED",319,253,66,NA,269,215,54,NA,50,38,12,NA
"KP","LAKKI MARWAT","35 - 39","DIVORCED",71,59,12,NA,54,44,10,NA,17,15,2,NA
"KP","LAKKI MARWAT","35 - 39","MARRIED",49276,23693,25583,NA,43860,21115,22745,NA,5416,2578,2838,NA
"KP","LAKKI MARWAT","35 - 39","NEVER MARRIED",3114,1335,1779,NA,2639,1135,1504,NA,475,200,275,NA
"KP","LAKKI MARWAT","35 - 39","SEPERATION",45,32,13,NA,41,29,12,NA,4,3,1,NA
"KP","LAKKI MARWAT","35 - 39","WIDOWED",435,376,59,NA,378,325,53,NA,57,51,6,NA
"KP","LAKKI MARWAT","40 - 44","DIVORCED",64,52,12,NA,55,45,10,NA,9,7,2,NA
"KP","LAKKI MARWAT","40 - 44","MARRIED",41276,20011,21265,NA,36635,17853,18782,NA,4641,2158,2483,NA
"KP","LAKKI MARWAT","40 - 44","NEVER MARRIED",1587,829,758,NA,1333,704,629,NA,254,125,129,NA
"KP","LAKKI MARWAT","40 - 44","SEPERATION",48,35,13,NA,39,30,9,NA,9,5,4,NA
"KP","LAKKI MARWAT","40 - 44","WIDOWED",676,594,82,NA,589,523,66,NA,87,71,16,NA
"KP","LAKKI MARWAT","45 - 49","DIVORCED",65,50,15,NA,49,37,12,NA,16,13,3,NA
"KP","LAKKI MARWAT","45 - 49","MARRIED",32041,15273,16768,NA,28492,13605,14887,NA,3549,1668,1881,NA
"KP","LAKKI MARWAT","45 - 49","NEVER MARRIED",935,495,440,NA,805,434,371,NA,130,61,69,NA
"KP","LAKKI MARWAT","45 - 49","SEPERATION",35,23,12,NA,29,20,9,NA,6,3,3,NA
"KP","LAKKI MARWAT","45 - 49","WIDOWED",956,838,118,NA,830,735,95,NA,126,103,23,NA
"KP","LAKKI MARWAT","50 - 54","DIVORCED",38,33,5,NA,34,29,5,NA,4,4,NA,NA
"KP","LAKKI MARWAT","50 - 54","MARRIED",27228,12794,14434,NA,24375,11504,12871,NA,2853,1290,1563,NA
"KP","LAKKI MARWAT","50 - 54","NEVER MARRIED",714,415,299,NA,607,363,244,NA,107,52,55,NA
"KP","LAKKI MARWAT","50 - 54","SEPERATION",37,20,17,NA,36,19,17,NA,1,1,NA,NA
"KP","LAKKI MARWAT","50 - 54","WIDOWED",1479,1272,207,NA,1249,1078,171,NA,230,194,36,NA
"KP","LAKKI MARWAT","55 - 59","DIVORCED",18,13,5,NA,17,13,4,NA,1,NA,1,NA
"KP","LAKKI MARWAT","55 - 59","MARRIED",21866,9687,12179,NA,19517,8688,10829,NA,2349,999,1350,NA
"KP","LAKKI MARWAT","55 - 59","NEVER MARRIED",478,272,206,NA,420,244,176,NA,58,28,30,NA
"KP","LAKKI MARWAT","55 - 59","SEPERATION",25,19,6,NA,22,16,6,NA,3,3,NA,NA
"KP","LAKKI MARWAT","55 - 59","WIDOWED",1494,1233,261,NA,1257,1035,222,NA,237,198,39,NA
"KP","LAKKI MARWAT","60 - 64","DIVORCED",18,13,5,NA,12,9,3,NA,6,4,2,NA
"KP","LAKKI MARWAT","60 - 64","MARRIED",17498,7222,10276,NA,15749,6551,9198,NA,1749,671,1078,NA
"KP","LAKKI MARWAT","60 - 64","NEVER MARRIED",430,271,159,NA,378,245,133,NA,52,26,26,NA
"KP","LAKKI MARWAT","60 - 64","SEPERATION",24,12,12,NA,23,11,12,NA,1,1,NA,NA
"KP","LAKKI MARWAT","60 - 64","WIDOWED",2179,1756,423,NA,1837,1488,349,NA,342,268,74,NA
"KP","LAKKI MARWAT","65 - 69","DIVORCED",13,10,3,NA,10,8,2,NA,3,2,1,NA
"KP","LAKKI MARWAT","65 - 69","MARRIED",11860,4365,7495,NA,10705,3973,6732,NA,1155,392,763,NA
"KP","LAKKI MARWAT","65 - 69","NEVER MARRIED",253,149,104,NA,211,123,88,NA,42,26,16,NA
"KP","LAKKI MARWAT","65 - 69","SEPERATION",17,11,6,NA,13,8,5,NA,4,3,1,NA
"KP","LAKKI MARWAT","65 - 69","WIDOWED",1920,1429,491,NA,1652,1243,409,NA,268,186,82,NA
"KP","LAKKI MARWAT","70 - 74","DIVORCED",6,4,2,NA,5,4,1,NA,1,NA,1,NA
"KP","LAKKI MARWAT","70 - 74","MARRIED",7750,2624,5126,NA,7074,2395,4679,NA,676,229,447,NA
"KP","LAKKI MARWAT","70 - 74","NEVER MARRIED",197,115,81,1,176,101,74,1,21,14,7,NA
"KP","LAKKI MARWAT","70 - 74","SEPERATION",11,7,4,NA,10,6,4,NA,1,1,NA,NA
"KP","LAKKI MARWAT","70 - 74","WIDOWED",1998,1424,574,NA,1717,1237,480,NA,281,187,94,NA
"KP","LAKKI MARWAT","75 & ABOVE","DIVORCED",8,7,1,NA,5,5,NA,NA,3,2,1,NA
"KP","LAKKI MARWAT","75 & ABOVE","MARRIED",6068,1787,4281,NA,5598,1675,3923,NA,470,112,358,NA
"KP","LAKKI MARWAT","75 & ABOVE","NEVER MARRIED",183,90,93,NA,157,78,79,NA,26,12,14,NA
"KP","LAKKI MARWAT","75 & ABOVE","SEPERATION",17,8,9,NA,17,8,9,NA,NA,NA,NA,NA
"KP","LAKKI MARWAT","75 & ABOVE","WIDOWED",2762,1873,889,NA,2430,1658,772,NA,332,215,117,NA
"KP","LOWER CHITRAL","15 &  ABOVE","DIVORCED",379,317,62,NA,316,261,55,NA,63,56,7,NA
"KP","LOWER CHITRAL","15 &  ABOVE","MARRIED",126988,64251,62737,NA,104606,53074,51532,NA,22382,11177,11205,NA
"KP","LOWER CHITRAL","15 &  ABOVE","NEVER MARRIED",61240,23852,37388,NA,48907,19004,29903,NA,12333,4848,7485,NA
"KP","LOWER CHITRAL","15 &  ABOVE","SEPERATION",127,78,49,NA,103,63,40,NA,24,15,9,NA
"KP","LOWER CHITRAL","15 &  ABOVE","WIDOWED",8341,6979,1362,NA,6793,5671,1122,NA,1548,1308,240,NA
"KP","LOWER CHITRAL","15 - 19","DIVORCED",18,17,1,NA,16,15,1,NA,2,2,NA,NA
"KP","LOWER CHITRAL","15 - 19","MARRIED",4496,3696,800,NA,3944,3235,709,NA,552,461,91,NA
"KP","LOWER CHITRAL","15 - 19","NEVER MARRIED",26256,11552,14704,NA,21539,9475,12064,NA,4717,2077,2640,NA
"KP","LOWER CHITRAL","15 - 19","SEPERATION",4,3,1,NA,4,3,1,NA,NA,NA,NA,NA
"KP","LOWER CHITRAL","15 - 19","WIDOWED",5,4,1,NA,4,3,1,NA,1,1,NA,NA
"KP","LOWER CHITRAL","20 - 24","DIVORCED",47,44,3,NA,39,36,3,NA,8,8,NA,NA
"KP","LOWER CHITRAL","20 - 24","MARRIED",12034,8609,3425,NA,10371,7384,2987,NA,1663,1225,438,NA
"KP","LOWER CHITRAL","20 - 24","NEVER MARRIED",16401,5478,10923,NA,13112,4258,8854,NA,3289,1220,2069,NA
"KP","LOWER CHITRAL","20 - 24","SEPERATION",6,4,2,NA,4,3,1,NA,2,1,1,NA
"KP","LOWER CHITRAL","20 - 24","WIDOWED",47,41,6,NA,45,39,6,NA,2,2,NA,NA
"KP","LOWER CHITRAL","25 - 29","DIVORCED",51,46,5,NA,44,39,5,NA,7,7,NA,NA
"KP","LOWER CHITRAL","25 - 29","MARRIED",16715,9798,6917,NA,14092,8124,5968,NA,2623,1674,949,NA
"KP","LOWER CHITRAL","25 - 29","NEVER MARRIED",9276,3024,6252,NA,7193,2314,4879,NA,2083,710,1373,NA
"KP","LOWER CHITRAL","25 - 29","SEPERATION",18,13,5,NA,15,10,5,NA,3,3,NA,NA
"KP","LOWER CHITRAL","25 - 29","WIDOWED",85,65,20,NA,71,57,14,NA,14,8,6,NA
"KP","LOWER CHITRAL","30 - 34","DIVORCED",65,54,11,NA,56,46,10,NA,9,8,1,NA
"KP","LOWER CHITRAL","30 - 34","MARRIED",17958,9378,8580,NA,14897,7706,7191,NA,3061,1672,1389,NA
"KP","LOWER CHITRAL","30 - 34","NEVER MARRIED",4514,1836,2678,NA,3455,1415,2040,NA,1059,421,638,NA
"KP","LOWER CHITRAL","30 - 34","SEPERATION",23,13,10,NA,23,13,10,NA,NA,NA,NA,NA
"KP","LOWER CHITRAL","30 - 34","WIDOWED",148,124,24,NA,129,106,23,NA,19,18,1,NA
"KP","LOWER CHITRAL","35 - 39","DIVORCED",56,44,12,NA,45,35,10,NA,11,9,2,NA
"KP","LOWER CHITRAL","35 - 39","MARRIED",15657,7581,8076,NA,12609,6073,6536,NA,3048,1508,1540,NA
"KP","LOWER CHITRAL","35 - 39","NEVER MARRIED",2066,827,1239,NA,1570,661,909,NA,496,166,330,NA
"KP","LOWER CHITRAL","35 - 39","SEPERATION",24,16,8,NA,17,12,5,NA,7,4,3,NA
"KP","LOWER CHITRAL","35 - 39","WIDOWED",188,164,24,NA,156,139,17,NA,32,25,7,NA
"KP","LOWER CHITRAL","40 - 44","DIVORCED",51,41,10,NA,40,32,8,NA,11,9,2,NA
"KP","LOWER CHITRAL","40 - 44","MARRIED",14074,6651,7423,NA,11260,5350,5910,NA,2814,1301,1513,NA
"KP","LOWER CHITRAL","40 - 44","NEVER MARRIED",1084,476,608,NA,815,363,452,NA,269,113,156,NA
"KP","LOWER CHITRAL","40 - 44","SEPERATION",19,9,10,NA,15,7,8,NA,4,2,2,NA
"KP","LOWER CHITRAL","40 - 44","WIDOWED",313,282,31,NA,241,219,22,NA,72,63,9,NA
"KP","LOWER CHITRAL","45 - 49","DIVORCED",23,20,3,NA,21,18,3,NA,2,2,NA,NA
"KP","LOWER CHITRAL","45 - 49","MARRIED",10650,4882,5768,NA,8465,3940,4525,NA,2185,942,1243,NA
"KP","LOWER CHITRAL","45 - 49","NEVER MARRIED",573,236,337,NA,435,195,240,NA,138,41,97,NA
"KP","LOWER CHITRAL","45 - 49","SEPERATION",10,6,4,NA,9,5,4,NA,1,1,NA,NA
"KP","LOWER CHITRAL","45 - 49","WIDOWED",430,394,36,NA,346,320,26,NA,84,74,10,NA
"KP","LOWER CHITRAL","50 - 54","DIVORCED",16,15,1,NA,13,12,1,NA,3,3,NA,NA
"KP","LOWER CHITRAL","50 - 54","MARRIED",10389,4719,5670,NA,8510,3872,4638,NA,1879,847,1032,NA
"KP","LOWER CHITRAL","50 - 54","NEVER MARRIED",384,177,207,NA,283,141,142,NA,101,36,65,NA
"KP","LOWER CHITRAL","50 - 54","SEPERATION",9,7,2,NA,5,4,1,NA,4,3,1,NA
"KP","LOWER CHITRAL","50 - 54","WIDOWED",754,695,59,NA,620,576,44,NA,134,119,15,NA
"KP","LOWER CHITRAL","55 - 59","DIVORCED",16,9,7,NA,14,7,7,NA,2,2,NA,NA
"KP","LOWER CHITRAL","55 - 59","MARRIED",7880,3038,4842,NA,6311,2428,3883,NA,1569,610,959,NA
"KP","LOWER CHITRAL","55 - 59","NEVER MARRIED",222,90,132,NA,157,59,98,NA,65,31,34,NA
"KP","LOWER CHITRAL","55 - 59","SEPERATION",7,3,4,NA,5,2,3,NA,2,1,1,NA
"KP","LOWER CHITRAL","55 - 59","WIDOWED",748,674,74,NA,596,534,62,NA,152,140,12,NA
"KP","LOWER CHITRAL","60 - 64","DIVORCED",17,13,4,NA,12,9,3,NA,5,4,1,NA
"KP","LOWER CHITRAL","60 - 64","MARRIED",5738,2142,3596,NA,4679,1774,2905,NA,1059,368,691,NA
"KP","LOWER CHITRAL","60 - 64","NEVER MARRIED",204,66,138,NA,155,54,101,NA,49,12,37,NA
"KP","LOWER CHITRAL","60 - 64","SEPERATION",3,2,1,NA,2,2,NA,NA,1,NA,1,NA
"KP","LOWER CHITRAL","60 - 64","WIDOWED",963,836,127,NA,764,663,101,NA,199,173,26,NA
"KP","LOWER CHITRAL","65 - 69","DIVORCED",11,10,1,NA,9,9,NA,NA,2,1,1,NA
"KP","LOWER CHITRAL","65 - 69","MARRIED",4703,1866,2837,NA,3795,1532,2263,NA,908,334,574,NA
"KP","LOWER CHITRAL","65 - 69","NEVER MARRIED",91,34,57,NA,66,26,40,NA,25,8,17,NA
"KP","LOWER CHITRAL","65 - 69","SEPERATION",3,1,2,NA,3,1,2,NA,NA,NA,NA,NA
"KP","LOWER CHITRAL","65 - 69","WIDOWED",1169,1021,148,NA,915,799,116,NA,254,222,32,NA
"KP","LOWER CHITRAL","70 - 74","DIVORCED",3,2,1,NA,3,2,1,NA,NA,NA,NA,NA
"KP","LOWER CHITRAL","70 - 74","MARRIED",3629,1182,2447,NA,3043,1021,2022,NA,586,161,425,NA
"KP","LOWER CHITRAL","70 - 74","NEVER MARRIED",86,34,52,NA,62,26,36,NA,24,8,16,NA
"KP","LOWER CHITRAL","70 - 74","SEPERATION",1,1,NA,NA,1,1,NA,NA,NA,NA,NA,NA
"KP","LOWER CHITRAL","70 - 74","WIDOWED",1376,1146,230,NA,1117,936,181,NA,259,210,49,NA
"KP","LOWER CHITRAL","75 & ABOVE","DIVORCED",5,2,3,NA,4,1,3,NA,1,1,NA,NA
"KP","LOWER CHITRAL","75 & ABOVE","MARRIED",3065,709,2356,NA,2630,635,1995,NA,435,74,361,NA
"KP","LOWER CHITRAL","75 & ABOVE","NEVER MARRIED",83,22,61,NA,65,17,48,NA,18,5,13,NA
"KP","LOWER CHITRAL","75 & ABOVE","SEPERATION",NA,NA,NA,NA,NA,NA,NA,NA,NA,NA,NA,NA
"KP","LOWER CHITRAL","75 & ABOVE","WIDOWED",2115,1533,582,NA,1789,1280,509,NA,326,253,73,NA
"KP","LOWER DIR","15 &  ABOVE","DIVORCED",498,427,71,NA,478,410,68,NA,20,17,3,NA
"KP","LOWER DIR","15 &  ABOVE","MARRIED",599468,340272,259196,NA,581920,331001,250919,NA,17548,9271,8277,NA
"KP","LOWER DIR","15 &  ABOVE","NEVER MARRIED",269662,109816,159824,22,260457,106041,154395,21,9205,3775,5429,1
"KP","LOWER DIR","15 &  ABOVE","SEPERATION",362,241,121,NA,352,234,118,NA,10,7,3,NA
"KP","LOWER DIR","15 &  ABOVE","WIDOWED",22558,19313,3245,NA,22003,18838,3165,NA,555,475,80,NA
"KP","LOWER DIR","15 - 19","DIVORCED",20,17,3,NA,20,17,3,NA,NA,NA,NA,NA
"KP","LOWER DIR","15 - 19","MARRIED",23226,19310,3916,NA,22761,18920,3841,NA,465,390,75,NA
"KP","LOWER DIR","15 - 19","NEVER MARRIED",155951,69477,86465,9,151129,67300,83821,8,4822,2177,2644,1
"KP","LOWER DIR","15 - 19","SEPERATION",21,8,13,NA,21,8,13,NA,NA,NA,NA,NA
"KP","LOWER DIR","15 - 19","WIDOWED",44,29,15,NA,44,29,15,NA,NA,NA,NA,NA
"KP","LOWER DIR","20 - 24","DIVORCED",64,57,7,NA,62,56,6,NA,2,1,1,NA
"KP","LOWER DIR","20 - 24","MARRIED",73188,53930,19258,NA,71359,52531,18828,NA,1829,1399,430,NA
"KP","LOWER DIR","20 - 24","NEVER MARRIED",72289,23275,49007,7,69755,22325,47423,7,2534,950,1584,NA
"KP","LOWER DIR","20 - 24","SEPERATION",26,18,8,NA,24,17,7,NA,2,1,1,NA
"KP","LOWER DIR","20 - 24","WIDOWED",101,85,16,NA,101,85,16,NA,NA,NA,NA,NA
"KP","LOWER DIR","25 - 29","DIVORCED",78,70,8,NA,74,67,7,NA,4,3,1,NA
"KP","LOWER DIR","25 - 29","MARRIED",89027,56130,32897,NA,86455,54513,31942,NA,2572,1617,955,NA
"KP","LOWER DIR","25 - 29","NEVER MARRIED",24990,8338,16651,1,23832,7981,15850,1,1158,357,801,NA
"KP","LOWER DIR","25 - 29","SEPERATION",29,20,9,NA,29,20,9,NA,NA,NA,NA,NA
"KP","LOWER DIR","25 - 29","WIDOWED",197,167,30,NA,191,163,28,NA,6,4,2,NA
"KP","LOWER DIR","30 - 34","DIVORCED",102,88,14,NA,96,82,14,NA,6,6,NA,NA
"KP","LOWER DIR","30 - 34","MARRIED",83611,47991,35620,NA,80987,46589,34398,NA,2624,1402,1222,NA
"KP","LOWER DIR","30 - 34","NEVER MARRIED",8318,3719,4598,1,7941,3590,4350,1,377,129,248,NA
"KP","LOWER DIR","30 - 34","SEPERATION",41,28,13,NA,37,25,12,NA,4,3,1,NA
"KP","LOWER DIR","30 - 34","WIDOWED",370,340,30,NA,362,334,28,NA,8,6,2,NA
"KP","LOWER DIR","35 - 39","DIVORCED",84,67,17,NA,82,66,16,NA,2,1,1,NA
"KP","LOWER DIR","35 - 39","MARRIED",77028,42045,34983,NA,74622,40845,33777,NA,2406,1200,1206,NA
"KP","LOWER DIR","35 - 39","NEVER MARRIED",3830,2250,1579,1,3674,2188,1485,1,156,62,94,NA
"KP","LOWER DIR","35 - 39","SEPERATION",32,27,5,NA,32,27,5,NA,NA,NA,NA,NA
"KP","LOWER DIR","35 - 39","WIDOWED",655,616,39,NA,642,605,37,NA,13,11,2,NA
"KP","LOWER DIR","40 - 44","DIVORCED",45,38,7,NA,43,36,7,NA,2,2,NA,NA
"KP","LOWER DIR","40 - 44","MARRIED",63335,34579,28756,NA,61321,33633,27688,NA,2014,946,1068,NA
"KP","LOWER DIR","40 - 44","NEVER MARRIED",1833,1171,660,2,1768,1134,632,2,65,37,28,NA
"KP","LOWER DIR","40 - 44","SEPERATION",31,23,8,NA,30,22,8,NA,1,1,NA,NA
"KP","LOWER DIR","40 - 44","WIDOWED",1081,1014,67,NA,1050,985,65,NA,31,29,2,NA
"KP","LOWER DIR","45 - 49","DIVORCED",31,26,5,NA,30,25,5,NA,1,1,NA,NA
"KP","LOWER DIR","45 - 49","MARRIED",50160,26078,24082,NA,48590,25375,23215,NA,1570,703,867,NA
"KP","LOWER DIR","45 - 49","NEVER MARRIED",983,611,372,NA,945,591,354,NA,38,20,18,NA
"KP","LOWER DIR","45 - 49","SEPERATION",27,23,4,NA,26,22,4,NA,1,1,NA,NA
"KP","LOWER DIR","45 - 49","WIDOWED",1421,1340,81,NA,1381,1303,78,NA,40,37,3,NA
"KP","LOWER DIR","50 - 54","DIVORCED",30,29,1,NA,29,28,1,NA,1,1,NA,NA
"KP","LOWER DIR","50 - 54","MARRIED",40875,20386,20489,NA,39598,19795,19803,NA,1277,591,686,NA
"KP","LOWER DIR","50 - 54","NEVER MARRIED",560,367,192,1,539,350,188,1,21,17,4,NA
"KP","LOWER DIR","50 - 54","SEPERATION",34,23,11,NA,33,23,10,NA,1,NA,1,NA
"KP","LOWER DIR","50 - 54","WIDOWED",1940,1825,115,NA,1893,1783,110,NA,47,42,5,NA
"KP","LOWER DIR","55 - 59","DIVORCED",17,13,4,NA,16,12,4,NA,1,1,NA,NA
"KP","LOWER DIR","55 - 59","MARRIED",29703,13931,15772,NA,28803,13543,15260,NA,900,388,512,NA
"KP","LOWER DIR","55 - 59","NEVER MARRIED",344,249,95,NA,325,234,91,NA,19,15,4,NA
"KP","LOWER DIR","55 - 59","SEPERATION",23,18,5,NA,23,18,5,NA,NA,NA,NA,NA
"KP","LOWER DIR","55 - 59","WIDOWED",2066,1915,151,NA,2016,1867,149,NA,50,48,2,NA
"KP","LOWER DIR","60 - 64","DIVORCED",14,10,4,NA,13,9,4,NA,1,1,NA,NA
"KP","LOWER DIR","60 - 64","MARRIED",25750,10934,14816,NA,24987,10659,14328,NA,763,275,488,NA
"KP","LOWER DIR","60 - 64","NEVER MARRIED",240,156,84,NA,233,151,82,NA,7,5,2,NA
"KP","LOWER DIR","60 - 64","SEPERATION",24,17,7,NA,24,17,7,NA,NA,NA,NA,NA
"KP","LOWER DIR","60 - 64","WIDOWED",3161,2865,296,NA,3091,2801,290,NA,70,64,6,NA
"KP","LOWER DIR","65 - 69","DIVORCED",5,5,NA,NA,5,5,NA,NA,NA,NA,NA,NA
"KP","LOWER DIR","65 - 69","MARRIED",18376,7168,11208,NA,17835,6980,10855,NA,541,188,353,NA
"KP","LOWER DIR","65 - 69","NEVER MARRIED",140,89,51,NA,138,88,50,NA,2,1,1,NA
"KP","LOWER DIR","65 - 69","SEPERATION",20,14,6,NA,20,14,6,NA,NA,NA,NA,NA
"KP","LOWER DIR","65 - 69","WIDOWED",2976,2578,398,NA,2903,2514,389,NA,73,64,9,NA
"KP","LOWER DIR","70 - 74","DIVORCED",6,5,1,NA,6,5,1,NA,NA,NA,NA,NA
"KP","LOWER DIR","70 - 74","MARRIED",13281,4495,8786,NA,12968,4394,8574,NA,313,101,212,NA
"KP","LOWER DIR","70 - 74","NEVER MARRIED",100,67,33,NA,97,64,33,NA,3,3,NA,NA
"KP","LOWER DIR","70 - 74","SEPERATION",22,11,11,NA,21,10,11,NA,1,1,NA,NA
"KP","LOWER DIR","70 - 74","WIDOWED",3270,2665,605,NA,3190,2599,591,NA,80,66,14,NA
"KP","LOWER DIR","75 & ABOVE","DIVORCED",2,2,NA,NA,2,2,NA,NA,NA,NA,NA,NA
"KP","LOWER DIR","75 & ABOVE","MARRIED",11908,3295,8613,NA,11634,3224,8410,NA,274,71,203,NA
"KP","LOWER DIR","75 & ABOVE","NEVER MARRIED",84,47,37,NA,81,45,36,NA,3,2,1,NA
"KP","LOWER DIR","75 & ABOVE","SEPERATION",32,11,21,NA,32,11,21,NA,NA,NA,NA,NA
"KP","LOWER DIR","75 & ABOVE","WIDOWED",5276,3874,1402,NA,5139,3770,1369,NA,137,104,33,NA
"KP","LOWER KOHISTAN","15 &  ABOVE","DIVORCED",261,189,72,NA,261,189,72,NA,NA,NA,NA,NA
"KP","LOWER KOHISTAN","15 &  ABOVE","MARRIED",95161,49071,46090,NA,95161,49071,46090,NA,NA,NA,NA,NA
"KP","LOWER KOHISTAN","15 &  ABOVE","NEVER MARRIED",26723,10676,16040,7,26723,10676,16040,7,NA,NA,NA,NA
"KP","LOWER KOHISTAN","15 &  ABOVE","SEPERATION",234,134,100,NA,234,134,100,NA,NA,NA,NA,NA
"KP","LOWER KOHISTAN","15 &  ABOVE","WIDOWED",2158,1573,585,NA,2158,1573,585,NA,NA,NA,NA,NA
"KP","LOWER KOHISTAN","15 - 19","DIVORCED",12,6,6,NA,12,6,6,NA,NA,NA,NA,NA
"KP","LOWER KOHISTAN","15 - 19","MARRIED",12367,7051,5316,NA,12367,7051,5316,NA,NA,NA,NA,NA
"KP","LOWER KOHISTAN","15 - 19","NEVER MARRIED",21075,9027,12045,3,21075,9027,12045,3,NA,NA,NA,NA
"KP","LOWER KOHISTAN","15 - 19","SEPERATION",27,8,19,NA,27,8,19,NA,NA,NA,NA,NA
"KP","LOWER KOHISTAN","15 - 19","WIDOWED",24,8,16,NA,24,8,16,NA,NA,NA,NA,NA
"KP","LOWER KOHISTAN","20 - 24","DIVORCED",43,25,18,NA,43,25,18,NA,NA,NA,NA,NA
"KP","LOWER KOHISTAN","20 - 24","MARRIED",17152,9693,7459,NA,17152,9693,7459,NA,NA,NA,NA,NA
"KP","LOWER KOHISTAN","20 - 24","NEVER MARRIED",3725,1002,2721,2,3725,1002,2721,2,NA,NA,NA,NA
"KP","LOWER KOHISTAN","20 - 24","SEPERATION",24,13,11,NA,24,13,11,NA,NA,NA,NA,NA
"KP","LOWER KOHISTAN","20 - 24","WIDOWED",50,31,19,NA,50,31,19,NA,NA,NA,NA,NA
"KP","LOWER KOHISTAN","25 - 29","DIVORCED",43,29,14,NA,43,29,14,NA,NA,NA,NA,NA
"KP","LOWER KOHISTAN","25 - 29","MARRIED",15072,7795,7277,NA,15072,7795,7277,NA,NA,NA,NA,NA
"KP","LOWER KOHISTAN","25 - 29","NEVER MARRIED",1148,432,714,2,1148,432,714,2,NA,NA,NA,NA
"KP","LOWER KOHISTAN","25 - 29","SEPERATION",20,7,13,NA,20,7,13,NA,NA,NA,NA,NA
"KP","LOWER KOHISTAN","25 - 29","WIDOWED",73,37,36,NA,73,37,36,NA,NA,NA,NA,NA
"KP","LOWER KOHISTAN","30 - 34","DIVORCED",29,25,4,NA,29,25,4,NA,NA,NA,NA,NA
"KP","LOWER KOHISTAN","30 - 34","MARRIED",12132,6503,5629,NA,12132,6503,5629,NA,NA,NA,NA,NA
"KP","LOWER KOHISTAN","30 - 34","NEVER MARRIED",392,117,275,NA,392,117,275,NA,NA,NA,NA,NA
"KP","LOWER KOHISTAN","30 - 34","SEPERATION",24,17,7,NA,24,17,7,NA,NA,NA,NA,NA
"KP","LOWER KOHISTAN","30 - 34","WIDOWED",97,65,32,NA,97,65,32,NA,NA,NA,NA,NA
"KP","LOWER KOHISTAN","35 - 39","DIVORCED",40,29,11,NA,40,29,11,NA,NA,NA,NA,NA
"KP","LOWER KOHISTAN","35 - 39","MARRIED",10680,5396,5284,NA,10680,5396,5284,NA,NA,NA,NA,NA
"KP","LOWER KOHISTAN","35 - 39","NEVER MARRIED",181,45,136,NA,181,45,136,NA,NA,NA,NA,NA
"KP","LOWER KOHISTAN","35 - 39","SEPERATION",29,20,9,NA,29,20,9,NA,NA,NA,NA,NA
"KP","LOWER KOHISTAN","35 - 39","WIDOWED",154,111,43,NA,154,111,43,NA,NA,NA,NA,NA
"KP","LOWER KOHISTAN","40 - 44","DIVORCED",28,23,5,NA,28,23,5,NA,NA,NA,NA,NA
"KP","LOWER KOHISTAN","40 - 44","MARRIED",8309,4243,4066,NA,8309,4243,4066,NA,NA,NA,NA,NA
"KP","LOWER KOHISTAN","40 - 44","NEVER MARRIED",78,18,60,NA,78,18,60,NA,NA,NA,NA,NA
"KP","LOWER KOHISTAN","40 - 44","SEPERATION",18,14,4,NA,18,14,4,NA,NA,NA,NA,NA
"KP","LOWER KOHISTAN","40 - 44","WIDOWED",195,149,46,NA,195,149,46,NA,NA,NA,NA,NA
"KP","LOWER KOHISTAN","45 - 49","DIVORCED",28,25,3,NA,28,25,3,NA,NA,NA,NA,NA
"KP","LOWER KOHISTAN","45 - 49","MARRIED",6496,3065,3431,NA,6496,3065,3431,NA,NA,NA,NA,NA
"KP","LOWER KOHISTAN","45 - 49","NEVER MARRIED",50,17,33,NA,50,17,33,NA,NA,NA,NA,NA
"KP","LOWER KOHISTAN","45 - 49","SEPERATION",17,11,6,NA,17,11,6,NA,NA,NA,NA,NA
"KP","LOWER KOHISTAN","45 - 49","WIDOWED",246,205,41,NA,246,205,41,NA,NA,NA,NA,NA
"KP","LOWER KOHISTAN","50 - 54","DIVORCED",14,10,4,NA,14,10,4,NA,NA,NA,NA,NA
"KP","LOWER KOHISTAN","50 - 54","MARRIED",4190,1883,2307,NA,4190,1883,2307,NA,NA,NA,NA,NA
"KP","LOWER KOHISTAN","50 - 54","NEVER MARRIED",23,6,17,NA,23,6,17,NA,NA,NA,NA,NA
"KP","LOWER KOHISTAN","50 - 54","SEPERATION",25,16,9,NA,25,16,9,NA,NA,NA,NA,NA
"KP","LOWER KOHISTAN","50 - 54","WIDOWED",205,158,47,NA,205,158,47,NA,NA,NA,NA,NA
"KP","LOWER KOHISTAN","55 - 59","DIVORCED",9,7,2,NA,9,7,2,NA,NA,NA,NA,NA
"KP","LOWER KOHISTAN","55 - 59","MARRIED",2931,1307,1624,NA,2931,1307,1624,NA,NA,NA,NA,NA
"KP","LOWER KOHISTAN","55 - 59","NEVER MARRIED",20,4,16,NA,20,4,16,NA,NA,NA,NA,NA
"KP","LOWER KOHISTAN","55 - 59","SEPERATION",15,10,5,NA,15,10,5,NA,NA,NA,NA,NA
"KP","LOWER KOHISTAN","55 - 59","WIDOWED",213,167,46,NA,213,167,46,NA,NA,NA,NA,NA
"KP","LOWER KOHISTAN","60 - 64","DIVORCED",8,6,2,NA,8,6,2,NA,NA,NA,NA,NA
"KP","LOWER KOHISTAN","60 - 64","MARRIED",2306,911,1395,NA,2306,911,1395,NA,NA,NA,NA,NA
"KP","LOWER KOHISTAN","60 - 64","NEVER MARRIED",16,4,12,NA,16,4,12,NA,NA,NA,NA,NA
"KP","LOWER KOHISTAN","60 - 64","SEPERATION",12,10,2,NA,12,10,2,NA,NA,NA,NA,NA
"KP","LOWER KOHISTAN","60 - 64","WIDOWED",211,161,50,NA,211,161,50,NA,NA,NA,NA,NA
"KP","LOWER KOHISTAN","65 - 69","DIVORCED",4,2,2,NA,4,2,2,NA,NA,NA,NA,NA
"KP","LOWER KOHISTAN","65 - 69","MARRIED",1346,506,840,NA,1346,506,840,NA,NA,NA,NA,NA
"KP","LOWER KOHISTAN","65 - 69","NEVER MARRIED",5,1,4,NA,5,1,4,NA,NA,NA,NA,NA
"KP","LOWER KOHISTAN","65 - 69","SEPERATION",9,2,7,NA,9,2,7,NA,NA,NA,NA,NA
"KP","LOWER KOHISTAN","65 - 69","WIDOWED",204,137,67,NA,204,137,67,NA,NA,NA,NA,NA
"KP","LOWER KOHISTAN","70 - 74","DIVORCED",1,NA,1,NA,1,NA,1,NA,NA,NA,NA,NA
"KP","LOWER KOHISTAN","70 - 74","MARRIED",1097,402,695,NA,1097,402,695,NA,NA,NA,NA,NA
"KP","LOWER KOHISTAN","70 - 74","NEVER MARRIED",1,1,NA,NA,1,1,NA,NA,NA,NA,NA,NA
"KP","LOWER KOHISTAN","70 - 74","SEPERATION",7,4,3,NA,7,4,3,NA,NA,NA,NA,NA
"KP","LOWER KOHISTAN","70 - 74","WIDOWED",205,149,56,NA,205,149,56,NA,NA,NA,NA,NA
"KP","LOWER KOHISTAN","75 & ABOVE","DIVORCED",2,2,NA,NA,2,2,NA,NA,NA,NA,NA,NA
"KP","LOWER KOHISTAN","75 & ABOVE","MARRIED",1083,316,767,NA,1083,316,767,NA,NA,NA,NA,NA
"KP","LOWER KOHISTAN","75 & ABOVE","NEVER MARRIED",9,2,7,NA,9,2,7,NA,NA,NA,NA,NA
"KP","LOWER KOHISTAN","75 & ABOVE","SEPERATION",7,2,5,NA,7,2,5,NA,NA,NA,NA,NA
"KP","LOWER KOHISTAN","75 & ABOVE","WIDOWED",281,195,86,NA,281,195,86,NA,NA,NA,NA,NA
"KP","MALAKAND","15 &  ABOVE","DIVORCED",380,315,65,NA,350,288,62,NA,30,27,3,NA
"KP","MALAKAND","15 &  ABOVE","MARRIED",323629,172637,150992,NA,293448,157268,136180,NA,30181,15369,14812,NA
"KP","MALAKAND","15 &  ABOVE","NEVER MARRIED",138779,51846,86923,10,126974,47669,79299,6,11805,4177,7624,4
"KP","MALAKAND","15 &  ABOVE","SEPERATION",262,196,66,NA,236,173,63,NA,26,23,3,NA
"KP","MALAKAND","15 &  ABOVE","WIDOWED",13303,11072,2231,NA,12249,10188,2061,NA,1054,884,170,NA
"KP","MALAKAND","15 - 19","DIVORCED",12,11,1,NA,11,10,1,NA,1,1,NA,NA
"KP","MALAKAND","15 - 19","MARRIED",11528,9909,1619,NA,10232,8907,1325,NA,1296,1002,294,NA
"KP","MALAKAND","15 - 19","NEVER MARRIED",75050,30998,44046,6,68732,28390,40338,4,6318,2608,3708,2
"KP","MALAKAND","15 - 19","SEPERATION",17,14,3,NA,13,10,3,NA,4,4,NA,NA
"KP","MALAKAND","15 - 19","WIDOWED",14,13,1,NA,12,11,1,NA,2,2,NA,NA
"KP","MALAKAND","20 - 24","DIVORCED",44,42,2,NA,40,38,2,NA,4,4,NA,NA
"KP","MALAKAND","20 - 24","MARRIED",33902,25615,8287,NA,30714,23326,7388,NA,3188,2289,899,NA
"KP","MALAKAND","20 - 24","NEVER MARRIED",36772,10607,26165,NA,33532,9705,23827,NA,3240,902,2338,NA
"KP","MALAKAND","20 - 24","SEPERATION",29,22,7,NA,25,18,7,NA,4,4,NA,NA
"KP","MALAKAND","20 - 24","WIDOWED",77,63,14,NA,72,60,12,NA,5,3,2,NA
"KP","MALAKAND","25 - 29","DIVORCED",57,49,8,NA,53,45,8,NA,4,4,NA,NA
"KP","MALAKAND","25 - 29","MARRIED",45008,28200,16808,NA,40741,25657,15084,NA,4267,2543,1724,NA
"KP","MALAKAND","25 - 29","NEVER MARRIED",14485,3994,10490,1,13230,3682,9547,1,1255,312,943,NA
"KP","MALAKAND","25 - 29","SEPERATION",31,26,5,NA,29,24,5,NA,2,2,NA,NA
"KP","MALAKAND","25 - 29","WIDOWED",148,127,21,NA,142,121,21,NA,6,6,NA,NA
"KP","MALAKAND","30 - 34","DIVORCED",65,54,11,NA,60,49,11,NA,5,5,NA,NA
"KP","MALAKAND","30 - 34","MARRIED",47240,26208,21032,NA,43007,23876,19131,NA,4233,2332,1901,NA
"KP","MALAKAND","30 - 34","NEVER MARRIED",5802,2336,3464,2,5366,2196,3169,1,436,140,295,1
"KP","MALAKAND","30 - 34","SEPERATION",30,19,11,NA,27,17,10,NA,3,2,1,NA
"KP","MALAKAND","30 - 34","WIDOWED",264,240,24,NA,242,219,23,NA,22,21,1,NA
"KP","MALAKAND","35 - 39","DIVORCED",58,50,8,NA,54,47,7,NA,4,3,1,NA
"KP","MALAKAND","35 - 39","MARRIED",44373,22148,22225,NA,40260,20124,20136,NA,4113,2024,2089,NA
"KP","MALAKAND","35 - 39","NEVER MARRIED",2778,1439,1338,1,2543,1347,1196,NA,235,92,142,1
"KP","MALAKAND","35 - 39","SEPERATION",37,27,10,NA,33,24,9,NA,4,3,1,NA
"KP","MALAKAND","35 - 39","WIDOWED",403,365,38,NA,360,324,36,NA,43,41,2,NA
"KP","MALAKAND","40 - 44","DIVORCED",59,43,16,NA,53,39,14,NA,6,4,2,NA
"KP","MALAKAND","40 - 44","MARRIED",35962,17216,18746,NA,32390,15629,16761,NA,3572,1587,1985,NA
"KP","MALAKAND","40 - 44","NEVER MARRIED",1496,870,626,NA,1368,824,544,NA,128,46,82,NA
"KP","MALAKAND","40 - 44","SEPERATION",33,26,7,NA,29,22,7,NA,4,4,NA,NA
"KP","MALAKAND","40 - 44","WIDOWED",673,623,50,NA,622,576,46,NA,51,47,4,NA
"KP","MALAKAND","45 - 49","DIVORCED",32,24,8,NA,29,21,8,NA,3,3,NA,NA
"KP","MALAKAND","45 - 49","MARRIED",28328,13236,15092,NA,25752,12100,13652,NA,2576,1136,1440,NA
"KP","MALAKAND","45 - 49","NEVER MARRIED",833,538,295,NA,772,515,257,NA,61,23,38,NA
"KP","MALAKAND","45 - 49","SEPERATION",17,13,4,NA,16,12,4,NA,1,1,NA,NA
"KP","MALAKAND","45 - 49","WIDOWED",839,779,60,NA,763,707,56,NA,76,72,4,NA
"KP","MALAKAND","50 - 54","DIVORCED",13,10,3,NA,12,9,3,NA,1,1,NA,NA
"KP","MALAKAND","50 - 54","MARRIED",23784,10672,13112,NA,21466,9768,11698,NA,2318,904,1414,NA
"KP","MALAKAND","50 - 54","NEVER MARRIED",573,378,195,NA,518,353,165,NA,55,25,30,NA
"KP","MALAKAND","50 - 54","SEPERATION",15,13,2,NA,13,12,1,NA,2,1,1,NA
"KP","MALAKAND","50 - 54","WIDOWED",1193,1099,94,NA,1104,1018,86,NA,89,81,8,NA
"KP","MALAKAND","55 - 59","DIVORCED",15,13,2,NA,14,12,2,NA,1,1,NA,NA
"KP","MALAKAND","55 - 59","MARRIED",18082,7518,10564,NA,16513,6925,9588,NA,1569,593,976,NA
"KP","MALAKAND","55 - 59","NEVER MARRIED",354,236,118,NA,331,230,101,NA,23,6,17,NA
"KP","MALAKAND","55 - 59","SEPERATION",24,17,7,NA,22,15,7,NA,2,2,NA,NA
"KP","MALAKAND","55 - 59","WIDOWED",1330,1191,139,NA,1226,1096,130,NA,104,95,9,NA
"KP","MALAKAND","60 - 64","DIVORCED",6,4,2,NA,6,4,2,NA,NA,NA,NA,NA
"KP","MALAKAND","60 - 64","MARRIED",13794,5070,8724,NA,12585,4652,7933,NA,1209,418,791,NA
"KP","MALAKAND","60 - 64","NEVER MARRIED",281,193,88,NA,256,182,74,NA,25,11,14,NA
"KP","MALAKAND","60 - 64","SEPERATION",11,8,3,NA,11,8,3,NA,NA,NA,NA,NA
"KP","MALAKAND","60 - 64","WIDOWED",1792,1552,240,NA,1638,1423,215,NA,154,129,25,NA
"KP","MALAKAND","65 - 69","DIVORCED",7,6,1,NA,7,6,1,NA,NA,NA,NA,NA
"KP","MALAKAND","65 - 69","MARRIED",9583,3501,6082,NA,8798,3231,5567,NA,785,270,515,NA
"KP","MALAKAND","65 - 69","NEVER MARRIED",169,122,47,NA,153,114,39,NA,16,8,8,NA
"KP","MALAKAND","65 - 69","SEPERATION",6,5,1,NA,6,5,1,NA,NA,NA,NA,NA
"KP","MALAKAND","65 - 69","WIDOWED",1793,1486,307,NA,1640,1358,282,NA,153,128,25,NA
"KP","MALAKAND","70 - 74","DIVORCED",7,5,2,NA,6,4,2,NA,1,1,NA,NA
"KP","MALAKAND","70 - 74","MARRIED",6449,1978,4471,NA,5916,1821,4095,NA,533,157,376,NA
"KP","MALAKAND","70 - 74","NEVER MARRIED",110,75,35,NA,102,73,29,NA,8,2,6,NA
"KP","MALAKAND","70 - 74","SEPERATION",4,4,NA,NA,4,4,NA,NA,NA,NA,NA,NA
"KP","MALAKAND","70 - 74","WIDOWED",1969,1553,416,NA,1811,1429,382,NA,158,124,34,NA
"KP","MALAKAND","75 & ABOVE","DIVORCED",5,4,1,NA,5,4,1,NA,NA,NA,NA,NA
"KP","MALAKAND","75 & ABOVE","MARRIED",5596,1366,4230,NA,5074,1252,3822,NA,522,114,408,NA
"KP","MALAKAND","75 & ABOVE","NEVER MARRIED",76,60,16,NA,71,58,13,NA,5,2,3,NA
"KP","MALAKAND","75 & ABOVE","SEPERATION",8,2,6,NA,8,2,6,NA,NA,NA,NA,NA
"KP","MALAKAND","75 & ABOVE","WIDOWED",2808,1981,827,NA,2617,1846,771,NA,191,135,56,NA
"KP","MANSEHRA","15 &  ABOVE","DIVORCED",2868,1938,930,NA,2627,1755,872,NA,241,183,58,NA
"KP","MANSEHRA","15 &  ABOVE","MARRIED",714508,372128,342380,NA,651900,340260,311640,NA,62608,31868,30740,NA
"KP","MANSEHRA","15 &  ABOVE","NEVER MARRIED",320754,129526,191124,104,287317,115580,171697,40,33437,13946,19427,64
"KP","MANSEHRA","15 &  ABOVE","SEPERATION",867,418,449,NA,781,381,400,NA,86,37,49,NA
"KP","MANSEHRA","15 &  ABOVE","WIDOWED",48401,36952,11449,NA,44534,33843,10691,NA,3867,3109,758,NA
"KP","MANSEHRA","15 - 19","DIVORCED",54,48,6,NA,52,46,6,NA,2,2,NA,NA
"KP","MANSEHRA","15 - 19","MARRIED",13975,11301,2674,NA,13286,10740,2546,NA,689,561,128,NA
"KP","MANSEHRA","15 - 19","NEVER MARRIED",173923,80208,93708,7,158395,73046,85342,7,15528,7162,8366,NA
"KP","MANSEHRA","15 - 19","SEPERATION",26,14,12,NA,23,12,11,NA,3,2,1,NA
"KP","MANSEHRA","15 - 19","WIDOWED",27,19,8,NA,24,17,7,NA,3,2,1,NA
"KP","MANSEHRA","20 - 24","DIVORCED",287,218,69,NA,278,210,68,NA,9,8,1,NA
"KP","MANSEHRA","20 - 24","MARRIED",61987,44114,17873,NA,58245,41365,16880,NA,3742,2749,993,NA
"KP","MANSEHRA","20 - 24","NEVER MARRIED",88212,30532,57671,9,78224,26493,51728,3,9988,4039,5943,6
"KP","MANSEHRA","20 - 24","SEPERATION",70,49,21,NA,64,44,20,NA,6,5,1,NA
"KP","MANSEHRA","20 - 24","WIDOWED",181,107,74,NA,176,103,73,NA,5,4,1,NA
"KP","MANSEHRA","25 - 29","DIVORCED",426,286,140,NA,401,263,138,NA,25,23,2,NA
"KP","MANSEHRA","25 - 29","MARRIED",96614,57975,38639,NA,89310,53360,35950,NA,7304,4615,2689,NA
"KP","MANSEHRA","25 - 29","NEVER MARRIED",34403,9606,24776,21,29810,8074,21729,7,4593,1532,3047,14
"KP","MANSEHRA","25 - 29","SEPERATION",104,57,47,NA,100,54,46,NA,4,3,1,NA
"KP","MANSEHRA","25 - 29","WIDOWED",413,272,141,NA,378,246,132,NA,35,26,9,NA
"KP","MANSEHRA","30 - 34","DIVORCED",470,335,135,NA,430,303,127,NA,40,32,8,NA
"KP","MANSEHRA","30 - 34","MARRIED",103456,57238,46218,NA,94669,52277,42392,NA,8787,4961,3826,NA
"KP","MANSEHRA","30 - 34","NEVER MARRIED",11820,3767,8032,21,10089,3220,6864,5,1731,547,1168,16
"KP","MANSEHRA","30 - 34","SEPERATION",129,53,76,NA,115,47,68,NA,14,6,8,NA
"KP","MANSEHRA","30 - 34","WIDOWED",750,549,201,NA,688,500,188,NA,62,49,13,NA
"KP","MANSEHRA","35 - 39","DIVORCED",481,297,184,NA,422,253,169,NA,59,44,15,NA
"KP","MANSEHRA","35 - 39","MARRIED",101650,52957,48693,NA,92137,47969,44168,NA,9513,4988,4525,NA
"KP","MANSEHRA","35 - 39","NEVER MARRIED",5063,1916,3135,12,4379,1682,2694,3,684,234,441,9
"KP","MANSEHRA","35 - 39","SEPERATION",129,52,77,NA,115,44,71,NA,14,8,6,NA
"KP","MANSEHRA","35 - 39","WIDOWED",1291,998,293,NA,1179,903,276,NA,112,95,17,NA
"KP","MANSEHRA","40 - 44","DIVORCED",370,235,135,NA,331,213,118,NA,39,22,17,NA
"KP","MANSEHRA","40 - 44","MARRIED",86066,42193,43873,NA,77897,38245,39652,NA,8169,3948,4221,NA
"KP","MANSEHRA","40 - 44","NEVER MARRIED",2642,1176,1456,10,2317,1037,1275,5,325,139,181,5
"KP","MANSEHRA","40 - 44","SEPERATION",107,45,62,NA,93,41,52,NA,14,4,10,NA
"KP","MANSEHRA","40 - 44","WIDOWED",2070,1758,312,NA,1874,1579,295,NA,196,179,17,NA
"KP","MANSEHRA","45 - 49","DIVORCED",250,172,78,NA,219,150,69,NA,31,22,9,NA
"KP","MANSEHRA","45 - 49","MARRIED",66151,31947,34204,NA,59419,28769,30650,NA,6732,3178,3554,NA
"KP","MANSEHRA","45 - 49","NEVER MARRIED",1661,790,866,5,1452,696,756,NA,209,94,110,5
"KP","MANSEHRA","45 - 49","SEPERATION",87,43,44,NA,78,40,38,NA,9,3,6,NA
"KP","MANSEHRA","45 - 49","WIDOWED",2793,2405,388,NA,2552,2193,359,NA,241,212,29,NA
"KP","MANSEHRA","50 - 54","DIVORCED",192,126,66,NA,175,112,63,NA,17,14,3,NA
"KP","MANSEHRA","50 - 54","MARRIED",57085,26895,30190,NA,51541,24383,27158,NA,5544,2512,3032,NA
"KP","MANSEHRA","50 - 54","NEVER MARRIED",1068,549,508,11,945,493,447,5,123,56,61,6
"KP","MANSEHRA","50 - 54","SEPERATION",71,36,35,NA,64,34,30,NA,7,2,5,NA
"KP","MANSEHRA","50 - 54","WIDOWED",4447,3831,616,NA,4025,3467,558,NA,422,364,58,NA
"KP","MANSEHRA","55 - 59","DIVORCED",124,82,42,NA,116,75,41,NA,8,7,1,NA
"KP","MANSEHRA","55 - 59","MARRIED",44675,19344,25331,NA,40386,17451,22935,NA,4289,1893,2396,NA
"KP","MANSEHRA","55 - 59","NEVER MARRIED",710,355,352,3,623,307,313,3,87,48,39,NA
"KP","MANSEHRA","55 - 59","SEPERATION",54,26,28,NA,48,25,23,NA,6,1,5,NA
"KP","MANSEHRA","55 - 59","WIDOWED",5391,4513,878,NA,4909,4094,815,NA,482,419,63,NA
"KP","MANSEHRA","60 - 64","DIVORCED",87,65,22,NA,81,60,21,NA,6,5,1,NA
"KP","MANSEHRA","60 - 64","MARRIED",32301,12075,20226,NA,29049,10912,18137,NA,3252,1163,2089,NA
"KP","MANSEHRA","60 - 64","NEVER MARRIED",556,291,264,1,481,248,233,NA,75,43,31,1
"KP","MANSEHRA","60 - 64","SEPERATION",38,20,18,NA,33,19,14,NA,5,1,4,NA
"KP","MANSEHRA","60 - 64","WIDOWED",6181,4970,1211,NA,5611,4496,1115,NA,570,474,96,NA
"KP","MANSEHRA","65 - 69","DIVORCED",62,38,24,NA,58,35,23,NA,4,3,1,NA
"KP","MANSEHRA","65 - 69","MARRIED",21959,7741,14218,NA,19767,7038,12729,NA,2192,703,1489,NA
"KP","MANSEHRA","65 - 69","NEVER MARRIED",306,169,135,2,260,140,118,2,46,29,17,NA
"KP","MANSEHRA","65 - 69","SEPERATION",25,12,13,NA,25,12,13,NA,NA,NA,NA,NA
"KP","MANSEHRA","65 - 69","WIDOWED",6264,4737,1527,NA,5732,4311,1421,NA,532,426,106,NA
"KP","MANSEHRA","70 - 74","DIVORCED",34,20,14,NA,33,19,14,NA,1,1,NA,NA
"KP","MANSEHRA","70 - 74","MARRIED",15267,5047,10220,NA,13921,4682,9239,NA,1346,365,981,NA
"KP","MANSEHRA","70 - 74","NEVER MARRIED",189,80,108,1,157,68,89,NA,32,12,19,1
"KP","MANSEHRA","70 - 74","SEPERATION",13,7,6,NA,10,6,4,NA,3,1,2,NA
"KP","MANSEHRA","70 - 74","WIDOWED",7055,5174,1881,NA,6586,4824,1762,NA,469,350,119,NA
"KP","MANSEHRA","75 & ABOVE","DIVORCED",31,16,15,NA,31,16,15,NA,NA,NA,NA,NA
"KP","MANSEHRA","75 & ABOVE","MARRIED",13322,3301,10021,NA,12273,3069,9204,NA,1049,232,817,NA
"KP","MANSEHRA","75 & ABOVE","NEVER MARRIED",201,87,113,1,185,76,109,NA,16,11,4,1
"KP","MANSEHRA","75 & ABOVE","SEPERATION",14,4,10,NA,13,3,10,NA,1,1,NA,NA
"KP","MANSEHRA","75 & ABOVE","WIDOWED",11538,7619,3919,NA,10800,7110,3690,NA,738,509,229,NA
"KP","MARDAN","15 &  ABOVE","DIVORCED",1135,940,195,NA,934,792,142,NA,201,148,53,NA
"KP","MARDAN","15 &  ABOVE","MARRIED",1071887,557890,513997,NA,891287,465396,425891,NA,180600,92494,88106,NA
"KP","MARDAN","15 &  ABOVE","NEVER MARRIED",486340,190440,295848,52,400218,156545,243654,19,86122,33895,52194,33
"KP","MARDAN","15 &  ABOVE","SEPERATION",1025,664,361,NA,856,554,302,NA,169,110,59,NA
"KP","MARDAN","15 &  ABOVE","WIDOWED",48645,39985,8660,NA,39908,32925,6983,NA,8737,7060,1677,NA
"KP","MARDAN","15 - 19","DIVORCED",44,39,5,NA,38,34,4,NA,6,5,1,NA
"KP","MARDAN","15 - 19","MARRIED",33832,29423,4409,NA,29255,25537,3718,NA,4577,3886,691,NA
"KP","MARDAN","15 - 19","NEVER MARRIED",255787,110779,144994,14,212773,91824,120939,10,43014,18955,24055,4
"KP","MARDAN","15 - 19","SEPERATION",37,27,10,NA,29,21,8,NA,8,6,2,NA
"KP","MARDAN","15 - 19","WIDOWED",49,42,7,NA,38,32,6,NA,11,10,1,NA
"KP","MARDAN","20 - 24","DIVORCED",133,119,14,NA,114,102,12,NA,19,17,2,NA
"KP","MARDAN","20 - 24","MARRIED",106774,79760,27014,NA,90296,67441,22855,NA,16478,12319,4159,NA
"KP","MARDAN","20 - 24","NEVER MARRIED",132629,40071,92549,9,108322,32110,76208,4,24307,7961,16341,5
"KP","MARDAN","20 - 24","SEPERATION",112,82,30,NA,96,75,21,NA,16,7,9,NA
"KP","MARDAN","20 - 24","WIDOWED",223,195,28,NA,195,170,25,NA,28,25,3,NA
"KP","MARDAN","25 - 29","DIVORCED",213,189,24,NA,187,166,21,NA,26,23,3,NA
"KP","MARDAN","25 - 29","MARRIED",150586,90095,60491,NA,125654,74944,50710,NA,24932,15151,9781,NA
"KP","MARDAN","25 - 29","NEVER MARRIED",52566,15159,37396,11,42557,12206,30350,1,10009,2953,7046,10
"KP","MARDAN","25 - 29","SEPERATION",106,73,33,NA,92,62,30,NA,14,11,3,NA
"KP","MARDAN","25 - 29","WIDOWED",519,451,68,NA,432,376,56,NA,87,75,12,NA
"KP","MARDAN","30 - 34","DIVORCED",205,180,25,NA,168,153,15,NA,37,27,10,NA
"KP","MARDAN","30 - 34","MARRIED",157636,84154,73482,NA,131241,70114,61127,NA,26395,14040,12355,NA
"KP","MARDAN","30 - 34","NEVER MARRIED",19916,8311,11598,7,15981,6922,9058,1,3935,1389,2540,6
"KP","MARDAN","30 - 34","SEPERATION",121,86,35,NA,98,67,31,NA,23,19,4,NA
"KP","MARDAN","30 - 34","WIDOWED",853,740,113,NA,707,616,91,NA,146,124,22,NA
"KP","MARDAN","35 - 39","DIVORCED",136,111,25,NA,110,91,19,NA,26,20,6,NA
"KP","MARDAN","35 - 39","MARRIED",145883,70846,75037,NA,120377,58254,62123,NA,25506,12592,12914,NA
"KP","MARDAN","35 - 39","NEVER MARRIED",9198,4925,4269,4,7378,4083,3294,1,1820,842,975,3
"KP","MARDAN","35 - 39","SEPERATION",94,64,30,NA,75,52,23,NA,19,12,7,NA
"KP","MARDAN","35 - 39","WIDOWED",1400,1255,145,NA,1116,1005,111,NA,284,250,34,NA
"KP","MARDAN","40 - 44","DIVORCED",130,106,24,NA,105,87,18,NA,25,19,6,NA
"KP","MARDAN","40 - 44","MARRIED",124038,58882,65156,NA,101323,48180,53143,NA,22715,10702,12013,NA
"KP","MARDAN","40 - 44","NEVER MARRIED",5663,3618,2044,1,4529,3006,1523,NA,1134,612,521,1
"KP","MARDAN","40 - 44","SEPERATION",119,86,33,NA,98,72,26,NA,21,14,7,NA
"KP","MARDAN","40 - 44","WIDOWED",2500,2308,192,NA,2023,1874,149,NA,477,434,43,NA
"KP","MARDAN","45 - 49","DIVORCED",99,74,25,NA,72,59,13,NA,27,15,12,NA
"KP","MARDAN","45 - 49","MARRIED",95260,44379,50881,NA,77584,36244,41340,NA,17676,8135,9541,NA
"KP","MARDAN","45 - 49","NEVER MARRIED",3250,2114,1132,4,2638,1764,872,2,612,350,260,2
"KP","MARDAN","45 - 49","SEPERATION",93,60,33,NA,78,50,28,NA,15,10,5,NA
"KP","MARDAN","45 - 49","WIDOWED",3191,2934,257,NA,2544,2351,193,NA,647,583,64,NA
"KP","MARDAN","50 - 54","DIVORCED",65,51,14,NA,47,39,8,NA,18,12,6,NA
"KP","MARDAN","50 - 54","MARRIED",81260,36549,44711,NA,67162,30616,36546,NA,14098,5933,8165,NA
"KP","MARDAN","50 - 54","NEVER MARRIED",2445,1731,712,2,1969,1437,532,NA,476,294,180,2
"KP","MARDAN","50 - 54","SEPERATION",96,65,31,NA,76,54,22,NA,20,11,9,NA
"KP","MARDAN","50 - 54","WIDOWED",5034,4641,393,NA,4107,3799,308,NA,927,842,85,NA
"KP","MARDAN","55 - 59","DIVORCED",42,32,10,NA,36,28,8,NA,6,4,2,NA
"KP","MARDAN","55 - 59","MARRIED",59601,24709,34892,NA,49284,20530,28754,NA,10317,4179,6138,NA
"KP","MARDAN","55 - 59","NEVER MARRIED",1626,1239,387,NA,1346,1054,292,NA,280,185,95,NA
"KP","MARDAN","55 - 59","SEPERATION",66,43,23,NA,54,34,20,NA,12,9,3,NA
"KP","MARDAN","55 - 59","WIDOWED",5280,4747,533,NA,4268,3856,412,NA,1012,891,121,NA
"KP","MARDAN","60 - 64","DIVORCED",27,15,12,NA,23,13,10,NA,4,2,2,NA
"KP","MARDAN","60 - 64","MARRIED",45438,17382,28056,NA,37955,14751,23204,NA,7483,2631,4852,NA
"KP","MARDAN","60 - 64","NEVER MARRIED",1268,971,297,NA,1055,832,223,NA,213,139,74,NA
"KP","MARDAN","60 - 64","SEPERATION",54,32,22,NA,43,26,17,NA,11,6,5,NA
"KP","MARDAN","60 - 64","WIDOWED",6656,5741,915,NA,5320,4622,698,NA,1336,1119,217,NA
"KP","MARDAN","65 - 69","DIVORCED",15,7,8,NA,11,5,6,NA,4,2,2,NA
"KP","MARDAN","65 - 69","MARRIED",32340,11014,21326,NA,27375,9481,17894,NA,4965,1533,3432,NA
"KP","MARDAN","65 - 69","NEVER MARRIED",804,619,185,NA,662,523,139,NA,142,96,46,NA
"KP","MARDAN","65 - 69","SEPERATION",36,17,19,NA,34,16,18,NA,2,1,1,NA
"KP","MARDAN","65 - 69","WIDOWED",6542,5319,1223,NA,5268,4319,949,NA,1274,1000,274,NA
"KP","MARDAN","70 - 74","DIVORCED",15,11,4,NA,12,9,3,NA,3,2,1,NA
"KP","MARDAN","70 - 74","MARRIED",21668,6407,15261,NA,18504,5553,12951,NA,3164,854,2310,NA
"KP","MARDAN","70 - 74","NEVER MARRIED",643,488,155,NA,540,423,117,NA,103,65,38,NA
"KP","MARDAN","70 - 74","SEPERATION",43,17,26,NA,37,14,23,NA,6,3,3,NA
"KP","MARDAN","70 - 74","WIDOWED",6754,5087,1667,NA,5630,4264,1366,NA,1124,823,301,NA
"KP","MARDAN","75 & ABOVE","DIVORCED",11,6,5,NA,11,6,5,NA,NA,NA,NA,NA
"KP","MARDAN","75 & ABOVE","MARRIED",17571,4290,13281,NA,15277,3751,11526,NA,2294,539,1755,NA
"KP","MARDAN","75 & ABOVE","NEVER MARRIED",545,415,130,NA,468,361,107,NA,77,54,23,NA
"KP","MARDAN","75 & ABOVE","SEPERATION",48,12,36,NA,46,11,35,NA,2,1,1,NA
"KP","MARDAN","75 & ABOVE","WIDOWED",9644,6525,3119,NA,8260,5641,2619,NA,1384,884,500,NA
"KP","MOHMAND","15 &  ABOVE","DIVORCED",39,32,7,NA,39,32,7,NA,NA,NA,NA,NA
"KP","MOHMAND","15 &  ABOVE","MARRIED",204957,104346,100611,NA,204957,104346,100611,NA,NA,NA,NA,NA
"KP","MOHMAND","15 &  ABOVE","NEVER MARRIED",74566,30730,43830,6,74566,30730,43830,6,NA,NA,NA,NA
"KP","MOHMAND","15 &  ABOVE","SEPERATION",104,68,36,NA,104,68,36,NA,NA,NA,NA,NA
"KP","MOHMAND","15 &  ABOVE","WIDOWED",4503,3783,720,NA,4503,3783,720,NA,NA,NA,NA,NA
"KP","MOHMAND","15 - 19","DIVORCED",1,1,NA,NA,1,1,NA,NA,NA,NA,NA,NA
"KP","MOHMAND","15 - 19","MARRIED",7182,5439,1743,NA,7182,5439,1743,NA,NA,NA,NA,NA
"KP","MOHMAND","15 - 19","NEVER MARRIED",46365,21056,25306,3,46365,21056,25306,3,NA,NA,NA,NA
"KP","MOHMAND","15 - 19","SEPERATION",8,3,5,NA,8,3,5,NA,NA,NA,NA,NA
"KP","MOHMAND","15 - 19","WIDOWED",5,4,1,NA,5,4,1,NA,NA,NA,NA,NA
"KP","MOHMAND","20 - 24","DIVORCED",6,5,1,NA,6,5,1,NA,NA,NA,NA,NA
"KP","MOHMAND","20 - 24","MARRIED",25800,16721,9079,NA,25800,16721,9079,NA,NA,NA,NA,NA
"KP","MOHMAND","20 - 24","NEVER MARRIED",18460,5346,13112,2,18460,5346,13112,2,NA,NA,NA,NA
"KP","MOHMAND","20 - 24","SEPERATION",11,7,4,NA,11,7,4,NA,NA,NA,NA,NA
"KP","MOHMAND","20 - 24","WIDOWED",33,27,6,NA,33,27,6,NA,NA,NA,NA,NA
"KP","MOHMAND","25 - 29","DIVORCED",8,7,1,NA,8,7,1,NA,NA,NA,NA,NA
"KP","MOHMAND","25 - 29","MARRIED",32830,17549,15281,NA,32830,17549,15281,NA,NA,NA,NA,NA
"KP","MOHMAND","25 - 29","NEVER MARRIED",6034,2074,3960,NA,6034,2074,3960,NA,NA,NA,NA,NA
"KP","MOHMAND","25 - 29","SEPERATION",10,7,3,NA,10,7,3,NA,NA,NA,NA,NA
"KP","MOHMAND","25 - 29","WIDOWED",45,37,8,NA,45,37,8,NA,NA,NA,NA,NA
"KP","MOHMAND","30 - 34","DIVORCED",6,5,1,NA,6,5,1,NA,NA,NA,NA,NA
"KP","MOHMAND","30 - 34","MARRIED",30095,14845,15250,NA,30095,14845,15250,NA,NA,NA,NA,NA
"KP","MOHMAND","30 - 34","NEVER MARRIED",1967,1435,532,NA,1967,1435,532,NA,NA,NA,NA,NA
"KP","MOHMAND","30 - 34","SEPERATION",8,5,3,NA,8,5,3,NA,NA,NA,NA,NA
"KP","MOHMAND","30 - 34","WIDOWED",99,87,12,NA,99,87,12,NA,NA,NA,NA,NA
"KP","MOHMAND","35 - 39","DIVORCED",6,4,2,NA,6,4,2,NA,NA,NA,NA,NA
"KP","MOHMAND","35 - 39","MARRIED",25910,12037,13873,NA,25910,12037,13873,NA,NA,NA,NA,NA
"KP","MOHMAND","35 - 39","NEVER MARRIED",769,319,450,NA,769,319,450,NA,NA,NA,NA,NA
"KP","MOHMAND","35 - 39","SEPERATION",9,8,1,NA,9,8,1,NA,NA,NA,NA,NA
"KP","MOHMAND","35 - 39","WIDOWED",150,138,12,NA,150,138,12,NA,NA,NA,NA,NA
"KP","MOHMAND","40 - 44","DIVORCED",7,6,1,NA,7,6,1,NA,NA,NA,NA,NA
"KP","MOHMAND","40 - 44","MARRIED",20933,9892,11041,NA,20933,9892,11041,NA,NA,NA,NA,NA
"KP","MOHMAND","40 - 44","NEVER MARRIED",410,187,223,NA,410,187,223,NA,NA,NA,NA,NA
"KP","MOHMAND","40 - 44","SEPERATION",15,11,4,NA,15,11,4,NA,NA,NA,NA,NA
"KP","MOHMAND","40 - 44","WIDOWED",241,221,20,NA,241,221,20,NA,NA,NA,NA,NA
"KP","MOHMAND","45 - 49","DIVORCED",1,1,NA,NA,1,1,NA,NA,NA,NA,NA,NA
"KP","MOHMAND","45 - 49","MARRIED",15688,7439,8249,NA,15688,7439,8249,NA,NA,NA,NA,NA
"KP","MOHMAND","45 - 49","NEVER MARRIED",232,109,123,NA,232,109,123,NA,NA,NA,NA,NA
"KP","MOHMAND","45 - 49","SEPERATION",9,8,1,NA,9,8,1,NA,NA,NA,NA,NA
"KP","MOHMAND","45 - 49","WIDOWED",264,245,19,NA,264,245,19,NA,NA,NA,NA,NA
"KP","MOHMAND","50 - 54","DIVORCED",NA,NA,NA,NA,NA,NA,NA,NA,NA,NA,NA,NA
"KP","MOHMAND","50 - 54","MARRIED",13657,6571,7086,NA,13657,6571,7086,NA,NA,NA,NA,NA
"KP","MOHMAND","50 - 54","NEVER MARRIED",119,67,52,NA,119,67,52,NA,NA,NA,NA,NA
"KP","MOHMAND","50 - 54","SEPERATION",6,3,3,NA,6,3,3,NA,NA,NA,NA,NA
"KP","MOHMAND","50 - 54","WIDOWED",432,407,25,NA,432,407,25,NA,NA,NA,NA,NA
"KP","MOHMAND","55 - 59","DIVORCED",NA,NA,NA,NA,NA,NA,NA,NA,NA,NA,NA,NA
"KP","MOHMAND","55 - 59","MARRIED",10352,4816,5536,NA,10352,4816,5536,NA,NA,NA,NA,NA
"KP","MOHMAND","55 - 59","NEVER MARRIED",65,43,22,NA,65,43,22,NA,NA,NA,NA,NA
"KP","MOHMAND","55 - 59","SEPERATION",6,5,1,NA,6,5,1,NA,NA,NA,NA,NA
"KP","MOHMAND","55 - 59","WIDOWED",463,421,42,NA,463,421,42,NA,NA,NA,NA,NA
"KP","MOHMAND","60 - 64","DIVORCED",2,2,NA,NA,2,2,NA,NA,NA,NA,NA,NA
"KP","MOHMAND","60 - 64","MARRIED",9276,3980,5296,NA,9276,3980,5296,NA,NA,NA,NA,NA
"KP","MOHMAND","60 - 64","NEVER MARRIED",64,42,22,NA,64,42,22,NA,NA,NA,NA,NA
"KP","MOHMAND","60 - 64","SEPERATION",8,7,1,NA,8,7,1,NA,NA,NA,NA,NA
"KP","MOHMAND","60 - 64","WIDOWED",696,615,81,NA,696,615,81,NA,NA,NA,NA,NA
"KP","MOHMAND","65 - 69","DIVORCED",NA,NA,NA,NA,NA,NA,NA,NA,NA,NA,NA,NA
"KP","MOHMAND","65 - 69","MARRIED",5474,2267,3207,NA,5474,2267,3207,NA,NA,NA,NA,NA
"KP","MOHMAND","65 - 69","NEVER MARRIED",36,22,14,NA,36,22,14,NA,NA,NA,NA,NA
"KP","MOHMAND","65 - 69","SEPERATION",3,2,1,NA,3,2,1,NA,NA,NA,NA,NA
"KP","MOHMAND","65 - 69","WIDOWED",499,400,99,NA,499,400,99,NA,NA,NA,NA,NA
"KP","MOHMAND","70 - 74","DIVORCED",1,1,NA,NA,1,1,NA,NA,NA,NA,NA,NA
"KP","MOHMAND","70 - 74","MARRIED",4246,1651,2595,NA,4246,1651,2595,NA,NA,NA,NA,NA
"KP","MOHMAND","70 - 74","NEVER MARRIED",21,11,9,1,21,11,9,1,NA,NA,NA,NA
"KP","MOHMAND","70 - 74","SEPERATION",8,1,7,NA,8,1,7,NA,NA,NA,NA,NA
"KP","MOHMAND","70 - 74","WIDOWED",690,537,153,NA,690,537,153,NA,NA,NA,NA,NA
"KP","MOHMAND","75 & ABOVE","DIVORCED",1,NA,1,NA,1,NA,1,NA,NA,NA,NA,NA
"KP","MOHMAND","75 & ABOVE","MARRIED",3514,1139,2375,NA,3514,1139,2375,NA,NA,NA,NA,NA
"KP","MOHMAND","75 & ABOVE","NEVER MARRIED",24,19,5,NA,24,19,5,NA,NA,NA,NA,NA
"KP","MOHMAND","75 & ABOVE","SEPERATION",3,1,2,NA,3,1,2,NA,NA,NA,NA,NA
"KP","MOHMAND","75 & ABOVE","WIDOWED",886,644,242,NA,886,644,242,NA,NA,NA,NA,NA
"KP","NORTH WAZIRISTAN","15 &  ABOVE","DIVORCED",167,143,24,NA,167,143,24,NA,NA,NA,NA,NA
"KP","NORTH WAZIRISTAN","15 &  ABOVE","MARRIED",265039,133553,131486,NA,263702,132936,130766,NA,1337,617,720,NA
"KP","NORTH WAZIRISTAN","15 &  ABOVE","NEVER MARRIED",76679,31856,44811,12,76127,31614,44502,11,552,242,309,1
"KP","NORTH WAZIRISTAN","15 &  ABOVE","SEPERATION",208,129,79,NA,208,129,79,NA,NA,NA,NA,NA
"KP","NORTH WAZIRISTAN","15 &  ABOVE","WIDOWED",5118,4338,780,NA,5094,4318,776,NA,24,20,4,NA
"KP","NORTH WAZIRISTAN","15 - 19","DIVORCED",12,9,3,NA,12,9,3,NA,NA,NA,NA,NA
"KP","NORTH WAZIRISTAN","15 - 19","MARRIED",19502,12112,7390,NA,19459,12077,7382,NA,43,35,8,NA
"KP","NORTH WAZIRISTAN","15 - 19","NEVER MARRIED",47641,20639,26995,7,47316,20481,26829,6,325,158,166,1
"KP","NORTH WAZIRISTAN","15 - 19","SEPERATION",14,8,6,NA,14,8,6,NA,NA,NA,NA,NA
"KP","NORTH WAZIRISTAN","15 - 19","WIDOWED",45,38,7,NA,45,38,7,NA,NA,NA,NA,NA
"KP","NORTH WAZIRISTAN","20 - 24","DIVORCED",17,12,5,NA,17,12,5,NA,NA,NA,NA,NA
"KP","NORTH WAZIRISTAN","20 - 24","MARRIED",41563,24137,17426,NA,41429,24055,17374,NA,134,82,52,NA
"KP","NORTH WAZIRISTAN","20 - 24","NEVER MARRIED",17072,5486,11585,1,16933,5438,11494,1,139,48,91,NA
"KP","NORTH WAZIRISTAN","20 - 24","SEPERATION",16,6,10,NA,16,6,10,NA,NA,NA,NA,NA
"KP","NORTH WAZIRISTAN","20 - 24","WIDOWED",140,122,18,NA,140,122,18,NA,NA,NA,NA,NA
"KP","NORTH WAZIRISTAN","25 - 29","DIVORCED",26,23,3,NA,26,23,3,NA,NA,NA,NA,NA
"KP","NORTH WAZIRISTAN","25 - 29","MARRIED",46501,25112,21389,NA,46286,24986,21300,NA,215,126,89,NA
"KP","NORTH WAZIRISTAN","25 - 29","NEVER MARRIED",6367,2534,3832,1,6306,2511,3794,1,61,23,38,NA
"KP","NORTH WAZIRISTAN","25 - 29","SEPERATION",30,14,16,NA,30,14,16,NA,NA,NA,NA,NA
"KP","NORTH WAZIRISTAN","25 - 29","WIDOWED",190,157,33,NA,188,155,33,NA,2,2,NA,NA
"KP","NORTH WAZIRISTAN","30 - 34","DIVORCED",24,21,3,NA,24,21,3,NA,NA,NA,NA,NA
"KP","NORTH WAZIRISTAN","30 - 34","MARRIED",37383,18501,18882,NA,37144,18384,18760,NA,239,117,122,NA
"KP","NORTH WAZIRISTAN","30 - 34","NEVER MARRIED",2440,1882,557,1,2428,1874,553,1,12,8,4,NA
"KP","NORTH WAZIRISTAN","30 - 34","SEPERATION",19,10,9,NA,19,10,9,NA,NA,NA,NA,NA
"KP","NORTH WAZIRISTAN","30 - 34","WIDOWED",222,178,44,NA,222,178,44,NA,NA,NA,NA,NA
"KP","NORTH WAZIRISTAN","35 - 39","DIVORCED",26,23,3,NA,26,23,3,NA,NA,NA,NA,NA
"KP","NORTH WAZIRISTAN","35 - 39","MARRIED",31546,14393,17153,NA,31322,14311,17011,NA,224,82,142,NA
"KP","NORTH WAZIRISTAN","35 - 39","NEVER MARRIED",1382,554,828,NA,1379,553,826,NA,3,1,2,NA
"KP","NORTH WAZIRISTAN","35 - 39","SEPERATION",17,11,6,NA,17,11,6,NA,NA,NA,NA,NA
"KP","NORTH WAZIRISTAN","35 - 39","WIDOWED",258,231,27,NA,257,230,27,NA,1,1,NA,NA
"KP","NORTH WAZIRISTAN","40 - 44","DIVORCED",27,23,4,NA,27,23,4,NA,NA,NA,NA,NA
"KP","NORTH WAZIRISTAN","40 - 44","MARRIED",24099,11754,12345,NA,23942,11697,12245,NA,157,57,100,NA
"KP","NORTH WAZIRISTAN","40 - 44","NEVER MARRIED",804,334,469,1,802,333,468,1,2,1,1,NA
"KP","NORTH WAZIRISTAN","40 - 44","SEPERATION",18,14,4,NA,18,14,4,NA,NA,NA,NA,NA
"KP","NORTH WAZIRISTAN","40 - 44","WIDOWED",388,345,43,NA,386,343,43,NA,2,2,NA,NA
"KP","NORTH WAZIRISTAN","45 - 49","DIVORCED",10,10,NA,NA,10,10,NA,NA,NA,NA,NA,NA
"KP","NORTH WAZIRISTAN","45 - 49","MARRIED",18041,8495,9546,NA,17928,8449,9479,NA,113,46,67,NA
"KP","NORTH WAZIRISTAN","45 - 49","NEVER MARRIED",359,157,202,NA,354,155,199,NA,5,2,3,NA
"KP","NORTH WAZIRISTAN","45 - 49","SEPERATION",19,17,2,NA,19,17,2,NA,NA,NA,NA,NA
"KP","NORTH WAZIRISTAN","45 - 49","WIDOWED",436,389,47,NA,433,386,47,NA,3,3,NA,NA
"KP","NORTH WAZIRISTAN","50 - 54","DIVORCED",5,5,NA,NA,5,5,NA,NA,NA,NA,NA,NA
"KP","NORTH WAZIRISTAN","50 - 54","MARRIED",14000,6616,7384,NA,13919,6581,7338,NA,81,35,46,NA
"KP","NORTH WAZIRISTAN","50 - 54","NEVER MARRIED",229,106,123,NA,228,105,123,NA,1,1,NA,NA
"KP","NORTH WAZIRISTAN","50 - 54","SEPERATION",18,14,4,NA,18,14,4,NA,NA,NA,NA,NA
"KP","NORTH WAZIRISTAN","50 - 54","WIDOWED",610,546,64,NA,607,543,64,NA,3,3,NA,NA
"KP","NORTH WAZIRISTAN","55 - 59","DIVORCED",9,8,1,NA,9,8,1,NA,NA,NA,NA,NA
"KP","NORTH WAZIRISTAN","55 - 59","MARRIED",10793,4756,6037,NA,10731,4737,5994,NA,62,19,43,NA
"KP","NORTH WAZIRISTAN","55 - 59","NEVER MARRIED",128,57,70,1,125,57,67,1,3,NA,3,NA
"KP","NORTH WAZIRISTAN","55 - 59","SEPERATION",11,10,1,NA,11,10,1,NA,NA,NA,NA,NA
"KP","NORTH WAZIRISTAN","55 - 59","WIDOWED",569,516,53,NA,563,511,52,NA,6,5,1,NA
"KP","NORTH WAZIRISTAN","60 - 64","DIVORCED",4,3,1,NA,4,3,1,NA,NA,NA,NA,NA
"KP","NORTH WAZIRISTAN","60 - 64","MARRIED",9311,3886,5425,NA,9275,3876,5399,NA,36,10,26,NA
"KP","NORTH WAZIRISTAN","60 - 64","NEVER MARRIED",121,59,62,NA,120,59,61,NA,1,NA,1,NA
"KP","NORTH WAZIRISTAN","60 - 64","SEPERATION",17,9,8,NA,17,9,8,NA,NA,NA,NA,NA
"KP","NORTH WAZIRISTAN","60 - 64","WIDOWED",798,691,107,NA,795,689,106,NA,3,2,1,NA
"KP","NORTH WAZIRISTAN","65 - 69","DIVORCED",3,2,1,NA,3,2,1,NA,NA,NA,NA,NA
"KP","NORTH WAZIRISTAN","65 - 69","MARRIED",5953,1943,4010,NA,5937,1938,3999,NA,16,5,11,NA
"KP","NORTH WAZIRISTAN","65 - 69","NEVER MARRIED",70,17,53,NA,70,17,53,NA,NA,NA,NA,NA
"KP","NORTH WAZIRISTAN","65 - 69","SEPERATION",17,12,5,NA,17,12,5,NA,NA,NA,NA,NA
"KP","NORTH WAZIRISTAN","65 - 69","WIDOWED",525,426,99,NA,525,426,99,NA,NA,NA,NA,NA
"KP","NORTH WAZIRISTAN","70 - 74","DIVORCED",2,2,NA,NA,2,2,NA,NA,NA,NA,NA,NA
"KP","NORTH WAZIRISTAN","70 - 74","MARRIED",3761,1132,2629,NA,3751,1132,2619,NA,10,NA,10,NA
"KP","NORTH WAZIRISTAN","70 - 74","NEVER MARRIED",34,18,16,NA,34,18,16,NA,NA,NA,NA,NA
"KP","NORTH WAZIRISTAN","70 - 74","SEPERATION",6,3,3,NA,6,3,3,NA,NA,NA,NA,NA
"KP","NORTH WAZIRISTAN","70 - 74","WIDOWED",532,403,129,NA,528,401,127,NA,4,2,2,NA
"KP","NORTH WAZIRISTAN","75 & ABOVE","DIVORCED",2,2,NA,NA,2,2,NA,NA,NA,NA,NA,NA
"KP","NORTH WAZIRISTAN","75 & ABOVE","MARRIED",2586,716,1870,NA,2579,713,1866,NA,7,3,4,NA
"KP","NORTH WAZIRISTAN","75 & ABOVE","NEVER MARRIED",32,13,19,NA,32,13,19,NA,NA,NA,NA,NA
"KP","NORTH WAZIRISTAN","75 & ABOVE","SEPERATION",6,1,5,NA,6,1,5,NA,NA,NA,NA,NA
"KP","NORTH WAZIRISTAN","75 & ABOVE","WIDOWED",405,296,109,NA,405,296,109,NA,NA,NA,NA,NA
"KP","NOWSHERA","15 &  ABOVE","DIVORCED",1233,1014,219,NA,1003,827,176,NA,230,187,43,NA
"KP","NOWSHERA","15 &  ABOVE","MARRIED",692389,349312,343077,NA,554006,282364,271642,NA,138383,66948,71435,NA
"KP","NOWSHERA","15 &  ABOVE","NEVER MARRIED",309178,127045,182085,48,243701,101603,142082,16,65477,25442,40003,32
"KP","NOWSHERA","15 &  ABOVE","SEPERATION",785,538,247,NA,635,437,198,NA,150,101,49,NA
"KP","NOWSHERA","15 &  ABOVE","WIDOWED",33269,27050,6219,NA,26085,21233,4852,NA,7184,5817,1367,NA
"KP","NOWSHERA","15 - 19","DIVORCED",37,35,2,NA,31,29,2,NA,6,6,NA,NA
"KP","NOWSHERA","15 - 19","MARRIED",22307,18683,3624,NA,19020,15872,3148,NA,3287,2811,476,NA
"KP","NOWSHERA","15 - 19","NEVER MARRIED",160310,71460,88841,9,129356,57591,71759,6,30954,13869,17082,3
"KP","NOWSHERA","15 - 19","SEPERATION",33,18,15,NA,30,16,14,NA,3,2,1,NA
"KP","NOWSHERA","15 - 19","WIDOWED",63,50,13,NA,52,40,12,NA,11,10,1,NA
"KP","NOWSHERA","20 - 24","DIVORCED",114,100,14,NA,91,78,13,NA,23,22,1,NA
"KP","NOWSHERA","20 - 24","MARRIED",68866,48523,20343,NA,57192,40010,17182,NA,11674,8513,3161,NA
"KP","NOWSHERA","20 - 24","NEVER MARRIED",85203,28052,57139,12,65183,21865,43313,5,20020,6187,13826,7
"KP","NOWSHERA","20 - 24","SEPERATION",91,60,31,NA,81,51,30,NA,10,9,1,NA
"KP","NOWSHERA","20 - 24","WIDOWED",150,115,35,NA,118,92,26,NA,32,23,9,NA
"KP","NOWSHERA","25 - 29","DIVORCED",178,150,28,NA,149,127,22,NA,29,23,6,NA
"KP","NOWSHERA","25 - 29","MARRIED",96956,55519,41437,NA,78136,44665,33471,NA,18820,10854,7966,NA
"KP","NOWSHERA","25 - 29","NEVER MARRIED",33823,10886,22931,6,25561,8571,16989,1,8262,2315,5942,5
"KP","NOWSHERA","25 - 29","SEPERATION",74,48,26,NA,57,37,20,NA,17,11,6,NA
"KP","NOWSHERA","25 - 29","WIDOWED",350,292,58,NA,282,232,50,NA,68,60,8,NA
"KP","NOWSHERA","30 - 34","DIVORCED",203,171,32,NA,164,138,26,NA,39,33,6,NA
"KP","NOWSHERA","30 - 34","MARRIED",106472,55698,50774,NA,84321,44471,39850,NA,22151,11227,10924,NA
"KP","NOWSHERA","30 - 34","NEVER MARRIED",13482,7031,6444,7,10585,5652,4932,1,2897,1379,1512,6
"KP","NOWSHERA","30 - 34","SEPERATION",95,73,22,NA,76,56,20,NA,19,17,2,NA
"KP","NOWSHERA","30 - 34","WIDOWED",729,630,99,NA,569,497,72,NA,160,133,27,NA
"KP","NOWSHERA","35 - 39","DIVORCED",195,168,27,NA,154,132,22,NA,41,36,5,NA
"KP","NOWSHERA","35 - 39","MARRIED",98297,47095,51202,NA,76482,36978,39504,NA,21815,10117,11698,NA
"KP","NOWSHERA","35 - 39","NEVER MARRIED",6267,3093,3167,7,4942,2562,2380,NA,1325,531,787,7
"KP","NOWSHERA","35 - 39","SEPERATION",105,69,36,NA,85,57,28,NA,20,12,8,NA
"KP","NOWSHERA","35 - 39","WIDOWED",1068,933,135,NA,856,748,108,NA,212,185,27,NA
"KP","NOWSHERA","40 - 44","DIVORCED",149,116,33,NA,122,93,29,NA,27,23,4,NA
"KP","NOWSHERA","40 - 44","MARRIED",83566,37528,46038,NA,65027,29786,35241,NA,18539,7742,10797,NA
"KP","NOWSHERA","40 - 44","NEVER MARRIED",3568,2123,1442,3,2879,1782,1096,1,689,341,346,2
"KP","NOWSHERA","40 - 44","SEPERATION",81,52,29,NA,67,46,21,NA,14,6,8,NA
"KP","NOWSHERA","40 - 44","WIDOWED",1776,1587,189,NA,1335,1194,141,NA,441,393,48,NA
"KP","NOWSHERA","45 - 49","DIVORCED",115,89,26,NA,87,69,18,NA,28,20,8,NA
"KP","NOWSHERA","45 - 49","MARRIED",63325,28226,35099,NA,50139,22669,27470,NA,13186,5557,7629,NA
"KP","NOWSHERA","45 - 49","NEVER MARRIED",2247,1427,819,1,1804,1184,620,NA,443,243,199,1
"KP","NOWSHERA","45 - 49","SEPERATION",78,53,25,NA,62,43,19,NA,16,10,6,NA
"KP","NOWSHERA","45 - 49","WIDOWED",2412,2192,220,NA,1867,1686,181,NA,545,506,39,NA
"KP","NOWSHERA","50 - 54","DIVORCED",101,81,20,NA,86,71,15,NA,15,10,5,NA
"KP","NOWSHERA","50 - 54","MARRIED",49309,21368,27941,NA,39490,17498,21992,NA,9819,3870,5949,NA
"KP","NOWSHERA","50 - 54","NEVER MARRIED",1479,981,497,1,1183,808,374,1,296,173,123,NA
"KP","NOWSHERA","50 - 54","SEPERATION",67,46,21,NA,49,36,13,NA,18,10,8,NA
"KP","NOWSHERA","50 - 54","WIDOWED",3545,3211,334,NA,2713,2460,253,NA,832,751,81,NA
"KP","NOWSHERA","55 - 59","DIVORCED",48,37,11,NA,38,29,9,NA,10,8,2,NA
"KP","NOWSHERA","55 - 59","MARRIED",36637,15030,21607,NA,29497,12338,17159,NA,7140,2692,4448,NA
"KP","NOWSHERA","55 - 59","NEVER MARRIED",978,665,311,2,767,526,240,1,211,139,71,1
"KP","NOWSHERA","55 - 59","SEPERATION",70,56,14,NA,61,49,12,NA,9,7,2,NA
"KP","NOWSHERA","55 - 59","WIDOWED",3865,3397,468,NA,3001,2640,361,NA,864,757,107,NA
"KP","NOWSHERA","60 - 64","DIVORCED",48,37,11,NA,41,35,6,NA,7,2,5,NA
"KP","NOWSHERA","60 - 64","MARRIED",28243,10563,17680,NA,23091,8758,14333,NA,5152,1805,3347,NA
"KP","NOWSHERA","60 - 64","NEVER MARRIED",776,578,198,NA,612,460,152,NA,164,118,46,NA
"KP","NOWSHERA","60 - 64","SEPERATION",44,33,11,NA,31,22,9,NA,13,11,2,NA
"KP","NOWSHERA","60 - 64","WIDOWED",4827,4052,775,NA,3753,3155,598,NA,1074,897,177,NA
"KP","NOWSHERA","65 - 69","DIVORCED",20,13,7,NA,15,9,6,NA,5,4,1,NA
"KP","NOWSHERA","65 - 69","MARRIED",18017,5796,12221,NA,14694,4827,9867,NA,3323,969,2354,NA
"KP","NOWSHERA","65 - 69","NEVER MARRIED",459,327,132,NA,345,248,97,NA,114,79,35,NA
"KP","NOWSHERA","65 - 69","SEPERATION",18,12,6,NA,15,11,4,NA,3,1,2,NA
"KP","NOWSHERA","65 - 69","WIDOWED",4401,3437,964,NA,3430,2693,737,NA,971,744,227,NA
"KP","NOWSHERA","70 - 74","DIVORCED",15,9,6,NA,15,9,6,NA,NA,NA,NA,NA
"KP","NOWSHERA","70 - 74","MARRIED",11544,3228,8316,NA,9485,2724,6761,NA,2059,504,1555,NA
"KP","NOWSHERA","70 - 74","NEVER MARRIED",295,223,72,NA,245,187,58,NA,50,36,14,NA
"KP","NOWSHERA","70 - 74","SEPERATION",15,10,5,NA,11,7,4,NA,4,3,1,NA
"KP","NOWSHERA","70 - 74","WIDOWED",4270,3194,1076,NA,3389,2554,835,NA,881,640,241,NA
"KP","NOWSHERA","75 & ABOVE","DIVORCED",10,8,2,NA,10,8,2,NA,NA,NA,NA,NA
"KP","NOWSHERA","75 & ABOVE","MARRIED",8850,2055,6795,NA,7432,1768,5664,NA,1418,287,1131,NA
"KP","NOWSHERA","75 & ABOVE","NEVER MARRIED",291,199,92,NA,239,167,72,NA,52,32,20,NA
"KP","NOWSHERA","75 & ABOVE","SEPERATION",14,8,6,NA,10,6,4,NA,4,2,2,NA
"KP","NOWSHERA","75 & ABOVE","WIDOWED",5813,3960,1853,NA,4720,3242,1478,NA,1093,718,375,NA
"KP","ORAKZAI","15 &  ABOVE","DIVORCED",154,104,50,NA,154,104,50,NA,NA,NA,NA,NA
"KP","ORAKZAI","15 &  ABOVE","MARRIED",138841,70760,68081,NA,138841,70760,68081,NA,NA,NA,NA,NA
"KP","ORAKZAI","15 &  ABOVE","NEVER MARRIED",52114,20727,31381,6,52114,20727,31381,6,NA,NA,NA,NA
"KP","ORAKZAI","15 &  ABOVE","SEPERATION",70,39,31,NA,70,39,31,NA,NA,NA,NA,NA
"KP","ORAKZAI","15 &  ABOVE","WIDOWED",4108,3319,789,NA,4108,3319,789,NA,NA,NA,NA,NA
"KP","ORAKZAI","15 - 19","DIVORCED",11,5,6,NA,11,5,6,NA,NA,NA,NA,NA
"KP","ORAKZAI","15 - 19","MARRIED",7121,4479,2642,NA,7121,4479,2642,NA,NA,NA,NA,NA
"KP","ORAKZAI","15 - 19","NEVER MARRIED",35774,15284,20487,3,35774,15284,20487,3,NA,NA,NA,NA
"KP","ORAKZAI","15 - 19","SEPERATION",8,4,4,NA,8,4,4,NA,NA,NA,NA,NA
"KP","ORAKZAI","15 - 19","WIDOWED",7,3,4,NA,7,3,4,NA,NA,NA,NA,NA
"KP","ORAKZAI","20 - 24","DIVORCED",15,12,3,NA,15,12,3,NA,NA,NA,NA,NA
"KP","ORAKZAI","20 - 24","MARRIED",17035,10145,6890,NA,17035,10145,6890,NA,NA,NA,NA,NA
"KP","ORAKZAI","20 - 24","NEVER MARRIED",10409,3376,7032,1,10409,3376,7032,1,NA,NA,NA,NA
"KP","ORAKZAI","20 - 24","SEPERATION",2,1,1,NA,2,1,1,NA,NA,NA,NA,NA
"KP","ORAKZAI","20 - 24","WIDOWED",34,24,10,NA,34,24,10,NA,NA,NA,NA,NA
"KP","ORAKZAI","25 - 29","DIVORCED",18,10,8,NA,18,10,8,NA,NA,NA,NA,NA
"KP","ORAKZAI","25 - 29","MARRIED",20999,11085,9914,NA,20999,11085,9914,NA,NA,NA,NA,NA
"KP","ORAKZAI","25 - 29","NEVER MARRIED",3275,1006,2269,NA,3275,1006,2269,NA,NA,NA,NA,NA
"KP","ORAKZAI","25 - 29","SEPERATION",5,1,4,NA,5,1,4,NA,NA,NA,NA,NA
"KP","ORAKZAI","25 - 29","WIDOWED",59,44,15,NA,59,44,15,NA,NA,NA,NA,NA
"KP","ORAKZAI","30 - 34","DIVORCED",32,21,11,NA,32,21,11,NA,NA,NA,NA,NA
"KP","ORAKZAI","30 - 34","MARRIED",21886,11251,10635,NA,21886,11251,10635,NA,NA,NA,NA,NA
"KP","ORAKZAI","30 - 34","NEVER MARRIED",1170,435,735,NA,1170,435,735,NA,NA,NA,NA,NA
"KP","ORAKZAI","30 - 34","SEPERATION",10,6,4,NA,10,6,4,NA,NA,NA,NA,NA
"KP","ORAKZAI","30 - 34","WIDOWED",129,113,16,NA,129,113,16,NA,NA,NA,NA,NA
"KP","ORAKZAI","35 - 39","DIVORCED",23,15,8,NA,23,15,8,NA,NA,NA,NA,NA
"KP","ORAKZAI","35 - 39","MARRIED",19494,9518,9976,NA,19494,9518,9976,NA,NA,NA,NA,NA
"KP","ORAKZAI","35 - 39","NEVER MARRIED",612,238,374,NA,612,238,374,NA,NA,NA,NA,NA
"KP","ORAKZAI","35 - 39","SEPERATION",5,2,3,NA,5,2,3,NA,NA,NA,NA,NA
"KP","ORAKZAI","35 - 39","WIDOWED",198,169,29,NA,198,169,29,NA,NA,NA,NA,NA
"KP","ORAKZAI","40 - 44","DIVORCED",14,11,3,NA,14,11,3,NA,NA,NA,NA,NA
"KP","ORAKZAI","40 - 44","MARRIED",14038,6841,7197,NA,14038,6841,7197,NA,NA,NA,NA,NA
"KP","ORAKZAI","40 - 44","NEVER MARRIED",345,157,187,1,345,157,187,1,NA,NA,NA,NA
"KP","ORAKZAI","40 - 44","SEPERATION",7,4,3,NA,7,4,3,NA,NA,NA,NA,NA
"KP","ORAKZAI","40 - 44","WIDOWED",256,229,27,NA,256,229,27,NA,NA,NA,NA,NA
"KP","ORAKZAI","45 - 49","DIVORCED",16,13,3,NA,16,13,3,NA,NA,NA,NA,NA
"KP","ORAKZAI","45 - 49","MARRIED",10559,5089,5470,NA,10559,5089,5470,NA,NA,NA,NA,NA
"KP","ORAKZAI","45 - 49","NEVER MARRIED",179,82,96,1,179,82,96,1,NA,NA,NA,NA
"KP","ORAKZAI","45 - 49","SEPERATION",8,8,NA,NA,8,8,NA,NA,NA,NA,NA,NA
"KP","ORAKZAI","45 - 49","WIDOWED",306,261,45,NA,306,261,45,NA,NA,NA,NA,NA
"KP","ORAKZAI","50 - 54","DIVORCED",6,4,2,NA,6,4,2,NA,NA,NA,NA,NA
"KP","ORAKZAI","50 - 54","MARRIED",8618,4304,4314,NA,8618,4304,4314,NA,NA,NA,NA,NA
"KP","ORAKZAI","50 - 54","NEVER MARRIED",120,49,71,NA,120,49,71,NA,NA,NA,NA,NA
"KP","ORAKZAI","50 - 54","SEPERATION",3,2,1,NA,3,2,1,NA,NA,NA,NA,NA
"KP","ORAKZAI","50 - 54","WIDOWED",456,407,49,NA,456,407,49,NA,NA,NA,NA,NA
"KP","ORAKZAI","55 - 59","DIVORCED",7,6,1,NA,7,6,1,NA,NA,NA,NA,NA
"KP","ORAKZAI","55 - 59","MARRIED",6285,2975,3310,NA,6285,2975,3310,NA,NA,NA,NA,NA
"KP","ORAKZAI","55 - 59","NEVER MARRIED",79,32,47,NA,79,32,47,NA,NA,NA,NA,NA
"KP","ORAKZAI","55 - 59","SEPERATION",8,4,4,NA,8,4,4,NA,NA,NA,NA,NA
"KP","ORAKZAI","55 - 59","WIDOWED",471,410,61,NA,471,410,61,NA,NA,NA,NA,NA
"KP","ORAKZAI","60 - 64","DIVORCED",4,3,1,NA,4,3,1,NA,NA,NA,NA,NA
"KP","ORAKZAI","60 - 64","MARRIED",5481,2412,3069,NA,5481,2412,3069,NA,NA,NA,NA,NA
"KP","ORAKZAI","60 - 64","NEVER MARRIED",63,31,32,NA,63,31,32,NA,NA,NA,NA,NA
"KP","ORAKZAI","60 - 64","SEPERATION",3,2,1,NA,3,2,1,NA,NA,NA,NA,NA
"KP","ORAKZAI","60 - 64","WIDOWED",730,607,123,NA,730,607,123,NA,NA,NA,NA,NA
"KP","ORAKZAI","65 - 69","DIVORCED",3,1,2,NA,3,1,2,NA,NA,NA,NA,NA
"KP","ORAKZAI","65 - 69","MARRIED",3264,1277,1987,NA,3264,1277,1987,NA,NA,NA,NA,NA
"KP","ORAKZAI","65 - 69","NEVER MARRIED",27,14,13,NA,27,14,13,NA,NA,NA,NA,NA
"KP","ORAKZAI","65 - 69","SEPERATION",8,5,3,NA,8,5,3,NA,NA,NA,NA,NA
"KP","ORAKZAI","65 - 69","WIDOWED",466,370,96,NA,466,370,96,NA,NA,NA,NA,NA
"KP","ORAKZAI","70 - 74","DIVORCED",3,2,1,NA,3,2,1,NA,NA,NA,NA,NA
"KP","ORAKZAI","70 - 74","MARRIED",2321,840,1481,NA,2321,840,1481,NA,NA,NA,NA,NA
"KP","ORAKZAI","70 - 74","NEVER MARRIED",37,12,25,NA,37,12,25,NA,NA,NA,NA,NA
"KP","ORAKZAI","70 - 74","SEPERATION",NA,NA,NA,NA,NA,NA,NA,NA,NA,NA,NA,NA
"KP","ORAKZAI","70 - 74","WIDOWED",485,357,128,NA,485,357,128,NA,NA,NA,NA,NA
"KP","ORAKZAI","75 & ABOVE","DIVORCED",2,1,1,NA,2,1,1,NA,NA,NA,NA,NA
"KP","ORAKZAI","75 & ABOVE","MARRIED",1740,544,1196,NA,1740,544,1196,NA,NA,NA,NA,NA
"KP","ORAKZAI","75 & ABOVE","NEVER MARRIED",24,11,13,NA,24,11,13,NA,NA,NA,NA,NA
"KP","ORAKZAI","75 & ABOVE","SEPERATION",3,NA,3,NA,3,NA,3,NA,NA,NA,NA,NA
"KP","ORAKZAI","75 & ABOVE","WIDOWED",511,325,186,NA,511,325,186,NA,NA,NA,NA,NA
"KP","PESHAWAR","15 &  ABOVE","DIVORCED",1493,1136,357,NA,787,603,184,NA,706,533,173,NA
"KP","PESHAWAR","15 &  ABOVE","MARRIED",1814845,917423,897422,NA,1076616,549709,526907,NA,738229,367714,370515,NA
"KP","PESHAWAR","15 &  ABOVE","NEVER MARRIED",888974,375698,513094,182,481585,202445,279113,27,407389,173253,233981,155
"KP","PESHAWAR","15 &  ABOVE","SEPERATION",1239,777,462,NA,698,470,228,NA,541,307,234,NA
"KP","PESHAWAR","15 &  ABOVE","WIDOWED",71344,56330,15014,NA,40731,32239,8492,NA,30613,24091,6522,NA
"KP","PESHAWAR","15 - 19","DIVORCED",54,48,6,NA,38,35,3,NA,16,13,3,NA
"KP","PESHAWAR","15 - 19","MARRIED",56394,44966,11428,NA,38818,30869,7949,NA,17576,14097,3479,NA
"KP","PESHAWAR","15 - 19","NEVER MARRIED",471693,214917,256744,32,273357,124269,149073,15,198336,90648,107671,17
"KP","PESHAWAR","15 - 19","SEPERATION",90,59,31,NA,54,40,14,NA,36,19,17,NA
"KP","PESHAWAR","15 - 19","WIDOWED",104,69,35,NA,62,43,19,NA,42,26,16,NA
"KP","PESHAWAR","20 - 24","DIVORCED",176,142,34,NA,118,96,22,NA,58,46,12,NA
"KP","PESHAWAR","20 - 24","MARRIED",187089,127552,59537,NA,121798,82361,39437,NA,65291,45191,20100,NA
"KP","PESHAWAR","20 - 24","NEVER MARRIED",249157,88680,160417,60,127583,42962,84614,7,121574,45718,75803,53
"KP","PESHAWAR","20 - 24","SEPERATION",146,82,64,NA,75,46,29,NA,71,36,35,NA
"KP","PESHAWAR","20 - 24","WIDOWED",401,329,72,NA,253,211,42,NA,148,118,30,NA
"KP","PESHAWAR","25 - 29","DIVORCED",211,178,33,NA,135,115,20,NA,76,63,13,NA
"KP","PESHAWAR","25 - 29","MARRIED",272749,155921,116828,NA,167643,95016,72627,NA,105106,60905,44201,NA
"KP","PESHAWAR","25 - 29","NEVER MARRIED",97215,33790,63383,42,46805,15765,31038,2,50410,18025,32345,40
"KP","PESHAWAR","25 - 29","SEPERATION",143,96,47,NA,78,55,23,NA,65,41,24,NA
"KP","PESHAWAR","25 - 29","WIDOWED",832,680,152,NA,570,478,92,NA,262,202,60,NA
"KP","PESHAWAR","30 - 34","DIVORCED",264,201,63,NA,137,98,39,NA,127,103,24,NA
"KP","PESHAWAR","30 - 34","MARRIED",272430,141544,130886,NA,164133,85187,78946,NA,108297,56357,51940,NA
"KP","PESHAWAR","30 - 34","NEVER MARRIED",35854,20206,15629,19,17289,10065,7224,NA,18565,10141,8405,19
"KP","PESHAWAR","30 - 34","SEPERATION",155,91,64,NA,87,52,35,NA,68,39,29,NA
"KP","PESHAWAR","30 - 34","WIDOWED",1488,1253,235,NA,949,807,142,NA,539,446,93,NA
"KP","PESHAWAR","35 - 39","DIVORCED",265,193,72,NA,125,85,40,NA,140,108,32,NA
"KP","PESHAWAR","35 - 39","MARRIED",262919,127358,135561,NA,153305,73849,79456,NA,109614,53509,56105,NA
"KP","PESHAWAR","35 - 39","NEVER MARRIED",15627,7103,8506,18,7410,3703,3704,3,8217,3400,4802,15
"KP","PESHAWAR","35 - 39","SEPERATION",145,99,46,NA,80,53,27,NA,65,46,19,NA
"KP","PESHAWAR","35 - 39","WIDOWED",2485,2131,354,NA,1493,1298,195,NA,992,833,159,NA
"KP","PESHAWAR","40 - 44","DIVORCED",182,139,43,NA,83,68,15,NA,99,71,28,NA
"KP","PESHAWAR","40 - 44","MARRIED",213540,96946,116594,NA,121109,54766,66343,NA,92431,42180,50251,NA
"KP","PESHAWAR","40 - 44","NEVER MARRIED",7706,3953,3747,6,3634,2058,1576,NA,4072,1895,2171,6
"KP","PESHAWAR","40 - 44","SEPERATION",133,91,42,NA,74,56,18,NA,59,35,24,NA
"KP","PESHAWAR","40 - 44","WIDOWED",3986,3517,469,NA,2297,2064,233,NA,1689,1453,236,NA
"KP","PESHAWAR","45 - 49","DIVORCED",126,94,32,NA,51,39,12,NA,75,55,20,NA
"KP","PESHAWAR","45 - 49","MARRIED",165226,75971,89255,NA,92958,43349,49609,NA,72268,32622,39646,NA
"KP","PESHAWAR","45 - 49","NEVER MARRIED",4278,2324,1950,4,2005,1206,799,NA,2273,1118,1151,4
"KP","PESHAWAR","45 - 49","SEPERATION",104,57,47,NA,62,38,24,NA,42,19,23,NA
"KP","PESHAWAR","45 - 49","WIDOWED",5720,5062,658,NA,3200,2864,336,NA,2520,2198,322,NA
"KP","PESHAWAR","50 - 54","DIVORCED",73,53,20,NA,28,19,9,NA,45,34,11,NA
"KP","PESHAWAR","50 - 54","MARRIED",125760,54295,71465,NA,71249,31267,39982,NA,54511,23028,31483,NA
"KP","PESHAWAR","50 - 54","NEVER MARRIED",2636,1603,1033,NA,1260,860,400,NA,1376,743,633,NA
"KP","PESHAWAR","50 - 54","SEPERATION",100,75,25,NA,58,50,8,NA,42,25,17,NA
"KP","PESHAWAR","50 - 54","WIDOWED",8120,7192,928,NA,4574,4094,480,NA,3546,3098,448,NA
"KP","PESHAWAR","55 - 59","DIVORCED",53,33,20,NA,23,17,6,NA,30,16,14,NA
"KP","PESHAWAR","55 - 59","MARRIED",93956,39412,54544,NA,52270,22236,30034,NA,41686,17176,24510,NA
"KP","PESHAWAR","55 - 59","NEVER MARRIED",1743,1068,675,NA,799,545,254,NA,944,523,421,NA
"KP","PESHAWAR","55 - 59","SEPERATION",73,45,28,NA,34,26,8,NA,39,19,20,NA
"KP","PESHAWAR","55 - 59","WIDOWED",8943,7629,1314,NA,4898,4205,693,NA,4045,3424,621,NA
"KP","PESHAWAR","60 - 64","DIVORCED",39,24,15,NA,19,12,7,NA,20,12,8,NA
"KP","PESHAWAR","60 - 64","MARRIED",72272,26770,45502,NA,40991,15492,25499,NA,31281,11278,20003,NA
"KP","PESHAWAR","60 - 64","NEVER MARRIED",1294,877,417,NA,594,413,181,NA,700,464,236,NA
"KP","PESHAWAR","60 - 64","SEPERATION",61,37,24,NA,39,24,15,NA,22,13,9,NA
"KP","PESHAWAR","60 - 64","WIDOWED",11135,8979,2156,NA,6293,5109,1184,NA,4842,3870,972,NA
"KP","PESHAWAR","65 - 69","DIVORCED",18,12,6,NA,10,8,2,NA,8,4,4,NA
"KP","PESHAWAR","65 - 69","MARRIED",44259,14125,30134,NA,24989,8009,16980,NA,19270,6116,13154,NA
"KP","PESHAWAR","65 - 69","NEVER MARRIED",795,537,258,NA,378,267,111,NA,417,270,147,NA
"KP","PESHAWAR","65 - 69","SEPERATION",42,27,15,NA,19,14,5,NA,23,13,10,NA
"KP","PESHAWAR","65 - 69","WIDOWED",9179,6844,2335,NA,5200,3868,1332,NA,3979,2976,1003,NA
"KP","PESHAWAR","70 - 74","DIVORCED",21,14,7,NA,13,8,5,NA,8,6,2,NA
"KP","PESHAWAR","70 - 74","MARRIED",27616,7813,19803,NA,15664,4538,11126,NA,11952,3275,8677,NA
"KP","PESHAWAR","70 - 74","NEVER MARRIED",535,353,182,NA,258,188,70,NA,277,165,112,NA
"KP","PESHAWAR","70 - 74","SEPERATION",22,9,13,NA,18,9,9,NA,4,NA,4,NA
"KP","PESHAWAR","70 - 74","WIDOWED",8525,6027,2498,NA,4837,3398,1439,NA,3688,2629,1059,NA
"KP","PESHAWAR","75 & ABOVE","DIVORCED",11,5,6,NA,7,3,4,NA,4,2,2,NA
"KP","PESHAWAR","75 & ABOVE","MARRIED",20635,4750,15885,NA,11689,2770,8919,NA,8946,1980,6966,NA
"KP","PESHAWAR","75 & ABOVE","NEVER MARRIED",441,287,153,1,213,144,69,NA,228,143,84,1
"KP","PESHAWAR","75 & ABOVE","SEPERATION",25,9,16,NA,20,7,13,NA,5,2,3,NA
"KP","PESHAWAR","75 & ABOVE","WIDOWED",10426,6618,3808,NA,6105,3800,2305,NA,4321,2818,1503,NA
"KP","SHANGLA","15 &  ABOVE","DIVORCED",140,107,33,NA,140,107,33,NA,NA,NA,NA,NA
"KP","SHANGLA","15 &  ABOVE","MARRIED",338933,176008,162925,NA,338933,176008,162925,NA,NA,NA,NA,NA
"KP","SHANGLA","15 &  ABOVE","NEVER MARRIED",108413,39242,69167,4,108413,39242,69167,4,NA,NA,NA,NA
"KP","SHANGLA","15 &  ABOVE","SEPERATION",194,110,84,NA,194,110,84,NA,NA,NA,NA,NA
"KP","SHANGLA","15 &  ABOVE","WIDOWED",15424,12704,2720,NA,15424,12704,2720,NA,NA,NA,NA,NA
"KP","SHANGLA","15 - 19","DIVORCED",3,3,NA,NA,3,3,NA,NA,NA,NA,NA,NA
"KP","SHANGLA","15 - 19","MARRIED",16918,12673,4245,NA,16918,12673,4245,NA,NA,NA,NA,NA
"KP","SHANGLA","15 - 19","NEVER MARRIED",73150,29533,43616,1,73150,29533,43616,1,NA,NA,NA,NA
"KP","SHANGLA","15 - 19","SEPERATION",14,6,8,NA,14,6,8,NA,NA,NA,NA,NA
"KP","SHANGLA","15 - 19","WIDOWED",28,20,8,NA,28,20,8,NA,NA,NA,NA,NA
"KP","SHANGLA","20 - 24","DIVORCED",33,28,5,NA,33,28,5,NA,NA,NA,NA,NA
"KP","SHANGLA","20 - 24","MARRIED",47408,30206,17202,NA,47408,30206,17202,NA,NA,NA,NA,NA
"KP","SHANGLA","20 - 24","NEVER MARRIED",23403,5843,17559,1,23403,5843,17559,1,NA,NA,NA,NA
"KP","SHANGLA","20 - 24","SEPERATION",10,8,2,NA,10,8,2,NA,NA,NA,NA,NA
"KP","SHANGLA","20 - 24","WIDOWED",104,78,26,NA,104,78,26,NA,NA,NA,NA,NA
"KP","SHANGLA","25 - 29","DIVORCED",31,26,5,NA,31,26,5,NA,NA,NA,NA,NA
"KP","SHANGLA","25 - 29","MARRIED",50775,27443,23332,NA,50775,27443,23332,NA,NA,NA,NA,NA
"KP","SHANGLA","25 - 29","NEVER MARRIED",6997,1764,5233,NA,6997,1764,5233,NA,NA,NA,NA,NA
"KP","SHANGLA","25 - 29","SEPERATION",16,11,5,NA,16,11,5,NA,NA,NA,NA,NA
"KP","SHANGLA","25 - 29","WIDOWED",223,178,45,NA,223,178,45,NA,NA,NA,NA,NA
"KP","SHANGLA","30 - 34","DIVORCED",21,14,7,NA,21,14,7,NA,NA,NA,NA,NA
"KP","SHANGLA","30 - 34","MARRIED",49419,25992,23427,NA,49419,25992,23427,NA,NA,NA,NA,NA
"KP","SHANGLA","30 - 34","NEVER MARRIED",2478,933,1544,1,2478,933,1544,1,NA,NA,NA,NA
"KP","SHANGLA","30 - 34","SEPERATION",16,8,8,NA,16,8,8,NA,NA,NA,NA,NA
"KP","SHANGLA","30 - 34","WIDOWED",340,287,53,NA,340,287,53,NA,NA,NA,NA,NA
"KP","SHANGLA","35 - 39","DIVORCED",16,13,3,NA,16,13,3,NA,NA,NA,NA,NA
"KP","SHANGLA","35 - 39","MARRIED",44012,21842,22170,NA,44012,21842,22170,NA,NA,NA,NA,NA
"KP","SHANGLA","35 - 39","NEVER MARRIED",1000,436,564,NA,1000,436,564,NA,NA,NA,NA,NA
"KP","SHANGLA","35 - 39","SEPERATION",13,7,6,NA,13,7,6,NA,NA,NA,NA,NA
"KP","SHANGLA","35 - 39","WIDOWED",576,495,81,NA,576,495,81,NA,NA,NA,NA,NA
"KP","SHANGLA","40 - 44","DIVORCED",12,10,2,NA,12,10,2,NA,NA,NA,NA,NA
"KP","SHANGLA","40 - 44","MARRIED",36176,17959,18217,NA,36176,17959,18217,NA,NA,NA,NA,NA
"KP","SHANGLA","40 - 44","NEVER MARRIED",578,306,272,NA,578,306,272,NA,NA,NA,NA,NA
"KP","SHANGLA","40 - 44","SEPERATION",21,13,8,NA,21,13,8,NA,NA,NA,NA,NA
"KP","SHANGLA","40 - 44","WIDOWED",903,809,94,NA,903,809,94,NA,NA,NA,NA,NA
"KP","SHANGLA","45 - 49","DIVORCED",12,6,6,NA,12,6,6,NA,NA,NA,NA,NA
"KP","SHANGLA","45 - 49","MARRIED",26747,12590,14157,NA,26747,12590,14157,NA,NA,NA,NA,NA
"KP","SHANGLA","45 - 49","NEVER MARRIED",326,173,152,1,326,173,152,1,NA,NA,NA,NA
"KP","SHANGLA","45 - 49","SEPERATION",21,15,6,NA,21,15,6,NA,NA,NA,NA,NA
"KP","SHANGLA","45 - 49","WIDOWED",1103,1010,93,NA,1103,1010,93,NA,NA,NA,NA,NA
"KP","SHANGLA","50 - 54","DIVORCED",3,1,2,NA,3,1,2,NA,NA,NA,NA,NA
"KP","SHANGLA","50 - 54","MARRIED",21128,9756,11372,NA,21128,9756,11372,NA,NA,NA,NA,NA
"KP","SHANGLA","50 - 54","NEVER MARRIED",191,103,88,NA,191,103,88,NA,NA,NA,NA,NA
"KP","SHANGLA","50 - 54","SEPERATION",13,8,5,NA,13,8,5,NA,NA,NA,NA,NA
"KP","SHANGLA","50 - 54","WIDOWED",1457,1318,139,NA,1457,1318,139,NA,NA,NA,NA,NA
"KP","SHANGLA","55 - 59","DIVORCED",3,3,NA,NA,3,3,NA,NA,NA,NA,NA,NA
"KP","SHANGLA","55 - 59","MARRIED",15409,6345,9064,NA,15409,6345,9064,NA,NA,NA,NA,NA
"KP","SHANGLA","55 - 59","NEVER MARRIED",107,55,52,NA,107,55,52,NA,NA,NA,NA,NA
"KP","SHANGLA","55 - 59","SEPERATION",19,13,6,NA,19,13,6,NA,NA,NA,NA,NA
"KP","SHANGLA","55 - 59","WIDOWED",1453,1257,196,NA,1453,1257,196,NA,NA,NA,NA,NA
"KP","SHANGLA","60 - 64","DIVORCED",3,2,1,NA,3,2,1,NA,NA,NA,NA,NA
"KP","SHANGLA","60 - 64","MARRIED",11521,4694,6827,NA,11521,4694,6827,NA,NA,NA,NA,NA
"KP","SHANGLA","60 - 64","NEVER MARRIED",80,49,31,NA,80,49,31,NA,NA,NA,NA,NA
"KP","SHANGLA","60 - 64","SEPERATION",14,7,7,NA,14,7,7,NA,NA,NA,NA,NA
"KP","SHANGLA","60 - 64","WIDOWED",1821,1579,242,NA,1821,1579,242,NA,NA,NA,NA,NA
"KP","SHANGLA","65 - 69","DIVORCED",1,NA,1,NA,1,NA,1,NA,NA,NA,NA,NA
"KP","SHANGLA","65 - 69","MARRIED",8120,3149,4971,NA,8120,3149,4971,NA,NA,NA,NA,NA
"KP","SHANGLA","65 - 69","NEVER MARRIED",37,22,15,NA,37,22,15,NA,NA,NA,NA,NA
"KP","SHANGLA","65 - 69","SEPERATION",11,4,7,NA,11,4,7,NA,NA,NA,NA,NA
"KP","SHANGLA","65 - 69","WIDOWED",1926,1611,315,NA,1926,1611,315,NA,NA,NA,NA,NA
"KP","SHANGLA","70 - 74","DIVORCED",NA,NA,NA,NA,NA,NA,NA,NA,NA,NA,NA,NA
"KP","SHANGLA","70 - 74","MARRIED",5935,2028,3907,NA,5935,2028,3907,NA,NA,NA,NA,NA
"KP","SHANGLA","70 - 74","NEVER MARRIED",37,13,24,NA,37,13,24,NA,NA,NA,NA,NA
"KP","SHANGLA","70 - 74","SEPERATION",12,6,6,NA,12,6,6,NA,NA,NA,NA,NA
"KP","SHANGLA","70 - 74","WIDOWED",2175,1724,451,NA,2175,1724,451,NA,NA,NA,NA,NA
"KP","SHANGLA","75 & ABOVE","DIVORCED",2,1,1,NA,2,1,1,NA,NA,NA,NA,NA
"KP","SHANGLA","75 & ABOVE","MARRIED",5365,1331,4034,NA,5365,1331,4034,NA,NA,NA,NA,NA
"KP","SHANGLA","75 & ABOVE","NEVER MARRIED",29,12,17,NA,29,12,17,NA,NA,NA,NA,NA
"KP","SHANGLA","75 & ABOVE","SEPERATION",14,4,10,NA,14,4,10,NA,NA,NA,NA,NA
"KP","SHANGLA","75 & ABOVE","WIDOWED",3315,2338,977,NA,3315,2338,977,NA,NA,NA,NA,NA
"KP","SOUTH WAZIRISTAN","15 &  ABOVE","DIVORCED",234,117,117,NA,234,117,117,NA,NA,NA,NA,NA
"KP","SOUTH WAZIRISTAN","15 &  ABOVE","MARRIED",356286,176339,179947,NA,356286,176339,179947,NA,NA,NA,NA,NA
"KP","SOUTH WAZIRISTAN","15 &  ABOVE","NEVER MARRIED",109833,45182,64639,12,109833,45182,64639,12,NA,NA,NA,NA
"KP","SOUTH WAZIRISTAN","15 &  ABOVE","SEPERATION",332,82,250,NA,332,82,250,NA,NA,NA,NA,NA
"KP","SOUTH WAZIRISTAN","15 &  ABOVE","WIDOWED",5705,4191,1514,NA,5705,4191,1514,NA,NA,NA,NA,NA
"KP","SOUTH WAZIRISTAN","15 - 19","DIVORCED",15,2,13,NA,15,2,13,NA,NA,NA,NA,NA
"KP","SOUTH WAZIRISTAN","15 - 19","MARRIED",18112,11875,6237,NA,18112,11875,6237,NA,NA,NA,NA,NA
"KP","SOUTH WAZIRISTAN","15 - 19","NEVER MARRIED",74310,32826,41480,4,74310,32826,41480,4,NA,NA,NA,NA
"KP","SOUTH WAZIRISTAN","15 - 19","SEPERATION",23,8,15,NA,23,8,15,NA,NA,NA,NA,NA
"KP","SOUTH WAZIRISTAN","15 - 19","WIDOWED",21,7,14,NA,21,7,14,NA,NA,NA,NA,NA
"KP","SOUTH WAZIRISTAN","20 - 24","DIVORCED",26,9,17,NA,26,9,17,NA,NA,NA,NA,NA
"KP","SOUTH WAZIRISTAN","20 - 24","MARRIED",46810,27333,19477,NA,46810,27333,19477,NA,NA,NA,NA,NA
"KP","SOUTH WAZIRISTAN","20 - 24","NEVER MARRIED",23720,7391,16325,4,23720,7391,16325,4,NA,NA,NA,NA
"KP","SOUTH WAZIRISTAN","20 - 24","SEPERATION",33,5,28,NA,33,5,28,NA,NA,NA,NA,NA
"KP","SOUTH WAZIRISTAN","20 - 24","WIDOWED",91,31,60,NA,91,31,60,NA,NA,NA,NA,NA
"KP","SOUTH WAZIRISTAN","25 - 29","DIVORCED",51,25,26,NA,51,25,26,NA,NA,NA,NA,NA
"KP","SOUTH WAZIRISTAN","25 - 29","MARRIED",58815,30120,28695,NA,58815,30120,28695,NA,NA,NA,NA,NA
"KP","SOUTH WAZIRISTAN","25 - 29","NEVER MARRIED",7469,2763,4706,NA,7469,2763,4706,NA,NA,NA,NA,NA
"KP","SOUTH WAZIRISTAN","25 - 29","SEPERATION",37,3,34,NA,37,3,34,NA,NA,NA,NA,NA
"KP","SOUTH WAZIRISTAN","25 - 29","WIDOWED",179,125,54,NA,179,125,54,NA,NA,NA,NA,NA
"KP","SOUTH WAZIRISTAN","30 - 34","DIVORCED",36,22,14,NA,36,22,14,NA,NA,NA,NA,NA
"KP","SOUTH WAZIRISTAN","30 - 34","MARRIED",51038,25381,25657,NA,51038,25381,25657,NA,NA,NA,NA,NA
"KP","SOUTH WAZIRISTAN","30 - 34","NEVER MARRIED",2256,1698,558,NA,2256,1698,558,NA,NA,NA,NA,NA
"KP","SOUTH WAZIRISTAN","30 - 34","SEPERATION",43,6,37,NA,43,6,37,NA,NA,NA,NA,NA
"KP","SOUTH WAZIRISTAN","30 - 34","WIDOWED",236,172,64,NA,236,172,64,NA,NA,NA,NA,NA
"KP","SOUTH WAZIRISTAN","35 - 39","DIVORCED",19,10,9,NA,19,10,9,NA,NA,NA,NA,NA
"KP","SOUTH WAZIRISTAN","35 - 39","MARRIED",45570,21768,23802,NA,45570,21768,23802,NA,NA,NA,NA,NA
"KP","SOUTH WAZIRISTAN","35 - 39","NEVER MARRIED",930,216,713,1,930,216,713,1,NA,NA,NA,NA
"KP","SOUTH WAZIRISTAN","35 - 39","SEPERATION",33,5,28,NA,33,5,28,NA,NA,NA,NA,NA
"KP","SOUTH WAZIRISTAN","35 - 39","WIDOWED",274,204,70,NA,274,204,70,NA,NA,NA,NA,NA
"KP","SOUTH WAZIRISTAN","40 - 44","DIVORCED",21,12,9,NA,21,12,9,NA,NA,NA,NA,NA
"KP","SOUTH WAZIRISTAN","40 - 44","MARRIED",36964,17491,19473,NA,36964,17491,19473,NA,NA,NA,NA,NA
"KP","SOUTH WAZIRISTAN","40 - 44","NEVER MARRIED",472,135,336,1,472,135,336,1,NA,NA,NA,NA
"KP","SOUTH WAZIRISTAN","40 - 44","SEPERATION",31,10,21,NA,31,10,21,NA,NA,NA,NA,NA
"KP","SOUTH WAZIRISTAN","40 - 44","WIDOWED",388,316,72,NA,388,316,72,NA,NA,NA,NA,NA
"KP","SOUTH WAZIRISTAN","45 - 49","DIVORCED",16,8,8,NA,16,8,8,NA,NA,NA,NA,NA
"KP","SOUTH WAZIRISTAN","45 - 49","MARRIED",28593,13046,15547,NA,28593,13046,15547,NA,NA,NA,NA,NA
"KP","SOUTH WAZIRISTAN","45 - 49","NEVER MARRIED",263,60,203,NA,263,60,203,NA,NA,NA,NA,NA
"KP","SOUTH WAZIRISTAN","45 - 49","SEPERATION",22,7,15,NA,22,7,15,NA,NA,NA,NA,NA
"KP","SOUTH WAZIRISTAN","45 - 49","WIDOWED",458,365,93,NA,458,365,93,NA,NA,NA,NA,NA
"KP","SOUTH WAZIRISTAN","50 - 54","DIVORCED",14,8,6,NA,14,8,6,NA,NA,NA,NA,NA
"KP","SOUTH WAZIRISTAN","50 - 54","MARRIED",21506,9800,11706,NA,21506,9800,11706,NA,NA,NA,NA,NA
"KP","SOUTH WAZIRISTAN","50 - 54","NEVER MARRIED",163,38,123,2,163,38,123,2,NA,NA,NA,NA
"KP","SOUTH WAZIRISTAN","50 - 54","SEPERATION",28,11,17,NA,28,11,17,NA,NA,NA,NA,NA
"KP","SOUTH WAZIRISTAN","50 - 54","WIDOWED",608,507,101,NA,608,507,101,NA,NA,NA,NA,NA
"KP","SOUTH WAZIRISTAN","55 - 59","DIVORCED",8,5,3,NA,8,5,3,NA,NA,NA,NA,NA
"KP","SOUTH WAZIRISTAN","55 - 59","MARRIED",16555,7426,9129,NA,16555,7426,9129,NA,NA,NA,NA,NA
"KP","SOUTH WAZIRISTAN","55 - 59","NEVER MARRIED",95,20,75,NA,95,20,75,NA,NA,NA,NA,NA
"KP","SOUTH WAZIRISTAN","55 - 59","SEPERATION",26,7,19,NA,26,7,19,NA,NA,NA,NA,NA
"KP","SOUTH WAZIRISTAN","55 - 59","WIDOWED",668,553,115,NA,668,553,115,NA,NA,NA,NA,NA
"KP","SOUTH WAZIRISTAN","60 - 64","DIVORCED",10,5,5,NA,10,5,5,NA,NA,NA,NA,NA
"KP","SOUTH WAZIRISTAN","60 - 64","MARRIED",13577,5677,7900,NA,13577,5677,7900,NA,NA,NA,NA,NA
"KP","SOUTH WAZIRISTAN","60 - 64","NEVER MARRIED",63,17,46,NA,63,17,46,NA,NA,NA,NA,NA
"KP","SOUTH WAZIRISTAN","60 - 64","SEPERATION",22,9,13,NA,22,9,13,NA,NA,NA,NA,NA
"KP","SOUTH WAZIRISTAN","60 - 64","WIDOWED",788,601,187,NA,788,601,187,NA,NA,NA,NA,NA
"KP","SOUTH WAZIRISTAN","65 - 69","DIVORCED",7,3,4,NA,7,3,4,NA,NA,NA,NA,NA
"KP","SOUTH WAZIRISTAN","65 - 69","MARRIED",8523,3204,5319,NA,8523,3204,5319,NA,NA,NA,NA,NA
"KP","SOUTH WAZIRISTAN","65 - 69","NEVER MARRIED",35,6,29,NA,35,6,29,NA,NA,NA,NA,NA
"KP","SOUTH WAZIRISTAN","65 - 69","SEPERATION",11,5,6,NA,11,5,6,NA,NA,NA,NA,NA
"KP","SOUTH WAZIRISTAN","65 - 69","WIDOWED",648,477,171,NA,648,477,171,NA,NA,NA,NA,NA
"KP","SOUTH WAZIRISTAN","70 - 74","DIVORCED",5,4,1,NA,5,4,1,NA,NA,NA,NA,NA
"KP","SOUTH WAZIRISTAN","70 - 74","MARRIED",5701,1905,3796,NA,5701,1905,3796,NA,NA,NA,NA,NA
"KP","SOUTH WAZIRISTAN","70 - 74","NEVER MARRIED",31,7,24,NA,31,7,24,NA,NA,NA,NA,NA
"KP","SOUTH WAZIRISTAN","70 - 74","SEPERATION",14,4,10,NA,14,4,10,NA,NA,NA,NA,NA
"KP","SOUTH WAZIRISTAN","70 - 74","WIDOWED",610,421,189,NA,610,421,189,NA,NA,NA,NA,NA
"KP","SOUTH WAZIRISTAN","75 & ABOVE","DIVORCED",6,4,2,NA,6,4,2,NA,NA,NA,NA,NA
"KP","SOUTH WAZIRISTAN","75 & ABOVE","MARRIED",4522,1313,3209,NA,4522,1313,3209,NA,NA,NA,NA,NA
"KP","SOUTH WAZIRISTAN","75 & ABOVE","NEVER MARRIED",26,5,21,NA,26,5,21,NA,NA,NA,NA,NA
"KP","SOUTH WAZIRISTAN","75 & ABOVE","SEPERATION",9,2,7,NA,9,2,7,NA,NA,NA,NA,NA
"KP","SOUTH WAZIRISTAN","75 & ABOVE","WIDOWED",736,412,324,NA,736,412,324,NA,NA,NA,NA,NA
"KP","SWABI","15 &  ABOVE","DIVORCED",1608,1333,275,NA,1310,1095,215,NA,298,238,60,NA
"KP","SWABI","15 &  ABOVE","MARRIED",741979,391003,350976,NA,608930,320837,288093,NA,133049,70166,62883,NA
"KP","SWABI","15 &  ABOVE","NEVER MARRIED",349956,143478,206450,28,284993,116368,168608,17,64963,27110,37842,11
"KP","SWABI","15 &  ABOVE","SEPERATION",810,568,242,NA,669,478,191,NA,141,90,51,NA
"KP","SWABI","15 &  ABOVE","WIDOWED",40523,33677,6846,NA,33165,27557,5608,NA,7358,6120,1238,NA
"KP","SWABI","15 - 19","DIVORCED",52,47,5,NA,43,39,4,NA,9,8,1,NA
"KP","SWABI","15 - 19","MARRIED",21673,18918,2755,NA,18096,15897,2199,NA,3577,3021,556,NA
"KP","SWABI","15 - 19","NEVER MARRIED",179486,78632,100842,12,146386,63895,82480,11,33100,14737,18362,1
"KP","SWABI","15 - 19","SEPERATION",36,29,7,NA,29,24,5,NA,7,5,2,NA
"KP","SWABI","15 - 19","WIDOWED",39,35,4,NA,27,23,4,NA,12,12,NA,NA
"KP","SWABI","20 - 24","DIVORCED",156,138,18,NA,137,123,14,NA,19,15,4,NA
"KP","SWABI","20 - 24","MARRIED",70921,53203,17718,NA,58575,44014,14561,NA,12346,9189,3157,NA
"KP","SWABI","20 - 24","NEVER MARRIED",95157,30162,64993,2,77311,23992,53319,NA,17846,6170,11674,2
"KP","SWABI","20 - 24","SEPERATION",94,71,23,NA,78,61,17,NA,16,10,6,NA
"KP","SWABI","20 - 24","WIDOWED",179,157,22,NA,153,133,20,NA,26,24,2,NA
"KP","SWABI","25 - 29","DIVORCED",250,214,36,NA,203,172,31,NA,47,42,5,NA
"KP","SWABI","25 - 29","MARRIED",100630,61782,38848,NA,82698,50609,32089,NA,17932,11173,6759,NA
"KP","SWABI","25 - 29","NEVER MARRIED",37267,11695,25568,4,30271,9420,20849,2,6996,2275,4719,2
"KP","SWABI","25 - 29","SEPERATION",83,62,21,NA,73,53,20,NA,10,9,1,NA
"KP","SWABI","25 - 29","WIDOWED",402,348,54,NA,331,284,47,NA,71,64,7,NA
"KP","SWABI","30 - 34","DIVORCED",276,236,40,NA,220,190,30,NA,56,46,10,NA
"KP","SWABI","30 - 34","MARRIED",107179,58763,48416,NA,88437,48438,39999,NA,18742,10325,8417,NA
"KP","SWABI","30 - 34","NEVER MARRIED",14862,6786,8073,3,12143,5643,6499,1,2719,1143,1574,2
"KP","SWABI","30 - 34","SEPERATION",92,56,36,NA,78,47,31,NA,14,9,5,NA
"KP","SWABI","30 - 34","WIDOWED",741,662,79,NA,599,534,65,NA,142,128,14,NA
"KP","SWABI","35 - 39","DIVORCED",267,217,50,NA,213,175,38,NA,54,42,12,NA
"KP","SWABI","35 - 39","MARRIED",96949,49277,47672,NA,79241,40083,39158,NA,17708,9194,8514,NA
"KP","SWABI","35 - 39","NEVER MARRIED",7344,4354,2990,NA,5939,3562,2377,NA,1405,792,613,NA
"KP","SWABI","35 - 39","SEPERATION",87,64,23,NA,67,53,14,NA,20,11,9,NA
"KP","SWABI","35 - 39","WIDOWED",1117,999,118,NA,925,827,98,NA,192,172,20,NA
"KP","SWABI","40 - 44","DIVORCED",183,145,38,NA,150,120,30,NA,33,25,8,NA
"KP","SWABI","40 - 44","MARRIED",85480,42540,42940,NA,69945,34664,35281,NA,15535,7876,7659,NA
"KP","SWABI","40 - 44","NEVER MARRIED",4867,3375,1490,2,4005,2816,1189,NA,862,559,301,2
"KP","SWABI","40 - 44","SEPERATION",83,57,26,NA,68,48,20,NA,15,9,6,NA
"KP","SWABI","40 - 44","WIDOWED",1836,1666,170,NA,1522,1381,141,NA,314,285,29,NA
"KP","SWABI","45 - 49","DIVORCED",138,118,20,NA,111,96,15,NA,27,22,5,NA
"KP","SWABI","45 - 49","MARRIED",67865,32739,35126,NA,55182,26790,28392,NA,12683,5949,6734,NA
"KP","SWABI","45 - 49","NEVER MARRIED",3260,2395,864,1,2666,2003,663,NA,594,392,201,1
"KP","SWABI","45 - 49","SEPERATION",67,53,14,NA,57,45,12,NA,10,8,2,NA
"KP","SWABI","45 - 49","WIDOWED",2421,2255,166,NA,1969,1837,132,NA,452,418,34,NA
"KP","SWABI","50 - 54","DIVORCED",118,86,32,NA,97,73,24,NA,21,13,8,NA
"KP","SWABI","50 - 54","MARRIED",59222,26590,32632,NA,48330,21751,26579,NA,10892,4839,6053,NA
"KP","SWABI","50 - 54","NEVER MARRIED",2442,1882,558,2,2009,1584,424,1,433,298,134,1
"KP","SWABI","50 - 54","SEPERATION",87,61,26,NA,75,54,21,NA,12,7,5,NA
"KP","SWABI","50 - 54","WIDOWED",3801,3507,294,NA,3086,2846,240,NA,715,661,54,NA
"KP","SWABI","55 - 59","DIVORCED",69,54,15,NA,54,42,12,NA,15,12,3,NA
"KP","SWABI","55 - 59","MARRIED",43407,17979,25428,NA,35636,14634,21002,NA,7771,3345,4426,NA
"KP","SWABI","55 - 59","NEVER MARRIED",1745,1384,360,1,1397,1135,261,1,348,249,99,NA
"KP","SWABI","55 - 59","SEPERATION",51,33,18,NA,38,25,13,NA,13,8,5,NA
"KP","SWABI","55 - 59","WIDOWED",4110,3665,445,NA,3373,3016,357,NA,737,649,88,NA
"KP","SWABI","60 - 64","DIVORCED",42,34,8,NA,35,29,6,NA,7,5,2,NA
"KP","SWABI","60 - 64","MARRIED",32983,13020,19963,NA,26957,10612,16345,NA,6026,2408,3618,NA
"KP","SWABI","60 - 64","NEVER MARRIED",1424,1142,282,NA,1170,952,218,NA,254,190,64,NA
"KP","SWABI","60 - 64","SEPERATION",46,35,11,NA,39,30,9,NA,7,5,2,NA
"KP","SWABI","60 - 64","WIDOWED",5241,4561,680,NA,4241,3692,549,NA,1000,869,131,NA
"KP","SWABI","65 - 69","DIVORCED",34,25,9,NA,27,20,7,NA,7,5,2,NA
"KP","SWABI","65 - 69","MARRIED",24860,8222,16638,NA,20467,6801,13666,NA,4393,1421,2972,NA
"KP","SWABI","65 - 69","NEVER MARRIED",886,694,192,NA,711,572,139,NA,175,122,53,NA
"KP","SWABI","65 - 69","SEPERATION",29,19,10,NA,22,15,7,NA,7,4,3,NA
"KP","SWABI","65 - 69","WIDOWED",5604,4666,938,NA,4513,3767,746,NA,1091,899,192,NA
"KP","SWABI","70 - 74","DIVORCED",17,14,3,NA,16,13,3,NA,1,1,NA,NA
"KP","SWABI","70 - 74","MARRIED",17083,4866,12217,NA,14058,3977,10081,NA,3025,889,2136,NA
"KP","SWABI","70 - 74","NEVER MARRIED",662,539,122,1,545,449,95,1,117,90,27,NA
"KP","SWABI","70 - 74","SEPERATION",31,18,13,NA,26,16,10,NA,5,2,3,NA
"KP","SWABI","70 - 74","WIDOWED",6060,4710,1350,NA,4982,3870,1112,NA,1078,840,238,NA
"KP","SWABI","75 & ABOVE","DIVORCED",6,5,1,NA,4,3,1,NA,2,2,NA,NA
"KP","SWABI","75 & ABOVE","MARRIED",13727,3104,10623,NA,11308,2567,8741,NA,2419,537,1882,NA
"KP","SWABI","75 & ABOVE","NEVER MARRIED",554,438,116,NA,440,345,95,NA,114,93,21,NA
"KP","SWABI","75 & ABOVE","SEPERATION",24,10,14,NA,19,7,12,NA,5,3,2,NA
"KP","SWABI","75 & ABOVE","WIDOWED",8972,6446,2526,NA,7444,5347,2097,NA,1528,1099,429,NA
"KP","SWAT","15 &  ABOVE","DIVORCED",882,733,149,NA,483,400,83,NA,399,333,66,NA
"KP","SWAT","15 &  ABOVE","MARRIED",1026922,548360,478562,NA,719092,387596,331496,NA,307830,160764,147066,NA
"KP","SWAT","15 &  ABOVE","NEVER MARRIED",440150,164248,275823,79,299857,112710,187121,26,140293,51538,88702,53
"KP","SWAT","15 &  ABOVE","SEPERATION",759,559,200,NA,517,375,142,NA,242,184,58,NA
"KP","SWAT","15 &  ABOVE","WIDOWED",42809,34846,7963,NA,29385,23847,5538,NA,13424,10999,2425,NA
"KP","SWAT","15 - 19","DIVORCED",38,37,1,NA,24,24,NA,NA,14,13,1,NA
"KP","SWAT","15 - 19","MARRIED",43294,36262,7032,NA,31637,26172,5465,NA,11657,10090,1567,NA
"KP","SWAT","15 - 19","NEVER MARRIED",261501,110033,151444,24,182236,76830,105392,14,79265,33203,46052,10
"KP","SWAT","15 - 19","SEPERATION",65,43,22,NA,53,35,18,NA,12,8,4,NA
"KP","SWAT","15 - 19","WIDOWED",69,52,17,NA,50,36,14,NA,19,16,3,NA
"KP","SWAT","20 - 24","DIVORCED",130,121,9,NA,71,66,5,NA,59,55,4,NA
"KP","SWAT","20 - 24","MARRIED",121643,86944,34699,NA,87988,62318,25670,NA,33655,24626,9029,NA
"KP","SWAT","20 - 24","NEVER MARRIED",110879,30566,80299,14,73804,19962,53839,3,37075,10604,26460,11
"KP","SWAT","20 - 24","SEPERATION",77,61,16,NA,54,43,11,NA,23,18,5,NA
"KP","SWAT","20 - 24","WIDOWED",256,210,46,NA,180,149,31,NA,76,61,15,NA
"KP","SWAT","25 - 29","DIVORCED",138,119,19,NA,64,58,6,NA,74,61,13,NA
"KP","SWAT","25 - 29","MARRIED",140641,83765,56876,NA,99257,59124,40133,NA,41384,24641,16743,NA
"KP","SWAT","25 - 29","NEVER MARRIED",38822,10174,28629,19,25114,6828,18281,5,13708,3346,10348,14
"KP","SWAT","25 - 29","SEPERATION",73,53,20,NA,49,32,17,NA,24,21,3,NA
"KP","SWAT","25 - 29","WIDOWED",455,377,78,NA,320,258,62,NA,135,119,16,NA
"KP","SWAT","30 - 34","DIVORCED",135,114,21,NA,79,63,16,NA,56,51,5,NA
"KP","SWAT","30 - 34","MARRIED",151238,83978,67260,NA,105178,58920,46258,NA,46060,25058,21002,NA
"KP","SWAT","30 - 34","NEVER MARRIED",14635,5635,8988,12,9370,3831,5538,1,5265,1804,3450,11
"KP","SWAT","30 - 34","SEPERATION",96,71,25,NA,64,43,21,NA,32,28,4,NA
"KP","SWAT","30 - 34","WIDOWED",864,763,101,NA,576,508,68,NA,288,255,33,NA
"KP","SWAT","35 - 39","DIVORCED",138,113,25,NA,70,58,12,NA,68,55,13,NA
"KP","SWAT","35 - 39","MARRIED",140338,72064,68274,NA,96564,50045,46519,NA,43774,22019,21755,NA
"KP","SWAT","35 - 39","NEVER MARRIED",6386,3097,3285,4,4193,2137,2055,1,2193,960,1230,3
"KP","SWAT","35 - 39","SEPERATION",90,62,28,NA,65,46,19,NA,25,16,9,NA
"KP","SWAT","35 - 39","WIDOWED",1426,1275,151,NA,977,876,101,NA,449,399,50,NA
"KP","SWAT","40 - 44","DIVORCED",109,84,25,NA,63,49,14,NA,46,35,11,NA
"KP","SWAT","40 - 44","MARRIED",117958,58230,59728,NA,81189,40771,40418,NA,36769,17459,19310,NA
"KP","SWAT","40 - 44","NEVER MARRIED",3269,1912,1354,3,2153,1316,836,1,1116,596,518,2
"KP","SWAT","40 - 44","SEPERATION",92,69,23,NA,59,44,15,NA,33,25,8,NA
"KP","SWAT","40 - 44","WIDOWED",2379,2172,207,NA,1599,1479,120,NA,780,693,87,NA
"KP","SWAT","45 - 49","DIVORCED",64,45,19,NA,30,21,9,NA,34,24,10,NA
"KP","SWAT","45 - 49","MARRIED",84820,39902,44918,NA,58394,28077,30317,NA,26426,11825,14601,NA
"KP","SWAT","45 - 49","NEVER MARRIED",1730,1012,716,2,1137,661,475,1,593,351,241,1
"KP","SWAT","45 - 49","SEPERATION",62,48,14,NA,40,30,10,NA,22,18,4,NA
"KP","SWAT","45 - 49","WIDOWED",2860,2601,259,NA,1904,1729,175,NA,956,872,84,NA
"KP","SWAT","50 - 54","DIVORCED",45,39,6,NA,27,23,4,NA,18,16,2,NA
"KP","SWAT","50 - 54","MARRIED",71376,31949,39427,NA,49363,22386,26977,NA,22013,9563,12450,NA
"KP","SWAT","50 - 54","NEVER MARRIED",1097,673,424,NA,695,414,281,NA,402,259,143,NA
"KP","SWAT","50 - 54","SEPERATION",47,38,9,NA,31,28,3,NA,16,10,6,NA
"KP","SWAT","50 - 54","WIDOWED",4142,3799,343,NA,2730,2498,232,NA,1412,1301,111,NA
"KP","SWAT","55 - 59","DIVORCED",38,28,10,NA,25,19,6,NA,13,9,4,NA
"KP","SWAT","55 - 59","MARRIED",51267,21209,30058,NA,35540,14893,20647,NA,15727,6316,9411,NA
"KP","SWAT","55 - 59","NEVER MARRIED",677,434,242,1,438,285,153,NA,239,149,89,1
"KP","SWAT","55 - 59","SEPERATION",52,46,6,NA,33,30,3,NA,19,16,3,NA
"KP","SWAT","55 - 59","WIDOWED",4301,3873,428,NA,2903,2612,291,NA,1398,1261,137,NA
"KP","SWAT","60 - 64","DIVORCED",18,16,2,NA,8,7,1,NA,10,9,1,NA
"KP","SWAT","60 - 64","MARRIED",39697,14716,24981,NA,27599,10582,17017,NA,12098,4134,7964,NA
"KP","SWAT","60 - 64","NEVER MARRIED",465,292,173,NA,285,175,110,NA,180,117,63,NA
"KP","SWAT","60 - 64","SEPERATION",47,36,11,NA,30,23,7,NA,17,13,4,NA
"KP","SWAT","60 - 64","WIDOWED",5620,4826,794,NA,3769,3217,552,NA,1851,1609,242,NA
"KP","SWAT","65 - 69","DIVORCED",11,8,3,NA,6,4,2,NA,5,4,1,NA
"KP","SWAT","65 - 69","MARRIED",28981,9980,19001,NA,20399,7248,13151,NA,8582,2732,5850,NA
"KP","SWAT","65 - 69","NEVER MARRIED",300,175,125,NA,190,113,77,NA,110,62,48,NA
"KP","SWAT","65 - 69","SEPERATION",22,14,8,NA,13,7,6,NA,9,7,2,NA
"KP","SWAT","65 - 69","WIDOWED",5522,4521,1001,NA,3743,3083,660,NA,1779,1438,341,NA
"KP","SWAT","70 - 74","DIVORCED",8,4,4,NA,8,4,4,NA,NA,NA,NA,NA
"KP","SWAT","70 - 74","MARRIED",19236,5760,13476,NA,13826,4281,9545,NA,5410,1479,3931,NA
"KP","SWAT","70 - 74","NEVER MARRIED",204,128,76,NA,122,81,41,NA,82,47,35,NA
"KP","SWAT","70 - 74","SEPERATION",15,7,8,NA,12,6,6,NA,3,1,2,NA
"KP","SWAT","70 - 74","WIDOWED",6064,4609,1455,NA,4255,3268,987,NA,1809,1341,468,NA
"KP","SWAT","75 & ABOVE","DIVORCED",10,5,5,NA,8,4,4,NA,2,1,1,NA
"KP","SWAT","75 & ABOVE","MARRIED",16433,3601,12832,NA,12158,2779,9379,NA,4275,822,3453,NA
"KP","SWAT","75 & ABOVE","NEVER MARRIED",185,117,68,NA,120,77,43,NA,65,40,25,NA
"KP","SWAT","75 & ABOVE","SEPERATION",21,11,10,NA,14,8,6,NA,7,3,4,NA
"KP","SWAT","75 & ABOVE","WIDOWED",8851,5768,3083,NA,6379,4134,2245,NA,2472,1634,838,NA
"KP","TANK","15 &  ABOVE","DIVORCED",253,196,57,NA,228,180,48,NA,25,16,9,NA
"KP","TANK","15 &  ABOVE","MARRIED",171358,83816,87542,NA,153344,75370,77974,NA,18014,8446,9568,NA
"KP","TANK","15 &  ABOVE","NEVER MARRIED",64799,27265,37533,1,55433,23202,32230,1,9366,4063,5303,NA
"KP","TANK","15 &  ABOVE","SEPERATION",138,79,59,NA,113,76,37,NA,25,3,22,NA
"KP","TANK","15 &  ABOVE","WIDOWED",7033,5248,1785,NA,6216,4679,1537,NA,817,569,248,NA
"KP","TANK","15 - 19","DIVORCED",8,8,NA,NA,8,8,NA,NA,NA,NA,NA,NA
"KP","TANK","15 - 19","MARRIED",6059,4283,1776,NA,5721,4036,1685,NA,338,247,91,NA
"KP","TANK","15 - 19","NEVER MARRIED",39185,17878,21307,NA,34174,15565,18609,NA,5011,2313,2698,NA
"KP","TANK","15 - 19","SEPERATION",5,3,2,NA,4,3,1,NA,1,NA,1,NA
"KP","TANK","15 - 19","WIDOWED",19,7,12,NA,14,7,7,NA,5,NA,5,NA
"KP","TANK","20 - 24","DIVORCED",28,18,10,NA,24,16,8,NA,4,2,2,NA
"KP","TANK","20 - 24","MARRIED",18524,11650,6874,NA,17136,10757,6379,NA,1388,893,495,NA
"KP","TANK","20 - 24","NEVER MARRIED",14854,4764,10089,1,12574,3922,8651,1,2280,842,1438,NA
"KP","TANK","20 - 24","SEPERATION",11,5,6,NA,10,5,5,NA,1,NA,1,NA
"KP","TANK","20 - 24","WIDOWED",53,32,21,NA,49,31,18,NA,4,1,3,NA
"KP","TANK","25 - 29","DIVORCED",36,26,10,NA,32,23,9,NA,4,3,1,NA
"KP","TANK","25 - 29","MARRIED",25986,13745,12241,NA,23501,12415,11086,NA,2485,1330,1155,NA
"KP","TANK","25 - 29","NEVER MARRIED",6076,2146,3930,NA,4962,1714,3248,NA,1114,432,682,NA
"KP","TANK","25 - 29","SEPERATION",12,7,5,NA,10,7,3,NA,2,NA,2,NA
"KP","TANK","25 - 29","WIDOWED",141,86,55,NA,124,81,43,NA,17,5,12,NA
"KP","TANK","30 - 34","DIVORCED",45,33,12,NA,43,32,11,NA,2,1,1,NA
"KP","TANK","30 - 34","MARRIED",27758,13898,13860,NA,24844,12378,12466,NA,2914,1520,1394,NA
"KP","TANK","30 - 34","NEVER MARRIED",2427,1611,816,NA,1988,1320,668,NA,439,291,148,NA
"KP","TANK","30 - 34","SEPERATION",10,6,4,NA,8,6,2,NA,2,NA,2,NA
"KP","TANK","30 - 34","WIDOWED",237,169,68,NA,214,156,58,NA,23,13,10,NA
"KP","TANK","35 - 39","DIVORCED",34,26,8,NA,29,22,7,NA,5,4,1,NA
"KP","TANK","35 - 39","MARRIED",23649,10669,12980,NA,20766,9415,11351,NA,2883,1254,1629,NA
"KP","TANK","35 - 39","NEVER MARRIED",981,346,635,NA,757,264,493,NA,224,82,142,NA
"KP","TANK","35 - 39","SEPERATION",13,5,8,NA,10,5,5,NA,3,NA,3,NA
"KP","TANK","35 - 39","WIDOWED",284,215,69,NA,254,198,56,NA,30,17,13,NA
"KP","TANK","40 - 44","DIVORCED",19,15,4,NA,18,15,3,NA,1,NA,1,NA
"KP","TANK","40 - 44","MARRIED",18925,8418,10507,NA,16619,7432,9187,NA,2306,986,1320,NA
"KP","TANK","40 - 44","NEVER MARRIED",480,193,287,NA,375,156,219,NA,105,37,68,NA
"KP","TANK","40 - 44","SEPERATION",23,13,10,NA,17,12,5,NA,6,1,5,NA
"KP","TANK","40 - 44","WIDOWED",406,321,85,NA,365,289,76,NA,41,32,9,NA
"KP","TANK","45 - 49","DIVORCED",15,12,3,NA,14,11,3,NA,1,1,NA,NA
"KP","TANK","45 - 49","MARRIED",14276,6490,7786,NA,12488,5753,6735,NA,1788,737,1051,NA
"KP","TANK","45 - 49","NEVER MARRIED",306,124,182,NA,219,94,125,NA,87,30,57,NA
"KP","TANK","45 - 49","SEPERATION",10,5,5,NA,10,5,5,NA,NA,NA,NA,NA
"KP","TANK","45 - 49","WIDOWED",484,406,78,NA,421,355,66,NA,63,51,12,NA
"KP","TANK","50 - 54","DIVORCED",25,20,5,NA,21,17,4,NA,4,3,1,NA
"KP","TANK","50 - 54","MARRIED",11279,5235,6044,NA,9937,4687,5250,NA,1342,548,794,NA
"KP","TANK","50 - 54","NEVER MARRIED",165,72,93,NA,121,55,66,NA,44,17,27,NA
"KP","TANK","50 - 54","SEPERATION",13,9,4,NA,10,8,2,NA,3,1,2,NA
"KP","TANK","50 - 54","WIDOWED",702,609,93,NA,629,549,80,NA,73,60,13,NA
"KP","TANK","55 - 59","DIVORCED",22,19,3,NA,20,18,2,NA,2,1,1,NA
"KP","TANK","55 - 59","MARRIED",9204,3916,5288,NA,8201,3505,4696,NA,1003,411,592,NA
"KP","TANK","55 - 59","NEVER MARRIED",131,54,77,NA,100,41,59,NA,31,13,18,NA
"KP","TANK","55 - 59","SEPERATION",18,13,5,NA,14,12,2,NA,4,1,3,NA
"KP","TANK","55 - 59","WIDOWED",781,632,149,NA,690,560,130,NA,91,72,19,NA
"KP","TANK","60 - 64","DIVORCED",19,17,2,NA,17,16,1,NA,2,1,1,NA
"KP","TANK","60 - 64","MARRIED",6859,2732,4127,NA,6202,2490,3712,NA,657,242,415,NA
"KP","TANK","60 - 64","NEVER MARRIED",85,39,46,NA,67,36,31,NA,18,3,15,NA
"KP","TANK","60 - 64","SEPERATION",12,7,5,NA,10,7,3,NA,2,NA,2,NA
"KP","TANK","60 - 64","WIDOWED",1038,816,222,NA,916,726,190,NA,122,90,32,NA
"KP","TANK","65 - 69","DIVORCED",1,1,NA,NA,1,1,NA,NA,NA,NA,NA,NA
"KP","TANK","65 - 69","MARRIED",4248,1408,2840,NA,3806,1266,2540,NA,442,142,300,NA
"KP","TANK","65 - 69","NEVER MARRIED",54,20,34,NA,46,19,27,NA,8,1,7,NA
"KP","TANK","65 - 69","SEPERATION",4,3,1,NA,4,3,1,NA,NA,NA,NA,NA
"KP","TANK","65 - 69","WIDOWED",870,628,242,NA,762,551,211,NA,108,77,31,NA
"KP","TANK","70 - 74","DIVORCED",NA,NA,NA,NA,NA,NA,NA,NA,NA,NA,NA,NA
"KP","TANK","70 - 74","MARRIED",2724,883,1841,NA,2447,795,1652,NA,277,88,189,NA
"KP","TANK","70 - 74","NEVER MARRIED",32,11,21,NA,28,9,19,NA,4,2,2,NA
"KP","TANK","70 - 74","SEPERATION",5,2,3,NA,4,2,2,NA,1,NA,1,NA
"KP","TANK","70 - 74","WIDOWED",978,679,299,NA,867,602,265,NA,111,77,34,NA
"KP","TANK","75 & ABOVE","DIVORCED",1,1,NA,NA,1,1,NA,NA,NA,NA,NA,NA
"KP","TANK","75 & ABOVE","MARRIED",1867,489,1378,NA,1676,441,1235,NA,191,48,143,NA
"KP","TANK","75 & ABOVE","NEVER MARRIED",23,7,16,NA,22,7,15,NA,1,NA,1,NA
"KP","TANK","75 & ABOVE","SEPERATION",2,1,1,NA,2,1,1,NA,NA,NA,NA,NA
"KP","TANK","75 & ABOVE","WIDOWED",1040,648,392,NA,911,574,337,NA,129,74,55,NA
"KP","TORGHAR","15 &  ABOVE","DIVORCED",54,37,17,NA,54,37,17,NA,NA,NA,NA,NA
"KP","TORGHAR","15 &  ABOVE","MARRIED",79283,41120,38163,NA,79283,41120,38163,NA,NA,NA,NA,NA
"KP","TORGHAR","15 &  ABOVE","NEVER MARRIED",23409,8899,14506,4,23409,8899,14506,4,NA,NA,NA,NA
"KP","TORGHAR","15 &  ABOVE","SEPERATION",97,70,27,NA,97,70,27,NA,NA,NA,NA,NA
"KP","TORGHAR","15 &  ABOVE","WIDOWED",3601,2833,768,NA,3601,2833,768,NA,NA,NA,NA,NA
"KP","TORGHAR","15 - 19","DIVORCED",2,1,1,NA,2,1,1,NA,NA,NA,NA,NA
"KP","TORGHAR","15 - 19","MARRIED",3968,2857,1111,NA,3968,2857,1111,NA,NA,NA,NA,NA
"KP","TORGHAR","15 - 19","NEVER MARRIED",16345,6846,9498,1,16345,6846,9498,1,NA,NA,NA,NA
"KP","TORGHAR","15 - 19","SEPERATION",2,2,NA,NA,2,2,NA,NA,NA,NA,NA,NA
"KP","TORGHAR","15 - 19","WIDOWED",8,8,NA,NA,8,8,NA,NA,NA,NA,NA,NA
"KP","TORGHAR","20 - 24","DIVORCED",9,6,3,NA,9,6,3,NA,NA,NA,NA,NA
"KP","TORGHAR","20 - 24","MARRIED",10463,6505,3958,NA,10463,6505,3958,NA,NA,NA,NA,NA
"KP","TORGHAR","20 - 24","NEVER MARRIED",4854,1315,3539,NA,4854,1315,3539,NA,NA,NA,NA,NA
"KP","TORGHAR","20 - 24","SEPERATION",9,4,5,NA,9,4,5,NA,NA,NA,NA,NA
"KP","TORGHAR","20 - 24","WIDOWED",19,14,5,NA,19,14,5,NA,NA,NA,NA,NA
"KP","TORGHAR","25 - 29","DIVORCED",9,6,3,NA,9,6,3,NA,NA,NA,NA,NA
"KP","TORGHAR","25 - 29","MARRIED",11769,6096,5673,NA,11769,6096,5673,NA,NA,NA,NA,NA
"KP","TORGHAR","25 - 29","NEVER MARRIED",1286,331,955,NA,1286,331,955,NA,NA,NA,NA,NA
"KP","TORGHAR","25 - 29","SEPERATION",5,5,NA,NA,5,5,NA,NA,NA,NA,NA,NA
"KP","TORGHAR","25 - 29","WIDOWED",39,23,16,NA,39,23,16,NA,NA,NA,NA,NA
"KP","TORGHAR","30 - 34","DIVORCED",8,7,1,NA,8,7,1,NA,NA,NA,NA,NA
"KP","TORGHAR","30 - 34","MARRIED",11156,5811,5345,NA,11156,5811,5345,NA,NA,NA,NA,NA
"KP","TORGHAR","30 - 34","NEVER MARRIED",443,181,262,NA,443,181,262,NA,NA,NA,NA,NA
"KP","TORGHAR","30 - 34","SEPERATION",10,7,3,NA,10,7,3,NA,NA,NA,NA,NA
"KP","TORGHAR","30 - 34","WIDOWED",70,50,20,NA,70,50,20,NA,NA,NA,NA,NA
"KP","TORGHAR","35 - 39","DIVORCED",12,7,5,NA,12,7,5,NA,NA,NA,NA,NA
"KP","TORGHAR","35 - 39","MARRIED",9435,4870,4565,NA,9435,4870,4565,NA,NA,NA,NA,NA
"KP","TORGHAR","35 - 39","NEVER MARRIED",196,87,109,NA,196,87,109,NA,NA,NA,NA,NA
"KP","TORGHAR","35 - 39","SEPERATION",10,8,2,NA,10,8,2,NA,NA,NA,NA,NA
"KP","TORGHAR","35 - 39","WIDOWED",101,79,22,NA,101,79,22,NA,NA,NA,NA,NA
"KP","TORGHAR","40 - 44","DIVORCED",5,4,1,NA,5,4,1,NA,NA,NA,NA,NA
"KP","TORGHAR","40 - 44","MARRIED",8413,4158,4255,NA,8413,4158,4255,NA,NA,NA,NA,NA
"KP","TORGHAR","40 - 44","NEVER MARRIED",101,49,52,NA,101,49,52,NA,NA,NA,NA,NA
"KP","TORGHAR","40 - 44","SEPERATION",14,11,3,NA,14,11,3,NA,NA,NA,NA,NA
"KP","TORGHAR","40 - 44","WIDOWED",170,145,25,NA,170,145,25,NA,NA,NA,NA,NA
"KP","TORGHAR","45 - 49","DIVORCED",3,2,1,NA,3,2,1,NA,NA,NA,NA,NA
"KP","TORGHAR","45 - 49","MARRIED",6284,3004,3280,NA,6284,3004,3280,NA,NA,NA,NA,NA
"KP","TORGHAR","45 - 49","NEVER MARRIED",55,24,30,1,55,24,30,1,NA,NA,NA,NA
"KP","TORGHAR","45 - 49","SEPERATION",10,6,4,NA,10,6,4,NA,NA,NA,NA,NA
"KP","TORGHAR","45 - 49","WIDOWED",195,169,26,NA,195,169,26,NA,NA,NA,NA,NA
"KP","TORGHAR","50 - 54","DIVORCED",NA,NA,NA,NA,NA,NA,NA,NA,NA,NA,NA,NA
"KP","TORGHAR","50 - 54","MARRIED",5395,2683,2712,NA,5395,2683,2712,NA,NA,NA,NA,NA
"KP","TORGHAR","50 - 54","NEVER MARRIED",38,19,19,NA,38,19,19,NA,NA,NA,NA,NA
"KP","TORGHAR","50 - 54","SEPERATION",16,13,3,NA,16,13,3,NA,NA,NA,NA,NA
"KP","TORGHAR","50 - 54","WIDOWED",330,278,52,NA,330,278,52,NA,NA,NA,NA,NA
"KP","TORGHAR","55 - 59","DIVORCED",4,3,1,NA,4,3,1,NA,NA,NA,NA,NA
"KP","TORGHAR","55 - 59","MARRIED",3481,1512,1969,NA,3481,1512,1969,NA,NA,NA,NA,NA
"KP","TORGHAR","55 - 59","NEVER MARRIED",32,16,14,2,32,16,14,2,NA,NA,NA,NA
"KP","TORGHAR","55 - 59","SEPERATION",7,5,2,NA,7,5,2,NA,NA,NA,NA,NA
"KP","TORGHAR","55 - 59","WIDOWED",269,221,48,NA,269,221,48,NA,NA,NA,NA,NA
"KP","TORGHAR","60 - 64","DIVORCED",NA,NA,NA,NA,NA,NA,NA,NA,NA,NA,NA,NA
"KP","TORGHAR","60 - 64","MARRIED",3037,1348,1689,NA,3037,1348,1689,NA,NA,NA,NA,NA
"KP","TORGHAR","60 - 64","NEVER MARRIED",21,16,5,NA,21,16,5,NA,NA,NA,NA,NA
"KP","TORGHAR","60 - 64","SEPERATION",6,4,2,NA,6,4,2,NA,NA,NA,NA,NA
"KP","TORGHAR","60 - 64","WIDOWED",425,368,57,NA,425,368,57,NA,NA,NA,NA,NA
"KP","TORGHAR","65 - 69","DIVORCED",1,NA,1,NA,1,NA,1,NA,NA,NA,NA,NA
"KP","TORGHAR","65 - 69","MARRIED",2151,878,1273,NA,2151,878,1273,NA,NA,NA,NA,NA
"KP","TORGHAR","65 - 69","NEVER MARRIED",11,3,8,NA,11,3,8,NA,NA,NA,NA,NA
"KP","TORGHAR","65 - 69","SEPERATION",2,2,NA,NA,2,2,NA,NA,NA,NA,NA,NA
"KP","TORGHAR","65 - 69","WIDOWED",345,285,60,NA,345,285,60,NA,NA,NA,NA,NA
"KP","TORGHAR","70 - 74","DIVORCED",1,1,NA,NA,1,1,NA,NA,NA,NA,NA,NA
"KP","TORGHAR","70 - 74","MARRIED",1858,761,1097,NA,1858,761,1097,NA,NA,NA,NA,NA
"KP","TORGHAR","70 - 74","NEVER MARRIED",12,5,7,NA,12,5,7,NA,NA,NA,NA,NA
"KP","TORGHAR","70 - 74","SEPERATION",3,2,1,NA,3,2,1,NA,NA,NA,NA,NA
"KP","TORGHAR","70 - 74","WIDOWED",573,453,120,NA,573,453,120,NA,NA,NA,NA,NA
"KP","TORGHAR","75 & ABOVE","DIVORCED",NA,NA,NA,NA,NA,NA,NA,NA,NA,NA,NA,NA
"KP","TORGHAR","75 & ABOVE","MARRIED",1873,637,1236,NA,1873,637,1236,NA,NA,NA,NA,NA
"KP","TORGHAR","75 & ABOVE","NEVER MARRIED",15,7,8,NA,15,7,8,NA,NA,NA,NA,NA
"KP","TORGHAR","75 & ABOVE","SEPERATION",3,1,2,NA,3,1,2,NA,NA,NA,NA,NA
"KP","TORGHAR","75 & ABOVE","WIDOWED",1057,740,317,NA,1057,740,317,NA,NA,NA,NA,NA
"KP","UPPER CHITRAL","15 &  ABOVE","DIVORCED",239,198,41,NA,239,198,41,NA,NA,NA,NA,NA
"KP","UPPER CHITRAL","15 &  ABOVE","MARRIED",82325,41824,40501,NA,82325,41824,40501,NA,NA,NA,NA,NA
"KP","UPPER CHITRAL","15 &  ABOVE","NEVER MARRIED",44832,18061,26771,NA,44832,18061,26771,NA,NA,NA,NA,NA
"KP","UPPER CHITRAL","15 &  ABOVE","SEPERATION",55,25,30,NA,55,25,30,NA,NA,NA,NA,NA
"KP","UPPER CHITRAL","15 &  ABOVE","WIDOWED",5410,4377,1033,NA,5410,4377,1033,NA,NA,NA,NA,NA
"KP","UPPER CHITRAL","15 - 19","DIVORCED",8,8,NA,NA,8,8,NA,NA,NA,NA,NA,NA
"KP","UPPER CHITRAL","15 - 19","MARRIED",1866,1597,269,NA,1866,1597,269,NA,NA,NA,NA,NA
"KP","UPPER CHITRAL","15 - 19","NEVER MARRIED",17178,7651,9527,NA,17178,7651,9527,NA,NA,NA,NA,NA
"KP","UPPER CHITRAL","15 - 19","SEPERATION",4,NA,4,NA,4,NA,4,NA,NA,NA,NA,NA
"KP","UPPER CHITRAL","15 - 19","WIDOWED",3,1,2,NA,3,1,2,NA,NA,NA,NA,NA
"KP","UPPER CHITRAL","20 - 24","DIVORCED",19,14,5,NA,19,14,5,NA,NA,NA,NA,NA
"KP","UPPER CHITRAL","20 - 24","MARRIED",6452,4762,1690,NA,6452,4762,1690,NA,NA,NA,NA,NA
"KP","UPPER CHITRAL","20 - 24","NEVER MARRIED",12477,4401,8076,NA,12477,4401,8076,NA,NA,NA,NA,NA
"KP","UPPER CHITRAL","20 - 24","SEPERATION",1,1,NA,NA,1,1,NA,NA,NA,NA,NA,NA
"KP","UPPER CHITRAL","20 - 24","WIDOWED",14,9,5,NA,14,9,5,NA,NA,NA,NA,NA
"KP","UPPER CHITRAL","25 - 29","DIVORCED",28,27,1,NA,28,27,1,NA,NA,NA,NA,NA
"KP","UPPER CHITRAL","25 - 29","MARRIED",10176,5862,4314,NA,10176,5862,4314,NA,NA,NA,NA,NA
"KP","UPPER CHITRAL","25 - 29","NEVER MARRIED",7455,2513,4942,NA,7455,2513,4942,NA,NA,NA,NA,NA
"KP","UPPER CHITRAL","25 - 29","SEPERATION",8,3,5,NA,8,3,5,NA,NA,NA,NA,NA
"KP","UPPER CHITRAL","25 - 29","WIDOWED",47,30,17,NA,47,30,17,NA,NA,NA,NA,NA
"KP","UPPER CHITRAL","30 - 34","DIVORCED",39,30,9,NA,39,30,9,NA,NA,NA,NA,NA
"KP","UPPER CHITRAL","30 - 34","MARRIED",11980,6272,5708,NA,11980,6272,5708,NA,NA,NA,NA,NA
"KP","UPPER CHITRAL","30 - 34","NEVER MARRIED",3675,1423,2252,NA,3675,1423,2252,NA,NA,NA,NA,NA
"KP","UPPER CHITRAL","30 - 34","SEPERATION",9,7,2,NA,9,7,2,NA,NA,NA,NA,NA
"KP","UPPER CHITRAL","30 - 34","WIDOWED",77,57,20,NA,77,57,20,NA,NA,NA,NA,NA
"KP","UPPER CHITRAL","35 - 39","DIVORCED",35,29,6,NA,35,29,6,NA,NA,NA,NA,NA
"KP","UPPER CHITRAL","35 - 39","MARRIED",10469,5036,5433,NA,10469,5036,5433,NA,NA,NA,NA,NA
"KP","UPPER CHITRAL","35 - 39","NEVER MARRIED",1562,753,809,NA,1562,753,809,NA,NA,NA,NA,NA
"KP","UPPER CHITRAL","35 - 39","SEPERATION",8,5,3,NA,8,5,3,NA,NA,NA,NA,NA
"KP","UPPER CHITRAL","35 - 39","WIDOWED",130,117,13,NA,130,117,13,NA,NA,NA,NA,NA
"KP","UPPER CHITRAL","40 - 44","DIVORCED",30,28,2,NA,30,28,2,NA,NA,NA,NA,NA
"KP","UPPER CHITRAL","40 - 44","MARRIED",9286,4441,4845,NA,9286,4441,4845,NA,NA,NA,NA,NA
"KP","UPPER CHITRAL","40 - 44","NEVER MARRIED",863,474,389,NA,863,474,389,NA,NA,NA,NA,NA
"KP","UPPER CHITRAL","40 - 44","SEPERATION",4,3,1,NA,4,3,1,NA,NA,NA,NA,NA
"KP","UPPER CHITRAL","40 - 44","WIDOWED",155,136,19,NA,155,136,19,NA,NA,NA,NA,NA
"KP","UPPER CHITRAL","45 - 49","DIVORCED",9,8,1,NA,9,8,1,NA,NA,NA,NA,NA
"KP","UPPER CHITRAL","45 - 49","MARRIED",6936,3443,3493,NA,6936,3443,3493,NA,NA,NA,NA,NA
"KP","UPPER CHITRAL","45 - 49","NEVER MARRIED",497,283,214,NA,497,283,214,NA,NA,NA,NA,NA
"KP","UPPER CHITRAL","45 - 49","SEPERATION",4,NA,4,NA,4,NA,4,NA,NA,NA,NA,NA
"KP","UPPER CHITRAL","45 - 49","WIDOWED",202,184,18,NA,202,184,18,NA,NA,NA,NA,NA
"KP","UPPER CHITRAL","50 - 54","DIVORCED",15,11,4,NA,15,11,4,NA,NA,NA,NA,NA
"KP","UPPER CHITRAL","50 - 54","MARRIED",7111,3455,3656,NA,7111,3455,3656,NA,NA,NA,NA,NA
"KP","UPPER CHITRAL","50 - 54","NEVER MARRIED",337,181,156,NA,337,181,156,NA,NA,NA,NA,NA
"KP","UPPER CHITRAL","50 - 54","SEPERATION",2,1,1,NA,2,1,1,NA,NA,NA,NA,NA
"KP","UPPER CHITRAL","50 - 54","WIDOWED",434,392,42,NA,434,392,42,NA,NA,NA,NA,NA
"KP","UPPER CHITRAL","55 - 59","DIVORCED",21,18,3,NA,21,18,3,NA,NA,NA,NA,NA
"KP","UPPER CHITRAL","55 - 59","MARRIED",5403,2382,3021,NA,5403,2382,3021,NA,NA,NA,NA,NA
"KP","UPPER CHITRAL","55 - 59","NEVER MARRIED",254,124,130,NA,254,124,130,NA,NA,NA,NA,NA
"KP","UPPER CHITRAL","55 - 59","SEPERATION",5,3,2,NA,5,3,2,NA,NA,NA,NA,NA
"KP","UPPER CHITRAL","55 - 59","WIDOWED",434,387,47,NA,434,387,47,NA,NA,NA,NA,NA
"KP","UPPER CHITRAL","60 - 64","DIVORCED",13,11,2,NA,13,11,2,NA,NA,NA,NA,NA
"KP","UPPER CHITRAL","60 - 64","MARRIED",4029,1606,2423,NA,4029,1606,2423,NA,NA,NA,NA,NA
"KP","UPPER CHITRAL","60 - 64","NEVER MARRIED",235,117,118,NA,235,117,118,NA,NA,NA,NA,NA
"KP","UPPER CHITRAL","60 - 64","SEPERATION",6,1,5,NA,6,1,5,NA,NA,NA,NA,NA
"KP","UPPER CHITRAL","60 - 64","WIDOWED",552,485,67,NA,552,485,67,NA,NA,NA,NA,NA
"KP","UPPER CHITRAL","65 - 69","DIVORCED",10,8,2,NA,10,8,2,NA,NA,NA,NA,NA
"KP","UPPER CHITRAL","65 - 69","MARRIED",3772,1458,2314,NA,3772,1458,2314,NA,NA,NA,NA,NA
"KP","UPPER CHITRAL","65 - 69","NEVER MARRIED",107,59,48,NA,107,59,48,NA,NA,NA,NA,NA
"KP","UPPER CHITRAL","65 - 69","SEPERATION",NA,NA,NA,NA,NA,NA,NA,NA,NA,NA,NA,NA
"KP","UPPER CHITRAL","65 - 69","WIDOWED",785,675,110,NA,785,675,110,NA,NA,NA,NA,NA
"KP","UPPER CHITRAL","70 - 74","DIVORCED",3,2,1,NA,3,2,1,NA,NA,NA,NA,NA
"KP","UPPER CHITRAL","70 - 74","MARRIED",2595,922,1673,NA,2595,922,1673,NA,NA,NA,NA,NA
"KP","UPPER CHITRAL","70 - 74","NEVER MARRIED",117,46,71,NA,117,46,71,NA,NA,NA,NA,NA
"KP","UPPER CHITRAL","70 - 74","SEPERATION",2,1,1,NA,2,1,1,NA,NA,NA,NA,NA
"KP","UPPER CHITRAL","70 - 74","WIDOWED",944,753,191,NA,944,753,191,NA,NA,NA,NA,NA
"KP","UPPER CHITRAL","75 & ABOVE","DIVORCED",9,4,5,NA,9,4,5,NA,NA,NA,NA,NA
"KP","UPPER CHITRAL","75 & ABOVE","MARRIED",2250,588,1662,NA,2250,588,1662,NA,NA,NA,NA,NA
"KP","UPPER CHITRAL","75 & ABOVE","NEVER MARRIED",75,36,39,NA,75,36,39,NA,NA,NA,NA,NA
"KP","UPPER CHITRAL","75 & ABOVE","SEPERATION",2,NA,2,NA,2,NA,2,NA,NA,NA,NA,NA
"KP","UPPER CHITRAL","75 & ABOVE","WIDOWED",1633,1151,482,NA,1633,1151,482,NA,NA,NA,NA,NA
"KP","UPPER DIR","15 &  ABOVE","DIVORCED",191,157,34,NA,184,150,34,NA,7,7,NA,NA
"KP","UPPER DIR","15 &  ABOVE","MARRIED",375600,208860,166740,NA,359030,200158,158872,NA,16570,8702,7868,NA
"KP","UPPER DIR","15 &  ABOVE","NEVER MARRIED",152248,63889,88352,7,143954,60489,83458,7,8294,3400,4894,NA
"KP","UPPER DIR","15 &  ABOVE","SEPERATION",220,151,69,NA,208,142,66,NA,12,9,3,NA
"KP","UPPER DIR","15 &  ABOVE","WIDOWED",14098,11808,2290,NA,13353,11183,2170,NA,745,625,120,NA
"KP","UPPER DIR","15 - 19","DIVORCED",14,13,1,NA,13,12,1,NA,1,1,NA,NA
"KP","UPPER DIR","15 - 19","MARRIED",14670,11439,3231,NA,14215,11077,3138,NA,455,362,93,NA
"KP","UPPER DIR","15 - 19","NEVER MARRIED",94877,43858,51014,5,90437,41792,48640,5,4440,2066,2374,NA
"KP","UPPER DIR","15 - 19","SEPERATION",10,7,3,NA,10,7,3,NA,NA,NA,NA,NA
"KP","UPPER DIR","15 - 19","WIDOWED",16,14,2,NA,16,14,2,NA,NA,NA,NA,NA
"KP","UPPER DIR","20 - 24","DIVORCED",25,21,4,NA,23,19,4,NA,2,2,NA,NA
"KP","UPPER DIR","20 - 24","MARRIED",50176,34175,16001,NA,48529,32970,15559,NA,1647,1205,442,NA
"KP","UPPER DIR","20 - 24","NEVER MARRIED",39398,12810,26588,NA,37204,12067,25137,NA,2194,743,1451,NA
"KP","UPPER DIR","20 - 24","SEPERATION",13,10,3,NA,13,10,3,NA,NA,NA,NA,NA
"KP","UPPER DIR","20 - 24","WIDOWED",97,84,13,NA,97,84,13,NA,NA,NA,NA,NA
"KP","UPPER DIR","25 - 29","DIVORCED",42,35,7,NA,39,32,7,NA,3,3,NA,NA
"KP","UPPER DIR","25 - 29","MARRIED",58865,35477,23388,NA,56398,33946,22452,NA,2467,1531,936,NA
"KP","UPPER DIR","25 - 29","NEVER MARRIED",11507,3995,7512,NA,10528,3691,6837,NA,979,304,675,NA
"KP","UPPER DIR","25 - 29","SEPERATION",21,10,11,NA,21,10,11,NA,NA,NA,NA,NA
"KP","UPPER DIR","25 - 29","WIDOWED",159,125,34,NA,156,122,34,NA,3,3,NA,NA
"KP","UPPER DIR","30 - 34","DIVORCED",28,25,3,NA,27,24,3,NA,1,1,NA,NA
"KP","UPPER DIR","30 - 34","MARRIED",55218,31045,24173,NA,52705,29658,23047,NA,2513,1387,1126,NA
"KP","UPPER DIR","30 - 34","NEVER MARRIED",3470,1545,1924,1,3110,1428,1681,1,360,117,243,NA
"KP","UPPER DIR","30 - 34","SEPERATION",24,14,10,NA,23,13,10,NA,1,1,NA,NA
"KP","UPPER DIR","30 - 34","WIDOWED",304,255,49,NA,284,238,46,NA,20,17,3,NA
"KP","UPPER DIR","35 - 39","DIVORCED",23,19,4,NA,23,19,4,NA,NA,NA,NA,NA
"KP","UPPER DIR","35 - 39","MARRIED",46592,24818,21774,NA,44307,23673,20634,NA,2285,1145,1140,NA
"KP","UPPER DIR","35 - 39","NEVER MARRIED",1343,707,636,NA,1204,639,565,NA,139,68,71,NA
"KP","UPPER DIR","35 - 39","SEPERATION",18,12,6,NA,16,11,5,NA,2,1,1,NA
"KP","UPPER DIR","35 - 39","WIDOWED",452,414,38,NA,435,398,37,NA,17,16,1,NA
"KP","UPPER DIR","40 - 44","DIVORCED",16,10,6,NA,16,10,6,NA,NA,NA,NA,NA
"KP","UPPER DIR","40 - 44","MARRIED",39328,21508,17820,NA,37486,20612,16874,NA,1842,896,946,NA
"KP","UPPER DIR","40 - 44","NEVER MARRIED",717,433,284,NA,651,397,254,NA,66,36,30,NA
"KP","UPPER DIR","40 - 44","SEPERATION",18,15,3,NA,17,14,3,NA,1,1,NA,NA
"KP","UPPER DIR","40 - 44","WIDOWED",715,661,54,NA,679,627,52,NA,36,34,2,NA
"KP","UPPER DIR","45 - 49","DIVORCED",11,6,5,NA,11,6,5,NA,NA,NA,NA,NA
"KP","UPPER DIR","45 - 49","MARRIED",30597,15609,14988,NA,29000,14873,14127,NA,1597,736,861,NA
"KP","UPPER DIR","45 - 49","NEVER MARRIED",363,224,139,NA,319,197,122,NA,44,27,17,NA
"KP","UPPER DIR","45 - 49","SEPERATION",17,13,4,NA,17,13,4,NA,NA,NA,NA,NA
"KP","UPPER DIR","45 - 49","WIDOWED",852,778,74,NA,804,735,69,NA,48,43,5,NA
"KP","UPPER DIR","50 - 54","DIVORCED",10,9,1,NA,10,9,1,NA,NA,NA,NA,NA
"KP","UPPER DIR","50 - 54","MARRIED",24802,11992,12810,NA,23596,11458,12138,NA,1206,534,672,NA
"KP","UPPER DIR","50 - 54","NEVER MARRIED",230,134,96,NA,201,116,85,NA,29,18,11,NA
"KP","UPPER DIR","50 - 54","SEPERATION",19,17,2,NA,15,13,2,NA,4,4,NA,NA
"KP","UPPER DIR","50 - 54","WIDOWED",1290,1167,123,NA,1215,1099,116,NA,75,68,7,NA
"KP","UPPER DIR","55 - 59","DIVORCED",4,4,NA,NA,4,4,NA,NA,NA,NA,NA,NA
"KP","UPPER DIR","55 - 59","MARRIED",16127,6987,9140,NA,15274,6631,8643,NA,853,356,497,NA
"KP","UPPER DIR","55 - 59","NEVER MARRIED",119,65,54,NA,100,55,45,NA,19,10,9,NA
"KP","UPPER DIR","55 - 59","SEPERATION",16,13,3,NA,16,13,3,NA,NA,NA,NA,NA
"KP","UPPER DIR","55 - 59","WIDOWED",1178,1046,132,NA,1110,986,124,NA,68,60,8,NA
"KP","UPPER DIR","60 - 64","DIVORCED",7,6,1,NA,7,6,1,NA,NA,NA,NA,NA
"KP","UPPER DIR","60 - 64","MARRIED",13101,5942,7159,NA,12434,5698,6736,NA,667,244,423,NA
"KP","UPPER DIR","60 - 64","NEVER MARRIED",108,56,51,1,94,49,44,1,14,7,7,NA
"KP","UPPER DIR","60 - 64","SEPERATION",18,15,3,NA,17,14,3,NA,1,1,NA,NA
"KP","UPPER DIR","60 - 64","WIDOWED",1699,1507,192,NA,1602,1422,180,NA,97,85,12,NA
"KP","UPPER DIR","65 - 69","DIVORCED",5,5,NA,NA,5,5,NA,NA,NA,NA,NA,NA
"KP","UPPER DIR","65 - 69","MARRIED",10162,4478,5684,NA,9653,4308,5345,NA,509,170,339,NA
"KP","UPPER DIR","65 - 69","NEVER MARRIED",36,19,17,NA,30,17,13,NA,6,2,4,NA
"KP","UPPER DIR","65 - 69","SEPERATION",17,13,4,NA,16,12,4,NA,1,1,NA,NA
"KP","UPPER DIR","65 - 69","WIDOWED",1703,1493,210,NA,1579,1388,191,NA,124,105,19,NA
"KP","UPPER DIR","70 - 74","DIVORCED",2,1,1,NA,2,1,1,NA,NA,NA,NA,NA
"KP","UPPER DIR","70 - 74","MARRIED",8173,3064,5109,NA,7867,2970,4897,NA,306,94,212,NA
"KP","UPPER DIR","70 - 74","NEVER MARRIED",41,25,16,NA,40,24,16,NA,1,1,NA,NA
"KP","UPPER DIR","70 - 74","SEPERATION",13,7,6,NA,13,7,6,NA,NA,NA,NA,NA
"KP","UPPER DIR","70 - 74","WIDOWED",2171,1791,380,NA,2066,1705,361,NA,105,86,19,NA
"KP","UPPER DIR","75 & ABOVE","DIVORCED",4,3,1,NA,4,3,1,NA,NA,NA,NA,NA
"KP","UPPER DIR","75 & ABOVE","MARRIED",7789,2326,5463,NA,7566,2284,5282,NA,223,42,181,NA
"KP","UPPER DIR","75 & ABOVE","NEVER MARRIED",39,18,21,NA,36,17,19,NA,3,1,2,NA
"KP","UPPER DIR","75 & ABOVE","SEPERATION",16,5,11,NA,14,5,9,NA,2,NA,2,NA
"KP","UPPER DIR","75 & ABOVE","WIDOWED",3462,2473,989,NA,3310,2365,945,NA,152,108,44,NA
"KP","UPPER KOHISTAN","15 &  ABOVE","DIVORCED",442,330,112,NA,442,330,112,NA,NA,NA,NA,NA
"KP","UPPER KOHISTAN","15 &  ABOVE","MARRIED",128085,65542,62543,NA,128085,65542,62543,NA,NA,NA,NA,NA
"KP","UPPER KOHISTAN","15 &  ABOVE","NEVER MARRIED",31026,12213,18811,2,31026,12213,18811,2,NA,NA,NA,NA
"KP","UPPER KOHISTAN","15 &  ABOVE","SEPERATION",473,362,111,NA,473,362,111,NA,NA,NA,NA,NA
"KP","UPPER KOHISTAN","15 &  ABOVE","WIDOWED",2968,2139,829,NA,2968,2139,829,NA,NA,NA,NA,NA
"KP","UPPER KOHISTAN","15 - 19","DIVORCED",38,22,16,NA,38,22,16,NA,NA,NA,NA,NA
"KP","UPPER KOHISTAN","15 - 19","MARRIED",14283,8211,6072,NA,14283,8211,6072,NA,NA,NA,NA,NA
"KP","UPPER KOHISTAN","15 - 19","NEVER MARRIED",24070,10269,13799,2,24070,10269,13799,2,NA,NA,NA,NA
"KP","UPPER KOHISTAN","15 - 19","SEPERATION",21,5,16,NA,21,5,16,NA,NA,NA,NA,NA
"KP","UPPER KOHISTAN","15 - 19","WIDOWED",58,18,40,NA,58,18,40,NA,NA,NA,NA,NA
"KP","UPPER KOHISTAN","20 - 24","DIVORCED",53,32,21,NA,53,32,21,NA,NA,NA,NA,NA
"KP","UPPER KOHISTAN","20 - 24","MARRIED",22061,12255,9806,NA,22061,12255,9806,NA,NA,NA,NA,NA
"KP","UPPER KOHISTAN","20 - 24","NEVER MARRIED",4592,1324,3268,NA,4592,1324,3268,NA,NA,NA,NA,NA
"KP","UPPER KOHISTAN","20 - 24","SEPERATION",31,22,9,NA,31,22,9,NA,NA,NA,NA,NA
"KP","UPPER KOHISTAN","20 - 24","WIDOWED",100,58,42,NA,100,58,42,NA,NA,NA,NA,NA
"KP","UPPER KOHISTAN","25 - 29","DIVORCED",50,42,8,NA,50,42,8,NA,NA,NA,NA,NA
"KP","UPPER KOHISTAN","25 - 29","MARRIED",21389,11192,10197,NA,21389,11192,10197,NA,NA,NA,NA,NA
"KP","UPPER KOHISTAN","25 - 29","NEVER MARRIED",1320,372,948,NA,1320,372,948,NA,NA,NA,NA,NA
"KP","UPPER KOHISTAN","25 - 29","SEPERATION",33,22,11,NA,33,22,11,NA,NA,NA,NA,NA
"KP","UPPER KOHISTAN","25 - 29","WIDOWED",121,79,42,NA,121,79,42,NA,NA,NA,NA,NA
"KP","UPPER KOHISTAN","30 - 34","DIVORCED",68,47,21,NA,68,47,21,NA,NA,NA,NA,NA
"KP","UPPER KOHISTAN","30 - 34","MARRIED",17424,9374,8050,NA,17424,9374,8050,NA,NA,NA,NA,NA
"KP","UPPER KOHISTAN","30 - 34","NEVER MARRIED",463,134,329,NA,463,134,329,NA,NA,NA,NA,NA
"KP","UPPER KOHISTAN","30 - 34","SEPERATION",61,48,13,NA,61,48,13,NA,NA,NA,NA,NA
"KP","UPPER KOHISTAN","30 - 34","WIDOWED",165,126,39,NA,165,126,39,NA,NA,NA,NA,NA
"KP","UPPER KOHISTAN","35 - 39","DIVORCED",60,46,14,NA,60,46,14,NA,NA,NA,NA,NA
"KP","UPPER KOHISTAN","35 - 39","MARRIED",15375,7770,7605,NA,15375,7770,7605,NA,NA,NA,NA,NA
"KP","UPPER KOHISTAN","35 - 39","NEVER MARRIED",241,55,186,NA,241,55,186,NA,NA,NA,NA,NA
"KP","UPPER KOHISTAN","35 - 39","SEPERATION",55,47,8,NA,55,47,8,NA,NA,NA,NA,NA
"KP","UPPER KOHISTAN","35 - 39","WIDOWED",207,164,43,NA,207,164,43,NA,NA,NA,NA,NA
"KP","UPPER KOHISTAN","40 - 44","DIVORCED",46,37,9,NA,46,37,9,NA,NA,NA,NA,NA
"KP","UPPER KOHISTAN","40 - 44","MARRIED",11197,5546,5651,NA,11197,5546,5651,NA,NA,NA,NA,NA
"KP","UPPER KOHISTAN","40 - 44","NEVER MARRIED",109,22,87,NA,109,22,87,NA,NA,NA,NA,NA
"KP","UPPER KOHISTAN","40 - 44","SEPERATION",61,54,7,NA,61,54,7,NA,NA,NA,NA,NA
"KP","UPPER KOHISTAN","40 - 44","WIDOWED",295,239,56,NA,295,239,56,NA,NA,NA,NA,NA
"KP","UPPER KOHISTAN","45 - 49","DIVORCED",42,37,5,NA,42,37,5,NA,NA,NA,NA,NA
"KP","UPPER KOHISTAN","45 - 49","MARRIED",8397,3949,4448,NA,8397,3949,4448,NA,NA,NA,NA,NA
"KP","UPPER KOHISTAN","45 - 49","NEVER MARRIED",60,13,47,NA,60,13,47,NA,NA,NA,NA,NA
"KP","UPPER KOHISTAN","45 - 49","SEPERATION",55,47,8,NA,55,47,8,NA,NA,NA,NA,NA
"KP","UPPER KOHISTAN","45 - 49","WIDOWED",292,232,60,NA,292,232,60,NA,NA,NA,NA,NA
"KP","UPPER KOHISTAN","50 - 54","DIVORCED",27,24,3,NA,27,24,3,NA,NA,NA,NA,NA
"KP","UPPER KOHISTAN","50 - 54","MARRIED",5752,2532,3220,NA,5752,2532,3220,NA,NA,NA,NA,NA
"KP","UPPER KOHISTAN","50 - 54","NEVER MARRIED",65,9,56,NA,65,9,56,NA,NA,NA,NA,NA
"KP","UPPER KOHISTAN","50 - 54","SEPERATION",48,38,10,NA,48,38,10,NA,NA,NA,NA,NA
"KP","UPPER KOHISTAN","50 - 54","WIDOWED",313,238,75,NA,313,238,75,NA,NA,NA,NA,NA
"KP","UPPER KOHISTAN","55 - 59","DIVORCED",21,15,6,NA,21,15,6,NA,NA,NA,NA,NA
"KP","UPPER KOHISTAN","55 - 59","MARRIED",4078,1732,2346,NA,4078,1732,2346,NA,NA,NA,NA,NA
"KP","UPPER KOHISTAN","55 - 59","NEVER MARRIED",37,5,32,NA,37,5,32,NA,NA,NA,NA,NA
"KP","UPPER KOHISTAN","55 - 59","SEPERATION",38,34,4,NA,38,34,4,NA,NA,NA,NA,NA
"KP","UPPER KOHISTAN","55 - 59","WIDOWED",267,201,66,NA,267,201,66,NA,NA,NA,NA,NA
"KP","UPPER KOHISTAN","60 - 64","DIVORCED",17,11,6,NA,17,11,6,NA,NA,NA,NA,NA
"KP","UPPER KOHISTAN","60 - 64","MARRIED",3233,1298,1935,NA,3233,1298,1935,NA,NA,NA,NA,NA
"KP","UPPER KOHISTAN","60 - 64","NEVER MARRIED",34,5,29,NA,34,5,29,NA,NA,NA,NA,NA
"KP","UPPER KOHISTAN","60 - 64","SEPERATION",24,16,8,NA,24,16,8,NA,NA,NA,NA,NA
"KP","UPPER KOHISTAN","60 - 64","WIDOWED",325,232,93,NA,325,232,93,NA,NA,NA,NA,NA
"KP","UPPER KOHISTAN","65 - 69","DIVORCED",7,7,NA,NA,7,7,NA,NA,NA,NA,NA,NA
"KP","UPPER KOHISTAN","65 - 69","MARRIED",1927,756,1171,NA,1927,756,1171,NA,NA,NA,NA,NA
"KP","UPPER KOHISTAN","65 - 69","NEVER MARRIED",18,4,14,NA,18,4,14,NA,NA,NA,NA,NA
"KP","UPPER KOHISTAN","65 - 69","SEPERATION",18,13,5,NA,18,13,5,NA,NA,NA,NA,NA
"KP","UPPER KOHISTAN","65 - 69","WIDOWED",236,163,73,NA,236,163,73,NA,NA,NA,NA,NA
"KP","UPPER KOHISTAN","70 - 74","DIVORCED",9,8,1,NA,9,8,1,NA,NA,NA,NA,NA
"KP","UPPER KOHISTAN","70 - 74","MARRIED",1442,486,956,NA,1442,486,956,NA,NA,NA,NA,NA
"KP","UPPER KOHISTAN","70 - 74","NEVER MARRIED",4,NA,4,NA,4,NA,4,NA,NA,NA,NA,NA
"KP","UPPER KOHISTAN","70 - 74","SEPERATION",15,10,5,NA,15,10,5,NA,NA,NA,NA,NA
"KP","UPPER KOHISTAN","70 - 74","WIDOWED",239,170,69,NA,239,170,69,NA,NA,NA,NA,NA
"KP","UPPER KOHISTAN","75 & ABOVE","DIVORCED",4,2,2,NA,4,2,2,NA,NA,NA,NA,NA
"KP","UPPER KOHISTAN","75 & ABOVE","MARRIED",1527,441,1086,NA,1527,441,1086,NA,NA,NA,NA,NA
"KP","UPPER KOHISTAN","75 & ABOVE","NEVER MARRIED",13,1,12,NA,13,1,12,NA,NA,NA,NA,NA
"KP","UPPER KOHISTAN","75 & ABOVE","SEPERATION",13,6,7,NA,13,6,7,NA,NA,NA,NA,NA
"KP","UPPER KOHISTAN","75 & ABOVE","WIDOWED",350,219,131,NA,350,219,131,NA,NA,NA,NA,NA
"PUNJAB","ATTOCK","15 &  ABOVE","DIVORCED",7726,5854,1872,0,6023,4545,1478,0,1703,1309,394,0
"PUNJAB","ATTOCK","15 &  ABOVE","MARRIED",930316,472577,457739,0,680920,346400,334520,0,249396,126177,123219,0
"PUNJAB","ATTOCK","15 &  ABOVE","NEVER MARRIED",421244,177737,243427,80,301445,126830,174598,17,119799,50907,68829,63
"PUNJAB","ATTOCK","15 &  ABOVE","SEPERATION",1738,855,883,0,1238,597,641,0,500,258,242,0
"PUNJAB","ATTOCK","15 &  ABOVE","WIDOWED",67697,53911,13786,0,51071,40459,10612,0,16626,13452,3174,0
"PUNJAB","ATTOCK","15 - 19","DIVORCED",54,50,4,0,43,40,3,0,11,10,1,0
"PUNJAB","ATTOCK","15 - 19","MARRIED",12170,9662,2508,0,9312,7438,1874,0,2858,2224,634,0
"PUNJAB","ATTOCK","15 - 19","NEVER MARRIED",188014,89349,98656,9,133987,64040,69942,5,54027,25309,28714,4
"PUNJAB","ATTOCK","15 - 19","SEPERATION",15,11,4,0,11,8,3,0,4,3,1,0
"PUNJAB","ATTOCK","15 - 19","WIDOWED",30,20,10,0,22,12,10,0,8,8,0,0
"PUNJAB","ATTOCK","20 - 24","DIVORCED",389,334,55,0,298,255,43,0,91,79,12,0
"PUNJAB","ATTOCK","20 - 24","MARRIED",56725,41493,15232,0,42824,31295,11529,0,13901,10198,3703,0
"PUNJAB","ATTOCK","20 - 24","NEVER MARRIED",119104,46023,73066,15,84540,31944,52594,2,34564,14079,20472,13
"PUNJAB","ATTOCK","20 - 24","SEPERATION",99,74,25,0,65,47,18,0,34,27,7,0
"PUNJAB","ATTOCK","20 - 24","WIDOWED",166,119,47,0,135,96,39,0,31,23,8,0
"PUNJAB","ATTOCK","25 - 29","DIVORCED",782,619,163,0,602,472,130,0,180,147,33,0
"PUNJAB","ATTOCK","25 - 29","MARRIED",105304,65298,40006,0,77881,48077,29804,0,27423,17221,10202,0
"PUNJAB","ATTOCK","25 - 29","NEVER MARRIED",59398,19038,40344,16,42526,13290,29230,6,16872,5748,11114,10
"PUNJAB","ATTOCK","25 - 29","SEPERATION",158,87,71,0,107,57,50,0,51,30,21,0
"PUNJAB","ATTOCK","25 - 29","WIDOWED",450,335,115,0,340,250,90,0,110,85,25,0
"PUNJAB","ATTOCK","30 - 34","DIVORCED",1135,832,303,0,870,631,239,0,265,201,64,0
"PUNJAB","ATTOCK","30 - 34","MARRIED",129398,71274,58124,0,93512,51269,42243,0,35886,20005,15881,0
"PUNJAB","ATTOCK","30 - 34","NEVER MARRIED",24154,8416,15726,12,17390,6028,11362,0,6764,2388,4364,12
"PUNJAB","ATTOCK","30 - 34","SEPERATION",256,127,129,0,184,85,99,0,72,42,30,0
"PUNJAB","ATTOCK","30 - 34","WIDOWED",876,672,204,0,637,490,147,0,239,182,57,0
"PUNJAB","ATTOCK","35 - 39","DIVORCED",1227,903,324,0,916,665,251,0,311,238,73,0
"PUNJAB","ATTOCK","35 - 39","MARRIED",134933,69046,65887,0,96561,49317,47244,0,38372,19729,18643,0
"PUNJAB","ATTOCK","35 - 39","NEVER MARRIED",11420,4494,6916,10,8341,3336,5004,1,3079,1158,1912,9
"PUNJAB","ATTOCK","35 - 39","SEPERATION",259,131,128,0,177,84,93,0,82,47,35,0
"PUNJAB","ATTOCK","35 - 39","WIDOWED",1620,1325,295,0,1172,955,217,0,448,370,78,0
"PUNJAB","ATTOCK","40 - 44","DIVORCED",1085,819,266,0,825,614,211,0,260,205,55,0
"PUNJAB","ATTOCK","40 - 44","MARRIED",119949,58802,61147,0,85328,41927,43401,0,34621,16875,17746,0
"PUNJAB","ATTOCK","40 - 44","NEVER MARRIED",6523,3085,3432,6,4850,2358,2492,0,1673,727,940,6
"PUNJAB","ATTOCK","40 - 44","SEPERATION",230,90,140,0,162,66,96,0,68,24,44,0
"PUNJAB","ATTOCK","40 - 44","WIDOWED",2800,2413,387,0,2027,1743,284,0,773,670,103,0
"PUNJAB","ATTOCK","45 - 49","DIVORCED",853,657,196,0,678,527,151,0,175,130,45,0
"PUNJAB","ATTOCK","45 - 49","MARRIED",97607,45702,51905,0,69879,33095,36784,0,27728,12607,15121,0
"PUNJAB","ATTOCK","45 - 49","NEVER MARRIED",4033,2128,1900,5,3089,1663,1425,1,944,465,475,4
"PUNJAB","ATTOCK","45 - 49","SEPERATION",204,85,119,0,148,63,85,0,56,22,34,0
"PUNJAB","ATTOCK","45 - 49","WIDOWED",3765,3278,487,0,2760,2395,365,0,1005,883,122,0
"PUNJAB","ATTOCK","50 - 54","DIVORCED",707,530,177,0,556,427,129,0,151,103,48,0
"PUNJAB","ATTOCK","50 - 54","MARRIED",79978,36705,43273,0,58741,27172,31569,0,21237,9533,11704,0
"PUNJAB","ATTOCK","50 - 54","NEVER MARRIED",2856,1635,1217,4,2225,1331,893,1,631,304,324,3
"PUNJAB","ATTOCK","50 - 54","SEPERATION",179,94,85,0,129,66,63,0,50,28,22,0
"PUNJAB","ATTOCK","50 - 54","WIDOWED",5914,5175,739,0,4355,3805,550,0,1559,1370,189,0
"PUNJAB","ATTOCK","55 - 59","DIVORCED",570,443,127,0,471,367,104,0,99,76,23,0
"PUNJAB","ATTOCK","55 - 59","MARRIED",65382,27996,37386,0,48487,20888,27599,0,16895,7108,9787,0
"PUNJAB","ATTOCK","55 - 59","NEVER MARRIED",2088,1259,829,0,1642,1019,623,0,446,240,206,0
"PUNJAB","ATTOCK","55 - 59","SEPERATION",111,55,56,0,80,40,40,0,31,15,16,0
"PUNJAB","ATTOCK","55 - 59","WIDOWED",7304,6170,1134,0,5428,4570,858,0,1876,1600,276,0
"PUNJAB","ATTOCK","60 - 64","DIVORCED",397,287,110,0,333,239,94,0,64,48,16,0
"PUNJAB","ATTOCK","60 - 64","MARRIED",50075,19627,30448,0,37355,14796,22559,0,12720,4831,7889,0
"PUNJAB","ATTOCK","60 - 64","NEVER MARRIED",1502,901,600,1,1142,706,436,0,360,195,164,1
"PUNJAB","ATTOCK","60 - 64","SEPERATION",81,37,44,0,60,29,31,0,21,8,13,0
"PUNJAB","ATTOCK","60 - 64","WIDOWED",8956,7370,1586,0,6490,5328,1162,0,2466,2042,424,0
"PUNJAB","ATTOCK","65 - 69","DIVORCED",245,177,68,0,197,144,53,0,48,33,15,0
"PUNJAB","ATTOCK","65 - 69","MARRIED",35407,13886,21521,0,26886,10677,16209,0,8521,3209,5312,0
"PUNJAB","ATTOCK","65 - 69","NEVER MARRIED",1000,684,315,1,795,538,256,1,205,146,59,0
"PUNJAB","ATTOCK","65 - 69","SEPERATION",67,28,39,0,59,25,34,0,8,3,5,0
"PUNJAB","ATTOCK","65 - 69","WIDOWED",10039,8132,1907,0,7547,6067,1480,0,2492,2065,427,0
"PUNJAB","ATTOCK","70 - 74","DIVORCED",152,100,52,0,124,79,45,0,28,21,7,0
"PUNJAB","ATTOCK","70 - 74","MARRIED",22750,7074,15676,0,17659,5572,12087,0,5091,1502,3589,0
"PUNJAB","ATTOCK","70 - 74","NEVER MARRIED",564,348,216,0,451,279,172,0,113,69,44,0
"PUNJAB","ATTOCK","70 - 74","SEPERATION",46,22,24,0,29,15,14,0,17,7,10,0
"PUNJAB","ATTOCK","70 - 74","WIDOWED",9821,7464,2357,0,7578,5738,1840,0,2243,1726,517,0
"PUNJAB","ATTOCK","75 & ABOVE","DIVORCED",130,103,27,0,110,85,25,0,20,18,2,0
"PUNJAB","ATTOCK","75 & ABOVE","MARRIED",20638,6012,14626,0,16495,4877,11618,0,4143,1135,3008,0
"PUNJAB","ATTOCK","75 & ABOVE","NEVER MARRIED",588,377,210,1,467,298,169,0,121,79,41,1
"PUNJAB","ATTOCK","75 & ABOVE","SEPERATION",33,14,19,0,27,12,15,0,6,2,4,0
"PUNJAB","ATTOCK","75 & ABOVE","WIDOWED",15956,11438,4518,0,12580,9010,3570,0,3376,2428,948,0
"PUNJAB","BAHAWALNAGAR","15 &  ABOVE","DIVORCED",12734,8518,4216,0,8987,6031,2956,0,3747,2487,1260,0
"PUNJAB","BAHAWALNAGAR","15 &  ABOVE","MARRIED",1398027,703122,694905,0,1016725,511625,505100,0,381302,191497,189805,0
"PUNJAB","BAHAWALNAGAR","15 &  ABOVE","NEVER MARRIED",616907,252406,364145,356,423638,171566,251983,89,193269,80840,112162,267
"PUNJAB","BAHAWALNAGAR","15 &  ABOVE","SEPERATION",5137,3132,2005,0,4026,2475,1551,0,1111,657,454,0
"PUNJAB","BAHAWALNAGAR","15 &  ABOVE","WIDOWED",89738,62570,27168,0,63178,43320,19858,0,26560,19250,7310,0
"PUNJAB","BAHAWALNAGAR","15 - 19","DIVORCED",270,218,52,0,203,158,45,0,67,60,7,0
"PUNJAB","BAHAWALNAGAR","15 - 19","MARRIED",28193,20085,8108,0,22221,15728,6493,0,5972,4357,1615,0
"PUNJAB","BAHAWALNAGAR","15 - 19","NEVER MARRIED",321024,144502,176489,33,224694,100878,123797,19,96330,43624,52692,14
"PUNJAB","BAHAWALNAGAR","15 - 19","SEPERATION",159,120,39,0,130,93,37,0,29,27,2,0
"PUNJAB","BAHAWALNAGAR","15 - 19","WIDOWED",113,64,49,0,86,48,38,0,27,16,11,0
"PUNJAB","BAHAWALNAGAR","20 - 24","DIVORCED",1040,720,320,0,730,488,242,0,310,232,78,0
"PUNJAB","BAHAWALNAGAR","20 - 24","MARRIED",109660,71634,38026,0,83640,54127,29513,0,26020,17507,8513,0
"PUNJAB","BAHAWALNAGAR","20 - 24","NEVER MARRIED",173020,67834,105125,61,115973,44023,71941,9,57047,23811,33184,52
"PUNJAB","BAHAWALNAGAR","20 - 24","SEPERATION",441,279,162,0,356,228,128,0,85,51,34,0
"PUNJAB","BAHAWALNAGAR","20 - 24","WIDOWED",501,287,214,0,371,209,162,0,130,78,52,0
"PUNJAB","BAHAWALNAGAR","25 - 29","DIVORCED",1567,1034,533,0,1119,735,384,0,448,299,149,0
"PUNJAB","BAHAWALNAGAR","25 - 29","MARRIED",177811,101085,76726,0,129872,73170,56702,0,47939,27915,20024,0
"PUNJAB","BAHAWALNAGAR","25 - 29","NEVER MARRIED",73323,24169,49077,77,48674,15443,33220,11,24649,8726,15857,66
"PUNJAB","BAHAWALNAGAR","25 - 29","SEPERATION",607,380,227,0,475,298,177,0,132,82,50,0
"PUNJAB","BAHAWALNAGAR","25 - 29","WIDOWED",1054,572,482,0,793,411,382,0,261,161,100,0
"PUNJAB","BAHAWALNAGAR","30 - 34","DIVORCED",1928,1274,654,0,1301,866,435,0,627,408,219,0
"PUNJAB","BAHAWALNAGAR","30 - 34","MARRIED",197770,105254,92516,0,141485,75055,66430,0,56285,30199,26086,0
"PUNJAB","BAHAWALNAGAR","30 - 34","NEVER MARRIED",24357,7106,17203,48,16419,4732,11678,9,7938,2374,5525,39
"PUNJAB","BAHAWALNAGAR","30 - 34","SEPERATION",648,392,256,0,487,295,192,0,161,97,64,0
"PUNJAB","BAHAWALNAGAR","30 - 34","WIDOWED",1747,1092,655,0,1239,746,493,0,508,346,162,0
"PUNJAB","BAHAWALNAGAR","35 - 39","DIVORCED",1763,1146,617,0,1225,806,419,0,538,340,198,0
"PUNJAB","BAHAWALNAGAR","35 - 39","MARRIED",194137,96718,97419,0,138482,68760,69722,0,55655,27958,27697,0
"PUNJAB","BAHAWALNAGAR","35 - 39","NEVER MARRIED",10608,3303,7272,33,7298,2314,4972,12,3310,989,2300,21
"PUNJAB","BAHAWALNAGAR","35 - 39","SEPERATION",660,388,272,0,507,301,206,0,153,87,66,0
"PUNJAB","BAHAWALNAGAR","35 - 39","WIDOWED",2758,1925,833,0,1933,1312,621,0,825,613,212,0
"PUNJAB","BAHAWALNAGAR","40 - 44","DIVORCED",1657,1158,499,0,1134,805,329,0,523,353,170,0
"PUNJAB","BAHAWALNAGAR","40 - 44","MARRIED",172759,83585,89174,0,124188,59979,64209,0,48571,23606,24965,0
"PUNJAB","BAHAWALNAGAR","40 - 44","NEVER MARRIED",5302,1914,3354,34,3701,1420,2272,9,1601,494,1082,25
"PUNJAB","BAHAWALNAGAR","40 - 44","SEPERATION",628,398,230,0,486,317,169,0,142,81,61,0
"PUNJAB","BAHAWALNAGAR","40 - 44","WIDOWED",4444,3348,1096,0,3063,2252,811,0,1381,1096,285,0
"PUNJAB","BAHAWALNAGAR","45 - 49","DIVORCED",1358,916,442,0,942,643,299,0,416,273,143,0
"PUNJAB","BAHAWALNAGAR","45 - 49","MARRIED",135976,64261,71715,0,96856,46096,50760,0,39120,18165,20955,0
"PUNJAB","BAHAWALNAGAR","45 - 49","NEVER MARRIED",3220,1186,2011,23,2313,896,1409,8,907,290,602,15
"PUNJAB","BAHAWALNAGAR","45 - 49","SEPERATION",546,328,218,0,422,265,157,0,124,63,61,0
"PUNJAB","BAHAWALNAGAR","45 - 49","WIDOWED",5659,4392,1267,0,3829,2923,906,0,1830,1469,361,0
"PUNJAB","BAHAWALNAGAR","50 - 54","DIVORCED",1154,798,356,0,844,593,251,0,310,205,105,0
"PUNJAB","BAHAWALNAGAR","50 - 54","MARRIED",120490,55234,65256,0,86698,40043,46655,0,33792,15191,18601,0
"PUNJAB","BAHAWALNAGAR","50 - 54","NEVER MARRIED",2183,886,1274,23,1584,684,892,8,599,202,382,15
"PUNJAB","BAHAWALNAGAR","50 - 54","SEPERATION",447,280,167,0,352,219,133,0,95,61,34,0
"PUNJAB","BAHAWALNAGAR","50 - 54","WIDOWED",8980,6981,1999,0,6110,4687,1423,0,2870,2294,576,0
"PUNJAB","BAHAWALNAGAR","55 - 59","DIVORCED",831,538,293,0,613,403,210,0,218,135,83,0
"PUNJAB","BAHAWALNAGAR","55 - 59","MARRIED",94364,40323,54041,0,68260,29388,38872,0,26104,10935,15169,0
"PUNJAB","BAHAWALNAGAR","55 - 59","NEVER MARRIED",1467,592,866,9,1120,461,658,1,347,131,208,8
"PUNJAB","BAHAWALNAGAR","55 - 59","SEPERATION",374,198,176,0,297,157,140,0,77,41,36,0
"PUNJAB","BAHAWALNAGAR","55 - 59","WIDOWED",10236,7586,2650,0,6808,4944,1864,0,3428,2642,786,0
"PUNJAB","BAHAWALNAGAR","60 - 64","DIVORCED",541,354,187,0,403,267,136,0,138,87,51,0
"PUNJAB","BAHAWALNAGAR","60 - 64","MARRIED",67020,28008,39012,0,48811,20702,28109,0,18209,7306,10903,0
"PUNJAB","BAHAWALNAGAR","60 - 64","NEVER MARRIED",1096,441,647,8,839,342,495,2,257,99,152,6
"PUNJAB","BAHAWALNAGAR","60 - 64","SEPERATION",309,194,115,0,250,158,92,0,59,36,23,0
"PUNJAB","BAHAWALNAGAR","60 - 64","WIDOWED",11987,8709,3278,0,8286,5984,2302,0,3701,2725,976,0
"PUNJAB","BAHAWALNAGAR","65 - 69","DIVORCED",314,202,112,0,239,153,86,0,75,49,26,0
"PUNJAB","BAHAWALNAGAR","65 - 69","MARRIED",45075,18609,26466,0,33423,14036,19387,0,11652,4573,7079,0
"PUNJAB","BAHAWALNAGAR","65 - 69","NEVER MARRIED",605,241,362,2,463,189,273,1,142,52,89,1
"PUNJAB","BAHAWALNAGAR","65 - 69","SEPERATION",146,85,61,0,114,65,49,0,32,20,12,0
"PUNJAB","BAHAWALNAGAR","65 - 69","WIDOWED",12103,8575,3528,0,8356,5854,2502,0,3747,2721,1026,0
"PUNJAB","BAHAWALNAGAR","70 - 74","DIVORCED",178,93,85,0,134,63,71,0,44,30,14,0
"PUNJAB","BAHAWALNAGAR","70 - 74","MARRIED",28871,10152,18719,0,22171,7972,14199,0,6700,2180,4520,0
"PUNJAB","BAHAWALNAGAR","70 - 74","NEVER MARRIED",353,120,229,4,267,92,175,0,86,28,54,4
"PUNJAB","BAHAWALNAGAR","70 - 74","SEPERATION",96,55,41,0,82,46,36,0,14,9,5,0
"PUNJAB","BAHAWALNAGAR","70 - 74","WIDOWED",11755,7801,3954,0,8588,5665,2923,0,3167,2136,1031,0
"PUNJAB","BAHAWALNAGAR","75 & ABOVE","DIVORCED",133,67,66,0,100,51,49,0,33,16,17,0
"PUNJAB","BAHAWALNAGAR","75 & ABOVE","MARRIED",25901,8174,17727,0,20618,6569,14049,0,5283,1605,3678,0
"PUNJAB","BAHAWALNAGAR","75 & ABOVE","NEVER MARRIED",349,112,236,1,293,92,201,0,56,20,35,1
"PUNJAB","BAHAWALNAGAR","75 & ABOVE","SEPERATION",76,35,41,0,68,33,35,0,8,2,6,0
"PUNJAB","BAHAWALNAGAR","75 & ABOVE","WIDOWED",18401,11238,7163,0,13716,8285,5431,0,4685,2953,1732,0
"PUNJAB","BAHAWALPUR","15 &  ABOVE","DIVORCED",10331,6866,3465,0,6178,4017,2161,0,4153,2849,1304,0
"PUNJAB","BAHAWALPUR","15 &  ABOVE","MARRIED",1692658,851684,840974,0,1061658,535178,526480,0,631000,316506,314494,0
"PUNJAB","BAHAWALPUR","15 &  ABOVE","NEVER MARRIED",711516,300709,410356,451,395027,164312,230588,127,316489,136397,179768,324
"PUNJAB","BAHAWALPUR","15 &  ABOVE","SEPERATION",4714,2613,2101,0,3107,1712,1395,0,1607,901,706,0
"PUNJAB","BAHAWALPUR","15 &  ABOVE","WIDOWED",101526,74167,27359,0,62506,45007,17499,0,39020,29160,9860,0
"PUNJAB","BAHAWALPUR","15 - 19","DIVORCED",210,170,40,0,146,115,31,0,64,55,9,0
"PUNJAB","BAHAWALPUR","15 - 19","MARRIED",42069,30392,11677,0,30072,21417,8655,0,11997,8975,3022,0
"PUNJAB","BAHAWALPUR","15 - 19","NEVER MARRIED",371398,173112,198233,53,221325,103295,118011,19,150073,69817,80222,34
"PUNJAB","BAHAWALPUR","15 - 19","SEPERATION",138,97,41,0,90,65,25,0,48,32,16,0
"PUNJAB","BAHAWALPUR","15 - 19","WIDOWED",155,92,63,0,107,66,41,0,48,26,22,0
"PUNJAB","BAHAWALPUR","20 - 24","DIVORCED",882,655,227,0,547,391,156,0,335,264,71,0
"PUNJAB","BAHAWALPUR","20 - 24","MARRIED",152939,98380,54559,0,103435,65306,38129,0,49504,33074,16430,0
"PUNJAB","BAHAWALPUR","20 - 24","NEVER MARRIED",202963,79181,123696,86,104094,37697,66381,16,98869,41484,57315,70
"PUNJAB","BAHAWALPUR","20 - 24","SEPERATION",406,267,139,0,283,194,89,0,123,73,50,0
"PUNJAB","BAHAWALPUR","20 - 24","WIDOWED",649,370,279,0,452,246,206,0,197,124,73,0
"PUNJAB","BAHAWALPUR","25 - 29","DIVORCED",1413,937,476,0,826,534,292,0,587,403,184,0
"PUNJAB","BAHAWALPUR","25 - 29","MARRIED",223986,124898,99088,0,142178,77899,64279,0,81808,46999,34809,0
"PUNJAB","BAHAWALPUR","25 - 29","NEVER MARRIED",82253,29039,53128,86,41288,13504,27769,15,40965,15535,25359,71
"PUNJAB","BAHAWALPUR","25 - 29","SEPERATION",571,324,247,0,368,202,166,0,203,122,81,0
"PUNJAB","BAHAWALPUR","25 - 29","WIDOWED",1251,683,568,0,860,456,404,0,391,227,164,0
"PUNJAB","BAHAWALPUR","30 - 34","DIVORCED",1620,1079,541,0,954,607,347,0,666,472,194,0
"PUNJAB","BAHAWALPUR","30 - 34","MARRIED",243291,128229,115062,0,149991,78483,71508,0,93300,49746,43554,0
"PUNJAB","BAHAWALPUR","30 - 34","NEVER MARRIED",27430,10198,17178,54,14098,5073,9012,13,13332,5125,8166,41
"PUNJAB","BAHAWALPUR","30 - 34","SEPERATION",691,378,313,0,454,248,206,0,237,130,107,0
"PUNJAB","BAHAWALPUR","30 - 34","WIDOWED",2159,1437,722,0,1377,903,474,0,782,534,248,0
"PUNJAB","BAHAWALPUR","35 - 39","DIVORCED",1716,1123,593,0,980,632,348,0,736,491,245,0
"PUNJAB","BAHAWALPUR","35 - 39","MARRIED",233938,116661,117277,0,140856,70704,70152,0,93082,45957,47125,0
"PUNJAB","BAHAWALPUR","35 - 39","NEVER MARRIED",12575,4028,8487,60,6430,1995,4419,16,6145,2033,4068,44
"PUNJAB","BAHAWALPUR","35 - 39","SEPERATION",636,317,319,0,409,202,207,0,227,115,112,0
"PUNJAB","BAHAWALPUR","35 - 39","WIDOWED",3397,2421,976,0,2089,1448,641,0,1308,973,335,0
"PUNJAB","BAHAWALPUR","40 - 44","DIVORCED",1406,937,469,0,861,574,287,0,545,363,182,0
"PUNJAB","BAHAWALPUR","40 - 44","MARRIED",215359,103027,112332,0,134898,64484,70414,0,80461,38543,41918,0
"PUNJAB","BAHAWALPUR","40 - 44","NEVER MARRIED",6191,2022,4134,35,3235,1068,2153,14,2956,954,1981,21
"PUNJAB","BAHAWALPUR","40 - 44","SEPERATION",626,348,278,0,405,237,168,0,221,111,110,0
"PUNJAB","BAHAWALPUR","40 - 44","WIDOWED",5516,4229,1287,0,3508,2623,885,0,2008,1606,402,0
"PUNJAB","BAHAWALPUR","45 - 49","DIVORCED",965,628,337,0,579,374,205,0,386,254,132,0
"PUNJAB","BAHAWALPUR","45 - 49","MARRIED",162254,75978,86276,0,98754,46663,52091,0,63500,29315,34185,0
"PUNJAB","BAHAWALPUR","45 - 49","NEVER MARRIED",3408,1096,2281,31,1728,593,1120,15,1680,503,1161,16
"PUNJAB","BAHAWALPUR","45 - 49","SEPERATION",507,268,239,0,342,174,168,0,165,94,71,0
"PUNJAB","BAHAWALPUR","45 - 49","WIDOWED",7382,5814,1568,0,4481,3465,1016,0,2901,2349,552,0
"PUNJAB","BAHAWALPUR","50 - 54","DIVORCED",774,526,248,0,473,310,163,0,301,216,85,0
"PUNJAB","BAHAWALPUR","50 - 54","MARRIED",134635,61251,73384,0,82636,37968,44668,0,51999,23283,28716,0
"PUNJAB","BAHAWALPUR","50 - 54","NEVER MARRIED",2052,767,1270,15,1069,418,643,8,983,349,627,7
"PUNJAB","BAHAWALPUR","50 - 54","SEPERATION",376,217,159,0,246,137,109,0,130,80,50,0
"PUNJAB","BAHAWALPUR","50 - 54","WIDOWED",10316,8213,2103,0,6216,4857,1359,0,4100,3356,744,0
"PUNJAB","BAHAWALPUR","55 - 59","DIVORCED",568,334,234,0,325,185,140,0,243,149,94,0
"PUNJAB","BAHAWALPUR","55 - 59","MARRIED",102233,43019,59214,0,62230,26350,35880,0,40003,16669,23334,0
"PUNJAB","BAHAWALPUR","55 - 59","NEVER MARRIED",1237,467,755,15,662,259,399,4,575,208,356,11
"PUNJAB","BAHAWALPUR","55 - 59","SEPERATION",279,147,132,0,188,99,89,0,91,48,43,0
"PUNJAB","BAHAWALPUR","55 - 59","WIDOWED",11578,8821,2757,0,6781,5050,1731,0,4797,3771,1026,0
"PUNJAB","BAHAWALPUR","60 - 64","DIVORCED",369,228,141,0,234,145,89,0,135,83,52,0
"PUNJAB","BAHAWALPUR","60 - 64","MARRIED",73489,29987,43502,0,44931,18939,25992,0,28558,11048,17510,0
"PUNJAB","BAHAWALPUR","60 - 64","NEVER MARRIED",936,366,564,6,506,187,318,1,430,179,246,5
"PUNJAB","BAHAWALPUR","60 - 64","SEPERATION",201,110,91,0,135,66,69,0,66,44,22,0
"PUNJAB","BAHAWALPUR","60 - 64","WIDOWED",13807,10534,3273,0,8071,6103,1968,0,5736,4431,1305,0
"PUNJAB","BAHAWALPUR","65 - 69","DIVORCED",197,124,73,0,119,76,43,0,78,48,30,0
"PUNJAB","BAHAWALPUR","65 - 69","MARRIED",50248,20947,29301,0,31530,13552,17978,0,18718,7395,11323,0
"PUNJAB","BAHAWALPUR","65 - 69","NEVER MARRIED",542,212,326,4,288,103,184,1,254,109,142,3
"PUNJAB","BAHAWALPUR","65 - 69","SEPERATION",125,69,56,0,82,44,38,0,43,25,18,0
"PUNJAB","BAHAWALPUR","65 - 69","WIDOWED",14095,10617,3478,0,8355,6319,2036,0,5740,4298,1442,0
"PUNJAB","BAHAWALPUR","70 - 74","DIVORCED",118,69,49,0,73,39,34,0,45,30,15,0
"PUNJAB","BAHAWALPUR","70 - 74","MARRIED",31490,10672,20818,0,21308,7490,13818,0,10182,3182,7000,0
"PUNJAB","BAHAWALPUR","70 - 74","NEVER MARRIED",289,124,161,4,159,62,94,3,130,62,67,1
"PUNJAB","BAHAWALPUR","70 - 74","SEPERATION",81,41,40,0,57,27,30,0,24,14,10,0
"PUNJAB","BAHAWALPUR","70 - 74","WIDOWED",13231,9296,3935,0,8489,5985,2504,0,4742,3311,1431,0
"PUNJAB","BAHAWALPUR","75 & ABOVE","DIVORCED",93,56,37,0,61,35,26,0,32,21,11,0
"PUNJAB","BAHAWALPUR","75 & ABOVE","MARRIED",26727,8243,18484,0,18839,5923,12916,0,7888,2320,5568,0
"PUNJAB","BAHAWALPUR","75 & ABOVE","NEVER MARRIED",242,97,143,2,145,58,85,2,97,39,58,0
"PUNJAB","BAHAWALPUR","75 & ABOVE","SEPERATION",77,30,47,0,48,17,31,0,29,13,16,0
"PUNJAB","BAHAWALPUR","75 & ABOVE","WIDOWED",17990,11640,6350,0,11720,7486,4234,0,6270,4154,2116,0
"PUNJAB","BHAKKAR","15 &  ABOVE","DIVORCED",3956,2823,1133,0,3096,2237,859,0,860,586,274,0
"PUNJAB","BHAKKAR","15 &  ABOVE","MARRIED",757599,382881,374718,0,622406,314649,307757,0,135193,68232,66961,0
"PUNJAB","BHAKKAR","15 &  ABOVE","NEVER MARRIED",340189,141327,198788,74,270770,112245,158492,33,69419,29082,40296,41
"PUNJAB","BHAKKAR","15 &  ABOVE","SEPERATION",1893,1080,813,0,1610,933,677,0,283,147,136,0
"PUNJAB","BHAKKAR","15 &  ABOVE","WIDOWED",42528,30880,11648,0,33644,24187,9457,0,8884,6693,2191,0
"PUNJAB","BHAKKAR","15 - 19","DIVORCED",78,57,21,0,64,47,17,0,14,10,4,0
"PUNJAB","BHAKKAR","15 - 19","MARRIED",16072,11549,4523,0,14110,10095,4015,0,1962,1454,508,0
"PUNJAB","BHAKKAR","15 - 19","NEVER MARRIED",167434,75936,91486,12,136021,61662,74350,9,31413,14274,17136,3
"PUNJAB","BHAKKAR","15 - 19","SEPERATION",57,36,21,0,53,32,21,0,4,4,0,0
"PUNJAB","BHAKKAR","15 - 19","WIDOWED",32,12,20,0,29,12,17,0,3,0,3,0
"PUNJAB","BHAKKAR","20 - 24","DIVORCED",304,224,80,0,250,180,70,0,54,44,10,0
"PUNJAB","BHAKKAR","20 - 24","MARRIED",61193,39595,21598,0,52227,33470,18757,0,8966,6125,2841,0
"PUNJAB","BHAKKAR","20 - 24","NEVER MARRIED",95707,37354,58344,9,75140,28807,46330,3,20567,8547,12014,6
"PUNJAB","BHAKKAR","20 - 24","SEPERATION",122,73,49,0,106,67,39,0,16,6,10,0
"PUNJAB","BHAKKAR","20 - 24","WIDOWED",138,67,71,0,119,54,65,0,19,13,6,0
"PUNJAB","BHAKKAR","25 - 29","DIVORCED",482,335,147,0,378,263,115,0,104,72,32,0
"PUNJAB","BHAKKAR","25 - 29","MARRIED",99823,57206,42617,0,82547,46773,35774,0,17276,10433,6843,0
"PUNJAB","BHAKKAR","25 - 29","NEVER MARRIED",42511,14577,27921,13,32332,10864,21460,8,10179,3713,6461,5
"PUNJAB","BHAKKAR","25 - 29","SEPERATION",187,102,85,0,155,86,69,0,32,16,16,0
"PUNJAB","BHAKKAR","25 - 29","WIDOWED",394,216,178,0,329,178,151,0,65,38,27,0
"PUNJAB","BHAKKAR","30 - 34","DIVORCED",533,375,158,0,404,285,119,0,129,90,39,0
"PUNJAB","BHAKKAR","30 - 34","MARRIED",111770,58909,52861,0,91015,47932,43083,0,20755,10977,9778,0
"PUNJAB","BHAKKAR","30 - 34","NEVER MARRIED",16061,5412,10644,5,12445,4268,8175,2,3616,1144,2469,3
"PUNJAB","BHAKKAR","30 - 34","SEPERATION",220,132,88,0,186,109,77,0,34,23,11,0
"PUNJAB","BHAKKAR","30 - 34","WIDOWED",746,473,273,0,588,366,222,0,158,107,51,0
"PUNJAB","BHAKKAR","35 - 39","DIVORCED",560,378,182,0,421,290,131,0,139,88,51,0
"PUNJAB","BHAKKAR","35 - 39","MARRIED",99143,49928,49215,0,80155,40443,39712,0,18988,9485,9503,0
"PUNJAB","BHAKKAR","35 - 39","NEVER MARRIED",6930,2514,4403,13,5414,2013,3398,3,1516,501,1005,10
"PUNJAB","BHAKKAR","35 - 39","SEPERATION",245,128,117,0,204,110,94,0,41,18,23,0
"PUNJAB","BHAKKAR","35 - 39","WIDOWED",1163,855,308,0,920,666,254,0,243,189,54,0
"PUNJAB","BHAKKAR","40 - 44","DIVORCED",544,392,152,0,418,307,111,0,126,85,41,0
"PUNJAB","BHAKKAR","40 - 44","MARRIED",98189,48544,49645,0,80293,39795,40498,0,17896,8749,9147,0
"PUNJAB","BHAKKAR","40 - 44","NEVER MARRIED",4221,1858,2356,7,3463,1561,1899,3,758,297,457,4
"PUNJAB","BHAKKAR","40 - 44","SEPERATION",244,147,97,0,203,124,79,0,41,23,18,0
"PUNJAB","BHAKKAR","40 - 44","WIDOWED",2198,1749,449,0,1733,1368,365,0,465,381,84,0
"PUNJAB","BHAKKAR","45 - 49","DIVORCED",386,277,109,0,297,221,76,0,89,56,33,0
"PUNJAB","BHAKKAR","45 - 49","MARRIED",69698,33503,36195,0,56260,27169,29091,0,13438,6334,7104,0
"PUNJAB","BHAKKAR","45 - 49","NEVER MARRIED",2330,1073,1252,5,1883,900,982,1,447,173,270,4
"PUNJAB","BHAKKAR","45 - 49","SEPERATION",218,121,97,0,196,115,81,0,22,6,16,0
"PUNJAB","BHAKKAR","45 - 49","WIDOWED",2694,2171,523,0,2128,1707,421,0,566,464,102,0
"PUNJAB","BHAKKAR","50 - 54","DIVORCED",401,299,102,0,329,247,82,0,72,52,20,0
"PUNJAB","BHAKKAR","50 - 54","MARRIED",63178,29321,33857,0,51865,24133,27732,0,11313,5188,6125,0
"PUNJAB","BHAKKAR","50 - 54","NEVER MARRIED",1671,826,845,0,1362,698,664,0,309,128,181,0
"PUNJAB","BHAKKAR","50 - 54","SEPERATION",180,112,68,0,147,92,55,0,33,20,13,0
"PUNJAB","BHAKKAR","50 - 54","WIDOWED",4034,3266,768,0,3160,2542,618,0,874,724,150,0
"PUNJAB","BHAKKAR","55 - 59","DIVORCED",257,186,71,0,207,151,56,0,50,35,15,0
"PUNJAB","BHAKKAR","55 - 59","MARRIED",50044,20918,29126,0,40827,17084,23743,0,9217,3834,5383,0
"PUNJAB","BHAKKAR","55 - 59","NEVER MARRIED",1277,683,588,6,1047,569,474,4,230,114,114,2
"PUNJAB","BHAKKAR","55 - 59","SEPERATION",156,91,65,0,128,75,53,0,28,16,12,0
"PUNJAB","BHAKKAR","55 - 59","WIDOWED",4855,3700,1155,0,3753,2818,935,0,1102,882,220,0
"PUNJAB","BHAKKAR","60 - 64","DIVORCED",205,147,58,0,162,121,41,0,43,26,17,0
"PUNJAB","BHAKKAR","60 - 64","MARRIED",35369,14302,21067,0,28585,11649,16936,0,6784,2653,4131,0
"PUNJAB","BHAKKAR","60 - 64","NEVER MARRIED",905,502,400,3,719,413,306,0,186,89,94,3
"PUNJAB","BHAKKAR","60 - 64","SEPERATION",115,68,47,0,96,59,37,0,19,9,10,0
"PUNJAB","BHAKKAR","60 - 64","WIDOWED",5646,4179,1467,0,4306,3185,1121,0,1340,994,346,0
"PUNJAB","BHAKKAR","65 - 69","DIVORCED",93,73,20,0,75,60,15,0,18,13,5,0
"PUNJAB","BHAKKAR","65 - 69","MARRIED",23913,9637,14276,0,19619,7929,11690,0,4294,1708,2586,0
"PUNJAB","BHAKKAR","65 - 69","NEVER MARRIED",559,316,243,0,456,257,199,0,103,59,44,0
"PUNJAB","BHAKKAR","65 - 69","SEPERATION",73,38,35,0,65,33,32,0,8,5,3,0
"PUNJAB","BHAKKAR","65 - 69","WIDOWED",5834,4323,1511,0,4497,3308,1189,0,1337,1015,322,0
"PUNJAB","BHAKKAR","70 - 74","DIVORCED",72,52,20,0,60,44,16,0,12,8,4,0
"PUNJAB","BHAKKAR","70 - 74","MARRIED",15898,5390,10508,0,13455,4661,8794,0,2443,729,1714,0
"PUNJAB","BHAKKAR","70 - 74","NEVER MARRIED",351,179,171,1,286,149,137,0,65,30,34,1
"PUNJAB","BHAKKAR","70 - 74","SEPERATION",46,21,25,0,41,20,21,0,5,1,4,0
"PUNJAB","BHAKKAR","70 - 74","WIDOWED",5952,4159,1793,0,4779,3326,1453,0,1173,833,340,0
"PUNJAB","BHAKKAR","75 & ABOVE","DIVORCED",41,28,13,0,31,21,10,0,10,7,3,0
"PUNJAB","BHAKKAR","75 & ABOVE","MARRIED",13309,4079,9230,0,11448,3516,7932,0,1861,563,1298,0
"PUNJAB","BHAKKAR","75 & ABOVE","NEVER MARRIED",232,97,135,0,202,84,118,0,30,13,17,0
"PUNJAB","BHAKKAR","75 & ABOVE","SEPERATION",30,11,19,0,30,11,19,0,0,0,0,0
"PUNJAB","BHAKKAR","75 & ABOVE","WIDOWED",8842,5710,3132,0,7303,4657,2646,0,1539,1053,486,0
"PUNJAB","CHAKWAL","15 &  ABOVE","DIVORCED",9917,7675,2242,0,7952,6190,1762,0,1965,1485,480,0
"PUNJAB","CHAKWAL","15 &  ABOVE","MARRIED",740494,379687,360807,0,561022,288628,272394,0,179472,91059,88413,0
"PUNJAB","CHAKWAL","15 &  ABOVE","NEVER MARRIED",337740,143577,194079,84,250887,107004,143868,15,86853,36573,50211,69
"PUNJAB","CHAKWAL","15 &  ABOVE","SEPERATION",2419,1220,1199,0,1968,974,994,0,451,246,205,0
"PUNJAB","CHAKWAL","15 &  ABOVE","WIDOWED",69423,54103,15320,0,55004,42825,12179,0,14419,11278,3141,0
"PUNJAB","CHAKWAL","15 - 19","DIVORCED",55,48,7,0,46,41,5,0,9,7,2,0
"PUNJAB","CHAKWAL","15 - 19","MARRIED",7142,5430,1712,0,5274,4037,1237,0,1868,1393,475,0
"PUNJAB","CHAKWAL","15 - 19","NEVER MARRIED",144382,66384,77984,14,105381,49015,56363,3,39001,17369,21621,11
"PUNJAB","CHAKWAL","15 - 19","SEPERATION",17,14,3,0,13,11,2,0,4,3,1,0
"PUNJAB","CHAKWAL","15 - 19","WIDOWED",14,12,2,0,10,9,1,0,4,3,1,0
"PUNJAB","CHAKWAL","20 - 24","DIVORCED",426,365,61,0,319,273,46,0,107,92,15,0
"PUNJAB","CHAKWAL","20 - 24","MARRIED",37680,27179,10501,0,28116,20451,7665,0,9564,6728,2836,0
"PUNJAB","CHAKWAL","20 - 24","NEVER MARRIED",96759,40435,56312,12,71819,29960,41858,1,24940,10475,14454,11
"PUNJAB","CHAKWAL","20 - 24","SEPERATION",93,53,40,0,71,40,31,0,22,13,9,0
"PUNJAB","CHAKWAL","20 - 24","WIDOWED",102,77,25,0,73,61,12,0,29,16,13,0
"PUNJAB","CHAKWAL","25 - 29","DIVORCED",911,719,192,0,706,564,142,0,205,155,50,0
"PUNJAB","CHAKWAL","25 - 29","MARRIED",78288,49195,29093,0,58777,37199,21578,0,19511,11996,7515,0
"PUNJAB","CHAKWAL","25 - 29","NEVER MARRIED",49143,17779,31348,16,37059,13262,23793,4,12084,4517,7555,12
"PUNJAB","CHAKWAL","25 - 29","SEPERATION",214,97,117,0,165,74,91,0,49,23,26,0
"PUNJAB","CHAKWAL","25 - 29","WIDOWED",345,238,107,0,256,170,86,0,89,68,21,0
"PUNJAB","CHAKWAL","30 - 34","DIVORCED",1325,1009,316,0,1057,803,254,0,268,206,62,0
"PUNJAB","CHAKWAL","30 - 34","MARRIED",102030,57686,44344,0,76878,43601,33277,0,25152,14085,11067,0
"PUNJAB","CHAKWAL","30 - 34","NEVER MARRIED",20559,6808,13743,8,15694,5153,10541,0,4865,1655,3202,8
"PUNJAB","CHAKWAL","30 - 34","SEPERATION",268,134,134,0,210,103,107,0,58,31,27,0
"PUNJAB","CHAKWAL","30 - 34","WIDOWED",766,564,202,0,596,434,162,0,170,130,40,0
"PUNJAB","CHAKWAL","35 - 39","DIVORCED",1546,1169,377,0,1200,912,288,0,346,257,89,0
"PUNJAB","CHAKWAL","35 - 39","MARRIED",107094,56394,50700,0,80118,42284,37834,0,26976,14110,12866,0
"PUNJAB","CHAKWAL","35 - 39","NEVER MARRIED",10080,3630,6440,10,7681,2784,4893,4,2399,846,1547,6
"PUNJAB","CHAKWAL","35 - 39","SEPERATION",371,190,181,0,288,142,146,0,83,48,35,0
"PUNJAB","CHAKWAL","35 - 39","WIDOWED",1488,1198,290,0,1106,886,220,0,382,312,70,0
"PUNJAB","CHAKWAL","40 - 44","DIVORCED",1450,1153,297,0,1161,930,231,0,289,223,66,0
"PUNJAB","CHAKWAL","40 - 44","MARRIED",96882,48894,47988,0,72786,36773,36013,0,24096,12121,11975,0
"PUNJAB","CHAKWAL","40 - 44","NEVER MARRIED",5395,2386,3003,6,4167,1868,2299,0,1228,518,704,6
"PUNJAB","CHAKWAL","40 - 44","SEPERATION",320,157,163,0,268,130,138,0,52,27,25,0
"PUNJAB","CHAKWAL","40 - 44","WIDOWED",2724,2274,450,0,2111,1758,353,0,613,516,97,0
"PUNJAB","CHAKWAL","45 - 49","DIVORCED",1107,854,253,0,863,668,195,0,244,186,58,0
"PUNJAB","CHAKWAL","45 - 49","MARRIED",76398,36583,39815,0,57124,27525,29599,0,19274,9058,10216,0
"PUNJAB","CHAKWAL","45 - 49","NEVER MARRIED",3400,1566,1829,5,2640,1245,1394,1,760,321,435,4
"PUNJAB","CHAKWAL","45 - 49","SEPERATION",281,142,139,0,238,119,119,0,43,23,20,0
"PUNJAB","CHAKWAL","45 - 49","WIDOWED",3511,3019,492,0,2637,2258,379,0,874,761,113,0
"PUNJAB","CHAKWAL","50 - 54","DIVORCED",896,712,184,0,737,594,143,0,159,118,41,0
"PUNJAB","CHAKWAL","50 - 54","MARRIED",64177,30285,33892,0,48596,23159,25437,0,15581,7126,8455,0
"PUNJAB","CHAKWAL","50 - 54","NEVER MARRIED",2343,1292,1047,4,1873,1062,811,0,470,230,236,4
"PUNJAB","CHAKWAL","50 - 54","SEPERATION",216,110,106,0,176,82,94,0,40,28,12,0
"PUNJAB","CHAKWAL","50 - 54","WIDOWED",5675,4821,854,0,4296,3619,677,0,1379,1202,177,0
"PUNJAB","CHAKWAL","55 - 59","DIVORCED",760,594,166,0,631,495,136,0,129,99,30,0
"PUNJAB","CHAKWAL","55 - 59","MARRIED",55216,24697,30519,0,42680,19218,23462,0,12536,5479,7057,0
"PUNJAB","CHAKWAL","55 - 59","NEVER MARRIED",1946,1096,847,3,1548,869,678,1,398,227,169,2
"PUNJAB","CHAKWAL","55 - 59","SEPERATION",194,106,88,0,162,89,73,0,32,17,15,0
"PUNJAB","CHAKWAL","55 - 59","WIDOWED",7355,6153,1202,0,5741,4781,960,0,1614,1372,242,0
"PUNJAB","CHAKWAL","60 - 64","DIVORCED",580,427,153,0,497,374,123,0,83,53,30,0
"PUNJAB","CHAKWAL","60 - 64","MARRIED",43546,17876,25670,0,33658,13914,19744,0,9888,3962,5926,0
"PUNJAB","CHAKWAL","60 - 64","NEVER MARRIED",1406,841,562,3,1157,694,463,0,249,147,99,3
"PUNJAB","CHAKWAL","60 - 64","SEPERATION",179,87,92,0,150,71,79,0,29,16,13,0
"PUNJAB","CHAKWAL","60 - 64","WIDOWED",8818,7151,1667,0,6846,5540,1306,0,1972,1611,361,0
"PUNJAB","CHAKWAL","65 - 69","DIVORCED",436,325,111,0,362,271,91,0,74,54,20,0
"PUNJAB","CHAKWAL","65 - 69","MARRIED",32020,12951,19069,0,24991,10258,14733,0,7029,2693,4336,0
"PUNJAB","CHAKWAL","65 - 69","NEVER MARRIED",1056,652,403,1,853,531,321,1,203,121,82,0
"PUNJAB","CHAKWAL","65 - 69","SEPERATION",119,73,46,0,101,62,39,0,18,11,7,0
"PUNJAB","CHAKWAL","65 - 69","WIDOWED",10387,8254,2133,0,8214,6544,1670,0,2173,1710,463,0
"PUNJAB","CHAKWAL","70 - 74","DIVORCED",232,162,70,0,206,146,60,0,26,16,10,0
"PUNJAB","CHAKWAL","70 - 74","MARRIED",20645,6756,13889,0,16281,5458,10823,0,4364,1298,3066,0
"PUNJAB","CHAKWAL","70 - 74","NEVER MARRIED",626,349,276,1,505,279,226,0,121,70,50,1
"PUNJAB","CHAKWAL","70 - 74","SEPERATION",79,34,45,0,72,33,39,0,7,1,6,0
"PUNJAB","CHAKWAL","70 - 74","WIDOWED",10230,7637,2593,0,8287,6231,2056,0,1943,1406,537,0
"PUNJAB","CHAKWAL","75 & ABOVE","DIVORCED",193,138,55,0,167,119,48,0,26,19,7,0
"PUNJAB","CHAKWAL","75 & ABOVE","MARRIED",19376,5761,13615,0,15743,4751,10992,0,3633,1010,2623,0
"PUNJAB","CHAKWAL","75 & ABOVE","NEVER MARRIED",645,359,285,1,510,282,228,0,135,77,57,1
"PUNJAB","CHAKWAL","75 & ABOVE","SEPERATION",68,23,45,0,54,18,36,0,14,5,9,0
"PUNJAB","CHAKWAL","75 & ABOVE","WIDOWED",18008,12705,5303,0,14831,10534,4297,0,3177,2171,1006,0
"PUNJAB","CHINIOT","15 &  ABOVE","DIVORCED",9951,6792,3159,0,7446,5159,2287,0,2505,1633,872,0
"PUNJAB","CHINIOT","15 &  ABOVE","MARRIED",627064,315244,311820,0,428773,215344,213429,0,198291,99900,98391,0
"PUNJAB","CHINIOT","15 &  ABOVE","NEVER MARRIED",263771,110292,153313,166,169660,70323,99289,48,94111,39969,54024,118
"PUNJAB","CHINIOT","15 &  ABOVE","SEPERATION",4742,2478,2264,0,3820,1991,1829,0,922,487,435,0
"PUNJAB","CHINIOT","15 &  ABOVE","WIDOWED",54274,38221,16053,0,37976,26423,11553,0,16298,11798,4500,0
"PUNJAB","CHINIOT","15 - 19","DIVORCED",270,207,63,0,214,163,51,0,56,44,12,0
"PUNJAB","CHINIOT","15 - 19","MARRIED",19320,13629,5691,0,15615,10874,4741,0,3705,2755,950,0
"PUNJAB","CHINIOT","15 - 19","NEVER MARRIED",135137,62435,72677,25,87794,39865,47919,10,47343,22570,24758,15
"PUNJAB","CHINIOT","15 - 19","SEPERATION",161,103,58,0,136,85,51,0,25,18,7,0
"PUNJAB","CHINIOT","15 - 19","WIDOWED",71,39,32,0,52,31,21,0,19,8,11,0
"PUNJAB","CHINIOT","20 - 24","DIVORCED",727,515,212,0,543,381,162,0,184,134,50,0
"PUNJAB","CHINIOT","20 - 24","MARRIED",56923,36620,20303,0,41701,26101,15600,0,15222,10519,4703,0
"PUNJAB","CHINIOT","20 - 24","NEVER MARRIED",68394,26001,42368,25,41515,15308,26200,7,26879,10693,16168,18
"PUNJAB","CHINIOT","20 - 24","SEPERATION",384,230,154,0,325,193,132,0,59,37,22,0
"PUNJAB","CHINIOT","20 - 24","WIDOWED",285,157,128,0,226,124,102,0,59,33,26,0
"PUNJAB","CHINIOT","25 - 29","DIVORCED",1137,768,369,0,811,541,270,0,326,227,99,0
"PUNJAB","CHINIOT","25 - 29","MARRIED",82460,47367,35093,0,56193,31741,24452,0,26267,15626,10641,0
"PUNJAB","CHINIOT","25 - 29","NEVER MARRIED",30220,10129,20055,36,18761,6330,12421,10,11459,3799,7634,26
"PUNJAB","CHINIOT","25 - 29","SEPERATION",483,241,242,0,373,190,183,0,110,51,59,0
"PUNJAB","CHINIOT","25 - 29","WIDOWED",680,398,282,0,505,299,206,0,175,99,76,0
"PUNJAB","CHINIOT","30 - 34","DIVORCED",1345,944,401,0,953,679,274,0,392,265,127,0
"PUNJAB","CHINIOT","30 - 34","MARRIED",89034,46826,42208,0,58841,30920,27921,0,30193,15906,14287,0
"PUNJAB","CHINIOT","30 - 34","NEVER MARRIED",12106,4978,7104,24,7994,3421,4569,4,4112,1557,2535,20
"PUNJAB","CHINIOT","30 - 34","SEPERATION",593,322,271,0,464,257,207,0,129,65,64,0
"PUNJAB","CHINIOT","30 - 34","WIDOWED",1106,770,336,0,801,553,248,0,305,217,88,0
"PUNJAB","CHINIOT","35 - 39","DIVORCED",1268,857,411,0,921,636,285,0,347,221,126,0
"PUNJAB","CHINIOT","35 - 39","MARRIED",83378,41858,41520,0,54203,27297,26906,0,29175,14561,14614,0
"PUNJAB","CHINIOT","35 - 39","NEVER MARRIED",6000,1890,4087,23,4167,1368,2795,4,1833,522,1292,19
"PUNJAB","CHINIOT","35 - 39","SEPERATION",574,294,280,0,448,224,224,0,126,70,56,0
"PUNJAB","CHINIOT","35 - 39","WIDOWED",1817,1313,504,0,1292,928,364,0,525,385,140,0
"PUNJAB","CHINIOT","40 - 44","DIVORCED",1238,854,384,0,910,643,267,0,328,211,117,0
"PUNJAB","CHINIOT","40 - 44","MARRIED",75770,36495,39275,0,50856,24708,26148,0,24914,11787,13127,0
"PUNJAB","CHINIOT","40 - 44","NEVER MARRIED",3541,1274,2258,9,2614,997,1615,2,927,277,643,7
"PUNJAB","CHINIOT","40 - 44","SEPERATION",572,303,269,0,452,239,213,0,120,64,56,0
"PUNJAB","CHINIOT","40 - 44","WIDOWED",2961,2274,687,0,2076,1567,509,0,885,707,178,0
"PUNJAB","CHINIOT","45 - 49","DIVORCED",1105,762,343,0,843,591,252,0,262,171,91,0
"PUNJAB","CHINIOT","45 - 49","MARRIED",57919,27003,30916,0,38658,18225,20433,0,19261,8778,10483,0
"PUNJAB","CHINIOT","45 - 49","NEVER MARRIED",2468,1007,1455,6,1922,830,1090,2,546,177,365,4
"PUNJAB","CHINIOT","45 - 49","SEPERATION",477,240,237,0,385,198,187,0,92,42,50,0
"PUNJAB","CHINIOT","45 - 49","WIDOWED",3748,2932,816,0,2548,1967,581,0,1200,965,235,0
"PUNJAB","CHINIOT","50 - 54","DIVORCED",919,639,280,0,711,497,214,0,208,142,66,0
"PUNJAB","CHINIOT","50 - 54","MARRIED",49093,22102,26991,0,33361,15046,18315,0,15732,7056,8676,0
"PUNJAB","CHINIOT","50 - 54","NEVER MARRIED",1758,769,984,5,1378,641,733,4,380,128,251,1
"PUNJAB","CHINIOT","50 - 54","SEPERATION",441,235,206,0,359,184,175,0,82,51,31,0
"PUNJAB","CHINIOT","50 - 54","WIDOWED",5529,4224,1305,0,3752,2818,934,0,1777,1406,371,0
"PUNJAB","CHINIOT","55 - 59","DIVORCED",699,465,234,0,542,374,168,0,157,91,66,0
"PUNJAB","CHINIOT","55 - 59","MARRIED",38731,15948,22783,0,26325,10765,15560,0,12406,5183,7223,0
"PUNJAB","CHINIOT","55 - 59","NEVER MARRIED",1302,582,716,4,1077,492,582,3,225,90,134,1
"PUNJAB","CHINIOT","55 - 59","SEPERATION",364,181,183,0,299,147,152,0,65,34,31,0
"PUNJAB","CHINIOT","55 - 59","WIDOWED",6310,4697,1613,0,4238,3064,1174,0,2072,1633,439,0
"PUNJAB","CHINIOT","60 - 64","DIVORCED",537,349,188,0,419,283,136,0,118,66,52,0
"PUNJAB","CHINIOT","60 - 64","MARRIED",29667,12075,17592,0,20597,8489,12108,0,9070,3586,5484,0
"PUNJAB","CHINIOT","60 - 64","NEVER MARRIED",1111,487,621,3,916,417,499,0,195,70,122,3
"PUNJAB","CHINIOT","60 - 64","SEPERATION",286,158,128,0,243,133,110,0,43,25,18,0
"PUNJAB","CHINIOT","60 - 64","WIDOWED",7440,5438,2002,0,5094,3682,1412,0,2346,1756,590,0
"PUNJAB","CHINIOT","65 - 69","DIVORCED",351,224,127,0,280,185,95,0,71,39,32,0
"PUNJAB","CHINIOT","65 - 69","MARRIED",19913,7725,12188,0,13942,5430,8512,0,5971,2295,3676,0
"PUNJAB","CHINIOT","65 - 69","NEVER MARRIED",709,308,399,2,625,270,355,0,84,38,44,2
"PUNJAB","CHINIOT","65 - 69","SEPERATION",192,91,101,0,153,69,84,0,39,22,17,0
"PUNJAB","CHINIOT","65 - 69","WIDOWED",7067,4998,2069,0,4816,3388,1428,0,2251,1610,641,0
"PUNJAB","CHINIOT","70 - 74","DIVORCED",190,107,83,0,167,98,69,0,23,9,14,0
"PUNJAB","CHINIOT","70 - 74","MARRIED",13068,4119,8949,0,9530,3073,6457,0,3538,1046,2492,0
"PUNJAB","CHINIOT","70 - 74","NEVER MARRIED",510,218,289,3,445,188,255,2,65,30,34,1
"PUNJAB","CHINIOT","70 - 74","SEPERATION",108,46,62,0,94,43,51,0,14,3,11,0
"PUNJAB","CHINIOT","70 - 74","WIDOWED",6822,4516,2306,0,4926,3257,1669,0,1896,1259,637,0
"PUNJAB","CHINIOT","75 & ABOVE","DIVORCED",165,101,64,0,132,88,44,0,33,13,20,0
"PUNJAB","CHINIOT","75 & ABOVE","MARRIED",11788,3477,8311,0,8951,2675,6276,0,2837,802,2035,0
"PUNJAB","CHINIOT","75 & ABOVE","NEVER MARRIED",515,214,300,1,452,196,256,0,63,18,44,1
"PUNJAB","CHINIOT","75 & ABOVE","SEPERATION",107,34,73,0,89,29,60,0,18,5,13,0
"PUNJAB","CHINIOT","75 & ABOVE","WIDOWED",10438,6465,3973,0,7650,4745,2905,0,2788,1720,1068,0
"PUNJAB","DERA GHAZI KHAN","15 &  ABOVE","DIVORCED",2792,2168,624,0,1755,1397,358,0,1037,771,266,0
"PUNJAB","DERA GHAZI KHAN","15 &  ABOVE","MARRIED",1300268,673133,627135,0,984113,511532,472581,0,316155,161601,154554,0
"PUNJAB","DERA GHAZI KHAN","15 &  ABOVE","NEVER MARRIED",448282,177289,270876,117,311755,120695,191027,33,136527,56594,79849,84
"PUNJAB","DERA GHAZI KHAN","15 &  ABOVE","SEPERATION",1650,907,743,0,1210,665,545,0,440,242,198,0
"PUNJAB","DERA GHAZI KHAN","15 &  ABOVE","WIDOWED",50764,40452,10312,0,36030,28752,7278,0,14734,11700,3034,0
"PUNJAB","DERA GHAZI KHAN","15 - 19","DIVORCED",77,69,8,0,59,53,6,0,18,16,2,0
"PUNJAB","DERA GHAZI KHAN","15 - 19","MARRIED",52677,37465,15212,0,43969,31036,12933,0,8708,6429,2279,0
"PUNJAB","DERA GHAZI KHAN","15 - 19","NEVER MARRIED",269501,120975,148509,17,197749,88039,109703,7,71752,32936,38806,10
"PUNJAB","DERA GHAZI KHAN","15 - 19","SEPERATION",83,39,44,0,66,31,35,0,17,8,9,0
"PUNJAB","DERA GHAZI KHAN","15 - 19","WIDOWED",95,61,34,0,82,53,29,0,13,8,5,0
"PUNJAB","DERA GHAZI KHAN","20 - 24","DIVORCED",292,239,53,0,212,172,40,0,80,67,13,0
"PUNJAB","DERA GHAZI KHAN","20 - 24","MARRIED",159920,100866,59054,0,129049,80455,48594,0,30871,20411,10460,0
"PUNJAB","DERA GHAZI KHAN","20 - 24","NEVER MARRIED",113109,36193,76877,39,74984,21929,53049,6,38125,14264,23828,33
"PUNJAB","DERA GHAZI KHAN","20 - 24","SEPERATION",135,79,56,0,108,60,48,0,27,19,8,0
"PUNJAB","DERA GHAZI KHAN","20 - 24","WIDOWED",396,267,129,0,311,213,98,0,85,54,31,0
"PUNJAB","DERA GHAZI KHAN","25 - 29","DIVORCED",404,320,84,0,261,209,52,0,143,111,32,0
"PUNJAB","DERA GHAZI KHAN","25 - 29","MARRIED",185486,103099,82387,0,142754,78472,64282,0,42732,24627,18105,0
"PUNJAB","DERA GHAZI KHAN","25 - 29","NEVER MARRIED",40597,12126,28447,24,24759,6614,18140,5,15838,5512,10307,19
"PUNJAB","DERA GHAZI KHAN","25 - 29","SEPERATION",185,108,77,0,140,83,57,0,45,25,20,0
"PUNJAB","DERA GHAZI KHAN","25 - 29","WIDOWED",740,502,238,0,565,368,197,0,175,134,41,0
"PUNJAB","DERA GHAZI KHAN","30 - 34","DIVORCED",431,339,92,0,241,194,47,0,190,145,45,0
"PUNJAB","DERA GHAZI KHAN","30 - 34","MARRIED",176944,93617,83327,0,132060,69545,62515,0,44884,24072,20812,0
"PUNJAB","DERA GHAZI KHAN","30 - 34","NEVER MARRIED",13128,4171,8947,10,7629,2157,5469,3,5499,2014,3478,7
"PUNJAB","DERA GHAZI KHAN","30 - 34","SEPERATION",195,120,75,0,129,85,44,0,66,35,31,0
"PUNJAB","DERA GHAZI KHAN","30 - 34","WIDOWED",1105,838,267,0,823,635,188,0,282,203,79,0
"PUNJAB","DERA GHAZI KHAN","35 - 39","DIVORCED",413,319,94,0,249,202,47,0,164,117,47,0
"PUNJAB","DERA GHAZI KHAN","35 - 39","MARRIED",165630,83880,81750,0,121520,61823,59697,0,44110,22057,22053,0
"PUNJAB","DERA GHAZI KHAN","35 - 39","NEVER MARRIED",5664,1667,3989,8,3189,859,2327,3,2475,808,1662,5
"PUNJAB","DERA GHAZI KHAN","35 - 39","SEPERATION",194,98,96,0,126,63,63,0,68,35,33,0
"PUNJAB","DERA GHAZI KHAN","35 - 39","WIDOWED",1704,1325,379,0,1222,951,271,0,482,374,108,0
"PUNJAB","DERA GHAZI KHAN","40 - 44","DIVORCED",372,300,72,0,228,195,33,0,144,105,39,0
"PUNJAB","DERA GHAZI KHAN","40 - 44","MARRIED",151606,74490,77116,0,112157,55408,56749,0,39449,19082,20367,0
"PUNJAB","DERA GHAZI KHAN","40 - 44","NEVER MARRIED",2759,898,1852,9,1558,466,1088,4,1201,432,764,5
"PUNJAB","DERA GHAZI KHAN","40 - 44","SEPERATION",200,123,77,0,144,94,50,0,56,29,27,0
"PUNJAB","DERA GHAZI KHAN","40 - 44","WIDOWED",2758,2344,414,0,1933,1648,285,0,825,696,129,0
"PUNJAB","DERA GHAZI KHAN","45 - 49","DIVORCED",249,180,69,0,148,105,43,0,101,75,26,0
"PUNJAB","DERA GHAZI KHAN","45 - 49","MARRIED",109464,52017,57447,0,79726,38367,41359,0,29738,13650,16088,0
"PUNJAB","DERA GHAZI KHAN","45 - 49","NEVER MARRIED",1431,475,956,0,754,241,513,0,677,234,443,0
"PUNJAB","DERA GHAZI KHAN","45 - 49","SEPERATION",148,90,58,0,105,63,42,0,43,27,16,0
"PUNJAB","DERA GHAZI KHAN","45 - 49","WIDOWED",3396,2899,497,0,2316,1955,361,0,1080,944,136,0
"PUNJAB","DERA GHAZI KHAN","50 - 54","DIVORCED",197,160,37,0,126,113,13,0,71,47,24,0
"PUNJAB","DERA GHAZI KHAN","50 - 54","MARRIED",89251,42450,46801,0,65550,31682,33868,0,23701,10768,12933,0
"PUNJAB","DERA GHAZI KHAN","50 - 54","NEVER MARRIED",846,305,537,4,434,145,288,1,412,160,249,3
"PUNJAB","DERA GHAZI KHAN","50 - 54","SEPERATION",129,81,48,0,85,58,27,0,44,23,21,0
"PUNJAB","DERA GHAZI KHAN","50 - 54","WIDOWED",4752,4103,649,0,3265,2848,417,0,1487,1255,232,0
"PUNJAB","DERA GHAZI KHAN","55 - 59","DIVORCED",112,83,29,0,64,47,17,0,48,36,12,0
"PUNJAB","DERA GHAZI KHAN","55 - 59","MARRIED",69288,29721,39567,0,50925,22059,28866,0,18363,7662,10701,0
"PUNJAB","DERA GHAZI KHAN","55 - 59","NEVER MARRIED",488,175,311,2,265,85,179,1,223,90,132,1
"PUNJAB","DERA GHAZI KHAN","55 - 59","SEPERATION",100,47,53,0,75,36,39,0,25,11,14,0
"PUNJAB","DERA GHAZI KHAN","55 - 59","WIDOWED",5080,4231,849,0,3360,2802,558,0,1720,1429,291,0
"PUNJAB","DERA GHAZI KHAN","60 - 64","DIVORCED",97,64,33,0,59,36,23,0,38,28,10,0
"PUNJAB","DERA GHAZI KHAN","60 - 64","MARRIED",52443,22160,30283,0,38745,16629,22116,0,13698,5531,8167,0
"PUNJAB","DERA GHAZI KHAN","60 - 64","NEVER MARRIED",318,133,183,2,164,63,99,2,154,70,84,0
"PUNJAB","DERA GHAZI KHAN","60 - 64","SEPERATION",95,54,41,0,71,40,31,0,24,14,10,0
"PUNJAB","DERA GHAZI KHAN","60 - 64","WIDOWED",6245,5109,1136,0,4262,3491,771,0,1983,1618,365,0
"PUNJAB","DERA GHAZI KHAN","65 - 69","DIVORCED",64,44,20,0,44,33,11,0,20,11,9,0
"PUNJAB","DERA GHAZI KHAN","65 - 69","MARRIED",37403,16404,20999,0,27986,12484,15502,0,9417,3920,5497,0
"PUNJAB","DERA GHAZI KHAN","65 - 69","NEVER MARRIED",203,90,113,0,116,55,61,0,87,35,52,0
"PUNJAB","DERA GHAZI KHAN","65 - 69","SEPERATION",71,38,33,0,57,27,30,0,14,11,3,0
"PUNJAB","DERA GHAZI KHAN","65 - 69","WIDOWED",6695,5524,1171,0,4561,3788,773,0,2134,1736,398,0
"PUNJAB","DERA GHAZI KHAN","70 - 74","DIVORCED",45,25,20,0,35,19,16,0,10,6,4,0
"PUNJAB","DERA GHAZI KHAN","70 - 74","MARRIED",25994,9350,16644,0,20236,7435,12801,0,5758,1915,3843,0
"PUNJAB","DERA GHAZI KHAN","70 - 74","NEVER MARRIED",139,50,88,1,91,29,62,0,48,21,26,1
"PUNJAB","DERA GHAZI KHAN","70 - 74","SEPERATION",51,13,38,0,46,11,35,0,5,2,3,0
"PUNJAB","DERA GHAZI KHAN","70 - 74","WIDOWED",6814,5303,1511,0,4909,3857,1052,0,1905,1446,459,0
"PUNJAB","DERA GHAZI KHAN","75 & ABOVE","DIVORCED",39,26,13,0,29,19,10,0,10,7,3,0
"PUNJAB","DERA GHAZI KHAN","75 & ABOVE","MARRIED",24162,7614,16548,0,19436,6137,13299,0,4726,1477,3249,0
"PUNJAB","DERA GHAZI KHAN","75 & ABOVE","NEVER MARRIED",99,31,67,1,63,13,49,1,36,18,18,0
"PUNJAB","DERA GHAZI KHAN","75 & ABOVE","SEPERATION",64,17,47,0,58,14,44,0,6,3,3,0
"PUNJAB","DERA GHAZI KHAN","75 & ABOVE","WIDOWED",10984,7946,3038,0,8421,6143,2278,0,2563,1803,760,0
"PUNJAB","FAISALABAD","15 &  ABOVE","DIVORCED",30738,18565,12173,0,17380,10339,7041,0,13358,8226,5132,0
"PUNJAB","FAISALABAD","15 &  ABOVE","MARRIED",3690452,1837477,1852975,0,1897836,948993,948843,0,1792616,888484,904132,0
"PUNJAB","FAISALABAD","15 &  ABOVE","NEVER MARRIED",1855968,748566,1106467,935,891267,355595,535395,277,964701,392971,571072,658
"PUNJAB","FAISALABAD","15 &  ABOVE","SEPERATION",11732,5997,5735,0,7489,3897,3592,0,4243,2100,2143,0
"PUNJAB","FAISALABAD","15 &  ABOVE","WIDOWED",269515,184068,85447,0,143149,95354,47795,0,126366,88714,37652,0
"PUNJAB","FAISALABAD","15 - 19","DIVORCED",515,423,92,0,365,293,72,0,150,130,20,0
"PUNJAB","FAISALABAD","15 - 19","MARRIED",47498,34789,12709,0,31494,22881,8613,0,16004,11908,4096,0
"PUNJAB","FAISALABAD","15 - 19","NEVER MARRIED",839706,384900,454710,96,426337,194312,231987,38,413369,190588,222723,58
"PUNJAB","FAISALABAD","15 - 19","SEPERATION",258,182,76,0,197,142,55,0,61,40,21,0
"PUNJAB","FAISALABAD","15 - 19","WIDOWED",187,108,79,0,108,63,45,0,79,45,34,0
"PUNJAB","FAISALABAD","20 - 24","DIVORCED",2278,1638,640,0,1374,959,415,0,904,679,225,0
"PUNJAB","FAISALABAD","20 - 24","MARRIED",249413,170716,78697,0,141464,95053,46411,0,107949,75663,32286,0
"PUNJAB","FAISALABAD","20 - 24","NEVER MARRIED",586105,232253,353702,150,263613,100860,162711,42,322492,131393,190991,108
"PUNJAB","FAISALABAD","20 - 24","SEPERATION",766,480,286,0,565,339,226,0,201,141,60,0
"PUNJAB","FAISALABAD","20 - 24","WIDOWED",976,571,405,0,587,333,254,0,389,238,151,0
"PUNJAB","FAISALABAD","25 - 29","DIVORCED",4160,2613,1547,0,2330,1392,938,0,1830,1221,609,0
"PUNJAB","FAISALABAD","25 - 29","MARRIED",480617,280366,200251,0,251389,145227,106162,0,229228,135139,94089,0
"PUNJAB","FAISALABAD","25 - 29","NEVER MARRIED",258165,82477,175544,144,117868,36035,81797,36,140297,46442,93747,108
"PUNJAB","FAISALABAD","25 - 29","SEPERATION",1384,786,598,0,861,487,374,0,523,299,224,0
"PUNJAB","FAISALABAD","25 - 29","WIDOWED",2501,1453,1048,0,1454,824,630,0,1047,629,418,0
"PUNJAB","FAISALABAD","30 - 34","DIVORCED",5004,2989,2015,0,2564,1472,1092,0,2440,1517,923,0
"PUNJAB","FAISALABAD","30 - 34","MARRIED",560312,294452,265860,0,281059,147464,133595,0,279253,146988,132265,0
"PUNJAB","FAISALABAD","30 - 34","NEVER MARRIED",84127,22518,61478,131,38916,10143,28751,22,45211,12375,32727,109
"PUNJAB","FAISALABAD","30 - 34","SEPERATION",1531,798,733,0,899,494,405,0,632,304,328,0
"PUNJAB","FAISALABAD","30 - 34","WIDOWED",4396,2927,1469,0,2482,1623,859,0,1914,1304,610,0
"PUNJAB","FAISALABAD","35 - 39","DIVORCED",4811,2836,1975,0,2490,1463,1027,0,2321,1373,948,0
"PUNJAB","FAISALABAD","35 - 39","MARRIED",541678,268297,273381,0,268568,133998,134570,0,273110,134299,138811,0
"PUNJAB","FAISALABAD","35 - 39","NEVER MARRIED",36713,9647,26940,126,16949,4502,12413,34,19764,5145,14527,92
"PUNJAB","FAISALABAD","35 - 39","SEPERATION",1664,777,887,0,1043,507,536,0,621,270,351,0
"PUNJAB","FAISALABAD","35 - 39","WIDOWED",7959,5797,2162,0,4249,3034,1215,0,3710,2763,947,0
"PUNJAB","FAISALABAD","40 - 44","DIVORCED",4309,2560,1749,0,2366,1366,1000,0,1943,1194,749,0
"PUNJAB","FAISALABAD","40 - 44","MARRIED",489125,232978,256147,0,245228,116718,128510,0,243897,116260,127637,0
"PUNJAB","FAISALABAD","40 - 44","NEVER MARRIED",18996,5654,13260,82,9254,2893,6331,30,9742,2761,6929,52
"PUNJAB","FAISALABAD","40 - 44","SEPERATION",1534,789,745,0,951,505,446,0,583,284,299,0
"PUNJAB","FAISALABAD","40 - 44","WIDOWED",14359,11189,3170,0,7742,5896,1846,0,6617,5293,1324,0
"PUNJAB","FAISALABAD","45 - 49","DIVORCED",3090,1792,1298,0,1688,990,698,0,1402,802,600,0
"PUNJAB","FAISALABAD","45 - 49","MARRIED",375772,172312,203460,0,184035,85511,98524,0,191737,86801,104936,0
"PUNJAB","FAISALABAD","45 - 49","NEVER MARRIED",11288,3454,7766,68,5704,1886,3795,23,5584,1568,3971,45
"PUNJAB","FAISALABAD","45 - 49","SEPERATION",1326,696,630,0,807,434,373,0,519,262,257,0
"PUNJAB","FAISALABAD","45 - 49","WIDOWED",19781,15524,4257,0,10148,7748,2400,0,9633,7776,1857,0
"PUNJAB","FAISALABAD","50 - 54","DIVORCED",2363,1409,954,0,1374,816,558,0,989,593,396,0
"PUNJAB","FAISALABAD","50 - 54","MARRIED",300896,134510,166386,0,150508,68232,82276,0,150388,66278,84110,0
"PUNJAB","FAISALABAD","50 - 54","NEVER MARRIED",7151,2480,4617,54,3896,1496,2382,18,3255,984,2235,36
"PUNJAB","FAISALABAD","50 - 54","SEPERATION",1103,549,554,0,677,338,339,0,426,211,215,0
"PUNJAB","FAISALABAD","50 - 54","WIDOWED",28453,21982,6471,0,14455,10930,3525,0,13998,11052,2946,0
"PUNJAB","FAISALABAD","55 - 59","DIVORCED",1656,907,749,0,1052,581,471,0,604,326,278,0
"PUNJAB","FAISALABAD","55 - 59","MARRIED",238390,99830,138560,0,122128,51157,70971,0,116262,48673,67589,0
"PUNJAB","FAISALABAD","55 - 59","NEVER MARRIED",4996,1761,3200,35,2895,1078,1803,14,2101,683,1397,21
"PUNJAB","FAISALABAD","55 - 59","SEPERATION",744,333,411,0,476,205,271,0,268,128,140,0
"PUNJAB","FAISALABAD","55 - 59","WIDOWED",33618,24461,9157,0,17126,12148,4978,0,16492,12313,4179,0
"PUNJAB","FAISALABAD","60 - 64","DIVORCED",1152,626,526,0,764,421,343,0,388,205,183,0
"PUNJAB","FAISALABAD","60 - 64","MARRIED",177518,70318,107200,0,92255,37071,55184,0,85263,33247,52016,0
"PUNJAB","FAISALABAD","60 - 64","NEVER MARRIED",3660,1417,2220,23,2301,945,1351,5,1359,472,869,18
"PUNJAB","FAISALABAD","60 - 64","SEPERATION",626,288,338,0,426,196,230,0,200,92,108,0
"PUNJAB","FAISALABAD","60 - 64","WIDOWED",40088,28021,12067,0,20226,13824,6402,0,19862,14197,5665,0
"PUNJAB","FAISALABAD","65 - 69","DIVORCED",687,395,292,0,468,292,176,0,219,103,116,0
"PUNJAB","FAISALABAD","65 - 69","MARRIED",113187,42826,70361,0,61091,23645,37446,0,52096,19181,32915,0
"PUNJAB","FAISALABAD","65 - 69","NEVER MARRIED",2337,955,1370,12,1547,669,874,4,790,286,496,8
"PUNJAB","FAISALABAD","65 - 69","SEPERATION",384,168,216,0,282,128,154,0,102,40,62,0
"PUNJAB","FAISALABAD","65 - 69","WIDOWED",37826,25295,12531,0,19614,12799,6815,0,18212,12496,5716,0
"PUNJAB","FAISALABAD","70 - 74","DIVORCED",393,200,193,0,304,157,147,0,89,43,46,0
"PUNJAB","FAISALABAD","70 - 74","MARRIED",61693,19362,42331,0,35226,11570,23656,0,26467,7792,18675,0
"PUNJAB","FAISALABAD","70 - 74","NEVER MARRIED",1362,505,850,7,981,366,610,5,381,139,240,2
"PUNJAB","FAISALABAD","70 - 74","SEPERATION",218,81,137,0,162,62,100,0,56,19,37,0
"PUNJAB","FAISALABAD","70 - 74","WIDOWED",31315,19117,12198,0,17181,10404,6777,0,14134,8713,5421,0
"PUNJAB","FAISALABAD","75 & ABOVE","DIVORCED",320,177,143,0,241,137,104,0,79,40,39,0
"PUNJAB","FAISALABAD","75 & ABOVE","MARRIED",54353,16721,37632,0,33391,10466,22925,0,20962,6255,14707,0
"PUNJAB","FAISALABAD","75 & ABOVE","NEVER MARRIED",1362,545,810,7,1006,410,590,6,356,135,220,1
"PUNJAB","FAISALABAD","75 & ABOVE","SEPERATION",194,70,124,0,143,60,83,0,51,10,41,0
"PUNJAB","FAISALABAD","75 & ABOVE","WIDOWED",48056,27623,20433,0,27777,15728,12049,0,20279,11895,8384,0
"PUNJAB","GUJRANWALA","15 &  ABOVE","DIVORCED",12443,7708,4735,0,4794,2949,1845,0,7649,4759,2890,0
"PUNJAB","GUJRANWALA","15 &  ABOVE","MARRIED",2308399,1171333,1137066,0,917123,470144,446979,0,1391276,701189,690087,0
"PUNJAB","GUJRANWALA","15 &  ABOVE","NEVER MARRIED",1194627,517867,676242,518,467865,206352,261366,147,726762,311515,414876,371
"PUNJAB","GUJRANWALA","15 &  ABOVE","SEPERATION",4190,1950,2240,0,1442,686,756,0,2748,1264,1484,0
"PUNJAB","GUJRANWALA","15 &  ABOVE","WIDOWED",140183,92084,48099,0,57069,36251,20818,0,83114,55833,27281,0
"PUNJAB","GUJRANWALA","15 - 19","DIVORCED",145,122,23,0,61,51,10,0,84,71,13,0
"PUNJAB","GUJRANWALA","15 - 19","MARRIED",20820,14963,5857,0,9108,6588,2520,0,11712,8375,3337,0
"PUNJAB","GUJRANWALA","15 - 19","NEVER MARRIED",575258,278949,296237,72,231131,113613,117496,22,344127,165336,178741,50
"PUNJAB","GUJRANWALA","15 - 19","SEPERATION",61,40,21,0,23,18,5,0,38,22,16,0
"PUNJAB","GUJRANWALA","15 - 19","WIDOWED",87,52,35,0,37,23,14,0,50,29,21,0
"PUNJAB","GUJRANWALA","20 - 24","DIVORCED",954,731,223,0,409,303,106,0,545,428,117,0
"PUNJAB","GUJRANWALA","20 - 24","MARRIED",150307,105542,44765,0,61415,42937,18478,0,88892,62605,26287,0
"PUNJAB","GUJRANWALA","20 - 24","NEVER MARRIED",377890,158483,219310,97,148158,63088,85040,30,229732,95395,134270,67
"PUNJAB","GUJRANWALA","20 - 24","SEPERATION",219,128,91,0,81,43,38,0,138,85,53,0
"PUNJAB","GUJRANWALA","20 - 24","WIDOWED",511,309,202,0,210,125,85,0,301,184,117,0
"PUNJAB","GUJRANWALA","25 - 29","DIVORCED",1888,1274,614,0,770,520,250,0,1118,754,364,0
"PUNJAB","GUJRANWALA","25 - 29","MARRIED",309256,186100,123156,0,120635,73146,47489,0,188621,112954,75667,0
"PUNJAB","GUJRANWALA","25 - 29","NEVER MARRIED",155198,52508,102574,116,58810,20258,38520,32,96388,32250,64054,84
"PUNJAB","GUJRANWALA","25 - 29","SEPERATION",449,257,192,0,168,106,62,0,281,151,130,0
"PUNJAB","GUJRANWALA","25 - 29","WIDOWED",1291,802,489,0,544,323,221,0,747,479,268,0
"PUNJAB","GUJRANWALA","30 - 34","DIVORCED",2273,1464,809,0,829,534,295,0,1444,930,514,0
"PUNJAB","GUJRANWALA","30 - 34","MARRIED",354837,190752,164085,0,138015,74642,63373,0,216822,116110,100712,0
"PUNJAB","GUJRANWALA","30 - 34","NEVER MARRIED",47264,16933,30270,61,16704,5788,10906,10,30560,11145,19364,51
"PUNJAB","GUJRANWALA","30 - 34","SEPERATION",572,259,313,0,203,96,107,0,369,163,206,0
"PUNJAB","GUJRANWALA","30 - 34","WIDOWED",2528,1669,859,0,1017,665,352,0,1511,1004,507,0
"PUNJAB","GUJRANWALA","35 - 39","DIVORCED",2047,1222,825,0,730,431,299,0,1317,791,526,0
"PUNJAB","GUJRANWALA","35 - 39","MARRIED",339759,171415,168344,0,129086,66004,63082,0,210673,105411,105262,0
"PUNJAB","GUJRANWALA","35 - 39","NEVER MARRIED",18261,4917,13287,57,5871,1480,4378,13,12390,3437,8909,44
"PUNJAB","GUJRANWALA","35 - 39","SEPERATION",673,300,373,0,202,92,110,0,471,208,263,0
"PUNJAB","GUJRANWALA","35 - 39","WIDOWED",4259,2951,1308,0,1670,1133,537,0,2589,1818,771,0
"PUNJAB","GUJRANWALA","40 - 44","DIVORCED",1674,1007,667,0,609,363,246,0,1065,644,421,0
"PUNJAB","GUJRANWALA","40 - 44","MARRIED",298630,145614,153016,0,117683,58204,59479,0,180947,87410,93537,0
"PUNJAB","GUJRANWALA","40 - 44","NEVER MARRIED",8514,2373,6109,32,2753,765,1982,6,5761,1608,4127,26
"PUNJAB","GUJRANWALA","40 - 44","SEPERATION",570,268,302,0,199,99,100,0,371,169,202,0
"PUNJAB","GUJRANWALA","40 - 44","WIDOWED",7195,5436,1759,0,2802,2087,715,0,4393,3349,1044,0
"PUNJAB","GUJRANWALA","45 - 49","DIVORCED",1249,703,546,0,463,252,211,0,786,451,335,0
"PUNJAB","GUJRANWALA","45 - 49","MARRIED",237575,110954,126621,0,92387,43960,48427,0,145188,66994,78194,0
"PUNJAB","GUJRANWALA","45 - 49","NEVER MARRIED",4869,1379,3467,23,1569,444,1115,10,3300,935,2352,13
"PUNJAB","GUJRANWALA","45 - 49","SEPERATION",521,234,287,0,179,81,98,0,342,153,189,0
"PUNJAB","GUJRANWALA","45 - 49","WIDOWED",9957,7556,2401,0,3674,2713,961,0,6283,4843,1440,0
"PUNJAB","GUJRANWALA","50 - 54","DIVORCED",850,474,376,0,335,177,158,0,515,297,218,0
"PUNJAB","GUJRANWALA","50 - 54","MARRIED",188794,85106,103688,0,75680,34823,40857,0,113114,50283,62831,0
"PUNJAB","GUJRANWALA","50 - 54","NEVER MARRIED",2762,864,1880,18,1011,331,675,5,1751,533,1205,13
"PUNJAB","GUJRANWALA","50 - 54","SEPERATION",372,163,209,0,131,59,72,0,241,104,137,0
"PUNJAB","GUJRANWALA","50 - 54","WIDOWED",14387,10747,3640,0,5470,3977,1493,0,8917,6770,2147,0
"PUNJAB","GUJRANWALA","55 - 59","DIVORCED",590,323,267,0,249,134,115,0,341,189,152,0
"PUNJAB","GUJRANWALA","55 - 59","MARRIED",148667,63982,84685,0,61585,26660,34925,0,87082,37322,49760,0
"PUNJAB","GUJRANWALA","55 - 59","NEVER MARRIED",1793,542,1231,20,683,202,471,10,1110,340,760,10
"PUNJAB","GUJRANWALA","55 - 59","SEPERATION",273,110,163,0,96,36,60,0,177,74,103,0
"PUNJAB","GUJRANWALA","55 - 59","WIDOWED",16651,11893,4758,0,6330,4328,2002,0,10321,7565,2756,0
"PUNJAB","GUJRANWALA","60 - 64","DIVORCED",379,199,180,0,166,91,75,0,213,108,105,0
"PUNJAB","GUJRANWALA","60 - 64","MARRIED",112311,45270,67041,0,45968,19121,26847,0,66343,26149,40194,0
"PUNJAB","GUJRANWALA","60 - 64","NEVER MARRIED",1146,360,774,12,418,148,266,4,728,212,508,8
"PUNJAB","GUJRANWALA","60 - 64","SEPERATION",213,86,127,0,65,27,38,0,148,59,89,0
"PUNJAB","GUJRANWALA","60 - 64","WIDOWED",20473,13928,6545,0,7638,5002,2636,0,12835,8926,3909,0
"PUNJAB","GUJRANWALA","65 - 69","DIVORCED",202,105,97,0,83,49,34,0,119,56,63,0
"PUNJAB","GUJRANWALA","65 - 69","MARRIED",72062,27918,44144,0,30268,12164,18104,0,41794,15754,26040,0
"PUNJAB","GUJRANWALA","65 - 69","NEVER MARRIED",764,274,484,6,314,112,200,2,450,162,284,4
"PUNJAB","GUJRANWALA","65 - 69","SEPERATION",137,63,74,0,51,19,32,0,86,44,42,0
"PUNJAB","GUJRANWALA","65 - 69","WIDOWED",19587,12545,7042,0,7563,4752,2811,0,12024,7793,4231,0
"PUNJAB","GUJRANWALA","70 - 74","DIVORCED",100,46,54,0,47,27,20,0,53,19,34,0
"PUNJAB","GUJRANWALA","70 - 74","MARRIED",38359,12147,26212,0,16994,5929,11065,0,21365,6218,15147,0
"PUNJAB","GUJRANWALA","70 - 74","NEVER MARRIED",407,125,281,1,177,46,130,1,230,79,151,0
"PUNJAB","GUJRANWALA","70 - 74","SEPERATION",60,23,37,0,17,4,13,0,43,19,24,0
"PUNJAB","GUJRANWALA","70 - 74","WIDOWED",16226,9544,6682,0,6933,4072,2861,0,9293,5472,3821,0
"PUNJAB","GUJRANWALA","75 & ABOVE","DIVORCED",92,38,54,0,43,17,26,0,49,21,28,0
"PUNJAB","GUJRANWALA","75 & ABOVE","MARRIED",37022,11570,25452,0,18299,5966,12333,0,18723,5604,13119,0
"PUNJAB","GUJRANWALA","75 & ABOVE","NEVER MARRIED",501,160,338,3,266,77,187,2,235,83,151,1
"PUNJAB","GUJRANWALA","75 & ABOVE","SEPERATION",70,19,51,0,27,6,21,0,43,13,30,0
"PUNJAB","GUJRANWALA","75 & ABOVE","WIDOWED",27031,14652,12379,0,13181,7051,6130,0,13850,7601,6249,0
"PUNJAB","GUJRAT","15 &  ABOVE","DIVORCED",14412,9433,4979,0,9326,6075,3251,0,5086,3358,1728,0
"PUNJAB","GUJRAT","15 &  ABOVE","MARRIED",1370053,697357,672696,0,804076,417490,386586,0,565977,279867,286110,0
"PUNJAB","GUJRAT","15 &  ABOVE","NEVER MARRIED",651117,286890,364041,186,376369,166782,209546,41,274748,120108,154495,145
"PUNJAB","GUJRAT","15 &  ABOVE","SEPERATION",3223,1738,1485,0,1970,1058,912,0,1253,680,573,0
"PUNJAB","GUJRAT","15 &  ABOVE","WIDOWED",109104,78103,31001,0,69024,49803,19221,0,40080,28300,11780,0
"PUNJAB","GUJRAT","15 - 19","DIVORCED",92,75,17,0,65,55,10,0,27,20,7,0
"PUNJAB","GUJRAT","15 - 19","MARRIED",12103,8877,3226,0,7137,5300,1837,0,4966,3577,1389,0
"PUNJAB","GUJRAT","15 - 19","NEVER MARRIED",295654,144963,150669,22,175028,86443,88576,9,120626,58520,62093,13
"PUNJAB","GUJRAT","15 - 19","SEPERATION",28,17,11,0,11,7,4,0,17,10,7,0
"PUNJAB","GUJRAT","15 - 19","WIDOWED",45,24,21,0,30,16,14,0,15,8,7,0
"PUNJAB","GUJRAT","20 - 24","DIVORCED",762,598,164,0,491,387,104,0,271,211,60,0
"PUNJAB","GUJRAT","20 - 24","MARRIED",78212,55552,22660,0,47293,34090,13203,0,30919,21462,9457,0
"PUNJAB","GUJRAT","20 - 24","NEVER MARRIED",203521,87521,115977,23,117576,50555,67020,1,85945,36966,48957,22
"PUNJAB","GUJRAT","20 - 24","SEPERATION",180,115,65,0,110,71,39,0,70,44,26,0
"PUNJAB","GUJRAT","20 - 24","WIDOWED",257,154,103,0,144,84,60,0,113,70,43,0
"PUNJAB","GUJRAT","25 - 29","DIVORCED",1749,1201,548,0,1142,770,372,0,607,431,176,0
"PUNJAB","GUJRAT","25 - 29","MARRIED",163437,100128,63309,0,95882,59976,35906,0,67555,40152,27403,0
"PUNJAB","GUJRAT","25 - 29","NEVER MARRIED",89494,30794,58679,21,49641,17014,32624,3,39853,13780,26055,18
"PUNJAB","GUJRAT","25 - 29","SEPERATION",281,156,125,0,178,99,79,0,103,57,46,0
"PUNJAB","GUJRAT","25 - 29","WIDOWED",711,455,256,0,421,266,155,0,290,189,101,0
"PUNJAB","GUJRAT","30 - 34","DIVORCED",2268,1509,759,0,1435,943,492,0,833,566,267,0
"PUNJAB","GUJRAT","30 - 34","MARRIED",206770,111680,95090,0,118567,66242,52325,0,88203,45438,42765,0
"PUNJAB","GUJRAT","30 - 34","NEVER MARRIED",30396,10072,20305,19,16224,5179,11040,5,14172,4893,9265,14
"PUNJAB","GUJRAT","30 - 34","SEPERATION",407,222,185,0,247,127,120,0,160,95,65,0
"PUNJAB","GUJRAT","30 - 34","WIDOWED",1429,991,438,0,877,610,267,0,552,381,171,0
"PUNJAB","GUJRAT","35 - 39","DIVORCED",2358,1515,843,0,1434,900,534,0,924,615,309,0
"PUNJAB","GUJRAT","35 - 39","MARRIED",205467,103029,102438,0,116579,60645,55934,0,88888,42384,46504,0
"PUNJAB","GUJRAT","35 - 39","NEVER MARRIED",12845,6194,6629,22,6835,3279,3553,3,6010,2915,3076,19
"PUNJAB","GUJRAT","35 - 39","SEPERATION",454,245,209,0,271,152,119,0,183,93,90,0
"PUNJAB","GUJRAT","35 - 39","WIDOWED",2537,1916,621,0,1487,1126,361,0,1050,790,260,0
"PUNJAB","GUJRAT","40 - 44","DIVORCED",1933,1263,670,0,1184,783,401,0,749,480,269,0
"PUNJAB","GUJRAT","40 - 44","MARRIED",171740,86057,85683,0,98687,50471,48216,0,73053,35586,37467,0
"PUNJAB","GUJRAT","40 - 44","NEVER MARRIED",6381,2304,4050,27,3385,1241,2141,3,2996,1063,1909,24
"PUNJAB","GUJRAT","40 - 44","SEPERATION",396,212,184,0,228,125,103,0,168,87,81,0
"PUNJAB","GUJRAT","40 - 44","WIDOWED",4478,3650,828,0,2599,2149,450,0,1879,1501,378,0
"PUNJAB","GUJRAT","45 - 49","DIVORCED",1434,897,537,0,910,559,351,0,524,338,186,0
"PUNJAB","GUJRAT","45 - 49","MARRIED",135853,64950,70903,0,78600,38227,40373,0,57253,26723,30530,0
"PUNJAB","GUJRAT","45 - 49","NEVER MARRIED",4044,1504,2528,12,2187,840,1345,2,1857,664,1183,10
"PUNJAB","GUJRAT","45 - 49","SEPERATION",360,189,171,0,206,107,99,0,154,82,72,0
"PUNJAB","GUJRAT","45 - 49","WIDOWED",5979,4888,1091,0,3532,2891,641,0,2447,1997,450,0
"PUNJAB","GUJRAT","50 - 54","DIVORCED",1191,781,410,0,768,517,251,0,423,264,159,0
"PUNJAB","GUJRAT","50 - 54","MARRIED",113585,53213,60372,0,66610,31504,35106,0,46975,21709,25266,0
"PUNJAB","GUJRAT","50 - 54","NEVER MARRIED",2621,1036,1574,11,1557,629,925,3,1064,407,649,8
"PUNJAB","GUJRAT","50 - 54","SEPERATION",315,173,142,0,202,106,96,0,113,67,46,0
"PUNJAB","GUJRAT","50 - 54","WIDOWED",9281,7406,1875,0,5506,4412,1094,0,3775,2994,781,0
"PUNJAB","GUJRAT","55 - 59","DIVORCED",923,587,336,0,643,423,220,0,280,164,116,0
"PUNJAB","GUJRAT","55 - 59","MARRIED",92261,41163,51098,0,55279,24972,30307,0,36982,16191,20791,0
"PUNJAB","GUJRAT","55 - 59","NEVER MARRIED",2022,841,1168,13,1217,515,696,6,805,326,472,7
"PUNJAB","GUJRAT","55 - 59","SEPERATION",223,113,110,0,146,74,72,0,77,39,38,0
"PUNJAB","GUJRAT","55 - 59","WIDOWED",11624,9052,2572,0,6988,5457,1531,0,4636,3595,1041,0
"PUNJAB","GUJRAT","60 - 64","DIVORCED",744,457,287,0,532,332,200,0,212,125,87,0
"PUNJAB","GUJRAT","60 - 64","MARRIED",73852,31327,42525,0,44724,19295,25429,0,29128,12032,17096,0
"PUNJAB","GUJRAT","60 - 64","NEVER MARRIED",1475,580,889,6,940,384,555,1,535,196,334,5
"PUNJAB","GUJRAT","60 - 64","SEPERATION",214,117,97,0,142,75,67,0,72,42,30,0
"PUNJAB","GUJRAT","60 - 64","WIDOWED",15076,11304,3772,0,9251,7022,2229,0,5825,4282,1543,0
"PUNJAB","GUJRAT","65 - 69","DIVORCED",473,289,184,0,352,212,140,0,121,77,44,0
"PUNJAB","GUJRAT","65 - 69","MARRIED",53733,21118,32615,0,33427,13312,20115,0,20306,7806,12500,0
"PUNJAB","GUJRAT","65 - 69","NEVER MARRIED",1107,494,609,4,769,349,417,3,338,145,192,1
"PUNJAB","GUJRAT","65 - 69","SEPERATION",158,86,72,0,115,63,52,0,43,23,20,0
"PUNJAB","GUJRAT","65 - 69","WIDOWED",16022,11429,4593,0,9965,7193,2772,0,6057,4236,1821,0
"PUNJAB","GUJRAT","70 - 74","DIVORCED",254,133,121,0,191,98,93,0,63,35,28,0
"PUNJAB","GUJRAT","70 - 74","MARRIED",31944,10386,21558,0,20601,6828,13773,0,11343,3558,7785,0
"PUNJAB","GUJRAT","70 - 74","NEVER MARRIED",702,249,451,2,467,156,310,1,235,93,141,1
"PUNJAB","GUJRAT","70 - 74","SEPERATION",85,35,50,0,54,25,29,0,31,10,21,0
"PUNJAB","GUJRAT","70 - 74","WIDOWED",14683,9729,4954,0,9630,6539,3091,0,5053,3190,1863,0
"PUNJAB","GUJRAT","75 & ABOVE","DIVORCED",231,128,103,0,179,96,83,0,52,32,20,0
"PUNJAB","GUJRAT","75 & ABOVE","MARRIED",31096,9877,21219,0,20690,6628,14062,0,10406,3249,7157,0
"PUNJAB","GUJRAT","75 & ABOVE","NEVER MARRIED",855,338,513,4,543,198,344,1,312,140,169,3
"PUNJAB","GUJRAT","75 & ABOVE","SEPERATION",122,58,64,0,60,27,33,0,62,31,31,0
"PUNJAB","GUJRAT","75 & ABOVE","WIDOWED",26982,17105,9877,0,18594,12038,6556,0,8388,5067,3321,0
"PUNJAB","HAFIZABAD","15 &  ABOVE","DIVORCED",4473,2680,1793,0,2894,1756,1138,0,1579,924,655,0
"PUNJAB","HAFIZABAD","15 &  ABOVE","MARRIED",537960,271621,266339,0,335675,169616,166059,0,202285,102005,100280,0
"PUNJAB","HAFIZABAD","15 &  ABOVE","NEVER MARRIED",254988,109409,145521,58,152631,64961,87652,18,102357,44448,57869,40
"PUNJAB","HAFIZABAD","15 &  ABOVE","SEPERATION",1727,910,817,0,1099,566,533,0,628,344,284,0
"PUNJAB","HAFIZABAD","15 &  ABOVE","WIDOWED",36030,23912,12118,0,21715,14320,7395,0,14315,9592,4723,0
"PUNJAB","HAFIZABAD","15 - 19","DIVORCED",89,65,24,0,58,42,16,0,31,23,8,0
"PUNJAB","HAFIZABAD","15 - 19","MARRIED",8480,6009,2471,0,5937,4188,1749,0,2543,1821,722,0
"PUNJAB","HAFIZABAD","15 - 19","NEVER MARRIED",126197,60701,65486,10,76606,36585,40015,6,49591,24116,25471,4
"PUNJAB","HAFIZABAD","15 - 19","SEPERATION",32,24,8,0,18,13,5,0,14,11,3,0
"PUNJAB","HAFIZABAD","15 - 19","WIDOWED",19,10,9,0,12,4,8,0,7,6,1,0
"PUNJAB","HAFIZABAD","20 - 24","DIVORCED",376,259,117,0,228,158,70,0,148,101,47,0
"PUNJAB","HAFIZABAD","20 - 24","MARRIED",38986,26252,12734,0,25226,16770,8456,0,13760,9482,4278,0
"PUNJAB","HAFIZABAD","20 - 24","NEVER MARRIED",75067,30649,44412,6,43803,17502,26301,0,31264,13147,18111,6
"PUNJAB","HAFIZABAD","20 - 24","SEPERATION",124,77,47,0,87,50,37,0,37,27,10,0
"PUNJAB","HAFIZABAD","20 - 24","WIDOWED",147,97,50,0,99,63,36,0,48,34,14,0
"PUNJAB","HAFIZABAD","25 - 29","DIVORCED",615,408,207,0,395,262,133,0,220,146,74,0
"PUNJAB","HAFIZABAD","25 - 29","MARRIED",69442,41239,28203,0,42795,25445,17350,0,26647,15794,10853,0
"PUNJAB","HAFIZABAD","25 - 29","NEVER MARRIED",32588,11037,21546,5,18991,6357,12633,1,13597,4680,8913,4
"PUNJAB","HAFIZABAD","25 - 29","SEPERATION",181,101,80,0,118,63,55,0,63,38,25,0
"PUNJAB","HAFIZABAD","25 - 29","WIDOWED",344,210,134,0,216,129,87,0,128,81,47,0
"PUNJAB","HAFIZABAD","30 - 34","DIVORCED",641,366,275,0,389,217,172,0,252,149,103,0
"PUNJAB","HAFIZABAD","30 - 34","MARRIED",76711,41390,35321,0,46343,24912,21431,0,30368,16478,13890,0
"PUNJAB","HAFIZABAD","30 - 34","NEVER MARRIED",10460,3681,6770,9,6250,2201,4046,3,4210,1480,2724,6
"PUNJAB","HAFIZABAD","30 - 34","SEPERATION",198,112,86,0,120,67,53,0,78,45,33,0
"PUNJAB","HAFIZABAD","30 - 34","WIDOWED",672,466,206,0,397,277,120,0,275,189,86,0
"PUNJAB","HAFIZABAD","35 - 39","DIVORCED",639,377,262,0,395,235,160,0,244,142,102,0
"PUNJAB","HAFIZABAD","35 - 39","MARRIED",75116,38388,36728,0,45059,23209,21850,0,30057,15179,14878,0
"PUNJAB","HAFIZABAD","35 - 39","NEVER MARRIED",4291,1188,3094,9,2583,733,1847,3,1708,455,1247,6
"PUNJAB","HAFIZABAD","35 - 39","SEPERATION",216,114,102,0,119,68,51,0,97,46,51,0
"PUNJAB","HAFIZABAD","35 - 39","WIDOWED",1149,823,326,0,686,479,207,0,463,344,119,0
"PUNJAB","HAFIZABAD","40 - 44","DIVORCED",585,342,243,0,350,218,132,0,235,124,111,0
"PUNJAB","HAFIZABAD","40 - 44","MARRIED",68578,33162,35416,0,42201,20409,21792,0,26377,12753,13624,0
"PUNJAB","HAFIZABAD","40 - 44","NEVER MARRIED",2171,659,1504,8,1406,454,948,4,765,205,556,4
"PUNJAB","HAFIZABAD","40 - 44","SEPERATION",243,126,117,0,149,75,74,0,94,51,43,0
"PUNJAB","HAFIZABAD","40 - 44","WIDOWED",1968,1512,456,0,1191,899,292,0,777,613,164,0
"PUNJAB","HAFIZABAD","45 - 49","DIVORCED",472,279,193,0,307,185,122,0,165,94,71,0
"PUNJAB","HAFIZABAD","45 - 49","MARRIED",55396,25680,29716,0,34007,15922,18085,0,21389,9758,11631,0
"PUNJAB","HAFIZABAD","45 - 49","NEVER MARRIED",1374,447,925,2,869,308,561,0,505,139,364,2
"PUNJAB","HAFIZABAD","45 - 49","SEPERATION",196,87,109,0,122,52,70,0,74,35,39,0
"PUNJAB","HAFIZABAD","45 - 49","WIDOWED",2470,1872,598,0,1417,1073,344,0,1053,799,254,0
"PUNJAB","HAFIZABAD","50 - 54","DIVORCED",370,229,141,0,260,164,96,0,110,65,45,0
"PUNJAB","HAFIZABAD","50 - 54","MARRIED",44042,19866,24176,0,27413,12451,14962,0,16629,7415,9214,0
"PUNJAB","HAFIZABAD","50 - 54","NEVER MARRIED",898,358,536,4,625,272,353,0,273,86,183,4
"PUNJAB","HAFIZABAD","50 - 54","SEPERATION",163,94,69,0,108,62,46,0,55,32,23,0
"PUNJAB","HAFIZABAD","50 - 54","WIDOWED",3570,2638,932,0,2029,1465,564,0,1541,1173,368,0
"PUNJAB","HAFIZABAD","55 - 59","DIVORCED",237,118,119,0,171,88,83,0,66,30,36,0
"PUNJAB","HAFIZABAD","55 - 59","MARRIED",34184,14293,19891,0,21409,8945,12464,0,12775,5348,7427,0
"PUNJAB","HAFIZABAD","55 - 59","NEVER MARRIED",679,246,429,4,486,191,294,1,193,55,135,3
"PUNJAB","HAFIZABAD","55 - 59","SEPERATION",132,71,61,0,81,36,45,0,51,35,16,0
"PUNJAB","HAFIZABAD","55 - 59","WIDOWED",3943,2776,1167,0,2147,1507,640,0,1796,1269,527,0
"PUNJAB","HAFIZABAD","60 - 64","DIVORCED",189,106,83,0,132,79,53,0,57,27,30,0
"PUNJAB","HAFIZABAD","60 - 64","MARRIED",26084,10724,15360,0,16717,6984,9733,0,9367,3740,5627,0
"PUNJAB","HAFIZABAD","60 - 64","NEVER MARRIED",470,177,292,1,353,142,211,0,117,35,81,1
"PUNJAB","HAFIZABAD","60 - 64","SEPERATION",101,48,53,0,75,39,36,0,26,9,17,0
"PUNJAB","HAFIZABAD","60 - 64","WIDOWED",4801,3315,1486,0,2731,1914,817,0,2070,1401,669,0
"PUNJAB","HAFIZABAD","65 - 69","DIVORCED",123,68,55,0,98,53,45,0,25,15,10,0
"PUNJAB","HAFIZABAD","65 - 69","MARRIED",17993,7201,10792,0,11994,4914,7080,0,5999,2287,3712,0
"PUNJAB","HAFIZABAD","65 - 69","NEVER MARRIED",315,114,201,0,250,91,159,0,65,23,42,0
"PUNJAB","HAFIZABAD","65 - 69","SEPERATION",59,25,34,0,40,17,23,0,19,8,11,0
"PUNJAB","HAFIZABAD","65 - 69","WIDOWED",4866,3181,1685,0,2868,1880,988,0,1998,1301,697,0
"PUNJAB","HAFIZABAD","70 - 74","DIVORCED",72,29,43,0,62,27,35,0,10,2,8,0
"PUNJAB","HAFIZABAD","70 - 74","MARRIED",11060,3596,7464,0,7679,2580,5099,0,3381,1016,2365,0
"PUNJAB","HAFIZABAD","70 - 74","NEVER MARRIED",204,61,143,0,178,54,124,0,26,7,19,0
"PUNJAB","HAFIZABAD","70 - 74","SEPERATION",36,14,22,0,27,10,17,0,9,4,5,0
"PUNJAB","HAFIZABAD","70 - 74","WIDOWED",4350,2589,1761,0,2755,1641,1114,0,1595,948,647,0
"PUNJAB","HAFIZABAD","75 & ABOVE","DIVORCED",65,34,31,0,49,28,21,0,16,6,10,0
"PUNJAB","HAFIZABAD","75 & ABOVE","MARRIED",11888,3821,8067,0,8895,2887,6008,0,2993,934,2059,0
"PUNJAB","HAFIZABAD","75 & ABOVE","NEVER MARRIED",274,91,183,0,231,71,160,0,43,20,23,0
"PUNJAB","HAFIZABAD","75 & ABOVE","SEPERATION",46,17,29,0,35,14,21,0,11,3,8,0
"PUNJAB","HAFIZABAD","75 & ABOVE","WIDOWED",7731,4423,3308,0,5167,2989,2178,0,2564,1434,1130,0
"PUNJAB","JHANG","15 &  ABOVE","DIVORCED",11497,7771,3726,0,8407,5698,2709,0,3090,2073,1017,0
"PUNJAB","JHANG","15 &  ABOVE","MARRIED",1241399,626726,614673,0,920263,464765,455498,0,321136,161961,159175,0
"PUNJAB","JHANG","15 &  ABOVE","NEVER MARRIED",513995,202123,311623,249,354093,137248,216768,77,159902,64875,94855,172
"PUNJAB","JHANG","15 &  ABOVE","SEPERATION",4977,2742,2235,0,3914,2204,1710,0,1063,538,525,0
"PUNJAB","JHANG","15 &  ABOVE","WIDOWED",88214,63091,25123,0,63584,44944,18640,0,24630,18147,6483,0
"PUNJAB","JHANG","15 - 19","DIVORCED",248,195,53,0,200,156,44,0,48,39,9,0
"PUNJAB","JHANG","15 - 19","MARRIED",37412,27067,10345,0,31206,22288,8918,0,6206,4779,1427,0
"PUNJAB","JHANG","15 - 19","NEVER MARRIED",265959,116389,149545,25,189463,82033,107421,9,76496,34356,42124,16
"PUNJAB","JHANG","15 - 19","SEPERATION",173,115,58,0,148,97,51,0,25,18,7,0
"PUNJAB","JHANG","15 - 19","WIDOWED",107,54,53,0,90,44,46,0,17,10,7,0
"PUNJAB","JHANG","20 - 24","DIVORCED",924,657,267,0,694,490,204,0,230,167,63,0
"PUNJAB","JHANG","20 - 24","MARRIED",111793,71425,40368,0,88302,55278,33024,0,23491,16147,7344,0
"PUNJAB","JHANG","20 - 24","NEVER MARRIED",138436,50208,88180,48,91954,31770,60176,8,46482,18438,28004,40
"PUNJAB","JHANG","20 - 24","SEPERATION",456,283,173,0,371,240,131,0,85,43,42,0
"PUNJAB","JHANG","20 - 24","WIDOWED",447,267,180,0,350,201,149,0,97,66,31,0
"PUNJAB","JHANG","25 - 29","DIVORCED",1330,888,442,0,936,611,325,0,394,277,117,0
"PUNJAB","JHANG","25 - 29","MARRIED",161660,91928,69732,0,121292,68078,53214,0,40368,23850,16518,0
"PUNJAB","JHANG","25 - 29","NEVER MARRIED",58243,18009,40185,49,37402,11034,26359,9,20841,6975,13826,40
"PUNJAB","JHANG","25 - 29","SEPERATION",525,308,217,0,420,254,166,0,105,54,51,0
"PUNJAB","JHANG","25 - 29","WIDOWED",900,536,364,0,709,429,280,0,191,107,84,0
"PUNJAB","JHANG","30 - 34","DIVORCED",1574,1041,533,0,1108,708,400,0,466,333,133,0
"PUNJAB","JHANG","30 - 34","MARRIED",175466,92473,82993,0,126683,66386,60297,0,48783,26087,22696,0
"PUNJAB","JHANG","30 - 34","NEVER MARRIED",22751,6681,16036,34,14905,4355,10538,12,7846,2326,5498,22
"PUNJAB","JHANG","30 - 34","SEPERATION",637,354,283,0,484,273,211,0,153,81,72,0
"PUNJAB","JHANG","30 - 34","WIDOWED",1707,1145,562,0,1287,843,444,0,420,302,118,0
"PUNJAB","JHANG","35 - 39","DIVORCED",1676,1151,525,0,1181,843,338,0,495,308,187,0
"PUNJAB","JHANG","35 - 39","MARRIED",167899,84100,83799,0,120278,60373,59905,0,47621,23727,23894,0
"PUNJAB","JHANG","35 - 39","NEVER MARRIED",10818,3488,7307,23,7414,2474,4937,3,3404,1014,2370,20
"PUNJAB","JHANG","35 - 39","SEPERATION",628,335,293,0,487,269,218,0,141,66,75,0
"PUNJAB","JHANG","35 - 39","WIDOWED",2797,2064,733,0,2000,1444,556,0,797,620,177,0
"PUNJAB","JHANG","40 - 44","DIVORCED",1649,1127,522,0,1214,822,392,0,435,305,130,0
"PUNJAB","JHANG","40 - 44","MARRIED",153380,74546,78834,0,111064,54232,56832,0,42316,20314,22002,0
"PUNJAB","JHANG","40 - 44","NEVER MARRIED",6114,2306,3776,32,4228,1698,2514,16,1886,608,1262,16
"PUNJAB","JHANG","40 - 44","SEPERATION",587,323,264,0,466,265,201,0,121,58,63,0
"PUNJAB","JHANG","40 - 44","WIDOWED",4830,3843,987,0,3377,2641,736,0,1453,1202,251,0
"PUNJAB","JHANG","45 - 49","DIVORCED",1167,802,365,0,842,595,247,0,325,207,118,0
"PUNJAB","JHANG","45 - 49","MARRIED",112394,53245,59149,0,81088,38909,42179,0,31306,14336,16970,0
"PUNJAB","JHANG","45 - 49","NEVER MARRIED",3736,1502,2225,9,2668,1150,1513,5,1068,352,712,4
"PUNJAB","JHANG","45 - 49","SEPERATION",500,273,227,0,384,218,166,0,116,55,61,0
"PUNJAB","JHANG","45 - 49","WIDOWED",6137,4842,1295,0,4302,3358,944,0,1835,1484,351,0
"PUNJAB","JHANG","50 - 54","DIVORCED",939,640,299,0,716,490,226,0,223,150,73,0
"PUNJAB","JHANG","50 - 54","MARRIED",98262,45010,53252,0,71864,33137,38727,0,26398,11873,14525,0
"PUNJAB","JHANG","50 - 54","NEVER MARRIED",2669,1214,1452,3,1947,923,1022,2,722,291,430,1
"PUNJAB","JHANG","50 - 54","SEPERATION",474,263,211,0,362,203,159,0,112,60,52,0
"PUNJAB","JHANG","50 - 54","WIDOWED",8885,7046,1839,0,6123,4785,1338,0,2762,2261,501,0
"PUNJAB","JHANG","55 - 59","DIVORCED",744,502,242,0,555,380,175,0,189,122,67,0
"PUNJAB","JHANG","55 - 59","MARRIED",78499,33024,45475,0,57813,24407,33406,0,20686,8617,12069,0
"PUNJAB","JHANG","55 - 59","NEVER MARRIED",1967,849,1110,8,1499,664,830,5,468,185,280,3
"PUNJAB","JHANG","55 - 59","SEPERATION",397,203,194,0,307,156,151,0,90,47,43,0
"PUNJAB","JHANG","55 - 59","WIDOWED",10421,7853,2568,0,7145,5332,1813,0,3276,2521,755,0
"PUNJAB","JHANG","60 - 64","DIVORCED",549,347,202,0,414,268,146,0,135,79,56,0
"PUNJAB","JHANG","60 - 64","MARRIED",57061,23168,33893,0,42315,17491,24824,0,14746,5677,9069,0
"PUNJAB","JHANG","60 - 64","NEVER MARRIED",1355,636,710,9,1035,483,549,3,320,153,161,6
"PUNJAB","JHANG","60 - 64","SEPERATION",267,141,126,0,208,110,98,0,59,31,28,0
"PUNJAB","JHANG","60 - 64","WIDOWED",11691,8602,3089,0,8218,6015,2203,0,3473,2587,886,0
"PUNJAB","JHANG","65 - 69","DIVORCED",348,219,129,0,256,169,87,0,92,50,42,0
"PUNJAB","JHANG","65 - 69","MARRIED",39309,15691,23618,0,29679,12018,17661,0,9630,3673,5957,0
"PUNJAB","JHANG","65 - 69","NEVER MARRIED",869,416,451,2,686,313,371,2,183,103,80,0
"PUNJAB","JHANG","65 - 69","SEPERATION",179,76,103,0,145,58,87,0,34,18,16,0
"PUNJAB","JHANG","65 - 69","WIDOWED",12102,8699,3403,0,8560,6125,2435,0,3542,2574,968,0
"PUNJAB","JHANG","70 - 74","DIVORCED",197,112,85,0,163,90,73,0,34,22,12,0
"PUNJAB","JHANG","70 - 74","MARRIED",25671,8438,17233,0,20271,6754,13517,0,5400,1684,3716,0
"PUNJAB","JHANG","70 - 74","NEVER MARRIED",568,216,347,5,460,176,282,2,108,40,65,3
"PUNJAB","JHANG","70 - 74","SEPERATION",89,40,49,0,75,35,40,0,14,5,9,0
"PUNJAB","JHANG","70 - 74","WIDOWED",11353,7589,3764,0,8429,5643,2786,0,2924,1946,978,0
"PUNJAB","JHANG","75 & ABOVE","DIVORCED",152,90,62,0,128,76,52,0,24,14,10,0
"PUNJAB","JHANG","75 & ABOVE","MARRIED",22593,6611,15982,0,18408,5414,12994,0,4185,1197,2988,0
"PUNJAB","JHANG","75 & ABOVE","NEVER MARRIED",510,209,299,2,432,175,256,1,78,34,43,1
"PUNJAB","JHANG","75 & ABOVE","SEPERATION",65,28,37,0,57,26,31,0,8,2,6,0
"PUNJAB","JHANG","75 & ABOVE","WIDOWED",16837,10551,6286,0,12994,8084,4910,0,3843,2467,1376,0
"PUNJAB","JHELUM","15 &  ABOVE","DIVORCED",7340,5170,2170,0,4749,3400,1349,0,2591,1770,821,0
"PUNJAB","JHELUM","15 &  ABOVE","MARRIED",597017,302392,294625,0,367434,187156,180278,0,229583,115236,114347,0
"PUNJAB","JHELUM","15 &  ABOVE","NEVER MARRIED",283400,116475,166828,97,170037,69852,100169,16,113363,46623,66659,81
"PUNJAB","JHELUM","15 &  ABOVE","SEPERATION",1769,896,873,0,1113,564,549,0,656,332,324,0
"PUNJAB","JHELUM","15 &  ABOVE","WIDOWED",51018,38680,12338,0,33335,24985,8350,0,17683,13695,3988,0
"PUNJAB","JHELUM","15 - 19","DIVORCED",48,42,6,0,33,28,5,0,15,14,1,0
"PUNJAB","JHELUM","15 - 19","MARRIED",5403,4069,1334,0,3459,2642,817,0,1944,1427,517,0
"PUNJAB","JHELUM","15 - 19","NEVER MARRIED",120760,55878,64876,6,72864,33787,39073,4,47896,22091,25803,2
"PUNJAB","JHELUM","15 - 19","SEPERATION",14,8,6,0,9,6,3,0,5,2,3,0
"PUNJAB","JHELUM","15 - 19","WIDOWED",17,9,8,0,8,4,4,0,9,5,4,0
"PUNJAB","JHELUM","20 - 24","DIVORCED",288,245,43,0,172,149,23,0,116,96,20,0
"PUNJAB","JHELUM","20 - 24","MARRIED",31696,22994,8702,0,19995,14631,5364,0,11701,8363,3338,0
"PUNJAB","JHELUM","20 - 24","NEVER MARRIED",84354,34289,50057,8,50387,20359,30027,1,33967,13930,20030,7
"PUNJAB","JHELUM","20 - 24","SEPERATION",73,58,15,0,39,32,7,0,34,26,8,0
"PUNJAB","JHELUM","20 - 24","WIDOWED",79,48,31,0,51,30,21,0,28,18,10,0
"PUNJAB","JHELUM","25 - 29","DIVORCED",769,567,202,0,485,355,130,0,284,212,72,0
"PUNJAB","JHELUM","25 - 29","MARRIED",66337,40957,25380,0,41163,25612,15551,0,25174,15345,9829,0
"PUNJAB","JHELUM","25 - 29","NEVER MARRIED",43091,14316,28755,20,25967,8558,17407,2,17124,5758,11348,18
"PUNJAB","JHELUM","25 - 29","SEPERATION",163,101,62,0,113,70,43,0,50,31,19,0
"PUNJAB","JHELUM","25 - 29","WIDOWED",286,197,89,0,181,118,63,0,105,79,26,0
"PUNJAB","JHELUM","30 - 34","DIVORCED",1132,776,356,0,691,478,213,0,441,298,143,0
"PUNJAB","JHELUM","30 - 34","MARRIED",87316,47858,39458,0,53563,29425,24138,0,33753,18433,15320,0
"PUNJAB","JHELUM","30 - 34","NEVER MARRIED",16636,4967,11648,21,9898,2882,7015,1,6738,2085,4633,20
"PUNJAB","JHELUM","30 - 34","SEPERATION",207,95,112,0,130,64,66,0,77,31,46,0
"PUNJAB","JHELUM","30 - 34","WIDOWED",659,461,198,0,390,271,119,0,269,190,79,0
"PUNJAB","JHELUM","35 - 39","DIVORCED",1155,785,370,0,740,506,234,0,415,279,136,0
"PUNJAB","JHELUM","35 - 39","MARRIED",87986,45049,42937,0,52739,27126,25613,0,35247,17923,17324,0
"PUNJAB","JHELUM","35 - 39","NEVER MARRIED",7439,2286,5142,11,4264,1307,2954,3,3175,979,2188,8
"PUNJAB","JHELUM","35 - 39","SEPERATION",218,106,112,0,131,66,65,0,87,40,47,0
"PUNJAB","JHELUM","35 - 39","WIDOWED",1134,853,281,0,701,513,188,0,433,340,93,0
"PUNJAB","JHELUM","40 - 44","DIVORCED",1065,741,324,0,666,466,200,0,399,275,124,0
"PUNJAB","JHELUM","40 - 44","MARRIED",77654,38157,39497,0,47173,23187,23986,0,30481,14970,15511,0
"PUNJAB","JHELUM","40 - 44","NEVER MARRIED",3899,1436,2454,9,2285,844,1439,2,1614,592,1015,7
"PUNJAB","JHELUM","40 - 44","SEPERATION",246,108,138,0,158,68,90,0,88,40,48,0
"PUNJAB","JHELUM","40 - 44","WIDOWED",2000,1650,350,0,1311,1070,241,0,689,580,109,0
"PUNJAB","JHELUM","45 - 49","DIVORCED",804,563,241,0,509,373,136,0,295,190,105,0
"PUNJAB","JHELUM","45 - 49","MARRIED",60915,28912,32003,0,36358,17337,19021,0,24557,11575,12982,0
"PUNJAB","JHELUM","45 - 49","NEVER MARRIED",2338,933,1398,7,1341,569,771,1,997,364,627,6
"PUNJAB","JHELUM","45 - 49","SEPERATION",232,121,111,0,138,74,64,0,94,47,47,0
"PUNJAB","JHELUM","45 - 49","WIDOWED",2771,2320,451,0,1724,1435,289,0,1047,885,162,0
"PUNJAB","JHELUM","50 - 54","DIVORCED",648,453,195,0,441,320,121,0,207,133,74,0
"PUNJAB","JHELUM","50 - 54","MARRIED",51221,23737,27484,0,31031,14574,16457,0,20190,9163,11027,0
"PUNJAB","JHELUM","50 - 54","NEVER MARRIED",1508,692,810,6,880,438,441,1,628,254,369,5
"PUNJAB","JHELUM","50 - 54","SEPERATION",171,85,86,0,105,49,56,0,66,36,30,0
"PUNJAB","JHELUM","50 - 54","WIDOWED",4387,3681,706,0,2773,2311,462,0,1614,1370,244,0
"PUNJAB","JHELUM","55 - 59","DIVORCED",523,380,143,0,352,263,89,0,171,117,54,0
"PUNJAB","JHELUM","55 - 59","MARRIED",42526,18955,23571,0,26680,11940,14740,0,15846,7015,8831,0
"PUNJAB","JHELUM","55 - 59","NEVER MARRIED",1145,539,603,3,661,333,327,1,484,206,276,2
"PUNJAB","JHELUM","55 - 59","SEPERATION",146,80,66,0,97,50,47,0,49,30,19,0
"PUNJAB","JHELUM","55 - 59","WIDOWED",5673,4605,1068,0,3599,2908,691,0,2074,1697,377,0
"PUNJAB","JHELUM","60 - 64","DIVORCED",417,295,122,0,294,213,81,0,123,82,41,0
"PUNJAB","JHELUM","60 - 64","MARRIED",34199,14032,20167,0,21405,8876,12529,0,12794,5156,7638,0
"PUNJAB","JHELUM","60 - 64","NEVER MARRIED",882,458,421,3,589,315,274,0,293,143,147,3
"PUNJAB","JHELUM","60 - 64","SEPERATION",125,61,64,0,67,35,32,0,58,26,32,0
"PUNJAB","JHELUM","60 - 64","WIDOWED",7091,5631,1460,0,4503,3518,985,0,2588,2113,475,0
"PUNJAB","JHELUM","65 - 69","DIVORCED",259,179,80,0,189,139,50,0,70,40,30,0
"PUNJAB","JHELUM","65 - 69","MARRIED",24103,9417,14686,0,15279,6113,9166,0,8824,3304,5520,0
"PUNJAB","JHELUM","65 - 69","NEVER MARRIED",578,308,268,2,381,213,168,0,197,95,100,2
"PUNJAB","JHELUM","65 - 69","SEPERATION",76,37,39,0,53,24,29,0,23,13,10,0
"PUNJAB","JHELUM","65 - 69","WIDOWED",7377,5638,1739,0,4729,3581,1148,0,2648,2057,591,0
"PUNJAB","JHELUM","70 - 74","DIVORCED",132,79,53,0,101,62,39,0,31,17,14,0
"PUNJAB","JHELUM","70 - 74","MARRIED",14528,4419,10109,0,9516,2972,6544,0,5012,1447,3565,0
"PUNJAB","JHELUM","70 - 74","NEVER MARRIED",375,190,184,1,250,121,129,0,125,69,55,1
"PUNJAB","JHELUM","70 - 74","SEPERATION",53,17,36,0,39,14,25,0,14,3,11,0
"PUNJAB","JHELUM","70 - 74","WIDOWED",7132,5153,1979,0,4729,3410,1319,0,2403,1743,660,0
"PUNJAB","JHELUM","75 & ABOVE","DIVORCED",100,65,35,0,76,48,28,0,24,17,7,0
"PUNJAB","JHELUM","75 & ABOVE","MARRIED",13133,3836,9297,0,9073,2721,6352,0,4060,1115,2945,0
"PUNJAB","JHELUM","75 & ABOVE","NEVER MARRIED",395,183,212,0,270,126,144,0,125,57,68,0
"PUNJAB","JHELUM","75 & ABOVE","SEPERATION",45,19,26,0,34,12,22,0,11,7,4,0
"PUNJAB","JHELUM","75 & ABOVE","WIDOWED",12412,8434,3978,0,8636,5816,2820,0,3776,2618,1158,0
"PUNJAB","KASUR","15 &  ABOVE","DIVORCED",10280,6316,3964,0,6658,4098,2560,0,3622,2218,1404,0
"PUNJAB","KASUR","15 &  ABOVE","MARRIED",1596156,795339,800817,0,1105104,550522,554582,0,491052,244817,246235,0
"PUNJAB","KASUR","15 &  ABOVE","NEVER MARRIED",754267,323161,430724,382,513659,217704,295823,132,240608,105457,134901,250
"PUNJAB","KASUR","15 &  ABOVE","SEPERATION",4318,1833,2485,0,2517,1210,1307,0,1801,623,1178,0
"PUNJAB","KASUR","15 &  ABOVE","WIDOWED",91504,62240,29264,0,61489,41063,20426,0,30015,21177,8838,0
"PUNJAB","KASUR","15 - 19","DIVORCED",190,157,33,0,146,118,28,0,44,39,5,0
"PUNJAB","KASUR","15 - 19","MARRIED",22121,16280,5841,0,16569,12118,4451,0,5552,4162,1390,0
"PUNJAB","KASUR","15 - 19","NEVER MARRIED",387709,186121,201528,60,271179,129567,141591,21,116530,56554,59937,39
"PUNJAB","KASUR","15 - 19","SEPERATION",114,68,46,0,69,53,16,0,45,15,30,0
"PUNJAB","KASUR","15 - 19","WIDOWED",81,48,33,0,59,33,26,0,22,15,7,0
"PUNJAB","KASUR","20 - 24","DIVORCED",929,671,258,0,632,453,179,0,297,218,79,0
"PUNJAB","KASUR","20 - 24","MARRIED",123951,84205,39746,0,90152,60694,29458,0,33799,23511,10288,0
"PUNJAB","KASUR","20 - 24","NEVER MARRIED",224802,88523,136209,70,151782,57933,93826,23,73020,30590,42383,47
"PUNJAB","KASUR","20 - 24","SEPERATION",377,185,192,0,180,122,58,0,197,63,134,0
"PUNJAB","KASUR","20 - 24","WIDOWED",435,247,188,0,334,187,147,0,101,60,41,0
"PUNJAB","KASUR","25 - 29","DIVORCED",1530,979,551,0,1008,631,377,0,522,348,174,0
"PUNJAB","KASUR","25 - 29","MARRIED",224857,127785,97072,0,158260,88630,69630,0,66597,39155,27442,0
"PUNJAB","KASUR","25 - 29","NEVER MARRIED",91377,30717,60597,63,59177,19074,40085,18,32200,11643,20512,45
"PUNJAB","KASUR","25 - 29","SEPERATION",593,227,366,0,303,153,150,0,290,74,216,0
"PUNJAB","KASUR","25 - 29","WIDOWED",967,506,461,0,714,341,373,0,253,165,88,0
"PUNJAB","KASUR","30 - 34","DIVORCED",1716,1081,635,0,1090,663,427,0,626,418,208,0
"PUNJAB","KASUR","30 - 34","MARRIED",243524,125827,117697,0,167302,85458,81844,0,76222,40369,35853,0
"PUNJAB","KASUR","30 - 34","NEVER MARRIED",26863,11237,15581,45,16935,6920,10002,13,9928,4317,5579,32
"PUNJAB","KASUR","30 - 34","SEPERATION",661,265,396,0,362,185,177,0,299,80,219,0
"PUNJAB","KASUR","30 - 34","WIDOWED",1688,1053,635,0,1193,736,457,0,495,317,178,0
"PUNJAB","KASUR","35 - 39","DIVORCED",1547,901,646,0,956,574,382,0,591,327,264,0
"PUNJAB","KASUR","35 - 39","MARRIED",232028,111827,120201,0,156916,75205,81711,0,75112,36622,38490,0
"PUNJAB","KASUR","35 - 39","NEVER MARRIED",10578,2775,7758,45,6508,1699,4792,17,4070,1076,2966,28
"PUNJAB","KASUR","35 - 39","SEPERATION",600,257,343,0,337,145,192,0,263,112,151,0
"PUNJAB","KASUR","35 - 39","WIDOWED",2858,1919,939,0,1930,1271,659,0,928,648,280,0
"PUNJAB","KASUR","40 - 44","DIVORCED",1341,806,535,0,822,490,332,0,519,316,203,0
"PUNJAB","KASUR","40 - 44","MARRIED",203245,94891,108354,0,138397,64713,73684,0,64848,30178,34670,0
"PUNJAB","KASUR","40 - 44","NEVER MARRIED",5053,1355,3661,37,3085,860,2207,18,1968,495,1454,19
"PUNJAB","KASUR","40 - 44","SEPERATION",539,211,328,0,325,142,183,0,214,69,145,0
"PUNJAB","KASUR","40 - 44","WIDOWED",4631,3381,1250,0,3150,2248,902,0,1481,1133,348,0
"PUNJAB","KASUR","45 - 49","DIVORCED",979,572,407,0,595,363,232,0,384,209,175,0
"PUNJAB","KASUR","45 - 49","MARRIED",154169,69992,84177,0,103885,47582,56303,0,50284,22410,27874,0
"PUNJAB","KASUR","45 - 49","NEVER MARRIED",2857,774,2059,24,1750,519,1222,9,1107,255,837,15
"PUNJAB","KASUR","45 - 49","SEPERATION",420,202,218,0,279,145,134,0,141,57,84,0
"PUNJAB","KASUR","45 - 49","WIDOWED",6110,4510,1600,0,4012,2888,1124,0,2098,1622,476,0
"PUNJAB","KASUR","50 - 54","DIVORCED",776,470,306,0,520,324,196,0,256,146,110,0
"PUNJAB","KASUR","50 - 54","MARRIED",123966,56414,67552,0,84706,38865,45841,0,39260,17549,21711,0
"PUNJAB","KASUR","50 - 54","NEVER MARRIED",1869,624,1235,10,1169,440,725,4,700,184,510,6
"PUNJAB","KASUR","50 - 54","SEPERATION",313,128,185,0,194,77,117,0,119,51,68,0
"PUNJAB","KASUR","50 - 54","WIDOWED",8983,6743,2240,0,5794,4268,1526,0,3189,2475,714,0
"PUNJAB","KASUR","55 - 59","DIVORCED",526,295,231,0,363,201,162,0,163,94,69,0
"PUNJAB","KASUR","55 - 59","MARRIED",96738,41474,55264,0,66610,28860,37750,0,30128,12614,17514,0
"PUNJAB","KASUR","55 - 59","NEVER MARRIED",1178,395,770,13,742,255,484,3,436,140,286,10
"PUNJAB","KASUR","55 - 59","SEPERATION",250,101,149,0,164,69,95,0,86,32,54,0
"PUNJAB","KASUR","55 - 59","WIDOWED",10391,7450,2941,0,6760,4705,2055,0,3631,2745,886,0
"PUNJAB","KASUR","60 - 64","DIVORCED",349,188,161,0,246,137,109,0,103,51,52,0
"PUNJAB","KASUR","60 - 64","MARRIED",71940,29743,42197,0,50268,21211,29057,0,21672,8532,13140,0
"PUNJAB","KASUR","60 - 64","NEVER MARRIED",801,273,526,2,505,171,334,0,296,102,192,2
"PUNJAB","KASUR","60 - 64","SEPERATION",191,84,107,0,132,52,80,0,59,32,27,0
"PUNJAB","KASUR","60 - 64","WIDOWED",13078,9240,3838,0,8546,5960,2586,0,4532,3280,1252,0
"PUNJAB","KASUR","65 - 69","DIVORCED",199,104,95,0,136,76,60,0,63,28,35,0
"PUNJAB","KASUR","65 - 69","MARRIED",46416,19036,27380,0,32595,13627,18968,0,13821,5409,8412,0
"PUNJAB","KASUR","65 - 69","NEVER MARRIED",510,175,331,4,343,121,220,2,167,54,111,2
"PUNJAB","KASUR","65 - 69","SEPERATION",116,52,64,0,66,26,40,0,50,26,24,0
"PUNJAB","KASUR","65 - 69","WIDOWED",12461,8638,3823,0,8207,5605,2602,0,4254,3033,1221,0
"PUNJAB","KASUR","70 - 74","DIVORCED",112,49,63,0,81,38,43,0,31,11,20,0
"PUNJAB","KASUR","70 - 74","MARRIED",27497,9605,17892,0,20116,7231,12885,0,7381,2374,5007,0
"PUNJAB","KASUR","70 - 74","NEVER MARRIED",330,92,235,3,218,62,156,0,112,30,79,3
"PUNJAB","KASUR","70 - 74","SEPERATION",76,34,42,0,54,26,28,0,22,8,14,0
"PUNJAB","KASUR","70 - 74","WIDOWED",11434,7380,4054,0,7860,5047,2813,0,3574,2333,1241,0
"PUNJAB","KASUR","75 & ABOVE","DIVORCED",86,43,43,0,63,30,33,0,23,13,10,0
"PUNJAB","KASUR","75 & ABOVE","MARRIED",25704,8260,17444,0,19328,6328,13000,0,6376,1932,4444,0
"PUNJAB","KASUR","75 & ABOVE","NEVER MARRIED",340,100,234,6,266,83,179,4,74,17,55,2
"PUNJAB","KASUR","75 & ABOVE","SEPERATION",68,19,49,0,52,15,37,0,16,4,12,0
"PUNJAB","KASUR","75 & ABOVE","WIDOWED",18387,11125,7262,0,12930,7774,5156,0,5457,3351,2106,0
"PUNJAB","KHANEWAL","15 &  ABOVE","DIVORCED",11470,7543,3927,0,8818,5771,3047,0,2652,1772,880,0
"PUNJAB","KHANEWAL","15 &  ABOVE","MARRIED",1344577,680760,663817,0,1057002,535306,521696,0,287575,145454,142121,0
"PUNJAB","KHANEWAL","15 &  ABOVE","NEVER MARRIED",596201,240109,355716,376,451491,180129,271225,137,144710,59980,84491,239
"PUNJAB","KHANEWAL","15 &  ABOVE","SEPERATION",4761,2659,2102,0,3972,2219,1753,0,789,440,349,0
"PUNJAB","KHANEWAL","15 &  ABOVE","WIDOWED",100670,72055,28615,0,78111,55417,22694,0,22559,16638,5921,0
"PUNJAB","KHANEWAL","15 - 19","DIVORCED",195,165,30,0,148,124,24,0,47,41,6,0
"PUNJAB","KHANEWAL","15 - 19","MARRIED",28737,20989,7748,0,24753,17969,6784,0,3984,3020,964,0
"PUNJAB","KHANEWAL","15 - 19","NEVER MARRIED",303439,137491,165895,53,235236,105852,129362,22,68203,31639,36533,31
"PUNJAB","KHANEWAL","15 - 19","SEPERATION",118,85,33,0,99,72,27,0,19,13,6,0
"PUNJAB","KHANEWAL","15 - 19","WIDOWED",96,60,36,0,88,55,33,0,8,5,3,0
"PUNJAB","KHANEWAL","20 - 24","DIVORCED",964,713,251,0,773,558,215,0,191,155,36,0
"PUNJAB","KHANEWAL","20 - 24","MARRIED",114438,75533,38905,0,94697,61766,32931,0,19741,13767,5974,0
"PUNJAB","KHANEWAL","20 - 24","NEVER MARRIED",166097,62549,103482,66,123088,45017,78052,19,43009,17532,25430,47
"PUNJAB","KHANEWAL","20 - 24","SEPERATION",363,245,118,0,301,200,101,0,62,45,17,0
"PUNJAB","KHANEWAL","20 - 24","WIDOWED",459,240,219,0,382,199,183,0,77,41,36,0
"PUNJAB","KHANEWAL","25 - 29","DIVORCED",1469,972,497,0,1145,747,398,0,324,225,99,0
"PUNJAB","KHANEWAL","25 - 29","MARRIED",178023,102373,75650,0,141224,80178,61046,0,36799,22195,14604,0
"PUNJAB","KHANEWAL","25 - 29","NEVER MARRIED",72147,22624,49444,79,52189,15886,36273,30,19958,6738,13171,49
"PUNJAB","KHANEWAL","25 - 29","SEPERATION",545,311,234,0,472,267,205,0,73,44,29,0
"PUNJAB","KHANEWAL","25 - 29","WIDOWED",1062,650,412,0,857,523,334,0,205,127,78,0
"PUNJAB","KHANEWAL","30 - 34","DIVORCED",1738,1115,623,0,1314,840,474,0,424,275,149,0
"PUNJAB","KHANEWAL","30 - 34","MARRIED",196481,103901,92580,0,152953,80643,72310,0,43528,23258,20270,0
"PUNJAB","KHANEWAL","30 - 34","NEVER MARRIED",25673,7331,18289,53,18819,5412,13394,13,6854,1919,4895,40
"PUNJAB","KHANEWAL","30 - 34","SEPERATION",632,345,287,0,528,288,240,0,104,57,47,0
"PUNJAB","KHANEWAL","30 - 34","WIDOWED",1860,1255,605,0,1481,979,502,0,379,276,103,0
"PUNJAB","KHANEWAL","35 - 39","DIVORCED",1775,1165,610,0,1311,842,469,0,464,323,141,0
"PUNJAB","KHANEWAL","35 - 39","MARRIED",188557,94767,93790,0,145433,73095,72338,0,43124,21672,21452,0
"PUNJAB","KHANEWAL","35 - 39","NEVER MARRIED",11876,3619,8219,38,8863,2705,6147,11,3013,914,2072,27
"PUNJAB","KHANEWAL","35 - 39","SEPERATION",675,356,319,0,533,277,256,0,142,79,63,0
"PUNJAB","KHANEWAL","35 - 39","WIDOWED",3215,2341,874,0,2523,1810,713,0,692,531,161,0
"PUNJAB","KHANEWAL","40 - 44","DIVORCED",1635,1083,552,0,1241,823,418,0,394,260,134,0
"PUNJAB","KHANEWAL","40 - 44","MARRIED",176960,86346,90614,0,138435,67601,70834,0,38525,18745,19780,0
"PUNJAB","KHANEWAL","40 - 44","NEVER MARRIED",6426,2272,4120,34,4935,1806,3114,15,1491,466,1006,19
"PUNJAB","KHANEWAL","40 - 44","SEPERATION",651,369,282,0,552,320,232,0,99,49,50,0
"PUNJAB","KHANEWAL","40 - 44","WIDOWED",5754,4542,1212,0,4482,3485,997,0,1272,1057,215,0
"PUNJAB","KHANEWAL","45 - 49","DIVORCED",1209,767,442,0,936,602,334,0,273,165,108,0
"PUNJAB","KHANEWAL","45 - 49","MARRIED",130995,60516,70479,0,101068,46695,54373,0,29927,13821,16106,0
"PUNJAB","KHANEWAL","45 - 49","NEVER MARRIED",3795,1382,2397,16,2910,1104,1799,7,885,278,598,9
"PUNJAB","KHANEWAL","45 - 49","SEPERATION",536,276,260,0,438,228,210,0,98,48,50,0
"PUNJAB","KHANEWAL","45 - 49","WIDOWED",7380,5729,1651,0,5654,4312,1342,0,1726,1417,309,0
"PUNJAB","KHANEWAL","50 - 54","DIVORCED",895,595,300,0,695,468,227,0,200,127,73,0
"PUNJAB","KHANEWAL","50 - 54","MARRIED",103806,47290,56516,0,79887,36630,43257,0,23919,10660,13259,0
"PUNJAB","KHANEWAL","50 - 54","NEVER MARRIED",2282,913,1356,13,1796,747,1042,7,486,166,314,6
"PUNJAB","KHANEWAL","50 - 54","SEPERATION",401,224,177,0,332,181,151,0,69,43,26,0
"PUNJAB","KHANEWAL","50 - 54","WIDOWED",10497,8263,2234,0,8025,6236,1789,0,2472,2027,445,0
"PUNJAB","KHANEWAL","55 - 59","DIVORCED",612,385,227,0,454,287,167,0,158,98,60,0
"PUNJAB","KHANEWAL","55 - 59","MARRIED",82685,34693,47992,0,63802,26950,36852,0,18883,7743,11140,0
"PUNJAB","KHANEWAL","55 - 59","NEVER MARRIED",1659,702,947,10,1331,575,750,6,328,127,197,4
"PUNJAB","KHANEWAL","55 - 59","SEPERATION",300,175,125,0,246,146,100,0,54,29,25,0
"PUNJAB","KHANEWAL","55 - 59","WIDOWED",12337,9269,3068,0,9366,6952,2414,0,2971,2317,654,0
"PUNJAB","KHANEWAL","60 - 64","DIVORCED",487,289,198,0,395,237,158,0,92,52,40,0
"PUNJAB","KHANEWAL","60 - 64","MARRIED",60623,24519,36104,0,47493,19451,28042,0,13130,5068,8062,0
"PUNJAB","KHANEWAL","60 - 64","NEVER MARRIED",1280,562,712,6,1058,476,578,4,222,86,134,2
"PUNJAB","KHANEWAL","60 - 64","SEPERATION",238,120,118,0,202,103,99,0,36,17,19,0
"PUNJAB","KHANEWAL","60 - 64","WIDOWED",14277,10452,3825,0,10927,7957,2970,0,3350,2495,855,0
"PUNJAB","KHANEWAL","65 - 69","DIVORCED",258,174,84,0,210,140,70,0,48,34,14,0
"PUNJAB","KHANEWAL","65 - 69","MARRIED",40684,16489,24195,0,32267,13263,19004,0,8417,3226,5191,0
"PUNJAB","KHANEWAL","65 - 69","NEVER MARRIED",694,320,370,4,593,273,319,1,101,47,51,3
"PUNJAB","KHANEWAL","65 - 69","SEPERATION",156,83,73,0,140,77,63,0,16,6,10,0
"PUNJAB","KHANEWAL","65 - 69","WIDOWED",14157,10230,3927,0,10889,7868,3021,0,3268,2362,906,0
"PUNJAB","KHANEWAL","70 - 74","DIVORCED",125,67,58,0,104,55,49,0,21,12,9,0
"PUNJAB","KHANEWAL","70 - 74","MARRIED",23617,7724,15893,0,19334,6424,12910,0,4283,1300,2983,0
"PUNJAB","KHANEWAL","70 - 74","NEVER MARRIED",425,177,246,2,337,142,194,1,88,35,52,1
"PUNJAB","KHANEWAL","70 - 74","SEPERATION",73,36,37,0,66,34,32,0,7,2,5,0
"PUNJAB","KHANEWAL","70 - 74","WIDOWED",12570,8392,4178,0,9948,6628,3320,0,2622,1764,858,0
"PUNJAB","KHANEWAL","75 & ABOVE","DIVORCED",108,53,55,0,92,48,44,0,16,5,11,0
"PUNJAB","KHANEWAL","75 & ABOVE","MARRIED",18971,5620,13351,0,15656,4641,11015,0,3315,979,2336,0
"PUNJAB","KHANEWAL","75 & ABOVE","NEVER MARRIED",408,167,239,2,336,134,201,1,72,33,38,1
"PUNJAB","KHANEWAL","75 & ABOVE","SEPERATION",73,34,39,0,63,26,37,0,10,8,2,0
"PUNJAB","KHANEWAL","75 & ABOVE","WIDOWED",17006,10632,6374,0,13489,8413,5076,0,3517,2219,1298,0
"PUNJAB","KHUSHAB","15 &  ABOVE","DIVORCED",6518,4785,1733,0,4843,3568,1275,0,1675,1217,458,0
"PUNJAB","KHUSHAB","15 &  ABOVE","MARRIED",623489,316106,307383,0,454193,230169,224024,0,169296,85937,83359,0
"PUNJAB","KHUSHAB","15 &  ABOVE","NEVER MARRIED",288541,122378,166115,48,203381,86174,117192,15,85160,36204,48923,33
"PUNJAB","KHUSHAB","15 &  ABOVE","SEPERATION",3156,1840,1316,0,2504,1483,1021,0,652,357,295,0
"PUNJAB","KHUSHAB","15 &  ABOVE","WIDOWED",49134,35681,13453,0,35964,25790,10174,0,13170,9891,3279,0
"PUNJAB","KHUSHAB","15 - 19","DIVORCED",91,77,14,0,63,51,12,0,28,26,2,0
"PUNJAB","KHUSHAB","15 - 19","MARRIED",10656,7672,2984,0,8496,6058,2438,0,2160,1614,546,0
"PUNJAB","KHUSHAB","15 - 19","NEVER MARRIED",129180,59162,70014,4,91638,41835,49801,2,37542,17327,20213,2
"PUNJAB","KHUSHAB","15 - 19","SEPERATION",49,32,17,0,39,24,15,0,10,8,2,0
"PUNJAB","KHUSHAB","15 - 19","WIDOWED",27,11,16,0,24,10,14,0,3,1,2,0
"PUNJAB","KHUSHAB","20 - 24","DIVORCED",368,277,91,0,264,201,63,0,104,76,28,0
"PUNJAB","KHUSHAB","20 - 24","MARRIED",42274,28025,14249,0,32325,21095,11230,0,9949,6930,3019,0
"PUNJAB","KHUSHAB","20 - 24","NEVER MARRIED",82704,33821,48873,10,57159,23094,34062,3,25545,10727,14811,7
"PUNJAB","KHUSHAB","20 - 24","SEPERATION",192,119,73,0,154,95,59,0,38,24,14,0
"PUNJAB","KHUSHAB","20 - 24","WIDOWED",158,96,62,0,112,69,43,0,46,27,19,0
"PUNJAB","KHUSHAB","25 - 29","DIVORCED",673,470,203,0,482,327,155,0,191,143,48,0
"PUNJAB","KHUSHAB","25 - 29","MARRIED",74769,43744,31025,0,54789,31768,23021,0,19980,11976,8004,0
"PUNJAB","KHUSHAB","25 - 29","NEVER MARRIED",40663,14833,25819,11,27966,10110,17855,1,12697,4723,7964,10
"PUNJAB","KHUSHAB","25 - 29","SEPERATION",297,170,127,0,231,131,100,0,66,39,27,0
"PUNJAB","KHUSHAB","25 - 29","WIDOWED",417,257,160,0,311,193,118,0,106,64,42,0
"PUNJAB","KHUSHAB","30 - 34","DIVORCED",840,610,230,0,608,439,169,0,232,171,61,0
"PUNJAB","KHUSHAB","30 - 34","MARRIED",88736,48073,40663,0,63546,34271,29275,0,25190,13802,11388,0
"PUNJAB","KHUSHAB","30 - 34","NEVER MARRIED",15711,5574,10129,8,11288,4074,7213,1,4423,1500,2916,7
"PUNJAB","KHUSHAB","30 - 34","SEPERATION",372,217,155,0,281,162,119,0,91,55,36,0
"PUNJAB","KHUSHAB","30 - 34","WIDOWED",721,521,200,0,513,368,145,0,208,153,55,0
"PUNJAB","KHUSHAB","35 - 39","DIVORCED",939,665,274,0,666,476,190,0,273,189,84,0
"PUNJAB","KHUSHAB","35 - 39","MARRIED",85049,43902,41147,0,60529,31311,29218,0,24520,12591,11929,0
"PUNJAB","KHUSHAB","35 - 39","NEVER MARRIED",7355,2768,4582,5,5326,2085,3239,2,2029,683,1343,3
"PUNJAB","KHUSHAB","35 - 39","SEPERATION",361,207,154,0,270,162,108,0,91,45,46,0
"PUNJAB","KHUSHAB","35 - 39","WIDOWED",1244,925,319,0,877,640,237,0,367,285,82,0
"PUNJAB","KHUSHAB","40 - 44","DIVORCED",892,677,215,0,662,507,155,0,230,170,60,0
"PUNJAB","KHUSHAB","40 - 44","MARRIED",78663,39212,39451,0,56736,28291,28445,0,21927,10921,11006,0
"PUNJAB","KHUSHAB","40 - 44","NEVER MARRIED",4333,1841,2489,3,3262,1429,1831,2,1071,412,658,1
"PUNJAB","KHUSHAB","40 - 44","SEPERATION",394,238,156,0,320,197,123,0,74,41,33,0
"PUNJAB","KHUSHAB","40 - 44","WIDOWED",2144,1736,408,0,1526,1215,311,0,618,521,97,0
"PUNJAB","KHUSHAB","45 - 49","DIVORCED",745,541,204,0,566,416,150,0,179,125,54,0
"PUNJAB","KHUSHAB","45 - 49","MARRIED",60244,29015,31229,0,43216,20925,22291,0,17028,8090,8938,0
"PUNJAB","KHUSHAB","45 - 49","NEVER MARRIED",2617,1164,1449,4,2037,958,1077,2,580,206,372,2
"PUNJAB","KHUSHAB","45 - 49","SEPERATION",344,197,147,0,277,164,113,0,67,33,34,0
"PUNJAB","KHUSHAB","45 - 49","WIDOWED",2894,2319,575,0,2043,1614,429,0,851,705,146,0
"PUNJAB","KHUSHAB","50 - 54","DIVORCED",627,481,146,0,479,375,104,0,148,106,42,0
"PUNJAB","KHUSHAB","50 - 54","MARRIED",53553,25129,28424,0,38721,18317,20404,0,14832,6812,8020,0
"PUNJAB","KHUSHAB","50 - 54","NEVER MARRIED",1899,961,936,2,1490,777,712,1,409,184,224,1
"PUNJAB","KHUSHAB","50 - 54","SEPERATION",338,221,117,0,271,179,92,0,67,42,25,0
"PUNJAB","KHUSHAB","50 - 54","WIDOWED",4451,3568,883,0,3127,2494,633,0,1324,1074,250,0
"PUNJAB","KHUSHAB","55 - 59","DIVORCED",533,384,149,0,432,312,120,0,101,72,29,0
"PUNJAB","KHUSHAB","55 - 59","MARRIED",45239,19577,25662,0,32932,14272,18660,0,12307,5305,7002,0
"PUNJAB","KHUSHAB","55 - 59","NEVER MARRIED",1492,785,707,0,1174,633,541,0,318,152,166,0
"PUNJAB","KHUSHAB","55 - 59","SEPERATION",288,166,122,0,232,136,96,0,56,30,26,0
"PUNJAB","KHUSHAB","55 - 59","WIDOWED",5606,4359,1247,0,3984,3061,923,0,1622,1298,324,0
"PUNJAB","KHUSHAB","60 - 64","DIVORCED",353,267,86,0,267,205,62,0,86,62,24,0
"PUNJAB","KHUSHAB","60 - 64","MARRIED",33379,13430,19949,0,24423,9951,14472,0,8956,3479,5477,0
"PUNJAB","KHUSHAB","60 - 64","NEVER MARRIED",1065,622,442,1,831,505,325,1,234,117,117,0
"PUNJAB","KHUSHAB","60 - 64","SEPERATION",234,130,104,0,190,107,83,0,44,23,21,0
"PUNJAB","KHUSHAB","60 - 64","WIDOWED",6404,4735,1669,0,4585,3347,1238,0,1819,1388,431,0
"PUNJAB","KHUSHAB","65 - 69","DIVORCED",227,172,55,0,167,125,42,0,60,47,13,0
"PUNJAB","KHUSHAB","65 - 69","MARRIED",22792,9227,13565,0,16808,6851,9957,0,5984,2376,3608,0
"PUNJAB","KHUSHAB","65 - 69","NEVER MARRIED",715,421,294,0,555,335,220,0,160,86,74,0
"PUNJAB","KHUSHAB","65 - 69","SEPERATION",131,74,57,0,108,62,46,0,23,12,11,0
"PUNJAB","KHUSHAB","65 - 69","WIDOWED",6899,5094,1805,0,5017,3664,1353,0,1882,1430,452,0
"PUNJAB","KHUSHAB","70 - 74","DIVORCED",133,97,36,0,112,82,30,0,21,15,6,0
"PUNJAB","KHUSHAB","70 - 74","MARRIED",14739,5026,9713,0,11275,3898,7377,0,3464,1128,2336,0
"PUNJAB","KHUSHAB","70 - 74","NEVER MARRIED",443,228,215,0,357,180,177,0,86,48,38,0
"PUNJAB","KHUSHAB","70 - 74","SEPERATION",87,43,44,0,69,39,30,0,18,4,14,0
"PUNJAB","KHUSHAB","70 - 74","WIDOWED",6823,4726,2097,0,5139,3537,1602,0,1684,1189,495,0
"PUNJAB","KHUSHAB","75 & ABOVE","DIVORCED",97,67,30,0,75,52,23,0,22,15,7,0
"PUNJAB","KHUSHAB","75 & ABOVE","MARRIED",13396,4074,9322,0,10397,3161,7236,0,2999,913,2086,0
"PUNJAB","KHUSHAB","75 & ABOVE","NEVER MARRIED",364,198,166,0,298,159,139,0,66,39,27,0
"PUNJAB","KHUSHAB","75 & ABOVE","SEPERATION",69,26,43,0,62,25,37,0,7,1,6,0
"PUNJAB","KHUSHAB","75 & ABOVE","WIDOWED",11346,7334,4012,0,8706,5578,3128,0,2640,1756,884,0
"PUNJAB","LAHORE","15 &  ABOVE","DIVORCED",32171,20497,11674,0,0,0,0,0,32171,20497,11674,0
"PUNJAB","LAHORE","15 &  ABOVE","MARRIED",5278345,2568830,2709515,0,0,0,0,0,5278345,2568830,2709515,0
"PUNJAB","LAHORE","15 &  ABOVE","NEVER MARRIED",2709923,1069873,1636768,3282,0,0,0,0,2709923,1069873,1636768,3282
"PUNJAB","LAHORE","15 &  ABOVE","SEPERATION",11877,6086,5791,0,0,0,0,0,11877,6086,5791,0
"PUNJAB","LAHORE","15 &  ABOVE","WIDOWED",295912,208578,87334,0,0,0,0,0,295912,208578,87334,0
"PUNJAB","LAHORE","15 - 19","DIVORCED",330,261,69,0,0,0,0,0,330,261,69,0
"PUNJAB","LAHORE","15 - 19","MARRIED",51934,37122,14812,0,0,0,0,0,51934,37122,14812,0
"PUNJAB","LAHORE","15 - 19","NEVER MARRIED",1197694,543038,654373,283,0,0,0,0,1197694,543038,654373,283
"PUNJAB","LAHORE","15 - 19","SEPERATION",164,101,63,0,0,0,0,0,164,101,63,0
"PUNJAB","LAHORE","15 - 19","WIDOWED",218,123,95,0,0,0,0,0,218,123,95,0
"PUNJAB","LAHORE","20 - 24","DIVORCED",2057,1554,503,0,0,0,0,0,2057,1554,503,0
"PUNJAB","LAHORE","20 - 24","MARRIED",339246,232322,106924,0,0,0,0,0,339246,232322,106924,0
"PUNJAB","LAHORE","20 - 24","NEVER MARRIED",844629,327286,516803,540,0,0,0,0,844629,327286,516803,540
"PUNJAB","LAHORE","20 - 24","SEPERATION",691,411,280,0,0,0,0,0,691,411,280,0
"PUNJAB","LAHORE","20 - 24","WIDOWED",1066,666,400,0,0,0,0,0,1066,666,400,0
"PUNJAB","LAHORE","25 - 29","DIVORCED",4398,3049,1349,0,0,0,0,0,4398,3049,1349,0
"PUNJAB","LAHORE","25 - 29","MARRIED",706524,408150,298374,0,0,0,0,0,706524,408150,298374,0
"PUNJAB","LAHORE","25 - 29","NEVER MARRIED",399777,122313,276749,715,0,0,0,0,399777,122313,276749,715
"PUNJAB","LAHORE","25 - 29","SEPERATION",1367,768,599,0,0,0,0,0,1367,768,599,0
"PUNJAB","LAHORE","25 - 29","WIDOWED",2919,1813,1106,0,0,0,0,0,2919,1813,1106,0
"PUNJAB","LAHORE","30 - 34","DIVORCED",5599,3680,1919,0,0,0,0,0,5599,3680,1919,0
"PUNJAB","LAHORE","30 - 34","MARRIED",818880,424095,394785,0,0,0,0,0,818880,424095,394785,0
"PUNJAB","LAHORE","30 - 34","NEVER MARRIED",131108,36422,94174,512,0,0,0,0,131108,36422,94174,512
"PUNJAB","LAHORE","30 - 34","SEPERATION",1662,905,757,0,0,0,0,0,1662,905,757,0
"PUNJAB","LAHORE","30 - 34","WIDOWED",5437,3654,1783,0,0,0,0,0,5437,3654,1783,0
"PUNJAB","LAHORE","35 - 39","DIVORCED",5814,3670,2144,0,0,0,0,0,5814,3670,2144,0
"PUNJAB","LAHORE","35 - 39","MARRIED",815984,392330,423654,0,0,0,0,0,815984,392330,423654,0
"PUNJAB","LAHORE","35 - 39","NEVER MARRIED",64160,17798,45823,539,0,0,0,0,64160,17798,45823,539
"PUNJAB","LAHORE","35 - 39","SEPERATION",2009,987,1022,0,0,0,0,0,2009,987,1022,0
"PUNJAB","LAHORE","35 - 39","WIDOWED",9815,7068,2747,0,0,0,0,0,9815,7068,2747,0
"PUNJAB","LAHORE","40 - 44","DIVORCED",4838,3025,1813,0,0,0,0,0,4838,3025,1813,0
"PUNJAB","LAHORE","40 - 44","MARRIED",679074,313211,365863,0,0,0,0,0,679074,313211,365863,0
"PUNJAB","LAHORE","40 - 44","NEVER MARRIED",28876,8762,19839,275,0,0,0,0,28876,8762,19839,275
"PUNJAB","LAHORE","40 - 44","SEPERATION",1576,824,752,0,0,0,0,0,1576,824,752,0
"PUNJAB","LAHORE","40 - 44","WIDOWED",15492,11804,3688,0,0,0,0,0,15492,11804,3688,0
"PUNJAB","LAHORE","45 - 49","DIVORCED",3477,2081,1396,0,0,0,0,0,3477,2081,1396,0
"PUNJAB","LAHORE","45 - 49","MARRIED",558689,245816,312873,0,0,0,0,0,558689,245816,312873,0
"PUNJAB","LAHORE","45 - 49","NEVER MARRIED",17927,5264,12501,162,0,0,0,0,17927,5264,12501,162
"PUNJAB","LAHORE","45 - 49","SEPERATION",1475,714,761,0,0,0,0,0,1475,714,761,0
"PUNJAB","LAHORE","45 - 49","WIDOWED",22583,17517,5066,0,0,0,0,0,22583,17517,5066,0
"PUNJAB","LAHORE","50 - 54","DIVORCED",2233,1309,924,0,0,0,0,0,2233,1309,924,0
"PUNJAB","LAHORE","50 - 54","MARRIED",420151,180317,239834,0,0,0,0,0,420151,180317,239834,0
"PUNJAB","LAHORE","50 - 54","NEVER MARRIED",9775,3266,6395,114,0,0,0,0,9775,3266,6395,114
"PUNJAB","LAHORE","50 - 54","SEPERATION",1060,509,551,0,0,0,0,0,1060,509,551,0
"PUNJAB","LAHORE","50 - 54","WIDOWED",32432,25013,7419,0,0,0,0,0,32432,25013,7419,0
"PUNJAB","LAHORE","55 - 59","DIVORCED",1521,832,689,0,0,0,0,0,1521,832,689,0
"PUNJAB","LAHORE","55 - 59","MARRIED",318167,134241,183926,0,0,0,0,0,318167,134241,183926,0
"PUNJAB","LAHORE","55 - 59","NEVER MARRIED",6642,2246,4327,69,0,0,0,0,6642,2246,4327,69
"PUNJAB","LAHORE","55 - 59","SEPERATION",718,345,373,0,0,0,0,0,718,345,373,0
"PUNJAB","LAHORE","55 - 59","WIDOWED",37318,28132,9186,0,0,0,0,0,37318,28132,9186,0
"PUNJAB","LAHORE","60 - 64","DIVORCED",880,506,374,0,0,0,0,0,880,506,374,0
"PUNJAB","LAHORE","60 - 64","MARRIED",248509,95809,152700,0,0,0,0,0,248509,95809,152700,0
"PUNJAB","LAHORE","60 - 64","NEVER MARRIED",4286,1490,2761,35,0,0,0,0,4286,1490,2761,35
"PUNJAB","LAHORE","60 - 64","SEPERATION",542,274,268,0,0,0,0,0,542,274,268,0
"PUNJAB","LAHORE","60 - 64","WIDOWED",46179,33724,12455,0,0,0,0,0,46179,33724,12455,0
"PUNJAB","LAHORE","65 - 69","DIVORCED",570,309,261,0,0,0,0,0,570,309,261,0
"PUNJAB","LAHORE","65 - 69","MARRIED",159951,59750,100201,0,0,0,0,0,159951,59750,100201,0
"PUNJAB","LAHORE","65 - 69","NEVER MARRIED",2663,1028,1616,19,0,0,0,0,2663,1028,1616,19
"PUNJAB","LAHORE","65 - 69","SEPERATION",306,147,159,0,0,0,0,0,306,147,159,0
"PUNJAB","LAHORE","65 - 69","WIDOWED",42566,29975,12591,0,0,0,0,0,42566,29975,12591,0
"PUNJAB","LAHORE","70 - 74","DIVORCED",237,112,125,0,0,0,0,0,237,112,125,0
"PUNJAB","LAHORE","70 - 74","MARRIED",88201,25078,63123,0,0,0,0,0,88201,25078,63123,0
"PUNJAB","LAHORE","70 - 74","NEVER MARRIED",1232,473,750,9,0,0,0,0,1232,473,750,9
"PUNJAB","LAHORE","70 - 74","SEPERATION",184,65,119,0,0,0,0,0,184,65,119,0
"PUNJAB","LAHORE","70 - 74","WIDOWED",33379,21226,12153,0,0,0,0,0,33379,21226,12153,0
"PUNJAB","LAHORE","75 & ABOVE","DIVORCED",217,109,108,0,0,0,0,0,217,109,108,0
"PUNJAB","LAHORE","75 & ABOVE","MARRIED",73035,20589,52446,0,0,0,0,0,73035,20589,52446,0
"PUNJAB","LAHORE","75 & ABOVE","NEVER MARRIED",1154,487,657,10,0,0,0,0,1154,487,657,10
"PUNJAB","LAHORE","75 & ABOVE","SEPERATION",123,36,87,0,0,0,0,0,123,36,87,0
"PUNJAB","LAHORE","75 & ABOVE","WIDOWED",46508,27863,18645,0,0,0,0,0,46508,27863,18645,0
"PUNJAB","LAYYAH","15 &  ABOVE","DIVORCED",3347,2325,1022,0,2521,1747,774,0,826,578,248,0
"PUNJAB","LAYYAH","15 &  ABOVE","MARRIED",836661,421310,415351,0,678794,341826,336968,0,157867,79484,78383,0
"PUNJAB","LAYYAH","15 &  ABOVE","NEVER MARRIED",358245,148094,210062,89,283446,116129,167282,35,74799,31965,42780,54
"PUNJAB","LAYYAH","15 &  ABOVE","SEPERATION",1506,858,648,0,1215,683,532,0,291,175,116,0
"PUNJAB","LAYYAH","15 &  ABOVE","WIDOWED",43115,31769,11346,0,33767,24709,9058,0,9348,7060,2288,0
"PUNJAB","LAYYAH","15 - 19","DIVORCED",58,43,15,0,49,36,13,0,9,7,2,0
"PUNJAB","LAYYAH","15 - 19","MARRIED",18683,13505,5178,0,16401,11822,4579,0,2282,1683,599,0
"PUNJAB","LAYYAH","15 - 19","NEVER MARRIED",191795,87461,104330,4,156259,70870,85388,1,35536,16591,18942,3
"PUNJAB","LAYYAH","15 - 19","SEPERATION",32,25,7,0,27,23,4,0,5,2,3,0
"PUNJAB","LAYYAH","15 - 19","WIDOWED",34,18,16,0,29,16,13,0,5,2,3,0
"PUNJAB","LAYYAH","20 - 24","DIVORCED",290,213,77,0,219,156,63,0,71,57,14,0
"PUNJAB","LAYYAH","20 - 24","MARRIED",73620,46931,26689,0,63044,39774,23270,0,10576,7157,3419,0
"PUNJAB","LAYYAH","20 - 24","NEVER MARRIED",102228,39230,62983,15,79455,29688,49762,5,22773,9542,13221,10
"PUNJAB","LAYYAH","20 - 24","SEPERATION",109,67,42,0,92,55,37,0,17,12,5,0
"PUNJAB","LAYYAH","20 - 24","WIDOWED",193,104,89,0,163,86,77,0,30,18,12,0
"PUNJAB","LAYYAH","25 - 29","DIVORCED",452,288,164,0,353,225,128,0,99,63,36,0
"PUNJAB","LAYYAH","25 - 29","MARRIED",116993,64750,52243,0,97070,53139,43931,0,19923,11611,8312,0
"PUNJAB","LAYYAH","25 - 29","NEVER MARRIED",40257,13205,27030,22,30109,9499,20602,8,10148,3706,6428,14
"PUNJAB","LAYYAH","25 - 29","SEPERATION",163,73,90,0,135,59,76,0,28,14,14,0
"PUNJAB","LAYYAH","25 - 29","WIDOWED",447,263,184,0,357,215,142,0,90,48,42,0
"PUNJAB","LAYYAH","30 - 34","DIVORCED",510,347,163,0,377,254,123,0,133,93,40,0
"PUNJAB","LAYYAH","30 - 34","MARRIED",127161,65407,61754,0,103035,52603,50432,0,24126,12804,11322,0
"PUNJAB","LAYYAH","30 - 34","NEVER MARRIED",12453,3779,8664,10,9137,2743,6389,5,3316,1036,2275,5
"PUNJAB","LAYYAH","30 - 34","SEPERATION",215,108,107,0,180,89,91,0,35,19,16,0
"PUNJAB","LAYYAH","30 - 34","WIDOWED",754,527,227,0,604,413,191,0,150,114,36,0
"PUNJAB","LAYYAH","35 - 39","DIVORCED",427,298,129,0,310,214,96,0,117,84,33,0
"PUNJAB","LAYYAH","35 - 39","MARRIED",109197,54735,54462,0,86826,43413,43413,0,22371,11322,11049,0
"PUNJAB","LAYYAH","35 - 39","NEVER MARRIED",4689,1604,3077,8,3405,1193,2210,2,1284,411,867,6
"PUNJAB","LAYYAH","35 - 39","SEPERATION",182,102,80,0,139,80,59,0,43,22,21,0
"PUNJAB","LAYYAH","35 - 39","WIDOWED",1211,919,292,0,924,694,230,0,287,225,62,0
"PUNJAB","LAYYAH","40 - 44","DIVORCED",486,347,139,0,354,245,109,0,132,102,30,0
"PUNJAB","LAYYAH","40 - 44","MARRIED",108864,54213,54651,0,87711,43768,43943,0,21153,10445,10708,0
"PUNJAB","LAYYAH","40 - 44","NEVER MARRIED",2594,1032,1548,14,1904,790,1106,8,690,242,442,6
"PUNJAB","LAYYAH","40 - 44","SEPERATION",199,128,71,0,165,106,59,0,34,22,12,0
"PUNJAB","LAYYAH","40 - 44","WIDOWED",2278,1853,425,0,1785,1445,340,0,493,408,85,0
"PUNJAB","LAYYAH","45 - 49","DIVORCED",343,251,92,0,258,190,68,0,85,61,24,0
"PUNJAB","LAYYAH","45 - 49","MARRIED",75089,35583,39506,0,59217,28109,31108,0,15872,7474,8398,0
"PUNJAB","LAYYAH","45 - 49","NEVER MARRIED",1499,606,888,5,1110,465,643,2,389,141,245,3
"PUNJAB","LAYYAH","45 - 49","SEPERATION",154,96,58,0,121,75,46,0,33,21,12,0
"PUNJAB","LAYYAH","45 - 49","WIDOWED",2826,2342,484,0,2192,1810,382,0,634,532,102,0
"PUNJAB","LAYYAH","50 - 54","DIVORCED",278,203,75,0,220,167,53,0,58,36,22,0
"PUNJAB","LAYYAH","50 - 54","MARRIED",66714,30962,35752,0,53301,24843,28458,0,13413,6119,7294,0
"PUNJAB","LAYYAH","50 - 54","NEVER MARRIED",1004,437,562,5,742,328,412,2,262,109,150,3
"PUNJAB","LAYYAH","50 - 54","SEPERATION",159,99,60,0,123,75,48,0,36,24,12,0
"PUNJAB","LAYYAH","50 - 54","WIDOWED",4289,3517,772,0,3307,2686,621,0,982,831,151,0
"PUNJAB","LAYYAH","55 - 59","DIVORCED",219,141,78,0,166,108,58,0,53,33,20,0
"PUNJAB","LAYYAH","55 - 59","MARRIED",52381,21677,30704,0,41543,17246,24297,0,10838,4431,6407,0
"PUNJAB","LAYYAH","55 - 59","NEVER MARRIED",693,286,404,3,527,217,309,1,166,69,95,2
"PUNJAB","LAYYAH","55 - 59","SEPERATION",115,69,46,0,89,50,39,0,26,19,7,0
"PUNJAB","LAYYAH","55 - 59","WIDOWED",4910,3828,1082,0,3801,2944,857,0,1109,884,225,0
"PUNJAB","LAYYAH","60 - 64","DIVORCED",140,103,37,0,104,80,24,0,36,23,13,0
"PUNJAB","LAYYAH","60 - 64","MARRIED",35599,14184,21415,0,28073,11241,16832,0,7526,2943,4583,0
"PUNJAB","LAYYAH","60 - 64","NEVER MARRIED",487,226,259,2,360,163,196,1,127,63,63,1
"PUNJAB","LAYYAH","60 - 64","SEPERATION",82,51,31,0,69,41,28,0,13,10,3,0
"PUNJAB","LAYYAH","60 - 64","WIDOWED",5456,4111,1345,0,4173,3100,1073,0,1283,1011,272,0
"PUNJAB","LAYYAH","65 - 69","DIVORCED",77,53,24,0,60,43,17,0,17,10,7,0
"PUNJAB","LAYYAH","65 - 69","MARRIED",23519,9749,13770,0,18798,7905,10893,0,4721,1844,2877,0
"PUNJAB","LAYYAH","65 - 69","NEVER MARRIED",239,119,120,0,187,89,98,0,52,30,22,0
"PUNJAB","LAYYAH","65 - 69","SEPERATION",47,21,26,0,35,13,22,0,12,8,4,0
"PUNJAB","LAYYAH","65 - 69","WIDOWED",5662,4136,1526,0,4354,3158,1196,0,1308,978,330,0
"PUNJAB","LAYYAH","70 - 74","DIVORCED",35,20,15,0,30,18,12,0,5,2,3,0
"PUNJAB","LAYYAH","70 - 74","MARRIED",15457,5600,9857,0,12694,4651,8043,0,2763,949,1814,0
"PUNJAB","LAYYAH","70 - 74","NEVER MARRIED",158,56,101,1,124,42,82,0,34,14,19,1
"PUNJAB","LAYYAH","70 - 74","SEPERATION",21,11,10,0,19,10,9,0,2,1,1,0
"PUNJAB","LAYYAH","70 - 74","WIDOWED",5983,4309,1674,0,4788,3480,1308,0,1195,829,366,0
"PUNJAB","LAYYAH","75 & ABOVE","DIVORCED",32,18,14,0,21,11,10,0,11,7,4,0
"PUNJAB","LAYYAH","75 & ABOVE","MARRIED",13384,4014,9370,0,11081,3312,7769,0,2303,702,1601,0
"PUNJAB","LAYYAH","75 & ABOVE","NEVER MARRIED",149,53,96,0,127,42,85,0,22,11,11,0
"PUNJAB","LAYYAH","75 & ABOVE","SEPERATION",28,8,20,0,21,7,14,0,7,1,6,0
"PUNJAB","LAYYAH","75 & ABOVE","WIDOWED",9072,5842,3230,0,7290,4662,2628,0,1782,1180,602,0
"PUNJAB","LODHRAN","15 &  ABOVE","DIVORCED",5100,3467,1633,0,4152,2839,1313,0,948,628,320,0
"PUNJAB","LODHRAN","15 &  ABOVE","MARRIED",781143,395552,385591,0,651557,330057,321500,0,129586,65495,64091,0
"PUNJAB","LODHRAN","15 &  ABOVE","NEVER MARRIED",311001,121933,188953,115,250396,97270,153077,49,60605,24663,35876,66
"PUNJAB","LODHRAN","15 &  ABOVE","SEPERATION",2600,1431,1169,0,2169,1178,991,0,431,253,178,0
"PUNJAB","LODHRAN","15 &  ABOVE","WIDOWED",50159,36669,13490,0,40970,29761,11209,0,9189,6908,2281,0
"PUNJAB","LODHRAN","15 - 19","DIVORCED",103,82,21,0,84,65,19,0,19,17,2,0
"PUNJAB","LODHRAN","15 - 19","MARRIED",20932,15270,5662,0,18267,13265,5002,0,2665,2005,660,0
"PUNJAB","LODHRAN","15 - 19","NEVER MARRIED",172295,76334,95957,4,141150,62208,78940,2,31145,14126,17017,2
"PUNJAB","LODHRAN","15 - 19","SEPERATION",61,42,19,0,57,39,18,0,4,3,1,0
"PUNJAB","LODHRAN","15 - 19","WIDOWED",64,34,30,0,55,28,27,0,9,6,3,0
"PUNJAB","LODHRAN","20 - 24","DIVORCED",461,339,122,0,394,289,105,0,67,50,17,0
"PUNJAB","LODHRAN","20 - 24","MARRIED",75122,48321,26801,0,64437,41033,23404,0,10685,7288,3397,0
"PUNJAB","LODHRAN","20 - 24","NEVER MARRIED",84162,29190,54955,17,66839,22562,44272,5,17323,6628,10683,12
"PUNJAB","LODHRAN","20 - 24","SEPERATION",221,128,93,0,184,107,77,0,37,21,16,0
"PUNJAB","LODHRAN","20 - 24","WIDOWED",281,161,120,0,253,143,110,0,28,18,10,0
"PUNJAB","LODHRAN","25 - 29","DIVORCED",679,467,212,0,559,375,184,0,120,92,28,0
"PUNJAB","LODHRAN","25 - 29","MARRIED",107615,60085,47530,0,90312,49958,40354,0,17303,10127,7176,0
"PUNJAB","LODHRAN","25 - 29","NEVER MARRIED",32902,9728,23151,23,25565,7295,18262,8,7337,2433,4889,15
"PUNJAB","LODHRAN","25 - 29","SEPERATION",330,165,165,0,284,134,150,0,46,31,15,0
"PUNJAB","LODHRAN","25 - 29","WIDOWED",627,354,273,0,548,299,249,0,79,55,24,0
"PUNJAB","LODHRAN","30 - 34","DIVORCED",775,504,271,0,610,396,214,0,165,108,57,0
"PUNJAB","LODHRAN","30 - 34","MARRIED",110570,57742,52828,0,90993,47418,43575,0,19577,10324,9253,0
"PUNJAB","LODHRAN","30 - 34","NEVER MARRIED",10834,3030,7788,16,8316,2294,6013,9,2518,736,1775,7
"PUNJAB","LODHRAN","30 - 34","SEPERATION",369,207,162,0,304,172,132,0,65,35,30,0
"PUNJAB","LODHRAN","30 - 34","WIDOWED",962,658,304,0,797,531,266,0,165,127,38,0
"PUNJAB","LODHRAN","35 - 39","DIVORCED",770,506,264,0,600,398,202,0,170,108,62,0
"PUNJAB","LODHRAN","35 - 39","MARRIED",104101,52258,51843,0,85168,42789,42379,0,18933,9469,9464,0
"PUNJAB","LODHRAN","35 - 39","NEVER MARRIED",4764,1392,3358,14,3728,1093,2628,7,1036,299,730,7
"PUNJAB","LODHRAN","35 - 39","SEPERATION",339,179,160,0,280,138,142,0,59,41,18,0
"PUNJAB","LODHRAN","35 - 39","WIDOWED",1615,1141,474,0,1316,919,397,0,299,222,77,0
"PUNJAB","LODHRAN","40 - 44","DIVORCED",732,487,245,0,583,395,188,0,149,92,57,0
"PUNJAB","LODHRAN","40 - 44","MARRIED",102888,49452,53436,0,85246,41069,44177,0,17642,8383,9259,0
"PUNJAB","LODHRAN","40 - 44","NEVER MARRIED",2573,906,1653,14,2016,710,1300,6,557,196,353,8
"PUNJAB","LODHRAN","40 - 44","SEPERATION",348,203,145,0,286,167,119,0,62,36,26,0
"PUNJAB","LODHRAN","40 - 44","WIDOWED",2942,2296,646,0,2421,1886,535,0,521,410,111,0
"PUNJAB","LODHRAN","45 - 49","DIVORCED",496,355,141,0,402,294,108,0,94,61,33,0
"PUNJAB","LODHRAN","45 - 49","MARRIED",74989,34775,40214,0,61966,28873,33093,0,13023,5902,7121,0
"PUNJAB","LODHRAN","45 - 49","NEVER MARRIED",1438,538,892,8,1112,415,694,3,326,123,198,5
"PUNJAB","LODHRAN","45 - 49","SEPERATION",285,162,123,0,240,133,107,0,45,29,16,0
"PUNJAB","LODHRAN","45 - 49","WIDOWED",3806,2917,889,0,3123,2361,762,0,683,556,127,0
"PUNJAB","LODHRAN","50 - 54","DIVORCED",429,281,148,0,360,238,122,0,69,43,26,0
"PUNJAB","LODHRAN","50 - 54","MARRIED",60140,27569,32571,0,49999,23130,26869,0,10141,4439,5702,0
"PUNJAB","LODHRAN","50 - 54","NEVER MARRIED",851,340,502,9,683,296,385,2,168,44,117,7
"PUNJAB","LODHRAN","50 - 54","SEPERATION",219,129,90,0,179,106,73,0,40,23,17,0
"PUNJAB","LODHRAN","50 - 54","WIDOWED",5250,4176,1074,0,4263,3384,879,0,987,792,195,0
"PUNJAB","LODHRAN","55 - 59","DIVORCED",265,187,78,0,222,163,59,0,43,24,19,0
"PUNJAB","LODHRAN","55 - 59","MARRIED",45588,19241,26347,0,37851,16076,21775,0,7737,3165,4572,0
"PUNJAB","LODHRAN","55 - 59","NEVER MARRIED",504,201,300,3,419,169,249,1,85,32,51,2
"PUNJAB","LODHRAN","55 - 59","SEPERATION",176,87,89,0,142,73,69,0,34,14,20,0
"PUNJAB","LODHRAN","55 - 59","WIDOWED",5913,4535,1378,0,4693,3591,1102,0,1220,944,276,0
"PUNJAB","LODHRAN","60 - 64","DIVORCED",183,124,59,0,158,109,49,0,25,15,10,0
"PUNJAB","LODHRAN","60 - 64","MARRIED",32058,13350,18708,0,26904,11352,15552,0,5154,1998,3156,0
"PUNJAB","LODHRAN","60 - 64","NEVER MARRIED",313,134,174,5,256,111,141,4,57,23,33,1
"PUNJAB","LODHRAN","60 - 64","SEPERATION",107,56,51,0,89,48,41,0,18,8,10,0
"PUNJAB","LODHRAN","60 - 64","WIDOWED",6682,5044,1638,0,5383,4074,1309,0,1299,970,329,0
"PUNJAB","LODHRAN","65 - 69","DIVORCED",100,73,27,0,91,66,25,0,9,7,2,0
"PUNJAB","LODHRAN","65 - 69","MARRIED",22220,9362,12858,0,18786,7962,10824,0,3434,1400,2034,0
"PUNJAB","LODHRAN","65 - 69","NEVER MARRIED",176,80,94,2,153,70,81,2,23,10,13,0
"PUNJAB","LODHRAN","65 - 69","SEPERATION",66,40,26,0,54,31,23,0,12,9,3,0
"PUNJAB","LODHRAN","65 - 69","WIDOWED",6960,5239,1721,0,5619,4206,1413,0,1341,1033,308,0
"PUNJAB","LODHRAN","70 - 74","DIVORCED",64,34,30,0,52,28,24,0,12,6,6,0
"PUNJAB","LODHRAN","70 - 74","MARRIED",13439,4564,8875,0,11573,3988,7585,0,1866,576,1290,0
"PUNJAB","LODHRAN","70 - 74","NEVER MARRIED",90,30,60,0,73,22,51,0,17,8,9,0
"PUNJAB","LODHRAN","70 - 74","SEPERATION",46,24,22,0,40,21,19,0,6,3,3,0
"PUNJAB","LODHRAN","70 - 74","WIDOWED",6359,4486,1873,0,5230,3661,1569,0,1129,825,304,0
"PUNJAB","LODHRAN","75 & ABOVE","DIVORCED",43,28,15,0,37,23,14,0,6,5,1,0
"PUNJAB","LODHRAN","75 & ABOVE","MARRIED",11481,3563,7918,0,10055,3144,6911,0,1426,419,1007,0
"PUNJAB","LODHRAN","75 & ABOVE","NEVER MARRIED",99,30,69,0,86,25,61,0,13,5,8,0
"PUNJAB","LODHRAN","75 & ABOVE","SEPERATION",33,9,24,0,30,9,21,0,3,0,3,0
"PUNJAB","LODHRAN","75 & ABOVE","WIDOWED",8698,5628,3070,0,7269,4678,2591,0,1429,950,479,0
"PUNJAB","MANDI BAHAUDDIN","15 &  ABOVE","DIVORCED",5487,3735,1752,0,4244,2857,1387,0,1243,878,365,0
"PUNJAB","MANDI BAHAUDDIN","15 &  ABOVE","MARRIED",747615,391932,355683,0,610126,320413,289713,0,137489,71519,65970,0
"PUNJAB","MANDI BAHAUDDIN","15 &  ABOVE","NEVER MARRIED",353529,156392,197000,137,282787,125384,157323,80,70742,31008,39677,57
"PUNJAB","MANDI BAHAUDDIN","15 &  ABOVE","SEPERATION",2062,1052,1010,0,1686,830,856,0,376,222,154,0
"PUNJAB","MANDI BAHAUDDIN","15 &  ABOVE","WIDOWED",58185,39088,19097,0,47110,31024,16086,0,11075,8064,3011,0
"PUNJAB","MANDI BAHAUDDIN","15 - 19","DIVORCED",58,50,8,0,48,42,6,0,10,8,2,0
"PUNJAB","MANDI BAHAUDDIN","15 - 19","MARRIED",9018,6424,2594,0,7596,5406,2190,0,1422,1018,404,0
"PUNJAB","MANDI BAHAUDDIN","15 - 19","NEVER MARRIED",167944,80111,87824,9,135854,64698,71148,8,32090,15413,16676,1
"PUNJAB","MANDI BAHAUDDIN","15 - 19","SEPERATION",47,25,22,0,39,20,19,0,8,5,3,0
"PUNJAB","MANDI BAHAUDDIN","15 - 19","WIDOWED",35,19,16,0,33,17,16,0,2,2,0,0
"PUNJAB","MANDI BAHAUDDIN","20 - 24","DIVORCED",348,265,83,0,271,204,67,0,77,61,16,0
"PUNJAB","MANDI BAHAUDDIN","20 - 24","MARRIED",44921,31427,13494,0,37409,26027,11382,0,7512,5400,2112,0
"PUNJAB","MANDI BAHAUDDIN","20 - 24","NEVER MARRIED",107387,48334,59019,34,85712,38793,46896,23,21675,9541,12123,11
"PUNJAB","MANDI BAHAUDDIN","20 - 24","SEPERATION",97,59,38,0,85,55,30,0,12,4,8,0
"PUNJAB","MANDI BAHAUDDIN","20 - 24","WIDOWED",227,144,83,0,191,123,68,0,36,21,15,0
"PUNJAB","MANDI BAHAUDDIN","25 - 29","DIVORCED",683,508,175,0,504,375,129,0,179,133,46,0
"PUNJAB","MANDI BAHAUDDIN","25 - 29","MARRIED",88847,56549,32298,0,72357,46069,26288,0,16490,10480,6010,0
"PUNJAB","MANDI BAHAUDDIN","25 - 29","NEVER MARRIED",46754,18356,28366,32,36587,14472,22098,17,10167,3884,6268,15
"PUNJAB","MANDI BAHAUDDIN","25 - 29","SEPERATION",186,107,79,0,144,78,66,0,42,29,13,0
"PUNJAB","MANDI BAHAUDDIN","25 - 29","WIDOWED",496,292,204,0,425,245,180,0,71,47,24,0
"PUNJAB","MANDI BAHAUDDIN","30 - 34","DIVORCED",823,578,245,0,609,418,191,0,214,160,54,0
"PUNJAB","MANDI BAHAUDDIN","30 - 34","MARRIED",108079,62299,45780,0,86985,50406,36579,0,21094,11893,9201,0
"PUNJAB","MANDI BAHAUDDIN","30 - 34","NEVER MARRIED",15496,4597,10884,15,11864,3479,8377,8,3632,1118,2507,7
"PUNJAB","MANDI BAHAUDDIN","30 - 34","SEPERATION",243,131,112,0,191,104,87,0,52,27,25,0
"PUNJAB","MANDI BAHAUDDIN","30 - 34","WIDOWED",941,628,313,0,751,496,255,0,190,132,58,0
"PUNJAB","MANDI BAHAUDDIN","35 - 39","DIVORCED",860,556,304,0,637,409,228,0,223,147,76,0
"PUNJAB","MANDI BAHAUDDIN","35 - 39","MARRIED",104546,56385,48161,0,83816,45362,38454,0,20730,11023,9707,0
"PUNJAB","MANDI BAHAUDDIN","35 - 39","NEVER MARRIED",6404,1881,4508,15,4993,1440,3543,10,1411,441,965,5
"PUNJAB","MANDI BAHAUDDIN","35 - 39","SEPERATION",276,140,136,0,216,103,113,0,60,37,23,0
"PUNJAB","MANDI BAHAUDDIN","35 - 39","WIDOWED",1661,1182,479,0,1372,945,427,0,289,237,52,0
"PUNJAB","MANDI BAHAUDDIN","40 - 44","DIVORCED",775,528,247,0,590,399,191,0,185,129,56,0
"PUNJAB","MANDI BAHAUDDIN","40 - 44","MARRIED",93309,48389,44920,0,75109,39088,36021,0,18200,9301,8899,0
"PUNJAB","MANDI BAHAUDDIN","40 - 44","NEVER MARRIED",3110,991,2111,8,2435,778,1655,2,675,213,456,6
"PUNJAB","MANDI BAHAUDDIN","40 - 44","SEPERATION",273,150,123,0,211,112,99,0,62,38,24,0
"PUNJAB","MANDI BAHAUDDIN","40 - 44","WIDOWED",2768,2125,643,0,2167,1626,541,0,601,499,102,0
"PUNJAB","MANDI BAHAUDDIN","45 - 49","DIVORCED",582,406,176,0,447,311,136,0,135,95,40,0
"PUNJAB","MANDI BAHAUDDIN","45 - 49","MARRIED",73923,36656,37267,0,59645,29721,29924,0,14278,6935,7343,0
"PUNJAB","MANDI BAHAUDDIN","45 - 49","NEVER MARRIED",2025,648,1371,6,1610,512,1096,2,415,136,275,4
"PUNJAB","MANDI BAHAUDDIN","45 - 49","SEPERATION",240,123,117,0,203,102,101,0,37,21,16,0
"PUNJAB","MANDI BAHAUDDIN","45 - 49","WIDOWED",3746,2820,926,0,2942,2142,800,0,804,678,126,0
"PUNJAB","MANDI BAHAUDDIN","50 - 54","DIVORCED",440,287,153,0,365,239,126,0,75,48,27,0
"PUNJAB","MANDI BAHAUDDIN","50 - 54","MARRIED",65487,30717,34770,0,53429,25164,28265,0,12058,5553,6505,0
"PUNJAB","MANDI BAHAUDDIN","50 - 54","NEVER MARRIED",1297,463,823,11,1045,374,665,6,252,89,158,5
"PUNJAB","MANDI BAHAUDDIN","50 - 54","SEPERATION",219,99,120,0,178,74,104,0,41,25,16,0
"PUNJAB","MANDI BAHAUDDIN","50 - 54","WIDOWED",5405,4076,1329,0,4250,3135,1115,0,1155,941,214,0
"PUNJAB","MANDI BAHAUDDIN","55 - 59","DIVORCED",350,232,118,0,286,188,98,0,64,44,20,0
"PUNJAB","MANDI BAHAUDDIN","55 - 59","MARRIED",54014,23225,30789,0,44445,19104,25341,0,9569,4121,5448,0
"PUNJAB","MANDI BAHAUDDIN","55 - 59","NEVER MARRIED",997,333,663,1,808,264,543,1,189,69,120,0
"PUNJAB","MANDI BAHAUDDIN","55 - 59","SEPERATION",177,82,95,0,150,68,82,0,27,14,13,0
"PUNJAB","MANDI BAHAUDDIN","55 - 59","WIDOWED",6451,4692,1759,0,5047,3583,1464,0,1404,1109,295,0
"PUNJAB","MANDI BAHAUDDIN","60 - 64","DIVORCED",248,151,97,0,206,128,78,0,42,23,19,0
"PUNJAB","MANDI BAHAUDDIN","60 - 64","MARRIED",40728,16637,24091,0,33675,13921,19754,0,7053,2716,4337,0
"PUNJAB","MANDI BAHAUDDIN","60 - 64","NEVER MARRIED",887,293,591,3,782,251,530,1,105,42,61,2
"PUNJAB","MANDI BAHAUDDIN","60 - 64","SEPERATION",134,61,73,0,116,48,68,0,18,13,5,0
"PUNJAB","MANDI BAHAUDDIN","60 - 64","WIDOWED",7593,5311,2282,0,5918,4066,1852,0,1675,1245,430,0
"PUNJAB","MANDI BAHAUDDIN","65 - 69","DIVORCED",174,104,70,0,151,84,67,0,23,20,3,0
"PUNJAB","MANDI BAHAUDDIN","65 - 69","MARRIED",29525,11452,18073,0,24802,9694,15108,0,4723,1758,2965,0
"PUNJAB","MANDI BAHAUDDIN","65 - 69","NEVER MARRIED",551,180,368,3,479,144,333,2,72,36,35,1
"PUNJAB","MANDI BAHAUDDIN","65 - 69","SEPERATION",80,42,38,0,67,34,33,0,13,8,5,0
"PUNJAB","MANDI BAHAUDDIN","65 - 69","WIDOWED",8094,5365,2729,0,6455,4237,2218,0,1639,1128,511,0
"PUNJAB","MANDI BAHAUDDIN","70 - 74","DIVORCED",68,34,34,0,62,31,31,0,6,3,3,0
"PUNJAB","MANDI BAHAUDDIN","70 - 74","MARRIED",17563,5928,11635,0,15149,5213,9936,0,2414,715,1699,0
"PUNJAB","MANDI BAHAUDDIN","70 - 74","NEVER MARRIED",321,104,217,0,292,91,201,0,29,13,16,0
"PUNJAB","MANDI BAHAUDDIN","70 - 74","SEPERATION",50,18,32,0,48,17,31,0,2,1,1,0
"PUNJAB","MANDI BAHAUDDIN","70 - 74","WIDOWED",7361,4510,2851,0,6090,3696,2394,0,1271,814,457,0
"PUNJAB","MANDI BAHAUDDIN","75 & ABOVE","DIVORCED",78,36,42,0,68,29,39,0,10,7,3,0
"PUNJAB","MANDI BAHAUDDIN","75 & ABOVE","MARRIED",17655,5844,11811,0,15709,5238,10471,0,1946,606,1340,0
"PUNJAB","MANDI BAHAUDDIN","75 & ABOVE","NEVER MARRIED",356,101,255,0,326,88,238,0,30,13,17,0
"PUNJAB","MANDI BAHAUDDIN","75 & ABOVE","SEPERATION",40,15,25,0,38,15,23,0,2,0,2,0
"PUNJAB","MANDI BAHAUDDIN","75 & ABOVE","WIDOWED",13407,7924,5483,0,11469,6713,4756,0,1938,1211,727,0
"PUNJAB","MIANWALI","15 &  ABOVE","DIVORCED",4791,3742,1049,0,3695,2934,761,0,1096,808,288,0
"PUNJAB","MIANWALI","15 &  ABOVE","MARRIED",743182,378234,364948,0,589909,301036,288873,0,153273,77198,76075,0
"PUNJAB","MIANWALI","15 &  ABOVE","NEVER MARRIED",343364,143733,199568,63,269579,112764,156791,24,73785,30969,42777,39
"PUNJAB","MIANWALI","15 &  ABOVE","SEPERATION",1835,1092,743,0,1460,894,566,0,375,198,177,0
"PUNJAB","MIANWALI","15 &  ABOVE","WIDOWED",49088,37674,11414,0,37933,28948,8985,0,11155,8726,2429,0
"PUNJAB","MIANWALI","15 - 19","DIVORCED",56,45,11,0,48,40,8,0,8,5,3,0
"PUNJAB","MIANWALI","15 - 19","MARRIED",12378,9208,3170,0,10382,7696,2686,0,1996,1512,484,0
"PUNJAB","MIANWALI","15 - 19","NEVER MARRIED",162765,74115,88640,10,131266,59582,71678,6,31499,14533,16962,4
"PUNJAB","MIANWALI","15 - 19","SEPERATION",27,20,7,0,24,18,6,0,3,2,1,0
"PUNJAB","MIANWALI","15 - 19","WIDOWED",44,24,20,0,37,18,19,0,7,6,1,0
"PUNJAB","MIANWALI","20 - 24","DIVORCED",278,226,52,0,231,184,47,0,47,42,5,0
"PUNJAB","MIANWALI","20 - 24","MARRIED",54434,36417,18017,0,44847,29710,15137,0,9587,6707,2880,0
"PUNJAB","MIANWALI","20 - 24","NEVER MARRIED",97696,38463,59218,15,76556,29811,46738,7,21140,8652,12480,8
"PUNJAB","MIANWALI","20 - 24","SEPERATION",102,70,32,0,86,57,29,0,16,13,3,0
"PUNJAB","MIANWALI","20 - 24","WIDOWED",198,121,77,0,164,102,62,0,34,19,15,0
"PUNJAB","MIANWALI","25 - 29","DIVORCED",601,461,140,0,472,364,108,0,129,97,32,0
"PUNJAB","MIANWALI","25 - 29","MARRIED",96222,55599,40623,0,77917,44708,33209,0,18305,10891,7414,0
"PUNJAB","MIANWALI","25 - 29","NEVER MARRIED",45950,15848,30092,10,34932,11957,22975,0,11018,3891,7117,10
"PUNJAB","MIANWALI","25 - 29","SEPERATION",197,106,91,0,152,81,71,0,45,25,20,0
"PUNJAB","MIANWALI","25 - 29","WIDOWED",455,273,182,0,363,213,150,0,92,60,32,0
"PUNJAB","MIANWALI","30 - 34","DIVORCED",699,534,165,0,531,407,124,0,168,127,41,0
"PUNJAB","MIANWALI","30 - 34","MARRIED",109270,58857,50413,0,86372,46318,40054,0,22898,12539,10359,0
"PUNJAB","MIANWALI","30 - 34","NEVER MARRIED",16635,5841,10790,4,12229,4333,7894,2,4406,1508,2896,2
"PUNJAB","MIANWALI","30 - 34","SEPERATION",243,141,102,0,195,119,76,0,48,22,26,0
"PUNJAB","MIANWALI","30 - 34","WIDOWED",775,575,200,0,612,454,158,0,163,121,42,0
"PUNJAB","MIANWALI","35 - 39","DIVORCED",715,563,152,0,547,438,109,0,168,125,43,0
"PUNJAB","MIANWALI","35 - 39","MARRIED",105569,53372,52197,0,82721,41838,40883,0,22848,11534,11314,0
"PUNJAB","MIANWALI","35 - 39","NEVER MARRIED",7678,3022,4648,8,5529,2273,3254,2,2149,749,1394,6
"PUNJAB","MIANWALI","35 - 39","SEPERATION",241,143,98,0,185,112,73,0,56,31,25,0
"PUNJAB","MIANWALI","35 - 39","WIDOWED",1335,1039,296,0,1044,810,234,0,291,229,62,0
"PUNJAB","MIANWALI","40 - 44","DIVORCED",624,502,122,0,484,395,89,0,140,107,33,0
"PUNJAB","MIANWALI","40 - 44","MARRIED",90362,44640,45722,0,70717,35168,35549,0,19645,9472,10173,0
"PUNJAB","MIANWALI","40 - 44","NEVER MARRIED",4259,1919,2336,4,3082,1436,1644,2,1177,483,692,2
"PUNJAB","MIANWALI","40 - 44","SEPERATION",232,125,107,0,183,103,80,0,49,22,27,0
"PUNJAB","MIANWALI","40 - 44","WIDOWED",2166,1829,337,0,1700,1430,270,0,466,399,67,0
"PUNJAB","MIANWALI","45 - 49","DIVORCED",542,426,116,0,418,338,80,0,124,88,36,0
"PUNJAB","MIANWALI","45 - 49","MARRIED",70577,33781,36796,0,54973,26575,28398,0,15604,7206,8398,0
"PUNJAB","MIANWALI","45 - 49","NEVER MARRIED",2627,1224,1398,5,1843,899,942,2,784,325,456,3
"PUNJAB","MIANWALI","45 - 49","SEPERATION",193,104,89,0,148,85,63,0,45,19,26,0
"PUNJAB","MIANWALI","45 - 49","WIDOWED",2868,2414,454,0,2212,1855,357,0,656,559,97,0
"PUNJAB","MIANWALI","50 - 54","DIVORCED",416,320,96,0,302,241,61,0,114,79,35,0
"PUNJAB","MIANWALI","50 - 54","MARRIED",59903,28238,31665,0,47186,22503,24683,0,12717,5735,6982,0
"PUNJAB","MIANWALI","50 - 54","NEVER MARRIED",1847,1020,824,3,1314,758,554,2,533,262,270,1
"PUNJAB","MIANWALI","50 - 54","SEPERATION",185,113,72,0,152,95,57,0,33,18,15,0
"PUNJAB","MIANWALI","50 - 54","WIDOWED",4504,3832,672,0,3439,2919,520,0,1065,913,152,0
"PUNJAB","MIANWALI","55 - 59","DIVORCED",305,235,70,0,237,188,49,0,68,47,21,0
"PUNJAB","MIANWALI","55 - 59","MARRIED",50596,22395,28201,0,39976,17825,22151,0,10620,4570,6050,0
"PUNJAB","MIANWALI","55 - 59","NEVER MARRIED",1344,766,576,2,977,583,394,0,367,183,182,2
"PUNJAB","MIANWALI","55 - 59","SEPERATION",146,96,50,0,116,80,36,0,30,16,14,0
"PUNJAB","MIANWALI","55 - 59","WIDOWED",5390,4411,979,0,4079,3314,765,0,1311,1097,214,0
"PUNJAB","MIANWALI","60 - 64","DIVORCED",249,190,59,0,181,145,36,0,68,45,23,0
"PUNJAB","MIANWALI","60 - 64","MARRIED",38002,15539,22463,0,30153,12420,17733,0,7849,3119,4730,0
"PUNJAB","MIANWALI","60 - 64","NEVER MARRIED",1055,614,440,1,784,490,294,0,271,124,146,1
"PUNJAB","MIANWALI","60 - 64","SEPERATION",118,81,37,0,95,66,29,0,23,15,8,0
"PUNJAB","MIANWALI","60 - 64","WIDOWED",6826,5452,1374,0,5209,4149,1060,0,1617,1303,314,0
"PUNJAB","MIANWALI","65 - 69","DIVORCED",162,137,25,0,127,112,15,0,35,25,10,0
"PUNJAB","MIANWALI","65 - 69","MARRIED",25723,10582,15141,0,20215,8376,11839,0,5508,2206,3302,0
"PUNJAB","MIANWALI","65 - 69","NEVER MARRIED",743,469,274,0,497,315,182,0,246,154,92,0
"PUNJAB","MIANWALI","65 - 69","SEPERATION",69,44,25,0,58,39,19,0,11,5,6,0
"PUNJAB","MIANWALI","65 - 69","WIDOWED",6991,5446,1545,0,5218,4033,1185,0,1773,1413,360,0
"PUNJAB","MIANWALI","70 - 74","DIVORCED",88,61,27,0,70,48,22,0,18,13,5,0
"PUNJAB","MIANWALI","70 - 74","MARRIED",16323,5440,10883,0,13079,4459,8620,0,3244,981,2263,0
"PUNJAB","MIANWALI","70 - 74","NEVER MARRIED",427,235,191,1,318,176,141,1,109,59,50,0
"PUNJAB","MIANWALI","70 - 74","SEPERATION",46,30,16,0,34,22,12,0,12,8,4,0
"PUNJAB","MIANWALI","70 - 74","WIDOWED",6790,4926,1864,0,5248,3792,1456,0,1542,1134,408,0
"PUNJAB","MIANWALI","75 & ABOVE","DIVORCED",56,42,14,0,47,34,13,0,9,8,1,0
"PUNJAB","MIANWALI","75 & ABOVE","MARRIED",13823,4166,9657,0,11371,3440,7931,0,2452,726,1726,0
"PUNJAB","MIANWALI","75 & ABOVE","NEVER MARRIED",338,197,141,0,252,151,101,0,86,46,40,0
"PUNJAB","MIANWALI","75 & ABOVE","SEPERATION",36,19,17,0,32,17,15,0,4,2,2,0
"PUNJAB","MIANWALI","75 & ABOVE","WIDOWED",10746,7332,3414,0,8608,5859,2749,0,2138,1473,665,0
"PUNJAB","MULTAN","15 &  ABOVE","DIVORCED",14058,9254,4804,0,6878,4571,2307,0,7180,4683,2497,0
"PUNJAB","MULTAN","15 &  ABOVE","MARRIED",2186181,1092730,1093451,0,1166396,585769,580627,0,1019785,506961,512824,0
"PUNJAB","MULTAN","15 &  ABOVE","NEVER MARRIED",957437,400519,556522,396,453268,187048,266092,128,504169,213471,290430,268
"PUNJAB","MULTAN","15 &  ABOVE","SEPERATION",7343,4080,3263,0,4290,2452,1838,0,3053,1628,1425,0
"PUNJAB","MULTAN","15 &  ABOVE","WIDOWED",143991,105755,38236,0,75963,55550,20413,0,68028,50205,17823,0
"PUNJAB","MULTAN","15 - 19","DIVORCED",212,174,38,0,139,113,26,0,73,61,12,0
"PUNJAB","MULTAN","15 - 19","MARRIED",47338,35315,12023,0,32348,23820,8528,0,14990,11495,3495,0
"PUNJAB","MULTAN","15 - 19","NEVER MARRIED",486393,227246,259095,52,252061,116603,135442,16,234332,110643,123653,36
"PUNJAB","MULTAN","15 - 19","SEPERATION",187,122,65,0,122,84,38,0,65,38,27,0
"PUNJAB","MULTAN","15 - 19","WIDOWED",107,67,40,0,63,39,24,0,44,28,16,0
"PUNJAB","MULTAN","20 - 24","DIVORCED",1118,834,284,0,614,446,168,0,504,388,116,0
"PUNJAB","MULTAN","20 - 24","MARRIED",192065,127186,64879,0,118491,76316,42175,0,73574,50870,22704,0
"PUNJAB","MULTAN","20 - 24","NEVER MARRIED",279055,106930,172058,67,124608,45328,79262,18,154447,61602,92796,49
"PUNJAB","MULTAN","20 - 24","SEPERATION",591,385,206,0,403,263,140,0,188,122,66,0
"PUNJAB","MULTAN","20 - 24","WIDOWED",655,384,271,0,429,248,181,0,226,136,90,0
"PUNJAB","MULTAN","25 - 29","DIVORCED",1863,1260,603,0,922,605,317,0,941,655,286,0
"PUNJAB","MULTAN","25 - 29","MARRIED",291105,162781,128324,0,160871,86759,74112,0,130234,76022,54212,0
"PUNJAB","MULTAN","25 - 29","NEVER MARRIED",113158,39212,73881,65,46006,14629,31357,20,67152,24583,42524,45
"PUNJAB","MULTAN","25 - 29","SEPERATION",842,466,376,0,545,293,252,0,297,173,124,0
"PUNJAB","MULTAN","25 - 29","WIDOWED",1527,934,593,0,905,535,370,0,622,399,223,0
"PUNJAB","MULTAN","30 - 34","DIVORCED",2328,1573,755,0,1104,732,372,0,1224,841,383,0
"PUNJAB","MULTAN","30 - 34","MARRIED",326240,171143,155097,0,171514,89064,82450,0,154726,82079,72647,0
"PUNJAB","MULTAN","30 - 34","NEVER MARRIED",39580,14353,25177,50,15735,5557,10160,18,23845,8796,15017,32
"PUNJAB","MULTAN","30 - 34","SEPERATION",1058,625,433,0,639,376,263,0,419,249,170,0
"PUNJAB","MULTAN","30 - 34","WIDOWED",2854,1982,872,0,1577,1069,508,0,1277,913,364,0
"PUNJAB","MULTAN","35 - 39","DIVORCED",2441,1594,847,0,1153,763,390,0,1288,831,457,0
"PUNJAB","MULTAN","35 - 39","MARRIED",319101,157629,161472,0,162508,80376,82132,0,156593,77253,79340,0
"PUNJAB","MULTAN","35 - 39","NEVER MARRIED",17850,5453,12348,49,6834,2052,4766,16,11016,3401,7582,33
"PUNJAB","MULTAN","35 - 39","SEPERATION",1105,604,501,0,597,323,274,0,508,281,227,0
"PUNJAB","MULTAN","35 - 39","WIDOWED",4907,3604,1303,0,2694,1967,727,0,2213,1637,576,0
"PUNJAB","MULTAN","40 - 44","DIVORCED",2013,1303,710,0,962,630,332,0,1051,673,378,0
"PUNJAB","MULTAN","40 - 44","MARRIED",289126,137419,151707,0,151509,72255,79254,0,137617,65164,72453,0
"PUNJAB","MULTAN","40 - 44","NEVER MARRIED",8908,2838,6035,35,3454,1126,2311,17,5454,1712,3724,18
"PUNJAB","MULTAN","40 - 44","SEPERATION",1025,563,462,0,564,334,230,0,461,229,232,0
"PUNJAB","MULTAN","40 - 44","WIDOWED",8186,6465,1721,0,4462,3477,985,0,3724,2988,736,0
"PUNJAB","MULTAN","45 - 49","DIVORCED",1409,881,528,0,638,424,214,0,771,457,314,0
"PUNJAB","MULTAN","45 - 49","MARRIED",215616,97720,117896,0,108343,49601,58742,0,107273,48119,59154,0
"PUNJAB","MULTAN","45 - 49","NEVER MARRIED",5069,1647,3398,24,1843,626,1210,7,3226,1021,2188,17
"PUNJAB","MULTAN","45 - 49","SEPERATION",784,412,372,0,413,229,184,0,371,183,188,0
"PUNJAB","MULTAN","45 - 49","WIDOWED",11295,8904,2391,0,5932,4609,1323,0,5363,4295,1068,0
"PUNJAB","MULTAN","50 - 54","DIVORCED",1041,665,376,0,515,342,173,0,526,323,203,0
"PUNJAB","MULTAN","50 - 54","MARRIED",168715,74768,93947,0,85776,38950,46826,0,82939,35818,47121,0
"PUNJAB","MULTAN","50 - 54","NEVER MARRIED",2765,1041,1701,23,1037,432,597,8,1728,609,1104,15
"PUNJAB","MULTAN","50 - 54","SEPERATION",618,327,291,0,358,199,159,0,260,128,132,0
"PUNJAB","MULTAN","50 - 54","WIDOWED",16173,12804,3369,0,8284,6515,1769,0,7889,6289,1600,0
"PUNJAB","MULTAN","55 - 59","DIVORCED",677,393,284,0,331,208,123,0,346,185,161,0
"PUNJAB","MULTAN","55 - 59","MARRIED",126820,51895,74925,0,64181,26609,37572,0,62639,25286,37353,0
"PUNJAB","MULTAN","55 - 59","NEVER MARRIED",1915,670,1231,14,645,250,391,4,1270,420,840,10
"PUNJAB","MULTAN","55 - 59","SEPERATION",460,243,217,0,259,145,114,0,201,98,103,0
"PUNJAB","MULTAN","55 - 59","WIDOWED",17912,13772,4140,0,8984,6789,2195,0,8928,6983,1945,0
"PUNJAB","MULTAN","60 - 64","DIVORCED",461,289,172,0,223,141,82,0,238,148,90,0
"PUNJAB","MULTAN","60 - 64","MARRIED",90699,35629,55070,0,46070,18668,27402,0,44629,16961,27668,0
"PUNJAB","MULTAN","60 - 64","NEVER MARRIED",1240,500,733,7,476,219,257,0,764,281,476,7
"PUNJAB","MULTAN","60 - 64","SEPERATION",310,167,143,0,174,104,70,0,136,63,73,0
"PUNJAB","MULTAN","60 - 64","WIDOWED",20867,15693,5174,0,10512,7940,2572,0,10355,7753,2602,0
"PUNJAB","MULTAN","65 - 69","DIVORCED",268,163,105,0,145,96,49,0,123,67,56,0
"PUNJAB","MULTAN","65 - 69","MARRIED",59476,23313,36163,0,30978,12797,18181,0,28498,10516,17982,0
"PUNJAB","MULTAN","65 - 69","NEVER MARRIED",777,344,429,4,289,119,169,1,488,225,260,3
"PUNJAB","MULTAN","65 - 69","SEPERATION",176,90,86,0,104,58,46,0,72,32,40,0
"PUNJAB","MULTAN","65 - 69","WIDOWED",20497,15290,5207,0,10432,7870,2562,0,10065,7420,2645,0
"PUNJAB","MULTAN","70 - 74","DIVORCED",135,80,55,0,76,46,30,0,59,34,25,0
"PUNJAB","MULTAN","70 - 74","MARRIED",34272,10699,23573,0,18995,6290,12705,0,15277,4409,10868,0
"PUNJAB","MULTAN","70 - 74","NEVER MARRIED",397,152,244,1,158,61,97,0,239,91,147,1
"PUNJAB","MULTAN","70 - 74","SEPERATION",105,46,59,0,63,28,35,0,42,18,24,0
"PUNJAB","MULTAN","70 - 74","WIDOWED",17468,11984,5484,0,9562,6640,2922,0,7906,5344,2562,0
"PUNJAB","MULTAN","75 & ABOVE","DIVORCED",92,45,47,0,56,25,31,0,36,20,16,0
"PUNJAB","MULTAN","75 & ABOVE","MARRIED",25608,7233,18375,0,14812,4264,10548,0,10796,2969,7827,0
"PUNJAB","MULTAN","75 & ABOVE","NEVER MARRIED",330,133,192,5,122,46,73,3,208,87,119,2
"PUNJAB","MULTAN","75 & ABOVE","SEPERATION",82,30,52,0,49,16,33,0,33,14,19,0
"PUNJAB","MULTAN","75 & ABOVE","WIDOWED",21543,13872,7671,0,12127,7852,4275,0,9416,6020,3396,0
"PUNJAB","MUZAFFARGARH","15 &  ABOVE","DIVORCED",6853,4867,1986,0,5205,3705,1500,0,1648,1162,486,0
"PUNJAB","MUZAFFARGARH","15 &  ABOVE","MARRIED",1920249,966098,954151,0,1556553,783782,772771,0,363696,182316,181380,0
"PUNJAB","MUZAFFARGARH","15 &  ABOVE","NEVER MARRIED",718615,299750,418764,101,554286,228652,325575,59,164329,71098,93189,42
"PUNJAB","MUZAFFARGARH","15 &  ABOVE","SEPERATION",4670,2638,2032,0,3768,2147,1621,0,902,491,411,0
"PUNJAB","MUZAFFARGARH","15 &  ABOVE","WIDOWED",94336,71356,22980,0,73092,54967,18125,0,21244,16389,4855,0
"PUNJAB","MUZAFFARGARH","15 - 19","DIVORCED",184,137,47,0,150,114,36,0,34,23,11,0
"PUNJAB","MUZAFFARGARH","15 - 19","MARRIED",66967,47596,19371,0,58617,41389,17228,0,8350,6207,2143,0
"PUNJAB","MUZAFFARGARH","15 - 19","NEVER MARRIED",436320,199791,236505,24,348367,158655,189695,17,87953,41136,46810,7
"PUNJAB","MUZAFFARGARH","15 - 19","SEPERATION",178,110,68,0,156,97,59,0,22,13,9,0
"PUNJAB","MUZAFFARGARH","15 - 19","WIDOWED",152,81,71,0,128,65,63,0,24,16,8,0
"PUNJAB","MUZAFFARGARH","20 - 24","DIVORCED",654,480,174,0,523,374,149,0,131,106,25,0
"PUNJAB","MUZAFFARGARH","20 - 24","MARRIED",218491,135715,82776,0,186156,114271,71885,0,32335,21444,10891,0
"PUNJAB","MUZAFFARGARH","20 - 24","NEVER MARRIED",178237,61960,116262,15,133248,44068,89173,7,44989,17892,27089,8
"PUNJAB","MUZAFFARGARH","20 - 24","SEPERATION",442,268,174,0,379,228,151,0,63,40,23,0
"PUNJAB","MUZAFFARGARH","20 - 24","WIDOWED",631,375,256,0,537,312,225,0,94,63,31,0
"PUNJAB","MUZAFFARGARH","25 - 29","DIVORCED",949,649,300,0,712,474,238,0,237,175,62,0
"PUNJAB","MUZAFFARGARH","25 - 29","MARRIED",271165,145306,125859,0,221311,117039,104272,0,49854,28267,21587,0
"PUNJAB","MUZAFFARGARH","25 - 29","NEVER MARRIED",64082,21834,42239,9,44890,14670,30215,5,19192,7164,12024,4
"PUNJAB","MUZAFFARGARH","25 - 29","SEPERATION",623,359,264,0,519,297,222,0,104,62,42,0
"PUNJAB","MUZAFFARGARH","25 - 29","WIDOWED",1303,810,493,0,1048,633,415,0,255,177,78,0
"PUNJAB","MUZAFFARGARH","30 - 34","DIVORCED",1062,760,302,0,800,572,228,0,262,188,74,0
"PUNJAB","MUZAFFARGARH","30 - 34","MARRIED",273513,139565,133948,0,218722,111205,107517,0,54791,28360,26431,0
"PUNJAB","MUZAFFARGARH","30 - 34","NEVER MARRIED",21257,9580,11669,8,14753,6622,8125,6,6504,2958,3544,2
"PUNJAB","MUZAFFARGARH","30 - 34","SEPERATION",587,322,265,0,470,261,209,0,117,61,56,0
"PUNJAB","MUZAFFARGARH","30 - 34","WIDOWED",2118,1475,643,0,1682,1165,517,0,436,310,126,0
"PUNJAB","MUZAFFARGARH","35 - 39","DIVORCED",1099,773,326,0,839,603,236,0,260,170,90,0
"PUNJAB","MUZAFFARGARH","35 - 39","MARRIED",262984,128793,134191,0,210131,103022,107109,0,52853,25771,27082,0
"PUNJAB","MUZAFFARGARH","35 - 39","NEVER MARRIED",8872,2889,5972,11,6120,2031,4082,7,2752,858,1890,4
"PUNJAB","MUZAFFARGARH","35 - 39","SEPERATION",622,339,283,0,484,270,214,0,138,69,69,0
"PUNJAB","MUZAFFARGARH","35 - 39","WIDOWED",3444,2592,852,0,2740,2037,703,0,704,555,149,0
"PUNJAB","MUZAFFARGARH","40 - 44","DIVORCED",966,701,265,0,737,542,195,0,229,159,70,0
"PUNJAB","MUZAFFARGARH","40 - 44","MARRIED",241136,116979,124157,0,193875,94436,99439,0,47261,22543,24718,0
"PUNJAB","MUZAFFARGARH","40 - 44","NEVER MARRIED",4357,1521,2830,6,3104,1098,2003,3,1253,423,827,3
"PUNJAB","MUZAFFARGARH","40 - 44","SEPERATION",574,342,232,0,458,275,183,0,116,67,49,0
"PUNJAB","MUZAFFARGARH","40 - 44","WIDOWED",5866,4724,1142,0,4651,3724,927,0,1215,1000,215,0
"PUNJAB","MUZAFFARGARH","45 - 49","DIVORCED",631,449,182,0,455,331,124,0,176,118,58,0
"PUNJAB","MUZAFFARGARH","45 - 49","MARRIED",168438,77500,90938,0,133299,61563,71736,0,35139,15937,19202,0
"PUNJAB","MUZAFFARGARH","45 - 49","NEVER MARRIED",2268,816,1446,6,1540,574,962,4,728,242,484,2
"PUNJAB","MUZAFFARGARH","45 - 49","SEPERATION",431,247,184,0,340,201,139,0,91,46,45,0
"PUNJAB","MUZAFFARGARH","45 - 49","WIDOWED",7260,5925,1335,0,5586,4550,1036,0,1674,1375,299,0
"PUNJAB","MUZAFFARGARH","50 - 54","DIVORCED",518,380,138,0,383,283,100,0,135,97,38,0
"PUNJAB","MUZAFFARGARH","50 - 54","MARRIED",133294,61063,72231,0,105523,48720,56803,0,27771,12343,15428,0
"PUNJAB","MUZAFFARGARH","50 - 54","NEVER MARRIED",1241,510,724,7,869,368,500,1,372,142,224,6
"PUNJAB","MUZAFFARGARH","50 - 54","SEPERATION",394,224,170,0,309,178,131,0,85,46,39,0
"PUNJAB","MUZAFFARGARH","50 - 54","WIDOWED",9559,7885,1674,0,7345,6031,1314,0,2214,1854,360,0
"PUNJAB","MUZAFFARGARH","55 - 59","DIVORCED",291,204,87,0,215,151,64,0,76,53,23,0
"PUNJAB","MUZAFFARGARH","55 - 59","MARRIED",100345,42601,57744,0,79502,33994,45508,0,20843,8607,12236,0
"PUNJAB","MUZAFFARGARH","55 - 59","NEVER MARRIED",745,330,408,7,515,219,292,4,230,111,116,3
"PUNJAB","MUZAFFARGARH","55 - 59","SEPERATION",281,154,127,0,217,121,96,0,64,33,31,0
"PUNJAB","MUZAFFARGARH","55 - 59","WIDOWED",10145,7984,2161,0,7660,5997,1663,0,2485,1987,498,0
"PUNJAB","MUZAFFARGARH","60 - 64","DIVORCED",209,157,52,0,161,122,39,0,48,35,13,0
"PUNJAB","MUZAFFARGARH","60 - 64","MARRIED",72346,29796,42550,0,57623,23983,33640,0,14723,5813,8910,0
"PUNJAB","MUZAFFARGARH","60 - 64","NEVER MARRIED",522,232,287,3,347,146,200,1,175,86,87,2
"PUNJAB","MUZAFFARGARH","60 - 64","SEPERATION",217,115,102,0,178,98,80,0,39,17,22,0
"PUNJAB","MUZAFFARGARH","60 - 64","WIDOWED",11953,9308,2645,0,8976,6998,1978,0,2977,2310,667,0
"PUNJAB","MUZAFFARGARH","65 - 69","DIVORCED",139,91,48,0,107,66,41,0,32,25,7,0
"PUNJAB","MUZAFFARGARH","65 - 69","MARRIED",50216,21510,28706,0,40607,17638,22969,0,9609,3872,5737,0
"PUNJAB","MUZAFFARGARH","65 - 69","NEVER MARRIED",311,129,180,2,226,88,137,1,85,41,43,1
"PUNJAB","MUZAFFARGARH","65 - 69","SEPERATION",128,71,57,0,103,55,48,0,25,16,9,0
"PUNJAB","MUZAFFARGARH","65 - 69","WIDOWED",12776,9998,2778,0,9695,7584,2111,0,3081,2414,667,0
"PUNJAB","MUZAFFARGARH","70 - 74","DIVORCED",81,47,34,0,62,37,25,0,19,10,9,0
"PUNJAB","MUZAFFARGARH","70 - 74","MARRIED",33225,11477,21748,0,27552,9597,17955,0,5673,1880,3793,0
"PUNJAB","MUZAFFARGARH","70 - 74","NEVER MARRIED",203,85,116,2,155,60,93,2,48,25,23,0
"PUNJAB","MUZAFFARGARH","70 - 74","SEPERATION",109,56,53,0,85,40,45,0,24,16,8,0
"PUNJAB","MUZAFFARGARH","70 - 74","WIDOWED",12217,8933,3284,0,9514,6973,2541,0,2703,1960,743,0
"PUNJAB","MUZAFFARGARH","75 & ABOVE","DIVORCED",70,39,31,0,61,36,25,0,9,3,6,0
"PUNJAB","MUZAFFARGARH","75 & ABOVE","MARRIED",28129,8197,19932,0,23635,6925,16710,0,4494,1272,3222,0
"PUNJAB","MUZAFFARGARH","75 & ABOVE","NEVER MARRIED",200,73,126,1,152,53,98,1,48,20,28,0
"PUNJAB","MUZAFFARGARH","75 & ABOVE","SEPERATION",84,31,53,0,70,26,44,0,14,5,9,0
"PUNJAB","MUZAFFARGARH","75 & ABOVE","WIDOWED",16912,11266,5646,0,13530,8898,4632,0,3382,2368,1014,0
"PUNJAB","NANKANA SAHIB","15 &  ABOVE","DIVORCED",4885,3101,1784,0,3888,2473,1415,0,997,628,369,0
"PUNJAB","NANKANA SAHIB","15 &  ABOVE","MARRIED",655150,330006,325144,0,524981,263736,261245,0,130169,66270,63899,0
"PUNJAB","NANKANA SAHIB","15 &  ABOVE","NEVER MARRIED",308598,132248,176272,78,241645,102475,139139,31,66953,29773,37133,47
"PUNJAB","NANKANA SAHIB","15 &  ABOVE","SEPERATION",1675,872,803,0,1395,727,668,0,280,145,135,0
"PUNJAB","NANKANA SAHIB","15 &  ABOVE","WIDOWED",42540,28023,14517,0,33722,21933,11789,0,8818,6090,2728,0
"PUNJAB","NANKANA SAHIB","15 - 19","DIVORCED",97,77,20,0,86,67,19,0,11,10,1,0
"PUNJAB","NANKANA SAHIB","15 - 19","MARRIED",10270,7291,2979,0,8861,6278,2583,0,1409,1013,396,0
"PUNJAB","NANKANA SAHIB","15 - 19","NEVER MARRIED",152543,73107,79432,4,120780,57643,63133,4,31763,15464,16299,0
"PUNJAB","NANKANA SAHIB","15 - 19","SEPERATION",33,25,8,0,28,22,6,0,5,3,2,0
"PUNJAB","NANKANA SAHIB","15 - 19","WIDOWED",32,17,15,0,22,11,11,0,10,6,4,0
"PUNJAB","NANKANA SAHIB","20 - 24","DIVORCED",436,308,128,0,345,238,107,0,91,70,21,0
"PUNJAB","NANKANA SAHIB","20 - 24","MARRIED",48502,32778,15724,0,40373,27071,13302,0,8129,5707,2422,0
"PUNJAB","NANKANA SAHIB","20 - 24","NEVER MARRIED",90654,36657,53991,6,70573,27902,42670,1,20081,8755,11321,5
"PUNJAB","NANKANA SAHIB","20 - 24","SEPERATION",124,75,49,0,106,63,43,0,18,12,6,0
"PUNJAB","NANKANA SAHIB","20 - 24","WIDOWED",191,106,85,0,162,93,69,0,29,13,16,0
"PUNJAB","NANKANA SAHIB","25 - 29","DIVORCED",650,437,213,0,512,336,176,0,138,101,37,0
"PUNJAB","NANKANA SAHIB","25 - 29","MARRIED",86323,50517,35806,0,69886,40544,29342,0,16437,9973,6464,0
"PUNJAB","NANKANA SAHIB","25 - 29","NEVER MARRIED",38936,13501,25429,6,29860,10013,19845,2,9076,3488,5584,4
"PUNJAB","NANKANA SAHIB","25 - 29","SEPERATION",222,120,102,0,190,100,90,0,32,20,12,0
"PUNJAB","NANKANA SAHIB","25 - 29","WIDOWED",422,241,181,0,349,192,157,0,73,49,24,0
"PUNJAB","NANKANA SAHIB","30 - 34","DIVORCED",743,487,256,0,572,379,193,0,171,108,63,0
"PUNJAB","NANKANA SAHIB","30 - 34","MARRIED",94201,50649,43552,0,74695,39913,34782,0,19506,10736,8770,0
"PUNJAB","NANKANA SAHIB","30 - 34","NEVER MARRIED",12691,4618,8068,5,9605,3432,6171,2,3086,1186,1897,3
"PUNJAB","NANKANA SAHIB","30 - 34","SEPERATION",205,103,102,0,164,76,88,0,41,27,14,0
"PUNJAB","NANKANA SAHIB","30 - 34","WIDOWED",767,483,284,0,611,376,235,0,156,107,49,0
"PUNJAB","NANKANA SAHIB","35 - 39","DIVORCED",752,454,298,0,584,355,229,0,168,99,69,0
"PUNJAB","NANKANA SAHIB","35 - 39","MARRIED",92141,46070,46071,0,72948,36293,36655,0,19193,9777,9416,0
"PUNJAB","NANKANA SAHIB","35 - 39","NEVER MARRIED",5503,1544,3941,18,4227,1180,3041,6,1276,364,900,12
"PUNJAB","NANKANA SAHIB","35 - 39","SEPERATION",211,112,99,0,176,100,76,0,35,12,23,0
"PUNJAB","NANKANA SAHIB","35 - 39","WIDOWED",1288,922,366,0,1038,741,297,0,250,181,69,0
"PUNJAB","NANKANA SAHIB","40 - 44","DIVORCED",615,399,216,0,493,318,175,0,122,81,41,0
"PUNJAB","NANKANA SAHIB","40 - 44","MARRIED",84412,40621,43791,0,66759,31862,34897,0,17653,8759,8894,0
"PUNJAB","NANKANA SAHIB","40 - 44","NEVER MARRIED",2802,863,1928,11,2158,673,1479,6,644,190,449,5
"PUNJAB","NANKANA SAHIB","40 - 44","SEPERATION",199,99,100,0,163,77,86,0,36,22,14,0
"PUNJAB","NANKANA SAHIB","40 - 44","WIDOWED",2319,1783,536,0,1866,1404,462,0,453,379,74,0
"PUNJAB","NANKANA SAHIB","45 - 49","DIVORCED",518,308,210,0,411,250,161,0,107,58,49,0
"PUNJAB","NANKANA SAHIB","45 - 49","MARRIED",66760,30851,35909,0,52837,24397,28440,0,13923,6454,7469,0
"PUNJAB","NANKANA SAHIB","45 - 49","NEVER MARRIED",1883,600,1273,10,1477,492,982,3,406,108,291,7
"PUNJAB","NANKANA SAHIB","45 - 49","SEPERATION",209,110,99,0,163,91,72,0,46,19,27,0
"PUNJAB","NANKANA SAHIB","45 - 49","WIDOWED",3027,2269,758,0,2340,1743,597,0,687,526,161,0
"PUNJAB","NANKANA SAHIB","50 - 54","DIVORCED",385,251,134,0,312,208,104,0,73,43,30,0
"PUNJAB","NANKANA SAHIB","50 - 54","MARRIED",52412,23644,28768,0,41290,18677,22613,0,11122,4967,6155,0
"PUNJAB","NANKANA SAHIB","50 - 54","NEVER MARRIED",1168,457,704,7,942,375,565,2,226,82,139,5
"PUNJAB","NANKANA SAHIB","50 - 54","SEPERATION",153,74,79,0,128,61,67,0,25,13,12,0
"PUNJAB","NANKANA SAHIB","50 - 54","WIDOWED",4270,3185,1085,0,3303,2431,872,0,967,754,213,0
"PUNJAB","NANKANA SAHIB","55 - 59","DIVORCED",262,151,111,0,216,128,88,0,46,23,23,0
"PUNJAB","NANKANA SAHIB","55 - 59","MARRIED",41954,17822,24132,0,33221,14185,19036,0,8733,3637,5096,0
"PUNJAB","NANKANA SAHIB","55 - 59","NEVER MARRIED",815,308,503,4,654,256,397,1,161,52,106,3
"PUNJAB","NANKANA SAHIB","55 - 59","SEPERATION",115,62,53,0,95,52,43,0,20,10,10,0
"PUNJAB","NANKANA SAHIB","55 - 59","WIDOWED",4899,3404,1495,0,3796,2583,1213,0,1103,821,282,0
"PUNJAB","NANKANA SAHIB","60 - 64","DIVORCED",192,109,83,0,154,88,66,0,38,21,17,0
"PUNJAB","NANKANA SAHIB","60 - 64","MARRIED",31988,13057,18931,0,25786,10594,15192,0,6202,2463,3739,0
"PUNJAB","NANKANA SAHIB","60 - 64","NEVER MARRIED",664,272,389,3,558,226,330,2,106,46,59,1
"PUNJAB","NANKANA SAHIB","60 - 64","SEPERATION",88,32,56,0,75,30,45,0,13,2,11,0
"PUNJAB","NANKANA SAHIB","60 - 64","WIDOWED",5933,4031,1902,0,4664,3141,1523,0,1269,890,379,0
"PUNJAB","NANKANA SAHIB","65 - 69","DIVORCED",123,64,59,0,108,56,52,0,15,8,7,0
"PUNJAB","NANKANA SAHIB","65 - 69","MARRIED",20984,8278,12706,0,17073,6823,10250,0,3911,1455,2456,0
"PUNJAB","NANKANA SAHIB","65 - 69","NEVER MARRIED",394,154,240,0,343,138,205,0,51,16,35,0
"PUNJAB","NANKANA SAHIB","65 - 69","SEPERATION",49,28,21,0,45,25,20,0,4,3,1,0
"PUNJAB","NANKANA SAHIB","65 - 69","WIDOWED",5631,3596,2035,0,4408,2815,1593,0,1223,781,442,0
"PUNJAB","NANKANA SAHIB","70 - 74","DIVORCED",55,29,26,0,49,28,21,0,6,1,5,0
"PUNJAB","NANKANA SAHIB","70 - 74","MARRIED",12313,4228,8085,0,10313,3562,6751,0,2000,666,1334,0
"PUNJAB","NANKANA SAHIB","70 - 74","NEVER MARRIED",249,86,161,2,203,74,128,1,46,12,33,1
"PUNJAB","NANKANA SAHIB","70 - 74","SEPERATION",34,19,15,0,30,18,12,0,4,1,3,0
"PUNJAB","NANKANA SAHIB","70 - 74","WIDOWED",5099,3048,2051,0,4088,2405,1683,0,1011,643,368,0
"PUNJAB","NANKANA SAHIB","75 & ABOVE","DIVORCED",57,27,30,0,46,22,24,0,11,5,6,0
"PUNJAB","NANKANA SAHIB","75 & ABOVE","MARRIED",12890,4200,8690,0,10939,3537,7402,0,1951,663,1288,0
"PUNJAB","NANKANA SAHIB","75 & ABOVE","NEVER MARRIED",296,81,213,2,265,71,193,1,31,10,20,1
"PUNJAB","NANKANA SAHIB","75 & ABOVE","SEPERATION",33,13,20,0,32,12,20,0,1,1,0,0
"PUNJAB","NANKANA SAHIB","75 & ABOVE","WIDOWED",8662,4938,3724,0,7075,3998,3077,0,1587,940,647,0
"PUNJAB","NAROWAL","15 &  ABOVE","DIVORCED",4787,2940,1847,0,4029,2412,1617,0,758,528,230,0
"PUNJAB","NAROWAL","15 &  ABOVE","MARRIED",774878,395471,379407,0,634039,323198,310841,0,140839,72273,68566,0
"PUNJAB","NAROWAL","15 &  ABOVE","NEVER MARRIED",393023,167184,225756,83,317982,134355,183583,44,75041,32829,42173,39
"PUNJAB","NAROWAL","15 &  ABOVE","SEPERATION",938,543,395,0,772,441,331,0,166,102,64,0
"PUNJAB","NAROWAL","15 &  ABOVE","WIDOWED",50765,34746,16019,0,42861,29178,13683,0,7904,5568,2336,0
"PUNJAB","NAROWAL","15 - 19","DIVORCED",40,33,7,0,35,29,6,0,5,4,1,0
"PUNJAB","NAROWAL","15 - 19","MARRIED",6420,4679,1741,0,5411,3959,1452,0,1009,720,289,0
"PUNJAB","NAROWAL","15 - 19","NEVER MARRIED",197049,94500,102539,10,161112,77437,83668,7,35937,17063,18871,3
"PUNJAB","NAROWAL","15 - 19","SEPERATION",18,11,7,0,11,6,5,0,7,5,2,0
"PUNJAB","NAROWAL","15 - 19","WIDOWED",33,18,15,0,31,18,13,0,2,0,2,0
"PUNJAB","NAROWAL","20 - 24","DIVORCED",367,279,88,0,323,245,78,0,44,34,10,0
"PUNJAB","NAROWAL","20 - 24","MARRIED",49668,35079,14589,0,42051,29645,12406,0,7617,5434,2183,0
"PUNJAB","NAROWAL","20 - 24","NEVER MARRIED",128252,52908,75332,12,103648,41973,61668,7,24604,10935,13664,5
"PUNJAB","NAROWAL","20 - 24","SEPERATION",71,48,23,0,64,42,22,0,7,6,1,0
"PUNJAB","NAROWAL","20 - 24","WIDOWED",168,99,69,0,140,80,60,0,28,19,9,0
"PUNJAB","NAROWAL","25 - 29","DIVORCED",689,464,225,0,580,380,200,0,109,84,25,0
"PUNJAB","NAROWAL","25 - 29","MARRIED",103234,61744,41490,0,86228,51243,34985,0,17006,10501,6505,0
"PUNJAB","NAROWAL","25 - 29","NEVER MARRIED",47170,14607,32556,7,37194,11063,26128,3,9976,3544,6428,4
"PUNJAB","NAROWAL","25 - 29","SEPERATION",111,76,35,0,91,62,29,0,20,14,6,0
"PUNJAB","NAROWAL","25 - 29","WIDOWED",402,228,174,0,336,190,146,0,66,38,28,0
"PUNJAB","NAROWAL","30 - 34","DIVORCED",811,479,332,0,680,393,287,0,131,86,45,0
"PUNJAB","NAROWAL","30 - 34","MARRIED",115028,61388,53640,0,94847,50147,44700,0,20181,11241,8940,0
"PUNJAB","NAROWAL","30 - 34","NEVER MARRIED",11195,2586,8601,8,8659,1891,6765,3,2536,695,1836,5
"PUNJAB","NAROWAL","30 - 34","SEPERATION",115,74,41,0,96,62,34,0,19,12,7,0
"PUNJAB","NAROWAL","30 - 34","WIDOWED",755,502,253,0,616,410,206,0,139,92,47,0
"PUNJAB","NAROWAL","35 - 39","DIVORCED",745,446,299,0,590,338,252,0,155,108,47,0
"PUNJAB","NAROWAL","35 - 39","MARRIED",110641,55511,55130,0,89903,44768,45135,0,20738,10743,9995,0
"PUNJAB","NAROWAL","35 - 39","NEVER MARRIED",3954,998,2948,8,3060,765,2290,5,894,233,658,3
"PUNJAB","NAROWAL","35 - 39","SEPERATION",126,58,68,0,105,48,57,0,21,10,11,0
"PUNJAB","NAROWAL","35 - 39","WIDOWED",1259,935,324,0,1027,746,281,0,232,189,43,0
"PUNJAB","NAROWAL","40 - 44","DIVORCED",646,412,234,0,530,331,199,0,116,81,35,0
"PUNJAB","NAROWAL","40 - 44","MARRIED",98305,48569,49736,0,79238,38994,40244,0,19067,9575,9492,0
"PUNJAB","NAROWAL","40 - 44","NEVER MARRIED",1889,562,1312,15,1445,424,1013,8,444,138,299,7
"PUNJAB","NAROWAL","40 - 44","SEPERATION",127,83,44,0,102,64,38,0,25,19,6,0
"PUNJAB","NAROWAL","40 - 44","WIDOWED",2119,1630,489,0,1764,1341,423,0,355,289,66,0
"PUNJAB","NAROWAL","45 - 49","DIVORCED",460,268,192,0,397,227,170,0,63,41,22,0
"PUNJAB","NAROWAL","45 - 49","MARRIED",76557,36202,40355,0,60933,28849,32084,0,15624,7353,8271,0
"PUNJAB","NAROWAL","45 - 49","NEVER MARRIED",1177,327,838,12,923,256,663,4,254,71,175,8
"PUNJAB","NAROWAL","45 - 49","SEPERATION",101,49,52,0,84,38,46,0,17,11,6,0
"PUNJAB","NAROWAL","45 - 49","WIDOWED",2868,2218,650,0,2328,1776,552,0,540,442,98,0
"PUNJAB","NAROWAL","50 - 54","DIVORCED",370,211,159,0,316,171,145,0,54,40,14,0
"PUNJAB","NAROWAL","50 - 54","MARRIED",63581,29569,34012,0,50791,23772,27019,0,12790,5797,6993,0
"PUNJAB","NAROWAL","50 - 54","NEVER MARRIED",715,228,481,6,567,175,387,5,148,53,94,1
"PUNJAB","NAROWAL","50 - 54","SEPERATION",72,39,33,0,55,31,24,0,17,8,9,0
"PUNJAB","NAROWAL","50 - 54","WIDOWED",4235,3249,986,0,3529,2688,841,0,706,561,145,0
"PUNJAB","NAROWAL","55 - 59","DIVORCED",259,153,106,0,227,134,93,0,32,19,13,0
"PUNJAB","NAROWAL","55 - 59","MARRIED",51734,23033,28701,0,41632,18596,23036,0,10102,4437,5665,0
"PUNJAB","NAROWAL","55 - 59","NEVER MARRIED",543,161,378,4,441,124,315,2,102,37,63,2
"PUNJAB","NAROWAL","55 - 59","SEPERATION",73,38,35,0,58,30,28,0,15,8,7,0
"PUNJAB","NAROWAL","55 - 59","WIDOWED",5092,3712,1380,0,4188,3017,1171,0,904,695,209,0
"PUNJAB","NAROWAL","60 - 64","DIVORCED",188,92,96,0,158,76,82,0,30,16,14,0
"PUNJAB","NAROWAL","60 - 64","MARRIED",39316,16500,22816,0,32086,13550,18536,0,7230,2950,4280,0
"PUNJAB","NAROWAL","60 - 64","NEVER MARRIED",417,129,288,0,349,100,249,0,68,29,39,0
"PUNJAB","NAROWAL","60 - 64","SEPERATION",49,28,21,0,42,24,18,0,7,4,3,0
"PUNJAB","NAROWAL","60 - 64","WIDOWED",6587,4646,1941,0,5538,3889,1649,0,1049,757,292,0
"PUNJAB","NAROWAL","65 - 69","DIVORCED",102,47,55,0,96,42,54,0,6,5,1,0
"PUNJAB","NAROWAL","65 - 69","MARRIED",26085,11116,14969,0,21571,9296,12275,0,4514,1820,2694,0
"PUNJAB","NAROWAL","65 - 69","NEVER MARRIED",257,78,178,1,223,64,159,0,34,14,19,1
"PUNJAB","NAROWAL","65 - 69","SEPERATION",33,18,15,0,28,16,12,0,5,2,3,0
"PUNJAB","NAROWAL","65 - 69","WIDOWED",6916,4804,2112,0,5781,4001,1780,0,1135,803,332,0
"PUNJAB","NAROWAL","70 - 74","DIVORCED",57,32,25,0,49,24,25,0,8,8,0,0
"PUNJAB","NAROWAL","70 - 74","MARRIED",16842,6193,10649,0,14344,5325,9019,0,2498,868,1630,0
"PUNJAB","NAROWAL","70 - 74","NEVER MARRIED",179,40,139,0,161,33,128,0,18,7,11,0
"PUNJAB","NAROWAL","70 - 74","SEPERATION",22,11,11,0,18,9,9,0,4,2,2,0
"PUNJAB","NAROWAL","70 - 74","WIDOWED",6929,4503,2426,0,5958,3880,2078,0,971,623,348,0
"PUNJAB","NAROWAL","75 & ABOVE","DIVORCED",53,24,29,0,48,22,26,0,5,2,3,0
"PUNJAB","NAROWAL","75 & ABOVE","MARRIED",17467,5888,11579,0,15004,5054,9950,0,2463,834,1629,0
"PUNJAB","NAROWAL","75 & ABOVE","NEVER MARRIED",226,60,166,0,200,50,150,0,26,10,16,0
"PUNJAB","NAROWAL","75 & ABOVE","SEPERATION",20,10,10,0,18,9,9,0,2,1,1,0
"PUNJAB","NAROWAL","75 & ABOVE","WIDOWED",13402,8202,5200,0,11625,7142,4483,0,1777,1060,717,0
"PUNJAB","OKARA","15 &  ABOVE","DIVORCED",15067,9887,5180,0,10408,6826,3582,0,4659,3061,1598,0
"PUNJAB","OKARA","15 &  ABOVE","MARRIED",1405894,700985,704909,0,930647,465073,465574,0,475247,235912,239335,0
"PUNJAB","OKARA","15 &  ABOVE","NEVER MARRIED",614571,261706,352535,330,389362,163278,226006,78,225209,98428,126529,252
"PUNJAB","OKARA","15 &  ABOVE","SEPERATION",6143,3322,2821,0,4405,2380,2025,0,1738,942,796,0
"PUNJAB","OKARA","15 &  ABOVE","WIDOWED",94811,65032,29779,0,62560,42109,20451,0,32251,22923,9328,0
"PUNJAB","OKARA","15 - 19","DIVORCED",371,291,80,0,285,224,61,0,86,67,19,0
"PUNJAB","OKARA","15 - 19","MARRIED",28414,20569,7845,0,21553,15528,6025,0,6861,5041,1820,0
"PUNJAB","OKARA","15 - 19","NEVER MARRIED",311345,146904,164414,27,202132,94516,107604,12,109213,52388,56810,15
"PUNJAB","OKARA","15 - 19","SEPERATION",172,121,51,0,137,101,36,0,35,20,15,0
"PUNJAB","OKARA","15 - 19","WIDOWED",106,75,31,0,76,52,24,0,30,23,7,0
"PUNJAB","OKARA","20 - 24","DIVORCED",1360,943,417,0,990,669,321,0,370,274,96,0
"PUNJAB","OKARA","20 - 24","MARRIED",116244,76678,39566,0,82379,53641,28738,0,33865,23037,10828,0
"PUNJAB","OKARA","20 - 24","NEVER MARRIED",173182,67862,105274,46,106628,40032,66592,4,66554,27830,38682,42
"PUNJAB","OKARA","20 - 24","SEPERATION",500,327,173,0,396,259,137,0,104,68,36,0
"PUNJAB","OKARA","20 - 24","WIDOWED",527,280,247,0,395,203,192,0,132,77,55,0
"PUNJAB","OKARA","25 - 29","DIVORCED",1975,1297,678,0,1320,854,466,0,655,443,212,0
"PUNJAB","OKARA","25 - 29","MARRIED",186387,105734,80653,0,124055,69357,54698,0,62332,36377,25955,0
"PUNJAB","OKARA","25 - 29","NEVER MARRIED",75750,26632,49060,58,45990,15685,30294,11,29760,10947,18766,47
"PUNJAB","OKARA","25 - 29","SEPERATION",682,398,284,0,483,283,200,0,199,115,84,0
"PUNJAB","OKARA","25 - 29","WIDOWED",1099,622,477,0,748,398,350,0,351,224,127,0
"PUNJAB","OKARA","30 - 34","DIVORCED",2125,1392,733,0,1397,902,495,0,728,490,238,0
"PUNJAB","OKARA","30 - 34","MARRIED",200749,104598,96151,0,128563,66785,61778,0,72186,37813,34373,0
"PUNJAB","OKARA","30 - 34","NEVER MARRIED",25601,10603,14953,45,15870,6481,9380,9,9731,4122,5573,36
"PUNJAB","OKARA","30 - 34","SEPERATION",815,456,359,0,559,319,240,0,256,137,119,0
"PUNJAB","OKARA","30 - 34","WIDOWED",1829,1185,644,0,1189,723,466,0,640,462,178,0
"PUNJAB","OKARA","35 - 39","DIVORCED",2175,1423,752,0,1420,929,491,0,755,494,261,0
"PUNJAB","OKARA","35 - 39","MARRIED",195005,95944,99061,0,123481,61131,62350,0,71524,34813,36711,0
"PUNJAB","OKARA","35 - 39","NEVER MARRIED",11463,3481,7936,46,7132,2156,4966,10,4331,1325,2970,36
"PUNJAB","OKARA","35 - 39","SEPERATION",819,424,395,0,545,282,263,0,274,142,132,0
"PUNJAB","OKARA","35 - 39","WIDOWED",2966,2040,926,0,1871,1258,613,0,1095,782,313,0
"PUNJAB","OKARA","40 - 44","DIVORCED",1966,1342,624,0,1342,931,411,0,624,411,213,0
"PUNJAB","OKARA","40 - 44","MARRIED",177138,84588,92550,0,114909,55068,59841,0,62229,29520,32709,0
"PUNJAB","OKARA","40 - 44","NEVER MARRIED",6081,1996,4055,30,3915,1339,2565,11,2166,657,1490,19
"PUNJAB","OKARA","40 - 44","SEPERATION",745,382,363,0,528,266,262,0,217,116,101,0
"PUNJAB","OKARA","40 - 44","WIDOWED",4881,3669,1212,0,3153,2313,840,0,1728,1356,372,0
"PUNJAB","OKARA","45 - 49","DIVORCED",1562,988,574,0,1099,707,392,0,463,281,182,0
"PUNJAB","OKARA","45 - 49","MARRIED",138567,63482,75085,0,90024,41571,48453,0,48543,21911,26632,0
"PUNJAB","OKARA","45 - 49","NEVER MARRIED",3891,1359,2505,27,2562,943,1613,6,1329,416,892,21
"PUNJAB","OKARA","45 - 49","SEPERATION",666,329,337,0,476,236,240,0,190,93,97,0
"PUNJAB","OKARA","45 - 49","WIDOWED",6653,4980,1673,0,4226,3072,1154,0,2427,1908,519,0
"PUNJAB","OKARA","50 - 54","DIVORCED",1181,774,407,0,828,537,291,0,353,237,116,0
"PUNJAB","OKARA","50 - 54","MARRIED",110731,49645,61086,0,73259,33229,40030,0,37472,16416,21056,0
"PUNJAB","OKARA","50 - 54","NEVER MARRIED",2511,1009,1482,20,1703,734,964,5,808,275,518,15
"PUNJAB","OKARA","50 - 54","SEPERATION",552,304,248,0,399,210,189,0,153,94,59,0
"PUNJAB","OKARA","50 - 54","WIDOWED",9332,7089,2243,0,5894,4365,1529,0,3438,2724,714,0
"PUNJAB","OKARA","55 - 59","DIVORCED",936,607,329,0,673,445,228,0,263,162,101,0
"PUNJAB","OKARA","55 - 59","MARRIED",88375,37627,50748,0,58836,25186,33650,0,29539,12441,17098,0
"PUNJAB","OKARA","55 - 59","NEVER MARRIED",1817,709,1092,16,1277,528,743,6,540,181,349,10
"PUNJAB","OKARA","55 - 59","SEPERATION",412,203,209,0,301,150,151,0,111,53,58,0
"PUNJAB","OKARA","55 - 59","WIDOWED",10903,8037,2866,0,6893,4969,1924,0,4010,3068,942,0
"PUNJAB","OKARA","60 - 64","DIVORCED",639,408,231,0,482,311,171,0,157,97,60,0
"PUNJAB","OKARA","60 - 64","MARRIED",66431,27072,39359,0,44594,18466,26128,0,21837,8606,13231,0
"PUNJAB","OKARA","60 - 64","NEVER MARRIED",1258,520,733,5,926,391,534,1,332,129,199,4
"PUNJAB","OKARA","60 - 64","SEPERATION",340,179,161,0,259,134,125,0,81,45,36,0
"PUNJAB","OKARA","60 - 64","WIDOWED",13068,9265,3803,0,8428,5867,2561,0,4640,3398,1242,0
"PUNJAB","OKARA","65 - 69","DIVORCED",374,215,159,0,283,168,115,0,91,47,44,0
"PUNJAB","OKARA","65 - 69","MARRIED",43457,17648,25809,0,29770,12406,17364,0,13687,5242,8445,0
"PUNJAB","OKARA","65 - 69","NEVER MARRIED",770,296,469,5,554,221,331,2,216,75,138,3
"PUNJAB","OKARA","65 - 69","SEPERATION",219,114,105,0,157,78,79,0,62,36,26,0
"PUNJAB","OKARA","65 - 69","WIDOWED",12799,8958,3841,0,8427,5907,2520,0,4372,3051,1321,0
"PUNJAB","OKARA","70 - 74","DIVORCED",209,103,106,0,149,77,72,0,60,26,34,0
"PUNJAB","OKARA","70 - 74","MARRIED",27644,9329,18315,0,19696,6826,12870,0,7948,2503,5445,0
"PUNJAB","OKARA","70 - 74","NEVER MARRIED",439,154,283,2,326,112,214,0,113,42,69,2
"PUNJAB","OKARA","70 - 74","SEPERATION",117,49,68,0,87,34,53,0,30,15,15,0
"PUNJAB","OKARA","70 - 74","WIDOWED",11819,7576,4243,0,8032,5105,2927,0,3787,2471,1316,0
"PUNJAB","OKARA","75 & ABOVE","DIVORCED",194,104,90,0,140,72,68,0,54,32,22,0
"PUNJAB","OKARA","75 & ABOVE","MARRIED",26752,8071,18681,0,19528,5879,13649,0,7224,2192,5032,0
"PUNJAB","OKARA","75 & ABOVE","NEVER MARRIED",463,181,279,3,347,140,206,1,116,41,73,2
"PUNJAB","OKARA","75 & ABOVE","SEPERATION",104,36,68,0,78,28,50,0,26,8,18,0
"PUNJAB","OKARA","75 & ABOVE","WIDOWED",18829,11256,7573,0,13228,7877,5351,0,5601,3379,2222,0
"PUNJAB","PAKPATTAN","15 &  ABOVE","DIVORCED",10062,6829,3233,0,7685,5291,2394,0,2377,1538,839,0
"PUNJAB","PAKPATTAN","15 &  ABOVE","MARRIED",834374,418007,416367,0,651981,326521,325460,0,182393,91486,90907,0
"PUNJAB","PAKPATTAN","15 &  ABOVE","NEVER MARRIED",359705,152693,206854,158,270077,114143,155887,47,89628,38550,50967,111
"PUNJAB","PAKPATTAN","15 &  ABOVE","SEPERATION",4831,2692,2139,0,3887,2188,1699,0,944,504,440,0
"PUNJAB","PAKPATTAN","15 &  ABOVE","WIDOWED",61393,41732,19661,0,46629,31164,15465,0,14764,10568,4196,0
"PUNJAB","PAKPATTAN","15 - 19","DIVORCED",205,155,50,0,167,124,43,0,38,31,7,0
"PUNJAB","PAKPATTAN","15 - 19","MARRIED",17843,12931,4912,0,15047,10861,4186,0,2796,2070,726,0
"PUNJAB","PAKPATTAN","15 - 19","NEVER MARRIED",184759,87002,97737,20,141602,66466,75131,5,43157,20536,22606,15
"PUNJAB","PAKPATTAN","15 - 19","SEPERATION",109,77,32,0,96,66,30,0,13,11,2,0
"PUNJAB","PAKPATTAN","15 - 19","WIDOWED",82,42,40,0,62,33,29,0,20,9,11,0
"PUNJAB","PAKPATTAN","20 - 24","DIVORCED",882,647,235,0,680,498,182,0,202,149,53,0
"PUNJAB","PAKPATTAN","20 - 24","MARRIED",69896,45339,24557,0,56537,36237,20300,0,13359,9102,4257,0
"PUNJAB","PAKPATTAN","20 - 24","NEVER MARRIED",98314,38160,60133,21,72564,27502,45055,7,25750,10658,15078,14
"PUNJAB","PAKPATTAN","20 - 24","SEPERATION",383,236,147,0,321,194,127,0,62,42,20,0
"PUNJAB","PAKPATTAN","20 - 24","WIDOWED",317,172,145,0,250,133,117,0,67,39,28,0
"PUNJAB","PAKPATTAN","25 - 29","DIVORCED",1301,849,452,0,983,642,341,0,318,207,111,0
"PUNJAB","PAKPATTAN","25 - 29","MARRIED",110493,62364,48129,0,87065,48593,38472,0,23428,13771,9657,0
"PUNJAB","PAKPATTAN","25 - 29","NEVER MARRIED",42886,15220,27651,15,31183,10880,20302,1,11703,4340,7349,14
"PUNJAB","PAKPATTAN","25 - 29","SEPERATION",529,317,212,0,417,247,170,0,112,70,42,0
"PUNJAB","PAKPATTAN","25 - 29","WIDOWED",676,359,317,0,524,275,249,0,152,84,68,0
"PUNJAB","PAKPATTAN","30 - 34","DIVORCED",1402,989,413,0,1057,756,301,0,345,233,112,0
"PUNJAB","PAKPATTAN","30 - 34","MARRIED",119305,62910,56395,0,91780,48252,43528,0,27525,14658,12867,0
"PUNJAB","PAKPATTAN","30 - 34","NEVER MARRIED",15578,5851,9707,20,11181,4204,6973,4,4397,1647,2734,16
"PUNJAB","PAKPATTAN","30 - 34","SEPERATION",543,336,207,0,444,277,167,0,99,59,40,0
"PUNJAB","PAKPATTAN","30 - 34","WIDOWED",1251,785,466,0,945,585,360,0,306,200,106,0
"PUNJAB","PAKPATTAN","35 - 39","DIVORCED",1353,904,449,0,982,670,312,0,371,234,137,0
"PUNJAB","PAKPATTAN","35 - 39","MARRIED",112743,55359,57384,0,86255,42314,43941,0,26488,13045,13443,0
"PUNJAB","PAKPATTAN","35 - 39","NEVER MARRIED",7186,2192,4970,24,5047,1633,3406,8,2139,559,1564,16
"PUNJAB","PAKPATTAN","35 - 39","SEPERATION",630,367,263,0,498,304,194,0,132,63,69,0
"PUNJAB","PAKPATTAN","35 - 39","WIDOWED",1924,1338,586,0,1446,990,456,0,478,348,130,0
"PUNJAB","PAKPATTAN","40 - 44","DIVORCED",1303,881,422,0,967,665,302,0,336,216,120,0
"PUNJAB","PAKPATTAN","40 - 44","MARRIED",108272,52081,56191,0,83564,40120,43444,0,24708,11961,12747,0
"PUNJAB","PAKPATTAN","40 - 44","NEVER MARRIED",4066,1492,2552,22,3071,1188,1877,6,995,304,675,16
"PUNJAB","PAKPATTAN","40 - 44","SEPERATION",625,352,273,0,493,283,210,0,132,69,63,0
"PUNJAB","PAKPATTAN","40 - 44","WIDOWED",3193,2356,837,0,2385,1740,645,0,808,616,192,0
"PUNJAB","PAKPATTAN","45 - 49","DIVORCED",1107,770,337,0,860,609,251,0,247,161,86,0
"PUNJAB","PAKPATTAN","45 - 49","MARRIED",80726,37472,43254,0,62189,29000,33189,0,18537,8472,10065,0
"PUNJAB","PAKPATTAN","45 - 49","NEVER MARRIED",2460,911,1533,16,1855,730,1118,7,605,181,415,9
"PUNJAB","PAKPATTAN","45 - 49","SEPERATION",544,286,258,0,424,222,202,0,120,64,56,0
"PUNJAB","PAKPATTAN","45 - 49","WIDOWED",4248,3208,1040,0,3126,2322,804,0,1122,886,236,0
"PUNJAB","PAKPATTAN","50 - 54","DIVORCED",877,608,269,0,686,479,207,0,191,129,62,0
"PUNJAB","PAKPATTAN","50 - 54","MARRIED",67333,30891,36442,0,52065,24085,27980,0,15268,6806,8462,0
"PUNJAB","PAKPATTAN","50 - 54","NEVER MARRIED",1537,667,856,14,1191,537,650,4,346,130,206,10
"PUNJAB","PAKPATTAN","50 - 54","SEPERATION",479,261,218,0,385,213,172,0,94,48,46,0
"PUNJAB","PAKPATTAN","50 - 54","WIDOWED",6077,4621,1456,0,4427,3324,1103,0,1650,1297,353,0
"PUNJAB","PAKPATTAN","55 - 59","DIVORCED",633,418,215,0,500,342,158,0,133,76,57,0
"PUNJAB","PAKPATTAN","55 - 59","MARRIED",52793,22197,30596,0,40980,17351,23629,0,11813,4846,6967,0
"PUNJAB","PAKPATTAN","55 - 59","NEVER MARRIED",1097,485,609,3,865,394,469,2,232,91,140,1
"PUNJAB","PAKPATTAN","55 - 59","SEPERATION",367,174,193,0,285,140,145,0,82,34,48,0
"PUNJAB","PAKPATTAN","55 - 59","WIDOWED",7021,4997,2024,0,5082,3532,1550,0,1939,1465,474,0
"PUNJAB","PAKPATTAN","60 - 64","DIVORCED",462,305,157,0,360,250,110,0,102,55,47,0
"PUNJAB","PAKPATTAN","60 - 64","MARRIED",39077,16087,22990,0,31048,12954,18094,0,8029,3133,4896,0
"PUNJAB","PAKPATTAN","60 - 64","NEVER MARRIED",778,324,451,3,639,284,352,3,139,40,99,0
"PUNJAB","PAKPATTAN","60 - 64","SEPERATION",262,133,129,0,218,115,103,0,44,18,26,0
"PUNJAB","PAKPATTAN","60 - 64","WIDOWED",8459,5911,2548,0,6384,4427,1957,0,2075,1484,591,0
"PUNJAB","PAKPATTAN","65 - 69","DIVORCED",263,161,102,0,218,136,82,0,45,25,20,0
"PUNJAB","PAKPATTAN","65 - 69","MARRIED",24932,10078,14854,0,19868,8146,11722,0,5064,1932,3132,0
"PUNJAB","PAKPATTAN","65 - 69","NEVER MARRIED",509,213,296,0,429,182,247,0,80,31,49,0
"PUNJAB","PAKPATTAN","65 - 69","SEPERATION",155,74,81,0,127,60,67,0,28,14,14,0
"PUNJAB","PAKPATTAN","65 - 69","WIDOWED",8286,5739,2547,0,6244,4283,1961,0,2042,1456,586,0
"PUNJAB","PAKPATTAN","70 - 74","DIVORCED",142,75,67,0,115,64,51,0,27,11,16,0
"PUNJAB","PAKPATTAN","70 - 74","MARRIED",16189,5736,10453,0,13211,4747,8464,0,2978,989,1989,0
"PUNJAB","PAKPATTAN","70 - 74","NEVER MARRIED",273,93,180,0,228,75,153,0,45,18,27,0
"PUNJAB","PAKPATTAN","70 - 74","SEPERATION",114,52,62,0,97,43,54,0,17,9,8,0
"PUNJAB","PAKPATTAN","70 - 74","WIDOWED",8008,5222,2786,0,6266,4036,2230,0,1742,1186,556,0
"PUNJAB","PAKPATTAN","75 & ABOVE","DIVORCED",132,67,65,0,110,56,54,0,22,11,11,0
"PUNJAB","PAKPATTAN","75 & ABOVE","MARRIED",14772,4562,10210,0,12372,3861,8511,0,2400,701,1699,0
"PUNJAB","PAKPATTAN","75 & ABOVE","NEVER MARRIED",262,83,179,0,222,68,154,0,40,15,25,0
"PUNJAB","PAKPATTAN","75 & ABOVE","SEPERATION",91,27,64,0,82,24,58,0,9,3,6,0
"PUNJAB","PAKPATTAN","75 & ABOVE","WIDOWED",11851,6982,4869,0,9488,5484,4004,0,2363,1498,865,0
"PUNJAB","PUNJAB","15 &  ABOVE","DIVORCED",369222,243918,125304,0,223799,148806,74993,0,145423,95112,50311,0
"PUNJAB","PUNJAB","15 &  ABOVE","MARRIED",51217416,25747425,25469991,0,30320687,15363592,14957095,0,20896729,10383833,10512896,0
"PUNJAB","PUNJAB","15 &  ABOVE","NEVER MARRIED",23598193,9825319,13759683,13191,13003839,5407647,7593112,3080,10594354,4417672,6166571,10111
"PUNJAB","PUNJAB","15 &  ABOVE","SEPERATION",143211,76461,66750,0,91974,49824,42150,0,51237,26637,24600,0
"PUNJAB","PUNJAB","15 &  ABOVE","WIDOWED",3345906,2380965,964941,0,2009775,1416634,593141,0,1336131,964331,371800,0
"PUNJAB","PUNJAB","15 - 19","DIVORCED",5689,4572,1117,0,4040,3230,810,0,1649,1342,307,0
"PUNJAB","PUNJAB","15 - 19","MARRIED",899634,650193,249441,0,652113,468194,183919,0,247521,181999,65522,0
"PUNJAB","PUNJAB","15 - 19","NEVER MARRIED",11545540,5374213,6169911,1416,6705222,3114204,3590474,544,4840318,2260009,2579437,872
"PUNJAB","PUNJAB","15 - 19","SEPERATION",3362,2199,1163,0,2437,1637,800,0,925,562,363,0
"PUNJAB","PUNJAB","15 - 19","WIDOWED",2875,1649,1226,0,1978,1125,853,0,897,524,373,0
"PUNJAB","PUNJAB","20 - 24","DIVORCED",27300,20206,7094,0,17535,12729,4806,0,9765,7477,2288,0
"PUNJAB","PUNJAB","20 - 24","MARRIED",3950763,2635170,1315593,0,2583314,1692345,890969,0,1367449,942825,424624,0
"PUNJAB","PUNJAB","20 - 24","NEVER MARRIED",6955008,2748600,4204222,2186,3682479,1415612,2266392,475,3272529,1332988,1937830,1711
"PUNJAB","PUNJAB","20 - 24","SEPERATION",10144,6325,3819,0,7024,4426,2598,0,3120,1899,1221,0
"PUNJAB","PUNJAB","20 - 24","WIDOWED",13990,8191,5799,0,9434,5348,4086,0,4556,2843,1713,0
"PUNJAB","PUNJAB","25 - 29","DIVORCED",47978,32516,15462,0,28623,18997,9626,0,19355,13519,5836,0
"PUNJAB","PUNJAB","25 - 29","MARRIED",6703841,3880641,2823200,0,4015538,2298447,1717091,0,2688303,1582194,1106109,0
"PUNJAB","PUNJAB","25 - 29","NEVER MARRIED",3015162,999577,2013075,2510,1530236,498515,1031248,473,1484926,501062,981827,2037
"PUNJAB","PUNJAB","25 - 29","SEPERATION",15955,8889,7066,0,10281,5726,4555,0,5674,3163,2511,0
"PUNJAB","PUNJAB","25 - 29","WIDOWED",32842,19576,13266,0,20853,12002,8851,0,11989,7574,4415,0
"PUNJAB","PUNJAB","30 - 34","DIVORCED",57622,38055,19567,0,32836,21484,11352,0,24786,16571,8215,0
"PUNJAB","PUNJAB","30 - 34","MARRIED",7526741,3993102,3533639,0,4344778,2308528,2036250,0,3181963,1684574,1497389,0
"PUNJAB","PUNJAB","30 - 34","NEVER MARRIED",1013053,334676,676511,1866,515523,170894,344297,332,497530,163782,332214,1534
"PUNJAB","PUNJAB","30 - 34","SEPERATION",18760,10107,8653,0,11616,6356,5260,0,7144,3751,3393,0
"PUNJAB","PUNJAB","30 - 34","WIDOWED",58988,39778,19210,0,35911,23808,12103,0,23077,15970,7107,0
"PUNJAB","PUNJAB","35 - 39","DIVORCED",57846,37549,20297,0,32637,21361,11276,0,25209,16188,9021,0
"PUNJAB","PUNJAB","35 - 39","MARRIED",7316811,3647467,3669344,0,4148306,2085122,2063184,0,3168505,1562345,1606160,0
"PUNJAB","PUNJAB","35 - 39","NEVER MARRIED",452361,138511,311988,1862,225999,71156,154501,342,226362,67355,157487,1520
"PUNJAB","PUNJAB","35 - 39","SEPERATION",19911,10213,9698,0,11927,6241,5686,0,7984,3972,4012,0
"PUNJAB","PUNJAB","35 - 39","WIDOWED",100627,73173,27454,0,59345,42467,16878,0,41282,30706,10576,0
"PUNJAB","PUNJAB","40 - 44","DIVORCED",50910,33591,17319,0,29829,19937,9892,0,21081,13654,7427,0
"PUNJAB","PUNJAB","40 - 44","MARRIED",6537592,3158157,3379435,0,3798023,1852980,1945043,0,2739569,1305177,1434392,0
"PUNJAB","PUNJAB","40 - 44","NEVER MARRIED",229211,77629,150386,1196,120780,43331,77151,298,108431,34298,73235,898
"PUNJAB","PUNJAB","40 - 44","SEPERATION",18587,9943,8644,0,11689,6416,5273,0,6898,3527,3371,0
"PUNJAB","PUNJAB","40 - 44","WIDOWED",170423,133066,37357,0,101447,78348,23099,0,68976,54718,14258,0
"PUNJAB","PUNJAB","45 - 49","DIVORCED",38156,24626,13530,0,22831,15159,7672,0,15325,9467,5858,0
"PUNJAB","PUNJAB","45 - 49","MARRIED",5065676,2347550,2718126,0,2876494,1355528,1520966,0,2189182,992022,1197160,0
"PUNJAB","PUNJAB","45 - 49","NEVER MARRIED",138122,48297,89070,755,73545,28019,45327,199,64577,20278,43743,556
"PUNJAB","PUNJAB","45 - 49","SEPERATION",15853,8281,7572,0,9854,5271,4583,0,5999,3010,2989,0
"PUNJAB","PUNJAB","45 - 49","WIDOWED",229622,181107,48515,0,131702,102512,29190,0,97920,78595,19325,0
"PUNJAB","PUNJAB","50 - 54","DIVORCED",29427,19246,10181,0,18660,12537,6123,0,10767,6709,4058,0
"PUNJAB","PUNJAB","50 - 54","MARRIED",4108279,1859064,2249215,0,2391162,1102430,1288732,0,1717117,756634,960483,0
"PUNJAB","PUNJAB","50 - 54","NEVER MARRIED",86238,34514,51154,570,48798,21325,27323,150,37440,13189,23831,420
"PUNJAB","PUNJAB","50 - 54","SEPERATION",12948,6936,6012,0,8309,4455,3854,0,4639,2481,2158,0
"PUNJAB","PUNJAB","50 - 54","WIDOWED",334341,262970,71371,0,191425,149272,42153,0,142916,113698,29218,0
"PUNJAB","PUNJAB","55 - 59","DIVORCED",21145,13397,7748,0,13805,9029,4776,0,7340,4368,2972,0
"PUNJAB","PUNJAB","55 - 59","MARRIED",3224618,1373432,1851186,0,1901504,815975,1085529,0,1323114,557457,765657,0
"PUNJAB","PUNJAB","55 - 59","NEVER MARRIED",60456,24822,35286,348,35444,15581,19753,110,25012,9241,15533,238
"PUNJAB","PUNJAB","55 - 59","SEPERATION",9940,5038,4902,0,6516,3326,3190,0,3424,1712,1712,0
"PUNJAB","PUNJAB","55 - 59","WIDOWED",388898,294100,94798,0,221969,165432,56537,0,166929,128668,38261,0
"PUNJAB","PUNJAB","60 - 64","DIVORCED",15020,9427,5593,0,10159,6569,3590,0,4861,2858,2003,0
"PUNJAB","PUNJAB","60 - 64","MARRIED",2421140,977872,1443268,0,1428737,590951,837786,0,992403,386921,605482,0
"PUNJAB","PUNJAB","60 - 64","NEVER MARRIED",43303,18681,24402,220,26603,12107,14438,58,16700,6574,9964,162
"PUNJAB","PUNJAB","60 - 64","SEPERATION",7640,3937,3703,0,5170,2693,2477,0,2470,1244,1226,0
"PUNJAB","PUNJAB","60 - 64","WIDOWED",469202,344733,124469,0,268317,195785,72532,0,200885,148948,51937,0
"PUNJAB","PUNJAB","65 - 69","DIVORCED",9203,5756,3447,0,6319,4079,2240,0,2884,1677,1207,0
"PUNJAB","PUNJAB","65 - 69","MARRIED",1618619,644918,973701,0,978297,401439,576858,0,640322,243479,396843,0
"PUNJAB","PUNJAB","65 - 69","NEVER MARRIED",27598,12548,14924,126,17359,8059,9256,44,10239,4489,5668,82
"PUNJAB","PUNJAB","65 - 69","SEPERATION",4714,2361,2353,0,3258,1626,1632,0,1456,735,721,0
"PUNJAB","PUNJAB","65 - 69","WIDOWED",467887,335391,132496,0,274313,196350,77963,0,193574,139041,54533,0
"PUNJAB","PUNJAB","70 - 74","DIVORCED",4877,2671,2206,0,3573,1987,1586,0,1304,684,620,0
"PUNJAB","PUNJAB","70 - 74","MARRIED",974508,316676,657832,0,621644,211735,409909,0,352864,104941,247923,0
"PUNJAB","PUNJAB","70 - 74","NEVER MARRIED",16077,6622,9388,67,10745,4377,6345,23,5332,2245,3043,44
"PUNJAB","PUNJAB","70 - 74","SEPERATION",2848,1263,1585,0,2038,931,1107,0,810,332,478,0
"PUNJAB","PUNJAB","70 - 74","WIDOWED",421977,280847,141130,0,264164,177100,87064,0,157813,103747,54066,0
"PUNJAB","PUNJAB","75 & ABOVE","DIVORCED",4049,2306,1743,0,2952,1708,1244,0,1097,598,499,0
"PUNJAB","PUNJAB","75 & ABOVE","MARRIED",869194,263183,606011,0,580777,179918,400859,0,288417,83265,205152,0
"PUNJAB","PUNJAB","75 & ABOVE","NEVER MARRIED",16064,6629,9366,69,11106,4467,6607,32,4958,2162,2759,37
"PUNJAB","PUNJAB","75 & ABOVE","SEPERATION",2549,969,1580,0,1855,720,1135,0,694,249,445,0
"PUNJAB","PUNJAB","75 & ABOVE","WIDOWED",654234,406384,247850,0,428917,267085,161832,0,225317,139299,86018,0
"PUNJAB","RAHIM YAR KHAN","15 &  ABOVE","DIVORCED",9315,6048,3267,0,5880,3738,2142,0,3435,2310,1125,0
"PUNJAB","RAHIM YAR KHAN","15 &  ABOVE","MARRIED",2181134,1101332,1079802,0,1651338,834199,817139,0,529796,267133,262663,0
"PUNJAB","RAHIM YAR KHAN","15 &  ABOVE","NEVER MARRIED",880360,345058,534760,542,626881,240674,386014,193,253479,104384,148746,349
"PUNJAB","RAHIM YAR KHAN","15 &  ABOVE","SEPERATION",4530,2547,1983,0,3380,1906,1474,0,1150,641,509,0
"PUNJAB","RAHIM YAR KHAN","15 &  ABOVE","WIDOWED",126414,93389,33025,0,91630,67114,24516,0,34784,26275,8509,0
"PUNJAB","RAHIM YAR KHAN","15 - 19","DIVORCED",222,175,47,0,172,138,34,0,50,37,13,0
"PUNJAB","RAHIM YAR KHAN","15 - 19","MARRIED",57855,40844,17011,0,49212,34485,14727,0,8643,6359,2284,0
"PUNJAB","RAHIM YAR KHAN","15 - 19","NEVER MARRIED",485428,214788,270589,51,358524,157072,201417,35,126904,57716,69172,16
"PUNJAB","RAHIM YAR KHAN","15 - 19","SEPERATION",139,89,50,0,116,72,44,0,23,17,6,0
"PUNJAB","RAHIM YAR KHAN","15 - 19","WIDOWED",164,91,73,0,140,77,63,0,24,14,10,0
"PUNJAB","RAHIM YAR KHAN","20 - 24","DIVORCED",903,631,272,0,611,415,196,0,292,216,76,0
"PUNJAB","RAHIM YAR KHAN","20 - 24","MARRIED",223673,141696,81977,0,181630,113595,68035,0,42043,28101,13942,0
"PUNJAB","RAHIM YAR KHAN","20 - 24","NEVER MARRIED",240375,85102,155181,92,163433,54255,109150,28,76942,30847,46031,64
"PUNJAB","RAHIM YAR KHAN","20 - 24","SEPERATION",409,255,154,0,323,198,125,0,86,57,29,0
"PUNJAB","RAHIM YAR KHAN","20 - 24","WIDOWED",799,438,361,0,661,359,302,0,138,79,59,0
"PUNJAB","RAHIM YAR KHAN","25 - 29","DIVORCED",1446,926,520,0,928,567,361,0,518,359,159,0
"PUNJAB","RAHIM YAR KHAN","25 - 29","MARRIED",316094,173403,142691,0,243615,131460,112155,0,72479,41943,30536,0
"PUNJAB","RAHIM YAR KHAN","25 - 29","NEVER MARRIED",93632,27217,66314,101,62353,17038,45276,39,31279,10179,21038,62
"PUNJAB","RAHIM YAR KHAN","25 - 29","SEPERATION",539,288,251,0,437,240,197,0,102,48,54,0
"PUNJAB","RAHIM YAR KHAN","25 - 29","WIDOWED",1687,915,772,0,1317,703,614,0,370,212,158,0
"PUNJAB","RAHIM YAR KHAN","30 - 34","DIVORCED",1493,954,539,0,915,558,357,0,578,396,182,0
"PUNJAB","RAHIM YAR KHAN","30 - 34","MARRIED",308629,162331,146298,0,229452,120120,109332,0,79177,42211,36966,0
"PUNJAB","RAHIM YAR KHAN","30 - 34","NEVER MARRIED",29853,8263,21498,92,20383,5417,14940,26,9470,2846,6558,66
"PUNJAB","RAHIM YAR KHAN","30 - 34","SEPERATION",638,359,279,0,456,259,197,0,182,100,82,0
"PUNJAB","RAHIM YAR KHAN","30 - 34","WIDOWED",2607,1694,913,0,1943,1238,705,0,664,456,208,0
"PUNJAB","RAHIM YAR KHAN","35 - 39","DIVORCED",1486,962,524,0,886,561,325,0,600,401,199,0
"PUNJAB","RAHIM YAR KHAN","35 - 39","MARRIED",296429,146552,149877,0,218264,107733,110531,0,78165,38819,39346,0
"PUNJAB","RAHIM YAR KHAN","35 - 39","NEVER MARRIED",13981,3940,9959,82,9803,2727,7055,21,4178,1213,2904,61
"PUNJAB","RAHIM YAR KHAN","35 - 39","SEPERATION",636,342,294,0,449,245,204,0,187,97,90,0
"PUNJAB","RAHIM YAR KHAN","35 - 39","WIDOWED",4285,3057,1228,0,3111,2151,960,0,1174,906,268,0
"PUNJAB","RAHIM YAR KHAN","40 - 44","DIVORCED",1238,804,434,0,736,461,275,0,502,343,159,0
"PUNJAB","RAHIM YAR KHAN","40 - 44","MARRIED",263446,127119,136327,0,196640,94809,101831,0,66806,32310,34496,0
"PUNJAB","RAHIM YAR KHAN","40 - 44","NEVER MARRIED",7069,2245,4780,44,5070,1605,3450,15,1999,640,1330,29
"PUNJAB","RAHIM YAR KHAN","40 - 44","SEPERATION",574,328,246,0,419,238,181,0,155,90,65,0
"PUNJAB","RAHIM YAR KHAN","40 - 44","WIDOWED",7107,5484,1623,0,5214,3942,1272,0,1893,1542,351,0
"PUNJAB","RAHIM YAR KHAN","45 - 49","DIVORCED",811,520,291,0,507,316,191,0,304,204,100,0
"PUNJAB","RAHIM YAR KHAN","45 - 49","MARRIED",201151,94272,106879,0,148119,69776,78343,0,53032,24496,28536,0
"PUNJAB","RAHIM YAR KHAN","45 - 49","NEVER MARRIED",3990,1254,2708,28,2877,919,1948,10,1113,335,760,18
"PUNJAB","RAHIM YAR KHAN","45 - 49","SEPERATION",450,267,183,0,327,192,135,0,123,75,48,0
"PUNJAB","RAHIM YAR KHAN","45 - 49","WIDOWED",9292,7450,1842,0,6637,5232,1405,0,2655,2218,437,0
"PUNJAB","RAHIM YAR KHAN","50 - 54","DIVORCED",663,411,252,0,427,261,166,0,236,150,86,0
"PUNJAB","RAHIM YAR KHAN","50 - 54","MARRIED",165132,74982,90150,0,121881,55624,66257,0,43251,19358,23893,0
"PUNJAB","RAHIM YAR KHAN","50 - 54","NEVER MARRIED",2361,841,1505,15,1704,606,1093,5,657,235,412,10
"PUNJAB","RAHIM YAR KHAN","50 - 54","SEPERATION",412,231,181,0,311,165,146,0,101,66,35,0
"PUNJAB","RAHIM YAR KHAN","50 - 54","WIDOWED",13420,10848,2572,0,9556,7640,1916,0,3864,3208,656,0
"PUNJAB","RAHIM YAR KHAN","55 - 59","DIVORCED",400,266,134,0,261,181,80,0,139,85,54,0
"PUNJAB","RAHIM YAR KHAN","55 - 59","MARRIED",122526,51910,70616,0,90218,38410,51808,0,32308,13500,18808,0
"PUNJAB","RAHIM YAR KHAN","55 - 59","NEVER MARRIED",1434,525,900,9,1024,384,636,4,410,141,264,5
"PUNJAB","RAHIM YAR KHAN","55 - 59","SEPERATION",288,161,127,0,205,120,85,0,83,41,42,0
"PUNJAB","RAHIM YAR KHAN","55 - 59","WIDOWED",14440,11249,3191,0,10153,7799,2354,0,4287,3450,837,0
"PUNJAB","RAHIM YAR KHAN","60 - 64","DIVORCED",302,184,118,0,202,126,76,0,100,58,42,0
"PUNJAB","RAHIM YAR KHAN","60 - 64","MARRIED",90954,38280,52674,0,67505,28946,38559,0,23449,9334,14115,0
"PUNJAB","RAHIM YAR KHAN","60 - 64","NEVER MARRIED",1021,406,602,13,772,297,471,4,249,109,131,9
"PUNJAB","RAHIM YAR KHAN","60 - 64","SEPERATION",203,106,97,0,152,80,72,0,51,26,25,0
"PUNJAB","RAHIM YAR KHAN","60 - 64","WIDOWED",17415,13398,4017,0,12374,9471,2903,0,5041,3927,1114,0
"PUNJAB","RAHIM YAR KHAN","65 - 69","DIVORCED",187,119,68,0,124,87,37,0,63,32,31,0
"PUNJAB","RAHIM YAR KHAN","65 - 69","MARRIED",63129,26510,36619,0,47562,20333,27229,0,15567,6177,9390,0
"PUNJAB","RAHIM YAR KHAN","65 - 69","NEVER MARRIED",598,243,348,7,443,173,266,4,155,70,82,3
"PUNJAB","RAHIM YAR KHAN","65 - 69","SEPERATION",119,61,58,0,91,49,42,0,28,12,16,0
"PUNJAB","RAHIM YAR KHAN","65 - 69","WIDOWED",17621,13385,4236,0,12460,9472,2988,0,5161,3913,1248,0
"PUNJAB","RAHIM YAR KHAN","70 - 74","DIVORCED",86,48,38,0,61,35,26,0,25,13,12,0
"PUNJAB","RAHIM YAR KHAN","70 - 74","MARRIED",39474,13228,26246,0,30955,10558,20397,0,8519,2670,5849,0
"PUNJAB","RAHIM YAR KHAN","70 - 74","NEVER MARRIED",327,116,205,6,251,88,163,0,76,28,42,6
"PUNJAB","RAHIM YAR KHAN","70 - 74","SEPERATION",65,28,37,0,47,21,26,0,18,7,11,0
"PUNJAB","RAHIM YAR KHAN","70 - 74","WIDOWED",15976,11243,4733,0,11843,8395,3448,0,4133,2848,1285,0
"PUNJAB","RAHIM YAR KHAN","75 & ABOVE","DIVORCED",78,48,30,0,50,32,18,0,28,16,12,0
"PUNJAB","RAHIM YAR KHAN","75 & ABOVE","MARRIED",32642,10205,22437,0,26285,8350,17935,0,6357,1855,4502,0
"PUNJAB","RAHIM YAR KHAN","75 & ABOVE","NEVER MARRIED",291,118,171,2,244,93,149,2,47,25,22,0
"PUNJAB","RAHIM YAR KHAN","75 & ABOVE","SEPERATION",58,32,26,0,47,27,20,0,11,5,6,0
"PUNJAB","RAHIM YAR KHAN","75 & ABOVE","WIDOWED",21601,14137,7464,0,16221,10635,5586,0,5380,3502,1878,0
"PUNJAB","RAJANPUR","15 &  ABOVE","DIVORCED",1630,1141,489,0,841,585,256,0,789,556,233,0
"PUNJAB","RAJANPUR","15 &  ABOVE","MARRIED",853788,432921,420867,0,617970,313874,304096,0,235818,119047,116771,0
"PUNJAB","RAJANPUR","15 &  ABOVE","NEVER MARRIED",310825,127399,183314,112,203108,80172,122920,16,107717,47227,60394,96
"PUNJAB","RAJANPUR","15 &  ABOVE","SEPERATION",1611,905,706,0,1102,592,510,0,509,313,196,0
"PUNJAB","RAJANPUR","15 &  ABOVE","WIDOWED",35961,27050,8911,0,23541,17346,6195,0,12420,9704,2716,0
"PUNJAB","RAJANPUR","15 - 19","DIVORCED",52,36,16,0,30,20,10,0,22,16,6,0
"PUNJAB","RAJANPUR","15 - 19","MARRIED",33590,22990,10600,0,26802,18143,8659,0,6788,4847,1941,0
"PUNJAB","RAJANPUR","15 - 19","NEVER MARRIED",190364,86610,103743,11,132055,58658,73390,7,58309,27952,30353,4
"PUNJAB","RAJANPUR","15 - 19","SEPERATION",79,32,47,0,64,24,40,0,15,8,7,0
"PUNJAB","RAJANPUR","15 - 19","WIDOWED",70,42,28,0,61,37,24,0,9,5,4,0
"PUNJAB","RAJANPUR","20 - 24","DIVORCED",189,140,49,0,112,77,35,0,77,63,14,0
"PUNJAB","RAJANPUR","20 - 24","MARRIED",104363,63908,40455,0,80580,48612,31968,0,23783,15296,8487,0
"PUNJAB","RAJANPUR","20 - 24","NEVER MARRIED",73787,24987,48781,19,45112,13534,31577,1,28675,11453,17204,18
"PUNJAB","RAJANPUR","20 - 24","SEPERATION",118,69,49,0,71,36,35,0,47,33,14,0
"PUNJAB","RAJANPUR","20 - 24","WIDOWED",314,161,153,0,248,113,135,0,66,48,18,0
"PUNJAB","RAJANPUR","25 - 29","DIVORCED",198,139,59,0,108,71,37,0,90,68,22,0
"PUNJAB","RAJANPUR","25 - 29","MARRIED",118707,63708,54999,0,86383,45529,40854,0,32324,18179,14145,0
"PUNJAB","RAJANPUR","25 - 29","NEVER MARRIED",28172,9757,18394,21,15875,4928,10945,2,12297,4829,7449,19
"PUNJAB","RAJANPUR","25 - 29","SEPERATION",174,101,73,0,112,58,54,0,62,43,19,0
"PUNJAB","RAJANPUR","25 - 29","WIDOWED",525,282,243,0,366,179,187,0,159,103,56,0
"PUNJAB","RAJANPUR","30 - 34","DIVORCED",239,162,77,0,118,82,36,0,121,80,41,0
"PUNJAB","RAJANPUR","30 - 34","MARRIED",115370,60768,54602,0,81633,43136,38497,0,33737,17632,16105,0
"PUNJAB","RAJANPUR","30 - 34","NEVER MARRIED",9340,3305,6022,13,5094,1664,3429,1,4246,1641,2593,12
"PUNJAB","RAJANPUR","30 - 34","SEPERATION",207,121,86,0,134,74,60,0,73,47,26,0
"PUNJAB","RAJANPUR","30 - 34","WIDOWED",844,542,302,0,570,339,231,0,274,203,71,0
"PUNJAB","RAJANPUR","35 - 39","DIVORCED",261,187,74,0,118,88,30,0,143,99,44,0
"PUNJAB","RAJANPUR","35 - 39","MARRIED",112879,55958,56921,0,79708,39638,40070,0,33171,16320,16851,0
"PUNJAB","RAJANPUR","35 - 39","NEVER MARRIED",4367,1247,3102,18,2352,621,1729,2,2015,626,1373,16
"PUNJAB","RAJANPUR","35 - 39","SEPERATION",185,105,80,0,127,63,64,0,58,42,16,0
"PUNJAB","RAJANPUR","35 - 39","WIDOWED",1331,923,408,0,867,585,282,0,464,338,126,0
"PUNJAB","RAJANPUR","40 - 44","DIVORCED",228,159,69,0,123,84,39,0,105,75,30,0
"PUNJAB","RAJANPUR","40 - 44","MARRIED",103790,50374,53416,0,73715,36047,37668,0,30075,14327,15748,0
"PUNJAB","RAJANPUR","40 - 44","NEVER MARRIED",2163,623,1529,11,1185,316,869,0,978,307,660,11
"PUNJAB","RAJANPUR","40 - 44","SEPERATION",212,109,103,0,132,67,65,0,80,42,38,0
"PUNJAB","RAJANPUR","40 - 44","WIDOWED",2126,1627,499,0,1425,1076,349,0,701,551,150,0
"PUNJAB","RAJANPUR","45 - 49","DIVORCED",153,114,39,0,77,56,21,0,76,58,18,0
"PUNJAB","RAJANPUR","45 - 49","MARRIED",75389,34734,40655,0,53416,24893,28523,0,21973,9841,12132,0
"PUNJAB","RAJANPUR","45 - 49","NEVER MARRIED",1109,344,754,11,624,182,441,1,485,162,313,10
"PUNJAB","RAJANPUR","45 - 49","SEPERATION",195,99,96,0,140,74,66,0,55,25,30,0
"PUNJAB","RAJANPUR","45 - 49","WIDOWED",2599,2042,557,0,1653,1258,395,0,946,784,162,0
"PUNJAB","RAJANPUR","50 - 54","DIVORCED",132,87,45,0,60,40,20,0,72,47,25,0
"PUNJAB","RAJANPUR","50 - 54","MARRIED",59933,27655,32278,0,42611,19707,22904,0,17322,7948,9374,0
"PUNJAB","RAJANPUR","50 - 54","NEVER MARRIED",623,212,407,4,328,114,213,1,295,98,194,3
"PUNJAB","RAJANPUR","50 - 54","SEPERATION",148,87,61,0,97,57,40,0,51,30,21,0
"PUNJAB","RAJANPUR","50 - 54","WIDOWED",3547,2828,719,0,2245,1762,483,0,1302,1066,236,0
"PUNJAB","RAJANPUR","55 - 59","DIVORCED",77,52,25,0,44,33,11,0,33,19,14,0
"PUNJAB","RAJANPUR","55 - 59","MARRIED",43429,18554,24875,0,30292,13054,17238,0,13137,5500,7637,0
"PUNJAB","RAJANPUR","55 - 59","NEVER MARRIED",364,128,235,1,185,65,120,0,179,63,115,1
"PUNJAB","RAJANPUR","55 - 59","SEPERATION",90,62,28,0,66,45,21,0,24,17,7,0
"PUNJAB","RAJANPUR","55 - 59","WIDOWED",3730,2897,833,0,2299,1729,570,0,1431,1168,263,0
"PUNJAB","RAJANPUR","60 - 64","DIVORCED",46,35,11,0,23,19,4,0,23,16,7,0
"PUNJAB","RAJANPUR","60 - 64","MARRIED",33076,13911,19165,0,23491,10001,13490,0,9585,3910,5675,0
"PUNJAB","RAJANPUR","60 - 64","NEVER MARRIED",249,89,158,2,138,44,93,1,111,45,65,1
"PUNJAB","RAJANPUR","60 - 64","SEPERATION",89,57,32,0,66,42,24,0,23,15,8,0
"PUNJAB","RAJANPUR","60 - 64","WIDOWED",4599,3640,959,0,2931,2280,651,0,1668,1360,308,0
"PUNJAB","RAJANPUR","65 - 69","DIVORCED",25,14,11,0,9,4,5,0,16,10,6,0
"PUNJAB","RAJANPUR","65 - 69","MARRIED",22142,9697,12445,0,15805,7020,8785,0,6337,2677,3660,0
"PUNJAB","RAJANPUR","65 - 69","NEVER MARRIED",142,56,85,1,70,25,45,0,72,31,40,1
"PUNJAB","RAJANPUR","65 - 69","SEPERATION",41,24,17,0,31,20,11,0,10,4,6,0
"PUNJAB","RAJANPUR","65 - 69","WIDOWED",4492,3521,971,0,2807,2160,647,0,1685,1361,324,0
"PUNJAB","RAJANPUR","70 - 74","DIVORCED",16,7,9,0,8,4,4,0,8,3,5,0
"PUNJAB","RAJANPUR","70 - 74","MARRIED",16346,6068,10278,0,12146,4547,7599,0,4200,1521,2679,0
"PUNJAB","RAJANPUR","70 - 74","NEVER MARRIED",68,19,49,0,43,10,33,0,25,9,16,0
"PUNJAB","RAJANPUR","70 - 74","SEPERATION",32,19,13,0,28,17,11,0,4,2,2,0
"PUNJAB","RAJANPUR","70 - 74","WIDOWED",4776,3607,1169,0,3154,2385,769,0,1622,1222,400,0
"PUNJAB","RAJANPUR","75 & ABOVE","DIVORCED",14,9,5,0,11,7,4,0,3,2,1,0
"PUNJAB","RAJANPUR","75 & ABOVE","MARRIED",14774,4596,10178,0,11388,3547,7841,0,3386,1049,2337,0
"PUNJAB","RAJANPUR","75 & ABOVE","NEVER MARRIED",77,22,55,0,47,11,36,0,30,11,19,0
"PUNJAB","RAJANPUR","75 & ABOVE","SEPERATION",41,20,21,0,34,15,19,0,7,5,2,0
"PUNJAB","RAJANPUR","75 & ABOVE","WIDOWED",7008,4938,2070,0,4915,3443,1472,0,2093,1495,598,0
"PUNJAB","RAWALPINDI","15 &  ABOVE","DIVORCED",17404,12054,5350,0,7481,5177,2304,0,9923,6877,3046,0
"PUNJAB","RAWALPINDI","15 &  ABOVE","MARRIED",2553432,1265984,1287448,0,819635,419509,400126,0,1733797,846475,887322,0
"PUNJAB","RAWALPINDI","15 &  ABOVE","NEVER MARRIED",1289310,553450,734529,1331,380088,167809,212240,39,909222,385641,522289,1292
"PUNJAB","RAWALPINDI","15 &  ABOVE","SEPERATION",5621,2853,2768,0,2092,1032,1060,0,3529,1821,1708,0
"PUNJAB","RAWALPINDI","15 &  ABOVE","WIDOWED",174094,134527,39567,0,74582,58499,16083,0,99512,76028,23484,0
"PUNJAB","RAWALPINDI","15 - 19","DIVORCED",77,64,13,0,33,30,3,0,44,34,10,0
"PUNJAB","RAWALPINDI","15 - 19","MARRIED",24240,18411,5829,0,7754,6094,1660,0,16486,12317,4169,0
"PUNJAB","RAWALPINDI","15 - 19","NEVER MARRIED",549025,266266,282691,68,166743,83075,83664,4,382282,183191,199027,64
"PUNJAB","RAWALPINDI","15 - 19","SEPERATION",61,33,28,0,16,13,3,0,45,20,25,0
"PUNJAB","RAWALPINDI","15 - 19","WIDOWED",69,49,20,0,26,20,6,0,43,29,14,0
"PUNJAB","RAWALPINDI","20 - 24","DIVORCED",786,662,124,0,348,290,58,0,438,372,66,0
"PUNJAB","RAWALPINDI","20 - 24","MARRIED",137956,98875,39081,0,45248,33650,11598,0,92708,65225,27483,0
"PUNJAB","RAWALPINDI","20 - 24","NEVER MARRIED",391773,163912,227662,199,112941,48058,64878,5,278832,115854,162784,194
"PUNJAB","RAWALPINDI","20 - 24","SEPERATION",221,144,77,0,75,54,21,0,146,90,56,0
"PUNJAB","RAWALPINDI","20 - 24","WIDOWED",353,255,98,0,125,95,30,0,228,160,68,0
"PUNJAB","RAWALPINDI","25 - 29","DIVORCED",1993,1470,523,0,876,643,233,0,1117,827,290,0
"PUNJAB","RAWALPINDI","25 - 29","MARRIED",294502,178523,115979,0,93273,59189,34084,0,201229,119334,81895,0
"PUNJAB","RAWALPINDI","25 - 29","NEVER MARRIED",196567,65962,130329,276,54435,18035,36397,3,142132,47927,93932,273
"PUNJAB","RAWALPINDI","25 - 29","SEPERATION",519,288,231,0,183,101,82,0,336,187,149,0
"PUNJAB","RAWALPINDI","25 - 29","WIDOWED",1115,752,363,0,403,265,138,0,712,487,225,0
"PUNJAB","RAWALPINDI","30 - 34","DIVORCED",2841,1998,843,0,1118,770,348,0,1723,1228,495,0
"PUNJAB","RAWALPINDI","30 - 34","MARRIED",374174,201004,173170,0,117988,66055,51933,0,256186,134949,121237,0
"PUNJAB","RAWALPINDI","30 - 34","NEVER MARRIED",71847,26616,44994,237,20644,7563,13074,7,51203,19053,31920,230
"PUNJAB","RAWALPINDI","30 - 34","SEPERATION",772,386,386,0,274,127,147,0,498,259,239,0
"PUNJAB","RAWALPINDI","30 - 34","WIDOWED",2248,1610,638,0,851,607,244,0,1397,1003,394,0
"PUNJAB","RAWALPINDI","35 - 39","DIVORCED",3126,2117,1009,0,1227,818,409,0,1899,1299,600,0
"PUNJAB","RAWALPINDI","35 - 39","MARRIED",393137,196365,196772,0,121459,62721,58738,0,271678,133644,138034,0
"PUNJAB","RAWALPINDI","35 - 39","NEVER MARRIED",34589,11240,23083,266,9490,3330,6155,5,25099,7910,16928,261
"PUNJAB","RAWALPINDI","35 - 39","SEPERATION",852,387,465,0,294,139,155,0,558,248,310,0
"PUNJAB","RAWALPINDI","35 - 39","WIDOWED",4243,3305,938,0,1572,1247,325,0,2671,2058,613,0
"PUNJAB","RAWALPINDI","40 - 44","DIVORCED",2551,1744,807,0,1025,694,331,0,1526,1050,476,0
"PUNJAB","RAWALPINDI","40 - 44","MARRIED",338892,163189,175703,0,104211,51792,52419,0,234681,111397,123284,0
"PUNJAB","RAWALPINDI","40 - 44","NEVER MARRIED",16904,6380,10397,127,5104,2121,2979,4,11800,4259,7418,123
"PUNJAB","RAWALPINDI","40 - 44","SEPERATION",811,402,409,0,281,142,139,0,530,260,270,0
"PUNJAB","RAWALPINDI","40 - 44","WIDOWED",7242,5915,1327,0,2673,2214,459,0,4569,3701,868,0
"PUNJAB","RAWALPINDI","45 - 49","DIVORCED",1919,1250,669,0,754,514,240,0,1165,736,429,0
"PUNJAB","RAWALPINDI","45 - 49","MARRIED",278631,126813,151818,0,85371,40423,44948,0,193260,86390,106870,0
"PUNJAB","RAWALPINDI","45 - 49","NEVER MARRIED",10197,3954,6178,65,3239,1448,1789,2,6958,2506,4389,63
"PUNJAB","RAWALPINDI","45 - 49","SEPERATION",686,361,325,0,230,117,113,0,456,244,212,0
"PUNJAB","RAWALPINDI","45 - 49","WIDOWED",10654,8977,1677,0,3790,3236,554,0,6864,5741,1123,0
"PUNJAB","RAWALPINDI","50 - 54","DIVORCED",1403,930,473,0,629,423,206,0,774,507,267,0
"PUNJAB","RAWALPINDI","50 - 54","MARRIED",217857,96173,121684,0,69426,32218,37208,0,148431,63955,84476,0
"PUNJAB","RAWALPINDI","50 - 54","NEVER MARRIED",6375,2819,3505,51,2258,1174,1081,3,4117,1645,2424,48
"PUNJAB","RAWALPINDI","50 - 54","SEPERATION",528,271,257,0,209,89,120,0,319,182,137,0
"PUNJAB","RAWALPINDI","50 - 54","WIDOWED",16184,13689,2495,0,6159,5311,848,0,10025,8378,1647,0
"PUNJAB","RAWALPINDI","55 - 59","DIVORCED",1001,666,335,0,489,327,162,0,512,339,173,0
"PUNJAB","RAWALPINDI","55 - 59","MARRIED",171515,73421,98094,0,57594,25731,31863,0,113921,47690,66231,0
"PUNJAB","RAWALPINDI","55 - 59","NEVER MARRIED",4357,2132,2213,12,1691,957,732,2,2666,1175,1481,10
"PUNJAB","RAWALPINDI","55 - 59","SEPERATION",411,214,197,0,160,69,91,0,251,145,106,0
"PUNJAB","RAWALPINDI","55 - 59","WIDOWED",19871,16504,3367,0,7967,6767,1200,0,11904,9737,2167,0
"PUNJAB","RAWALPINDI","60 - 64","DIVORCED",738,499,239,0,403,279,124,0,335,220,115,0
"PUNJAB","RAWALPINDI","60 - 64","MARRIED",133922,52053,81869,0,46295,18477,27818,0,87627,33576,54051,0
"PUNJAB","RAWALPINDI","60 - 64","NEVER MARRIED",3096,1641,1444,11,1287,745,542,0,1809,896,902,11
"PUNJAB","RAWALPINDI","60 - 64","SEPERATION",319,156,163,0,143,74,69,0,176,82,94,0
"PUNJAB","RAWALPINDI","60 - 64","WIDOWED",24928,19981,4947,0,9810,8065,1745,0,15118,11916,3202,0
"PUNJAB","RAWALPINDI","65 - 69","DIVORCED",487,351,136,0,280,205,75,0,207,146,61,0
"PUNJAB","RAWALPINDI","65 - 69","MARRIED",90538,34738,55800,0,32639,12757,19882,0,57899,21981,35918,0
"PUNJAB","RAWALPINDI","65 - 69","NEVER MARRIED",2166,1217,938,11,984,596,387,1,1182,621,551,10
"PUNJAB","RAWALPINDI","65 - 69","SEPERATION",226,114,112,0,110,52,58,0,116,62,54,0
"PUNJAB","RAWALPINDI","65 - 69","WIDOWED",26353,20752,5601,0,11238,9007,2231,0,15115,11745,3370,0
"PUNJAB","RAWALPINDI","70 - 74","DIVORCED",273,178,95,0,167,104,63,0,106,74,32,0
"PUNJAB","RAWALPINDI","70 - 74","MARRIED",54159,15321,38838,0,20652,6019,14633,0,33507,9302,24205,0
"PUNJAB","RAWALPINDI","70 - 74","NEVER MARRIED",1214,651,561,2,629,338,291,0,585,313,270,2
"PUNJAB","RAWALPINDI","70 - 74","SEPERATION",115,51,64,0,66,31,35,0,49,20,29,0
"PUNJAB","RAWALPINDI","70 - 74","WIDOWED",24053,17450,6603,0,11181,8385,2796,0,12872,9065,3807,0
"PUNJAB","RAWALPINDI","75 & ABOVE","DIVORCED",209,125,84,0,132,80,52,0,77,45,32,0
"PUNJAB","RAWALPINDI","75 & ABOVE","MARRIED",43909,11098,32811,0,17725,4383,13342,0,26184,6715,19469,0
"PUNJAB","RAWALPINDI","75 & ABOVE","NEVER MARRIED",1200,660,534,6,643,369,271,3,557,291,263,3
"PUNJAB","RAWALPINDI","75 & ABOVE","SEPERATION",100,46,54,0,51,24,27,0,49,22,27,0
"PUNJAB","RAWALPINDI","75 & ABOVE","WIDOWED",36781,25288,11493,0,18787,13280,5507,0,17994,12008,5986,0
"PUNJAB","SAHIWAL","15 &  ABOVE","DIVORCED",10911,7265,3646,0,8172,5436,2736,0,2739,1829,910,0
"PUNJAB","SAHIWAL","15 &  ABOVE","MARRIED",1153871,581591,572280,0,851742,430087,421655,0,302129,151504,150625,0
"PUNJAB","SAHIWAL","15 &  ABOVE","NEVER MARRIED",527636,225325,302167,144,375926,159720,216125,81,151710,65605,86042,63
"PUNJAB","SAHIWAL","15 &  ABOVE","SEPERATION",4301,2325,1976,0,3490,1835,1655,0,811,490,321,0
"PUNJAB","SAHIWAL","15 &  ABOVE","WIDOWED",86359,59673,26686,0,63106,42969,20137,0,23253,16704,6549,0
"PUNJAB","SAHIWAL","15 - 19","DIVORCED",188,155,33,0,156,131,25,0,32,24,8,0
"PUNJAB","SAHIWAL","15 - 19","MARRIED",19040,13901,5139,0,15791,11513,4278,0,3249,2388,861,0
"PUNJAB","SAHIWAL","15 - 19","NEVER MARRIED",249912,118846,131048,18,181315,86156,95146,13,68597,32690,35902,5
"PUNJAB","SAHIWAL","15 - 19","SEPERATION",93,71,22,0,83,63,20,0,10,8,2,0
"PUNJAB","SAHIWAL","15 - 19","WIDOWED",61,36,25,0,51,29,22,0,10,7,3,0
"PUNJAB","SAHIWAL","20 - 24","DIVORCED",829,590,239,0,661,471,190,0,168,119,49,0
"PUNJAB","SAHIWAL","20 - 24","MARRIED",83654,55927,27727,0,65737,43478,22259,0,17917,12449,5468,0
"PUNJAB","SAHIWAL","20 - 24","NEVER MARRIED",151248,61266,89967,15,105199,41619,63572,8,46049,19647,26395,7
"PUNJAB","SAHIWAL","20 - 24","SEPERATION",331,212,119,0,271,169,102,0,60,43,17,0
"PUNJAB","SAHIWAL","20 - 24","WIDOWED",366,199,167,0,297,152,145,0,69,47,22,0
"PUNJAB","SAHIWAL","25 - 29","DIVORCED",1381,915,466,0,1008,641,367,0,373,274,99,0
"PUNJAB","SAHIWAL","25 - 29","MARRIED",141909,82869,59040,0,106251,61186,45065,0,35658,21683,13975,0
"PUNJAB","SAHIWAL","25 - 29","NEVER MARRIED",69629,24623,44975,31,48455,16856,31584,15,21174,7767,13391,16
"PUNJAB","SAHIWAL","25 - 29","SEPERATION",466,266,200,0,381,217,164,0,85,49,36,0
"PUNJAB","SAHIWAL","25 - 29","WIDOWED",752,444,308,0,561,321,240,0,191,123,68,0
"PUNJAB","SAHIWAL","30 - 34","DIVORCED",1563,1043,520,0,1128,742,386,0,435,301,134,0
"PUNJAB","SAHIWAL","30 - 34","MARRIED",166715,89448,77267,0,120980,64629,56351,0,45735,24819,20916,0
"PUNJAB","SAHIWAL","30 - 34","NEVER MARRIED",25569,8973,16581,15,17680,6204,11469,7,7889,2769,5112,8
"PUNJAB","SAHIWAL","30 - 34","SEPERATION",540,292,248,0,417,219,198,0,123,73,50,0
"PUNJAB","SAHIWAL","30 - 34","WIDOWED",1490,983,507,0,1126,731,395,0,364,252,112,0
"PUNJAB","SAHIWAL","35 - 39","DIVORCED",1560,1063,497,0,1094,735,359,0,466,328,138,0
"PUNJAB","SAHIWAL","35 - 39","MARRIED",163370,81969,81401,0,117470,59072,58398,0,45900,22897,23003,0
"PUNJAB","SAHIWAL","35 - 39","NEVER MARRIED",11889,3879,7999,11,8431,2781,5643,7,3458,1098,2356,4
"PUNJAB","SAHIWAL","35 - 39","SEPERATION",561,305,256,0,438,230,208,0,123,75,48,0
"PUNJAB","SAHIWAL","35 - 39","WIDOWED",2517,1816,701,0,1842,1298,544,0,675,518,157,0
"PUNJAB","SAHIWAL","40 - 44","DIVORCED",1501,987,514,0,1061,710,351,0,440,277,163,0
"PUNJAB","SAHIWAL","40 - 44","MARRIED",150677,73663,77014,0,109652,53759,55893,0,41025,19904,21121,0
"PUNJAB","SAHIWAL","40 - 44","NEVER MARRIED",6566,2364,4187,15,4790,1775,3007,8,1776,589,1180,7
"PUNJAB","SAHIWAL","40 - 44","SEPERATION",569,300,269,0,456,227,229,0,113,73,40,0
"PUNJAB","SAHIWAL","40 - 44","WIDOWED",4620,3585,1035,0,3392,2615,777,0,1228,970,258,0
"PUNJAB","SAHIWAL","45 - 49","DIVORCED",1189,796,393,0,877,588,289,0,312,208,104,0
"PUNJAB","SAHIWAL","45 - 49","MARRIED",116425,54146,62279,0,83712,39104,44608,0,32713,15042,17671,0
"PUNJAB","SAHIWAL","45 - 49","NEVER MARRIED",4227,1632,2583,12,3167,1254,1908,5,1060,378,675,7
"PUNJAB","SAHIWAL","45 - 49","SEPERATION",469,237,232,0,378,189,189,0,91,48,43,0
"PUNJAB","SAHIWAL","45 - 49","WIDOWED",6183,4772,1411,0,4462,3389,1073,0,1721,1383,338,0
"PUNJAB","SAHIWAL","50 - 54","DIVORCED",971,632,339,0,773,518,255,0,198,114,84,0
"PUNJAB","SAHIWAL","50 - 54","MARRIED",95604,43725,51879,0,69308,32014,37294,0,26296,11711,14585,0
"PUNJAB","SAHIWAL","50 - 54","NEVER MARRIED",2937,1220,1709,8,2293,996,1291,6,644,224,418,2
"PUNJAB","SAHIWAL","50 - 54","SEPERATION",380,213,167,0,311,162,149,0,69,51,18,0
"PUNJAB","SAHIWAL","50 - 54","WIDOWED",8800,6726,2074,0,6207,4670,1537,0,2593,2056,537,0
"PUNJAB","SAHIWAL","55 - 59","DIVORCED",689,447,242,0,559,366,193,0,130,81,49,0
"PUNJAB","SAHIWAL","55 - 59","MARRIED",76880,32548,44332,0,56373,23981,32392,0,20507,8567,11940,0
"PUNJAB","SAHIWAL","55 - 59","NEVER MARRIED",2119,931,1180,8,1689,768,918,3,430,163,262,5
"PUNJAB","SAHIWAL","55 - 59","SEPERATION",335,166,169,0,274,134,140,0,61,32,29,0
"PUNJAB","SAHIWAL","55 - 59","WIDOWED",10398,7649,2749,0,7347,5262,2085,0,3051,2387,664,0
"PUNJAB","SAHIWAL","60 - 64","DIVORCED",491,312,179,0,396,256,140,0,95,56,39,0
"PUNJAB","SAHIWAL","60 - 64","MARRIED",58689,23965,34724,0,43824,18198,25626,0,14865,5767,9098,0
"PUNJAB","SAHIWAL","60 - 64","NEVER MARRIED",1499,676,819,4,1204,556,645,3,295,120,174,1
"PUNJAB","SAHIWAL","60 - 64","SEPERATION",231,113,118,0,200,96,104,0,31,17,14,0
"PUNJAB","SAHIWAL","60 - 64","WIDOWED",12484,8757,3727,0,8884,6132,2752,0,3600,2625,975,0
"PUNJAB","SAHIWAL","65 - 69","DIVORCED",287,186,101,0,227,152,75,0,60,34,26,0
"PUNJAB","SAHIWAL","65 - 69","MARRIED",37493,14954,22539,0,28317,11456,16861,0,9176,3498,5678,0
"PUNJAB","SAHIWAL","65 - 69","NEVER MARRIED",919,422,495,2,752,346,404,2,167,76,91,0
"PUNJAB","SAHIWAL","65 - 69","SEPERATION",143,71,72,0,123,61,62,0,20,10,10,0
"PUNJAB","SAHIWAL","65 - 69","WIDOWED",12007,8270,3737,0,8737,5932,2805,0,3270,2338,932,0
"PUNJAB","SAHIWAL","70 - 74","DIVORCED",143,64,79,0,125,57,68,0,18,7,11,0
"PUNJAB","SAHIWAL","70 - 74","MARRIED",22830,7809,15021,0,17807,6271,11536,0,5023,1538,3485,0
"PUNJAB","SAHIWAL","70 - 74","NEVER MARRIED",590,274,314,2,488,228,258,2,102,46,56,0
"PUNJAB","SAHIWAL","70 - 74","SEPERATION",97,46,51,0,86,42,44,0,11,4,7,0
"PUNJAB","SAHIWAL","70 - 74","WIDOWED",10650,6850,3800,0,7976,5131,2845,0,2674,1719,955,0
"PUNJAB","SAHIWAL","75 & ABOVE","DIVORCED",119,75,44,0,107,69,38,0,12,6,6,0
"PUNJAB","SAHIWAL","75 & ABOVE","MARRIED",20585,6667,13918,0,16520,5426,11094,0,4065,1241,2824,0
"PUNJAB","SAHIWAL","75 & ABOVE","NEVER MARRIED",532,219,310,3,463,181,280,2,69,38,30,1
"PUNJAB","SAHIWAL","75 & ABOVE","SEPERATION",86,33,53,0,72,26,46,0,14,7,7,0
"PUNJAB","SAHIWAL","75 & ABOVE","WIDOWED",16031,9586,6445,0,12224,7307,4917,0,3807,2279,1528,0
"PUNJAB","SARGODHA","15 &  ABOVE","DIVORCED",16579,10735,5844,0,11200,7199,4001,0,5379,3536,1843,0
"PUNJAB","SARGODHA","15 &  ABOVE","MARRIED",1739755,876700,863055,0,1099791,555039,544752,0,639964,321661,318303,0
"PUNJAB","SARGODHA","15 &  ABOVE","NEVER MARRIED",846778,363208,483195,375,503366,214106,289141,119,343412,149102,194054,256
"PUNJAB","SARGODHA","15 &  ABOVE","SEPERATION",6120,3338,2782,0,4322,2337,1985,0,1798,1001,797,0
"PUNJAB","SARGODHA","15 &  ABOVE","WIDOWED",140644,97754,42890,0,91751,62302,29449,0,48893,35452,13441,0
"PUNJAB","SARGODHA","15 - 19","DIVORCED",287,221,66,0,237,179,58,0,50,42,8,0
"PUNJAB","SARGODHA","15 - 19","MARRIED",28119,20479,7640,0,20587,14899,5688,0,7532,5580,1952,0
"PUNJAB","SARGODHA","15 - 19","NEVER MARRIED",398581,190714,207828,39,245435,117258,128162,15,153146,73456,79666,24
"PUNJAB","SARGODHA","15 - 19","SEPERATION",149,97,52,0,116,76,40,0,33,21,12,0
"PUNJAB","SARGODHA","15 - 19","WIDOWED",144,84,60,0,109,68,41,0,35,16,19,0
"PUNJAB","SARGODHA","20 - 24","DIVORCED",1147,843,304,0,816,595,221,0,331,248,83,0
"PUNJAB","SARGODHA","20 - 24","MARRIED",120831,82047,38784,0,82752,55333,27419,0,38079,26714,11365,0
"PUNJAB","SARGODHA","20 - 24","NEVER MARRIED",252735,104878,147778,79,143690,57740,85924,26,109045,47138,61854,53
"PUNJAB","SARGODHA","20 - 24","SEPERATION",381,246,135,0,281,175,106,0,100,71,29,0
"PUNJAB","SARGODHA","20 - 24","WIDOWED",545,315,230,0,398,233,165,0,147,82,65,0
"PUNJAB","SARGODHA","25 - 29","DIVORCED",2029,1377,652,0,1346,887,459,0,683,490,193,0
"PUNJAB","SARGODHA","25 - 29","MARRIED",217614,129446,88168,0,139475,81820,57655,0,78139,47626,30513,0
"PUNJAB","SARGODHA","25 - 29","NEVER MARRIED",113268,38984,74209,75,64538,21596,42920,22,48730,17388,31289,53
"PUNJAB","SARGODHA","25 - 29","SEPERATION",669,394,275,0,478,276,202,0,191,118,73,0
"PUNJAB","SARGODHA","25 - 29","WIDOWED",1315,784,531,0,893,507,386,0,422,277,145,0
"PUNJAB","SARGODHA","30 - 34","DIVORCED",2582,1637,945,0,1632,1002,630,0,950,635,315,0
"PUNJAB","SARGODHA","30 - 34","MARRIED",257665,139191,118474,0,160738,86419,74319,0,96927,52772,44155,0
"PUNJAB","SARGODHA","30 - 34","NEVER MARRIED",39940,14522,25358,60,23562,8552,14985,25,16378,5970,10373,35
"PUNJAB","SARGODHA","30 - 34","SEPERATION",740,390,350,0,510,262,248,0,230,128,102,0
"PUNJAB","SARGODHA","30 - 34","WIDOWED",2477,1689,788,0,1652,1091,561,0,825,598,227,0
"PUNJAB","SARGODHA","35 - 39","DIVORCED",2525,1621,904,0,1637,1036,601,0,888,585,303,0
"PUNJAB","SARGODHA","35 - 39","MARRIED",248883,125811,123072,0,152094,76904,75190,0,96789,48907,47882,0
"PUNJAB","SARGODHA","35 - 39","NEVER MARRIED",17509,5273,12197,39,10410,3124,7273,13,7099,2149,4924,26
"PUNJAB","SARGODHA","35 - 39","SEPERATION",837,443,394,0,547,285,262,0,290,158,132,0
"PUNJAB","SARGODHA","35 - 39","WIDOWED",4293,3144,1149,0,2785,1991,794,0,1508,1153,355,0
"PUNJAB","SARGODHA","40 - 44","DIVORCED",2185,1434,751,0,1444,938,506,0,741,496,245,0
"PUNJAB","SARGODHA","40 - 44","MARRIED",216226,104968,111258,0,133510,64930,68580,0,82716,40038,42678,0
"PUNJAB","SARGODHA","40 - 44","NEVER MARRIED",8710,2836,5842,32,5290,1778,3507,5,3420,1058,2335,27
"PUNJAB","SARGODHA","40 - 44","SEPERATION",708,386,322,0,500,273,227,0,208,113,95,0
"PUNJAB","SARGODHA","40 - 44","WIDOWED",6941,5442,1499,0,4419,3385,1034,0,2522,2057,465,0
"PUNJAB","SARGODHA","45 - 49","DIVORCED",1713,1094,619,0,1207,781,426,0,506,313,193,0
"PUNJAB","SARGODHA","45 - 49","MARRIED",169836,80083,89753,0,103774,49518,54256,0,66062,30565,35497,0
"PUNJAB","SARGODHA","45 - 49","NEVER MARRIED",5310,1803,3494,13,3269,1178,2087,4,2041,625,1407,9
"PUNJAB","SARGODHA","45 - 49","SEPERATION",638,331,307,0,445,233,212,0,193,98,95,0
"PUNJAB","SARGODHA","45 - 49","WIDOWED",9056,7244,1812,0,5700,4466,1234,0,3356,2778,578,0
"PUNJAB","SARGODHA","50 - 54","DIVORCED",1385,883,502,0,958,608,350,0,427,275,152,0
"PUNJAB","SARGODHA","50 - 54","MARRIED",145090,65802,79288,0,90596,41416,49180,0,54494,24386,30108,0
"PUNJAB","SARGODHA","50 - 54","NEVER MARRIED",3495,1357,2124,14,2240,886,1352,2,1255,471,772,12
"PUNJAB","SARGODHA","50 - 54","SEPERATION",557,323,234,0,395,223,172,0,162,100,62,0
"PUNJAB","SARGODHA","50 - 54","WIDOWED",13796,10774,3022,0,8636,6637,1999,0,5160,4137,1023,0
"PUNJAB","SARGODHA","55 - 59","DIVORCED",1078,668,410,0,749,474,275,0,329,194,135,0
"PUNJAB","SARGODHA","55 - 59","MARRIED",118136,49694,68442,0,74664,31514,43150,0,43472,18180,25292,0
"PUNJAB","SARGODHA","55 - 59","NEVER MARRIED",2533,1017,1510,6,1662,704,957,1,871,313,553,5
"PUNJAB","SARGODHA","55 - 59","SEPERATION",483,240,243,0,350,175,175,0,133,65,68,0
"PUNJAB","SARGODHA","55 - 59","WIDOWED",16190,12042,4148,0,10033,7266,2767,0,6157,4776,1381,0
"PUNJAB","SARGODHA","60 - 64","DIVORCED",716,452,264,0,510,323,187,0,206,129,77,0
"PUNJAB","SARGODHA","60 - 64","MARRIED",88642,34773,53869,0,55718,22181,33537,0,32924,12592,20332,0
"PUNJAB","SARGODHA","60 - 64","NEVER MARRIED",1910,770,1130,10,1297,558,734,5,613,212,396,5
"PUNJAB","SARGODHA","60 - 64","SEPERATION",411,220,191,0,300,162,138,0,111,58,53,0
"PUNJAB","SARGODHA","60 - 64","WIDOWED",19012,13696,5316,0,11984,8435,3549,0,7028,5261,1767,0
"PUNJAB","SARGODHA","65 - 69","DIVORCED",476,281,195,0,331,206,125,0,145,75,70,0
"PUNJAB","SARGODHA","65 - 69","MARRIED",59551,23502,36049,0,38181,15364,22817,0,21370,8138,13232,0
"PUNJAB","SARGODHA","65 - 69","NEVER MARRIED",1240,492,740,8,851,341,509,1,389,151,231,7
"PUNJAB","SARGODHA","65 - 69","SEPERATION",246,126,120,0,181,90,91,0,65,36,29,0
"PUNJAB","SARGODHA","65 - 69","WIDOWED",19512,13530,5982,0,12418,8442,3976,0,7094,5088,2006,0
"PUNJAB","SARGODHA","70 - 74","DIVORCED",261,120,141,0,185,87,98,0,76,33,43,0
"PUNJAB","SARGODHA","70 - 74","MARRIED",36521,11507,25014,0,24678,8045,16633,0,11843,3462,8381,0
"PUNJAB","SARGODHA","70 - 74","NEVER MARRIED",759,271,488,0,554,184,370,0,205,87,118,0
"PUNJAB","SARGODHA","70 - 74","SEPERATION",162,81,81,0,118,60,58,0,44,21,23,0
"PUNJAB","SARGODHA","70 - 74","WIDOWED",18030,11540,6490,0,12125,7652,4473,0,5905,3888,2017,0
"PUNJAB","SARGODHA","75 & ABOVE","DIVORCED",195,104,91,0,148,83,65,0,47,21,26,0
"PUNJAB","SARGODHA","75 & ABOVE","MARRIED",32641,9397,23244,0,23024,6696,16328,0,9617,2701,6916,0
"PUNJAB","SARGODHA","75 & ABOVE","NEVER MARRIED",788,291,497,0,568,207,361,0,220,84,136,0
"PUNJAB","SARGODHA","75 & ABOVE","SEPERATION",139,61,78,0,101,47,54,0,38,14,24,0
"PUNJAB","SARGODHA","75 & ABOVE","WIDOWED",29333,17470,11863,0,20599,12129,8470,0,8734,5341,3393,0
"PUNJAB","SHEIKHUPURA","15 &  ABOVE","DIVORCED",8226,4871,3355,0,4856,2850,2006,0,3370,2021,1349,0
"PUNJAB","SHEIKHUPURA","15 &  ABOVE","MARRIED",1606381,795143,811238,0,986935,486831,500104,0,619446,308312,311134,0
"PUNJAB","SHEIKHUPURA","15 &  ABOVE","NEVER MARRIED",785326,338150,446606,570,477288,203478,273478,332,308038,134672,173128,238
"PUNJAB","SHEIKHUPURA","15 &  ABOVE","SEPERATION",3134,1477,1657,0,1966,901,1065,0,1168,576,592,0
"PUNJAB","SHEIKHUPURA","15 &  ABOVE","WIDOWED",87956,57563,30393,0,52543,33552,18991,0,35413,24011,11402,0
"PUNJAB","SHEIKHUPURA","15 - 19","DIVORCED",129,107,22,0,89,73,16,0,40,34,6,0
"PUNJAB","SHEIKHUPURA","15 - 19","MARRIED",20670,14792,5878,0,14080,10045,4035,0,6590,4747,1843,0
"PUNJAB","SHEIKHUPURA","15 - 19","NEVER MARRIED",393125,188958,204025,142,243086,116757,126228,101,150039,72201,77797,41
"PUNJAB","SHEIKHUPURA","15 - 19","SEPERATION",101,54,47,0,46,34,12,0,55,20,35,0
"PUNJAB","SHEIKHUPURA","15 - 19","WIDOWED",79,39,40,0,49,26,23,0,30,13,17,0
"PUNJAB","SHEIKHUPURA","20 - 24","DIVORCED",788,547,241,0,512,355,157,0,276,192,84,0
"PUNJAB","SHEIKHUPURA","20 - 24","MARRIED",122735,82561,40174,0,78856,52647,26209,0,43879,29914,13965,0
"PUNJAB","SHEIKHUPURA","20 - 24","NEVER MARRIED",239753,96801,142853,99,144284,56630,87582,72,95469,40171,55271,27
"PUNJAB","SHEIKHUPURA","20 - 24","SEPERATION",227,134,93,0,141,90,51,0,86,44,42,0
"PUNJAB","SHEIKHUPURA","20 - 24","WIDOWED",387,223,164,0,255,142,113,0,132,81,51,0
"PUNJAB","SHEIKHUPURA","25 - 29","DIVORCED",1346,888,458,0,778,488,290,0,568,400,168,0
"PUNJAB","SHEIKHUPURA","25 - 29","MARRIED",224305,128065,96240,0,138506,78267,60239,0,85799,49798,36001,0
"PUNJAB","SHEIKHUPURA","25 - 29","NEVER MARRIED",98738,33803,64835,100,58571,19273,39243,55,40167,14530,25592,45
"PUNJAB","SHEIKHUPURA","25 - 29","SEPERATION",406,203,203,0,262,125,137,0,144,78,66,0
"PUNJAB","SHEIKHUPURA","25 - 29","WIDOWED",1020,597,423,0,644,369,275,0,376,228,148,0
"PUNJAB","SHEIKHUPURA","30 - 34","DIVORCED",1426,839,587,0,784,448,336,0,642,391,251,0
"PUNJAB","SHEIKHUPURA","30 - 34","MARRIED",241947,126290,115657,0,147680,76268,71412,0,94267,50022,44245,0
"PUNJAB","SHEIKHUPURA","30 - 34","NEVER MARRIED",28789,12265,16465,59,17090,7123,9941,26,11699,5142,6524,33
"PUNJAB","SHEIKHUPURA","30 - 34","SEPERATION",445,203,242,0,263,109,154,0,182,94,88,0
"PUNJAB","SHEIKHUPURA","30 - 34","WIDOWED",1746,1143,603,0,1075,683,392,0,671,460,211,0
"PUNJAB","SHEIKHUPURA","35 - 39","DIVORCED",1343,755,588,0,751,421,330,0,592,334,258,0
"PUNJAB","SHEIKHUPURA","35 - 39","MARRIED",233529,113644,119885,0,140716,67611,73105,0,92813,46033,46780,0
"PUNJAB","SHEIKHUPURA","35 - 39","NEVER MARRIED",11735,2948,8726,61,6540,1602,4905,33,5195,1346,3821,28
"PUNJAB","SHEIKHUPURA","35 - 39","SEPERATION",481,214,267,0,299,129,170,0,182,85,97,0
"PUNJAB","SHEIKHUPURA","35 - 39","WIDOWED",3008,2075,933,0,1813,1201,612,0,1195,874,321,0
"PUNJAB","SHEIKHUPURA","40 - 44","DIVORCED",1039,568,471,0,610,334,276,0,429,234,195,0
"PUNJAB","SHEIKHUPURA","40 - 44","MARRIED",204332,96236,108096,0,124800,58552,66248,0,79532,37684,41848,0
"PUNJAB","SHEIKHUPURA","40 - 44","NEVER MARRIED",5496,1294,4157,45,3093,791,2284,18,2403,503,1873,27
"PUNJAB","SHEIKHUPURA","40 - 44","SEPERATION",403,195,208,0,252,120,132,0,151,75,76,0
"PUNJAB","SHEIKHUPURA","40 - 44","WIDOWED",4918,3649,1269,0,2981,2151,830,0,1937,1498,439,0
"PUNJAB","SHEIKHUPURA","45 - 49","DIVORCED",783,456,327,0,458,268,190,0,325,188,137,0
"PUNJAB","SHEIKHUPURA","45 - 49","MARRIED",163206,73509,89697,0,98286,44342,53944,0,64920,29167,35753,0
"PUNJAB","SHEIKHUPURA","45 - 49","NEVER MARRIED",3215,777,2409,29,1815,473,1332,10,1400,304,1077,19
"PUNJAB","SHEIKHUPURA","45 - 49","SEPERATION",321,154,167,0,205,98,107,0,116,56,60,0
"PUNJAB","SHEIKHUPURA","45 - 49","WIDOWED",6796,5127,1669,0,3973,2961,1012,0,2823,2166,657,0
"PUNJAB","SHEIKHUPURA","50 - 54","DIVORCED",520,287,233,0,328,182,146,0,192,105,87,0
"PUNJAB","SHEIKHUPURA","50 - 54","MARRIED",126212,55309,70903,0,76532,33605,42927,0,49680,21704,27976,0
"PUNJAB","SHEIKHUPURA","50 - 54","NEVER MARRIED",1724,464,1246,14,1012,293,711,8,712,171,535,6
"PUNJAB","SHEIKHUPURA","50 - 54","SEPERATION",242,115,127,0,159,70,89,0,83,45,38,0
"PUNJAB","SHEIKHUPURA","50 - 54","WIDOWED",9318,6895,2423,0,5412,3938,1474,0,3906,2957,949,0
"PUNJAB","SHEIKHUPURA","55 - 59","DIVORCED",358,183,175,0,228,120,108,0,130,63,67,0
"PUNJAB","SHEIKHUPURA","55 - 59","MARRIED",98542,41623,56919,0,60391,25495,34896,0,38151,16128,22023,0
"PUNJAB","SHEIKHUPURA","55 - 59","NEVER MARRIED",1115,329,779,7,708,209,495,4,407,120,284,3
"PUNJAB","SHEIKHUPURA","55 - 59","SEPERATION",210,89,121,0,125,50,75,0,85,39,46,0
"PUNJAB","SHEIKHUPURA","55 - 59","WIDOWED",10628,7454,3174,0,6113,4156,1957,0,4515,3298,1217,0
"PUNJAB","SHEIKHUPURA","60 - 64","DIVORCED",250,121,129,0,151,81,70,0,99,40,59,0
"PUNJAB","SHEIKHUPURA","60 - 64","MARRIED",73876,29381,44495,0,45288,18162,27126,0,28588,11219,17369,0
"PUNJAB","SHEIKHUPURA","60 - 64","NEVER MARRIED",707,229,471,7,449,143,304,2,258,86,167,5
"PUNJAB","SHEIKHUPURA","60 - 64","SEPERATION",127,50,77,0,84,29,55,0,43,21,22,0
"PUNJAB","SHEIKHUPURA","60 - 64","WIDOWED",12737,8619,4118,0,7356,4808,2548,0,5381,3811,1570,0
"PUNJAB","SHEIKHUPURA","65 - 69","DIVORCED",128,58,70,0,79,34,45,0,49,24,25,0
"PUNJAB","SHEIKHUPURA","65 - 69","MARRIED",46543,18037,28506,0,28745,11311,17434,0,17798,6726,11072,0
"PUNJAB","SHEIKHUPURA","65 - 69","NEVER MARRIED",412,150,256,6,271,99,169,3,141,51,87,3
"PUNJAB","SHEIKHUPURA","65 - 69","SEPERATION",73,34,39,0,54,24,30,0,19,10,9,0
"PUNJAB","SHEIKHUPURA","65 - 69","WIDOWED",11659,7582,4077,0,6769,4301,2468,0,4890,3281,1609,0
"PUNJAB","SHEIKHUPURA","70 - 74","DIVORCED",57,27,30,0,46,22,24,0,11,5,6,0
"PUNJAB","SHEIKHUPURA","70 - 74","MARRIED",25955,8142,17813,0,16501,5337,11164,0,9454,2805,6649,0
"PUNJAB","SHEIKHUPURA","70 - 74","NEVER MARRIED",248,68,180,0,162,38,124,0,86,30,56,0
"PUNJAB","SHEIKHUPURA","70 - 74","SEPERATION",43,13,30,0,32,9,23,0,11,4,7,0
"PUNJAB","SHEIKHUPURA","70 - 74","WIDOWED",9719,5654,4065,0,5926,3448,2478,0,3793,2206,1587,0
"PUNJAB","SHEIKHUPURA","75 & ABOVE","DIVORCED",59,35,24,0,42,24,18,0,17,11,6,0
"PUNJAB","SHEIKHUPURA","75 & ABOVE","MARRIED",24529,7554,16975,0,16554,5189,11365,0,7975,2365,5610,0
"PUNJAB","SHEIKHUPURA","75 & ABOVE","NEVER MARRIED",269,64,204,1,207,47,160,0,62,17,44,1
"PUNJAB","SHEIKHUPURA","75 & ABOVE","SEPERATION",55,19,36,0,44,14,30,0,11,5,6,0
"PUNJAB","SHEIKHUPURA","75 & ABOVE","WIDOWED",15941,8506,7435,0,10177,5368,4809,0,5764,3138,2626,0
"PUNJAB","SIALKOT","15 &  ABOVE","DIVORCED",12099,7715,4384,0,7951,4985,2966,0,4148,2730,1418,0
"PUNJAB","SIALKOT","15 &  ABOVE","MARRIED",1780354,925376,854978,0,1193907,626569,567338,0,586447,298807,287640,0
"PUNJAB","SIALKOT","15 &  ABOVE","NEVER MARRIED",915242,394946,519834,462,607639,264791,342652,196,307603,130155,177182,266
"PUNJAB","SIALKOT","15 &  ABOVE","SEPERATION",2987,1634,1353,0,1849,1013,836,0,1138,621,517,0
"PUNJAB","SIALKOT","15 &  ABOVE","WIDOWED",129682,89122,40560,0,86354,58263,28091,0,43328,30859,12469,0
"PUNJAB","SIALKOT","15 - 19","DIVORCED",80,67,13,0,59,51,8,0,21,16,5,0
"PUNJAB","SIALKOT","15 - 19","MARRIED",14878,10821,4057,0,10545,7696,2849,0,4333,3125,1208,0
"PUNJAB","SIALKOT","15 - 19","NEVER MARRIED",445429,211290,234097,42,304864,145619,159221,24,140565,65671,74876,18
"PUNJAB","SIALKOT","15 - 19","SEPERATION",45,30,15,0,26,18,8,0,19,12,7,0
"PUNJAB","SIALKOT","15 - 19","WIDOWED",67,37,30,0,45,24,21,0,22,13,9,0
"PUNJAB","SIALKOT","20 - 24","DIVORCED",879,687,192,0,632,484,148,0,247,203,44,0
"PUNJAB","SIALKOT","20 - 24","MARRIED",113993,81399,32594,0,80146,57372,22774,0,33847,24027,9820,0
"PUNJAB","SIALKOT","20 - 24","NEVER MARRIED",294898,126753,168067,78,195972,84574,111369,29,98926,42179,56698,49
"PUNJAB","SIALKOT","20 - 24","SEPERATION",150,101,49,0,109,79,30,0,41,22,19,0
"PUNJAB","SIALKOT","20 - 24","WIDOWED",355,236,119,0,230,153,77,0,125,83,42,0
"PUNJAB","SIALKOT","25 - 29","DIVORCED",1811,1236,575,0,1257,847,410,0,554,389,165,0
"PUNJAB","SIALKOT","25 - 29","MARRIED",230907,144537,86370,0,157827,99578,58249,0,73080,44959,28121,0
"PUNJAB","SIALKOT","25 - 29","NEVER MARRIED",112671,38871,73726,74,70720,24556,46128,36,41951,14315,27598,38
"PUNJAB","SIALKOT","25 - 29","SEPERATION",273,170,103,0,172,103,69,0,101,67,34,0
"PUNJAB","SIALKOT","25 - 29","WIDOWED",989,627,362,0,691,441,250,0,298,186,112,0
"PUNJAB","SIALKOT","30 - 34","DIVORCED",2108,1350,758,0,1359,852,507,0,749,498,251,0
"PUNJAB","SIALKOT","30 - 34","MARRIED",267892,148690,119202,0,178054,99492,78562,0,89838,49198,40640,0
"PUNJAB","SIALKOT","30 - 34","NEVER MARRIED",32025,8701,23250,74,18857,4927,13896,34,13168,3774,9354,40
"PUNJAB","SIALKOT","30 - 34","SEPERATION",370,194,176,0,224,116,108,0,146,78,68,0
"PUNJAB","SIALKOT","30 - 34","WIDOWED",1865,1276,589,0,1271,867,404,0,594,409,185,0
"PUNJAB","SIALKOT","35 - 39","DIVORCED",2015,1269,746,0,1272,784,488,0,743,485,258,0
"PUNJAB","SIALKOT","35 - 39","MARRIED",254687,132826,121861,0,168157,88427,79730,0,86530,44399,42131,0
"PUNJAB","SIALKOT","35 - 39","NEVER MARRIED",12633,3578,8995,60,7199,1940,5238,21,5434,1638,3757,39
"PUNJAB","SIALKOT","35 - 39","SEPERATION",421,237,184,0,262,146,116,0,159,91,68,0
"PUNJAB","SIALKOT","35 - 39","WIDOWED",3265,2386,879,0,2138,1530,608,0,1127,856,271,0
"PUNJAB","SIALKOT","40 - 44","DIVORCED",1671,1060,611,0,1066,658,408,0,605,402,203,0
"PUNJAB","SIALKOT","40 - 44","MARRIED",228482,116463,112019,0,151814,77859,73955,0,76668,38604,38064,0
"PUNJAB","SIALKOT","40 - 44","NEVER MARRIED",6313,1948,4319,46,3508,1046,2445,17,2805,902,1874,29
"PUNJAB","SIALKOT","40 - 44","SEPERATION",430,253,177,0,268,160,108,0,162,93,69,0
"PUNJAB","SIALKOT","40 - 44","WIDOWED",5849,4555,1294,0,3897,2996,901,0,1952,1559,393,0
"PUNJAB","SIALKOT","45 - 49","DIVORCED",1191,715,476,0,745,444,301,0,446,271,175,0
"PUNJAB","SIALKOT","45 - 49","MARRIED",185354,89297,96057,0,121942,59037,62905,0,63412,30260,33152,0
"PUNJAB","SIALKOT","45 - 49","NEVER MARRIED",3912,1213,2667,32,2217,676,1530,11,1695,537,1137,21
"PUNJAB","SIALKOT","45 - 49","SEPERATION",354,195,159,0,207,113,94,0,147,82,65,0
"PUNJAB","SIALKOT","45 - 49","WIDOWED",8207,6475,1732,0,5273,4067,1206,0,2934,2408,526,0
"PUNJAB","SIALKOT","50 - 54","DIVORCED",872,519,353,0,569,347,222,0,303,172,131,0
"PUNJAB","SIALKOT","50 - 54","MARRIED",150790,69100,81690,0,99691,46145,53546,0,51099,22955,28144,0
"PUNJAB","SIALKOT","50 - 54","NEVER MARRIED",2551,870,1651,30,1406,490,904,12,1145,380,747,18
"PUNJAB","SIALKOT","50 - 54","SEPERATION",288,158,130,0,175,97,78,0,113,61,52,0
"PUNJAB","SIALKOT","50 - 54","WIDOWED",12347,9560,2787,0,7866,5949,1917,0,4481,3611,870,0
"PUNJAB","SIALKOT","55 - 59","DIVORCED",553,323,230,0,358,196,162,0,195,127,68,0
"PUNJAB","SIALKOT","55 - 59","MARRIED",118229,52459,65770,0,79290,35298,43992,0,38939,17161,21778,0
"PUNJAB","SIALKOT","55 - 59","NEVER MARRIED",1694,554,1129,11,986,321,660,5,708,233,469,6
"PUNJAB","SIALKOT","55 - 59","SEPERATION",234,107,127,0,132,59,73,0,102,48,54,0
"PUNJAB","SIALKOT","55 - 59","WIDOWED",14851,11087,3764,0,9616,7000,2616,0,5235,4087,1148,0
"PUNJAB","SIALKOT","60 - 64","DIVORCED",421,228,193,0,267,137,130,0,154,91,63,0
"PUNJAB","SIALKOT","60 - 64","MARRIED",90356,36294,54062,0,60260,24657,35603,0,30096,11637,18459,0
"PUNJAB","SIALKOT","60 - 64","NEVER MARRIED",1263,464,793,6,721,247,473,1,542,217,320,5
"PUNJAB","SIALKOT","60 - 64","SEPERATION",173,89,84,0,116,59,57,0,57,30,27,0
"PUNJAB","SIALKOT","60 - 64","WIDOWED",18761,13289,5472,0,12094,8394,3700,0,6667,4895,1772,0
"PUNJAB","SIALKOT","65 - 69","DIVORCED",242,136,106,0,165,85,80,0,77,51,26,0
"PUNJAB","SIALKOT","65 - 69","MARRIED",59294,23138,36156,0,39885,15934,23951,0,19409,7204,12205,0
"PUNJAB","SIALKOT","65 - 69","NEVER MARRIED",796,324,469,3,480,174,303,3,316,150,166,0
"PUNJAB","SIALKOT","65 - 69","SEPERATION",129,45,84,0,77,25,52,0,52,20,32,0
"PUNJAB","SIALKOT","65 - 69","WIDOWED",18249,12475,5774,0,11983,8048,3935,0,6266,4427,1839,0
"PUNJAB","SIALKOT","70 - 74","DIVORCED",125,65,60,0,98,53,45,0,27,12,15,0
"PUNJAB","SIALKOT","70 - 74","MARRIED",33272,10426,22846,0,22902,7523,15379,0,10370,2903,7467,0
"PUNJAB","SIALKOT","70 - 74","NEVER MARRIED",476,168,305,3,307,89,216,2,169,79,89,1
"PUNJAB","SIALKOT","70 - 74","SEPERATION",65,32,33,0,41,20,21,0,24,12,12,0
"PUNJAB","SIALKOT","70 - 74","WIDOWED",16281,10220,6061,0,10993,6851,4142,0,5288,3369,1919,0
"PUNJAB","SIALKOT","75 & ABOVE","DIVORCED",131,60,71,0,104,47,57,0,27,13,14,NA
"PUNJAB","SIALKOT","75 & ABOVE","MARRIED",32220,9926,22294,0,23394,7551,15843,0,8826,2375,6451,NA
"PUNJAB","SIALKOT","75 & ABOVE","NEVER MARRIED",581,212,366,3,402,132,269,1,179,80,97,2
"PUNJAB","SIALKOT","75 & ABOVE","SEPERATION",55,23,32,0,40,18,22,0,15,5,10,NA
"PUNJAB","SIALKOT","75 & ABOVE","WIDOWED",28596,16899,11697,0,20257,11943,8314,0,8339,4956,3383,NA
"PUNJAB","TOBA TEK SINGH","15 &  ABOVE","DIVORCED",8575,5457,3118,NA,6591,4195,2396,NA,1984,1262,722,NA
"PUNJAB","TOBA TEK SINGH","15 &  ABOVE","MARRIED",1044941,531334,513607,NA,813985,414231,399754,NA,230956,117103,113853,NA
"PUNJAB","TOBA TEK SINGH","15 &  ABOVE","NEVER MARRIED",484848,199799,284815,234,366583,149772,216722,89,118265,50027,68093,145
"PUNJAB","TOBA TEK SINGH","15 &  ABOVE","SEPERATION",2403,1210,1193,NA,1863,936,927,NA,540,274,266,NA
"PUNJAB","TOBA TEK SINGH","15 &  ABOVE","WIDOWED",76386,52389,23997,NA,58186,39320,18866,NA,18200,13069,5131,NA
"PUNJAB","TOBA TEK SINGH","15 - 19","DIVORCED",130,107,23,NA,107,92,15,NA,23,15,8,NA
"PUNJAB","TOBA TEK SINGH","15 - 19","MARRIED",15199,11019,4180,NA,13045,9421,3624,NA,2154,1598,556,NA
"PUNJAB","TOBA TEK SINGH","15 - 19","NEVER MARRIED",230398,106477,123906,15,177082,81568,95506,8,53316,24909,28400,7
"PUNJAB","TOBA TEK SINGH","15 - 19","SEPERATION",57,37,20,NA,51,34,17,NA,6,3,3,NA
"PUNJAB","TOBA TEK SINGH","15 - 19","WIDOWED",46,26,20,NA,40,22,18,NA,6,4,2,NA
"PUNJAB","TOBA TEK SINGH","20 - 24","DIVORCED",666,487,179,NA,530,384,146,NA,136,103,33,NA
"PUNJAB","TOBA TEK SINGH","20 - 24","MARRIED",72363,49481,22882,NA,59030,40037,18993,NA,13333,9444,3889,NA
"PUNJAB","TOBA TEK SINGH","20 - 24","NEVER MARRIED",147006,59317,87662,27,110211,43495,66708,8,36795,15822,20954,19
"PUNJAB","TOBA TEK SINGH","20 - 24","SEPERATION",176,113,63,NA,141,94,47,NA,35,19,16,NA
"PUNJAB","TOBA TEK SINGH","20 - 24","WIDOWED",266,143,123,NA,212,103,109,NA,54,40,14,NA
"PUNJAB","TOBA TEK SINGH","25 - 29","DIVORCED",1088,719,369,NA,803,526,277,NA,285,193,92,NA
"PUNJAB","TOBA TEK SINGH","25 - 29","MARRIED",131109,78561,52548,NA,102906,61159,41747,NA,28203,17402,10801,NA
"PUNJAB","TOBA TEK SINGH","25 - 29","NEVER MARRIED",63430,20577,42824,29,46610,14658,31945,7,16820,5919,10879,22
"PUNJAB","TOBA TEK SINGH","25 - 29","SEPERATION",256,132,124,NA,192,95,97,NA,64,37,27,NA
"PUNJAB","TOBA TEK SINGH","25 - 29","WIDOWED",670,409,261,NA,533,320,213,NA,137,89,48,NA
"PUNJAB","TOBA TEK SINGH","30 - 34","DIVORCED",1298,859,439,NA,987,654,333,NA,311,205,106,NA
"PUNJAB","TOBA TEK SINGH","30 - 34","MARRIED",151369,81695,69674,NA,115929,62508,53421,NA,35440,19187,16253,NA
"PUNJAB","TOBA TEK SINGH","30 - 34","NEVER MARRIED",20681,5566,15079,36,15091,4003,11075,13,5590,1563,4004,23
"PUNJAB","TOBA TEK SINGH","30 - 34","SEPERATION",284,145,139,NA,222,113,109,NA,62,32,30,NA
"PUNJAB","TOBA TEK SINGH","30 - 34","WIDOWED",1286,883,403,NA,962,646,316,NA,324,237,87,NA
"PUNJAB","TOBA TEK SINGH","35 - 39","DIVORCED",1268,791,477,NA,920,570,350,NA,348,221,127,NA
"PUNJAB","TOBA TEK SINGH","35 - 39","MARRIED",145677,74050,71627,NA,111221,56511,54710,NA,34456,17539,16917,NA
"PUNJAB","TOBA TEK SINGH","35 - 39","NEVER MARRIED",8800,2471,6291,38,6471,1819,4639,13,2329,652,1652,25
"PUNJAB","TOBA TEK SINGH","35 - 39","SEPERATION",294,137,157,NA,221,101,120,NA,73,36,37,NA
"PUNJAB","TOBA TEK SINGH","35 - 39","WIDOWED",2204,1641,563,NA,1632,1179,453,NA,572,462,110,NA
"PUNJAB","TOBA TEK SINGH","40 - 44","DIVORCED",1188,720,468,NA,906,541,365,NA,282,179,103,NA
"PUNJAB","TOBA TEK SINGH","40 - 44","MARRIED",135130,66174,68956,NA,104062,51049,53013,NA,31068,15125,15943,NA
"PUNJAB","TOBA TEK SINGH","40 - 44","NEVER MARRIED",4992,1630,3332,30,3717,1233,2472,12,1275,397,860,18
"PUNJAB","TOBA TEK SINGH","40 - 44","SEPERATION",327,157,170,NA,247,119,128,NA,80,38,42,NA
"PUNJAB","TOBA TEK SINGH","40 - 44","WIDOWED",3774,2978,796,NA,2836,2197,639,NA,938,781,157,NA
"PUNJAB","TOBA TEK SINGH","45 - 49","DIVORCED",894,539,355,NA,688,421,267,NA,206,118,88,NA
"PUNJAB","TOBA TEK SINGH","45 - 49","MARRIED",104313,49406,54907,NA,80142,38048,42094,NA,24171,11358,12813,NA
"PUNJAB","TOBA TEK SINGH","45 - 49","NEVER MARRIED",3192,1161,2009,22,2403,893,1496,14,789,268,513,8
"PUNJAB","TOBA TEK SINGH","45 - 49","SEPERATION",293,155,138,NA,215,112,103,NA,78,43,35,NA
"PUNJAB","TOBA TEK SINGH","45 - 49","WIDOWED",5189,4131,1058,NA,3871,3032,839,NA,1318,1099,219,NA
"PUNJAB","TOBA TEK SINGH","50 - 54","DIVORCED",686,428,258,NA,535,336,199,NA,151,92,59,NA
"PUNJAB","TOBA TEK SINGH","50 - 54","MARRIED",86961,39880,47081,NA,67028,30906,36122,NA,19933,8974,10959,NA
"PUNJAB","TOBA TEK SINGH","50 - 54","NEVER MARRIED",1999,842,1141,16,1514,673,836,5,485,169,305,11
"PUNJAB","TOBA TEK SINGH","50 - 54","SEPERATION",226,113,113,NA,174,89,85,NA,52,24,28,NA
"PUNJAB","TOBA TEK SINGH","50 - 54","WIDOWED",7448,5831,1617,NA,5447,4237,1210,NA,2001,1594,407,NA
"PUNJAB","TOBA TEK SINGH","55 - 59","DIVORCED",486,299,187,NA,395,246,149,NA,91,53,38,NA
"PUNJAB","TOBA TEK SINGH","55 - 59","MARRIED",70605,30345,40260,NA,54899,23590,31309,NA,15706,6755,8951,NA
"PUNJAB","TOBA TEK SINGH","55 - 59","NEVER MARRIED",1527,592,924,11,1190,483,702,5,337,109,222,6
"PUNJAB","TOBA TEK SINGH","55 - 59","SEPERATION",183,92,91,NA,148,72,76,NA,35,20,15,NA
"PUNJAB","TOBA TEK SINGH","55 - 59","WIDOWED",8807,6486,2321,NA,6496,4731,1765,NA,2311,1755,556,NA
"PUNJAB","TOBA TEK SINGH","60 - 64","DIVORCED",384,236,148,NA,313,197,116,NA,71,39,32,NA
"PUNJAB","TOBA TEK SINGH","60 - 64","MARRIED",53309,22002,31307,NA,41730,17416,24314,NA,11579,4586,6993,NA
"PUNJAB","TOBA TEK SINGH","60 - 64","NEVER MARRIED",1179,473,701,5,949,382,564,3,230,91,137,2
"PUNJAB","TOBA TEK SINGH","60 - 64","SEPERATION",111,56,55,NA,87,43,44,NA,24,13,11,NA
"PUNJAB","TOBA TEK SINGH","60 - 64","WIDOWED",10646,7648,2998,NA,7947,5637,2310,NA,2699,2011,688,NA
"PUNJAB","TOBA TEK SINGH","65 - 69","DIVORCED",274,157,117,NA,220,123,97,NA,54,34,20,NA
"PUNJAB","TOBA TEK SINGH","65 - 69","MARRIED",36742,14890,21852,NA,29179,11996,17183,NA,7563,2894,4669,NA
"PUNJAB","TOBA TEK SINGH","65 - 69","NEVER MARRIED",772,336,433,3,623,266,356,1,149,70,77,2
"PUNJAB","TOBA TEK SINGH","65 - 69","SEPERATION",97,42,55,NA,80,38,42,NA,17,4,13,NA
"PUNJAB","TOBA TEK SINGH","65 - 69","WIDOWED",10475,7117,3358,NA,7819,5313,2506,NA,2656,1804,852,NA
"PUNJAB","TOBA TEK SINGH","70 - 74","DIVORCED",117,55,62,NA,100,49,51,NA,17,6,11,NA
"PUNJAB","TOBA TEK SINGH","70 - 74","MARRIED",21597,7254,14343,NA,17527,6017,11510,NA,4070,1237,2833,NA
"PUNJAB","TOBA TEK SINGH","70 - 74","NEVER MARRIED",437,189,247,1,356,165,191,NA,81,24,56,1
"PUNJAB","TOBA TEK SINGH","70 - 74","SEPERATION",53,17,36,NA,44,14,30,NA,9,3,6,NA
"PUNJAB","TOBA TEK SINGH","70 - 74","WIDOWED",9353,5817,3536,NA,7297,4501,2796,NA,2056,1316,740,NA
"PUNJAB","TOBA TEK SINGH","75 & ABOVE","DIVORCED",96,60,36,NA,87,56,31,NA,9,4,5,NA
"PUNJAB","TOBA TEK SINGH","75 & ABOVE","MARRIED",20567,6577,13990,NA,17287,5573,11714,NA,3280,1004,2276,NA
"PUNJAB","TOBA TEK SINGH","75 & ABOVE","NEVER MARRIED",435,168,266,1,366,134,232,NA,69,34,34,1
"PUNJAB","TOBA TEK SINGH","75 & ABOVE","SEPERATION",46,14,32,NA,41,12,29,NA,5,2,3,NA
"PUNJAB","TOBA TEK SINGH","75 & ABOVE","WIDOWED",16222,9279,6943,NA,13094,7402,5692,NA,3128,1877,1251,NA
"PUNJAB","VEHARI","15 &  ABOVE","DIVORCED",11297,7321,3976,NA,8816,5756,3060,NA,2481,1565,916,NA
"PUNJAB","VEHARI","15 &  ABOVE","MARRIED",1384160,700450,683710,NA,1076078,544325,531753,NA,308082,156125,151957,NA
"PUNJAB","VEHARI","15 &  ABOVE","NEVER MARRIED",597104,253544,343148,412,446157,187855,258084,218,150947,65689,85064,194
"PUNJAB","VEHARI","15 &  ABOVE","SEPERATION",4878,2656,2222,NA,3864,2118,1746,NA,1014,538,476,NA
"PUNJAB","VEHARI","15 &  ABOVE","WIDOWED",92793,64858,27935,NA,70626,49026,21600,NA,22167,15832,6335,NA
"PUNJAB","VEHARI","15 - 19","DIVORCED",183,152,31,NA,152,127,25,NA,31,25,6,NA
"PUNJAB","VEHARI","15 - 19","MARRIED",24973,18099,6874,NA,21082,15217,5865,NA,3891,2882,1009,NA
"PUNJAB","VEHARI","15 - 19","NEVER MARRIED",301624,143408,158144,72,229102,108542,120506,54,72522,34866,37638,18
"PUNJAB","VEHARI","15 - 19","SEPERATION",133,86,47,NA,110,70,40,NA,23,16,7,NA
"PUNJAB","VEHARI","15 - 19","WIDOWED",92,51,41,NA,77,42,35,NA,15,9,6,NA
"PUNJAB","VEHARI","20 - 24","DIVORCED",959,690,269,NA,787,557,230,NA,172,133,39,NA
"PUNJAB","VEHARI","20 - 24","MARRIED",112876,75072,37804,NA,91750,60377,31373,NA,21126,14695,6431,NA
"PUNJAB","VEHARI","20 - 24","NEVER MARRIED",171605,67287,104253,65,126221,48202,77976,43,45384,19085,26277,22
"PUNJAB","VEHARI","20 - 24","SEPERATION",370,232,138,NA,294,187,107,NA,76,45,31,NA
"PUNJAB","VEHARI","20 - 24","WIDOWED",445,236,209,NA,368,181,187,NA,77,55,22,NA
"PUNJAB","VEHARI","25 - 29","DIVORCED",1567,1013,554,NA,1206,764,442,NA,361,249,112,NA
"PUNJAB","VEHARI","25 - 29","MARRIED",182230,105182,77048,NA,142599,81459,61140,NA,39631,23723,15908,NA
"PUNJAB","VEHARI","25 - 29","NEVER MARRIED",73022,25155,47802,65,52953,17779,35146,28,20069,7376,12656,37
"PUNJAB","VEHARI","25 - 29","SEPERATION",578,336,242,NA,457,257,200,NA,121,79,42,NA
"PUNJAB","VEHARI","25 - 29","WIDOWED",1003,567,436,NA,787,424,363,NA,216,143,73,NA
"PUNJAB","VEHARI","30 - 34","DIVORCED",1692,1087,605,NA,1250,808,442,NA,442,279,163,NA
"PUNJAB","VEHARI","30 - 34","MARRIED",199594,106831,92763,NA,153005,81542,71463,NA,46589,25289,21300,NA
"PUNJAB","VEHARI","30 - 34","NEVER MARRIED",24905,9122,15738,45,18165,6619,11530,16,6740,2503,4208,29
"PUNJAB","VEHARI","30 - 34","SEPERATION",621,337,284,NA,506,284,222,NA,115,53,62,NA
"PUNJAB","VEHARI","30 - 34","WIDOWED",1817,1170,647,NA,1379,885,494,NA,438,285,153,NA
"PUNJAB","VEHARI","35 - 39","DIVORCED",1671,1085,586,NA,1255,818,437,NA,416,267,149,NA
"PUNJAB","VEHARI","35 - 39","MARRIED",194416,96647,97769,NA,148378,73605,74773,NA,46038,23042,22996,NA
"PUNJAB","VEHARI","35 - 39","NEVER MARRIED",10882,3273,7555,54,8095,2463,5610,22,2787,810,1945,32
"PUNJAB","VEHARI","35 - 39","SEPERATION",656,345,311,NA,513,279,234,NA,143,66,77,NA
"PUNJAB","VEHARI","35 - 39","WIDOWED",2957,2095,862,NA,2256,1582,674,NA,701,513,188,NA
"PUNJAB","VEHARI","40 - 44","DIVORCED",1510,969,541,NA,1165,760,405,NA,345,209,136,NA
"PUNJAB","VEHARI","40 - 44","MARRIED",175242,85009,90233,NA,134872,65455,69417,NA,40370,19554,20816,NA
"PUNJAB","VEHARI","40 - 44","NEVER MARRIED",5664,1790,3832,42,4258,1376,2860,22,1406,414,972,20
"PUNJAB","VEHARI","40 - 44","SEPERATION",650,352,298,NA,513,280,233,NA,137,72,65,NA
"PUNJAB","VEHARI","40 - 44","WIDOWED",4876,3727,1149,NA,3625,2737,888,NA,1251,990,261,NA
"PUNJAB","VEHARI","45 - 49","DIVORCED",1204,769,435,NA,967,626,341,NA,237,143,94,NA
"PUNJAB","VEHARI","45 - 49","MARRIED",138811,64829,73982,NA,106405,49920,56485,NA,32406,14909,17497,NA
"PUNJAB","VEHARI","45 - 49","NEVER MARRIED",3498,1149,2327,22,2695,938,1742,15,803,211,585,7
"PUNJAB","VEHARI","45 - 49","SEPERATION",549,301,248,NA,429,231,198,NA,120,70,50,NA
"PUNJAB","VEHARI","45 - 49","WIDOWED",6832,5310,1522,NA,5131,3929,1202,NA,1701,1381,320,NA
"PUNJAB","VEHARI","50 - 54","DIVORCED",920,584,336,NA,730,485,245,NA,190,99,91,NA
"PUNJAB","VEHARI","50 - 54","MARRIED",113312,51432,61880,NA,87603,39986,47617,NA,25709,11446,14263,NA
"PUNJAB","VEHARI","50 - 54","NEVER MARRIED",2094,829,1242,23,1654,684,962,8,440,145,280,15
"PUNJAB","VEHARI","50 - 54","SEPERATION",439,218,221,NA,336,169,167,NA,103,49,54,NA
"PUNJAB","VEHARI","50 - 54","WIDOWED",9861,7515,2346,NA,7400,5596,1804,NA,2461,1919,542,NA
"PUNJAB","VEHARI","55 - 59","DIVORCED",644,416,228,NA,525,340,185,NA,119,76,43,NA
"PUNJAB","VEHARI","55 - 59","MARRIED",87542,37311,50231,NA,67644,28815,38829,NA,19898,8496,11402,NA
"PUNJAB","VEHARI","55 - 59","NEVER MARRIED",1465,605,848,12,1132,486,642,4,333,119,206,8
"PUNJAB","VEHARI","55 - 59","SEPERATION",335,177,158,NA,270,142,128,NA,65,35,30,NA
"PUNJAB","VEHARI","55 - 59","WIDOWED",11047,8152,2895,NA,8168,5976,2192,NA,2879,2176,703,NA
"PUNJAB","VEHARI","60 - 64","DIVORCED",476,296,180,NA,390,253,137,NA,86,43,43,NA
"PUNJAB","VEHARI","60 - 64","MARRIED",64987,26987,38000,NA,50364,21195,29169,NA,14623,5792,8831,NA
"PUNJAB","VEHARI","60 - 64","NEVER MARRIED",1064,443,615,6,836,363,470,3,228,80,145,3
"PUNJAB","VEHARI","60 - 64","SEPERATION",252,130,122,NA,195,100,95,NA,57,30,27,NA
"PUNJAB","VEHARI","60 - 64","WIDOWED",13139,9491,3648,NA,9772,7040,2732,NA,3367,2451,916,NA
"PUNJAB","VEHARI","65 - 69","DIVORCED",269,163,106,NA,223,137,86,NA,46,26,20,NA
"PUNJAB","VEHARI","65 - 69","MARRIED",42841,17532,25309,NA,33731,13952,19779,NA,9110,3580,5530,NA
"PUNJAB","VEHARI","65 - 69","NEVER MARRIED",600,238,357,5,471,190,278,3,129,48,79,2
"PUNJAB","VEHARI","65 - 69","SEPERATION",123,69,54,NA,102,59,43,NA,21,10,11,NA
"PUNJAB","VEHARI","65 - 69","WIDOWED",12824,9041,3783,NA,9691,6846,2845,NA,3133,2195,938,NA
"PUNJAB","VEHARI","70 - 74","DIVORCED",123,60,63,NA,105,51,54,NA,18,9,9,NA
"PUNJAB","VEHARI","70 - 74","MARRIED",25062,8433,16629,NA,20218,6913,13305,NA,4844,1520,3324,NA
"PUNJAB","VEHARI","70 - 74","NEVER MARRIED",342,127,215,NA,288,110,178,NA,54,17,37,NA
"PUNJAB","VEHARI","70 - 74","SEPERATION",84,40,44,NA,71,31,40,NA,13,9,4,NA
"PUNJAB","VEHARI","70 - 74","WIDOWED",11216,7348,3868,NA,8733,5704,3029,NA,2483,1644,839,NA
"PUNJAB","VEHARI","75 & ABOVE","DIVORCED",79,37,42,NA,61,30,31,NA,18,7,11,NA
"PUNJAB","VEHARI","75 & ABOVE","MARRIED",22274,7086,15188,NA,18427,5889,12538,NA,3847,1197,2650,NA
"PUNJAB","VEHARI","75 & ABOVE","NEVER MARRIED",339,118,220,1,287,103,184,NA,52,15,36,1
"PUNJAB","VEHARI","75 & ABOVE","SEPERATION",88,33,55,NA,68,29,39,NA,20,4,16,NA
"PUNJAB","VEHARI","75 & ABOVE","WIDOWED",16684,10155,6529,NA,13239,8084,5155,NA,3445,2071,1374,NA
"SINDH","BADIN","15 &  ABOVE","DIVORCED",1728,1163,565,0,1024,710,314,0,704,453,251,0
"SINDH","BADIN","15 &  ABOVE","MARRIED",795751,398523,397228,0,621423,311694,309729,0,174328,86829,87499,0
"SINDH","BADIN","15 &  ABOVE","NEVER MARRIED",250141,93311,156766,64,179646,65652,113969,25,70495,27659,42797,39
"SINDH","BADIN","15 &  ABOVE","SEPERATION",1213,740,473,0,840,508,332,0,373,232,141,0
"SINDH","BADIN","15 &  ABOVE","WIDOWED",40799,32029,8770,0,30404,23763,6641,0,10395,8266,2129,0
"SINDH","BADIN","15 - 19","DIVORCED",49,34,15,0,38,27,11,0,11,7,4,0
"SINDH","BADIN","15 - 19","MARRIED",34046,22682,11364,0,28429,18819,9610,0,5617,3863,1754,0
"SINDH","BADIN","15 - 19","NEVER MARRIED",147507,61358,86136,13,110592,45157,65424,11,36915,16201,20712,2
"SINDH","BADIN","15 - 19","SEPERATION",58,27,31,0,44,20,24,0,14,7,7,0
"SINDH","BADIN","15 - 19","WIDOWED",64,31,33,0,56,27,29,0,8,4,4,0
"SINDH","BADIN","20 - 24","DIVORCED",168,127,41,0,109,84,25,0,59,43,16,0
"SINDH","BADIN","20 - 24","MARRIED",104041,62162,41879,0,85276,50485,34791,0,18765,11677,7088,0
"SINDH","BADIN","20 - 24","NEVER MARRIED",56935,18730,38203,2,39074,12159,26913,2,17861,6571,11290,0
"SINDH","BADIN","20 - 24","SEPERATION",107,62,45,0,75,41,34,0,32,21,11,0
"SINDH","BADIN","20 - 24","WIDOWED",256,156,100,0,205,125,80,0,51,31,20,0
"SINDH","BADIN","25 - 29","DIVORCED",258,170,88,0,164,106,58,0,94,64,30,0
"SINDH","BADIN","25 - 29","MARRIED",112629,57883,54746,0,88923,45175,43748,0,23706,12708,10998,0
"SINDH","BADIN","25 - 29","NEVER MARRIED",24138,6551,17580,7,15845,4056,11787,2,8293,2495,5793,5
"SINDH","BADIN","25 - 29","SEPERATION",114,61,53,0,76,40,36,0,38,21,17,0
"SINDH","BADIN","25 - 29","WIDOWED",466,281,185,0,369,224,145,0,97,57,40,0
"SINDH","BADIN","30 - 34","DIVORCED",282,193,89,0,152,108,44,0,130,85,45,0
"SINDH","BADIN","30 - 34","MARRIED",110211,57784,52427,0,84996,44648,40348,0,25215,13136,12079,0
"SINDH","BADIN","30 - 34","NEVER MARRIED",9738,2976,6758,4,6278,1863,4414,1,3460,1113,2344,3
"SINDH","BADIN","30 - 34","SEPERATION",138,86,52,0,90,55,35,0,48,31,17,0
"SINDH","BADIN","30 - 34","WIDOWED",833,572,261,0,603,418,185,0,230,154,76,0
"SINDH","BADIN","35 - 39","DIVORCED",262,186,76,0,163,113,50,0,99,73,26,0
"SINDH","BADIN","35 - 39","MARRIED",106283,52650,53633,0,81141,40168,40973,0,25142,12482,12660,0
"SINDH","BADIN","35 - 39","NEVER MARRIED",5185,1582,3598,5,3404,1014,2389,1,1781,568,1209,4
"SINDH","BADIN","35 - 39","SEPERATION",164,100,64,0,104,64,40,0,60,36,24,0
"SINDH","BADIN","35 - 39","WIDOWED",1392,1019,373,0,1011,737,274,0,381,282,99,0
"SINDH","BADIN","40 - 44","DIVORCED",260,166,94,0,151,110,41,0,109,56,53,0
"SINDH","BADIN","40 - 44","MARRIED",100069,47406,52663,0,77455,36721,40734,0,22614,10685,11929,0
"SINDH","BADIN","40 - 44","NEVER MARRIED",2860,866,1987,7,1939,574,1364,1,921,292,623,6
"SINDH","BADIN","40 - 44","SEPERATION",156,103,53,0,102,69,33,0,54,34,20,0
"SINDH","BADIN","40 - 44","WIDOWED",2545,1972,573,0,1911,1464,447,0,634,508,126,0
"SINDH","BADIN","45 - 49","DIVORCED",162,110,52,0,81,54,27,0,81,56,25,0
"SINDH","BADIN","45 - 49","MARRIED",67481,31631,35850,0,51374,24228,27146,0,16107,7403,8704,0
"SINDH","BADIN","45 - 49","NEVER MARRIED",1534,488,1040,6,1011,323,688,0,523,165,352,6
"SINDH","BADIN","45 - 49","SEPERATION",134,88,46,0,98,63,35,0,36,25,11,0
"SINDH","BADIN","45 - 49","WIDOWED",2903,2322,581,0,2093,1666,427,0,810,656,154,0
"SINDH","BADIN","50 - 54","DIVORCED",120,74,46,0,71,47,24,0,49,27,22,0
"SINDH","BADIN","50 - 54","MARRIED",57337,25829,31508,0,43989,19941,24048,0,13348,5888,7460,0
"SINDH","BADIN","50 - 54","NEVER MARRIED",904,286,613,5,605,208,396,1,299,78,217,4
"SINDH","BADIN","50 - 54","SEPERATION",101,66,35,0,75,48,27,0,26,18,8,0
"SINDH","BADIN","50 - 54","WIDOWED",4421,3528,893,0,3242,2553,689,0,1179,975,204,0
"SINDH","BADIN","55 - 59","DIVORCED",78,48,30,0,37,24,13,0,41,24,17,0
"SINDH","BADIN","55 - 59","MARRIED",38252,15475,22777,0,28922,11827,17095,0,9330,3648,5682,0
"SINDH","BADIN","55 - 59","NEVER MARRIED",523,193,326,4,343,127,215,1,180,66,111,3
"SINDH","BADIN","55 - 59","SEPERATION",75,48,27,0,52,34,18,0,23,14,9,0
"SINDH","BADIN","55 - 59","WIDOWED",4261,3333,928,0,3056,2359,697,0,1205,974,231,0
"SINDH","BADIN","60 - 64","DIVORCED",36,22,14,0,24,16,8,0,12,6,6,0
"SINDH","BADIN","60 - 64","MARRIED",25436,10663,14773,0,19469,8265,11204,0,5967,2398,3569,0
"SINDH","BADIN","60 - 64","NEVER MARRIED",351,124,223,4,226,77,148,1,125,47,75,3
"SINDH","BADIN","60 - 64","SEPERATION",70,47,23,0,45,31,14,0,25,16,9,0
"SINDH","BADIN","60 - 64","WIDOWED",5191,4195,996,0,3838,3095,743,0,1353,1100,253,0
"SINDH","BADIN","65 - 69","DIVORCED",25,16,9,0,14,9,5,0,11,7,4,0
"SINDH","BADIN","65 - 69","MARRIED",18258,7189,11069,0,14114,5629,8485,0,4144,1560,2584,0
"SINDH","BADIN","65 - 69","NEVER MARRIED",211,77,132,2,132,36,95,1,79,41,37,1
"SINDH","BADIN","65 - 69","SEPERATION",35,21,14,0,27,16,11,0,8,5,3,0
"SINDH","BADIN","65 - 69","WIDOWED",5460,4350,1110,0,3991,3191,800,0,1469,1159,310,0
"SINDH","BADIN","70 - 74","DIVORCED",17,12,5,0,12,9,3,0,5,3,2,0
"SINDH","BADIN","70 - 74","MARRIED",12657,4557,8100,0,9960,3640,6320,0,2697,917,1780,0
"SINDH","BADIN","70 - 74","NEVER MARRIED",134,41,90,3,97,25,71,1,37,16,19,2
"SINDH","BADIN","70 - 74","SEPERATION",36,18,18,0,32,16,16,0,4,2,2,0
"SINDH","BADIN","70 - 74","WIDOWED",5846,4731,1115,0,4437,3583,854,0,1409,1148,261,0
"SINDH","BADIN","75 & ABOVE","DIVORCED",11,5,6,0,8,3,5,0,3,2,1,0
"SINDH","BADIN","75 & ABOVE","MARRIED",9051,2612,6439,0,7375,2148,5227,0,1676,464,1212,0
"SINDH","BADIN","75 & ABOVE","NEVER MARRIED",121,39,80,2,100,33,65,2,21,6,15,0
"SINDH","BADIN","75 & ABOVE","SEPERATION",25,13,12,0,20,11,9,0,5,2,3,0
"SINDH","BADIN","75 & ABOVE","WIDOWED",7161,5539,1622,0,5592,4321,1271,0,1569,1218,351,0
"SINDH","DADU","15 &  ABOVE","DIVORCED",1116,709,407,0,691,445,246,0,425,264,161,0
"SINDH","DADU","15 &  ABOVE","MARRIED",669302,335893,333409,0,501339,251482,249857,0,167963,84411,83552,0
"SINDH","DADU","15 &  ABOVE","NEVER MARRIED",276075,116511,159484,80,193032,79581,113419,32,83043,36930,46065,48
"SINDH","DADU","15 &  ABOVE","SEPERATION",1118,638,480,0,867,489,378,0,251,149,102,0
"SINDH","DADU","15 &  ABOVE","WIDOWED",35967,28607,7360,0,25746,20363,5383,0,10221,8244,1977,0
"SINDH","DADU","15 - 19","DIVORCED",31,18,13,0,25,12,13,0,6,6,0,0
"SINDH","DADU","15 - 19","MARRIED",25696,17707,7989,0,20167,13806,6361,0,5529,3901,1628,0
"SINDH","DADU","15 - 19","NEVER MARRIED",160276,72976,87283,17,117102,52661,64431,10,43174,20315,22852,7
"SINDH","DADU","15 - 19","SEPERATION",60,23,37,0,54,20,34,0,6,3,3,0
"SINDH","DADU","15 - 19","WIDOWED",68,34,34,0,55,25,30,0,13,9,4,0
"SINDH","DADU","20 - 24","DIVORCED",97,66,31,0,60,37,23,0,37,29,8,0
"SINDH","DADU","20 - 24","MARRIED",88610,54028,34582,0,69391,41769,27622,0,19219,12259,6960,0
"SINDH","DADU","20 - 24","NEVER MARRIED",67378,24222,43141,15,45850,15545,30299,6,21528,8677,12842,9
"SINDH","DADU","20 - 24","SEPERATION",98,47,51,0,80,36,44,0,18,11,7,0
"SINDH","DADU","20 - 24","WIDOWED",272,165,107,0,212,126,86,0,60,39,21,0
"SINDH","DADU","25 - 29","DIVORCED",176,107,69,0,120,71,49,0,56,36,20,0
"SINDH","DADU","25 - 29","MARRIED",88901,47000,41901,0,66429,34763,31666,0,22472,12237,10235,0
"SINDH","DADU","25 - 29","NEVER MARRIED",26216,10232,15973,11,16415,6043,10368,4,9801,4189,5605,7
"SINDH","DADU","25 - 29","SEPERATION",123,61,62,0,89,44,45,0,34,17,17,0
"SINDH","DADU","25 - 29","WIDOWED",474,279,195,0,358,212,146,0,116,67,49,0
"SINDH","DADU","30 - 34","DIVORCED",179,117,62,0,110,74,36,0,69,43,26,0
"SINDH","DADU","30 - 34","MARRIED",91416,46790,44626,0,67678,34413,33265,0,23738,12377,11361,0
"SINDH","DADU","30 - 34","NEVER MARRIED",10507,4767,5736,4,6429,2800,3628,1,4078,1967,2108,3
"SINDH","DADU","30 - 34","SEPERATION",121,69,52,0,95,52,43,0,26,17,9,0
"SINDH","DADU","30 - 34","WIDOWED",815,560,255,0,576,382,194,0,239,178,61,0
"SINDH","DADU","35 - 39","DIVORCED",172,106,66,0,95,65,30,0,77,41,36,0
"SINDH","DADU","35 - 39","MARRIED",86915,42296,44619,0,63862,31085,32777,0,23053,11211,11842,0
"SINDH","DADU","35 - 39","NEVER MARRIED",5225,1834,3382,9,3242,1067,2173,2,1983,767,1209,7
"SINDH","DADU","35 - 39","SEPERATION",139,75,64,0,95,52,43,0,44,23,21,0
"SINDH","DADU","35 - 39","WIDOWED",1325,946,379,0,944,661,283,0,381,285,96,0
"SINDH","DADU","40 - 44","DIVORCED",139,99,40,0,88,69,19,0,51,30,21,0
"SINDH","DADU","40 - 44","MARRIED",76688,36449,40239,0,56977,27024,29953,0,19711,9425,10286,0
"SINDH","DADU","40 - 44","NEVER MARRIED",2729,1000,1721,8,1672,599,1071,2,1057,401,650,6
"SINDH","DADU","40 - 44","SEPERATION",135,102,33,0,110,81,29,0,25,21,4,0
"SINDH","DADU","40 - 44","WIDOWED",2053,1605,448,0,1470,1133,337,0,583,472,111,0
"SINDH","DADU","45 - 49","DIVORCED",126,77,49,0,77,46,31,0,49,31,18,0
"SINDH","DADU","45 - 49","MARRIED",60001,28376,31625,0,43929,20903,23026,0,16072,7473,8599,0
"SINDH","DADU","45 - 49","NEVER MARRIED",1599,599,996,4,979,338,639,2,620,261,357,2
"SINDH","DADU","45 - 49","SEPERATION",95,60,35,0,75,47,28,0,20,13,7,0
"SINDH","DADU","45 - 49","WIDOWED",2566,2065,501,0,1817,1455,362,0,749,610,139,0
"SINDH","DADU","50 - 54","DIVORCED",74,43,31,0,34,20,14,0,40,23,17,0
"SINDH","DADU","50 - 54","MARRIED",50712,22918,27794,0,37581,17178,20403,0,13131,5740,7391,0
"SINDH","DADU","50 - 54","NEVER MARRIED",900,375,521,4,553,223,328,2,347,152,193,2
"SINDH","DADU","50 - 54","SEPERATION",112,68,44,0,86,51,35,0,26,17,9,0
"SINDH","DADU","50 - 54","WIDOWED",4070,3331,739,0,2932,2370,562,0,1138,961,177,0
"SINDH","DADU","55 - 59","DIVORCED",48,30,18,0,29,16,13,0,19,14,5,0
"SINDH","DADU","55 - 59","MARRIED",37280,15662,21618,0,27388,11672,15716,0,9892,3990,5902,0
"SINDH","DADU","55 - 59","NEVER MARRIED",559,220,334,5,335,123,209,3,224,97,125,2
"SINDH","DADU","55 - 59","SEPERATION",84,55,29,0,66,43,23,0,18,12,6,0
"SINDH","DADU","55 - 59","WIDOWED",4201,3403,798,0,2872,2296,576,0,1329,1107,222,0
"SINDH","DADU","60 - 64","DIVORCED",29,17,12,0,20,12,8,0,9,5,4,0
"SINDH","DADU","60 - 64","MARRIED",25754,10762,14992,0,19271,8158,11113,0,6483,2604,3879,0
"SINDH","DADU","60 - 64","NEVER MARRIED",324,135,189,0,207,83,124,0,117,52,65,0
"SINDH","DADU","60 - 64","SEPERATION",55,34,21,0,42,26,16,0,13,8,5,0
"SINDH","DADU","60 - 64","WIDOWED",4788,3919,869,0,3426,2776,650,0,1362,1143,219,0
"SINDH","DADU","65 - 69","DIVORCED",20,13,7,0,15,11,4,0,5,2,3,0
"SINDH","DADU","65 - 69","MARRIED",17307,7045,10262,0,13074,5378,7696,0,4233,1667,2566,0
"SINDH","DADU","65 - 69","NEVER MARRIED",176,69,105,2,118,43,75,0,58,26,30,2
"SINDH","DADU","65 - 69","SEPERATION",39,23,16,0,32,20,12,0,7,3,4,0
"SINDH","DADU","65 - 69","WIDOWED",4835,3973,862,0,3439,2818,621,0,1396,1155,241,0
"SINDH","DADU","70 - 74","DIVORCED",16,12,4,0,11,9,2,0,5,3,2,0
"SINDH","DADU","70 - 74","MARRIED",11517,4150,7367,0,8850,3206,5644,0,2667,944,1723,0
"SINDH","DADU","70 - 74","NEVER MARRIED",111,50,60,1,81,37,44,0,30,13,16,1
"SINDH","DADU","70 - 74","SEPERATION",24,11,13,0,19,9,10,0,5,2,3,0
"SINDH","DADU","70 - 74","WIDOWED",4766,3853,913,0,3431,2783,648,0,1335,1070,265,0
"SINDH","DADU","75 & ABOVE","DIVORCED",9,4,5,0,7,3,4,0,2,1,1,0
"SINDH","DADU","75 & ABOVE","MARRIED",8505,2710,5795,0,6742,2127,4615,0,1763,583,1180,0
"SINDH","DADU","75 & ABOVE","NEVER MARRIED",75,32,43,0,49,19,30,0,26,13,13,0
"SINDH","DADU","75 & ABOVE","SEPERATION",33,10,23,0,24,8,16,0,9,2,7,0
"SINDH","DADU","75 & ABOVE","WIDOWED",5734,4474,1260,0,4214,3326,888,0,1520,1148,372,0
"SINDH","GHOTKI","15 &  ABOVE","DIVORCED",1185,815,370,0,733,519,214,0,452,296,156,0
"SINDH","GHOTKI","15 &  ABOVE","MARRIED",694390,350759,343631,0,542786,274734,268052,0,151604,76025,75579,0
"SINDH","GHOTKI","15 &  ABOVE","NEVER MARRIED",251138,93937,157159,42,182260,66304,115938,18,68878,27633,41221,24
"SINDH","GHOTKI","15 &  ABOVE","SEPERATION",669,379,290,0,478,257,221,0,191,122,69,0
"SINDH","GHOTKI","15 &  ABOVE","WIDOWED",34669,27873,6796,0,26246,20937,5309,0,8423,6936,1487,0
"SINDH","GHOTKI","15 - 19","DIVORCED",36,28,8,0,27,20,7,0,9,8,1,0
"SINDH","GHOTKI","15 - 19","MARRIED",33728,22347,11381,0,28703,18862,9841,0,5025,3485,1540,0
"SINDH","GHOTKI","15 - 19","NEVER MARRIED",155632,65477,90146,9,117891,48819,69064,8,37741,16658,21082,1
"SINDH","GHOTKI","15 - 19","SEPERATION",59,27,32,0,47,20,27,0,12,7,5,0
"SINDH","GHOTKI","15 - 19","WIDOWED",82,40,42,0,69,33,36,0,13,7,6,0
"SINDH","GHOTKI","20 - 24","DIVORCED",167,128,39,0,104,80,24,0,63,48,15,0
"SINDH","GHOTKI","20 - 24","MARRIED",96678,58744,37934,0,79862,48063,31799,0,16816,10681,6135,0
"SINDH","GHOTKI","20 - 24","NEVER MARRIED",60199,18598,41597,4,41289,11616,29671,2,18910,6982,11926,2
"SINDH","GHOTKI","20 - 24","SEPERATION",51,26,25,0,38,18,20,0,13,8,5,0
"SINDH","GHOTKI","20 - 24","WIDOWED",306,169,137,0,265,146,119,0,41,23,18,0
"SINDH","GHOTKI","25 - 29","DIVORCED",180,105,75,0,107,65,42,0,73,40,33,0
"SINDH","GHOTKI","25 - 29","MARRIED",101224,52942,48282,0,79648,41246,38402,0,21576,11696,9880,0
"SINDH","GHOTKI","25 - 29","NEVER MARRIED",21620,5847,15768,5,14063,3356,10705,2,7557,2491,5063,3
"SINDH","GHOTKI","25 - 29","SEPERATION",89,42,47,0,65,30,35,0,24,12,12,0
"SINDH","GHOTKI","25 - 29","WIDOWED",472,265,207,0,395,213,182,0,77,52,25,0
"SINDH","GHOTKI","30 - 34","DIVORCED",170,113,57,0,102,67,35,0,68,46,22,0
"SINDH","GHOTKI","30 - 34","MARRIED",92946,48007,44939,0,71147,36846,34301,0,21799,11161,10638,0
"SINDH","GHOTKI","30 - 34","NEVER MARRIED",7065,2048,5012,5,4515,1232,3281,2,2550,816,1731,3
"SINDH","GHOTKI","30 - 34","SEPERATION",50,31,19,0,28,17,11,0,22,14,8,0
"SINDH","GHOTKI","30 - 34","WIDOWED",761,525,236,0,595,411,184,0,166,114,52,0
"SINDH","GHOTKI","35 - 39","DIVORCED",179,118,61,0,106,75,31,0,73,43,30,0
"SINDH","GHOTKI","35 - 39","MARRIED",88552,43692,44860,0,67304,33204,34100,0,21248,10488,10760,0
"SINDH","GHOTKI","35 - 39","NEVER MARRIED",3167,900,2265,2,2125,571,1554,0,1042,329,711,2
"SINDH","GHOTKI","35 - 39","SEPERATION",72,44,28,0,47,25,22,0,25,19,6,0
"SINDH","GHOTKI","35 - 39","WIDOWED",1250,918,332,0,962,688,274,0,288,230,58,0
"SINDH","GHOTKI","40 - 44","DIVORCED",170,119,51,0,100,72,28,0,70,47,23,0
"SINDH","GHOTKI","40 - 44","MARRIED",85288,40757,44531,0,65724,31358,34366,0,19564,9399,10165,0
"SINDH","GHOTKI","40 - 44","NEVER MARRIED",1607,461,1141,5,1089,317,770,2,518,144,371,3
"SINDH","GHOTKI","40 - 44","SEPERATION",84,50,34,0,61,37,24,0,23,13,10,0
"SINDH","GHOTKI","40 - 44","WIDOWED",2199,1799,400,0,1665,1353,312,0,534,446,88,0
"SINDH","GHOTKI","45 - 49","DIVORCED",111,75,36,0,72,51,21,0,39,24,15,0
"SINDH","GHOTKI","45 - 49","MARRIED",59398,28153,31245,0,45012,21535,23477,0,14386,6618,7768,0
"SINDH","GHOTKI","45 - 49","NEVER MARRIED",850,251,593,6,582,156,425,1,268,95,168,5
"SINDH","GHOTKI","45 - 49","SEPERATION",73,49,24,0,55,38,17,0,18,11,7,0
"SINDH","GHOTKI","45 - 49","WIDOWED",2761,2304,457,0,2081,1725,356,0,680,579,101,0
"SINDH","GHOTKI","50 - 54","DIVORCED",77,59,18,0,49,39,10,0,28,20,8,0
"SINDH","GHOTKI","50 - 54","MARRIED",48354,21697,26657,0,36865,16671,20194,0,11489,5026,6463,0
"SINDH","GHOTKI","50 - 54","NEVER MARRIED",429,145,282,2,292,98,194,0,137,47,88,2
"SINDH","GHOTKI","50 - 54","SEPERATION",62,38,24,0,45,25,20,0,17,13,4,0
"SINDH","GHOTKI","50 - 54","WIDOWED",3976,3365,611,0,2995,2508,487,0,981,857,124,0
"SINDH","GHOTKI","55 - 59","DIVORCED",31,22,9,0,23,17,6,0,8,5,3,0
"SINDH","GHOTKI","55 - 59","MARRIED",33517,13565,19952,0,25464,10456,15008,0,8053,3109,4944,0
"SINDH","GHOTKI","55 - 59","NEVER MARRIED",220,65,154,1,161,43,118,0,59,22,36,1
"SINDH","GHOTKI","55 - 59","SEPERATION",47,25,22,0,35,18,17,0,12,7,5,0
"SINDH","GHOTKI","55 - 59","WIDOWED",3917,3217,700,0,2886,2355,531,0,1031,862,169,0
"SINDH","GHOTKI","60 - 64","DIVORCED",27,19,8,0,17,14,3,0,10,5,5,0
"SINDH","GHOTKI","60 - 64","MARRIED",21666,8797,12869,0,16766,6892,9874,0,4900,1905,2995,0
"SINDH","GHOTKI","60 - 64","NEVER MARRIED",138,52,84,2,95,36,59,0,43,16,25,2
"SINDH","GHOTKI","60 - 64","SEPERATION",29,20,9,0,19,12,7,0,10,8,2,0
"SINDH","GHOTKI","60 - 64","WIDOWED",4309,3556,753,0,3179,2620,559,0,1130,936,194,0
"SINDH","GHOTKI","65 - 69","DIVORCED",11,10,1,0,9,8,1,0,2,2,0,0
"SINDH","GHOTKI","65 - 69","MARRIED",15266,6037,9229,0,11817,4682,7135,0,3449,1355,2094,0
"SINDH","GHOTKI","65 - 69","NEVER MARRIED",105,46,59,0,79,29,50,0,26,17,9,0
"SINDH","GHOTKI","65 - 69","SEPERATION",23,15,8,0,12,6,6,0,11,9,2,0
"SINDH","GHOTKI","65 - 69","WIDOWED",4533,3748,785,0,3321,2729,592,0,1212,1019,193,0
"SINDH","GHOTKI","70 - 74","DIVORCED",16,12,4,0,9,5,4,0,7,7,0,0
"SINDH","GHOTKI","70 - 74","MARRIED",10093,3660,6433,0,8088,2971,5117,0,2005,689,1316,0
"SINDH","GHOTKI","70 - 74","NEVER MARRIED",56,18,37,1,43,11,31,1,13,7,6,0
"SINDH","GHOTKI","70 - 74","SEPERATION",19,8,11,0,16,7,9,0,3,1,2,0
"SINDH","GHOTKI","70 - 74","WIDOWED",4429,3592,837,0,3339,2692,647,0,1090,900,190,0
"SINDH","GHOTKI","75 & ABOVE","DIVORCED",10,7,3,0,8,6,2,0,2,1,1,0
"SINDH","GHOTKI","75 & ABOVE","MARRIED",7680,2361,5319,0,6386,1948,4438,0,1294,413,881,0
"SINDH","GHOTKI","75 & ABOVE","NEVER MARRIED",50,29,21,0,36,20,16,0,14,9,5,0
"SINDH","GHOTKI","75 & ABOVE","SEPERATION",11,4,7,0,10,4,6,0,1,0,1,0
"SINDH","GHOTKI","75 & ABOVE","WIDOWED",5674,4375,1299,0,4494,3464,1030,0,1180,911,269,0
"SINDH","HYDERABAD","15 &  ABOVE","DIVORCED",5679,3417,2262,0,475,268,207,0,5204,3149,2055,0
"SINDH","HYDERABAD","15 &  ABOVE","MARRIED",960940,474412,486528,0,160239,79918,80321,0,800701,394494,406207,0
"SINDH","HYDERABAD","15 &  ABOVE","NEVER MARRIED",485210,187645,297400,165,64216,24486,39724,6,420994,163159,257676,159
"SINDH","HYDERABAD","15 &  ABOVE","SEPERATION",2338,1154,1184,0,395,226,169,0,1943,928,1015,0
"SINDH","HYDERABAD","15 &  ABOVE","WIDOWED",62246,46697,15549,0,9617,7192,2425,0,52629,39505,13124,0
"SINDH","HYDERABAD","15 - 19","DIVORCED",58,43,15,0,19,14,5,0,39,29,10,0
"SINDH","HYDERABAD","15 - 19","MARRIED",18240,13127,5113,0,6174,4219,1955,0,12066,8908,3158,0
"SINDH","HYDERABAD","15 - 19","NEVER MARRIED",215840,91641,124173,26,33841,13982,19854,5,181999,77659,104319,21
"SINDH","HYDERABAD","15 - 19","SEPERATION",63,22,41,0,18,7,11,0,45,15,30,0
"SINDH","HYDERABAD","15 - 19","WIDOWED",62,38,24,0,15,8,7,0,47,30,17,0
"SINDH","HYDERABAD","20 - 24","DIVORCED",321,242,79,0,35,23,12,0,286,219,67,0
"SINDH","HYDERABAD","20 - 24","MARRIED",78038,52528,25510,0,19229,11691,7538,0,58809,40837,17972,0
"SINDH","HYDERABAD","20 - 24","NEVER MARRIED",131781,51246,80508,27,15237,5333,9904,0,116544,45913,70604,27
"SINDH","HYDERABAD","20 - 24","SEPERATION",167,96,71,0,21,11,10,0,146,85,61,0
"SINDH","HYDERABAD","20 - 24","WIDOWED",274,147,127,0,69,30,39,0,205,117,88,0
"SINDH","HYDERABAD","25 - 29","DIVORCED",669,447,222,0,69,43,26,0,600,404,196,0
"SINDH","HYDERABAD","25 - 29","MARRIED",128283,74377,53906,0,24131,12743,11388,0,104152,61634,42518,0
"SINDH","HYDERABAD","25 - 29","NEVER MARRIED",67618,21722,45879,17,7550,2372,5178,0,60068,19350,40701,17
"SINDH","HYDERABAD","25 - 29","SEPERATION",246,123,123,0,55,30,25,0,191,93,98,0
"SINDH","HYDERABAD","25 - 29","WIDOWED",611,350,261,0,141,73,68,0,470,277,193,0
"SINDH","HYDERABAD","30 - 34","DIVORCED",867,553,314,0,87,54,33,0,780,499,281,0
"SINDH","HYDERABAD","30 - 34","MARRIED",139926,73783,66143,0,22577,11648,10929,0,117349,62135,55214,0
"SINDH","HYDERABAD","30 - 34","NEVER MARRIED",30651,9311,21319,21,3257,1115,2142,0,27394,8196,19177,21
"SINDH","HYDERABAD","30 - 34","SEPERATION",291,154,137,0,56,33,23,0,235,121,114,0
"SINDH","HYDERABAD","30 - 34","WIDOWED",1102,717,385,0,230,144,86,0,872,573,299,0
"SINDH","HYDERABAD","35 - 39","DIVORCED",973,555,418,0,74,37,37,0,899,518,381,0
"SINDH","HYDERABAD","35 - 39","MARRIED",141549,69081,72468,0,21948,10764,11184,0,119601,58317,61284,0
"SINDH","HYDERABAD","35 - 39","NEVER MARRIED",16729,5108,11600,21,1827,667,1160,0,14902,4441,10440,21
"SINDH","HYDERABAD","35 - 39","SEPERATION",328,156,172,0,61,32,29,0,267,124,143,0
"SINDH","HYDERABAD","35 - 39","WIDOWED",1988,1359,629,0,349,247,102,0,1639,1112,527,0
"SINDH","HYDERABAD","40 - 44","DIVORCED",912,536,376,0,72,40,32,0,840,496,344,0
"SINDH","HYDERABAD","40 - 44","MARRIED",124534,57204,67330,0,20079,9372,10707,0,104455,47832,56623,0
"SINDH","HYDERABAD","40 - 44","NEVER MARRIED",9143,3101,6026,16,1073,395,678,0,8070,2706,5348,16
"SINDH","HYDERABAD","40 - 44","SEPERATION",346,181,165,0,57,36,21,0,289,145,144,0
"SINDH","HYDERABAD","40 - 44","WIDOWED",3363,2451,912,0,605,439,166,0,2758,2012,746,0
"SINDH","HYDERABAD","45 - 49","DIVORCED",709,405,304,0,37,20,17,0,672,385,287,0
"SINDH","HYDERABAD","45 - 49","MARRIED",102343,46270,56073,0,14513,6751,7762,0,87830,39519,48311,0
"SINDH","HYDERABAD","45 - 49","NEVER MARRIED",5705,2115,3581,9,577,247,330,0,5128,1868,3251,9
"SINDH","HYDERABAD","45 - 49","SEPERATION",305,145,160,0,42,25,17,0,263,120,143,0
"SINDH","HYDERABAD","45 - 49","WIDOWED",5109,3981,1128,0,887,689,198,0,4222,3292,930,0
"SINDH","HYDERABAD","50 - 54","DIVORCED",474,261,213,0,27,13,14,0,447,248,199,0
"SINDH","HYDERABAD","50 - 54","MARRIED",79362,33131,46231,0,11389,4943,6446,0,67973,28188,39785,0
"SINDH","HYDERABAD","50 - 54","NEVER MARRIED",3145,1265,1872,8,367,155,212,0,2778,1110,1660,8
"SINDH","HYDERABAD","50 - 54","SEPERATION",219,112,107,0,28,18,10,0,191,94,97,0
"SINDH","HYDERABAD","50 - 54","WIDOWED",7004,5504,1500,0,1208,944,264,0,5796,4560,1236,0
"SINDH","HYDERABAD","55 - 59","DIVORCED",327,171,156,0,23,10,13,0,304,161,143,0
"SINDH","HYDERABAD","55 - 59","MARRIED",61348,24298,37050,0,8010,3220,4790,0,53338,21078,32260,0
"SINDH","HYDERABAD","55 - 59","NEVER MARRIED",2073,859,1208,6,213,99,114,0,1860,760,1094,6
"SINDH","HYDERABAD","55 - 59","SEPERATION",155,66,89,0,13,7,6,0,142,59,83,0
"SINDH","HYDERABAD","55 - 59","WIDOWED",8376,6457,1919,0,1155,877,278,0,7221,5580,1641,0
"SINDH","HYDERABAD","60 - 64","DIVORCED",200,113,87,0,18,8,10,0,182,105,77,0
"SINDH","HYDERABAD","60 - 64","MARRIED",38738,14444,24294,0,5056,2079,2977,0,33682,12365,21317,0
"SINDH","HYDERABAD","60 - 64","NEVER MARRIED",1205,605,591,9,115,54,60,1,1090,551,531,8
"SINDH","HYDERABAD","60 - 64","SEPERATION",101,47,54,0,22,13,9,0,79,34,45,0
"SINDH","HYDERABAD","60 - 64","WIDOWED",9040,6943,2097,0,1270,992,278,0,7770,5951,1819,0
"SINDH","HYDERABAD","65 - 69","DIVORCED",99,52,47,0,6,3,3,0,93,49,44,0
"SINDH","HYDERABAD","65 - 69","MARRIED",24914,8967,15947,0,3487,1287,2200,0,21427,7680,13747,0
"SINDH","HYDERABAD","65 - 69","NEVER MARRIED",702,357,345,0,85,39,46,0,617,318,299,0
"SINDH","HYDERABAD","65 - 69","SEPERATION",59,27,32,0,10,7,3,0,49,20,29,0
"SINDH","HYDERABAD","65 - 69","WIDOWED",9181,6894,2287,0,1298,984,314,0,7883,5910,1973,0
"SINDH","HYDERABAD","70 - 74","DIVORCED",41,20,21,0,4,1,3,0,37,19,18,0
"SINDH","HYDERABAD","70 - 74","MARRIED",14269,4517,9752,0,2177,763,1414,0,12092,3754,8338,0
"SINDH","HYDERABAD","70 - 74","NEVER MARRIED",377,185,190,2,39,14,25,0,338,171,165,2
"SINDH","HYDERABAD","70 - 74","SEPERATION",37,16,21,0,7,3,4,0,30,13,17,0
"SINDH","HYDERABAD","70 - 74","WIDOWED",7717,5721,1996,0,1205,884,321,0,6512,4837,1675,0
"SINDH","HYDERABAD","75 & ABOVE","DIVORCED",29,19,10,0,4,2,2,0,25,17,8,0
"SINDH","HYDERABAD","75 & ABOVE","MARRIED",9396,2685,6711,0,1469,438,1031,0,7927,2247,5680,0
"SINDH","HYDERABAD","75 & ABOVE","NEVER MARRIED",241,130,108,3,35,14,21,0,206,116,87,3
"SINDH","HYDERABAD","75 & ABOVE","SEPERATION",21,9,12,0,5,4,1,0,16,5,11,0
"SINDH","HYDERABAD","75 & ABOVE","WIDOWED",8419,6135,2284,0,1185,881,304,0,7234,5254,1980,0
"SINDH","JACOBABAD","15 &  ABOVE","DIVORCED",418,284,134,0,234,161,73,0,184,123,61,0
"SINDH","JACOBABAD","15 &  ABOVE","MARRIED",401724,202553,199171,0,282994,143249,139745,0,118730,59304,59426,0
"SINDH","JACOBABAD","15 &  ABOVE","NEVER MARRIED",147969,62465,85401,103,88265,36104,52135,26,59704,26361,33266,77
"SINDH","JACOBABAD","15 &  ABOVE","SEPERATION",447,193,254,0,287,136,151,0,160,57,103,0
"SINDH","JACOBABAD","15 &  ABOVE","WIDOWED",19778,16136,3642,0,12605,10238,2367,0,7173,5898,1275,0
"SINDH","JACOBABAD","15 - 19","DIVORCED",14,10,4,0,10,8,2,0,4,2,2,0
"SINDH","JACOBABAD","15 - 19","MARRIED",25699,16427,9272,0,20786,13056,7730,0,4913,3371,1542,0
"SINDH","JACOBABAD","15 - 19","NEVER MARRIED",98946,44081,54842,23,64080,27695,36381,4,34866,16386,18461,19
"SINDH","JACOBABAD","15 - 19","SEPERATION",75,28,47,0,41,17,24,0,34,11,23,0
"SINDH","JACOBABAD","15 - 19","WIDOWED",72,29,43,0,56,20,36,0,16,9,7,0
"SINDH","JACOBABAD","20 - 24","DIVORCED",39,26,13,0,23,16,7,0,16,10,6,0
"SINDH","JACOBABAD","20 - 24","MARRIED",52750,30872,21878,0,39908,22975,16933,0,12842,7897,4945,0
"SINDH","JACOBABAD","20 - 24","NEVER MARRIED",29780,10953,18810,17,15894,5455,10434,5,13886,5498,8376,12
"SINDH","JACOBABAD","20 - 24","SEPERATION",42,8,34,0,32,7,25,0,10,1,9,0
"SINDH","JACOBABAD","20 - 24","WIDOWED",125,71,54,0,90,46,44,0,35,25,10,0
"SINDH","JACOBABAD","25 - 29","DIVORCED",69,46,23,0,41,29,12,0,28,17,11,0
"SINDH","JACOBABAD","25 - 29","MARRIED",54539,28363,26176,0,38179,19647,18532,0,16360,8716,7644,0
"SINDH","JACOBABAD","25 - 29","NEVER MARRIED",10968,4348,6598,22,4815,1740,3072,3,6153,2608,3526,19
"SINDH","JACOBABAD","25 - 29","SEPERATION",45,11,34,0,30,8,22,0,15,3,12,0
"SINDH","JACOBABAD","25 - 29","WIDOWED",249,154,95,0,173,109,64,0,76,45,31,0
"SINDH","JACOBABAD","30 - 34","DIVORCED",53,36,17,0,24,14,10,0,29,22,7,0
"SINDH","JACOBABAD","30 - 34","MARRIED",54524,28438,26086,0,37291,19483,17808,0,17233,8955,8278,0
"SINDH","JACOBABAD","30 - 34","NEVER MARRIED",4109,1656,2444,9,1696,638,1054,4,2413,1018,1390,5
"SINDH","JACOBABAD","30 - 34","SEPERATION",45,19,26,0,22,14,8,0,23,5,18,0
"SINDH","JACOBABAD","30 - 34","WIDOWED",460,326,134,0,324,231,93,0,136,95,41,0
"SINDH","JACOBABAD","35 - 39","DIVORCED",70,46,24,0,35,23,12,0,35,23,12,0
"SINDH","JACOBABAD","35 - 39","MARRIED",54245,27032,27213,0,36595,18392,18203,0,17650,8640,9010,0
"SINDH","JACOBABAD","35 - 39","NEVER MARRIED",2004,655,1339,10,803,270,530,3,1201,385,809,7
"SINDH","JACOBABAD","35 - 39","SEPERATION",51,24,27,0,34,18,16,0,17,6,11,0
"SINDH","JACOBABAD","35 - 39","WIDOWED",782,589,193,0,500,364,136,0,282,225,57,0
"SINDH","JACOBABAD","40 - 44","DIVORCED",50,35,15,0,27,19,8,0,23,16,7,0
"SINDH","JACOBABAD","40 - 44","MARRIED",48941,23228,25713,0,34027,16139,17888,0,14914,7089,7825,0
"SINDH","JACOBABAD","40 - 44","NEVER MARRIED",929,322,603,4,404,127,276,1,525,195,327,3
"SINDH","JACOBABAD","40 - 44","SEPERATION",45,30,15,0,33,26,7,0,12,4,8,0
"SINDH","JACOBABAD","40 - 44","WIDOWED",1313,1024,289,0,893,688,205,0,420,336,84,0
"SINDH","JACOBABAD","45 - 49","DIVORCED",46,32,14,0,33,24,9,0,13,8,5,0
"SINDH","JACOBABAD","45 - 49","MARRIED",34811,16128,18683,0,23629,11049,12580,0,11182,5079,6103,0
"SINDH","JACOBABAD","45 - 49","NEVER MARRIED",543,197,336,10,232,62,168,2,311,135,168,8
"SINDH","JACOBABAD","45 - 49","SEPERATION",34,21,13,0,22,16,6,0,12,5,7,0
"SINDH","JACOBABAD","45 - 49","WIDOWED",1711,1403,308,0,1094,886,208,0,617,517,100,0
"SINDH","JACOBABAD","50 - 54","DIVORCED",29,17,12,0,15,10,5,0,14,7,7,0
"SINDH","JACOBABAD","50 - 54","MARRIED",27509,12766,14743,0,18605,8794,9811,0,8904,3972,4932,0
"SINDH","JACOBABAD","50 - 54","NEVER MARRIED",282,103,177,2,129,40,88,1,153,63,89,1
"SINDH","JACOBABAD","50 - 54","SEPERATION",27,9,18,0,16,5,11,0,11,4,7,0
"SINDH","JACOBABAD","50 - 54","WIDOWED",2421,2091,330,0,1510,1298,212,0,911,793,118,0
"SINDH","JACOBABAD","55 - 59","DIVORCED",19,12,7,0,9,5,4,0,10,7,3,0
"SINDH","JACOBABAD","55 - 59","MARRIED",19554,8235,11319,0,13151,5648,7503,0,6403,2587,3816,0
"SINDH","JACOBABAD","55 - 59","NEVER MARRIED",169,53,111,5,86,22,62,2,83,31,49,3
"SINDH","JACOBABAD","55 - 59","SEPERATION",25,12,13,0,19,8,11,0,6,4,2,0
"SINDH","JACOBABAD","55 - 59","WIDOWED",2474,2053,421,0,1478,1207,271,0,996,846,150,0
"SINDH","JACOBABAD","60 - 64","DIVORCED",9,9,0,0,6,6,0,0,3,3,0,0
"SINDH","JACOBABAD","60 - 64","MARRIED",12915,5307,7608,0,9039,3846,5193,0,3876,1461,2415,0
"SINDH","JACOBABAD","60 - 64","NEVER MARRIED",131,47,84,0,62,24,38,0,69,23,46,0
"SINDH","JACOBABAD","60 - 64","SEPERATION",29,16,13,0,17,7,10,0,12,9,3,0
"SINDH","JACOBABAD","60 - 64","WIDOWED",2748,2303,445,0,1714,1424,290,0,1034,879,155,0
"SINDH","JACOBABAD","65 - 69","DIVORCED",8,5,3,0,4,2,2,0,4,3,1,0
"SINDH","JACOBABAD","65 - 69","MARRIED",7649,2935,4714,0,5375,2084,3291,0,2274,851,1423,0
"SINDH","JACOBABAD","65 - 69","NEVER MARRIED",60,24,36,0,30,12,18,0,30,12,18,0
"SINDH","JACOBABAD","65 - 69","SEPERATION",15,8,7,0,10,5,5,0,5,3,2,0
"SINDH","JACOBABAD","65 - 69","WIDOWED",2459,2046,413,0,1493,1256,237,0,966,790,176,0
"SINDH","JACOBABAD","70 - 74","DIVORCED",6,6,0,0,2,2,0,0,4,4,0,0
"SINDH","JACOBABAD","70 - 74","MARRIED",5096,1795,3301,0,3696,1324,2372,0,1400,471,929,0
"SINDH","JACOBABAD","70 - 74","NEVER MARRIED",26,13,13,0,17,10,7,0,9,3,6,0
"SINDH","JACOBABAD","70 - 74","SEPERATION",9,5,4,0,6,3,3,0,3,2,1,0
"SINDH","JACOBABAD","70 - 74","WIDOWED",2470,2031,439,0,1577,1311,266,0,893,720,173,0
"SINDH","JACOBABAD","75 & ABOVE","DIVORCED",6,4,2,0,5,3,2,0,1,1,0,0
"SINDH","JACOBABAD","75 & ABOVE","MARRIED",3492,1027,2465,0,2713,812,1901,0,779,215,564,0
"SINDH","JACOBABAD","75 & ABOVE","NEVER MARRIED",22,13,8,1,17,9,7,1,5,4,1,0
"SINDH","JACOBABAD","75 & ABOVE","SEPERATION",5,2,3,0,5,2,3,0,0,0,0,0
"SINDH","JACOBABAD","75 & ABOVE","WIDOWED",2494,2016,478,0,1703,1398,305,0,791,618,173,0
"SINDH","JAMSHORO","15 &  ABOVE","DIVORCED",1146,730,416,0,307,206,101,0,839,524,315,0
"SINDH","JAMSHORO","15 &  ABOVE","MARRIED",428104,212585,215519,0,227438,113423,114015,0,200666,99162,101504,0
"SINDH","JAMSHORO","15 &  ABOVE","NEVER MARRIED",196487,79443,116979,65,93767,36825,56935,7,102720,42618,60044,58
"SINDH","JAMSHORO","15 &  ABOVE","SEPERATION",913,404,509,0,502,187,315,0,411,217,194,0
"SINDH","JAMSHORO","15 &  ABOVE","WIDOWED",24909,19123,5786,0,12466,9372,3094,0,12443,9751,2692,0
"SINDH","JAMSHORO","15 - 19","DIVORCED",23,20,3,0,8,6,2,0,15,14,1,0
"SINDH","JAMSHORO","15 - 19","MARRIED",14055,9795,4260,0,8761,5914,2847,0,5294,3881,1413,0
"SINDH","JAMSHORO","15 - 19","NEVER MARRIED",99645,44514,55122,9,50401,21943,28456,2,49244,22571,26666,7
"SINDH","JAMSHORO","15 - 19","SEPERATION",43,20,23,0,25,9,16,0,18,11,7,0
"SINDH","JAMSHORO","15 - 19","WIDOWED",45,22,23,0,23,9,14,0,22,13,9,0
"SINDH","JAMSHORO","20 - 24","DIVORCED",99,81,18,0,36,30,6,0,63,51,12,0
"SINDH","JAMSHORO","20 - 24","MARRIED",44817,28332,16485,0,24822,15311,9511,0,19995,13021,6974,0
"SINDH","JAMSHORO","20 - 24","NEVER MARRIED",51296,19305,31980,11,22776,8113,14661,2,28520,11192,17319,9
"SINDH","JAMSHORO","20 - 24","SEPERATION",75,35,40,0,40,9,31,0,35,26,9,0
"SINDH","JAMSHORO","20 - 24","WIDOWED",165,94,71,0,83,39,44,0,82,55,27,0
"SINDH","JAMSHORO","25 - 29","DIVORCED",165,99,66,0,41,24,17,0,124,75,49,0
"SINDH","JAMSHORO","25 - 29","MARRIED",57384,31179,26205,0,29783,16057,13726,0,27601,15122,12479,0
"SINDH","JAMSHORO","25 - 29","NEVER MARRIED",23982,8557,15416,9,10602,3559,7043,0,13380,4998,8373,9
"SINDH","JAMSHORO","25 - 29","SEPERATION",99,35,64,0,58,14,44,0,41,21,20,0
"SINDH","JAMSHORO","25 - 29","WIDOWED",319,175,144,0,177,84,93,0,142,91,51,0
"SINDH","JAMSHORO","30 - 34","DIVORCED",190,115,75,0,41,27,14,0,149,88,61,0
"SINDH","JAMSHORO","30 - 34","MARRIED",60725,31519,29206,0,31782,16672,15110,0,28943,14847,14096,0
"SINDH","JAMSHORO","30 - 34","NEVER MARRIED",10016,3196,6810,10,4667,1450,3216,1,5349,1746,3594,9
"SINDH","JAMSHORO","30 - 34","SEPERATION",99,38,61,0,53,18,35,0,46,20,26,0
"SINDH","JAMSHORO","30 - 34","WIDOWED",583,373,210,0,317,192,125,0,266,181,85,0
"SINDH","JAMSHORO","35 - 39","DIVORCED",204,132,72,0,53,39,14,0,151,93,58,0
"SINDH","JAMSHORO","35 - 39","MARRIED",60257,29794,30463,0,31235,15634,15601,0,29022,14160,14862,0
"SINDH","JAMSHORO","35 - 39","NEVER MARRIED",5211,1686,3517,8,2420,801,1619,0,2791,885,1898,8
"SINDH","JAMSHORO","35 - 39","SEPERATION",135,50,85,0,77,31,46,0,58,19,39,0
"SINDH","JAMSHORO","35 - 39","WIDOWED",918,627,291,0,455,296,159,0,463,331,132,0
"SINDH","JAMSHORO","40 - 44","DIVORCED",167,98,69,0,44,28,16,0,123,70,53,0
"SINDH","JAMSHORO","40 - 44","MARRIED",54026,25585,28441,0,28304,13511,14793,0,25722,12074,13648,0
"SINDH","JAMSHORO","40 - 44","NEVER MARRIED",2780,918,1857,5,1342,448,893,1,1438,470,964,4
"SINDH","JAMSHORO","40 - 44","SEPERATION",127,65,62,0,61,32,29,0,66,33,33,0
"SINDH","JAMSHORO","40 - 44","WIDOWED",1537,1157,380,0,780,585,195,0,757,572,185,0
"SINDH","JAMSHORO","45 - 49","DIVORCED",106,71,35,0,31,22,9,0,75,49,26,0
"SINDH","JAMSHORO","45 - 49","MARRIED",42657,19520,23137,0,22399,10329,12070,0,20258,9191,11067,0
"SINDH","JAMSHORO","45 - 49","NEVER MARRIED",1584,560,1017,7,719,258,461,0,865,302,556,7
"SINDH","JAMSHORO","45 - 49","SEPERATION",98,45,53,0,49,18,31,0,49,27,22,0
"SINDH","JAMSHORO","45 - 49","WIDOWED",2055,1582,473,0,1008,740,268,0,1047,842,205,0
"SINDH","JAMSHORO","50 - 54","DIVORCED",76,45,31,0,18,11,7,0,58,34,24,0
"SINDH","JAMSHORO","50 - 54","MARRIED",33299,14330,18969,0,17500,7566,9934,0,15799,6764,9035,0
"SINDH","JAMSHORO","50 - 54","NEVER MARRIED",798,292,502,4,345,117,227,1,453,175,275,3
"SINDH","JAMSHORO","50 - 54","SEPERATION",69,35,34,0,38,16,22,0,31,19,12,0
"SINDH","JAMSHORO","50 - 54","WIDOWED",2923,2373,550,0,1420,1122,298,0,1503,1251,252,0
"SINDH","JAMSHORO","55 - 59","DIVORCED",50,23,27,0,14,5,9,0,36,18,18,0
"SINDH","JAMSHORO","55 - 59","MARRIED",23984,9404,14580,0,12289,4936,7353,0,11695,4468,7227,0
"SINDH","JAMSHORO","55 - 59","NEVER MARRIED",519,168,351,0,209,56,153,0,310,112,198,0
"SINDH","JAMSHORO","55 - 59","SEPERATION",64,37,27,0,33,17,16,0,31,20,11,0
"SINDH","JAMSHORO","55 - 59","WIDOWED",3027,2371,656,0,1365,1048,317,0,1662,1323,339,0
"SINDH","JAMSHORO","60 - 64","DIVORCED",37,28,9,0,13,10,3,0,24,18,6,0
"SINDH","JAMSHORO","60 - 64","MARRIED",15423,5919,9504,0,8155,3233,4922,0,7268,2686,4582,0
"SINDH","JAMSHORO","60 - 64","NEVER MARRIED",299,108,190,1,125,37,88,0,174,71,102,1
"SINDH","JAMSHORO","60 - 64","SEPERATION",37,20,17,0,23,12,11,0,14,8,6,0
"SINDH","JAMSHORO","60 - 64","WIDOWED",3300,2597,703,0,1596,1235,361,0,1704,1362,342,0
"SINDH","JAMSHORO","65 - 69","DIVORCED",15,10,5,0,2,1,1,0,13,9,4,0
"SINDH","JAMSHORO","65 - 69","MARRIED",10260,3797,6463,0,5527,2100,3427,0,4733,1697,3036,0
"SINDH","JAMSHORO","65 - 69","NEVER MARRIED",174,72,102,0,76,18,58,0,98,54,44,0
"SINDH","JAMSHORO","65 - 69","SEPERATION",28,13,15,0,18,6,12,0,10,7,3,0
"SINDH","JAMSHORO","65 - 69","WIDOWED",3267,2562,705,0,1532,1191,341,0,1735,1371,364,0
"SINDH","JAMSHORO","70 - 74","DIVORCED",9,6,3,0,3,2,1,0,6,4,2,0
"SINDH","JAMSHORO","70 - 74","MARRIED",6397,2056,4341,0,3699,1228,2471,0,2698,828,1870,0
"SINDH","JAMSHORO","70 - 74","NEVER MARRIED",99,38,60,1,40,14,26,0,59,24,34,1
"SINDH","JAMSHORO","70 - 74","SEPERATION",21,2,19,0,14,0,14,0,7,2,5,0
"SINDH","JAMSHORO","70 - 74","WIDOWED",3114,2424,690,0,1560,1217,343,0,1554,1207,347,0
"SINDH","JAMSHORO","75 & ABOVE","DIVORCED",5,2,3,0,3,1,2,0,2,1,1,0
"SINDH","JAMSHORO","75 & ABOVE","MARRIED",4820,1355,3465,0,3182,932,2250,0,1638,423,1215,0
"SINDH","JAMSHORO","75 & ABOVE","NEVER MARRIED",84,29,55,0,45,11,34,0,39,18,21,0
"SINDH","JAMSHORO","75 & ABOVE","SEPERATION",18,9,9,0,13,5,8,0,5,4,1,0
"SINDH","JAMSHORO","75 & ABOVE","WIDOWED",3656,2766,890,0,2150,1614,536,0,1506,1152,354,0
"SINDH","KAMBAR SHAHDAD KOT","15 &  ABOVE","DIVORCED",590,402,188,0,345,237,108,0,245,165,80,0
"SINDH","KAMBAR SHAHDAD KOT","15 &  ABOVE","MARRIED",554098,280721,273377,0,399563,202470,197093,0,154535,78251,76284,0
"SINDH","KAMBAR SHAHDAD KOT","15 &  ABOVE","NEVER MARRIED",219631,85432,134164,35,149283,57378,91896,9,70348,28054,42268,26
"SINDH","KAMBAR SHAHDAD KOT","15 &  ABOVE","SEPERATION",1034,445,589,0,769,291,478,0,265,154,111,0
"SINDH","KAMBAR SHAHDAD KOT","15 &  ABOVE","WIDOWED",24604,19571,5033,0,16645,13119,3526,0,7959,6452,1507,0
"SINDH","KAMBAR SHAHDAD KOT","15 - 19","DIVORCED",15,9,6,0,9,6,3,0,6,3,3,0
"SINDH","KAMBAR SHAHDAD KOT","15 - 19","MARRIED",22789,15154,7635,0,16922,11192,5730,0,5867,3962,1905,0
"SINDH","KAMBAR SHAHDAD KOT","15 - 19","NEVER MARRIED",134259,57422,76828,9,94372,40019,54349,4,39887,17403,22479,5
"SINDH","KAMBAR SHAHDAD KOT","15 - 19","SEPERATION",40,19,21,0,33,15,18,0,7,4,3,0
"SINDH","KAMBAR SHAHDAD KOT","15 - 19","WIDOWED",93,51,42,0,73,38,35,0,20,13,7,0
"SINDH","KAMBAR SHAHDAD KOT","20 - 24","DIVORCED",57,39,18,0,32,20,12,0,25,19,6,0
"SINDH","KAMBAR SHAHDAD KOT","20 - 24","MARRIED",75835,45772,30063,0,56727,33986,22741,0,19108,11786,7322,0
"SINDH","KAMBAR SHAHDAD KOT","20 - 24","NEVER MARRIED",52109,17222,34883,4,34719,10995,23724,0,17390,6227,11159,4
"SINDH","KAMBAR SHAHDAD KOT","20 - 24","SEPERATION",98,33,65,0,81,22,59,0,17,11,6,0
"SINDH","KAMBAR SHAHDAD KOT","20 - 24","WIDOWED",224,118,106,0,161,84,77,0,63,34,29,0
"SINDH","KAMBAR SHAHDAD KOT","25 - 29","DIVORCED",79,50,29,0,49,32,17,0,30,18,12,0
"SINDH","KAMBAR SHAHDAD KOT","25 - 29","MARRIED",74959,39423,35536,0,54221,28373,25848,0,20738,11050,9688,0
"SINDH","KAMBAR SHAHDAD KOT","25 - 29","NEVER MARRIED",18602,5741,12858,3,11478,3441,8036,1,7124,2300,4822,2
"SINDH","KAMBAR SHAHDAD KOT","25 - 29","SEPERATION",106,25,81,0,79,14,65,0,27,11,16,0
"SINDH","KAMBAR SHAHDAD KOT","25 - 29","WIDOWED",386,234,152,0,275,164,111,0,111,70,41,0
"SINDH","KAMBAR SHAHDAD KOT","30 - 34","DIVORCED",76,50,26,0,36,23,13,0,40,27,13,0
"SINDH","KAMBAR SHAHDAD KOT","30 - 34","MARRIED",72862,37868,34994,0,51715,26802,24913,0,21147,11066,10081,0
"SINDH","KAMBAR SHAHDAD KOT","30 - 34","NEVER MARRIED",7022,2322,4695,5,4228,1352,2875,1,2794,970,1820,4
"SINDH","KAMBAR SHAHDAD KOT","30 - 34","SEPERATION",100,38,62,0,72,19,53,0,28,19,9,0
"SINDH","KAMBAR SHAHDAD KOT","30 - 34","WIDOWED",577,383,194,0,417,271,146,0,160,112,48,0
"SINDH","KAMBAR SHAHDAD KOT","35 - 39","DIVORCED",95,67,28,0,60,43,17,0,35,24,11,0
"SINDH","KAMBAR SHAHDAD KOT","35 - 39","MARRIED",70939,35055,35884,0,50265,24887,25378,0,20674,10168,10506,0
"SINDH","KAMBAR SHAHDAD KOT","35 - 39","NEVER MARRIED",3447,1198,2247,2,1988,647,1341,0,1459,551,906,2
"SINDH","KAMBAR SHAHDAD KOT","35 - 39","SEPERATION",114,38,76,0,90,24,66,0,24,14,10,0
"SINDH","KAMBAR SHAHDAD KOT","35 - 39","WIDOWED",939,676,263,0,667,475,192,0,272,201,71,0
"SINDH","KAMBAR SHAHDAD KOT","40 - 44","DIVORCED",85,57,28,0,52,35,17,0,33,22,11,0
"SINDH","KAMBAR SHAHDAD KOT","40 - 44","MARRIED",67416,32232,35184,0,48250,23035,25215,0,19166,9197,9969,0
"SINDH","KAMBAR SHAHDAD KOT","40 - 44","NEVER MARRIED",1803,629,1169,5,1068,365,702,1,735,264,467,4
"SINDH","KAMBAR SHAHDAD KOT","40 - 44","SEPERATION",103,45,58,0,79,29,50,0,24,16,8,0
"SINDH","KAMBAR SHAHDAD KOT","40 - 44","WIDOWED",1528,1197,331,0,1026,806,220,0,502,391,111,0
"SINDH","KAMBAR SHAHDAD KOT","45 - 49","DIVORCED",66,46,20,0,39,29,10,0,27,17,10,0
"SINDH","KAMBAR SHAHDAD KOT","45 - 49","MARRIED",48176,23007,25169,0,34280,16450,17830,0,13896,6557,7339,0
"SINDH","KAMBAR SHAHDAD KOT","45 - 49","NEVER MARRIED",1011,366,642,3,594,217,376,1,417,149,266,2
"SINDH","KAMBAR SHAHDAD KOT","45 - 49","SEPERATION",113,60,53,0,86,45,41,0,27,15,12,0
"SINDH","KAMBAR SHAHDAD KOT","45 - 49","WIDOWED",1915,1562,353,0,1311,1064,247,0,604,498,106,0
"SINDH","KAMBAR SHAHDAD KOT","50 - 54","DIVORCED",42,29,13,0,24,17,7,0,18,12,6,0
"SINDH","KAMBAR SHAHDAD KOT","50 - 54","MARRIED",38648,18051,20597,0,27682,13006,14676,0,10966,5045,5921,0
"SINDH","KAMBAR SHAHDAD KOT","50 - 54","NEVER MARRIED",564,204,358,2,330,124,206,0,234,80,152,2
"SINDH","KAMBAR SHAHDAD KOT","50 - 54","SEPERATION",99,57,42,0,66,37,29,0,33,20,13,0
"SINDH","KAMBAR SHAHDAD KOT","50 - 54","WIDOWED",2501,2060,441,0,1680,1381,299,0,821,679,142,0
"SINDH","KAMBAR SHAHDAD KOT","55 - 59","DIVORCED",29,23,6,0,19,15,4,0,10,8,2,0
"SINDH","KAMBAR SHAHDAD KOT","55 - 59","MARRIED",29241,12709,16532,0,20920,9170,11750,0,8321,3539,4782,0
"SINDH","KAMBAR SHAHDAD KOT","55 - 59","NEVER MARRIED",340,130,209,1,200,83,117,0,140,47,92,1
"SINDH","KAMBAR SHAHDAD KOT","55 - 59","SEPERATION",84,44,40,0,53,26,27,0,31,18,13,0
"SINDH","KAMBAR SHAHDAD KOT","55 - 59","WIDOWED",2728,2251,477,0,1816,1485,331,0,912,766,146,0
"SINDH","KAMBAR SHAHDAD KOT","60 - 64","DIVORCED",19,13,6,0,13,10,3,0,6,3,3,0
"SINDH","KAMBAR SHAHDAD KOT","60 - 64","MARRIED",21248,9302,11946,0,15153,6686,8467,0,6095,2616,3479,0
"SINDH","KAMBAR SHAHDAD KOT","60 - 64","NEVER MARRIED",200,90,109,1,123,62,60,1,77,28,49,0
"SINDH","KAMBAR SHAHDAD KOT","60 - 64","SEPERATION",57,30,27,0,39,22,17,0,18,8,10,0
"SINDH","KAMBAR SHAHDAD KOT","60 - 64","WIDOWED",3308,2741,567,0,2185,1786,399,0,1123,955,168,0
"SINDH","KAMBAR SHAHDAD KOT","65 - 69","DIVORCED",12,8,4,0,5,3,2,0,7,5,2,0
"SINDH","KAMBAR SHAHDAD KOT","65 - 69","MARRIED",14272,5904,8368,0,10328,4290,6038,0,3944,1614,2330,0
"SINDH","KAMBAR SHAHDAD KOT","65 - 69","NEVER MARRIED",127,47,80,0,83,32,51,0,44,15,29,0
"SINDH","KAMBAR SHAHDAD KOT","65 - 69","SEPERATION",57,37,20,0,41,24,17,0,16,13,3,0
"SINDH","KAMBAR SHAHDAD KOT","65 - 69","WIDOWED",3288,2650,638,0,2187,1755,432,0,1101,895,206,0
"SINDH","KAMBAR SHAHDAD KOT","70 - 74","DIVORCED",11,8,3,0,6,4,2,0,5,4,1,0
"SINDH","KAMBAR SHAHDAD KOT","70 - 74","MARRIED",9977,3725,6252,0,7341,2749,4592,0,2636,976,1660,0
"SINDH","KAMBAR SHAHDAD KOT","70 - 74","NEVER MARRIED",71,29,42,0,47,20,27,0,24,9,15,0
"SINDH","KAMBAR SHAHDAD KOT","70 - 74","SEPERATION",28,11,17,0,24,9,15,0,4,2,2,0
"SINDH","KAMBAR SHAHDAD KOT","70 - 74","WIDOWED",3178,2559,619,0,2121,1705,416,0,1057,854,203,0
"SINDH","KAMBAR SHAHDAD KOT","75 & ABOVE","DIVORCED",4,3,1,0,1,0,1,0,3,3,0,0
"SINDH","KAMBAR SHAHDAD KOT","75 & ABOVE","MARRIED",7736,2519,5217,0,5759,1844,3915,0,1977,675,1302,0
"SINDH","KAMBAR SHAHDAD KOT","75 & ABOVE","NEVER MARRIED",76,32,44,0,53,21,32,0,23,11,12,0
"SINDH","KAMBAR SHAHDAD KOT","75 & ABOVE","SEPERATION",35,8,27,0,26,5,21,0,9,3,6,0
"SINDH","KAMBAR SHAHDAD KOT","75 & ABOVE","WIDOWED",3939,3089,850,0,2726,2105,621,0,1213,984,229,0
"SINDH","KARACHI CENTRAL","15 &  ABOVE","DIVORCED",13155,8674,4481,0,0,0,0,0,13155,8674,4481,0
"SINDH","KARACHI CENTRAL","15 &  ABOVE","MARRIED",1534941,755493,779448,0,0,0,0,0,1534941,755493,779448,0
"SINDH","KARACHI CENTRAL","15 &  ABOVE","NEVER MARRIED",851164,334279,516336,549,0,0,0,0,851164,334279,516336,549
"SINDH","KARACHI CENTRAL","15 &  ABOVE","SEPERATION",5351,2800,2551,0,0,0,0,0,5351,2800,2551,0
"SINDH","KARACHI CENTRAL","15 &  ABOVE","WIDOWED",103352,78975,24377,0,0,0,0,0,103352,78975,24377,0
"SINDH","KARACHI CENTRAL","15 - 19","DIVORCED",69,58,11,0,0,0,0,0,69,58,11,0
"SINDH","KARACHI CENTRAL","15 - 19","MARRIED",14505,10978,3527,0,0,0,0,0,14505,10978,3527,0
"SINDH","KARACHI CENTRAL","15 - 19","NEVER MARRIED",355528,158482,196980,66,0,0,0,0,355528,158482,196980,66
"SINDH","KARACHI CENTRAL","15 - 19","SEPERATION",48,26,22,0,0,0,0,0,48,26,22,0
"SINDH","KARACHI CENTRAL","15 - 19","WIDOWED",54,25,29,0,0,0,0,0,54,25,29,0
"SINDH","KARACHI CENTRAL","20 - 24","DIVORCED",584,473,111,0,0,0,0,0,584,473,111,0
"SINDH","KARACHI CENTRAL","20 - 24","MARRIED",87828,64981,22847,0,0,0,0,0,87828,64981,22847,0
"SINDH","KARACHI CENTRAL","20 - 24","NEVER MARRIED",233545,91344,142136,65,0,0,0,0,233545,91344,142136,65
"SINDH","KARACHI CENTRAL","20 - 24","SEPERATION",196,133,63,0,0,0,0,0,196,133,63,0
"SINDH","KARACHI CENTRAL","20 - 24","WIDOWED",298,185,113,0,0,0,0,0,298,185,113,0
"SINDH","KARACHI CENTRAL","25 - 29","DIVORCED",1278,966,312,0,0,0,0,0,1278,966,312,0
"SINDH","KARACHI CENTRAL","25 - 29","MARRIED",182782,113049,69733,0,0,0,0,0,182782,113049,69733,0
"SINDH","KARACHI CENTRAL","25 - 29","NEVER MARRIED",124383,38030,86279,74,0,0,0,0,124383,38030,86279,74
"SINDH","KARACHI CENTRAL","25 - 29","SEPERATION",445,280,165,0,0,0,0,0,445,280,165,0
"SINDH","KARACHI CENTRAL","25 - 29","WIDOWED",828,529,299,0,0,0,0,0,828,529,299,0
"SINDH","KARACHI CENTRAL","30 - 34","DIVORCED",1928,1357,571,0,0,0,0,0,1928,1357,571,0
"SINDH","KARACHI CENTRAL","30 - 34","MARRIED",219570,117972,101598,0,0,0,0,0,219570,117972,101598,0
"SINDH","KARACHI CENTRAL","30 - 34","NEVER MARRIED",54190,15733,38387,70,0,0,0,0,54190,15733,38387,70
"SINDH","KARACHI CENTRAL","30 - 34","SEPERATION",645,360,285,0,0,0,0,0,645,360,285,0
"SINDH","KARACHI CENTRAL","30 - 34","WIDOWED",1764,1235,529,0,0,0,0,0,1764,1235,529,0
"SINDH","KARACHI CENTRAL","35 - 39","DIVORCED",2247,1501,746,0,0,0,0,0,2247,1501,746,0
"SINDH","KARACHI CENTRAL","35 - 39","MARRIED",227797,113057,114740,0,0,0,0,0,227797,113057,114740,0
"SINDH","KARACHI CENTRAL","35 - 39","NEVER MARRIED",31313,9643,21582,88,0,0,0,0,31313,9643,21582,88
"SINDH","KARACHI CENTRAL","35 - 39","SEPERATION",821,421,400,0,0,0,0,0,821,421,400,0
"SINDH","KARACHI CENTRAL","35 - 39","WIDOWED",2808,2006,802,0,0,0,0,0,2808,2006,802,0
"SINDH","KARACHI CENTRAL","40 - 44","DIVORCED",1996,1249,747,0,0,0,0,0,1996,1249,747,0
"SINDH","KARACHI CENTRAL","40 - 44","MARRIED",203216,93691,109525,0,0,0,0,0,203216,93691,109525,0
"SINDH","KARACHI CENTRAL","40 - 44","NEVER MARRIED",18165,6391,11717,57,0,0,0,0,18165,6391,11717,57
"SINDH","KARACHI CENTRAL","40 - 44","SEPERATION",789,425,364,0,0,0,0,0,789,425,364,0
"SINDH","KARACHI CENTRAL","40 - 44","WIDOWED",4867,3730,1137,0,0,0,0,0,4867,3730,1137,0
"SINDH","KARACHI CENTRAL","45 - 49","DIVORCED",1736,1088,648,0,0,0,0,0,1736,1088,648,0
"SINDH","KARACHI CENTRAL","45 - 49","MARRIED",172667,77661,95006,0,0,0,0,0,172667,77661,95006,0
"SINDH","KARACHI CENTRAL","45 - 49","NEVER MARRIED",12225,4576,7606,43,0,0,0,0,12225,4576,7606,43
"SINDH","KARACHI CENTRAL","45 - 49","SEPERATION",735,362,373,0,0,0,0,0,735,362,373,0
"SINDH","KARACHI CENTRAL","45 - 49","WIDOWED",7066,5491,1575,0,0,0,0,0,7066,5491,1575,0
"SINDH","KARACHI CENTRAL","50 - 54","DIVORCED",1235,758,477,0,0,0,0,0,1235,758,477,0
"SINDH","KARACHI CENTRAL","50 - 54","MARRIED",133987,56626,77361,0,0,0,0,0,133987,56626,77361,0
"SINDH","KARACHI CENTRAL","50 - 54","NEVER MARRIED",7649,3237,4373,39,0,0,0,0,7649,3237,4373,39
"SINDH","KARACHI CENTRAL","50 - 54","SEPERATION",533,267,266,0,0,0,0,0,533,267,266,0
"SINDH","KARACHI CENTRAL","50 - 54","WIDOWED",10321,8208,2113,0,0,0,0,0,10321,8208,2113,0
"SINDH","KARACHI CENTRAL","55 - 59","DIVORCED",912,523,389,0,0,0,0,0,912,523,389,0
"SINDH","KARACHI CENTRAL","55 - 59","MARRIED",112553,45576,66977,0,0,0,0,0,112553,45576,66977,0
"SINDH","KARACHI CENTRAL","55 - 59","NEVER MARRIED",6070,2711,3331,28,0,0,0,0,6070,2711,3331,28
"SINDH","KARACHI CENTRAL","55 - 59","SEPERATION",478,238,240,0,0,0,0,0,478,238,240,0
"SINDH","KARACHI CENTRAL","55 - 59","WIDOWED",13595,10829,2766,0,0,0,0,0,13595,10829,2766,0
"SINDH","KARACHI CENTRAL","60 - 64","DIVORCED",561,345,216,0,0,0,0,0,561,345,216,0
"SINDH","KARACHI CENTRAL","60 - 64","MARRIED",77226,28799,48427,0,0,0,0,0,77226,28799,48427,0
"SINDH","KARACHI CENTRAL","60 - 64","NEVER MARRIED",3699,1815,1876,8,0,0,0,0,3699,1815,1876,8
"SINDH","KARACHI CENTRAL","60 - 64","SEPERATION",274,136,138,0,0,0,0,0,274,136,138,0
"SINDH","KARACHI CENTRAL","60 - 64","WIDOWED",15853,12392,3461,0,0,0,0,0,15853,12392,3461,0
"SINDH","KARACHI CENTRAL","65 - 69","DIVORCED",332,201,131,0,0,0,0,0,332,201,131,0
"SINDH","KARACHI CENTRAL","65 - 69","MARRIED",51575,17829,33746,0,0,0,0,0,51575,17829,33746,0
"SINDH","KARACHI CENTRAL","65 - 69","NEVER MARRIED",2387,1207,1172,8,0,0,0,0,2387,1207,1172,8
"SINDH","KARACHI CENTRAL","65 - 69","SEPERATION",209,94,115,0,0,0,0,0,209,94,115,0
"SINDH","KARACHI CENTRAL","65 - 69","WIDOWED",15594,11880,3714,0,0,0,0,0,15594,11880,3714,0
"SINDH","KARACHI CENTRAL","70 - 74","DIVORCED",168,92,76,0,0,0,0,0,168,92,76,0
"SINDH","KARACHI CENTRAL","70 - 74","MARRIED",30032,9203,20829,0,0,0,0,0,30032,9203,20829,0
"SINDH","KARACHI CENTRAL","70 - 74","NEVER MARRIED",1153,625,527,1,0,0,0,0,1153,625,527,1
"SINDH","KARACHI CENTRAL","70 - 74","SEPERATION",97,36,61,0,0,0,0,0,97,36,61,0
"SINDH","KARACHI CENTRAL","70 - 74","WIDOWED",14015,10507,3508,0,0,0,0,0,14015,10507,3508,0
"SINDH","KARACHI CENTRAL","75 & ABOVE","DIVORCED",109,63,46,0,0,0,0,0,109,63,46,0
"SINDH","KARACHI CENTRAL","75 & ABOVE","MARRIED",21203,6071,15132,0,0,0,0,0,21203,6071,15132,0
"SINDH","KARACHI CENTRAL","75 & ABOVE","NEVER MARRIED",857,485,370,2,0,0,0,0,857,485,370,2
"SINDH","KARACHI CENTRAL","75 & ABOVE","SEPERATION",81,22,59,0,0,0,0,0,81,22,59,0
"SINDH","KARACHI CENTRAL","75 & ABOVE","WIDOWED",16289,11958,4331,0,0,0,0,0,16289,11958,4331,0
"SINDH","KARACHI EAST","15 &  ABOVE","DIVORCED",10465,7189,3276,0,0,0,0,0,10465,7189,3276,0
"SINDH","KARACHI EAST","15 &  ABOVE","MARRIED",1589440,778434,811006,0,0,0,0,0,1589440,778434,811006,0
"SINDH","KARACHI EAST","15 &  ABOVE","NEVER MARRIED",855728,333556,521762,410,0,0,0,0,855728,333556,521762,410
"SINDH","KARACHI EAST","15 &  ABOVE","SEPERATION",4346,2197,2149,0,0,0,0,0,4346,2197,2149,0
"SINDH","KARACHI EAST","15 &  ABOVE","WIDOWED",83352,65280,18072,0,0,0,0,0,83352,65280,18072,0
"SINDH","KARACHI EAST","15 - 19","DIVORCED",57,38,19,0,0,0,0,0,57,38,19,0
"SINDH","KARACHI EAST","15 - 19","MARRIED",19458,14228,5230,0,0,0,0,0,19458,14228,5230,0
"SINDH","KARACHI EAST","15 - 19","NEVER MARRIED",380053,162508,217490,55,0,0,0,0,380053,162508,217490,55
"SINDH","KARACHI EAST","15 - 19","SEPERATION",57,25,32,0,0,0,0,0,57,25,32,0
"SINDH","KARACHI EAST","15 - 19","WIDOWED",69,34,35,0,0,0,0,0,69,34,35,0
"SINDH","KARACHI EAST","20 - 24","DIVORCED",484,372,112,0,0,0,0,0,484,372,112,0
"SINDH","KARACHI EAST","20 - 24","MARRIED",98765,68475,30290,0,0,0,0,0,98765,68475,30290,0
"SINDH","KARACHI EAST","20 - 24","NEVER MARRIED",236044,90776,145192,76,0,0,0,0,236044,90776,145192,76
"SINDH","KARACHI EAST","20 - 24","SEPERATION",169,107,62,0,0,0,0,0,169,107,62,0
"SINDH","KARACHI EAST","20 - 24","WIDOWED",250,181,69,0,0,0,0,0,250,181,69,0
"SINDH","KARACHI EAST","25 - 29","DIVORCED",1010,761,249,0,0,0,0,0,1010,761,249,0
"SINDH","KARACHI EAST","25 - 29","MARRIED",190304,112358,77946,0,0,0,0,0,190304,112358,77946,0
"SINDH","KARACHI EAST","25 - 29","NEVER MARRIED",123928,39185,84661,82,0,0,0,0,123928,39185,84661,82
"SINDH","KARACHI EAST","25 - 29","SEPERATION",418,195,223,0,0,0,0,0,418,195,223,0
"SINDH","KARACHI EAST","25 - 29","WIDOWED",674,440,234,0,0,0,0,0,674,440,234,0
"SINDH","KARACHI EAST","30 - 34","DIVORCED",1568,1097,471,0,0,0,0,0,1568,1097,471,0
"SINDH","KARACHI EAST","30 - 34","MARRIED",224403,117739,106664,0,0,0,0,0,224403,117739,106664,0
"SINDH","KARACHI EAST","30 - 34","NEVER MARRIED",49567,15340,34162,65,0,0,0,0,49567,15340,34162,65
"SINDH","KARACHI EAST","30 - 34","SEPERATION",570,292,278,0,0,0,0,0,570,292,278,0
"SINDH","KARACHI EAST","30 - 34","WIDOWED",1289,937,352,0,0,0,0,0,1289,937,352,0
"SINDH","KARACHI EAST","35 - 39","DIVORCED",1748,1189,559,0,0,0,0,0,1748,1189,559,0
"SINDH","KARACHI EAST","35 - 39","MARRIED",229134,113359,115775,0,0,0,0,0,229134,113359,115775,0
"SINDH","KARACHI EAST","35 - 39","NEVER MARRIED",25995,8674,17280,41,0,0,0,0,25995,8674,17280,41
"SINDH","KARACHI EAST","35 - 39","SEPERATION",653,323,330,0,0,0,0,0,653,323,330,0
"SINDH","KARACHI EAST","35 - 39","WIDOWED",2299,1768,531,0,0,0,0,0,2299,1768,531,0
"SINDH","KARACHI EAST","40 - 44","DIVORCED",1721,1150,571,0,0,0,0,0,1721,1150,571,0
"SINDH","KARACHI EAST","40 - 44","MARRIED",205925,95774,110151,0,0,0,0,0,205925,95774,110151,0
"SINDH","KARACHI EAST","40 - 44","NEVER MARRIED",14257,5309,8912,36,0,0,0,0,14257,5309,8912,36
"SINDH","KARACHI EAST","40 - 44","SEPERATION",641,339,302,0,0,0,0,0,641,339,302,0
"SINDH","KARACHI EAST","40 - 44","WIDOWED",3788,3002,786,0,0,0,0,0,3788,3002,786,0
"SINDH","KARACHI EAST","45 - 49","DIVORCED",1384,898,486,0,0,0,0,0,1384,898,486,0
"SINDH","KARACHI EAST","45 - 49","MARRIED",173244,78122,95122,0,0,0,0,0,173244,78122,95122,0
"SINDH","KARACHI EAST","45 - 49","NEVER MARRIED",9110,3656,5432,22,0,0,0,0,9110,3656,5432,22
"SINDH","KARACHI EAST","45 - 49","SEPERATION",563,272,291,0,0,0,0,0,563,272,291,0
"SINDH","KARACHI EAST","45 - 49","WIDOWED",5445,4408,1037,0,0,0,0,0,5445,4408,1037,0
"SINDH","KARACHI EAST","50 - 54","DIVORCED",905,638,267,0,0,0,0,0,905,638,267,0
"SINDH","KARACHI EAST","50 - 54","MARRIED",135244,58697,76547,0,0,0,0,0,135244,58697,76547,0
"SINDH","KARACHI EAST","50 - 54","NEVER MARRIED",5633,2484,3128,21,0,0,0,0,5633,2484,3128,21
"SINDH","KARACHI EAST","50 - 54","SEPERATION",415,217,198,0,0,0,0,0,415,217,198,0
"SINDH","KARACHI EAST","50 - 54","WIDOWED",7904,6414,1490,0,0,0,0,0,7904,6414,1490,0
"SINDH","KARACHI EAST","55 - 59","DIVORCED",687,450,237,0,0,0,0,0,687,450,237,0
"SINDH","KARACHI EAST","55 - 59","MARRIED",112345,47568,64777,0,0,0,0,0,112345,47568,64777,0
"SINDH","KARACHI EAST","55 - 59","NEVER MARRIED",4236,1958,2274,4,0,0,0,0,4236,1958,2274,4
"SINDH","KARACHI EAST","55 - 59","SEPERATION",366,186,180,0,0,0,0,0,366,186,180,0
"SINDH","KARACHI EAST","55 - 59","WIDOWED",10249,8260,1989,0,0,0,0,0,10249,8260,1989,0
"SINDH","KARACHI EAST","60 - 64","DIVORCED",404,273,131,0,0,0,0,0,404,273,131,0
"SINDH","KARACHI EAST","60 - 64","MARRIED",82053,32191,49862,0,0,0,0,0,82053,32191,49862,0
"SINDH","KARACHI EAST","60 - 64","NEVER MARRIED",2801,1452,1345,4,0,0,0,0,2801,1452,1345,4
"SINDH","KARACHI EAST","60 - 64","SEPERATION",216,107,109,0,0,0,0,0,216,107,109,0
"SINDH","KARACHI EAST","60 - 64","WIDOWED",12344,9961,2383,0,0,0,0,0,12344,9961,2383,0
"SINDH","KARACHI EAST","65 - 69","DIVORCED",255,173,82,0,0,0,0,0,255,173,82,0
"SINDH","KARACHI EAST","65 - 69","MARRIED",56244,20565,35679,0,0,0,0,0,56244,20565,35679,0
"SINDH","KARACHI EAST","65 - 69","NEVER MARRIED",1959,1082,874,3,0,0,0,0,1959,1082,874,3
"SINDH","KARACHI EAST","65 - 69","SEPERATION",153,76,77,0,0,0,0,0,153,76,77,0
"SINDH","KARACHI EAST","65 - 69","WIDOWED",12317,9720,2597,0,0,0,0,0,12317,9720,2597,0
"SINDH","KARACHI EAST","70 - 74","DIVORCED",144,98,46,0,0,0,0,0,144,98,46,0
"SINDH","KARACHI EAST","70 - 74","MARRIED",35347,11498,23849,0,0,0,0,0,35347,11498,23849,0
"SINDH","KARACHI EAST","70 - 74","NEVER MARRIED",1087,608,478,1,0,0,0,0,1087,608,478,1
"SINDH","KARACHI EAST","70 - 74","SEPERATION",76,34,42,0,0,0,0,0,76,34,42,0
"SINDH","KARACHI EAST","70 - 74","WIDOWED",11635,8978,2657,0,0,0,0,0,11635,8978,2657,0
"SINDH","KARACHI EAST","75 & ABOVE","DIVORCED",98,52,46,0,0,0,0,0,98,52,46,0
"SINDH","KARACHI EAST","75 & ABOVE","MARRIED",26974,7860,19114,0,0,0,0,0,26974,7860,19114,0
"SINDH","KARACHI EAST","75 & ABOVE","NEVER MARRIED",1058,524,534,0,0,0,0,0,1058,524,534,0
"SINDH","KARACHI EAST","75 & ABOVE","SEPERATION",49,24,25,0,0,0,0,0,49,24,25,0
"SINDH","KARACHI EAST","75 & ABOVE","WIDOWED",15089,11177,3912,0,0,0,0,0,15089,11177,3912,0
"SINDH","KARACHI SOUTH","15 &  ABOVE","DIVORCED",9027,5923,3104,0,0,0,0,0,9027,5923,3104,0
"SINDH","KARACHI SOUTH","15 &  ABOVE","MARRIED",986692,474415,512277,0,0,0,0,0,986692,474415,512277,0
"SINDH","KARACHI SOUTH","15 &  ABOVE","NEVER MARRIED",529516,207409,321725,382,0,0,0,0,529516,207409,321725,382
"SINDH","KARACHI SOUTH","15 &  ABOVE","SEPERATION",2839,1427,1412,0,0,0,0,0,2839,1427,1412,0
"SINDH","KARACHI SOUTH","15 &  ABOVE","WIDOWED",61410,46660,14750,0,0,0,0,0,61410,46660,14750,0
"SINDH","KARACHI SOUTH","15 - 19","DIVORCED",82,76,6,0,0,0,0,0,82,76,6,0
"SINDH","KARACHI SOUTH","15 - 19","MARRIED",9744,7493,2251,0,0,0,0,0,9744,7493,2251,0
"SINDH","KARACHI SOUTH","15 - 19","NEVER MARRIED",222216,98867,123324,25,0,0,0,0,222216,98867,123324,25
"SINDH","KARACHI SOUTH","15 - 19","SEPERATION",31,17,14,0,0,0,0,0,31,17,14,0
"SINDH","KARACHI SOUTH","15 - 19","WIDOWED",41,25,16,0,0,0,0,0,41,25,16,0
"SINDH","KARACHI SOUTH","20 - 24","DIVORCED",482,400,82,0,0,0,0,0,482,400,82,0
"SINDH","KARACHI SOUTH","20 - 24","MARRIED",55111,39496,15615,0,0,0,0,0,55111,39496,15615,0
"SINDH","KARACHI SOUTH","20 - 24","NEVER MARRIED",144513,54606,89863,44,0,0,0,0,144513,54606,89863,44
"SINDH","KARACHI SOUTH","20 - 24","SEPERATION",101,59,42,0,0,0,0,0,101,59,42,0
"SINDH","KARACHI SOUTH","20 - 24","WIDOWED",179,129,50,0,0,0,0,0,179,129,50,0
"SINDH","KARACHI SOUTH","25 - 29","DIVORCED",996,729,267,0,0,0,0,0,996,729,267,0
"SINDH","KARACHI SOUTH","25 - 29","MARRIED",109247,64784,44463,0,0,0,0,0,109247,64784,44463,0
"SINDH","KARACHI SOUTH","25 - 29","NEVER MARRIED",75081,23657,51360,64,0,0,0,0,75081,23657,51360,64
"SINDH","KARACHI SOUTH","25 - 29","SEPERATION",235,146,89,0,0,0,0,0,235,146,89,0
"SINDH","KARACHI SOUTH","25 - 29","WIDOWED",553,404,149,0,0,0,0,0,553,404,149,0
"SINDH","KARACHI SOUTH","30 - 34","DIVORCED",1323,879,444,0,0,0,0,0,1323,879,444,0
"SINDH","KARACHI SOUTH","30 - 34","MARRIED",134822,71193,63629,0,0,0,0,0,134822,71193,63629,0
"SINDH","KARACHI SOUTH","30 - 34","NEVER MARRIED",34334,10565,23697,72,0,0,0,0,34334,10565,23697,72
"SINDH","KARACHI SOUTH","30 - 34","SEPERATION",319,174,145,0,0,0,0,0,319,174,145,0
"SINDH","KARACHI SOUTH","30 - 34","WIDOWED",1102,793,309,0,0,0,0,0,1102,793,309,0
"SINDH","KARACHI SOUTH","35 - 39","DIVORCED",1482,969,513,0,0,0,0,0,1482,969,513,0
"SINDH","KARACHI SOUTH","35 - 39","MARRIED",144715,70913,73802,0,0,0,0,0,144715,70913,73802,0
"SINDH","KARACHI SOUTH","35 - 39","NEVER MARRIED",19995,6554,13377,64,0,0,0,0,19995,6554,13377,64
"SINDH","KARACHI SOUTH","35 - 39","SEPERATION",372,211,161,0,0,0,0,0,372,211,161,0
"SINDH","KARACHI SOUTH","35 - 39","WIDOWED",1787,1338,449,0,0,0,0,0,1787,1338,449,0
"SINDH","KARACHI SOUTH","40 - 44","DIVORCED",1429,921,508,0,0,0,0,0,1429,921,508,0
"SINDH","KARACHI SOUTH","40 - 44","MARRIED",134934,62044,72890,0,0,0,0,0,134934,62044,72890,0
"SINDH","KARACHI SOUTH","40 - 44","NEVER MARRIED",11739,4217,7484,38,0,0,0,0,11739,4217,7484,38
"SINDH","KARACHI SOUTH","40 - 44","SEPERATION",421,217,204,0,0,0,0,0,421,217,204,0
"SINDH","KARACHI SOUTH","40 - 44","WIDOWED",2896,2279,617,0,0,0,0,0,2896,2279,617,0
"SINDH","KARACHI SOUTH","45 - 49","DIVORCED",1082,672,410,0,0,0,0,0,1082,672,410,0
"SINDH","KARACHI SOUTH","45 - 49","MARRIED",114192,50483,63709,0,0,0,0,0,114192,50483,63709,0
"SINDH","KARACHI SOUTH","45 - 49","NEVER MARRIED",7890,2879,4984,27,0,0,0,0,7890,2879,4984,27
"SINDH","KARACHI SOUTH","45 - 49","SEPERATION",389,192,197,0,0,0,0,0,389,192,197,0
"SINDH","KARACHI SOUTH","45 - 49","WIDOWED",4121,3263,858,0,0,0,0,0,4121,3263,858,0
"SINDH","KARACHI SOUTH","50 - 54","DIVORCED",765,484,281,0,0,0,0,0,765,484,281,0
"SINDH","KARACHI SOUTH","50 - 54","MARRIED",87854,36146,51708,0,0,0,0,0,87854,36146,51708,0
"SINDH","KARACHI SOUTH","50 - 54","NEVER MARRIED",4760,1936,2802,22,0,0,0,0,4760,1936,2802,22
"SINDH","KARACHI SOUTH","50 - 54","SEPERATION",270,118,152,0,0,0,0,0,270,118,152,0
"SINDH","KARACHI SOUTH","50 - 54","WIDOWED",5964,4723,1241,0,0,0,0,0,5964,4723,1241,0
"SINDH","KARACHI SOUTH","55 - 59","DIVORCED",571,317,254,0,0,0,0,0,571,317,254,0
"SINDH","KARACHI SOUTH","55 - 59","MARRIED",72936,28975,43961,0,0,0,0,0,72936,28975,43961,0
"SINDH","KARACHI SOUTH","55 - 59","NEVER MARRIED",3597,1516,2074,7,0,0,0,0,3597,1516,2074,7
"SINDH","KARACHI SOUTH","55 - 59","SEPERATION",245,106,139,0,0,0,0,0,245,106,139,0
"SINDH","KARACHI SOUTH","55 - 59","WIDOWED",7870,6091,1779,0,0,0,0,0,7870,6091,1779,0
"SINDH","KARACHI SOUTH","60 - 64","DIVORCED",379,223,156,0,0,0,0,0,379,223,156,0
"SINDH","KARACHI SOUTH","60 - 64","MARRIED",49640,18587,31053,0,0,0,0,0,49640,18587,31053,0
"SINDH","KARACHI SOUTH","60 - 64","NEVER MARRIED",2272,1031,1236,5,0,0,0,0,2272,1031,1236,5
"SINDH","KARACHI SOUTH","60 - 64","SEPERATION",177,72,105,0,0,0,0,0,177,72,105,0
"SINDH","KARACHI SOUTH","60 - 64","WIDOWED",8800,6874,1926,0,0,0,0,0,8800,6874,1926,0
"SINDH","KARACHI SOUTH","65 - 69","DIVORCED",217,138,79,0,0,0,0,0,217,138,79,0
"SINDH","KARACHI SOUTH","65 - 69","MARRIED",35369,12437,22932,0,0,0,0,0,35369,12437,22932,0
"SINDH","KARACHI SOUTH","65 - 69","NEVER MARRIED",1629,811,816,2,0,0,0,0,1629,811,816,2
"SINDH","KARACHI SOUTH","65 - 69","SEPERATION",152,63,89,0,0,0,0,0,152,63,89,0
"SINDH","KARACHI SOUTH","65 - 69","WIDOWED",9245,6926,2319,0,0,0,0,0,9245,6926,2319,0
"SINDH","KARACHI SOUTH","70 - 74","DIVORCED",128,70,58,0,0,0,0,0,128,70,58,0
"SINDH","KARACHI SOUTH","70 - 74","MARRIED",21582,6851,14731,0,0,0,0,0,21582,6851,14731,0
"SINDH","KARACHI SOUTH","70 - 74","NEVER MARRIED",821,422,393,6,0,0,0,0,821,422,393,6
"SINDH","KARACHI SOUTH","70 - 74","SEPERATION",76,23,53,0,0,0,0,0,76,23,53,0
"SINDH","KARACHI SOUTH","70 - 74","WIDOWED",8451,6240,2211,0,0,0,0,0,8451,6240,2211,0
"SINDH","KARACHI SOUTH","75 & ABOVE","DIVORCED",91,45,46,0,0,0,0,0,91,45,46,0
"SINDH","KARACHI SOUTH","75 & ABOVE","MARRIED",16546,5013,11533,0,0,0,0,0,16546,5013,11533,0
"SINDH","KARACHI SOUTH","75 & ABOVE","NEVER MARRIED",669,348,315,6,0,0,0,0,669,348,315,6
"SINDH","KARACHI SOUTH","75 & ABOVE","SEPERATION",51,29,22,0,0,0,0,0,51,29,22,0
"SINDH","KARACHI SOUTH","75 & ABOVE","WIDOWED",10401,7575,2826,0,0,0,0,0,10401,7575,2826,0
"SINDH","KARACHI WEST","15 &  ABOVE","DIVORCED",7482,4514,2968,0,489,306,183,0,6993,4208,2785,0
"SINDH","KARACHI WEST","15 &  ABOVE","MARRIED",1091471,542543,548928,0,104043,51242,52801,0,987428,491301,496127,0
"SINDH","KARACHI WEST","15 &  ABOVE","NEVER MARRIED",528448,197143,331113,192,45939,16915,29018,6,482509,180228,302095,186
"SINDH","KARACHI WEST","15 &  ABOVE","SEPERATION",3006,1473,1533,0,249,102,147,0,2757,1371,1386,0
"SINDH","KARACHI WEST","15 &  ABOVE","WIDOWED",58073,43417,14656,0,3881,2913,968,0,54192,40504,13688,0
"SINDH","KARACHI WEST","15 - 19","DIVORCED",86,75,11,0,9,7,2,0,77,68,9,0
"SINDH","KARACHI WEST","15 - 19","MARRIED",19050,14993,4057,0,2468,1906,562,0,16582,13087,3495,0
"SINDH","KARACHI WEST","15 - 19","NEVER MARRIED",253316,112589,140708,19,24883,10695,14185,3,228433,101894,126523,16
"SINDH","KARACHI WEST","15 - 19","SEPERATION",72,37,35,0,9,6,3,0,63,31,32,0
"SINDH","KARACHI WEST","15 - 19","WIDOWED",44,32,12,0,8,4,4,0,36,28,8,0
"SINDH","KARACHI WEST","20 - 24","DIVORCED",580,489,91,0,52,41,11,0,528,448,80,0
"SINDH","KARACHI WEST","20 - 24","MARRIED",86947,61607,25340,0,9360,6194,3166,0,77587,55413,22174,0
"SINDH","KARACHI WEST","20 - 24","NEVER MARRIED",150146,53299,96824,23,12322,4034,8288,0,137824,49265,88536,23
"SINDH","KARACHI WEST","20 - 24","SEPERATION",180,117,63,0,19,12,7,0,161,105,56,0
"SINDH","KARACHI WEST","20 - 24","WIDOWED",233,159,74,0,26,18,8,0,207,141,66,0
"SINDH","KARACHI WEST","25 - 29","DIVORCED",1082,753,329,0,85,64,21,0,997,689,308,0
"SINDH","KARACHI WEST","25 - 29","MARRIED",145634,87270,58364,0,14271,8046,6225,0,131363,79224,52139,0
"SINDH","KARACHI WEST","25 - 29","NEVER MARRIED",68983,17915,51044,24,5065,1258,3807,0,63918,16657,47237,24
"SINDH","KARACHI WEST","25 - 29","SEPERATION",319,163,156,0,28,12,16,0,291,151,140,0
"SINDH","KARACHI WEST","25 - 29","WIDOWED",612,415,197,0,48,29,19,0,564,386,178,0
"SINDH","KARACHI WEST","30 - 34","DIVORCED",1323,825,498,0,77,47,30,0,1246,778,468,0
"SINDH","KARACHI WEST","30 - 34","MARRIED",163372,86446,76926,0,14659,7808,6851,0,148713,78638,70075,0
"SINDH","KARACHI WEST","30 - 34","NEVER MARRIED",27151,6211,20921,19,1791,447,1343,1,25360,5764,19578,18
"SINDH","KARACHI WEST","30 - 34","SEPERATION",385,183,202,0,28,15,13,0,357,168,189,0
"SINDH","KARACHI WEST","30 - 34","WIDOWED",1093,719,374,0,87,56,31,0,1006,663,343,0
"SINDH","KARACHI WEST","35 - 39","DIVORCED",1264,707,557,0,64,38,26,0,1200,669,531,0
"SINDH","KARACHI WEST","35 - 39","MARRIED",159611,78839,80772,0,15222,7711,7511,0,144389,71128,73261,0
"SINDH","KARACHI WEST","35 - 39","NEVER MARRIED",12955,3021,9905,29,903,212,690,1,12052,2809,9215,28
"SINDH","KARACHI WEST","35 - 39","SEPERATION",429,203,226,0,35,9,26,0,394,194,200,0
"SINDH","KARACHI WEST","35 - 39","WIDOWED",1834,1345,489,0,134,98,36,0,1700,1247,453,0
"SINDH","KARACHI WEST","40 - 44","DIVORCED",1154,663,491,0,60,41,19,0,1094,622,472,0
"SINDH","KARACHI WEST","40 - 44","MARRIED",147351,66783,80568,0,13832,6210,7622,0,133519,60573,72946,0
"SINDH","KARACHI WEST","40 - 44","NEVER MARRIED",7161,1791,5336,34,441,115,325,1,6720,1676,5011,33
"SINDH","KARACHI WEST","40 - 44","SEPERATION",437,228,209,0,28,6,22,0,409,222,187,0
"SINDH","KARACHI WEST","40 - 44","WIDOWED",3234,2494,740,0,272,195,77,0,2962,2299,663,0
"SINDH","KARACHI WEST","45 - 49","DIVORCED",787,430,357,0,46,26,20,0,741,404,337,0
"SINDH","KARACHI WEST","45 - 49","MARRIED",116340,51417,64923,0,11293,4905,6388,0,105047,46512,58535,0
"SINDH","KARACHI WEST","45 - 49","NEVER MARRIED",4028,1031,2980,17,248,67,181,0,3780,964,2799,17
"SINDH","KARACHI WEST","45 - 49","SEPERATION",366,186,180,0,26,12,14,0,340,174,166,0
"SINDH","KARACHI WEST","45 - 49","WIDOWED",4441,3551,890,0,298,245,53,0,4143,3306,837,0
"SINDH","KARACHI WEST","50 - 54","DIVORCED",483,264,219,0,28,13,15,0,455,251,204,0
"SINDH","KARACHI WEST","50 - 54","MARRIED",87563,36365,51198,0,7999,3324,4675,0,79564,33041,46523,0
"SINDH","KARACHI WEST","50 - 54","NEVER MARRIED",2036,529,1494,13,113,33,80,0,1923,496,1414,13
"SINDH","KARACHI WEST","50 - 54","SEPERATION",278,136,142,0,25,10,15,0,253,126,127,0
"SINDH","KARACHI WEST","50 - 54","WIDOWED",6591,5186,1405,0,456,357,99,0,6135,4829,1306,0
"SINDH","KARACHI WEST","55 - 59","DIVORCED",337,156,181,0,25,14,11,0,312,142,170,0
"SINDH","KARACHI WEST","55 - 59","MARRIED",67154,26336,40818,0,5989,2320,3669,0,61165,24016,37149,0
"SINDH","KARACHI WEST","55 - 59","NEVER MARRIED",1302,363,932,7,76,21,55,0,1226,342,877,7
"SINDH","KARACHI WEST","55 - 59","SEPERATION",222,89,133,0,18,4,14,0,204,85,119,0
"SINDH","KARACHI WEST","55 - 59","WIDOWED",8009,6189,1820,0,480,376,104,0,7529,5813,1716,0
"SINDH","KARACHI WEST","60 - 64","DIVORCED",187,74,113,0,11,6,5,0,176,68,108,0
"SINDH","KARACHI WEST","60 - 64","MARRIED",43193,15620,27573,0,3821,1330,2491,0,39372,14290,25082,0
"SINDH","KARACHI WEST","60 - 64","NEVER MARRIED",641,197,441,3,41,13,28,0,600,184,413,3
"SINDH","KARACHI WEST","60 - 64","SEPERATION",129,53,76,0,9,5,4,0,120,48,72,0
"SINDH","KARACHI WEST","60 - 64","WIDOWED",8982,6826,2156,0,595,466,129,0,8387,6360,2027,0
"SINDH","KARACHI WEST","65 - 69","DIVORCED",126,44,82,0,19,7,12,0,107,37,70,0
"SINDH","KARACHI WEST","65 - 69","MARRIED",28172,9354,18818,0,2544,828,1716,0,25628,8526,17102,0
"SINDH","KARACHI WEST","65 - 69","NEVER MARRIED",372,96,274,2,23,8,15,0,349,88,259,2
"SINDH","KARACHI WEST","65 - 69","SEPERATION",104,45,59,0,12,6,6,0,92,39,53,0
"SINDH","KARACHI WEST","65 - 69","WIDOWED",8373,6190,2183,0,517,387,130,0,7856,5803,2053,0
"SINDH","KARACHI WEST","70 - 74","DIVORCED",49,25,24,0,9,2,7,0,40,23,17,0
"SINDH","KARACHI WEST","70 - 74","MARRIED",16257,4632,11625,0,1531,416,1115,0,14726,4216,10510,0
"SINDH","KARACHI WEST","70 - 74","NEVER MARRIED",217,57,159,1,16,4,12,0,201,53,147,1
"SINDH","KARACHI WEST","70 - 74","SEPERATION",54,20,34,0,7,2,5,0,47,18,29,0
"SINDH","KARACHI WEST","70 - 74","WIDOWED",7121,5139,1982,0,477,347,130,0,6644,4792,1852,0
"SINDH","KARACHI WEST","75 & ABOVE","DIVORCED",24,9,15,0,4,0,4,0,20,9,11,0
"SINDH","KARACHI WEST","75 & ABOVE","MARRIED",10827,2881,7946,0,1054,244,810,0,9773,2637,7136,0
"SINDH","KARACHI WEST","75 & ABOVE","NEVER MARRIED",140,44,95,1,17,8,9,0,123,36,86,1
"SINDH","KARACHI WEST","75 & ABOVE","SEPERATION",31,13,18,0,5,3,2,0,26,10,16,0
"SINDH","KARACHI WEST","75 & ABOVE","WIDOWED",7506,5172,2334,0,483,335,148,0,7023,4837,2186,0
"SINDH","KASHMORE","15 &  ABOVE","DIVORCED",313,237,76,0,167,129,38,0,146,108,38,0
"SINDH","KASHMORE","15 &  ABOVE","MARRIED",450362,228455,221907,0,352022,179533,172489,0,98340,48922,49418,0
"SINDH","KASHMORE","15 &  ABOVE","NEVER MARRIED",124647,49387,75215,45,85403,31769,53613,21,39244,17618,21602,24
"SINDH","KASHMORE","15 &  ABOVE","SEPERATION",310,148,162,0,202,93,109,0,108,55,53,0
"SINDH","KASHMORE","15 &  ABOVE","WIDOWED",13544,11258,2286,0,8679,7179,1500,0,4865,4079,786,0
"SINDH","KASHMORE","15 - 19","DIVORCED",13,9,4,0,8,6,2,0,5,3,2,0
"SINDH","KASHMORE","15 - 19","MARRIED",31838,19723,12115,0,26715,16303,10412,0,5123,3420,1703,0
"SINDH","KASHMORE","15 - 19","NEVER MARRIED",86598,37229,49360,9,62668,25569,37090,9,23930,11660,12270,0
"SINDH","KASHMORE","15 - 19","SEPERATION",38,14,24,0,32,10,22,0,6,4,2,0
"SINDH","KASHMORE","15 - 19","WIDOWED",59,25,34,0,53,23,30,0,6,2,4,0
"SINDH","KASHMORE","20 - 24","DIVORCED",36,25,11,0,18,11,7,0,18,14,4,0
"SINDH","KASHMORE","20 - 24","MARRIED",65805,38020,27785,0,53232,30538,22694,0,12573,7482,5091,0
"SINDH","KASHMORE","20 - 24","NEVER MARRIED",24580,7460,17114,6,15143,3843,11297,3,9437,3617,5817,3
"SINDH","KASHMORE","20 - 24","SEPERATION",28,13,15,0,18,8,10,0,10,5,5,0
"SINDH","KASHMORE","20 - 24","WIDOWED",146,89,57,0,108,61,47,0,38,28,10,0
"SINDH","KASHMORE","25 - 29","DIVORCED",44,34,10,0,28,21,7,0,16,13,3,0
"SINDH","KASHMORE","25 - 29","MARRIED",63346,33071,30275,0,49775,26045,23730,0,13571,7026,6545,0
"SINDH","KASHMORE","25 - 29","NEVER MARRIED",8142,2962,5172,8,4540,1457,3082,1,3602,1505,2090,7
"SINDH","KASHMORE","25 - 29","SEPERATION",31,13,18,0,17,6,11,0,14,7,7,0
"SINDH","KASHMORE","25 - 29","WIDOWED",209,127,82,0,156,91,65,0,53,36,17,0
"SINDH","KASHMORE","30 - 34","DIVORCED",48,37,11,0,23,17,6,0,25,20,5,0
"SINDH","KASHMORE","30 - 34","MARRIED",58156,30237,27919,0,44355,23282,21073,0,13801,6955,6846,0
"SINDH","KASHMORE","30 - 34","NEVER MARRIED",2741,1020,1713,8,1508,490,1015,3,1233,530,698,5
"SINDH","KASHMORE","30 - 34","SEPERATION",32,12,20,0,19,6,13,0,13,6,7,0
"SINDH","KASHMORE","30 - 34","WIDOWED",311,218,93,0,197,135,62,0,114,83,31,0
"SINDH","KASHMORE","35 - 39","DIVORCED",39,32,7,0,16,15,1,0,23,17,6,0
"SINDH","KASHMORE","35 - 39","MARRIED",55502,27600,27902,0,42268,21102,21166,0,13234,6498,6736,0
"SINDH","KASHMORE","35 - 39","NEVER MARRIED",1282,353,925,4,753,198,555,0,529,155,370,4
"SINDH","KASHMORE","35 - 39","SEPERATION",23,13,10,0,11,5,6,0,12,8,4,0
"SINDH","KASHMORE","35 - 39","WIDOWED",459,349,110,0,287,211,76,0,172,138,34,0
"SINDH","KASHMORE","40 - 44","DIVORCED",40,26,14,0,19,14,5,0,21,12,9,0
"SINDH","KASHMORE","40 - 44","MARRIED",50555,24377,26178,0,38875,18920,19955,0,11680,5457,6223,0
"SINDH","KASHMORE","40 - 44","NEVER MARRIED",556,149,403,4,313,80,232,1,243,69,171,3
"SINDH","KASHMORE","40 - 44","SEPERATION",21,17,4,0,13,11,2,0,8,6,2,0
"SINDH","KASHMORE","40 - 44","WIDOWED",770,624,146,0,511,411,100,0,259,213,46,0
"SINDH","KASHMORE","45 - 49","DIVORCED",27,23,4,0,12,12,0,0,15,11,4,0
"SINDH","KASHMORE","45 - 49","MARRIED",35665,16937,18728,0,27336,13093,14243,0,8329,3844,4485,0
"SINDH","KASHMORE","45 - 49","NEVER MARRIED",294,81,212,1,161,40,121,0,133,41,91,1
"SINDH","KASHMORE","45 - 49","SEPERATION",23,10,13,0,13,6,7,0,10,4,6,0
"SINDH","KASHMORE","45 - 49","WIDOWED",974,800,174,0,601,480,121,0,373,320,53,0
"SINDH","KASHMORE","50 - 54","DIVORCED",19,17,2,0,11,9,2,0,8,8,0,0
"SINDH","KASHMORE","50 - 54","MARRIED",29816,14344,15472,0,22701,11111,11590,0,7115,3233,3882,0
"SINDH","KASHMORE","50 - 54","NEVER MARRIED",180,47,130,3,130,30,98,2,50,17,32,1
"SINDH","KASHMORE","50 - 54","SEPERATION",23,18,5,0,14,11,3,0,9,7,2,0
"SINDH","KASHMORE","50 - 54","WIDOWED",1552,1329,223,0,959,805,154,0,593,524,69,0
"SINDH","KASHMORE","55 - 59","DIVORCED",21,16,5,0,12,11,1,0,9,5,4,0
"SINDH","KASHMORE","55 - 59","MARRIED",21671,9266,12405,0,16300,7099,9201,0,5371,2167,3204,0
"SINDH","KASHMORE","55 - 59","NEVER MARRIED",94,28,66,0,63,19,44,0,31,9,22,0
"SINDH","KASHMORE","55 - 59","SEPERATION",21,11,10,0,16,9,7,0,5,2,3,0
"SINDH","KASHMORE","55 - 59","WIDOWED",1433,1184,249,0,854,710,144,0,579,474,105,0
"SINDH","KASHMORE","60 - 64","DIVORCED",10,7,3,0,6,3,3,0,4,4,0,0
"SINDH","KASHMORE","60 - 64","MARRIED",15598,6661,8937,0,12293,5327,6966,0,3305,1334,1971,0
"SINDH","KASHMORE","60 - 64","NEVER MARRIED",82,24,57,1,50,16,33,1,32,8,24,0
"SINDH","KASHMORE","60 - 64","SEPERATION",29,15,14,0,20,11,9,0,9,4,5,0
"SINDH","KASHMORE","60 - 64","WIDOWED",1919,1665,254,0,1213,1050,163,0,706,615,91,0
"SINDH","KASHMORE","65 - 69","DIVORCED",8,4,4,0,6,3,3,0,2,1,1,0
"SINDH","KASHMORE","65 - 69","MARRIED",9687,3852,5835,0,7598,3044,4554,0,2089,808,1281,0
"SINDH","KASHMORE","65 - 69","NEVER MARRIED",48,18,30,0,35,15,20,0,13,3,10,0
"SINDH","KASHMORE","65 - 69","SEPERATION",10,4,6,0,6,3,3,0,4,1,3,0
"SINDH","KASHMORE","65 - 69","WIDOWED",1701,1445,256,0,990,854,136,0,711,591,120,0
"SINDH","KASHMORE","70 - 74","DIVORCED",2,2,0,0,2,2,0,0,0,0,0,0
"SINDH","KASHMORE","70 - 74","MARRIED",6980,2571,4409,0,5716,2146,3570,0,1264,425,839,0
"SINDH","KASHMORE","70 - 74","NEVER MARRIED",24,11,13,0,19,8,11,0,5,3,2,0
"SINDH","KASHMORE","70 - 74","SEPERATION",11,5,6,0,9,4,5,0,2,1,1,0
"SINDH","KASHMORE","70 - 74","WIDOWED",1796,1535,261,0,1181,1016,165,0,615,519,96,0
"SINDH","KASHMORE","75 & ABOVE","DIVORCED",6,5,1,0,6,5,1,0,0,0,0,0
"SINDH","KASHMORE","75 & ABOVE","MARRIED",5743,1796,3947,0,4858,1523,3335,0,885,273,612,0
"SINDH","KASHMORE","75 & ABOVE","NEVER MARRIED",26,5,20,1,20,4,15,1,6,1,5,0
"SINDH","KASHMORE","75 & ABOVE","SEPERATION",20,3,17,0,14,3,11,0,6,0,6,0
"SINDH","KASHMORE","75 & ABOVE","WIDOWED",2215,1868,347,0,1569,1332,237,0,646,536,110,0
"SINDH","KEAMARI","15 &  ABOVE","DIVORCED",4824,3125,1699,0,0,0,0,0,4824,3125,1699,0
"SINDH","KEAMARI","15 &  ABOVE","MARRIED",807956,394031,413925,0,0,0,0,0,807956,394031,413925,0
"SINDH","KEAMARI","15 &  ABOVE","NEVER MARRIED",418893,159448,259243,202,0,0,0,0,418893,159448,259243,202
"SINDH","KEAMARI","15 &  ABOVE","SEPERATION",1868,1000,868,0,0,0,0,0,1868,1000,868,0
"SINDH","KEAMARI","15 &  ABOVE","WIDOWED",38140,28709,9431,0,0,0,0,0,38140,28709,9431,0
"SINDH","KEAMARI","15 - 19","DIVORCED",75,66,9,0,0,0,0,0,75,66,9,0
"SINDH","KEAMARI","15 - 19","MARRIED",15432,11966,3466,0,0,0,0,0,15432,11966,3466,0
"SINDH","KEAMARI","15 - 19","NEVER MARRIED",206772,90651,116100,21,0,0,0,0,206772,90651,116100,21
"SINDH","KEAMARI","15 - 19","SEPERATION",52,36,16,0,0,0,0,0,52,36,16,0
"SINDH","KEAMARI","15 - 19","WIDOWED",46,34,12,0,0,0,0,0,46,34,12,0
"SINDH","KEAMARI","20 - 24","DIVORCED",462,391,71,0,0,0,0,0,462,391,71,0
"SINDH","KEAMARI","20 - 24","MARRIED",71426,48783,22643,0,0,0,0,0,71426,48783,22643,0
"SINDH","KEAMARI","20 - 24","NEVER MARRIED",116695,40707,75960,28,0,0,0,0,116695,40707,75960,28
"SINDH","KEAMARI","20 - 24","SEPERATION",159,102,57,0,0,0,0,0,159,102,57,0
"SINDH","KEAMARI","20 - 24","WIDOWED",236,165,71,0,0,0,0,0,236,165,71,0
"SINDH","KEAMARI","25 - 29","DIVORCED",761,542,219,0,0,0,0,0,761,542,219,0
"SINDH","KEAMARI","25 - 29","MARRIED",117044,66574,50470,0,0,0,0,0,117044,66574,50470,0
"SINDH","KEAMARI","25 - 29","NEVER MARRIED",52610,15104,37469,37,0,0,0,0,52610,15104,37469,37
"SINDH","KEAMARI","25 - 29","SEPERATION",249,148,101,0,0,0,0,0,249,148,101,0
"SINDH","KEAMARI","25 - 29","WIDOWED",527,339,188,0,0,0,0,0,527,339,188,0
"SINDH","KEAMARI","30 - 34","DIVORCED",836,521,315,0,0,0,0,0,836,521,315,0
"SINDH","KEAMARI","30 - 34","MARRIED",122842,62504,60338,0,0,0,0,0,122842,62504,60338,0
"SINDH","KEAMARI","30 - 34","NEVER MARRIED",19866,5387,14458,21,0,0,0,0,19866,5387,14458,21
"SINDH","KEAMARI","30 - 34","SEPERATION",268,150,118,0,0,0,0,0,268,150,118,0
"SINDH","KEAMARI","30 - 34","WIDOWED",883,610,273,0,0,0,0,0,883,610,273,0
"SINDH","KEAMARI","35 - 39","DIVORCED",841,536,305,0,0,0,0,0,841,536,305,0
"SINDH","KEAMARI","35 - 39","MARRIED",119696,57085,62611,0,0,0,0,0,119696,57085,62611,0
"SINDH","KEAMARI","35 - 39","NEVER MARRIED",10186,2997,7147,42,0,0,0,0,10186,2997,7147,42
"SINDH","KEAMARI","35 - 39","SEPERATION",314,150,164,0,0,0,0,0,314,150,164,0
"SINDH","KEAMARI","35 - 39","WIDOWED",1342,981,361,0,0,0,0,0,1342,981,361,0
"SINDH","KEAMARI","40 - 44","DIVORCED",623,355,268,0,0,0,0,0,623,355,268,0
"SINDH","KEAMARI","40 - 44","MARRIED",103967,45887,58080,0,0,0,0,0,103967,45887,58080,0
"SINDH","KEAMARI","40 - 44","NEVER MARRIED",5309,1761,3535,13,0,0,0,0,5309,1761,3535,13
"SINDH","KEAMARI","40 - 44","SEPERATION",222,119,103,0,0,0,0,0,222,119,103,0
"SINDH","KEAMARI","40 - 44","WIDOWED",2197,1681,516,0,0,0,0,0,2197,1681,516,0
"SINDH","KEAMARI","45 - 49","DIVORCED",455,275,180,0,0,0,0,0,455,275,180,0
"SINDH","KEAMARI","45 - 49","MARRIED",82912,35825,47087,0,0,0,0,0,82912,35825,47087,0
"SINDH","KEAMARI","45 - 49","NEVER MARRIED",3151,1138,2007,6,0,0,0,0,3151,1138,2007,6
"SINDH","KEAMARI","45 - 49","SEPERATION",203,111,92,0,0,0,0,0,203,111,92,0
"SINDH","KEAMARI","45 - 49","WIDOWED",3022,2401,621,0,0,0,0,0,3022,2401,621,0
"SINDH","KEAMARI","50 - 54","DIVORCED",322,180,142,0,0,0,0,0,322,180,142,0
"SINDH","KEAMARI","50 - 54","MARRIED",58752,23843,34909,0,0,0,0,0,58752,23843,34909,0
"SINDH","KEAMARI","50 - 54","NEVER MARRIED",1633,630,993,10,0,0,0,0,1633,630,993,10
"SINDH","KEAMARI","50 - 54","SEPERATION",134,66,68,0,0,0,0,0,134,66,68,0
"SINDH","KEAMARI","50 - 54","WIDOWED",4035,3186,849,0,0,0,0,0,4035,3186,849,0
"SINDH","KEAMARI","55 - 59","DIVORCED",194,107,87,0,0,0,0,0,194,107,87,0
"SINDH","KEAMARI","55 - 59","MARRIED",46638,18418,28220,0,0,0,0,0,46638,18418,28220,0
"SINDH","KEAMARI","55 - 59","NEVER MARRIED",1121,443,668,10,0,0,0,0,1121,443,668,10
"SINDH","KEAMARI","55 - 59","SEPERATION",102,55,47,0,0,0,0,0,102,55,47,0
"SINDH","KEAMARI","55 - 59","WIDOWED",5076,3974,1102,0,0,0,0,0,5076,3974,1102,0
"SINDH","KEAMARI","60 - 64","DIVORCED",119,70,49,0,0,0,0,0,119,70,49,0
"SINDH","KEAMARI","60 - 64","MARRIED",29445,10748,18697,0,0,0,0,0,29445,10748,18697,0
"SINDH","KEAMARI","60 - 64","NEVER MARRIED",681,301,371,9,0,0,0,0,681,301,371,9
"SINDH","KEAMARI","60 - 64","SEPERATION",69,28,41,0,0,0,0,0,69,28,41,0
"SINDH","KEAMARI","60 - 64","WIDOWED",5405,4146,1259,0,0,0,0,0,5405,4146,1259,0
"SINDH","KEAMARI","65 - 69","DIVORCED",81,45,36,0,0,0,0,0,81,45,36,0
"SINDH","KEAMARI","65 - 69","MARRIED",20582,6841,13741,0,0,0,0,0,20582,6841,13741,0
"SINDH","KEAMARI","65 - 69","NEVER MARRIED",476,192,283,1,0,0,0,0,476,192,283,1
"SINDH","KEAMARI","65 - 69","SEPERATION",49,19,30,0,0,0,0,0,49,19,30,0
"SINDH","KEAMARI","65 - 69","WIDOWED",5581,4136,1445,0,0,0,0,0,5581,4136,1445,0
"SINDH","KEAMARI","70 - 74","DIVORCED",34,21,13,0,0,0,0,0,34,21,13,0
"SINDH","KEAMARI","70 - 74","MARRIED",11556,3412,8144,0,0,0,0,0,11556,3412,8144,0
"SINDH","KEAMARI","70 - 74","NEVER MARRIED",217,76,138,3,0,0,0,0,217,76,138,3
"SINDH","KEAMARI","70 - 74","SEPERATION",29,9,20,0,0,0,0,0,29,9,20,0
"SINDH","KEAMARI","70 - 74","WIDOWED",4739,3482,1257,0,0,0,0,0,4739,3482,1257,0
"SINDH","KEAMARI","75 & ABOVE","DIVORCED",21,16,5,0,0,0,0,0,21,16,5,0
"SINDH","KEAMARI","75 & ABOVE","MARRIED",7664,2145,5519,0,0,0,0,0,7664,2145,5519,0
"SINDH","KEAMARI","75 & ABOVE","NEVER MARRIED",176,61,114,1,0,0,0,0,176,61,114,1
"SINDH","KEAMARI","75 & ABOVE","SEPERATION",18,7,11,0,0,0,0,0,18,7,11,0
"SINDH","KEAMARI","75 & ABOVE","WIDOWED",5051,3574,1477,0,0,0,0,0,5051,3574,1477,0
"SINDH","KHAIRPUR","15 &  ABOVE","DIVORCED",2669,1752,917,0,1463,956,507,0,1206,796,410,0
"SINDH","KHAIRPUR","15 &  ABOVE","MARRIED",952574,478384,474190,0,638520,321212,317308,0,314054,157172,156882,0
"SINDH","KHAIRPUR","15 &  ABOVE","NEVER MARRIED",392173,166748,225297,128,245923,103733,142155,35,146250,63015,83142,93
"SINDH","KHAIRPUR","15 &  ABOVE","SEPERATION",2096,1249,847,0,1465,901,564,0,631,348,283,0
"SINDH","KHAIRPUR","15 &  ABOVE","WIDOWED",56168,44292,11876,0,36186,28490,7696,0,19982,15802,4180,0
"SINDH","KHAIRPUR","15 - 19","DIVORCED",88,56,32,0,58,41,17,0,30,15,15,0
"SINDH","KHAIRPUR","15 - 19","MARRIED",41147,26923,14224,0,29974,19395,10579,0,11173,7528,3645,0
"SINDH","KHAIRPUR","15 - 19","NEVER MARRIED",221700,100851,120820,29,144818,65458,79349,11,76882,35393,41471,18
"SINDH","KHAIRPUR","15 - 19","SEPERATION",72,32,40,0,42,19,23,0,30,13,17,0
"SINDH","KHAIRPUR","15 - 19","WIDOWED",127,64,63,0,94,44,50,0,33,20,13,0
"SINDH","KHAIRPUR","20 - 24","DIVORCED",268,179,89,0,156,102,54,0,112,77,35,0
"SINDH","KHAIRPUR","20 - 24","MARRIED",118610,71353,47257,0,83445,49667,33778,0,35165,21686,13479,0
"SINDH","KHAIRPUR","20 - 24","NEVER MARRIED",93095,34927,58149,19,56116,20393,35717,6,36979,14534,22432,13
"SINDH","KHAIRPUR","20 - 24","SEPERATION",167,94,73,0,122,69,53,0,45,25,20,0
"SINDH","KHAIRPUR","20 - 24","WIDOWED",447,276,171,0,316,192,124,0,131,84,47,0
"SINDH","KHAIRPUR","25 - 29","DIVORCED",350,230,120,0,181,113,68,0,169,117,52,0
"SINDH","KHAIRPUR","25 - 29","MARRIED",133714,70663,63051,0,90499,47191,43308,0,43215,23472,19743,0
"SINDH","KHAIRPUR","25 - 29","NEVER MARRIED",40166,15789,24360,17,23370,9049,14316,5,16796,6740,10044,12
"SINDH","KHAIRPUR","25 - 29","SEPERATION",233,144,89,0,164,102,62,0,69,42,27,0
"SINDH","KHAIRPUR","25 - 29","WIDOWED",786,507,279,0,518,333,185,0,268,174,94,0
"SINDH","KHAIRPUR","30 - 34","DIVORCED",420,286,134,0,218,151,67,0,202,135,67,0
"SINDH","KHAIRPUR","30 - 34","MARRIED",131370,68555,62815,0,87187,45348,41839,0,44183,23207,20976,0
"SINDH","KHAIRPUR","30 - 34","NEVER MARRIED",16404,7151,9238,15,9284,4111,5168,5,7120,3040,4070,10
"SINDH","KHAIRPUR","30 - 34","SEPERATION",215,135,80,0,141,93,48,0,74,42,32,0
"SINDH","KHAIRPUR","30 - 34","WIDOWED",1334,929,405,0,902,627,275,0,432,302,130,0
"SINDH","KHAIRPUR","35 - 39","DIVORCED",422,264,158,0,226,142,84,0,196,122,74,0
"SINDH","KHAIRPUR","35 - 39","MARRIED",128053,62877,65176,0,84061,41387,42674,0,43992,21490,22502,0
"SINDH","KHAIRPUR","35 - 39","NEVER MARRIED",8983,3234,5737,12,5279,1901,3377,1,3704,1333,2360,11
"SINDH","KHAIRPUR","35 - 39","SEPERATION",266,154,112,0,191,115,76,0,75,39,36,0
"SINDH","KHAIRPUR","35 - 39","WIDOWED",2186,1591,595,0,1445,1053,392,0,741,538,203,0
"SINDH","KHAIRPUR","40 - 44","DIVORCED",337,224,113,0,181,118,63,0,156,106,50,0
"SINDH","KHAIRPUR","40 - 44","MARRIED",113499,54085,59414,0,74961,35840,39121,0,38538,18245,20293,0
"SINDH","KHAIRPUR","40 - 44","NEVER MARRIED",4682,1823,2849,10,2748,1103,1643,2,1934,720,1206,8
"SINDH","KHAIRPUR","40 - 44","SEPERATION",280,175,105,0,206,134,72,0,74,41,33,0
"SINDH","KHAIRPUR","40 - 44","WIDOWED",3573,2809,764,0,2323,1811,512,0,1250,998,252,0
"SINDH","KHAIRPUR","45 - 49","DIVORCED",244,156,88,0,130,81,49,0,114,75,39,0
"SINDH","KHAIRPUR","45 - 49","MARRIED",84221,40453,43768,0,54578,26491,28087,0,29643,13962,15681,0
"SINDH","KHAIRPUR","45 - 49","NEVER MARRIED",2803,1106,1686,11,1713,656,1056,1,1090,450,630,10
"SINDH","KHAIRPUR","45 - 49","SEPERATION",241,144,97,0,174,108,66,0,67,36,31,0
"SINDH","KHAIRPUR","45 - 49","WIDOWED",4544,3663,881,0,2915,2340,575,0,1629,1323,306,0
"SINDH","KHAIRPUR","50 - 54","DIVORCED",195,119,76,0,109,66,43,0,86,53,33,0
"SINDH","KHAIRPUR","50 - 54","MARRIED",72178,32539,39639,0,47591,21646,25945,0,24587,10893,13694,0
"SINDH","KHAIRPUR","50 - 54","NEVER MARRIED",1577,701,870,6,939,420,518,1,638,281,352,5
"SINDH","KHAIRPUR","50 - 54","SEPERATION",210,135,75,0,136,88,48,0,74,47,27,0
"SINDH","KHAIRPUR","50 - 54","WIDOWED",6743,5528,1215,0,4302,3526,776,0,2441,2002,439,0
"SINDH","KHAIRPUR","55 - 59","DIVORCED",151,99,52,0,83,55,28,0,68,44,24,0
"SINDH","KHAIRPUR","55 - 59","MARRIED",51884,20770,31114,0,33840,13697,20143,0,18044,7073,10971,0
"SINDH","KHAIRPUR","55 - 59","NEVER MARRIED",1138,470,662,6,680,275,402,3,458,195,260,3
"SINDH","KHAIRPUR","55 - 59","SEPERATION",156,91,65,0,99,62,37,0,57,29,28,0
"SINDH","KHAIRPUR","55 - 59","WIDOWED",6721,5361,1360,0,4137,3293,844,0,2584,2068,516,0
"SINDH","KHAIRPUR","60 - 64","DIVORCED",91,61,30,0,54,39,15,0,37,22,15,0
"SINDH","KHAIRPUR","60 - 64","MARRIED",31761,12791,18970,0,20840,8597,12243,0,10921,4194,6727,0
"SINDH","KHAIRPUR","60 - 64","NEVER MARRIED",708,324,382,2,392,165,227,0,316,159,155,2
"SINDH","KHAIRPUR","60 - 64","SEPERATION",101,59,42,0,69,42,27,0,32,17,15,0
"SINDH","KHAIRPUR","60 - 64","WIDOWED",7001,5626,1375,0,4406,3530,876,0,2595,2096,499,0
"SINDH","KHAIRPUR","65 - 69","DIVORCED",54,41,13,0,29,21,8,0,25,20,5,0
"SINDH","KHAIRPUR","65 - 69","MARRIED",21046,8650,12396,0,14043,5845,8198,0,7003,2805,4198,0
"SINDH","KHAIRPUR","65 - 69","NEVER MARRIED",391,176,215,0,228,95,133,0,163,81,82,0
"SINDH","KHAIRPUR","65 - 69","SEPERATION",72,47,25,0,56,37,19,0,16,10,6,0
"SINDH","KHAIRPUR","65 - 69","WIDOWED",7035,5671,1364,0,4438,3591,847,0,2597,2080,517,0
"SINDH","KHAIRPUR","70 - 74","DIVORCED",33,23,10,0,25,16,9,0,8,7,1,0
"SINDH","KHAIRPUR","70 - 74","MARRIED",14734,5349,9385,0,10135,3727,6408,0,4599,1622,2977,0
"SINDH","KHAIRPUR","70 - 74","NEVER MARRIED",299,113,185,1,188,59,129,0,111,54,56,1
"SINDH","KHAIRPUR","70 - 74","SEPERATION",47,24,23,0,38,21,17,0,9,3,6,0
"SINDH","KHAIRPUR","70 - 74","WIDOWED",7170,5666,1504,0,4668,3690,978,0,2502,1976,526,0
"SINDH","KHAIRPUR","75 & ABOVE","DIVORCED",16,14,2,0,13,11,2,0,3,3,0,0
"SINDH","KHAIRPUR","75 & ABOVE","MARRIED",10357,3376,6981,0,7366,2381,4985,0,2991,995,1996,0
"SINDH","KHAIRPUR","75 & ABOVE","NEVER MARRIED",227,83,144,0,168,48,120,0,59,35,24,0
"SINDH","KHAIRPUR","75 & ABOVE","SEPERATION",36,15,21,0,27,11,16,0,9,4,5,0
"SINDH","KHAIRPUR","75 & ABOVE","WIDOWED",8501,6601,1900,0,5722,4460,1262,0,2779,2141,638,0
"SINDH","KORANGI","15 &  ABOVE","DIVORCED",10284,6483,3801,0,0,0,0,0,10284,6483,3801,0
"SINDH","KORANGI","15 &  ABOVE","MARRIED",1179974,583764,596210,0,0,0,0,0,1179974,583764,596210,0
"SINDH","KORANGI","15 &  ABOVE","NEVER MARRIED",669130,259044,409445,641,0,0,0,0,669130,259044,409445,641
"SINDH","KORANGI","15 &  ABOVE","SEPERATION",3729,1851,1878,0,0,0,0,0,3729,1851,1878,0
"SINDH","KORANGI","15 &  ABOVE","WIDOWED",69644,52554,17090,0,0,0,0,0,69644,52554,17090,0
"SINDH","KORANGI","15 - 19","DIVORCED",108,89,19,0,0,0,0,0,108,89,19,0
"SINDH","KORANGI","15 - 19","MARRIED",13790,10711,3079,0,0,0,0,0,13790,10711,3079,0
"SINDH","KORANGI","15 - 19","NEVER MARRIED",311309,136095,175132,82,0,0,0,0,311309,136095,175132,82
"SINDH","KORANGI","15 - 19","SEPERATION",76,42,34,0,0,0,0,0,76,42,34,0
"SINDH","KORANGI","15 - 19","WIDOWED",44,25,19,0,0,0,0,0,44,25,19,0
"SINDH","KORANGI","20 - 24","DIVORCED",596,459,137,0,0,0,0,0,596,459,137,0
"SINDH","KORANGI","20 - 24","MARRIED",76513,55475,21038,0,0,0,0,0,76513,55475,21038,0
"SINDH","KORANGI","20 - 24","NEVER MARRIED",178756,68288,110368,100,0,0,0,0,178756,68288,110368,100
"SINDH","KORANGI","20 - 24","SEPERATION",190,114,76,0,0,0,0,0,190,114,76,0
"SINDH","KORANGI","20 - 24","WIDOWED",278,182,96,0,0,0,0,0,278,182,96,0
"SINDH","KORANGI","25 - 29","DIVORCED",1302,895,407,0,0,0,0,0,1302,895,407,0
"SINDH","KORANGI","25 - 29","MARRIED",149056,90885,58171,0,0,0,0,0,149056,90885,58171,0
"SINDH","KORANGI","25 - 29","NEVER MARRIED",91269,27961,63195,113,0,0,0,0,91269,27961,63195,113
"SINDH","KORANGI","25 - 29","SEPERATION",408,219,189,0,0,0,0,0,408,219,189,0
"SINDH","KORANGI","25 - 29","WIDOWED",663,437,226,0,0,0,0,0,663,437,226,0
"SINDH","KORANGI","30 - 34","DIVORCED",1711,1146,565,0,0,0,0,0,1711,1146,565,0
"SINDH","KORANGI","30 - 34","MARRIED",179090,94910,84180,0,0,0,0,0,179090,94910,84180,0
"SINDH","KORANGI","30 - 34","NEVER MARRIED",39244,10782,28357,105,0,0,0,0,39244,10782,28357,105
"SINDH","KORANGI","30 - 34","SEPERATION",530,262,268,0,0,0,0,0,530,262,268,0
"SINDH","KORANGI","30 - 34","WIDOWED",1254,831,423,0,0,0,0,0,1254,831,423,0
"SINDH","KORANGI","35 - 39","DIVORCED",1736,1058,678,0,0,0,0,0,1736,1058,678,0
"SINDH","KORANGI","35 - 39","MARRIED",180552,89049,91503,0,0,0,0,0,180552,89049,91503,0
"SINDH","KORANGI","35 - 39","NEVER MARRIED",20783,6101,14585,97,0,0,0,0,20783,6101,14585,97
"SINDH","KORANGI","35 - 39","SEPERATION",613,281,332,0,0,0,0,0,613,281,332,0
"SINDH","KORANGI","35 - 39","WIDOWED",2138,1546,592,0,0,0,0,0,2138,1546,592,0
"SINDH","KORANGI","40 - 44","DIVORCED",1596,951,645,0,0,0,0,0,1596,951,645,0
"SINDH","KORANGI","40 - 44","MARRIED",159143,72803,86340,0,0,0,0,0,159143,72803,86340,0
"SINDH","KORANGI","40 - 44","NEVER MARRIED",11351,3607,7696,48,0,0,0,0,11351,3607,7696,48
"SINDH","KORANGI","40 - 44","SEPERATION",517,252,265,0,0,0,0,0,517,252,265,0
"SINDH","KORANGI","40 - 44","WIDOWED",3683,2718,965,0,0,0,0,0,3683,2718,965,0
"SINDH","KORANGI","45 - 49","DIVORCED",1280,762,518,0,0,0,0,0,1280,762,518,0
"SINDH","KORANGI","45 - 49","MARRIED",128317,56891,71426,0,0,0,0,0,128317,56891,71426,0
"SINDH","KORANGI","45 - 49","NEVER MARRIED",7081,2423,4619,39,0,0,0,0,7081,2423,4619,39
"SINDH","KORANGI","45 - 49","SEPERATION",472,231,241,0,0,0,0,0,472,231,241,0
"SINDH","KORANGI","45 - 49","WIDOWED",5119,3983,1136,0,0,0,0,0,5119,3983,1136,0
"SINDH","KORANGI","50 - 54","DIVORCED",731,403,328,0,0,0,0,0,731,403,328,0
"SINDH","KORANGI","50 - 54","MARRIED",96564,40580,55984,0,0,0,0,0,96564,40580,55984,0
"SINDH","KORANGI","50 - 54","NEVER MARRIED",3725,1392,2305,28,0,0,0,0,3725,1392,2305,28
"SINDH","KORANGI","50 - 54","SEPERATION",305,157,148,0,0,0,0,0,305,157,148,0
"SINDH","KORANGI","50 - 54","WIDOWED",7259,5782,1477,0,0,0,0,0,7259,5782,1477,0
"SINDH","KORANGI","55 - 59","DIVORCED",566,352,214,0,0,0,0,0,566,352,214,0
"SINDH","KORANGI","55 - 59","MARRIED",78907,32036,46871,0,0,0,0,0,78907,32036,46871,0
"SINDH","KORANGI","55 - 59","NEVER MARRIED",2653,1093,1549,11,0,0,0,0,2653,1093,1549,11
"SINDH","KORANGI","55 - 59","SEPERATION",284,152,132,0,0,0,0,0,284,152,132,0
"SINDH","KORANGI","55 - 59","WIDOWED",9468,7444,2024,0,0,0,0,0,9468,7444,2024,0
"SINDH","KORANGI","60 - 64","DIVORCED",346,195,151,0,0,0,0,0,346,195,151,0
"SINDH","KORANGI","60 - 64","MARRIED",52612,19435,33177,0,0,0,0,0,52612,19435,33177,0
"SINDH","KORANGI","60 - 64","NEVER MARRIED",1431,622,798,11,0,0,0,0,1431,622,798,11
"SINDH","KORANGI","60 - 64","SEPERATION",150,73,77,0,0,0,0,0,150,73,77,0
"SINDH","KORANGI","60 - 64","WIDOWED",10746,8308,2438,0,0,0,0,0,10746,8308,2438,0
"SINDH","KORANGI","65 - 69","DIVORCED",186,99,87,0,0,0,0,0,186,99,87,0
"SINDH","KORANGI","65 - 69","MARRIED",34221,11653,22568,0,0,0,0,0,34221,11653,22568,0
"SINDH","KORANGI","65 - 69","NEVER MARRIED",830,390,438,2,0,0,0,0,830,390,438,2
"SINDH","KORANGI","65 - 69","SEPERATION",93,35,58,0,0,0,0,0,93,35,58,0
"SINDH","KORANGI","65 - 69","WIDOWED",10543,7956,2587,0,0,0,0,0,10543,7956,2587,0
"SINDH","KORANGI","70 - 74","DIVORCED",77,47,30,0,0,0,0,0,77,47,30,0
"SINDH","KORANGI","70 - 74","MARRIED",18973,5770,13203,0,0,0,0,0,18973,5770,13203,0
"SINDH","KORANGI","70 - 74","NEVER MARRIED",406,179,226,1,0,0,0,0,406,179,226,1
"SINDH","KORANGI","70 - 74","SEPERATION",59,25,34,0,0,0,0,0,59,25,34,0
"SINDH","KORANGI","70 - 74","WIDOWED",8857,6433,2424,0,0,0,0,0,8857,6433,2424,0
"SINDH","KORANGI","75 & ABOVE","DIVORCED",49,27,22,0,0,0,0,0,49,27,22,0
"SINDH","KORANGI","75 & ABOVE","MARRIED",12236,3566,8670,0,0,0,0,0,12236,3566,8670,0
"SINDH","KORANGI","75 & ABOVE","NEVER MARRIED",292,111,177,4,0,0,0,0,292,111,177,4
"SINDH","KORANGI","75 & ABOVE","SEPERATION",32,8,24,0,0,0,0,0,32,8,24,0
"SINDH","KORANGI","75 & ABOVE","WIDOWED",9592,6909,2683,0,0,0,0,0,9592,6909,2683,0
"SINDH","LARKANA","15 &  ABOVE","DIVORCED",1097,736,361,0,490,346,144,0,607,390,217,0
"SINDH","LARKANA","15 &  ABOVE","MARRIED",653778,328765,325013,0,356675,179509,177166,0,297103,149256,147847,0
"SINDH","LARKANA","15 &  ABOVE","NEVER MARRIED",310433,124622,185698,113,156131,62409,93694,28,154302,62213,92004,85
"SINDH","LARKANA","15 &  ABOVE","SEPERATION",1021,474,547,0,528,270,258,0,493,204,289,0
"SINDH","LARKANA","15 &  ABOVE","WIDOWED",34231,26986,7245,0,18684,14621,4063,0,15547,12365,3182,0
"SINDH","LARKANA","15 - 19","DIVORCED",35,26,9,0,17,14,3,0,18,12,6,0
"SINDH","LARKANA","15 - 19","MARRIED",22339,15268,7071,0,13940,9343,4597,0,8399,5925,2474,0
"SINDH","LARKANA","15 - 19","NEVER MARRIED",171028,74181,96828,19,92888,40069,52813,6,78140,34112,44015,13
"SINDH","LARKANA","15 - 19","SEPERATION",29,12,17,0,21,10,11,0,8,2,6,0
"SINDH","LARKANA","15 - 19","WIDOWED",84,47,37,0,58,31,27,0,26,16,10,0
"SINDH","LARKANA","20 - 24","DIVORCED",97,75,22,0,47,40,7,0,50,35,15,0
"SINDH","LARKANA","20 - 24","MARRIED",78186,48160,30026,0,46129,27918,18211,0,32057,20242,11815,0
"SINDH","LARKANA","20 - 24","NEVER MARRIED",78479,28955,49506,18,37877,13356,24519,2,40602,15599,24987,16
"SINDH","LARKANA","20 - 24","SEPERATION",67,24,43,0,36,11,25,0,31,13,18,0
"SINDH","LARKANA","20 - 24","WIDOWED",225,114,111,0,142,62,80,0,83,52,31,0
"SINDH","LARKANA","25 - 29","DIVORCED",153,101,52,0,78,53,25,0,75,48,27,0
"SINDH","LARKANA","25 - 29","MARRIED",90223,48077,42146,0,49092,25471,23621,0,41131,22606,18525,0
"SINDH","LARKANA","25 - 29","NEVER MARRIED",32886,11242,21627,17,13894,4529,9362,3,18992,6713,12265,14
"SINDH","LARKANA","25 - 29","SEPERATION",86,42,44,0,40,18,22,0,46,24,22,0
"SINDH","LARKANA","25 - 29","WIDOWED",432,245,187,0,268,146,122,0,164,99,65,0
"SINDH","LARKANA","30 - 34","DIVORCED",164,114,50,0,65,47,18,0,99,67,32,0
"SINDH","LARKANA","30 - 34","MARRIED",91912,48379,43533,0,48993,25817,23176,0,42919,22562,20357,0
"SINDH","LARKANA","30 - 34","NEVER MARRIED",13516,4776,8722,18,5518,2126,3388,4,7998,2650,5334,14
"SINDH","LARKANA","30 - 34","SEPERATION",106,47,59,0,49,25,24,0,57,22,35,0
"SINDH","LARKANA","30 - 34","WIDOWED",748,492,256,0,445,294,151,0,303,198,105,0
"SINDH","LARKANA","35 - 39","DIVORCED",165,111,54,0,66,46,20,0,99,65,34,0
"SINDH","LARKANA","35 - 39","MARRIED",91008,44582,46426,0,48406,23780,24626,0,42602,20802,21800,0
"SINDH","LARKANA","35 - 39","NEVER MARRIED",6685,2427,4244,14,2733,1018,1712,3,3952,1409,2532,11
"SINDH","LARKANA","35 - 39","SEPERATION",153,68,85,0,74,43,31,0,79,25,54,0
"SINDH","LARKANA","35 - 39","WIDOWED",1327,920,407,0,699,463,236,0,628,457,171,0
"SINDH","LARKANA","40 - 44","DIVORCED",149,97,52,0,66,46,20,0,83,51,32,0
"SINDH","LARKANA","40 - 44","MARRIED",77163,36961,40202,0,41494,19851,21643,0,35669,17110,18559,0
"SINDH","LARKANA","40 - 44","NEVER MARRIED",3402,1259,2126,17,1334,518,808,8,2068,741,1318,9
"SINDH","LARKANA","40 - 44","SEPERATION",134,71,63,0,61,34,27,0,73,37,36,0
"SINDH","LARKANA","40 - 44","WIDOWED",2055,1619,436,0,1135,876,259,0,920,743,177,0
"SINDH","LARKANA","45 - 49","DIVORCED",125,74,51,0,55,35,20,0,70,39,31,0
"SINDH","LARKANA","45 - 49","MARRIED",61732,29136,32596,0,32386,15460,16926,0,29346,13676,15670,0
"SINDH","LARKANA","45 - 49","NEVER MARRIED",2007,739,1263,5,793,326,467,0,1214,413,796,5
"SINDH","LARKANA","45 - 49","SEPERATION",133,67,66,0,61,37,24,0,72,30,42,0
"SINDH","LARKANA","45 - 49","WIDOWED",2832,2307,525,0,1490,1212,278,0,1342,1095,247,0
"SINDH","LARKANA","50 - 54","DIVORCED",63,40,23,0,27,20,7,0,36,20,16,0
"SINDH","LARKANA","50 - 54","MARRIED",48348,21628,26720,0,25884,11756,14128,0,22464,9872,12592,0
"SINDH","LARKANA","50 - 54","NEVER MARRIED",1073,434,636,3,458,182,274,2,615,252,362,1
"SINDH","LARKANA","50 - 54","SEPERATION",82,37,45,0,43,21,22,0,39,16,23,0
"SINDH","LARKANA","50 - 54","WIDOWED",3893,3231,662,0,2127,1736,391,0,1766,1495,271,0
"SINDH","LARKANA","55 - 59","DIVORCED",71,43,28,0,32,20,12,0,39,23,16,0
"SINDH","LARKANA","55 - 59","MARRIED",37009,15541,21468,0,19619,8380,11239,0,17390,7161,10229,0
"SINDH","LARKANA","55 - 59","NEVER MARRIED",596,258,338,0,271,124,147,0,325,134,191,0
"SINDH","LARKANA","55 - 59","SEPERATION",86,42,44,0,61,34,27,0,25,8,17,0
"SINDH","LARKANA","55 - 59","WIDOWED",4600,3689,911,0,2385,1907,478,0,2215,1782,433,0
"SINDH","LARKANA","60 - 64","DIVORCED",32,22,10,0,21,13,8,0,11,9,2,0
"SINDH","LARKANA","60 - 64","MARRIED",24061,9622,14439,0,12881,5327,7554,0,11180,4295,6885,0
"SINDH","LARKANA","60 - 64","NEVER MARRIED",350,151,198,1,172,71,101,0,178,80,97,1
"SINDH","LARKANA","60 - 64","SEPERATION",51,21,30,0,25,9,16,0,26,12,14,0
"SINDH","LARKANA","60 - 64","WIDOWED",4703,3804,899,0,2469,1992,477,0,2234,1812,422,0
"SINDH","LARKANA","65 - 69","DIVORCED",21,18,3,0,9,6,3,0,12,12,0,0
"SINDH","LARKANA","65 - 69","MARRIED",15391,5999,9392,0,8517,3379,5138,0,6874,2620,4254,0
"SINDH","LARKANA","65 - 69","NEVER MARRIED",208,102,105,1,92,40,52,0,116,62,53,1
"SINDH","LARKANA","65 - 69","SEPERATION",37,19,18,0,24,14,10,0,13,5,8,0
"SINDH","LARKANA","65 - 69","WIDOWED",4679,3744,935,0,2590,2083,507,0,2089,1661,428,0
"SINDH","LARKANA","70 - 74","DIVORCED",11,10,1,0,3,3,0,0,8,7,1,0
"SINDH","LARKANA","70 - 74","MARRIED",9740,3350,6390,0,5496,1905,3591,0,4244,1445,2799,0
"SINDH","LARKANA","70 - 74","NEVER MARRIED",108,57,51,0,50,25,25,0,58,32,26,0
"SINDH","LARKANA","70 - 74","SEPERATION",27,13,14,0,15,7,8,0,12,6,6,0
"SINDH","LARKANA","70 - 74","WIDOWED",4066,3206,860,0,2335,1816,519,0,1731,1390,341,0
"SINDH","LARKANA","75 & ABOVE","DIVORCED",11,5,6,0,4,3,1,0,7,2,5,0
"SINDH","LARKANA","75 & ABOVE","MARRIED",6666,2062,4604,0,3838,1122,2716,0,2828,940,1888,0
"SINDH","LARKANA","75 & ABOVE","NEVER MARRIED",95,41,54,0,51,25,26,0,44,16,28,0
"SINDH","LARKANA","75 & ABOVE","SEPERATION",30,11,19,0,18,7,11,0,12,4,8,0
"SINDH","LARKANA","75 & ABOVE","WIDOWED",4587,3568,1019,0,2541,2003,538,0,2046,1565,481,0
"SINDH","MALIR","15 &  ABOVE","DIVORCED",4731,3117,1614,0,2390,1564,826,0,2341,1553,788,0
"SINDH","MALIR","15 &  ABOVE","MARRIED",993610,481692,511918,0,519070,250758,268312,0,474540,230934,243606,0
"SINDH","MALIR","15 &  ABOVE","NEVER MARRIED",467874,178021,289639,214,234830,88110,146609,111,233044,89911,143030,103
"SINDH","MALIR","15 &  ABOVE","SEPERATION",1959,891,1068,0,1082,468,614,0,877,423,454,0
"SINDH","MALIR","15 &  ABOVE","WIDOWED",44978,33801,11177,0,23267,17237,6030,0,21711,16564,5147,0
"SINDH","MALIR","15 - 19","DIVORCED",88,80,8,0,48,43,5,0,40,37,3,0
"SINDH","MALIR","15 - 19","MARRIED",21013,15985,5028,0,13095,9784,3311,0,7918,6201,1717,0
"SINDH","MALIR","15 - 19","NEVER MARRIED",223956,99437,124495,24,115728,50286,65430,12,108228,49151,59065,12
"SINDH","MALIR","15 - 19","SEPERATION",40,25,15,0,35,20,15,0,5,5,0,0
"SINDH","MALIR","15 - 19","WIDOWED",50,30,20,0,30,18,12,0,20,12,8,0
"SINDH","MALIR","20 - 24","DIVORCED",400,309,91,0,225,168,57,0,175,141,34,0
"SINDH","MALIR","20 - 24","MARRIED",86473,58137,28336,0,50015,32662,17353,0,36458,25475,10983,0
"SINDH","MALIR","20 - 24","NEVER MARRIED",129340,46603,82712,25,63244,22289,40945,10,66096,24314,41767,15
"SINDH","MALIR","20 - 24","SEPERATION",154,77,77,0,95,41,54,0,59,36,23,0
"SINDH","MALIR","20 - 24","WIDOWED",284,172,112,0,192,111,81,0,92,61,31,0
"SINDH","MALIR","25 - 29","DIVORCED",690,478,212,0,368,247,121,0,322,231,91,0
"SINDH","MALIR","25 - 29","MARRIED",142552,79129,63423,0,78197,42142,36055,0,64355,36987,27368,0
"SINDH","MALIR","25 - 29","NEVER MARRIED",62660,17229,45397,34,30531,8233,22275,23,32129,8996,23122,11
"SINDH","MALIR","25 - 29","SEPERATION",233,106,127,0,142,60,82,0,91,46,45,0
"SINDH","MALIR","25 - 29","WIDOWED",634,374,260,0,388,238,150,0,246,136,110,0
"SINDH","MALIR","30 - 34","DIVORCED",771,515,256,0,378,249,129,0,393,266,127,0
"SINDH","MALIR","30 - 34","MARRIED",152301,76419,75882,0,78852,39152,39700,0,73449,37267,36182,0
"SINDH","MALIR","30 - 34","NEVER MARRIED",24891,6587,18262,42,12197,3318,8858,21,12694,3269,9404,21
"SINDH","MALIR","30 - 34","SEPERATION",303,133,170,0,165,71,94,0,138,62,76,0
"SINDH","MALIR","30 - 34","WIDOWED",1049,689,360,0,611,385,226,0,438,304,134,0
"SINDH","MALIR","35 - 39","DIVORCED",807,511,296,0,417,258,159,0,390,253,137,0
"SINDH","MALIR","35 - 39","MARRIED",149350,69498,79852,0,76692,35178,41514,0,72658,34320,38338,0
"SINDH","MALIR","35 - 39","NEVER MARRIED",12850,3555,9258,37,6382,1819,4542,21,6468,1736,4716,16
"SINDH","MALIR","35 - 39","SEPERATION",302,129,173,0,162,67,95,0,140,62,78,0
"SINDH","MALIR","35 - 39","WIDOWED",1642,1139,503,0,916,626,290,0,726,513,213,0
"SINDH","MALIR","40 - 44","DIVORCED",708,451,257,0,362,226,136,0,346,225,121,0
"SINDH","MALIR","40 - 44","MARRIED",126153,56110,70043,0,64079,28440,35639,0,62074,27670,34404,0
"SINDH","MALIR","40 - 44","NEVER MARRIED",6249,1967,4268,14,3077,963,2106,8,3172,1004,2162,6
"SINDH","MALIR","40 - 44","SEPERATION",241,107,134,0,129,51,78,0,112,56,56,0
"SINDH","MALIR","40 - 44","WIDOWED",2746,2074,672,0,1556,1153,403,0,1190,921,269,0
"SINDH","MALIR","45 - 49","DIVORCED",497,301,196,0,217,142,75,0,280,159,121,0
"SINDH","MALIR","45 - 49","MARRIED",97896,42781,55115,0,49166,21511,27655,0,48730,21270,27460,0
"SINDH","MALIR","45 - 49","NEVER MARRIED",3419,1085,2320,14,1551,494,1050,7,1868,591,1270,7
"SINDH","MALIR","45 - 49","SEPERATION",239,105,134,0,124,45,79,0,115,60,55,0
"SINDH","MALIR","45 - 49","WIDOWED",3713,2932,781,0,2001,1567,434,0,1712,1365,347,0
"SINDH","MALIR","50 - 54","DIVORCED",310,197,113,0,160,105,55,0,150,92,58,0
"SINDH","MALIR","50 - 54","MARRIED",73224,30787,42437,0,36965,15639,21326,0,36259,15148,21111,0
"SINDH","MALIR","50 - 54","NEVER MARRIED",1879,647,1222,10,883,292,585,6,996,355,637,4
"SINDH","MALIR","50 - 54","SEPERATION",161,81,80,0,78,40,38,0,83,41,42,0
"SINDH","MALIR","50 - 54","WIDOWED",5262,4237,1025,0,2855,2272,583,0,2407,1965,442,0
"SINDH","MALIR","55 - 59","DIVORCED",219,136,83,0,99,62,37,0,120,74,46,0
"SINDH","MALIR","55 - 59","MARRIED",56555,22615,33940,0,28517,11340,17177,0,28038,11275,16763,0
"SINDH","MALIR","55 - 59","NEVER MARRIED",1227,416,804,7,580,195,385,0,647,221,419,7
"SINDH","MALIR","55 - 59","SEPERATION",128,55,73,0,67,32,35,0,61,23,38,0
"SINDH","MALIR","55 - 59","WIDOWED",5976,4705,1271,0,3163,2451,712,0,2813,2254,559,0
"SINDH","MALIR","60 - 64","DIVORCED",116,70,46,0,57,33,24,0,59,37,22,0
"SINDH","MALIR","60 - 64","MARRIED",38425,14239,24186,0,19146,6999,12147,0,19279,7240,12039,0
"SINDH","MALIR","60 - 64","NEVER MARRIED",661,239,418,4,297,96,200,1,364,143,218,3
"SINDH","MALIR","60 - 64","SEPERATION",73,36,37,0,35,18,17,0,38,18,20,0
"SINDH","MALIR","60 - 64","WIDOWED",6442,4944,1498,0,3154,2355,799,0,3288,2589,699,0
"SINDH","MALIR","65 - 69","DIVORCED",69,40,29,0,38,21,17,0,31,19,12,0
"SINDH","MALIR","65 - 69","MARRIED",24968,8624,16344,0,12332,4273,8059,0,12636,4351,8285,0
"SINDH","MALIR","65 - 69","NEVER MARRIED",400,133,266,1,185,59,125,1,215,74,141,0
"SINDH","MALIR","65 - 69","SEPERATION",38,17,21,0,20,10,10,0,18,7,11,0
"SINDH","MALIR","65 - 69","WIDOWED",6039,4490,1549,0,2991,2190,801,0,3048,2300,748,0
"SINDH","MALIR","70 - 74","DIVORCED",37,19,18,0,17,6,11,0,20,13,7,0
"SINDH","MALIR","70 - 74","MARRIED",14875,4519,10356,0,7299,2248,5051,0,7576,2271,5305,0
"SINDH","MALIR","70 - 74","NEVER MARRIED",200,71,129,0,106,40,66,0,94,31,63,0
"SINDH","MALIR","70 - 74","SEPERATION",28,12,16,0,17,7,10,0,11,5,6,0
"SINDH","MALIR","70 - 74","WIDOWED",5234,3870,1364,0,2540,1849,691,0,2694,2021,673,0
"SINDH","MALIR","75 & ABOVE","DIVORCED",19,10,9,0,4,4,0,0,15,6,9,0
"SINDH","MALIR","75 & ABOVE","MARRIED",9825,2849,6976,0,4715,1390,3325,0,5110,1459,3651,0
"SINDH","MALIR","75 & ABOVE","NEVER MARRIED",142,52,88,2,69,26,42,1,73,26,46,1
"SINDH","MALIR","75 & ABOVE","SEPERATION",19,8,11,0,13,6,7,0,6,2,4,0
"SINDH","MALIR","75 & ABOVE","WIDOWED",5907,4145,1762,0,2870,2022,848,0,3037,2123,914,0
"SINDH","MATIARI","15 &  ABOVE","DIVORCED",988,634,354,0,620,404,216,0,368,230,138,0
"SINDH","MATIARI","15 &  ABOVE","MARRIED",324779,162929,161850,0,248051,124470,123581,0,76728,38459,38269,0
"SINDH","MATIARI","15 &  ABOVE","NEVER MARRIED",138219,59239,78957,23,100273,42672,57594,7,37946,16567,21363,16
"SINDH","MATIARI","15 &  ABOVE","SEPERATION",575,359,216,0,402,258,144,0,173,101,72,0
"SINDH","MATIARI","15 &  ABOVE","WIDOWED",20332,15789,4543,0,14929,11709,3220,0,5403,4080,1323,0
"SINDH","MATIARI","15 - 19","DIVORCED",24,18,6,0,15,11,4,0,9,7,2,0
"SINDH","MATIARI","15 - 19","MARRIED",12215,8169,4046,0,10082,6667,3415,0,2133,1502,631,0
"SINDH","MATIARI","15 - 19","NEVER MARRIED",71500,32561,38935,4,53498,24264,29233,1,18002,8297,9702,3
"SINDH","MATIARI","15 - 19","SEPERATION",16,10,6,0,12,6,6,0,4,4,0,0
"SINDH","MATIARI","15 - 19","WIDOWED",35,14,21,0,25,11,14,0,10,3,7,0
"SINDH","MATIARI","20 - 24","DIVORCED",97,71,26,0,66,48,18,0,31,23,8,0
"SINDH","MATIARI","20 - 24","MARRIED",36892,22567,14325,0,29453,17812,11641,0,7439,4755,2684,0
"SINDH","MATIARI","20 - 24","NEVER MARRIED",32809,12618,20190,1,23233,8644,14588,1,9576,3974,5602,0
"SINDH","MATIARI","20 - 24","SEPERATION",60,46,14,0,40,28,12,0,20,18,2,0
"SINDH","MATIARI","20 - 24","WIDOWED",137,83,54,0,104,59,45,0,33,24,9,0
"SINDH","MATIARI","25 - 29","DIVORCED",137,86,51,0,84,54,30,0,53,32,21,0
"SINDH","MATIARI","25 - 29","MARRIED",45406,24045,21361,0,34966,18223,16743,0,10440,5822,4618,0
"SINDH","MATIARI","25 - 29","NEVER MARRIED",16433,6686,9745,2,11515,4644,6869,2,4918,2042,2876,0
"SINDH","MATIARI","25 - 29","SEPERATION",62,40,22,0,41,27,14,0,21,13,8,0
"SINDH","MATIARI","25 - 29","WIDOWED",248,143,105,0,187,103,84,0,61,40,21,0
"SINDH","MATIARI","30 - 34","DIVORCED",158,105,53,0,100,70,30,0,58,35,23,0
"SINDH","MATIARI","30 - 34","MARRIED",45615,23837,21778,0,34713,18077,16636,0,10902,5760,5142,0
"SINDH","MATIARI","30 - 34","NEVER MARRIED",7632,3165,4464,3,5328,2224,3103,1,2304,941,1361,2
"SINDH","MATIARI","30 - 34","SEPERATION",65,45,20,0,44,29,15,0,21,16,5,0
"SINDH","MATIARI","30 - 34","WIDOWED",438,316,122,0,315,234,81,0,123,82,41,0
"SINDH","MATIARI","35 - 39","DIVORCED",149,92,57,0,96,60,36,0,53,32,21,0
"SINDH","MATIARI","35 - 39","MARRIED",42899,21413,21486,0,32146,16042,16104,0,10753,5371,5382,0
"SINDH","MATIARI","35 - 39","NEVER MARRIED",3952,1532,2420,0,2706,1060,1646,0,1246,472,774,0
"SINDH","MATIARI","35 - 39","SEPERATION",77,49,28,0,57,39,18,0,20,10,10,0
"SINDH","MATIARI","35 - 39","WIDOWED",704,518,186,0,525,394,131,0,179,124,55,0
"SINDH","MATIARI","40 - 44","DIVORCED",148,96,52,0,88,54,34,0,60,42,18,0
"SINDH","MATIARI","40 - 44","MARRIED",43347,20881,22466,0,32828,15884,16944,0,10519,4997,5522,0
"SINDH","MATIARI","40 - 44","NEVER MARRIED",2411,1019,1387,5,1651,718,933,0,760,301,454,5
"SINDH","MATIARI","40 - 44","SEPERATION",74,40,34,0,51,31,20,0,23,9,14,0
"SINDH","MATIARI","40 - 44","WIDOWED",1363,1060,303,0,1051,823,228,0,312,237,75,0
"SINDH","MATIARI","45 - 49","DIVORCED",99,59,40,0,63,39,24,0,36,20,16,0
"SINDH","MATIARI","45 - 49","MARRIED",30545,14332,16213,0,22931,10897,12034,0,7614,3435,4179,0
"SINDH","MATIARI","45 - 49","NEVER MARRIED",1416,623,790,3,947,421,525,1,469,202,265,2
"SINDH","MATIARI","45 - 49","SEPERATION",59,32,27,0,37,21,16,0,22,11,11,0
"SINDH","MATIARI","45 - 49","WIDOWED",1737,1424,313,0,1302,1066,236,0,435,358,77,0
"SINDH","MATIARI","50 - 54","DIVORCED",79,52,27,0,48,34,14,0,31,18,13,0
"SINDH","MATIARI","50 - 54","MARRIED",25111,11123,13988,0,18954,8421,10533,0,6157,2702,3455,0
"SINDH","MATIARI","50 - 54","NEVER MARRIED",800,391,408,1,562,275,286,1,238,116,122,0
"SINDH","MATIARI","50 - 54","SEPERATION",56,33,23,0,44,26,18,0,12,7,5,0
"SINDH","MATIARI","50 - 54","WIDOWED",2537,2009,528,0,1876,1496,380,0,661,513,148,0
"SINDH","MATIARI","55 - 59","DIVORCED",42,25,17,0,26,16,10,0,16,9,7,0
"SINDH","MATIARI","55 - 59","MARRIED",16874,6708,10166,0,12547,4979,7568,0,4327,1729,2598,0
"SINDH","MATIARI","55 - 59","NEVER MARRIED",539,280,258,1,358,189,169,0,181,91,89,1
"SINDH","MATIARI","55 - 59","SEPERATION",42,22,20,0,28,16,12,0,14,6,8,0
"SINDH","MATIARI","55 - 59","WIDOWED",2469,1923,546,0,1791,1400,391,0,678,523,155,0
"SINDH","MATIARI","60 - 64","DIVORCED",24,14,10,0,15,8,7,0,9,6,3,0
"SINDH","MATIARI","60 - 64","MARRIED",10609,4289,6320,0,7827,3231,4596,0,2782,1058,1724,0
"SINDH","MATIARI","60 - 64","NEVER MARRIED",320,165,155,0,215,108,107,0,105,57,48,0
"SINDH","MATIARI","60 - 64","SEPERATION",27,21,6,0,22,19,3,0,5,2,3,0
"SINDH","MATIARI","60 - 64","WIDOWED",2677,2167,510,0,1883,1539,344,0,794,628,166,0
"SINDH","MATIARI","65 - 69","DIVORCED",19,9,10,0,12,6,6,0,7,3,4,0
"SINDH","MATIARI","65 - 69","MARRIED",7330,2815,4515,0,5483,2114,3369,0,1847,701,1146,0
"SINDH","MATIARI","65 - 69","NEVER MARRIED",199,96,103,0,127,62,65,0,72,34,38,0
"SINDH","MATIARI","65 - 69","SEPERATION",23,13,10,0,16,11,5,0,7,2,5,0
"SINDH","MATIARI","65 - 69","WIDOWED",2687,2124,563,0,1933,1537,396,0,754,587,167,0
"SINDH","MATIARI","70 - 74","DIVORCED",6,2,4,0,3,1,2,0,3,1,2,0
"SINDH","MATIARI","70 - 74","MARRIED",4840,1769,3071,0,3711,1359,2352,0,1129,410,719,0
"SINDH","MATIARI","70 - 74","NEVER MARRIED",127,61,65,1,80,39,41,0,47,22,24,1
"SINDH","MATIARI","70 - 74","SEPERATION",7,5,2,0,5,3,2,0,2,2,0,0
"SINDH","MATIARI","70 - 74","WIDOWED",2503,1891,612,0,1853,1439,414,0,650,452,198,0
"SINDH","MATIARI","75 & ABOVE","DIVORCED",6,5,1,0,4,3,1,0,2,2,0,0
"SINDH","MATIARI","75 & ABOVE","MARRIED",3096,981,2115,0,2410,764,1646,0,686,217,469,0
"SINDH","MATIARI","75 & ABOVE","NEVER MARRIED",81,42,37,2,53,24,29,0,28,18,8,2
"SINDH","MATIARI","75 & ABOVE","SEPERATION",7,3,4,0,5,2,3,0,2,1,1,0
"SINDH","MATIARI","75 & ABOVE","WIDOWED",2797,2117,680,0,2084,1608,476,0,713,509,204,0
"SINDH","MIRPUR KHAS","15 &  ABOVE","DIVORCED",2271,1455,816,0,968,608,360,0,1303,847,456,0
"SINDH","MIRPUR KHAS","15 &  ABOVE","MARRIED",658872,329527,329345,0,468941,235066,233875,0,189931,94461,95470,0
"SINDH","MIRPUR KHAS","15 &  ABOVE","NEVER MARRIED",241528,91309,150143,76,145735,53229,92489,17,95793,38080,57654,59
"SINDH","MIRPUR KHAS","15 &  ABOVE","SEPERATION",948,507,441,0,591,306,285,0,357,201,156,0
"SINDH","MIRPUR KHAS","15 &  ABOVE","WIDOWED",37009,28944,8065,0,23847,18679,5168,0,13162,10265,2897,0
"SINDH","MIRPUR KHAS","15 - 19","DIVORCED",30,24,6,0,19,14,5,0,11,10,1,0
"SINDH","MIRPUR KHAS","15 - 19","MARRIED",21718,14609,7109,0,18662,12388,6274,0,3056,2221,835,0
"SINDH","MIRPUR KHAS","15 - 19","NEVER MARRIED",137890,57223,80660,7,93181,37564,55613,4,44709,19659,25047,3
"SINDH","MIRPUR KHAS","15 - 19","SEPERATION",35,20,15,0,29,15,14,0,6,5,1,0
"SINDH","MIRPUR KHAS","15 - 19","WIDOWED",35,13,22,0,30,10,20,0,5,3,2,0
"SINDH","MIRPUR KHAS","20 - 24","DIVORCED",192,138,54,0,107,71,36,0,85,67,18,0
"SINDH","MIRPUR KHAS","20 - 24","MARRIED",77588,46785,30803,0,63365,37261,26104,0,14223,9524,4699,0
"SINDH","MIRPUR KHAS","20 - 24","NEVER MARRIED",58963,20522,38435,6,32290,9877,22413,0,26673,10645,16022,6
"SINDH","MIRPUR KHAS","20 - 24","SEPERATION",83,48,35,0,53,31,22,0,30,17,13,0
"SINDH","MIRPUR KHAS","20 - 24","WIDOWED",215,125,90,0,169,90,79,0,46,35,11,0
"SINDH","MIRPUR KHAS","25 - 29","DIVORCED",307,186,121,0,157,84,73,0,150,102,48,0
"SINDH","MIRPUR KHAS","25 - 29","MARRIED",93753,49283,44470,0,70324,35853,34471,0,23429,13430,9999,0
"SINDH","MIRPUR KHAS","25 - 29","NEVER MARRIED",24407,7039,17358,10,11483,2913,8569,1,12924,4126,8789,9
"SINDH","MIRPUR KHAS","25 - 29","SEPERATION",97,51,46,0,62,24,38,0,35,27,8,0
"SINDH","MIRPUR KHAS","25 - 29","WIDOWED",396,240,156,0,287,173,114,0,109,67,42,0
"SINDH","MIRPUR KHAS","30 - 34","DIVORCED",392,267,125,0,165,107,58,0,227,160,67,0
"SINDH","MIRPUR KHAS","30 - 34","MARRIED",94127,48935,45192,0,66477,34297,32180,0,27650,14638,13012,0
"SINDH","MIRPUR KHAS","30 - 34","NEVER MARRIED",9575,2798,6768,9,4110,1210,2897,3,5465,1588,3871,6
"SINDH","MIRPUR KHAS","30 - 34","SEPERATION",133,78,55,0,92,52,40,0,41,26,15,0
"SINDH","MIRPUR KHAS","30 - 34","WIDOWED",734,541,193,0,510,372,138,0,224,169,55,0
"SINDH","MIRPUR KHAS","35 - 39","DIVORCED",383,260,123,0,164,114,50,0,219,146,73,0
"SINDH","MIRPUR KHAS","35 - 39","MARRIED",90245,44614,45631,0,61749,30514,31235,0,28496,14100,14396,0
"SINDH","MIRPUR KHAS","35 - 39","NEVER MARRIED",4553,1415,3129,9,1982,645,1336,1,2571,770,1793,8
"SINDH","MIRPUR KHAS","35 - 39","SEPERATION",133,71,62,0,75,44,31,0,58,27,31,0
"SINDH","MIRPUR KHAS","35 - 39","WIDOWED",1262,948,314,0,852,626,226,0,410,322,88,0
"SINDH","MIRPUR KHAS","40 - 44","DIVORCED",324,213,111,0,132,87,45,0,192,126,66,0
"SINDH","MIRPUR KHAS","40 - 44","MARRIED",82444,39623,42821,0,57199,27643,29556,0,25245,11980,13265,0
"SINDH","MIRPUR KHAS","40 - 44","NEVER MARRIED",2490,860,1625,5,1104,383,721,0,1386,477,904,5
"SINDH","MIRPUR KHAS","40 - 44","SEPERATION",112,62,50,0,73,41,32,0,39,21,18,0
"SINDH","MIRPUR KHAS","40 - 44","WIDOWED",2038,1598,440,0,1425,1103,322,0,613,495,118,0
"SINDH","MIRPUR KHAS","45 - 49","DIVORCED",231,146,85,0,81,52,29,0,150,94,56,0
"SINDH","MIRPUR KHAS","45 - 49","MARRIED",60408,28243,32165,0,40027,18851,21176,0,20381,9392,10989,0
"SINDH","MIRPUR KHAS","45 - 49","NEVER MARRIED",1484,538,937,9,630,230,398,2,854,308,539,7
"SINDH","MIRPUR KHAS","45 - 49","SEPERATION",116,60,56,0,71,39,32,0,45,21,24,0
"SINDH","MIRPUR KHAS","45 - 49","WIDOWED",2655,2145,510,0,1740,1398,342,0,915,747,168,0
"SINDH","MIRPUR KHAS","50 - 54","DIVORCED",180,99,81,0,59,31,28,0,121,68,53,0
"SINDH","MIRPUR KHAS","50 - 54","MARRIED",49547,22202,27345,0,32925,14867,18058,0,16622,7335,9287,0
"SINDH","MIRPUR KHAS","50 - 54","NEVER MARRIED",850,339,504,7,358,147,209,2,492,192,295,5
"SINDH","MIRPUR KHAS","50 - 54","SEPERATION",82,48,34,0,43,28,15,0,39,20,19,0
"SINDH","MIRPUR KHAS","50 - 54","WIDOWED",4046,3270,776,0,2650,2140,510,0,1396,1130,266,0
"SINDH","MIRPUR KHAS","55 - 59","DIVORCED",120,68,52,0,40,26,14,0,80,42,38,0
"SINDH","MIRPUR KHAS","55 - 59","MARRIED",35151,14426,20725,0,22422,9263,13159,0,12729,5163,7566,0
"SINDH","MIRPUR KHAS","55 - 59","NEVER MARRIED",575,227,343,5,238,91,146,1,337,136,197,4
"SINDH","MIRPUR KHAS","55 - 59","SEPERATION",58,22,36,0,34,9,25,0,24,13,11,0
"SINDH","MIRPUR KHAS","55 - 59","WIDOWED",4201,3291,910,0,2502,1957,545,0,1699,1334,365,0
"SINDH","MIRPUR KHAS","60 - 64","DIVORCED",55,26,29,0,15,8,7,0,40,18,22,0
"SINDH","MIRPUR KHAS","60 - 64","MARRIED",22173,9092,13081,0,14199,6054,8145,0,7974,3038,4936,0
"SINDH","MIRPUR KHAS","60 - 64","NEVER MARRIED",342,151,185,6,148,71,76,1,194,80,109,5
"SINDH","MIRPUR KHAS","60 - 64","SEPERATION",39,22,17,0,20,9,11,0,19,13,6,0
"SINDH","MIRPUR KHAS","60 - 64","WIDOWED",4681,3695,986,0,2871,2269,602,0,1810,1426,384,0
"SINDH","MIRPUR KHAS","65 - 69","DIVORCED",29,15,14,0,13,7,6,0,16,8,8,0
"SINDH","MIRPUR KHAS","65 - 69","MARRIED",15171,6100,9071,0,9950,4070,5880,0,5221,2030,3191,0
"SINDH","MIRPUR KHAS","65 - 69","NEVER MARRIED",196,100,94,2,100,50,48,2,96,50,46,0
"SINDH","MIRPUR KHAS","65 - 69","SEPERATION",29,16,13,0,16,9,7,0,13,7,6,0
"SINDH","MIRPUR KHAS","65 - 69","WIDOWED",5128,4039,1089,0,3176,2528,648,0,1952,1511,441,0
"SINDH","MIRPUR KHAS","70 - 74","DIVORCED",13,7,6,0,8,3,5,0,5,4,1,0
"SINDH","MIRPUR KHAS","70 - 74","MARRIED",9681,3570,6111,0,6737,2516,4221,0,2944,1054,1890,0
"SINDH","MIRPUR KHAS","70 - 74","NEVER MARRIED",126,51,74,1,67,25,42,0,59,26,32,1
"SINDH","MIRPUR KHAS","70 - 74","SEPERATION",14,5,9,0,9,2,7,0,5,3,2,0
"SINDH","MIRPUR KHAS","70 - 74","WIDOWED",5048,3966,1082,0,3310,2640,670,0,1738,1326,412,0
"SINDH","MIRPUR KHAS","75 & ABOVE","DIVORCED",15,6,9,0,8,4,4,0,7,2,5,0
"SINDH","MIRPUR KHAS","75 & ABOVE","MARRIED",6866,2045,4821,0,4905,1489,3416,0,1961,556,1405,0
"SINDH","MIRPUR KHAS","75 & ABOVE","NEVER MARRIED",77,46,31,0,44,23,21,0,33,23,10,0
"SINDH","MIRPUR KHAS","75 & ABOVE","SEPERATION",17,4,13,0,14,3,11,0,3,1,2,0
"SINDH","MIRPUR KHAS","75 & ABOVE","WIDOWED",6570,5073,1497,0,4325,3373,952,0,2245,1700,545,0
"SINDH","NAUSHAHRO FEROZE","15 &  ABOVE","DIVORCED",1681,1147,534,0,968,660,308,0,713,487,226,0
"SINDH","NAUSHAHRO FEROZE","15 &  ABOVE","MARRIED",665636,333656,331980,0,472694,237192,235502,0,192942,96464,96478,0
"SINDH","NAUSHAHRO FEROZE","15 &  ABOVE","NEVER MARRIED",289178,123921,165187,70,195832,83290,112515,27,93346,40631,52672,43
"SINDH","NAUSHAHRO FEROZE","15 &  ABOVE","SEPERATION",1217,657,560,0,865,460,405,0,352,197,155,0
"SINDH","NAUSHAHRO FEROZE","15 &  ABOVE","WIDOWED",37081,28979,8102,0,25378,19758,5620,0,11703,9221,2482,0
"SINDH","NAUSHAHRO FEROZE","15 - 19","DIVORCED",48,39,9,0,30,23,7,0,18,16,2,0
"SINDH","NAUSHAHRO FEROZE","15 - 19","MARRIED",23324,16078,7246,0,17649,12087,5562,0,5675,3991,1684,0
"SINDH","NAUSHAHRO FEROZE","15 - 19","NEVER MARRIED",154151,70424,83718,9,106360,48282,58071,7,47791,22142,25647,2
"SINDH","NAUSHAHRO FEROZE","15 - 19","SEPERATION",56,27,29,0,42,17,25,0,14,10,4,0
"SINDH","NAUSHAHRO FEROZE","15 - 19","WIDOWED",80,42,38,0,64,33,31,0,16,9,7,0
"SINDH","NAUSHAHRO FEROZE","20 - 24","DIVORCED",151,111,40,0,84,57,27,0,67,54,13,0
"SINDH","NAUSHAHRO FEROZE","20 - 24","MARRIED",75417,46816,28601,0,55305,34001,21304,0,20112,12815,7297,0
"SINDH","NAUSHAHRO FEROZE","20 - 24","NEVER MARRIED",71574,27072,44493,9,47369,17318,30047,4,24205,9754,14446,5
"SINDH","NAUSHAHRO FEROZE","20 - 24","SEPERATION",98,51,47,0,66,32,34,0,32,19,13,0
"SINDH","NAUSHAHRO FEROZE","20 - 24","WIDOWED",232,147,85,0,160,97,63,0,72,50,22,0
"SINDH","NAUSHAHRO FEROZE","25 - 29","DIVORCED",212,154,58,0,126,88,38,0,86,66,20,0
"SINDH","NAUSHAHRO FEROZE","25 - 29","MARRIED",93084,49967,43117,0,65995,34985,31010,0,27089,14982,12107,0
"SINDH","NAUSHAHRO FEROZE","25 - 29","NEVER MARRIED",32068,12428,19631,9,20939,7992,12943,4,11129,4436,6688,5
"SINDH","NAUSHAHRO FEROZE","25 - 29","SEPERATION",138,64,74,0,94,45,49,0,44,19,25,0
"SINDH","NAUSHAHRO FEROZE","25 - 29","WIDOWED",515,288,227,0,376,205,171,0,139,83,56,0
"SINDH","NAUSHAHRO FEROZE","30 - 34","DIVORCED",287,191,96,0,162,108,54,0,125,83,42,0
"SINDH","NAUSHAHRO FEROZE","30 - 34","MARRIED",95319,49384,45935,0,67216,34834,32382,0,28103,14550,13553,0
"SINDH","NAUSHAHRO FEROZE","30 - 34","NEVER MARRIED",14003,6466,7530,7,9315,4370,4942,3,4688,2096,2588,4
"SINDH","NAUSHAHRO FEROZE","30 - 34","SEPERATION",136,67,69,0,100,47,53,0,36,20,16,0
"SINDH","NAUSHAHRO FEROZE","30 - 34","WIDOWED",827,591,236,0,575,404,171,0,252,187,65,0
"SINDH","NAUSHAHRO FEROZE","35 - 39","DIVORCED",263,163,100,0,139,82,57,0,124,81,43,0
"SINDH","NAUSHAHRO FEROZE","35 - 39","MARRIED",91540,44498,47042,0,63840,31016,32824,0,27700,13482,14218,0
"SINDH","NAUSHAHRO FEROZE","35 - 39","NEVER MARRIED",7269,2848,4412,9,4889,1987,2901,1,2380,861,1511,8
"SINDH","NAUSHAHRO FEROZE","35 - 39","SEPERATION",157,87,70,0,100,53,47,0,57,34,23,0
"SINDH","NAUSHAHRO FEROZE","35 - 39","WIDOWED",1409,1012,397,0,987,701,286,0,422,311,111,0
"SINDH","NAUSHAHRO FEROZE","40 - 44","DIVORCED",223,154,69,0,113,84,29,0,110,70,40,0
"SINDH","NAUSHAHRO FEROZE","40 - 44","MARRIED",79026,37825,41201,0,55311,26554,28757,0,23715,11271,12444,0
"SINDH","NAUSHAHRO FEROZE","40 - 44","NEVER MARRIED",4007,1680,2315,12,2708,1183,1521,4,1299,497,794,8
"SINDH","NAUSHAHRO FEROZE","40 - 44","SEPERATION",126,72,54,0,90,55,35,0,36,17,19,0
"SINDH","NAUSHAHRO FEROZE","40 - 44","WIDOWED",2258,1755,503,0,1586,1216,370,0,672,539,133,0
"SINDH","NAUSHAHRO FEROZE","45 - 49","DIVORCED",171,126,45,0,103,77,26,0,68,49,19,0
"SINDH","NAUSHAHRO FEROZE","45 - 49","MARRIED",59775,28191,31584,0,41289,19710,21579,0,18486,8481,10005,0
"SINDH","NAUSHAHRO FEROZE","45 - 49","NEVER MARRIED",2358,1080,1275,3,1630,797,831,2,728,283,444,1
"SINDH","NAUSHAHRO FEROZE","45 - 49","SEPERATION",128,84,44,0,93,61,32,0,35,23,12,0
"SINDH","NAUSHAHRO FEROZE","45 - 49","WIDOWED",2988,2421,567,0,1974,1582,392,0,1014,839,175,0
"SINDH","NAUSHAHRO FEROZE","50 - 54","DIVORCED",132,88,44,0,80,58,22,0,52,30,22,0
"SINDH","NAUSHAHRO FEROZE","50 - 54","MARRIED",52713,23766,28947,0,37554,17193,20361,0,15159,6573,8586,0
"SINDH","NAUSHAHRO FEROZE","50 - 54","NEVER MARRIED",1426,696,724,6,1015,500,514,1,411,196,210,5
"SINDH","NAUSHAHRO FEROZE","50 - 54","SEPERATION",124,77,47,0,93,54,39,0,31,23,8,0
"SINDH","NAUSHAHRO FEROZE","50 - 54","WIDOWED",4555,3778,777,0,3079,2526,553,0,1476,1252,224,0
"SINDH","NAUSHAHRO FEROZE","55 - 59","DIVORCED",77,50,27,0,47,33,14,0,30,17,13,0
"SINDH","NAUSHAHRO FEROZE","55 - 59","MARRIED",37677,15167,22510,0,26415,10685,15730,0,11262,4482,6780,0
"SINDH","NAUSHAHRO FEROZE","55 - 59","NEVER MARRIED",997,505,492,0,703,368,335,0,294,137,157,0
"SINDH","NAUSHAHRO FEROZE","55 - 59","SEPERATION",105,54,51,0,71,40,31,0,34,14,20,0
"SINDH","NAUSHAHRO FEROZE","55 - 59","WIDOWED",4572,3642,930,0,3044,2420,624,0,1528,1222,306,0
"SINDH","NAUSHAHRO FEROZE","60 - 64","DIVORCED",56,37,19,0,35,22,13,0,21,15,6,0
"SINDH","NAUSHAHRO FEROZE","60 - 64","MARRIED",23489,9363,14126,0,16739,6723,10016,0,6750,2640,4110,0
"SINDH","NAUSHAHRO FEROZE","60 - 64","NEVER MARRIED",576,303,271,2,390,212,178,0,186,91,93,2
"SINDH","NAUSHAHRO FEROZE","60 - 64","SEPERATION",56,28,28,0,45,21,24,0,11,7,4,0
"SINDH","NAUSHAHRO FEROZE","60 - 64","WIDOWED",4769,3797,972,0,3173,2512,661,0,1596,1285,311,0
"SINDH","NAUSHAHRO FEROZE","65 - 69","DIVORCED",30,17,13,0,25,13,12,0,5,4,1,0
"SINDH","NAUSHAHRO FEROZE","65 - 69","MARRIED",16109,6418,9691,0,11684,4710,6974,0,4425,1708,2717,0
"SINDH","NAUSHAHRO FEROZE","65 - 69","NEVER MARRIED",371,203,168,0,273,151,122,0,98,52,46,0
"SINDH","NAUSHAHRO FEROZE","65 - 69","SEPERATION",36,17,19,0,27,14,13,0,9,3,6,0
"SINDH","NAUSHAHRO FEROZE","65 - 69","WIDOWED",4803,3796,1007,0,3252,2589,663,0,1551,1207,344,0
"SINDH","NAUSHAHRO FEROZE","70 - 74","DIVORCED",15,8,7,0,13,8,5,0,2,0,2,0
"SINDH","NAUSHAHRO FEROZE","70 - 74","MARRIED",10711,3854,6857,0,8022,2916,5106,0,2689,938,1751,0
"SINDH","NAUSHAHRO FEROZE","70 - 74","NEVER MARRIED",227,132,93,2,143,83,59,1,84,49,34,1
"SINDH","NAUSHAHRO FEROZE","70 - 74","SEPERATION",31,17,14,0,25,13,12,0,6,4,2,0
"SINDH","NAUSHAHRO FEROZE","70 - 74","WIDOWED",4733,3713,1020,0,3282,2605,677,0,1451,1108,343,0
"SINDH","NAUSHAHRO FEROZE","75 & ABOVE","DIVORCED",16,9,7,0,11,7,4,0,5,2,3,0
"SINDH","NAUSHAHRO FEROZE","75 & ABOVE","MARRIED",7452,2329,5123,0,5675,1778,3897,0,1777,551,1226,0
"SINDH","NAUSHAHRO FEROZE","75 & ABOVE","NEVER MARRIED",151,84,65,2,98,47,51,0,53,37,14,2
"SINDH","NAUSHAHRO FEROZE","75 & ABOVE","SEPERATION",26,12,14,0,19,8,11,0,7,4,3,0
"SINDH","NAUSHAHRO FEROZE","75 & ABOVE","WIDOWED",5340,3997,1343,0,3826,2868,958,0,1514,1129,385,0
"SINDH","SANGHAR","15 &  ABOVE","DIVORCED",2217,1473,744,0,1028,691,337,0,1189,782,407,0
"SINDH","SANGHAR","15 &  ABOVE","MARRIED",881055,441193,439862,0,638848,320508,318340,0,242207,120685,121522,0
"SINDH","SANGHAR","15 &  ABOVE","NEVER MARRIED",353494,149203,204190,101,230713,95321,135366,26,122781,53882,68824,75
"SINDH","SANGHAR","15 &  ABOVE","SEPERATION",1332,737,595,0,867,472,395,0,465,265,200,0
"SINDH","SANGHAR","15 &  ABOVE","WIDOWED",50850,39288,11562,0,33618,26002,7616,0,17232,13286,3946,0
"SINDH","SANGHAR","15 - 19","DIVORCED",53,39,14,0,32,23,9,0,21,16,5,0
"SINDH","SANGHAR","15 - 19","MARRIED",32624,21861,10763,0,26961,17784,9177,0,5663,4077,1586,0
"SINDH","SANGHAR","15 - 19","NEVER MARRIED",199169,90721,108430,18,137866,61513,76344,9,61303,29208,32086,9
"SINDH","SANGHAR","15 - 19","SEPERATION",71,33,38,0,62,29,33,0,9,4,5,0
"SINDH","SANGHAR","15 - 19","WIDOWED",94,44,50,0,78,40,38,0,16,4,12,0
"SINDH","SANGHAR","20 - 24","DIVORCED",198,153,45,0,108,83,25,0,90,70,20,0
"SINDH","SANGHAR","20 - 24","MARRIED",106071,63966,42105,0,83922,49503,34419,0,22149,14463,7686,0
"SINDH","SANGHAR","20 - 24","NEVER MARRIED",88129,33152,54959,18,54013,19187,34824,2,34116,13965,20135,16
"SINDH","SANGHAR","20 - 24","SEPERATION",105,52,53,0,75,32,43,0,30,20,10,0
"SINDH","SANGHAR","20 - 24","WIDOWED",336,176,160,0,258,132,126,0,78,44,34,0
"SINDH","SANGHAR","25 - 29","DIVORCED",301,189,112,0,133,73,60,0,168,116,52,0
"SINDH","SANGHAR","25 - 29","MARRIED",121533,64127,57406,0,89266,46189,43077,0,32267,17938,14329,0
"SINDH","SANGHAR","25 - 29","NEVER MARRIED",36145,13814,22325,6,21148,7866,13282,0,14997,5948,9043,6
"SINDH","SANGHAR","25 - 29","SEPERATION",140,78,62,0,85,46,39,0,55,32,23,0
"SINDH","SANGHAR","25 - 29","WIDOWED",573,335,238,0,397,228,169,0,176,107,69,0
"SINDH","SANGHAR","30 - 34","DIVORCED",364,242,122,0,166,110,56,0,198,132,66,0
"SINDH","SANGHAR","30 - 34","MARRIED",120037,61587,58450,0,84605,43257,41348,0,35432,18330,17102,0
"SINDH","SANGHAR","30 - 34","NEVER MARRIED",14309,6101,8190,18,8395,3557,4832,6,5914,2544,3358,12
"SINDH","SANGHAR","30 - 34","SEPERATION",141,89,52,0,80,48,32,0,61,41,20,0
"SINDH","SANGHAR","30 - 34","WIDOWED",1028,669,359,0,691,457,234,0,337,212,125,0
"SINDH","SANGHAR","35 - 39","DIVORCED",399,252,147,0,166,103,63,0,233,149,84,0
"SINDH","SANGHAR","35 - 39","MARRIED",119482,58341,61141,0,83832,41155,42677,0,35650,17186,18464,0
"SINDH","SANGHAR","35 - 39","NEVER MARRIED",7114,2381,4725,8,4146,1395,2749,2,2968,986,1976,6
"SINDH","SANGHAR","35 - 39","SEPERATION",183,112,71,0,122,76,46,0,61,36,25,0
"SINDH","SANGHAR","35 - 39","WIDOWED",1711,1185,526,0,1154,785,369,0,557,400,157,0
"SINDH","SANGHAR","40 - 44","DIVORCED",331,223,108,0,156,113,43,0,175,110,65,0
"SINDH","SANGHAR","40 - 44","MARRIED",118947,57793,61154,0,85493,41764,43729,0,33454,16029,17425,0
"SINDH","SANGHAR","40 - 44","NEVER MARRIED",3840,1290,2538,12,2359,811,1546,2,1481,479,992,10
"SINDH","SANGHAR","40 - 44","SEPERATION",182,100,82,0,122,71,51,0,60,29,31,0
"SINDH","SANGHAR","40 - 44","WIDOWED",3408,2626,782,0,2390,1830,560,0,1018,796,222,0
"SINDH","SANGHAR","45 - 49","DIVORCED",210,147,63,0,101,76,25,0,109,71,38,0
"SINDH","SANGHAR","45 - 49","MARRIED",80992,38372,42620,0,56394,26999,29395,0,24598,11373,13225,0
"SINDH","SANGHAR","45 - 49","NEVER MARRIED",1952,665,1278,9,1135,397,736,2,817,268,542,7
"SINDH","SANGHAR","45 - 49","SEPERATION",162,92,70,0,98,58,40,0,64,34,30,0
"SINDH","SANGHAR","45 - 49","WIDOWED",4121,3277,844,0,2722,2171,551,0,1399,1106,293,0
"SINDH","SANGHAR","50 - 54","DIVORCED",141,93,48,0,64,47,17,0,77,46,31,0
"SINDH","SANGHAR","50 - 54","MARRIED",66789,30170,36619,0,46806,21356,25450,0,19983,8814,11169,0
"SINDH","SANGHAR","50 - 54","NEVER MARRIED",1131,403,724,4,666,231,434,1,465,172,290,3
"SINDH","SANGHAR","50 - 54","SEPERATION",111,52,59,0,65,33,32,0,46,19,27,0
"SINDH","SANGHAR","50 - 54","WIDOWED",6210,5047,1163,0,4060,3302,758,0,2150,1745,405,0
"SINDH","SANGHAR","55 - 59","DIVORCED",114,73,41,0,49,29,20,0,65,44,21,0
"SINDH","SANGHAR","55 - 59","MARRIED",45995,18625,27370,0,31714,12904,18810,0,14281,5721,8560,0
"SINDH","SANGHAR","55 - 59","NEVER MARRIED",734,287,446,1,424,157,267,0,310,130,179,1
"SINDH","SANGHAR","55 - 59","SEPERATION",84,39,45,0,53,22,31,0,31,17,14,0
"SINDH","SANGHAR","55 - 59","WIDOWED",6159,4777,1382,0,3861,2990,871,0,2298,1787,511,0
"SINDH","SANGHAR","60 - 64","DIVORCED",50,34,16,0,23,18,5,0,27,16,11,0
"SINDH","SANGHAR","60 - 64","MARRIED",28251,11453,16798,0,19752,8257,11495,0,8499,3196,5303,0
"SINDH","SANGHAR","60 - 64","NEVER MARRIED",431,166,261,4,271,94,176,1,160,72,85,3
"SINDH","SANGHAR","60 - 64","SEPERATION",57,33,24,0,41,22,19,0,16,11,5,0
"SINDH","SANGHAR","60 - 64","WIDOWED",6355,5008,1347,0,4113,3255,858,0,2242,1753,489,0
"SINDH","SANGHAR","65 - 69","DIVORCED",29,14,15,0,16,8,8,0,13,6,7,0
"SINDH","SANGHAR","65 - 69","MARRIED",18668,7483,11185,0,13292,5424,7868,0,5376,2059,3317,0
"SINDH","SANGHAR","65 - 69","NEVER MARRIED",234,100,133,1,134,55,79,0,100,45,54,1
"SINDH","SANGHAR","65 - 69","SEPERATION",52,33,19,0,34,20,14,0,18,13,5,0
"SINDH","SANGHAR","65 - 69","WIDOWED",6592,5181,1411,0,4075,3224,851,0,2517,1957,560,0
"SINDH","SANGHAR","70 - 74","DIVORCED",12,7,5,0,6,3,3,0,6,4,2,0
"SINDH","SANGHAR","70 - 74","MARRIED",12845,4625,8220,0,9837,3652,6185,0,3008,973,2035,0
"SINDH","SANGHAR","70 - 74","NEVER MARRIED",158,62,96,0,90,33,57,0,68,29,39,0
"SINDH","SANGHAR","70 - 74","SEPERATION",17,11,6,0,12,7,5,0,5,4,1,0
"SINDH","SANGHAR","70 - 74","WIDOWED",6666,5211,1455,0,4482,3538,944,0,2184,1673,511,0
"SINDH","SANGHAR","75 & ABOVE","DIVORCED",15,7,8,0,8,5,3,0,7,2,5,0
"SINDH","SANGHAR","75 & ABOVE","MARRIED",8821,2790,6031,0,6974,2264,4710,0,1847,526,1321,0
"SINDH","SANGHAR","75 & ABOVE","NEVER MARRIED",148,61,85,2,66,25,40,1,82,36,45,1
"SINDH","SANGHAR","75 & ABOVE","SEPERATION",27,13,14,0,18,8,10,0,9,5,4,0
"SINDH","SANGHAR","75 & ABOVE","WIDOWED",7597,5752,1845,0,5337,4050,1287,0,2260,1702,558,0
"SINDH","SHAHEED BENAZIRABAD","15 &  ABOVE","DIVORCED",1608,1091,517,0,753,510,243,0,855,581,274,0
"SINDH","SHAHEED BENAZIRABAD","15 &  ABOVE","MARRIED",699067,351444,347623,0,478355,241172,237183,0,220712,110272,110440,0
"SINDH","SHAHEED BENAZIRABAD","15 &  ABOVE","NEVER MARRIED",282444,118345,164035,64,174663,70840,103806,17,107781,47505,60229,47
"SINDH","SHAHEED BENAZIRABAD","15 &  ABOVE","SEPERATION",1086,663,423,0,699,446,253,0,387,217,170,0
"SINDH","SHAHEED BENAZIRABAD","15 &  ABOVE","WIDOWED",39725,31080,8645,0,25869,20210,5659,0,13856,10870,2986,0
"SINDH","SHAHEED BENAZIRABAD","15 - 19","DIVORCED",44,28,16,0,20,11,9,0,24,17,7,0
"SINDH","SHAHEED BENAZIRABAD","15 - 19","MARRIED",26391,17998,8393,0,20361,13738,6623,0,6030,4260,1770,0
"SINDH","SHAHEED BENAZIRABAD","15 - 19","NEVER MARRIED",155414,70289,85119,6,102056,45288,56765,3,53358,25001,28354,3
"SINDH","SHAHEED BENAZIRABAD","15 - 19","SEPERATION",55,29,26,0,38,20,18,0,17,9,8,0
"SINDH","SHAHEED BENAZIRABAD","15 - 19","WIDOWED",72,30,42,0,57,22,35,0,15,8,7,0
"SINDH","SHAHEED BENAZIRABAD","20 - 24","DIVORCED",172,115,57,0,100,63,37,0,72,52,20,0
"SINDH","SHAHEED BENAZIRABAD","20 - 24","MARRIED",80823,49954,30869,0,59334,36030,23304,0,21489,13924,7565,0
"SINDH","SHAHEED BENAZIRABAD","20 - 24","NEVER MARRIED",71127,26580,44539,8,40245,13593,26650,2,30882,12987,17889,6
"SINDH","SHAHEED BENAZIRABAD","20 - 24","SEPERATION",85,48,37,0,58,36,22,0,27,12,15,0
"SINDH","SHAHEED BENAZIRABAD","20 - 24","WIDOWED",272,160,112,0,200,112,88,0,72,48,24,0
"SINDH","SHAHEED BENAZIRABAD","25 - 29","DIVORCED",207,147,60,0,102,72,30,0,105,75,30,0
"SINDH","SHAHEED BENAZIRABAD","25 - 29","MARRIED",90640,47781,42859,0,62112,32160,29952,0,28528,15621,12907,0
"SINDH","SHAHEED BENAZIRABAD","25 - 29","NEVER MARRIED",28852,11263,17584,5,16265,6005,10259,1,12587,5258,7325,4
"SINDH","SHAHEED BENAZIRABAD","25 - 29","SEPERATION",96,58,38,0,58,32,26,0,38,26,12,0
"SINDH","SHAHEED BENAZIRABAD","25 - 29","WIDOWED",450,261,189,0,310,173,137,0,140,88,52,0
"SINDH","SHAHEED BENAZIRABAD","30 - 34","DIVORCED",245,160,85,0,102,72,30,0,143,88,55,0
"SINDH","SHAHEED BENAZIRABAD","30 - 34","MARRIED",95435,50160,45275,0,63564,33445,30119,0,31871,16715,15156,0
"SINDH","SHAHEED BENAZIRABAD","30 - 34","NEVER MARRIED",12296,4861,7420,15,7070,2761,4305,4,5226,2100,3115,11
"SINDH","SHAHEED BENAZIRABAD","30 - 34","SEPERATION",136,81,55,0,88,51,37,0,48,30,18,0
"SINDH","SHAHEED BENAZIRABAD","30 - 34","WIDOWED",917,600,317,0,605,394,211,0,312,206,106,0
"SINDH","SHAHEED BENAZIRABAD","35 - 39","DIVORCED",282,185,97,0,120,78,42,0,162,107,55,0
"SINDH","SHAHEED BENAZIRABAD","35 - 39","MARRIED",98135,48297,49838,0,65225,32217,33008,0,32910,16080,16830,0
"SINDH","SHAHEED BENAZIRABAD","35 - 39","NEVER MARRIED",6537,2202,4330,5,3924,1289,2633,2,2613,913,1697,3
"SINDH","SHAHEED BENAZIRABAD","35 - 39","SEPERATION",142,92,50,0,95,63,32,0,47,29,18,0
"SINDH","SHAHEED BENAZIRABAD","35 - 39","WIDOWED",1488,1066,422,0,985,696,289,0,503,370,133,0
"SINDH","SHAHEED BENAZIRABAD","40 - 44","DIVORCED",239,162,77,0,112,76,36,0,127,86,41,0
"SINDH","SHAHEED BENAZIRABAD","40 - 44","MARRIED",87360,41528,45832,0,58910,27979,30931,0,28450,13549,14901,0
"SINDH","SHAHEED BENAZIRABAD","40 - 44","NEVER MARRIED",3341,1161,2173,7,2093,729,1363,1,1248,432,810,6
"SINDH","SHAHEED BENAZIRABAD","40 - 44","SEPERATION",128,89,39,0,78,54,24,0,50,35,15,0
"SINDH","SHAHEED BENAZIRABAD","40 - 44","WIDOWED",2445,1870,575,0,1617,1198,419,0,828,672,156,0
"SINDH","SHAHEED BENAZIRABAD","45 - 49","DIVORCED",184,128,56,0,89,64,25,0,95,64,31,0
"SINDH","SHAHEED BENAZIRABAD","45 - 49","MARRIED",66499,31768,34731,0,44023,21347,22676,0,22476,10421,12055,0
"SINDH","SHAHEED BENAZIRABAD","45 - 49","NEVER MARRIED",2003,746,1251,6,1210,431,777,2,793,315,474,4
"SINDH","SHAHEED BENAZIRABAD","45 - 49","SEPERATION",125,78,47,0,70,48,22,0,55,30,25,0
"SINDH","SHAHEED BENAZIRABAD","45 - 49","WIDOWED",3366,2720,646,0,2198,1772,426,0,1168,948,220,0
"SINDH","SHAHEED BENAZIRABAD","50 - 54","DIVORCED",101,75,26,0,50,34,16,0,51,41,10,0
"SINDH","SHAHEED BENAZIRABAD","50 - 54","MARRIED",55517,25038,30479,0,37815,17308,20507,0,17702,7730,9972,0
"SINDH","SHAHEED BENAZIRABAD","50 - 54","NEVER MARRIED",1148,506,638,4,706,311,395,0,442,195,243,4
"SINDH","SHAHEED BENAZIRABAD","50 - 54","SEPERATION",93,52,41,0,57,37,20,0,36,15,21,0
"SINDH","SHAHEED BENAZIRABAD","50 - 54","WIDOWED",4761,3922,839,0,3114,2547,567,0,1647,1375,272,0
"SINDH","SHAHEED BENAZIRABAD","55 - 59","DIVORCED",55,34,21,0,25,16,9,0,30,18,12,0
"SINDH","SHAHEED BENAZIRABAD","55 - 59","MARRIED",38141,15627,22514,0,25128,10396,14732,0,13013,5231,7782,0
"SINDH","SHAHEED BENAZIRABAD","55 - 59","NEVER MARRIED",728,286,439,3,458,163,293,2,270,123,146,1
"SINDH","SHAHEED BENAZIRABAD","55 - 59","SEPERATION",77,50,27,0,51,40,11,0,26,10,16,0
"SINDH","SHAHEED BENAZIRABAD","55 - 59","WIDOWED",4615,3627,988,0,2853,2209,644,0,1762,1418,344,0
"SINDH","SHAHEED BENAZIRABAD","60 - 64","DIVORCED",29,22,7,0,8,7,1,0,21,15,6,0
"SINDH","SHAHEED BENAZIRABAD","60 - 64","MARRIED",24611,10089,14522,0,16662,7014,9648,0,7949,3075,4874,0
"SINDH","SHAHEED BENAZIRABAD","60 - 64","NEVER MARRIED",453,199,251,3,281,113,168,0,172,86,83,3
"SINDH","SHAHEED BENAZIRABAD","60 - 64","SEPERATION",73,47,26,0,49,32,17,0,24,15,9,0
"SINDH","SHAHEED BENAZIRABAD","60 - 64","WIDOWED",5035,4093,942,0,3273,2677,596,0,1762,1416,346,0
"SINDH","SHAHEED BENAZIRABAD","65 - 69","DIVORCED",23,17,6,0,12,7,5,0,11,10,1,0
"SINDH","SHAHEED BENAZIRABAD","65 - 69","MARRIED",16435,6563,9872,0,11315,4617,6698,0,5120,1946,3174,0
"SINDH","SHAHEED BENAZIRABAD","65 - 69","NEVER MARRIED",251,117,134,0,165,77,88,0,86,40,46,0
"SINDH","SHAHEED BENAZIRABAD","65 - 69","SEPERATION",30,20,10,0,24,17,7,0,6,3,3,0
"SINDH","SHAHEED BENAZIRABAD","65 - 69","WIDOWED",5075,4036,1039,0,3198,2571,627,0,1877,1465,412,0
"SINDH","SHAHEED BENAZIRABAD","70 - 74","DIVORCED",15,9,6,0,6,5,1,0,9,4,5,0
"SINDH","SHAHEED BENAZIRABAD","70 - 74","MARRIED",11079,4064,7015,0,7974,2996,4978,0,3105,1068,2037,0
"SINDH","SHAHEED BENAZIRABAD","70 - 74","NEVER MARRIED",165,70,94,1,99,38,61,0,66,32,33,1
"SINDH","SHAHEED BENAZIRABAD","70 - 74","SEPERATION",27,13,14,0,20,11,9,0,7,2,5,0
"SINDH","SHAHEED BENAZIRABAD","70 - 74","WIDOWED",5237,4151,1086,0,3469,2773,696,0,1768,1378,390,0
"SINDH","SHAHEED BENAZIRABAD","75 & ABOVE","DIVORCED",12,9,3,0,7,5,2,0,5,4,1,0
"SINDH","SHAHEED BENAZIRABAD","75 & ABOVE","MARRIED",8001,2577,5424,0,5932,1925,4007,0,2069,652,1417,0
"SINDH","SHAHEED BENAZIRABAD","75 & ABOVE","NEVER MARRIED",129,65,63,1,91,42,49,0,38,23,14,1
"SINDH","SHAHEED BENAZIRABAD","75 & ABOVE","SEPERATION",19,6,13,0,13,5,8,0,6,1,5,0
"SINDH","SHAHEED BENAZIRABAD","75 & ABOVE","WIDOWED",5992,4544,1448,0,3990,3066,924,0,2002,1478,524,0
"SINDH","SHIKARPUR","15 &  ABOVE","DIVORCED",638,419,219,0,346,235,111,0,292,184,108,0
"SINDH","SHIKARPUR","15 &  ABOVE","MARRIED",460857,235055,225802,0,347289,178034,169255,0,113568,57021,56547,0
"SINDH","SHIKARPUR","15 &  ABOVE","NEVER MARRIED",202222,86794,115387,41,141645,59306,82316,23,60577,27488,33071,18
"SINDH","SHIKARPUR","15 &  ABOVE","SEPERATION",483,250,233,0,355,183,172,0,128,67,61,0
"SINDH","SHIKARPUR","15 &  ABOVE","WIDOWED",23190,18847,4343,0,16194,13127,3067,0,6996,5720,1276,0
"SINDH","SHIKARPUR","15 - 19","DIVORCED",15,11,4,0,11,7,4,0,4,4,0,0
"SINDH","SHIKARPUR","15 - 19","MARRIED",18207,11964,6243,0,15171,9830,5341,0,3036,2134,902,0
"SINDH","SHIKARPUR","15 - 19","NEVER MARRIED",124013,56958,67042,13,93824,42083,51731,10,30189,14875,15311,3
"SINDH","SHIKARPUR","15 - 19","SEPERATION",64,10,54,0,55,9,46,0,9,1,8,0
"SINDH","SHIKARPUR","15 - 19","WIDOWED",54,27,27,0,46,22,24,0,8,5,3,0
"SINDH","SHIKARPUR","20 - 24","DIVORCED",53,40,13,0,31,22,9,0,22,18,4,0
"SINDH","SHIKARPUR","20 - 24","MARRIED",52677,32145,20532,0,42316,25388,16928,0,10361,6757,3604,0
"SINDH","SHIKARPUR","20 - 24","NEVER MARRIED",44713,16790,27915,8,29332,10317,19010,5,15381,6473,8905,3
"SINDH","SHIKARPUR","20 - 24","SEPERATION",48,24,24,0,39,18,21,0,9,6,3,0
"SINDH","SHIKARPUR","20 - 24","WIDOWED",165,94,71,0,137,77,60,0,28,17,11,0
"SINDH","SHIKARPUR","25 - 29","DIVORCED",94,59,35,0,62,39,23,0,32,20,12,0
"SINDH","SHIKARPUR","25 - 29","MARRIED",63038,33748,29290,0,48068,25427,22641,0,14970,8321,6649,0
"SINDH","SHIKARPUR","25 - 29","NEVER MARRIED",18174,7186,10981,7,10570,3992,6574,4,7604,3194,4407,3
"SINDH","SHIKARPUR","25 - 29","SEPERATION",54,24,30,0,39,17,22,0,15,7,8,0
"SINDH","SHIKARPUR","25 - 29","WIDOWED",299,190,109,0,228,147,81,0,71,43,28,0
"SINDH","SHIKARPUR","30 - 34","DIVORCED",118,80,38,0,64,43,21,0,54,37,17,0
"SINDH","SHIKARPUR","30 - 34","MARRIED",62677,33409,29268,0,46624,24915,21709,0,16053,8494,7559,0
"SINDH","SHIKARPUR","30 - 34","NEVER MARRIED",7013,2724,4289,0,3711,1422,2289,0,3302,1302,2000,0
"SINDH","SHIKARPUR","30 - 34","SEPERATION",47,30,17,0,33,20,13,0,14,10,4,0
"SINDH","SHIKARPUR","30 - 34","WIDOWED",484,330,154,0,380,258,122,0,104,72,32,0
"SINDH","SHIKARPUR","35 - 39","DIVORCED",100,67,33,0,51,35,16,0,49,32,17,0
"SINDH","SHIKARPUR","35 - 39","MARRIED",65124,32912,32212,0,48500,24757,23743,0,16624,8155,8469,0
"SINDH","SHIKARPUR","35 - 39","NEVER MARRIED",3707,1374,2328,5,1884,688,1196,0,1823,686,1132,5
"SINDH","SHIKARPUR","35 - 39","SEPERATION",75,39,36,0,55,26,29,0,20,13,7,0
"SINDH","SHIKARPUR","35 - 39","WIDOWED",926,703,223,0,697,535,162,0,229,168,61,0
"SINDH","SHIKARPUR","40 - 44","DIVORCED",93,63,30,0,47,36,11,0,46,27,19,0
"SINDH","SHIKARPUR","40 - 44","MARRIED",59231,29226,30005,0,44401,22111,22290,0,14830,7115,7715,0
"SINDH","SHIKARPUR","40 - 44","NEVER MARRIED",1887,665,1217,5,963,324,637,2,924,341,580,3
"SINDH","SHIKARPUR","40 - 44","SEPERATION",46,33,13,0,35,27,8,0,11,6,5,0
"SINDH","SHIKARPUR","40 - 44","WIDOWED",1547,1268,279,0,1149,928,221,0,398,340,58,0
"SINDH","SHIKARPUR","45 - 49","DIVORCED",61,40,21,0,29,23,6,0,32,17,15,0
"SINDH","SHIKARPUR","45 - 49","MARRIED",43725,21215,22510,0,32095,15769,16326,0,11630,5446,6184,0
"SINDH","SHIKARPUR","45 - 49","NEVER MARRIED",1159,402,757,0,614,188,426,0,545,214,331,0
"SINDH","SHIKARPUR","45 - 49","SEPERATION",50,32,18,0,34,25,9,0,16,7,9,0
"SINDH","SHIKARPUR","45 - 49","WIDOWED",1931,1611,320,0,1376,1149,227,0,555,462,93,0
"SINDH","SHIKARPUR","50 - 54","DIVORCED",41,23,18,0,20,12,8,0,21,11,10,0
"SINDH","SHIKARPUR","50 - 54","MARRIED",33709,15621,18088,0,24613,11542,13071,0,9096,4079,5017,0
"SINDH","SHIKARPUR","50 - 54","NEVER MARRIED",629,259,369,1,316,115,201,0,313,144,168,1
"SINDH","SHIKARPUR","50 - 54","SEPERATION",30,18,12,0,19,12,7,0,11,6,5,0
"SINDH","SHIKARPUR","50 - 54","WIDOWED",2695,2287,408,0,1862,1576,286,0,833,711,122,0
"SINDH","SHIKARPUR","55 - 59","DIVORCED",27,14,13,0,11,4,7,0,16,10,6,0
"SINDH","SHIKARPUR","55 - 59","MARRIED",24824,10573,14251,0,17793,7760,10033,0,7031,2813,4218,0
"SINDH","SHIKARPUR","55 - 59","NEVER MARRIED",362,162,200,0,160,68,92,0,202,94,108,0
"SINDH","SHIKARPUR","55 - 59","SEPERATION",20,13,7,0,14,9,5,0,6,4,2,0
"SINDH","SHIKARPUR","55 - 59","WIDOWED",2810,2329,481,0,1915,1588,327,0,895,741,154,0
"SINDH","SHIKARPUR","60 - 64","DIVORCED",15,9,6,0,8,5,3,0,7,4,3,0
"SINDH","SHIKARPUR","60 - 64","MARRIED",16335,6704,9631,0,11907,4926,6981,0,4428,1778,2650,0
"SINDH","SHIKARPUR","60 - 64","NEVER MARRIED",262,128,132,2,121,53,66,2,141,75,66,0
"SINDH","SHIKARPUR","60 - 64","SEPERATION",22,12,10,0,14,10,4,0,8,2,6,0
"SINDH","SHIKARPUR","60 - 64","WIDOWED",3351,2815,536,0,2320,1949,371,0,1031,866,165,0
"SINDH","SHIKARPUR","65 - 69","DIVORCED",7,3,4,0,4,2,2,0,3,1,2,0
"SINDH","SHIKARPUR","65 - 69","MARRIED",10178,3906,6272,0,7354,2863,4491,0,2824,1043,1781,0
"SINDH","SHIKARPUR","65 - 69","NEVER MARRIED",144,77,67,0,56,24,32,0,88,53,35,0
"SINDH","SHIKARPUR","65 - 69","SEPERATION",11,5,6,0,9,4,5,0,2,1,1,0
"SINDH","SHIKARPUR","65 - 69","WIDOWED",2907,2385,522,0,1911,1566,345,0,996,819,177,0
"SINDH","SHIKARPUR","70 - 74","DIVORCED",6,4,2,0,3,2,1,0,3,2,1,0
"SINDH","SHIKARPUR","70 - 74","MARRIED",6607,2305,4302,0,4936,1736,3200,0,1671,569,1102,0
"SINDH","SHIKARPUR","70 - 74","NEVER MARRIED",86,39,47,0,49,19,30,0,37,20,17,0
"SINDH","SHIKARPUR","70 - 74","SEPERATION",10,7,3,0,6,4,2,0,4,3,1,0
"SINDH","SHIKARPUR","70 - 74","WIDOWED",2840,2289,551,0,1950,1564,386,0,890,725,165,0
"SINDH","SHIKARPUR","75 & ABOVE","DIVORCED",8,6,2,0,5,5,0,0,3,1,2,0
"SINDH","SHIKARPUR","75 & ABOVE","MARRIED",4525,1327,3198,0,3511,1010,2501,0,1014,317,697,0
"SINDH","SHIKARPUR","75 & ABOVE","NEVER MARRIED",73,30,43,0,45,13,32,0,28,17,11,0
"SINDH","SHIKARPUR","75 & ABOVE","SEPERATION",6,3,3,0,3,2,1,0,3,1,2,0
"SINDH","SHIKARPUR","75 & ABOVE","WIDOWED",3181,2519,662,0,2223,1768,455,0,958,751,207,0
"SINDH","SINDH","15 &  ABOVE","DIVORCED",91089,59375,31714,0,16555,11031,5524,0,74534,48344,26190,0
"SINDH","SINDH","15 &  ABOVE","MARRIED",21502627,10690146,10812481,0,9683316,4859674,4823642,0,11819311,5830472,5988839,0
"SINDH","SINDH","15 &  ABOVE","NEVER MARRIED",9586422,3789943,5792449,4030,3468400,1368820,2099040,540,6118022,2421123,3693409,3490
"SINDH","SINDH","15 &  ABOVE","SEPERATION",44139,22975,21164,0,14497,7717,6780,0,29642,15258,14384,0
"SINDH","SINDH","15 &  ABOVE","WIDOWED",1168165,903846,264319,0,475231,369780,105451,0,692934,534066,158868,0
"SINDH","SINDH","15 - 19","DIVORCED",1311,1015,296,0,517,369,148,0,794,646,148,0
"SINDH","SINDH","15 - 19","MARRIED",639129,436099,203030,0,427819,281549,146270,0,211310,154550,56760,0
"SINDH","SINDH","15 - 19","NEVER MARRIED",4930912,2165276,2765084,552,2084319,902224,1181948,147,2846593,1263052,1583136,405
"SINDH","SINDH","15 - 19","SEPERATION",1480,646,834,0,860,333,527,0,620,313,307,0
"SINDH","SINDH","15 - 19","WIDOWED",1764,885,879,0,1128,517,611,0,636,368,268,0
"SINDH","SINDH","20 - 24","DIVORCED",6390,4930,1460,0,1772,1263,509,0,4618,3667,951,0
"SINDH","SINDH","20 - 24","MARRIED",2171796,1375832,795964,0,1254645,751790,502855,0,917151,624042,293109,0
"SINDH","SINDH","20 - 24","NEVER MARRIED",2457147,902635,1553946,566,790823,266632,524123,68,1666324,636003,1029823,498
"SINDH","SINDH","20 - 24","SEPERATION",2914,1613,1301,0,1293,615,678,0,1621,998,623,0
"SINDH","SINDH","20 - 24","WIDOWED",6567,3883,2684,0,3678,1992,1686,0,2889,1891,998,0
"SINDH","SINDH","25 - 29","DIVORCED",11350,7882,3468,0,2437,1562,875,0,8913,6320,2593,0
"SINDH","SINDH","25 - 29","MARRIED",2890484,1598161,1292323,0,1371146,714549,656597,0,1519338,883612,635726,0
"SINDH","SINDH","25 - 29","NEVER MARRIED",1139279,364520,774150,609,317813,102465,215284,64,821466,262055,558866,545
"SINDH","SINDH","25 - 29","SEPERATION",4513,2363,2150,0,1539,732,807,0,2974,1631,1343,0
"SINDH","SINDH","25 - 29","WIDOWED",13200,8039,5161,0,6405,3687,2718,0,6795,4352,2443,0
"SINDH","SINDH","30 - 34","DIVORCED",14417,9624,4793,0,2553,1709,844,0,11864,7915,3949,0
"SINDH","SINDH","30 - 34","MARRIED",3036721,1585049,1451672,0,1318617,683429,635188,0,1718104,901620,816484,0
"SINDH","SINDH","30 - 34","NEVER MARRIED",470092,149936,319586,570,126915,45221,81621,73,343177,104715,237965,497
"SINDH","SINDH","30 - 34","SEPERATION",5333,2849,2484,0,1571,851,720,0,3762,1998,1764,0
"SINDH","SINDH","30 - 34","WIDOWED",23585,16087,7498,0,10767,7202,3565,0,12818,8885,3933,0
"SINDH","SINDH","35 - 39","DIVORCED",15220,9748,5472,0,2601,1701,900,0,12619,8047,4572,0
"SINDH","SINDH","35 - 39","MARRIED",3005889,1476987,1528902,0,1271913,627083,644830,0,1733976,849904,884072,0
"SINDH","SINDH","35 - 39","NEVER MARRIED",247407,78614,168262,531,65275,21785,43450,40,182132,56829,124812,491
"SINDH","SINDH","35 - 39","SEPERATION",6244,3200,3044,0,1854,1009,845,0,4390,2191,2199,0
"SINDH","SINDH","35 - 39","WIDOWED",39210,28316,10894,0,17361,12305,5056,0,21849,16011,5838,0
"SINDH","SINDH","40 - 44","DIVORCED",13691,8660,5031,0,2261,1546,715,0,11430,7114,4316,0
"SINDH","SINDH","40 - 44","MARRIED",2727585,1278691,1448894,0,1180804,563367,617437,0,1546781,715324,831457,0
"SINDH","SINDH","40 - 44","NEVER MARRIED",135019,46273,88362,384,35287,12314,22933,40,99732,33959,65429,344
"SINDH","SINDH","40 - 44","SEPERATION",5904,3254,2650,0,1765,1062,703,0,4139,2192,1947,0
"SINDH","SINDH","40 - 44","WIDOWED",66568,51341,15227,0,30024,22938,7086,0,36544,28403,8141,0
"SINDH","SINDH","45 - 49","DIVORCED",10456,6508,3948,0,1573,1060,513,0,8883,5448,3435,0
"SINDH","SINDH","45 - 49","MARRIED",2095662,962301,1133361,0,845777,400333,445444,0,1249885,561968,687917,0
"SINDH","SINDH","45 - 49","NEVER MARRIED",81946,29609,52060,277,19618,7086,12502,30,62328,22523,39558,247
"SINDH","SINDH","45 - 49","SEPERATION",5305,2804,2501,0,1520,897,623,0,3785,1907,1878,0
"SINDH","SINDH","45 - 49","WIDOWED",88471,70561,17910,0,36940,29411,7529,0,51531,41150,10381,0
"SINDH","SINDH","50 - 54","DIVORCED",6987,4315,2672,0,1078,714,364,0,5909,3601,2308,0
"SINDH","SINDH","50 - 54","MARRIED",1665971,728898,937073,0,699036,317303,381733,0,966935,411595,555340,0
"SINDH","SINDH","50 - 54","NEVER MARRIED",46975,18729,28016,230,11206,4382,6795,29,35769,14347,21221,201
"SINDH","SINDH","50 - 54","SEPERATION",3978,2123,1855,0,1246,725,521,0,2732,1398,1334,0
"SINDH","SINDH","50 - 54","WIDOWED",128260,103531,24729,0,54039,43543,10496,0,74221,59988,14233,0
"SINDH","SINDH","55 - 59","DIVORCED",4993,2946,2047,0,725,456,269,0,4268,2490,1778,0
"SINDH","SINDH","55 - 59","MARRIED",1257577,511811,745766,0,490991,202514,288477,0,766586,309297,457289,0
"SINDH","SINDH","55 - 59","NEVER MARRIED",32845,13605,19118,122,7153,2789,4344,20,25692,10816,14774,102
"SINDH","SINDH","55 - 59","SEPERATION",3284,1666,1618,0,974,530,444,0,2310,1136,1174,0
"SINDH","SINDH","55 - 59","WIDOWED",143396,113210,30186,0,52858,41465,11393,0,90538,71745,18793,0
"SINDH","SINDH","60 - 64","DIVORCED",2990,1805,1185,0,455,298,157,0,2535,1507,1028,0
"SINDH","SINDH","60 - 64","MARRIED",834278,328285,505993,0,325615,135848,189767,0,508663,192437,316226,0
"SINDH","SINDH","60 - 64","NEVER MARRIED",19889,9027,10768,94,4312,1743,2556,13,15577,7284,8212,81
"SINDH","SINDH","60 - 64","SEPERATION",2110,1081,1029,0,684,395,289,0,1426,686,740,0
"SINDH","SINDH","60 - 64","WIDOWED",160948,127688,33260,0,60101,48196,11905,0,100847,79492,21355,0
"SINDH","SINDH","65 - 69","DIVORCED",1751,1041,710,0,287,170,117,0,1464,871,593,0
"SINDH","SINDH","65 - 69","MARRIED",562150,209981,352169,0,223199,88946,134253,0,338951,121035,217916,0
"SINDH","SINDH","65 - 69","NEVER MARRIED",12569,5969,6570,30,2597,1044,1549,4,9972,4925,5021,26
"SINDH","SINDH","65 - 69","SEPERATION",1483,737,746,0,492,282,210,0,991,455,536,0
"SINDH","SINDH","65 - 69","WIDOWED",161262,125543,35719,0,60258,47882,12376,0,101004,77661,23343,0
"SINDH","SINDH","70 - 74","DIVORCED",911,549,362,0,166,100,66,0,745,449,296,0
"SINDH","SINDH","70 - 74","MARRIED",357239,120429,236810,0,155548,56364,99184,0,201691,64065,137626,0
"SINDH","SINDH","70 - 74","NEVER MARRIED",6861,3211,3620,30,1676,625,1048,3,5185,2586,2572,27
"SINDH","SINDH","70 - 74","SEPERATION",879,374,505,0,358,164,194,0,521,210,311,0
"SINDH","SINDH","70 - 74","WIDOWED",152625,117653,34972,0,62620,49535,13085,0,90005,68118,21887,0
"SINDH","SINDH","75 & ABOVE","DIVORCED",622,352,270,0,130,83,47,0,492,269,223,0
"SINDH","SINDH","75 & ABOVE","MARRIED",258146,77622,180524,0,118206,36599,81607,0,139940,41023,98917,0
"SINDH","SINDH","75 & ABOVE","NEVER MARRIED",5481,2539,2907,35,1406,510,887,9,4075,2029,2020,26
"SINDH","SINDH","75 & ABOVE","SEPERATION",712,265,447,0,341,122,219,0,371,143,228,0
"SINDH","SINDH","75 & ABOVE","WIDOWED",182309,137109,45200,0,79052,61107,17945,0,103257,76002,27255,0
"SINDH","SUJAWAL","15 &  ABOVE","DIVORCED",505,365,140,0,356,271,85,0,149,94,55,0
"SINDH","SUJAWAL","15 &  ABOVE","MARRIED",316332,158531,157801,0,282030,141400,140630,0,34302,17131,17171,0
"SINDH","SUJAWAL","15 &  ABOVE","NEVER MARRIED",118127,45590,72508,29,100830,38503,62314,13,17297,7087,10194,16
"SINDH","SUJAWAL","15 &  ABOVE","SEPERATION",459,269,190,0,411,234,177,0,48,35,13,0
"SINDH","SUJAWAL","15 &  ABOVE","WIDOWED",14891,11210,3681,0,12814,9554,3260,0,2077,1656,421,0
"SINDH","SUJAWAL","15 - 19","DIVORCED",15,13,2,0,13,12,1,0,2,1,1,0
"SINDH","SUJAWAL","15 - 19","MARRIED",9997,6963,3034,0,9208,6367,2841,0,789,596,193,0
"SINDH","SUJAWAL","15 - 19","NEVER MARRIED",66268,28366,37901,1,58463,24786,33676,1,7805,3580,4225,0
"SINDH","SUJAWAL","15 - 19","SEPERATION",26,11,15,0,24,9,15,0,2,2,0,0
"SINDH","SUJAWAL","15 - 19","WIDOWED",29,17,12,0,29,17,12,0,0,0,0,0
"SINDH","SUJAWAL","20 - 24","DIVORCED",57,46,11,0,45,37,8,0,12,9,3,0
"SINDH","SUJAWAL","20 - 24","MARRIED",34466,21516,12950,0,31551,19594,11957,0,2915,1922,993,0
"SINDH","SUJAWAL","20 - 24","NEVER MARRIED",27378,9494,17879,5,23035,7807,15226,2,4343,1687,2653,3
"SINDH","SUJAWAL","20 - 24","SEPERATION",34,25,9,0,33,24,9,0,1,1,0,0
"SINDH","SUJAWAL","20 - 24","WIDOWED",110,63,47,0,95,55,40,0,15,8,7,0
"SINDH","SUJAWAL","25 - 29","DIVORCED",54,41,13,0,42,32,10,0,12,9,3,0
"SINDH","SUJAWAL","25 - 29","MARRIED",43846,23413,20433,0,39440,20903,18537,0,4406,2510,1896,0
"SINDH","SUJAWAL","25 - 29","NEVER MARRIED",12560,3692,8866,2,10071,2867,7203,1,2489,825,1663,1
"SINDH","SUJAWAL","25 - 29","SEPERATION",41,21,20,0,38,18,20,0,3,3,0,0
"SINDH","SUJAWAL","25 - 29","WIDOWED",193,122,71,0,162,98,64,0,31,24,7,0
"SINDH","SUJAWAL","30 - 34","DIVORCED",78,49,29,0,53,33,20,0,25,16,9,0
"SINDH","SUJAWAL","30 - 34","MARRIED",43367,22616,20751,0,38745,20162,18583,0,4622,2454,2168,0
"SINDH","SUJAWAL","30 - 34","NEVER MARRIED",5463,1810,3649,4,4277,1390,2885,2,1186,420,764,2
"SINDH","SUJAWAL","30 - 34","SEPERATION",51,31,20,0,43,26,17,0,8,5,3,0
"SINDH","SUJAWAL","30 - 34","WIDOWED",299,190,109,0,277,176,101,0,22,14,8,0
"SINDH","SUJAWAL","35 - 39","DIVORCED",72,54,18,0,47,38,9,0,25,16,9,0
"SINDH","SUJAWAL","35 - 39","MARRIED",41950,21136,20814,0,36867,18565,18302,0,5083,2571,2512,0
"SINDH","SUJAWAL","35 - 39","NEVER MARRIED",2775,970,1805,0,2110,720,1390,0,665,250,415,0
"SINDH","SUJAWAL","35 - 39","SEPERATION",53,42,11,0,50,39,11,0,3,3,0,0
"SINDH","SUJAWAL","35 - 39","WIDOWED",547,363,184,0,466,303,163,0,81,60,21,0
"SINDH","SUJAWAL","40 - 44","DIVORCED",72,50,22,0,50,39,11,0,22,11,11,0
"SINDH","SUJAWAL","40 - 44","MARRIED",38886,18199,20687,0,34465,16147,18318,0,4421,2052,2369,0
"SINDH","SUJAWAL","40 - 44","NEVER MARRIED",1539,500,1037,2,1196,376,819,1,343,124,218,1
"SINDH","SUJAWAL","40 - 44","SEPERATION",60,40,20,0,55,37,18,0,5,3,2,0
"SINDH","SUJAWAL","40 - 44","WIDOWED",842,564,278,0,734,479,255,0,108,85,23,0
"SINDH","SUJAWAL","45 - 49","DIVORCED",56,43,13,0,39,31,8,0,17,12,5,0
"SINDH","SUJAWAL","45 - 49","MARRIED",30492,14442,16050,0,26836,12811,14025,0,3656,1631,2025,0
"SINDH","SUJAWAL","45 - 49","NEVER MARRIED",887,303,581,3,689,220,466,3,198,83,115,0
"SINDH","SUJAWAL","45 - 49","SEPERATION",48,30,18,0,41,24,17,0,7,6,1,0
"SINDH","SUJAWAL","45 - 49","WIDOWED",1084,810,274,0,909,670,239,0,175,140,35,0
"SINDH","SUJAWAL","50 - 54","DIVORCED",43,27,16,0,21,14,7,0,22,13,9,0
"SINDH","SUJAWAL","50 - 54","MARRIED",25757,11320,14437,0,22781,10046,12735,0,2976,1274,1702,0
"SINDH","SUJAWAL","50 - 54","NEVER MARRIED",506,183,320,3,402,138,264,0,104,45,56,3
"SINDH","SUJAWAL","50 - 54","SEPERATION",43,21,22,0,38,18,20,0,5,3,2,0
"SINDH","SUJAWAL","50 - 54","WIDOWED",1569,1179,390,0,1351,1000,351,0,218,179,39,0
"SINDH","SUJAWAL","55 - 59","DIVORCED",28,21,7,0,21,17,4,0,7,4,3,0
"SINDH","SUJAWAL","55 - 59","MARRIED",17626,7290,10336,0,15527,6436,9091,0,2099,854,1245,0
"SINDH","SUJAWAL","55 - 59","NEVER MARRIED",329,116,210,3,253,88,162,3,76,28,48,0
"SINDH","SUJAWAL","55 - 59","SEPERATION",32,17,15,0,26,13,13,0,6,4,2,0
"SINDH","SUJAWAL","55 - 59","WIDOWED",1661,1269,392,0,1406,1063,343,0,255,206,49,0
"SINDH","SUJAWAL","60 - 64","DIVORCED",7,7,0,0,6,6,0,0,1,1,0,0
"SINDH","SUJAWAL","60 - 64","MARRIED",11706,4913,6793,0,10270,4335,5935,0,1436,578,858,0
"SINDH","SUJAWAL","60 - 64","NEVER MARRIED",186,72,111,3,143,47,96,0,43,25,15,3
"SINDH","SUJAWAL","60 - 64","SEPERATION",25,11,14,0,20,9,11,0,5,2,3,0
"SINDH","SUJAWAL","60 - 64","WIDOWED",1961,1547,414,0,1684,1314,370,0,277,233,44,0
"SINDH","SUJAWAL","65 - 69","DIVORCED",12,6,6,0,9,5,4,0,3,1,2,0
"SINDH","SUJAWAL","65 - 69","MARRIED",7987,3265,4722,0,7060,2899,4161,0,927,366,561,0
"SINDH","SUJAWAL","65 - 69","NEVER MARRIED",110,38,70,2,90,31,59,0,20,7,11,2
"SINDH","SUJAWAL","65 - 69","SEPERATION",16,8,8,0,14,6,8,0,2,2,0,0
"SINDH","SUJAWAL","65 - 69","WIDOWED",1912,1470,442,0,1622,1238,384,0,290,232,58,0
"SINDH","SUJAWAL","70 - 74","DIVORCED",9,7,2,0,8,6,2,0,1,1,0,0
"SINDH","SUJAWAL","70 - 74","MARRIED",5709,1983,3726,0,5092,1776,3316,0,617,207,410,0
"SINDH","SUJAWAL","70 - 74","NEVER MARRIED",67,26,41,0,56,20,36,0,11,6,5,0
"SINDH","SUJAWAL","70 - 74","SEPERATION",18,10,8,0,17,9,8,0,1,1,0,0
"SINDH","SUJAWAL","70 - 74","WIDOWED",2054,1595,459,0,1763,1359,404,0,291,236,55,0
"SINDH","SUJAWAL","75 & ABOVE","DIVORCED",2,1,1,0,2,1,1,0,0,0,0,0
"SINDH","SUJAWAL","75 & ABOVE","MARRIED",4543,1475,3068,0,4188,1359,2829,0,355,116,239,0
"SINDH","SUJAWAL","75 & ABOVE","NEVER MARRIED",59,20,38,1,45,13,32,0,14,7,6,1
"SINDH","SUJAWAL","75 & ABOVE","SEPERATION",12,2,10,0,12,2,10,0,0,0,0,0
"SINDH","SUJAWAL","75 & ABOVE","WIDOWED",2630,2021,609,0,2316,1782,534,0,314,239,75,0
"SINDH","SUKKUR","15 &  ABOVE","DIVORCED",1547,1067,480,0,406,279,127,0,1141,788,353,0
"SINDH","SUKKUR","15 &  ABOVE","MARRIED",594534,297685,296849,0,300324,151056,149268,0,294210,146629,147581,0
"SINDH","SUKKUR","15 &  ABOVE","NEVER MARRIED",262882,99618,163194,70,109807,39869,69923,15,153075,59749,93271,55
"SINDH","SUKKUR","15 &  ABOVE","SEPERATION",785,465,320,0,332,199,133,0,453,266,187,0
"SINDH","SUKKUR","15 &  ABOVE","WIDOWED",29181,22738,6443,0,12657,9716,2941,0,16524,13022,3502,0
"SINDH","SUKKUR","15 - 19","DIVORCED",37,31,6,0,15,13,2,0,22,18,4,0
"SINDH","SUKKUR","15 - 19","MARRIED",20978,14147,6831,0,14229,9367,4862,0,6749,4780,1969,0
"SINDH","SUKKUR","15 - 19","NEVER MARRIED",146028,60844,85169,15,69017,27717,41294,6,77011,33127,43875,9
"SINDH","SUKKUR","15 - 19","SEPERATION",37,15,22,0,18,8,10,0,19,7,12,0
"SINDH","SUKKUR","15 - 19","WIDOWED",61,28,33,0,34,9,25,0,27,19,8,0
"SINDH","SUKKUR","20 - 24","DIVORCED",132,97,35,0,53,37,16,0,79,60,19,0
"SINDH","SUKKUR","20 - 24","MARRIED",67082,42058,25024,0,40282,24411,15871,0,26800,17647,9153,0
"SINDH","SUKKUR","20 - 24","NEVER MARRIED",65220,22598,42610,12,24762,7596,17163,3,40458,15002,25447,9
"SINDH","SUKKUR","20 - 24","SEPERATION",60,36,24,0,29,20,9,0,31,16,15,0
"SINDH","SUKKUR","20 - 24","WIDOWED",200,110,90,0,101,44,57,0,99,66,33,0
"SINDH","SUKKUR","25 - 29","DIVORCED",208,141,67,0,54,32,22,0,154,109,45,0
"SINDH","SUKKUR","25 - 29","MARRIED",85059,46338,38721,0,44076,23136,20940,0,40983,23202,17781,0
"SINDH","SUKKUR","25 - 29","NEVER MARRIED",28795,8699,20085,11,9357,2506,6851,0,19438,6193,13234,11
"SINDH","SUKKUR","25 - 29","SEPERATION",83,47,36,0,31,16,15,0,52,31,21,0
"SINDH","SUKKUR","25 - 29","WIDOWED",391,226,165,0,187,100,87,0,204,126,78,0
"SINDH","SUKKUR","30 - 34","DIVORCED",247,172,75,0,57,40,17,0,190,132,58,0
"SINDH","SUKKUR","30 - 34","MARRIED",84257,43982,40275,0,40877,21232,19645,0,43380,22750,20630,0
"SINDH","SUKKUR","30 - 34","NEVER MARRIED",11018,3264,7746,8,3270,916,2352,2,7748,2348,5394,6
"SINDH","SUKKUR","30 - 34","SEPERATION",90,63,27,0,42,29,13,0,48,34,14,0
"SINDH","SUKKUR","30 - 34","WIDOWED",607,401,206,0,293,177,116,0,314,224,90,0
"SINDH","SUKKUR","35 - 39","DIVORCED",260,188,72,0,67,50,17,0,193,138,55,0
"SINDH","SUKKUR","35 - 39","MARRIED",81708,40081,41627,0,39042,19149,19893,0,42666,20932,21734,0
"SINDH","SUKKUR","35 - 39","NEVER MARRIED",5401,1822,3574,5,1508,478,1029,1,3893,1344,2545,4
"SINDH","SUKKUR","35 - 39","SEPERATION",116,65,51,0,45,25,20,0,71,40,31,0
"SINDH","SUKKUR","35 - 39","WIDOWED",1042,766,276,0,493,350,143,0,549,416,133,0
"SINDH","SUKKUR","40 - 44","DIVORCED",221,149,72,0,51,36,15,0,170,113,57,0
"SINDH","SUKKUR","40 - 44","MARRIED",73192,34331,38861,0,36173,17051,19122,0,37019,17280,19739,0
"SINDH","SUKKUR","40 - 44","NEVER MARRIED",2836,942,1888,6,882,271,611,0,1954,671,1277,6
"SINDH","SUKKUR","40 - 44","SEPERATION",93,61,32,0,41,29,12,0,52,32,20,0
"SINDH","SUKKUR","40 - 44","WIDOWED",1781,1429,352,0,835,651,184,0,946,778,168,0
"SINDH","SUKKUR","45 - 49","DIVORCED",168,115,53,0,41,26,15,0,127,89,38,0
"SINDH","SUKKUR","45 - 49","MARRIED",55408,25460,29948,0,25606,11951,13655,0,29802,13509,16293,0
"SINDH","SUKKUR","45 - 49","NEVER MARRIED",1507,514,989,4,383,136,247,0,1124,378,742,4
"SINDH","SUKKUR","45 - 49","SEPERATION",87,55,32,0,32,20,12,0,55,35,20,0
"SINDH","SUKKUR","45 - 49","WIDOWED",2345,1934,411,0,1068,861,207,0,1277,1073,204,0
"SINDH","SUKKUR","50 - 54","DIVORCED",111,73,38,0,24,16,8,0,87,57,30,0
"SINDH","SUKKUR","50 - 54","MARRIED",43575,19344,24231,0,20499,9347,11152,0,23076,9997,13079,0
"SINDH","SUKKUR","50 - 54","NEVER MARRIED",824,355,463,6,250,104,143,3,574,251,320,3
"SINDH","SUKKUR","50 - 54","SEPERATION",73,43,30,0,31,18,13,0,42,25,17,0
"SINDH","SUKKUR","50 - 54","WIDOWED",3354,2757,597,0,1479,1185,294,0,1875,1572,303,0
"SINDH","SUKKUR","55 - 59","DIVORCED",72,45,27,0,18,12,6,0,54,33,21,0
"SINDH","SUKKUR","55 - 59","MARRIED",33026,13473,19553,0,14986,6101,8885,0,18040,7372,10668,0
"SINDH","SUKKUR","55 - 59","NEVER MARRIED",547,232,315,0,173,64,109,0,374,168,206,0
"SINDH","SUKKUR","55 - 59","SEPERATION",62,35,27,0,24,12,12,0,38,23,15,0
"SINDH","SUKKUR","55 - 59","WIDOWED",3601,2869,732,0,1465,1150,315,0,2136,1719,417,0
"SINDH","SUKKUR","60 - 64","DIVORCED",53,33,20,0,16,12,4,0,37,21,16,0
"SINDH","SUKKUR","60 - 64","MARRIED",21280,8294,12986,0,9814,3996,5818,0,11466,4298,7168,0
"SINDH","SUKKUR","60 - 64","NEVER MARRIED",323,156,166,1,93,37,56,0,230,119,110,1
"SINDH","SUKKUR","60 - 64","SEPERATION",33,20,13,0,11,10,1,0,22,10,12,0
"SINDH","SUKKUR","60 - 64","WIDOWED",4132,3260,872,0,1672,1292,380,0,2460,1968,492,0
"SINDH","SUKKUR","65 - 69","DIVORCED",15,11,4,0,4,3,1,0,11,8,3,0
"SINDH","SUKKUR","65 - 69","MARRIED",13585,5092,8493,0,6579,2574,4005,0,7006,2518,4488,0
"SINDH","SUKKUR","65 - 69","NEVER MARRIED",198,103,95,0,45,18,27,0,153,85,68,0
"SINDH","SUKKUR","65 - 69","SEPERATION",22,14,8,0,9,6,3,0,13,8,5,0
"SINDH","SUKKUR","65 - 69","WIDOWED",4038,3154,884,0,1625,1278,347,0,2413,1876,537,0
"SINDH","SUKKUR","70 - 74","DIVORCED",13,7,6,0,2,1,1,0,11,6,5,0
"SINDH","SUKKUR","70 - 74","MARRIED",9007,3106,5901,0,4644,1659,2985,0,4363,1447,2916,0
"SINDH","SUKKUR","70 - 74","NEVER MARRIED",102,51,50,1,36,15,21,0,66,36,29,1
"SINDH","SUKKUR","70 - 74","SEPERATION",15,7,8,0,7,3,4,0,8,4,4,0
"SINDH","SUKKUR","70 - 74","WIDOWED",3701,2873,828,0,1631,1273,358,0,2070,1600,470,0
"SINDH","SUKKUR","75 & ABOVE","DIVORCED",10,5,5,0,4,1,3,0,6,4,2,0
"SINDH","SUKKUR","75 & ABOVE","MARRIED",6377,1979,4398,0,3517,1082,2435,0,2860,897,1963,0
"SINDH","SUKKUR","75 & ABOVE","NEVER MARRIED",83,38,44,1,31,11,20,0,52,27,24,1
"SINDH","SUKKUR","75 & ABOVE","SEPERATION",14,4,10,0,12,3,9,0,2,1,1,0
"SINDH","SUKKUR","75 & ABOVE","WIDOWED",3928,2931,997,0,1774,1346,428,0,2154,1585,569,0
"SINDH","TANDO ALLAHYAR","15 &  ABOVE","DIVORCED",979,641,338,0,518,335,183,0,461,306,155,0
"SINDH","TANDO ALLAHYAR","15 &  ABOVE","MARRIED",361621,180748,180873,0,247177,123660,123517,0,114444,57088,57356,0
"SINDH","TANDO ALLAHYAR","15 &  ABOVE","NEVER MARRIED",129128,53947,75163,18,79777,33006,46770,1,49351,20941,28393,17
"SINDH","TANDO ALLAHYAR","15 &  ABOVE","SEPERATION",446,241,205,0,300,164,136,0,146,77,69,0
"SINDH","TANDO ALLAHYAR","15 &  ABOVE","WIDOWED",20607,15909,4698,0,13454,10402,3052,0,7153,5507,1646,0
"SINDH","TANDO ALLAHYAR","15 - 19","DIVORCED",44,29,15,0,31,18,13,0,13,11,2,0
"SINDH","TANDO ALLAHYAR","15 - 19","MARRIED",15799,10389,5410,0,12472,8075,4397,0,3327,2314,1013,0
"SINDH","TANDO ALLAHYAR","15 - 19","NEVER MARRIED",71915,32331,39582,2,46907,20645,26261,1,25008,11686,13321,1
"SINDH","TANDO ALLAHYAR","15 - 19","SEPERATION",26,15,11,0,16,8,8,0,10,7,3,0
"SINDH","TANDO ALLAHYAR","15 - 19","WIDOWED",32,13,19,0,24,9,15,0,8,4,4,0
"SINDH","TANDO ALLAHYAR","20 - 24","DIVORCED",117,81,36,0,79,55,24,0,38,26,12,0
"SINDH","TANDO ALLAHYAR","20 - 24","MARRIED",44673,26319,18354,0,33236,19164,14072,0,11437,7155,4282,0
"SINDH","TANDO ALLAHYAR","20 - 24","NEVER MARRIED",31124,11689,19433,2,18013,6496,11517,0,13111,5193,7916,2
"SINDH","TANDO ALLAHYAR","20 - 24","SEPERATION",53,23,30,0,40,17,23,0,13,6,7,0
"SINDH","TANDO ALLAHYAR","20 - 24","WIDOWED",152,70,82,0,121,51,70,0,31,19,12,0
"SINDH","TANDO ALLAHYAR","25 - 29","DIVORCED",158,97,61,0,83,51,32,0,75,46,29,0
"SINDH","TANDO ALLAHYAR","25 - 29","MARRIED",52561,27516,25045,0,36534,18719,17815,0,16027,8797,7230,0
"SINDH","TANDO ALLAHYAR","25 - 29","NEVER MARRIED",13682,5236,8444,2,7695,2953,4742,0,5987,2283,3702,2
"SINDH","TANDO ALLAHYAR","25 - 29","SEPERATION",56,26,30,0,38,19,19,0,18,7,11,0
"SINDH","TANDO ALLAHYAR","25 - 29","WIDOWED",253,126,127,0,173,89,84,0,80,37,43,0
"SINDH","TANDO ALLAHYAR","30 - 34","DIVORCED",160,104,56,0,84,55,29,0,76,49,27,0
"SINDH","TANDO ALLAHYAR","30 - 34","MARRIED",51708,26665,25043,0,34706,17920,16786,0,17002,8745,8257,0
"SINDH","TANDO ALLAHYAR","30 - 34","NEVER MARRIED",5662,2163,3497,2,3237,1300,1937,0,2425,863,1560,2
"SINDH","TANDO ALLAHYAR","30 - 34","SEPERATION",43,25,18,0,29,15,14,0,14,10,4,0
"SINDH","TANDO ALLAHYAR","30 - 34","WIDOWED",480,311,169,0,334,206,128,0,146,105,41,0
"SINDH","TANDO ALLAHYAR","35 - 39","DIVORCED",161,105,56,0,82,51,31,0,79,54,25,0
"SINDH","TANDO ALLAHYAR","35 - 39","MARRIED",49592,24738,24854,0,33130,16580,16550,0,16462,8158,8304,0
"SINDH","TANDO ALLAHYAR","35 - 39","NEVER MARRIED",2931,1051,1879,1,1694,674,1020,0,1237,377,859,1
"SINDH","TANDO ALLAHYAR","35 - 39","SEPERATION",48,24,24,0,32,16,16,0,16,8,8,0
"SINDH","TANDO ALLAHYAR","35 - 39","WIDOWED",750,546,204,0,489,354,135,0,261,192,69,0
"SINDH","TANDO ALLAHYAR","40 - 44","DIVORCED",137,99,38,0,63,45,18,0,74,54,20,0
"SINDH","TANDO ALLAHYAR","40 - 44","MARRIED",46109,21818,24291,0,30804,14620,16184,0,15305,7198,8107,0
"SINDH","TANDO ALLAHYAR","40 - 44","NEVER MARRIED",1631,615,1016,0,947,396,551,0,684,219,465,0
"SINDH","TANDO ALLAHYAR","40 - 44","SEPERATION",55,36,19,0,37,25,12,0,18,11,7,0
"SINDH","TANDO ALLAHYAR","40 - 44","WIDOWED",1388,1064,324,0,914,707,207,0,474,357,117,0
"SINDH","TANDO ALLAHYAR","45 - 49","DIVORCED",73,50,23,0,36,26,10,0,37,24,13,0
"SINDH","TANDO ALLAHYAR","45 - 49","MARRIED",31662,14810,16852,0,20694,9719,10975,0,10968,5091,5877,0
"SINDH","TANDO ALLAHYAR","45 - 49","NEVER MARRIED",866,319,544,3,513,208,305,0,353,111,239,3
"SINDH","TANDO ALLAHYAR","45 - 49","SEPERATION",50,33,17,0,29,22,7,0,21,11,10,0
"SINDH","TANDO ALLAHYAR","45 - 49","WIDOWED",1744,1401,343,0,1145,926,219,0,599,475,124,0
"SINDH","TANDO ALLAHYAR","50 - 54","DIVORCED",58,35,23,0,27,17,10,0,31,18,13,0
"SINDH","TANDO ALLAHYAR","50 - 54","MARRIED",26514,11832,14682,0,17334,7783,9551,0,9180,4049,5131,0
"SINDH","TANDO ALLAHYAR","50 - 54","NEVER MARRIED",534,202,328,4,297,118,179,0,237,84,149,4
"SINDH","TANDO ALLAHYAR","50 - 54","SEPERATION",40,26,14,0,25,17,8,0,15,9,6,0
"SINDH","TANDO ALLAHYAR","50 - 54","WIDOWED",2670,2113,557,0,1745,1364,381,0,925,749,176,0
"SINDH","TANDO ALLAHYAR","55 - 59","DIVORCED",34,17,17,0,16,9,7,0,18,8,10,0
"SINDH","TANDO ALLAHYAR","55 - 59","MARRIED",17719,7040,10679,0,11286,4515,6771,0,6433,2525,3908,0
"SINDH","TANDO ALLAHYAR","55 - 59","NEVER MARRIED",313,134,178,1,185,82,103,0,128,52,75,1
"SINDH","TANDO ALLAHYAR","55 - 59","SEPERATION",24,13,11,0,15,7,8,0,9,6,3,0
"SINDH","TANDO ALLAHYAR","55 - 59","WIDOWED",2459,1919,540,0,1526,1194,332,0,933,725,208,0
"SINDH","TANDO ALLAHYAR","60 - 64","DIVORCED",25,15,10,0,14,6,8,0,11,9,2,0
"SINDH","TANDO ALLAHYAR","60 - 64","MARRIED",10613,4370,6243,0,6924,2929,3995,0,3689,1441,2248,0
"SINDH","TANDO ALLAHYAR","60 - 64","NEVER MARRIED",216,91,124,1,118,59,59,0,98,32,65,1
"SINDH","TANDO ALLAHYAR","60 - 64","SEPERATION",20,9,11,0,13,7,6,0,7,2,5,0
"SINDH","TANDO ALLAHYAR","60 - 64","WIDOWED",2648,2127,521,0,1709,1379,330,0,939,748,191,0
"SINDH","TANDO ALLAHYAR","65 - 69","DIVORCED",6,5,1,0,1,1,0,0,5,4,1,0
"SINDH","TANDO ALLAHYAR","65 - 69","MARRIED",7266,2805,4461,0,4852,1895,2957,0,2414,910,1504,0
"SINDH","TANDO ALLAHYAR","65 - 69","NEVER MARRIED",119,56,63,0,71,33,38,0,48,23,25,0
"SINDH","TANDO ALLAHYAR","65 - 69","SEPERATION",17,7,10,0,14,7,7,0,3,0,3,0
"SINDH","TANDO ALLAHYAR","65 - 69","WIDOWED",2701,2133,568,0,1744,1387,357,0,957,746,211,0
"SINDH","TANDO ALLAHYAR","70 - 74","DIVORCED",4,2,2,0,1,0,1,0,3,2,1,0
"SINDH","TANDO ALLAHYAR","70 - 74","MARRIED",4565,1609,2956,0,3178,1160,2018,0,1387,449,938,0
"SINDH","TANDO ALLAHYAR","70 - 74","NEVER MARRIED",82,40,42,0,61,28,33,0,21,12,9,0
"SINDH","TANDO ALLAHYAR","70 - 74","SEPERATION",7,1,6,0,5,1,4,0,2,0,2,0
"SINDH","TANDO ALLAHYAR","70 - 74","WIDOWED",2541,1968,573,0,1663,1297,366,0,878,671,207,0
"SINDH","TANDO ALLAHYAR","75 & ABOVE","DIVORCED",2,2,0,0,1,1,0,0,1,1,0,0
"SINDH","TANDO ALLAHYAR","75 & ABOVE","MARRIED",2840,837,2003,0,2027,581,1446,0,813,256,557,0
"SINDH","TANDO ALLAHYAR","75 & ABOVE","NEVER MARRIED",53,20,33,0,39,14,25,0,14,6,8,0
"SINDH","TANDO ALLAHYAR","75 & ABOVE","SEPERATION",7,3,4,0,7,3,4,0,0,0,0,0
"SINDH","TANDO ALLAHYAR","75 & ABOVE","WIDOWED",2789,2118,671,0,1867,1439,428,0,922,679,243,0
"SINDH","TANDO MUHAMMAD KHAN","15 &  ABOVE","DIVORCED",856,575,281,0,540,361,179,0,316,214,102,0
"SINDH","TANDO MUHAMMAD KHAN","15 &  ABOVE","MARRIED",297888,149087,148801,0,231677,116050,115627,0,66211,33037,33174,0
"SINDH","TANDO MUHAMMAD KHAN","15 &  ABOVE","NEVER MARRIED",101922,38948,62954,20,73889,27938,45946,5,28033,11010,17008,15
"SINDH","TANDO MUHAMMAD KHAN","15 &  ABOVE","SEPERATION",697,415,282,0,500,307,193,0,197,108,89,0
"SINDH","TANDO MUHAMMAD KHAN","15 &  ABOVE","WIDOWED",18301,13812,4489,0,13562,10222,3340,0,4739,3590,1149,0
"SINDH","TANDO MUHAMMAD KHAN","15 - 19","DIVORCED",27,18,9,0,18,11,7,0,9,7,2,0
"SINDH","TANDO MUHAMMAD KHAN","15 - 19","MARRIED",12514,8485,4029,0,10122,6782,3340,0,2392,1703,689,0
"SINDH","TANDO MUHAMMAD KHAN","15 - 19","NEVER MARRIED",55900,23552,32346,2,42137,17494,24642,1,13763,6058,7704,1
"SINDH","TANDO MUHAMMAD KHAN","15 - 19","SEPERATION",21,9,12,0,18,7,11,0,3,2,1,0
"SINDH","TANDO MUHAMMAD KHAN","15 - 19","WIDOWED",34,13,21,0,30,12,18,0,4,1,3,0
"SINDH","TANDO MUHAMMAD KHAN","20 - 24","DIVORCED",109,69,40,0,74,46,28,0,35,23,12,0
"SINDH","TANDO MUHAMMAD KHAN","20 - 24","MARRIED",40144,24089,16055,0,32536,19448,13088,0,7608,4641,2967,0
"SINDH","TANDO MUHAMMAD KHAN","20 - 24","NEVER MARRIED",24023,8300,15721,2,16888,5627,11260,1,7135,2673,4461,1
"SINDH","TANDO MUHAMMAD KHAN","20 - 24","SEPERATION",54,32,22,0,43,25,18,0,11,7,4,0
"SINDH","TANDO MUHAMMAD KHAN","20 - 24","WIDOWED",142,80,62,0,108,59,49,0,34,21,13,0
"SINDH","TANDO MUHAMMAD KHAN","25 - 29","DIVORCED",111,83,28,0,67,48,19,0,44,35,9,0
"SINDH","TANDO MUHAMMAD KHAN","25 - 29","MARRIED",42372,21917,20455,0,33576,17241,16335,0,8796,4676,4120,0
"SINDH","TANDO MUHAMMAD KHAN","25 - 29","NEVER MARRIED",10539,3046,7491,2,7149,2000,5149,0,3390,1046,2342,2
"SINDH","TANDO MUHAMMAD KHAN","25 - 29","SEPERATION",74,39,35,0,54,28,26,0,20,11,9,0
"SINDH","TANDO MUHAMMAD KHAN","25 - 29","WIDOWED",226,130,96,0,184,105,79,0,42,25,17,0
"SINDH","TANDO MUHAMMAD KHAN","30 - 34","DIVORCED",128,88,40,0,78,54,24,0,50,34,16,0
"SINDH","TANDO MUHAMMAD KHAN","30 - 34","MARRIED",41251,21348,19903,0,31806,16396,15410,0,9445,4952,4493,0
"SINDH","TANDO MUHAMMAD KHAN","30 - 34","NEVER MARRIED",4835,1626,3206,3,3256,1129,2126,1,1579,497,1080,2
"SINDH","TANDO MUHAMMAD KHAN","30 - 34","SEPERATION",86,51,35,0,61,39,22,0,25,12,13,0
"SINDH","TANDO MUHAMMAD KHAN","30 - 34","WIDOWED",416,285,131,0,319,212,107,0,97,73,24,0
"SINDH","TANDO MUHAMMAD KHAN","35 - 39","DIVORCED",148,102,46,0,93,65,28,0,55,37,18,0
"SINDH","TANDO MUHAMMAD KHAN","35 - 39","MARRIED",38229,18785,19444,0,29088,14352,14736,0,9141,4433,4708,0
"SINDH","TANDO MUHAMMAD KHAN","35 - 39","NEVER MARRIED",2745,1002,1740,3,1858,703,1155,0,887,299,585,3
"SINDH","TANDO MUHAMMAD KHAN","35 - 39","SEPERATION",97,56,41,0,69,43,26,0,28,13,15,0
"SINDH","TANDO MUHAMMAD KHAN","35 - 39","WIDOWED",655,445,210,0,471,318,153,0,184,127,57,0
"SINDH","TANDO MUHAMMAD KHAN","40 - 44","DIVORCED",121,79,42,0,83,55,28,0,38,24,14,0
"SINDH","TANDO MUHAMMAD KHAN","40 - 44","MARRIED",38140,18093,20047,0,29600,13951,15649,0,8540,4142,4398,0
"SINDH","TANDO MUHAMMAD KHAN","40 - 44","NEVER MARRIED",1599,574,1023,2,1062,398,664,0,537,176,359,2
"SINDH","TANDO MUHAMMAD KHAN","40 - 44","SEPERATION",104,67,37,0,69,46,23,0,35,21,14,0
"SINDH","TANDO MUHAMMAD KHAN","40 - 44","WIDOWED",1202,898,304,0,928,688,240,0,274,210,64,0
"SINDH","TANDO MUHAMMAD KHAN","45 - 49","DIVORCED",74,45,29,0,41,24,17,0,33,21,12,0
"SINDH","TANDO MUHAMMAD KHAN","45 - 49","MARRIED",26033,12004,14029,0,19796,9177,10619,0,6237,2827,3410,0
"SINDH","TANDO MUHAMMAD KHAN","45 - 49","NEVER MARRIED",925,321,604,0,655,236,419,0,270,85,185,0
"SINDH","TANDO MUHAMMAD KHAN","45 - 49","SEPERATION",77,48,29,0,51,33,18,0,26,15,11,0
"SINDH","TANDO MUHAMMAD KHAN","45 - 49","WIDOWED",1498,1125,373,0,1099,812,287,0,399,313,86,0
"SINDH","TANDO MUHAMMAD KHAN","50 - 54","DIVORCED",53,38,15,0,29,22,7,0,24,16,8,0
"SINDH","TANDO MUHAMMAD KHAN","50 - 54","MARRIED",21919,9708,12211,0,16808,7472,9336,0,5111,2236,2875,0
"SINDH","TANDO MUHAMMAD KHAN","50 - 54","NEVER MARRIED",517,205,310,2,340,139,201,0,177,66,109,2
"SINDH","TANDO MUHAMMAD KHAN","50 - 54","SEPERATION",69,46,23,0,47,34,13,0,22,12,10,0
"SINDH","TANDO MUHAMMAD KHAN","50 - 54","WIDOWED",2193,1678,515,0,1589,1210,379,0,604,468,136,0
"SINDH","TANDO MUHAMMAD KHAN","55 - 59","DIVORCED",33,23,10,0,18,11,7,0,15,12,3,0
"SINDH","TANDO MUHAMMAD KHAN","55 - 59","MARRIED",13800,5484,8316,0,10157,4042,6115,0,3643,1442,2201,0
"SINDH","TANDO MUHAMMAD KHAN","55 - 59","NEVER MARRIED",352,131,218,3,226,95,129,2,126,36,89,1
"SINDH","TANDO MUHAMMAD KHAN","55 - 59","SEPERATION",41,24,17,0,32,19,13,0,9,5,4,0
"SINDH","TANDO MUHAMMAD KHAN","55 - 59","WIDOWED",1914,1450,464,0,1349,1014,335,0,565,436,129,0
"SINDH","TANDO MUHAMMAD KHAN","60 - 64","DIVORCED",25,14,11,0,18,11,7,0,7,3,4,0
"SINDH","TANDO MUHAMMAD KHAN","60 - 64","MARRIED",9599,4223,5376,0,7239,3249,3990,0,2360,974,1386,0
"SINDH","TANDO MUHAMMAD KHAN","60 - 64","NEVER MARRIED",220,84,135,1,145,56,89,0,75,28,46,1
"SINDH","TANDO MUHAMMAD KHAN","60 - 64","SEPERATION",29,18,11,0,21,14,7,0,8,4,4,0
"SINDH","TANDO MUHAMMAD KHAN","60 - 64","WIDOWED",2389,1911,478,0,1767,1423,344,0,622,488,134,0
"SINDH","TANDO MUHAMMAD KHAN","65 - 69","DIVORCED",19,13,6,0,16,11,5,0,3,2,1,0
"SINDH","TANDO MUHAMMAD KHAN","65 - 69","MARRIED",6484,2500,3984,0,4991,1955,3036,0,1493,545,948,0
"SINDH","TANDO MUHAMMAD KHAN","65 - 69","NEVER MARRIED",130,61,69,0,77,31,46,0,53,30,23,0
"SINDH","TANDO MUHAMMAD KHAN","65 - 69","SEPERATION",21,12,9,0,15,9,6,0,6,3,3,0
"SINDH","TANDO MUHAMMAD KHAN","65 - 69","WIDOWED",2403,1859,544,0,1755,1361,394,0,648,498,150,0
"SINDH","TANDO MUHAMMAD KHAN","70 - 74","DIVORCED",6,3,3,0,5,3,2,0,1,0,1,0
"SINDH","TANDO MUHAMMAD KHAN","70 - 74","MARRIED",4539,1616,2923,0,3647,1305,2342,0,892,311,581,0
"SINDH","TANDO MUHAMMAD KHAN","70 - 74","NEVER MARRIED",91,30,61,0,62,17,45,0,29,13,16,0
"SINDH","TANDO MUHAMMAD KHAN","70 - 74","SEPERATION",13,9,4,0,11,8,3,0,2,1,1,0
"SINDH","TANDO MUHAMMAD KHAN","70 - 74","WIDOWED",2491,1907,584,0,1872,1449,423,0,619,458,161,0
"SINDH","TANDO MUHAMMAD KHAN","75 & ABOVE","DIVORCED",2,0,2,0,0,0,0,0,2,0,2,0
"SINDH","TANDO MUHAMMAD KHAN","75 & ABOVE","MARRIED",2864,835,2029,0,2311,680,1631,0,553,155,398,0
"SINDH","TANDO MUHAMMAD KHAN","75 & ABOVE","NEVER MARRIED",46,16,30,0,34,13,21,0,12,3,9,0
"SINDH","TANDO MUHAMMAD KHAN","75 & ABOVE","SEPERATION",11,4,7,0,9,2,7,0,2,2,0,0
"SINDH","TANDO MUHAMMAD KHAN","75 & ABOVE","WIDOWED",2738,2031,707,0,2091,1559,532,0,647,472,175,0
"SINDH","THARPARKAR","15 &  ABOVE","DIVORCED",359,241,118,0,264,184,80,0,95,57,38,0
"SINDH","THARPARKAR","15 &  ABOVE","MARRIED",639930,320398,319532,0,583977,292618,291359,0,55953,27780,28173,0
"SINDH","THARPARKAR","15 &  ABOVE","NEVER MARRIED",186233,73641,112562,30,164071,64873,99171,27,22162,8768,13391,3
"SINDH","THARPARKAR","15 &  ABOVE","SEPERATION",538,264,274,0,487,239,248,0,51,25,26,0
"SINDH","THARPARKAR","15 &  ABOVE","WIDOWED",28652,22176,6476,0,25743,19757,5986,0,2909,2419,490,0
"SINDH","THARPARKAR","15 - 19","DIVORCED",12,6,6,0,12,6,6,0,0,0,0,0
"SINDH","THARPARKAR","15 - 19","MARRIED",33995,21022,12973,0,32592,20088,12504,0,1403,934,469,0
"SINDH","THARPARKAR","15 - 19","NEVER MARRIED",125438,56212,69220,6,112857,50633,62218,6,12581,5579,7002,0
"SINDH","THARPARKAR","15 - 19","SEPERATION",47,11,36,0,46,10,36,0,1,1,0,0
"SINDH","THARPARKAR","15 - 19","WIDOWED",52,23,29,0,49,23,26,0,3,0,3,0
"SINDH","THARPARKAR","20 - 24","DIVORCED",30,19,11,0,23,13,10,0,7,6,1,0
"SINDH","THARPARKAR","20 - 24","MARRIED",87549,51584,35965,0,82086,48132,33954,0,5463,3452,2011,0
"SINDH","THARPARKAR","20 - 24","NEVER MARRIED",37635,12251,25378,6,31580,9973,21601,6,6055,2278,3777,0
"SINDH","THARPARKAR","20 - 24","SEPERATION",48,13,35,0,47,13,34,0,1,0,1,0
"SINDH","THARPARKAR","20 - 24","WIDOWED",116,54,62,0,108,52,56,0,8,2,6,0
"SINDH","THARPARKAR","25 - 29","DIVORCED",62,38,24,0,40,24,16,0,22,14,8,0
"SINDH","THARPARKAR","25 - 29","MARRIED",95875,49441,46434,0,87706,45018,42688,0,8169,4423,3746,0
"SINDH","THARPARKAR","25 - 29","NEVER MARRIED",13278,2954,10320,4,10958,2315,8639,4,2320,639,1681,0
"SINDH","THARPARKAR","25 - 29","SEPERATION",45,29,16,0,38,26,12,0,7,3,4,0
"SINDH","THARPARKAR","25 - 29","WIDOWED",279,143,136,0,262,133,129,0,17,10,7,0
"SINDH","THARPARKAR","30 - 34","DIVORCED",59,38,21,0,42,28,14,0,17,10,7,0
"SINDH","THARPARKAR","30 - 34","MARRIED",80360,41076,39284,0,72253,36962,35291,0,8107,4114,3993,0
"SINDH","THARPARKAR","30 - 34","NEVER MARRIED",4565,1038,3524,3,3956,897,3056,3,609,141,468,0
"SINDH","THARPARKAR","30 - 34","SEPERATION",49,26,23,0,38,19,19,0,11,7,4,0
"SINDH","THARPARKAR","30 - 34","WIDOWED",461,305,156,0,401,256,145,0,60,49,11,0
"SINDH","THARPARKAR","35 - 39","DIVORCED",56,38,18,0,36,28,8,0,20,10,10,0
"SINDH","THARPARKAR","35 - 39","MARRIED",77487,38624,38863,0,69735,34812,34923,0,7752,3812,3940,0
"SINDH","THARPARKAR","35 - 39","NEVER MARRIED",2186,494,1692,0,1920,435,1485,0,266,59,207,0
"SINDH","THARPARKAR","35 - 39","SEPERATION",71,43,28,0,62,39,23,0,9,4,5,0
"SINDH","THARPARKAR","35 - 39","WIDOWED",768,550,218,0,691,487,204,0,77,63,14,0
"SINDH","THARPARKAR","40 - 44","DIVORCED",34,25,9,0,28,21,7,0,6,4,2,0
"SINDH","THARPARKAR","40 - 44","MARRIED",74042,36143,37899,0,66786,32572,34214,0,7256,3571,3685,0
"SINDH","THARPARKAR","40 - 44","NEVER MARRIED",1306,282,1024,0,1143,246,897,0,163,36,127,0
"SINDH","THARPARKAR","40 - 44","SEPERATION",65,39,26,0,58,34,24,0,7,5,2,0
"SINDH","THARPARKAR","40 - 44","WIDOWED",1367,1032,335,0,1231,919,312,0,136,113,23,0
"SINDH","THARPARKAR","45 - 49","DIVORCED",38,27,11,0,27,22,5,0,11,5,6,0
"SINDH","THARPARKAR","45 - 49","MARRIED",51341,24503,26838,0,46131,22084,24047,0,5210,2419,2791,0
"SINDH","THARPARKAR","45 - 49","NEVER MARRIED",639,149,489,1,575,135,439,1,64,14,50,0
"SINDH","THARPARKAR","45 - 49","SEPERATION",46,27,19,0,39,24,15,0,7,3,4,0
"SINDH","THARPARKAR","45 - 49","WIDOWED",1691,1300,391,0,1512,1141,371,0,179,159,20,0
"SINDH","THARPARKAR","50 - 54","DIVORCED",22,17,5,0,17,14,3,0,5,3,2,0
"SINDH","THARPARKAR","50 - 54","MARRIED",43125,19944,23181,0,38882,18023,20859,0,4243,1921,2322,0
"SINDH","THARPARKAR","50 - 54","NEVER MARRIED",402,98,300,4,363,92,269,2,39,6,31,2
"SINDH","THARPARKAR","50 - 54","SEPERATION",48,27,21,0,45,27,18,0,3,0,3,0
"SINDH","THARPARKAR","50 - 54","WIDOWED",2373,1858,515,0,2097,1611,486,0,276,247,29,0
"SINDH","THARPARKAR","55 - 59","DIVORCED",18,12,6,0,14,9,5,0,4,3,1,0
"SINDH","THARPARKAR","55 - 59","MARRIED",31292,12572,18720,0,28038,11363,16675,0,3254,1209,2045,0
"SINDH","THARPARKAR","55 - 59","NEVER MARRIED",275,60,214,1,248,55,192,1,27,5,22,0
"SINDH","THARPARKAR","55 - 59","SEPERATION",36,15,21,0,35,14,21,0,1,1,0,0
"SINDH","THARPARKAR","55 - 59","WIDOWED",2374,1796,578,0,2079,1566,513,0,295,230,65,0
"SINDH","THARPARKAR","60 - 64","DIVORCED",12,9,3,0,9,7,2,0,3,2,1,0
"SINDH","THARPARKAR","60 - 64","MARRIED",21516,9452,12064,0,19625,8658,10967,0,1891,794,1097,0
"SINDH","THARPARKAR","60 - 64","NEVER MARRIED",195,47,146,2,180,43,135,2,15,4,11,0
"SINDH","THARPARKAR","60 - 64","SEPERATION",23,12,11,0,21,12,9,0,2,0,2,0
"SINDH","THARPARKAR","60 - 64","WIDOWED",3066,2421,645,0,2772,2186,586,0,294,235,59,0
"SINDH","THARPARKAR","65 - 69","DIVORCED",5,3,2,0,5,3,2,0,0,0,0,0
"SINDH","THARPARKAR","65 - 69","MARRIED",17186,6971,10215,0,15721,6397,9324,0,1465,574,891,0
"SINDH","THARPARKAR","65 - 69","NEVER MARRIED",119,21,98,0,108,17,91,0,11,4,7,0
"SINDH","THARPARKAR","65 - 69","SEPERATION",22,10,12,0,20,9,11,0,2,1,1,0
"SINDH","THARPARKAR","65 - 69","WIDOWED",3508,2690,818,0,3108,2361,747,0,400,329,71,0
"SINDH","THARPARKAR","70 - 74","DIVORCED",4,3,1,0,4,3,1,0,0,0,0,0
"SINDH","THARPARKAR","70 - 74","MARRIED",13283,5026,8257,0,12322,4688,7634,0,961,338,623,0
"SINDH","THARPARKAR","70 - 74","NEVER MARRIED",89,13,75,1,82,11,71,0,7,2,4,1
"SINDH","THARPARKAR","70 - 74","SEPERATION",15,5,10,0,15,5,10,0,0,0,0,0
"SINDH","THARPARKAR","70 - 74","WIDOWED",4387,3494,893,0,3946,3114,832,0,441,380,61,0
"SINDH","THARPARKAR","75 & ABOVE","DIVORCED",7,6,1,0,7,6,1,0,0,0,0,0
"SINDH","THARPARKAR","75 & ABOVE","MARRIED",12879,4040,8839,0,12100,3821,8279,0,779,219,560,0
"SINDH","THARPARKAR","75 & ABOVE","NEVER MARRIED",106,22,82,2,101,21,78,2,5,1,4,0
"SINDH","THARPARKAR","75 & ABOVE","SEPERATION",23,7,16,0,23,7,16,0,0,0,0,0
"SINDH","THARPARKAR","75 & ABOVE","WIDOWED",8210,6510,1700,0,7487,5908,1579,0,723,602,121,0
"SINDH","THATTA","15 &  ABOVE","DIVORCED",805,527,278,0,528,339,189,0,277,188,89,0
"SINDH","THATTA","15 &  ABOVE","MARRIED",410464,204944,205520,0,337217,168466,168751,0,73247,36478,36769,0
"SINDH","THATTA","15 &  ABOVE","NEVER MARRIED",172495,71417,101040,38,137892,56308,81557,27,34603,15109,19483,11
"SINDH","THATTA","15 &  ABOVE","SEPERATION",812,382,430,0,637,289,348,0,175,93,82,0
"SINDH","THATTA","15 &  ABOVE","WIDOWED",19550,14456,5094,0,15763,11471,4292,0,3787,2985,802,0
"SINDH","THATTA","15 - 19","DIVORCED",24,15,9,0,18,11,7,0,6,4,2,0
"SINDH","THATTA","15 - 19","MARRIED",12632,8637,3995,0,10868,7398,3470,0,1764,1239,525,0
"SINDH","THATTA","15 - 19","NEVER MARRIED",93319,42838,50470,11,75696,34412,41273,11,17623,8426,9197,0
"SINDH","THATTA","15 - 19","SEPERATION",91,13,78,0,77,11,66,0,14,2,12,0
"SINDH","THATTA","15 - 19","WIDOWED",52,17,35,0,45,14,31,0,7,3,4,0
"SINDH","THATTA","20 - 24","DIVORCED",67,49,18,0,45,31,14,0,22,18,4,0
"SINDH","THATTA","20 - 24","MARRIED",40624,25470,15154,0,33826,21118,12708,0,6798,4352,2446,0
"SINDH","THATTA","20 - 24","NEVER MARRIED",39633,14718,24913,2,31002,11255,19746,1,8631,3463,5167,1
"SINDH","THATTA","20 - 24","SEPERATION",82,37,45,0,66,28,38,0,16,9,7,0
"SINDH","THATTA","20 - 24","WIDOWED",146,69,77,0,120,55,65,0,26,14,12,0
"SINDH","THATTA","25 - 29","DIVORCED",99,64,35,0,62,38,24,0,37,26,11,0
"SINDH","THATTA","25 - 29","MARRIED",56705,30525,26180,0,46275,24790,21485,0,10430,5735,4695,0
"SINDH","THATTA","25 - 29","NEVER MARRIED",20172,7402,12766,4,15725,5577,10146,2,4447,1825,2620,2
"SINDH","THATTA","25 - 29","SEPERATION",95,41,54,0,76,30,46,0,19,11,8,0
"SINDH","THATTA","25 - 29","WIDOWED",258,142,116,0,204,107,97,0,54,35,19,0
"SINDH","THATTA","30 - 34","DIVORCED",131,82,49,0,81,50,31,0,50,32,18,0
"SINDH","THATTA","30 - 34","MARRIED",59519,31763,27756,0,48790,26044,22746,0,10729,5719,5010,0
"SINDH","THATTA","30 - 34","NEVER MARRIED",8955,3007,5945,3,7109,2346,4761,2,1846,661,1184,1
"SINDH","THATTA","30 - 34","SEPERATION",75,39,36,0,55,27,28,0,20,12,8,0
"SINDH","THATTA","30 - 34","WIDOWED",466,299,167,0,394,245,149,0,72,54,18,0
"SINDH","THATTA","35 - 39","DIVORCED",131,88,43,0,94,59,35,0,37,29,8,0
"SINDH","THATTA","35 - 39","MARRIED",55899,27562,28337,0,45475,22496,22979,0,10424,5066,5358,0
"SINDH","THATTA","35 - 39","NEVER MARRIED",4573,1487,3086,0,3658,1169,2489,0,915,318,597,0
"SINDH","THATTA","35 - 39","SEPERATION",94,46,48,0,77,38,39,0,17,8,9,0
"SINDH","THATTA","35 - 39","WIDOWED",714,478,236,0,578,380,198,0,136,98,38,0
"SINDH","THATTA","40 - 44","DIVORCED",111,76,35,0,64,43,21,0,47,33,14,0
"SINDH","THATTA","40 - 44","MARRIED",51131,23645,27486,0,42057,19448,22609,0,9074,4197,4877,0
"SINDH","THATTA","40 - 44","NEVER MARRIED",2502,784,1715,3,2051,634,1415,2,451,150,300,1
"SINDH","THATTA","40 - 44","SEPERATION",87,44,43,0,61,31,30,0,26,13,13,0
"SINDH","THATTA","40 - 44","WIDOWED",1161,798,363,0,961,648,313,0,200,150,50,0
"SINDH","THATTA","45 - 49","DIVORCED",81,51,30,0,56,38,18,0,25,13,12,0
"SINDH","THATTA","45 - 49","MARRIED",40224,18765,21459,0,32970,15349,17621,0,7254,3416,3838,0
"SINDH","THATTA","45 - 49","NEVER MARRIED",1451,507,940,4,1160,399,759,2,291,108,181,2
"SINDH","THATTA","45 - 49","SEPERATION",82,48,34,0,64,40,24,0,18,8,10,0
"SINDH","THATTA","45 - 49","WIDOWED",1432,1052,380,0,1139,827,312,0,293,225,68,0
"SINDH","THATTA","50 - 54","DIVORCED",62,42,20,0,39,28,11,0,23,14,9,0
"SINDH","THATTA","50 - 54","MARRIED",31038,13592,17446,0,25453,11177,14276,0,5585,2415,3170,0
"SINDH","THATTA","50 - 54","NEVER MARRIED",775,276,495,4,604,216,386,2,171,60,109,2
"SINDH","THATTA","50 - 54","SEPERATION",66,40,26,0,54,33,21,0,12,7,5,0
"SINDH","THATTA","50 - 54","WIDOWED",2093,1585,508,0,1701,1259,442,0,392,326,66,0
"SINDH","THATTA","55 - 59","DIVORCED",47,26,21,0,28,15,13,0,19,11,8,0
"SINDH","THATTA","55 - 59","MARRIED",22851,9449,13402,0,18583,7705,10878,0,4268,1744,2524,0
"SINDH","THATTA","55 - 59","NEVER MARRIED",488,177,309,2,389,136,251,2,99,41,58,0
"SINDH","THATTA","55 - 59","SEPERATION",48,27,21,0,35,18,17,0,13,9,4,0
"SINDH","THATTA","55 - 59","WIDOWED",2247,1623,624,0,1765,1230,535,0,482,393,89,0
"SINDH","THATTA","60 - 64","DIVORCED",25,15,10,0,22,13,9,0,3,2,1,0
"SINDH","THATTA","60 - 64","MARRIED",15657,6585,9072,0,12860,5466,7394,0,2797,1119,1678,0
"SINDH","THATTA","60 - 64","NEVER MARRIED",274,100,171,3,215,77,136,2,59,23,35,1
"SINDH","THATTA","60 - 64","SEPERATION",37,20,17,0,27,12,15,0,10,8,2,0
"SINDH","THATTA","60 - 64","WIDOWED",2478,1953,525,0,1966,1536,430,0,512,417,95,0
"SINDH","THATTA","65 - 69","DIVORCED",13,8,5,0,10,6,4,0,3,2,1,0
"SINDH","THATTA","65 - 69","MARRIED",10911,4368,6543,0,8900,3592,5308,0,2011,776,1235,0
"SINDH","THATTA","65 - 69","NEVER MARRIED",171,66,104,1,133,48,85,0,38,18,19,1
"SINDH","THATTA","65 - 69","SEPERATION",20,10,10,0,16,7,9,0,4,3,1,0
"SINDH","THATTA","65 - 69","WIDOWED",2476,1871,605,0,2000,1490,510,0,476,381,95,0
"SINDH","THATTA","70 - 74","DIVORCED",6,5,1,0,3,3,0,0,3,2,1,0
"SINDH","THATTA","70 - 74","MARRIED",7481,2718,4763,0,6212,2279,3933,0,1269,439,830,0
"SINDH","THATTA","70 - 74","NEVER MARRIED",89,27,62,0,76,20,56,0,13,7,6,0
"SINDH","THATTA","70 - 74","SEPERATION",16,9,7,0,12,7,5,0,4,2,2,0
"SINDH","THATTA","70 - 74","WIDOWED",2602,1975,627,0,2097,1578,519,0,505,397,108,0
"SINDH","THATTA","75 & ABOVE","DIVORCED",8,6,2,0,6,4,2,0,2,2,0,0
"SINDH","THATTA","75 & ABOVE","MARRIED",5792,1865,3927,0,4948,1604,3344,0,844,261,583,0
"SINDH","THATTA","75 & ABOVE","NEVER MARRIED",93,28,64,1,74,19,54,1,19,9,10,0
"SINDH","THATTA","75 & ABOVE","SEPERATION",19,8,11,0,17,7,10,0,2,1,1,0
"SINDH","THATTA","75 & ABOVE","WIDOWED",3425,2594,831,0,2793,2102,691,0,632,492,140,0
"SINDH","UMER KOT","15 &  ABOVE","DIVORCED",726,470,256,0,452,307,145,0,274,163,111,0
"SINDH","UMER KOT","15 &  ABOVE","MARRIED",446485,223527,222958,0,340624,170758,169866,0,105861,52769,53092,0
"SINDH","UMER KOT","15 &  ABOVE","NEVER MARRIED",133893,49570,84303,20,94578,34399,60168,11,39315,15171,24135,9
"SINDH","UMER KOT","15 &  ABOVE","SEPERATION",504,303,201,0,387,232,155,0,117,71,46,0
"SINDH","UMER KOT","15 &  ABOVE","WIDOWED",22932,18650,4282,0,16977,13749,3228,0,5955,4901,1054,0
"SINDH","UMER KOT","15 - 19","DIVORCED",11,9,2,0,7,5,2,0,4,4,0,0
"SINDH","UMER KOT","15 - 19","MARRIED",16166,10270,5896,0,13308,8379,4929,0,2858,1891,967,0
"SINDH","UMER KOT","15 - 19","NEVER MARRIED",85326,34598,50725,3,63193,25190,38001,2,22133,9408,12724,1
"SINDH","UMER KOT","15 - 19","SEPERATION",22,11,11,0,22,11,11,0,0,0,0,0
"SINDH","UMER KOT","15 - 19","WIDOWED",30,18,12,0,27,15,12,0,3,3,0,0
"SINDH","UMER KOT","20 - 24","DIVORCED",78,60,18,0,60,48,12,0,18,12,6,0
"SINDH","UMER KOT","20 - 24","MARRIED",61357,35638,25719,0,50037,28669,21368,0,11320,6969,4351,0
"SINDH","UMER KOT","20 - 24","NEVER MARRIED",30148,9610,20535,3,19520,5811,13706,3,10628,3799,6829,0
"SINDH","UMER KOT","20 - 24","SEPERATION",55,31,24,0,47,26,21,0,8,5,3,0
"SINDH","UMER KOT","20 - 24","WIDOWED",146,80,66,0,128,69,59,0,18,11,7,0
"SINDH","UMER KOT","25 - 29","DIVORCED",138,84,54,0,94,59,35,0,44,25,19,0
"SINDH","UMER KOT","25 - 29","MARRIED",64791,33033,31758,0,49660,25006,24654,0,15131,8027,7104,0
"SINDH","UMER KOT","25 - 29","NEVER MARRIED",10922,3003,7918,1,6770,1742,5027,1,4152,1261,2891,0
"SINDH","UMER KOT","25 - 29","SEPERATION",53,31,22,0,42,26,16,0,11,5,6,0
"SINDH","UMER KOT","25 - 29","WIDOWED",224,138,86,0,182,110,72,0,42,28,14,0
"SINDH","UMER KOT","30 - 34","DIVORCED",141,92,49,0,86,61,25,0,55,31,24,0
"SINDH","UMER KOT","30 - 34","MARRIED",62601,31744,30857,0,47009,23969,23040,0,15592,7775,7817,0
"SINDH","UMER KOT","30 - 34","NEVER MARRIED",3754,1085,2667,2,2513,757,1754,2,1241,328,913,0
"SINDH","UMER KOT","30 - 34","SEPERATION",64,41,23,0,48,31,17,0,16,10,6,0
"SINDH","UMER KOT","30 - 34","WIDOWED",470,340,130,0,369,265,104,0,101,75,26,0
"SINDH","UMER KOT","35 - 39","DIVORCED",110,66,44,0,71,44,27,0,39,22,17,0
"SINDH","UMER KOT","35 - 39","MARRIED",59441,29527,29914,0,44285,22136,22149,0,15156,7391,7765,0
"SINDH","UMER KOT","35 - 39","NEVER MARRIED",1669,514,1154,1,1137,357,779,1,532,157,375,0
"SINDH","UMER KOT","35 - 39","SEPERATION",49,34,15,0,34,23,11,0,15,11,4,0
"SINDH","UMER KOT","35 - 39","WIDOWED",818,619,199,0,604,457,147,0,214,162,52,0
"SINDH","UMER KOT","40 - 44","DIVORCED",101,74,27,0,52,39,13,0,49,35,14,0
"SINDH","UMER KOT","40 - 44","MARRIED",56862,28210,28652,0,42720,21222,21498,0,14142,6988,7154,0
"SINDH","UMER KOT","40 - 44","NEVER MARRIED",908,330,574,4,628,241,387,0,280,89,187,4
"SINDH","UMER KOT","40 - 44","SEPERATION",73,45,28,0,55,35,20,0,18,10,8,0
"SINDH","UMER KOT","40 - 44","WIDOWED",1421,1144,277,0,1056,834,222,0,365,310,55,0
"SINDH","UMER KOT","45 - 49","DIVORCED",67,36,31,0,37,20,17,0,30,16,14,0
"SINDH","UMER KOT","45 - 49","MARRIED",36505,17405,19100,0,27090,12964,14126,0,9415,4441,4974,0
"SINDH","UMER KOT","45 - 49","NEVER MARRIED",465,152,311,2,317,104,212,1,148,48,99,1
"SINDH","UMER KOT","45 - 49","SEPERATION",59,37,22,0,36,22,14,0,23,15,8,0
"SINDH","UMER KOT","45 - 49","WIDOWED",1582,1323,259,0,1160,967,193,0,422,356,66,0
"SINDH","UMER KOT","50 - 54","DIVORCED",44,25,19,0,27,17,10,0,17,8,9,0
"SINDH","UMER KOT","50 - 54","MARRIED",31906,14961,16945,0,23861,11193,12668,0,8045,3768,4277,0
"SINDH","UMER KOT","50 - 54","NEVER MARRIED",266,109,155,2,183,74,108,1,83,35,47,1
"SINDH","UMER KOT","50 - 54","SEPERATION",43,23,20,0,35,18,17,0,8,5,3,0
"SINDH","UMER KOT","50 - 54","WIDOWED",2364,1972,392,0,1750,1455,295,0,614,517,97,0
"SINDH","UMER KOT","55 - 59","DIVORCED",15,10,5,0,7,5,2,0,8,5,3,0
"SINDH","UMER KOT","55 - 59","MARRIED",21773,8928,12845,0,15986,6600,9386,0,5787,2328,3459,0
"SINDH","UMER KOT","55 - 59","NEVER MARRIED",169,64,105,0,121,46,75,0,48,18,30,0
"SINDH","UMER KOT","55 - 59","SEPERATION",33,23,10,0,24,17,7,0,9,6,3,0
"SINDH","UMER KOT","55 - 59","WIDOWED",2333,1884,449,0,1655,1320,335,0,678,564,114,0
"SINDH","UMER KOT","60 - 64","DIVORCED",12,9,3,0,6,5,1,0,6,4,2,0
"SINDH","UMER KOT","60 - 64","MARRIED",13245,5571,7674,0,9907,4271,5636,0,3338,1300,2038,0
"SINDH","UMER KOT","60 - 64","NEVER MARRIED",117,48,68,1,87,39,48,0,30,9,20,1
"SINDH","UMER KOT","60 - 64","SEPERATION",22,14,8,0,15,10,5,0,7,4,3,0
"SINDH","UMER KOT","60 - 64","WIDOWED",2527,2094,433,0,1853,1544,309,0,674,550,124,0
"SINDH","UMER KOT","65 - 69","DIVORCED",5,3,2,0,4,3,1,0,1,0,1,0
"SINDH","UMER KOT","65 - 69","MARRIED",9659,4017,5642,0,7262,3017,4245,0,2397,1000,1397,0
"SINDH","UMER KOT","65 - 69","NEVER MARRIED",72,32,40,0,52,21,31,0,20,11,9,0
"SINDH","UMER KOT","65 - 69","SEPERATION",11,9,2,0,10,9,1,0,1,0,1,0
"SINDH","UMER KOT","65 - 69","WIDOWED",2902,2424,478,0,2072,1723,349,0,830,701,129,0
"SINDH","UMER KOT","70 - 74","DIVORCED",3,2,1,0,1,1,0,0,2,1,1,0
"SINDH","UMER KOT","70 - 74","MARRIED",6810,2569,4241,0,5248,1999,3249,0,1562,570,992,0
"SINDH","UMER KOT","70 - 74","NEVER MARRIED",46,16,29,1,32,10,22,0,14,6,7,1
"SINDH","UMER KOT","70 - 74","SEPERATION",11,3,8,0,10,3,7,0,1,0,1,0
"SINDH","UMER KOT","70 - 74","WIDOWED",3218,2653,565,0,2431,2013,418,0,787,640,147,0
"SINDH","UMER KOT","75 & ABOVE","DIVORCED",1,0,1,0,0,0,0,0,1,0,1,0
"SINDH","UMER KOT","75 & ABOVE","MARRIED",5369,1654,3715,0,4251,1333,2918,0,1118,321,797,0
"SINDH","UMER KOT","75 & ABOVE","NEVER MARRIED",31,9,22,0,25,7,18,0,6,2,4,0
"SINDH","UMER KOT","75 & ABOVE","SEPERATION",9,1,8,0,9,1,8,0,0,0,0,0
"SINDH","UMER KOT","75 & ABOVE","WIDOWED",4897,3961,936,0,3690,2977,713,0,1207,984,223,0
