"PROVINCE","DIVISION","DISTRICT","TEHSIL","ADMIN_UNIT","SEX_AGE_GROUP_IN_YEARS","ALL_SEXES_OVERALL","MALE_OVERALL","FEMALE_OVERALL","TRANSGENDER_OVERALL","ALL_SEXES_RURAL","MALE_RURAL","FEMALE_RURAL","TRANSGENDER_RURAL","ALL_SEXES_URBAN","MALE_URBAN","FEMALE_URBAN","TRANSGENDER_URBAN","AGE_GROUP_IN_YEARS"
"BALOCHISTAN","KALAT","AWARAN","AWARAN","SUB-DIVISION","ALL AGES",45774,23188,22582,4,16994,8513,8481,NA,28780,14675,14101,4,NA
"BALOCHISTAN","KALAT","AWARAN","AWARAN","SUB-DIVISION","UNDER 1",1211,654,557,NA,380,206,174,NA,831,448,383,NA,NA
"BALOCHISTAN","KALAT","AWARAN","AWARAN","SUB-DIVISION","UNDER 5",9025,4769,4256,NA,3287,1706,1581,NA,5738,3063,2675,NA,NA
"BALOCHISTAN","KALAT","AWARAN","AWARAN","SUB-DIVISION","UNDER 10",17579,9114,8465,NA,6610,3348,3262,NA,10969,5766,5203,NA,NA
"BALOCHISTAN","KALAT","AWARAN","AWARAN","SUB-DIVISION","UNDER 15",24109,12344,11763,2,9098,4572,4526,NA,15011,7772,7237,2,NA
"BALOCHISTAN","KALAT","AWARAN","AWARAN","SUB-DIVISION","05 - 24",22604,11324,11276,4,8576,4216,4360,NA,14028,7108,6916,4,NA
"BALOCHISTAN","KALAT","AWARAN","AWARAN","SUB-DIVISION","15 - 49",18234,8997,9235,2,6630,3243,3387,NA,11604,5754,5848,2,NA
"BALOCHISTAN","KALAT","AWARAN","AWARAN","SUB-DIVISION","15 - 64",20631,10276,10353,2,7518,3729,3789,NA,13113,6547,6564,2,NA
"BALOCHISTAN","KALAT","AWARAN","AWARAN","SUB-DIVISION","18 - 60",17334,8619,8715,NA,6335,3136,3199,NA,10999,5483,5516,NA,NA
"BALOCHISTAN","KALAT","AWARAN","AWARAN","SUB-DIVISION","18 &  ABOVE",18752,9407,9345,NA,6853,3425,3428,NA,11899,5982,5917,NA,NA
"BALOCHISTAN","KALAT","AWARAN","AWARAN","SUB-DIVISION","60 &  ABOVE",1588,890,698,NA,595,339,256,NA,993,551,442,NA,NA
"BALOCHISTAN","KALAT","AWARAN","AWARAN","SUB-DIVISION","65 &  ABOVE",1034,568,466,NA,378,212,166,NA,656,356,300,NA,NA
"BALOCHISTAN","KALAT","AWARAN","GISHKORE","TEHSIL","ALL AGES",31462,16104,15355,3,31462,16104,15355,3,NA,NA,NA,NA,NA
"BALOCHISTAN","KALAT","AWARAN","GISHKORE","TEHSIL","UNDER 1",491,262,229,NA,491,262,229,NA,NA,NA,NA,NA,NA
"BALOCHISTAN","KALAT","AWARAN","GISHKORE","TEHSIL","UNDER 5",5226,2685,2541,NA,5226,2685,2541,NA,NA,NA,NA,NA,NA
"BALOCHISTAN","KALAT","AWARAN","GISHKORE","TEHSIL","UNDER 10",10587,5446,5141,NA,10587,5446,5141,NA,NA,NA,NA,NA,NA
"BALOCHISTAN","KALAT","AWARAN","GISHKORE","TEHSIL","UNDER 15",15137,7826,7311,NA,15137,7826,7311,NA,NA,NA,NA,NA,NA
"BALOCHISTAN","KALAT","AWARAN","GISHKORE","TEHSIL","05 - 24",15093,7681,7412,NA,15093,7681,7412,NA,NA,NA,NA,NA,NA
"BALOCHISTAN","KALAT","AWARAN","GISHKORE","TEHSIL","15 - 49",13385,6636,6746,3,13385,6636,6746,3,NA,NA,NA,NA,NA
"BALOCHISTAN","KALAT","AWARAN","GISHKORE","TEHSIL","15 - 64",15419,7739,7677,3,15419,7739,7677,3,NA,NA,NA,NA,NA
"BALOCHISTAN","KALAT","AWARAN","GISHKORE","TEHSIL","18 - 60",12936,6494,6439,3,12936,6494,6439,3,NA,NA,NA,NA,NA
"BALOCHISTAN","KALAT","AWARAN","GISHKORE","TEHSIL","18 &  ABOVE",14171,7225,6943,3,14171,7225,6943,3,NA,NA,NA,NA,NA
"BALOCHISTAN","KALAT","AWARAN","GISHKORE","TEHSIL","60 &  ABOVE",1392,822,570,NA,1392,822,570,NA,NA,NA,NA,NA,NA
"BALOCHISTAN","KALAT","AWARAN","GISHKORE","TEHSIL","65 &  ABOVE",906,539,367,NA,906,539,367,NA,NA,NA,NA,NA,NA
"BALOCHISTAN","KALAT","AWARAN","JHAL JAO","TEHSIL","ALL AGES",28132,14420,13709,3,28132,14420,13709,3,NA,NA,NA,NA,NA
"BALOCHISTAN","KALAT","AWARAN","JHAL JAO","TEHSIL","UNDER 1",459,242,217,NA,459,242,217,NA,NA,NA,NA,NA,NA
"BALOCHISTAN","KALAT","AWARAN","JHAL JAO","TEHSIL","UNDER 5",5116,2598,2518,NA,5116,2598,2518,NA,NA,NA,NA,NA,NA
"BALOCHISTAN","KALAT","AWARAN","JHAL JAO","TEHSIL","UNDER 10",10289,5259,5030,NA,10289,5259,5030,NA,NA,NA,NA,NA,NA
"BALOCHISTAN","KALAT","AWARAN","JHAL JAO","TEHSIL","UNDER 15",14279,7326,6953,NA,14279,7326,6953,NA,NA,NA,NA,NA,NA
"BALOCHISTAN","KALAT","AWARAN","JHAL JAO","TEHSIL","05 - 24",14105,7245,6860,NA,14105,7245,6860,NA,NA,NA,NA,NA,NA
"BALOCHISTAN","KALAT","AWARAN","JHAL JAO","TEHSIL","15 - 49",11668,5870,5795,3,11668,5870,5795,3,NA,NA,NA,NA,NA
"BALOCHISTAN","KALAT","AWARAN","JHAL JAO","TEHSIL","15 - 64",13327,6795,6529,3,13327,6795,6529,3,NA,NA,NA,NA,NA
"BALOCHISTAN","KALAT","AWARAN","JHAL JAO","TEHSIL","18 - 60",11278,5683,5592,3,11278,5683,5592,3,NA,NA,NA,NA,NA
"BALOCHISTAN","KALAT","AWARAN","JHAL JAO","TEHSIL","18 &  ABOVE",12074,6155,5916,3,12074,6155,5916,3,NA,NA,NA,NA,NA
"BALOCHISTAN","KALAT","AWARAN","JHAL JAO","TEHSIL","60 &  ABOVE",914,537,377,NA,914,537,377,NA,NA,NA,NA,NA,NA
"BALOCHISTAN","KALAT","AWARAN","JHAL JAO","TEHSIL","65 &  ABOVE",526,299,227,NA,526,299,227,NA,NA,NA,NA,NA,NA
"BALOCHISTAN","KALAT","AWARAN","KORAK JHAO","TEHSIL","ALL AGES",27652,14237,13414,1,27652,14237,13414,1,NA,NA,NA,NA,NA
"BALOCHISTAN","KALAT","AWARAN","KORAK JHAO","TEHSIL","UNDER 1",620,349,271,NA,620,349,271,NA,NA,NA,NA,NA,NA
"BALOCHISTAN","KALAT","AWARAN","KORAK JHAO","TEHSIL","UNDER 5",5052,2540,2512,NA,5052,2540,2512,NA,NA,NA,NA,NA,NA
"BALOCHISTAN","KALAT","AWARAN","KORAK JHAO","TEHSIL","UNDER 10",10195,5160,5035,NA,10195,5160,5035,NA,NA,NA,NA,NA,NA
"BALOCHISTAN","KALAT","AWARAN","KORAK JHAO","TEHSIL","UNDER 15",14423,7341,7082,NA,14423,7341,7082,NA,NA,NA,NA,NA,NA
"BALOCHISTAN","KALAT","AWARAN","KORAK JHAO","TEHSIL","05 - 24",14053,7291,6761,1,14053,7291,6761,1,NA,NA,NA,NA,NA
"BALOCHISTAN","KALAT","AWARAN","KORAK JHAO","TEHSIL","15 - 49",11185,5777,5407,1,11185,5777,5407,1,NA,NA,NA,NA,NA
"BALOCHISTAN","KALAT","AWARAN","KORAK JHAO","TEHSIL","15 - 64",12710,6604,6105,1,12710,6604,6105,1,NA,NA,NA,NA,NA
"BALOCHISTAN","KALAT","AWARAN","KORAK JHAO","TEHSIL","18 - 60",10756,5514,5242,NA,10756,5514,5242,NA,NA,NA,NA,NA,NA
"BALOCHISTAN","KALAT","AWARAN","KORAK JHAO","TEHSIL","18 &  ABOVE",11530,5956,5574,NA,11530,5956,5574,NA,NA,NA,NA,NA,NA
"BALOCHISTAN","KALAT","AWARAN","KORAK JHAO","TEHSIL","60 &  ABOVE",881,505,376,NA,881,505,376,NA,NA,NA,NA,NA,NA
"BALOCHISTAN","KALAT","AWARAN","KORAK JHAO","TEHSIL","65 &  ABOVE",519,292,227,NA,519,292,227,NA,NA,NA,NA,NA,NA
"BALOCHISTAN","KALAT","AWARAN","MASHKAI","TEHSIL","ALL AGES",45938,23674,22258,6,27882,14242,13635,5,18056,9432,8623,1,NA
"BALOCHISTAN","KALAT","AWARAN","MASHKAI","TEHSIL","UNDER 1",618,303,315,NA,412,192,220,NA,206,111,95,NA,NA
"BALOCHISTAN","KALAT","AWARAN","MASHKAI","TEHSIL","UNDER 5",7062,3426,3636,NA,4490,2197,2293,NA,2572,1229,1343,NA,NA
"BALOCHISTAN","KALAT","AWARAN","MASHKAI","TEHSIL","UNDER 10",13899,6845,7054,NA,8892,4366,4526,NA,5007,2479,2528,NA,NA
"BALOCHISTAN","KALAT","AWARAN","MASHKAI","TEHSIL","UNDER 15",20371,10209,10162,NA,12938,6470,6468,NA,7433,3739,3694,NA,NA
"BALOCHISTAN","KALAT","AWARAN","MASHKAI","TEHSIL","05 - 24",22345,11588,10755,2,13526,6860,6665,1,8819,4728,4090,1,NA
"BALOCHISTAN","KALAT","AWARAN","MASHKAI","TEHSIL","15 - 49",21452,11213,10233,6,12456,6422,6029,5,8996,4791,4204,1,NA
"BALOCHISTAN","KALAT","AWARAN","MASHKAI","TEHSIL","15 - 64",24232,12747,11479,6,14171,7368,6798,5,10061,5379,4681,1,NA
"BALOCHISTAN","KALAT","AWARAN","MASHKAI","TEHSIL","18 - 60",20638,10861,9772,5,12094,6283,5807,4,8544,4578,3965,1,NA
"BALOCHISTAN","KALAT","AWARAN","MASHKAI","TEHSIL","18 &  ABOVE",22468,11877,10586,5,13163,6868,6291,4,9305,5009,4295,1,NA
"BALOCHISTAN","KALAT","AWARAN","MASHKAI","TEHSIL","60 &  ABOVE",2045,1137,908,NA,1211,664,547,NA,834,473,361,NA,NA
"BALOCHISTAN","KALAT","AWARAN","MASHKAI","TEHSIL","65 &  ABOVE",1335,718,617,NA,773,404,369,NA,562,314,248,NA,NA
"BALOCHISTAN","LORALAI","BARKHAN","BARKHAN","TEHSIL","ALL AGES",210249,109624,100617,8,195824,102226,93591,7,14425,7398,7026,1,NA
"BALOCHISTAN","LORALAI","BARKHAN","BARKHAN","TEHSIL","UNDER 1",6341,3210,3131,NA,6017,3053,2964,NA,324,157,167,NA,NA
"BALOCHISTAN","LORALAI","BARKHAN","BARKHAN","TEHSIL","UNDER 5",43726,22653,21073,NA,41243,21391,19852,NA,2483,1262,1221,NA,NA
"BALOCHISTAN","LORALAI","BARKHAN","BARKHAN","TEHSIL","UNDER 10",84790,44269,40521,NA,79872,41744,38128,NA,4918,2525,2393,NA,NA
"BALOCHISTAN","LORALAI","BARKHAN","BARKHAN","TEHSIL","UNDER 15",114903,60522,54379,2,108135,56993,51140,2,6768,3529,3239,NA,NA
"BALOCHISTAN","LORALAI","BARKHAN","BARKHAN","TEHSIL","05 - 24",104439,55553,48880,6,97460,51895,45559,6,6979,3658,3321,NA,NA
"BALOCHISTAN","LORALAI","BARKHAN","BARKHAN","TEHSIL","15 - 49",77703,40167,37531,5,71426,36986,34436,4,6277,3181,3095,1,NA
"BALOCHISTAN","LORALAI","BARKHAN","BARKHAN","TEHSIL","15 - 64",89503,46156,43341,6,82232,42470,39757,5,7271,3686,3584,1,NA
"BALOCHISTAN","LORALAI","BARKHAN","BARKHAN","TEHSIL","18 - 60",75515,38504,37008,3,69440,35482,33956,2,6075,3022,3052,1,NA
"BALOCHISTAN","LORALAI","BARKHAN","BARKHAN","TEHSIL","18 &  ABOVE",83683,42688,40992,3,77038,39382,37654,2,6645,3306,3338,1,NA
"BALOCHISTAN","LORALAI","BARKHAN","BARKHAN","TEHSIL","60 &  ABOVE",8864,4549,4315,NA,8240,4238,4002,NA,624,311,313,NA,NA
"BALOCHISTAN","LORALAI","BARKHAN","BARKHAN","TEHSIL","65 &  ABOVE",5843,2946,2897,NA,5457,2763,2694,NA,386,183,203,NA,NA
"BALOCHISTAN","RAKHSHAN","CHAGAI","CHAGAI","TEHSIL","ALL AGES",73326,36992,36331,3,73326,36992,36331,3,NA,NA,NA,NA,NA
"BALOCHISTAN","RAKHSHAN","CHAGAI","CHAGAI","TEHSIL","UNDER 1",1594,774,820,NA,1594,774,820,NA,NA,NA,NA,NA,NA
"BALOCHISTAN","RAKHSHAN","CHAGAI","CHAGAI","TEHSIL","UNDER 5",13424,6615,6809,NA,13424,6615,6809,NA,NA,NA,NA,NA,NA
"BALOCHISTAN","RAKHSHAN","CHAGAI","CHAGAI","TEHSIL","UNDER 10",26952,13455,13497,NA,26952,13455,13497,NA,NA,NA,NA,NA,NA
"BALOCHISTAN","RAKHSHAN","CHAGAI","CHAGAI","TEHSIL","UNDER 15",37449,18741,18707,1,37449,18741,18707,1,NA,NA,NA,NA,NA
"BALOCHISTAN","RAKHSHAN","CHAGAI","CHAGAI","TEHSIL","05 - 24",38188,19180,19006,2,38188,19180,19006,2,NA,NA,NA,NA,NA
"BALOCHISTAN","RAKHSHAN","CHAGAI","CHAGAI","TEHSIL","15 - 49",30706,15315,15389,2,30706,15315,15389,2,NA,NA,NA,NA,NA
"BALOCHISTAN","RAKHSHAN","CHAGAI","CHAGAI","TEHSIL","15 - 64",34363,17358,17003,2,34363,17358,17003,2,NA,NA,NA,NA,NA
"BALOCHISTAN","RAKHSHAN","CHAGAI","CHAGAI","TEHSIL","18 - 60",29148,14684,14463,1,29148,14684,14463,1,NA,NA,NA,NA,NA
"BALOCHISTAN","RAKHSHAN","CHAGAI","CHAGAI","TEHSIL","18 &  ABOVE",31294,15959,15334,1,31294,15959,15334,1,NA,NA,NA,NA,NA
"BALOCHISTAN","RAKHSHAN","CHAGAI","CHAGAI","TEHSIL","60 &  ABOVE",2314,1367,947,NA,2314,1367,947,NA,NA,NA,NA,NA,NA
"BALOCHISTAN","RAKHSHAN","CHAGAI","CHAGAI","TEHSIL","65 &  ABOVE",1514,893,621,NA,1514,893,621,NA,NA,NA,NA,NA,NA
"BALOCHISTAN","RAKHSHAN","CHAGAI","DALBANDIN","SUB-DIVISION","ALL AGES",122763,63630,59132,1,102804,53418,49385,1,19959,10212,9747,NA,NA
"BALOCHISTAN","RAKHSHAN","CHAGAI","DALBANDIN","SUB-DIVISION","UNDER 1",2819,1458,1361,NA,2428,1261,1167,NA,391,197,194,NA,NA
"BALOCHISTAN","RAKHSHAN","CHAGAI","DALBANDIN","SUB-DIVISION","UNDER 5",23644,12304,11340,NA,20555,10713,9842,NA,3089,1591,1498,NA,NA
"BALOCHISTAN","RAKHSHAN","CHAGAI","DALBANDIN","SUB-DIVISION","UNDER 10",45894,23848,22046,NA,39481,20562,18919,NA,6413,3286,3127,NA,NA
"BALOCHISTAN","RAKHSHAN","CHAGAI","DALBANDIN","SUB-DIVISION","UNDER 15",62965,32636,30329,NA,53755,27909,25846,NA,9210,4727,4483,NA,NA
"BALOCHISTAN","RAKHSHAN","CHAGAI","DALBANDIN","SUB-DIVISION","05 - 24",62497,31937,30559,1,52284,26763,25520,1,10213,5174,5039,NA,NA
"BALOCHISTAN","RAKHSHAN","CHAGAI","DALBANDIN","SUB-DIVISION","15 - 49",51332,26159,25172,1,42137,21518,20618,1,9195,4641,4554,NA,NA
"BALOCHISTAN","RAKHSHAN","CHAGAI","DALBANDIN","SUB-DIVISION","15 - 64",57330,29592,27737,1,47026,24342,22683,1,10304,5250,5054,NA,NA
"BALOCHISTAN","RAKHSHAN","CHAGAI","DALBANDIN","SUB-DIVISION","18 - 60",47839,24678,23161,NA,39306,20335,18971,NA,8533,4343,4190,NA,NA
"BALOCHISTAN","RAKHSHAN","CHAGAI","DALBANDIN","SUB-DIVISION","18 &  ABOVE",51385,26735,24650,NA,42211,22042,20169,NA,9174,4693,4481,NA,NA
"BALOCHISTAN","RAKHSHAN","CHAGAI","DALBANDIN","SUB-DIVISION","60 &  ABOVE",3852,2227,1625,NA,3156,1845,1311,NA,696,382,314,NA,NA
"BALOCHISTAN","RAKHSHAN","CHAGAI","DALBANDIN","SUB-DIVISION","65 &  ABOVE",2468,1402,1066,NA,2023,1167,856,NA,445,235,210,NA,NA
"BALOCHISTAN","RAKHSHAN","CHAGAI","NOKUNDI","TEHSIL","ALL AGES",30415,16526,13888,1,30415,16526,13888,1,NA,NA,NA,NA,NA
"BALOCHISTAN","RAKHSHAN","CHAGAI","NOKUNDI","TEHSIL","UNDER 1",1338,710,628,NA,1338,710,628,NA,NA,NA,NA,NA,NA
"BALOCHISTAN","RAKHSHAN","CHAGAI","NOKUNDI","TEHSIL","UNDER 5",7196,3930,3266,NA,7196,3930,3266,NA,NA,NA,NA,NA,NA
"BALOCHISTAN","RAKHSHAN","CHAGAI","NOKUNDI","TEHSIL","UNDER 10",13125,7186,5939,NA,13125,7186,5939,NA,NA,NA,NA,NA,NA
"BALOCHISTAN","RAKHSHAN","CHAGAI","NOKUNDI","TEHSIL","UNDER 15",17924,9772,8152,NA,17924,9772,8152,NA,NA,NA,NA,NA,NA
"BALOCHISTAN","RAKHSHAN","CHAGAI","NOKUNDI","TEHSIL","05 - 24",15917,8790,7126,1,15917,8790,7126,1,NA,NA,NA,NA,NA
"BALOCHISTAN","RAKHSHAN","CHAGAI","NOKUNDI","TEHSIL","15 - 49",10753,5764,4988,1,10753,5764,4988,1,NA,NA,NA,NA,NA
"BALOCHISTAN","RAKHSHAN","CHAGAI","NOKUNDI","TEHSIL","15 - 64",12001,6481,5519,1,12001,6481,5519,1,NA,NA,NA,NA,NA
"BALOCHISTAN","RAKHSHAN","CHAGAI","NOKUNDI","TEHSIL","18 - 60",9596,5081,4515,NA,9596,5081,4515,NA,NA,NA,NA,NA,NA
"BALOCHISTAN","RAKHSHAN","CHAGAI","NOKUNDI","TEHSIL","18 &  ABOVE",10298,5468,4830,NA,10298,5468,4830,NA,NA,NA,NA,NA,NA
"BALOCHISTAN","RAKHSHAN","CHAGAI","NOKUNDI","TEHSIL","60 &  ABOVE",757,420,337,NA,757,420,337,NA,NA,NA,NA,NA,NA
"BALOCHISTAN","RAKHSHAN","CHAGAI","NOKUNDI","TEHSIL","65 &  ABOVE",490,273,217,NA,490,273,217,NA,NA,NA,NA,NA,NA
"BALOCHISTAN","RAKHSHAN","CHAGAI","TAFTAN","SUB-DIVISION","ALL AGES",19259,10707,8552,NA,19259,10707,8552,NA,NA,NA,NA,NA,NA
"BALOCHISTAN","RAKHSHAN","CHAGAI","TAFTAN","SUB-DIVISION","UNDER 1",613,301,312,NA,613,301,312,NA,NA,NA,NA,NA,NA
"BALOCHISTAN","RAKHSHAN","CHAGAI","TAFTAN","SUB-DIVISION","UNDER 5",3819,1942,1877,NA,3819,1942,1877,NA,NA,NA,NA,NA,NA
"BALOCHISTAN","RAKHSHAN","CHAGAI","TAFTAN","SUB-DIVISION","UNDER 10",7446,3840,3606,NA,7446,3840,3606,NA,NA,NA,NA,NA,NA
"BALOCHISTAN","RAKHSHAN","CHAGAI","TAFTAN","SUB-DIVISION","UNDER 15",10135,5342,4793,NA,10135,5342,4793,NA,NA,NA,NA,NA,NA
"BALOCHISTAN","RAKHSHAN","CHAGAI","TAFTAN","SUB-DIVISION","05 - 24",10346,5863,4483,NA,10346,5863,4483,NA,NA,NA,NA,NA,NA
"BALOCHISTAN","RAKHSHAN","CHAGAI","TAFTAN","SUB-DIVISION","15 - 49",8156,4761,3395,NA,8156,4761,3395,NA,NA,NA,NA,NA,NA
"BALOCHISTAN","RAKHSHAN","CHAGAI","TAFTAN","SUB-DIVISION","15 - 64",8908,5212,3696,NA,8908,5212,3696,NA,NA,NA,NA,NA,NA
"BALOCHISTAN","RAKHSHAN","CHAGAI","TAFTAN","SUB-DIVISION","18 - 60",7385,4244,3141,NA,7385,4244,3141,NA,NA,NA,NA,NA,NA
"BALOCHISTAN","RAKHSHAN","CHAGAI","TAFTAN","SUB-DIVISION","18 &  ABOVE",7717,4479,3238,NA,7717,4479,3238,NA,NA,NA,NA,NA,NA
"BALOCHISTAN","RAKHSHAN","CHAGAI","TAFTAN","SUB-DIVISION","60 &  ABOVE",367,260,107,NA,367,260,107,NA,NA,NA,NA,NA,NA
"BALOCHISTAN","RAKHSHAN","CHAGAI","TAFTAN","SUB-DIVISION","65 &  ABOVE",216,153,63,NA,216,153,63,NA,NA,NA,NA,NA,NA
"BALOCHISTAN","RAKHSHAN","CHAGAI","YAK MACHH","SUB-TEHSIL","ALL AGES",22848,11787,11061,NA,22848,11787,11061,NA,NA,NA,NA,NA,NA
"BALOCHISTAN","RAKHSHAN","CHAGAI","YAK MACHH","SUB-TEHSIL","UNDER 1",479,232,247,NA,479,232,247,NA,NA,NA,NA,NA,NA
"BALOCHISTAN","RAKHSHAN","CHAGAI","YAK MACHH","SUB-TEHSIL","UNDER 5",4072,2042,2030,NA,4072,2042,2030,NA,NA,NA,NA,NA,NA
"BALOCHISTAN","RAKHSHAN","CHAGAI","YAK MACHH","SUB-TEHSIL","UNDER 10",8006,3987,4019,NA,8006,3987,4019,NA,NA,NA,NA,NA,NA
"BALOCHISTAN","RAKHSHAN","CHAGAI","YAK MACHH","SUB-TEHSIL","UNDER 15",11669,5935,5734,NA,11669,5935,5734,NA,NA,NA,NA,NA,NA
"BALOCHISTAN","RAKHSHAN","CHAGAI","YAK MACHH","SUB-TEHSIL","05 - 24",11988,6206,5782,NA,11988,6206,5782,NA,NA,NA,NA,NA,NA
"BALOCHISTAN","RAKHSHAN","CHAGAI","YAK MACHH","SUB-TEHSIL","15 - 49",9347,4844,4503,NA,9347,4844,4503,NA,NA,NA,NA,NA,NA
"BALOCHISTAN","RAKHSHAN","CHAGAI","YAK MACHH","SUB-TEHSIL","15 - 64",10550,5516,5034,NA,10550,5516,5034,NA,NA,NA,NA,NA,NA
"BALOCHISTAN","RAKHSHAN","CHAGAI","YAK MACHH","SUB-TEHSIL","18 - 60",8400,4299,4101,NA,8400,4299,4101,NA,NA,NA,NA,NA,NA
"BALOCHISTAN","RAKHSHAN","CHAGAI","YAK MACHH","SUB-TEHSIL","18 &  ABOVE",9260,4763,4497,NA,9260,4763,4497,NA,NA,NA,NA,NA,NA
"BALOCHISTAN","RAKHSHAN","CHAGAI","YAK MACHH","SUB-TEHSIL","60 &  ABOVE",928,506,422,NA,928,506,422,NA,NA,NA,NA,NA,NA
"BALOCHISTAN","RAKHSHAN","CHAGAI","YAK MACHH","SUB-TEHSIL","65 &  ABOVE",629,336,293,NA,629,336,293,NA,NA,NA,NA,NA,NA
NA,NA,"CHAMAN","CHAMAN CITY","SUB-DIVISION","ALL AGES",130139,71528,58610,1,NA,NA,NA,NA,130139,71528,58610,1,NA
NA,NA,"CHAMAN","CHAMAN CITY","SUB-DIVISION","UNDER 1",2722,1634,1088,NA,NA,NA,NA,NA,2722,1634,1088,NA,NA
NA,NA,"CHAMAN","CHAMAN CITY","SUB-DIVISION","UNDER 5",24322,14155,10167,NA,NA,NA,NA,NA,24322,14155,10167,NA,NA
NA,NA,"CHAMAN","CHAMAN CITY","SUB-DIVISION","UNDER 10",46070,26327,19743,NA,NA,NA,NA,NA,46070,26327,19743,NA,NA
NA,NA,"CHAMAN","CHAMAN CITY","SUB-DIVISION","UNDER 15",64574,36815,27759,NA,NA,NA,NA,NA,64574,36815,27759,NA,NA
NA,NA,"CHAMAN","CHAMAN CITY","SUB-DIVISION","05 - 24",68978,37905,31072,1,NA,NA,NA,NA,68978,37905,31072,1,NA
NA,NA,"CHAMAN","CHAMAN CITY","SUB-DIVISION","15 - 49",57314,30082,27231,1,NA,NA,NA,NA,57314,30082,27231,1,NA
NA,NA,"CHAMAN","CHAMAN CITY","SUB-DIVISION","15 - 64",63132,33266,29865,1,NA,NA,NA,NA,63132,33266,29865,1,NA
NA,NA,"CHAMAN","CHAMAN CITY","SUB-DIVISION","18 - 60",52778,27744,25033,1,NA,NA,NA,NA,52778,27744,25033,1,NA
NA,NA,"CHAMAN","CHAMAN CITY","SUB-DIVISION","18 &  ABOVE",56195,29734,26460,1,NA,NA,NA,NA,56195,29734,26460,1,NA
NA,NA,"CHAMAN","CHAMAN CITY","SUB-DIVISION","60 &  ABOVE",3786,2192,1594,NA,NA,NA,NA,NA,3786,2192,1594,NA,NA
NA,NA,"CHAMAN","CHAMAN CITY","SUB-DIVISION","65 &  ABOVE",2433,1447,986,NA,NA,NA,NA,NA,2433,1447,986,NA,NA
"BALOCHISTAN","QUETTA","CHAMAN","CHAMAN SADDAR","SUB-DIVISION","ALL AGES",336079,189666,146401,12,336079,189666,146401,12,NA,NA,NA,NA,NA
"BALOCHISTAN","QUETTA","CHAMAN","CHAMAN SADDAR","SUB-DIVISION","UNDER 1",7983,4646,3337,NA,7983,4646,3337,NA,NA,NA,NA,NA,NA
"BALOCHISTAN","QUETTA","CHAMAN","CHAMAN SADDAR","SUB-DIVISION","UNDER 5",71601,42189,29412,NA,71601,42189,29412,NA,NA,NA,NA,NA,NA
"BALOCHISTAN","QUETTA","CHAMAN","CHAMAN SADDAR","SUB-DIVISION","UNDER 10",135974,79517,56457,NA,135974,79517,56457,NA,NA,NA,NA,NA,NA
"BALOCHISTAN","QUETTA","CHAMAN","CHAMAN SADDAR","SUB-DIVISION","UNDER 15",187341,109763,77573,5,187341,109763,77573,5,NA,NA,NA,NA,NA
"BALOCHISTAN","QUETTA","CHAMAN","CHAMAN SADDAR","SUB-DIVISION","05 - 24",183687,104688,78991,8,183687,104688,78991,8,NA,NA,NA,NA,NA
"BALOCHISTAN","QUETTA","CHAMAN","CHAMAN SADDAR","SUB-DIVISION","15 - 49",131519,70272,61240,7,131519,70272,61240,7,NA,NA,NA,NA,NA
"BALOCHISTAN","QUETTA","CHAMAN","CHAMAN SADDAR","SUB-DIVISION","15 - 64",143661,76975,66679,7,143661,76975,66679,7,NA,NA,NA,NA,NA
"BALOCHISTAN","QUETTA","CHAMAN","CHAMAN SADDAR","SUB-DIVISION","18 - 60",118121,62515,55601,5,118121,62515,55601,5,NA,NA,NA,NA,NA
"BALOCHISTAN","QUETTA","CHAMAN","CHAMAN SADDAR","SUB-DIVISION","18 &  ABOVE",125442,66749,58688,5,125442,66749,58688,5,NA,NA,NA,NA,NA
"BALOCHISTAN","QUETTA","CHAMAN","CHAMAN SADDAR","SUB-DIVISION","60 &  ABOVE",8026,4627,3399,NA,8026,4627,3399,NA,NA,NA,NA,NA,NA
"BALOCHISTAN","QUETTA","CHAMAN","CHAMAN SADDAR","SUB-DIVISION","65 &  ABOVE",5077,2928,2149,NA,5077,2928,2149,NA,NA,NA,NA,NA,NA
"BALOCHISTAN","SIBI","DERA BUGTI","BAIKER","SUB-TEHSIL","ALL AGES",33410,18736,14674,NA,33410,18736,14674,NA,NA,NA,NA,NA,NA
"BALOCHISTAN","SIBI","DERA BUGTI","BAIKER","SUB-TEHSIL","UNDER 1",1233,648,585,NA,1233,648,585,NA,NA,NA,NA,NA,NA
"BALOCHISTAN","SIBI","DERA BUGTI","BAIKER","SUB-TEHSIL","UNDER 5",8174,4453,3721,NA,8174,4453,3721,NA,NA,NA,NA,NA,NA
"BALOCHISTAN","SIBI","DERA BUGTI","BAIKER","SUB-TEHSIL","UNDER 10",14968,8424,6544,NA,14968,8424,6544,NA,NA,NA,NA,NA,NA
"BALOCHISTAN","SIBI","DERA BUGTI","BAIKER","SUB-TEHSIL","UNDER 15",20234,11976,8258,NA,20234,11976,8258,NA,NA,NA,NA,NA,NA
"BALOCHISTAN","SIBI","DERA BUGTI","BAIKER","SUB-TEHSIL","05 - 24",16393,10233,6160,NA,16393,10233,6160,NA,NA,NA,NA,NA,NA
"BALOCHISTAN","SIBI","DERA BUGTI","BAIKER","SUB-TEHSIL","15 - 49",11292,5779,5513,NA,11292,5779,5513,NA,NA,NA,NA,NA,NA
"BALOCHISTAN","SIBI","DERA BUGTI","BAIKER","SUB-TEHSIL","15 - 64",12754,6506,6248,NA,12754,6506,6248,NA,NA,NA,NA,NA,NA
"BALOCHISTAN","SIBI","DERA BUGTI","BAIKER","SUB-TEHSIL","18 - 60",10506,4727,5779,NA,10506,4727,5779,NA,NA,NA,NA,NA,NA
"BALOCHISTAN","SIBI","DERA BUGTI","BAIKER","SUB-TEHSIL","18 &  ABOVE",11205,5133,6072,NA,11205,5133,6072,NA,NA,NA,NA,NA,NA
"BALOCHISTAN","SIBI","DERA BUGTI","BAIKER","SUB-TEHSIL","60 &  ABOVE",785,456,329,NA,785,456,329,NA,NA,NA,NA,NA,NA
"BALOCHISTAN","SIBI","DERA BUGTI","BAIKER","SUB-TEHSIL","65 &  ABOVE",422,254,168,NA,422,254,168,NA,NA,NA,NA,NA,NA
"BALOCHISTAN","SIBI","DERA BUGTI","DERA BUGTI","SUB-DIVISION","ALL AGES",50943,26696,24247,NA,22063,11772,10291,NA,28880,14924,13956,NA,NA
"BALOCHISTAN","SIBI","DERA BUGTI","DERA BUGTI","SUB-DIVISION","UNDER 1",1523,800,723,NA,657,338,319,NA,866,462,404,NA,NA
"BALOCHISTAN","SIBI","DERA BUGTI","DERA BUGTI","SUB-DIVISION","UNDER 5",11225,5811,5414,NA,5047,2632,2415,NA,6178,3179,2999,NA,NA
"BALOCHISTAN","SIBI","DERA BUGTI","DERA BUGTI","SUB-DIVISION","UNDER 10",20907,10996,9911,NA,9305,4990,4315,NA,11602,6006,5596,NA,NA
"BALOCHISTAN","SIBI","DERA BUGTI","DERA BUGTI","SUB-DIVISION","UNDER 15",26935,14451,12484,NA,11890,6559,5331,NA,15045,7892,7153,NA,NA
"BALOCHISTAN","SIBI","DERA BUGTI","DERA BUGTI","SUB-DIVISION","05 - 24",24039,12941,11098,NA,10272,5731,4541,NA,13767,7210,6557,NA,NA
"BALOCHISTAN","SIBI","DERA BUGTI","DERA BUGTI","SUB-DIVISION","15 - 49",19691,10029,9662,NA,8208,4177,4031,NA,11483,5852,5631,NA,NA
"BALOCHISTAN","SIBI","DERA BUGTI","DERA BUGTI","SUB-DIVISION","15 - 64",22769,11616,11153,NA,9570,4887,4683,NA,13199,6729,6470,NA,NA
"BALOCHISTAN","SIBI","DERA BUGTI","DERA BUGTI","SUB-DIVISION","18 - 60",19394,9679,9715,NA,8124,4034,4090,NA,11270,5645,5625,NA,NA
"BALOCHISTAN","SIBI","DERA BUGTI","DERA BUGTI","SUB-DIVISION","18 &  ABOVE",21294,10668,10626,NA,9006,4510,4496,NA,12288,6158,6130,NA,NA
"BALOCHISTAN","SIBI","DERA BUGTI","DERA BUGTI","SUB-DIVISION","60 &  ABOVE",2076,1087,989,NA,981,531,450,NA,1095,556,539,NA,NA
"BALOCHISTAN","SIBI","DERA BUGTI","DERA BUGTI","SUB-DIVISION","65 &  ABOVE",1239,629,610,NA,603,326,277,NA,636,303,333,NA,NA
"BALOCHISTAN","SIBI","DERA BUGTI","LOTI","SUB-TEHSIL","ALL AGES",21711,13350,8361,NA,21711,13350,8361,NA,NA,NA,NA,NA,NA
"BALOCHISTAN","SIBI","DERA BUGTI","LOTI","SUB-TEHSIL","UNDER 1",368,235,133,NA,368,235,133,NA,NA,NA,NA,NA,NA
"BALOCHISTAN","SIBI","DERA BUGTI","LOTI","SUB-TEHSIL","UNDER 5",4196,2706,1490,NA,4196,2706,1490,NA,NA,NA,NA,NA,NA
"BALOCHISTAN","SIBI","DERA BUGTI","LOTI","SUB-TEHSIL","UNDER 10",8272,5235,3037,NA,8272,5235,3037,NA,NA,NA,NA,NA,NA
"BALOCHISTAN","SIBI","DERA BUGTI","LOTI","SUB-TEHSIL","UNDER 15",11286,7415,3871,NA,11286,7415,3871,NA,NA,NA,NA,NA,NA
"BALOCHISTAN","SIBI","DERA BUGTI","LOTI","SUB-TEHSIL","05 - 24",11148,7105,4043,NA,11148,7105,4043,NA,NA,NA,NA,NA,NA
"BALOCHISTAN","SIBI","DERA BUGTI","LOTI","SUB-TEHSIL","15 - 49",8751,4943,3808,NA,8751,4943,3808,NA,NA,NA,NA,NA,NA
"BALOCHISTAN","SIBI","DERA BUGTI","LOTI","SUB-TEHSIL","15 - 64",9894,5589,4305,NA,9894,5589,4305,NA,NA,NA,NA,NA,NA
"BALOCHISTAN","SIBI","DERA BUGTI","LOTI","SUB-TEHSIL","18 - 60",8412,4525,3887,NA,8412,4525,3887,NA,NA,NA,NA,NA,NA
"BALOCHISTAN","SIBI","DERA BUGTI","LOTI","SUB-TEHSIL","18 &  ABOVE",9135,4995,4140,NA,9135,4995,4140,NA,NA,NA,NA,NA,NA
"BALOCHISTAN","SIBI","DERA BUGTI","LOTI","SUB-TEHSIL","60 &  ABOVE",818,524,294,NA,818,524,294,NA,NA,NA,NA,NA,NA
"BALOCHISTAN","SIBI","DERA BUGTI","LOTI","SUB-TEHSIL","65 &  ABOVE",531,346,185,NA,531,346,185,NA,NA,NA,NA,NA,NA
"BALOCHISTAN","SIBI","DERA BUGTI","MALAM","SUB-TEHSIL","ALL AGES",33340,18690,14650,NA,33340,18690,14650,NA,NA,NA,NA,NA,NA
"BALOCHISTAN","SIBI","DERA BUGTI","MALAM","SUB-TEHSIL","UNDER 1",850,437,413,NA,850,437,413,NA,NA,NA,NA,NA,NA
"BALOCHISTAN","SIBI","DERA BUGTI","MALAM","SUB-TEHSIL","UNDER 5",7988,4420,3568,NA,7988,4420,3568,NA,NA,NA,NA,NA,NA
"BALOCHISTAN","SIBI","DERA BUGTI","MALAM","SUB-TEHSIL","UNDER 10",15500,8808,6692,NA,15500,8808,6692,NA,NA,NA,NA,NA,NA
"BALOCHISTAN","SIBI","DERA BUGTI","MALAM","SUB-TEHSIL","UNDER 15",20391,11938,8453,NA,20391,11938,8453,NA,NA,NA,NA,NA,NA
"BALOCHISTAN","SIBI","DERA BUGTI","MALAM","SUB-TEHSIL","05 - 24",17109,10328,6781,NA,17109,10328,6781,NA,NA,NA,NA,NA,NA
"BALOCHISTAN","SIBI","DERA BUGTI","MALAM","SUB-TEHSIL","15 - 49",11201,5761,5440,NA,11201,5761,5440,NA,NA,NA,NA,NA,NA
"BALOCHISTAN","SIBI","DERA BUGTI","MALAM","SUB-TEHSIL","15 - 64",12477,6456,6021,NA,12477,6456,6021,NA,NA,NA,NA,NA,NA
"BALOCHISTAN","SIBI","DERA BUGTI","MALAM","SUB-TEHSIL","18 - 60",10287,4960,5327,NA,10287,4960,5327,NA,NA,NA,NA,NA,NA
"BALOCHISTAN","SIBI","DERA BUGTI","MALAM","SUB-TEHSIL","18 &  ABOVE",11019,5404,5615,NA,11019,5404,5615,NA,NA,NA,NA,NA,NA
"BALOCHISTAN","SIBI","DERA BUGTI","MALAM","SUB-TEHSIL","60 &  ABOVE",830,500,330,NA,830,500,330,NA,NA,NA,NA,NA,NA
"BALOCHISTAN","SIBI","DERA BUGTI","MALAM","SUB-TEHSIL","65 &  ABOVE",472,296,176,NA,472,296,176,NA,NA,NA,NA,NA,NA
"BALOCHISTAN","SIBI","DERA BUGTI","PIR KOH","SUB-TEHSIL","ALL AGES",44396,23865,20530,1,44396,23865,20530,1,NA,NA,NA,NA,NA
"BALOCHISTAN","SIBI","DERA BUGTI","PIR KOH","SUB-TEHSIL","UNDER 1",1610,865,745,NA,1610,865,745,NA,NA,NA,NA,NA,NA
"BALOCHISTAN","SIBI","DERA BUGTI","PIR KOH","SUB-TEHSIL","UNDER 5",10866,5723,5143,NA,10866,5723,5143,NA,NA,NA,NA,NA,NA
"BALOCHISTAN","SIBI","DERA BUGTI","PIR KOH","SUB-TEHSIL","UNDER 10",19478,10658,8820,NA,19478,10658,8820,NA,NA,NA,NA,NA,NA
"BALOCHISTAN","SIBI","DERA BUGTI","PIR KOH","SUB-TEHSIL","UNDER 15",24373,13793,10580,NA,24373,13793,10580,NA,NA,NA,NA,NA,NA
"BALOCHISTAN","SIBI","DERA BUGTI","PIR KOH","SUB-TEHSIL","05 - 24",20375,11584,8791,NA,20375,11584,8791,NA,NA,NA,NA,NA,NA
"BALOCHISTAN","SIBI","DERA BUGTI","PIR KOH","SUB-TEHSIL","15 - 49",16588,8295,8292,1,16588,8295,8292,1,NA,NA,NA,NA,NA
"BALOCHISTAN","SIBI","DERA BUGTI","PIR KOH","SUB-TEHSIL","15 - 64",18963,9475,9487,1,18963,9475,9487,1,NA,NA,NA,NA,NA
"BALOCHISTAN","SIBI","DERA BUGTI","PIR KOH","SUB-TEHSIL","18 - 60",16415,7923,8491,1,16415,7923,8491,1,NA,NA,NA,NA,NA
"BALOCHISTAN","SIBI","DERA BUGTI","PIR KOH","SUB-TEHSIL","18 &  ABOVE",18008,8793,9214,1,18008,8793,9214,1,NA,NA,NA,NA,NA
"BALOCHISTAN","SIBI","DERA BUGTI","PIR KOH","SUB-TEHSIL","60 &  ABOVE",1798,978,820,NA,1798,978,820,NA,NA,NA,NA,NA,NA
"BALOCHISTAN","SIBI","DERA BUGTI","PIR KOH","SUB-TEHSIL","65 &  ABOVE",1060,597,463,NA,1060,597,463,NA,NA,NA,NA,NA,NA
"BALOCHISTAN","SIBI","DERA BUGTI","QADIRABAD","SUB-DIVISION","ALL AGES",32226,18391,13835,NA,32226,18391,13835,NA,NA,NA,NA,NA,NA
"BALOCHISTAN","SIBI","DERA BUGTI","QADIRABAD","SUB-DIVISION","UNDER 1",1971,1018,953,NA,1971,1018,953,NA,NA,NA,NA,NA,NA
"BALOCHISTAN","SIBI","DERA BUGTI","QADIRABAD","SUB-DIVISION","UNDER 5",8962,5046,3916,NA,8962,5046,3916,NA,NA,NA,NA,NA,NA
"BALOCHISTAN","SIBI","DERA BUGTI","QADIRABAD","SUB-DIVISION","UNDER 10",15722,9087,6635,NA,15722,9087,6635,NA,NA,NA,NA,NA,NA
"BALOCHISTAN","SIBI","DERA BUGTI","QADIRABAD","SUB-DIVISION","UNDER 15",20688,12297,8391,NA,20688,12297,8391,NA,NA,NA,NA,NA,NA
"BALOCHISTAN","SIBI","DERA BUGTI","QADIRABAD","SUB-DIVISION","05 - 24",16349,9979,6370,NA,16349,9979,6370,NA,NA,NA,NA,NA,NA
"BALOCHISTAN","SIBI","DERA BUGTI","QADIRABAD","SUB-DIVISION","15 - 49",10122,5309,4813,NA,10122,5309,4813,NA,NA,NA,NA,NA,NA
"BALOCHISTAN","SIBI","DERA BUGTI","QADIRABAD","SUB-DIVISION","15 - 64",11165,5877,5288,NA,11165,5877,5288,NA,NA,NA,NA,NA,NA
"BALOCHISTAN","SIBI","DERA BUGTI","QADIRABAD","SUB-DIVISION","18 - 60",8921,4324,4597,NA,8921,4324,4597,NA,NA,NA,NA,NA,NA
"BALOCHISTAN","SIBI","DERA BUGTI","QADIRABAD","SUB-DIVISION","18 &  ABOVE",9499,4669,4830,NA,9499,4669,4830,NA,NA,NA,NA,NA,NA
"BALOCHISTAN","SIBI","DERA BUGTI","QADIRABAD","SUB-DIVISION","60 &  ABOVE",640,377,263,NA,640,377,263,NA,NA,NA,NA,NA,NA
"BALOCHISTAN","SIBI","DERA BUGTI","QADIRABAD","SUB-DIVISION","65 &  ABOVE",373,217,156,NA,373,217,156,NA,NA,NA,NA,NA,NA
"BALOCHISTAN","SIBI","DERA BUGTI","SANGSILLAH","SUB-TEHSIL","ALL AGES",12523,6635,5888,NA,12523,6635,5888,NA,NA,NA,NA,NA,NA
"BALOCHISTAN","SIBI","DERA BUGTI","SANGSILLAH","SUB-TEHSIL","UNDER 1",357,152,205,NA,357,152,205,NA,NA,NA,NA,NA,NA
"BALOCHISTAN","SIBI","DERA BUGTI","SANGSILLAH","SUB-TEHSIL","UNDER 5",2813,1385,1428,NA,2813,1385,1428,NA,NA,NA,NA,NA,NA
"BALOCHISTAN","SIBI","DERA BUGTI","SANGSILLAH","SUB-TEHSIL","UNDER 10",5309,2813,2496,NA,5309,2813,2496,NA,NA,NA,NA,NA,NA
"BALOCHISTAN","SIBI","DERA BUGTI","SANGSILLAH","SUB-TEHSIL","UNDER 15",6631,3682,2949,NA,6631,3682,2949,NA,NA,NA,NA,NA,NA
"BALOCHISTAN","SIBI","DERA BUGTI","SANGSILLAH","SUB-TEHSIL","05 - 24",5875,3396,2479,NA,5875,3396,2479,NA,NA,NA,NA,NA,NA
"BALOCHISTAN","SIBI","DERA BUGTI","SANGSILLAH","SUB-TEHSIL","15 - 49",4913,2439,2474,NA,4913,2439,2474,NA,NA,NA,NA,NA,NA
"BALOCHISTAN","SIBI","DERA BUGTI","SANGSILLAH","SUB-TEHSIL","15 - 64",5671,2831,2840,NA,5671,2831,2840,NA,NA,NA,NA,NA,NA
"BALOCHISTAN","SIBI","DERA BUGTI","SANGSILLAH","SUB-TEHSIL","18 - 60",4896,2322,2574,NA,4896,2322,2574,NA,NA,NA,NA,NA,NA
"BALOCHISTAN","SIBI","DERA BUGTI","SANGSILLAH","SUB-TEHSIL","18 &  ABOVE",5261,2535,2726,NA,5261,2535,2726,NA,NA,NA,NA,NA,NA
"BALOCHISTAN","SIBI","DERA BUGTI","SANGSILLAH","SUB-TEHSIL","60 &  ABOVE",426,245,181,NA,426,245,181,NA,NA,NA,NA,NA,NA
"BALOCHISTAN","SIBI","DERA BUGTI","SANGSILLAH","SUB-TEHSIL","65 &  ABOVE",221,122,99,NA,221,122,99,NA,NA,NA,NA,NA,NA
"BALOCHISTAN","SIBI","DERA BUGTI","SUI","SUB-DIVISION","ALL AGES",126725,68225,58497,3,47158,26220,20936,2,79567,42005,37561,1,NA
"BALOCHISTAN","SIBI","DERA BUGTI","SUI","SUB-DIVISION","UNDER 1",3252,1693,1559,NA,884,443,441,NA,2368,1250,1118,NA,NA
"BALOCHISTAN","SIBI","DERA BUGTI","SUI","SUB-DIVISION","UNDER 5",27661,14799,12862,NA,10204,5525,4679,NA,17457,9274,8183,NA,NA
"BALOCHISTAN","SIBI","DERA BUGTI","SUI","SUB-DIVISION","UNDER 10",52301,28796,23505,NA,19716,11237,8479,NA,32585,17559,15026,NA,NA
"BALOCHISTAN","SIBI","DERA BUGTI","SUI","SUB-DIVISION","UNDER 15",67864,38340,29523,1,25502,15154,10347,1,42362,23186,19176,NA,NA
"BALOCHISTAN","SIBI","DERA BUGTI","SUI","SUB-DIVISION","05 - 24",63252,35254,27995,3,22954,13502,9450,2,40298,21752,18545,1,NA
"BALOCHISTAN","SIBI","DERA BUGTI","SUI","SUB-DIVISION","15 - 49",50608,25614,24992,2,18465,9338,9126,1,32143,16276,15866,1,NA
"BALOCHISTAN","SIBI","DERA BUGTI","SUI","SUB-DIVISION","15 - 64",56851,28791,28058,2,20867,10585,10281,1,35984,18206,17777,1,NA
"BALOCHISTAN","SIBI","DERA BUGTI","SUI","SUB-DIVISION","18 - 60",48725,24022,24703,NA,18348,9005,9343,NA,30377,15017,15360,NA,NA
"BALOCHISTAN","SIBI","DERA BUGTI","SUI","SUB-DIVISION","18 &  ABOVE",51911,25754,26157,NA,19595,9757,9838,NA,32316,15997,16319,NA,NA
"BALOCHISTAN","SIBI","DERA BUGTI","SUI","SUB-DIVISION","60 &  ABOVE",3545,1917,1628,NA,1401,834,567,NA,2144,1083,1061,NA,NA
"BALOCHISTAN","SIBI","DERA BUGTI","SUI","SUB-DIVISION","65 &  ABOVE",2010,1094,916,NA,789,481,308,NA,1221,613,608,NA,NA
"BALOCHISTAN","LORALAI","DUKI","DUKI","SUB-DIVISION","ALL AGES",137294,72365,64915,14,127511,67084,60416,11,9783,5281,4499,3,NA
"BALOCHISTAN","LORALAI","DUKI","DUKI","SUB-DIVISION","UNDER 1",1271,581,690,NA,1252,574,678,NA,19,7,12,NA,NA
"BALOCHISTAN","LORALAI","DUKI","DUKI","SUB-DIVISION","UNDER 5",23382,12253,11129,NA,22375,11748,10627,NA,1007,505,502,NA,NA
"BALOCHISTAN","LORALAI","DUKI","DUKI","SUB-DIVISION","UNDER 10",46409,24452,21957,NA,44499,23521,20978,NA,1910,931,979,NA,NA
"BALOCHISTAN","LORALAI","DUKI","DUKI","SUB-DIVISION","UNDER 15",64362,33820,30540,2,61472,32393,29077,2,2890,1427,1463,NA,NA
"BALOCHISTAN","LORALAI","DUKI","DUKI","SUB-DIVISION","05 - 24",66905,35160,31734,11,62627,32918,29698,11,4278,2242,2036,NA,NA
"BALOCHISTAN","LORALAI","DUKI","DUKI","SUB-DIVISION","15 - 49",64696,33719,30965,12,58717,30432,28276,9,5979,3287,2689,3,NA
"BALOCHISTAN","LORALAI","DUKI","DUKI","SUB-DIVISION","15 - 64",70910,37376,33522,12,64214,33626,30579,9,6696,3750,2943,3,NA
"BALOCHISTAN","LORALAI","DUKI","DUKI","SUB-DIVISION","18 - 60",60852,32004,28843,5,54933,28721,26210,2,5919,3283,2633,3,NA
"BALOCHISTAN","LORALAI","DUKI","DUKI","SUB-DIVISION","18 &  ABOVE",63839,33753,30081,5,57625,30297,27326,2,6214,3456,2755,3,NA
"BALOCHISTAN","LORALAI","DUKI","DUKI","SUB-DIVISION","60 &  ABOVE",3360,1965,1395,NA,3018,1763,1255,NA,342,202,140,NA,NA
"BALOCHISTAN","LORALAI","DUKI","DUKI","SUB-DIVISION","65 &  ABOVE",2022,1169,853,NA,1825,1065,760,NA,197,104,93,NA,NA
"BALOCHISTAN","LORALAI","DUKI","LUNI","SUB-DIVISION","ALL AGES",13615,7144,6463,8,13615,7144,6463,8,NA,NA,NA,NA,NA
"BALOCHISTAN","LORALAI","DUKI","LUNI","SUB-DIVISION","UNDER 1",92,48,44,NA,92,48,44,NA,NA,NA,NA,NA,NA
"BALOCHISTAN","LORALAI","DUKI","LUNI","SUB-DIVISION","UNDER 5",1487,722,765,NA,1487,722,765,NA,NA,NA,NA,NA,NA
"BALOCHISTAN","LORALAI","DUKI","LUNI","SUB-DIVISION","UNDER 10",3127,1547,1580,NA,3127,1547,1580,NA,NA,NA,NA,NA,NA
"BALOCHISTAN","LORALAI","DUKI","LUNI","SUB-DIVISION","UNDER 15",4667,2369,2298,NA,4667,2369,2298,NA,NA,NA,NA,NA,NA
"BALOCHISTAN","LORALAI","DUKI","LUNI","SUB-DIVISION","05 - 24",5933,3136,2793,4,5933,3136,2793,4,NA,NA,NA,NA,NA
"BALOCHISTAN","LORALAI","DUKI","LUNI","SUB-DIVISION","15 - 49",7767,4083,3676,8,7767,4083,3676,8,NA,NA,NA,NA,NA
"BALOCHISTAN","LORALAI","DUKI","LUNI","SUB-DIVISION","15 - 64",8693,4621,4064,8,8693,4621,4064,8,NA,NA,NA,NA,NA
"BALOCHISTAN","LORALAI","DUKI","LUNI","SUB-DIVISION","18 - 60",7876,4166,3704,6,7876,4166,3704,6,NA,NA,NA,NA,NA
"BALOCHISTAN","LORALAI","DUKI","LUNI","SUB-DIVISION","18 &  ABOVE",8266,4409,3851,6,8266,4409,3851,6,NA,NA,NA,NA,NA
"BALOCHISTAN","LORALAI","DUKI","LUNI","SUB-DIVISION","60 &  ABOVE",460,288,172,NA,460,288,172,NA,NA,NA,NA,NA,NA
"BALOCHISTAN","LORALAI","DUKI","LUNI","SUB-DIVISION","65 &  ABOVE",255,154,101,NA,255,154,101,NA,NA,NA,NA,NA,NA
"BALOCHISTAN","LORALAI","DUKI","TALAO","SUB-TEHSIL","ALL AGES",21930,11323,10584,23,21930,11323,10584,23,NA,NA,NA,NA,NA
"BALOCHISTAN","LORALAI","DUKI","TALAO","SUB-TEHSIL","UNDER 1",507,271,236,NA,507,271,236,NA,NA,NA,NA,NA,NA
"BALOCHISTAN","LORALAI","DUKI","TALAO","SUB-TEHSIL","UNDER 5",4226,2230,1996,NA,4226,2230,1996,NA,NA,NA,NA,NA,NA
"BALOCHISTAN","LORALAI","DUKI","TALAO","SUB-TEHSIL","UNDER 10",7439,3782,3657,NA,7439,3782,3657,NA,NA,NA,NA,NA,NA
"BALOCHISTAN","LORALAI","DUKI","TALAO","SUB-TEHSIL","UNDER 15",9751,4934,4817,NA,9751,4934,4817,NA,NA,NA,NA,NA,NA
"BALOCHISTAN","LORALAI","DUKI","TALAO","SUB-TEHSIL","05 - 24",9797,4932,4860,5,9797,4932,4860,5,NA,NA,NA,NA,NA
"BALOCHISTAN","LORALAI","DUKI","TALAO","SUB-TEHSIL","15 - 49",10431,5345,5065,21,10431,5345,5065,21,NA,NA,NA,NA,NA
"BALOCHISTAN","LORALAI","DUKI","TALAO","SUB-TEHSIL","15 - 64",11651,6046,5582,23,11651,6046,5582,23,NA,NA,NA,NA,NA
"BALOCHISTAN","LORALAI","DUKI","TALAO","SUB-TEHSIL","18 - 60",10215,5282,4911,22,10215,5282,4911,22,NA,NA,NA,NA,NA
"BALOCHISTAN","LORALAI","DUKI","TALAO","SUB-TEHSIL","18 &  ABOVE",10963,5752,5189,22,10963,5752,5189,22,NA,NA,NA,NA,NA
"BALOCHISTAN","LORALAI","DUKI","TALAO","SUB-TEHSIL","60 &  ABOVE",844,522,322,NA,844,522,322,NA,NA,NA,NA,NA,NA
"BALOCHISTAN","LORALAI","DUKI","TALAO","SUB-TEHSIL","65 &  ABOVE",528,343,185,NA,528,343,185,NA,NA,NA,NA,NA,NA
"BALOCHISTAN","LORALAI","DUKI","THAL CHUTYALI","SUB-DIVISION","ALL AGES",32205,16389,15813,3,32205,16389,15813,3,NA,NA,NA,NA,NA
"BALOCHISTAN","LORALAI","DUKI","THAL CHUTYALI","SUB-DIVISION","UNDER 1",522,259,263,NA,522,259,263,NA,NA,NA,NA,NA,NA
"BALOCHISTAN","LORALAI","DUKI","THAL CHUTYALI","SUB-DIVISION","UNDER 5",6062,2988,3074,NA,6062,2988,3074,NA,NA,NA,NA,NA,NA
"BALOCHISTAN","LORALAI","DUKI","THAL CHUTYALI","SUB-DIVISION","UNDER 10",10358,5086,5272,NA,10358,5086,5272,NA,NA,NA,NA,NA,NA
"BALOCHISTAN","LORALAI","DUKI","THAL CHUTYALI","SUB-DIVISION","UNDER 15",13562,6728,6834,NA,13562,6728,6834,NA,NA,NA,NA,NA,NA
"BALOCHISTAN","LORALAI","DUKI","THAL CHUTYALI","SUB-DIVISION","05 - 24",14480,7235,7244,1,14480,7235,7244,1,NA,NA,NA,NA,NA
"BALOCHISTAN","LORALAI","DUKI","THAL CHUTYALI","SUB-DIVISION","15 - 49",15884,8103,7778,3,15884,8103,7778,3,NA,NA,NA,NA,NA
"BALOCHISTAN","LORALAI","DUKI","THAL CHUTYALI","SUB-DIVISION","15 - 64",17824,9166,8655,3,17824,9166,8655,3,NA,NA,NA,NA,NA
"BALOCHISTAN","LORALAI","DUKI","THAL CHUTYALI","SUB-DIVISION","18 - 60",15655,8010,7642,3,15655,8010,7642,3,NA,NA,NA,NA,NA
"BALOCHISTAN","LORALAI","DUKI","THAL CHUTYALI","SUB-DIVISION","18 &  ABOVE",16801,8697,8101,3,16801,8697,8101,3,NA,NA,NA,NA,NA
"BALOCHISTAN","LORALAI","DUKI","THAL CHUTYALI","SUB-DIVISION","60 &  ABOVE",1303,777,526,NA,1303,777,526,NA,NA,NA,NA,NA,NA
"BALOCHISTAN","LORALAI","DUKI","THAL CHUTYALI","SUB-DIVISION","65 &  ABOVE",819,495,324,NA,819,495,324,NA,NA,NA,NA,NA,NA
"BALOCHISTAN","MEKRAN","GWADAR","GWADAR","SUB-DIVISION","ALL AGES",147673,78278,69379,16,76821,40700,36113,8,70852,37578,33266,8,NA
"BALOCHISTAN","MEKRAN","GWADAR","GWADAR","SUB-DIVISION","UNDER 1",3083,1661,1422,NA,2261,1209,1052,NA,822,452,370,NA,NA
"BALOCHISTAN","MEKRAN","GWADAR","GWADAR","SUB-DIVISION","UNDER 5",21086,11219,9867,NA,12810,6679,6131,NA,8276,4540,3736,NA,NA
"BALOCHISTAN","MEKRAN","GWADAR","GWADAR","SUB-DIVISION","UNDER 10",41299,21940,19359,NA,24692,12983,11709,NA,16607,8957,7650,NA,NA
"BALOCHISTAN","MEKRAN","GWADAR","GWADAR","SUB-DIVISION","UNDER 15",61471,32977,28493,1,36405,19467,16937,1,25066,13510,11556,NA,NA
"BALOCHISTAN","MEKRAN","GWADAR","GWADAR","SUB-DIVISION","05 - 24",71720,38291,33426,3,39673,21612,18058,3,32047,16679,15368,NA,NA
"BALOCHISTAN","MEKRAN","GWADAR","GWADAR","SUB-DIVISION","15 - 49",73257,38072,35175,10,34434,17986,16442,6,38823,20086,18733,4,NA
"BALOCHISTAN","MEKRAN","GWADAR","GWADAR","SUB-DIVISION","15 - 64",82271,43120,39137,14,38439,20174,18258,7,43832,22946,20879,7,NA
"BALOCHISTAN","MEKRAN","GWADAR","GWADAR","SUB-DIVISION","18 - 60",69149,35704,33431,14,31067,15880,15180,7,38082,19824,18251,7,NA
"BALOCHISTAN","MEKRAN","GWADAR","GWADAR","SUB-DIVISION","18 &  ABOVE",74753,38825,35913,15,33741,17331,16403,7,41012,21494,19510,8,NA
"BALOCHISTAN","MEKRAN","GWADAR","GWADAR","SUB-DIVISION","60 &  ABOVE",6285,3499,2784,2,2975,1619,1356,NA,3310,1880,1428,2,NA
"BALOCHISTAN","MEKRAN","GWADAR","GWADAR","SUB-DIVISION","65 &  ABOVE",3931,2181,1749,1,1977,1059,918,NA,1954,1122,831,1,NA
"BALOCHISTAN","MEKRAN","GWADAR","JIWANI","TEHSIL","ALL AGES",35004,18511,16487,6,9672,4593,5077,2,25332,13918,11410,4,NA
"BALOCHISTAN","MEKRAN","GWADAR","JIWANI","TEHSIL","UNDER 1",494,267,227,NA,63,37,26,NA,431,230,201,NA,NA
"BALOCHISTAN","MEKRAN","GWADAR","JIWANI","TEHSIL","UNDER 5",5541,2896,2645,NA,1380,607,773,NA,4161,2289,1872,NA,NA
"BALOCHISTAN","MEKRAN","GWADAR","JIWANI","TEHSIL","UNDER 10",11030,5778,5252,NA,2954,1360,1594,NA,8076,4418,3658,NA,NA
"BALOCHISTAN","MEKRAN","GWADAR","JIWANI","TEHSIL","UNDER 15",16175,8582,7592,1,4481,2128,2352,1,11694,6454,5240,NA,NA
"BALOCHISTAN","MEKRAN","GWADAR","JIWANI","TEHSIL","05 - 24",18061,9649,8409,3,5104,2399,2704,1,12957,7250,5705,2,NA
"BALOCHISTAN","MEKRAN","GWADAR","JIWANI","TEHSIL","15 - 49",15678,8132,7542,4,4326,1984,2341,1,11352,6148,5201,3,NA
"BALOCHISTAN","MEKRAN","GWADAR","JIWANI","TEHSIL","15 - 64",17680,9257,8418,5,4869,2278,2590,1,12811,6979,5828,4,NA
"BALOCHISTAN","MEKRAN","GWADAR","JIWANI","TEHSIL","18 - 60",14192,7354,6836,2,3930,1851,2078,1,10262,5503,4758,1,NA
"BALOCHISTAN","MEKRAN","GWADAR","JIWANI","TEHSIL","18 &  ABOVE",15741,8259,7479,3,4358,2101,2256,1,11383,6158,5223,2,NA
"BALOCHISTAN","MEKRAN","GWADAR","JIWANI","TEHSIL","60 &  ABOVE",1683,982,700,1,467,274,193,NA,1216,708,507,1,NA
"BALOCHISTAN","MEKRAN","GWADAR","JIWANI","TEHSIL","65 &  ABOVE",1149,672,477,NA,322,187,135,NA,827,485,342,NA,NA
"BALOCHISTAN","MEKRAN","GWADAR","ORMARA","TEHSIL","ALL AGES",25503,13255,12248,NA,8475,4402,4073,NA,17028,8853,8175,NA,NA
"BALOCHISTAN","MEKRAN","GWADAR","ORMARA","TEHSIL","UNDER 1",415,220,195,NA,106,52,54,NA,309,168,141,NA,NA
"BALOCHISTAN","MEKRAN","GWADAR","ORMARA","TEHSIL","UNDER 5",3564,1908,1656,NA,1106,562,544,NA,2458,1346,1112,NA,NA
"BALOCHISTAN","MEKRAN","GWADAR","ORMARA","TEHSIL","UNDER 10",6666,3495,3171,NA,2150,1074,1076,NA,4516,2421,2095,NA,NA
"BALOCHISTAN","MEKRAN","GWADAR","ORMARA","TEHSIL","UNDER 15",9523,4961,4562,NA,3173,1601,1572,NA,6350,3360,2990,NA,NA
"BALOCHISTAN","MEKRAN","GWADAR","ORMARA","TEHSIL","05 - 24",10659,5442,5217,NA,3557,1848,1709,NA,7102,3594,3508,NA,NA
"BALOCHISTAN","MEKRAN","GWADAR","ORMARA","TEHSIL","15 - 49",12912,6638,6274,NA,4085,2148,1937,NA,8827,4490,4337,NA,NA
"BALOCHISTAN","MEKRAN","GWADAR","ORMARA","TEHSIL","15 - 64",15068,7818,7250,NA,4861,2572,2289,NA,10207,5246,4961,NA,NA
"BALOCHISTAN","MEKRAN","GWADAR","ORMARA","TEHSIL","18 - 60",13025,6717,6308,NA,4196,2194,2002,NA,8829,4523,4306,NA,NA
"BALOCHISTAN","MEKRAN","GWADAR","ORMARA","TEHSIL","18 &  ABOVE",14420,7459,6961,NA,4816,2522,2294,NA,9604,4937,4667,NA,NA
"BALOCHISTAN","MEKRAN","GWADAR","ORMARA","TEHSIL","60 &  ABOVE",1489,796,693,NA,664,354,310,NA,825,442,383,NA,NA
"BALOCHISTAN","MEKRAN","GWADAR","ORMARA","TEHSIL","65 &  ABOVE",912,476,436,NA,441,229,212,NA,471,247,224,NA,NA
"BALOCHISTAN","MEKRAN","GWADAR","PASNI","SUB-DIVISION","ALL AGES",74128,38410,35711,7,30634,15605,15027,2,43494,22805,20684,5,NA
"BALOCHISTAN","MEKRAN","GWADAR","PASNI","SUB-DIVISION","UNDER 1",1682,904,778,NA,787,423,364,NA,895,481,414,NA,NA
"BALOCHISTAN","MEKRAN","GWADAR","PASNI","SUB-DIVISION","UNDER 5",12193,6519,5674,NA,4950,2594,2356,NA,7243,3925,3318,NA,NA
"BALOCHISTAN","MEKRAN","GWADAR","PASNI","SUB-DIVISION","UNDER 10",22357,11860,10497,NA,9073,4697,4376,NA,13284,7163,6121,NA,NA
"BALOCHISTAN","MEKRAN","GWADAR","PASNI","SUB-DIVISION","UNDER 15",32015,17099,14916,NA,13162,6898,6264,NA,18853,10201,8652,NA,NA
"BALOCHISTAN","MEKRAN","GWADAR","PASNI","SUB-DIVISION","05 - 24",34761,18091,16665,5,14443,7328,7113,2,20318,10763,9552,3,NA
"BALOCHISTAN","MEKRAN","GWADAR","PASNI","SUB-DIVISION","15 - 49",34701,17332,17362,7,14201,6942,7257,2,20500,10390,10105,5,NA
"BALOCHISTAN","MEKRAN","GWADAR","PASNI","SUB-DIVISION","15 - 64",39705,20069,19629,7,16250,8066,8182,2,23455,12003,11447,5,NA
"BALOCHISTAN","MEKRAN","GWADAR","PASNI","SUB-DIVISION","18 - 60",33434,16722,16707,5,13689,6740,6948,1,19745,9982,9759,4,NA
"BALOCHISTAN","MEKRAN","GWADAR","PASNI","SUB-DIVISION","18 &  ABOVE",36784,18483,18296,5,15314,7597,7716,1,21470,10886,10580,4,NA
"BALOCHISTAN","MEKRAN","GWADAR","PASNI","SUB-DIVISION","60 &  ABOVE",3649,1935,1714,NA,1766,940,826,NA,1883,995,888,NA,NA
"BALOCHISTAN","MEKRAN","GWADAR","PASNI","SUB-DIVISION","65 &  ABOVE",2408,1242,1166,NA,1222,641,581,NA,1186,601,585,NA,NA
"BALOCHISTAN","MEKRAN","GWADAR","SUNTSER","SUB-TEHSIL","ALL AGES",20523,11172,9349,2,20523,11172,9349,2,NA,NA,NA,NA,NA
"BALOCHISTAN","MEKRAN","GWADAR","SUNTSER","SUB-TEHSIL","UNDER 1",848,458,390,NA,848,458,390,NA,NA,NA,NA,NA,NA
"BALOCHISTAN","MEKRAN","GWADAR","SUNTSER","SUB-TEHSIL","UNDER 5",3754,2042,1712,NA,3754,2042,1712,NA,NA,NA,NA,NA,NA
"BALOCHISTAN","MEKRAN","GWADAR","SUNTSER","SUB-TEHSIL","UNDER 10",7443,4116,3327,NA,7443,4116,3327,NA,NA,NA,NA,NA,NA
"BALOCHISTAN","MEKRAN","GWADAR","SUNTSER","SUB-TEHSIL","UNDER 15",10806,6071,4735,NA,10806,6071,4735,NA,NA,NA,NA,NA,NA
"BALOCHISTAN","MEKRAN","GWADAR","SUNTSER","SUB-TEHSIL","05 - 24",11055,6273,4780,2,11055,6273,4780,2,NA,NA,NA,NA,NA
"BALOCHISTAN","MEKRAN","GWADAR","SUNTSER","SUB-TEHSIL","15 - 49",8398,4375,4021,2,8398,4375,4021,2,NA,NA,NA,NA,NA
"BALOCHISTAN","MEKRAN","GWADAR","SUNTSER","SUB-TEHSIL","15 - 64",9244,4827,4415,2,9244,4827,4415,2,NA,NA,NA,NA,NA
"BALOCHISTAN","MEKRAN","GWADAR","SUNTSER","SUB-TEHSIL","18 - 60",7477,3767,3709,1,7477,3767,3709,1,NA,NA,NA,NA,NA
"BALOCHISTAN","MEKRAN","GWADAR","SUNTSER","SUB-TEHSIL","18 &  ABOVE",8119,4133,3985,1,8119,4133,3985,1,NA,NA,NA,NA,NA
"BALOCHISTAN","MEKRAN","GWADAR","SUNTSER","SUB-TEHSIL","60 &  ABOVE",694,392,302,NA,694,392,302,NA,NA,NA,NA,NA,NA
"BALOCHISTAN","MEKRAN","GWADAR","SUNTSER","SUB-TEHSIL","65 &  ABOVE",473,274,199,NA,473,274,199,NA,NA,NA,NA,NA,NA
"BALOCHISTAN","SIBI","HARNAI","HARNAI","SUB-DIVISION","ALL AGES",82001,40994,41003,4,67724,33837,33884,3,14277,7157,7119,1,NA
"BALOCHISTAN","SIBI","HARNAI","HARNAI","SUB-DIVISION","UNDER 1",2956,1453,1503,NA,2579,1251,1328,NA,377,202,175,NA,NA
"BALOCHISTAN","SIBI","HARNAI","HARNAI","SUB-DIVISION","UNDER 5",20016,9904,10112,NA,16732,8249,8483,NA,3284,1655,1629,NA,NA
"BALOCHISTAN","SIBI","HARNAI","HARNAI","SUB-DIVISION","UNDER 10",35151,17312,17839,NA,29959,14736,15223,NA,5192,2576,2616,NA,NA
"BALOCHISTAN","SIBI","HARNAI","HARNAI","SUB-DIVISION","UNDER 15",46815,23220,23594,1,40018,19824,20193,1,6797,3396,3401,NA,NA
"BALOCHISTAN","SIBI","HARNAI","HARNAI","SUB-DIVISION","05 - 24",39491,19797,19691,3,33439,16806,16631,2,6052,2991,3060,1,NA
"BALOCHISTAN","SIBI","HARNAI","HARNAI","SUB-DIVISION","15 - 49",29115,14518,14594,3,22927,11439,11486,2,6188,3079,3108,1,NA
"BALOCHISTAN","SIBI","HARNAI","HARNAI","SUB-DIVISION","15 - 64",33400,16810,16587,3,26303,13242,13059,2,7097,3568,3528,1,NA
"BALOCHISTAN","SIBI","HARNAI","HARNAI","SUB-DIVISION","18 - 60",27598,13767,13829,2,21554,10757,10795,2,6044,3010,3034,NA,NA
"BALOCHISTAN","SIBI","HARNAI","HARNAI","SUB-DIVISION","18 &  ABOVE",30137,15141,14994,2,23557,11857,11698,2,6580,3284,3296,NA,NA
"BALOCHISTAN","SIBI","HARNAI","HARNAI","SUB-DIVISION","60 &  ABOVE",2849,1552,1297,NA,2248,1239,1009,NA,601,313,288,NA,NA
"BALOCHISTAN","SIBI","HARNAI","HARNAI","SUB-DIVISION","65 &  ABOVE",1786,964,822,NA,1403,771,632,NA,383,193,190,NA,NA
"BALOCHISTAN","SIBI","HARNAI","KHOAST","SUB-DIVISION","ALL AGES",16565,9358,7207,NA,16565,9358,7207,NA,NA,NA,NA,NA,NA
"BALOCHISTAN","SIBI","HARNAI","KHOAST","SUB-DIVISION","UNDER 1",578,322,256,NA,578,322,256,NA,NA,NA,NA,NA,NA
"BALOCHISTAN","SIBI","HARNAI","KHOAST","SUB-DIVISION","UNDER 5",3881,2215,1666,NA,3881,2215,1666,NA,NA,NA,NA,NA,NA
"BALOCHISTAN","SIBI","HARNAI","KHOAST","SUB-DIVISION","UNDER 10",6510,3688,2822,NA,6510,3688,2822,NA,NA,NA,NA,NA,NA
"BALOCHISTAN","SIBI","HARNAI","KHOAST","SUB-DIVISION","UNDER 15",8573,4835,3738,NA,8573,4835,3738,NA,NA,NA,NA,NA,NA
"BALOCHISTAN","SIBI","HARNAI","KHOAST","SUB-DIVISION","05 - 24",7415,4107,3308,NA,7415,4107,3308,NA,NA,NA,NA,NA,NA
"BALOCHISTAN","SIBI","HARNAI","KHOAST","SUB-DIVISION","15 - 49",6756,3825,2931,NA,6756,3825,2931,NA,NA,NA,NA,NA,NA
"BALOCHISTAN","SIBI","HARNAI","KHOAST","SUB-DIVISION","15 - 64",7601,4302,3299,NA,7601,4302,3299,NA,NA,NA,NA,NA,NA
"BALOCHISTAN","SIBI","HARNAI","KHOAST","SUB-DIVISION","18 - 60",6428,3645,2783,NA,6428,3645,2783,NA,NA,NA,NA,NA,NA
"BALOCHISTAN","SIBI","HARNAI","KHOAST","SUB-DIVISION","18 &  ABOVE",6974,3955,3019,NA,6974,3955,3019,NA,NA,NA,NA,NA,NA
"BALOCHISTAN","SIBI","HARNAI","KHOAST","SUB-DIVISION","60 &  ABOVE",608,341,267,NA,608,341,267,NA,NA,NA,NA,NA,NA
"BALOCHISTAN","SIBI","HARNAI","KHOAST","SUB-DIVISION","65 &  ABOVE",391,221,170,NA,391,221,170,NA,NA,NA,NA,NA,NA
"BALOCHISTAN","SIBI","HARNAI","SHAHRIG","TEHSIL","ALL AGES",29005,17010,11995,NA,9849,5459,4390,NA,19156,11551,7605,NA,NA
"BALOCHISTAN","SIBI","HARNAI","SHAHRIG","TEHSIL","UNDER 1",921,558,363,NA,338,178,160,NA,583,380,203,NA,NA
"BALOCHISTAN","SIBI","HARNAI","SHAHRIG","TEHSIL","UNDER 5",7584,4704,2880,NA,2140,1183,957,NA,5444,3521,1923,NA,NA
"BALOCHISTAN","SIBI","HARNAI","SHAHRIG","TEHSIL","UNDER 10",13338,8122,5216,NA,3986,2237,1749,NA,9352,5885,3467,NA,NA
"BALOCHISTAN","SIBI","HARNAI","SHAHRIG","TEHSIL","UNDER 15",16992,10294,6698,NA,5305,3008,2297,NA,11687,7286,4401,NA,NA
"BALOCHISTAN","SIBI","HARNAI","SHAHRIG","TEHSIL","05 - 24",13681,8074,5607,NA,4687,2681,2006,NA,8994,5393,3601,NA,NA
"BALOCHISTAN","SIBI","HARNAI","SHAHRIG","TEHSIL","15 - 49",10433,5815,4618,NA,3810,2049,1761,NA,6623,3766,2857,NA,NA
"BALOCHISTAN","SIBI","HARNAI","SHAHRIG","TEHSIL","15 - 64",11572,6463,5109,NA,4331,2346,1985,NA,7241,4117,3124,NA,NA
"BALOCHISTAN","SIBI","HARNAI","SHAHRIG","TEHSIL","18 - 60",9841,5438,4403,NA,3677,1958,1719,NA,6164,3480,2684,NA,NA
"BALOCHISTAN","SIBI","HARNAI","SHAHRIG","TEHSIL","18 &  ABOVE",10487,5807,4680,NA,3990,2118,1872,NA,6497,3689,2808,NA,NA
"BALOCHISTAN","SIBI","HARNAI","SHAHRIG","TEHSIL","60 &  ABOVE",757,441,316,NA,363,193,170,NA,394,248,146,NA,NA
"BALOCHISTAN","SIBI","HARNAI","SHAHRIG","TEHSIL","65 &  ABOVE",441,253,188,NA,213,105,108,NA,228,148,80,NA,NA
"BALOCHISTAN","NASIRABAD","JAFFARABAD","GANDAKHA","TEHSIL","ALL AGES",81190,40638,40552,NA,81190,40638,40552,NA,NA,NA,NA,NA,NA
"BALOCHISTAN","NASIRABAD","JAFFARABAD","GANDAKHA","TEHSIL","UNDER 1",1243,625,618,NA,1243,625,618,NA,NA,NA,NA,NA,NA
"BALOCHISTAN","NASIRABAD","JAFFARABAD","GANDAKHA","TEHSIL","UNDER 5",14897,7412,7485,NA,14897,7412,7485,NA,NA,NA,NA,NA,NA
"BALOCHISTAN","NASIRABAD","JAFFARABAD","GANDAKHA","TEHSIL","UNDER 10",29658,14757,14901,NA,29658,14757,14901,NA,NA,NA,NA,NA,NA
"BALOCHISTAN","NASIRABAD","JAFFARABAD","GANDAKHA","TEHSIL","UNDER 15",40157,20032,20125,NA,40157,20032,20125,NA,NA,NA,NA,NA,NA
"BALOCHISTAN","NASIRABAD","JAFFARABAD","GANDAKHA","TEHSIL","05 - 24",40143,20066,20077,NA,40143,20066,20077,NA,NA,NA,NA,NA,NA
"BALOCHISTAN","NASIRABAD","JAFFARABAD","GANDAKHA","TEHSIL","15 - 49",34157,17138,17019,NA,34157,17138,17019,NA,NA,NA,NA,NA,NA
"BALOCHISTAN","NASIRABAD","JAFFARABAD","GANDAKHA","TEHSIL","15 - 64",39163,19675,19488,NA,39163,19675,19488,NA,NA,NA,NA,NA,NA
"BALOCHISTAN","NASIRABAD","JAFFARABAD","GANDAKHA","TEHSIL","18 - 60",33325,16762,16563,NA,33325,16762,16563,NA,NA,NA,NA,NA,NA
"BALOCHISTAN","NASIRABAD","JAFFARABAD","GANDAKHA","TEHSIL","18 &  ABOVE",36162,18178,17984,NA,36162,18178,17984,NA,NA,NA,NA,NA,NA
"BALOCHISTAN","NASIRABAD","JAFFARABAD","GANDAKHA","TEHSIL","60 &  ABOVE",3117,1558,1559,NA,3117,1558,1559,NA,NA,NA,NA,NA,NA
"BALOCHISTAN","NASIRABAD","JAFFARABAD","GANDAKHA","TEHSIL","65 &  ABOVE",1870,931,939,NA,1870,931,939,NA,NA,NA,NA,NA,NA
"BALOCHISTAN","NASIRABAD","JAFFARABAD","JHAT PAT","SUB-DIVISION","ALL AGES",302498,154409,148084,5,203737,103665,100069,3,98761,50744,48015,2,NA
"BALOCHISTAN","NASIRABAD","JAFFARABAD","JHAT PAT","SUB-DIVISION","UNDER 1",6128,3128,3000,NA,4547,2285,2262,NA,1581,843,738,NA,NA
"BALOCHISTAN","NASIRABAD","JAFFARABAD","JHAT PAT","SUB-DIVISION","UNDER 5",59101,29957,29144,NA,41125,20579,20546,NA,17976,9378,8598,NA,NA
"BALOCHISTAN","NASIRABAD","JAFFARABAD","JHAT PAT","SUB-DIVISION","UNDER 10",113665,57908,55757,NA,79611,40302,39309,NA,34054,17606,16448,NA,NA
"BALOCHISTAN","NASIRABAD","JAFFARABAD","JHAT PAT","SUB-DIVISION","UNDER 15",156020,79854,76165,1,108008,54953,53054,1,48012,24901,23111,NA,NA
"BALOCHISTAN","NASIRABAD","JAFFARABAD","JHAT PAT","SUB-DIVISION","05 - 24",153636,79174,74459,3,103225,53094,50128,3,50411,26080,24331,NA,NA
"BALOCHISTAN","NASIRABAD","JAFFARABAD","JHAT PAT","SUB-DIVISION","15 - 49",124844,63602,61238,4,81189,41349,39838,2,43655,22253,21400,2,NA
"BALOCHISTAN","NASIRABAD","JAFFARABAD","JHAT PAT","SUB-DIVISION","15 - 64",140374,71449,68921,4,91546,46549,44995,2,48828,24900,23926,2,NA
"BALOCHISTAN","NASIRABAD","JAFFARABAD","JHAT PAT","SUB-DIVISION","18 - 60",117337,59230,58103,4,76798,38700,38096,2,40539,20530,20007,2,NA
"BALOCHISTAN","NASIRABAD","JAFFARABAD","JHAT PAT","SUB-DIVISION","18 &  ABOVE",126465,63827,62634,4,83047,41882,41163,2,43418,21945,21471,2,NA
"BALOCHISTAN","NASIRABAD","JAFFARABAD","JHAT PAT","SUB-DIVISION","60 &  ABOVE",10025,5043,4982,NA,6875,3491,3384,NA,3150,1552,1598,NA,NA
"BALOCHISTAN","NASIRABAD","JAFFARABAD","JHAT PAT","SUB-DIVISION","65 &  ABOVE",6104,3106,2998,NA,4183,2163,2020,NA,1921,943,978,NA,NA
"BALOCHISTAN","NASIRABAD","JAFFARABAD","USTA MUHAMMAD","SUB-DIVISION","ALL AGES",210870,106323,104541,6,146238,74116,72122,NA,64632,32207,32419,6,NA
"BALOCHISTAN","NASIRABAD","JAFFARABAD","USTA MUHAMMAD","SUB-DIVISION","UNDER 1",5807,2853,2954,NA,4279,2065,2214,NA,1528,788,740,NA,NA
"BALOCHISTAN","NASIRABAD","JAFFARABAD","USTA MUHAMMAD","SUB-DIVISION","UNDER 5",44639,22651,21988,NA,31974,16197,15777,NA,12665,6454,6211,NA,NA
"BALOCHISTAN","NASIRABAD","JAFFARABAD","USTA MUHAMMAD","SUB-DIVISION","UNDER 10",81588,41291,40297,NA,59482,30277,29205,NA,22106,11014,11092,NA,NA
"BALOCHISTAN","NASIRABAD","JAFFARABAD","USTA MUHAMMAD","SUB-DIVISION","UNDER 15",109763,55574,54189,NA,79344,40508,38836,NA,30419,15066,15353,NA,NA
"BALOCHISTAN","NASIRABAD","JAFFARABAD","USTA MUHAMMAD","SUB-DIVISION","05 - 24",103131,52212,50918,1,72706,37208,35498,NA,30425,15004,15420,1,NA
"BALOCHISTAN","NASIRABAD","JAFFARABAD","USTA MUHAMMAD","SUB-DIVISION","15 - 49",85259,42946,42309,4,56267,28337,27930,NA,28992,14609,14379,4,NA
"BALOCHISTAN","NASIRABAD","JAFFARABAD","USTA MUHAMMAD","SUB-DIVISION","15 - 64",96558,48602,47951,5,63770,32101,31669,NA,32788,16501,16282,5,NA
"BALOCHISTAN","NASIRABAD","JAFFARABAD","USTA MUHAMMAD","SUB-DIVISION","18 - 60",80640,40594,40042,4,53130,26732,26398,NA,27510,13862,13644,4,NA
"BALOCHISTAN","NASIRABAD","JAFFARABAD","USTA MUHAMMAD","SUB-DIVISION","18 &  ABOVE",87560,43898,43657,5,57846,29024,28822,NA,29714,14874,14835,5,NA
"BALOCHISTAN","NASIRABAD","JAFFARABAD","USTA MUHAMMAD","SUB-DIVISION","60 &  ABOVE",7478,3587,3890,1,5073,2478,2595,NA,2405,1109,1295,1,NA
"BALOCHISTAN","NASIRABAD","JAFFARABAD","USTA MUHAMMAD","SUB-DIVISION","65 &  ABOVE",4549,2147,2401,1,3124,1507,1617,NA,1425,640,784,1,NA
"BALOCHISTAN","NASIRABAD","JHAL MAGSI","GANDAWA","TEHSIL","ALL AGES",71230,35268,35960,2,47100,23758,23342,NA,24130,11510,12618,2,NA
"BALOCHISTAN","NASIRABAD","JHAL MAGSI","GANDAWA","TEHSIL","UNDER 1",1296,649,647,NA,815,425,390,NA,481,224,257,NA,NA
"BALOCHISTAN","NASIRABAD","JHAL MAGSI","GANDAWA","TEHSIL","UNDER 5",11669,5732,5937,NA,7828,3886,3942,NA,3841,1846,1995,NA,NA
"BALOCHISTAN","NASIRABAD","JHAL MAGSI","GANDAWA","TEHSIL","UNDER 10",23998,11821,12177,NA,16453,8206,8247,NA,7545,3615,3930,NA,NA
"BALOCHISTAN","NASIRABAD","JHAL MAGSI","GANDAWA","TEHSIL","UNDER 15",33498,16433,17065,NA,23078,11503,11575,NA,10420,4930,5490,NA,NA
"BALOCHISTAN","NASIRABAD","JHAL MAGSI","GANDAWA","TEHSIL","05 - 24",36017,17619,18398,NA,24303,12250,12053,NA,11714,5369,6345,NA,NA
"BALOCHISTAN","NASIRABAD","JHAL MAGSI","GANDAWA","TEHSIL","15 - 49",31838,15666,16170,2,20245,10215,10030,NA,11593,5451,6140,2,NA
"BALOCHISTAN","NASIRABAD","JHAL MAGSI","GANDAWA","TEHSIL","15 - 64",36149,18012,18135,2,22971,11695,11276,NA,13178,6317,6859,2,NA
"BALOCHISTAN","NASIRABAD","JHAL MAGSI","GANDAWA","TEHSIL","18 - 60",30664,15280,15382,2,19380,9823,9557,NA,11284,5457,5825,2,NA
"BALOCHISTAN","NASIRABAD","JHAL MAGSI","GANDAWA","TEHSIL","18 &  ABOVE",32944,16492,16450,2,20876,10633,10243,NA,12068,5859,6207,2,NA
"BALOCHISTAN","NASIRABAD","JHAL MAGSI","GANDAWA","TEHSIL","60 &  ABOVE",2515,1336,1179,NA,1655,893,762,NA,860,443,417,NA,NA
"BALOCHISTAN","NASIRABAD","JHAL MAGSI","GANDAWA","TEHSIL","65 &  ABOVE",1583,823,760,NA,1051,560,491,NA,532,263,269,NA,NA
"BALOCHISTAN","NASIRABAD","JHAL MAGSI","JHAL MAGSI","TEHSIL","ALL AGES",116528,60357,56160,11,116528,60357,56160,11,NA,NA,NA,NA,NA
"BALOCHISTAN","NASIRABAD","JHAL MAGSI","JHAL MAGSI","TEHSIL","UNDER 1",1935,989,946,NA,1935,989,946,NA,NA,NA,NA,NA,NA
"BALOCHISTAN","NASIRABAD","JHAL MAGSI","JHAL MAGSI","TEHSIL","UNDER 5",21659,11108,10551,NA,21659,11108,10551,NA,NA,NA,NA,NA,NA
"BALOCHISTAN","NASIRABAD","JHAL MAGSI","JHAL MAGSI","TEHSIL","UNDER 10",43980,22650,21330,NA,43980,22650,21330,NA,NA,NA,NA,NA,NA
"BALOCHISTAN","NASIRABAD","JHAL MAGSI","JHAL MAGSI","TEHSIL","UNDER 15",61228,31814,29414,NA,61228,31814,29414,NA,NA,NA,NA,NA,NA
"BALOCHISTAN","NASIRABAD","JHAL MAGSI","JHAL MAGSI","TEHSIL","05 - 24",61094,32262,28822,10,61094,32262,28822,10,NA,NA,NA,NA,NA
"BALOCHISTAN","NASIRABAD","JHAL MAGSI","JHAL MAGSI","TEHSIL","15 - 49",47017,24184,22822,11,47017,24184,22822,11,NA,NA,NA,NA,NA
"BALOCHISTAN","NASIRABAD","JHAL MAGSI","JHAL MAGSI","TEHSIL","15 - 64",53157,27388,25758,11,53157,27388,25758,11,NA,NA,NA,NA,NA
"BALOCHISTAN","NASIRABAD","JHAL MAGSI","JHAL MAGSI","TEHSIL","18 - 60",43975,22311,21655,9,43975,22311,21655,9,NA,NA,NA,NA,NA
"BALOCHISTAN","NASIRABAD","JHAL MAGSI","JHAL MAGSI","TEHSIL","18 &  ABOVE",47237,24083,23145,9,47237,24083,23145,9,NA,NA,NA,NA,NA
"BALOCHISTAN","NASIRABAD","JHAL MAGSI","JHAL MAGSI","TEHSIL","60 &  ABOVE",3726,2020,1706,NA,3726,2020,1706,NA,NA,NA,NA,NA,NA
"BALOCHISTAN","NASIRABAD","JHAL MAGSI","JHAL MAGSI","TEHSIL","65 &  ABOVE",2143,1155,988,NA,2143,1155,988,NA,NA,NA,NA,NA,NA
"BALOCHISTAN","NASIRABAD","JHAL MAGSI","MIRPUR","SUB-TEHSIL","ALL AGES",15610,7797,7813,NA,15610,7797,7813,NA,NA,NA,NA,NA,NA
"BALOCHISTAN","NASIRABAD","JHAL MAGSI","MIRPUR","SUB-TEHSIL","UNDER 1",225,109,116,NA,225,109,116,NA,NA,NA,NA,NA,NA
"BALOCHISTAN","NASIRABAD","JHAL MAGSI","MIRPUR","SUB-TEHSIL","UNDER 5",2714,1406,1308,NA,2714,1406,1308,NA,NA,NA,NA,NA,NA
"BALOCHISTAN","NASIRABAD","JHAL MAGSI","MIRPUR","SUB-TEHSIL","UNDER 10",5698,2899,2799,NA,5698,2899,2799,NA,NA,NA,NA,NA,NA
"BALOCHISTAN","NASIRABAD","JHAL MAGSI","MIRPUR","SUB-TEHSIL","UNDER 15",7773,3906,3867,NA,7773,3906,3867,NA,NA,NA,NA,NA,NA
"BALOCHISTAN","NASIRABAD","JHAL MAGSI","MIRPUR","SUB-TEHSIL","05 - 24",7839,3819,4020,NA,7839,3819,4020,NA,NA,NA,NA,NA,NA
"BALOCHISTAN","NASIRABAD","JHAL MAGSI","MIRPUR","SUB-TEHSIL","15 - 49",6496,3143,3353,NA,6496,3143,3353,NA,NA,NA,NA,NA,NA
"BALOCHISTAN","NASIRABAD","JHAL MAGSI","MIRPUR","SUB-TEHSIL","15 - 64",7508,3694,3814,NA,7508,3694,3814,NA,NA,NA,NA,NA,NA
"BALOCHISTAN","NASIRABAD","JHAL MAGSI","MIRPUR","SUB-TEHSIL","18 - 60",6324,3110,3214,NA,6324,3110,3214,NA,NA,NA,NA,NA,NA
"BALOCHISTAN","NASIRABAD","JHAL MAGSI","MIRPUR","SUB-TEHSIL","18 &  ABOVE",6798,3401,3397,NA,6798,3401,3397,NA,NA,NA,NA,NA,NA
"BALOCHISTAN","NASIRABAD","JHAL MAGSI","MIRPUR","SUB-TEHSIL","60 &  ABOVE",583,349,234,NA,583,349,234,NA,NA,NA,NA,NA,NA
"BALOCHISTAN","NASIRABAD","JHAL MAGSI","MIRPUR","SUB-TEHSIL","65 &  ABOVE",329,197,132,NA,329,197,132,NA,NA,NA,NA,NA,NA
"BALOCHISTAN","NASIRABAD","KACHHI","BALANARI","SUB-TEHSIL","ALL AGES",60158,32345,27811,2,60158,32345,27811,2,NA,NA,NA,NA,NA
"BALOCHISTAN","NASIRABAD","KACHHI","BALANARI","SUB-TEHSIL","UNDER 1",1213,650,563,NA,1213,650,563,NA,NA,NA,NA,NA,NA
"BALOCHISTAN","NASIRABAD","KACHHI","BALANARI","SUB-TEHSIL","UNDER 5",12584,7042,5542,NA,12584,7042,5542,NA,NA,NA,NA,NA,NA
"BALOCHISTAN","NASIRABAD","KACHHI","BALANARI","SUB-TEHSIL","UNDER 10",22348,12299,10049,NA,22348,12299,10049,NA,NA,NA,NA,NA,NA
"BALOCHISTAN","NASIRABAD","KACHHI","BALANARI","SUB-TEHSIL","UNDER 15",30169,16445,13724,NA,30169,16445,13724,NA,NA,NA,NA,NA,NA
"BALOCHISTAN","NASIRABAD","KACHHI","BALANARI","SUB-TEHSIL","05 - 24",28272,15127,13145,NA,28272,15127,13145,NA,NA,NA,NA,NA,NA
"BALOCHISTAN","NASIRABAD","KACHHI","BALANARI","SUB-TEHSIL","15 - 49",25425,13415,12010,NA,25425,13415,12010,NA,NA,NA,NA,NA,NA
"BALOCHISTAN","NASIRABAD","KACHHI","BALANARI","SUB-TEHSIL","15 - 64",28771,15230,13540,1,28771,15230,13540,1,NA,NA,NA,NA,NA
"BALOCHISTAN","NASIRABAD","KACHHI","BALANARI","SUB-TEHSIL","18 - 60",24194,12752,11441,1,24194,12752,11441,1,NA,NA,NA,NA,NA
"BALOCHISTAN","NASIRABAD","KACHHI","BALANARI","SUB-TEHSIL","18 &  ABOVE",26015,13761,12252,2,26015,13761,12252,2,NA,NA,NA,NA,NA
"BALOCHISTAN","NASIRABAD","KACHHI","BALANARI","SUB-TEHSIL","60 &  ABOVE",2028,1115,911,2,2028,1115,911,2,NA,NA,NA,NA,NA
"BALOCHISTAN","NASIRABAD","KACHHI","BALANARI","SUB-TEHSIL","65 &  ABOVE",1218,670,547,1,1218,670,547,1,NA,NA,NA,NA,NA
"BALOCHISTAN","NASIRABAD","KACHHI","BHAG","SUB-DIVISION","ALL AGES",83687,42454,41230,3,65053,33326,31725,2,18634,9128,9505,1,NA
"BALOCHISTAN","NASIRABAD","KACHHI","BHAG","SUB-DIVISION","UNDER 1",1490,758,732,NA,1298,667,631,NA,192,91,101,NA,NA
"BALOCHISTAN","NASIRABAD","KACHHI","BHAG","SUB-DIVISION","UNDER 5",15196,7728,7468,NA,12313,6337,5976,NA,2883,1391,1492,NA,NA
"BALOCHISTAN","NASIRABAD","KACHHI","BHAG","SUB-DIVISION","UNDER 10",28980,14741,14239,NA,23353,12061,11292,NA,5627,2680,2947,NA,NA
"BALOCHISTAN","NASIRABAD","KACHHI","BHAG","SUB-DIVISION","UNDER 15",39887,20281,19606,NA,31908,16470,15438,NA,7979,3811,4168,NA,NA
"BALOCHISTAN","NASIRABAD","KACHHI","BHAG","SUB-DIVISION","05 - 24",40315,20254,20060,1,31553,16066,15486,1,8762,4188,4574,NA,NA
"BALOCHISTAN","NASIRABAD","KACHHI","BHAG","SUB-DIVISION","15 - 49",36187,18033,18151,3,27391,13691,13698,2,8796,4342,4453,1,NA
"BALOCHISTAN","NASIRABAD","KACHHI","BHAG","SUB-DIVISION","15 - 64",41725,21010,20712,3,31555,15925,15628,2,10170,5085,5084,1,NA
"BALOCHISTAN","NASIRABAD","KACHHI","BHAG","SUB-DIVISION","18 - 60",35277,17690,17584,3,26602,13326,13274,2,8675,4364,4310,1,NA
"BALOCHISTAN","NASIRABAD","KACHHI","BHAG","SUB-DIVISION","18 &  ABOVE",38298,19388,18907,3,28891,14655,14234,2,9407,4733,4673,1,NA
"BALOCHISTAN","NASIRABAD","KACHHI","BHAG","SUB-DIVISION","60 &  ABOVE",3433,1905,1528,NA,2630,1498,1132,NA,803,407,396,NA,NA
"BALOCHISTAN","NASIRABAD","KACHHI","BHAG","SUB-DIVISION","65 &  ABOVE",2075,1163,912,NA,1590,931,659,NA,485,232,253,NA,NA
"BALOCHISTAN","NASIRABAD","KACHHI","DHADAR","SUB-DIVISION","ALL AGES",49836,25647,24187,2,32560,17111,15447,2,17276,8536,8740,NA,NA
"BALOCHISTAN","NASIRABAD","KACHHI","DHADAR","SUB-DIVISION","UNDER 1",1179,623,556,NA,821,439,382,NA,358,184,174,NA,NA
"BALOCHISTAN","NASIRABAD","KACHHI","DHADAR","SUB-DIVISION","UNDER 5",8944,4534,4410,NA,6239,3203,3036,NA,2705,1331,1374,NA,NA
"BALOCHISTAN","NASIRABAD","KACHHI","DHADAR","SUB-DIVISION","UNDER 10",16454,8253,8201,NA,11103,5633,5470,NA,5351,2620,2731,NA,NA
"BALOCHISTAN","NASIRABAD","KACHHI","DHADAR","SUB-DIVISION","UNDER 15",22258,11147,11111,NA,14812,7494,7318,NA,7446,3653,3793,NA,NA
"BALOCHISTAN","NASIRABAD","KACHHI","DHADAR","SUB-DIVISION","05 - 24",22290,11166,11123,1,14320,7299,7020,1,7970,3867,4103,NA,NA
"BALOCHISTAN","NASIRABAD","KACHHI","DHADAR","SUB-DIVISION","15 - 49",22859,11942,10916,1,14804,7952,6851,1,8055,3990,4065,NA,NA
"BALOCHISTAN","NASIRABAD","KACHHI","DHADAR","SUB-DIVISION","15 - 64",26257,13832,12424,1,16923,9173,7749,1,9334,4659,4675,NA,NA
"BALOCHISTAN","NASIRABAD","KACHHI","DHADAR","SUB-DIVISION","18 - 60",22669,11976,10692,1,14648,7971,6676,1,8021,4005,4016,NA,NA
"BALOCHISTAN","NASIRABAD","KACHHI","DHADAR","SUB-DIVISION","18 &  ABOVE",24643,13013,11628,2,15874,8644,7228,2,8769,4369,4400,NA,NA
"BALOCHISTAN","NASIRABAD","KACHHI","DHADAR","SUB-DIVISION","60 &  ABOVE",2133,1134,998,1,1343,745,597,1,790,389,401,NA,NA
"BALOCHISTAN","NASIRABAD","KACHHI","DHADAR","SUB-DIVISION","65 &  ABOVE",1321,668,652,1,825,444,380,1,496,224,272,NA,NA
"BALOCHISTAN","NASIRABAD","KACHHI","KHATTAN","SUB-TEHSIL","ALL AGES",22900,11789,11111,NA,22900,11789,11111,NA,NA,NA,NA,NA,NA
"BALOCHISTAN","NASIRABAD","KACHHI","KHATTAN","SUB-TEHSIL","UNDER 1",571,255,316,NA,571,255,316,NA,NA,NA,NA,NA,NA
"BALOCHISTAN","NASIRABAD","KACHHI","KHATTAN","SUB-TEHSIL","UNDER 5",5033,2489,2544,NA,5033,2489,2544,NA,NA,NA,NA,NA,NA
"BALOCHISTAN","NASIRABAD","KACHHI","KHATTAN","SUB-TEHSIL","UNDER 10",9854,5002,4852,NA,9854,5002,4852,NA,NA,NA,NA,NA,NA
"BALOCHISTAN","NASIRABAD","KACHHI","KHATTAN","SUB-TEHSIL","UNDER 15",13543,7005,6538,NA,13543,7005,6538,NA,NA,NA,NA,NA,NA
"BALOCHISTAN","NASIRABAD","KACHHI","KHATTAN","SUB-TEHSIL","05 - 24",12034,6317,5717,NA,12034,6317,5717,NA,NA,NA,NA,NA,NA
"BALOCHISTAN","NASIRABAD","KACHHI","KHATTAN","SUB-TEHSIL","15 - 49",8204,4124,4080,NA,8204,4124,4080,NA,NA,NA,NA,NA,NA
"BALOCHISTAN","NASIRABAD","KACHHI","KHATTAN","SUB-TEHSIL","15 - 64",9040,4581,4459,NA,9040,4581,4459,NA,NA,NA,NA,NA,NA
"BALOCHISTAN","NASIRABAD","KACHHI","KHATTAN","SUB-TEHSIL","18 - 60",7325,3671,3654,NA,7325,3671,3654,NA,NA,NA,NA,NA,NA
"BALOCHISTAN","NASIRABAD","KACHHI","KHATTAN","SUB-TEHSIL","18 &  ABOVE",7766,3947,3819,NA,7766,3947,3819,NA,NA,NA,NA,NA,NA
"BALOCHISTAN","NASIRABAD","KACHHI","KHATTAN","SUB-TEHSIL","60 &  ABOVE",528,331,197,NA,528,331,197,NA,NA,NA,NA,NA,NA
"BALOCHISTAN","NASIRABAD","KACHHI","KHATTAN","SUB-TEHSIL","65 &  ABOVE",317,203,114,NA,317,203,114,NA,NA,NA,NA,NA,NA
"BALOCHISTAN","NASIRABAD","KACHHI","MACH","SUB-DIVISION","ALL AGES",75272,39910,35355,7,30730,16326,14403,1,44542,23584,20952,6,NA
"BALOCHISTAN","NASIRABAD","KACHHI","MACH","SUB-DIVISION","UNDER 1",2324,1211,1113,NA,980,513,467,NA,1344,698,646,NA,NA
"BALOCHISTAN","NASIRABAD","KACHHI","MACH","SUB-DIVISION","UNDER 5",17571,9281,8290,NA,7696,4224,3472,NA,9875,5057,4818,NA,NA
"BALOCHISTAN","NASIRABAD","KACHHI","MACH","SUB-DIVISION","UNDER 10",31330,16385,14945,NA,12952,6858,6094,NA,18378,9527,8851,NA,NA
"BALOCHISTAN","NASIRABAD","KACHHI","MACH","SUB-DIVISION","UNDER 15",44252,23135,21116,1,16933,8850,8083,NA,27319,14285,13033,1,NA
"BALOCHISTAN","NASIRABAD","KACHHI","MACH","SUB-DIVISION","05 - 24",40191,21178,19007,6,13960,7038,6921,1,26231,14140,12086,5,NA
"BALOCHISTAN","NASIRABAD","KACHHI","MACH","SUB-DIVISION","15 - 49",27221,14648,12567,6,11632,6294,5337,1,15589,8354,7230,5,NA
"BALOCHISTAN","NASIRABAD","KACHHI","MACH","SUB-DIVISION","15 - 64",30067,16234,13827,6,13227,7148,6078,1,16840,9086,7749,5,NA
"BALOCHISTAN","NASIRABAD","KACHHI","MACH","SUB-DIVISION","18 - 60",22812,12260,10551,1,11035,6005,5030,NA,11777,6255,5521,1,NA
"BALOCHISTAN","NASIRABAD","KACHHI","MACH","SUB-DIVISION","18 &  ABOVE",24232,13057,11174,1,11866,6472,5394,NA,12366,6585,5780,1,NA
"BALOCHISTAN","NASIRABAD","KACHHI","MACH","SUB-DIVISION","60 &  ABOVE",1589,895,694,NA,928,523,405,NA,661,372,289,NA,NA
"BALOCHISTAN","NASIRABAD","KACHHI","MACH","SUB-DIVISION","65 &  ABOVE",953,541,412,NA,570,328,242,NA,383,213,170,NA,NA
"BALOCHISTAN","NASIRABAD","KACHHI","SANNI","SUB-DIVISION","ALL AGES",150821,81439,69362,20,150821,81439,69362,20,NA,NA,NA,NA,NA
"BALOCHISTAN","NASIRABAD","KACHHI","SANNI","SUB-DIVISION","UNDER 1",2126,1063,1063,NA,2126,1063,1063,NA,NA,NA,NA,NA,NA
"BALOCHISTAN","NASIRABAD","KACHHI","SANNI","SUB-DIVISION","UNDER 5",24519,13472,11047,NA,24519,13472,11047,NA,NA,NA,NA,NA,NA
"BALOCHISTAN","NASIRABAD","KACHHI","SANNI","SUB-DIVISION","UNDER 10",56450,31483,24967,NA,56450,31483,24967,NA,NA,NA,NA,NA,NA
"BALOCHISTAN","NASIRABAD","KACHHI","SANNI","SUB-DIVISION","UNDER 15",89957,50936,39014,7,89957,50936,39014,7,NA,NA,NA,NA,NA
"BALOCHISTAN","NASIRABAD","KACHHI","SANNI","SUB-DIVISION","05 - 24",95065,54612,40434,19,95065,54612,40434,19,NA,NA,NA,NA,NA
"BALOCHISTAN","NASIRABAD","KACHHI","SANNI","SUB-DIVISION","15 - 49",52365,26270,26082,13,52365,26270,26082,13,NA,NA,NA,NA,NA
"BALOCHISTAN","NASIRABAD","KACHHI","SANNI","SUB-DIVISION","15 - 64",58490,29308,29169,13,58490,29308,29169,13,NA,NA,NA,NA,NA
"BALOCHISTAN","NASIRABAD","KACHHI","SANNI","SUB-DIVISION","18 - 60",39094,17778,21312,4,39094,17778,21312,4,NA,NA,NA,NA,NA
"BALOCHISTAN","NASIRABAD","KACHHI","SANNI","SUB-DIVISION","18 &  ABOVE",42458,19520,22934,4,42458,19520,22934,4,NA,NA,NA,NA,NA
"BALOCHISTAN","NASIRABAD","KACHHI","SANNI","SUB-DIVISION","60 &  ABOVE",3785,1944,1841,NA,3785,1944,1841,NA,NA,NA,NA,NA,NA
"BALOCHISTAN","NASIRABAD","KACHHI","SANNI","SUB-DIVISION","65 &  ABOVE",2374,1195,1179,NA,2374,1195,1179,NA,NA,NA,NA,NA,NA
"BALOCHISTAN","KALAT","KALAT","GAZG","SUB-TEHSIL","ALL AGES",8286,4505,3778,3,8286,4505,3778,3,NA,NA,NA,NA,NA
"BALOCHISTAN","KALAT","KALAT","GAZG","SUB-TEHSIL","UNDER 1",66,37,29,NA,66,37,29,NA,NA,NA,NA,NA,NA
"BALOCHISTAN","KALAT","KALAT","GAZG","SUB-TEHSIL","UNDER 5",1366,754,612,NA,1366,754,612,NA,NA,NA,NA,NA,NA
"BALOCHISTAN","KALAT","KALAT","GAZG","SUB-TEHSIL","UNDER 10",2702,1487,1215,NA,2702,1487,1215,NA,NA,NA,NA,NA,NA
"BALOCHISTAN","KALAT","KALAT","GAZG","SUB-TEHSIL","UNDER 15",3844,2102,1741,1,3844,2102,1741,1,NA,NA,NA,NA,NA
"BALOCHISTAN","KALAT","KALAT","GAZG","SUB-TEHSIL","05 - 24",4006,2185,1819,2,4006,2185,1819,2,NA,NA,NA,NA,NA
"BALOCHISTAN","KALAT","KALAT","GAZG","SUB-TEHSIL","15 - 49",3613,1920,1692,1,3613,1920,1692,1,NA,NA,NA,NA,NA
"BALOCHISTAN","KALAT","KALAT","GAZG","SUB-TEHSIL","15 - 64",4215,2256,1958,1,4215,2256,1958,1,NA,NA,NA,NA,NA
"BALOCHISTAN","KALAT","KALAT","GAZG","SUB-TEHSIL","18 - 60",3578,1880,1697,1,3578,1880,1697,1,NA,NA,NA,NA,NA
"BALOCHISTAN","KALAT","KALAT","GAZG","SUB-TEHSIL","18 &  ABOVE",3898,2085,1811,2,3898,2085,1811,2,NA,NA,NA,NA,NA
"BALOCHISTAN","KALAT","KALAT","GAZG","SUB-TEHSIL","60 &  ABOVE",398,247,150,1,398,247,150,1,NA,NA,NA,NA,NA
"BALOCHISTAN","KALAT","KALAT","GAZG","SUB-TEHSIL","65 &  ABOVE",227,147,79,1,227,147,79,1,NA,NA,NA,NA,NA
"BALOCHISTAN","KALAT","KALAT","JOHAN","SUB-TEHSIL","ALL AGES",15731,8010,7721,NA,15731,8010,7721,NA,NA,NA,NA,NA,NA
"BALOCHISTAN","KALAT","KALAT","JOHAN","SUB-TEHSIL","UNDER 1",211,101,110,NA,211,101,110,NA,NA,NA,NA,NA,NA
"BALOCHISTAN","KALAT","KALAT","JOHAN","SUB-TEHSIL","UNDER 5",2822,1435,1387,NA,2822,1435,1387,NA,NA,NA,NA,NA,NA
"BALOCHISTAN","KALAT","KALAT","JOHAN","SUB-TEHSIL","UNDER 10",5495,2777,2718,NA,5495,2777,2718,NA,NA,NA,NA,NA,NA
"BALOCHISTAN","KALAT","KALAT","JOHAN","SUB-TEHSIL","UNDER 15",7727,3910,3817,NA,7727,3910,3817,NA,NA,NA,NA,NA,NA
"BALOCHISTAN","KALAT","KALAT","JOHAN","SUB-TEHSIL","05 - 24",7679,3948,3731,NA,7679,3948,3731,NA,NA,NA,NA,NA,NA
"BALOCHISTAN","KALAT","KALAT","JOHAN","SUB-TEHSIL","15 - 49",6566,3314,3252,NA,6566,3314,3252,NA,NA,NA,NA,NA,NA
"BALOCHISTAN","KALAT","KALAT","JOHAN","SUB-TEHSIL","15 - 64",7630,3854,3776,NA,7630,3854,3776,NA,NA,NA,NA,NA,NA
"BALOCHISTAN","KALAT","KALAT","JOHAN","SUB-TEHSIL","18 - 60",6484,3222,3262,NA,6484,3222,3262,NA,NA,NA,NA,NA,NA
"BALOCHISTAN","KALAT","KALAT","JOHAN","SUB-TEHSIL","18 &  ABOVE",7004,3552,3452,NA,7004,3552,3452,NA,NA,NA,NA,NA,NA
"BALOCHISTAN","KALAT","KALAT","JOHAN","SUB-TEHSIL","60 &  ABOVE",648,399,249,NA,648,399,249,NA,NA,NA,NA,NA,NA
"BALOCHISTAN","KALAT","KALAT","JOHAN","SUB-TEHSIL","65 &  ABOVE",374,246,128,NA,374,246,128,NA,NA,NA,NA,NA,NA
"BALOCHISTAN","KALAT","KALAT","KALAT","SUB-DIVISION","ALL AGES",167405,85526,81876,3,122965,62561,60402,2,44440,22965,21474,1,NA
"BALOCHISTAN","KALAT","KALAT","KALAT","SUB-DIVISION","UNDER 1",4932,2456,2476,NA,3779,1855,1924,NA,1153,601,552,NA,NA
"BALOCHISTAN","KALAT","KALAT","KALAT","SUB-DIVISION","UNDER 5",32778,16446,16332,NA,24611,12252,12359,NA,8167,4194,3973,NA,NA
"BALOCHISTAN","KALAT","KALAT","KALAT","SUB-DIVISION","UNDER 10",62961,32008,30953,NA,47018,23544,23474,NA,15943,8464,7479,NA,NA
"BALOCHISTAN","KALAT","KALAT","KALAT","SUB-DIVISION","UNDER 15",88533,45428,43104,1,66007,33427,32579,1,22526,12001,10525,NA,NA
"BALOCHISTAN","KALAT","KALAT","KALAT","SUB-DIVISION","05 - 24",85260,44058,41200,2,62801,32205,30594,2,22459,11853,10606,NA,NA
"BALOCHISTAN","KALAT","KALAT","KALAT","SUB-DIVISION","15 - 49",65644,33073,32570,1,47362,24019,23342,1,18282,9054,9228,NA,NA
"BALOCHISTAN","KALAT","KALAT","KALAT","SUB-DIVISION","15 - 64",75095,38000,37093,2,54165,27543,26621,1,20930,10457,10472,1,NA
"BALOCHISTAN","KALAT","KALAT","KALAT","SUB-DIVISION","18 - 60",61778,31017,30760,1,44331,22331,22000,NA,17447,8686,8760,1,NA
"BALOCHISTAN","KALAT","KALAT","KALAT","SUB-DIVISION","18 &  ABOVE",67197,34019,33177,1,48250,24545,23705,NA,18947,9474,9472,1,NA
"BALOCHISTAN","KALAT","KALAT","KALAT","SUB-DIVISION","60 &  ABOVE",6135,3394,2741,NA,4496,2535,1961,NA,1639,859,780,NA,NA
"BALOCHISTAN","KALAT","KALAT","KALAT","SUB-DIVISION","65 &  ABOVE",3777,2098,1679,NA,2793,1591,1202,NA,984,507,477,NA,NA
"BALOCHISTAN","KALAT","KALAT","MANGOCHAR","SUB-DIVISION","ALL AGES",80138,40570,39567,1,80138,40570,39567,1,NA,NA,NA,NA,NA
"BALOCHISTAN","KALAT","KALAT","MANGOCHAR","SUB-DIVISION","UNDER 1",1824,944,880,NA,1824,944,880,NA,NA,NA,NA,NA,NA
"BALOCHISTAN","KALAT","KALAT","MANGOCHAR","SUB-DIVISION","UNDER 5",15352,7891,7461,NA,15352,7891,7461,NA,NA,NA,NA,NA,NA
"BALOCHISTAN","KALAT","KALAT","MANGOCHAR","SUB-DIVISION","UNDER 10",29485,14942,14543,NA,29485,14942,14543,NA,NA,NA,NA,NA,NA
"BALOCHISTAN","KALAT","KALAT","MANGOCHAR","SUB-DIVISION","UNDER 15",41333,20766,20566,1,41333,20766,20566,1,NA,NA,NA,NA,NA
"BALOCHISTAN","KALAT","KALAT","MANGOCHAR","SUB-DIVISION","05 - 24",41166,20667,20498,1,41166,20667,20498,1,NA,NA,NA,NA,NA
"BALOCHISTAN","KALAT","KALAT","MANGOCHAR","SUB-DIVISION","15 - 49",33229,16840,16389,NA,33229,16840,16389,NA,NA,NA,NA,NA,NA
"BALOCHISTAN","KALAT","KALAT","MANGOCHAR","SUB-DIVISION","15 - 64",37481,19078,18403,NA,37481,19078,18403,NA,NA,NA,NA,NA,NA
"BALOCHISTAN","KALAT","KALAT","MANGOCHAR","SUB-DIVISION","18 - 60",31227,15862,15365,NA,31227,15862,15365,NA,NA,NA,NA,NA,NA
"BALOCHISTAN","KALAT","KALAT","MANGOCHAR","SUB-DIVISION","18 &  ABOVE",33269,16986,16283,NA,33269,16986,16283,NA,NA,NA,NA,NA,NA
"BALOCHISTAN","KALAT","KALAT","MANGOCHAR","SUB-DIVISION","60 &  ABOVE",2293,1258,1035,NA,2293,1258,1035,NA,NA,NA,NA,NA,NA
"BALOCHISTAN","KALAT","KALAT","MANGOCHAR","SUB-DIVISION","65 &  ABOVE",1324,726,598,NA,1324,726,598,NA,NA,NA,NA,NA,NA
"BALOCHISTAN","MEKRAN","KECH","BALNIGORE","SUB-TEHSIL","ALL AGES",50404,26075,24328,1,50404,26075,24328,1,NA,NA,NA,NA,NA
"BALOCHISTAN","MEKRAN","KECH","BALNIGORE","SUB-TEHSIL","UNDER 1",990,495,495,NA,990,495,495,NA,NA,NA,NA,NA,NA
"BALOCHISTAN","MEKRAN","KECH","BALNIGORE","SUB-TEHSIL","UNDER 5",7458,3762,3696,NA,7458,3762,3696,NA,NA,NA,NA,NA,NA
"BALOCHISTAN","MEKRAN","KECH","BALNIGORE","SUB-TEHSIL","UNDER 10",13070,6550,6520,NA,13070,6550,6520,NA,NA,NA,NA,NA,NA
"BALOCHISTAN","MEKRAN","KECH","BALNIGORE","SUB-TEHSIL","UNDER 15",18821,9469,9352,NA,18821,9469,9352,NA,NA,NA,NA,NA,NA
"BALOCHISTAN","MEKRAN","KECH","BALNIGORE","SUB-TEHSIL","05 - 24",22891,11682,11209,NA,22891,11682,11209,NA,NA,NA,NA,NA,NA
"BALOCHISTAN","MEKRAN","KECH","BALNIGORE","SUB-TEHSIL","15 - 49",27160,14086,13073,1,27160,14086,13073,1,NA,NA,NA,NA,NA
"BALOCHISTAN","MEKRAN","KECH","BALNIGORE","SUB-TEHSIL","15 - 64",30185,15775,14409,1,30185,15775,14409,1,NA,NA,NA,NA,NA
"BALOCHISTAN","MEKRAN","KECH","BALNIGORE","SUB-TEHSIL","18 - 60",25254,12989,12264,1,25254,12989,12264,1,NA,NA,NA,NA,NA
"BALOCHISTAN","MEKRAN","KECH","BALNIGORE","SUB-TEHSIL","18 &  ABOVE",27202,14138,13063,1,27202,14138,13063,1,NA,NA,NA,NA,NA
"BALOCHISTAN","MEKRAN","KECH","BALNIGORE","SUB-TEHSIL","60 &  ABOVE",2194,1285,909,NA,2194,1285,909,NA,NA,NA,NA,NA,NA
"BALOCHISTAN","MEKRAN","KECH","BALNIGORE","SUB-TEHSIL","65 &  ABOVE",1398,831,567,NA,1398,831,567,NA,NA,NA,NA,NA,NA
"BALOCHISTAN","MEKRAN","KECH","BULAIDA","SUB-DIVISION","ALL AGES",107847,57364,50429,54,39095,21411,17682,2,68752,35953,32747,52,NA
"BALOCHISTAN","MEKRAN","KECH","BULAIDA","SUB-DIVISION","UNDER 1",2527,1398,1129,NA,928,620,308,NA,1599,778,821,NA,NA
"BALOCHISTAN","MEKRAN","KECH","BULAIDA","SUB-DIVISION","UNDER 5",18701,10431,8270,NA,6503,4041,2462,NA,12198,6390,5808,NA,NA
"BALOCHISTAN","MEKRAN","KECH","BULAIDA","SUB-DIVISION","UNDER 10",33410,18425,14985,NA,10671,6368,4303,NA,22739,12057,10682,NA,NA
"BALOCHISTAN","MEKRAN","KECH","BULAIDA","SUB-DIVISION","UNDER 15",45904,24979,20923,2,14163,8203,5960,NA,31741,16776,14963,2,NA
"BALOCHISTAN","MEKRAN","KECH","BULAIDA","SUB-DIVISION","05 - 24",48881,25681,23151,49,15818,8477,7340,1,33063,17204,15811,48,NA
"BALOCHISTAN","MEKRAN","KECH","BULAIDA","SUB-DIVISION","15 - 49",52992,27269,25672,51,21084,11069,10014,1,31908,16200,15658,50,NA
"BALOCHISTAN","MEKRAN","KECH","BULAIDA","SUB-DIVISION","15 - 64",59327,30788,28488,51,23751,12496,11254,1,35576,18292,17234,50,NA
"BALOCHISTAN","MEKRAN","KECH","BULAIDA","SUB-DIVISION","18 - 60",50583,26257,24291,35,21233,11167,10065,1,29350,15090,14226,34,NA
"BALOCHISTAN","MEKRAN","KECH","BULAIDA","SUB-DIVISION","18 &  ABOVE",54329,28466,25827,36,22883,12123,10758,2,31446,16343,15069,34,NA
"BALOCHISTAN","MEKRAN","KECH","BULAIDA","SUB-DIVISION","60 &  ABOVE",4116,2448,1667,1,1820,1068,751,1,2296,1380,916,NA,NA
"BALOCHISTAN","MEKRAN","KECH","BULAIDA","SUB-DIVISION","65 &  ABOVE",2616,1597,1018,1,1181,712,468,1,1435,885,550,NA,NA
"BALOCHISTAN","MEKRAN","KECH","DASHT","SUB-DIVISION","ALL AGES",90080,45971,44093,16,90080,45971,44093,16,NA,NA,NA,NA,NA
"BALOCHISTAN","MEKRAN","KECH","DASHT","SUB-DIVISION","UNDER 1",2369,1147,1222,NA,2369,1147,1222,NA,NA,NA,NA,NA,NA
"BALOCHISTAN","MEKRAN","KECH","DASHT","SUB-DIVISION","UNDER 5",16227,8018,8209,NA,16227,8018,8209,NA,NA,NA,NA,NA,NA
"BALOCHISTAN","MEKRAN","KECH","DASHT","SUB-DIVISION","UNDER 10",27508,13495,14013,NA,27508,13495,14013,NA,NA,NA,NA,NA,NA
"BALOCHISTAN","MEKRAN","KECH","DASHT","SUB-DIVISION","UNDER 15",39064,19375,19687,2,39064,19375,19687,2,NA,NA,NA,NA,NA
"BALOCHISTAN","MEKRAN","KECH","DASHT","SUB-DIVISION","05 - 24",44808,22554,22247,7,44808,22554,22247,7,NA,NA,NA,NA,NA
"BALOCHISTAN","MEKRAN","KECH","DASHT","SUB-DIVISION","15 - 49",45051,23075,21963,13,45051,23075,21963,13,NA,NA,NA,NA,NA
"BALOCHISTAN","MEKRAN","KECH","DASHT","SUB-DIVISION","15 - 64",49317,25525,23778,14,49317,25525,23778,14,NA,NA,NA,NA,NA
"BALOCHISTAN","MEKRAN","KECH","DASHT","SUB-DIVISION","18 - 60",37694,19612,18069,13,37694,19612,18069,13,NA,NA,NA,NA,NA
"BALOCHISTAN","MEKRAN","KECH","DASHT","SUB-DIVISION","18 &  ABOVE",40110,21097,19000,13,40110,21097,19000,13,NA,NA,NA,NA,NA
"BALOCHISTAN","MEKRAN","KECH","DASHT","SUB-DIVISION","60 &  ABOVE",2758,1690,1068,NA,2758,1690,1068,NA,NA,NA,NA,NA,NA
"BALOCHISTAN","MEKRAN","KECH","DASHT","SUB-DIVISION","65 &  ABOVE",1699,1071,628,NA,1699,1071,628,NA,NA,NA,NA,NA,NA
"BALOCHISTAN","MEKRAN","KECH","HOSHAB","SUB-TEHSIL","ALL AGES",66566,34946,31615,5,66566,34946,31615,5,NA,NA,NA,NA,NA
"BALOCHISTAN","MEKRAN","KECH","HOSHAB","SUB-TEHSIL","UNDER 1",1889,942,947,NA,1889,942,947,NA,NA,NA,NA,NA,NA
"BALOCHISTAN","MEKRAN","KECH","HOSHAB","SUB-TEHSIL","UNDER 5",13055,6529,6526,NA,13055,6529,6526,NA,NA,NA,NA,NA,NA
"BALOCHISTAN","MEKRAN","KECH","HOSHAB","SUB-TEHSIL","UNDER 10",21421,10901,10520,NA,21421,10901,10520,NA,NA,NA,NA,NA,NA
"BALOCHISTAN","MEKRAN","KECH","HOSHAB","SUB-TEHSIL","UNDER 15",29505,15345,14160,NA,29505,15345,14160,NA,NA,NA,NA,NA,NA
"BALOCHISTAN","MEKRAN","KECH","HOSHAB","SUB-TEHSIL","05 - 24",36670,19420,17248,2,36670,19420,17248,2,NA,NA,NA,NA,NA
"BALOCHISTAN","MEKRAN","KECH","HOSHAB","SUB-TEHSIL","15 - 49",32852,17174,15676,2,32852,17174,15676,2,NA,NA,NA,NA,NA
"BALOCHISTAN","MEKRAN","KECH","HOSHAB","SUB-TEHSIL","15 - 64",35726,18743,16979,4,35726,18743,16979,4,NA,NA,NA,NA,NA
"BALOCHISTAN","MEKRAN","KECH","HOSHAB","SUB-TEHSIL","18 - 60",25107,13064,12040,3,25107,13064,12040,3,NA,NA,NA,NA,NA
"BALOCHISTAN","MEKRAN","KECH","HOSHAB","SUB-TEHSIL","18 &  ABOVE",26933,14221,12708,4,26933,14221,12708,4,NA,NA,NA,NA,NA
"BALOCHISTAN","MEKRAN","KECH","HOSHAB","SUB-TEHSIL","60 &  ABOVE",2044,1284,759,1,2044,1284,759,1,NA,NA,NA,NA,NA
"BALOCHISTAN","MEKRAN","KECH","HOSHAB","SUB-TEHSIL","65 &  ABOVE",1335,858,476,1,1335,858,476,1,NA,NA,NA,NA,NA
"BALOCHISTAN","MEKRAN","KECH","MAND","TEHSIL","ALL AGES",56772,30125,26644,3,56772,30125,26644,3,NA,NA,NA,NA,NA
"BALOCHISTAN","MEKRAN","KECH","MAND","TEHSIL","UNDER 1",491,263,228,NA,491,263,228,NA,NA,NA,NA,NA,NA
"BALOCHISTAN","MEKRAN","KECH","MAND","TEHSIL","UNDER 5",7652,3926,3726,NA,7652,3926,3726,NA,NA,NA,NA,NA,NA
"BALOCHISTAN","MEKRAN","KECH","MAND","TEHSIL","UNDER 10",13395,6775,6620,NA,13395,6775,6620,NA,NA,NA,NA,NA,NA
"BALOCHISTAN","MEKRAN","KECH","MAND","TEHSIL","UNDER 15",19140,9639,9501,NA,19140,9639,9501,NA,NA,NA,NA,NA,NA
"BALOCHISTAN","MEKRAN","KECH","MAND","TEHSIL","05 - 24",25904,13651,12250,3,25904,13651,12250,3,NA,NA,NA,NA,NA
"BALOCHISTAN","MEKRAN","KECH","MAND","TEHSIL","15 - 49",32447,17580,14864,3,32447,17580,14864,3,NA,NA,NA,NA,NA
"BALOCHISTAN","MEKRAN","KECH","MAND","TEHSIL","15 - 64",35970,19506,16461,3,35970,19506,16461,3,NA,NA,NA,NA,NA
"BALOCHISTAN","MEKRAN","KECH","MAND","TEHSIL","18 - 60",31354,16855,14496,3,31354,16855,14496,3,NA,NA,NA,NA,NA
"BALOCHISTAN","MEKRAN","KECH","MAND","TEHSIL","18 &  ABOVE",33700,18220,15477,3,33700,18220,15477,3,NA,NA,NA,NA,NA
"BALOCHISTAN","MEKRAN","KECH","MAND","TEHSIL","60 &  ABOVE",2597,1502,1095,NA,2597,1502,1095,NA,NA,NA,NA,NA,NA
"BALOCHISTAN","MEKRAN","KECH","MAND","TEHSIL","65 &  ABOVE",1662,980,682,NA,1662,980,682,NA,NA,NA,NA,NA,NA
"BALOCHISTAN","MEKRAN","KECH","TUMP","SUB-DIVISION","ALL AGES",147037,79809,67223,5,97768,52651,45114,3,49269,27158,22109,2,NA
"BALOCHISTAN","MEKRAN","KECH","TUMP","SUB-DIVISION","UNDER 1",1779,893,886,NA,1644,833,811,NA,135,60,75,NA,NA
"BALOCHISTAN","MEKRAN","KECH","TUMP","SUB-DIVISION","UNDER 5",23332,11711,11621,NA,17652,9047,8605,NA,5680,2664,3016,NA,NA
"BALOCHISTAN","MEKRAN","KECH","TUMP","SUB-DIVISION","UNDER 10",41492,21154,20338,NA,30734,16001,14733,NA,10758,5153,5605,NA,NA
"BALOCHISTAN","MEKRAN","KECH","TUMP","SUB-DIVISION","UNDER 15",58650,30352,28297,1,41806,21980,19826,NA,16844,8372,8471,1,NA
"BALOCHISTAN","MEKRAN","KECH","TUMP","SUB-DIVISION","05 - 24",68744,36897,31844,3,45058,23614,21443,1,23686,13283,10401,2,NA
"BALOCHISTAN","MEKRAN","KECH","TUMP","SUB-DIVISION","15 - 49",76389,42202,34183,4,48972,26501,22468,3,27417,15701,11715,1,NA
"BALOCHISTAN","MEKRAN","KECH","TUMP","SUB-DIVISION","15 - 64",84977,47286,37687,4,53934,29395,24536,3,31043,17891,13151,1,NA
"BALOCHISTAN","MEKRAN","KECH","TUMP","SUB-DIVISION","18 - 60",71761,39815,31942,4,45907,25161,20743,3,25854,14654,11199,1,NA
"BALOCHISTAN","MEKRAN","KECH","TUMP","SUB-DIVISION","18 &  ABOVE",76673,42980,33689,4,48837,27021,21813,3,27836,15959,11876,1,NA
"BALOCHISTAN","MEKRAN","KECH","TUMP","SUB-DIVISION","60 &  ABOVE",5500,3545,1955,NA,3325,2113,1212,NA,2175,1432,743,NA,NA
"BALOCHISTAN","MEKRAN","KECH","TUMP","SUB-DIVISION","65 &  ABOVE",3410,2171,1239,NA,2028,1276,752,NA,1382,895,487,NA,NA
"BALOCHISTAN","MEKRAN","KECH","TURBAT","SUB-DIVISION","ALL AGES",470492,241693,228771,28,201867,99392,102470,5,268625,142301,126301,23,NA
"BALOCHISTAN","MEKRAN","KECH","TURBAT","SUB-DIVISION","UNDER 1",13148,6539,6609,NA,5264,2546,2718,NA,7884,3993,3891,NA,NA
"BALOCHISTAN","MEKRAN","KECH","TURBAT","SUB-DIVISION","UNDER 5",97712,50425,47287,NA,39777,19743,20034,NA,57935,30682,27253,NA,NA
"BALOCHISTAN","MEKRAN","KECH","TURBAT","SUB-DIVISION","UNDER 10",162379,83565,78814,NA,70669,35103,35566,NA,91710,48462,43248,NA,NA
"BALOCHISTAN","MEKRAN","KECH","TURBAT","SUB-DIVISION","UNDER 15",216069,110970,105096,3,94279,46495,47784,NA,121790,64475,57312,3,NA
"BALOCHISTAN","MEKRAN","KECH","TURBAT","SUB-DIVISION","05 - 24",212027,105904,106112,11,93885,44610,49274,1,118142,61294,56838,10,NA
"BALOCHISTAN","MEKRAN","KECH","TURBAT","SUB-DIVISION","15 - 49",222247,112035,110192,20,92700,44976,47720,4,129547,67059,62472,16,NA
"BALOCHISTAN","MEKRAN","KECH","TURBAT","SUB-DIVISION","15 - 64",245577,125391,120161,25,103125,50453,52667,5,142452,74938,67494,20,NA
"BALOCHISTAN","MEKRAN","KECH","TURBAT","SUB-DIVISION","18 - 60",206388,105364,101003,21,87139,42906,44230,3,119249,62458,56773,18,NA
"BALOCHISTAN","MEKRAN","KECH","TURBAT","SUB-DIVISION","18 &  ABOVE",218963,112918,106023,22,93343,46280,47059,4,125620,66638,58964,18,NA
"BALOCHISTAN","MEKRAN","KECH","TURBAT","SUB-DIVISION","60 &  ABOVE",14064,8451,5611,2,6900,3762,3137,1,7164,4689,2474,1,NA
"BALOCHISTAN","MEKRAN","KECH","TURBAT","SUB-DIVISION","65 &  ABOVE",8846,5332,3514,NA,4463,2444,2019,NA,4383,2888,1495,NA,NA
"BALOCHISTAN","MEKRAN","KECH","ZAMORAN","SUB-TEHSIL","ALL AGES",71616,39180,32425,11,71616,39180,32425,11,NA,NA,NA,NA,NA
"BALOCHISTAN","MEKRAN","KECH","ZAMORAN","SUB-TEHSIL","UNDER 1",968,500,468,NA,968,500,468,NA,NA,NA,NA,NA,NA
"BALOCHISTAN","MEKRAN","KECH","ZAMORAN","SUB-TEHSIL","UNDER 5",9175,5209,3966,NA,9175,5209,3966,NA,NA,NA,NA,NA,NA
"BALOCHISTAN","MEKRAN","KECH","ZAMORAN","SUB-TEHSIL","UNDER 10",15899,9000,6899,NA,15899,9000,6899,NA,NA,NA,NA,NA,NA
"BALOCHISTAN","MEKRAN","KECH","ZAMORAN","SUB-TEHSIL","UNDER 15",21758,12299,9458,1,21758,12299,9458,1,NA,NA,NA,NA,NA
"BALOCHISTAN","MEKRAN","KECH","ZAMORAN","SUB-TEHSIL","05 - 24",28594,15588,13003,3,28594,15588,13003,3,NA,NA,NA,NA,NA
"BALOCHISTAN","MEKRAN","KECH","ZAMORAN","SUB-TEHSIL","15 - 49",40620,21506,19111,3,40620,21506,19111,3,NA,NA,NA,NA,NA
"BALOCHISTAN","MEKRAN","KECH","ZAMORAN","SUB-TEHSIL","15 - 64",46706,24918,21780,8,46706,24918,21780,8,NA,NA,NA,NA,NA
"BALOCHISTAN","MEKRAN","KECH","ZAMORAN","SUB-TEHSIL","18 - 60",40906,21620,19280,6,40906,21620,19280,6,NA,NA,NA,NA,NA
"BALOCHISTAN","MEKRAN","KECH","ZAMORAN","SUB-TEHSIL","18 &  ABOVE",45325,24326,20990,9,45325,24326,20990,9,NA,NA,NA,NA,NA
"BALOCHISTAN","MEKRAN","KECH","ZAMORAN","SUB-TEHSIL","60 &  ABOVE",4854,2927,1923,4,4854,2927,1923,4,NA,NA,NA,NA,NA
"BALOCHISTAN","MEKRAN","KECH","ZAMORAN","SUB-TEHSIL","65 &  ABOVE",3152,1963,1187,2,3152,1963,1187,2,NA,NA,NA,NA,NA
"BALOCHISTAN","RAKHSHAN","KHARAN","KHARAN","SUB-DIVISION","ALL AGES",104035,56659,47370,6,23229,12307,10922,NA,80806,44352,36448,6,NA
"BALOCHISTAN","RAKHSHAN","KHARAN","KHARAN","SUB-DIVISION","UNDER 1",2912,1572,1340,NA,1221,657,564,NA,1691,915,776,NA,NA
"BALOCHISTAN","RAKHSHAN","KHARAN","KHARAN","SUB-DIVISION","UNDER 5",23314,13109,10205,NA,6362,3478,2884,NA,16952,9631,7321,NA,NA
"BALOCHISTAN","RAKHSHAN","KHARAN","KHARAN","SUB-DIVISION","UNDER 10",41997,23606,18391,NA,10719,5860,4859,NA,31278,17746,13532,NA,NA
"BALOCHISTAN","RAKHSHAN","KHARAN","KHARAN","SUB-DIVISION","UNDER 15",57013,32185,24828,NA,14420,7887,6533,NA,42593,24298,18295,NA,NA
"BALOCHISTAN","RAKHSHAN","KHARAN","KHARAN","SUB-DIVISION","05 - 24",52896,29214,23678,4,11765,6332,5433,NA,41131,22882,18245,4,NA
"BALOCHISTAN","RAKHSHAN","KHARAN","KHARAN","SUB-DIVISION","15 - 49",40894,20986,19902,6,7535,3700,3835,NA,33359,17286,16067,6,NA
"BALOCHISTAN","RAKHSHAN","KHARAN","KHARAN","SUB-DIVISION","15 - 64",45495,23515,21974,6,8495,4222,4273,NA,37000,19293,17701,6,NA
"BALOCHISTAN","RAKHSHAN","KHARAN","KHARAN","SUB-DIVISION","18 - 60",37064,18772,18288,4,6613,3176,3437,NA,30451,15596,14851,4,NA
"BALOCHISTAN","RAKHSHAN","KHARAN","KHARAN","SUB-DIVISION","18 &  ABOVE",39388,20211,19173,4,7097,3478,3619,NA,32291,16733,15554,4,NA
"BALOCHISTAN","RAKHSHAN","KHARAN","KHARAN","SUB-DIVISION","60 &  ABOVE",2619,1606,1013,NA,536,324,212,NA,2083,1282,801,NA,NA
"BALOCHISTAN","RAKHSHAN","KHARAN","KHARAN","SUB-DIVISION","65 &  ABOVE",1527,959,568,NA,314,198,116,NA,1213,761,452,NA,NA
"BALOCHISTAN","RAKHSHAN","KHARAN","PATKAIN","SUB-TEHSIL","ALL AGES",20499,10343,10156,NA,20499,10343,10156,NA,NA,NA,NA,NA,NA
"BALOCHISTAN","RAKHSHAN","KHARAN","PATKAIN","SUB-TEHSIL","UNDER 1",935,481,454,NA,935,481,454,NA,NA,NA,NA,NA,NA
"BALOCHISTAN","RAKHSHAN","KHARAN","PATKAIN","SUB-TEHSIL","UNDER 5",5565,2957,2608,NA,5565,2957,2608,NA,NA,NA,NA,NA,NA
"BALOCHISTAN","RAKHSHAN","KHARAN","PATKAIN","SUB-TEHSIL","UNDER 10",8813,4680,4133,NA,8813,4680,4133,NA,NA,NA,NA,NA,NA
"BALOCHISTAN","RAKHSHAN","KHARAN","PATKAIN","SUB-TEHSIL","UNDER 15",11435,5998,5437,NA,11435,5998,5437,NA,NA,NA,NA,NA,NA
"BALOCHISTAN","RAKHSHAN","KHARAN","PATKAIN","SUB-TEHSIL","05 - 24",9766,4803,4963,NA,9766,4803,4963,NA,NA,NA,NA,NA,NA
"BALOCHISTAN","RAKHSHAN","KHARAN","PATKAIN","SUB-TEHSIL","15 - 49",7675,3637,4038,NA,7675,3637,4038,NA,NA,NA,NA,NA,NA
"BALOCHISTAN","RAKHSHAN","KHARAN","PATKAIN","SUB-TEHSIL","15 - 64",8556,4081,4475,NA,8556,4081,4475,NA,NA,NA,NA,NA,NA
"BALOCHISTAN","RAKHSHAN","KHARAN","PATKAIN","SUB-TEHSIL","18 - 60",6645,3167,3478,NA,6645,3167,3478,NA,NA,NA,NA,NA,NA
"BALOCHISTAN","RAKHSHAN","KHARAN","PATKAIN","SUB-TEHSIL","18 &  ABOVE",7331,3531,3800,NA,7331,3531,3800,NA,NA,NA,NA,NA,NA
"BALOCHISTAN","RAKHSHAN","KHARAN","PATKAIN","SUB-TEHSIL","60 &  ABOVE",748,393,355,NA,748,393,355,NA,NA,NA,NA,NA,NA
"BALOCHISTAN","RAKHSHAN","KHARAN","PATKAIN","SUB-TEHSIL","65 &  ABOVE",508,264,244,NA,508,264,244,NA,NA,NA,NA,NA,NA
"BALOCHISTAN","RAKHSHAN","KHARAN","SAR KHARAN","SUB-DIVISION","ALL AGES",86015,45919,40091,5,86015,45919,40091,5,NA,NA,NA,NA,NA
"BALOCHISTAN","RAKHSHAN","KHARAN","SAR KHARAN","SUB-DIVISION","UNDER 1",2315,1193,1122,NA,2315,1193,1122,NA,NA,NA,NA,NA,NA
"BALOCHISTAN","RAKHSHAN","KHARAN","SAR KHARAN","SUB-DIVISION","UNDER 5",19160,10523,8637,NA,19160,10523,8637,NA,NA,NA,NA,NA,NA
"BALOCHISTAN","RAKHSHAN","KHARAN","SAR KHARAN","SUB-DIVISION","UNDER 10",35791,19774,16017,NA,35791,19774,16017,NA,NA,NA,NA,NA,NA
"BALOCHISTAN","RAKHSHAN","KHARAN","SAR KHARAN","SUB-DIVISION","UNDER 15",49213,27249,21962,2,49213,27249,21962,2,NA,NA,NA,NA,NA
"BALOCHISTAN","RAKHSHAN","KHARAN","SAR KHARAN","SUB-DIVISION","05 - 24",45716,24778,20933,5,45716,24778,20933,5,NA,NA,NA,NA,NA
"BALOCHISTAN","RAKHSHAN","KHARAN","SAR KHARAN","SUB-DIVISION","15 - 49",32083,16097,15983,3,32083,16097,15983,3,NA,NA,NA,NA,NA
"BALOCHISTAN","RAKHSHAN","KHARAN","SAR KHARAN","SUB-DIVISION","15 - 64",35515,17911,17601,3,35515,17911,17601,3,NA,NA,NA,NA,NA
"BALOCHISTAN","RAKHSHAN","KHARAN","SAR KHARAN","SUB-DIVISION","18 - 60",27723,13502,14220,1,27723,13502,14220,1,NA,NA,NA,NA,NA
"BALOCHISTAN","RAKHSHAN","KHARAN","SAR KHARAN","SUB-DIVISION","18 &  ABOVE",29576,14607,14968,1,29576,14607,14968,1,NA,NA,NA,NA,NA
"BALOCHISTAN","RAKHSHAN","KHARAN","SAR KHARAN","SUB-DIVISION","60 &  ABOVE",2150,1253,897,NA,2150,1253,897,NA,NA,NA,NA,NA,NA
"BALOCHISTAN","RAKHSHAN","KHARAN","SAR KHARAN","SUB-DIVISION","65 &  ABOVE",1287,759,528,NA,1287,759,528,NA,NA,NA,NA,NA,NA
"BALOCHISTAN","RAKHSHAN","KHARAN","TOHMULK","SUB-TEHSIL","ALL AGES",49803,26774,23029,NA,49803,26774,23029,NA,NA,NA,NA,NA,NA
"BALOCHISTAN","RAKHSHAN","KHARAN","TOHMULK","SUB-TEHSIL","UNDER 1",1745,959,786,NA,1745,959,786,NA,NA,NA,NA,NA,NA
"BALOCHISTAN","RAKHSHAN","KHARAN","TOHMULK","SUB-TEHSIL","UNDER 5",11545,6532,5013,NA,11545,6532,5013,NA,NA,NA,NA,NA,NA
"BALOCHISTAN","RAKHSHAN","KHARAN","TOHMULK","SUB-TEHSIL","UNDER 10",21275,11988,9287,NA,21275,11988,9287,NA,NA,NA,NA,NA,NA
"BALOCHISTAN","RAKHSHAN","KHARAN","TOHMULK","SUB-TEHSIL","UNDER 15",28665,16081,12584,NA,28665,16081,12584,NA,NA,NA,NA,NA,NA
"BALOCHISTAN","RAKHSHAN","KHARAN","TOHMULK","SUB-TEHSIL","05 - 24",25945,14064,11881,NA,25945,14064,11881,NA,NA,NA,NA,NA,NA
"BALOCHISTAN","RAKHSHAN","KHARAN","TOHMULK","SUB-TEHSIL","15 - 49",18319,9170,9149,NA,18319,9170,9149,NA,NA,NA,NA,NA,NA
"BALOCHISTAN","RAKHSHAN","KHARAN","TOHMULK","SUB-TEHSIL","15 - 64",20399,10273,10126,NA,20399,10273,10126,NA,NA,NA,NA,NA,NA
"BALOCHISTAN","RAKHSHAN","KHARAN","TOHMULK","SUB-TEHSIL","18 - 60",16301,7986,8315,NA,16301,7986,8315,NA,NA,NA,NA,NA,NA
"BALOCHISTAN","RAKHSHAN","KHARAN","TOHMULK","SUB-TEHSIL","18 &  ABOVE",17390,8616,8774,NA,17390,8616,8774,NA,NA,NA,NA,NA,NA
"BALOCHISTAN","RAKHSHAN","KHARAN","TOHMULK","SUB-TEHSIL","60 &  ABOVE",1262,723,539,NA,1262,723,539,NA,NA,NA,NA,NA,NA
"BALOCHISTAN","RAKHSHAN","KHARAN","TOHMULK","SUB-TEHSIL","65 &  ABOVE",739,420,319,NA,739,420,319,NA,NA,NA,NA,NA,NA
"BALOCHISTAN","KALAT","KHUZDAR","ARANJI","SUB-TEHSIL","ALL AGES",50533,28055,22475,3,50533,28055,22475,3,NA,NA,NA,NA,NA
"BALOCHISTAN","KALAT","KHUZDAR","ARANJI","SUB-TEHSIL","UNDER 1",1126,633,493,NA,1126,633,493,NA,NA,NA,NA,NA,NA
"BALOCHISTAN","KALAT","KHUZDAR","ARANJI","SUB-TEHSIL","UNDER 5",9777,5458,4319,NA,9777,5458,4319,NA,NA,NA,NA,NA,NA
"BALOCHISTAN","KALAT","KHUZDAR","ARANJI","SUB-TEHSIL","UNDER 10",18876,10751,8125,NA,18876,10751,8125,NA,NA,NA,NA,NA,NA
"BALOCHISTAN","KALAT","KHUZDAR","ARANJI","SUB-TEHSIL","UNDER 15",25566,14818,10747,1,25566,14818,10747,1,NA,NA,NA,NA,NA
"BALOCHISTAN","KALAT","KHUZDAR","ARANJI","SUB-TEHSIL","05 - 24",24610,14074,10534,2,24610,14074,10534,2,NA,NA,NA,NA,NA
"BALOCHISTAN","KALAT","KHUZDAR","ARANJI","SUB-TEHSIL","15 - 49",20901,10857,10043,1,20901,10857,10043,1,NA,NA,NA,NA,NA
"BALOCHISTAN","KALAT","KHUZDAR","ARANJI","SUB-TEHSIL","15 - 64",23789,12519,11269,1,23789,12519,11269,1,NA,NA,NA,NA,NA
"BALOCHISTAN","KALAT","KHUZDAR","ARANJI","SUB-TEHSIL","18 - 60",20886,10751,10135,NA,20886,10751,10135,NA,NA,NA,NA,NA,NA
"BALOCHISTAN","KALAT","KHUZDAR","ARANJI","SUB-TEHSIL","18 &  ABOVE",22513,11756,10756,1,22513,11756,10756,1,NA,NA,NA,NA,NA
"BALOCHISTAN","KALAT","KHUZDAR","ARANJI","SUB-TEHSIL","60 &  ABOVE",1960,1204,755,1,1960,1204,755,1,NA,NA,NA,NA,NA
"BALOCHISTAN","KALAT","KHUZDAR","ARANJI","SUB-TEHSIL","65 &  ABOVE",1178,718,459,1,1178,718,459,1,NA,NA,NA,NA,NA
"BALOCHISTAN","KALAT","KHUZDAR","GRESHA","SUB-TEHSIL","ALL AGES",69665,38355,31300,10,69665,38355,31300,10,NA,NA,NA,NA,NA
"BALOCHISTAN","KALAT","KHUZDAR","GRESHA","SUB-TEHSIL","UNDER 1",2560,1445,1115,NA,2560,1445,1115,NA,NA,NA,NA,NA,NA
"BALOCHISTAN","KALAT","KHUZDAR","GRESHA","SUB-TEHSIL","UNDER 5",15812,9078,6734,NA,15812,9078,6734,NA,NA,NA,NA,NA,NA
"BALOCHISTAN","KALAT","KHUZDAR","GRESHA","SUB-TEHSIL","UNDER 10",28011,16029,11982,NA,28011,16029,11982,NA,NA,NA,NA,NA,NA
"BALOCHISTAN","KALAT","KHUZDAR","GRESHA","SUB-TEHSIL","UNDER 15",37851,21844,16006,1,37851,21844,16006,1,NA,NA,NA,NA,NA
"BALOCHISTAN","KALAT","KHUZDAR","GRESHA","SUB-TEHSIL","05 - 24",34556,19485,15064,7,34556,19485,15064,7,NA,NA,NA,NA,NA
"BALOCHISTAN","KALAT","KHUZDAR","GRESHA","SUB-TEHSIL","15 - 49",27313,14000,13306,7,27313,14000,13306,7,NA,NA,NA,NA,NA
"BALOCHISTAN","KALAT","KHUZDAR","GRESHA","SUB-TEHSIL","15 - 64",30311,15617,14685,9,30311,15617,14685,9,NA,NA,NA,NA,NA
"BALOCHISTAN","KALAT","KHUZDAR","GRESHA","SUB-TEHSIL","18 - 60",25671,13017,12647,7,25671,13017,12647,7,NA,NA,NA,NA,NA
"BALOCHISTAN","KALAT","KHUZDAR","GRESHA","SUB-TEHSIL","18 &  ABOVE",27688,14203,13477,8,27688,14203,13477,8,NA,NA,NA,NA,NA
"BALOCHISTAN","KALAT","KHUZDAR","GRESHA","SUB-TEHSIL","60 &  ABOVE",2307,1343,963,1,2307,1343,963,1,NA,NA,NA,NA,NA
"BALOCHISTAN","KALAT","KHUZDAR","GRESHA","SUB-TEHSIL","65 &  ABOVE",1503,894,609,NA,1503,894,609,NA,NA,NA,NA,NA,NA
"BALOCHISTAN","KALAT","KHUZDAR","KARAKH","SUB-DIVISION","ALL AGES",35990,18914,17076,NA,35990,18914,17076,NA,NA,NA,NA,NA,NA
"BALOCHISTAN","KALAT","KHUZDAR","KARAKH","SUB-DIVISION","UNDER 1",777,429,348,NA,777,429,348,NA,NA,NA,NA,NA,NA
"BALOCHISTAN","KALAT","KHUZDAR","KARAKH","SUB-DIVISION","UNDER 5",7911,4532,3379,NA,7911,4532,3379,NA,NA,NA,NA,NA,NA
"BALOCHISTAN","KALAT","KHUZDAR","KARAKH","SUB-DIVISION","UNDER 10",13430,7506,5924,NA,13430,7506,5924,NA,NA,NA,NA,NA,NA
"BALOCHISTAN","KALAT","KHUZDAR","KARAKH","SUB-DIVISION","UNDER 15",17644,9766,7878,NA,17644,9766,7878,NA,NA,NA,NA,NA,NA
"BALOCHISTAN","KALAT","KHUZDAR","KARAKH","SUB-DIVISION","05 - 24",15719,8092,7627,NA,15719,8092,7627,NA,NA,NA,NA,NA,NA
"BALOCHISTAN","KALAT","KHUZDAR","KARAKH","SUB-DIVISION","15 - 49",15195,7414,7781,NA,15195,7414,7781,NA,NA,NA,NA,NA,NA
"BALOCHISTAN","KALAT","KHUZDAR","KARAKH","SUB-DIVISION","15 - 64",17356,8600,8756,NA,17356,8600,8756,NA,NA,NA,NA,NA,NA
"BALOCHISTAN","KALAT","KHUZDAR","KARAKH","SUB-DIVISION","18 - 60",15034,7381,7653,NA,15034,7381,7653,NA,NA,NA,NA,NA,NA
"BALOCHISTAN","KALAT","KHUZDAR","KARAKH","SUB-DIVISION","18 &  ABOVE",16353,8104,8249,NA,16353,8104,8249,NA,NA,NA,NA,NA,NA
"BALOCHISTAN","KALAT","KHUZDAR","KARAKH","SUB-DIVISION","60 &  ABOVE",1564,850,714,NA,1564,850,714,NA,NA,NA,NA,NA,NA
"BALOCHISTAN","KALAT","KHUZDAR","KARAKH","SUB-DIVISION","65 &  ABOVE",990,548,442,NA,990,548,442,NA,NA,NA,NA,NA,NA
"BALOCHISTAN","KALAT","KHUZDAR","KHUZDAR","SUB-DIVISION","ALL AGES",359358,191105,168243,10,141246,75254,65988,4,218112,115851,102255,6,NA
"BALOCHISTAN","KALAT","KHUZDAR","KHUZDAR","SUB-DIVISION","UNDER 1",8584,4367,4217,NA,3180,1780,1400,NA,5404,2587,2817,NA,NA
"BALOCHISTAN","KALAT","KHUZDAR","KHUZDAR","SUB-DIVISION","UNDER 5",70612,37422,33190,NA,27290,14886,12404,NA,43322,22536,20786,NA,NA
"BALOCHISTAN","KALAT","KHUZDAR","KHUZDAR","SUB-DIVISION","UNDER 10",132229,70817,61412,NA,52518,28611,23907,NA,79711,42206,37505,NA,NA
"BALOCHISTAN","KALAT","KHUZDAR","KHUZDAR","SUB-DIVISION","UNDER 15",182922,99129,83793,NA,72849,40145,32704,NA,110073,58984,51089,NA,NA
"BALOCHISTAN","KALAT","KHUZDAR","KHUZDAR","SUB-DIVISION","05 - 24",182321,98959,83354,8,72407,39193,33212,2,109914,59766,50142,6,NA
"BALOCHISTAN","KALAT","KHUZDAR","KHUZDAR","SUB-DIVISION","15 - 49",151660,78454,73196,10,58102,29539,28559,4,93558,48915,44637,6,NA
"BALOCHISTAN","KALAT","KHUZDAR","KHUZDAR","SUB-DIVISION","15 - 64",169287,88035,81242,10,65202,33339,31859,4,104085,54696,49383,6,NA
"BALOCHISTAN","KALAT","KHUZDAR","KHUZDAR","SUB-DIVISION","18 - 60",141685,72688,68990,7,54748,27493,27252,3,86937,45195,41738,4,NA
"BALOCHISTAN","KALAT","KHUZDAR","KHUZDAR","SUB-DIVISION","18 &  ABOVE",151847,78320,73520,7,59082,29891,29188,3,92765,48429,44332,4,NA
"BALOCHISTAN","KALAT","KHUZDAR","KHUZDAR","SUB-DIVISION","60 &  ABOVE",11671,6478,5193,NA,5089,2808,2281,NA,6582,3670,2912,NA,NA
"BALOCHISTAN","KALAT","KHUZDAR","KHUZDAR","SUB-DIVISION","65 &  ABOVE",7149,3941,3208,NA,3195,1770,1425,NA,3954,2171,1783,NA,NA
"BALOCHISTAN","KALAT","KHUZDAR","MOOLA","SUB-TEHSIL","ALL AGES",32689,17317,15372,NA,32689,17317,15372,NA,NA,NA,NA,NA,NA
"BALOCHISTAN","KALAT","KHUZDAR","MOOLA","SUB-TEHSIL","UNDER 1",657,363,294,NA,657,363,294,NA,NA,NA,NA,NA,NA
"BALOCHISTAN","KALAT","KHUZDAR","MOOLA","SUB-TEHSIL","UNDER 5",7494,3971,3523,NA,7494,3971,3523,NA,NA,NA,NA,NA,NA
"BALOCHISTAN","KALAT","KHUZDAR","MOOLA","SUB-TEHSIL","UNDER 10",14438,7826,6612,NA,14438,7826,6612,NA,NA,NA,NA,NA,NA
"BALOCHISTAN","KALAT","KHUZDAR","MOOLA","SUB-TEHSIL","UNDER 15",19035,10380,8655,NA,19035,10380,8655,NA,NA,NA,NA,NA,NA
"BALOCHISTAN","KALAT","KHUZDAR","MOOLA","SUB-TEHSIL","05 - 24",16983,9200,7783,NA,16983,9200,7783,NA,NA,NA,NA,NA,NA
"BALOCHISTAN","KALAT","KHUZDAR","MOOLA","SUB-TEHSIL","15 - 49",11703,5832,5871,NA,11703,5832,5871,NA,NA,NA,NA,NA,NA
"BALOCHISTAN","KALAT","KHUZDAR","MOOLA","SUB-TEHSIL","15 - 64",13117,6601,6516,NA,13117,6601,6516,NA,NA,NA,NA,NA,NA
"BALOCHISTAN","KALAT","KHUZDAR","MOOLA","SUB-TEHSIL","18 - 60",10814,5398,5416,NA,10814,5398,5416,NA,NA,NA,NA,NA,NA
"BALOCHISTAN","KALAT","KHUZDAR","MOOLA","SUB-TEHSIL","18 &  ABOVE",11610,5895,5715,NA,11610,5895,5715,NA,NA,NA,NA,NA,NA
"BALOCHISTAN","KALAT","KHUZDAR","MOOLA","SUB-TEHSIL","60 &  ABOVE",936,577,359,NA,936,577,359,NA,NA,NA,NA,NA,NA
"BALOCHISTAN","KALAT","KHUZDAR","MOOLA","SUB-TEHSIL","65 &  ABOVE",537,336,201,NA,537,336,201,NA,NA,NA,NA,NA,NA
"BALOCHISTAN","KALAT","KHUZDAR","NAL","SUB-DIVISION","ALL AGES",103631,56391,47238,2,55150,29474,25675,1,48481,26917,21563,1,NA
"BALOCHISTAN","KALAT","KHUZDAR","NAL","SUB-DIVISION","UNDER 1",3884,2137,1747,NA,1868,1006,862,NA,2016,1131,885,NA,NA
"BALOCHISTAN","KALAT","KHUZDAR","NAL","SUB-DIVISION","UNDER 5",23242,13124,10118,NA,11818,6548,5270,NA,11424,6576,4848,NA,NA
"BALOCHISTAN","KALAT","KHUZDAR","NAL","SUB-DIVISION","UNDER 10",42043,23752,18291,NA,21694,12069,9625,NA,20349,11683,8666,NA,NA
"BALOCHISTAN","KALAT","KHUZDAR","NAL","SUB-DIVISION","UNDER 15",56820,32260,24560,NA,29570,16588,12982,NA,27250,15672,11578,NA,NA
"BALOCHISTAN","KALAT","KHUZDAR","NAL","SUB-DIVISION","05 - 24",52585,29030,23553,2,27657,15039,12617,1,24928,13991,10936,1,NA
"BALOCHISTAN","KALAT","KHUZDAR","NAL","SUB-DIVISION","15 - 49",40576,20828,19746,2,21797,10896,10900,1,18779,9932,8846,1,NA
"BALOCHISTAN","KALAT","KHUZDAR","NAL","SUB-DIVISION","15 - 64",44783,22984,21797,2,24325,12162,12162,1,20458,10822,9635,1,NA
"BALOCHISTAN","KALAT","KHUZDAR","NAL","SUB-DIVISION","18 - 60",37708,18974,18733,1,20586,10090,10496,NA,17122,8884,8237,1,NA
"BALOCHISTAN","KALAT","KHUZDAR","NAL","SUB-DIVISION","18 &  ABOVE",40468,20533,19934,1,22299,11065,11234,NA,18169,9468,8700,1,NA
"BALOCHISTAN","KALAT","KHUZDAR","NAL","SUB-DIVISION","60 &  ABOVE",3123,1752,1371,NA,1933,1086,847,NA,1190,666,524,NA,NA
"BALOCHISTAN","KALAT","KHUZDAR","NAL","SUB-DIVISION","65 &  ABOVE",2028,1147,881,NA,1255,724,531,NA,773,423,350,NA,NA
"BALOCHISTAN","KALAT","KHUZDAR","ORNACH","SUB-DIVISION","ALL AGES",41811,22963,18846,2,41811,22963,18846,2,NA,NA,NA,NA,NA
"BALOCHISTAN","KALAT","KHUZDAR","ORNACH","SUB-DIVISION","UNDER 1",544,285,259,NA,544,285,259,NA,NA,NA,NA,NA,NA
"BALOCHISTAN","KALAT","KHUZDAR","ORNACH","SUB-DIVISION","UNDER 5",6515,3650,2865,NA,6515,3650,2865,NA,NA,NA,NA,NA,NA
"BALOCHISTAN","KALAT","KHUZDAR","ORNACH","SUB-DIVISION","UNDER 10",12068,6759,5309,NA,12068,6759,5309,NA,NA,NA,NA,NA,NA
"BALOCHISTAN","KALAT","KHUZDAR","ORNACH","SUB-DIVISION","UNDER 15",16479,9450,7029,NA,16479,9450,7029,NA,NA,NA,NA,NA,NA
"BALOCHISTAN","KALAT","KHUZDAR","ORNACH","SUB-DIVISION","05 - 24",18796,10404,8392,NA,18796,10404,8392,NA,NA,NA,NA,NA,NA
"BALOCHISTAN","KALAT","KHUZDAR","ORNACH","SUB-DIVISION","15 - 49",21332,11209,10121,2,21332,11209,10121,2,NA,NA,NA,NA,NA
"BALOCHISTAN","KALAT","KHUZDAR","ORNACH","SUB-DIVISION","15 - 64",24036,12728,11306,2,24036,12728,11306,2,NA,NA,NA,NA,NA
"BALOCHISTAN","KALAT","KHUZDAR","ORNACH","SUB-DIVISION","18 - 60",21195,10932,10261,2,21195,10932,10261,2,NA,NA,NA,NA,NA
"BALOCHISTAN","KALAT","KHUZDAR","ORNACH","SUB-DIVISION","18 &  ABOVE",22939,11989,10948,2,22939,11989,10948,2,NA,NA,NA,NA,NA
"BALOCHISTAN","KALAT","KHUZDAR","ORNACH","SUB-DIVISION","60 &  ABOVE",2006,1202,804,NA,2006,1202,804,NA,NA,NA,NA,NA,NA
"BALOCHISTAN","KALAT","KHUZDAR","ORNACH","SUB-DIVISION","65 &  ABOVE",1296,785,511,NA,1296,785,511,NA,NA,NA,NA,NA,NA
"BALOCHISTAN","KALAT","KHUZDAR","SAROONA","SUB-TEHSIL","ALL AGES",36380,20106,16272,2,36380,20106,16272,2,NA,NA,NA,NA,NA
"BALOCHISTAN","KALAT","KHUZDAR","SAROONA","SUB-TEHSIL","UNDER 1",318,163,155,NA,318,163,155,NA,NA,NA,NA,NA,NA
"BALOCHISTAN","KALAT","KHUZDAR","SAROONA","SUB-TEHSIL","UNDER 5",5602,3175,2427,NA,5602,3175,2427,NA,NA,NA,NA,NA,NA
"BALOCHISTAN","KALAT","KHUZDAR","SAROONA","SUB-TEHSIL","UNDER 10",11950,6788,5162,NA,11950,6788,5162,NA,NA,NA,NA,NA,NA
"BALOCHISTAN","KALAT","KHUZDAR","SAROONA","SUB-TEHSIL","UNDER 15",17366,9941,7425,NA,17366,9941,7425,NA,NA,NA,NA,NA,NA
"BALOCHISTAN","KALAT","KHUZDAR","SAROONA","SUB-TEHSIL","05 - 24",18323,10304,8018,1,18323,10304,8018,1,NA,NA,NA,NA,NA
"BALOCHISTAN","KALAT","KHUZDAR","SAROONA","SUB-TEHSIL","15 - 49",15275,8065,7208,2,15275,8065,7208,2,NA,NA,NA,NA,NA
"BALOCHISTAN","KALAT","KHUZDAR","SAROONA","SUB-TEHSIL","15 - 64",17888,9519,8367,2,17888,9519,8367,2,NA,NA,NA,NA,NA
"BALOCHISTAN","KALAT","KHUZDAR","SAROONA","SUB-TEHSIL","18 - 60",15432,8048,7382,2,15432,8048,7382,2,NA,NA,NA,NA,NA
"BALOCHISTAN","KALAT","KHUZDAR","SAROONA","SUB-TEHSIL","18 &  ABOVE",17046,9002,8042,2,17046,9002,8042,2,NA,NA,NA,NA,NA
"BALOCHISTAN","KALAT","KHUZDAR","SAROONA","SUB-TEHSIL","60 &  ABOVE",1855,1089,766,NA,1855,1089,766,NA,NA,NA,NA,NA,NA
"BALOCHISTAN","KALAT","KHUZDAR","SAROONA","SUB-TEHSIL","65 &  ABOVE",1126,646,480,NA,1126,646,480,NA,NA,NA,NA,NA,NA
"BALOCHISTAN","KALAT","KHUZDAR","WADH","SUB-DIVISION","ALL AGES",116229,62102,54123,4,89354,47818,41532,4,26875,14284,12591,NA,NA
"BALOCHISTAN","KALAT","KHUZDAR","WADH","SUB-DIVISION","UNDER 1",3181,1734,1447,NA,2600,1398,1202,NA,581,336,245,NA,NA
"BALOCHISTAN","KALAT","KHUZDAR","WADH","SUB-DIVISION","UNDER 5",25395,13572,11823,NA,19894,10644,9250,NA,5501,2928,2573,NA,NA
"BALOCHISTAN","KALAT","KHUZDAR","WADH","SUB-DIVISION","UNDER 10",45778,24709,21069,NA,35703,19260,16443,NA,10075,5449,4626,NA,NA
"BALOCHISTAN","KALAT","KHUZDAR","WADH","SUB-DIVISION","UNDER 15",61523,33773,27750,NA,47881,26314,21567,NA,13642,7459,6183,NA,NA
"BALOCHISTAN","KALAT","KHUZDAR","WADH","SUB-DIVISION","05 - 24",56249,30788,25458,3,42899,23623,19273,3,13350,7165,6185,NA,NA
"BALOCHISTAN","KALAT","KHUZDAR","WADH","SUB-DIVISION","15 - 49",45589,23336,22250,3,34242,17561,16678,3,11347,5775,5572,NA,NA
"BALOCHISTAN","KALAT","KHUZDAR","WADH","SUB-DIVISION","15 - 64",51950,26791,25155,4,39220,20262,18954,4,12730,6529,6201,NA,NA
"BALOCHISTAN","KALAT","KHUZDAR","WADH","SUB-DIVISION","18 - 60",44076,22395,21678,3,33182,16859,16320,3,10894,5536,5358,NA,NA
"BALOCHISTAN","KALAT","KHUZDAR","WADH","SUB-DIVISION","18 &  ABOVE",47826,24481,23342,3,36193,18513,17677,3,11633,5968,5665,NA,NA
"BALOCHISTAN","KALAT","KHUZDAR","WADH","SUB-DIVISION","60 &  ABOVE",4282,2392,1890,NA,3437,1901,1536,NA,845,491,354,NA,NA
"BALOCHISTAN","KALAT","KHUZDAR","WADH","SUB-DIVISION","65 &  ABOVE",2756,1538,1218,NA,2253,1242,1011,NA,503,296,207,NA,NA
"BALOCHISTAN","KALAT","KHUZDAR","ZEHRI","SUB-DIVISION","ALL AGES",150928,82005,68922,1,80018,42926,37091,1,70910,39079,31831,NA,NA
"BALOCHISTAN","KALAT","KHUZDAR","ZEHRI","SUB-DIVISION","UNDER 1",4357,2316,2041,NA,2666,1395,1271,NA,1691,921,770,NA,NA
"BALOCHISTAN","KALAT","KHUZDAR","ZEHRI","SUB-DIVISION","UNDER 5",29625,16590,13035,NA,16784,9343,7441,NA,12841,7247,5594,NA,NA
"BALOCHISTAN","KALAT","KHUZDAR","ZEHRI","SUB-DIVISION","UNDER 10",56788,31994,24794,NA,31349,17474,13875,NA,25439,14520,10919,NA,NA
"BALOCHISTAN","KALAT","KHUZDAR","ZEHRI","SUB-DIVISION","UNDER 15",81293,46124,35168,1,43060,24071,18988,1,38233,22053,16180,NA,NA
"BALOCHISTAN","KALAT","KHUZDAR","ZEHRI","SUB-DIVISION","05 - 24",82749,46015,36733,1,41421,22671,18749,1,41328,23344,17984,NA,NA
"BALOCHISTAN","KALAT","KHUZDAR","ZEHRI","SUB-DIVISION","15 - 49",61419,31364,30055,NA,31875,16156,15719,NA,29544,15208,14336,NA,NA
"BALOCHISTAN","KALAT","KHUZDAR","ZEHRI","SUB-DIVISION","15 - 64",67266,34527,32739,NA,35436,17992,17444,NA,31830,16535,15295,NA,NA
"BALOCHISTAN","KALAT","KHUZDAR","ZEHRI","SUB-DIVISION","18 - 60",53937,26913,27024,NA,28807,14201,14606,NA,25130,12712,12418,NA,NA
"BALOCHISTAN","KALAT","KHUZDAR","ZEHRI","SUB-DIVISION","18 &  ABOVE",57257,28803,28454,NA,30922,15386,15536,NA,26335,13417,12918,NA,NA
"BALOCHISTAN","KALAT","KHUZDAR","ZEHRI","SUB-DIVISION","60 &  ABOVE",3841,2205,1636,NA,2421,1358,1063,NA,1420,847,573,NA,NA
"BALOCHISTAN","KALAT","KHUZDAR","ZEHRI","SUB-DIVISION","65 &  ABOVE",2369,1354,1015,NA,1522,863,659,NA,847,491,356,NA,NA
"BALOCHISTAN","QUETTA","KILLA ABDULLAH","DOBANDI","SUB-TEHSIL","ALL AGES",69759,36579,33177,3,69759,36579,33177,3,NA,NA,NA,NA,NA
"BALOCHISTAN","QUETTA","KILLA ABDULLAH","DOBANDI","SUB-TEHSIL","UNDER 1",713,360,353,NA,713,360,353,NA,NA,NA,NA,NA,NA
"BALOCHISTAN","QUETTA","KILLA ABDULLAH","DOBANDI","SUB-TEHSIL","UNDER 5",14353,7513,6840,NA,14353,7513,6840,NA,NA,NA,NA,NA,NA
"BALOCHISTAN","QUETTA","KILLA ABDULLAH","DOBANDI","SUB-TEHSIL","UNDER 10",27329,14422,12907,NA,27329,14422,12907,NA,NA,NA,NA,NA,NA
"BALOCHISTAN","QUETTA","KILLA ABDULLAH","DOBANDI","SUB-TEHSIL","UNDER 15",36653,19358,17294,1,36653,19358,17294,1,NA,NA,NA,NA,NA
"BALOCHISTAN","QUETTA","KILLA ABDULLAH","DOBANDI","SUB-TEHSIL","05 - 24",36071,18764,17304,3,36071,18764,17304,3,NA,NA,NA,NA,NA
"BALOCHISTAN","QUETTA","KILLA ABDULLAH","DOBANDI","SUB-TEHSIL","15 - 49",28528,14578,13948,2,28528,14578,13948,2,NA,NA,NA,NA,NA
"BALOCHISTAN","QUETTA","KILLA ABDULLAH","DOBANDI","SUB-TEHSIL","15 - 64",31587,16254,15331,2,31587,16254,15331,2,NA,NA,NA,NA,NA
"BALOCHISTAN","QUETTA","KILLA ABDULLAH","DOBANDI","SUB-TEHSIL","18 - 60",26741,13680,13060,1,26741,13680,13060,1,NA,NA,NA,NA,NA
"BALOCHISTAN","QUETTA","KILLA ABDULLAH","DOBANDI","SUB-TEHSIL","18 &  ABOVE",28828,14969,13858,1,28828,14969,13858,1,NA,NA,NA,NA,NA
"BALOCHISTAN","QUETTA","KILLA ABDULLAH","DOBANDI","SUB-TEHSIL","60 &  ABOVE",2299,1403,896,NA,2299,1403,896,NA,NA,NA,NA,NA,NA
"BALOCHISTAN","QUETTA","KILLA ABDULLAH","DOBANDI","SUB-TEHSIL","65 &  ABOVE",1519,967,552,NA,1519,967,552,NA,NA,NA,NA,NA,NA
"BALOCHISTAN","QUETTA","KILLA ABDULLAH","GULISTAN","SUB-DIVISION","ALL AGES",126474,66456,60009,9,126474,66456,60009,9,NA,NA,NA,NA,NA
"BALOCHISTAN","QUETTA","KILLA ABDULLAH","GULISTAN","SUB-DIVISION","UNDER 1",2919,1547,1372,NA,2919,1547,1372,NA,NA,NA,NA,NA,NA
"BALOCHISTAN","QUETTA","KILLA ABDULLAH","GULISTAN","SUB-DIVISION","UNDER 5",26458,14293,12165,NA,26458,14293,12165,NA,NA,NA,NA,NA,NA
"BALOCHISTAN","QUETTA","KILLA ABDULLAH","GULISTAN","SUB-DIVISION","UNDER 10",45737,24310,21427,NA,45737,24310,21427,NA,NA,NA,NA,NA,NA
"BALOCHISTAN","QUETTA","KILLA ABDULLAH","GULISTAN","SUB-DIVISION","UNDER 15",60928,32363,28564,1,60928,32363,28564,1,NA,NA,NA,NA,NA
"BALOCHISTAN","QUETTA","KILLA ABDULLAH","GULISTAN","SUB-DIVISION","05 - 24",61188,31398,29782,8,61188,31398,29782,8,NA,NA,NA,NA,NA
"BALOCHISTAN","QUETTA","KILLA ABDULLAH","GULISTAN","SUB-DIVISION","15 - 49",57251,29382,27861,8,57251,29382,27861,8,NA,NA,NA,NA,NA
"BALOCHISTAN","QUETTA","KILLA ABDULLAH","GULISTAN","SUB-DIVISION","15 - 64",63043,32608,30427,8,63043,32608,30427,8,NA,NA,NA,NA,NA
"BALOCHISTAN","QUETTA","KILLA ABDULLAH","GULISTAN","SUB-DIVISION","18 - 60",54138,27921,26212,5,54138,27921,26212,5,NA,NA,NA,NA,NA
"BALOCHISTAN","QUETTA","KILLA ABDULLAH","GULISTAN","SUB-DIVISION","18 &  ABOVE",57688,29984,27699,5,57688,29984,27699,5,NA,NA,NA,NA,NA
"BALOCHISTAN","QUETTA","KILLA ABDULLAH","GULISTAN","SUB-DIVISION","60 &  ABOVE",3923,2280,1643,NA,3923,2280,1643,NA,NA,NA,NA,NA,NA
"BALOCHISTAN","QUETTA","KILLA ABDULLAH","GULISTAN","SUB-DIVISION","65 &  ABOVE",2503,1485,1018,NA,2503,1485,1018,NA,NA,NA,NA,NA,NA
"BALOCHISTAN","QUETTA","KILLA ABDULLAH","KILLA ABDULLAH","SUB-DIVISION","ALL AGES",165738,86137,79597,4,130354,66412,63940,2,35384,19725,15657,2,NA
"BALOCHISTAN","QUETTA","KILLA ABDULLAH","KILLA ABDULLAH","SUB-DIVISION","UNDER 1",3323,1735,1588,NA,2866,1485,1381,NA,457,250,207,NA,NA
"BALOCHISTAN","QUETTA","KILLA ABDULLAH","KILLA ABDULLAH","SUB-DIVISION","UNDER 5",33651,17800,15851,NA,27672,14474,13198,NA,5979,3326,2653,NA,NA
"BALOCHISTAN","QUETTA","KILLA ABDULLAH","KILLA ABDULLAH","SUB-DIVISION","UNDER 10",60577,32100,28477,NA,48488,25119,23369,NA,12089,6981,5108,NA,NA
"BALOCHISTAN","QUETTA","KILLA ABDULLAH","KILLA ABDULLAH","SUB-DIVISION","UNDER 15",81210,42919,38291,NA,64351,33181,31170,NA,16859,9738,7121,NA,NA
"BALOCHISTAN","QUETTA","KILLA ABDULLAH","KILLA ABDULLAH","SUB-DIVISION","05 - 24",83889,43193,40693,3,64477,32108,32367,2,19412,11085,8326,1,NA
"BALOCHISTAN","QUETTA","KILLA ABDULLAH","KILLA ABDULLAH","SUB-DIVISION","15 - 49",74581,37684,36893,4,58401,28992,29407,2,16180,8692,7486,2,NA
"BALOCHISTAN","QUETTA","KILLA ABDULLAH","KILLA ABDULLAH","SUB-DIVISION","15 - 64",81705,41514,40187,4,63871,31919,31950,2,17834,9595,8237,2,NA
"BALOCHISTAN","QUETTA","KILLA ABDULLAH","KILLA ABDULLAH","SUB-DIVISION","18 - 60",69661,35187,34472,2,54703,27250,27453,NA,14958,7937,7019,2,NA
"BALOCHISTAN","QUETTA","KILLA ABDULLAH","KILLA ABDULLAH","SUB-DIVISION","18 &  ABOVE",73751,37586,36163,2,57827,29103,28724,NA,15924,8483,7439,2,NA
"BALOCHISTAN","QUETTA","KILLA ABDULLAH","KILLA ABDULLAH","SUB-DIVISION","60 &  ABOVE",4514,2638,1876,NA,3461,2041,1420,NA,1053,597,456,NA,NA
"BALOCHISTAN","QUETTA","KILLA ABDULLAH","KILLA ABDULLAH","SUB-DIVISION","65 &  ABOVE",2823,1704,1119,NA,2132,1312,820,NA,691,392,299,NA,NA
"BALOCHISTAN","ZHOB","KILLA SAIFULLAH","BADINI","SUB-TEHSIL","ALL AGES",20640,11519,9121,NA,20640,11519,9121,NA,NA,NA,NA,NA,NA
"BALOCHISTAN","ZHOB","KILLA SAIFULLAH","BADINI","SUB-TEHSIL","UNDER 1",732,431,301,NA,732,431,301,NA,NA,NA,NA,NA,NA
"BALOCHISTAN","ZHOB","KILLA SAIFULLAH","BADINI","SUB-TEHSIL","UNDER 5",5419,3098,2321,NA,5419,3098,2321,NA,NA,NA,NA,NA,NA
"BALOCHISTAN","ZHOB","KILLA SAIFULLAH","BADINI","SUB-TEHSIL","UNDER 10",9816,5697,4119,NA,9816,5697,4119,NA,NA,NA,NA,NA,NA
"BALOCHISTAN","ZHOB","KILLA SAIFULLAH","BADINI","SUB-TEHSIL","UNDER 15",12932,7626,5306,NA,12932,7626,5306,NA,NA,NA,NA,NA,NA
"BALOCHISTAN","ZHOB","KILLA SAIFULLAH","BADINI","SUB-TEHSIL","05 - 24",10751,6208,4543,NA,10751,6208,4543,NA,NA,NA,NA,NA,NA
"BALOCHISTAN","ZHOB","KILLA SAIFULLAH","BADINI","SUB-TEHSIL","15 - 49",6598,3269,3329,NA,6598,3269,3329,NA,NA,NA,NA,NA,NA
"BALOCHISTAN","ZHOB","KILLA SAIFULLAH","BADINI","SUB-TEHSIL","15 - 64",7339,3668,3671,NA,7339,3668,3671,NA,NA,NA,NA,NA,NA
"BALOCHISTAN","ZHOB","KILLA SAIFULLAH","BADINI","SUB-TEHSIL","18 - 60",5899,2797,3102,NA,5899,2797,3102,NA,NA,NA,NA,NA,NA
"BALOCHISTAN","ZHOB","KILLA SAIFULLAH","BADINI","SUB-TEHSIL","18 &  ABOVE",6400,3102,3298,NA,6400,3102,3298,NA,NA,NA,NA,NA,NA
"BALOCHISTAN","ZHOB","KILLA SAIFULLAH","BADINI","SUB-TEHSIL","60 &  ABOVE",570,343,227,NA,570,343,227,NA,NA,NA,NA,NA,NA
"BALOCHISTAN","ZHOB","KILLA SAIFULLAH","BADINI","SUB-TEHSIL","65 &  ABOVE",369,225,144,NA,369,225,144,NA,NA,NA,NA,NA,NA
"BALOCHISTAN","ZHOB","KILLA SAIFULLAH","KAN MEHTARZAI","SUB-TEHSIL","ALL AGES",34298,17409,16888,1,34298,17409,16888,1,NA,NA,NA,NA,NA
"BALOCHISTAN","ZHOB","KILLA SAIFULLAH","KAN MEHTARZAI","SUB-TEHSIL","UNDER 1",758,385,373,NA,758,385,373,NA,NA,NA,NA,NA,NA
"BALOCHISTAN","ZHOB","KILLA SAIFULLAH","KAN MEHTARZAI","SUB-TEHSIL","UNDER 5",6295,3259,3036,NA,6295,3259,3036,NA,NA,NA,NA,NA,NA
"BALOCHISTAN","ZHOB","KILLA SAIFULLAH","KAN MEHTARZAI","SUB-TEHSIL","UNDER 10",11476,5805,5671,NA,11476,5805,5671,NA,NA,NA,NA,NA,NA
"BALOCHISTAN","ZHOB","KILLA SAIFULLAH","KAN MEHTARZAI","SUB-TEHSIL","UNDER 15",15620,7917,7702,1,15620,7917,7702,1,NA,NA,NA,NA,NA
"BALOCHISTAN","ZHOB","KILLA SAIFULLAH","KAN MEHTARZAI","SUB-TEHSIL","05 - 24",16452,8021,8430,1,16452,8021,8430,1,NA,NA,NA,NA,NA
"BALOCHISTAN","ZHOB","KILLA SAIFULLAH","KAN MEHTARZAI","SUB-TEHSIL","15 - 49",15806,7834,7972,NA,15806,7834,7972,NA,NA,NA,NA,NA,NA
"BALOCHISTAN","ZHOB","KILLA SAIFULLAH","KAN MEHTARZAI","SUB-TEHSIL","15 - 64",17789,8957,8832,NA,17789,8957,8832,NA,NA,NA,NA,NA,NA
"BALOCHISTAN","ZHOB","KILLA SAIFULLAH","KAN MEHTARZAI","SUB-TEHSIL","18 - 60",15033,7649,7384,NA,15033,7649,7384,NA,NA,NA,NA,NA,NA
"BALOCHISTAN","ZHOB","KILLA SAIFULLAH","KAN MEHTARZAI","SUB-TEHSIL","18 &  ABOVE",16327,8445,7882,NA,16327,8445,7882,NA,NA,NA,NA,NA,NA
"BALOCHISTAN","ZHOB","KILLA SAIFULLAH","KAN MEHTARZAI","SUB-TEHSIL","60 &  ABOVE",1419,875,544,NA,1419,875,544,NA,NA,NA,NA,NA,NA
"BALOCHISTAN","ZHOB","KILLA SAIFULLAH","KAN MEHTARZAI","SUB-TEHSIL","65 &  ABOVE",889,535,354,NA,889,535,354,NA,NA,NA,NA,NA,NA
"BALOCHISTAN","ZHOB","KILLA SAIFULLAH","KILLA SAIFULLAH","SUB-DIVISION","ALL AGES",152516,81377,71139,NA,117473,63214,54259,NA,35043,18163,16880,NA,NA
"BALOCHISTAN","ZHOB","KILLA SAIFULLAH","KILLA SAIFULLAH","SUB-DIVISION","UNDER 1",3493,1839,1654,NA,2885,1514,1371,NA,608,325,283,NA,NA
"BALOCHISTAN","ZHOB","KILLA SAIFULLAH","KILLA SAIFULLAH","SUB-DIVISION","UNDER 5",33007,17912,15095,NA,26054,14210,11844,NA,6953,3702,3251,NA,NA
"BALOCHISTAN","ZHOB","KILLA SAIFULLAH","KILLA SAIFULLAH","SUB-DIVISION","UNDER 10",59665,32447,27218,NA,47401,26088,21313,NA,12264,6359,5905,NA,NA
"BALOCHISTAN","ZHOB","KILLA SAIFULLAH","KILLA SAIFULLAH","SUB-DIVISION","UNDER 15",80331,43855,36476,NA,63638,35173,28465,NA,16693,8682,8011,NA,NA
"BALOCHISTAN","ZHOB","KILLA SAIFULLAH","KILLA SAIFULLAH","SUB-DIVISION","05 - 24",76424,40882,35542,NA,59331,32206,27125,NA,17093,8676,8417,NA,NA
"BALOCHISTAN","ZHOB","KILLA SAIFULLAH","KILLA SAIFULLAH","SUB-DIVISION","15 - 49",61586,31474,30112,NA,45831,23453,22378,NA,15755,8021,7734,NA,NA
"BALOCHISTAN","ZHOB","KILLA SAIFULLAH","KILLA SAIFULLAH","SUB-DIVISION","15 - 64",68663,35399,33264,NA,51021,26324,24697,NA,17642,9075,8567,NA,NA
"BALOCHISTAN","ZHOB","KILLA SAIFULLAH","KILLA SAIFULLAH","SUB-DIVISION","18 - 60",56987,28933,28054,NA,41937,21320,20617,NA,15050,7613,7437,NA,NA
"BALOCHISTAN","ZHOB","KILLA SAIFULLAH","KILLA SAIFULLAH","SUB-DIVISION","18 &  ABOVE",61786,31818,29968,NA,45670,23574,22096,NA,16116,8244,7872,NA,NA
"BALOCHISTAN","ZHOB","KILLA SAIFULLAH","KILLA SAIFULLAH","SUB-DIVISION","60 &  ABOVE",5325,3178,2147,NA,4148,2486,1662,NA,1177,692,485,NA,NA
"BALOCHISTAN","ZHOB","KILLA SAIFULLAH","KILLA SAIFULLAH","SUB-DIVISION","65 &  ABOVE",3522,2123,1399,NA,2814,1717,1097,NA,708,406,302,NA,NA
"BALOCHISTAN","ZHOB","KILLA SAIFULLAH","LOIBAND","TEHSIL","ALL AGES",29693,15170,14523,NA,29693,15170,14523,NA,NA,NA,NA,NA,NA
"BALOCHISTAN","ZHOB","KILLA SAIFULLAH","LOIBAND","TEHSIL","UNDER 1",891,470,421,NA,891,470,421,NA,NA,NA,NA,NA,NA
"BALOCHISTAN","ZHOB","KILLA SAIFULLAH","LOIBAND","TEHSIL","UNDER 5",7186,3821,3365,NA,7186,3821,3365,NA,NA,NA,NA,NA,NA
"BALOCHISTAN","ZHOB","KILLA SAIFULLAH","LOIBAND","TEHSIL","UNDER 10",12783,6690,6093,NA,12783,6690,6093,NA,NA,NA,NA,NA,NA
"BALOCHISTAN","ZHOB","KILLA SAIFULLAH","LOIBAND","TEHSIL","UNDER 15",16727,8698,8029,NA,16727,8698,8029,NA,NA,NA,NA,NA,NA
"BALOCHISTAN","ZHOB","KILLA SAIFULLAH","LOIBAND","TEHSIL","05 - 24",14611,7240,7371,NA,14611,7240,7371,NA,NA,NA,NA,NA,NA
"BALOCHISTAN","ZHOB","KILLA SAIFULLAH","LOIBAND","TEHSIL","15 - 49",11057,5429,5628,NA,11057,5429,5628,NA,NA,NA,NA,NA,NA
"BALOCHISTAN","ZHOB","KILLA SAIFULLAH","LOIBAND","TEHSIL","15 - 64",12324,6143,6181,NA,12324,6143,6181,NA,NA,NA,NA,NA,NA
"BALOCHISTAN","ZHOB","KILLA SAIFULLAH","LOIBAND","TEHSIL","18 - 60",10556,5241,5315,NA,10556,5241,5315,NA,NA,NA,NA,NA,NA
"BALOCHISTAN","ZHOB","KILLA SAIFULLAH","LOIBAND","TEHSIL","18 &  ABOVE",11404,5694,5710,NA,11404,5694,5710,NA,NA,NA,NA,NA,NA
"BALOCHISTAN","ZHOB","KILLA SAIFULLAH","LOIBAND","TEHSIL","60 &  ABOVE",934,501,433,NA,934,501,433,NA,NA,NA,NA,NA,NA
"BALOCHISTAN","ZHOB","KILLA SAIFULLAH","LOIBAND","TEHSIL","65 &  ABOVE",642,329,313,NA,642,329,313,NA,NA,NA,NA,NA,NA
"BALOCHISTAN","ZHOB","KILLA SAIFULLAH","MUSLIM BAGH","TEHSIL","ALL AGES",83795,43093,40702,NA,54663,28629,26034,NA,29132,14464,14668,NA,NA
"BALOCHISTAN","ZHOB","KILLA SAIFULLAH","MUSLIM BAGH","TEHSIL","UNDER 1",2991,1574,1417,NA,2039,1102,937,NA,952,472,480,NA,NA
"BALOCHISTAN","ZHOB","KILLA SAIFULLAH","MUSLIM BAGH","TEHSIL","UNDER 5",19078,10224,8854,NA,12650,6993,5657,NA,6428,3231,3197,NA,NA
"BALOCHISTAN","ZHOB","KILLA SAIFULLAH","MUSLIM BAGH","TEHSIL","UNDER 10",34458,18356,16102,NA,22903,12510,10393,NA,11555,5846,5709,NA,NA
"BALOCHISTAN","ZHOB","KILLA SAIFULLAH","MUSLIM BAGH","TEHSIL","UNDER 15",45883,24505,21378,NA,30680,16783,13897,NA,15203,7722,7481,NA,NA
"BALOCHISTAN","ZHOB","KILLA SAIFULLAH","MUSLIM BAGH","TEHSIL","05 - 24",41498,21315,20183,NA,27175,14175,13000,NA,14323,7140,7183,NA,NA
"BALOCHISTAN","ZHOB","KILLA SAIFULLAH","MUSLIM BAGH","TEHSIL","15 - 49",32642,15706,16936,NA,20595,10010,10585,NA,12047,5696,6351,NA,NA
"BALOCHISTAN","ZHOB","KILLA SAIFULLAH","MUSLIM BAGH","TEHSIL","15 - 64",36298,17664,18634,NA,22936,11239,11697,NA,13362,6425,6937,NA,NA
"BALOCHISTAN","ZHOB","KILLA SAIFULLAH","MUSLIM BAGH","TEHSIL","18 - 60",30414,14647,15767,NA,19043,9246,9797,NA,11371,5401,5970,NA,NA
"BALOCHISTAN","ZHOB","KILLA SAIFULLAH","MUSLIM BAGH","TEHSIL","18 &  ABOVE",32810,15991,16819,NA,20600,10123,10477,NA,12210,5868,6342,NA,NA
"BALOCHISTAN","ZHOB","KILLA SAIFULLAH","MUSLIM BAGH","TEHSIL","60 &  ABOVE",2637,1470,1167,NA,1705,955,750,NA,932,515,417,NA,NA
"BALOCHISTAN","ZHOB","KILLA SAIFULLAH","MUSLIM BAGH","TEHSIL","65 &  ABOVE",1614,924,690,NA,1047,607,440,NA,567,317,250,NA,NA
"BALOCHISTAN","ZHOB","KILLA SAIFULLAH","SHINKI","SUB-TEHSIL","ALL AGES",59258,30506,28752,NA,59258,30506,28752,NA,NA,NA,NA,NA,NA
"BALOCHISTAN","ZHOB","KILLA SAIFULLAH","SHINKI","SUB-TEHSIL","UNDER 1",1713,878,835,NA,1713,878,835,NA,NA,NA,NA,NA,NA
"BALOCHISTAN","ZHOB","KILLA SAIFULLAH","SHINKI","SUB-TEHSIL","UNDER 5",13828,6955,6873,NA,13828,6955,6873,NA,NA,NA,NA,NA,NA
"BALOCHISTAN","ZHOB","KILLA SAIFULLAH","SHINKI","SUB-TEHSIL","UNDER 10",25421,13047,12374,NA,25421,13047,12374,NA,NA,NA,NA,NA,NA
"BALOCHISTAN","ZHOB","KILLA SAIFULLAH","SHINKI","SUB-TEHSIL","UNDER 15",32703,16854,15849,NA,32703,16854,15849,NA,NA,NA,NA,NA,NA
"BALOCHISTAN","ZHOB","KILLA SAIFULLAH","SHINKI","SUB-TEHSIL","05 - 24",29014,15007,14007,NA,29014,15007,14007,NA,NA,NA,NA,NA,NA
"BALOCHISTAN","ZHOB","KILLA SAIFULLAH","SHINKI","SUB-TEHSIL","15 - 49",22422,11355,11067,NA,22422,11355,11067,NA,NA,NA,NA,NA,NA
"BALOCHISTAN","ZHOB","KILLA SAIFULLAH","SHINKI","SUB-TEHSIL","15 - 64",25187,12864,12323,NA,25187,12864,12323,NA,NA,NA,NA,NA,NA
"BALOCHISTAN","ZHOB","KILLA SAIFULLAH","SHINKI","SUB-TEHSIL","18 - 60",21295,10800,10495,NA,21295,10800,10495,NA,NA,NA,NA,NA,NA
"BALOCHISTAN","ZHOB","KILLA SAIFULLAH","SHINKI","SUB-TEHSIL","18 &  ABOVE",23172,11859,11313,NA,23172,11859,11313,NA,NA,NA,NA,NA,NA
"BALOCHISTAN","ZHOB","KILLA SAIFULLAH","SHINKI","SUB-TEHSIL","60 &  ABOVE",2077,1170,907,NA,2077,1170,907,NA,NA,NA,NA,NA,NA
"BALOCHISTAN","ZHOB","KILLA SAIFULLAH","SHINKI","SUB-TEHSIL","65 &  ABOVE",1368,788,580,NA,1368,788,580,NA,NA,NA,NA,NA,NA
"BALOCHISTAN","SIBI","KOHLU","GRISANI","SUB-TEHSIL","ALL AGES",15246,7868,7378,NA,15246,7868,7378,NA,NA,NA,NA,NA,NA
"BALOCHISTAN","SIBI","KOHLU","GRISANI","SUB-TEHSIL","UNDER 1",450,221,229,NA,450,221,229,NA,NA,NA,NA,NA,NA
"BALOCHISTAN","SIBI","KOHLU","GRISANI","SUB-TEHSIL","UNDER 5",3310,1673,1637,NA,3310,1673,1637,NA,NA,NA,NA,NA,NA
"BALOCHISTAN","SIBI","KOHLU","GRISANI","SUB-TEHSIL","UNDER 10",6671,3468,3203,NA,6671,3468,3203,NA,NA,NA,NA,NA,NA
"BALOCHISTAN","SIBI","KOHLU","GRISANI","SUB-TEHSIL","UNDER 15",9087,4704,4383,NA,9087,4704,4383,NA,NA,NA,NA,NA,NA
"BALOCHISTAN","SIBI","KOHLU","GRISANI","SUB-TEHSIL","05 - 24",8185,4269,3916,NA,8185,4269,3916,NA,NA,NA,NA,NA,NA
"BALOCHISTAN","SIBI","KOHLU","GRISANI","SUB-TEHSIL","15 - 49",5272,2628,2644,NA,5272,2628,2644,NA,NA,NA,NA,NA,NA
"BALOCHISTAN","SIBI","KOHLU","GRISANI","SUB-TEHSIL","15 - 64",5903,3009,2894,NA,5903,3009,2894,NA,NA,NA,NA,NA,NA
"BALOCHISTAN","SIBI","KOHLU","GRISANI","SUB-TEHSIL","18 - 60",4867,2463,2404,NA,4867,2463,2404,NA,NA,NA,NA,NA,NA
"BALOCHISTAN","SIBI","KOHLU","GRISANI","SUB-TEHSIL","18 &  ABOVE",5232,2690,2542,NA,5232,2690,2542,NA,NA,NA,NA,NA,NA
"BALOCHISTAN","SIBI","KOHLU","GRISANI","SUB-TEHSIL","60 &  ABOVE",411,252,159,NA,411,252,159,NA,NA,NA,NA,NA,NA
"BALOCHISTAN","SIBI","KOHLU","GRISANI","SUB-TEHSIL","65 &  ABOVE",256,155,101,NA,256,155,101,NA,NA,NA,NA,NA,NA
"BALOCHISTAN","SIBI","KOHLU","KAHAN","SUB-DIVISION","ALL AGES",107840,59269,48558,13,107840,59269,48558,13,NA,NA,NA,NA,NA
"BALOCHISTAN","SIBI","KOHLU","KAHAN","SUB-DIVISION","UNDER 1",2390,1209,1181,NA,2390,1209,1181,NA,NA,NA,NA,NA,NA
"BALOCHISTAN","SIBI","KOHLU","KAHAN","SUB-DIVISION","UNDER 5",18369,9856,8513,NA,18369,9856,8513,NA,NA,NA,NA,NA,NA
"BALOCHISTAN","SIBI","KOHLU","KAHAN","SUB-DIVISION","UNDER 10",38082,20754,17328,NA,38082,20754,17328,NA,NA,NA,NA,NA,NA
"BALOCHISTAN","SIBI","KOHLU","KAHAN","SUB-DIVISION","UNDER 15",54582,30068,24511,3,54582,30068,24511,3,NA,NA,NA,NA,NA
"BALOCHISTAN","SIBI","KOHLU","KAHAN","SUB-DIVISION","05 - 24",58198,32458,25732,8,58198,32458,25732,8,NA,NA,NA,NA,NA
"BALOCHISTAN","SIBI","KOHLU","KAHAN","SUB-DIVISION","15 - 49",45392,24256,21126,10,45392,24256,21126,10,NA,NA,NA,NA,NA
"BALOCHISTAN","SIBI","KOHLU","KAHAN","SUB-DIVISION","15 - 64",51166,27812,23344,10,51166,27812,23344,10,NA,NA,NA,NA,NA
"BALOCHISTAN","SIBI","KOHLU","KAHAN","SUB-DIVISION","18 - 60",42827,22878,19943,6,42827,22878,19943,6,NA,NA,NA,NA,NA
"BALOCHISTAN","SIBI","KOHLU","KAHAN","SUB-DIVISION","18 &  ABOVE",45762,24862,20894,6,45762,24862,20894,6,NA,NA,NA,NA,NA
"BALOCHISTAN","SIBI","KOHLU","KAHAN","SUB-DIVISION","60 &  ABOVE",3491,2363,1128,NA,3491,2363,1128,NA,NA,NA,NA,NA,NA
"BALOCHISTAN","SIBI","KOHLU","KAHAN","SUB-DIVISION","65 &  ABOVE",2092,1389,703,NA,2092,1389,703,NA,NA,NA,NA,NA,NA
"BALOCHISTAN","SIBI","KOHLU","KOHLU","SUB-DIVISION","ALL AGES",48050,22939,25110,1,29072,13882,15189,1,18978,9057,9921,NA,NA
"BALOCHISTAN","SIBI","KOHLU","KOHLU","SUB-DIVISION","UNDER 1",1000,472,528,NA,583,269,314,NA,417,203,214,NA,NA
"BALOCHISTAN","SIBI","KOHLU","KOHLU","SUB-DIVISION","UNDER 5",9707,4543,5164,NA,6067,2799,3268,NA,3640,1744,1896,NA,NA
"BALOCHISTAN","SIBI","KOHLU","KOHLU","SUB-DIVISION","UNDER 10",18348,8515,9833,NA,11432,5248,6184,NA,6916,3267,3649,NA,NA
"BALOCHISTAN","SIBI","KOHLU","KOHLU","SUB-DIVISION","UNDER 15",24587,11403,13184,NA,14997,6894,8103,NA,9590,4509,5081,NA,NA
"BALOCHISTAN","SIBI","KOHLU","KOHLU","SUB-DIVISION","05 - 24",23537,10808,12729,NA,13940,6400,7540,NA,9597,4408,5189,NA,NA
"BALOCHISTAN","SIBI","KOHLU","KOHLU","SUB-DIVISION","15 - 49",19708,9532,10175,1,11774,5745,6028,1,7934,3787,4147,NA,NA
"BALOCHISTAN","SIBI","KOHLU","KOHLU","SUB-DIVISION","15 - 64",22437,10972,11464,1,13478,6648,6829,1,8959,4324,4635,NA,NA
"BALOCHISTAN","SIBI","KOHLU","KOHLU","SUB-DIVISION","18 - 60",18884,9317,9566,1,11388,5665,5722,1,7496,3652,3844,NA,NA
"BALOCHISTAN","SIBI","KOHLU","KOHLU","SUB-DIVISION","18 &  ABOVE",20494,10176,10317,1,12361,6200,6160,1,8133,3976,4157,NA,NA
"BALOCHISTAN","SIBI","KOHLU","KOHLU","SUB-DIVISION","60 &  ABOVE",1789,959,830,NA,1085,599,486,NA,704,360,344,NA,NA
"BALOCHISTAN","SIBI","KOHLU","KOHLU","SUB-DIVISION","65 &  ABOVE",1026,564,462,NA,597,340,257,NA,429,224,205,NA,NA
"BALOCHISTAN","SIBI","KOHLU","MAWAND","SUB-DIVISION","ALL AGES",51635,27001,24632,2,51635,27001,24632,2,NA,NA,NA,NA,NA
"BALOCHISTAN","SIBI","KOHLU","MAWAND","SUB-DIVISION","UNDER 1",1329,684,645,NA,1329,684,645,NA,NA,NA,NA,NA,NA
"BALOCHISTAN","SIBI","KOHLU","MAWAND","SUB-DIVISION","UNDER 5",9187,4845,4342,NA,9187,4845,4342,NA,NA,NA,NA,NA,NA
"BALOCHISTAN","SIBI","KOHLU","MAWAND","SUB-DIVISION","UNDER 10",17999,9298,8701,NA,17999,9298,8701,NA,NA,NA,NA,NA,NA
"BALOCHISTAN","SIBI","KOHLU","MAWAND","SUB-DIVISION","UNDER 15",25729,13182,12547,NA,25729,13182,12547,NA,NA,NA,NA,NA,NA
"BALOCHISTAN","SIBI","KOHLU","MAWAND","SUB-DIVISION","05 - 24",27374,13991,13382,1,27374,13991,13382,1,NA,NA,NA,NA,NA
"BALOCHISTAN","SIBI","KOHLU","MAWAND","SUB-DIVISION","15 - 49",21847,11326,10519,2,21847,11326,10519,2,NA,NA,NA,NA,NA
"BALOCHISTAN","SIBI","KOHLU","MAWAND","SUB-DIVISION","15 - 64",24622,12976,11644,2,24622,12976,11644,2,NA,NA,NA,NA,NA
"BALOCHISTAN","SIBI","KOHLU","MAWAND","SUB-DIVISION","18 - 60",19932,10454,9476,2,19932,10454,9476,2,NA,NA,NA,NA,NA
"BALOCHISTAN","SIBI","KOHLU","MAWAND","SUB-DIVISION","18 &  ABOVE",21771,11648,10121,2,21771,11648,10121,2,NA,NA,NA,NA,NA
"BALOCHISTAN","SIBI","KOHLU","MAWAND","SUB-DIVISION","60 &  ABOVE",2090,1334,756,NA,2090,1334,756,NA,NA,NA,NA,NA,NA
"BALOCHISTAN","SIBI","KOHLU","MAWAND","SUB-DIVISION","65 &  ABOVE",1284,843,441,NA,1284,843,441,NA,NA,NA,NA,NA,NA
"BALOCHISTAN","SIBI","KOHLU","TAMBOO","SUB-TEHSIL","ALL AGES",37449,19166,18283,NA,37449,19166,18283,NA,NA,NA,NA,NA,NA
"BALOCHISTAN","SIBI","KOHLU","TAMBOO","SUB-TEHSIL","UNDER 1",1183,606,577,NA,1183,606,577,NA,NA,NA,NA,NA,NA
"BALOCHISTAN","SIBI","KOHLU","TAMBOO","SUB-TEHSIL","UNDER 5",8668,4384,4284,NA,8668,4384,4284,NA,NA,NA,NA,NA,NA
"BALOCHISTAN","SIBI","KOHLU","TAMBOO","SUB-TEHSIL","UNDER 10",15578,7856,7722,NA,15578,7856,7722,NA,NA,NA,NA,NA,NA
"BALOCHISTAN","SIBI","KOHLU","TAMBOO","SUB-TEHSIL","UNDER 15",20432,10403,10029,NA,20432,10403,10029,NA,NA,NA,NA,NA,NA
"BALOCHISTAN","SIBI","KOHLU","TAMBOO","SUB-TEHSIL","05 - 24",17385,8811,8574,NA,17385,8811,8574,NA,NA,NA,NA,NA,NA
"BALOCHISTAN","SIBI","KOHLU","TAMBOO","SUB-TEHSIL","15 - 49",14534,7384,7150,NA,14534,7384,7150,NA,NA,NA,NA,NA,NA
"BALOCHISTAN","SIBI","KOHLU","TAMBOO","SUB-TEHSIL","15 - 64",16326,8379,7947,NA,16326,8379,7947,NA,NA,NA,NA,NA,NA
"BALOCHISTAN","SIBI","KOHLU","TAMBOO","SUB-TEHSIL","18 - 60",14251,7247,7004,NA,14251,7247,7004,NA,NA,NA,NA,NA,NA
"BALOCHISTAN","SIBI","KOHLU","TAMBOO","SUB-TEHSIL","18 &  ABOVE",15287,7819,7468,NA,15287,7819,7468,NA,NA,NA,NA,NA,NA
"BALOCHISTAN","SIBI","KOHLU","TAMBOO","SUB-TEHSIL","60 &  ABOVE",1169,645,524,NA,1169,645,524,NA,NA,NA,NA,NA,NA
"BALOCHISTAN","SIBI","KOHLU","TAMBOO","SUB-TEHSIL","65 &  ABOVE",691,384,307,NA,691,384,307,NA,NA,NA,NA,NA,NA
"BALOCHISTAN","KALAT","LASBELA","BELA","SUB-DIVISION","ALL AGES",129264,67004,62251,9,99884,51127,48749,8,29380,15877,13502,1,NA
"BALOCHISTAN","KALAT","LASBELA","BELA","SUB-DIVISION","UNDER 1",2468,1228,1240,NA,1998,994,1004,NA,470,234,236,NA,NA
"BALOCHISTAN","KALAT","LASBELA","BELA","SUB-DIVISION","UNDER 5",22001,11094,10907,NA,18236,9154,9082,NA,3765,1940,1825,NA,NA
"BALOCHISTAN","KALAT","LASBELA","BELA","SUB-DIVISION","UNDER 10",42268,21771,20497,NA,34061,17272,16789,NA,8207,4499,3708,NA,NA
"BALOCHISTAN","KALAT","LASBELA","BELA","SUB-DIVISION","UNDER 15",59915,31268,28643,4,47084,23930,23150,4,12831,7338,5493,NA,NA
"BALOCHISTAN","KALAT","LASBELA","BELA","SUB-DIVISION","05 - 24",61042,32009,29028,5,46374,23705,22664,5,14668,8304,6364,NA,NA
"BALOCHISTAN","KALAT","LASBELA","BELA","SUB-DIVISION","15 - 49",56712,29006,27704,2,42944,21891,21051,2,13768,7115,6653,NA,NA
"BALOCHISTAN","KALAT","LASBELA","BELA","SUB-DIVISION","15 - 64",65645,33773,31867,5,49875,25617,24254,4,15770,8156,7613,1,NA
"BALOCHISTAN","KALAT","LASBELA","BELA","SUB-DIVISION","18 - 60",55918,28663,27251,4,42553,21755,20795,3,13365,6908,6456,1,NA
"BALOCHISTAN","KALAT","LASBELA","BELA","SUB-DIVISION","18 &  ABOVE",61223,31498,29721,4,46695,24014,22678,3,14528,7484,7043,1,NA
"BALOCHISTAN","KALAT","LASBELA","BELA","SUB-DIVISION","60 &  ABOVE",5706,3044,2661,1,4469,2427,2041,1,1237,617,620,NA,NA
"BALOCHISTAN","KALAT","LASBELA","BELA","SUB-DIVISION","65 &  ABOVE",3704,1963,1741,NA,2925,1580,1345,NA,779,383,396,NA,NA
"BALOCHISTAN","KALAT","LASBELA","DUREJI","SUB-DIVISION","ALL AGES",52236,26580,25652,4,36548,18490,18057,1,15688,8090,7595,3,NA
"BALOCHISTAN","KALAT","LASBELA","DUREJI","SUB-DIVISION","UNDER 1",1008,523,485,NA,740,378,362,NA,268,145,123,NA,NA
"BALOCHISTAN","KALAT","LASBELA","DUREJI","SUB-DIVISION","UNDER 5",8121,3963,4158,NA,5748,2794,2954,NA,2373,1169,1204,NA,NA
"BALOCHISTAN","KALAT","LASBELA","DUREJI","SUB-DIVISION","UNDER 10",16811,8341,8470,NA,11967,5920,6047,NA,4844,2421,2423,NA,NA
"BALOCHISTAN","KALAT","LASBELA","DUREJI","SUB-DIVISION","UNDER 15",23717,11842,11875,NA,16845,8373,8472,NA,6872,3469,3403,NA,NA
"BALOCHISTAN","KALAT","LASBELA","DUREJI","SUB-DIVISION","05 - 24",24176,12231,11944,1,16912,8505,8407,NA,7264,3726,3537,1,NA
"BALOCHISTAN","KALAT","LASBELA","DUREJI","SUB-DIVISION","15 - 49",22384,11449,10932,3,15303,7794,7508,1,7081,3655,3424,2,NA
"BALOCHISTAN","KALAT","LASBELA","DUREJI","SUB-DIVISION","15 - 64",26368,13626,12738,4,18143,9314,8828,1,8225,4312,3910,3,NA
"BALOCHISTAN","KALAT","LASBELA","DUREJI","SUB-DIVISION","18 - 60",22610,11687,10919,4,15574,8012,7561,1,7036,3675,3358,3,NA
"BALOCHISTAN","KALAT","LASBELA","DUREJI","SUB-DIVISION","18 &  ABOVE",25572,13234,12334,4,17730,9126,8603,1,7842,4108,3731,3,NA
"BALOCHISTAN","KALAT","LASBELA","DUREJI","SUB-DIVISION","60 &  ABOVE",3218,1696,1522,NA,2329,1214,1115,NA,889,482,407,NA,NA
"BALOCHISTAN","KALAT","LASBELA","DUREJI","SUB-DIVISION","65 &  ABOVE",2151,1112,1039,NA,1560,803,757,NA,591,309,282,NA,NA
"BALOCHISTAN","KALAT","LASBELA","GADDANI","TEHSIL","ALL AGES",29215,14664,14551,NA,11675,5858,5817,NA,17540,8806,8734,NA,NA
"BALOCHISTAN","KALAT","LASBELA","GADDANI","TEHSIL","UNDER 1",529,268,261,NA,243,126,117,NA,286,142,144,NA,NA
"BALOCHISTAN","KALAT","LASBELA","GADDANI","TEHSIL","UNDER 5",3419,1755,1664,NA,1444,765,679,NA,1975,990,985,NA,NA
"BALOCHISTAN","KALAT","LASBELA","GADDANI","TEHSIL","UNDER 10",6950,3486,3464,NA,2854,1436,1418,NA,4096,2050,2046,NA,NA
"BALOCHISTAN","KALAT","LASBELA","GADDANI","TEHSIL","UNDER 15",10052,4982,5070,NA,4156,2076,2080,NA,5896,2906,2990,NA,NA
"BALOCHISTAN","KALAT","LASBELA","GADDANI","TEHSIL","05 - 24",12273,5917,6356,NA,5102,2454,2648,NA,7171,3463,3708,NA,NA
"BALOCHISTAN","KALAT","LASBELA","GADDANI","TEHSIL","15 - 49",15267,7615,7652,NA,6148,3056,3092,NA,9119,4559,4560,NA,NA
"BALOCHISTAN","KALAT","LASBELA","GADDANI","TEHSIL","15 - 64",18023,9114,8909,NA,7140,3592,3548,NA,10883,5522,5361,NA,NA
"BALOCHISTAN","KALAT","LASBELA","GADDANI","TEHSIL","18 - 60",15759,8048,7711,NA,6221,3133,3088,NA,9538,4915,4623,NA,NA
"BALOCHISTAN","KALAT","LASBELA","GADDANI","TEHSIL","18 &  ABOVE",17400,8897,8503,NA,6786,3428,3358,NA,10614,5469,5145,NA,NA
"BALOCHISTAN","KALAT","LASBELA","GADDANI","TEHSIL","60 &  ABOVE",1735,904,831,NA,594,311,283,NA,1141,593,548,NA,NA
"BALOCHISTAN","KALAT","LASBELA","GADDANI","TEHSIL","65 &  ABOVE",1140,568,572,NA,379,190,189,NA,761,378,383,NA,NA
"BALOCHISTAN","KALAT","LASBELA","HUB","SUB-DIVISION","ALL AGES",233443,118856,114580,7,37782,18873,18908,1,195661,99983,95672,6,NA
"BALOCHISTAN","KALAT","LASBELA","HUB","SUB-DIVISION","UNDER 1",3947,1962,1985,NA,710,358,352,NA,3237,1604,1633,NA,NA
"BALOCHISTAN","KALAT","LASBELA","HUB","SUB-DIVISION","UNDER 5",34938,17577,17361,NA,5760,2828,2932,NA,29178,14749,14429,NA,NA
"BALOCHISTAN","KALAT","LASBELA","HUB","SUB-DIVISION","UNDER 10",69694,34911,34783,NA,11366,5561,5805,NA,58328,29350,28978,NA,NA
"BALOCHISTAN","KALAT","LASBELA","HUB","SUB-DIVISION","UNDER 15",99414,49705,49708,1,15909,7779,8129,1,83505,41926,41579,NA,NA
"BALOCHISTAN","KALAT","LASBELA","HUB","SUB-DIVISION","05 - 24",111679,56107,55571,1,17350,8512,8837,1,94329,47595,46734,NA,NA
"BALOCHISTAN","KALAT","LASBELA","HUB","SUB-DIVISION","15 - 49",113609,58251,55356,2,18092,9143,8949,NA,95517,49108,46407,2,NA
"BALOCHISTAN","KALAT","LASBELA","HUB","SUB-DIVISION","15 - 64",128639,66296,62338,5,20782,10534,10248,NA,107857,55762,52090,5,NA
"BALOCHISTAN","KALAT","LASBELA","HUB","SUB-DIVISION","18 - 60",110781,57005,53771,5,18052,9141,8911,NA,92729,47864,44860,5,NA
"BALOCHISTAN","KALAT","LASBELA","HUB","SUB-DIVISION","18 &  ABOVE",118902,61340,57556,6,19627,9957,9670,NA,99275,51383,47886,6,NA
"BALOCHISTAN","KALAT","LASBELA","HUB","SUB-DIVISION","60 &  ABOVE",8906,4760,4145,1,1731,903,828,NA,7175,3857,3317,1,NA
"BALOCHISTAN","KALAT","LASBELA","HUB","SUB-DIVISION","65 &  ABOVE",5390,2855,2534,1,1091,560,531,NA,4299,2295,2003,1,NA
"BALOCHISTAN","KALAT","LASBELA","KANRAJ","SUB-DIVISION","ALL AGES",15996,8188,7807,1,15996,8188,7807,1,NA,NA,NA,NA,NA
"BALOCHISTAN","KALAT","LASBELA","KANRAJ","SUB-DIVISION","UNDER 1",372,173,199,NA,372,173,199,NA,NA,NA,NA,NA,NA
"BALOCHISTAN","KALAT","LASBELA","KANRAJ","SUB-DIVISION","UNDER 5",3601,1780,1821,NA,3601,1780,1821,NA,NA,NA,NA,NA,NA
"BALOCHISTAN","KALAT","LASBELA","KANRAJ","SUB-DIVISION","UNDER 10",6626,3308,3318,NA,6626,3308,3318,NA,NA,NA,NA,NA,NA
"BALOCHISTAN","KALAT","LASBELA","KANRAJ","SUB-DIVISION","UNDER 15",8673,4343,4330,NA,8673,4343,4330,NA,NA,NA,NA,NA,NA
"BALOCHISTAN","KALAT","LASBELA","KANRAJ","SUB-DIVISION","05 - 24",7103,3626,3476,1,7103,3626,3476,1,NA,NA,NA,NA,NA
"BALOCHISTAN","KALAT","LASBELA","KANRAJ","SUB-DIVISION","15 - 49",5700,2950,2749,1,5700,2950,2749,1,NA,NA,NA,NA,NA
"BALOCHISTAN","KALAT","LASBELA","KANRAJ","SUB-DIVISION","15 - 64",6734,3526,3207,1,6734,3526,3207,1,NA,NA,NA,NA,NA
"BALOCHISTAN","KALAT","LASBELA","KANRAJ","SUB-DIVISION","18 - 60",5807,3028,2779,NA,5807,3028,2779,NA,NA,NA,NA,NA,NA
"BALOCHISTAN","KALAT","LASBELA","KANRAJ","SUB-DIVISION","18 &  ABOVE",6581,3446,3135,NA,6581,3446,3135,NA,NA,NA,NA,NA,NA
"BALOCHISTAN","KALAT","LASBELA","KANRAJ","SUB-DIVISION","60 &  ABOVE",839,457,382,NA,839,457,382,NA,NA,NA,NA,NA,NA
"BALOCHISTAN","KALAT","LASBELA","KANRAJ","SUB-DIVISION","65 &  ABOVE",589,319,270,NA,589,319,270,NA,NA,NA,NA,NA,NA
"BALOCHISTAN","KALAT","LASBELA","LAKHRA","TEHSIL","ALL AGES",46744,23452,23291,1,46744,23452,23291,1,NA,NA,NA,NA,NA
"BALOCHISTAN","KALAT","LASBELA","LAKHRA","TEHSIL","UNDER 1",1163,557,606,NA,1163,557,606,NA,NA,NA,NA,NA,NA
"BALOCHISTAN","KALAT","LASBELA","LAKHRA","TEHSIL","UNDER 5",8371,4068,4303,NA,8371,4068,4303,NA,NA,NA,NA,NA,NA
"BALOCHISTAN","KALAT","LASBELA","LAKHRA","TEHSIL","UNDER 10",16652,8164,8488,NA,16652,8164,8488,NA,NA,NA,NA,NA,NA
"BALOCHISTAN","KALAT","LASBELA","LAKHRA","TEHSIL","UNDER 15",23208,11447,11761,NA,23208,11447,11761,NA,NA,NA,NA,NA,NA
"BALOCHISTAN","KALAT","LASBELA","LAKHRA","TEHSIL","05 - 24",22437,11284,11153,NA,22437,11284,11153,NA,NA,NA,NA,NA,NA
"BALOCHISTAN","KALAT","LASBELA","LAKHRA","TEHSIL","15 - 49",18880,9542,9338,NA,18880,9542,9338,NA,NA,NA,NA,NA,NA
"BALOCHISTAN","KALAT","LASBELA","LAKHRA","TEHSIL","15 - 64",22063,11205,10857,1,22063,11205,10857,1,NA,NA,NA,NA,NA
"BALOCHISTAN","KALAT","LASBELA","LAKHRA","TEHSIL","18 - 60",18662,9401,9260,1,18662,9401,9260,1,NA,NA,NA,NA,NA
"BALOCHISTAN","KALAT","LASBELA","LAKHRA","TEHSIL","18 &  ABOVE",20643,10484,10158,1,20643,10484,10158,1,NA,NA,NA,NA,NA
"BALOCHISTAN","KALAT","LASBELA","LAKHRA","TEHSIL","60 &  ABOVE",2155,1168,987,NA,2155,1168,987,NA,NA,NA,NA,NA,NA
"BALOCHISTAN","KALAT","LASBELA","LAKHRA","TEHSIL","65 &  ABOVE",1473,800,673,NA,1473,800,673,NA,NA,NA,NA,NA,NA
"BALOCHISTAN","KALAT","LASBELA","LIARI","SUB-TEHSIL","ALL AGES",16994,8890,8103,1,16994,8890,8103,1,NA,NA,NA,NA,NA
"BALOCHISTAN","KALAT","LASBELA","LIARI","SUB-TEHSIL","UNDER 1",322,161,161,NA,322,161,161,NA,NA,NA,NA,NA,NA
"BALOCHISTAN","KALAT","LASBELA","LIARI","SUB-TEHSIL","UNDER 5",2723,1446,1277,NA,2723,1446,1277,NA,NA,NA,NA,NA,NA
"BALOCHISTAN","KALAT","LASBELA","LIARI","SUB-TEHSIL","UNDER 10",5538,2941,2597,NA,5538,2941,2597,NA,NA,NA,NA,NA,NA
"BALOCHISTAN","KALAT","LASBELA","LIARI","SUB-TEHSIL","UNDER 15",8077,4272,3805,NA,8077,4272,3805,NA,NA,NA,NA,NA,NA
"BALOCHISTAN","KALAT","LASBELA","LIARI","SUB-TEHSIL","05 - 24",8552,4444,4107,1,8552,4444,4107,1,NA,NA,NA,NA,NA
"BALOCHISTAN","KALAT","LASBELA","LIARI","SUB-TEHSIL","15 - 49",7221,3680,3540,1,7221,3680,3540,1,NA,NA,NA,NA,NA
"BALOCHISTAN","KALAT","LASBELA","LIARI","SUB-TEHSIL","15 - 64",8363,4318,4044,1,8363,4318,4044,1,NA,NA,NA,NA,NA
"BALOCHISTAN","KALAT","LASBELA","LIARI","SUB-TEHSIL","18 - 60",7009,3622,3386,1,7009,3622,3386,1,NA,NA,NA,NA,NA
"BALOCHISTAN","KALAT","LASBELA","LIARI","SUB-TEHSIL","18 &  ABOVE",7729,4021,3707,1,7729,4021,3707,1,NA,NA,NA,NA,NA
"BALOCHISTAN","KALAT","LASBELA","LIARI","SUB-TEHSIL","60 &  ABOVE",800,437,363,NA,800,437,363,NA,NA,NA,NA,NA,NA
"BALOCHISTAN","KALAT","LASBELA","LIARI","SUB-TEHSIL","65 &  ABOVE",554,300,254,NA,554,300,254,NA,NA,NA,NA,NA,NA
"BALOCHISTAN","KALAT","LASBELA","SONMIANI/WINDER","TEHSIL","ALL AGES",67991,34161,33829,1,32746,16349,16397,NA,35245,17812,17432,1,NA
"BALOCHISTAN","KALAT","LASBELA","SONMIANI/WINDER","TEHSIL","UNDER 1",1110,563,547,NA,517,258,259,NA,593,305,288,NA,NA
"BALOCHISTAN","KALAT","LASBELA","SONMIANI/WINDER","TEHSIL","UNDER 5",8775,4462,4313,NA,4161,2108,2053,NA,4614,2354,2260,NA,NA
"BALOCHISTAN","KALAT","LASBELA","SONMIANI/WINDER","TEHSIL","UNDER 10",18080,9037,9043,NA,8456,4234,4222,NA,9624,4803,4821,NA,NA
"BALOCHISTAN","KALAT","LASBELA","SONMIANI/WINDER","TEHSIL","UNDER 15",26241,13010,13231,NA,12255,6060,6195,NA,13986,6950,7036,NA,NA
"BALOCHISTAN","KALAT","LASBELA","SONMIANI/WINDER","TEHSIL","05 - 24",30259,14792,15467,NA,14278,6986,7292,NA,15981,7806,8175,NA,NA
"BALOCHISTAN","KALAT","LASBELA","SONMIANI/WINDER","TEHSIL","15 - 49",33999,17051,16947,1,16562,8266,8296,NA,17437,8785,8651,1,NA
"BALOCHISTAN","KALAT","LASBELA","SONMIANI/WINDER","TEHSIL","15 - 64",39406,19933,19472,1,19232,9623,9609,NA,20174,10310,9863,1,NA
"BALOCHISTAN","KALAT","LASBELA","SONMIANI/WINDER","TEHSIL","18 - 60",34328,17445,16882,1,16811,8438,8373,NA,17517,9007,8509,1,NA
"BALOCHISTAN","KALAT","LASBELA","SONMIANI/WINDER","TEHSIL","18 &  ABOVE",37598,19154,18443,1,18536,9335,9201,NA,19062,9819,9242,1,NA
"BALOCHISTAN","KALAT","LASBELA","SONMIANI/WINDER","TEHSIL","60 &  ABOVE",3481,1832,1649,NA,1839,963,876,NA,1642,869,773,NA,NA
"BALOCHISTAN","KALAT","LASBELA","SONMIANI/WINDER","TEHSIL","65 &  ABOVE",2344,1218,1126,NA,1259,666,593,NA,1085,552,533,NA,NA
"BALOCHISTAN","KALAT","LASBELA","UTHAL","SUB-DIVISION","ALL AGES",88933,46968,41964,1,51862,27488,24374,NA,37071,19480,17590,1,NA
"BALOCHISTAN","KALAT","LASBELA","UTHAL","SUB-DIVISION","UNDER 1",1741,906,835,NA,1161,599,562,NA,580,307,273,NA,NA
"BALOCHISTAN","KALAT","LASBELA","UTHAL","SUB-DIVISION","UNDER 5",13458,7050,6408,NA,8466,4430,4036,NA,4992,2620,2372,NA,NA
"BALOCHISTAN","KALAT","LASBELA","UTHAL","SUB-DIVISION","UNDER 10",26419,13709,12710,NA,16373,8602,7771,NA,10046,5107,4939,NA,NA
"BALOCHISTAN","KALAT","LASBELA","UTHAL","SUB-DIVISION","UNDER 15",39116,20467,18649,NA,24364,12952,11412,NA,14752,7515,7237,NA,NA
"BALOCHISTAN","KALAT","LASBELA","UTHAL","SUB-DIVISION","05 - 24",44022,23657,20364,1,25639,13825,11814,NA,18383,9832,8550,1,NA
"BALOCHISTAN","KALAT","LASBELA","UTHAL","SUB-DIVISION","15 - 49",41120,21840,19279,1,22280,11744,10536,NA,18840,10096,8743,1,NA
"BALOCHISTAN","KALAT","LASBELA","UTHAL","SUB-DIVISION","15 - 64",47171,25108,22062,1,25774,13614,12160,NA,21397,11494,9902,1,NA
"BALOCHISTAN","KALAT","LASBELA","UTHAL","SUB-DIVISION","18 - 60",39812,20995,18816,1,21345,11147,10198,NA,18467,9848,8618,1,NA
"BALOCHISTAN","KALAT","LASBELA","UTHAL","SUB-DIVISION","18 &  ABOVE",43536,22972,20563,1,23673,12379,11294,NA,19863,10593,9269,1,NA
"BALOCHISTAN","KALAT","LASBELA","UTHAL","SUB-DIVISION","60 &  ABOVE",4014,2140,1874,NA,2516,1340,1176,NA,1498,800,698,NA,NA
"BALOCHISTAN","KALAT","LASBELA","UTHAL","SUB-DIVISION","65 &  ABOVE",2646,1393,1253,NA,1724,922,802,NA,922,471,451,NA,NA
"BALOCHISTAN","LORALAI","LORALAI","BORI","SUB-DIVISION","ALL AGES",222590,116926,105650,14,165204,86968,78223,13,57386,29958,27427,1,NA
"BALOCHISTAN","LORALAI","LORALAI","BORI","SUB-DIVISION","UNDER 1",5483,2809,2674,NA,4134,2156,1978,NA,1349,653,696,NA,NA
"BALOCHISTAN","LORALAI","LORALAI","BORI","SUB-DIVISION","UNDER 5",44516,23163,21353,NA,33713,17815,15898,NA,10803,5348,5455,NA,NA
"BALOCHISTAN","LORALAI","LORALAI","BORI","SUB-DIVISION","UNDER 10",82229,42997,39232,NA,62756,33154,29602,NA,19473,9843,9630,NA,NA
"BALOCHISTAN","LORALAI","LORALAI","BORI","SUB-DIVISION","UNDER 15",112665,59458,53207,NA,85719,45617,40102,NA,26946,13841,13105,NA,NA
"BALOCHISTAN","LORALAI","LORALAI","BORI","SUB-DIVISION","05 - 24",111473,59184,52280,9,83435,44326,39101,8,28038,14858,13179,1,NA
"BALOCHISTAN","LORALAI","LORALAI","BORI","SUB-DIVISION","15 - 49",92725,47920,44792,13,66979,34430,32537,12,25746,13490,12255,1,NA
"BALOCHISTAN","LORALAI","LORALAI","BORI","SUB-DIVISION","15 - 64",104923,54658,50251,14,75754,39226,36515,13,29169,15432,13736,1,NA
"BALOCHISTAN","LORALAI","LORALAI","BORI","SUB-DIVISION","18 - 60",87454,45127,42318,9,62893,32240,30645,8,24561,12887,11673,1,NA
"BALOCHISTAN","LORALAI","LORALAI","BORI","SUB-DIVISION","18 &  ABOVE",94621,49174,45438,9,68195,35244,32943,8,26426,13930,12495,1,NA
"BALOCHISTAN","LORALAI","LORALAI","BORI","SUB-DIVISION","60 &  ABOVE",7934,4483,3451,NA,5880,3336,2544,NA,2054,1147,907,NA,NA
"BALOCHISTAN","LORALAI","LORALAI","BORI","SUB-DIVISION","65 &  ABOVE",5002,2810,2192,NA,3731,2125,1606,NA,1271,685,586,NA,NA
"BALOCHISTAN","LORALAI","LORALAI","MEKHTAR","SUB-DIVISION","ALL AGES",46774,24375,22396,3,46774,24375,22396,3,NA,NA,NA,NA,NA
"BALOCHISTAN","LORALAI","LORALAI","MEKHTAR","SUB-DIVISION","UNDER 1",1231,669,562,NA,1231,669,562,NA,NA,NA,NA,NA,NA
"BALOCHISTAN","LORALAI","LORALAI","MEKHTAR","SUB-DIVISION","UNDER 5",10079,5188,4891,NA,10079,5188,4891,NA,NA,NA,NA,NA,NA
"BALOCHISTAN","LORALAI","LORALAI","MEKHTAR","SUB-DIVISION","UNDER 10",19178,9857,9321,NA,19178,9857,9321,NA,NA,NA,NA,NA,NA
"BALOCHISTAN","LORALAI","LORALAI","MEKHTAR","SUB-DIVISION","UNDER 15",25602,13204,12398,NA,25602,13204,12398,NA,NA,NA,NA,NA,NA
"BALOCHISTAN","LORALAI","LORALAI","MEKHTAR","SUB-DIVISION","05 - 24",23438,12207,11231,NA,23438,12207,11231,NA,NA,NA,NA,NA,NA
"BALOCHISTAN","LORALAI","LORALAI","MEKHTAR","SUB-DIVISION","15 - 49",17568,9214,8352,2,17568,9214,8352,2,NA,NA,NA,NA,NA
"BALOCHISTAN","LORALAI","LORALAI","MEKHTAR","SUB-DIVISION","15 - 64",20060,10561,9497,2,20060,10561,9497,2,NA,NA,NA,NA,NA
"BALOCHISTAN","LORALAI","LORALAI","MEKHTAR","SUB-DIVISION","18 - 60",16569,8713,7854,2,16569,8713,7854,2,NA,NA,NA,NA,NA
"BALOCHISTAN","LORALAI","LORALAI","MEKHTAR","SUB-DIVISION","18 &  ABOVE",18130,9571,8556,3,18130,9571,8556,3,NA,NA,NA,NA,NA
"BALOCHISTAN","LORALAI","LORALAI","MEKHTAR","SUB-DIVISION","60 &  ABOVE",1764,968,795,1,1764,968,795,1,NA,NA,NA,NA,NA
"BALOCHISTAN","LORALAI","LORALAI","MEKHTAR","SUB-DIVISION","65 &  ABOVE",1112,610,501,1,1112,610,501,1,NA,NA,NA,NA,NA
"BALOCHISTAN","KALAT","MASTUNG","DASHT","SUB-DIVISION","ALL AGES",67890,36904,30986,NA,67890,36904,30986,NA,NA,NA,NA,NA,NA
"BALOCHISTAN","KALAT","MASTUNG","DASHT","SUB-DIVISION","UNDER 1",1896,1024,872,NA,1896,1024,872,NA,NA,NA,NA,NA,NA
"BALOCHISTAN","KALAT","MASTUNG","DASHT","SUB-DIVISION","UNDER 5",14320,7879,6441,NA,14320,7879,6441,NA,NA,NA,NA,NA,NA
"BALOCHISTAN","KALAT","MASTUNG","DASHT","SUB-DIVISION","UNDER 10",25623,14133,11490,NA,25623,14133,11490,NA,NA,NA,NA,NA,NA
"BALOCHISTAN","KALAT","MASTUNG","DASHT","SUB-DIVISION","UNDER 15",34722,19234,15488,NA,34722,19234,15488,NA,NA,NA,NA,NA,NA
"BALOCHISTAN","KALAT","MASTUNG","DASHT","SUB-DIVISION","05 - 24",32914,18249,14665,NA,32914,18249,14665,NA,NA,NA,NA,NA,NA
"BALOCHISTAN","KALAT","MASTUNG","DASHT","SUB-DIVISION","15 - 49",28113,14843,13270,NA,28113,14843,13270,NA,NA,NA,NA,NA,NA
"BALOCHISTAN","KALAT","MASTUNG","DASHT","SUB-DIVISION","15 - 64",31665,16783,14882,NA,31665,16783,14882,NA,NA,NA,NA,NA,NA
"BALOCHISTAN","KALAT","MASTUNG","DASHT","SUB-DIVISION","18 - 60",27055,14142,12913,NA,27055,14142,12913,NA,NA,NA,NA,NA,NA
"BALOCHISTAN","KALAT","MASTUNG","DASHT","SUB-DIVISION","18 &  ABOVE",29146,15355,13791,NA,29146,15355,13791,NA,NA,NA,NA,NA,NA
"BALOCHISTAN","KALAT","MASTUNG","DASHT","SUB-DIVISION","60 &  ABOVE",2422,1401,1021,NA,2422,1401,1021,NA,NA,NA,NA,NA,NA
"BALOCHISTAN","KALAT","MASTUNG","DASHT","SUB-DIVISION","65 &  ABOVE",1503,887,616,NA,1503,887,616,NA,NA,NA,NA,NA,NA
"BALOCHISTAN","KALAT","MASTUNG","KHAD KOCHA","SUB-TEHSIL","ALL AGES",46279,24578,21700,1,46279,24578,21700,1,NA,NA,NA,NA,NA
"BALOCHISTAN","KALAT","MASTUNG","KHAD KOCHA","SUB-TEHSIL","UNDER 1",824,424,400,NA,824,424,400,NA,NA,NA,NA,NA,NA
"BALOCHISTAN","KALAT","MASTUNG","KHAD KOCHA","SUB-TEHSIL","UNDER 5",8413,4417,3996,NA,8413,4417,3996,NA,NA,NA,NA,NA,NA
"BALOCHISTAN","KALAT","MASTUNG","KHAD KOCHA","SUB-TEHSIL","UNDER 10",16949,9041,7908,NA,16949,9041,7908,NA,NA,NA,NA,NA,NA
"BALOCHISTAN","KALAT","MASTUNG","KHAD KOCHA","SUB-TEHSIL","UNDER 15",23939,12879,11060,NA,23939,12879,11060,NA,NA,NA,NA,NA,NA
"BALOCHISTAN","KALAT","MASTUNG","KHAD KOCHA","SUB-TEHSIL","05 - 24",24368,13217,11151,NA,24368,13217,11151,NA,NA,NA,NA,NA,NA
"BALOCHISTAN","KALAT","MASTUNG","KHAD KOCHA","SUB-TEHSIL","15 - 49",19145,9937,9208,NA,19145,9937,9208,NA,NA,NA,NA,NA,NA
"BALOCHISTAN","KALAT","MASTUNG","KHAD KOCHA","SUB-TEHSIL","15 - 64",21452,11182,10269,1,21452,11182,10269,1,NA,NA,NA,NA,NA
"BALOCHISTAN","KALAT","MASTUNG","KHAD KOCHA","SUB-TEHSIL","18 - 60",17785,9108,8676,1,17785,9108,8676,1,NA,NA,NA,NA,NA
"BALOCHISTAN","KALAT","MASTUNG","KHAD KOCHA","SUB-TEHSIL","18 &  ABOVE",19063,9849,9213,1,19063,9849,9213,1,NA,NA,NA,NA,NA
"BALOCHISTAN","KALAT","MASTUNG","KHAD KOCHA","SUB-TEHSIL","60 &  ABOVE",1449,830,619,NA,1449,830,619,NA,NA,NA,NA,NA,NA
"BALOCHISTAN","KALAT","MASTUNG","KHAD KOCHA","SUB-TEHSIL","65 &  ABOVE",888,517,371,NA,888,517,371,NA,NA,NA,NA,NA,NA
"BALOCHISTAN","KALAT","MASTUNG","KIRDGAP","SUB-DIVISION","ALL AGES",36358,19149,17209,NA,36358,19149,17209,NA,NA,NA,NA,NA,NA
"BALOCHISTAN","KALAT","MASTUNG","KIRDGAP","SUB-DIVISION","UNDER 1",759,405,354,NA,759,405,354,NA,NA,NA,NA,NA,NA
"BALOCHISTAN","KALAT","MASTUNG","KIRDGAP","SUB-DIVISION","UNDER 5",7125,3824,3301,NA,7125,3824,3301,NA,NA,NA,NA,NA,NA
"BALOCHISTAN","KALAT","MASTUNG","KIRDGAP","SUB-DIVISION","UNDER 10",13440,7150,6290,NA,13440,7150,6290,NA,NA,NA,NA,NA,NA
"BALOCHISTAN","KALAT","MASTUNG","KIRDGAP","SUB-DIVISION","UNDER 15",18647,9975,8672,NA,18647,9975,8672,NA,NA,NA,NA,NA,NA
"BALOCHISTAN","KALAT","MASTUNG","KIRDGAP","SUB-DIVISION","05 - 24",18100,9658,8442,NA,18100,9658,8442,NA,NA,NA,NA,NA,NA
"BALOCHISTAN","KALAT","MASTUNG","KIRDGAP","SUB-DIVISION","15 - 49",14914,7661,7253,NA,14914,7661,7253,NA,NA,NA,NA,NA,NA
"BALOCHISTAN","KALAT","MASTUNG","KIRDGAP","SUB-DIVISION","15 - 64",16939,8724,8215,NA,16939,8724,8215,NA,NA,NA,NA,NA,NA
"BALOCHISTAN","KALAT","MASTUNG","KIRDGAP","SUB-DIVISION","18 - 60",14135,7180,6955,NA,14135,7180,6955,NA,NA,NA,NA,NA,NA
"BALOCHISTAN","KALAT","MASTUNG","KIRDGAP","SUB-DIVISION","18 &  ABOVE",15260,7826,7434,NA,15260,7826,7434,NA,NA,NA,NA,NA,NA
"BALOCHISTAN","KALAT","MASTUNG","KIRDGAP","SUB-DIVISION","60 &  ABOVE",1295,729,566,NA,1295,729,566,NA,NA,NA,NA,NA,NA
"BALOCHISTAN","KALAT","MASTUNG","KIRDGAP","SUB-DIVISION","65 &  ABOVE",772,450,322,NA,772,450,322,NA,NA,NA,NA,NA,NA
"BALOCHISTAN","KALAT","MASTUNG","MASTUNG","SUB-DIVISION","ALL AGES",161851,85620,76229,2,121588,64315,57271,2,40263,21305,18958,NA,NA
"BALOCHISTAN","KALAT","MASTUNG","MASTUNG","SUB-DIVISION","UNDER 1",3326,1762,1564,NA,2488,1306,1182,NA,838,456,382,NA,NA
"BALOCHISTAN","KALAT","MASTUNG","MASTUNG","SUB-DIVISION","UNDER 5",28530,15194,13336,NA,21100,11162,9938,NA,7430,4032,3398,NA,NA
"BALOCHISTAN","KALAT","MASTUNG","MASTUNG","SUB-DIVISION","UNDER 10",53527,28544,24983,NA,40896,21767,19129,NA,12631,6777,5854,NA,NA
"BALOCHISTAN","KALAT","MASTUNG","MASTUNG","SUB-DIVISION","UNDER 15",75141,40339,34802,NA,57523,30860,26663,NA,17618,9479,8139,NA,NA
"BALOCHISTAN","KALAT","MASTUNG","MASTUNG","SUB-DIVISION","05 - 24",78113,42049,36062,2,59891,32266,27623,2,18222,9783,8439,NA,NA
"BALOCHISTAN","KALAT","MASTUNG","MASTUNG","SUB-DIVISION","15 - 49",72372,37542,34828,2,53615,27820,25793,2,18757,9722,9035,NA,NA
"BALOCHISTAN","KALAT","MASTUNG","MASTUNG","SUB-DIVISION","15 - 64",82905,43197,39706,2,61241,31900,29339,2,21664,11297,10367,NA,NA
"BALOCHISTAN","KALAT","MASTUNG","MASTUNG","SUB-DIVISION","18 - 60",69470,35813,33657,NA,51141,26326,24815,NA,18329,9487,8842,NA,NA
"BALOCHISTAN","KALAT","MASTUNG","MASTUNG","SUB-DIVISION","18 &  ABOVE",75198,38988,36210,NA,55351,28662,26689,NA,19847,10326,9521,NA,NA
"BALOCHISTAN","KALAT","MASTUNG","MASTUNG","SUB-DIVISION","60 &  ABOVE",6445,3570,2875,NA,4746,2629,2117,NA,1699,941,758,NA,NA
"BALOCHISTAN","KALAT","MASTUNG","MASTUNG","SUB-DIVISION","65 &  ABOVE",3805,2084,1721,NA,2824,1555,1269,NA,981,529,452,NA,NA
"BALOCHISTAN","LORALAI","MUSAKHEL","DRUG","TEHSIL","ALL AGES",21792,11081,10711,NA,21792,11081,10711,NA,NA,NA,NA,NA,NA
"BALOCHISTAN","LORALAI","MUSAKHEL","DRUG","TEHSIL","UNDER 1",429,208,221,NA,429,208,221,NA,NA,NA,NA,NA,NA
"BALOCHISTAN","LORALAI","MUSAKHEL","DRUG","TEHSIL","UNDER 5",3621,1801,1820,NA,3621,1801,1820,NA,NA,NA,NA,NA,NA
"BALOCHISTAN","LORALAI","MUSAKHEL","DRUG","TEHSIL","UNDER 10",6775,3385,3390,NA,6775,3385,3390,NA,NA,NA,NA,NA,NA
"BALOCHISTAN","LORALAI","MUSAKHEL","DRUG","TEHSIL","UNDER 15",9502,4766,4736,NA,9502,4766,4736,NA,NA,NA,NA,NA,NA
"BALOCHISTAN","LORALAI","MUSAKHEL","DRUG","TEHSIL","05 - 24",10292,5201,5091,NA,10292,5201,5091,NA,NA,NA,NA,NA,NA
"BALOCHISTAN","LORALAI","MUSAKHEL","DRUG","TEHSIL","15 - 49",10318,5227,5091,NA,10318,5227,5091,NA,NA,NA,NA,NA,NA
"BALOCHISTAN","LORALAI","MUSAKHEL","DRUG","TEHSIL","15 - 64",11726,6014,5712,NA,11726,6014,5712,NA,NA,NA,NA,NA,NA
"BALOCHISTAN","LORALAI","MUSAKHEL","DRUG","TEHSIL","18 - 60",10042,5189,4853,NA,10042,5189,4853,NA,NA,NA,NA,NA,NA
"BALOCHISTAN","LORALAI","MUSAKHEL","DRUG","TEHSIL","18 &  ABOVE",10889,5649,5240,NA,10889,5649,5240,NA,NA,NA,NA,NA,NA
"BALOCHISTAN","LORALAI","MUSAKHEL","DRUG","TEHSIL","60 &  ABOVE",929,502,427,NA,929,502,427,NA,NA,NA,NA,NA,NA
"BALOCHISTAN","LORALAI","MUSAKHEL","DRUG","TEHSIL","65 &  ABOVE",564,301,263,NA,564,301,263,NA,NA,NA,NA,NA,NA
"BALOCHISTAN","LORALAI","MUSAKHEL","KINGRI","TEHSIL","ALL AGES",33618,17112,16506,NA,33618,17112,16506,NA,NA,NA,NA,NA,NA
"BALOCHISTAN","LORALAI","MUSAKHEL","KINGRI","TEHSIL","UNDER 1",1028,501,527,NA,1028,501,527,NA,NA,NA,NA,NA,NA
"BALOCHISTAN","LORALAI","MUSAKHEL","KINGRI","TEHSIL","UNDER 5",7136,3501,3635,NA,7136,3501,3635,NA,NA,NA,NA,NA,NA
"BALOCHISTAN","LORALAI","MUSAKHEL","KINGRI","TEHSIL","UNDER 10",13081,6599,6482,NA,13081,6599,6482,NA,NA,NA,NA,NA,NA
"BALOCHISTAN","LORALAI","MUSAKHEL","KINGRI","TEHSIL","UNDER 15",17035,8679,8356,NA,17035,8679,8356,NA,NA,NA,NA,NA,NA
"BALOCHISTAN","LORALAI","MUSAKHEL","KINGRI","TEHSIL","05 - 24",15373,7904,7469,NA,15373,7904,7469,NA,NA,NA,NA,NA,NA
"BALOCHISTAN","LORALAI","MUSAKHEL","KINGRI","TEHSIL","15 - 49",13482,6790,6692,NA,13482,6790,6692,NA,NA,NA,NA,NA,NA
"BALOCHISTAN","LORALAI","MUSAKHEL","KINGRI","TEHSIL","15 - 64",15683,7962,7721,NA,15683,7962,7721,NA,NA,NA,NA,NA,NA
"BALOCHISTAN","LORALAI","MUSAKHEL","KINGRI","TEHSIL","18 - 60",13447,6763,6684,NA,13447,6763,6684,NA,NA,NA,NA,NA,NA
"BALOCHISTAN","LORALAI","MUSAKHEL","KINGRI","TEHSIL","18 &  ABOVE",14779,7449,7330,NA,14779,7449,7330,NA,NA,NA,NA,NA,NA
"BALOCHISTAN","LORALAI","MUSAKHEL","KINGRI","TEHSIL","60 &  ABOVE",1442,746,696,NA,1442,746,696,NA,NA,NA,NA,NA,NA
"BALOCHISTAN","LORALAI","MUSAKHEL","KINGRI","TEHSIL","65 &  ABOVE",900,471,429,NA,900,471,429,NA,NA,NA,NA,NA,NA
"BALOCHISTAN","LORALAI","MUSAKHEL","MUSAKHEL","TEHSIL","ALL AGES",49809,27051,22756,2,34004,18550,15452,2,15805,8501,7304,NA,NA
"BALOCHISTAN","LORALAI","MUSAKHEL","MUSAKHEL","TEHSIL","UNDER 1",1038,565,473,NA,630,338,292,NA,408,227,181,NA,NA
"BALOCHISTAN","LORALAI","MUSAKHEL","MUSAKHEL","TEHSIL","UNDER 5",12794,7104,5690,NA,9124,5027,4097,NA,3670,2077,1593,NA,NA
"BALOCHISTAN","LORALAI","MUSAKHEL","MUSAKHEL","TEHSIL","UNDER 10",22871,12825,10046,NA,16275,9115,7160,NA,6596,3710,2886,NA,NA
"BALOCHISTAN","LORALAI","MUSAKHEL","MUSAKHEL","TEHSIL","UNDER 15",30173,17060,13112,1,21203,12026,9176,1,8970,5034,3936,NA,NA
"BALOCHISTAN","LORALAI","MUSAKHEL","MUSAKHEL","TEHSIL","05 - 24",25688,14174,11512,2,17198,9559,7637,2,8490,4615,3875,NA,NA
"BALOCHISTAN","LORALAI","MUSAKHEL","MUSAKHEL","TEHSIL","15 - 49",16688,8353,8334,1,10794,5375,5418,1,5894,2978,2916,NA,NA
"BALOCHISTAN","LORALAI","MUSAKHEL","MUSAKHEL","TEHSIL","15 - 64",18766,9505,9260,1,12214,6188,6025,1,6552,3317,3235,NA,NA
"BALOCHISTAN","LORALAI","MUSAKHEL","MUSAKHEL","TEHSIL","18 - 60",14897,7245,7651,1,9813,4770,5042,1,5084,2475,2609,NA,NA
"BALOCHISTAN","LORALAI","MUSAKHEL","MUSAKHEL","TEHSIL","18 &  ABOVE",16151,7942,8208,1,10658,5251,5406,1,5493,2691,2802,NA,NA
"BALOCHISTAN","LORALAI","MUSAKHEL","MUSAKHEL","TEHSIL","60 &  ABOVE",1384,770,614,NA,936,536,400,NA,448,234,214,NA,NA
"BALOCHISTAN","LORALAI","MUSAKHEL","MUSAKHEL","TEHSIL","65 &  ABOVE",870,486,384,NA,587,336,251,NA,283,150,133,NA,NA
"BALOCHISTAN","LORALAI","MUSAKHEL","TIYAR ESSOT","SUB-TEHSIL","ALL AGES",10568,6206,4362,NA,10568,6206,4362,NA,NA,NA,NA,NA,NA
"BALOCHISTAN","LORALAI","MUSAKHEL","TIYAR ESSOT","SUB-TEHSIL","UNDER 1",215,119,96,NA,215,119,96,NA,NA,NA,NA,NA,NA
"BALOCHISTAN","LORALAI","MUSAKHEL","TIYAR ESSOT","SUB-TEHSIL","UNDER 5",1994,1231,763,NA,1994,1231,763,NA,NA,NA,NA,NA,NA
"BALOCHISTAN","LORALAI","MUSAKHEL","TIYAR ESSOT","SUB-TEHSIL","UNDER 10",4551,2787,1764,NA,4551,2787,1764,NA,NA,NA,NA,NA,NA
"BALOCHISTAN","LORALAI","MUSAKHEL","TIYAR ESSOT","SUB-TEHSIL","UNDER 15",6580,4040,2540,NA,6580,4040,2540,NA,NA,NA,NA,NA,NA
"BALOCHISTAN","LORALAI","MUSAKHEL","TIYAR ESSOT","SUB-TEHSIL","05 - 24",6142,3729,2413,NA,6142,3729,2413,NA,NA,NA,NA,NA,NA
"BALOCHISTAN","LORALAI","MUSAKHEL","TIYAR ESSOT","SUB-TEHSIL","15 - 49",3388,1796,1592,NA,3388,1796,1592,NA,NA,NA,NA,NA,NA
"BALOCHISTAN","LORALAI","MUSAKHEL","TIYAR ESSOT","SUB-TEHSIL","15 - 64",3809,2042,1767,NA,3809,2042,1767,NA,NA,NA,NA,NA,NA
"BALOCHISTAN","LORALAI","MUSAKHEL","TIYAR ESSOT","SUB-TEHSIL","18 - 60",2823,1378,1445,NA,2823,1378,1445,NA,NA,NA,NA,NA,NA
"BALOCHISTAN","LORALAI","MUSAKHEL","TIYAR ESSOT","SUB-TEHSIL","18 &  ABOVE",3061,1535,1526,NA,3061,1535,1526,NA,NA,NA,NA,NA,NA
"BALOCHISTAN","LORALAI","MUSAKHEL","TIYAR ESSOT","SUB-TEHSIL","60 &  ABOVE",264,172,92,NA,264,172,92,NA,NA,NA,NA,NA,NA
"BALOCHISTAN","LORALAI","MUSAKHEL","TIYAR ESSOT","SUB-TEHSIL","65 &  ABOVE",179,124,55,NA,179,124,55,NA,NA,NA,NA,NA,NA
"BALOCHISTAN","LORALAI","MUSAKHEL","TOISAR","TEHSIL","ALL AGES",56818,30294,26523,1,56818,30294,26523,1,NA,NA,NA,NA,NA
"BALOCHISTAN","LORALAI","MUSAKHEL","TOISAR","TEHSIL","UNDER 1",1877,1033,844,NA,1877,1033,844,NA,NA,NA,NA,NA,NA
"BALOCHISTAN","LORALAI","MUSAKHEL","TOISAR","TEHSIL","UNDER 5",13000,7426,5574,NA,13000,7426,5574,NA,NA,NA,NA,NA,NA
"BALOCHISTAN","LORALAI","MUSAKHEL","TOISAR","TEHSIL","UNDER 10",24267,13513,10754,NA,24267,13513,10754,NA,NA,NA,NA,NA,NA
"BALOCHISTAN","LORALAI","MUSAKHEL","TOISAR","TEHSIL","UNDER 15",32762,18187,14575,NA,32762,18187,14575,NA,NA,NA,NA,NA,NA
"BALOCHISTAN","LORALAI","MUSAKHEL","TOISAR","TEHSIL","05 - 24",29593,15753,13840,NA,29593,15753,13840,NA,NA,NA,NA,NA,NA
"BALOCHISTAN","LORALAI","MUSAKHEL","TOISAR","TEHSIL","15 - 49",19877,9823,10053,1,19877,9823,10053,1,NA,NA,NA,NA,NA
"BALOCHISTAN","LORALAI","MUSAKHEL","TOISAR","TEHSIL","15 - 64",22697,11300,11396,1,22697,11300,11396,1,NA,NA,NA,NA,NA
"BALOCHISTAN","LORALAI","MUSAKHEL","TOISAR","TEHSIL","18 - 60",18134,8738,9395,1,18134,8738,9395,1,NA,NA,NA,NA,NA
"BALOCHISTAN","LORALAI","MUSAKHEL","TOISAR","TEHSIL","18 &  ABOVE",19919,9761,10157,1,19919,9761,10157,1,NA,NA,NA,NA,NA
"BALOCHISTAN","LORALAI","MUSAKHEL","TOISAR","TEHSIL","60 &  ABOVE",1935,1102,833,NA,1935,1102,833,NA,NA,NA,NA,NA,NA
"BALOCHISTAN","LORALAI","MUSAKHEL","TOISAR","TEHSIL","65 &  ABOVE",1359,807,552,NA,1359,807,552,NA,NA,NA,NA,NA,NA
"BALOCHISTAN","LORALAI","MUSAKHEL","ZIMRI PLASEEN","SUB-TEHSIL","ALL AGES",9670,4962,4708,NA,9670,4962,4708,NA,NA,NA,NA,NA,NA
"BALOCHISTAN","LORALAI","MUSAKHEL","ZIMRI PLASEEN","SUB-TEHSIL","UNDER 1",168,71,97,NA,168,71,97,NA,NA,NA,NA,NA,NA
"BALOCHISTAN","LORALAI","MUSAKHEL","ZIMRI PLASEEN","SUB-TEHSIL","UNDER 5",1632,723,909,NA,1632,723,909,NA,NA,NA,NA,NA,NA
"BALOCHISTAN","LORALAI","MUSAKHEL","ZIMRI PLASEEN","SUB-TEHSIL","UNDER 10",3126,1483,1643,NA,3126,1483,1643,NA,NA,NA,NA,NA,NA
"BALOCHISTAN","LORALAI","MUSAKHEL","ZIMRI PLASEEN","SUB-TEHSIL","UNDER 15",4474,2210,2264,NA,4474,2210,2264,NA,NA,NA,NA,NA,NA
"BALOCHISTAN","LORALAI","MUSAKHEL","ZIMRI PLASEEN","SUB-TEHSIL","05 - 24",4615,2400,2215,NA,4615,2400,2215,NA,NA,NA,NA,NA,NA
"BALOCHISTAN","LORALAI","MUSAKHEL","ZIMRI PLASEEN","SUB-TEHSIL","15 - 49",4191,2167,2024,NA,4191,2167,2024,NA,NA,NA,NA,NA,NA
"BALOCHISTAN","LORALAI","MUSAKHEL","ZIMRI PLASEEN","SUB-TEHSIL","15 - 64",4869,2540,2329,NA,4869,2540,2329,NA,NA,NA,NA,NA,NA
"BALOCHISTAN","LORALAI","MUSAKHEL","ZIMRI PLASEEN","SUB-TEHSIL","18 - 60",3928,2113,1815,NA,3928,2113,1815,NA,NA,NA,NA,NA,NA
"BALOCHISTAN","LORALAI","MUSAKHEL","ZIMRI PLASEEN","SUB-TEHSIL","18 &  ABOVE",4373,2389,1984,NA,4373,2389,1984,NA,NA,NA,NA,NA,NA
"BALOCHISTAN","LORALAI","MUSAKHEL","ZIMRI PLASEEN","SUB-TEHSIL","60 &  ABOVE",503,306,197,NA,503,306,197,NA,NA,NA,NA,NA,NA
"BALOCHISTAN","LORALAI","MUSAKHEL","ZIMRI PLASEEN","SUB-TEHSIL","65 &  ABOVE",327,212,115,NA,327,212,115,NA,NA,NA,NA,NA,NA
"BALOCHISTAN","NASIRABAD","NASIRABAD","BABA KOT","TEHSIL","ALL AGES",53661,28637,25022,2,53661,28637,25022,2,NA,NA,NA,NA,NA
"BALOCHISTAN","NASIRABAD","NASIRABAD","BABA KOT","TEHSIL","UNDER 1",716,412,304,NA,716,412,304,NA,NA,NA,NA,NA,NA
"BALOCHISTAN","NASIRABAD","NASIRABAD","BABA KOT","TEHSIL","UNDER 5",9235,4985,4250,NA,9235,4985,4250,NA,NA,NA,NA,NA,NA
"BALOCHISTAN","NASIRABAD","NASIRABAD","BABA KOT","TEHSIL","UNDER 10",19972,10939,9033,NA,19972,10939,9033,NA,NA,NA,NA,NA,NA
"BALOCHISTAN","NASIRABAD","NASIRABAD","BABA KOT","TEHSIL","UNDER 15",27901,15260,12639,2,27901,15260,12639,2,NA,NA,NA,NA,NA
"BALOCHISTAN","NASIRABAD","NASIRABAD","BABA KOT","TEHSIL","05 - 24",28331,15494,12835,2,28331,15494,12835,2,NA,NA,NA,NA,NA
"BALOCHISTAN","NASIRABAD","NASIRABAD","BABA KOT","TEHSIL","15 - 49",21784,11271,10513,NA,21784,11271,10513,NA,NA,NA,NA,NA,NA
"BALOCHISTAN","NASIRABAD","NASIRABAD","BABA KOT","TEHSIL","15 - 64",24647,12771,11876,NA,24647,12771,11876,NA,NA,NA,NA,NA,NA
"BALOCHISTAN","NASIRABAD","NASIRABAD","BABA KOT","TEHSIL","18 - 60",20629,10540,10089,NA,20629,10540,10089,NA,NA,NA,NA,NA,NA
"BALOCHISTAN","NASIRABAD","NASIRABAD","BABA KOT","TEHSIL","18 &  ABOVE",22299,11453,10846,NA,22299,11453,10846,NA,NA,NA,NA,NA,NA
"BALOCHISTAN","NASIRABAD","NASIRABAD","BABA KOT","TEHSIL","60 &  ABOVE",1896,1030,866,NA,1896,1030,866,NA,NA,NA,NA,NA,NA
"BALOCHISTAN","NASIRABAD","NASIRABAD","BABA KOT","TEHSIL","65 &  ABOVE",1113,606,507,NA,1113,606,507,NA,NA,NA,NA,NA,NA
"BALOCHISTAN","NASIRABAD","NASIRABAD","CHATTAR","SUB-DIVISION","ALL AGES",32276,16276,16000,NA,32276,16276,16000,NA,NA,NA,NA,NA,NA
"BALOCHISTAN","NASIRABAD","NASIRABAD","CHATTAR","SUB-DIVISION","UNDER 1",537,282,255,NA,537,282,255,NA,NA,NA,NA,NA,NA
"BALOCHISTAN","NASIRABAD","NASIRABAD","CHATTAR","SUB-DIVISION","UNDER 5",6181,3020,3161,NA,6181,3020,3161,NA,NA,NA,NA,NA,NA
"BALOCHISTAN","NASIRABAD","NASIRABAD","CHATTAR","SUB-DIVISION","UNDER 10",11263,5510,5753,NA,11263,5510,5753,NA,NA,NA,NA,NA,NA
"BALOCHISTAN","NASIRABAD","NASIRABAD","CHATTAR","SUB-DIVISION","UNDER 15",15322,7620,7702,NA,15322,7620,7702,NA,NA,NA,NA,NA,NA
"BALOCHISTAN","NASIRABAD","NASIRABAD","CHATTAR","SUB-DIVISION","05 - 24",15045,7573,7472,NA,15045,7573,7472,NA,NA,NA,NA,NA,NA
"BALOCHISTAN","NASIRABAD","NASIRABAD","CHATTAR","SUB-DIVISION","15 - 49",14130,7147,6983,NA,14130,7147,6983,NA,NA,NA,NA,NA,NA
"BALOCHISTAN","NASIRABAD","NASIRABAD","CHATTAR","SUB-DIVISION","15 - 64",16204,8247,7957,NA,16204,8247,7957,NA,NA,NA,NA,NA,NA
"BALOCHISTAN","NASIRABAD","NASIRABAD","CHATTAR","SUB-DIVISION","18 - 60",13926,7058,6868,NA,13926,7058,6868,NA,NA,NA,NA,NA,NA
"BALOCHISTAN","NASIRABAD","NASIRABAD","CHATTAR","SUB-DIVISION","18 &  ABOVE",15024,7657,7367,NA,15024,7657,7367,NA,NA,NA,NA,NA,NA
"BALOCHISTAN","NASIRABAD","NASIRABAD","CHATTAR","SUB-DIVISION","60 &  ABOVE",1227,654,573,NA,1227,654,573,NA,NA,NA,NA,NA,NA
"BALOCHISTAN","NASIRABAD","NASIRABAD","CHATTAR","SUB-DIVISION","65 &  ABOVE",750,409,341,NA,750,409,341,NA,NA,NA,NA,NA,NA
"BALOCHISTAN","NASIRABAD","NASIRABAD","DERA MURAD JAMALI","SUB-DIVISION","ALL AGES",265822,135942,129871,9,158870,82510,76353,7,106952,53432,53518,2,NA
"BALOCHISTAN","NASIRABAD","NASIRABAD","DERA MURAD JAMALI","SUB-DIVISION","UNDER 1",6329,3192,3137,NA,3059,1604,1455,NA,3270,1588,1682,NA,NA
"BALOCHISTAN","NASIRABAD","NASIRABAD","DERA MURAD JAMALI","SUB-DIVISION","UNDER 5",56174,29104,27070,NA,33523,17666,15857,NA,22651,11438,11213,NA,NA
"BALOCHISTAN","NASIRABAD","NASIRABAD","DERA MURAD JAMALI","SUB-DIVISION","UNDER 10",102796,52966,49830,NA,62369,32753,29616,NA,40427,20213,20214,NA,NA
"BALOCHISTAN","NASIRABAD","NASIRABAD","DERA MURAD JAMALI","SUB-DIVISION","UNDER 15",138159,70984,67174,1,83763,44017,39745,1,54396,26967,27429,NA,NA
"BALOCHISTAN","NASIRABAD","NASIRABAD","DERA MURAD JAMALI","SUB-DIVISION","05 - 24",131013,66994,64015,4,79712,41663,38046,3,51301,25331,25969,1,NA
"BALOCHISTAN","NASIRABAD","NASIRABAD","DERA MURAD JAMALI","SUB-DIVISION","15 - 49",108905,55128,53772,5,64218,32754,31461,3,44687,22374,22311,2,NA
"BALOCHISTAN","NASIRABAD","NASIRABAD","DERA MURAD JAMALI","SUB-DIVISION","15 - 64",122630,62223,60400,7,72018,36754,35259,5,50612,25469,25141,2,NA
"BALOCHISTAN","NASIRABAD","NASIRABAD","DERA MURAD JAMALI","SUB-DIVISION","18 - 60",103039,51957,51077,5,60615,30598,30014,3,42424,21359,21063,2,NA
"BALOCHISTAN","NASIRABAD","NASIRABAD","DERA MURAD JAMALI","SUB-DIVISION","18 &  ABOVE",110573,55994,54573,6,65123,33096,32023,4,45450,22898,22550,2,NA
"BALOCHISTAN","NASIRABAD","NASIRABAD","DERA MURAD JAMALI","SUB-DIVISION","60 &  ABOVE",8317,4430,3886,1,4977,2731,2245,1,3340,1699,1641,NA,NA
"BALOCHISTAN","NASIRABAD","NASIRABAD","DERA MURAD JAMALI","SUB-DIVISION","65 &  ABOVE",5033,2735,2297,1,3089,1739,1349,1,1944,996,948,NA,NA
"BALOCHISTAN","NASIRABAD","NASIRABAD","LANDHI","TEHSIL","ALL AGES",8638,4358,4280,NA,8638,4358,4280,NA,NA,NA,NA,NA,NA
"BALOCHISTAN","NASIRABAD","NASIRABAD","LANDHI","TEHSIL","UNDER 1",97,39,58,NA,97,39,58,NA,NA,NA,NA,NA,NA
"BALOCHISTAN","NASIRABAD","NASIRABAD","LANDHI","TEHSIL","UNDER 5",1618,733,885,NA,1618,733,885,NA,NA,NA,NA,NA,NA
"BALOCHISTAN","NASIRABAD","NASIRABAD","LANDHI","TEHSIL","UNDER 10",3194,1513,1681,NA,3194,1513,1681,NA,NA,NA,NA,NA,NA
"BALOCHISTAN","NASIRABAD","NASIRABAD","LANDHI","TEHSIL","UNDER 15",4346,2110,2236,NA,4346,2110,2236,NA,NA,NA,NA,NA,NA
"BALOCHISTAN","NASIRABAD","NASIRABAD","LANDHI","TEHSIL","05 - 24",4136,2068,2068,NA,4136,2068,2068,NA,NA,NA,NA,NA,NA
"BALOCHISTAN","NASIRABAD","NASIRABAD","LANDHI","TEHSIL","15 - 49",3668,1875,1793,NA,3668,1875,1793,NA,NA,NA,NA,NA,NA
"BALOCHISTAN","NASIRABAD","NASIRABAD","LANDHI","TEHSIL","15 - 64",4121,2135,1986,NA,4121,2135,1986,NA,NA,NA,NA,NA,NA
"BALOCHISTAN","NASIRABAD","NASIRABAD","LANDHI","TEHSIL","18 - 60",3549,1817,1732,NA,3549,1817,1732,NA,NA,NA,NA,NA,NA
"BALOCHISTAN","NASIRABAD","NASIRABAD","LANDHI","TEHSIL","18 &  ABOVE",3789,1974,1815,NA,3789,1974,1815,NA,NA,NA,NA,NA,NA
"BALOCHISTAN","NASIRABAD","NASIRABAD","LANDHI","TEHSIL","60 &  ABOVE",285,185,100,NA,285,185,100,NA,NA,NA,NA,NA,NA
"BALOCHISTAN","NASIRABAD","NASIRABAD","LANDHI","TEHSIL","65 &  ABOVE",171,113,58,NA,171,113,58,NA,NA,NA,NA,NA,NA
"BALOCHISTAN","NASIRABAD","NASIRABAD","MIR HASSAN KHOSA","TEHSIL","ALL AGES",53400,26557,26837,6,53400,26557,26837,6,NA,NA,NA,NA,NA
"BALOCHISTAN","NASIRABAD","NASIRABAD","MIR HASSAN KHOSA","TEHSIL","UNDER 1",1595,788,807,NA,1595,788,807,NA,NA,NA,NA,NA,NA
"BALOCHISTAN","NASIRABAD","NASIRABAD","MIR HASSAN KHOSA","TEHSIL","UNDER 5",11128,5388,5740,NA,11128,5388,5740,NA,NA,NA,NA,NA,NA
"BALOCHISTAN","NASIRABAD","NASIRABAD","MIR HASSAN KHOSA","TEHSIL","UNDER 10",21241,10301,10940,NA,21241,10301,10940,NA,NA,NA,NA,NA,NA
"BALOCHISTAN","NASIRABAD","NASIRABAD","MIR HASSAN KHOSA","TEHSIL","UNDER 15",28896,14271,14625,NA,28896,14271,14625,NA,NA,NA,NA,NA,NA
"BALOCHISTAN","NASIRABAD","NASIRABAD","MIR HASSAN KHOSA","TEHSIL","05 - 24",27056,13611,13439,6,27056,13611,13439,6,NA,NA,NA,NA,NA
"BALOCHISTAN","NASIRABAD","NASIRABAD","MIR HASSAN KHOSA","TEHSIL","15 - 49",20774,10406,10362,6,20774,10406,10362,6,NA,NA,NA,NA,NA
"BALOCHISTAN","NASIRABAD","NASIRABAD","MIR HASSAN KHOSA","TEHSIL","15 - 64",23490,11782,11702,6,23490,11782,11702,6,NA,NA,NA,NA,NA
"BALOCHISTAN","NASIRABAD","NASIRABAD","MIR HASSAN KHOSA","TEHSIL","18 - 60",19628,9768,9860,NA,19628,9768,9860,NA,NA,NA,NA,NA,NA
"BALOCHISTAN","NASIRABAD","NASIRABAD","MIR HASSAN KHOSA","TEHSIL","18 &  ABOVE",21110,10511,10599,NA,21110,10511,10599,NA,NA,NA,NA,NA,NA
"BALOCHISTAN","NASIRABAD","NASIRABAD","MIR HASSAN KHOSA","TEHSIL","60 &  ABOVE",1665,836,829,NA,1665,836,829,NA,NA,NA,NA,NA,NA
"BALOCHISTAN","NASIRABAD","NASIRABAD","MIR HASSAN KHOSA","TEHSIL","65 &  ABOVE",1014,504,510,NA,1014,504,510,NA,NA,NA,NA,NA,NA
"BALOCHISTAN","NASIRABAD","NASIRABAD","TAMBOO","TEHSIL","ALL AGES",149518,76132,73385,1,149518,76132,73385,1,NA,NA,NA,NA,NA
"BALOCHISTAN","NASIRABAD","NASIRABAD","TAMBOO","TEHSIL","UNDER 1",2766,1376,1390,NA,2766,1376,1390,NA,NA,NA,NA,NA,NA
"BALOCHISTAN","NASIRABAD","NASIRABAD","TAMBOO","TEHSIL","UNDER 5",29708,15083,14625,NA,29708,15083,14625,NA,NA,NA,NA,NA,NA
"BALOCHISTAN","NASIRABAD","NASIRABAD","TAMBOO","TEHSIL","UNDER 10",58381,29839,28542,NA,58381,29839,28542,NA,NA,NA,NA,NA,NA
"BALOCHISTAN","NASIRABAD","NASIRABAD","TAMBOO","TEHSIL","UNDER 15",80578,41401,39177,NA,80578,41401,39177,NA,NA,NA,NA,NA,NA
"BALOCHISTAN","NASIRABAD","NASIRABAD","TAMBOO","TEHSIL","05 - 24",75737,39161,36575,1,75737,39161,36575,1,NA,NA,NA,NA,NA
"BALOCHISTAN","NASIRABAD","NASIRABAD","TAMBOO","TEHSIL","15 - 49",58386,29327,29058,1,58386,29327,29058,1,NA,NA,NA,NA,NA
"BALOCHISTAN","NASIRABAD","NASIRABAD","TAMBOO","TEHSIL","15 - 64",65893,33137,32755,1,65893,33137,32755,1,NA,NA,NA,NA,NA
"BALOCHISTAN","NASIRABAD","NASIRABAD","TAMBOO","TEHSIL","18 - 60",55112,27401,27711,NA,55112,27401,27711,NA,NA,NA,NA,NA,NA
"BALOCHISTAN","NASIRABAD","NASIRABAD","TAMBOO","TEHSIL","18 &  ABOVE",59642,29754,29888,NA,59642,29754,29888,NA,NA,NA,NA,NA,NA
"BALOCHISTAN","NASIRABAD","NASIRABAD","TAMBOO","TEHSIL","60 &  ABOVE",4968,2572,2396,NA,4968,2572,2396,NA,NA,NA,NA,NA,NA
"BALOCHISTAN","NASIRABAD","NASIRABAD","TAMBOO","TEHSIL","65 &  ABOVE",3047,1594,1453,NA,3047,1594,1453,NA,NA,NA,NA,NA,NA
"BALOCHISTAN","RAKHSHAN","NUSHKI","DAK","SUB-TEHSIL","ALL AGES",16929,8543,8385,1,16929,8543,8385,1,NA,NA,NA,NA,NA
"BALOCHISTAN","RAKHSHAN","NUSHKI","DAK","SUB-TEHSIL","UNDER 1",287,154,133,NA,287,154,133,NA,NA,NA,NA,NA,NA
"BALOCHISTAN","RAKHSHAN","NUSHKI","DAK","SUB-TEHSIL","UNDER 5",2783,1438,1345,NA,2783,1438,1345,NA,NA,NA,NA,NA,NA
"BALOCHISTAN","RAKHSHAN","NUSHKI","DAK","SUB-TEHSIL","UNDER 10",5600,2906,2694,NA,5600,2906,2694,NA,NA,NA,NA,NA,NA
"BALOCHISTAN","RAKHSHAN","NUSHKI","DAK","SUB-TEHSIL","UNDER 15",7757,4001,3756,NA,7757,4001,3756,NA,NA,NA,NA,NA,NA
"BALOCHISTAN","RAKHSHAN","NUSHKI","DAK","SUB-TEHSIL","05 - 24",8097,4075,4022,NA,8097,4075,4022,NA,NA,NA,NA,NA,NA
"BALOCHISTAN","RAKHSHAN","NUSHKI","DAK","SUB-TEHSIL","15 - 49",7464,3628,3835,1,7464,3628,3835,1,NA,NA,NA,NA,NA
"BALOCHISTAN","RAKHSHAN","NUSHKI","DAK","SUB-TEHSIL","15 - 64",8585,4240,4344,1,8585,4240,4344,1,NA,NA,NA,NA,NA
"BALOCHISTAN","RAKHSHAN","NUSHKI","DAK","SUB-TEHSIL","18 - 60",7260,3611,3648,1,7260,3611,3648,1,NA,NA,NA,NA,NA
"BALOCHISTAN","RAKHSHAN","NUSHKI","DAK","SUB-TEHSIL","18 &  ABOVE",8065,4027,4037,1,8065,4027,4037,1,NA,NA,NA,NA,NA
"BALOCHISTAN","RAKHSHAN","NUSHKI","DAK","SUB-TEHSIL","60 &  ABOVE",876,454,422,NA,876,454,422,NA,NA,NA,NA,NA,NA
"BALOCHISTAN","RAKHSHAN","NUSHKI","DAK","SUB-TEHSIL","65 &  ABOVE",587,302,285,NA,587,302,285,NA,NA,NA,NA,NA,NA
"BALOCHISTAN","RAKHSHAN","NUSHKI","NUSHKI","SUB-DIVISION","ALL AGES",190271,99424,90843,4,142167,74178,67986,3,48104,25246,22857,1,NA
"BALOCHISTAN","RAKHSHAN","NUSHKI","NUSHKI","SUB-DIVISION","UNDER 1",4846,2521,2325,NA,3698,1925,1773,NA,1148,596,552,NA,NA
"BALOCHISTAN","RAKHSHAN","NUSHKI","NUSHKI","SUB-DIVISION","UNDER 5",37480,20012,17468,NA,29188,15611,13577,NA,8292,4401,3891,NA,NA
"BALOCHISTAN","RAKHSHAN","NUSHKI","NUSHKI","SUB-DIVISION","UNDER 10",67651,35871,31780,NA,52057,27617,24440,NA,15594,8254,7340,NA,NA
"BALOCHISTAN","RAKHSHAN","NUSHKI","NUSHKI","SUB-DIVISION","UNDER 15",92352,48932,43420,NA,70577,37399,33178,NA,21775,11533,10242,NA,NA
"BALOCHISTAN","RAKHSHAN","NUSHKI","NUSHKI","SUB-DIVISION","05 - 24",90407,47332,43073,2,67125,35029,32094,2,23282,12303,10979,NA,NA
"BALOCHISTAN","RAKHSHAN","NUSHKI","NUSHKI","SUB-DIVISION","15 - 49",82920,42470,40446,4,60685,30879,29803,3,22235,11591,10643,1,NA
"BALOCHISTAN","RAKHSHAN","NUSHKI","NUSHKI","SUB-DIVISION","15 - 64",93860,48240,45616,4,68657,35134,33520,3,25203,13106,12096,1,NA
"BALOCHISTAN","RAKHSHAN","NUSHKI","NUSHKI","SUB-DIVISION","18 - 60",79395,40546,38846,3,58166,29541,28623,2,21229,11005,10223,1,NA
"BALOCHISTAN","RAKHSHAN","NUSHKI","NUSHKI","SUB-DIVISION","18 &  ABOVE",85445,43920,41522,3,62567,32026,30539,2,22878,11894,10983,1,NA
"BALOCHISTAN","RAKHSHAN","NUSHKI","NUSHKI","SUB-DIVISION","60 &  ABOVE",6686,3699,2987,NA,4872,2726,2146,NA,1814,973,841,NA,NA
"BALOCHISTAN","RAKHSHAN","NUSHKI","NUSHKI","SUB-DIVISION","65 &  ABOVE",4059,2252,1807,NA,2933,1645,1288,NA,1126,607,519,NA,NA
"BALOCHISTAN","MEKRAN","PANJGUR","GICHK","SUB-TEHSIL","ALL AGES",33578,21116,12459,3,33578,21116,12459,3,NA,NA,NA,NA,NA
"BALOCHISTAN","MEKRAN","PANJGUR","GICHK","SUB-TEHSIL","UNDER 1",153,83,70,NA,153,83,70,NA,NA,NA,NA,NA,NA
"BALOCHISTAN","MEKRAN","PANJGUR","GICHK","SUB-TEHSIL","UNDER 5",3695,2249,1446,NA,3695,2249,1446,NA,NA,NA,NA,NA,NA
"BALOCHISTAN","MEKRAN","PANJGUR","GICHK","SUB-TEHSIL","UNDER 10",5414,3248,2166,NA,5414,3248,2166,NA,NA,NA,NA,NA,NA
"BALOCHISTAN","MEKRAN","PANJGUR","GICHK","SUB-TEHSIL","UNDER 15",8614,5488,3126,NA,8614,5488,3126,NA,NA,NA,NA,NA,NA
"BALOCHISTAN","MEKRAN","PANJGUR","GICHK","SUB-TEHSIL","05 - 24",18560,11792,6767,1,18560,11792,6767,1,NA,NA,NA,NA,NA
"BALOCHISTAN","MEKRAN","PANJGUR","GICHK","SUB-TEHSIL","15 - 49",22702,14099,8600,3,22702,14099,8600,3,NA,NA,NA,NA,NA
"BALOCHISTAN","MEKRAN","PANJGUR","GICHK","SUB-TEHSIL","15 - 64",24244,15134,9107,3,24244,15134,9107,3,NA,NA,NA,NA,NA
"BALOCHISTAN","MEKRAN","PANJGUR","GICHK","SUB-TEHSIL","18 - 60",18062,11184,6876,2,18062,11184,6876,2,NA,NA,NA,NA,NA
"BALOCHISTAN","MEKRAN","PANJGUR","GICHK","SUB-TEHSIL","18 &  ABOVE",19084,11904,7178,2,19084,11904,7178,2,NA,NA,NA,NA,NA
"BALOCHISTAN","MEKRAN","PANJGUR","GICHK","SUB-TEHSIL","60 &  ABOVE",1118,787,331,NA,1118,787,331,NA,NA,NA,NA,NA,NA
"BALOCHISTAN","MEKRAN","PANJGUR","GICHK","SUB-TEHSIL","65 &  ABOVE",720,494,226,NA,720,494,226,NA,NA,NA,NA,NA,NA
"BALOCHISTAN","MEKRAN","PANJGUR","GOWARGO","SUB-DIVISION","ALL AGES",31718,17247,14468,3,31718,17247,14468,3,NA,NA,NA,NA,NA
"BALOCHISTAN","MEKRAN","PANJGUR","GOWARGO","SUB-DIVISION","UNDER 1",531,280,251,NA,531,280,251,NA,NA,NA,NA,NA,NA
"BALOCHISTAN","MEKRAN","PANJGUR","GOWARGO","SUB-DIVISION","UNDER 5",3600,1837,1763,NA,3600,1837,1763,NA,NA,NA,NA,NA,NA
"BALOCHISTAN","MEKRAN","PANJGUR","GOWARGO","SUB-DIVISION","UNDER 10",7439,3885,3554,NA,7439,3885,3554,NA,NA,NA,NA,NA,NA
"BALOCHISTAN","MEKRAN","PANJGUR","GOWARGO","SUB-DIVISION","UNDER 15",11433,6070,5363,NA,11433,6070,5363,NA,NA,NA,NA,NA,NA
"BALOCHISTAN","MEKRAN","PANJGUR","GOWARGO","SUB-DIVISION","05 - 24",15142,8222,6918,2,15142,8222,6918,2,NA,NA,NA,NA,NA
"BALOCHISTAN","MEKRAN","PANJGUR","GOWARGO","SUB-DIVISION","15 - 49",17195,9325,7867,3,17195,9325,7867,3,NA,NA,NA,NA,NA
"BALOCHISTAN","MEKRAN","PANJGUR","GOWARGO","SUB-DIVISION","15 - 64",19207,10504,8700,3,19207,10504,8700,3,NA,NA,NA,NA,NA
"BALOCHISTAN","MEKRAN","PANJGUR","GOWARGO","SUB-DIVISION","18 - 60",16281,8869,7410,2,16281,8869,7410,2,NA,NA,NA,NA,NA
"BALOCHISTAN","MEKRAN","PANJGUR","GOWARGO","SUB-DIVISION","18 &  ABOVE",17749,9780,7967,2,17749,9780,7967,2,NA,NA,NA,NA,NA
"BALOCHISTAN","MEKRAN","PANJGUR","GOWARGO","SUB-DIVISION","60 &  ABOVE",1601,989,612,NA,1601,989,612,NA,NA,NA,NA,NA,NA
"BALOCHISTAN","MEKRAN","PANJGUR","GOWARGO","SUB-DIVISION","65 &  ABOVE",1078,673,405,NA,1078,673,405,NA,NA,NA,NA,NA,NA
"BALOCHISTAN","MEKRAN","PANJGUR","JAHEEN PAROME","TEHSIL","ALL AGES",31113,15931,15178,4,31113,15931,15178,4,NA,NA,NA,NA,NA
"BALOCHISTAN","MEKRAN","PANJGUR","JAHEEN PAROME","TEHSIL","UNDER 1",607,308,299,NA,607,308,299,NA,NA,NA,NA,NA,NA
"BALOCHISTAN","MEKRAN","PANJGUR","JAHEEN PAROME","TEHSIL","UNDER 5",5238,2618,2620,NA,5238,2618,2620,NA,NA,NA,NA,NA,NA
"BALOCHISTAN","MEKRAN","PANJGUR","JAHEEN PAROME","TEHSIL","UNDER 10",10381,5254,5127,NA,10381,5254,5127,NA,NA,NA,NA,NA,NA
"BALOCHISTAN","MEKRAN","PANJGUR","JAHEEN PAROME","TEHSIL","UNDER 15",14445,7323,7122,NA,14445,7323,7122,NA,NA,NA,NA,NA,NA
"BALOCHISTAN","MEKRAN","PANJGUR","JAHEEN PAROME","TEHSIL","05 - 24",15486,7773,7711,2,15486,7773,7711,2,NA,NA,NA,NA,NA
"BALOCHISTAN","MEKRAN","PANJGUR","JAHEEN PAROME","TEHSIL","15 - 49",14244,7162,7079,3,14244,7162,7079,3,NA,NA,NA,NA,NA
"BALOCHISTAN","MEKRAN","PANJGUR","JAHEEN PAROME","TEHSIL","15 - 64",15774,8016,7754,4,15774,8016,7754,4,NA,NA,NA,NA,NA
"BALOCHISTAN","MEKRAN","PANJGUR","JAHEEN PAROME","TEHSIL","18 - 60",13080,6687,6390,3,13080,6687,6390,3,NA,NA,NA,NA,NA
"BALOCHISTAN","MEKRAN","PANJGUR","JAHEEN PAROME","TEHSIL","18 &  ABOVE",14254,7434,6817,3,14254,7434,6817,3,NA,NA,NA,NA,NA
"BALOCHISTAN","MEKRAN","PANJGUR","JAHEEN PAROME","TEHSIL","60 &  ABOVE",1284,808,476,NA,1284,808,476,NA,NA,NA,NA,NA,NA
"BALOCHISTAN","MEKRAN","PANJGUR","JAHEEN PAROME","TEHSIL","65 &  ABOVE",894,592,302,NA,894,592,302,NA,NA,NA,NA,NA,NA
NA,NA,"PANJGUR","KALLAG","SUB-TEHSIL","ALL AGES",21095,12232,8862,1,21095,12232,8862,1,NA,NA,NA,NA,NA
NA,NA,"PANJGUR","KALLAG","SUB-TEHSIL","UNDER 1",145,76,69,NA,145,76,69,NA,NA,NA,NA,NA,NA
NA,NA,"PANJGUR","KALLAG","SUB-TEHSIL","UNDER 5",4046,2055,1991,NA,4046,2055,1991,NA,NA,NA,NA,NA,NA
NA,NA,"PANJGUR","KALLAG","SUB-TEHSIL","UNDER 10",5904,2999,2905,NA,5904,2999,2905,NA,NA,NA,NA,NA,NA
NA,NA,"PANJGUR","KALLAG","SUB-TEHSIL","UNDER 15",8064,4264,3800,NA,8064,4264,3800,NA,NA,NA,NA,NA,NA
NA,NA,"PANJGUR","KALLAG","SUB-TEHSIL","05 - 24",9665,5881,3783,1,9665,5881,3783,1,NA,NA,NA,NA,NA
NA,NA,"PANJGUR","KALLAG","SUB-TEHSIL","15 - 49",10989,6780,4208,1,10989,6780,4208,1,NA,NA,NA,NA,NA
NA,NA,"PANJGUR","KALLAG","SUB-TEHSIL","15 - 64",12326,7551,4774,1,12326,7551,4774,1,NA,NA,NA,NA,NA
NA,NA,"PANJGUR","KALLAG","SUB-TEHSIL","18 - 60",9850,5949,3900,1,9850,5949,3900,1,NA,NA,NA,NA,NA
NA,NA,"PANJGUR","KALLAG","SUB-TEHSIL","18 &  ABOVE",10800,6516,4283,1,10800,6516,4283,1,NA,NA,NA,NA,NA
NA,NA,"PANJGUR","KALLAG","SUB-TEHSIL","60 &  ABOVE",1029,612,417,NA,1029,612,417,NA,NA,NA,NA,NA,NA
NA,NA,"PANJGUR","KALLAG","SUB-TEHSIL","65 &  ABOVE",705,417,288,NA,705,417,288,NA,NA,NA,NA,NA,NA
"BALOCHISTAN","MEKRAN","PANJGUR","PANJGUR","SUB-DIVISION","ALL AGES",392277,202846,189347,84,234584,118036,116527,21,157693,84810,72820,63,NA
"BALOCHISTAN","MEKRAN","PANJGUR","PANJGUR","SUB-DIVISION","UNDER 1",9518,4658,4860,NA,7189,3459,3730,NA,2329,1199,1130,NA,NA
"BALOCHISTAN","MEKRAN","PANJGUR","PANJGUR","SUB-DIVISION","UNDER 5",78535,40238,38297,NA,54251,27410,26841,NA,24284,12828,11456,NA,NA
"BALOCHISTAN","MEKRAN","PANJGUR","PANJGUR","SUB-DIVISION","UNDER 10",126414,64863,61551,NA,84577,42993,41584,NA,41837,21870,19967,NA,NA
"BALOCHISTAN","MEKRAN","PANJGUR","PANJGUR","SUB-DIVISION","UNDER 15",167967,85923,82041,3,108522,54799,53721,2,59445,31124,28320,1,NA
"BALOCHISTAN","MEKRAN","PANJGUR","PANJGUR","SUB-DIVISION","05 - 24",186221,93491,92662,68,109958,53516,56429,13,76263,39975,36233,55,NA
"BALOCHISTAN","MEKRAN","PANJGUR","PANJGUR","SUB-DIVISION","15 - 49",198182,101306,96798,78,112568,55245,57305,18,85614,46061,39493,60,NA
"BALOCHISTAN","MEKRAN","PANJGUR","PANJGUR","SUB-DIVISION","15 - 64",216167,112014,104073,80,122324,60932,61373,19,93843,51082,42700,61,NA
"BALOCHISTAN","MEKRAN","PANJGUR","PANJGUR","SUB-DIVISION","18 - 60",176519,91892,84559,68,100185,50041,50126,18,76334,41851,34433,50,NA
"BALOCHISTAN","MEKRAN","PANJGUR","PANJGUR","SUB-DIVISION","18 &  ABOVE",187915,98868,88977,70,105565,53338,52209,18,82350,45530,36768,52,NA
"BALOCHISTAN","MEKRAN","PANJGUR","PANJGUR","SUB-DIVISION","60 &  ABOVE",12409,7591,4816,2,5955,3665,2290,NA,6454,3926,2526,2,NA
"BALOCHISTAN","MEKRAN","PANJGUR","PANJGUR","SUB-DIVISION","65 &  ABOVE",8143,4909,3233,1,3738,2305,1433,NA,4405,2604,1800,1,NA
"BALOCHISTAN","QUETTA","PISHIN","BARSHORE","TEHSIL","ALL AGES",141994,75010,66975,9,141994,75010,66975,9,NA,NA,NA,NA,NA
"BALOCHISTAN","QUETTA","PISHIN","BARSHORE","TEHSIL","UNDER 1",3536,1960,1576,NA,3536,1960,1576,NA,NA,NA,NA,NA,NA
"BALOCHISTAN","QUETTA","PISHIN","BARSHORE","TEHSIL","UNDER 5",34075,19108,14967,NA,34075,19108,14967,NA,NA,NA,NA,NA,NA
"BALOCHISTAN","QUETTA","PISHIN","BARSHORE","TEHSIL","UNDER 10",61923,34475,27448,NA,61923,34475,27448,NA,NA,NA,NA,NA,NA
"BALOCHISTAN","QUETTA","PISHIN","BARSHORE","TEHSIL","UNDER 15",83379,46254,37122,3,83379,46254,37122,3,NA,NA,NA,NA,NA
"BALOCHISTAN","QUETTA","PISHIN","BARSHORE","TEHSIL","05 - 24",74981,39720,35254,7,74981,39720,35254,7,NA,NA,NA,NA,NA
"BALOCHISTAN","QUETTA","PISHIN","BARSHORE","TEHSIL","15 - 49",50605,24438,26161,6,50605,24438,26161,6,NA,NA,NA,NA,NA
"BALOCHISTAN","QUETTA","PISHIN","BARSHORE","TEHSIL","15 - 64",56302,27379,28917,6,56302,27379,28917,6,NA,NA,NA,NA,NA
"BALOCHISTAN","QUETTA","PISHIN","BARSHORE","TEHSIL","18 - 60",44945,21063,23879,3,44945,21063,23879,3,NA,NA,NA,NA,NA
"BALOCHISTAN","QUETTA","PISHIN","BARSHORE","TEHSIL","18 &  ABOVE",48167,22948,25216,3,48167,22948,25216,3,NA,NA,NA,NA,NA
"BALOCHISTAN","QUETTA","PISHIN","BARSHORE","TEHSIL","60 &  ABOVE",3727,2154,1573,NA,3727,2154,1573,NA,NA,NA,NA,NA,NA
"BALOCHISTAN","QUETTA","PISHIN","BARSHORE","TEHSIL","65 &  ABOVE",2313,1377,936,NA,2313,1377,936,NA,NA,NA,NA,NA,NA
"BALOCHISTAN","QUETTA","PISHIN","BOSTAN","TEHSIL","ALL AGES",49721,25291,24428,2,49721,25291,24428,2,NA,NA,NA,NA,NA
"BALOCHISTAN","QUETTA","PISHIN","BOSTAN","TEHSIL","UNDER 1",463,250,213,NA,463,250,213,NA,NA,NA,NA,NA,NA
"BALOCHISTAN","QUETTA","PISHIN","BOSTAN","TEHSIL","UNDER 5",8639,4298,4341,NA,8639,4298,4341,NA,NA,NA,NA,NA,NA
"BALOCHISTAN","QUETTA","PISHIN","BOSTAN","TEHSIL","UNDER 10",16644,8344,8300,NA,16644,8344,8300,NA,NA,NA,NA,NA,NA
"BALOCHISTAN","QUETTA","PISHIN","BOSTAN","TEHSIL","UNDER 15",23073,11639,11433,1,23073,11639,11433,1,NA,NA,NA,NA,NA
"BALOCHISTAN","QUETTA","PISHIN","BOSTAN","TEHSIL","05 - 24",25329,12893,12434,2,25329,12893,12434,2,NA,NA,NA,NA,NA
"BALOCHISTAN","QUETTA","PISHIN","BOSTAN","TEHSIL","15 - 49",22901,11592,11308,1,22901,11592,11308,1,NA,NA,NA,NA,NA
"BALOCHISTAN","QUETTA","PISHIN","BOSTAN","TEHSIL","15 - 64",25515,12978,12536,1,25515,12978,12536,1,NA,NA,NA,NA,NA
"BALOCHISTAN","QUETTA","PISHIN","BOSTAN","TEHSIL","18 - 60",21670,10955,10715,NA,21670,10955,10715,NA,NA,NA,NA,NA,NA
"BALOCHISTAN","QUETTA","PISHIN","BOSTAN","TEHSIL","18 &  ABOVE",23326,11924,11402,NA,23326,11924,11402,NA,NA,NA,NA,NA,NA
"BALOCHISTAN","QUETTA","PISHIN","BOSTAN","TEHSIL","60 &  ABOVE",1832,1062,770,NA,1832,1062,770,NA,NA,NA,NA,NA,NA
"BALOCHISTAN","QUETTA","PISHIN","BOSTAN","TEHSIL","65 &  ABOVE",1133,674,459,NA,1133,674,459,NA,NA,NA,NA,NA,NA
"BALOCHISTAN","QUETTA","PISHIN","HURRAM ZAI","SUB-DIVISION","ALL AGES",147844,73896,73947,1,104899,52291,52607,1,42945,21605,21340,NA,NA
"BALOCHISTAN","QUETTA","PISHIN","HURRAM ZAI","SUB-DIVISION","UNDER 1",3828,2006,1822,NA,2980,1564,1416,NA,848,442,406,NA,NA
"BALOCHISTAN","QUETTA","PISHIN","HURRAM ZAI","SUB-DIVISION","UNDER 5",33424,17223,16201,NA,24081,12256,11825,NA,9343,4967,4376,NA,NA
"BALOCHISTAN","QUETTA","PISHIN","HURRAM ZAI","SUB-DIVISION","UNDER 10",58803,30110,28693,NA,40533,20519,20014,NA,18270,9591,8679,NA,NA
"BALOCHISTAN","QUETTA","PISHIN","HURRAM ZAI","SUB-DIVISION","UNDER 15",79258,40458,38800,NA,54073,27401,26672,NA,25185,13057,12128,NA,NA
"BALOCHISTAN","QUETTA","PISHIN","HURRAM ZAI","SUB-DIVISION","05 - 24",75595,36761,38834,NA,51963,25057,26906,NA,23632,11704,11928,NA,NA
"BALOCHISTAN","QUETTA","PISHIN","HURRAM ZAI","SUB-DIVISION","15 - 49",59402,28447,30954,1,44090,21202,22887,1,15312,7245,8067,NA,NA
"BALOCHISTAN","QUETTA","PISHIN","HURRAM ZAI","SUB-DIVISION","15 - 64",65908,31867,34040,1,48954,23784,25169,1,16954,8083,8871,NA,NA
"BALOCHISTAN","QUETTA","PISHIN","HURRAM ZAI","SUB-DIVISION","18 - 60",53877,26101,27775,1,40579,19907,20671,1,13298,6194,7104,NA,NA
"BALOCHISTAN","QUETTA","PISHIN","HURRAM ZAI","SUB-DIVISION","18 &  ABOVE",57811,28356,29454,1,43381,21526,21854,1,14430,6830,7600,NA,NA
"BALOCHISTAN","QUETTA","PISHIN","HURRAM ZAI","SUB-DIVISION","60 &  ABOVE",4355,2475,1880,NA,3116,1790,1326,NA,1239,685,554,NA,NA
"BALOCHISTAN","QUETTA","PISHIN","HURRAM ZAI","SUB-DIVISION","65 &  ABOVE",2678,1571,1107,NA,1872,1106,766,NA,806,465,341,NA,NA
"BALOCHISTAN","QUETTA","PISHIN","KAREZAT","SUB-DIVISION","ALL AGES",59756,30296,29459,1,13074,6699,6375,NA,46682,23597,23084,1,NA
"BALOCHISTAN","QUETTA","PISHIN","KAREZAT","SUB-DIVISION","UNDER 1",1584,775,809,NA,293,151,142,NA,1291,624,667,NA,NA
"BALOCHISTAN","QUETTA","PISHIN","KAREZAT","SUB-DIVISION","UNDER 5",13817,7120,6697,NA,3035,1590,1445,NA,10782,5530,5252,NA,NA
"BALOCHISTAN","QUETTA","PISHIN","KAREZAT","SUB-DIVISION","UNDER 10",24541,12722,11819,NA,5399,2815,2584,NA,19142,9907,9235,NA,NA
"BALOCHISTAN","QUETTA","PISHIN","KAREZAT","SUB-DIVISION","UNDER 15",32035,16662,15373,NA,7037,3665,3372,NA,24998,12997,12001,NA,NA
"BALOCHISTAN","QUETTA","PISHIN","KAREZAT","SUB-DIVISION","05 - 24",29301,14825,14476,NA,6369,3186,3183,NA,22932,11639,11293,NA,NA
"BALOCHISTAN","QUETTA","PISHIN","KAREZAT","SUB-DIVISION","15 - 49",23995,11516,12479,NA,5157,2517,2640,NA,18838,8999,9839,NA,NA
"BALOCHISTAN","QUETTA","PISHIN","KAREZAT","SUB-DIVISION","15 - 64",26791,13060,13731,NA,5773,2866,2907,NA,21018,10194,10824,NA,NA
"BALOCHISTAN","QUETTA","PISHIN","KAREZAT","SUB-DIVISION","18 - 60",22509,10797,11712,NA,4855,2406,2449,NA,17654,8391,9263,NA,NA
"BALOCHISTAN","QUETTA","PISHIN","KAREZAT","SUB-DIVISION","18 &  ABOVE",23929,11673,12255,1,5235,2645,2590,NA,18694,9028,9665,1,NA
"BALOCHISTAN","QUETTA","PISHIN","KAREZAT","SUB-DIVISION","60 &  ABOVE",1604,977,626,1,421,261,160,NA,1183,716,466,1,NA
"BALOCHISTAN","QUETTA","PISHIN","KAREZAT","SUB-DIVISION","65 &  ABOVE",930,574,355,1,264,168,96,NA,666,406,259,1,NA
"BALOCHISTAN","QUETTA","PISHIN","NANA SAHIB","TEHSIL","ALL AGES",45369,23105,22262,2,45369,23105,22262,2,NA,NA,NA,NA,NA
"BALOCHISTAN","QUETTA","PISHIN","NANA SAHIB","TEHSIL","UNDER 1",1339,672,667,NA,1339,672,667,NA,NA,NA,NA,NA,NA
"BALOCHISTAN","QUETTA","PISHIN","NANA SAHIB","TEHSIL","UNDER 5",9862,5043,4819,NA,9862,5043,4819,NA,NA,NA,NA,NA,NA
"BALOCHISTAN","QUETTA","PISHIN","NANA SAHIB","TEHSIL","UNDER 10",17323,8892,8431,NA,17323,8892,8431,NA,NA,NA,NA,NA,NA
"BALOCHISTAN","QUETTA","PISHIN","NANA SAHIB","TEHSIL","UNDER 15",22813,11748,11065,NA,22813,11748,11065,NA,NA,NA,NA,NA,NA
"BALOCHISTAN","QUETTA","PISHIN","NANA SAHIB","TEHSIL","05 - 24",21679,10919,10759,1,21679,10919,10759,1,NA,NA,NA,NA,NA
"BALOCHISTAN","QUETTA","PISHIN","NANA SAHIB","TEHSIL","15 - 49",19336,9577,9758,1,19336,9577,9758,1,NA,NA,NA,NA,NA
"BALOCHISTAN","QUETTA","PISHIN","NANA SAHIB","TEHSIL","15 - 64",21681,10818,10862,1,21681,10818,10862,1,NA,NA,NA,NA,NA
"BALOCHISTAN","QUETTA","PISHIN","NANA SAHIB","TEHSIL","18 - 60",18459,9196,9262,1,18459,9196,9262,1,NA,NA,NA,NA,NA
"BALOCHISTAN","QUETTA","PISHIN","NANA SAHIB","TEHSIL","18 &  ABOVE",19781,9991,9788,2,19781,9991,9788,2,NA,NA,NA,NA,NA
"BALOCHISTAN","QUETTA","PISHIN","NANA SAHIB","TEHSIL","60 &  ABOVE",1465,875,589,1,1465,875,589,1,NA,NA,NA,NA,NA
"BALOCHISTAN","QUETTA","PISHIN","NANA SAHIB","TEHSIL","65 &  ABOVE",875,539,335,1,875,539,335,1,NA,NA,NA,NA,NA
"BALOCHISTAN","QUETTA","PISHIN","PISHIN","SUB-DIVISION","ALL AGES",325641,166179,159455,7,217995,110566,107428,1,107646,55613,52027,6,NA
"BALOCHISTAN","QUETTA","PISHIN","PISHIN","SUB-DIVISION","UNDER 1",5315,2687,2628,NA,4424,2200,2224,NA,891,487,404,NA,NA
"BALOCHISTAN","QUETTA","PISHIN","PISHIN","SUB-DIVISION","UNDER 5",64343,33443,30900,NA,46702,24273,22429,NA,17641,9170,8471,NA,NA
"BALOCHISTAN","QUETTA","PISHIN","PISHIN","SUB-DIVISION","UNDER 10",113644,58322,55322,NA,79412,40784,38628,NA,34232,17538,16694,NA,NA
"BALOCHISTAN","QUETTA","PISHIN","PISHIN","SUB-DIVISION","UNDER 15",154068,79103,74963,2,105965,54405,51559,1,48103,24698,23404,1,NA
"BALOCHISTAN","QUETTA","PISHIN","PISHIN","SUB-DIVISION","05 - 24",159126,78816,80306,4,105586,51806,53779,1,53540,27010,26527,3,NA
"BALOCHISTAN","QUETTA","PISHIN","PISHIN","SUB-DIVISION","15 - 49",149055,74181,74870,4,97651,48054,49597,NA,51404,26127,25273,4,NA
"BALOCHISTAN","QUETTA","PISHIN","PISHIN","SUB-DIVISION","15 - 64",165457,83275,82177,5,108071,53700,54371,NA,57386,29575,27806,5,NA
"BALOCHISTAN","QUETTA","PISHIN","PISHIN","SUB-DIVISION","18 - 60",140914,70763,70147,4,91916,45552,46364,NA,48998,25211,23783,4,NA
"BALOCHISTAN","QUETTA","PISHIN","PISHIN","SUB-DIVISION","18 &  ABOVE",149908,76262,73642,4,97723,49087,48636,NA,52185,27175,25006,4,NA
"BALOCHISTAN","QUETTA","PISHIN","PISHIN","SUB-DIVISION","60 &  ABOVE",10156,6166,3990,NA,6554,3954,2600,NA,3602,2212,1390,NA,NA
"BALOCHISTAN","QUETTA","PISHIN","PISHIN","SUB-DIVISION","65 &  ABOVE",6116,3801,2315,NA,3959,2461,1498,NA,2157,1340,817,NA,NA
"BALOCHISTAN","QUETTA","PISHIN","SARANAN","TEHSIL","ALL AGES",65157,32820,32336,1,18645,9392,9253,NA,46512,23428,23083,1,NA
"BALOCHISTAN","QUETTA","PISHIN","SARANAN","TEHSIL","UNDER 1",1713,849,864,NA,272,131,141,NA,1441,718,723,NA,NA
"BALOCHISTAN","QUETTA","PISHIN","SARANAN","TEHSIL","UNDER 5",14225,7416,6809,NA,3399,1705,1694,NA,10826,5711,5115,NA,NA
"BALOCHISTAN","QUETTA","PISHIN","SARANAN","TEHSIL","UNDER 10",25153,12992,12161,NA,6644,3363,3281,NA,18509,9629,8880,NA,NA
"BALOCHISTAN","QUETTA","PISHIN","SARANAN","TEHSIL","UNDER 15",33411,17149,16262,NA,9214,4613,4601,NA,24197,12536,11661,NA,NA
"BALOCHISTAN","QUETTA","PISHIN","SARANAN","TEHSIL","05 - 24",31919,15646,16272,1,9491,4709,4782,NA,22428,10937,11490,1,NA
"BALOCHISTAN","QUETTA","PISHIN","SARANAN","TEHSIL","15 - 49",27230,13182,14047,1,7942,3963,3979,NA,19288,9219,10068,1,NA
"BALOCHISTAN","QUETTA","PISHIN","SARANAN","TEHSIL","15 - 64",30462,14903,15558,1,8993,4541,4452,NA,21469,10362,11106,1,NA
"BALOCHISTAN","QUETTA","PISHIN","SARANAN","TEHSIL","18 - 60",25784,12626,13158,NA,7543,3822,3721,NA,18241,8804,9437,NA,NA
"BALOCHISTAN","QUETTA","PISHIN","SARANAN","TEHSIL","18 &  ABOVE",27682,13737,13945,NA,8191,4168,4023,NA,19491,9569,9922,NA,NA
"BALOCHISTAN","QUETTA","PISHIN","SARANAN","TEHSIL","60 &  ABOVE",2118,1225,893,NA,707,376,331,NA,1411,849,562,NA,NA
"BALOCHISTAN","QUETTA","PISHIN","SARANAN","TEHSIL","65 &  ABOVE",1284,768,516,NA,438,238,200,NA,846,530,316,NA,NA
"BALOCHISTAN","QUETTA","QUETTA","QUETTA","SUB-DIVISION_CITY","ALL AGES",1138620,581846,556697,77,118704,59153,59546,5,1019916,522693,497151,72,NA
"BALOCHISTAN","QUETTA","QUETTA","QUETTA","SUB-DIVISION_CITY","UNDER 1",22146,11254,10892,NA,1635,817,818,NA,20511,10437,10074,NA,NA
"BALOCHISTAN","QUETTA","QUETTA","QUETTA","SUB-DIVISION_CITY","UNDER 5",183271,94501,88770,NA,15738,8143,7595,NA,167533,86358,81175,NA,NA
"BALOCHISTAN","QUETTA","QUETTA","QUETTA","SUB-DIVISION_CITY","UNDER 10",338081,172604,165477,NA,28710,14754,13956,NA,309371,157850,151521,NA,NA
"BALOCHISTAN","QUETTA","QUETTA","QUETTA","SUB-DIVISION_CITY","UNDER 15",483073,245644,237421,8,43671,22255,21415,1,439402,223389,216006,7,NA
"BALOCHISTAN","QUETTA","QUETTA","QUETTA","SUB-DIVISION_CITY","05 - 24",536423,271119,265267,37,55367,27515,27848,4,481056,243604,237419,33,NA
"BALOCHISTAN","QUETTA","QUETTA","QUETTA","SUB-DIVISION_CITY","15 - 49",550897,277989,272844,64,62005,29745,32256,4,488892,248244,240588,60,NA
"BALOCHISTAN","QUETTA","QUETTA","QUETTA","SUB-DIVISION_CITY","15 - 64",626746,319579,307099,68,71410,34751,36655,4,555336,284828,270444,64,NA
"BALOCHISTAN","QUETTA","QUETTA","QUETTA","SUB-DIVISION_CITY","18 - 60",533402,270816,262524,62,60705,29329,31374,2,472697,241487,231150,60,NA
"BALOCHISTAN","QUETTA","QUETTA","QUETTA","SUB-DIVISION_CITY","18 &  ABOVE",576302,295579,280660,63,66067,32456,33609,2,510235,263123,247051,61,NA
"BALOCHISTAN","QUETTA","QUETTA","QUETTA","SUB-DIVISION_CITY","60 &  ABOVE",47714,27449,20264,1,5947,3455,2492,NA,41767,23994,17772,1,NA
"BALOCHISTAN","QUETTA","QUETTA","QUETTA","SUB-DIVISION_CITY","65 &  ABOVE",28801,16623,12177,1,3623,2147,1476,NA,25178,14476,10701,1,NA
"BALOCHISTAN","QUETTA","QUETTA","KUCHLAK","SUB-DIVISION","ALL AGES",263155,135641,127508,6,222678,114927,107747,4,40477,20714,19761,2,NA
"BALOCHISTAN","QUETTA","QUETTA","KUCHLAK","SUB-DIVISION","UNDER 1",4888,2473,2415,NA,4324,2186,2138,NA,564,287,277,NA,NA
"BALOCHISTAN","QUETTA","QUETTA","KUCHLAK","SUB-DIVISION","UNDER 5",46333,23252,23081,NA,40329,20232,20097,NA,6004,3020,2984,NA,NA
"BALOCHISTAN","QUETTA","QUETTA","KUCHLAK","SUB-DIVISION","UNDER 10",89917,45821,44096,NA,77669,39654,38015,NA,12248,6167,6081,NA,NA
"BALOCHISTAN","QUETTA","QUETTA","KUCHLAK","SUB-DIVISION","UNDER 15",126361,64723,61637,1,108731,55817,52914,NA,17630,8906,8723,1,NA
"BALOCHISTAN","QUETTA","QUETTA","KUCHLAK","SUB-DIVISION","05 - 24",136124,70328,65793,3,115560,59944,55615,1,20564,10384,10178,2,NA
"BALOCHISTAN","QUETTA","QUETTA","KUCHLAK","SUB-DIVISION","15 - 49",118255,60438,57813,4,98644,50500,48141,3,19611,9938,9672,1,NA
"BALOCHISTAN","QUETTA","QUETTA","KUCHLAK","SUB-DIVISION","15 - 64",131683,67748,63931,4,109638,56438,53197,3,22045,11310,10734,1,NA
"BALOCHISTAN","QUETTA","QUETTA","KUCHLAK","SUB-DIVISION","18 - 60",110852,56811,54037,4,92121,47224,44894,3,18731,9587,9143,1,NA
"BALOCHISTAN","QUETTA","QUETTA","KUCHLAK","SUB-DIVISION","18 &  ABOVE",118403,61413,56985,5,98414,51049,47361,4,19989,10364,9624,1,NA
"BALOCHISTAN","QUETTA","QUETTA","KUCHLAK","SUB-DIVISION","60 &  ABOVE",8471,5119,3351,1,7060,4262,2797,1,1411,857,554,NA,NA
"BALOCHISTAN","QUETTA","QUETTA","KUCHLAK","SUB-DIVISION","65 &  ABOVE",5111,3170,1940,1,4309,2672,1636,1,802,498,304,NA,NA
NA,NA,"QUETTA","SUB-DIVISION SADDAR","TEHSIL","ALL AGES",286879,146364,140505,10,121248,61456,59790,2,165631,84908,80715,8,NA
NA,NA,"QUETTA","SUB-DIVISION SADDAR","TEHSIL","UNDER 1",6550,3051,3499,NA,3644,1568,2076,NA,2906,1483,1423,NA,NA
NA,NA,"QUETTA","SUB-DIVISION SADDAR","TEHSIL","UNDER 5",52629,25897,26732,NA,27240,13095,14145,NA,25389,12802,12587,NA,NA
NA,NA,"QUETTA","SUB-DIVISION SADDAR","TEHSIL","UNDER 10",98396,49205,49191,NA,49625,24651,24974,NA,48771,24554,24217,NA,NA
NA,NA,"QUETTA","SUB-DIVISION SADDAR","TEHSIL","UNDER 15",136110,68708,67397,5,66201,33343,32856,2,69909,35365,34541,3,NA
NA,NA,"QUETTA","SUB-DIVISION SADDAR","TEHSIL","05 - 24",140833,71888,68937,8,60206,31032,29172,2,80627,40856,39765,6,NA
NA,NA,"QUETTA","SUB-DIVISION SADDAR","TEHSIL","15 - 49",128908,65408,63495,5,47445,23825,23620,NA,81463,41583,39875,5,NA
NA,NA,"QUETTA","SUB-DIVISION SADDAR","TEHSIL","15 - 64",145028,74123,70900,5,53022,26882,26140,NA,92006,47241,44760,5,NA
NA,NA,"QUETTA","SUB-DIVISION SADDAR","TEHSIL","18 - 60",122979,62590,60387,2,44512,22358,22154,NA,78467,40232,38233,2,NA
NA,NA,"QUETTA","SUB-DIVISION SADDAR","TEHSIL","18 &  ABOVE",131688,67873,63813,2,47500,24156,23344,NA,84188,43717,40469,2,NA
NA,NA,"QUETTA","SUB-DIVISION SADDAR","TEHSIL","60 &  ABOVE",9709,5841,3868,NA,3338,1994,1344,NA,6371,3847,2524,NA,NA
NA,NA,"QUETTA","SUB-DIVISION SADDAR","TEHSIL","65 &  ABOVE",5741,3533,2208,NA,2025,1231,794,NA,3716,2302,1414,NA,NA
"BALOCHISTAN","QUETTA","QUETTA","SARIAB","SUB-DIVISION","ALL AGES",561265,289744,271503,18,495433,255981,239434,18,65832,33763,32069,NA,NA
"BALOCHISTAN","QUETTA","QUETTA","SARIAB","SUB-DIVISION","UNDER 1",10755,5315,5440,NA,9254,4569,4685,NA,1501,746,755,NA,NA
"BALOCHISTAN","QUETTA","QUETTA","SARIAB","SUB-DIVISION","UNDER 5",98292,49370,48922,NA,85500,42817,42683,NA,12792,6553,6239,NA,NA
"BALOCHISTAN","QUETTA","QUETTA","SARIAB","SUB-DIVISION","UNDER 10",187057,93909,93148,NA,164287,82353,81934,NA,22770,11556,11214,NA,NA
"BALOCHISTAN","QUETTA","QUETTA","SARIAB","SUB-DIVISION","UNDER 15",263127,132676,130447,4,231656,116728,114924,4,31471,15948,15523,NA,NA
"BALOCHISTAN","QUETTA","QUETTA","SARIAB","SUB-DIVISION","05 - 24",282020,144097,137911,12,249136,127477,121647,12,32884,16620,16264,NA,NA
"BALOCHISTAN","QUETTA","QUETTA","SARIAB","SUB-DIVISION","15 - 49",257030,133634,123384,12,227243,118412,108819,12,29787,15222,14565,NA,NA
"BALOCHISTAN","QUETTA","QUETTA","SARIAB","SUB-DIVISION","15 - 64",287325,150588,136723,14,254092,133472,120606,14,33233,17116,16117,NA,NA
"BALOCHISTAN","QUETTA","QUETTA","SARIAB","SUB-DIVISION","18 - 60",243636,127681,115943,12,215450,113148,102290,12,28186,14533,13653,NA,NA
"BALOCHISTAN","QUETTA","QUETTA","SARIAB","SUB-DIVISION","18 &  ABOVE",259680,137206,122462,12,229774,121634,108128,12,29906,15572,14334,NA,NA
"BALOCHISTAN","QUETTA","QUETTA","SARIAB","SUB-DIVISION","60 &  ABOVE",17991,10586,7405,NA,16051,9421,6630,NA,1940,1165,775,NA,NA
"BALOCHISTAN","QUETTA","QUETTA","SARIAB","SUB-DIVISION","65 &  ABOVE",10813,6480,4333,NA,9685,5781,3904,NA,1128,699,429,NA,NA
"BALOCHISTAN","QUETTA","QUETTA","PANJPAI","SUB-TEHSIL","ALL AGES",21371,10653,10718,NA,21371,10653,10718,NA,NA,NA,NA,NA,NA
"BALOCHISTAN","QUETTA","QUETTA","PANJPAI","SUB-TEHSIL","UNDER 1",531,235,296,NA,531,235,296,NA,NA,NA,NA,NA,NA
"BALOCHISTAN","QUETTA","QUETTA","PANJPAI","SUB-TEHSIL","UNDER 5",3957,1903,2054,NA,3957,1903,2054,NA,NA,NA,NA,NA,NA
"BALOCHISTAN","QUETTA","QUETTA","PANJPAI","SUB-TEHSIL","UNDER 10",7483,3687,3796,NA,7483,3687,3796,NA,NA,NA,NA,NA,NA
"BALOCHISTAN","QUETTA","QUETTA","PANJPAI","SUB-TEHSIL","UNDER 15",10544,5194,5350,NA,10544,5194,5350,NA,NA,NA,NA,NA,NA
"BALOCHISTAN","QUETTA","QUETTA","PANJPAI","SUB-TEHSIL","05 - 24",10791,5298,5493,NA,10791,5298,5493,NA,NA,NA,NA,NA,NA
"BALOCHISTAN","QUETTA","QUETTA","PANJPAI","SUB-TEHSIL","15 - 49",9231,4556,4675,NA,9231,4556,4675,NA,NA,NA,NA,NA,NA
"BALOCHISTAN","QUETTA","QUETTA","PANJPAI","SUB-TEHSIL","15 - 64",10327,5148,5179,NA,10327,5148,5179,NA,NA,NA,NA,NA,NA
"BALOCHISTAN","QUETTA","QUETTA","PANJPAI","SUB-TEHSIL","18 - 60",8677,4309,4368,NA,8677,4309,4368,NA,NA,NA,NA,NA,NA
"BALOCHISTAN","QUETTA","QUETTA","PANJPAI","SUB-TEHSIL","18 &  ABOVE",9400,4745,4655,NA,9400,4745,4655,NA,NA,NA,NA,NA,NA
"BALOCHISTAN","QUETTA","QUETTA","PANJPAI","SUB-TEHSIL","60 &  ABOVE",798,478,320,NA,798,478,320,NA,NA,NA,NA,NA,NA
"BALOCHISTAN","QUETTA","QUETTA","PANJPAI","SUB-TEHSIL","65 &  ABOVE",500,311,189,NA,500,311,189,NA,NA,NA,NA,NA,NA
"BALOCHISTAN","ZHOB","SHERANI","SHERANI","SUB-DIVISION","ALL AGES",191673,105338,86329,6,191673,105338,86329,6,NA,NA,NA,NA,NA
"BALOCHISTAN","ZHOB","SHERANI","SHERANI","SUB-DIVISION","UNDER 1",4712,2672,2040,NA,4712,2672,2040,NA,NA,NA,NA,NA,NA
"BALOCHISTAN","ZHOB","SHERANI","SHERANI","SUB-DIVISION","UNDER 5",41653,23661,17992,NA,41653,23661,17992,NA,NA,NA,NA,NA,NA
"BALOCHISTAN","ZHOB","SHERANI","SHERANI","SUB-DIVISION","UNDER 10",75400,43083,32317,NA,75400,43083,32317,NA,NA,NA,NA,NA,NA
"BALOCHISTAN","ZHOB","SHERANI","SHERANI","SUB-DIVISION","UNDER 15",103341,59468,43873,NA,103341,59468,43873,NA,NA,NA,NA,NA,NA
"BALOCHISTAN","ZHOB","SHERANI","SHERANI","SUB-DIVISION","05 - 24",97856,55384,42467,5,97856,55384,42467,5,NA,NA,NA,NA,NA
"BALOCHISTAN","ZHOB","SHERANI","SHERANI","SUB-DIVISION","15 - 49",78143,40158,37979,6,78143,40158,37979,6,NA,NA,NA,NA,NA
"BALOCHISTAN","ZHOB","SHERANI","SHERANI","SUB-DIVISION","15 - 64",85604,44255,41343,6,85604,44255,41343,6,NA,NA,NA,NA,NA
"BALOCHISTAN","ZHOB","SHERANI","SHERANI","SUB-DIVISION","18 - 60",68721,34013,34707,1,68721,34013,34707,1,NA,NA,NA,NA,NA
"BALOCHISTAN","ZHOB","SHERANI","SHERANI","SUB-DIVISION","18 &  ABOVE",72564,36312,36251,1,72564,36312,36251,1,NA,NA,NA,NA,NA
"BALOCHISTAN","ZHOB","SHERANI","SHERANI","SUB-DIVISION","60 &  ABOVE",4377,2616,1761,NA,4377,2616,1761,NA,NA,NA,NA,NA,NA
"BALOCHISTAN","ZHOB","SHERANI","SHERANI","SUB-DIVISION","65 &  ABOVE",2728,1615,1113,NA,2728,1615,1113,NA,NA,NA,NA,NA,NA
"BALOCHISTAN","SIBI","SIBI","KOT MANDAI","SUB-TEHSIL","ALL AGES",9748,5133,4615,NA,9748,5133,4615,NA,NA,NA,NA,NA,NA
"BALOCHISTAN","SIBI","SIBI","KOT MANDAI","SUB-TEHSIL","UNDER 1",182,83,99,NA,182,83,99,NA,NA,NA,NA,NA,NA
"BALOCHISTAN","SIBI","SIBI","KOT MANDAI","SUB-TEHSIL","UNDER 5",2100,1014,1086,NA,2100,1014,1086,NA,NA,NA,NA,NA,NA
"BALOCHISTAN","SIBI","SIBI","KOT MANDAI","SUB-TEHSIL","UNDER 10",4002,2060,1942,NA,4002,2060,1942,NA,NA,NA,NA,NA,NA
"BALOCHISTAN","SIBI","SIBI","KOT MANDAI","SUB-TEHSIL","UNDER 15",5369,2878,2491,NA,5369,2878,2491,NA,NA,NA,NA,NA,NA
"BALOCHISTAN","SIBI","SIBI","KOT MANDAI","SUB-TEHSIL","05 - 24",4793,2692,2101,NA,4793,2692,2101,NA,NA,NA,NA,NA,NA
"BALOCHISTAN","SIBI","SIBI","KOT MANDAI","SUB-TEHSIL","15 - 49",3890,1958,1932,NA,3890,1958,1932,NA,NA,NA,NA,NA,NA
"BALOCHISTAN","SIBI","SIBI","KOT MANDAI","SUB-TEHSIL","15 - 64",4275,2198,2077,NA,4275,2198,2077,NA,NA,NA,NA,NA,NA
"BALOCHISTAN","SIBI","SIBI","KOT MANDAI","SUB-TEHSIL","18 - 60",3705,1833,1872,NA,3705,1833,1872,NA,NA,NA,NA,NA,NA
"BALOCHISTAN","SIBI","SIBI","KOT MANDAI","SUB-TEHSIL","18 &  ABOVE",3853,1918,1935,NA,3853,1918,1935,NA,NA,NA,NA,NA,NA
"BALOCHISTAN","SIBI","SIBI","KOT MANDAI","SUB-TEHSIL","60 &  ABOVE",184,106,78,NA,184,106,78,NA,NA,NA,NA,NA,NA
"BALOCHISTAN","SIBI","SIBI","KOT MANDAI","SUB-TEHSIL","65 &  ABOVE",104,57,47,NA,104,57,47,NA,NA,NA,NA,NA,NA
"BALOCHISTAN","SIBI","SIBI","LEHRI","SUB-DIVISION","ALL AGES",53999,27492,26505,2,53999,27492,26505,2,NA,NA,NA,NA,NA
"BALOCHISTAN","SIBI","SIBI","LEHRI","SUB-DIVISION","UNDER 1",1320,644,676,NA,1320,644,676,NA,NA,NA,NA,NA,NA
"BALOCHISTAN","SIBI","SIBI","LEHRI","SUB-DIVISION","UNDER 5",12142,6082,6060,NA,12142,6082,6060,NA,NA,NA,NA,NA,NA
"BALOCHISTAN","SIBI","SIBI","LEHRI","SUB-DIVISION","UNDER 10",22446,11227,11219,NA,22446,11227,11219,NA,NA,NA,NA,NA,NA
"BALOCHISTAN","SIBI","SIBI","LEHRI","SUB-DIVISION","UNDER 15",30009,15179,14830,NA,30009,15179,14830,NA,NA,NA,NA,NA,NA
"BALOCHISTAN","SIBI","SIBI","LEHRI","SUB-DIVISION","05 - 24",26592,13678,12914,NA,26592,13678,12914,NA,NA,NA,NA,NA,NA
"BALOCHISTAN","SIBI","SIBI","LEHRI","SUB-DIVISION","15 - 49",19661,10026,9635,NA,19661,10026,9635,NA,NA,NA,NA,NA,NA
"BALOCHISTAN","SIBI","SIBI","LEHRI","SUB-DIVISION","15 - 64",22839,11687,11152,NA,22839,11687,11152,NA,NA,NA,NA,NA,NA
"BALOCHISTAN","SIBI","SIBI","LEHRI","SUB-DIVISION","18 - 60",18452,9289,9163,NA,18452,9289,9163,NA,NA,NA,NA,NA,NA
"BALOCHISTAN","SIBI","SIBI","LEHRI","SUB-DIVISION","18 &  ABOVE",20136,10198,9936,2,20136,10198,9936,2,NA,NA,NA,NA,NA
"BALOCHISTAN","SIBI","SIBI","LEHRI","SUB-DIVISION","60 &  ABOVE",1898,1017,879,2,1898,1017,879,2,NA,NA,NA,NA,NA
"BALOCHISTAN","SIBI","SIBI","LEHRI","SUB-DIVISION","65 &  ABOVE",1151,626,523,2,1151,626,523,2,NA,NA,NA,NA,NA
"BALOCHISTAN","SIBI","SIBI","SANGAN","SUB-TEHSIL","ALL AGES",5431,2704,2727,NA,5431,2704,2727,NA,NA,NA,NA,NA,NA
"BALOCHISTAN","SIBI","SIBI","SANGAN","SUB-TEHSIL","UNDER 1",56,30,26,NA,56,30,26,NA,NA,NA,NA,NA,NA
"BALOCHISTAN","SIBI","SIBI","SANGAN","SUB-TEHSIL","UNDER 5",1056,581,475,NA,1056,581,475,NA,NA,NA,NA,NA,NA
"BALOCHISTAN","SIBI","SIBI","SANGAN","SUB-TEHSIL","UNDER 10",1920,1003,917,NA,1920,1003,917,NA,NA,NA,NA,NA,NA
"BALOCHISTAN","SIBI","SIBI","SANGAN","SUB-TEHSIL","UNDER 15",2741,1412,1329,NA,2741,1412,1329,NA,NA,NA,NA,NA,NA
"BALOCHISTAN","SIBI","SIBI","SANGAN","SUB-TEHSIL","05 - 24",3138,1573,1565,NA,3138,1573,1565,NA,NA,NA,NA,NA,NA
"BALOCHISTAN","SIBI","SIBI","SANGAN","SUB-TEHSIL","15 - 49",2496,1178,1318,NA,2496,1178,1318,NA,NA,NA,NA,NA,NA
"BALOCHISTAN","SIBI","SIBI","SANGAN","SUB-TEHSIL","15 - 64",2645,1275,1370,NA,2645,1275,1370,NA,NA,NA,NA,NA,NA
"BALOCHISTAN","SIBI","SIBI","SANGAN","SUB-TEHSIL","18 - 60",2149,999,1150,NA,2149,999,1150,NA,NA,NA,NA,NA,NA
"BALOCHISTAN","SIBI","SIBI","SANGAN","SUB-TEHSIL","18 &  ABOVE",2211,1029,1182,NA,2211,1029,1182,NA,NA,NA,NA,NA,NA
"BALOCHISTAN","SIBI","SIBI","SANGAN","SUB-TEHSIL","60 &  ABOVE",70,35,35,NA,70,35,35,NA,NA,NA,NA,NA,NA
"BALOCHISTAN","SIBI","SIBI","SANGAN","SUB-TEHSIL","65 &  ABOVE",45,17,28,NA,45,17,28,NA,NA,NA,NA,NA,NA
"BALOCHISTAN","SIBI","SIBI","SIBI","SUB-DIVISION","ALL AGES",154970,79704,75263,3,85670,44610,41057,3,69300,35094,34206,NA,NA
"BALOCHISTAN","SIBI","SIBI","SIBI","SUB-DIVISION","UNDER 1",2983,1520,1463,NA,1378,679,699,NA,1605,841,764,NA,NA
"BALOCHISTAN","SIBI","SIBI","SIBI","SUB-DIVISION","UNDER 5",28136,14536,13600,NA,16583,8647,7936,NA,11553,5889,5664,NA,NA
"BALOCHISTAN","SIBI","SIBI","SIBI","SUB-DIVISION","UNDER 10",51245,26462,24783,NA,31179,16469,14710,NA,20066,9993,10073,NA,NA
"BALOCHISTAN","SIBI","SIBI","SIBI","SUB-DIVISION","UNDER 15",70517,36214,34303,NA,42768,22456,20312,NA,27749,13758,13991,NA,NA
"BALOCHISTAN","SIBI","SIBI","SIBI","SUB-DIVISION","05 - 24",71227,36380,34845,2,42006,22009,19995,2,29221,14371,14850,NA,NA
"BALOCHISTAN","SIBI","SIBI","SIBI","SUB-DIVISION","15 - 49",70289,35699,34587,3,36413,18562,17848,3,33876,17137,16739,NA,NA
"BALOCHISTAN","SIBI","SIBI","SIBI","SUB-DIVISION","15 - 64",80808,41525,39280,3,41204,21230,19971,3,39604,20295,19309,NA,NA
"BALOCHISTAN","SIBI","SIBI","SIBI","SUB-DIVISION","18 - 60",68807,35229,33576,2,34650,17759,16889,2,34157,17470,16687,NA,NA
"BALOCHISTAN","SIBI","SIBI","SIBI","SUB-DIVISION","18 &  ABOVE",74254,38216,36036,2,37107,19117,17988,2,37147,19099,18048,NA,NA
"BALOCHISTAN","SIBI","SIBI","SIBI","SUB-DIVISION","60 &  ABOVE",6027,3304,2723,NA,2725,1514,1211,NA,3302,1790,1512,NA,NA
"BALOCHISTAN","SIBI","SIBI","SIBI","SUB-DIVISION","65 &  ABOVE",3645,1965,1680,NA,1698,924,774,NA,1947,1041,906,NA,NA
"BALOCHISTAN","NASIRABAD","SOHBATPUR","FARIDABAD","TEHSIL","ALL AGES",68948,35135,33813,NA,68948,35135,33813,NA,NA,NA,NA,NA,NA
"BALOCHISTAN","NASIRABAD","SOHBATPUR","FARIDABAD","TEHSIL","UNDER 1",2189,1125,1064,NA,2189,1125,1064,NA,NA,NA,NA,NA,NA
"BALOCHISTAN","NASIRABAD","SOHBATPUR","FARIDABAD","TEHSIL","UNDER 5",17232,8978,8254,NA,17232,8978,8254,NA,NA,NA,NA,NA,NA
"BALOCHISTAN","NASIRABAD","SOHBATPUR","FARIDABAD","TEHSIL","UNDER 10",30180,15612,14568,NA,30180,15612,14568,NA,NA,NA,NA,NA,NA
"BALOCHISTAN","NASIRABAD","SOHBATPUR","FARIDABAD","TEHSIL","UNDER 15",39324,20200,19124,NA,39324,20200,19124,NA,NA,NA,NA,NA,NA
"BALOCHISTAN","NASIRABAD","SOHBATPUR","FARIDABAD","TEHSIL","05 - 24",32891,16758,16133,NA,32891,16758,16133,NA,NA,NA,NA,NA,NA
"BALOCHISTAN","NASIRABAD","SOHBATPUR","FARIDABAD","TEHSIL","15 - 49",24708,12493,12215,NA,24708,12493,12215,NA,NA,NA,NA,NA,NA
"BALOCHISTAN","NASIRABAD","SOHBATPUR","FARIDABAD","TEHSIL","15 - 64",28240,14239,14001,NA,28240,14239,14001,NA,NA,NA,NA,NA,NA
"BALOCHISTAN","NASIRABAD","SOHBATPUR","FARIDABAD","TEHSIL","18 - 60",23461,11777,11684,NA,23461,11777,11684,NA,NA,NA,NA,NA,NA
"BALOCHISTAN","NASIRABAD","SOHBATPUR","FARIDABAD","TEHSIL","18 &  ABOVE",25543,12837,12706,NA,25543,12837,12706,NA,NA,NA,NA,NA,NA
"BALOCHISTAN","NASIRABAD","SOHBATPUR","FARIDABAD","TEHSIL","60 &  ABOVE",2271,1151,1120,NA,2271,1151,1120,NA,NA,NA,NA,NA,NA
"BALOCHISTAN","NASIRABAD","SOHBATPUR","FARIDABAD","TEHSIL","65 &  ABOVE",1384,696,688,NA,1384,696,688,NA,NA,NA,NA,NA,NA
"BALOCHISTAN","NASIRABAD","SOHBATPUR","HAIR DIN","TEHSIL","ALL AGES",16891,8439,8452,NA,16891,8439,8452,NA,NA,NA,NA,NA,NA
"BALOCHISTAN","NASIRABAD","SOHBATPUR","HAIR DIN","TEHSIL","UNDER 1",494,217,277,NA,494,217,277,NA,NA,NA,NA,NA,NA
"BALOCHISTAN","NASIRABAD","SOHBATPUR","HAIR DIN","TEHSIL","UNDER 5",3562,1701,1861,NA,3562,1701,1861,NA,NA,NA,NA,NA,NA
"BALOCHISTAN","NASIRABAD","SOHBATPUR","HAIR DIN","TEHSIL","UNDER 10",7072,3514,3558,NA,7072,3514,3558,NA,NA,NA,NA,NA,NA
"BALOCHISTAN","NASIRABAD","SOHBATPUR","HAIR DIN","TEHSIL","UNDER 15",9435,4714,4721,NA,9435,4714,4721,NA,NA,NA,NA,NA,NA
"BALOCHISTAN","NASIRABAD","SOHBATPUR","HAIR DIN","TEHSIL","05 - 24",8559,4369,4190,NA,8559,4369,4190,NA,NA,NA,NA,NA,NA
"BALOCHISTAN","NASIRABAD","SOHBATPUR","HAIR DIN","TEHSIL","15 - 49",6215,3092,3123,NA,6215,3092,3123,NA,NA,NA,NA,NA,NA
"BALOCHISTAN","NASIRABAD","SOHBATPUR","HAIR DIN","TEHSIL","15 - 64",7150,3574,3576,NA,7150,3574,3576,NA,NA,NA,NA,NA,NA
"BALOCHISTAN","NASIRABAD","SOHBATPUR","HAIR DIN","TEHSIL","18 - 60",5988,2949,3039,NA,5988,2949,3039,NA,NA,NA,NA,NA,NA
"BALOCHISTAN","NASIRABAD","SOHBATPUR","HAIR DIN","TEHSIL","18 &  ABOVE",6455,3190,3265,NA,6455,3190,3265,NA,NA,NA,NA,NA,NA
"BALOCHISTAN","NASIRABAD","SOHBATPUR","HAIR DIN","TEHSIL","60 &  ABOVE",508,266,242,NA,508,266,242,NA,NA,NA,NA,NA,NA
"BALOCHISTAN","NASIRABAD","SOHBATPUR","HAIR DIN","TEHSIL","65 &  ABOVE",306,151,155,NA,306,151,155,NA,NA,NA,NA,NA,NA
"BALOCHISTAN","NASIRABAD","SOHBATPUR","MANJHIPUR","TEHSIL","ALL AGES",23624,11876,11748,NA,23624,11876,11748,NA,NA,NA,NA,NA,NA
"BALOCHISTAN","NASIRABAD","SOHBATPUR","MANJHIPUR","TEHSIL","UNDER 1",1273,628,645,NA,1273,628,645,NA,NA,NA,NA,NA,NA
"BALOCHISTAN","NASIRABAD","SOHBATPUR","MANJHIPUR","TEHSIL","UNDER 5",6912,3524,3388,NA,6912,3524,3388,NA,NA,NA,NA,NA,NA
"BALOCHISTAN","NASIRABAD","SOHBATPUR","MANJHIPUR","TEHSIL","UNDER 10",10956,5525,5431,NA,10956,5525,5431,NA,NA,NA,NA,NA,NA
"BALOCHISTAN","NASIRABAD","SOHBATPUR","MANJHIPUR","TEHSIL","UNDER 15",13995,7056,6939,NA,13995,7056,6939,NA,NA,NA,NA,NA,NA
"BALOCHISTAN","NASIRABAD","SOHBATPUR","MANJHIPUR","TEHSIL","05 - 24",10591,5261,5330,NA,10591,5261,5330,NA,NA,NA,NA,NA,NA
"BALOCHISTAN","NASIRABAD","SOHBATPUR","MANJHIPUR","TEHSIL","15 - 49",8076,4045,4031,NA,8076,4045,4031,NA,NA,NA,NA,NA,NA
"BALOCHISTAN","NASIRABAD","SOHBATPUR","MANJHIPUR","TEHSIL","15 - 64",9222,4632,4590,NA,9222,4632,4590,NA,NA,NA,NA,NA,NA
"BALOCHISTAN","NASIRABAD","SOHBATPUR","MANJHIPUR","TEHSIL","18 - 60",7654,3862,3792,NA,7654,3862,3792,NA,NA,NA,NA,NA,NA
"BALOCHISTAN","NASIRABAD","SOHBATPUR","MANJHIPUR","TEHSIL","18 &  ABOVE",8280,4163,4117,NA,8280,4163,4117,NA,NA,NA,NA,NA,NA
"BALOCHISTAN","NASIRABAD","SOHBATPUR","MANJHIPUR","TEHSIL","60 &  ABOVE",681,333,348,NA,681,333,348,NA,NA,NA,NA,NA,NA
"BALOCHISTAN","NASIRABAD","SOHBATPUR","MANJHIPUR","TEHSIL","65 &  ABOVE",407,188,219,NA,407,188,219,NA,NA,NA,NA,NA,NA
"BALOCHISTAN","NASIRABAD","SOHBATPUR","PANHWAR","TEHSIL","ALL AGES",47624,24939,22685,NA,47624,24939,22685,NA,NA,NA,NA,NA,NA
"BALOCHISTAN","NASIRABAD","SOHBATPUR","PANHWAR","TEHSIL","UNDER 1",1312,697,615,NA,1312,697,615,NA,NA,NA,NA,NA,NA
"BALOCHISTAN","NASIRABAD","SOHBATPUR","PANHWAR","TEHSIL","UNDER 5",11100,5794,5306,NA,11100,5794,5306,NA,NA,NA,NA,NA,NA
"BALOCHISTAN","NASIRABAD","SOHBATPUR","PANHWAR","TEHSIL","UNDER 10",20671,10857,9814,NA,20671,10857,9814,NA,NA,NA,NA,NA,NA
"BALOCHISTAN","NASIRABAD","SOHBATPUR","PANHWAR","TEHSIL","UNDER 15",26715,14148,12567,NA,26715,14148,12567,NA,NA,NA,NA,NA,NA
"BALOCHISTAN","NASIRABAD","SOHBATPUR","PANHWAR","TEHSIL","05 - 24",23075,12280,10795,NA,23075,12280,10795,NA,NA,NA,NA,NA,NA
"BALOCHISTAN","NASIRABAD","SOHBATPUR","PANHWAR","TEHSIL","15 - 49",17507,8985,8522,NA,17507,8985,8522,NA,NA,NA,NA,NA,NA
"BALOCHISTAN","NASIRABAD","SOHBATPUR","PANHWAR","TEHSIL","15 - 64",19914,10264,9650,NA,19914,10264,9650,NA,NA,NA,NA,NA,NA
"BALOCHISTAN","NASIRABAD","SOHBATPUR","PANHWAR","TEHSIL","18 - 60",16810,8536,8274,NA,16810,8536,8274,NA,NA,NA,NA,NA,NA
"BALOCHISTAN","NASIRABAD","SOHBATPUR","PANHWAR","TEHSIL","18 &  ABOVE",18246,9313,8933,NA,18246,9313,8933,NA,NA,NA,NA,NA,NA
"BALOCHISTAN","NASIRABAD","SOHBATPUR","PANHWAR","TEHSIL","60 &  ABOVE",1580,852,728,NA,1580,852,728,NA,NA,NA,NA,NA,NA
"BALOCHISTAN","NASIRABAD","SOHBATPUR","PANHWAR","TEHSIL","65 &  ABOVE",995,527,468,NA,995,527,468,NA,NA,NA,NA,NA,NA
"BALOCHISTAN","NASIRABAD","SOHBATPUR","SAEED MUHAMMAD KANRANI","TEHSIL","ALL AGES",18175,8998,9176,1,18175,8998,9176,1,NA,NA,NA,NA,NA
"BALOCHISTAN","NASIRABAD","SOHBATPUR","SAEED MUHAMMAD KANRANI","TEHSIL","UNDER 1",564,287,277,NA,564,287,277,NA,NA,NA,NA,NA,NA
"BALOCHISTAN","NASIRABAD","SOHBATPUR","SAEED MUHAMMAD KANRANI","TEHSIL","UNDER 5",4545,2242,2303,NA,4545,2242,2303,NA,NA,NA,NA,NA,NA
"BALOCHISTAN","NASIRABAD","SOHBATPUR","SAEED MUHAMMAD KANRANI","TEHSIL","UNDER 10",8169,3974,4195,NA,8169,3974,4195,NA,NA,NA,NA,NA,NA
"BALOCHISTAN","NASIRABAD","SOHBATPUR","SAEED MUHAMMAD KANRANI","TEHSIL","UNDER 15",10704,5246,5458,NA,10704,5246,5458,NA,NA,NA,NA,NA,NA
"BALOCHISTAN","NASIRABAD","SOHBATPUR","SAEED MUHAMMAD KANRANI","TEHSIL","05 - 24",8985,4428,4556,1,8985,4428,4556,1,NA,NA,NA,NA,NA
"BALOCHISTAN","NASIRABAD","SOHBATPUR","SAEED MUHAMMAD KANRANI","TEHSIL","15 - 49",6184,3116,3067,1,6184,3116,3067,1,NA,NA,NA,NA,NA
"BALOCHISTAN","NASIRABAD","SOHBATPUR","SAEED MUHAMMAD KANRANI","TEHSIL","15 - 64",7138,3592,3545,1,7138,3592,3545,1,NA,NA,NA,NA,NA
"BALOCHISTAN","NASIRABAD","SOHBATPUR","SAEED MUHAMMAD KANRANI","TEHSIL","18 - 60",5604,2789,2815,NA,5604,2789,2815,NA,NA,NA,NA,NA,NA
"BALOCHISTAN","NASIRABAD","SOHBATPUR","SAEED MUHAMMAD KANRANI","TEHSIL","18 &  ABOVE",6140,3046,3094,NA,6140,3046,3094,NA,NA,NA,NA,NA,NA
"BALOCHISTAN","NASIRABAD","SOHBATPUR","SAEED MUHAMMAD KANRANI","TEHSIL","60 &  ABOVE",567,272,295,NA,567,272,295,NA,NA,NA,NA,NA,NA
"BALOCHISTAN","NASIRABAD","SOHBATPUR","SAEED MUHAMMAD KANRANI","TEHSIL","65 &  ABOVE",333,160,173,NA,333,160,173,NA,NA,NA,NA,NA,NA
"BALOCHISTAN","NASIRABAD","SOHBATPUR","SOHBATPUR","SUB-DIVISION","ALL AGES",64844,32476,32367,1,50116,24992,25123,1,14728,7484,7244,NA,NA
"BALOCHISTAN","NASIRABAD","SOHBATPUR","SOHBATPUR","SUB-DIVISION","UNDER 1",2336,1101,1235,NA,1796,837,959,NA,540,264,276,NA,NA
"BALOCHISTAN","NASIRABAD","SOHBATPUR","SOHBATPUR","SUB-DIVISION","UNDER 5",14381,7041,7340,NA,11266,5494,5772,NA,3115,1547,1568,NA,NA
"BALOCHISTAN","NASIRABAD","SOHBATPUR","SOHBATPUR","SUB-DIVISION","UNDER 10",26177,12950,13227,NA,20160,9912,10248,NA,6017,3038,2979,NA,NA
"BALOCHISTAN","NASIRABAD","SOHBATPUR","SOHBATPUR","SUB-DIVISION","UNDER 15",35607,17800,17806,1,27108,13466,13641,1,8499,4334,4165,NA,NA
"BALOCHISTAN","NASIRABAD","SOHBATPUR","SOHBATPUR","SUB-DIVISION","05 - 24",32133,16336,15796,1,24213,12237,11975,1,7920,4099,3821,NA,NA
"BALOCHISTAN","NASIRABAD","SOHBATPUR","SOHBATPUR","SUB-DIVISION","15 - 49",24670,12424,12246,NA,19422,9778,9644,NA,5248,2646,2602,NA,NA
"BALOCHISTAN","NASIRABAD","SOHBATPUR","SOHBATPUR","SUB-DIVISION","15 - 64",27989,14083,13906,NA,22007,11051,10956,NA,5982,3032,2950,NA,NA
"BALOCHISTAN","NASIRABAD","SOHBATPUR","SOHBATPUR","SUB-DIVISION","18 - 60",23260,11592,11668,NA,18649,9305,9344,NA,4611,2287,2324,NA,NA
"BALOCHISTAN","NASIRABAD","SOHBATPUR","SOHBATPUR","SUB-DIVISION","18 &  ABOVE",25147,12502,12645,NA,20140,10024,10116,NA,5007,2478,2529,NA,NA
"BALOCHISTAN","NASIRABAD","SOHBATPUR","SOHBATPUR","SUB-DIVISION","60 &  ABOVE",2076,1004,1072,NA,1650,796,854,NA,426,208,218,NA,NA
"BALOCHISTAN","NASIRABAD","SOHBATPUR","SOHBATPUR","SUB-DIVISION","65 &  ABOVE",1248,593,655,NA,1001,475,526,NA,247,118,129,NA,NA
"BALOCHISTAN","KALAT","SURAB","DASHT E GORAN","SUB-DIVISION","ALL AGES",27503,14948,12549,6,27503,14948,12549,6,NA,NA,NA,NA,NA
"BALOCHISTAN","KALAT","SURAB","DASHT E GORAN","SUB-DIVISION","UNDER 1",1058,593,465,NA,1058,593,465,NA,NA,NA,NA,NA,NA
"BALOCHISTAN","KALAT","SURAB","DASHT E GORAN","SUB-DIVISION","UNDER 5",7585,4220,3365,NA,7585,4220,3365,NA,NA,NA,NA,NA,NA
"BALOCHISTAN","KALAT","SURAB","DASHT E GORAN","SUB-DIVISION","UNDER 10",13544,7620,5924,NA,13544,7620,5924,NA,NA,NA,NA,NA,NA
"BALOCHISTAN","KALAT","SURAB","DASHT E GORAN","SUB-DIVISION","UNDER 15",17154,9628,7526,NA,17154,9628,7526,NA,NA,NA,NA,NA,NA
"BALOCHISTAN","KALAT","SURAB","DASHT E GORAN","SUB-DIVISION","05 - 24",14390,8185,6199,6,14390,8185,6199,6,NA,NA,NA,NA,NA
"BALOCHISTAN","KALAT","SURAB","DASHT E GORAN","SUB-DIVISION","15 - 49",9495,4909,4580,6,9495,4909,4580,6,NA,NA,NA,NA,NA
"BALOCHISTAN","KALAT","SURAB","DASHT E GORAN","SUB-DIVISION","15 - 64",10110,5198,4906,6,10110,5198,4906,6,NA,NA,NA,NA,NA
"BALOCHISTAN","KALAT","SURAB","DASHT E GORAN","SUB-DIVISION","18 - 60",8319,4131,4186,2,8319,4131,4186,2,NA,NA,NA,NA,NA
"BALOCHISTAN","KALAT","SURAB","DASHT E GORAN","SUB-DIVISION","18 &  ABOVE",8638,4296,4340,2,8638,4296,4340,2,NA,NA,NA,NA,NA
"BALOCHISTAN","KALAT","SURAB","DASHT E GORAN","SUB-DIVISION","60 &  ABOVE",350,182,168,NA,350,182,168,NA,NA,NA,NA,NA,NA
"BALOCHISTAN","KALAT","SURAB","DASHT E GORAN","SUB-DIVISION","65 &  ABOVE",239,122,117,NA,239,122,117,NA,NA,NA,NA,NA,NA
"BALOCHISTAN","KALAT","SURAB","GIDDER","SUB-DIVISION","ALL AGES",89631,46371,43260,NA,89631,46371,43260,NA,NA,NA,NA,NA,NA
"BALOCHISTAN","KALAT","SURAB","GIDDER","SUB-DIVISION","UNDER 1",2401,1161,1240,NA,2401,1161,1240,NA,NA,NA,NA,NA,NA
"BALOCHISTAN","KALAT","SURAB","GIDDER","SUB-DIVISION","UNDER 5",19643,10146,9497,NA,19643,10146,9497,NA,NA,NA,NA,NA,NA
"BALOCHISTAN","KALAT","SURAB","GIDDER","SUB-DIVISION","UNDER 10",34843,18214,16629,NA,34843,18214,16629,NA,NA,NA,NA,NA,NA
"BALOCHISTAN","KALAT","SURAB","GIDDER","SUB-DIVISION","UNDER 15",46224,24396,21828,NA,46224,24396,21828,NA,NA,NA,NA,NA,NA
"BALOCHISTAN","KALAT","SURAB","GIDDER","SUB-DIVISION","05 - 24",46271,24127,22144,NA,46271,24127,22144,NA,NA,NA,NA,NA,NA
"BALOCHISTAN","KALAT","SURAB","GIDDER","SUB-DIVISION","15 - 49",38925,19563,19362,NA,38925,19563,19362,NA,NA,NA,NA,NA,NA
"BALOCHISTAN","KALAT","SURAB","GIDDER","SUB-DIVISION","15 - 64",42085,21212,20873,NA,42085,21212,20873,NA,NA,NA,NA,NA,NA
"BALOCHISTAN","KALAT","SURAB","GIDDER","SUB-DIVISION","18 - 60",34972,17297,17675,NA,34972,17297,17675,NA,NA,NA,NA,NA,NA
"BALOCHISTAN","KALAT","SURAB","GIDDER","SUB-DIVISION","18 &  ABOVE",36834,18349,18485,NA,36834,18349,18485,NA,NA,NA,NA,NA,NA
"BALOCHISTAN","KALAT","SURAB","GIDDER","SUB-DIVISION","60 &  ABOVE",2135,1214,921,NA,2135,1214,921,NA,NA,NA,NA,NA,NA
"BALOCHISTAN","KALAT","SURAB","GIDDER","SUB-DIVISION","65 &  ABOVE",1322,763,559,NA,1322,763,559,NA,NA,NA,NA,NA,NA
"BALOCHISTAN","KALAT","SURAB","SHAHEED MEHARABAD ZEHRI","SUB-DIVISION","ALL AGES",66435,33725,32704,6,66435,33725,32704,6,NA,NA,NA,NA,NA
"BALOCHISTAN","KALAT","SURAB","SHAHEED MEHARABAD ZEHRI","SUB-DIVISION","UNDER 1",1830,913,917,NA,1830,913,917,NA,NA,NA,NA,NA,NA
"BALOCHISTAN","KALAT","SURAB","SHAHEED MEHARABAD ZEHRI","SUB-DIVISION","UNDER 5",14825,7414,7411,NA,14825,7414,7411,NA,NA,NA,NA,NA,NA
"BALOCHISTAN","KALAT","SURAB","SHAHEED MEHARABAD ZEHRI","SUB-DIVISION","UNDER 10",26689,13411,13278,NA,26689,13411,13278,NA,NA,NA,NA,NA,NA
"BALOCHISTAN","KALAT","SURAB","SHAHEED MEHARABAD ZEHRI","SUB-DIVISION","UNDER 15",35311,17959,17352,NA,35311,17959,17352,NA,NA,NA,NA,NA,NA
"BALOCHISTAN","KALAT","SURAB","SHAHEED MEHARABAD ZEHRI","SUB-DIVISION","05 - 24",33314,16985,16328,1,33314,16985,16328,1,NA,NA,NA,NA,NA
"BALOCHISTAN","KALAT","SURAB","SHAHEED MEHARABAD ZEHRI","SUB-DIVISION","15 - 49",26832,13510,13316,6,26832,13510,13316,6,NA,NA,NA,NA,NA
"BALOCHISTAN","KALAT","SURAB","SHAHEED MEHARABAD ZEHRI","SUB-DIVISION","15 - 64",29993,15128,14859,6,29993,15128,14859,6,NA,NA,NA,NA,NA
"BALOCHISTAN","KALAT","SURAB","SHAHEED MEHARABAD ZEHRI","SUB-DIVISION","18 - 60",25451,12617,12828,6,25451,12617,12828,6,NA,NA,NA,NA,NA
"BALOCHISTAN","KALAT","SURAB","SHAHEED MEHARABAD ZEHRI","SUB-DIVISION","18 &  ABOVE",27097,13550,13541,6,27097,13550,13541,6,NA,NA,NA,NA,NA
"BALOCHISTAN","KALAT","SURAB","SHAHEED MEHARABAD ZEHRI","SUB-DIVISION","60 &  ABOVE",1899,1083,816,NA,1899,1083,816,NA,NA,NA,NA,NA,NA
"BALOCHISTAN","KALAT","SURAB","SHAHEED MEHARABAD ZEHRI","SUB-DIVISION","65 &  ABOVE",1131,638,493,NA,1131,638,493,NA,NA,NA,NA,NA,NA
"BALOCHISTAN","KALAT","SURAB","SURAB","SUB-DIVISION","ALL AGES",95469,46604,48859,6,59001,29473,29522,6,36468,17131,19337,NA,NA
"BALOCHISTAN","KALAT","SURAB","SURAB","SUB-DIVISION","UNDER 1",2374,1232,1142,NA,1120,600,520,NA,1254,632,622,NA,NA
"BALOCHISTAN","KALAT","SURAB","SURAB","SUB-DIVISION","UNDER 5",22217,11146,11071,NA,12761,6683,6078,NA,9456,4463,4993,NA,NA
"BALOCHISTAN","KALAT","SURAB","SURAB","SUB-DIVISION","UNDER 10",39539,19502,20037,NA,24165,12359,11806,NA,15374,7143,8231,NA,NA
"BALOCHISTAN","KALAT","SURAB","SURAB","SUB-DIVISION","UNDER 15",52735,25736,26999,NA,33110,16680,16430,NA,19625,9056,10569,NA,NA
"BALOCHISTAN","KALAT","SURAB","SURAB","SUB-DIVISION","05 - 24",48866,23358,25502,6,31914,15688,16220,6,16952,7670,9282,NA,NA
"BALOCHISTAN","KALAT","SURAB","SURAB","SUB-DIVISION","15 - 49",37393,18072,19315,6,22752,11123,11623,6,14641,6949,7692,NA,NA
"BALOCHISTAN","KALAT","SURAB","SURAB","SUB-DIVISION","15 - 64",41304,20073,21225,6,25054,12309,12739,6,16250,7764,8486,NA,NA
"BALOCHISTAN","KALAT","SURAB","SURAB","SUB-DIVISION","18 - 60",33523,16178,17344,1,19796,9606,10189,1,13727,6572,7155,NA,NA
"BALOCHISTAN","KALAT","SURAB","SURAB","SUB-DIVISION","18 &  ABOVE",35608,17326,18281,1,20982,10285,10696,1,14626,7041,7585,NA,NA
"BALOCHISTAN","KALAT","SURAB","SURAB","SUB-DIVISION","60 &  ABOVE",2359,1295,1064,NA,1370,782,588,NA,989,513,476,NA,NA
"BALOCHISTAN","KALAT","SURAB","SURAB","SUB-DIVISION","65 &  ABOVE",1430,795,635,NA,837,484,353,NA,593,311,282,NA,NA
"BALOCHISTAN","RAKHSHAN","WASHUK","BESIMA","SUB-DIVISION","ALL AGES",63368,34434,28930,4,63368,34434,28930,4,NA,NA,NA,NA,NA
"BALOCHISTAN","RAKHSHAN","WASHUK","BESIMA","SUB-DIVISION","UNDER 1",2248,1273,975,NA,2248,1273,975,NA,NA,NA,NA,NA,NA
"BALOCHISTAN","RAKHSHAN","WASHUK","BESIMA","SUB-DIVISION","UNDER 5",15090,8562,6528,NA,15090,8562,6528,NA,NA,NA,NA,NA,NA
"BALOCHISTAN","RAKHSHAN","WASHUK","BESIMA","SUB-DIVISION","UNDER 10",26028,14885,11143,NA,26028,14885,11143,NA,NA,NA,NA,NA,NA
"BALOCHISTAN","RAKHSHAN","WASHUK","BESIMA","SUB-DIVISION","UNDER 15",34249,19471,14778,NA,34249,19471,14778,NA,NA,NA,NA,NA,NA
"BALOCHISTAN","RAKHSHAN","WASHUK","BESIMA","SUB-DIVISION","05 - 24",32450,17834,14613,3,32450,17834,14613,3,NA,NA,NA,NA,NA
"BALOCHISTAN","RAKHSHAN","WASHUK","BESIMA","SUB-DIVISION","15 - 49",25586,13028,12554,4,25586,13028,12554,4,NA,NA,NA,NA,NA
"BALOCHISTAN","RAKHSHAN","WASHUK","BESIMA","SUB-DIVISION","15 - 64",28110,14350,13756,4,28110,14350,13756,4,NA,NA,NA,NA,NA
"BALOCHISTAN","RAKHSHAN","WASHUK","BESIMA","SUB-DIVISION","18 - 60",21527,10707,10817,3,21527,10707,10817,3,NA,NA,NA,NA,NA
"BALOCHISTAN","RAKHSHAN","WASHUK","BESIMA","SUB-DIVISION","18 &  ABOVE",22963,11562,11398,3,22963,11562,11398,3,NA,NA,NA,NA,NA
"BALOCHISTAN","RAKHSHAN","WASHUK","BESIMA","SUB-DIVISION","60 &  ABOVE",1641,968,673,NA,1641,968,673,NA,NA,NA,NA,NA,NA
"BALOCHISTAN","RAKHSHAN","WASHUK","BESIMA","SUB-DIVISION","65 &  ABOVE",1009,613,396,NA,1009,613,396,NA,NA,NA,NA,NA,NA
"BALOCHISTAN","RAKHSHAN","WASHUK","MASHKHEL","SUB-DIVISION","ALL AGES",67142,36622,30513,7,67142,36622,30513,7,NA,NA,NA,NA,NA
"BALOCHISTAN","RAKHSHAN","WASHUK","MASHKHEL","SUB-DIVISION","UNDER 1",1123,554,569,NA,1123,554,569,NA,NA,NA,NA,NA,NA
"BALOCHISTAN","RAKHSHAN","WASHUK","MASHKHEL","SUB-DIVISION","UNDER 5",11885,6561,5324,NA,11885,6561,5324,NA,NA,NA,NA,NA,NA
"BALOCHISTAN","RAKHSHAN","WASHUK","MASHKHEL","SUB-DIVISION","UNDER 10",25630,14538,11092,NA,25630,14538,11092,NA,NA,NA,NA,NA,NA
"BALOCHISTAN","RAKHSHAN","WASHUK","MASHKHEL","SUB-DIVISION","UNDER 15",34928,19989,14937,2,34928,19989,14937,2,NA,NA,NA,NA,NA
"BALOCHISTAN","RAKHSHAN","WASHUK","MASHKHEL","SUB-DIVISION","05 - 24",33800,18884,14912,4,33800,18884,14912,4,NA,NA,NA,NA,NA
"BALOCHISTAN","RAKHSHAN","WASHUK","MASHKHEL","SUB-DIVISION","15 - 49",28206,14284,13917,5,28206,14284,13917,5,NA,NA,NA,NA,NA
"BALOCHISTAN","RAKHSHAN","WASHUK","MASHKHEL","SUB-DIVISION","15 - 64",31155,15966,15184,5,31155,15966,15184,5,NA,NA,NA,NA,NA
"BALOCHISTAN","RAKHSHAN","WASHUK","MASHKHEL","SUB-DIVISION","18 - 60",26752,13381,13368,3,26752,13381,13368,3,NA,NA,NA,NA,NA
"BALOCHISTAN","RAKHSHAN","WASHUK","MASHKHEL","SUB-DIVISION","18 &  ABOVE",28291,14346,13942,3,28291,14346,13942,3,NA,NA,NA,NA,NA
"BALOCHISTAN","RAKHSHAN","WASHUK","MASHKHEL","SUB-DIVISION","60 &  ABOVE",1797,1117,680,NA,1797,1117,680,NA,NA,NA,NA,NA,NA
"BALOCHISTAN","RAKHSHAN","WASHUK","MASHKHEL","SUB-DIVISION","65 &  ABOVE",1059,667,392,NA,1059,667,392,NA,NA,NA,NA,NA,NA
"BALOCHISTAN","RAKHSHAN","WASHUK","NAG","SUB-TEHSIL","ALL AGES",57467,31300,26154,13,57467,31300,26154,13,NA,NA,NA,NA,NA
"BALOCHISTAN","RAKHSHAN","WASHUK","NAG","SUB-TEHSIL","UNDER 1",1475,843,632,NA,1475,843,632,NA,NA,NA,NA,NA,NA
"BALOCHISTAN","RAKHSHAN","WASHUK","NAG","SUB-TEHSIL","UNDER 5",12394,6958,5436,NA,12394,6958,5436,NA,NA,NA,NA,NA,NA
"BALOCHISTAN","RAKHSHAN","WASHUK","NAG","SUB-TEHSIL","UNDER 10",22801,12737,10064,NA,22801,12737,10064,NA,NA,NA,NA,NA,NA
"BALOCHISTAN","RAKHSHAN","WASHUK","NAG","SUB-TEHSIL","UNDER 15",31534,17687,13846,1,31534,17687,13846,1,NA,NA,NA,NA,NA
"BALOCHISTAN","RAKHSHAN","WASHUK","NAG","SUB-TEHSIL","05 - 24",30907,16993,13906,8,30907,16993,13906,8,NA,NA,NA,NA,NA
"BALOCHISTAN","RAKHSHAN","WASHUK","NAG","SUB-TEHSIL","15 - 49",22643,11782,10851,10,22643,11782,10851,10,NA,NA,NA,NA,NA
"BALOCHISTAN","RAKHSHAN","WASHUK","NAG","SUB-TEHSIL","15 - 64",24897,13019,11866,12,24897,13019,11866,12,NA,NA,NA,NA,NA
"BALOCHISTAN","RAKHSHAN","WASHUK","NAG","SUB-TEHSIL","18 - 60",18431,9430,8993,8,18431,9430,8993,8,NA,NA,NA,NA,NA
"BALOCHISTAN","RAKHSHAN","WASHUK","NAG","SUB-TEHSIL","18 &  ABOVE",19871,10268,9595,8,19871,10268,9595,8,NA,NA,NA,NA,NA
"BALOCHISTAN","RAKHSHAN","WASHUK","NAG","SUB-TEHSIL","60 &  ABOVE",1602,932,670,NA,1602,932,670,NA,NA,NA,NA,NA,NA
"BALOCHISTAN","RAKHSHAN","WASHUK","NAG","SUB-TEHSIL","65 &  ABOVE",1036,594,442,NA,1036,594,442,NA,NA,NA,NA,NA,NA
"BALOCHISTAN","RAKHSHAN","WASHUK","SHAHOO GARHI","SUB-TEHSIL","ALL AGES",59061,31915,27145,1,59061,31915,27145,1,NA,NA,NA,NA,NA
"BALOCHISTAN","RAKHSHAN","WASHUK","SHAHOO GARHI","SUB-TEHSIL","UNDER 1",1609,910,699,NA,1609,910,699,NA,NA,NA,NA,NA,NA
"BALOCHISTAN","RAKHSHAN","WASHUK","SHAHOO GARHI","SUB-TEHSIL","UNDER 5",12232,6718,5514,NA,12232,6718,5514,NA,NA,NA,NA,NA,NA
"BALOCHISTAN","RAKHSHAN","WASHUK","SHAHOO GARHI","SUB-TEHSIL","UNDER 10",24479,13411,11068,NA,24479,13411,11068,NA,NA,NA,NA,NA,NA
"BALOCHISTAN","RAKHSHAN","WASHUK","SHAHOO GARHI","SUB-TEHSIL","UNDER 15",34613,19078,15535,NA,34613,19078,15535,NA,NA,NA,NA,NA,NA
"BALOCHISTAN","RAKHSHAN","WASHUK","SHAHOO GARHI","SUB-TEHSIL","05 - 24",32628,18033,14594,1,32628,18033,14594,1,NA,NA,NA,NA,NA
"BALOCHISTAN","RAKHSHAN","WASHUK","SHAHOO GARHI","SUB-TEHSIL","15 - 49",21243,11059,10183,1,21243,11059,10183,1,NA,NA,NA,NA,NA
"BALOCHISTAN","RAKHSHAN","WASHUK","SHAHOO GARHI","SUB-TEHSIL","15 - 64",23465,12260,11204,1,23465,12260,11204,1,NA,NA,NA,NA,NA
"BALOCHISTAN","RAKHSHAN","WASHUK","SHAHOO GARHI","SUB-TEHSIL","18 - 60",18441,9364,9076,1,18441,9364,9076,1,NA,NA,NA,NA,NA
"BALOCHISTAN","RAKHSHAN","WASHUK","SHAHOO GARHI","SUB-TEHSIL","18 &  ABOVE",19782,10150,9631,1,19782,10150,9631,1,NA,NA,NA,NA,NA
"BALOCHISTAN","RAKHSHAN","WASHUK","SHAHOO GARHI","SUB-TEHSIL","60 &  ABOVE",1524,888,636,NA,1524,888,636,NA,NA,NA,NA,NA,NA
"BALOCHISTAN","RAKHSHAN","WASHUK","SHAHOO GARHI","SUB-TEHSIL","65 &  ABOVE",983,577,406,NA,983,577,406,NA,NA,NA,NA,NA,NA
"BALOCHISTAN","RAKHSHAN","WASHUK","WASHUK","SUB-DIVISION","ALL AGES",55329,28519,26810,NA,14478,7614,6864,NA,40851,20905,19946,NA,NA
"BALOCHISTAN","RAKHSHAN","WASHUK","WASHUK","SUB-DIVISION","UNDER 1",1733,842,891,NA,329,154,175,NA,1404,688,716,NA,NA
"BALOCHISTAN","RAKHSHAN","WASHUK","WASHUK","SUB-DIVISION","UNDER 5",13173,6621,6552,NA,3297,1728,1569,NA,9876,4893,4983,NA,NA
"BALOCHISTAN","RAKHSHAN","WASHUK","WASHUK","SUB-DIVISION","UNDER 10",23828,12213,11615,NA,6097,3209,2888,NA,17731,9004,8727,NA,NA
"BALOCHISTAN","RAKHSHAN","WASHUK","WASHUK","SUB-DIVISION","UNDER 15",30838,16104,14734,NA,8063,4317,3746,NA,22775,11787,10988,NA,NA
"BALOCHISTAN","RAKHSHAN","WASHUK","WASHUK","SUB-DIVISION","05 - 24",27875,14670,13205,NA,7561,4043,3518,NA,20314,10627,9687,NA,NA
"BALOCHISTAN","RAKHSHAN","WASHUK","WASHUK","SUB-DIVISION","15 - 49",20962,10522,10440,NA,5458,2757,2701,NA,15504,7765,7739,NA,NA
"BALOCHISTAN","RAKHSHAN","WASHUK","WASHUK","SUB-DIVISION","15 - 64",23343,11747,11596,NA,6115,3115,3000,NA,17228,8632,8596,NA,NA
"BALOCHISTAN","RAKHSHAN","WASHUK","WASHUK","SUB-DIVISION","18 - 60",19151,9340,9811,NA,4846,2350,2496,NA,14305,6990,7315,NA,NA
"BALOCHISTAN","RAKHSHAN","WASHUK","WASHUK","SUB-DIVISION","18 &  ABOVE",20751,10259,10492,NA,5254,2601,2653,NA,15497,7658,7839,NA,NA
"BALOCHISTAN","RAKHSHAN","WASHUK","WASHUK","SUB-DIVISION","60 &  ABOVE",1767,1009,758,NA,461,285,176,NA,1306,724,582,NA,NA
"BALOCHISTAN","RAKHSHAN","WASHUK","WASHUK","SUB-DIVISION","65 &  ABOVE",1148,668,480,NA,300,182,118,NA,848,486,362,NA,NA
"BALOCHISTAN","ZHOB","ZHOB","ASHWAT","SUB-TEHSIL","ALL AGES",25094,13534,11560,NA,25094,13534,11560,NA,NA,NA,NA,NA,NA
"BALOCHISTAN","ZHOB","ZHOB","ASHWAT","SUB-TEHSIL","UNDER 1",612,326,286,NA,612,326,286,NA,NA,NA,NA,NA,NA
"BALOCHISTAN","ZHOB","ZHOB","ASHWAT","SUB-TEHSIL","UNDER 5",5742,3136,2606,NA,5742,3136,2606,NA,NA,NA,NA,NA,NA
"BALOCHISTAN","ZHOB","ZHOB","ASHWAT","SUB-TEHSIL","UNDER 10",11353,6230,5123,NA,11353,6230,5123,NA,NA,NA,NA,NA,NA
"BALOCHISTAN","ZHOB","ZHOB","ASHWAT","SUB-TEHSIL","UNDER 15",15760,8691,7069,NA,15760,8691,7069,NA,NA,NA,NA,NA,NA
"BALOCHISTAN","ZHOB","ZHOB","ASHWAT","SUB-TEHSIL","05 - 24",13852,7634,6218,NA,13852,7634,6218,NA,NA,NA,NA,NA,NA
"BALOCHISTAN","ZHOB","ZHOB","ASHWAT","SUB-TEHSIL","15 - 49",8125,4139,3986,NA,8125,4139,3986,NA,NA,NA,NA,NA,NA
"BALOCHISTAN","ZHOB","ZHOB","ASHWAT","SUB-TEHSIL","15 - 64",9009,4643,4366,NA,9009,4643,4366,NA,NA,NA,NA,NA,NA
"BALOCHISTAN","ZHOB","ZHOB","ASHWAT","SUB-TEHSIL","18 - 60",7302,3626,3676,NA,7302,3626,3676,NA,NA,NA,NA,NA,NA
"BALOCHISTAN","ZHOB","ZHOB","ASHWAT","SUB-TEHSIL","18 &  ABOVE",7792,3927,3865,NA,7792,3927,3865,NA,NA,NA,NA,NA,NA
"BALOCHISTAN","ZHOB","ZHOB","ASHWAT","SUB-TEHSIL","60 &  ABOVE",535,330,205,NA,535,330,205,NA,NA,NA,NA,NA,NA
"BALOCHISTAN","ZHOB","ZHOB","ASHWAT","SUB-TEHSIL","65 &  ABOVE",325,200,125,NA,325,200,125,NA,NA,NA,NA,NA,NA
"BALOCHISTAN","ZHOB","ZHOB","KAKAR KHURASAN","SUB-DIVISION","ALL AGES",14957,7799,7158,NA,14957,7799,7158,NA,NA,NA,NA,NA,NA
"BALOCHISTAN","ZHOB","ZHOB","KAKAR KHURASAN","SUB-DIVISION","UNDER 1",215,113,102,NA,215,113,102,NA,NA,NA,NA,NA,NA
"BALOCHISTAN","ZHOB","ZHOB","KAKAR KHURASAN","SUB-DIVISION","UNDER 5",3236,1670,1566,NA,3236,1670,1566,NA,NA,NA,NA,NA,NA
"BALOCHISTAN","ZHOB","ZHOB","KAKAR KHURASAN","SUB-DIVISION","UNDER 10",5882,3083,2799,NA,5882,3083,2799,NA,NA,NA,NA,NA,NA
"BALOCHISTAN","ZHOB","ZHOB","KAKAR KHURASAN","SUB-DIVISION","UNDER 15",7913,4169,3744,NA,7913,4169,3744,NA,NA,NA,NA,NA,NA
"BALOCHISTAN","ZHOB","ZHOB","KAKAR KHURASAN","SUB-DIVISION","05 - 24",7340,3902,3438,NA,7340,3902,3438,NA,NA,NA,NA,NA,NA
"BALOCHISTAN","ZHOB","ZHOB","KAKAR KHURASAN","SUB-DIVISION","15 - 49",5823,2964,2859,NA,5823,2964,2859,NA,NA,NA,NA,NA,NA
"BALOCHISTAN","ZHOB","ZHOB","KAKAR KHURASAN","SUB-DIVISION","15 - 64",6688,3424,3264,NA,6688,3424,3264,NA,NA,NA,NA,NA,NA
"BALOCHISTAN","ZHOB","ZHOB","KAKAR KHURASAN","SUB-DIVISION","18 - 60",5560,2813,2747,NA,5560,2813,2747,NA,NA,NA,NA,NA,NA
"BALOCHISTAN","ZHOB","ZHOB","KAKAR KHURASAN","SUB-DIVISION","18 &  ABOVE",6051,3092,2959,NA,6051,3092,2959,NA,NA,NA,NA,NA,NA
"BALOCHISTAN","ZHOB","ZHOB","KAKAR KHURASAN","SUB-DIVISION","60 &  ABOVE",542,312,230,NA,542,312,230,NA,NA,NA,NA,NA,NA
"BALOCHISTAN","ZHOB","ZHOB","KAKAR KHURASAN","SUB-DIVISION","65 &  ABOVE",356,206,150,NA,356,206,150,NA,NA,NA,NA,NA,NA
"BALOCHISTAN","ZHOB","ZHOB","KASHATOO","SUB-TEHSIL","ALL AGES",5810,2937,2873,NA,5810,2937,2873,NA,NA,NA,NA,NA,NA
"BALOCHISTAN","ZHOB","ZHOB","KASHATOO","SUB-TEHSIL","UNDER 1",224,112,112,NA,224,112,112,NA,NA,NA,NA,NA,NA
"BALOCHISTAN","ZHOB","ZHOB","KASHATOO","SUB-TEHSIL","UNDER 5",1448,774,674,NA,1448,774,674,NA,NA,NA,NA,NA,NA
"BALOCHISTAN","ZHOB","ZHOB","KASHATOO","SUB-TEHSIL","UNDER 10",2491,1323,1168,NA,2491,1323,1168,NA,NA,NA,NA,NA,NA
"BALOCHISTAN","ZHOB","ZHOB","KASHATOO","SUB-TEHSIL","UNDER 15",3381,1795,1586,NA,3381,1795,1586,NA,NA,NA,NA,NA,NA
"BALOCHISTAN","ZHOB","ZHOB","KASHATOO","SUB-TEHSIL","05 - 24",3038,1549,1489,NA,3038,1549,1489,NA,NA,NA,NA,NA,NA
"BALOCHISTAN","ZHOB","ZHOB","KASHATOO","SUB-TEHSIL","15 - 49",2051,954,1097,NA,2051,954,1097,NA,NA,NA,NA,NA,NA
"BALOCHISTAN","ZHOB","ZHOB","KASHATOO","SUB-TEHSIL","15 - 64",2279,1060,1219,NA,2279,1060,1219,NA,NA,NA,NA,NA,NA
"BALOCHISTAN","ZHOB","ZHOB","KASHATOO","SUB-TEHSIL","18 - 60",1718,786,932,NA,1718,786,932,NA,NA,NA,NA,NA,NA
"BALOCHISTAN","ZHOB","ZHOB","KASHATOO","SUB-TEHSIL","18 &  ABOVE",1912,890,1022,NA,1912,890,1022,NA,NA,NA,NA,NA,NA
"BALOCHISTAN","ZHOB","ZHOB","KASHATOO","SUB-TEHSIL","60 &  ABOVE",202,108,94,NA,202,108,94,NA,NA,NA,NA,NA,NA
"BALOCHISTAN","ZHOB","ZHOB","KASHATOO","SUB-TEHSIL","65 &  ABOVE",150,82,68,NA,150,82,68,NA,NA,NA,NA,NA,NA
"BALOCHISTAN","ZHOB","ZHOB","SAMBAZA","SUB-TEHSIL","ALL AGES",25150,15207,9941,2,25150,15207,9941,2,NA,NA,NA,NA,NA
"BALOCHISTAN","ZHOB","ZHOB","SAMBAZA","SUB-TEHSIL","UNDER 1",922,583,339,NA,922,583,339,NA,NA,NA,NA,NA,NA
"BALOCHISTAN","ZHOB","ZHOB","SAMBAZA","SUB-TEHSIL","UNDER 5",6295,3871,2424,NA,6295,3871,2424,NA,NA,NA,NA,NA,NA
"BALOCHISTAN","ZHOB","ZHOB","SAMBAZA","SUB-TEHSIL","UNDER 10",11848,7338,4510,NA,11848,7338,4510,NA,NA,NA,NA,NA,NA
"BALOCHISTAN","ZHOB","ZHOB","SAMBAZA","SUB-TEHSIL","UNDER 15",15886,9807,6078,1,15886,9807,6078,1,NA,NA,NA,NA,NA
"BALOCHISTAN","ZHOB","ZHOB","SAMBAZA","SUB-TEHSIL","05 - 24",13255,8299,4954,2,13255,8299,4954,2,NA,NA,NA,NA,NA
"BALOCHISTAN","ZHOB","ZHOB","SAMBAZA","SUB-TEHSIL","15 - 49",7884,4648,3235,1,7884,4648,3235,1,NA,NA,NA,NA,NA
"BALOCHISTAN","ZHOB","ZHOB","SAMBAZA","SUB-TEHSIL","15 - 64",8900,5194,3705,1,8900,5194,3705,1,NA,NA,NA,NA,NA
"BALOCHISTAN","ZHOB","ZHOB","SAMBAZA","SUB-TEHSIL","18 - 60",7231,4129,3101,1,7231,4129,3101,1,NA,NA,NA,NA,NA
"BALOCHISTAN","ZHOB","ZHOB","SAMBAZA","SUB-TEHSIL","18 &  ABOVE",7733,4415,3317,1,7733,4415,3317,1,NA,NA,NA,NA,NA
"BALOCHISTAN","ZHOB","ZHOB","SAMBAZA","SUB-TEHSIL","60 &  ABOVE",574,332,242,NA,574,332,242,NA,NA,NA,NA,NA,NA
"BALOCHISTAN","ZHOB","ZHOB","SAMBAZA","SUB-TEHSIL","65 &  ABOVE",364,206,158,NA,364,206,158,NA,NA,NA,NA,NA,NA
"BALOCHISTAN","ZHOB","ZHOB","ZHOB","SUB-DIVISION","ALL AGES",284545,152660,131882,3,237644,127256,110385,3,46901,25404,21497,NA,NA
"BALOCHISTAN","ZHOB","ZHOB","ZHOB","SUB-DIVISION","UNDER 1",9438,4998,4440,NA,7697,4146,3551,NA,1741,852,889,NA,NA
"BALOCHISTAN","ZHOB","ZHOB","ZHOB","SUB-DIVISION","UNDER 5",73463,40134,33329,NA,61239,33552,27687,NA,12224,6582,5642,NA,NA
"BALOCHISTAN","ZHOB","ZHOB","ZHOB","SUB-DIVISION","UNDER 10",127526,69551,57975,NA,107393,58619,48774,NA,20133,10932,9201,NA,NA
"BALOCHISTAN","ZHOB","ZHOB","ZHOB","SUB-DIVISION","UNDER 15",167274,91792,75482,NA,141102,77373,63729,NA,26172,14419,11753,NA,NA
"BALOCHISTAN","ZHOB","ZHOB","ZHOB","SUB-DIVISION","05 - 24",137903,74882,63018,3,116412,63034,53375,3,21491,11848,9643,NA,NA
"BALOCHISTAN","ZHOB","ZHOB","ZHOB","SUB-DIVISION","15 - 49",98551,50372,48176,3,81126,41227,39896,3,17425,9145,8280,NA,NA
"BALOCHISTAN","ZHOB","ZHOB","ZHOB","SUB-DIVISION","15 - 64",111652,57597,54052,3,91841,47129,44709,3,19811,10468,9343,NA,NA
"BALOCHISTAN","ZHOB","ZHOB","ZHOB","SUB-DIVISION","18 - 60",92210,46666,45544,NA,75562,38014,37548,NA,16648,8652,7996,NA,NA
"BALOCHISTAN","ZHOB","ZHOB","ZHOB","SUB-DIVISION","18 &  ABOVE",100298,51359,48939,NA,82327,41960,40367,NA,17971,9399,8572,NA,NA
"BALOCHISTAN","ZHOB","ZHOB","ZHOB","SUB-DIVISION","60 &  ABOVE",8970,5176,3794,NA,7487,4336,3151,NA,1483,840,643,NA,NA
"BALOCHISTAN","ZHOB","ZHOB","ZHOB","SUB-DIVISION","65 &  ABOVE",5619,3271,2348,NA,4701,2754,1947,NA,918,517,401,NA,NA
"BALOCHISTAN","SIBI","ZIARAT","SINJAWI","SUB-DIVISION","ALL AGES",110623,57486,53132,5,65084,33997,31083,4,45539,23489,22049,1,NA
"BALOCHISTAN","SIBI","ZIARAT","SINJAWI","SUB-DIVISION","UNDER 1",3396,1797,1599,NA,2086,1110,976,NA,1310,687,623,NA,NA
"BALOCHISTAN","SIBI","ZIARAT","SINJAWI","SUB-DIVISION","UNDER 5",23569,12107,11462,NA,14090,7180,6910,NA,9479,4927,4552,NA,NA
"BALOCHISTAN","SIBI","ZIARAT","SINJAWI","SUB-DIVISION","UNDER 10",45220,23241,21979,NA,26536,13636,12900,NA,18684,9605,9079,NA,NA
"BALOCHISTAN","SIBI","ZIARAT","SINJAWI","SUB-DIVISION","UNDER 15",61460,31733,29725,2,36117,18717,17398,2,25343,13016,12327,NA,NA
"BALOCHISTAN","SIBI","ZIARAT","SINJAWI","SUB-DIVISION","05 - 24",56597,29973,26619,5,32788,17583,15201,4,23809,12390,11418,1,NA
"BALOCHISTAN","SIBI","ZIARAT","SINJAWI","SUB-DIVISION","15 - 49",41088,21541,19544,3,23900,12641,11257,2,17188,8900,8287,1,NA
"BALOCHISTAN","SIBI","ZIARAT","SINJAWI","SUB-DIVISION","15 - 64",46804,24535,22266,3,27393,14454,12937,2,19411,10081,9329,1,NA
"BALOCHISTAN","SIBI","ZIARAT","SINJAWI","SUB-DIVISION","18 - 60",38692,20105,18587,NA,22646,11772,10874,NA,16046,8333,7713,NA,NA
"BALOCHISTAN","SIBI","ZIARAT","SINJAWI","SUB-DIVISION","18 &  ABOVE",42143,21896,20247,NA,24923,12974,11949,NA,17220,8922,8298,NA,NA
"BALOCHISTAN","SIBI","ZIARAT","SINJAWI","SUB-DIVISION","60 &  ABOVE",3764,1956,1808,NA,2472,1304,1168,NA,1292,652,640,NA,NA
"BALOCHISTAN","SIBI","ZIARAT","SINJAWI","SUB-DIVISION","65 &  ABOVE",2359,1218,1141,NA,1574,826,748,NA,785,392,393,NA,NA
"BALOCHISTAN","SIBI","ZIARAT","ZIARAT","SUB-DIVISION","ALL AGES",78912,38686,40223,3,75049,36763,38284,2,3863,1923,1939,1,NA
"BALOCHISTAN","SIBI","ZIARAT","ZIARAT","SUB-DIVISION","UNDER 1",3405,1605,1800,NA,3345,1574,1771,NA,60,31,29,NA,NA
"BALOCHISTAN","SIBI","ZIARAT","ZIARAT","SUB-DIVISION","UNDER 5",19853,10054,9799,NA,19173,9689,9484,NA,680,365,315,NA,NA
"BALOCHISTAN","SIBI","ZIARAT","ZIARAT","SUB-DIVISION","UNDER 10",33685,17099,16586,NA,32420,16424,15996,NA,1265,675,590,NA,NA
"BALOCHISTAN","SIBI","ZIARAT","ZIARAT","SUB-DIVISION","UNDER 15",43898,22189,21708,1,42170,21298,20872,NA,1728,891,836,1,NA
"BALOCHISTAN","SIBI","ZIARAT","ZIARAT","SUB-DIVISION","05 - 24",37225,17978,19246,1,35338,17043,18295,NA,1887,935,951,1,NA
"BALOCHISTAN","SIBI","ZIARAT","ZIARAT","SUB-DIVISION","15 - 49",29816,13738,16078,NA,28033,12876,15157,NA,1783,862,921,NA,NA
"BALOCHISTAN","SIBI","ZIARAT","ZIARAT","SUB-DIVISION","15 - 64",33588,15730,17858,NA,31525,14734,16791,NA,2063,996,1067,NA,NA
"BALOCHISTAN","SIBI","ZIARAT","ZIARAT","SUB-DIVISION","18 - 60",28070,13109,14961,NA,26293,12256,14037,NA,1777,853,924,NA,NA
"BALOCHISTAN","SIBI","ZIARAT","ZIARAT","SUB-DIVISION","18 &  ABOVE",30209,14265,15942,2,28309,13344,14963,2,1900,921,979,NA,NA
"BALOCHISTAN","SIBI","ZIARAT","ZIARAT","SUB-DIVISION","60 &  ABOVE",2349,1266,1081,2,2208,1189,1017,2,141,77,64,NA,NA
"BALOCHISTAN","SIBI","ZIARAT","ZIARAT","SUB-DIVISION","65 &  ABOVE",1426,767,657,2,1354,731,621,2,72,36,36,NA,NA
"KPK","HAZARA","ABBOTTABAD","ABBOTTABAD","TEHSIL","ALL AGES",981967,495759,486151,57,727449,366447,360984,18,254518,129312,125167,39,NA
"KPK","HAZARA","ABBOTTABAD","ABBOTTABAD","TEHSIL","UNDER 1",15849,7914,7935,NA,12151,6082,6069,NA,3698,1832,1866,NA,NA
"KPK","HAZARA","ABBOTTABAD","ABBOTTABAD","TEHSIL","UNDER 5",115888,58285,57603,NA,88360,44449,43911,NA,27528,13836,13692,NA,NA
"KPK","HAZARA","ABBOTTABAD","ABBOTTABAD","TEHSIL","UNDER 10",233127,117263,115864,NA,177466,89197,88269,NA,55661,28066,27595,NA,NA
"KPK","HAZARA","ABBOTTABAD","ABBOTTABAD","TEHSIL","UNDER 15",345652,174298,171353,1,261236,131418,129817,1,84416,42880,41536,NA,NA
"KPK","HAZARA","ABBOTTABAD","ABBOTTABAD","TEHSIL","05 - 24",412501,208464,204021,16,305870,154068,151797,5,106631,54396,52224,11,NA
"KPK","HAZARA","ABBOTTABAD","ABBOTTABAD","TEHSIL","15 - 49",495361,247234,248082,45,361974,180801,181161,12,133387,66433,66921,33,NA
"KPK","HAZARA","ABBOTTABAD","ABBOTTABAD","TEHSIL","15 - 64",590171,296687,293430,54,431448,216689,214743,16,158723,79998,78687,38,NA
"KPK","HAZARA","ABBOTTABAD","ABBOTTABAD","TEHSIL","18 - 60",510311,255222,255039,50,372848,186570,186263,15,137463,68652,68776,35,NA
"KPK","HAZARA","ABBOTTABAD","ABBOTTABAD","TEHSIL","18 &  ABOVE",575786,290737,284997,52,421842,212715,209111,16,153944,78022,75886,36,NA
"KPK","HAZARA","ABBOTTABAD","ABBOTTABAD","TEHSIL","60 &  ABOVE",71734,38900,32832,2,53643,28655,24987,1,18091,10245,7845,1,NA
"KPK","HAZARA","ABBOTTABAD","ABBOTTABAD","TEHSIL","65 &  ABOVE",46144,24774,21368,2,34765,18340,16424,1,11379,6434,4944,1,NA
"KPK","HAZARA","ABBOTTABAD","HAVELIAN","TEHSIL","ALL AGES",256710,127556,129110,44,200329,99396,100931,2,56381,28160,28179,42,NA
"KPK","HAZARA","ABBOTTABAD","HAVELIAN","TEHSIL","UNDER 1",4619,2328,2291,NA,3638,1832,1806,NA,981,496,485,NA,NA
"KPK","HAZARA","ABBOTTABAD","HAVELIAN","TEHSIL","UNDER 5",32568,16343,16225,NA,25975,13050,12925,NA,6593,3293,3300,NA,NA
"KPK","HAZARA","ABBOTTABAD","HAVELIAN","TEHSIL","UNDER 10",65327,32830,32497,NA,51641,25948,25693,NA,13686,6882,6804,NA,NA
"KPK","HAZARA","ABBOTTABAD","HAVELIAN","TEHSIL","UNDER 15",95520,47912,47608,NA,74676,37382,37294,NA,20844,10530,10314,NA,NA
"KPK","HAZARA","ABBOTTABAD","HAVELIAN","TEHSIL","05 - 24",109303,54837,54448,18,84431,42250,42181,NA,24872,12587,12267,18,NA
"KPK","HAZARA","ABBOTTABAD","HAVELIAN","TEHSIL","15 - 49",124834,60919,63875,40,96681,47252,49428,1,28153,13667,14447,39,NA
"KPK","HAZARA","ABBOTTABAD","HAVELIAN","TEHSIL","15 - 64",149132,73348,75741,43,115771,56908,58862,1,33361,16440,16879,42,NA
"KPK","HAZARA","ABBOTTABAD","HAVELIAN","TEHSIL","18 - 60",128210,62603,65564,43,99590,48586,51003,1,28620,14017,14561,42,NA
"KPK","HAZARA","ABBOTTABAD","HAVELIAN","TEHSIL","18 &  ABOVE",145138,71499,73595,44,113305,55713,57590,2,31833,15786,16005,42,NA
"KPK","HAZARA","ABBOTTABAD","HAVELIAN","TEHSIL","60 &  ABOVE",18439,9686,8752,1,14889,7730,7158,1,3550,1956,1594,NA,NA
"KPK","HAZARA","ABBOTTABAD","HAVELIAN","TEHSIL","65 &  ABOVE",12058,6296,5761,1,9882,5106,4775,1,2176,1190,986,NA,NA
"KPK","HAZARA","ABBOTTABAD","LORA","TEHSIL","ALL AGES",98671,48641,50029,1,98671,48641,50029,1,NA,NA,NA,NA,NA
"KPK","HAZARA","ABBOTTABAD","LORA","TEHSIL","UNDER 1",1627,830,797,NA,1627,830,797,NA,NA,NA,NA,NA,NA
"KPK","HAZARA","ABBOTTABAD","LORA","TEHSIL","UNDER 5",11046,5490,5556,NA,11046,5490,5556,NA,NA,NA,NA,NA,NA
"KPK","HAZARA","ABBOTTABAD","LORA","TEHSIL","UNDER 10",22019,10966,11053,NA,22019,10966,11053,NA,NA,NA,NA,NA,NA
"KPK","HAZARA","ABBOTTABAD","LORA","TEHSIL","UNDER 15",32358,15993,16365,NA,32358,15993,16365,NA,NA,NA,NA,NA,NA
"KPK","HAZARA","ABBOTTABAD","LORA","TEHSIL","05 - 24",38641,19123,19517,1,38641,19123,19517,1,NA,NA,NA,NA,NA
"KPK","HAZARA","ABBOTTABAD","LORA","TEHSIL","15 - 49",50502,24728,25773,1,50502,24728,25773,1,NA,NA,NA,NA,NA
"KPK","HAZARA","ABBOTTABAD","LORA","TEHSIL","15 - 64",60693,29764,30928,1,60693,29764,30928,1,NA,NA,NA,NA,NA
"KPK","HAZARA","ABBOTTABAD","LORA","TEHSIL","18 - 60",52861,25890,26970,1,52861,25890,26970,1,NA,NA,NA,NA,NA
"KPK","HAZARA","ABBOTTABAD","LORA","TEHSIL","18 &  ABOVE",60581,29801,30779,1,60581,29801,30779,1,NA,NA,NA,NA,NA
"KPK","HAZARA","ABBOTTABAD","LORA","TEHSIL","60 &  ABOVE",8431,4298,4133,NA,8431,4298,4133,NA,NA,NA,NA,NA,NA
"KPK","HAZARA","ABBOTTABAD","LORA","TEHSIL","65 &  ABOVE",5620,2884,2736,NA,5620,2884,2736,NA,NA,NA,NA,NA,NA
"KPK","HAZARA","ABBOTTABAD","LOWER TANAWAL","TEHSIL","ALL AGES",60239,29950,30287,2,60239,29950,30287,2,NA,NA,NA,NA,NA
"KPK","HAZARA","ABBOTTABAD","LOWER TANAWAL","TEHSIL","UNDER 1",1004,517,487,NA,1004,517,487,NA,NA,NA,NA,NA,NA
"KPK","HAZARA","ABBOTTABAD","LOWER TANAWAL","TEHSIL","UNDER 5",7103,3646,3457,NA,7103,3646,3457,NA,NA,NA,NA,NA,NA
"KPK","HAZARA","ABBOTTABAD","LOWER TANAWAL","TEHSIL","UNDER 10",13801,6985,6816,NA,13801,6985,6816,NA,NA,NA,NA,NA,NA
"KPK","HAZARA","ABBOTTABAD","LOWER TANAWAL","TEHSIL","UNDER 15",20376,10259,10117,NA,20376,10259,10117,NA,NA,NA,NA,NA,NA
"KPK","HAZARA","ABBOTTABAD","LOWER TANAWAL","TEHSIL","05 - 24",23982,11928,12054,NA,23982,11928,12054,NA,NA,NA,NA,NA,NA
"KPK","HAZARA","ABBOTTABAD","LOWER TANAWAL","TEHSIL","15 - 49",29537,14595,14942,NA,29537,14595,14942,NA,NA,NA,NA,NA,NA
"KPK","HAZARA","ABBOTTABAD","LOWER TANAWAL","TEHSIL","15 - 64",35936,17761,18173,2,35936,17761,18173,2,NA,NA,NA,NA,NA
"KPK","HAZARA","ABBOTTABAD","LOWER TANAWAL","TEHSIL","18 - 60",31139,15365,15772,2,31139,15365,15772,2,NA,NA,NA,NA,NA
"KPK","HAZARA","ABBOTTABAD","LOWER TANAWAL","TEHSIL","18 &  ABOVE",36421,18015,18404,2,36421,18015,18404,2,NA,NA,NA,NA,NA
"KPK","HAZARA","ABBOTTABAD","LOWER TANAWAL","TEHSIL","60 &  ABOVE",5718,2879,2839,NA,5718,2879,2839,NA,NA,NA,NA,NA,NA
"KPK","HAZARA","ABBOTTABAD","LOWER TANAWAL","TEHSIL","65 &  ABOVE",3927,1930,1997,NA,3927,1930,1997,NA,NA,NA,NA,NA,NA
"KPK","MALAKAND","BAJAUR","BAR CHAMER KAND","TEHSIL","ALL AGES",3574,1825,1748,1,3574,1825,1748,1,NA,NA,NA,NA,NA
"KPK","MALAKAND","BAJAUR","BAR CHAMER KAND","TEHSIL","UNDER 1",39,17,22,NA,39,17,22,NA,NA,NA,NA,NA,NA
"KPK","MALAKAND","BAJAUR","BAR CHAMER KAND","TEHSIL","UNDER 5",655,346,309,NA,655,346,309,NA,NA,NA,NA,NA,NA
"KPK","MALAKAND","BAJAUR","BAR CHAMER KAND","TEHSIL","UNDER 10",1256,639,617,NA,1256,639,617,NA,NA,NA,NA,NA,NA
"KPK","MALAKAND","BAJAUR","BAR CHAMER KAND","TEHSIL","UNDER 15",1735,909,826,NA,1735,909,826,NA,NA,NA,NA,NA,NA
"KPK","MALAKAND","BAJAUR","BAR CHAMER KAND","TEHSIL","05 - 24",1674,819,854,1,1674,819,854,1,NA,NA,NA,NA,NA
"KPK","MALAKAND","BAJAUR","BAR CHAMER KAND","TEHSIL","15 - 49",1497,736,760,1,1497,736,760,1,NA,NA,NA,NA,NA
"KPK","MALAKAND","BAJAUR","BAR CHAMER KAND","TEHSIL","15 - 64",1737,862,874,1,1737,862,874,1,NA,NA,NA,NA,NA
"KPK","MALAKAND","BAJAUR","BAR CHAMER KAND","TEHSIL","18 - 60",1461,749,711,1,1461,749,711,1,NA,NA,NA,NA,NA
"KPK","MALAKAND","BAJAUR","BAR CHAMER KAND","TEHSIL","18 &  ABOVE",1624,838,785,1,1624,838,785,1,NA,NA,NA,NA,NA
"KPK","MALAKAND","BAJAUR","BAR CHAMER KAND","TEHSIL","60 &  ABOVE",181,100,81,NA,181,100,81,NA,NA,NA,NA,NA,NA
"KPK","MALAKAND","BAJAUR","BAR CHAMER KAND","TEHSIL","65 &  ABOVE",102,54,48,NA,102,54,48,NA,NA,NA,NA,NA,NA
"KPK","MALAKAND","BAJAUR","BARANG","TEHSIL","ALL AGES",89981,45053,44928,NA,89981,45053,44928,NA,NA,NA,NA,NA,NA
"KPK","MALAKAND","BAJAUR","BARANG","TEHSIL","UNDER 1",2229,1163,1066,NA,2229,1163,1066,NA,NA,NA,NA,NA,NA
"KPK","MALAKAND","BAJAUR","BARANG","TEHSIL","UNDER 5",18355,9158,9197,NA,18355,9158,9197,NA,NA,NA,NA,NA,NA
"KPK","MALAKAND","BAJAUR","BARANG","TEHSIL","UNDER 10",35918,18009,17909,NA,35918,18009,17909,NA,NA,NA,NA,NA,NA
"KPK","MALAKAND","BAJAUR","BARANG","TEHSIL","UNDER 15",48526,24227,24299,NA,48526,24227,24299,NA,NA,NA,NA,NA,NA
"KPK","MALAKAND","BAJAUR","BARANG","TEHSIL","05 - 24",44620,22143,22477,NA,44620,22143,22477,NA,NA,NA,NA,NA,NA
"KPK","MALAKAND","BAJAUR","BARANG","TEHSIL","15 - 49",35031,17698,17333,NA,35031,17698,17333,NA,NA,NA,NA,NA,NA
"KPK","MALAKAND","BAJAUR","BARANG","TEHSIL","15 - 64",39541,19881,19660,NA,39541,19881,19660,NA,NA,NA,NA,NA,NA
"KPK","MALAKAND","BAJAUR","BARANG","TEHSIL","18 - 60",33609,17033,16576,NA,33609,17033,16576,NA,NA,NA,NA,NA,NA
"KPK","MALAKAND","BAJAUR","BARANG","TEHSIL","18 &  ABOVE",36394,18399,17995,NA,36394,18399,17995,NA,NA,NA,NA,NA,NA
"KPK","MALAKAND","BAJAUR","BARANG","TEHSIL","60 &  ABOVE",3129,1545,1584,NA,3129,1545,1584,NA,NA,NA,NA,NA,NA
"KPK","MALAKAND","BAJAUR","BARANG","TEHSIL","65 &  ABOVE",1914,945,969,NA,1914,945,969,NA,NA,NA,NA,NA,NA
"KPK","MALAKAND","BAJAUR","KHAR BAJAUR","TEHSIL","ALL AGES",299385,151831,147552,2,299385,151831,147552,2,NA,NA,NA,NA,NA
"KPK","MALAKAND","BAJAUR","KHAR BAJAUR","TEHSIL","UNDER 1",5458,2724,2734,NA,5458,2724,2734,NA,NA,NA,NA,NA,NA
"KPK","MALAKAND","BAJAUR","KHAR BAJAUR","TEHSIL","UNDER 5",53604,27121,26483,NA,53604,27121,26483,NA,NA,NA,NA,NA,NA
"KPK","MALAKAND","BAJAUR","KHAR BAJAUR","TEHSIL","UNDER 10",105942,53341,52601,NA,105942,53341,52601,NA,NA,NA,NA,NA,NA
"KPK","MALAKAND","BAJAUR","KHAR BAJAUR","TEHSIL","UNDER 15",147327,74013,73314,NA,147327,74013,73314,NA,NA,NA,NA,NA,NA
"KPK","MALAKAND","BAJAUR","KHAR BAJAUR","TEHSIL","05 - 24",149478,75206,74270,2,149478,75206,74270,2,NA,NA,NA,NA,NA
"KPK","MALAKAND","BAJAUR","KHAR BAJAUR","TEHSIL","15 - 49",128269,65550,62717,2,128269,65550,62717,2,NA,NA,NA,NA,NA
"KPK","MALAKAND","BAJAUR","KHAR BAJAUR","TEHSIL","15 - 64",145429,74181,71246,2,145429,74181,71246,2,NA,NA,NA,NA,NA
"KPK","MALAKAND","BAJAUR","KHAR BAJAUR","TEHSIL","18 - 60",122481,62678,59802,1,122481,62678,59802,1,NA,NA,NA,NA,NA
"KPK","MALAKAND","BAJAUR","KHAR BAJAUR","TEHSIL","18 &  ABOVE",132531,68050,64480,1,132531,68050,64480,1,NA,NA,NA,NA,NA
"KPK","MALAKAND","BAJAUR","KHAR BAJAUR","TEHSIL","60 &  ABOVE",11137,5959,5178,NA,11137,5959,5178,NA,NA,NA,NA,NA,NA
"KPK","MALAKAND","BAJAUR","KHAR BAJAUR","TEHSIL","65 &  ABOVE",6629,3637,2992,NA,6629,3637,2992,NA,NA,NA,NA,NA,NA
"KPK","MALAKAND","BAJAUR","MAMUND","TEHSIL","ALL AGES",357135,181487,175644,4,357135,181487,175644,4,NA,NA,NA,NA,NA
"KPK","MALAKAND","BAJAUR","MAMUND","TEHSIL","UNDER 1",6541,3323,3218,NA,6541,3323,3218,NA,NA,NA,NA,NA,NA
"KPK","MALAKAND","BAJAUR","MAMUND","TEHSIL","UNDER 5",65598,32975,32623,NA,65598,32975,32623,NA,NA,NA,NA,NA,NA
"KPK","MALAKAND","BAJAUR","MAMUND","TEHSIL","UNDER 10",126842,63910,62932,NA,126842,63910,62932,NA,NA,NA,NA,NA,NA
"KPK","MALAKAND","BAJAUR","MAMUND","TEHSIL","UNDER 15",175754,88773,86979,2,175754,88773,86979,2,NA,NA,NA,NA,NA
"KPK","MALAKAND","BAJAUR","MAMUND","TEHSIL","05 - 24",174093,88252,85837,4,174093,88252,85837,4,NA,NA,NA,NA,NA
"KPK","MALAKAND","BAJAUR","MAMUND","TEHSIL","15 - 49",150770,77135,73633,2,150770,77135,73633,2,NA,NA,NA,NA,NA
"KPK","MALAKAND","BAJAUR","MAMUND","TEHSIL","15 - 64",172216,87861,84353,2,172216,87861,84353,2,NA,NA,NA,NA,NA
"KPK","MALAKAND","BAJAUR","MAMUND","TEHSIL","18 - 60",145989,74325,71664,NA,145989,74325,71664,NA,NA,NA,NA,NA,NA
"KPK","MALAKAND","BAJAUR","MAMUND","TEHSIL","18 &  ABOVE",159577,81476,78101,NA,159577,81476,78101,NA,NA,NA,NA,NA,NA
"KPK","MALAKAND","BAJAUR","MAMUND","TEHSIL","60 &  ABOVE",15042,7929,7113,NA,15042,7929,7113,NA,NA,NA,NA,NA,NA
"KPK","MALAKAND","BAJAUR","MAMUND","TEHSIL","65 &  ABOVE",9165,4853,4312,NA,9165,4853,4312,NA,NA,NA,NA,NA,NA
"KPK","MALAKAND","BAJAUR","NAWAGAI","TEHSIL","ALL AGES",93706,47593,46109,4,93706,47593,46109,4,NA,NA,NA,NA,NA
"KPK","MALAKAND","BAJAUR","NAWAGAI","TEHSIL","UNDER 1",1728,817,911,NA,1728,817,911,NA,NA,NA,NA,NA,NA
"KPK","MALAKAND","BAJAUR","NAWAGAI","TEHSIL","UNDER 5",17367,8717,8650,NA,17367,8717,8650,NA,NA,NA,NA,NA,NA
"KPK","MALAKAND","BAJAUR","NAWAGAI","TEHSIL","UNDER 10",34719,17464,17255,NA,34719,17464,17255,NA,NA,NA,NA,NA,NA
"KPK","MALAKAND","BAJAUR","NAWAGAI","TEHSIL","UNDER 15",48796,24585,24210,1,48796,24585,24210,1,NA,NA,NA,NA,NA
"KPK","MALAKAND","BAJAUR","NAWAGAI","TEHSIL","05 - 24",47573,24086,23485,2,47573,24086,23485,2,NA,NA,NA,NA,NA
"KPK","MALAKAND","BAJAUR","NAWAGAI","TEHSIL","15 - 49",37579,19211,18365,3,37579,19211,18365,3,NA,NA,NA,NA,NA
"KPK","MALAKAND","BAJAUR","NAWAGAI","TEHSIL","15 - 64",42724,21777,20944,3,42724,21777,20944,3,NA,NA,NA,NA,NA
"KPK","MALAKAND","BAJAUR","NAWAGAI","TEHSIL","18 - 60",35460,18113,17344,3,35460,18113,17344,3,NA,NA,NA,NA,NA
"KPK","MALAKAND","BAJAUR","NAWAGAI","TEHSIL","18 &  ABOVE",38790,19933,18854,3,38790,19933,18854,3,NA,NA,NA,NA,NA
"KPK","MALAKAND","BAJAUR","NAWAGAI","TEHSIL","60 &  ABOVE",3744,2042,1702,NA,3744,2042,1702,NA,NA,NA,NA,NA,NA
"KPK","MALAKAND","BAJAUR","NAWAGAI","TEHSIL","65 &  ABOVE",2186,1231,955,NA,2186,1231,955,NA,NA,NA,NA,NA,NA
"KPK","MALAKAND","BAJAUR","SALARZAI","TEHSIL","ALL AGES",315745,158686,157056,3,315745,158686,157056,3,NA,NA,NA,NA,NA
"KPK","MALAKAND","BAJAUR","SALARZAI","TEHSIL","UNDER 1",5274,2666,2608,NA,5274,2666,2608,NA,NA,NA,NA,NA,NA
"KPK","MALAKAND","BAJAUR","SALARZAI","TEHSIL","UNDER 5",59542,29971,29571,NA,59542,29971,29571,NA,NA,NA,NA,NA,NA
"KPK","MALAKAND","BAJAUR","SALARZAI","TEHSIL","UNDER 10",116641,58964,57677,NA,116641,58964,57677,NA,NA,NA,NA,NA,NA
"KPK","MALAKAND","BAJAUR","SALARZAI","TEHSIL","UNDER 15",159430,80817,78612,1,159430,80817,78612,1,NA,NA,NA,NA,NA
"KPK","MALAKAND","BAJAUR","SALARZAI","TEHSIL","05 - 24",153952,77644,76306,2,153952,77644,76306,2,NA,NA,NA,NA,NA
"KPK","MALAKAND","BAJAUR","SALARZAI","TEHSIL","15 - 49",130735,64931,65803,1,130735,64931,65803,1,NA,NA,NA,NA,NA
"KPK","MALAKAND","BAJAUR","SALARZAI","TEHSIL","15 - 64",149076,74049,75025,2,149076,74049,75025,2,NA,NA,NA,NA,NA
"KPK","MALAKAND","BAJAUR","SALARZAI","TEHSIL","18 - 60",127437,63276,64159,2,127437,63276,64159,2,NA,NA,NA,NA,NA
"KPK","MALAKAND","BAJAUR","SALARZAI","TEHSIL","18 &  ABOVE",138131,68815,69314,2,138131,68815,69314,2,NA,NA,NA,NA,NA
"KPK","MALAKAND","BAJAUR","SALARZAI","TEHSIL","60 &  ABOVE",12056,6256,5800,NA,12056,6256,5800,NA,NA,NA,NA,NA,NA
"KPK","MALAKAND","BAJAUR","SALARZAI","TEHSIL","65 &  ABOVE",7239,3820,3419,NA,7239,3820,3419,NA,NA,NA,NA,NA,NA
"KPK","MALAKAND","BAJAUR","UTMAN KHEL","TEHSIL","ALL AGES",123587,61998,61588,1,123587,61998,61588,1,NA,NA,NA,NA,NA
"KPK","MALAKAND","BAJAUR","UTMAN KHEL","TEHSIL","UNDER 1",2453,1241,1212,NA,2453,1241,1212,NA,NA,NA,NA,NA,NA
"KPK","MALAKAND","BAJAUR","UTMAN KHEL","TEHSIL","UNDER 5",22681,11338,11343,NA,22681,11338,11343,NA,NA,NA,NA,NA,NA
"KPK","MALAKAND","BAJAUR","UTMAN KHEL","TEHSIL","UNDER 10",44736,22523,22213,NA,44736,22523,22213,NA,NA,NA,NA,NA,NA
"KPK","MALAKAND","BAJAUR","UTMAN KHEL","TEHSIL","UNDER 15",61973,31287,30686,NA,61973,31287,30686,NA,NA,NA,NA,NA,NA
"KPK","MALAKAND","BAJAUR","UTMAN KHEL","TEHSIL","05 - 24",61381,31019,30361,1,61381,31019,30361,1,NA,NA,NA,NA,NA
"KPK","MALAKAND","BAJAUR","UTMAN KHEL","TEHSIL","15 - 49",51710,25702,26007,1,51710,25702,26007,1,NA,NA,NA,NA,NA
"KPK","MALAKAND","BAJAUR","UTMAN KHEL","TEHSIL","15 - 64",58746,29212,29533,1,58746,29212,29533,1,NA,NA,NA,NA,NA
"KPK","MALAKAND","BAJAUR","UTMAN KHEL","TEHSIL","18 - 60",49874,24821,25052,1,49874,24821,25052,1,NA,NA,NA,NA,NA
"KPK","MALAKAND","BAJAUR","UTMAN KHEL","TEHSIL","18 &  ABOVE",54092,26967,27124,1,54092,26967,27124,1,NA,NA,NA,NA,NA
"KPK","MALAKAND","BAJAUR","UTMAN KHEL","TEHSIL","60 &  ABOVE",4663,2376,2287,NA,4663,2376,2287,NA,NA,NA,NA,NA,NA
"KPK","MALAKAND","BAJAUR","UTMAN KHEL","TEHSIL","65 &  ABOVE",2868,1499,1369,NA,2868,1499,1369,NA,NA,NA,NA,NA,NA
"KPK","BANNU","BANNU","BAKKA KHEL","TEHSIL","ALL AGES",192732,100004,92728,NA,192732,100004,92728,NA,NA,NA,NA,NA,NA
"KPK","BANNU","BANNU","BAKKA KHEL","TEHSIL","UNDER 1",2962,1517,1445,NA,2962,1517,1445,NA,NA,NA,NA,NA,NA
"KPK","BANNU","BANNU","BAKKA KHEL","TEHSIL","UNDER 5",34393,17914,16479,NA,34393,17914,16479,NA,NA,NA,NA,NA,NA
"KPK","BANNU","BANNU","BAKKA KHEL","TEHSIL","UNDER 10",67553,35909,31644,NA,67553,35909,31644,NA,NA,NA,NA,NA,NA
"KPK","BANNU","BANNU","BAKKA KHEL","TEHSIL","UNDER 15",92264,49730,42534,NA,92264,49730,42534,NA,NA,NA,NA,NA,NA
"KPK","BANNU","BANNU","BAKKA KHEL","TEHSIL","05 - 24",93137,50135,43002,NA,93137,50135,43002,NA,NA,NA,NA,NA,NA
"KPK","BANNU","BANNU","BAKKA KHEL","TEHSIL","15 - 49",82704,40917,41787,NA,82704,40917,41787,NA,NA,NA,NA,NA,NA
"KPK","BANNU","BANNU","BAKKA KHEL","TEHSIL","15 - 64",95587,47428,48159,NA,95587,47428,48159,NA,NA,NA,NA,NA,NA
"KPK","BANNU","BANNU","BAKKA KHEL","TEHSIL","18 - 60",81628,39520,42108,NA,81628,39520,42108,NA,NA,NA,NA,NA,NA
"KPK","BANNU","BANNU","BAKKA KHEL","TEHSIL","18 &  ABOVE",89199,43830,45369,NA,89199,43830,45369,NA,NA,NA,NA,NA,NA
"KPK","BANNU","BANNU","BAKKA KHEL","TEHSIL","60 &  ABOVE",8551,4872,3679,NA,8551,4872,3679,NA,NA,NA,NA,NA,NA
"KPK","BANNU","BANNU","BAKKA KHEL","TEHSIL","65 &  ABOVE",4881,2846,2035,NA,4881,2846,2035,NA,NA,NA,NA,NA,NA
"KPK","BANNU","BANNU","BANNU","TEHSIL","ALL AGES",642835,332312,310506,17,594739,306394,288335,10,48096,25918,22171,7,NA
"KPK","BANNU","BANNU","BANNU","TEHSIL","UNDER 1",12276,6275,6001,NA,11530,5894,5636,NA,746,381,365,NA,NA
"KPK","BANNU","BANNU","BANNU","TEHSIL","UNDER 5",104673,53987,50686,NA,99014,51073,47941,NA,5659,2914,2745,NA,NA
"KPK","BANNU","BANNU","BANNU","TEHSIL","UNDER 10",205310,106783,98527,NA,193545,100742,92803,NA,11765,6041,5724,NA,NA
"KPK","BANNU","BANNU","BANNU","TEHSIL","UNDER 15",285436,149355,136080,1,267569,139921,127648,NA,17867,9434,8432,1,NA
"KPK","BANNU","BANNU","BANNU","TEHSIL","05 - 24",300466,157010,143449,7,277713,144338,133371,4,22753,12672,10078,3,NA
"KPK","BANNU","BANNU","BANNU","TEHSIL","15 - 49",293214,147554,145646,14,268087,133903,134176,8,25127,13651,11470,6,NA
"KPK","BANNU","BANNU","BANNU","TEHSIL","15 - 64",339558,172226,167316,16,310741,156551,154180,10,28817,15675,13136,6,NA
"KPK","BANNU","BANNU","BANNU","TEHSIL","18 - 60",290061,145571,144477,13,265385,132368,133009,8,24676,13203,11468,5,NA
"KPK","BANNU","BANNU","BANNU","TEHSIL","18 &  ABOVE",317043,161405,155625,13,290303,147028,143267,8,26740,14377,12358,5,NA
"KPK","BANNU","BANNU","BANNU","TEHSIL","60 &  ABOVE",30442,17801,12641,NA,28062,16444,11618,NA,2380,1357,1023,NA,NA
"KPK","BANNU","BANNU","BANNU","TEHSIL","65 &  ABOVE",17841,10731,7110,NA,16429,9922,6507,NA,1412,809,603,NA,NA
"KPK","BANNU","BANNU","DOMEL","TEHSIL","ALL AGES",223534,119874,103660,NA,223534,119874,103660,NA,NA,NA,NA,NA,NA
"KPK","BANNU","BANNU","DOMEL","TEHSIL","UNDER 1",3620,1899,1721,NA,3620,1899,1721,NA,NA,NA,NA,NA,NA
"KPK","BANNU","BANNU","DOMEL","TEHSIL","UNDER 5",35418,18538,16880,NA,35418,18538,16880,NA,NA,NA,NA,NA,NA
"KPK","BANNU","BANNU","DOMEL","TEHSIL","UNDER 10",69969,37470,32499,NA,69969,37470,32499,NA,NA,NA,NA,NA,NA
"KPK","BANNU","BANNU","DOMEL","TEHSIL","UNDER 15",98912,53841,45071,NA,98912,53841,45071,NA,NA,NA,NA,NA,NA
"KPK","BANNU","BANNU","DOMEL","TEHSIL","05 - 24",107191,58915,48276,NA,107191,58915,48276,NA,NA,NA,NA,NA,NA
"KPK","BANNU","BANNU","DOMEL","TEHSIL","15 - 49",101956,53409,48547,NA,101956,53409,48547,NA,NA,NA,NA,NA,NA
"KPK","BANNU","BANNU","DOMEL","TEHSIL","15 - 64",117455,61679,55776,NA,117455,61679,55776,NA,NA,NA,NA,NA,NA
"KPK","BANNU","BANNU","DOMEL","TEHSIL","18 - 60",99428,51612,47816,NA,99428,51612,47816,NA,NA,NA,NA,NA,NA
"KPK","BANNU","BANNU","DOMEL","TEHSIL","18 &  ABOVE",109858,57866,51992,NA,109858,57866,51992,NA,NA,NA,NA,NA,NA
"KPK","BANNU","BANNU","DOMEL","TEHSIL","60 &  ABOVE",11584,6871,4713,NA,11584,6871,4713,NA,NA,NA,NA,NA,NA
"KPK","BANNU","BANNU","DOMEL","TEHSIL","65 &  ABOVE",7167,4354,2813,NA,7167,4354,2813,NA,NA,NA,NA,NA,NA
"KPK","BANNU","BANNU","KAKKI","TEHSIL","ALL AGES",92021,47994,44026,1,92021,47994,44026,1,NA,NA,NA,NA,NA
"KPK","BANNU","BANNU","KAKKI","TEHSIL","UNDER 1",1783,937,846,NA,1783,937,846,NA,NA,NA,NA,NA,NA
"KPK","BANNU","BANNU","KAKKI","TEHSIL","UNDER 5",16215,8463,7752,NA,16215,8463,7752,NA,NA,NA,NA,NA,NA
"KPK","BANNU","BANNU","KAKKI","TEHSIL","UNDER 10",30683,16206,14477,NA,30683,16206,14477,NA,NA,NA,NA,NA,NA
"KPK","BANNU","BANNU","KAKKI","TEHSIL","UNDER 15",41866,22139,19726,1,41866,22139,19726,1,NA,NA,NA,NA,NA
"KPK","BANNU","BANNU","KAKKI","TEHSIL","05 - 24",41738,22136,19601,1,41738,22136,19601,1,NA,NA,NA,NA,NA
"KPK","BANNU","BANNU","KAKKI","TEHSIL","15 - 49",40521,20580,19941,NA,40521,20580,19941,NA,NA,NA,NA,NA,NA
"KPK","BANNU","BANNU","KAKKI","TEHSIL","15 - 64",47161,24101,23060,NA,47161,24101,23060,NA,NA,NA,NA,NA,NA
"KPK","BANNU","BANNU","KAKKI","TEHSIL","18 - 60",40206,20393,19813,NA,40206,20393,19813,NA,NA,NA,NA,NA,NA
"KPK","BANNU","BANNU","KAKKI","TEHSIL","18 &  ABOVE",44603,22920,21683,NA,44603,22920,21683,NA,NA,NA,NA,NA,NA
"KPK","BANNU","BANNU","KAKKI","TEHSIL","60 &  ABOVE",4895,2802,2093,NA,4895,2802,2093,NA,NA,NA,NA,NA,NA
"KPK","BANNU","BANNU","KAKKI","TEHSIL","65 &  ABOVE",2994,1754,1240,NA,2994,1754,1240,NA,NA,NA,NA,NA,NA
"KPK","BANNU","BANNU","MERYAN","TEHSIL","ALL AGES",166290,84974,81315,1,166290,84974,81315,1,NA,NA,NA,NA,NA
"KPK","BANNU","BANNU","MERYAN","TEHSIL","UNDER 1",3647,1905,1742,NA,3647,1905,1742,NA,NA,NA,NA,NA,NA
"KPK","BANNU","BANNU","MERYAN","TEHSIL","UNDER 5",30530,15820,14710,NA,30530,15820,14710,NA,NA,NA,NA,NA,NA
"KPK","BANNU","BANNU","MERYAN","TEHSIL","UNDER 10",58607,31018,27589,NA,58607,31018,27589,NA,NA,NA,NA,NA,NA
"KPK","BANNU","BANNU","MERYAN","TEHSIL","UNDER 15",79974,42621,37353,NA,79974,42621,37353,NA,NA,NA,NA,NA,NA
"KPK","BANNU","BANNU","MERYAN","TEHSIL","05 - 24",78408,41410,36997,1,78408,41410,36997,1,NA,NA,NA,NA,NA
"KPK","BANNU","BANNU","MERYAN","TEHSIL","15 - 49",70540,34048,36491,1,70540,34048,36491,1,NA,NA,NA,NA,NA
"KPK","BANNU","BANNU","MERYAN","TEHSIL","15 - 64",81815,39731,42083,1,81815,39731,42083,1,NA,NA,NA,NA,NA
"KPK","BANNU","BANNU","MERYAN","TEHSIL","18 - 60",69423,33173,36249,1,69423,33173,36249,1,NA,NA,NA,NA,NA
"KPK","BANNU","BANNU","MERYAN","TEHSIL","18 &  ABOVE",76202,36980,39221,1,76202,36980,39221,1,NA,NA,NA,NA,NA
"KPK","BANNU","BANNU","MERYAN","TEHSIL","60 &  ABOVE",7635,4261,3374,NA,7635,4261,3374,NA,NA,NA,NA,NA,NA
"KPK","BANNU","BANNU","MERYAN","TEHSIL","65 &  ABOVE",4501,2622,1879,NA,4501,2622,1879,NA,NA,NA,NA,NA,NA
"KPK","BANNU","BANNU","WAZIR","SUB-DIVISION","ALL AGES",37262,19398,17864,NA,37262,19398,17864,NA,NA,NA,NA,NA,NA
"KPK","BANNU","BANNU","WAZIR","SUB-DIVISION","UNDER 1",576,306,270,NA,576,306,270,NA,NA,NA,NA,NA,NA
"KPK","BANNU","BANNU","WAZIR","SUB-DIVISION","UNDER 5",6231,3241,2990,NA,6231,3241,2990,NA,NA,NA,NA,NA,NA
"KPK","BANNU","BANNU","WAZIR","SUB-DIVISION","UNDER 10",13185,7032,6153,NA,13185,7032,6153,NA,NA,NA,NA,NA,NA
"KPK","BANNU","BANNU","WAZIR","SUB-DIVISION","UNDER 15",18066,9814,8252,NA,18066,9814,8252,NA,NA,NA,NA,NA,NA
"KPK","BANNU","BANNU","WAZIR","SUB-DIVISION","05 - 24",18481,10008,8473,NA,18481,10008,8473,NA,NA,NA,NA,NA,NA
"KPK","BANNU","BANNU","WAZIR","SUB-DIVISION","15 - 49",15816,7792,8024,NA,15816,7792,8024,NA,NA,NA,NA,NA,NA
"KPK","BANNU","BANNU","WAZIR","SUB-DIVISION","15 - 64",18264,9034,9230,NA,18264,9034,9230,NA,NA,NA,NA,NA,NA
"KPK","BANNU","BANNU","WAZIR","SUB-DIVISION","18 - 60",15735,7626,8109,NA,15735,7626,8109,NA,NA,NA,NA,NA,NA
"KPK","BANNU","BANNU","WAZIR","SUB-DIVISION","18 &  ABOVE",17085,8412,8673,NA,17085,8412,8673,NA,NA,NA,NA,NA,NA
"KPK","BANNU","BANNU","WAZIR","SUB-DIVISION","60 &  ABOVE",1647,944,703,NA,1647,944,703,NA,NA,NA,NA,NA,NA
"KPK","BANNU","BANNU","WAZIR","SUB-DIVISION","65 &  ABOVE",932,550,382,NA,932,550,382,NA,NA,NA,NA,NA,NA
NA,NA,"BATAGRAM","ALLAI","TEHSIL","ALL AGES",217566,111977,105584,5,217566,111977,105584,5,NA,NA,NA,NA,NA
NA,NA,"BATAGRAM","ALLAI","TEHSIL","UNDER 1",4878,2596,2282,NA,4878,2596,2282,NA,NA,NA,NA,NA,NA
NA,NA,"BATAGRAM","ALLAI","TEHSIL","UNDER 5",36111,18779,17332,NA,36111,18779,17332,NA,NA,NA,NA,NA,NA
NA,NA,"BATAGRAM","ALLAI","TEHSIL","UNDER 10",72996,37903,35093,NA,72996,37903,35093,NA,NA,NA,NA,NA,NA
NA,NA,"BATAGRAM","ALLAI","TEHSIL","UNDER 15",102333,53335,48998,NA,102333,53335,48998,NA,NA,NA,NA,NA,NA
NA,NA,"BATAGRAM","ALLAI","TEHSIL","05 - 24",107961,55873,52088,NA,107961,55873,52088,NA,NA,NA,NA,NA,NA
NA,NA,"BATAGRAM","ALLAI","TEHSIL","15 - 49",94240,47327,46909,4,94240,47327,46909,4,NA,NA,NA,NA,NA
NA,NA,"BATAGRAM","ALLAI","TEHSIL","15 - 64",107518,54397,53116,5,107518,54397,53116,5,NA,NA,NA,NA,NA
NA,NA,"BATAGRAM","ALLAI","TEHSIL","18 - 60",91172,45844,45323,5,91172,45844,45323,5,NA,NA,NA,NA,NA
NA,NA,"BATAGRAM","ALLAI","TEHSIL","18 &  ABOVE",101248,51353,49890,5,101248,51353,49890,5,NA,NA,NA,NA,NA
NA,NA,"BATAGRAM","ALLAI","TEHSIL","60 &  ABOVE",10845,5952,4893,NA,10845,5952,4893,NA,NA,NA,NA,NA,NA
NA,NA,"BATAGRAM","ALLAI","TEHSIL","65 &  ABOVE",7715,4245,3470,NA,7715,4245,3470,NA,NA,NA,NA,NA,NA
"KPK","HAZARA","BATAGRAM","BATAGRAM","TEHSIL","ALL AGES",335719,168916,166798,5,335719,168916,166798,5,NA,NA,NA,NA,NA
"KPK","HAZARA","BATAGRAM","BATAGRAM","TEHSIL","UNDER 1",6661,3471,3190,NA,6661,3471,3190,NA,NA,NA,NA,NA,NA
"KPK","HAZARA","BATAGRAM","BATAGRAM","TEHSIL","UNDER 5",49965,25976,23989,NA,49965,25976,23989,NA,NA,NA,NA,NA,NA
"KPK","HAZARA","BATAGRAM","BATAGRAM","TEHSIL","UNDER 10",103719,53763,49956,NA,103719,53763,49956,NA,NA,NA,NA,NA,NA
"KPK","HAZARA","BATAGRAM","BATAGRAM","TEHSIL","UNDER 15",149305,77615,71689,1,149305,77615,71689,1,NA,NA,NA,NA,NA
"KPK","HAZARA","BATAGRAM","BATAGRAM","TEHSIL","05 - 24",164969,85023,79942,4,164969,85023,79942,4,NA,NA,NA,NA,NA
"KPK","HAZARA","BATAGRAM","BATAGRAM","TEHSIL","15 - 49",150320,72623,77694,3,150320,72623,77694,3,NA,NA,NA,NA,NA
"KPK","HAZARA","BATAGRAM","BATAGRAM","TEHSIL","15 - 64",173477,84349,89124,4,173477,84349,89124,4,NA,NA,NA,NA,NA
"KPK","HAZARA","BATAGRAM","BATAGRAM","TEHSIL","18 - 60",146090,70044,76043,3,146090,70044,76043,3,NA,NA,NA,NA,NA
"KPK","HAZARA","BATAGRAM","BATAGRAM","TEHSIL","18 &  ABOVE",163202,79239,83960,3,163202,79239,83960,3,NA,NA,NA,NA,NA
"KPK","HAZARA","BATAGRAM","BATAGRAM","TEHSIL","60 &  ABOVE",18628,10018,8610,NA,18628,10018,8610,NA,NA,NA,NA,NA,NA
"KPK","HAZARA","BATAGRAM","BATAGRAM","TEHSIL","65 &  ABOVE",12937,6952,5985,NA,12937,6952,5985,NA,NA,NA,NA,NA,NA
"KPK","MALAKAND","BUNER","CHAGHARZAI","TEHSIL","ALL AGES",125919,62886,63029,4,125919,62886,63029,4,NA,NA,NA,NA,NA
"KPK","MALAKAND","BUNER","CHAGHARZAI","TEHSIL","UNDER 1",2551,1305,1246,NA,2551,1305,1246,NA,NA,NA,NA,NA,NA
"KPK","MALAKAND","BUNER","CHAGHARZAI","TEHSIL","UNDER 5",20182,10462,9720,NA,20182,10462,9720,NA,NA,NA,NA,NA,NA
"KPK","MALAKAND","BUNER","CHAGHARZAI","TEHSIL","UNDER 10",40640,21107,19533,NA,40640,21107,19533,NA,NA,NA,NA,NA,NA
"KPK","MALAKAND","BUNER","CHAGHARZAI","TEHSIL","UNDER 15",57340,30064,27275,1,57340,30064,27275,1,NA,NA,NA,NA,NA
"KPK","MALAKAND","BUNER","CHAGHARZAI","TEHSIL","05 - 24",62398,32151,30244,3,62398,32151,30244,3,NA,NA,NA,NA,NA
"KPK","MALAKAND","BUNER","CHAGHARZAI","TEHSIL","15 - 49",56345,26717,29625,3,56345,26717,29625,3,NA,NA,NA,NA,NA
"KPK","MALAKAND","BUNER","CHAGHARZAI","TEHSIL","15 - 64",64093,30486,33604,3,64093,30486,33604,3,NA,NA,NA,NA,NA
"KPK","MALAKAND","BUNER","CHAGHARZAI","TEHSIL","18 - 60",53873,25310,28561,2,53873,25310,28561,2,NA,NA,NA,NA,NA
"KPK","MALAKAND","BUNER","CHAGHARZAI","TEHSIL","18 &  ABOVE",59824,28363,31459,2,59824,28363,31459,2,NA,NA,NA,NA,NA
"KPK","MALAKAND","BUNER","CHAGHARZAI","TEHSIL","60 &  ABOVE",6522,3336,3186,NA,6522,3336,3186,NA,NA,NA,NA,NA,NA
"KPK","MALAKAND","BUNER","CHAGHARZAI","TEHSIL","65 &  ABOVE",4486,2336,2150,NA,4486,2336,2150,NA,NA,NA,NA,NA,NA
"KPK","MALAKAND","BUNER","DAGGAR","TEHSIL","ALL AGES",192749,95424,97324,1,192749,95424,97324,1,NA,NA,NA,NA,NA
"KPK","MALAKAND","BUNER","DAGGAR","TEHSIL","UNDER 1",4339,2265,2074,NA,4339,2265,2074,NA,NA,NA,NA,NA,NA
"KPK","MALAKAND","BUNER","DAGGAR","TEHSIL","UNDER 5",29067,15047,14020,NA,29067,15047,14020,NA,NA,NA,NA,NA,NA
"KPK","MALAKAND","BUNER","DAGGAR","TEHSIL","UNDER 10",57443,29595,27848,NA,57443,29595,27848,NA,NA,NA,NA,NA,NA
"KPK","MALAKAND","BUNER","DAGGAR","TEHSIL","UNDER 15",83219,43085,40134,NA,83219,43085,40134,NA,NA,NA,NA,NA,NA
"KPK","MALAKAND","BUNER","DAGGAR","TEHSIL","05 - 24",95473,48904,46569,NA,95473,48904,46569,NA,NA,NA,NA,NA,NA
"KPK","MALAKAND","BUNER","DAGGAR","TEHSIL","15 - 49",90366,42626,47739,1,90366,42626,47739,1,NA,NA,NA,NA,NA
"KPK","MALAKAND","BUNER","DAGGAR","TEHSIL","15 - 64",102735,48709,54025,1,102735,48709,54025,1,NA,NA,NA,NA,NA
"KPK","MALAKAND","BUNER","DAGGAR","TEHSIL","18 - 60",85554,39862,45691,1,85554,39862,45691,1,NA,NA,NA,NA,NA
"KPK","MALAKAND","BUNER","DAGGAR","TEHSIL","18 &  ABOVE",94650,44640,50009,1,94650,44640,50009,1,NA,NA,NA,NA,NA
"KPK","MALAKAND","BUNER","DAGGAR","TEHSIL","60 &  ABOVE",9948,5218,4730,NA,9948,5218,4730,NA,NA,NA,NA,NA,NA
"KPK","MALAKAND","BUNER","DAGGAR","TEHSIL","65 &  ABOVE",6795,3630,3165,NA,6795,3630,3165,NA,NA,NA,NA,NA,NA
"KPK","MALAKAND","BUNER","GADEZAI","TEHSIL","ALL AGES",197466,97693,99772,1,197466,97693,99772,1,NA,NA,NA,NA,NA
"KPK","MALAKAND","BUNER","GADEZAI","TEHSIL","UNDER 1",4158,2169,1989,NA,4158,2169,1989,NA,NA,NA,NA,NA,NA
"KPK","MALAKAND","BUNER","GADEZAI","TEHSIL","UNDER 5",30293,15580,14713,NA,30293,15580,14713,NA,NA,NA,NA,NA,NA
"KPK","MALAKAND","BUNER","GADEZAI","TEHSIL","UNDER 10",59978,30881,29097,NA,59978,30881,29097,NA,NA,NA,NA,NA,NA
"KPK","MALAKAND","BUNER","GADEZAI","TEHSIL","UNDER 15",86464,44924,41540,NA,86464,44924,41540,NA,NA,NA,NA,NA,NA
"KPK","MALAKAND","BUNER","GADEZAI","TEHSIL","05 - 24",97381,50152,47229,NA,97381,50152,47229,NA,NA,NA,NA,NA,NA
"KPK","MALAKAND","BUNER","GADEZAI","TEHSIL","15 - 49",90703,42407,48295,1,90703,42407,48295,1,NA,NA,NA,NA,NA
"KPK","MALAKAND","BUNER","GADEZAI","TEHSIL","15 - 64",103546,48727,54818,1,103546,48727,54818,1,NA,NA,NA,NA,NA
"KPK","MALAKAND","BUNER","GADEZAI","TEHSIL","18 - 60",86194,39683,46510,1,86194,39683,46510,1,NA,NA,NA,NA,NA
"KPK","MALAKAND","BUNER","GADEZAI","TEHSIL","18 &  ABOVE",96236,45045,51190,1,96236,45045,51190,1,NA,NA,NA,NA,NA
"KPK","MALAKAND","BUNER","GADEZAI","TEHSIL","60 &  ABOVE",10918,5830,5088,NA,10918,5830,5088,NA,NA,NA,NA,NA,NA
"KPK","MALAKAND","BUNER","GADEZAI","TEHSIL","65 &  ABOVE",7456,4042,3414,NA,7456,4042,3414,NA,NA,NA,NA,NA,NA
"KPK","MALAKAND","BUNER","GAGRA","TEHSIL","ALL AGES",178949,89840,89088,21,178949,89840,89088,21,NA,NA,NA,NA,NA
"KPK","MALAKAND","BUNER","GAGRA","TEHSIL","UNDER 1",2967,1587,1380,NA,2967,1587,1380,NA,NA,NA,NA,NA,NA
"KPK","MALAKAND","BUNER","GAGRA","TEHSIL","UNDER 5",27310,14173,13137,NA,27310,14173,13137,NA,NA,NA,NA,NA,NA
"KPK","MALAKAND","BUNER","GAGRA","TEHSIL","UNDER 10",54116,28084,26032,NA,54116,28084,26032,NA,NA,NA,NA,NA,NA
"KPK","MALAKAND","BUNER","GAGRA","TEHSIL","UNDER 15",77590,40357,37233,NA,77590,40357,37233,NA,NA,NA,NA,NA,NA
"KPK","MALAKAND","BUNER","GAGRA","TEHSIL","05 - 24",87563,44832,42722,9,87563,44832,42722,9,NA,NA,NA,NA,NA
"KPK","MALAKAND","BUNER","GAGRA","TEHSIL","15 - 49",83763,40106,43636,21,83763,40106,43636,21,NA,NA,NA,NA,NA
"KPK","MALAKAND","BUNER","GAGRA","TEHSIL","15 - 64",95320,46043,49256,21,95320,46043,49256,21,NA,NA,NA,NA,NA
"KPK","MALAKAND","BUNER","GAGRA","TEHSIL","18 - 60",79854,38032,41804,18,79854,38032,41804,18,NA,NA,NA,NA,NA
"KPK","MALAKAND","BUNER","GAGRA","TEHSIL","18 &  ABOVE",88110,42642,45450,18,88110,42642,45450,18,NA,NA,NA,NA,NA
"KPK","MALAKAND","BUNER","GAGRA","TEHSIL","60 &  ABOVE",9046,5007,4039,NA,9046,5007,4039,NA,NA,NA,NA,NA,NA
"KPK","MALAKAND","BUNER","GAGRA","TEHSIL","65 &  ABOVE",6039,3440,2599,NA,6039,3440,2599,NA,NA,NA,NA,NA,NA
"KPK","MALAKAND","BUNER","KHADO KHEL","TEHSIL","ALL AGES",136560,68346,68213,1,136560,68346,68213,1,NA,NA,NA,NA,NA
"KPK","MALAKAND","BUNER","KHADO KHEL","TEHSIL","UNDER 1",2498,1306,1192,NA,2498,1306,1192,NA,NA,NA,NA,NA,NA
"KPK","MALAKAND","BUNER","KHADO KHEL","TEHSIL","UNDER 5",21516,11104,10412,NA,21516,11104,10412,NA,NA,NA,NA,NA,NA
"KPK","MALAKAND","BUNER","KHADO KHEL","TEHSIL","UNDER 10",41730,21560,20170,NA,41730,21560,20170,NA,NA,NA,NA,NA,NA
"KPK","MALAKAND","BUNER","KHADO KHEL","TEHSIL","UNDER 15",59234,30930,28304,NA,59234,30930,28304,NA,NA,NA,NA,NA,NA
"KPK","MALAKAND","BUNER","KHADO KHEL","TEHSIL","05 - 24",64355,33227,31127,1,64355,33227,31127,1,NA,NA,NA,NA,NA
"KPK","MALAKAND","BUNER","KHADO KHEL","TEHSIL","15 - 49",62391,29559,32831,1,62391,29559,32831,1,NA,NA,NA,NA,NA
"KPK","MALAKAND","BUNER","KHADO KHEL","TEHSIL","15 - 64",72185,34607,37577,1,72185,34607,37577,1,NA,NA,NA,NA,NA
"KPK","MALAKAND","BUNER","KHADO KHEL","TEHSIL","18 - 60",61341,28821,32519,1,61341,28821,32519,1,NA,NA,NA,NA,NA
"KPK","MALAKAND","BUNER","KHADO KHEL","TEHSIL","18 &  ABOVE",68297,32603,35693,1,68297,32603,35693,1,NA,NA,NA,NA,NA
"KPK","MALAKAND","BUNER","KHADO KHEL","TEHSIL","60 &  ABOVE",7614,4145,3469,NA,7614,4145,3469,NA,NA,NA,NA,NA,NA
"KPK","MALAKAND","BUNER","KHADO KHEL","TEHSIL","65 &  ABOVE",5141,2809,2332,NA,5141,2809,2332,NA,NA,NA,NA,NA,NA
"KPK","MALAKAND","BUNER","MANDANR","TEHSIL","ALL AGES",185031,93890,91141,NA,185031,93890,91141,NA,NA,NA,NA,NA,NA
"KPK","MALAKAND","BUNER","MANDANR","TEHSIL","UNDER 1",3765,1921,1844,NA,3765,1921,1844,NA,NA,NA,NA,NA,NA
"KPK","MALAKAND","BUNER","MANDANR","TEHSIL","UNDER 5",27726,14202,13524,NA,27726,14202,13524,NA,NA,NA,NA,NA,NA
"KPK","MALAKAND","BUNER","MANDANR","TEHSIL","UNDER 10",56577,29171,27406,NA,56577,29171,27406,NA,NA,NA,NA,NA,NA
"KPK","MALAKAND","BUNER","MANDANR","TEHSIL","UNDER 15",80572,41597,38975,NA,80572,41597,38975,NA,NA,NA,NA,NA,NA
"KPK","MALAKAND","BUNER","MANDANR","TEHSIL","05 - 24",90815,46507,44308,NA,90815,46507,44308,NA,NA,NA,NA,NA,NA
"KPK","MALAKAND","BUNER","MANDANR","TEHSIL","15 - 49",86105,42431,43674,NA,86105,42431,43674,NA,NA,NA,NA,NA,NA
"KPK","MALAKAND","BUNER","MANDANR","TEHSIL","15 - 64",98056,48766,49290,NA,98056,48766,49290,NA,NA,NA,NA,NA,NA
"KPK","MALAKAND","BUNER","MANDANR","TEHSIL","18 - 60",82728,40903,41825,NA,82728,40903,41825,NA,NA,NA,NA,NA,NA
"KPK","MALAKAND","BUNER","MANDANR","TEHSIL","18 &  ABOVE",91252,45526,45726,NA,91252,45526,45726,NA,NA,NA,NA,NA,NA
"KPK","MALAKAND","BUNER","MANDANR","TEHSIL","60 &  ABOVE",9270,5012,4258,NA,9270,5012,4258,NA,NA,NA,NA,NA,NA
"KPK","MALAKAND","BUNER","MANDANR","TEHSIL","65 &  ABOVE",6403,3527,2876,NA,6403,3527,2876,NA,NA,NA,NA,NA,NA
"KPK","PESHAWAR","CHARSADDA","CHARSADDA","TEHSIL","ALL AGES",909438,473703,435727,8,755011,393860,361145,6,154427,79843,74582,2,NA
"KPK","PESHAWAR","CHARSADDA","CHARSADDA","TEHSIL","UNDER 1",17022,8795,8227,NA,14211,7347,6864,NA,2811,1448,1363,NA,NA
"KPK","PESHAWAR","CHARSADDA","CHARSADDA","TEHSIL","UNDER 5",130033,66983,63050,NA,109133,56181,52952,NA,20900,10802,10098,NA,NA
"KPK","PESHAWAR","CHARSADDA","CHARSADDA","TEHSIL","UNDER 10",257112,132935,124177,NA,216760,112100,104660,NA,40352,20835,19517,NA,NA
"KPK","PESHAWAR","CHARSADDA","CHARSADDA","TEHSIL","UNDER 15",372883,193626,179255,2,313940,163189,150749,2,58943,30437,28506,NA,NA
"KPK","PESHAWAR","CHARSADDA","CHARSADDA","TEHSIL","05 - 24",413463,215103,198355,5,347218,181004,166209,5,66245,34099,32146,NA,NA
"KPK","PESHAWAR","CHARSADDA","CHARSADDA","TEHSIL","15 - 49",432755,221779,210971,5,356992,183278,173711,3,75763,38501,37260,2,NA
"KPK","PESHAWAR","CHARSADDA","CHARSADDA","TEHSIL","15 - 64",503321,260186,243130,5,414220,214529,199688,3,89101,45657,43442,2,NA
"KPK","PESHAWAR","CHARSADDA","CHARSADDA","TEHSIL","18 - 60",431016,221986,209027,3,354260,182779,171480,1,76756,39207,37547,2,NA
"KPK","PESHAWAR","CHARSADDA","CHARSADDA","TEHSIL","18 &  ABOVE",478832,249931,228897,4,392896,205475,187419,2,85936,44456,41478,2,NA
"KPK","PESHAWAR","CHARSADDA","CHARSADDA","TEHSIL","60 &  ABOVE",52136,30363,21772,1,42156,24678,17477,1,9980,5685,4295,NA,NA
"KPK","PESHAWAR","CHARSADDA","CHARSADDA","TEHSIL","65 &  ABOVE",33234,19891,13342,1,26851,16142,10708,1,6383,3749,2634,NA,NA
"KPK","PESHAWAR","CHARSADDA","SHABQADAR","TEHSIL","ALL AGES",440166,226514,213645,7,337837,172919,164912,6,102329,53595,48733,1,NA
"KPK","PESHAWAR","CHARSADDA","SHABQADAR","TEHSIL","UNDER 1",8868,4522,4346,NA,7043,3608,3435,NA,1825,914,911,NA,NA
"KPK","PESHAWAR","CHARSADDA","SHABQADAR","TEHSIL","UNDER 5",71356,36791,34565,NA,55581,28710,26871,NA,15775,8081,7694,NA,NA
"KPK","PESHAWAR","CHARSADDA","SHABQADAR","TEHSIL","UNDER 10",134979,69953,65026,NA,104281,54094,50187,NA,30698,15859,14839,NA,NA
"KPK","PESHAWAR","CHARSADDA","SHABQADAR","TEHSIL","UNDER 15",191703,99966,91737,NA,147897,77060,70837,NA,43806,22906,20900,NA,NA
"KPK","PESHAWAR","CHARSADDA","SHABQADAR","TEHSIL","05 - 24",201097,103591,97502,4,154106,79000,75102,4,46991,24591,22400,NA,NA
"KPK","PESHAWAR","CHARSADDA","SHABQADAR","TEHSIL","15 - 49",200677,99951,100719,7,152922,75449,77467,6,47755,24502,23252,1,NA
"KPK","PESHAWAR","CHARSADDA","SHABQADAR","TEHSIL","15 - 64",233342,117271,116064,7,178091,88676,89409,6,55251,28595,26655,1,NA
"KPK","PESHAWAR","CHARSADDA","SHABQADAR","TEHSIL","18 - 60",198407,98915,99488,4,150969,74519,76447,3,47438,24396,23041,1,NA
"KPK","PESHAWAR","CHARSADDA","SHABQADAR","TEHSIL","18 &  ABOVE",220456,112035,108417,4,168259,84713,83543,3,52197,27322,24874,1,NA
"KPK","PESHAWAR","CHARSADDA","SHABQADAR","TEHSIL","60 &  ABOVE",24272,14374,9898,NA,18970,11124,7846,NA,5302,3250,2052,NA,NA
"KPK","PESHAWAR","CHARSADDA","SHABQADAR","TEHSIL","65 &  ABOVE",15121,9277,5844,NA,11849,7183,4666,NA,3272,2094,1178,NA,NA
"KPK","PESHAWAR","CHARSADDA","TANGI","TEHSIL","ALL AGES",485532,250481,235047,4,449873,232150,217719,4,35659,18331,17328,NA,NA
"KPK","PESHAWAR","CHARSADDA","TANGI","TEHSIL","UNDER 1",10239,5315,4924,NA,9750,5060,4690,NA,489,255,234,NA,NA
"KPK","PESHAWAR","CHARSADDA","TANGI","TEHSIL","UNDER 5",79943,41169,38774,NA,74925,38563,36362,NA,5018,2606,2412,NA,NA
"KPK","PESHAWAR","CHARSADDA","TANGI","TEHSIL","UNDER 10",150788,77845,72943,NA,141322,72978,68344,NA,9466,4867,4599,NA,NA
"KPK","PESHAWAR","CHARSADDA","TANGI","TEHSIL","UNDER 15",210961,109335,101625,1,197440,102365,95074,1,13521,6970,6551,NA,NA
"KPK","PESHAWAR","CHARSADDA","TANGI","TEHSIL","05 - 24",219774,112472,107299,3,204700,104894,99803,3,15074,7578,7496,NA,NA
"KPK","PESHAWAR","CHARSADDA","TANGI","TEHSIL","15 - 49",223970,112993,110975,2,206424,104206,102216,2,17546,8787,8759,NA,NA
"KPK","PESHAWAR","CHARSADDA","TANGI","TEHSIL","15 - 64",257809,131212,126594,3,237178,120757,116418,3,20631,10455,10176,NA,NA
"KPK","PESHAWAR","CHARSADDA","TANGI","TEHSIL","18 - 60",221733,112409,109323,1,203795,103382,100412,1,17938,9027,8911,NA,NA
"KPK","PESHAWAR","CHARSADDA","TANGI","TEHSIL","18 &  ABOVE",245202,126003,119198,1,225146,115745,109400,1,20056,10258,9798,NA,NA
"KPK","PESHAWAR","CHARSADDA","TANGI","TEHSIL","60 &  ABOVE",25850,14874,10976,NA,23513,13519,9994,NA,2337,1355,982,NA,NA
"KPK","PESHAWAR","CHARSADDA","TANGI","TEHSIL","65 &  ABOVE",16762,9934,6828,NA,15255,9028,6227,NA,1507,906,601,NA,NA
"KPK","DERA ISMAIL KHAN","DERA ISMAIL KHAN","DARABAN","TEHSIL","ALL AGES",149447,79171,70275,1,149447,79171,70275,1,NA,NA,NA,NA,NA
"KPK","DERA ISMAIL KHAN","DERA ISMAIL KHAN","DARABAN","TEHSIL","UNDER 1",3202,1626,1576,NA,3202,1626,1576,NA,NA,NA,NA,NA,NA
"KPK","DERA ISMAIL KHAN","DERA ISMAIL KHAN","DARABAN","TEHSIL","UNDER 5",25838,13112,12726,NA,25838,13112,12726,NA,NA,NA,NA,NA,NA
"KPK","DERA ISMAIL KHAN","DERA ISMAIL KHAN","DARABAN","TEHSIL","UNDER 10",52074,26896,25178,NA,52074,26896,25178,NA,NA,NA,NA,NA,NA
"KPK","DERA ISMAIL KHAN","DERA ISMAIL KHAN","DARABAN","TEHSIL","UNDER 15",71071,37103,33968,NA,71071,37103,33968,NA,NA,NA,NA,NA,NA
"KPK","DERA ISMAIL KHAN","DERA ISMAIL KHAN","DARABAN","TEHSIL","05 - 24",69639,37313,32326,NA,69639,37313,32326,NA,NA,NA,NA,NA,NA
"KPK","DERA ISMAIL KHAN","DERA ISMAIL KHAN","DARABAN","TEHSIL","15 - 49",62604,33353,29250,1,62604,33353,29250,1,NA,NA,NA,NA,NA
"KPK","DERA ISMAIL KHAN","DERA ISMAIL KHAN","DARABAN","TEHSIL","15 - 64",73657,39429,34227,1,73657,39429,34227,1,NA,NA,NA,NA,NA
"KPK","DERA ISMAIL KHAN","DERA ISMAIL KHAN","DARABAN","TEHSIL","18 - 60",63422,33747,29674,1,63422,33747,29674,1,NA,NA,NA,NA,NA
"KPK","DERA ISMAIL KHAN","DERA ISMAIL KHAN","DARABAN","TEHSIL","18 &  ABOVE",70122,37455,32666,1,70122,37455,32666,1,NA,NA,NA,NA,NA
"KPK","DERA ISMAIL KHAN","DERA ISMAIL KHAN","DARABAN","TEHSIL","60 &  ABOVE",7386,4084,3302,NA,7386,4084,3302,NA,NA,NA,NA,NA,NA
"KPK","DERA ISMAIL KHAN","DERA ISMAIL KHAN","DARABAN","TEHSIL","65 &  ABOVE",4719,2639,2080,NA,4719,2639,2080,NA,NA,NA,NA,NA,NA
"KPK","DERA ISMAIL KHAN","DERA ISMAIL KHAN","DERA ISMAIL KHAN","TEHSIL","ALL AGES",763195,401975,361081,139,545740,287119,258616,5,217455,114856,102465,134,NA
"KPK","DERA ISMAIL KHAN","DERA ISMAIL KHAN","DERA ISMAIL KHAN","TEHSIL","UNDER 1",13983,7209,6774,NA,10828,5579,5249,NA,3155,1630,1525,NA,NA
"KPK","DERA ISMAIL KHAN","DERA ISMAIL KHAN","DERA ISMAIL KHAN","TEHSIL","UNDER 5",108291,56100,52191,NA,84287,43653,40634,NA,24004,12447,11557,NA,NA
"KPK","DERA ISMAIL KHAN","DERA ISMAIL KHAN","DERA ISMAIL KHAN","TEHSIL","UNDER 10",217044,113277,103767,NA,168815,88250,80565,NA,48229,25027,23202,NA,NA
"KPK","DERA ISMAIL KHAN","DERA ISMAIL KHAN","DERA ISMAIL KHAN","TEHSIL","UNDER 15",311492,164225,147266,1,239025,126138,112886,1,72467,38087,34380,NA,NA
"KPK","DERA ISMAIL KHAN","DERA ISMAIL KHAN","DERA ISMAIL KHAN","TEHSIL","05 - 24",349203,185461,163727,15,258926,137973,120950,3,90277,47488,42777,12,NA
"KPK","DERA ISMAIL KHAN","DERA ISMAIL KHAN","DERA ISMAIL KHAN","TEHSIL","15 - 49",365878,190542,175206,130,250902,130296,120603,3,114976,60246,54603,127,NA
"KPK","DERA ISMAIL KHAN","DERA ISMAIL KHAN","DERA ISMAIL KHAN","TEHSIL","15 - 64",427423,223679,203606,138,291031,151808,139219,4,136392,71871,64387,134,NA
"KPK","DERA ISMAIL KHAN","DERA ISMAIL KHAN","DERA ISMAIL KHAN","TEHSIL","18 - 60",365656,190112,175408,136,247131,127940,119189,2,118525,62172,56219,134,NA
"KPK","DERA ISMAIL KHAN","DERA ISMAIL KHAN","DERA ISMAIL KHAN","TEHSIL","18 &  ABOVE",401905,210950,190819,136,270409,141391,129016,2,131496,69559,61803,134,NA
"KPK","DERA ISMAIL KHAN","DERA ISMAIL KHAN","DERA ISMAIL KHAN","TEHSIL","60 &  ABOVE",40255,23077,17177,1,25943,14953,10990,NA,14312,8124,6187,1,NA
"KPK","DERA ISMAIL KHAN","DERA ISMAIL KHAN","DERA ISMAIL KHAN","TEHSIL","65 &  ABOVE",24280,14071,10209,NA,15684,9173,6511,NA,8596,4898,3698,NA,NA
"KPK","DERA ISMAIL KHAN","DERA ISMAIL KHAN","DRAZANDA","SUB-DIVISION","ALL AGES",82386,43675,38711,NA,82386,43675,38711,NA,NA,NA,NA,NA,NA
"KPK","DERA ISMAIL KHAN","DERA ISMAIL KHAN","DRAZANDA","SUB-DIVISION","UNDER 1",2253,1177,1076,NA,2253,1177,1076,NA,NA,NA,NA,NA,NA
"KPK","DERA ISMAIL KHAN","DERA ISMAIL KHAN","DRAZANDA","SUB-DIVISION","UNDER 5",17245,8839,8406,NA,17245,8839,8406,NA,NA,NA,NA,NA,NA
"KPK","DERA ISMAIL KHAN","DERA ISMAIL KHAN","DRAZANDA","SUB-DIVISION","UNDER 10",32839,17220,15619,NA,32839,17220,15619,NA,NA,NA,NA,NA,NA
"KPK","DERA ISMAIL KHAN","DERA ISMAIL KHAN","DRAZANDA","SUB-DIVISION","UNDER 15",43761,23401,20360,NA,43761,23401,20360,NA,NA,NA,NA,NA,NA
"KPK","DERA ISMAIL KHAN","DERA ISMAIL KHAN","DRAZANDA","SUB-DIVISION","05 - 24",39553,21687,17866,NA,39553,21687,17866,NA,NA,NA,NA,NA,NA
"KPK","DERA ISMAIL KHAN","DERA ISMAIL KHAN","DRAZANDA","SUB-DIVISION","15 - 49",31546,16532,15014,NA,31546,16532,15014,NA,NA,NA,NA,NA,NA
"KPK","DERA ISMAIL KHAN","DERA ISMAIL KHAN","DRAZANDA","SUB-DIVISION","15 - 64",36345,19057,17288,NA,36345,19057,17288,NA,NA,NA,NA,NA,NA
"KPK","DERA ISMAIL KHAN","DERA ISMAIL KHAN","DRAZANDA","SUB-DIVISION","18 - 60",30993,15872,15121,NA,30993,15872,15121,NA,NA,NA,NA,NA,NA
"KPK","DERA ISMAIL KHAN","DERA ISMAIL KHAN","DRAZANDA","SUB-DIVISION","18 &  ABOVE",34189,17565,16624,NA,34189,17565,16624,NA,NA,NA,NA,NA,NA
"KPK","DERA ISMAIL KHAN","DERA ISMAIL KHAN","DRAZANDA","SUB-DIVISION","60 &  ABOVE",3590,1912,1678,NA,3590,1912,1678,NA,NA,NA,NA,NA,NA
"KPK","DERA ISMAIL KHAN","DERA ISMAIL KHAN","DRAZANDA","SUB-DIVISION","65 &  ABOVE",2280,1217,1063,NA,2280,1217,1063,NA,NA,NA,NA,NA,NA
"KPK","DERA ISMAIL KHAN","DERA ISMAIL KHAN","KULACHI","TEHSIL","ALL AGES",102595,54240,48353,2,78114,41237,36875,2,24481,13003,11478,NA,NA
"KPK","DERA ISMAIL KHAN","DERA ISMAIL KHAN","KULACHI","TEHSIL","UNDER 1",1792,921,871,NA,1392,705,687,NA,400,216,184,NA,NA
"KPK","DERA ISMAIL KHAN","DERA ISMAIL KHAN","KULACHI","TEHSIL","UNDER 5",15335,7993,7342,NA,12026,6244,5782,NA,3309,1749,1560,NA,NA
"KPK","DERA ISMAIL KHAN","DERA ISMAIL KHAN","KULACHI","TEHSIL","UNDER 10",32234,16868,15366,NA,25761,13487,12274,NA,6473,3381,3092,NA,NA
"KPK","DERA ISMAIL KHAN","DERA ISMAIL KHAN","KULACHI","TEHSIL","UNDER 15",44789,23483,21305,1,35671,18695,16975,1,9118,4788,4330,NA,NA
"KPK","DERA ISMAIL KHAN","DERA ISMAIL KHAN","KULACHI","TEHSIL","05 - 24",46878,24795,22081,2,36720,19474,17244,2,10158,5321,4837,NA,NA
"KPK","DERA ISMAIL KHAN","DERA ISMAIL KHAN","KULACHI","TEHSIL","15 - 49",45644,24219,21424,1,33795,17880,15914,1,11849,6339,5510,NA,NA
"KPK","DERA ISMAIL KHAN","DERA ISMAIL KHAN","KULACHI","TEHSIL","15 - 64",54315,28792,25522,1,40023,21173,18849,1,14292,7619,6673,NA,NA
"KPK","DERA ISMAIL KHAN","DERA ISMAIL KHAN","KULACHI","TEHSIL","18 - 60",46475,24604,21871,NA,34132,18005,16127,NA,12343,6599,5744,NA,NA
"KPK","DERA ISMAIL KHAN","DERA ISMAIL KHAN","KULACHI","TEHSIL","18 &  ABOVE",51730,27490,24240,NA,37802,20020,17782,NA,13928,7470,6458,NA,NA
"KPK","DERA ISMAIL KHAN","DERA ISMAIL KHAN","KULACHI","TEHSIL","60 &  ABOVE",5797,3178,2619,NA,4052,2224,1828,NA,1745,954,791,NA,NA
"KPK","DERA ISMAIL KHAN","DERA ISMAIL KHAN","KULACHI","TEHSIL","65 &  ABOVE",3491,1965,1526,NA,2420,1369,1051,NA,1071,596,475,NA,NA
"KPK","DERA ISMAIL KHAN","DERA ISMAIL KHAN","PAHARPUR","TEHSIL","ALL AGES",406467,209833,196626,8,318771,164049,154717,5,87696,45784,41909,3,NA
"KPK","DERA ISMAIL KHAN","DERA ISMAIL KHAN","PAHARPUR","TEHSIL","UNDER 1",8401,4371,4030,NA,6524,3407,3117,NA,1877,964,913,NA,NA
"KPK","DERA ISMAIL KHAN","DERA ISMAIL KHAN","PAHARPUR","TEHSIL","UNDER 5",60394,30994,29400,NA,47514,24304,23210,NA,12880,6690,6190,NA,NA
"KPK","DERA ISMAIL KHAN","DERA ISMAIL KHAN","PAHARPUR","TEHSIL","UNDER 10",122125,63153,58972,NA,96580,49730,46850,NA,25545,13423,12122,NA,NA
"KPK","DERA ISMAIL KHAN","DERA ISMAIL KHAN","PAHARPUR","TEHSIL","UNDER 15",173240,90228,83012,NA,136906,70991,65915,NA,36334,19237,17097,NA,NA
"KPK","DERA ISMAIL KHAN","DERA ISMAIL KHAN","PAHARPUR","TEHSIL","05 - 24",188779,98785,89990,4,148746,77570,71173,3,40033,21215,18817,1,NA
"KPK","DERA ISMAIL KHAN","DERA ISMAIL KHAN","PAHARPUR","TEHSIL","15 - 49",185890,94401,91484,5,144856,73446,71406,4,41034,20955,20078,1,NA
"KPK","DERA ISMAIL KHAN","DERA ISMAIL KHAN","PAHARPUR","TEHSIL","15 - 64",218226,111344,106875,7,170054,86602,83447,5,48172,24742,23428,2,NA
"KPK","DERA ISMAIL KHAN","DERA ISMAIL KHAN","PAHARPUR","TEHSIL","18 - 60",185014,93765,91243,6,143834,72744,71086,4,41180,21021,20157,2,NA
"KPK","DERA ISMAIL KHAN","DERA ISMAIL KHAN","PAHARPUR","TEHSIL","18 &  ABOVE",206439,105536,100896,7,160606,81900,78702,4,45833,23636,22194,3,NA
"KPK","DERA ISMAIL KHAN","DERA ISMAIL KHAN","PAHARPUR","TEHSIL","60 &  ABOVE",23239,12757,10481,1,18205,9936,8269,NA,5034,2821,2212,1,NA
"KPK","DERA ISMAIL KHAN","DERA ISMAIL KHAN","PAHARPUR","TEHSIL","65 &  ABOVE",15001,8261,6739,1,11811,6456,5355,NA,3190,1805,1384,1,NA
"KPK","DERA ISMAIL KHAN","DERA ISMAIL KHAN","PAROA","TEHSIL","ALL AGES",318826,167204,151621,1,276996,145362,131634,NA,41830,21842,19987,1,NA
"KPK","DERA ISMAIL KHAN","DERA ISMAIL KHAN","PAROA","TEHSIL","UNDER 1",6382,3250,3132,NA,5570,2829,2741,NA,812,421,391,NA,NA
"KPK","DERA ISMAIL KHAN","DERA ISMAIL KHAN","PAROA","TEHSIL","UNDER 5",50231,25573,24658,NA,44134,22484,21650,NA,6097,3089,3008,NA,NA
"KPK","DERA ISMAIL KHAN","DERA ISMAIL KHAN","PAROA","TEHSIL","UNDER 10",103085,53127,49958,NA,90537,46696,43841,NA,12548,6431,6117,NA,NA
"KPK","DERA ISMAIL KHAN","DERA ISMAIL KHAN","PAROA","TEHSIL","UNDER 15",145206,75537,69669,NA,127069,66172,60897,NA,18137,9365,8772,NA,NA
"KPK","DERA ISMAIL KHAN","DERA ISMAIL KHAN","PAROA","TEHSIL","05 - 24",154466,82242,72224,NA,134215,71550,62665,NA,20251,10692,9559,NA,NA
"KPK","DERA ISMAIL KHAN","DERA ISMAIL KHAN","PAROA","TEHSIL","15 - 49",141449,74048,67401,NA,122285,64073,58212,NA,19164,9975,9189,NA,NA
"KPK","DERA ISMAIL KHAN","DERA ISMAIL KHAN","PAROA","TEHSIL","15 - 64",164052,86223,77829,NA,141709,74508,67201,NA,22343,11715,10628,NA,NA
"KPK","DERA ISMAIL KHAN","DERA ISMAIL KHAN","PAROA","TEHSIL","18 - 60",139568,72971,66597,NA,120691,63131,57560,NA,18877,9840,9037,NA,NA
"KPK","DERA ISMAIL KHAN","DERA ISMAIL KHAN","PAROA","TEHSIL","18 &  ABOVE",153208,80645,72562,1,132479,69766,62713,NA,20729,10879,9849,1,NA
"KPK","DERA ISMAIL KHAN","DERA ISMAIL KHAN","PAROA","TEHSIL","60 &  ABOVE",15008,8407,6600,1,12963,7259,5704,NA,2045,1148,896,1,NA
"KPK","DERA ISMAIL KHAN","DERA ISMAIL KHAN","PAROA","TEHSIL","65 &  ABOVE",9568,5444,4123,1,8218,4682,3536,NA,1350,762,587,1,NA
"KPK","KOHAT","HANGU","HANGU","TEHSIL","ALL AGES",280703,138308,142393,2,237089,116341,120747,1,43614,21967,21646,1,NA
"KPK","KOHAT","HANGU","HANGU","TEHSIL","UNDER 1",5194,2720,2474,NA,4502,2369,2133,NA,692,351,341,NA,NA
"KPK","KOHAT","HANGU","HANGU","TEHSIL","UNDER 5",38772,20124,18648,NA,32834,17037,15797,NA,5938,3087,2851,NA,NA
"KPK","KOHAT","HANGU","HANGU","TEHSIL","UNDER 10",79052,41111,37941,NA,67547,35108,32439,NA,11505,6003,5502,NA,NA
"KPK","KOHAT","HANGU","HANGU","TEHSIL","UNDER 15",116200,60751,55448,1,99309,51906,47402,1,16891,8845,8046,NA,NA
"KPK","KOHAT","HANGU","HANGU","TEHSIL","05 - 24",135681,70217,65463,1,115933,60048,55884,1,19748,10169,9579,NA,NA
"KPK","KOHAT","HANGU","HANGU","TEHSIL","15 - 49",135376,63534,71841,1,113493,52908,60585,NA,21883,10626,11256,1,NA
"KPK","KOHAT","HANGU","HANGU","TEHSIL","15 - 64",154557,72250,82306,1,129332,59970,69362,NA,25225,12280,12944,1,NA
"KPK","KOHAT","HANGU","HANGU","TEHSIL","18 - 60",129438,59310,70127,1,107944,48982,58962,NA,21494,10328,11165,1,NA
"KPK","KOHAT","HANGU","HANGU","TEHSIL","18 &  ABOVE",143473,66545,76927,1,119798,55027,64771,NA,23675,11518,12156,1,NA
"KPK","KOHAT","HANGU","HANGU","TEHSIL","60 &  ABOVE",15505,7976,7529,NA,13087,6666,6421,NA,2418,1310,1108,NA,NA
"KPK","KOHAT","HANGU","HANGU","TEHSIL","65 &  ABOVE",9946,5307,4639,NA,8448,4465,3983,NA,1498,842,656,NA,NA
"KPK","KOHAT","HANGU","TALL","TEHSIL","ALL AGES",244920,120413,124501,6,204965,100017,104945,3,39955,20396,19556,3,NA
"KPK","KOHAT","HANGU","TALL","TEHSIL","UNDER 1",4492,2319,2173,NA,3873,2005,1868,NA,619,314,305,NA,NA
"KPK","KOHAT","HANGU","TALL","TEHSIL","UNDER 5",35826,18530,17296,NA,30412,15715,14697,NA,5414,2815,2599,NA,NA
"KPK","KOHAT","HANGU","TALL","TEHSIL","UNDER 10",73452,38519,34933,NA,62245,32610,29635,NA,11207,5909,5298,NA,NA
"KPK","KOHAT","HANGU","TALL","TEHSIL","UNDER 15",107533,56651,50882,NA,91024,47856,43168,NA,16509,8795,7714,NA,NA
"KPK","KOHAT","HANGU","TALL","TEHSIL","05 - 24",121674,63132,58539,3,102685,53127,49555,3,18989,10005,8984,NA,NA
"KPK","KOHAT","HANGU","TALL","TEHSIL","15 - 49",114004,52489,61509,6,94657,43050,51604,3,19347,9439,9905,3,NA
"KPK","KOHAT","HANGU","TALL","TEHSIL","15 - 64",129306,59448,69852,6,107161,48609,58549,3,22145,10839,11303,3,NA
"KPK","KOHAT","HANGU","TALL","TEHSIL","18 - 60",108012,48522,59486,4,89196,39441,49754,1,18816,9081,9732,3,NA
"KPK","KOHAT","HANGU","TALL","TEHSIL","18 &  ABOVE",119070,54217,64849,4,98447,44113,54333,1,20623,10104,10516,3,NA
"KPK","KOHAT","HANGU","TALL","TEHSIL","60 &  ABOVE",12283,6292,5991,NA,10234,5141,5093,NA,2049,1151,898,NA,NA
"KPK","KOHAT","HANGU","TALL","TEHSIL","65 &  ABOVE",8081,4314,3767,NA,6780,3552,3228,NA,1301,762,539,NA,NA
"KPK","HAZARA","HARIPUR","GHAZI","TEHSIL","ALL AGES",151446,75396,76048,2,151446,75396,76048,2,NA,NA,NA,NA,NA
"KPK","HAZARA","HARIPUR","GHAZI","TEHSIL","UNDER 1",2864,1493,1371,NA,2864,1493,1371,NA,NA,NA,NA,NA,NA
"KPK","HAZARA","HARIPUR","GHAZI","TEHSIL","UNDER 5",18262,9408,8854,NA,18262,9408,8854,NA,NA,NA,NA,NA,NA
"KPK","HAZARA","HARIPUR","GHAZI","TEHSIL","UNDER 10",36575,18753,17822,NA,36575,18753,17822,NA,NA,NA,NA,NA,NA
"KPK","HAZARA","HARIPUR","GHAZI","TEHSIL","UNDER 15",53598,27623,25975,NA,53598,27623,25975,NA,NA,NA,NA,NA,NA
"KPK","HAZARA","HARIPUR","GHAZI","TEHSIL","05 - 24",61923,31559,30363,1,61923,31559,30363,1,NA,NA,NA,NA,NA
"KPK","HAZARA","HARIPUR","GHAZI","TEHSIL","15 - 49",74165,35486,38678,1,74165,35486,38678,1,NA,NA,NA,NA,NA
"KPK","HAZARA","HARIPUR","GHAZI","TEHSIL","15 - 64",89324,43206,46116,2,89324,43206,46116,2,NA,NA,NA,NA,NA
"KPK","HAZARA","HARIPUR","GHAZI","TEHSIL","18 - 60",76855,36523,40330,2,76855,36523,40330,2,NA,NA,NA,NA,NA
"KPK","HAZARA","HARIPUR","GHAZI","TEHSIL","18 &  ABOVE",88535,42867,45666,2,88535,42867,45666,2,NA,NA,NA,NA,NA
"KPK","HAZARA","HARIPUR","GHAZI","TEHSIL","60 &  ABOVE",12504,6779,5724,1,12504,6779,5724,1,NA,NA,NA,NA,NA
"KPK","HAZARA","HARIPUR","GHAZI","TEHSIL","65 &  ABOVE",8524,4567,3957,NA,8524,4567,3957,NA,NA,NA,NA,NA,NA
"KPK","HAZARA","HARIPUR","HARIPUR","TEHSIL","ALL AGES",834974,422523,412411,40,687614,348543,339061,10,147360,73980,73350,30,NA
"KPK","HAZARA","HARIPUR","HARIPUR","TEHSIL","UNDER 1",15339,7870,7469,NA,12816,6570,6246,NA,2523,1300,1223,NA,NA
"KPK","HAZARA","HARIPUR","HARIPUR","TEHSIL","UNDER 5",100855,51969,48886,NA,85427,44066,41361,NA,15428,7903,7525,NA,NA
"KPK","HAZARA","HARIPUR","HARIPUR","TEHSIL","UNDER 10",200421,102788,97633,NA,169061,86793,82268,NA,31360,15995,15365,NA,NA
"KPK","HAZARA","HARIPUR","HARIPUR","TEHSIL","UNDER 15",294893,152129,142764,NA,247122,127562,119560,NA,47771,24567,23204,NA,NA
"KPK","HAZARA","HARIPUR","HARIPUR","TEHSIL","05 - 24",345184,177164,168010,10,285836,146920,138912,4,59348,30244,29098,6,NA
"KPK","HAZARA","HARIPUR","HARIPUR","TEHSIL","15 - 49",416211,205565,210612,34,340368,168559,171801,8,75843,37006,38811,26,NA
"KPK","HAZARA","HARIPUR","HARIPUR","TEHSIL","15 - 64",498036,248027,249971,38,406459,202839,203611,9,91577,45188,46360,29,NA
"KPK","HAZARA","HARIPUR","HARIPUR","TEHSIL","18 - 60",431420,213046,218338,36,351943,174215,177720,8,79477,38831,40618,28,NA
"KPK","HAZARA","HARIPUR","HARIPUR","TEHSIL","18 &  ABOVE",490318,244643,245637,38,399585,199828,199748,9,90733,44815,45889,29,NA
"KPK","HAZARA","HARIPUR","HARIPUR","TEHSIL","60 &  ABOVE",63771,34229,29540,2,51558,27722,23835,1,12213,6507,5705,1,NA
"KPK","HAZARA","HARIPUR","HARIPUR","TEHSIL","65 &  ABOVE",42045,22367,19676,2,34033,18142,15890,1,8012,4225,3786,1,NA
"KPK","HAZARA","HARIPUR","KHANPUR","TEHSIL","ALL AGES",186636,92793,93840,3,186636,92793,93840,3,NA,NA,NA,NA,NA
"KPK","HAZARA","HARIPUR","KHANPUR","TEHSIL","UNDER 1",3588,1900,1688,NA,3588,1900,1688,NA,NA,NA,NA,NA,NA
"KPK","HAZARA","HARIPUR","KHANPUR","TEHSIL","UNDER 5",23162,11920,11242,NA,23162,11920,11242,NA,NA,NA,NA,NA,NA
"KPK","HAZARA","HARIPUR","KHANPUR","TEHSIL","UNDER 10",45234,23267,21967,NA,45234,23267,21967,NA,NA,NA,NA,NA,NA
"KPK","HAZARA","HARIPUR","KHANPUR","TEHSIL","UNDER 15",66042,34038,32004,NA,66042,34038,32004,NA,NA,NA,NA,NA,NA
"KPK","HAZARA","HARIPUR","KHANPUR","TEHSIL","05 - 24",75626,38385,37240,1,75626,38385,37240,1,NA,NA,NA,NA,NA
"KPK","HAZARA","HARIPUR","KHANPUR","TEHSIL","15 - 49",92475,44637,47835,3,92475,44637,47835,3,NA,NA,NA,NA,NA
"KPK","HAZARA","HARIPUR","KHANPUR","TEHSIL","15 - 64",111044,53883,57158,3,111044,53883,57158,3,NA,NA,NA,NA,NA
"KPK","HAZARA","HARIPUR","KHANPUR","TEHSIL","18 - 60",96006,46201,49803,2,96006,46201,49803,2,NA,NA,NA,NA,NA
"KPK","HAZARA","HARIPUR","KHANPUR","TEHSIL","18 &  ABOVE",109453,53112,56339,2,109453,53112,56339,2,NA,NA,NA,NA,NA
"KPK","HAZARA","HARIPUR","KHANPUR","TEHSIL","60 &  ABOVE",14553,7506,7047,NA,14553,7506,7047,NA,NA,NA,NA,NA,NA
"KPK","HAZARA","HARIPUR","KHANPUR","TEHSIL","65 &  ABOVE",9550,4872,4678,NA,9550,4872,4678,NA,NA,NA,NA,NA,NA
"KPK","KOHAT","KARAK","BANDA DAUD SHAH","TEHSIL","ALL AGES",177136,89044,88091,1,177136,89044,88091,1,NA,NA,NA,NA,NA
"KPK","KOHAT","KARAK","BANDA DAUD SHAH","TEHSIL","UNDER 1",3208,1677,1531,NA,3208,1677,1531,NA,NA,NA,NA,NA,NA
"KPK","KOHAT","KARAK","BANDA DAUD SHAH","TEHSIL","UNDER 5",25559,13357,12202,NA,25559,13357,12202,NA,NA,NA,NA,NA,NA
"KPK","KOHAT","KARAK","BANDA DAUD SHAH","TEHSIL","UNDER 10",50830,26344,24486,NA,50830,26344,24486,NA,NA,NA,NA,NA,NA
"KPK","KOHAT","KARAK","BANDA DAUD SHAH","TEHSIL","UNDER 15",72501,37598,34903,NA,72501,37598,34903,NA,NA,NA,NA,NA,NA
"KPK","KOHAT","KARAK","BANDA DAUD SHAH","TEHSIL","05 - 24",81600,41697,39902,1,81600,41697,39902,1,NA,NA,NA,NA,NA
"KPK","KOHAT","KARAK","BANDA DAUD SHAH","TEHSIL","15 - 49",84704,41422,43281,1,84704,41422,43281,1,NA,NA,NA,NA,NA
"KPK","KOHAT","KARAK","BANDA DAUD SHAH","TEHSIL","15 - 64",98059,47971,50087,1,98059,47971,50087,1,NA,NA,NA,NA,NA
"KPK","KOHAT","KARAK","BANDA DAUD SHAH","TEHSIL","18 - 60",83465,40531,42933,1,83465,40531,42933,1,NA,NA,NA,NA,NA
"KPK","KOHAT","KARAK","BANDA DAUD SHAH","TEHSIL","18 &  ABOVE",92746,45352,47393,1,92746,45352,47393,1,NA,NA,NA,NA,NA
"KPK","KOHAT","KARAK","BANDA DAUD SHAH","TEHSIL","60 &  ABOVE",10152,5258,4894,NA,10152,5258,4894,NA,NA,NA,NA,NA,NA
"KPK","KOHAT","KARAK","BANDA DAUD SHAH","TEHSIL","65 &  ABOVE",6576,3475,3101,NA,6576,3475,3101,NA,NA,NA,NA,NA,NA
"KPK","KOHAT","KARAK","KARAK","TEHSIL","ALL AGES",339889,176202,163681,6,281852,146125,135721,6,58037,30077,27960,NA,NA
"KPK","KOHAT","KARAK","KARAK","TEHSIL","UNDER 1",6156,3164,2992,NA,5179,2699,2480,NA,977,465,512,NA,NA
"KPK","KOHAT","KARAK","KARAK","TEHSIL","UNDER 5",52687,27626,25061,NA,44110,23205,20905,NA,8577,4421,4156,NA,NA
"KPK","KOHAT","KARAK","KARAK","TEHSIL","UNDER 10",99677,52351,47326,NA,83300,43796,39504,NA,16377,8555,7822,NA,NA
"KPK","KOHAT","KARAK","KARAK","TEHSIL","UNDER 15",140581,74039,66542,NA,117013,61650,55363,NA,23568,12389,11179,NA,NA
"KPK","KOHAT","KARAK","KARAK","TEHSIL","05 - 24",153658,80593,73061,4,127692,67007,60681,4,25966,13586,12380,NA,NA
"KPK","KOHAT","KARAK","KARAK","TEHSIL","15 - 49",162347,82958,79383,6,133852,68548,65298,6,28495,14410,14085,NA,NA
"KPK","KOHAT","KARAK","KARAK","TEHSIL","15 - 64",187744,95976,91762,6,154981,79259,75716,6,32763,16717,16046,NA,NA
"KPK","KOHAT","KARAK","KARAK","TEHSIL","18 - 60",160778,81826,78949,3,132459,67388,65068,3,28319,14438,13881,NA,NA
"KPK","KOHAT","KARAK","KARAK","TEHSIL","18 &  ABOVE",177513,90791,86719,3,146670,74928,71739,3,30843,15863,14980,NA,NA
"KPK","KOHAT","KARAK","KARAK","TEHSIL","60 &  ABOVE",18379,9856,8523,NA,15573,8267,7306,NA,2806,1589,1217,NA,NA
"KPK","KOHAT","KARAK","KARAK","TEHSIL","65 &  ABOVE",11564,6187,5377,NA,9858,5216,4642,NA,1706,971,735,NA,NA
"KPK","KOHAT","KARAK","TAKHT-E-NASRATI","TEHSIL","ALL AGES",298125,155703,142418,4,298125,155703,142418,4,NA,NA,NA,NA,NA
"KPK","KOHAT","KARAK","TAKHT-E-NASRATI","TEHSIL","UNDER 1",6254,3254,3000,NA,6254,3254,3000,NA,NA,NA,NA,NA,NA
"KPK","KOHAT","KARAK","TAKHT-E-NASRATI","TEHSIL","UNDER 5",48353,25356,22997,NA,48353,25356,22997,NA,NA,NA,NA,NA,NA
"KPK","KOHAT","KARAK","TAKHT-E-NASRATI","TEHSIL","UNDER 10",91416,48199,43217,NA,91416,48199,43217,NA,NA,NA,NA,NA,NA
"KPK","KOHAT","KARAK","TAKHT-E-NASRATI","TEHSIL","UNDER 15",127344,66973,60371,NA,127344,66973,60371,NA,NA,NA,NA,NA,NA
"KPK","KOHAT","KARAK","TAKHT-E-NASRATI","TEHSIL","05 - 24",135134,70922,64209,3,135134,70922,64209,3,NA,NA,NA,NA,NA
"KPK","KOHAT","KARAK","TAKHT-E-NASRATI","TEHSIL","15 - 49",139113,72063,67046,4,139113,72063,67046,4,NA,NA,NA,NA,NA
"KPK","KOHAT","KARAK","TAKHT-E-NASRATI","TEHSIL","15 - 64",160566,83107,77455,4,160566,83107,77455,4,NA,NA,NA,NA,NA
"KPK","KOHAT","KARAK","TAKHT-E-NASRATI","TEHSIL","18 - 60",136966,70743,66219,4,136966,70743,66219,4,NA,NA,NA,NA,NA
"KPK","KOHAT","KARAK","TAKHT-E-NASRATI","TEHSIL","18 &  ABOVE",151845,78887,72954,4,151845,78887,72954,4,NA,NA,NA,NA,NA
"KPK","KOHAT","KARAK","TAKHT-E-NASRATI","TEHSIL","60 &  ABOVE",16143,8789,7354,NA,16143,8789,7354,NA,NA,NA,NA,NA,NA
"KPK","KOHAT","KARAK","TAKHT-E-NASRATI","TEHSIL","65 &  ABOVE",10215,5623,4592,NA,10215,5623,4592,NA,NA,NA,NA,NA,NA
"KPK","PESHAWAR","KHYBER","BARA","TEHSIL","ALL AGES",548084,284157,263921,6,548084,284157,263921,6,NA,NA,NA,NA,NA
"KPK","PESHAWAR","KHYBER","BARA","TEHSIL","UNDER 1",9414,4880,4534,NA,9414,4880,4534,NA,NA,NA,NA,NA,NA
"KPK","PESHAWAR","KHYBER","BARA","TEHSIL","UNDER 5",90096,47114,42982,NA,90096,47114,42982,NA,NA,NA,NA,NA,NA
"KPK","PESHAWAR","KHYBER","BARA","TEHSIL","UNDER 10",186905,98169,88736,NA,186905,98169,88736,NA,NA,NA,NA,NA,NA
"KPK","PESHAWAR","KHYBER","BARA","TEHSIL","UNDER 15",268907,141880,127025,2,268907,141880,127025,2,NA,NA,NA,NA,NA
"KPK","PESHAWAR","KHYBER","BARA","TEHSIL","05 - 24",282219,148850,133364,5,282219,148850,133364,5,NA,NA,NA,NA,NA
"KPK","PESHAWAR","KHYBER","BARA","TEHSIL","15 - 49",237045,120495,116546,4,237045,120495,116546,4,NA,NA,NA,NA,NA
"KPK","PESHAWAR","KHYBER","BARA","TEHSIL","15 - 64",267362,135427,131931,4,267362,135427,131931,4,NA,NA,NA,NA,NA
"KPK","PESHAWAR","KHYBER","BARA","TEHSIL","18 - 60",220559,110553,110004,2,220559,110553,110004,2,NA,NA,NA,NA,NA
"KPK","PESHAWAR","KHYBER","BARA","TEHSIL","18 &  ABOVE",238899,120825,118072,2,238899,120825,118072,2,NA,NA,NA,NA,NA
"KPK","PESHAWAR","KHYBER","BARA","TEHSIL","60 &  ABOVE",20812,11482,9330,NA,20812,11482,9330,NA,NA,NA,NA,NA,NA
"KPK","PESHAWAR","KHYBER","BARA","TEHSIL","65 &  ABOVE",11815,6850,4965,NA,11815,6850,4965,NA,NA,NA,NA,NA,NA
"KPK","PESHAWAR","KHYBER","JAMRUD","TEHSIL","ALL AGES",243005,128223,114779,3,186492,98652,87837,3,56513,29571,26942,NA,NA
"KPK","PESHAWAR","KHYBER","JAMRUD","TEHSIL","UNDER 1",4180,2191,1989,NA,3273,1725,1548,NA,907,466,441,NA,NA
"KPK","PESHAWAR","KHYBER","JAMRUD","TEHSIL","UNDER 5",40212,20922,19290,NA,31416,16373,15043,NA,8796,4549,4247,NA,NA
"KPK","PESHAWAR","KHYBER","JAMRUD","TEHSIL","UNDER 10",80051,42223,37828,NA,62454,32962,29492,NA,17597,9261,8336,NA,NA
"KPK","PESHAWAR","KHYBER","JAMRUD","TEHSIL","UNDER 15",114897,61058,53838,1,89677,47725,41951,1,25220,13333,11887,NA,NA
"KPK","PESHAWAR","KHYBER","JAMRUD","TEHSIL","05 - 24",123489,66188,57298,3,95877,51627,44247,3,27612,14561,13051,NA,NA
"KPK","PESHAWAR","KHYBER","JAMRUD","TEHSIL","15 - 49",110005,57429,52574,2,83464,43815,39647,2,26541,13614,12927,NA,NA
"KPK","PESHAWAR","KHYBER","JAMRUD","TEHSIL","15 - 64",123352,64305,59045,2,93261,48801,44458,2,30091,15504,14587,NA,NA
"KPK","PESHAWAR","KHYBER","JAMRUD","TEHSIL","18 - 60",102864,53315,49548,1,77166,40080,37085,1,25698,13235,12463,NA,NA
"KPK","PESHAWAR","KHYBER","JAMRUD","TEHSIL","18 &  ABOVE",110308,57600,52707,1,82780,43272,39507,1,27528,14328,13200,NA,NA
"KPK","PESHAWAR","KHYBER","JAMRUD","TEHSIL","60 &  ABOVE",8451,4828,3623,NA,6320,3558,2762,NA,2131,1270,861,NA,NA
"KPK","PESHAWAR","KHYBER","JAMRUD","TEHSIL","65 &  ABOVE",4756,2860,1896,NA,3554,2126,1428,NA,1202,734,468,NA,NA
"KPK","PESHAWAR","KHYBER","LANDI KOTAL","TEHSIL","ALL AGES",312313,163167,149145,1,274248,143083,131164,1,38065,20084,17981,NA,NA
"KPK","PESHAWAR","KHYBER","LANDI KOTAL","TEHSIL","UNDER 1",6411,3309,3102,NA,5640,2888,2752,NA,771,421,350,NA,NA
"KPK","PESHAWAR","KHYBER","LANDI KOTAL","TEHSIL","UNDER 5",56343,29234,27109,NA,50751,26331,24420,NA,5592,2903,2689,NA,NA
"KPK","PESHAWAR","KHYBER","LANDI KOTAL","TEHSIL","UNDER 10",112198,58758,53440,NA,100293,52538,47755,NA,11905,6220,5685,NA,NA
"KPK","PESHAWAR","KHYBER","LANDI KOTAL","TEHSIL","UNDER 15",155486,81687,73799,NA,138181,72669,65512,NA,17305,9018,8287,NA,NA
"KPK","PESHAWAR","KHYBER","LANDI KOTAL","TEHSIL","05 - 24",156435,82541,73894,NA,137403,72457,64946,NA,19032,10084,8948,NA,NA
"KPK","PESHAWAR","KHYBER","LANDI KOTAL","TEHSIL","15 - 49",134150,69762,64388,NA,116435,60353,56082,NA,17715,9409,8306,NA,NA
"KPK","PESHAWAR","KHYBER","LANDI KOTAL","TEHSIL","15 - 64",151143,78401,72741,1,131249,67817,63431,1,19894,10584,9310,NA,NA
"KPK","PESHAWAR","KHYBER","LANDI KOTAL","TEHSIL","18 - 60",127762,66049,61712,1,110910,57076,53833,1,16852,8973,7879,NA,NA
"KPK","PESHAWAR","KHYBER","LANDI KOTAL","TEHSIL","18 &  ABOVE",136946,70949,65996,1,118815,61287,57527,1,18131,9662,8469,NA,NA
"KPK","PESHAWAR","KHYBER","LANDI KOTAL","TEHSIL","60 &  ABOVE",10204,5431,4773,NA,8759,4647,4112,NA,1445,784,661,NA,NA
"KPK","PESHAWAR","KHYBER","LANDI KOTAL","TEHSIL","65 &  ABOVE",5684,3079,2605,NA,4818,2597,2221,NA,866,482,384,NA,NA
"KPK","PESHAWAR","KHYBER","MULLA GORI","TEHSIL","ALL AGES",42580,22584,19996,NA,42580,22584,19996,NA,NA,NA,NA,NA,NA
"KPK","PESHAWAR","KHYBER","MULLA GORI","TEHSIL","UNDER 1",843,428,415,NA,843,428,415,NA,NA,NA,NA,NA,NA
"KPK","PESHAWAR","KHYBER","MULLA GORI","TEHSIL","UNDER 5",9623,4919,4704,NA,9623,4919,4704,NA,NA,NA,NA,NA,NA
"KPK","PESHAWAR","KHYBER","MULLA GORI","TEHSIL","UNDER 10",16154,8398,7756,NA,16154,8398,7756,NA,NA,NA,NA,NA,NA
"KPK","PESHAWAR","KHYBER","MULLA GORI","TEHSIL","UNDER 15",21255,11310,9945,NA,21255,11310,9945,NA,NA,NA,NA,NA,NA
"KPK","PESHAWAR","KHYBER","MULLA GORI","TEHSIL","05 - 24",19050,10355,8695,NA,19050,10355,8695,NA,NA,NA,NA,NA,NA
"KPK","PESHAWAR","KHYBER","MULLA GORI","TEHSIL","15 - 49",18377,9713,8664,NA,18377,9713,8664,NA,NA,NA,NA,NA,NA
"KPK","PESHAWAR","KHYBER","MULLA GORI","TEHSIL","15 - 64",20547,10835,9712,NA,20547,10835,9712,NA,NA,NA,NA,NA,NA
"KPK","PESHAWAR","KHYBER","MULLA GORI","TEHSIL","18 - 60",17725,9203,8522,NA,17725,9203,8522,NA,NA,NA,NA,NA,NA
"KPK","PESHAWAR","KHYBER","MULLA GORI","TEHSIL","18 &  ABOVE",18888,9843,9045,NA,18888,9843,9045,NA,NA,NA,NA,NA,NA
"KPK","PESHAWAR","KHYBER","MULLA GORI","TEHSIL","60 &  ABOVE",1340,740,600,NA,1340,740,600,NA,NA,NA,NA,NA,NA
"KPK","PESHAWAR","KHYBER","MULLA GORI","TEHSIL","65 &  ABOVE",778,439,339,NA,778,439,339,NA,NA,NA,NA,NA,NA
"KPK","KOHAT","KOHAT","DARRA ADAM KHEL","SUB-DIVISION","ALL AGES",139839,70667,69172,NA,139839,70667,69172,NA,NA,NA,NA,NA,NA
"KPK","KOHAT","KOHAT","DARRA ADAM KHEL","SUB-DIVISION","UNDER 1",2888,1508,1380,NA,2888,1508,1380,NA,NA,NA,NA,NA,NA
"KPK","KOHAT","KOHAT","DARRA ADAM KHEL","SUB-DIVISION","UNDER 5",19667,10168,9499,NA,19667,10168,9499,NA,NA,NA,NA,NA,NA
"KPK","KOHAT","KOHAT","DARRA ADAM KHEL","SUB-DIVISION","UNDER 10",39271,20289,18982,NA,39271,20289,18982,NA,NA,NA,NA,NA,NA
"KPK","KOHAT","KOHAT","DARRA ADAM KHEL","SUB-DIVISION","UNDER 15",57220,29530,27690,NA,57220,29530,27690,NA,NA,NA,NA,NA,NA
"KPK","KOHAT","KOHAT","DARRA ADAM KHEL","SUB-DIVISION","05 - 24",64745,33494,31251,NA,64745,33494,31251,NA,NA,NA,NA,NA,NA
"KPK","KOHAT","KOHAT","DARRA ADAM KHEL","SUB-DIVISION","15 - 49",67413,33620,33793,NA,67413,33620,33793,NA,NA,NA,NA,NA,NA
"KPK","KOHAT","KOHAT","DARRA ADAM KHEL","SUB-DIVISION","15 - 64",77566,38468,39098,NA,77566,38468,39098,NA,NA,NA,NA,NA,NA
"KPK","KOHAT","KOHAT","DARRA ADAM KHEL","SUB-DIVISION","18 - 60",65642,32251,33391,NA,65642,32251,33391,NA,NA,NA,NA,NA,NA
"KPK","KOHAT","KOHAT","DARRA ADAM KHEL","SUB-DIVISION","18 &  ABOVE",73035,36035,37000,NA,73035,36035,37000,NA,NA,NA,NA,NA,NA
"KPK","KOHAT","KOHAT","DARRA ADAM KHEL","SUB-DIVISION","60 &  ABOVE",8002,4069,3933,NA,8002,4069,3933,NA,NA,NA,NA,NA,NA
"KPK","KOHAT","KOHAT","DARRA ADAM KHEL","SUB-DIVISION","65 &  ABOVE",5053,2669,2384,NA,5053,2669,2384,NA,NA,NA,NA,NA,NA
"KPK","KOHAT","KOHAT","GUMBAT","TEHSIL","ALL AGES",124530,63027,61502,1,124530,63027,61502,1,NA,NA,NA,NA,NA
"KPK","KOHAT","KOHAT","GUMBAT","TEHSIL","UNDER 1",2146,1094,1052,NA,2146,1094,1052,NA,NA,NA,NA,NA,NA
"KPK","KOHAT","KOHAT","GUMBAT","TEHSIL","UNDER 5",16850,8782,8068,NA,16850,8782,8068,NA,NA,NA,NA,NA,NA
"KPK","KOHAT","KOHAT","GUMBAT","TEHSIL","UNDER 10",33667,17513,16154,NA,33667,17513,16154,NA,NA,NA,NA,NA,NA
"KPK","KOHAT","KOHAT","GUMBAT","TEHSIL","UNDER 15",48485,25174,23311,NA,48485,25174,23311,NA,NA,NA,NA,NA,NA
"KPK","KOHAT","KOHAT","GUMBAT","TEHSIL","05 - 24",55529,28608,26921,NA,55529,28608,26921,NA,NA,NA,NA,NA,NA
"KPK","KOHAT","KOHAT","GUMBAT","TEHSIL","15 - 49",60058,29738,30319,1,60058,29738,30319,1,NA,NA,NA,NA,NA
"KPK","KOHAT","KOHAT","GUMBAT","TEHSIL","15 - 64",70457,34905,35551,1,70457,34905,35551,1,NA,NA,NA,NA,NA
"KPK","KOHAT","KOHAT","GUMBAT","TEHSIL","18 - 60",59919,29509,30409,1,59919,29509,30409,1,NA,NA,NA,NA,NA
"KPK","KOHAT","KOHAT","GUMBAT","TEHSIL","18 &  ABOVE",67684,33582,34101,1,67684,33582,34101,1,NA,NA,NA,NA,NA
"KPK","KOHAT","KOHAT","GUMBAT","TEHSIL","60 &  ABOVE",8387,4401,3986,NA,8387,4401,3986,NA,NA,NA,NA,NA,NA
"KPK","KOHAT","KOHAT","GUMBAT","TEHSIL","65 &  ABOVE",5588,2948,2640,NA,5588,2948,2640,NA,NA,NA,NA,NA,NA
"KPK","KOHAT","KOHAT","KOHAT","TEHSIL","ALL AGES",817530,417334,400173,23,581692,295013,286674,5,235838,122321,113499,18,NA
"KPK","KOHAT","KOHAT","KOHAT","TEHSIL","UNDER 1",11847,6211,5636,NA,8588,4511,4077,NA,3259,1700,1559,NA,NA
"KPK","KOHAT","KOHAT","KOHAT","TEHSIL","UNDER 5",110484,57432,53052,NA,80658,41846,38812,NA,29826,15586,14240,NA,NA
"KPK","KOHAT","KOHAT","KOHAT","TEHSIL","UNDER 10",220614,114915,105699,NA,161713,84131,77582,NA,58901,30784,28117,NA,NA
"KPK","KOHAT","KOHAT","KOHAT","TEHSIL","UNDER 15",325228,170408,154818,2,237672,124509,113161,2,87556,45899,41657,NA,NA
"KPK","KOHAT","KOHAT","KOHAT","TEHSIL","05 - 24",377187,197536,179637,14,272882,142877,130001,4,104305,54659,49636,10,NA
"KPK","KOHAT","KOHAT","KOHAT","TEHSIL","15 - 49",401733,199202,202512,19,280500,137756,142741,3,121233,61446,59771,16,NA
"KPK","KOHAT","KOHAT","KOHAT","TEHSIL","15 - 64",464502,231151,233330,21,323809,159210,164596,3,140693,71941,68734,18,NA
"KPK","KOHAT","KOHAT","KOHAT","TEHSIL","18 - 60",395220,194429,200772,19,273591,132662,140927,2,121629,61767,59845,17,NA
"KPK","KOHAT","KOHAT","KOHAT","TEHSIL","18 &  ABOVE",435508,216825,218664,19,302479,148423,154054,2,133029,68402,64610,17,NA
"KPK","KOHAT","KOHAT","KOHAT","TEHSIL","60 &  ABOVE",44933,24867,20066,NA,32170,17475,14695,NA,12763,7392,5371,NA,NA
"KPK","KOHAT","KOHAT","KOHAT","TEHSIL","65 &  ABOVE",27800,15775,12025,NA,20211,11294,8917,NA,7589,4481,3108,NA,NA
"KPK","KOHAT","KOHAT","LACHI","TEHSIL","ALL AGES",152680,78501,74174,5,109819,56144,53672,3,42861,22357,20502,2,NA
"KPK","KOHAT","KOHAT","LACHI","TEHSIL","UNDER 1",2417,1252,1165,NA,1650,853,797,NA,767,399,368,NA,NA
"KPK","KOHAT","KOHAT","LACHI","TEHSIL","UNDER 5",20494,10702,9792,NA,14963,7799,7164,NA,5531,2903,2628,NA,NA
"KPK","KOHAT","KOHAT","LACHI","TEHSIL","UNDER 10",40626,21229,19397,NA,29704,15528,14176,NA,10922,5701,5221,NA,NA
"KPK","KOHAT","KOHAT","LACHI","TEHSIL","UNDER 15",58151,30271,27879,1,42573,22162,20411,NA,15578,8109,7468,1,NA
"KPK","KOHAT","KOHAT","LACHI","TEHSIL","05 - 24",65986,34161,31820,5,48170,24866,23301,3,17816,9295,8519,2,NA
"KPK","KOHAT","KOHAT","LACHI","TEHSIL","15 - 49",74476,37911,36561,4,53119,26876,26240,3,21357,11035,10321,1,NA
"KPK","KOHAT","KOHAT","LACHI","TEHSIL","15 - 64",87945,44727,43214,4,62531,31561,30967,3,25414,13166,12247,1,NA
"KPK","KOHAT","KOHAT","LACHI","TEHSIL","18 - 60",75268,38144,37121,3,53252,26779,26471,2,22016,11365,10650,1,NA
"KPK","KOHAT","KOHAT","LACHI","TEHSIL","18 &  ABOVE",84801,43223,41575,3,60085,30315,29768,2,24716,12908,11807,1,NA
"KPK","KOHAT","KOHAT","LACHI","TEHSIL","60 &  ABOVE",10438,5568,4870,NA,7448,3863,3585,NA,2990,1705,1285,NA,NA
"KPK","KOHAT","KOHAT","LACHI","TEHSIL","65 &  ABOVE",6584,3503,3081,NA,4715,2421,2294,NA,1869,1082,787,NA,NA
"KPK","HAZARA","KOLAI PALAS KOHISTAN","BATTAIRA","SUB-DIVISION","ALL AGES",139976,72509,67466,1,139976,72509,67466,1,NA,NA,NA,NA,NA
"KPK","HAZARA","KOLAI PALAS KOHISTAN","BATTAIRA","SUB-DIVISION","UNDER 1",4296,1995,2301,NA,4296,1995,2301,NA,NA,NA,NA,NA,NA
"KPK","HAZARA","KOLAI PALAS KOHISTAN","BATTAIRA","SUB-DIVISION","UNDER 5",31943,16703,15240,NA,31943,16703,15240,NA,NA,NA,NA,NA,NA
"KPK","HAZARA","KOLAI PALAS KOHISTAN","BATTAIRA","SUB-DIVISION","UNDER 10",59793,31336,28457,NA,59793,31336,28457,NA,NA,NA,NA,NA,NA
"KPK","HAZARA","KOLAI PALAS KOHISTAN","BATTAIRA","SUB-DIVISION","UNDER 15",84129,44270,39859,NA,84129,44270,39859,NA,NA,NA,NA,NA,NA
"KPK","HAZARA","KOLAI PALAS KOHISTAN","BATTAIRA","SUB-DIVISION","05 - 24",76905,40439,36466,NA,76905,40439,36466,NA,NA,NA,NA,NA,NA
"KPK","HAZARA","KOLAI PALAS KOHISTAN","BATTAIRA","SUB-DIVISION","15 - 49",48853,24468,24384,1,48853,24468,24384,1,NA,NA,NA,NA,NA
"KPK","HAZARA","KOLAI PALAS KOHISTAN","BATTAIRA","SUB-DIVISION","15 - 64",53662,26984,26677,1,53662,26984,26677,1,NA,NA,NA,NA,NA
"KPK","HAZARA","KOLAI PALAS KOHISTAN","BATTAIRA","SUB-DIVISION","18 - 60",41335,20378,20956,1,41335,20378,20956,1,NA,NA,NA,NA,NA
"KPK","HAZARA","KOLAI PALAS KOHISTAN","BATTAIRA","SUB-DIVISION","18 &  ABOVE",44353,22086,22266,1,44353,22086,22266,1,NA,NA,NA,NA,NA
"KPK","HAZARA","KOLAI PALAS KOHISTAN","BATTAIRA","SUB-DIVISION","60 &  ABOVE",3507,1971,1536,NA,3507,1971,1536,NA,NA,NA,NA,NA,NA
"KPK","HAZARA","KOLAI PALAS KOHISTAN","BATTAIRA","SUB-DIVISION","65 &  ABOVE",2185,1255,930,NA,2185,1255,930,NA,NA,NA,NA,NA,NA
"KPK","HAZARA","KOLAI PALAS KOHISTAN","PALAS","SUB-DIVISION","ALL AGES",96750,49233,47516,1,96750,49233,47516,1,NA,NA,NA,NA,NA
"KPK","HAZARA","KOLAI PALAS KOHISTAN","PALAS","SUB-DIVISION","UNDER 1",3674,1445,2229,NA,3674,1445,2229,NA,NA,NA,NA,NA,NA
"KPK","HAZARA","KOLAI PALAS KOHISTAN","PALAS","SUB-DIVISION","UNDER 5",24250,12505,11745,NA,24250,12505,11745,NA,NA,NA,NA,NA,NA
"KPK","HAZARA","KOLAI PALAS KOHISTAN","PALAS","SUB-DIVISION","UNDER 10",42849,22030,20819,NA,42849,22030,20819,NA,NA,NA,NA,NA,NA
"KPK","HAZARA","KOLAI PALAS KOHISTAN","PALAS","SUB-DIVISION","UNDER 15",56438,29036,27402,NA,56438,29036,27402,NA,NA,NA,NA,NA,NA
"KPK","HAZARA","KOLAI PALAS KOHISTAN","PALAS","SUB-DIVISION","05 - 24",48236,24484,23751,1,48236,24484,23751,1,NA,NA,NA,NA,NA
"KPK","HAZARA","KOLAI PALAS KOHISTAN","PALAS","SUB-DIVISION","15 - 49",36036,17744,18291,1,36036,17744,18291,1,NA,NA,NA,NA,NA
"KPK","HAZARA","KOLAI PALAS KOHISTAN","PALAS","SUB-DIVISION","15 - 64",39064,19440,19623,1,39064,19440,19623,1,NA,NA,NA,NA,NA
"KPK","HAZARA","KOLAI PALAS KOHISTAN","PALAS","SUB-DIVISION","18 - 60",32635,16132,16503,NA,32635,16132,16503,NA,NA,NA,NA,NA,NA
"KPK","HAZARA","KOLAI PALAS KOHISTAN","PALAS","SUB-DIVISION","18 &  ABOVE",34277,17142,17135,NA,34277,17142,17135,NA,NA,NA,NA,NA,NA
"KPK","HAZARA","KOLAI PALAS KOHISTAN","PALAS","SUB-DIVISION","60 &  ABOVE",2048,1261,787,NA,2048,1261,787,NA,NA,NA,NA,NA,NA
"KPK","HAZARA","KOLAI PALAS KOHISTAN","PALAS","SUB-DIVISION","65 &  ABOVE",1248,757,491,NA,1248,757,491,NA,NA,NA,NA,NA,NA
"KPK","KOHAT","KURRAM","CENTRAL KURRAM F.R","TEHSIL","ALL AGES",358670,190453,168210,7,358670,190453,168210,7,NA,NA,NA,NA,NA
"KPK","KOHAT","KURRAM","CENTRAL KURRAM F.R","TEHSIL","UNDER 1",12833,7117,5716,NA,12833,7117,5716,NA,NA,NA,NA,NA,NA
"KPK","KOHAT","KURRAM","CENTRAL KURRAM F.R","TEHSIL","UNDER 5",80215,44517,35698,NA,80215,44517,35698,NA,NA,NA,NA,NA,NA
"KPK","KOHAT","KURRAM","CENTRAL KURRAM F.R","TEHSIL","UNDER 10",146683,80976,65707,NA,146683,80976,65707,NA,NA,NA,NA,NA,NA
"KPK","KOHAT","KURRAM","CENTRAL KURRAM F.R","TEHSIL","UNDER 15",198329,109598,88730,1,198329,109598,88730,1,NA,NA,NA,NA,NA
"KPK","KOHAT","KURRAM","CENTRAL KURRAM F.R","TEHSIL","05 - 24",177549,96176,81370,3,177549,96176,81370,3,NA,NA,NA,NA,NA
"KPK","KOHAT","KURRAM","CENTRAL KURRAM F.R","TEHSIL","15 - 49",135895,68527,67364,4,135895,68527,67364,4,NA,NA,NA,NA,NA
"KPK","KOHAT","KURRAM","CENTRAL KURRAM F.R","TEHSIL","15 - 64",153103,76773,76324,6,153103,76773,76324,6,NA,NA,NA,NA,NA
"KPK","KOHAT","KURRAM","CENTRAL KURRAM F.R","TEHSIL","18 - 60",127053,62996,64053,4,127053,62996,64053,4,NA,NA,NA,NA,NA
"KPK","KOHAT","KURRAM","CENTRAL KURRAM F.R","TEHSIL","18 &  ABOVE",137910,68775,69131,4,137910,68775,69131,4,NA,NA,NA,NA,NA
"KPK","KOHAT","KURRAM","CENTRAL KURRAM F.R","TEHSIL","60 &  ABOVE",12060,6376,5684,NA,12060,6376,5684,NA,NA,NA,NA,NA,NA
"KPK","KOHAT","KURRAM","CENTRAL KURRAM F.R","TEHSIL","65 &  ABOVE",7238,4082,3156,NA,7238,4082,3156,NA,NA,NA,NA,NA,NA
"KPK","KOHAT","KURRAM","LOWER KURRAM","TEHSIL","ALL AGES",150945,77724,73216,5,111057,56531,54522,4,39888,21193,18694,1,NA
"KPK","KOHAT","KURRAM","LOWER KURRAM","TEHSIL","UNDER 1",2907,1607,1300,NA,1857,1017,840,NA,1050,590,460,NA,NA
"KPK","KOHAT","KURRAM","LOWER KURRAM","TEHSIL","UNDER 5",25155,13614,11541,NA,17462,9311,8151,NA,7693,4303,3390,NA,NA
"KPK","KOHAT","KURRAM","LOWER KURRAM","TEHSIL","UNDER 10",49487,26556,22931,NA,35082,18585,16497,NA,14405,7971,6434,NA,NA
"KPK","KOHAT","KURRAM","LOWER KURRAM","TEHSIL","UNDER 15",68510,36698,31812,NA,49379,26204,23175,NA,19131,10494,8637,NA,NA
"KPK","KOHAT","KURRAM","LOWER KURRAM","TEHSIL","05 - 24",71363,37360,34001,2,52788,27534,25252,2,18575,9826,8749,NA,NA
"KPK","KOHAT","KURRAM","LOWER KURRAM","TEHSIL","15 - 49",68491,33854,34633,4,50844,24838,26003,3,17647,9016,8630,1,NA
"KPK","KOHAT","KURRAM","LOWER KURRAM","TEHSIL","15 - 64",78538,38807,39726,5,58602,28594,30004,4,19936,10213,9722,1,NA
"KPK","KOHAT","KURRAM","LOWER KURRAM","TEHSIL","18 - 60",66495,32620,33871,4,49545,23962,25580,3,16950,8658,8291,1,NA
"KPK","KOHAT","KURRAM","LOWER KURRAM","TEHSIL","18 &  ABOVE",72663,35961,36698,4,54346,26520,27823,3,18317,9441,8875,1,NA
"KPK","KOHAT","KURRAM","LOWER KURRAM","TEHSIL","60 &  ABOVE",6844,3686,3158,NA,5329,2832,2497,NA,1515,854,661,NA,NA
"KPK","KOHAT","KURRAM","LOWER KURRAM","TEHSIL","65 &  ABOVE",3897,2219,1678,NA,3076,1733,1343,NA,821,486,335,NA,NA
"KPK","KOHAT","KURRAM","UPPER KURRAM","TEHSIL","ALL AGES",275819,138737,137079,3,270236,135763,134470,3,5583,2974,2609,NA,NA
"KPK","KOHAT","KURRAM","UPPER KURRAM","TEHSIL","UNDER 1",4411,2281,2130,NA,4297,2212,2085,NA,114,69,45,NA,NA
"KPK","KOHAT","KURRAM","UPPER KURRAM","TEHSIL","UNDER 5",39760,20355,19405,NA,38685,19749,18936,NA,1075,606,469,NA,NA
"KPK","KOHAT","KURRAM","UPPER KURRAM","TEHSIL","UNDER 10",79288,40872,38416,NA,77582,39939,37643,NA,1706,933,773,NA,NA
"KPK","KOHAT","KURRAM","UPPER KURRAM","TEHSIL","UNDER 15",111722,57835,53886,1,109385,56569,52815,1,2337,1266,1071,NA,NA
"KPK","KOHAT","KURRAM","UPPER KURRAM","TEHSIL","05 - 24",123160,63169,59988,3,120928,61993,58932,3,2232,1176,1056,NA,NA
"KPK","KOHAT","KURRAM","UPPER KURRAM","TEHSIL","15 - 49",132974,65010,67962,2,130340,63630,66708,2,2634,1380,1254,NA,NA
"KPK","KOHAT","KURRAM","UPPER KURRAM","TEHSIL","15 - 64",154677,75624,79051,2,151586,73988,77596,2,3091,1636,1455,NA,NA
"KPK","KOHAT","KURRAM","UPPER KURRAM","TEHSIL","18 - 60",132706,64449,68257,NA,129969,62994,66975,NA,2737,1455,1282,NA,NA
"KPK","KOHAT","KURRAM","UPPER KURRAM","TEHSIL","18 &  ABOVE",147068,72110,74958,NA,144104,70553,73551,NA,2964,1557,1407,NA,NA
"KPK","KOHAT","KURRAM","UPPER KURRAM","TEHSIL","60 &  ABOVE",15736,8370,7366,NA,15484,8257,7227,NA,252,113,139,NA,NA
"KPK","KOHAT","KURRAM","UPPER KURRAM","TEHSIL","65 &  ABOVE",9420,5278,4142,NA,9265,5206,4059,NA,155,72,83,NA,NA
"KPK","BANNU","LAKKI MARWAT","BETTANI","SUB-DIVISION","ALL AGES",35570,18290,17280,NA,35570,18290,17280,NA,NA,NA,NA,NA,NA
"KPK","BANNU","LAKKI MARWAT","BETTANI","SUB-DIVISION","UNDER 1",610,318,292,NA,610,318,292,NA,NA,NA,NA,NA,NA
"KPK","BANNU","LAKKI MARWAT","BETTANI","SUB-DIVISION","UNDER 5",6239,3161,3078,NA,6239,3161,3078,NA,NA,NA,NA,NA,NA
"KPK","BANNU","LAKKI MARWAT","BETTANI","SUB-DIVISION","UNDER 10",12414,6412,6002,NA,12414,6412,6002,NA,NA,NA,NA,NA,NA
"KPK","BANNU","LAKKI MARWAT","BETTANI","SUB-DIVISION","UNDER 15",17367,9061,8306,NA,17367,9061,8306,NA,NA,NA,NA,NA,NA
"KPK","BANNU","LAKKI MARWAT","BETTANI","SUB-DIVISION","05 - 24",17496,9226,8270,NA,17496,9226,8270,NA,NA,NA,NA,NA,NA
"KPK","BANNU","LAKKI MARWAT","BETTANI","SUB-DIVISION","15 - 49",15204,7667,7537,NA,15204,7667,7537,NA,NA,NA,NA,NA,NA
"KPK","BANNU","LAKKI MARWAT","BETTANI","SUB-DIVISION","15 - 64",17317,8749,8568,NA,17317,8749,8568,NA,NA,NA,NA,NA,NA
"KPK","BANNU","LAKKI MARWAT","BETTANI","SUB-DIVISION","18 - 60",14224,7090,7134,NA,14224,7090,7134,NA,NA,NA,NA,NA,NA
"KPK","BANNU","LAKKI MARWAT","BETTANI","SUB-DIVISION","18 &  ABOVE",15528,7804,7724,NA,15528,7804,7724,NA,NA,NA,NA,NA,NA
"KPK","BANNU","LAKKI MARWAT","BETTANI","SUB-DIVISION","60 &  ABOVE",1455,792,663,NA,1455,792,663,NA,NA,NA,NA,NA,NA
"KPK","BANNU","LAKKI MARWAT","BETTANI","SUB-DIVISION","65 &  ABOVE",886,480,406,NA,886,480,406,NA,NA,NA,NA,NA,NA
"KPK","BANNU","LAKKI MARWAT","GHAZNI KHEL","TEHSIL","ALL AGES",327584,164754,162827,3,327584,164754,162827,3,NA,NA,NA,NA,NA
"KPK","BANNU","LAKKI MARWAT","GHAZNI KHEL","TEHSIL","UNDER 1",6580,3258,3322,NA,6580,3258,3322,NA,NA,NA,NA,NA,NA
"KPK","BANNU","LAKKI MARWAT","GHAZNI KHEL","TEHSIL","UNDER 5",57000,28455,28545,NA,57000,28455,28545,NA,NA,NA,NA,NA,NA
"KPK","BANNU","LAKKI MARWAT","GHAZNI KHEL","TEHSIL","UNDER 10",106589,53151,53438,NA,106589,53151,53438,NA,NA,NA,NA,NA,NA
"KPK","BANNU","LAKKI MARWAT","GHAZNI KHEL","TEHSIL","UNDER 15",145472,72424,73047,1,145472,72424,73047,1,NA,NA,NA,NA,NA
"KPK","BANNU","LAKKI MARWAT","GHAZNI KHEL","TEHSIL","05 - 24",147668,73718,73947,3,147668,73718,73947,3,NA,NA,NA,NA,NA
"KPK","BANNU","LAKKI MARWAT","GHAZNI KHEL","TEHSIL","15 - 49",145968,73105,72861,2,145968,73105,72861,2,NA,NA,NA,NA,NA
"KPK","BANNU","LAKKI MARWAT","GHAZNI KHEL","TEHSIL","15 - 64",170262,85663,84597,2,170262,85663,84597,2,NA,NA,NA,NA,NA
"KPK","BANNU","LAKKI MARWAT","GHAZNI KHEL","TEHSIL","18 - 60",144721,72844,71877,NA,144721,72844,71877,NA,NA,NA,NA,NA,NA
"KPK","BANNU","LAKKI MARWAT","GHAZNI KHEL","TEHSIL","18 &  ABOVE",161825,82333,79492,NA,161825,82333,79492,NA,NA,NA,NA,NA,NA
"KPK","BANNU","LAKKI MARWAT","GHAZNI KHEL","TEHSIL","60 &  ABOVE",18610,10266,8344,NA,18610,10266,8344,NA,NA,NA,NA,NA,NA
"KPK","BANNU","LAKKI MARWAT","GHAZNI KHEL","TEHSIL","65 &  ABOVE",11850,6667,5183,NA,11850,6667,5183,NA,NA,NA,NA,NA,NA
"KPK","BANNU","LAKKI MARWAT","LAKKI MARWAT","TEHSIL","ALL AGES",340598,172430,168162,6,270872,136998,133869,5,69726,35432,34293,1,NA
"KPK","BANNU","LAKKI MARWAT","LAKKI MARWAT","TEHSIL","UNDER 1",6315,3178,3137,NA,4912,2487,2425,NA,1403,691,712,NA,NA
"KPK","BANNU","LAKKI MARWAT","LAKKI MARWAT","TEHSIL","UNDER 5",59808,30028,29780,NA,49147,24710,24437,NA,10661,5318,5343,NA,NA
"KPK","BANNU","LAKKI MARWAT","LAKKI MARWAT","TEHSIL","UNDER 10",109765,54939,54826,NA,90411,45265,45146,NA,19354,9674,9680,NA,NA
"KPK","BANNU","LAKKI MARWAT","LAKKI MARWAT","TEHSIL","UNDER 15",150313,75149,75164,NA,122841,61443,61398,NA,27472,13706,13766,NA,NA
"KPK","BANNU","LAKKI MARWAT","LAKKI MARWAT","TEHSIL","05 - 24",152136,75966,76165,5,122078,60886,61188,4,30058,15080,14977,1,NA
"KPK","BANNU","LAKKI MARWAT","LAKKI MARWAT","TEHSIL","15 - 49",153457,77616,75836,5,119399,60376,59019,4,34058,17240,16817,1,NA
"KPK","BANNU","LAKKI MARWAT","LAKKI MARWAT","TEHSIL","15 - 64",178654,90551,88098,5,138881,70288,68589,4,39773,20263,19509,1,NA
"KPK","BANNU","LAKKI MARWAT","LAKKI MARWAT","TEHSIL","18 - 60",151727,77014,74711,2,117618,59562,58054,2,34109,17452,16657,NA,NA
"KPK","BANNU","LAKKI MARWAT","LAKKI MARWAT","TEHSIL","18 &  ABOVE",168567,86497,82067,3,130832,66949,63880,3,37735,19548,18187,NA,NA
"KPK","BANNU","LAKKI MARWAT","LAKKI MARWAT","TEHSIL","60 &  ABOVE",18631,10390,8240,1,14631,8102,6528,1,4000,2288,1712,NA,NA
"KPK","BANNU","LAKKI MARWAT","LAKKI MARWAT","TEHSIL","65 &  ABOVE",11631,6730,4900,1,9150,5267,3882,1,2481,1463,1018,NA,NA
"KPK","BANNU","LAKKI MARWAT","SARAI NAURANG","TEHSIL","ALL AGES",332548,169459,163085,4,300336,153231,147101,4,32212,16228,15984,NA,NA
"KPK","BANNU","LAKKI MARWAT","SARAI NAURANG","TEHSIL","UNDER 1",6024,3033,2991,NA,5368,2713,2655,NA,656,320,336,NA,NA
"KPK","BANNU","LAKKI MARWAT","SARAI NAURANG","TEHSIL","UNDER 5",61180,30880,30300,NA,55771,28164,27607,NA,5409,2716,2693,NA,NA
"KPK","BANNU","LAKKI MARWAT","SARAI NAURANG","TEHSIL","UNDER 10",115528,58668,56860,NA,105622,53708,51914,NA,9906,4960,4946,NA,NA
"KPK","BANNU","LAKKI MARWAT","SARAI NAURANG","TEHSIL","UNDER 15",158037,80646,77391,NA,143981,73596,70385,NA,14056,7050,7006,NA,NA
"KPK","BANNU","LAKKI MARWAT","SARAI NAURANG","TEHSIL","05 - 24",157606,80647,76955,4,142754,73181,69569,4,14852,7466,7386,NA,NA
"KPK","BANNU","LAKKI MARWAT","SARAI NAURANG","TEHSIL","15 - 49",143893,71612,72277,4,128817,64104,64709,4,15076,7508,7568,NA,NA
"KPK","BANNU","LAKKI MARWAT","SARAI NAURANG","TEHSIL","15 - 64",165815,83531,82280,4,148461,74792,73665,4,17354,8739,8615,NA,NA
"KPK","BANNU","LAKKI MARWAT","SARAI NAURANG","TEHSIL","18 - 60",140035,69952,70081,2,125427,62653,62772,2,14608,7299,7309,NA,NA
"KPK","BANNU","LAKKI MARWAT","SARAI NAURANG","TEHSIL","18 &  ABOVE",152928,77624,75302,2,137090,69644,67444,2,15838,7980,7858,NA,NA
"KPK","BANNU","LAKKI MARWAT","SARAI NAURANG","TEHSIL","60 &  ABOVE",14516,8586,5930,NA,13083,7792,5291,NA,1433,794,639,NA,NA
"KPK","BANNU","LAKKI MARWAT","SARAI NAURANG","TEHSIL","65 &  ABOVE",8696,5282,3414,NA,7894,4843,3051,NA,802,439,363,NA,NA
"KPK","MALAKAND","LOWER CHITRAL","CHITRAL","SUB-DIVISION","ALL AGES",209301,106756,102545,NA,153777,78258,75519,NA,55524,28498,27026,NA,NA
"KPK","MALAKAND","LOWER CHITRAL","CHITRAL","SUB-DIVISION","UNDER 1",4003,1942,2061,NA,3039,1463,1576,NA,964,479,485,NA,NA
"KPK","MALAKAND","LOWER CHITRAL","CHITRAL","SUB-DIVISION","UNDER 5",27935,13980,13955,NA,20638,10345,10293,NA,7297,3635,3662,NA,NA
"KPK","MALAKAND","LOWER CHITRAL","CHITRAL","SUB-DIVISION","UNDER 10",52268,26099,26169,NA,38584,19302,19282,NA,13684,6797,6887,NA,NA
"KPK","MALAKAND","LOWER CHITRAL","CHITRAL","SUB-DIVISION","UNDER 15",72852,36372,36480,NA,53678,26820,26858,NA,19174,9552,9622,NA,NA
"KPK","MALAKAND","LOWER CHITRAL","CHITRAL","SUB-DIVISION","05 - 24",84084,42251,41833,NA,61971,31095,30876,NA,22113,11156,10957,NA,NA
"KPK","MALAKAND","LOWER CHITRAL","CHITRAL","SUB-DIVISION","15 - 49",104779,53347,51432,NA,76491,38837,37654,NA,28288,14510,13778,NA,NA
"KPK","MALAKAND","LOWER CHITRAL","CHITRAL","SUB-DIVISION","15 - 64",124391,63944,60447,NA,90879,46559,44320,NA,33512,17385,16127,NA,NA
"KPK","MALAKAND","LOWER CHITRAL","CHITRAL","SUB-DIVISION","18 - 60",108372,55638,52734,NA,79109,40529,38580,NA,29263,15109,14154,NA,NA
"KPK","MALAKAND","LOWER CHITRAL","CHITRAL","SUB-DIVISION","18 &  ABOVE",124352,64288,60064,NA,91217,47020,44197,NA,33135,17268,15867,NA,NA
"KPK","MALAKAND","LOWER CHITRAL","CHITRAL","SUB-DIVISION","60 &  ABOVE",17056,9279,7777,NA,12905,6962,5943,NA,4151,2317,1834,NA,NA
"KPK","MALAKAND","LOWER CHITRAL","CHITRAL","SUB-DIVISION","65 &  ABOVE",12058,6440,5618,NA,9220,4879,4341,NA,2838,1561,1277,NA,NA
"KPK","MALAKAND","LOWER CHITRAL","DROSH","SUB-DIVISION","ALL AGES",108933,55785,53148,NA,108933,55785,53148,NA,NA,NA,NA,NA,NA
"KPK","MALAKAND","LOWER CHITRAL","DROSH","SUB-DIVISION","UNDER 1",2678,1372,1306,NA,2678,1372,1306,NA,NA,NA,NA,NA,NA
"KPK","MALAKAND","LOWER CHITRAL","DROSH","SUB-DIVISION","UNDER 5",18305,9291,9014,NA,18305,9291,9014,NA,NA,NA,NA,NA,NA
"KPK","MALAKAND","LOWER CHITRAL","DROSH","SUB-DIVISION","UNDER 10",35110,17826,17284,NA,35110,17826,17284,NA,NA,NA,NA,NA,NA
"KPK","MALAKAND","LOWER CHITRAL","DROSH","SUB-DIVISION","UNDER 15",48307,24571,23736,NA,48307,24571,23736,NA,NA,NA,NA,NA,NA
"KPK","MALAKAND","LOWER CHITRAL","DROSH","SUB-DIVISION","05 - 24",50149,25287,24862,NA,50149,25287,24862,NA,NA,NA,NA,NA,NA
"KPK","MALAKAND","LOWER CHITRAL","DROSH","SUB-DIVISION","15 - 49",48606,24610,23996,NA,48606,24610,23996,NA,NA,NA,NA,NA,NA
"KPK","MALAKAND","LOWER CHITRAL","DROSH","SUB-DIVISION","15 - 64",56344,28877,27467,NA,56344,28877,27467,NA,NA,NA,NA,NA,NA
"KPK","MALAKAND","LOWER CHITRAL","DROSH","SUB-DIVISION","18 - 60",48136,24707,23429,NA,48136,24707,23429,NA,NA,NA,NA,NA,NA
"KPK","MALAKAND","LOWER CHITRAL","DROSH","SUB-DIVISION","18 &  ABOVE",53893,27810,26083,NA,53893,27810,26083,NA,NA,NA,NA,NA,NA
"KPK","MALAKAND","LOWER CHITRAL","DROSH","SUB-DIVISION","60 &  ABOVE",6209,3364,2845,NA,6209,3364,2845,NA,NA,NA,NA,NA,NA
"KPK","MALAKAND","LOWER CHITRAL","DROSH","SUB-DIVISION","65 &  ABOVE",4282,2337,1945,NA,4282,2337,1945,NA,NA,NA,NA,NA,NA
"KPK","MALAKAND","LOWER DIR","ADENZAI","SUB-DIVISION","ALL AGES",377568,192236,185325,7,377568,192236,185325,7,NA,NA,NA,NA,NA
"KPK","MALAKAND","LOWER DIR","ADENZAI","SUB-DIVISION","UNDER 1",8084,4083,4001,NA,8084,4083,4001,NA,NA,NA,NA,NA,NA
"KPK","MALAKAND","LOWER DIR","ADENZAI","SUB-DIVISION","UNDER 5",64480,33183,31297,NA,64480,33183,31297,NA,NA,NA,NA,NA,NA
"KPK","MALAKAND","LOWER DIR","ADENZAI","SUB-DIVISION","UNDER 10",120372,61670,58702,NA,120372,61670,58702,NA,NA,NA,NA,NA,NA
"KPK","MALAKAND","LOWER DIR","ADENZAI","SUB-DIVISION","UNDER 15",168441,86866,81575,NA,168441,86866,81575,NA,NA,NA,NA,NA,NA
"KPK","MALAKAND","LOWER DIR","ADENZAI","SUB-DIVISION","05 - 24",177871,91147,86718,6,177871,91147,86718,6,NA,NA,NA,NA,NA
"KPK","MALAKAND","LOWER DIR","ADENZAI","SUB-DIVISION","15 - 49",172514,85029,87479,6,172514,85029,87479,6,NA,NA,NA,NA,NA
"KPK","MALAKAND","LOWER DIR","ADENZAI","SUB-DIVISION","15 - 64",197299,98333,98959,7,197299,98333,98959,7,NA,NA,NA,NA,NA
"KPK","MALAKAND","LOWER DIR","ADENZAI","SUB-DIVISION","18 - 60",167230,82326,84897,7,167230,82326,84897,7,NA,NA,NA,NA,NA
"KPK","MALAKAND","LOWER DIR","ADENZAI","SUB-DIVISION","18 &  ABOVE",184019,92108,91904,7,184019,92108,91904,7,NA,NA,NA,NA,NA
"KPK","MALAKAND","LOWER DIR","ADENZAI","SUB-DIVISION","60 &  ABOVE",18655,10781,7874,NA,18655,10781,7874,NA,NA,NA,NA,NA,NA
"KPK","MALAKAND","LOWER DIR","ADENZAI","SUB-DIVISION","65 &  ABOVE",11828,7037,4791,NA,11828,7037,4791,NA,NA,NA,NA,NA,NA
"KPK","MALAKAND","LOWER DIR","LAL QILA","SUB-DIVISION","ALL AGES",247297,116926,130369,2,247297,116926,130369,2,NA,NA,NA,NA,NA
"KPK","MALAKAND","LOWER DIR","LAL QILA","SUB-DIVISION","UNDER 1",5081,2663,2418,NA,5081,2663,2418,NA,NA,NA,NA,NA,NA
"KPK","MALAKAND","LOWER DIR","LAL QILA","SUB-DIVISION","UNDER 5",43784,22263,21521,NA,43784,22263,21521,NA,NA,NA,NA,NA,NA
"KPK","MALAKAND","LOWER DIR","LAL QILA","SUB-DIVISION","UNDER 10",83032,42466,40566,NA,83032,42466,40566,NA,NA,NA,NA,NA,NA
"KPK","MALAKAND","LOWER DIR","LAL QILA","SUB-DIVISION","UNDER 15",115870,59546,56323,1,115870,59546,56323,1,NA,NA,NA,NA,NA
"KPK","MALAKAND","LOWER DIR","LAL QILA","SUB-DIVISION","05 - 24",120832,59953,60878,1,120832,59953,60878,1,NA,NA,NA,NA,NA
"KPK","MALAKAND","LOWER DIR","LAL QILA","SUB-DIVISION","15 - 49",106448,45044,61403,1,106448,45044,61403,1,NA,NA,NA,NA,NA
"KPK","MALAKAND","LOWER DIR","LAL QILA","SUB-DIVISION","15 - 64",122069,52243,69825,1,122069,52243,69825,1,NA,NA,NA,NA,NA
"KPK","MALAKAND","LOWER DIR","LAL QILA","SUB-DIVISION","18 - 60",101523,42009,59513,1,101523,42009,59513,1,NA,NA,NA,NA,NA
"KPK","MALAKAND","LOWER DIR","LAL QILA","SUB-DIVISION","18 &  ABOVE",114045,48736,65308,1,114045,48736,65308,1,NA,NA,NA,NA,NA
"KPK","MALAKAND","LOWER DIR","LAL QILA","SUB-DIVISION","60 &  ABOVE",13988,7455,6533,NA,13988,7455,6533,NA,NA,NA,NA,NA,NA
"KPK","MALAKAND","LOWER DIR","LAL QILA","SUB-DIVISION","65 &  ABOVE",9358,5137,4221,NA,9358,5137,4221,NA,NA,NA,NA,NA,NA
"KPK","MALAKAND","LOWER DIR","SAMARBAGH","SUB-DIVISION","ALL AGES",427628,211595,216024,9,427628,211595,216024,9,NA,NA,NA,NA,NA
"KPK","MALAKAND","LOWER DIR","SAMARBAGH","SUB-DIVISION","UNDER 1",9595,4960,4635,NA,9595,4960,4635,NA,NA,NA,NA,NA,NA
"KPK","MALAKAND","LOWER DIR","SAMARBAGH","SUB-DIVISION","UNDER 5",75536,39166,36370,NA,75536,39166,36370,NA,NA,NA,NA,NA,NA
"KPK","MALAKAND","LOWER DIR","SAMARBAGH","SUB-DIVISION","UNDER 10",145511,75177,70334,NA,145511,75177,70334,NA,NA,NA,NA,NA,NA
"KPK","MALAKAND","LOWER DIR","SAMARBAGH","SUB-DIVISION","UNDER 15",202086,104782,97304,NA,202086,104782,97304,NA,NA,NA,NA,NA,NA
"KPK","MALAKAND","LOWER DIR","SAMARBAGH","SUB-DIVISION","05 - 24",209530,106190,103334,6,209530,106190,103334,6,NA,NA,NA,NA,NA
"KPK","MALAKAND","LOWER DIR","SAMARBAGH","SUB-DIVISION","15 - 49",185575,86435,99131,9,185575,86435,99131,9,NA,NA,NA,NA,NA
"KPK","MALAKAND","LOWER DIR","SAMARBAGH","SUB-DIVISION","15 - 64",211913,99391,112513,9,211913,99391,112513,9,NA,NA,NA,NA,NA
"KPK","MALAKAND","LOWER DIR","SAMARBAGH","SUB-DIVISION","18 - 60",178583,82364,96214,5,178583,82364,96214,5,NA,NA,NA,NA,NA
"KPK","MALAKAND","LOWER DIR","SAMARBAGH","SUB-DIVISION","18 &  ABOVE",197385,92346,105034,5,197385,92346,105034,5,NA,NA,NA,NA,NA
"KPK","MALAKAND","LOWER DIR","SAMARBAGH","SUB-DIVISION","60 &  ABOVE",20765,10990,9775,NA,20765,10990,9775,NA,NA,NA,NA,NA,NA
"KPK","MALAKAND","LOWER DIR","SAMARBAGH","SUB-DIVISION","65 &  ABOVE",13629,7422,6207,NA,13629,7422,6207,NA,NA,NA,NA,NA,NA
"KPK","MALAKAND","LOWER DIR","TEMERGARA","SUB-DIVISION","ALL AGES",596127,292045,304073,9,548267,267626,280633,8,47860,24419,23440,1,NA
"KPK","MALAKAND","LOWER DIR","TEMERGARA","SUB-DIVISION","UNDER 1",12365,6326,6039,NA,11401,5835,5566,NA,964,491,473,NA,NA
"KPK","MALAKAND","LOWER DIR","TEMERGARA","SUB-DIVISION","UNDER 5",100762,51834,48928,NA,93680,48188,45492,NA,7082,3646,3436,NA,NA
"KPK","MALAKAND","LOWER DIR","TEMERGARA","SUB-DIVISION","UNDER 10",193159,99288,93871,NA,178788,91894,86894,NA,14371,7394,6977,NA,NA
"KPK","MALAKAND","LOWER DIR","TEMERGARA","SUB-DIVISION","UNDER 15",269675,139151,130520,4,249153,128524,120625,4,20522,10627,9895,NA,NA
"KPK","MALAKAND","LOWER DIR","TEMERGARA","SUB-DIVISION","05 - 24",288207,145317,142882,8,265113,133601,131505,7,23094,11716,11377,1,NA
"KPK","MALAKAND","LOWER DIR","TEMERGARA","SUB-DIVISION","15 - 49",267732,122735,144992,5,244979,111479,133496,4,22753,11256,11496,1,NA
"KPK","MALAKAND","LOWER DIR","TEMERGARA","SUB-DIVISION","15 - 64",305769,141318,164446,5,279858,128352,151502,4,25911,12966,12944,1,NA
"KPK","MALAKAND","LOWER DIR","TEMERGARA","SUB-DIVISION","18 - 60",257719,116635,141080,4,235626,105696,129926,4,22093,10939,11154,NA,NA
"KPK","MALAKAND","LOWER DIR","TEMERGARA","SUB-DIVISION","18 &  ABOVE",286061,132285,153772,4,261914,120143,141767,4,24147,12142,12005,NA,NA
"KPK","MALAKAND","LOWER DIR","TEMERGARA","SUB-DIVISION","60 &  ABOVE",31279,17153,14126,NA,29011,15831,13180,NA,2268,1322,946,NA,NA
"KPK","MALAKAND","LOWER DIR","TEMERGARA","SUB-DIVISION","65 &  ABOVE",20683,11576,9107,NA,19256,10750,8506,NA,1427,826,601,NA,NA
"KPK","HAZARA","LOWER KOHISTAN","BANKAND RANOLIA","TEHSIL","ALL AGES",177057,91341,85709,7,177057,91341,85709,7,NA,NA,NA,NA,NA
"KPK","HAZARA","LOWER KOHISTAN","BANKAND RANOLIA","TEHSIL","UNDER 1",6523,3024,3499,NA,6523,3024,3499,NA,NA,NA,NA,NA,NA
"KPK","HAZARA","LOWER KOHISTAN","BANKAND RANOLIA","TEHSIL","UNDER 5",46497,24465,22032,NA,46497,24465,22032,NA,NA,NA,NA,NA,NA
"KPK","HAZARA","LOWER KOHISTAN","BANKAND RANOLIA","TEHSIL","UNDER 10",80858,42514,38344,NA,80858,42514,38344,NA,NA,NA,NA,NA,NA
"KPK","HAZARA","LOWER KOHISTAN","BANKAND RANOLIA","TEHSIL","UNDER 15",107403,56420,50980,3,107403,56420,50980,3,NA,NA,NA,NA,NA
"KPK","HAZARA","LOWER KOHISTAN","BANKAND RANOLIA","TEHSIL","05 - 24",92524,47966,44552,6,92524,47966,44552,6,NA,NA,NA,NA,NA
"KPK","HAZARA","LOWER KOHISTAN","BANKAND RANOLIA","TEHSIL","15 - 49",61209,30176,31029,4,61209,30176,31029,4,NA,NA,NA,NA,NA
"KPK","HAZARA","LOWER KOHISTAN","BANKAND RANOLIA","TEHSIL","15 - 64",67168,33425,33739,4,67168,33425,33739,4,NA,NA,NA,NA,NA
"KPK","HAZARA","LOWER KOHISTAN","BANKAND RANOLIA","TEHSIL","18 - 60",52645,26001,26640,4,52645,26001,26640,4,NA,NA,NA,NA,NA
"KPK","HAZARA","LOWER KOHISTAN","BANKAND RANOLIA","TEHSIL","18 &  ABOVE",56080,28055,28021,4,56080,28055,28021,4,NA,NA,NA,NA,NA
"KPK","HAZARA","LOWER KOHISTAN","BANKAND RANOLIA","TEHSIL","60 &  ABOVE",3999,2363,1636,NA,3999,2363,1636,NA,NA,NA,NA,NA,NA
"KPK","HAZARA","LOWER KOHISTAN","BANKAND RANOLIA","TEHSIL","65 &  ABOVE",2486,1496,990,NA,2486,1496,990,NA,NA,NA,NA,NA,NA
"KPK","HAZARA","LOWER KOHISTAN","PATTAN","SUB-DIVISION","ALL AGES",126248,64691,61553,4,126248,64691,61553,4,NA,NA,NA,NA,NA
"KPK","HAZARA","LOWER KOHISTAN","PATTAN","SUB-DIVISION","UNDER 1",4463,1766,2697,NA,4463,1766,2697,NA,NA,NA,NA,NA,NA
"KPK","HAZARA","LOWER KOHISTAN","PATTAN","SUB-DIVISION","UNDER 5",32299,16514,15785,NA,32299,16514,15785,NA,NA,NA,NA,NA,NA
"KPK","HAZARA","LOWER KOHISTAN","PATTAN","SUB-DIVISION","UNDER 10",54865,28084,26781,NA,54865,28084,26781,NA,NA,NA,NA,NA,NA
"KPK","HAZARA","LOWER KOHISTAN","PATTAN","SUB-DIVISION","UNDER 15",71365,36725,34639,1,71365,36725,34639,1,NA,NA,NA,NA,NA
"KPK","HAZARA","LOWER KOHISTAN","PATTAN","SUB-DIVISION","05 - 24",61947,31830,30114,3,61947,31830,30114,3,NA,NA,NA,NA,NA
"KPK","HAZARA","LOWER KOHISTAN","PATTAN","SUB-DIVISION","15 - 49",48869,24633,24233,3,48869,24633,24233,3,NA,NA,NA,NA,NA
"KPK","HAZARA","LOWER KOHISTAN","PATTAN","SUB-DIVISION","15 - 64",53108,26922,26183,3,53108,26922,26183,3,NA,NA,NA,NA,NA
"KPK","HAZARA","LOWER KOHISTAN","PATTAN","SUB-DIVISION","18 - 60",43656,21966,21688,2,43656,21966,21688,2,NA,NA,NA,NA,NA
"KPK","HAZARA","LOWER KOHISTAN","PATTAN","SUB-DIVISION","18 &  ABOVE",46068,23372,22694,2,46068,23372,22694,2,NA,NA,NA,NA,NA
"KPK","HAZARA","LOWER KOHISTAN","PATTAN","SUB-DIVISION","60 &  ABOVE",2815,1638,1177,NA,2815,1638,1177,NA,NA,NA,NA,NA,NA
"KPK","HAZARA","LOWER KOHISTAN","PATTAN","SUB-DIVISION","65 &  ABOVE",1775,1044,731,NA,1775,1044,731,NA,NA,NA,NA,NA,NA
"KPK","MALAKAND","MALAKAND","SAM RANI ZAI","SUB-DIVISION","ALL AGES",352872,180543,172326,3,352872,180543,172326,3,NA,NA,NA,NA,NA
"KPK","MALAKAND","MALAKAND","SAM RANI ZAI","SUB-DIVISION","UNDER 1",6651,3405,3246,NA,6651,3405,3246,NA,NA,NA,NA,NA,NA
"KPK","MALAKAND","MALAKAND","SAM RANI ZAI","SUB-DIVISION","UNDER 5",53522,27847,25675,NA,53522,27847,25675,NA,NA,NA,NA,NA,NA
"KPK","MALAKAND","MALAKAND","SAM RANI ZAI","SUB-DIVISION","UNDER 10",103125,53561,49564,NA,103125,53561,49564,NA,NA,NA,NA,NA,NA
"KPK","MALAKAND","MALAKAND","SAM RANI ZAI","SUB-DIVISION","UNDER 15",147602,77205,70397,NA,147602,77205,70397,NA,NA,NA,NA,NA,NA
"KPK","MALAKAND","MALAKAND","SAM RANI ZAI","SUB-DIVISION","05 - 24",161604,83917,77685,2,161604,83917,77685,2,NA,NA,NA,NA,NA
"KPK","MALAKAND","MALAKAND","SAM RANI ZAI","SUB-DIVISION","15 - 49",166746,82040,84703,3,166746,82040,84703,3,NA,NA,NA,NA,NA
"KPK","MALAKAND","MALAKAND","SAM RANI ZAI","SUB-DIVISION","15 - 64",193194,96363,96828,3,193194,96363,96828,3,NA,NA,NA,NA,NA
"KPK","MALAKAND","MALAKAND","SAM RANI ZAI","SUB-DIVISION","18 - 60",165202,81317,83884,1,165202,81317,83884,1,NA,NA,NA,NA,NA
"KPK","MALAKAND","MALAKAND","SAM RANI ZAI","SUB-DIVISION","18 &  ABOVE",182308,91127,91180,1,182308,91127,91180,1,NA,NA,NA,NA,NA
"KPK","MALAKAND","MALAKAND","SAM RANI ZAI","SUB-DIVISION","60 &  ABOVE",18952,10820,8132,NA,18952,10820,8132,NA,NA,NA,NA,NA,NA
"KPK","MALAKAND","MALAKAND","SAM RANI ZAI","SUB-DIVISION","65 &  ABOVE",12076,6975,5101,NA,12076,6975,5101,NA,NA,NA,NA,NA,NA
"KPK","MALAKAND","MALAKAND","SWAT RANI ZAI","SUB-DIVISION","ALL AGES",472505,241831,230665,9,398980,203482,195495,3,73525,38349,35170,6,NA
"KPK","MALAKAND","MALAKAND","SWAT RANI ZAI","SUB-DIVISION","UNDER 1",9388,4953,4435,NA,8130,4294,3836,NA,1258,659,599,NA,NA
"KPK","MALAKAND","MALAKAND","SWAT RANI ZAI","SUB-DIVISION","UNDER 5",74338,38654,35684,NA,63493,33047,30446,NA,10845,5607,5238,NA,NA
"KPK","MALAKAND","MALAKAND","SWAT RANI ZAI","SUB-DIVISION","UNDER 10",141499,73317,68182,NA,120619,62607,58012,NA,20880,10710,10170,NA,NA
"KPK","MALAKAND","MALAKAND","SWAT RANI ZAI","SUB-DIVISION","UNDER 15",201422,104892,96528,2,170993,89155,81838,NA,30429,15737,14690,2,NA
"KPK","MALAKAND","MALAKAND","SWAT RANI ZAI","SUB-DIVISION","05 - 24",217005,111824,105175,6,183359,94453,88904,2,33646,17371,16271,4,NA
"KPK","MALAKAND","MALAKAND","SWAT RANI ZAI","SUB-DIVISION","15 - 49",219750,108502,111241,7,184578,90606,93969,3,35172,17896,17272,4,NA
"KPK","MALAKAND","MALAKAND","SWAT RANI ZAI","SUB-DIVISION","15 - 64",254569,127472,127090,7,213845,106291,107551,3,40724,21181,19539,4,NA
"KPK","MALAKAND","MALAKAND","SWAT RANI ZAI","SUB-DIVISION","18 - 60",216481,106835,109642,4,181465,88804,92660,1,35016,18031,16982,3,NA
"KPK","MALAKAND","MALAKAND","SWAT RANI ZAI","SUB-DIVISION","18 &  ABOVE",239922,120343,119575,4,201532,100271,101260,1,38390,20072,18315,3,NA
"KPK","MALAKAND","MALAKAND","SWAT RANI ZAI","SUB-DIVISION","60 &  ABOVE",25522,14679,10843,NA,21762,12418,9344,NA,3760,2261,1499,NA,NA
"KPK","MALAKAND","MALAKAND","SWAT RANI ZAI","SUB-DIVISION","65 &  ABOVE",16514,9467,7047,NA,14142,8036,6106,NA,2372,1431,941,NA,NA
"KPK","HAZARA","MANSEHRA","BAFFA PAKHAL","TEHSIL","ALL AGES",455544,232967,222562,15,438043,223886,214144,13,17501,9081,8418,2,NA
"KPK","HAZARA","MANSEHRA","BAFFA PAKHAL","TEHSIL","UNDER 1",8812,4532,4280,NA,8557,4394,4163,NA,255,138,117,NA,NA
"KPK","HAZARA","MANSEHRA","BAFFA PAKHAL","TEHSIL","UNDER 5",62608,32029,30579,NA,60520,30923,29597,NA,2088,1106,982,NA,NA
"KPK","HAZARA","MANSEHRA","BAFFA PAKHAL","TEHSIL","UNDER 10",124291,63566,60725,NA,119960,61262,58698,NA,4331,2304,2027,NA,NA
"KPK","HAZARA","MANSEHRA","BAFFA PAKHAL","TEHSIL","UNDER 15",181145,93008,88136,1,174783,89651,85131,1,6362,3357,3005,NA,NA
"KPK","HAZARA","MANSEHRA","BAFFA PAKHAL","TEHSIL","05 - 24",205903,105556,100343,4,198431,101695,96732,4,7472,3861,3611,NA,NA
"KPK","HAZARA","MANSEHRA","BAFFA PAKHAL","TEHSIL","15 - 49",217296,108986,108300,10,208748,104684,104055,9,8548,4302,4245,1,NA
"KPK","HAZARA","MANSEHRA","BAFFA PAKHAL","TEHSIL","15 - 64",255474,129319,126143,12,245229,124102,121116,11,10245,5217,5027,1,NA
"KPK","HAZARA","MANSEHRA","BAFFA PAKHAL","TEHSIL","18 - 60",218328,109696,108622,10,209561,105269,104283,9,8767,4427,4339,1,NA
"KPK","HAZARA","MANSEHRA","BAFFA PAKHAL","TEHSIL","18 &  ABOVE",244337,124425,119900,12,234298,119276,115012,10,10039,5149,4888,2,NA
"KPK","HAZARA","MANSEHRA","BAFFA PAKHAL","TEHSIL","60 &  ABOVE",28393,16088,12303,2,27046,15322,11723,1,1347,766,580,1,NA
"KPK","HAZARA","MANSEHRA","BAFFA PAKHAL","TEHSIL","65 &  ABOVE",18925,10640,8283,2,18031,10133,7897,1,894,507,386,1,NA
"KPK","HAZARA","MANSEHRA","BALAKOT","TEHSIL","ALL AGES",310164,157160,152987,17,310164,157160,152987,17,NA,NA,NA,NA,NA
"KPK","HAZARA","MANSEHRA","BALAKOT","TEHSIL","UNDER 1",6077,3123,2954,NA,6077,3123,2954,NA,NA,NA,NA,NA,NA
"KPK","HAZARA","MANSEHRA","BALAKOT","TEHSIL","UNDER 5",41372,21244,20128,NA,41372,21244,20128,NA,NA,NA,NA,NA,NA
"KPK","HAZARA","MANSEHRA","BALAKOT","TEHSIL","UNDER 10",82827,42416,40411,NA,82827,42416,40411,NA,NA,NA,NA,NA,NA
"KPK","HAZARA","MANSEHRA","BALAKOT","TEHSIL","UNDER 15",122434,62518,59915,1,122434,62518,59915,1,NA,NA,NA,NA,NA
"KPK","HAZARA","MANSEHRA","BALAKOT","TEHSIL","05 - 24",138553,70332,68217,4,138553,70332,68217,4,NA,NA,NA,NA,NA
"KPK","HAZARA","MANSEHRA","BALAKOT","TEHSIL","15 - 49",147818,73237,74570,11,147818,73237,74570,11,NA,NA,NA,NA,NA
"KPK","HAZARA","MANSEHRA","BALAKOT","TEHSIL","15 - 64",174290,87174,87100,16,174290,87174,87100,16,NA,NA,NA,NA,NA
"KPK","HAZARA","MANSEHRA","BALAKOT","TEHSIL","18 - 60",148427,73735,74677,15,148427,73735,74677,15,NA,NA,NA,NA,NA
"KPK","HAZARA","MANSEHRA","BALAKOT","TEHSIL","18 &  ABOVE",166915,84042,82858,15,166915,84042,82858,15,NA,NA,NA,NA,NA
"KPK","HAZARA","MANSEHRA","BALAKOT","TEHSIL","60 &  ABOVE",20124,11216,8908,NA,20124,11216,8908,NA,NA,NA,NA,NA,NA
"KPK","HAZARA","MANSEHRA","BALAKOT","TEHSIL","65 &  ABOVE",13440,7468,5972,NA,13440,7468,5972,NA,NA,NA,NA,NA,NA
"KPK","HAZARA","MANSEHRA","DARBAND","TEHSIL","ALL AGES",51702,24989,26712,1,51702,24989,26712,1,NA,NA,NA,NA,NA
"KPK","HAZARA","MANSEHRA","DARBAND","TEHSIL","UNDER 1",937,463,474,NA,937,463,474,NA,NA,NA,NA,NA,NA
"KPK","HAZARA","MANSEHRA","DARBAND","TEHSIL","UNDER 5",6310,3203,3107,NA,6310,3203,3107,NA,NA,NA,NA,NA,NA
"KPK","HAZARA","MANSEHRA","DARBAND","TEHSIL","UNDER 10",13111,6628,6483,NA,13111,6628,6483,NA,NA,NA,NA,NA,NA
"KPK","HAZARA","MANSEHRA","DARBAND","TEHSIL","UNDER 15",19049,9663,9386,NA,19049,9663,9386,NA,NA,NA,NA,NA,NA
"KPK","HAZARA","MANSEHRA","DARBAND","TEHSIL","05 - 24",22766,11236,11530,NA,22766,11236,11530,NA,NA,NA,NA,NA,NA
"KPK","HAZARA","MANSEHRA","DARBAND","TEHSIL","15 - 49",25107,11617,13489,1,25107,11617,13489,1,NA,NA,NA,NA,NA
"KPK","HAZARA","MANSEHRA","DARBAND","TEHSIL","15 - 64",29887,13986,15900,1,29887,13986,15900,1,NA,NA,NA,NA,NA
"KPK","HAZARA","MANSEHRA","DARBAND","TEHSIL","18 - 60",25630,11936,13693,1,25630,11936,13693,1,NA,NA,NA,NA,NA
"KPK","HAZARA","MANSEHRA","DARBAND","TEHSIL","18 &  ABOVE",29331,13751,15579,1,29331,13751,15579,1,NA,NA,NA,NA,NA
"KPK","HAZARA","MANSEHRA","DARBAND","TEHSIL","60 &  ABOVE",4003,1971,2032,NA,4003,1971,2032,NA,NA,NA,NA,NA,NA
"KPK","HAZARA","MANSEHRA","DARBAND","TEHSIL","65 &  ABOVE",2766,1340,1426,NA,2766,1340,1426,NA,NA,NA,NA,NA,NA
"KPK","HAZARA","MANSEHRA","MANSEHRA","TEHSIL","ALL AGES",720681,369032,351581,68,583849,298793,285050,6,136832,70239,66531,62,NA
"KPK","HAZARA","MANSEHRA","MANSEHRA","TEHSIL","UNDER 1",11700,5975,5725,NA,9882,5064,4818,NA,1818,911,907,NA,NA
"KPK","HAZARA","MANSEHRA","MANSEHRA","TEHSIL","UNDER 5",92247,47877,44370,NA,76973,40003,36970,NA,15274,7874,7400,NA,NA
"KPK","HAZARA","MANSEHRA","MANSEHRA","TEHSIL","UNDER 10",187042,96734,90308,NA,155869,80623,75246,NA,31173,16111,15062,NA,NA
"KPK","HAZARA","MANSEHRA","MANSEHRA","TEHSIL","UNDER 15",275757,143068,132688,1,228025,118137,109887,1,47732,24931,22801,NA,NA
"KPK","HAZARA","MANSEHRA","MANSEHRA","TEHSIL","05 - 24",320112,165502,154600,10,260877,134620,126253,4,59235,30882,28347,6,NA
"KPK","HAZARA","MANSEHRA","MANSEHRA","TEHSIL","15 - 49",351934,176054,175822,58,281565,140992,140569,4,70369,35062,35253,54,NA
"KPK","HAZARA","MANSEHRA","MANSEHRA","TEHSIL","15 - 64",414905,209144,205696,65,331340,167113,164223,4,83565,42031,41473,61,NA
"KPK","HAZARA","MANSEHRA","MANSEHRA","TEHSIL","18 - 60",355872,177994,177813,65,283703,142110,141589,4,72169,35884,36224,61,NA
"KPK","HAZARA","MANSEHRA","MANSEHRA","TEHSIL","18 &  ABOVE",397957,201509,196381,67,317728,160918,156805,5,80229,40591,39576,62,NA
"KPK","HAZARA","MANSEHRA","MANSEHRA","TEHSIL","60 &  ABOVE",46256,25858,20395,3,37266,20619,16646,1,8990,5239,3749,2,NA
"KPK","HAZARA","MANSEHRA","MANSEHRA","TEHSIL","65 &  ABOVE",30019,16820,13197,2,24484,13543,10940,1,5535,3277,2257,1,NA
"KPK","HAZARA","MANSEHRA","OGHI","TEHSIL","ALL AGES",251533,124392,127135,6,251533,124392,127135,6,NA,NA,NA,NA,NA
"KPK","HAZARA","MANSEHRA","OGHI","TEHSIL","UNDER 1",4808,2447,2361,NA,4808,2447,2361,NA,NA,NA,NA,NA,NA
"KPK","HAZARA","MANSEHRA","OGHI","TEHSIL","UNDER 5",36066,18701,17365,NA,36066,18701,17365,NA,NA,NA,NA,NA,NA
"KPK","HAZARA","MANSEHRA","OGHI","TEHSIL","UNDER 10",71714,37242,34472,NA,71714,37242,34472,NA,NA,NA,NA,NA,NA
"KPK","HAZARA","MANSEHRA","OGHI","TEHSIL","UNDER 15",103841,53951,49890,NA,103841,53951,49890,NA,NA,NA,NA,NA,NA
"KPK","HAZARA","MANSEHRA","OGHI","TEHSIL","05 - 24",115031,58644,56386,1,115031,58644,56386,1,NA,NA,NA,NA,NA
"KPK","HAZARA","MANSEHRA","OGHI","TEHSIL","15 - 49",115983,54427,61551,5,115983,54427,61551,5,NA,NA,NA,NA,NA
"KPK","HAZARA","MANSEHRA","OGHI","TEHSIL","15 - 64",136562,64485,72071,6,136562,64485,72071,6,NA,NA,NA,NA,NA
"KPK","HAZARA","MANSEHRA","OGHI","TEHSIL","18 - 60",115215,53531,61679,5,115215,53531,61679,5,NA,NA,NA,NA,NA
"KPK","HAZARA","MANSEHRA","OGHI","TEHSIL","18 &  ABOVE",130529,61632,68892,5,130529,61632,68892,5,NA,NA,NA,NA,NA
"KPK","HAZARA","MANSEHRA","OGHI","TEHSIL","60 &  ABOVE",16667,8832,7835,NA,16667,8832,7835,NA,NA,NA,NA,NA,NA
"KPK","HAZARA","MANSEHRA","OGHI","TEHSIL","65 &  ABOVE",11130,5956,5174,NA,11130,5956,5174,NA,NA,NA,NA,NA,NA
"KPK","MARDAN","MARDAN","GHARI KAPOORA","TEHSIL","ALL AGES",319462,162365,157093,4,319462,162365,157093,4,NA,NA,NA,NA,NA
"KPK","MARDAN","MARDAN","GHARI KAPOORA","TEHSIL","UNDER 1",6578,3398,3180,NA,6578,3398,3180,NA,NA,NA,NA,NA,NA
"KPK","MARDAN","MARDAN","GHARI KAPOORA","TEHSIL","UNDER 5",47608,24675,22933,NA,47608,24675,22933,NA,NA,NA,NA,NA,NA
"KPK","MARDAN","MARDAN","GHARI KAPOORA","TEHSIL","UNDER 10",92566,47794,44772,NA,92566,47794,44772,NA,NA,NA,NA,NA,NA
"KPK","MARDAN","MARDAN","GHARI KAPOORA","TEHSIL","UNDER 15",133279,68943,64336,NA,133279,68943,64336,NA,NA,NA,NA,NA,NA
"KPK","MARDAN","MARDAN","GHARI KAPOORA","TEHSIL","05 - 24",147068,75280,71784,4,147068,75280,71784,4,NA,NA,NA,NA,NA
"KPK","MARDAN","MARDAN","GHARI KAPOORA","TEHSIL","15 - 49",149587,73698,75885,4,149587,73698,75885,4,NA,NA,NA,NA,NA
"KPK","MARDAN","MARDAN","GHARI KAPOORA","TEHSIL","15 - 64",174440,86687,87749,4,174440,86687,87749,4,NA,NA,NA,NA,NA
"KPK","MARDAN","MARDAN","GHARI KAPOORA","TEHSIL","18 - 60",148667,73270,75396,1,148667,73270,75396,1,NA,NA,NA,NA,NA
"KPK","MARDAN","MARDAN","GHARI KAPOORA","TEHSIL","18 &  ABOVE",165387,82700,82686,1,165387,82700,82686,1,NA,NA,NA,NA,NA
"KPK","MARDAN","MARDAN","GHARI KAPOORA","TEHSIL","60 &  ABOVE",18184,10222,7962,NA,18184,10222,7962,NA,NA,NA,NA,NA,NA
"KPK","MARDAN","MARDAN","GHARI KAPOORA","TEHSIL","65 &  ABOVE",11743,6735,5008,NA,11743,6735,5008,NA,NA,NA,NA,NA,NA
"KPK","MARDAN","MARDAN","KATLANG","TEHSIL","ALL AGES",377535,192667,184867,1,377535,192667,184867,1,NA,NA,NA,NA,NA
"KPK","MARDAN","MARDAN","KATLANG","TEHSIL","UNDER 1",8215,4313,3902,NA,8215,4313,3902,NA,NA,NA,NA,NA,NA
"KPK","MARDAN","MARDAN","KATLANG","TEHSIL","UNDER 5",57703,30003,27700,NA,57703,30003,27700,NA,NA,NA,NA,NA,NA
"KPK","MARDAN","MARDAN","KATLANG","TEHSIL","UNDER 10",111370,57882,53488,NA,111370,57882,53488,NA,NA,NA,NA,NA,NA
"KPK","MARDAN","MARDAN","KATLANG","TEHSIL","UNDER 15",159005,83096,75909,NA,159005,83096,75909,NA,NA,NA,NA,NA,NA
"KPK","MARDAN","MARDAN","KATLANG","TEHSIL","05 - 24",173271,89590,83681,NA,173271,89590,83681,NA,NA,NA,NA,NA,NA
"KPK","MARDAN","MARDAN","KATLANG","TEHSIL","15 - 49",174598,86098,88499,1,174598,86098,88499,1,NA,NA,NA,NA,NA
"KPK","MARDAN","MARDAN","KATLANG","TEHSIL","15 - 64",203766,101272,102493,1,203766,101272,102493,1,NA,NA,NA,NA,NA
"KPK","MARDAN","MARDAN","KATLANG","TEHSIL","18 - 60",172890,85022,87867,1,172890,85022,87867,1,NA,NA,NA,NA,NA
"KPK","MARDAN","MARDAN","KATLANG","TEHSIL","18 &  ABOVE",193478,96466,97011,1,193478,96466,97011,1,NA,NA,NA,NA,NA
"KPK","MARDAN","MARDAN","KATLANG","TEHSIL","60 &  ABOVE",22177,12324,9853,NA,22177,12324,9853,NA,NA,NA,NA,NA,NA
"KPK","MARDAN","MARDAN","KATLANG","TEHSIL","65 &  ABOVE",14764,8299,6465,NA,14764,8299,6465,NA,NA,NA,NA,NA,NA
"KPK","MARDAN","MARDAN","MARDAN","TEHSIL","ALL AGES",1039962,539069,500853,40,671771,347931,323834,6,368191,191138,177019,34,NA
"KPK","MARDAN","MARDAN","MARDAN","TEHSIL","UNDER 1",19045,9930,9115,NA,12767,6710,6057,NA,6278,3220,3058,NA,NA
"KPK","MARDAN","MARDAN","MARDAN","TEHSIL","UNDER 5",151895,79100,72795,NA,100218,52192,48026,NA,51677,26908,24769,NA,NA
"KPK","MARDAN","MARDAN","MARDAN","TEHSIL","UNDER 10",290803,151334,139469,NA,193324,100525,92799,NA,97479,50809,46670,NA,NA
"KPK","MARDAN","MARDAN","MARDAN","TEHSIL","UNDER 15",421376,220085,201290,1,278905,145581,133324,NA,142471,74504,67966,1,NA
"KPK","MARDAN","MARDAN","MARDAN","TEHSIL","05 - 24",473145,245471,227659,15,310211,160805,149401,5,162934,84666,78258,10,NA
"KPK","MARDAN","MARDAN","MARDAN","TEHSIL","15 - 49",505228,255755,249436,37,320881,162549,158326,6,184347,93206,91110,31,NA
"KPK","MARDAN","MARDAN","MARDAN","TEHSIL","15 - 64",585099,298823,286237,39,371148,189257,181885,6,213951,109566,104352,33,NA
"KPK","MARDAN","MARDAN","MARDAN","TEHSIL","18 - 60",501956,254985,246932,39,317051,160885,156160,6,184905,94100,90772,33,NA
"KPK","MARDAN","MARDAN","MARDAN","TEHSIL","18 &  ABOVE",550548,283556,266953,39,348480,179294,169180,6,202068,104262,97773,33,NA
"KPK","MARDAN","MARDAN","MARDAN","TEHSIL","60 &  ABOVE",53857,31466,22391,NA,34691,20186,14505,NA,19166,11280,7886,NA,NA
"KPK","MARDAN","MARDAN","MARDAN","TEHSIL","65 &  ABOVE",33487,20161,13326,NA,21718,13093,8625,NA,11769,7068,4701,NA,NA
"KPK","MARDAN","MARDAN","RUSTAM","TEHSIL","ALL AGES",279509,140888,138619,2,279509,140888,138619,2,NA,NA,NA,NA,NA
"KPK","MARDAN","MARDAN","RUSTAM","TEHSIL","UNDER 1",5716,2967,2749,NA,5716,2967,2749,NA,NA,NA,NA,NA,NA
"KPK","MARDAN","MARDAN","RUSTAM","TEHSIL","UNDER 5",38468,19633,18835,NA,38468,19633,18835,NA,NA,NA,NA,NA,NA
"KPK","MARDAN","MARDAN","RUSTAM","TEHSIL","UNDER 10",77474,39569,37905,NA,77474,39569,37905,NA,NA,NA,NA,NA,NA
"KPK","MARDAN","MARDAN","RUSTAM","TEHSIL","UNDER 15",112925,57957,54968,NA,112925,57957,54968,NA,NA,NA,NA,NA,NA
"KPK","MARDAN","MARDAN","RUSTAM","TEHSIL","05 - 24",129216,65567,63649,NA,129216,65567,63649,NA,NA,NA,NA,NA,NA
"KPK","MARDAN","MARDAN","RUSTAM","TEHSIL","15 - 49",132695,64727,67966,2,132695,64727,67966,2,NA,NA,NA,NA,NA
"KPK","MARDAN","MARDAN","RUSTAM","TEHSIL","15 - 64",155186,76519,78665,2,155186,76519,78665,2,NA,NA,NA,NA,NA
"KPK","MARDAN","MARDAN","RUSTAM","TEHSIL","18 - 60",131613,64481,67130,2,131613,64481,67130,2,NA,NA,NA,NA,NA
"KPK","MARDAN","MARDAN","RUSTAM","TEHSIL","18 &  ABOVE",147369,73216,74151,2,147369,73216,74151,2,NA,NA,NA,NA,NA
"KPK","MARDAN","MARDAN","RUSTAM","TEHSIL","60 &  ABOVE",16957,9389,7568,NA,16957,9389,7568,NA,NA,NA,NA,NA,NA
"KPK","MARDAN","MARDAN","RUSTAM","TEHSIL","65 &  ABOVE",11398,6412,4986,NA,11398,6412,4986,NA,NA,NA,NA,NA,NA
"KPK","MARDAN","MARDAN","TAKHT BHAI","TEHSIL","ALL AGES",724224,371774,352444,6,639300,328621,310673,6,84924,43153,41771,NA,NA
"KPK","MARDAN","MARDAN","TAKHT BHAI","TEHSIL","UNDER 1",13768,7018,6750,NA,12127,6207,5920,NA,1641,811,830,NA,NA
"KPK","MARDAN","MARDAN","TAKHT BHAI","TEHSIL","UNDER 5",111321,57438,53883,NA,98944,51176,47768,NA,12377,6262,6115,NA,NA
"KPK","MARDAN","MARDAN","TAKHT BHAI","TEHSIL","UNDER 10",214147,110348,103799,NA,189754,97932,91822,NA,24393,12416,11977,NA,NA
"KPK","MARDAN","MARDAN","TAKHT BHAI","TEHSIL","UNDER 15",305075,157621,147454,NA,270260,139923,130337,NA,34815,17698,17117,NA,NA
"KPK","MARDAN","MARDAN","TAKHT BHAI","TEHSIL","05 - 24",331585,170005,161575,5,292823,150375,142443,5,38762,19630,19132,NA,NA
"KPK","MARDAN","MARDAN","TAKHT BHAI","TEHSIL","15 - 49",341287,171330,169951,6,300562,151088,149468,6,40725,20242,20483,NA,NA
"KPK","MARDAN","MARDAN","TAKHT BHAI","TEHSIL","15 - 64",393862,199315,194541,6,346528,175479,171043,6,47334,23836,23498,NA,NA
"KPK","MARDAN","MARDAN","TAKHT BHAI","TEHSIL","18 - 60",337424,169962,167460,2,296711,149581,147128,2,40713,20381,20332,NA,NA
"KPK","MARDAN","MARDAN","TAKHT BHAI","TEHSIL","18 &  ABOVE",372825,190389,182434,2,328164,167715,160447,2,44661,22674,21987,NA,NA
"KPK","MARDAN","MARDAN","TAKHT BHAI","TEHSIL","60 &  ABOVE",38947,22346,16601,NA,34522,19789,14733,NA,4425,2557,1868,NA,NA
"KPK","MARDAN","MARDAN","TAKHT BHAI","TEHSIL","65 &  ABOVE",25287,14838,10449,NA,22512,13219,9293,NA,2775,1619,1156,NA,NA
"KPK","PESHAWAR","MOHMAND","AMBAR UTMAN KHEL","TEHSIL","ALL AGES",79455,40383,39071,1,79455,40383,39071,1,NA,NA,NA,NA,NA
"KPK","PESHAWAR","MOHMAND","AMBAR UTMAN KHEL","TEHSIL","UNDER 1",1521,799,722,NA,1521,799,722,NA,NA,NA,NA,NA,NA
"KPK","PESHAWAR","MOHMAND","AMBAR UTMAN KHEL","TEHSIL","UNDER 5",15645,7974,7671,NA,15645,7974,7671,NA,NA,NA,NA,NA,NA
"KPK","PESHAWAR","MOHMAND","AMBAR UTMAN KHEL","TEHSIL","UNDER 10",31181,15842,15339,NA,31181,15842,15339,NA,NA,NA,NA,NA,NA
"KPK","PESHAWAR","MOHMAND","AMBAR UTMAN KHEL","TEHSIL","UNDER 15",42990,21770,21220,NA,42990,21770,21220,NA,NA,NA,NA,NA,NA
"KPK","PESHAWAR","MOHMAND","AMBAR UTMAN KHEL","TEHSIL","05 - 24",40375,20373,20001,1,40375,20373,20001,1,NA,NA,NA,NA,NA
"KPK","PESHAWAR","MOHMAND","AMBAR UTMAN KHEL","TEHSIL","15 - 49",30711,15648,15062,1,30711,15648,15062,1,NA,NA,NA,NA,NA
"KPK","PESHAWAR","MOHMAND","AMBAR UTMAN KHEL","TEHSIL","15 - 64",34865,17739,17125,1,34865,17739,17125,1,NA,NA,NA,NA,NA
"KPK","PESHAWAR","MOHMAND","AMBAR UTMAN KHEL","TEHSIL","18 - 60",29557,14955,14601,1,29557,14955,14601,1,NA,NA,NA,NA,NA
"KPK","PESHAWAR","MOHMAND","AMBAR UTMAN KHEL","TEHSIL","18 &  ABOVE",32026,16294,15731,1,32026,16294,15731,1,NA,NA,NA,NA,NA
"KPK","PESHAWAR","MOHMAND","AMBAR UTMAN KHEL","TEHSIL","60 &  ABOVE",2841,1531,1310,NA,2841,1531,1310,NA,NA,NA,NA,NA,NA
"KPK","PESHAWAR","MOHMAND","AMBAR UTMAN KHEL","TEHSIL","65 &  ABOVE",1600,874,726,NA,1600,874,726,NA,NA,NA,NA,NA,NA
"KPK","PESHAWAR","MOHMAND","HALIM ZAI","TEHSIL","ALL AGES",89149,45215,43933,1,89149,45215,43933,1,NA,NA,NA,NA,NA
"KPK","PESHAWAR","MOHMAND","HALIM ZAI","TEHSIL","UNDER 1",1697,797,900,NA,1697,797,900,NA,NA,NA,NA,NA,NA
"KPK","PESHAWAR","MOHMAND","HALIM ZAI","TEHSIL","UNDER 5",14065,6957,7108,NA,14065,6957,7108,NA,NA,NA,NA,NA,NA
"KPK","PESHAWAR","MOHMAND","HALIM ZAI","TEHSIL","UNDER 10",28246,14085,14161,NA,28246,14085,14161,NA,NA,NA,NA,NA,NA
"KPK","PESHAWAR","MOHMAND","HALIM ZAI","TEHSIL","UNDER 15",40091,20047,20044,NA,40091,20047,20044,NA,NA,NA,NA,NA,NA
"KPK","PESHAWAR","MOHMAND","HALIM ZAI","TEHSIL","05 - 24",42552,21409,21142,1,42552,21409,21142,1,NA,NA,NA,NA,NA
"KPK","PESHAWAR","MOHMAND","HALIM ZAI","TEHSIL","15 - 49",39740,20170,19569,1,39740,20170,19569,1,NA,NA,NA,NA,NA
"KPK","PESHAWAR","MOHMAND","HALIM ZAI","TEHSIL","15 - 64",46257,23605,22651,1,46257,23605,22651,1,NA,NA,NA,NA,NA
"KPK","PESHAWAR","MOHMAND","HALIM ZAI","TEHSIL","18 - 60",39156,20032,19124,NA,39156,20032,19124,NA,NA,NA,NA,NA,NA
"KPK","PESHAWAR","MOHMAND","HALIM ZAI","TEHSIL","18 &  ABOVE",43347,22345,21002,NA,43347,22345,21002,NA,NA,NA,NA,NA,NA
"KPK","PESHAWAR","MOHMAND","HALIM ZAI","TEHSIL","60 &  ABOVE",4627,2560,2067,NA,4627,2560,2067,NA,NA,NA,NA,NA,NA
"KPK","PESHAWAR","MOHMAND","HALIM ZAI","TEHSIL","65 &  ABOVE",2801,1563,1238,NA,2801,1563,1238,NA,NA,NA,NA,NA,NA
"KPK","PESHAWAR","MOHMAND","PINDIALI","TEHSIL","ALL AGES",112247,57329,54916,2,112247,57329,54916,2,NA,NA,NA,NA,NA
"KPK","PESHAWAR","MOHMAND","PINDIALI","TEHSIL","UNDER 1",2505,1245,1260,NA,2505,1245,1260,NA,NA,NA,NA,NA,NA
"KPK","PESHAWAR","MOHMAND","PINDIALI","TEHSIL","UNDER 5",20084,10244,9840,NA,20084,10244,9840,NA,NA,NA,NA,NA,NA
"KPK","PESHAWAR","MOHMAND","PINDIALI","TEHSIL","UNDER 10",40092,20343,19749,NA,40092,20343,19749,NA,NA,NA,NA,NA,NA
"KPK","PESHAWAR","MOHMAND","PINDIALI","TEHSIL","UNDER 15",55590,28284,27306,NA,55590,28284,27306,NA,NA,NA,NA,NA,NA
"KPK","PESHAWAR","MOHMAND","PINDIALI","TEHSIL","05 - 24",54385,27613,26771,1,54385,27613,26771,1,NA,NA,NA,NA,NA
"KPK","PESHAWAR","MOHMAND","PINDIALI","TEHSIL","15 - 49",46543,23731,22811,1,46543,23731,22811,1,NA,NA,NA,NA,NA
"KPK","PESHAWAR","MOHMAND","PINDIALI","TEHSIL","15 - 64",53731,27431,26299,1,53731,27431,26299,1,NA,NA,NA,NA,NA
"KPK","PESHAWAR","MOHMAND","PINDIALI","TEHSIL","18 - 60",45878,23352,22526,NA,45878,23352,22526,NA,NA,NA,NA,NA,NA
"KPK","PESHAWAR","MOHMAND","PINDIALI","TEHSIL","18 &  ABOVE",50383,25802,24580,1,50383,25802,24580,1,NA,NA,NA,NA,NA
"KPK","PESHAWAR","MOHMAND","PINDIALI","TEHSIL","60 &  ABOVE",4983,2699,2283,1,4983,2699,2283,1,NA,NA,NA,NA,NA
"KPK","PESHAWAR","MOHMAND","PINDIALI","TEHSIL","65 &  ABOVE",2926,1614,1311,1,2926,1614,1311,1,NA,NA,NA,NA,NA
"KPK","PESHAWAR","MOHMAND","PRANG GHAR","TEHSIL","ALL AGES",36046,17927,18119,NA,36046,17927,18119,NA,NA,NA,NA,NA,NA
"KPK","PESHAWAR","MOHMAND","PRANG GHAR","TEHSIL","UNDER 1",780,373,407,NA,780,373,407,NA,NA,NA,NA,NA,NA
"KPK","PESHAWAR","MOHMAND","PRANG GHAR","TEHSIL","UNDER 5",6394,3183,3211,NA,6394,3183,3211,NA,NA,NA,NA,NA,NA
"KPK","PESHAWAR","MOHMAND","PRANG GHAR","TEHSIL","UNDER 10",12331,6173,6158,NA,12331,6173,6158,NA,NA,NA,NA,NA,NA
"KPK","PESHAWAR","MOHMAND","PRANG GHAR","TEHSIL","UNDER 15",17342,8669,8673,NA,17342,8669,8673,NA,NA,NA,NA,NA,NA
"KPK","PESHAWAR","MOHMAND","PRANG GHAR","TEHSIL","05 - 24",17757,8810,8947,NA,17757,8810,8947,NA,NA,NA,NA,NA,NA
"KPK","PESHAWAR","MOHMAND","PRANG GHAR","TEHSIL","15 - 49",15615,7636,7979,NA,15615,7636,7979,NA,NA,NA,NA,NA,NA
"KPK","PESHAWAR","MOHMAND","PRANG GHAR","TEHSIL","15 - 64",17742,8723,9019,NA,17742,8723,9019,NA,NA,NA,NA,NA,NA
"KPK","PESHAWAR","MOHMAND","PRANG GHAR","TEHSIL","18 - 60",15187,7462,7725,NA,15187,7462,7725,NA,NA,NA,NA,NA,NA
"KPK","PESHAWAR","MOHMAND","PRANG GHAR","TEHSIL","18 &  ABOVE",16536,8205,8331,NA,16536,8205,8331,NA,NA,NA,NA,NA,NA
"KPK","PESHAWAR","MOHMAND","PRANG GHAR","TEHSIL","60 &  ABOVE",1507,830,677,NA,1507,830,677,NA,NA,NA,NA,NA,NA
"KPK","PESHAWAR","MOHMAND","PRANG GHAR","TEHSIL","65 &  ABOVE",962,535,427,NA,962,535,427,NA,NA,NA,NA,NA,NA
"KPK","PESHAWAR","MOHMAND","SAFI","TEHSIL","ALL AGES",109620,56361,53257,2,109620,56361,53257,2,NA,NA,NA,NA,NA
"KPK","PESHAWAR","MOHMAND","SAFI","TEHSIL","UNDER 1",1862,962,900,NA,1862,962,900,NA,NA,NA,NA,NA,NA
"KPK","PESHAWAR","MOHMAND","SAFI","TEHSIL","UNDER 5",19897,10014,9883,NA,19897,10014,9883,NA,NA,NA,NA,NA,NA
"KPK","PESHAWAR","MOHMAND","SAFI","TEHSIL","UNDER 10",38915,19706,19209,NA,38915,19706,19209,NA,NA,NA,NA,NA,NA
"KPK","PESHAWAR","MOHMAND","SAFI","TEHSIL","UNDER 15",55039,27985,27054,NA,55039,27985,27054,NA,NA,NA,NA,NA,NA
"KPK","PESHAWAR","MOHMAND","SAFI","TEHSIL","05 - 24",53844,27666,26176,2,53844,27666,26176,2,NA,NA,NA,NA,NA
"KPK","PESHAWAR","MOHMAND","SAFI","TEHSIL","15 - 49",44733,23149,21582,2,44733,23149,21582,2,NA,NA,NA,NA,NA
"KPK","PESHAWAR","MOHMAND","SAFI","TEHSIL","15 - 64",51319,26498,24819,2,51319,26498,24819,2,NA,NA,NA,NA,NA
"KPK","PESHAWAR","MOHMAND","SAFI","TEHSIL","18 - 60",42849,22173,20674,2,42849,22173,20674,2,NA,NA,NA,NA,NA
"KPK","PESHAWAR","MOHMAND","SAFI","TEHSIL","18 &  ABOVE",47484,24745,22737,2,47484,24745,22737,2,NA,NA,NA,NA,NA
"KPK","PESHAWAR","MOHMAND","SAFI","TEHSIL","60 &  ABOVE",5136,2838,2298,NA,5136,2838,2298,NA,NA,NA,NA,NA,NA
"KPK","PESHAWAR","MOHMAND","SAFI","TEHSIL","65 &  ABOVE",3262,1878,1384,NA,3262,1878,1384,NA,NA,NA,NA,NA,NA
"KPK","PESHAWAR","MOHMAND","UPPER MOHMAND","TEHSIL","ALL AGES",63659,31906,31753,NA,63659,31906,31753,NA,NA,NA,NA,NA,NA
"KPK","PESHAWAR","MOHMAND","UPPER MOHMAND","TEHSIL","UNDER 1",1294,638,656,NA,1294,638,656,NA,NA,NA,NA,NA,NA
"KPK","PESHAWAR","MOHMAND","UPPER MOHMAND","TEHSIL","UNDER 5",10051,5040,5011,NA,10051,5040,5011,NA,NA,NA,NA,NA,NA
"KPK","PESHAWAR","MOHMAND","UPPER MOHMAND","TEHSIL","UNDER 10",21155,10573,10582,NA,21155,10573,10582,NA,NA,NA,NA,NA,NA
"KPK","PESHAWAR","MOHMAND","UPPER MOHMAND","TEHSIL","UNDER 15",30422,15139,15283,NA,30422,15139,15283,NA,NA,NA,NA,NA,NA
"KPK","PESHAWAR","MOHMAND","UPPER MOHMAND","TEHSIL","05 - 24",32106,15718,16388,NA,32106,15718,16388,NA,NA,NA,NA,NA,NA
"KPK","PESHAWAR","MOHMAND","UPPER MOHMAND","TEHSIL","15 - 49",27148,13514,13634,NA,27148,13514,13634,NA,NA,NA,NA,NA,NA
"KPK","PESHAWAR","MOHMAND","UPPER MOHMAND","TEHSIL","15 - 64",31162,15597,15565,NA,31162,15597,15565,NA,NA,NA,NA,NA,NA
"KPK","PESHAWAR","MOHMAND","UPPER MOHMAND","TEHSIL","18 - 60",26219,13204,13015,NA,26219,13204,13015,NA,NA,NA,NA,NA,NA
"KPK","PESHAWAR","MOHMAND","UPPER MOHMAND","TEHSIL","18 &  ABOVE",29095,14837,14258,NA,29095,14837,14258,NA,NA,NA,NA,NA,NA
"KPK","PESHAWAR","MOHMAND","UPPER MOHMAND","TEHSIL","60 &  ABOVE",3285,1850,1435,NA,3285,1850,1435,NA,NA,NA,NA,NA,NA
"KPK","PESHAWAR","MOHMAND","UPPER MOHMAND","TEHSIL","65 &  ABOVE",2075,1170,905,NA,2075,1170,905,NA,NA,NA,NA,NA,NA
"KPK","PESHAWAR","MOHMAND","YAKE GHUND","TEHSIL","ALL AGES",63757,32263,31494,NA,63757,32263,31494,NA,NA,NA,NA,NA,NA
"KPK","PESHAWAR","MOHMAND","YAKE GHUND","TEHSIL","UNDER 1",1039,530,509,NA,1039,530,509,NA,NA,NA,NA,NA,NA
"KPK","PESHAWAR","MOHMAND","YAKE GHUND","TEHSIL","UNDER 5",9804,4947,4857,NA,9804,4947,4857,NA,NA,NA,NA,NA,NA
"KPK","PESHAWAR","MOHMAND","YAKE GHUND","TEHSIL","UNDER 10",19833,10013,9820,NA,19833,10013,9820,NA,NA,NA,NA,NA,NA
"KPK","PESHAWAR","MOHMAND","YAKE GHUND","TEHSIL","UNDER 15",28290,14286,14004,NA,28290,14286,14004,NA,NA,NA,NA,NA,NA
"KPK","PESHAWAR","MOHMAND","YAKE GHUND","TEHSIL","05 - 24",30676,15489,15187,NA,30676,15489,15187,NA,NA,NA,NA,NA,NA
"KPK","PESHAWAR","MOHMAND","YAKE GHUND","TEHSIL","15 - 49",29127,14479,14648,NA,29127,14479,14648,NA,NA,NA,NA,NA,NA
"KPK","PESHAWAR","MOHMAND","YAKE GHUND","TEHSIL","15 - 64",33687,16901,16786,NA,33687,16901,16786,NA,NA,NA,NA,NA,NA
"KPK","PESHAWAR","MOHMAND","YAKE GHUND","TEHSIL","18 - 60",28710,14241,14469,NA,28710,14241,14469,NA,NA,NA,NA,NA,NA
"KPK","PESHAWAR","MOHMAND","YAKE GHUND","TEHSIL","18 &  ABOVE",31447,15862,15585,NA,31447,15862,15585,NA,NA,NA,NA,NA,NA
"KPK","PESHAWAR","MOHMAND","YAKE GHUND","TEHSIL","60 &  ABOVE",3073,1802,1271,NA,3073,1802,1271,NA,NA,NA,NA,NA,NA
"KPK","PESHAWAR","MOHMAND","YAKE GHUND","TEHSIL","65 &  ABOVE",1780,1076,704,NA,1780,1076,704,NA,NA,NA,NA,NA,NA
"KPK","BANNU","NORTH WAZIRISTAN","DATTA KHEL","TEHSIL","ALL AGES",92196,46219,45976,1,92196,46219,45976,1,NA,NA,NA,NA,NA
"KPK","BANNU","NORTH WAZIRISTAN","DATTA KHEL","TEHSIL","UNDER 1",970,474,496,NA,970,474,496,NA,NA,NA,NA,NA,NA
"KPK","BANNU","NORTH WAZIRISTAN","DATTA KHEL","TEHSIL","UNDER 5",15804,7710,8094,NA,15804,7710,8094,NA,NA,NA,NA,NA,NA
"KPK","BANNU","NORTH WAZIRISTAN","DATTA KHEL","TEHSIL","UNDER 10",31670,15661,16009,NA,31670,15661,16009,NA,NA,NA,NA,NA,NA
"KPK","BANNU","NORTH WAZIRISTAN","DATTA KHEL","TEHSIL","UNDER 15",43191,21585,21605,1,43191,21585,21605,1,NA,NA,NA,NA,NA
"KPK","BANNU","NORTH WAZIRISTAN","DATTA KHEL","TEHSIL","05 - 24",43306,21577,21728,1,43306,21577,21728,1,NA,NA,NA,NA,NA
"KPK","BANNU","NORTH WAZIRISTAN","DATTA KHEL","TEHSIL","15 - 49",40654,19990,20664,NA,40654,19990,20664,NA,NA,NA,NA,NA,NA
"KPK","BANNU","NORTH WAZIRISTAN","DATTA KHEL","TEHSIL","15 - 64",46838,23287,23551,NA,46838,23287,23551,NA,NA,NA,NA,NA,NA
"KPK","BANNU","NORTH WAZIRISTAN","DATTA KHEL","TEHSIL","18 - 60",41063,20239,20824,NA,41063,20239,20824,NA,NA,NA,NA,NA,NA
"KPK","BANNU","NORTH WAZIRISTAN","DATTA KHEL","TEHSIL","18 &  ABOVE",44489,22303,22186,NA,44489,22303,22186,NA,NA,NA,NA,NA,NA
"KPK","BANNU","NORTH WAZIRISTAN","DATTA KHEL","TEHSIL","60 &  ABOVE",3948,2352,1596,NA,3948,2352,1596,NA,NA,NA,NA,NA,NA
"KPK","BANNU","NORTH WAZIRISTAN","DATTA KHEL","TEHSIL","65 &  ABOVE",2167,1347,820,NA,2167,1347,820,NA,NA,NA,NA,NA,NA
"KPK","BANNU","NORTH WAZIRISTAN","DOSSALI","TEHSIL","ALL AGES",50524,25298,25226,NA,50524,25298,25226,NA,NA,NA,NA,NA,NA
"KPK","BANNU","NORTH WAZIRISTAN","DOSSALI","TEHSIL","UNDER 1",951,487,464,NA,951,487,464,NA,NA,NA,NA,NA,NA
"KPK","BANNU","NORTH WAZIRISTAN","DOSSALI","TEHSIL","UNDER 5",10507,5338,5169,NA,10507,5338,5169,NA,NA,NA,NA,NA,NA
"KPK","BANNU","NORTH WAZIRISTAN","DOSSALI","TEHSIL","UNDER 10",20625,10468,10157,NA,20625,10468,10157,NA,NA,NA,NA,NA,NA
"KPK","BANNU","NORTH WAZIRISTAN","DOSSALI","TEHSIL","UNDER 15",27570,14006,13564,NA,27570,14006,13564,NA,NA,NA,NA,NA,NA
"KPK","BANNU","NORTH WAZIRISTAN","DOSSALI","TEHSIL","05 - 24",25023,12387,12636,NA,25023,12387,12636,NA,NA,NA,NA,NA,NA
"KPK","BANNU","NORTH WAZIRISTAN","DOSSALI","TEHSIL","15 - 49",19684,9472,10212,NA,19684,9472,10212,NA,NA,NA,NA,NA,NA
"KPK","BANNU","NORTH WAZIRISTAN","DOSSALI","TEHSIL","15 - 64",22115,10739,11376,NA,22115,10739,11376,NA,NA,NA,NA,NA,NA
"KPK","BANNU","NORTH WAZIRISTAN","DOSSALI","TEHSIL","18 - 60",19070,9235,9835,NA,19070,9235,9835,NA,NA,NA,NA,NA,NA
"KPK","BANNU","NORTH WAZIRISTAN","DOSSALI","TEHSIL","18 &  ABOVE",20398,10062,10336,NA,20398,10062,10336,NA,NA,NA,NA,NA,NA
"KPK","BANNU","NORTH WAZIRISTAN","DOSSALI","TEHSIL","60 &  ABOVE",1481,909,572,NA,1481,909,572,NA,NA,NA,NA,NA,NA
"KPK","BANNU","NORTH WAZIRISTAN","DOSSALI","TEHSIL","65 &  ABOVE",839,553,286,NA,839,553,286,NA,NA,NA,NA,NA,NA
"KPK","BANNU","NORTH WAZIRISTAN","GHARYUM","TEHSIL","ALL AGES",18931,9559,9371,1,18931,9559,9371,1,NA,NA,NA,NA,NA
"KPK","BANNU","NORTH WAZIRISTAN","GHARYUM","TEHSIL","UNDER 1",375,210,165,NA,375,210,165,NA,NA,NA,NA,NA,NA
"KPK","BANNU","NORTH WAZIRISTAN","GHARYUM","TEHSIL","UNDER 5",5324,2798,2526,NA,5324,2798,2526,NA,NA,NA,NA,NA,NA
"KPK","BANNU","NORTH WAZIRISTAN","GHARYUM","TEHSIL","UNDER 10",8843,4551,4292,NA,8843,4551,4292,NA,NA,NA,NA,NA,NA
"KPK","BANNU","NORTH WAZIRISTAN","GHARYUM","TEHSIL","UNDER 15",11381,5768,5612,1,11381,5768,5612,1,NA,NA,NA,NA,NA
"KPK","BANNU","NORTH WAZIRISTAN","GHARYUM","TEHSIL","05 - 24",8785,4268,4516,1,8785,4268,4516,1,NA,NA,NA,NA,NA
"KPK","BANNU","NORTH WAZIRISTAN","GHARYUM","TEHSIL","15 - 49",6572,3255,3317,NA,6572,3255,3317,NA,NA,NA,NA,NA,NA
"KPK","BANNU","NORTH WAZIRISTAN","GHARYUM","TEHSIL","15 - 64",7274,3627,3647,NA,7274,3627,3647,NA,NA,NA,NA,NA,NA
"KPK","BANNU","NORTH WAZIRISTAN","GHARYUM","TEHSIL","18 - 60",6305,3131,3174,NA,6305,3131,3174,NA,NA,NA,NA,NA,NA
"KPK","BANNU","NORTH WAZIRISTAN","GHARYUM","TEHSIL","18 &  ABOVE",6720,3367,3353,NA,6720,3367,3353,NA,NA,NA,NA,NA,NA
"KPK","BANNU","NORTH WAZIRISTAN","GHARYUM","TEHSIL","60 &  ABOVE",478,268,210,NA,478,268,210,NA,NA,NA,NA,NA,NA
"KPK","BANNU","NORTH WAZIRISTAN","GHARYUM","TEHSIL","65 &  ABOVE",276,164,112,NA,276,164,112,NA,NA,NA,NA,NA,NA
"KPK","BANNU","NORTH WAZIRISTAN","GHULAM KHAN","TEHSIL","ALL AGES",31015,15455,15559,1,31015,15455,15559,1,NA,NA,NA,NA,NA
"KPK","BANNU","NORTH WAZIRISTAN","GHULAM KHAN","TEHSIL","UNDER 1",282,137,145,NA,282,137,145,NA,NA,NA,NA,NA,NA
"KPK","BANNU","NORTH WAZIRISTAN","GHULAM KHAN","TEHSIL","UNDER 5",5613,2629,2984,NA,5613,2629,2984,NA,NA,NA,NA,NA,NA
"KPK","BANNU","NORTH WAZIRISTAN","GHULAM KHAN","TEHSIL","UNDER 10",11324,5569,5755,NA,11324,5569,5755,NA,NA,NA,NA,NA,NA
"KPK","BANNU","NORTH WAZIRISTAN","GHULAM KHAN","TEHSIL","UNDER 15",15230,7531,7699,NA,15230,7531,7699,NA,NA,NA,NA,NA,NA
"KPK","BANNU","NORTH WAZIRISTAN","GHULAM KHAN","TEHSIL","05 - 24",15383,7718,7665,NA,15383,7718,7665,NA,NA,NA,NA,NA,NA
"KPK","BANNU","NORTH WAZIRISTAN","GHULAM KHAN","TEHSIL","15 - 49",13479,6671,6808,NA,13479,6671,6808,NA,NA,NA,NA,NA,NA
"KPK","BANNU","NORTH WAZIRISTAN","GHULAM KHAN","TEHSIL","15 - 64",15187,7558,7628,1,15187,7558,7628,1,NA,NA,NA,NA,NA
"KPK","BANNU","NORTH WAZIRISTAN","GHULAM KHAN","TEHSIL","18 - 60",13228,6542,6685,1,13228,6542,6685,1,NA,NA,NA,NA,NA
"KPK","BANNU","NORTH WAZIRISTAN","GHULAM KHAN","TEHSIL","18 &  ABOVE",14159,7095,7063,1,14159,7095,7063,1,NA,NA,NA,NA,NA
"KPK","BANNU","NORTH WAZIRISTAN","GHULAM KHAN","TEHSIL","60 &  ABOVE",1094,635,459,NA,1094,635,459,NA,NA,NA,NA,NA,NA
"KPK","BANNU","NORTH WAZIRISTAN","GHULAM KHAN","TEHSIL","65 &  ABOVE",598,366,232,NA,598,366,232,NA,NA,NA,NA,NA,NA
"KPK","BANNU","NORTH WAZIRISTAN","MIR ALI","TEHSIL","ALL AGES",229647,119081,110563,3,229647,119081,110563,3,NA,NA,NA,NA,NA
"KPK","BANNU","NORTH WAZIRISTAN","MIR ALI","TEHSIL","UNDER 1",4635,2435,2200,NA,4635,2435,2200,NA,NA,NA,NA,NA,NA
"KPK","BANNU","NORTH WAZIRISTAN","MIR ALI","TEHSIL","UNDER 5",46627,24156,22471,NA,46627,24156,22471,NA,NA,NA,NA,NA,NA
"KPK","BANNU","NORTH WAZIRISTAN","MIR ALI","TEHSIL","UNDER 10",83273,43133,40140,NA,83273,43133,40140,NA,NA,NA,NA,NA,NA
"KPK","BANNU","NORTH WAZIRISTAN","MIR ALI","TEHSIL","UNDER 15",113023,58720,54303,NA,113023,58720,54303,NA,NA,NA,NA,NA,NA
"KPK","BANNU","NORTH WAZIRISTAN","MIR ALI","TEHSIL","05 - 24",110657,57727,52928,2,110657,57727,52928,2,NA,NA,NA,NA,NA
"KPK","BANNU","NORTH WAZIRISTAN","MIR ALI","TEHSIL","15 - 49",100364,51302,49059,3,100364,51302,49059,3,NA,NA,NA,NA,NA
"KPK","BANNU","NORTH WAZIRISTAN","MIR ALI","TEHSIL","15 - 64",112275,57604,54668,3,112275,57604,54668,3,NA,NA,NA,NA,NA
"KPK","BANNU","NORTH WAZIRISTAN","MIR ALI","TEHSIL","18 - 60",96223,48897,47325,1,96223,48897,47325,1,NA,NA,NA,NA,NA
"KPK","BANNU","NORTH WAZIRISTAN","MIR ALI","TEHSIL","18 &  ABOVE",102941,52931,50009,1,102941,52931,50009,1,NA,NA,NA,NA,NA
"KPK","BANNU","NORTH WAZIRISTAN","MIR ALI","TEHSIL","60 &  ABOVE",7595,4515,3080,NA,7595,4515,3080,NA,NA,NA,NA,NA,NA
"KPK","BANNU","NORTH WAZIRISTAN","MIR ALI","TEHSIL","65 &  ABOVE",4349,2757,1592,NA,4349,2757,1592,NA,NA,NA,NA,NA,NA
"KPK","BANNU","NORTH WAZIRISTAN","MIRAN SHAH","TEHSIL","ALL AGES",123122,62180,60940,2,119186,60009,59176,1,3936,2171,1764,1,NA
"KPK","BANNU","NORTH WAZIRISTAN","MIRAN SHAH","TEHSIL","UNDER 1",1486,752,734,NA,1379,681,698,NA,107,71,36,NA,NA
"KPK","BANNU","NORTH WAZIRISTAN","MIRAN SHAH","TEHSIL","UNDER 5",21970,11012,10958,NA,20919,10347,10572,NA,1051,665,386,NA,NA
"KPK","BANNU","NORTH WAZIRISTAN","MIRAN SHAH","TEHSIL","UNDER 10",42327,21062,21265,NA,40773,20154,20619,NA,1554,908,646,NA,NA
"KPK","BANNU","NORTH WAZIRISTAN","MIRAN SHAH","TEHSIL","UNDER 15",58596,29130,29466,NA,56573,27992,28581,NA,2023,1138,885,NA,NA
"KPK","BANNU","NORTH WAZIRISTAN","MIRAN SHAH","TEHSIL","05 - 24",59352,29031,30319,2,57739,28241,29497,1,1613,790,822,1,NA
"KPK","BANNU","NORTH WAZIRISTAN","MIRAN SHAH","TEHSIL","15 - 49",55393,27545,27846,2,53713,26660,27052,1,1680,885,794,1,NA
"KPK","BANNU","NORTH WAZIRISTAN","MIRAN SHAH","TEHSIL","15 - 64",61931,31203,30726,2,60055,30197,29857,1,1876,1006,869,1,NA
"KPK","BANNU","NORTH WAZIRISTAN","MIRAN SHAH","TEHSIL","18 - 60",53698,26964,26733,1,52089,26098,25990,1,1609,866,743,NA,NA
"KPK","BANNU","NORTH WAZIRISTAN","MIRAN SHAH","TEHSIL","18 &  ABOVE",57482,29535,27946,1,55812,28624,27187,1,1670,911,759,NA,NA
"KPK","BANNU","NORTH WAZIRISTAN","MIRAN SHAH","TEHSIL","60 &  ABOVE",4342,2877,1465,NA,4265,2822,1443,NA,77,55,22,NA,NA
"KPK","BANNU","NORTH WAZIRISTAN","MIRAN SHAH","TEHSIL","65 &  ABOVE",2595,1847,748,NA,2558,1820,738,NA,37,27,10,NA,NA
"KPK","BANNU","NORTH WAZIRISTAN","RAZMAK","TEHSIL","ALL AGES",49367,28325,21039,3,49367,28325,21039,3,NA,NA,NA,NA,NA
"KPK","BANNU","NORTH WAZIRISTAN","RAZMAK","TEHSIL","UNDER 1",1122,640,482,NA,1122,640,482,NA,NA,NA,NA,NA,NA
"KPK","BANNU","NORTH WAZIRISTAN","RAZMAK","TEHSIL","UNDER 5",10198,5871,4327,NA,10198,5871,4327,NA,NA,NA,NA,NA,NA
"KPK","BANNU","NORTH WAZIRISTAN","RAZMAK","TEHSIL","UNDER 10",19494,11226,8268,NA,19494,11226,8268,NA,NA,NA,NA,NA,NA
"KPK","BANNU","NORTH WAZIRISTAN","RAZMAK","TEHSIL","UNDER 15",27181,15718,11462,1,27181,15718,11462,1,NA,NA,NA,NA,NA
"KPK","BANNU","NORTH WAZIRISTAN","RAZMAK","TEHSIL","05 - 24",25615,14957,10656,2,25615,14957,10656,2,NA,NA,NA,NA,NA
"KPK","BANNU","NORTH WAZIRISTAN","RAZMAK","TEHSIL","15 - 49",19099,10777,8320,2,19099,10777,8320,2,NA,NA,NA,NA,NA
"KPK","BANNU","NORTH WAZIRISTAN","RAZMAK","TEHSIL","15 - 64",21181,11968,9211,2,21181,11968,9211,2,NA,NA,NA,NA,NA
"KPK","BANNU","NORTH WAZIRISTAN","RAZMAK","TEHSIL","18 - 60",17288,9568,7718,2,17288,9568,7718,2,NA,NA,NA,NA,NA
"KPK","BANNU","NORTH WAZIRISTAN","RAZMAK","TEHSIL","18 &  ABOVE",18700,10445,8253,2,18700,10445,8253,2,NA,NA,NA,NA,NA
"KPK","BANNU","NORTH WAZIRISTAN","RAZMAK","TEHSIL","60 &  ABOVE",1589,976,613,NA,1589,976,613,NA,NA,NA,NA,NA,NA
"KPK","BANNU","NORTH WAZIRISTAN","RAZMAK","TEHSIL","65 &  ABOVE",1005,639,366,NA,1005,639,366,NA,NA,NA,NA,NA,NA
"KPK","BANNU","NORTH WAZIRISTAN","SHEWA","TEHSIL","ALL AGES",44126,21346,22779,1,44126,21346,22779,1,NA,NA,NA,NA,NA
"KPK","BANNU","NORTH WAZIRISTAN","SHEWA","TEHSIL","UNDER 1",870,389,481,NA,870,389,481,NA,NA,NA,NA,NA,NA
"KPK","BANNU","NORTH WAZIRISTAN","SHEWA","TEHSIL","UNDER 5",8290,3904,4386,NA,8290,3904,4386,NA,NA,NA,NA,NA,NA
"KPK","BANNU","NORTH WAZIRISTAN","SHEWA","TEHSIL","UNDER 10",16046,7772,8274,NA,16046,7772,8274,NA,NA,NA,NA,NA,NA
"KPK","BANNU","NORTH WAZIRISTAN","SHEWA","TEHSIL","UNDER 15",21895,10587,11308,NA,21895,10587,11308,NA,NA,NA,NA,NA,NA
"KPK","BANNU","NORTH WAZIRISTAN","SHEWA","TEHSIL","05 - 24",21650,10524,11126,NA,21650,10524,11126,NA,NA,NA,NA,NA,NA
"KPK","BANNU","NORTH WAZIRISTAN","SHEWA","TEHSIL","15 - 49",18716,8986,9729,1,18716,8986,9729,1,NA,NA,NA,NA,NA
"KPK","BANNU","NORTH WAZIRISTAN","SHEWA","TEHSIL","15 - 64",21108,10097,11010,1,21108,10097,11010,1,NA,NA,NA,NA,NA
"KPK","BANNU","NORTH WAZIRISTAN","SHEWA","TEHSIL","18 - 60",17923,8550,9372,1,17923,8550,9372,1,NA,NA,NA,NA,NA
"KPK","BANNU","NORTH WAZIRISTAN","SHEWA","TEHSIL","18 &  ABOVE",19634,9482,10151,1,19634,9482,10151,1,NA,NA,NA,NA,NA
"KPK","BANNU","NORTH WAZIRISTAN","SHEWA","TEHSIL","60 &  ABOVE",1888,1025,863,NA,1888,1025,863,NA,NA,NA,NA,NA,NA
"KPK","BANNU","NORTH WAZIRISTAN","SHEWA","TEHSIL","65 &  ABOVE",1123,662,461,NA,1123,662,461,NA,NA,NA,NA,NA,NA
"KPK","BANNU","NORTH WAZIRISTAN","SPINWAM","TEHSIL","ALL AGES",54209,27079,27127,3,54209,27079,27127,3,NA,NA,NA,NA,NA
"KPK","BANNU","NORTH WAZIRISTAN","SPINWAM","TEHSIL","UNDER 1",552,281,271,NA,552,281,271,NA,NA,NA,NA,NA,NA
"KPK","BANNU","NORTH WAZIRISTAN","SPINWAM","TEHSIL","UNDER 5",11127,5707,5420,NA,11127,5707,5420,NA,NA,NA,NA,NA,NA
"KPK","BANNU","NORTH WAZIRISTAN","SPINWAM","TEHSIL","UNDER 10",20657,10530,10127,NA,20657,10530,10127,NA,NA,NA,NA,NA,NA
"KPK","BANNU","NORTH WAZIRISTAN","SPINWAM","TEHSIL","UNDER 15",27859,14317,13542,NA,27859,14317,13542,NA,NA,NA,NA,NA,NA
"KPK","BANNU","NORTH WAZIRISTAN","SPINWAM","TEHSIL","05 - 24",26717,13493,13221,3,26717,13493,13221,3,NA,NA,NA,NA,NA
"KPK","BANNU","NORTH WAZIRISTAN","SPINWAM","TEHSIL","15 - 49",22693,10894,11796,3,22693,10894,11796,3,NA,NA,NA,NA,NA
"KPK","BANNU","NORTH WAZIRISTAN","SPINWAM","TEHSIL","15 - 64",25368,12149,13216,3,25368,12149,13216,3,NA,NA,NA,NA,NA
"KPK","BANNU","NORTH WAZIRISTAN","SPINWAM","TEHSIL","18 - 60",21665,10293,11372,NA,21665,10293,11372,NA,NA,NA,NA,NA,NA
"KPK","BANNU","NORTH WAZIRISTAN","SPINWAM","TEHSIL","18 &  ABOVE",23250,11195,12055,NA,23250,11195,12055,NA,NA,NA,NA,NA,NA
"KPK","BANNU","NORTH WAZIRISTAN","SPINWAM","TEHSIL","60 &  ABOVE",1770,994,776,NA,1770,994,776,NA,NA,NA,NA,NA,NA
"KPK","BANNU","NORTH WAZIRISTAN","SPINWAM","TEHSIL","65 &  ABOVE",982,613,369,NA,982,613,369,NA,NA,NA,NA,NA,NA
"KPK","PESHAWAR","NOWSHERA","JEHANGIRA","TEHSIL","ALL AGES",434984,218271,216708,5,348223,174756,173463,4,86761,43515,43245,1,NA
"KPK","PESHAWAR","NOWSHERA","JEHANGIRA","TEHSIL","UNDER 1",8134,4099,4035,NA,6700,3403,3297,NA,1434,696,738,NA,NA
"KPK","PESHAWAR","NOWSHERA","JEHANGIRA","TEHSIL","UNDER 5",59030,29439,29591,NA,48291,24107,24184,NA,10739,5332,5407,NA,NA
"KPK","PESHAWAR","NOWSHERA","JEHANGIRA","TEHSIL","UNDER 10",117752,58844,58908,NA,96178,48122,48056,NA,21574,10722,10852,NA,NA
"KPK","PESHAWAR","NOWSHERA","JEHANGIRA","TEHSIL","UNDER 15",172460,86296,86163,1,140084,70187,69896,1,32376,16109,16267,NA,NA
"KPK","PESHAWAR","NOWSHERA","JEHANGIRA","TEHSIL","05 - 24",199759,99929,99826,4,161183,80792,80387,4,38576,19137,19439,NA,NA
"KPK","PESHAWAR","NOWSHERA","JEHANGIRA","TEHSIL","15 - 49",214356,106088,108264,4,170352,84608,85741,3,44004,21480,22523,1,NA
"KPK","PESHAWAR","NOWSHERA","JEHANGIRA","TEHSIL","15 - 64",247858,123751,124103,4,196539,98191,98345,3,51319,25560,25758,1,NA
"KPK","PESHAWAR","NOWSHERA","JEHANGIRA","TEHSIL","18 - 60",212391,105755,106634,2,168021,83694,84326,1,44370,22061,22308,1,NA
"KPK","PESHAWAR","NOWSHERA","JEHANGIRA","TEHSIL","18 &  ABOVE",233695,117521,116172,2,184934,92881,92052,1,48761,24640,24120,1,NA
"KPK","PESHAWAR","NOWSHERA","JEHANGIRA","TEHSIL","60 &  ABOVE",23486,12960,10526,NA,18608,10113,8495,NA,4878,2847,2031,NA,NA
"KPK","PESHAWAR","NOWSHERA","JEHANGIRA","TEHSIL","65 &  ABOVE",14666,8224,6442,NA,11600,6378,5222,NA,3066,1846,1220,NA,NA
"KPK","PESHAWAR","NOWSHERA","NOWSHERA","TEHSIL","ALL AGES",791210,408012,383161,37,593100,301971,291121,8,198110,106041,92040,29,NA
"KPK","PESHAWAR","NOWSHERA","NOWSHERA","TEHSIL","UNDER 1",14337,7196,7141,NA,11345,5710,5635,NA,2992,1486,1506,NA,NA
"KPK","PESHAWAR","NOWSHERA","NOWSHERA","TEHSIL","UNDER 5",109100,55122,53978,NA,85525,43255,42270,NA,23575,11867,11708,NA,NA
"KPK","PESHAWAR","NOWSHERA","NOWSHERA","TEHSIL","UNDER 10",216305,109257,107048,NA,167536,84866,82670,NA,48769,24391,24378,NA,NA
"KPK","PESHAWAR","NOWSHERA","NOWSHERA","TEHSIL","UNDER 15",316978,160342,156636,NA,244320,123825,120495,NA,72658,36517,36141,NA,NA
"KPK","PESHAWAR","NOWSHERA","NOWSHERA","TEHSIL","05 - 24",361375,183796,177566,13,273810,138183,135623,4,87565,45613,41943,9,NA
"KPK","PESHAWAR","NOWSHERA","NOWSHERA","TEHSIL","15 - 49",392697,202058,190605,34,286895,143805,143084,6,105802,58253,47521,28,NA
"KPK","PESHAWAR","NOWSHERA","NOWSHERA","TEHSIL","15 - 64",450791,233837,216917,37,330701,167486,163207,8,120090,66351,53710,29,NA
"KPK","PESHAWAR","NOWSHERA","NOWSHERA","TEHSIL","18 - 60",388698,201645,187017,36,283035,142856,140171,8,105663,58789,46846,28,NA
"KPK","PESHAWAR","NOWSHERA","NOWSHERA","TEHSIL","18 &  ABOVE",423202,221641,201525,36,309531,158185,151338,8,113671,63456,50187,28,NA
"KPK","PESHAWAR","NOWSHERA","NOWSHERA","TEHSIL","60 &  ABOVE",38392,22145,16247,NA,29424,16962,12462,NA,8968,5183,3785,NA,NA
"KPK","PESHAWAR","NOWSHERA","NOWSHERA","TEHSIL","65 &  ABOVE",23441,13833,9608,NA,18079,10660,7419,NA,5362,3173,2189,NA,NA
"KPK","PESHAWAR","NOWSHERA","PABBI","TEHSIL","ALL AGES",509495,257783,251704,8,456794,231157,225631,6,52701,26626,26073,2,NA
"KPK","PESHAWAR","NOWSHERA","PABBI","TEHSIL","UNDER 1",9875,4931,4944,NA,9010,4518,4492,NA,865,413,452,NA,NA
"KPK","PESHAWAR","NOWSHERA","PABBI","TEHSIL","UNDER 5",74061,37371,36690,NA,67093,33811,33282,NA,6968,3560,3408,NA,NA
"KPK","PESHAWAR","NOWSHERA","PABBI","TEHSIL","UNDER 10",144928,73174,71754,NA,130861,66028,64833,NA,14067,7146,6921,NA,NA
"KPK","PESHAWAR","NOWSHERA","PABBI","TEHSIL","UNDER 15",209397,105581,103815,1,188283,94922,93360,1,21114,10659,10455,NA,NA
"KPK","PESHAWAR","NOWSHERA","PABBI","TEHSIL","05 - 24",232684,116619,116059,6,207939,104285,103649,5,24745,12334,12410,1,NA
"KPK","PESHAWAR","NOWSHERA","PABBI","TEHSIL","15 - 49",245732,122249,123476,7,219715,109416,110294,5,26017,12833,13182,2,NA
"KPK","PESHAWAR","NOWSHERA","PABBI","TEHSIL","15 - 64",284173,142706,141460,7,254135,127678,126452,5,30038,15028,15008,2,NA
"KPK","PESHAWAR","NOWSHERA","PABBI","TEHSIL","18 - 60",243873,121989,121879,5,218165,109184,108977,4,25708,12805,12902,1,NA
"KPK","PESHAWAR","NOWSHERA","PABBI","TEHSIL","18 &  ABOVE",267520,135763,131752,5,239518,121588,117926,4,28002,14175,13826,1,NA
"KPK","PESHAWAR","NOWSHERA","PABBI","TEHSIL","60 &  ABOVE",26092,15123,10969,NA,23551,13618,9933,NA,2541,1505,1036,NA,NA
"KPK","PESHAWAR","NOWSHERA","PABBI","TEHSIL","65 &  ABOVE",15925,9496,6429,NA,14376,8557,5819,NA,1549,939,610,NA,NA
"KPK","KOHAT","ORAKZAI","CENTRAL","TEHSIL","ALL AGES",92819,48953,43864,2,92819,48953,43864,2,NA,NA,NA,NA,NA
"KPK","KOHAT","ORAKZAI","CENTRAL","TEHSIL","UNDER 1",2414,1337,1077,NA,2414,1337,1077,NA,NA,NA,NA,NA,NA
"KPK","KOHAT","ORAKZAI","CENTRAL","TEHSIL","UNDER 5",18834,10466,8368,NA,18834,10466,8368,NA,NA,NA,NA,NA,NA
"KPK","KOHAT","ORAKZAI","CENTRAL","TEHSIL","UNDER 10",34508,18860,15648,NA,34508,18860,15648,NA,NA,NA,NA,NA,NA
"KPK","KOHAT","ORAKZAI","CENTRAL","TEHSIL","UNDER 15",47915,26286,21629,NA,47915,26286,21629,NA,NA,NA,NA,NA,NA
"KPK","KOHAT","ORAKZAI","CENTRAL","TEHSIL","05 - 24",45158,23968,21189,1,45158,23968,21189,1,NA,NA,NA,NA,NA
"KPK","KOHAT","ORAKZAI","CENTRAL","TEHSIL","15 - 49",37445,18892,18551,2,37445,18892,18551,2,NA,NA,NA,NA,NA
"KPK","KOHAT","ORAKZAI","CENTRAL","TEHSIL","15 - 64",42819,21490,21327,2,42819,21490,21327,2,NA,NA,NA,NA,NA
"KPK","KOHAT","ORAKZAI","CENTRAL","TEHSIL","18 - 60",34965,17343,17620,2,34965,17343,17620,2,NA,NA,NA,NA,NA
"KPK","KOHAT","ORAKZAI","CENTRAL","TEHSIL","18 &  ABOVE",38206,19101,19103,2,38206,19101,19103,2,NA,NA,NA,NA,NA
"KPK","KOHAT","ORAKZAI","CENTRAL","TEHSIL","60 &  ABOVE",3670,1981,1689,NA,3670,1981,1689,NA,NA,NA,NA,NA,NA
"KPK","KOHAT","ORAKZAI","CENTRAL","TEHSIL","65 &  ABOVE",2085,1177,908,NA,2085,1177,908,NA,NA,NA,NA,NA,NA
"KPK","KOHAT","ORAKZAI","ISMAIL ZAI","TEHSIL","ALL AGES",39328,20403,18925,NA,39328,20403,18925,NA,NA,NA,NA,NA,NA
"KPK","KOHAT","ORAKZAI","ISMAIL ZAI","TEHSIL","UNDER 1",867,408,459,NA,867,408,459,NA,NA,NA,NA,NA,NA
"KPK","KOHAT","ORAKZAI","ISMAIL ZAI","TEHSIL","UNDER 5",6551,3283,3268,NA,6551,3283,3268,NA,NA,NA,NA,NA,NA
"KPK","KOHAT","ORAKZAI","ISMAIL ZAI","TEHSIL","UNDER 10",12847,6651,6196,NA,12847,6651,6196,NA,NA,NA,NA,NA,NA
"KPK","KOHAT","ORAKZAI","ISMAIL ZAI","TEHSIL","UNDER 15",18307,9635,8672,NA,18307,9635,8672,NA,NA,NA,NA,NA,NA
"KPK","KOHAT","ORAKZAI","ISMAIL ZAI","TEHSIL","05 - 24",19250,10326,8924,NA,19250,10326,8924,NA,NA,NA,NA,NA,NA
"KPK","KOHAT","ORAKZAI","ISMAIL ZAI","TEHSIL","15 - 49",17604,8996,8608,NA,17604,8996,8608,NA,NA,NA,NA,NA,NA
"KPK","KOHAT","ORAKZAI","ISMAIL ZAI","TEHSIL","15 - 64",19942,10164,9778,NA,19942,10164,9778,NA,NA,NA,NA,NA,NA
"KPK","KOHAT","ORAKZAI","ISMAIL ZAI","TEHSIL","18 - 60",16711,8443,8268,NA,16711,8443,8268,NA,NA,NA,NA,NA,NA
"KPK","KOHAT","ORAKZAI","ISMAIL ZAI","TEHSIL","18 &  ABOVE",18245,9261,8984,NA,18245,9261,8984,NA,NA,NA,NA,NA,NA
"KPK","KOHAT","ORAKZAI","ISMAIL ZAI","TEHSIL","60 &  ABOVE",1733,925,808,NA,1733,925,808,NA,NA,NA,NA,NA,NA
"KPK","KOHAT","ORAKZAI","ISMAIL ZAI","TEHSIL","65 &  ABOVE",1079,604,475,NA,1079,604,475,NA,NA,NA,NA,NA,NA
"KPK","KOHAT","ORAKZAI","LOWER","TEHSIL","ALL AGES",125944,65308,60635,1,125944,65308,60635,1,NA,NA,NA,NA,NA
"KPK","KOHAT","ORAKZAI","LOWER","TEHSIL","UNDER 1",2319,1205,1114,NA,2319,1205,1114,NA,NA,NA,NA,NA,NA
"KPK","KOHAT","ORAKZAI","LOWER","TEHSIL","UNDER 5",21170,11108,10062,NA,21170,11108,10062,NA,NA,NA,NA,NA,NA
"KPK","KOHAT","ORAKZAI","LOWER","TEHSIL","UNDER 10",42600,22410,20190,NA,42600,22410,20190,NA,NA,NA,NA,NA,NA
"KPK","KOHAT","ORAKZAI","LOWER","TEHSIL","UNDER 15",60499,31974,28525,NA,60499,31974,28525,NA,NA,NA,NA,NA,NA
"KPK","KOHAT","ORAKZAI","LOWER","TEHSIL","05 - 24",62464,33010,29453,1,62464,33010,29453,1,NA,NA,NA,NA,NA
"KPK","KOHAT","ORAKZAI","LOWER","TEHSIL","15 - 49",54376,27637,26738,1,54376,27637,26738,1,NA,NA,NA,NA,NA
"KPK","KOHAT","ORAKZAI","LOWER","TEHSIL","15 - 64",62401,31614,30786,1,62401,31614,30786,1,NA,NA,NA,NA,NA
"KPK","KOHAT","ORAKZAI","LOWER","TEHSIL","18 - 60",51691,26059,25631,1,51691,26059,25631,1,NA,NA,NA,NA,NA
"KPK","KOHAT","ORAKZAI","LOWER","TEHSIL","18 &  ABOVE",56361,28596,27764,1,56361,28596,27764,1,NA,NA,NA,NA,NA
"KPK","KOHAT","ORAKZAI","LOWER","TEHSIL","60 &  ABOVE",5222,2844,2378,NA,5222,2844,2378,NA,NA,NA,NA,NA,NA
"KPK","KOHAT","ORAKZAI","LOWER","TEHSIL","65 &  ABOVE",3044,1720,1324,NA,3044,1720,1324,NA,NA,NA,NA,NA,NA
"KPK","KOHAT","ORAKZAI","UPPER","TEHSIL","ALL AGES",129470,70206,59260,4,129470,70206,59260,4,NA,NA,NA,NA,NA
"KPK","KOHAT","ORAKZAI","UPPER","TEHSIL","UNDER 1",3544,1976,1568,NA,3544,1976,1568,NA,NA,NA,NA,NA,NA
"KPK","KOHAT","ORAKZAI","UPPER","TEHSIL","UNDER 5",27961,15937,12024,NA,27961,15937,12024,NA,NA,NA,NA,NA,NA
"KPK","KOHAT","ORAKZAI","UPPER","TEHSIL","UNDER 10",48310,27170,21140,NA,48310,27170,21140,NA,NA,NA,NA,NA,NA
"KPK","KOHAT","ORAKZAI","UPPER","TEHSIL","UNDER 15",65553,36643,28909,1,65553,36643,28909,1,NA,NA,NA,NA,NA
"KPK","KOHAT","ORAKZAI","UPPER","TEHSIL","05 - 24",61302,33519,27780,3,61302,33519,27780,3,NA,NA,NA,NA,NA
"KPK","KOHAT","ORAKZAI","UPPER","TEHSIL","15 - 49",54634,28586,26045,3,54634,28586,26045,3,NA,NA,NA,NA,NA
"KPK","KOHAT","ORAKZAI","UPPER","TEHSIL","15 - 64",61231,31929,29299,3,61231,31929,29299,3,NA,NA,NA,NA,NA
"KPK","KOHAT","ORAKZAI","UPPER","TEHSIL","18 - 60",50359,25918,24440,1,50359,25918,24440,1,NA,NA,NA,NA,NA
"KPK","KOHAT","ORAKZAI","UPPER","TEHSIL","18 &  ABOVE",54398,28250,26147,1,54398,28250,26147,1,NA,NA,NA,NA,NA
"KPK","KOHAT","ORAKZAI","UPPER","TEHSIL","60 &  ABOVE",4550,2611,1939,NA,4550,2611,1939,NA,NA,NA,NA,NA,NA
"KPK","KOHAT","ORAKZAI","UPPER","TEHSIL","65 &  ABOVE",2686,1634,1052,NA,2686,1634,1052,NA,NA,NA,NA,NA,NA
"KPK","PESHAWAR","PESHAWAR","BADHBER","TEHSIL","ALL AGES",439849,222976,216871,2,439849,222976,216871,2,NA,NA,NA,NA,NA
"KPK","PESHAWAR","PESHAWAR","BADHBER","TEHSIL","UNDER 1",9117,4573,4544,NA,9117,4573,4544,NA,NA,NA,NA,NA,NA
"KPK","PESHAWAR","PESHAWAR","BADHBER","TEHSIL","UNDER 5",70961,36057,34904,NA,70961,36057,34904,NA,NA,NA,NA,NA,NA
"KPK","PESHAWAR","PESHAWAR","BADHBER","TEHSIL","UNDER 10",140044,71011,69033,NA,140044,71011,69033,NA,NA,NA,NA,NA,NA
"KPK","PESHAWAR","PESHAWAR","BADHBER","TEHSIL","UNDER 15",198950,100959,97991,NA,198950,100959,97991,NA,NA,NA,NA,NA,NA
"KPK","PESHAWAR","PESHAWAR","BADHBER","TEHSIL","05 - 24",213228,107502,105724,2,213228,107502,105724,2,NA,NA,NA,NA,NA
"KPK","PESHAWAR","PESHAWAR","BADHBER","TEHSIL","15 - 49",203082,101464,101616,2,203082,101464,101616,2,NA,NA,NA,NA,NA
"KPK","PESHAWAR","PESHAWAR","BADHBER","TEHSIL","15 - 64",229849,115419,114428,2,229849,115419,114428,2,NA,NA,NA,NA,NA
"KPK","PESHAWAR","PESHAWAR","BADHBER","TEHSIL","18 - 60",195417,97801,97616,NA,195417,97801,97616,NA,NA,NA,NA,NA,NA
"KPK","PESHAWAR","PESHAWAR","BADHBER","TEHSIL","18 &  ABOVE",211791,107295,104496,NA,211791,107295,104496,NA,NA,NA,NA,NA,NA
"KPK","PESHAWAR","PESHAWAR","BADHBER","TEHSIL","60 &  ABOVE",18267,10500,7767,NA,18267,10500,7767,NA,NA,NA,NA,NA,NA
"KPK","PESHAWAR","PESHAWAR","BADHBER","TEHSIL","65 &  ABOVE",11050,6598,4452,NA,11050,6598,4452,NA,NA,NA,NA,NA,NA
"KPK","PESHAWAR","PESHAWAR","CHAM KANI","TEHSIL","ALL AGES",624354,315688,308654,12,624354,315688,308654,12,NA,NA,NA,NA,NA
"KPK","PESHAWAR","PESHAWAR","CHAM KANI","TEHSIL","UNDER 1",11980,6058,5922,NA,11980,6058,5922,NA,NA,NA,NA,NA,NA
"KPK","PESHAWAR","PESHAWAR","CHAM KANI","TEHSIL","UNDER 5",95331,47776,47555,NA,95331,47776,47555,NA,NA,NA,NA,NA,NA
"KPK","PESHAWAR","PESHAWAR","CHAM KANI","TEHSIL","UNDER 10",187711,94211,93500,NA,187711,94211,93500,NA,NA,NA,NA,NA,NA
"KPK","PESHAWAR","PESHAWAR","CHAM KANI","TEHSIL","UNDER 15",270745,136335,134410,NA,270745,136335,134410,NA,NA,NA,NA,NA,NA
"KPK","PESHAWAR","PESHAWAR","CHAM KANI","TEHSIL","05 - 24",297752,149341,148402,9,297752,149341,148402,9,NA,NA,NA,NA,NA
"KPK","PESHAWAR","PESHAWAR","CHAM KANI","TEHSIL","15 - 49",297177,147548,149617,12,297177,147548,149617,12,NA,NA,NA,NA,NA
"KPK","PESHAWAR","PESHAWAR","CHAM KANI","TEHSIL","15 - 64",338496,169994,168490,12,338496,169994,168490,12,NA,NA,NA,NA,NA
"KPK","PESHAWAR","PESHAWAR","CHAM KANI","TEHSIL","18 - 60",289917,145254,144654,9,289917,145254,144654,9,NA,NA,NA,NA,NA
"KPK","PESHAWAR","PESHAWAR","CHAM KANI","TEHSIL","18 &  ABOVE",312810,159106,153695,9,312810,159106,153695,9,NA,NA,NA,NA,NA
"KPK","PESHAWAR","PESHAWAR","CHAM KANI","TEHSIL","60 &  ABOVE",25722,15409,10313,NA,25722,15409,10313,NA,NA,NA,NA,NA,NA
"KPK","PESHAWAR","PESHAWAR","CHAM KANI","TEHSIL","65 &  ABOVE",15113,9359,5754,NA,15113,9359,5754,NA,NA,NA,NA,NA,NA
"KPK","PESHAWAR","PESHAWAR","HASSAN KHEL","SUB-DIVISION","ALL AGES",72547,35693,36854,NA,72547,35693,36854,NA,NA,NA,NA,NA,NA
"KPK","PESHAWAR","PESHAWAR","HASSAN KHEL","SUB-DIVISION","UNDER 1",848,441,407,NA,848,441,407,NA,NA,NA,NA,NA,NA
"KPK","PESHAWAR","PESHAWAR","HASSAN KHEL","SUB-DIVISION","UNDER 5",9968,5018,4950,NA,9968,5018,4950,NA,NA,NA,NA,NA,NA
"KPK","PESHAWAR","PESHAWAR","HASSAN KHEL","SUB-DIVISION","UNDER 10",19945,9930,10015,NA,19945,9930,10015,NA,NA,NA,NA,NA,NA
"KPK","PESHAWAR","PESHAWAR","HASSAN KHEL","SUB-DIVISION","UNDER 15",28831,14324,14507,NA,28831,14324,14507,NA,NA,NA,NA,NA,NA
"KPK","PESHAWAR","PESHAWAR","HASSAN KHEL","SUB-DIVISION","05 - 24",33471,16499,16972,NA,33471,16499,16972,NA,NA,NA,NA,NA,NA
"KPK","PESHAWAR","PESHAWAR","HASSAN KHEL","SUB-DIVISION","15 - 49",35733,17477,18256,NA,35733,17477,18256,NA,NA,NA,NA,NA,NA
"KPK","PESHAWAR","PESHAWAR","HASSAN KHEL","SUB-DIVISION","15 - 64",41060,19984,21076,NA,41060,19984,21076,NA,NA,NA,NA,NA,NA
"KPK","PESHAWAR","PESHAWAR","HASSAN KHEL","SUB-DIVISION","18 - 60",34899,17043,17856,NA,34899,17043,17856,NA,NA,NA,NA,NA,NA
"KPK","PESHAWAR","PESHAWAR","HASSAN KHEL","SUB-DIVISION","18 &  ABOVE",38784,18989,19795,NA,38784,18989,19795,NA,NA,NA,NA,NA,NA
"KPK","PESHAWAR","PESHAWAR","HASSAN KHEL","SUB-DIVISION","60 &  ABOVE",4220,2108,2112,NA,4220,2108,2112,NA,NA,NA,NA,NA,NA
"KPK","PESHAWAR","PESHAWAR","HASSAN KHEL","SUB-DIVISION","65 &  ABOVE",2656,1385,1271,NA,2656,1385,1271,NA,NA,NA,NA,NA,NA
"KPK","PESHAWAR","PESHAWAR","MATHRA","TEHSIL","ALL AGES",495059,249829,245223,7,495059,249829,245223,7,NA,NA,NA,NA,NA
"KPK","PESHAWAR","PESHAWAR","MATHRA","TEHSIL","UNDER 1",9694,4735,4959,NA,9694,4735,4959,NA,NA,NA,NA,NA,NA
"KPK","PESHAWAR","PESHAWAR","MATHRA","TEHSIL","UNDER 5",76093,38101,37992,NA,76093,38101,37992,NA,NA,NA,NA,NA,NA
"KPK","PESHAWAR","PESHAWAR","MATHRA","TEHSIL","UNDER 10",152413,76293,76120,NA,152413,76293,76120,NA,NA,NA,NA,NA,NA
"KPK","PESHAWAR","PESHAWAR","MATHRA","TEHSIL","UNDER 15",218698,109452,109244,2,218698,109452,109244,2,NA,NA,NA,NA,NA
"KPK","PESHAWAR","PESHAWAR","MATHRA","TEHSIL","05 - 24",238687,119125,119555,7,238687,119125,119555,7,NA,NA,NA,NA,NA
"KPK","PESHAWAR","PESHAWAR","MATHRA","TEHSIL","15 - 49",231608,115372,116231,5,231608,115372,116231,5,NA,NA,NA,NA,NA
"KPK","PESHAWAR","PESHAWAR","MATHRA","TEHSIL","15 - 64",263813,132727,131081,5,263813,132727,131081,5,NA,NA,NA,NA,NA
"KPK","PESHAWAR","PESHAWAR","MATHRA","TEHSIL","18 - 60",224747,112817,111928,2,224747,112817,111928,2,NA,NA,NA,NA,NA
"KPK","PESHAWAR","PESHAWAR","MATHRA","TEHSIL","18 &  ABOVE",243589,124054,119533,2,243589,124054,119533,2,NA,NA,NA,NA,NA
"KPK","PESHAWAR","PESHAWAR","MATHRA","TEHSIL","60 &  ABOVE",21123,12419,8704,NA,21123,12419,8704,NA,NA,NA,NA,NA,NA
"KPK","PESHAWAR","PESHAWAR","MATHRA","TEHSIL","65 &  ABOVE",12548,7650,4898,NA,12548,7650,4898,NA,NA,NA,NA,NA,NA
"KPK","PESHAWAR","PESHAWAR","PESHAWAR","TEHSIL","ALL AGES",2107136,1083320,1023657,159,207576,106411,101163,2,1899560,976909,922494,157,NA
"KPK","PESHAWAR","PESHAWAR","PESHAWAR","TEHSIL","UNDER 1",28811,14505,14306,NA,3122,1556,1566,NA,25689,12949,12740,NA,NA
"KPK","PESHAWAR","PESHAWAR","PESHAWAR","TEHSIL","UNDER 5",275042,139177,135865,NA,28921,14597,14324,NA,246121,124580,121541,NA,NA
"KPK","PESHAWAR","PESHAWAR","PESHAWAR","TEHSIL","UNDER 10",543667,275207,268460,NA,57344,29000,28344,NA,486323,246207,240116,NA,NA
"KPK","PESHAWAR","PESHAWAR","PESHAWAR","TEHSIL","UNDER 15",806561,408227,398332,2,84479,42743,41736,NA,722082,365484,356596,2,NA
"KPK","PESHAWAR","PESHAWAR","PESHAWAR","TEHSIL","05 - 24",977984,498087,479823,74,98875,50017,48856,2,879109,448070,430967,72,NA
"KPK","PESHAWAR","PESHAWAR","PESHAWAR","TEHSIL","15 - 49",1084950,551665,533129,156,103731,52376,51353,2,981219,499289,481776,154,NA
"KPK","PESHAWAR","PESHAWAR","PESHAWAR","TEHSIL","15 - 64",1242385,639082,603147,156,118037,60387,57648,2,1124348,578695,545499,154,NA
"KPK","PESHAWAR","PESHAWAR","PESHAWAR","TEHSIL","18 - 60",1071776,549975,521658,143,101195,51627,49566,2,970581,498348,472092,141,NA
"KPK","PESHAWAR","PESHAWAR","PESHAWAR","TEHSIL","18 &  ABOVE",1158867,602831,555892,144,108922,56535,52385,2,1049945,546296,503507,142,NA
"KPK","PESHAWAR","PESHAWAR","PESHAWAR","TEHSIL","60 &  ABOVE",98802,59470,39331,1,8807,5512,3295,NA,89995,53958,36036,1,NA
"KPK","PESHAWAR","PESHAWAR","PESHAWAR","TEHSIL","65 &  ABOVE",58190,36011,22178,1,5060,3281,1779,NA,53130,32730,20399,1,NA
"KPK","PESHAWAR","PESHAWAR","PISHTA KHARA","TEHSIL","ALL AGES",478595,243109,235480,6,478595,243109,235480,6,NA,NA,NA,NA,NA
"KPK","PESHAWAR","PESHAWAR","PISHTA KHARA","TEHSIL","UNDER 1",8877,4424,4453,NA,8877,4424,4453,NA,NA,NA,NA,NA,NA
"KPK","PESHAWAR","PESHAWAR","PISHTA KHARA","TEHSIL","UNDER 5",74448,37297,37151,NA,74448,37297,37151,NA,NA,NA,NA,NA,NA
"KPK","PESHAWAR","PESHAWAR","PISHTA KHARA","TEHSIL","UNDER 10",147239,73993,73246,NA,147239,73993,73246,NA,NA,NA,NA,NA,NA
"KPK","PESHAWAR","PESHAWAR","PISHTA KHARA","TEHSIL","UNDER 15",212102,107081,105020,1,212102,107081,105020,1,NA,NA,NA,NA,NA
"KPK","PESHAWAR","PESHAWAR","PISHTA KHARA","TEHSIL","05 - 24",234375,118445,115926,4,234375,118445,115926,4,NA,NA,NA,NA,NA
"KPK","PESHAWAR","PESHAWAR","PISHTA KHARA","TEHSIL","15 - 49",226823,113771,113047,5,226823,113771,113047,5,NA,NA,NA,NA,NA
"KPK","PESHAWAR","PESHAWAR","PISHTA KHARA","TEHSIL","15 - 64",256035,129515,126515,5,256035,129515,126515,5,NA,NA,NA,NA,NA
"KPK","PESHAWAR","PESHAWAR","PISHTA KHARA","TEHSIL","18 - 60",217587,109649,107934,4,217587,109649,107934,4,NA,NA,NA,NA,NA
"KPK","PESHAWAR","PESHAWAR","PISHTA KHARA","TEHSIL","18 &  ABOVE",233547,119354,114189,4,233547,119354,114189,4,NA,NA,NA,NA,NA
"KPK","PESHAWAR","PESHAWAR","PISHTA KHARA","TEHSIL","60 &  ABOVE",18067,10857,7210,NA,18067,10857,7210,NA,NA,NA,NA,NA,NA
"KPK","PESHAWAR","PESHAWAR","PISHTA KHARA","TEHSIL","65 &  ABOVE",10458,6513,3945,NA,10458,6513,3945,NA,NA,NA,NA,NA,NA
"KPK","PESHAWAR","PESHAWAR","SHAH ALAM","TEHSIL","ALL AGES",532848,271188,261659,1,532848,271188,261659,1,NA,NA,NA,NA,NA
"KPK","PESHAWAR","PESHAWAR","SHAH ALAM","TEHSIL","UNDER 1",9705,4855,4850,NA,9705,4855,4850,NA,NA,NA,NA,NA,NA
"KPK","PESHAWAR","PESHAWAR","SHAH ALAM","TEHSIL","UNDER 5",84800,42607,42193,NA,84800,42607,42193,NA,NA,NA,NA,NA,NA
"KPK","PESHAWAR","PESHAWAR","SHAH ALAM","TEHSIL","UNDER 10",164606,82837,81769,NA,164606,82837,81769,NA,NA,NA,NA,NA,NA
"KPK","PESHAWAR","PESHAWAR","SHAH ALAM","TEHSIL","UNDER 15",236606,119076,117530,NA,236606,119076,117530,NA,NA,NA,NA,NA,NA
"KPK","PESHAWAR","PESHAWAR","SHAH ALAM","TEHSIL","05 - 24",255657,128790,126866,1,255657,128790,126866,1,NA,NA,NA,NA,NA
"KPK","PESHAWAR","PESHAWAR","SHAH ALAM","TEHSIL","15 - 49",249714,125767,123946,1,249714,125767,123946,1,NA,NA,NA,NA,NA
"KPK","PESHAWAR","PESHAWAR","SHAH ALAM","TEHSIL","15 - 64",283707,144509,139197,1,283707,144509,139197,1,NA,NA,NA,NA,NA
"KPK","PESHAWAR","PESHAWAR","SHAH ALAM","TEHSIL","18 - 60",242349,123200,119149,NA,242349,123200,119149,NA,NA,NA,NA,NA,NA
"KPK","PESHAWAR","PESHAWAR","SHAH ALAM","TEHSIL","18 &  ABOVE",261146,134365,126781,NA,261146,134365,126781,NA,NA,NA,NA,NA,NA
"KPK","PESHAWAR","PESHAWAR","SHAH ALAM","TEHSIL","60 &  ABOVE",21150,12470,8680,NA,21150,12470,8680,NA,NA,NA,NA,NA,NA
"KPK","PESHAWAR","PESHAWAR","SHAH ALAM","TEHSIL","65 &  ABOVE",12535,7603,4932,NA,12535,7603,4932,NA,NA,NA,NA,NA,NA
"KPK","MALAKAND","SHANGLA","ALPURI","TEHSIL","ALL AGES",366643,189203,177437,3,366643,189203,177437,3,NA,NA,NA,NA,NA
"KPK","MALAKAND","SHANGLA","ALPURI","TEHSIL","UNDER 1",8443,4413,4030,NA,8443,4413,4030,NA,NA,NA,NA,NA,NA
"KPK","MALAKAND","SHANGLA","ALPURI","TEHSIL","UNDER 5",65760,34188,31572,NA,65760,34188,31572,NA,NA,NA,NA,NA,NA
"KPK","MALAKAND","SHANGLA","ALPURI","TEHSIL","UNDER 10",130241,67733,62508,NA,130241,67733,62508,NA,NA,NA,NA,NA,NA
"KPK","MALAKAND","SHANGLA","ALPURI","TEHSIL","UNDER 15",179144,94146,84997,1,179144,94146,84997,1,NA,NA,NA,NA,NA
"KPK","MALAKAND","SHANGLA","ALPURI","TEHSIL","05 - 24",178279,92995,85282,2,178279,92995,85282,2,NA,NA,NA,NA,NA
"KPK","MALAKAND","SHANGLA","ALPURI","TEHSIL","15 - 49",155371,78027,77342,2,155371,78027,77342,2,NA,NA,NA,NA,NA
"KPK","MALAKAND","SHANGLA","ALPURI","TEHSIL","15 - 64",176800,89263,87535,2,176800,89263,87535,2,NA,NA,NA,NA,NA
"KPK","MALAKAND","SHANGLA","ALPURI","TEHSIL","18 - 60",149666,74766,74898,2,149666,74766,74898,2,NA,NA,NA,NA,NA
"KPK","MALAKAND","SHANGLA","ALPURI","TEHSIL","18 &  ABOVE",164428,82709,81717,2,164428,82709,81717,2,NA,NA,NA,NA,NA
"KPK","MALAKAND","SHANGLA","ALPURI","TEHSIL","60 &  ABOVE",15968,8617,7351,NA,15968,8617,7351,NA,NA,NA,NA,NA,NA
"KPK","MALAKAND","SHANGLA","ALPURI","TEHSIL","65 &  ABOVE",10699,5794,4905,NA,10699,5794,4905,NA,NA,NA,NA,NA,NA
"KPK","MALAKAND","SHANGLA","BISHAM","TEHSIL","ALL AGES",121252,62054,59197,1,121252,62054,59197,1,NA,NA,NA,NA,NA
"KPK","MALAKAND","SHANGLA","BISHAM","TEHSIL","UNDER 1",2329,1160,1169,NA,2329,1160,1169,NA,NA,NA,NA,NA,NA
"KPK","MALAKAND","SHANGLA","BISHAM","TEHSIL","UNDER 5",20066,10323,9743,NA,20066,10323,9743,NA,NA,NA,NA,NA,NA
"KPK","MALAKAND","SHANGLA","BISHAM","TEHSIL","UNDER 10",40949,21232,19717,NA,40949,21232,19717,NA,NA,NA,NA,NA,NA
"KPK","MALAKAND","SHANGLA","BISHAM","TEHSIL","UNDER 15",57750,30104,27646,NA,57750,30104,27646,NA,NA,NA,NA,NA,NA
"KPK","MALAKAND","SHANGLA","BISHAM","TEHSIL","05 - 24",61041,31927,29114,NA,61041,31927,29114,NA,NA,NA,NA,NA,NA
"KPK","MALAKAND","SHANGLA","BISHAM","TEHSIL","15 - 49",53063,26400,26662,1,53063,26400,26662,1,NA,NA,NA,NA,NA
"KPK","MALAKAND","SHANGLA","BISHAM","TEHSIL","15 - 64",59981,30030,29950,1,59981,30030,29950,1,NA,NA,NA,NA,NA
"KPK","MALAKAND","SHANGLA","BISHAM","TEHSIL","18 - 60",50746,25028,25717,1,50746,25028,25717,1,NA,NA,NA,NA,NA
"KPK","MALAKAND","SHANGLA","BISHAM","TEHSIL","18 &  ABOVE",55670,27707,27962,1,55670,27707,27962,1,NA,NA,NA,NA,NA
"KPK","MALAKAND","SHANGLA","BISHAM","TEHSIL","60 &  ABOVE",5331,2903,2428,NA,5331,2903,2428,NA,NA,NA,NA,NA,NA
"KPK","MALAKAND","SHANGLA","BISHAM","TEHSIL","65 &  ABOVE",3521,1920,1601,NA,3521,1920,1601,NA,NA,NA,NA,NA,NA
"KPK","MALAKAND","SHANGLA","CHAKISAR","TEHSIL","ALL AGES",127993,65196,62796,1,127993,65196,62796,1,NA,NA,NA,NA,NA
"KPK","MALAKAND","SHANGLA","CHAKISAR","TEHSIL","UNDER 1",2516,1268,1248,NA,2516,1268,1248,NA,NA,NA,NA,NA,NA
"KPK","MALAKAND","SHANGLA","CHAKISAR","TEHSIL","UNDER 5",21208,10980,10228,NA,21208,10980,10228,NA,NA,NA,NA,NA,NA
"KPK","MALAKAND","SHANGLA","CHAKISAR","TEHSIL","UNDER 10",44078,23069,21009,NA,44078,23069,21009,NA,NA,NA,NA,NA,NA
"KPK","MALAKAND","SHANGLA","CHAKISAR","TEHSIL","UNDER 15",61829,32497,29332,NA,61829,32497,29332,NA,NA,NA,NA,NA,NA
"KPK","MALAKAND","SHANGLA","CHAKISAR","TEHSIL","05 - 24",62980,32687,30292,1,62980,32687,30292,1,NA,NA,NA,NA,NA
"KPK","MALAKAND","SHANGLA","CHAKISAR","TEHSIL","15 - 49",53912,26181,27730,1,53912,26181,27730,1,NA,NA,NA,NA,NA
"KPK","MALAKAND","SHANGLA","CHAKISAR","TEHSIL","15 - 64",61881,30338,31542,1,61881,30338,31542,1,NA,NA,NA,NA,NA
"KPK","MALAKAND","SHANGLA","CHAKISAR","TEHSIL","18 - 60",52138,25229,26908,1,52138,25229,26908,1,NA,NA,NA,NA,NA
"KPK","MALAKAND","SHANGLA","CHAKISAR","TEHSIL","18 &  ABOVE",58007,28400,29606,1,58007,28400,29606,1,NA,NA,NA,NA,NA
"KPK","MALAKAND","SHANGLA","CHAKISAR","TEHSIL","60 &  ABOVE",6369,3451,2918,NA,6369,3451,2918,NA,NA,NA,NA,NA,NA
"KPK","MALAKAND","SHANGLA","CHAKISAR","TEHSIL","65 &  ABOVE",4283,2361,1922,NA,4283,2361,1922,NA,NA,NA,NA,NA,NA
"KPK","MALAKAND","SHANGLA","MARTUNG","TEHSIL","ALL AGES",103205,53427,49777,1,103205,53427,49777,1,NA,NA,NA,NA,NA
"KPK","MALAKAND","SHANGLA","MARTUNG","TEHSIL","UNDER 1",2031,1038,993,NA,2031,1038,993,NA,NA,NA,NA,NA,NA
"KPK","MALAKAND","SHANGLA","MARTUNG","TEHSIL","UNDER 5",17075,8939,8136,NA,17075,8939,8136,NA,NA,NA,NA,NA,NA
"KPK","MALAKAND","SHANGLA","MARTUNG","TEHSIL","UNDER 10",34793,18316,16477,NA,34793,18316,16477,NA,NA,NA,NA,NA,NA
"KPK","MALAKAND","SHANGLA","MARTUNG","TEHSIL","UNDER 15",48621,25765,22855,1,48621,25765,22855,1,NA,NA,NA,NA,NA
"KPK","MALAKAND","SHANGLA","MARTUNG","TEHSIL","05 - 24",50421,26495,23925,1,50421,26495,23925,1,NA,NA,NA,NA,NA
"KPK","MALAKAND","SHANGLA","MARTUNG","TEHSIL","15 - 49",44749,22487,22262,NA,44749,22487,22262,NA,NA,NA,NA,NA,NA
"KPK","MALAKAND","SHANGLA","MARTUNG","TEHSIL","15 - 64",51171,25822,25349,NA,51171,25822,25349,NA,NA,NA,NA,NA,NA
"KPK","MALAKAND","SHANGLA","MARTUNG","TEHSIL","18 - 60",43283,21567,21716,NA,43283,21567,21716,NA,NA,NA,NA,NA,NA
"KPK","MALAKAND","SHANGLA","MARTUNG","TEHSIL","18 &  ABOVE",47969,24018,23951,NA,47969,24018,23951,NA,NA,NA,NA,NA,NA
"KPK","MALAKAND","SHANGLA","MARTUNG","TEHSIL","60 &  ABOVE",5105,2674,2431,NA,5105,2674,2431,NA,NA,NA,NA,NA,NA
"KPK","MALAKAND","SHANGLA","MARTUNG","TEHSIL","65 &  ABOVE",3413,1840,1573,NA,3413,1840,1573,NA,NA,NA,NA,NA,NA
"KPK","MALAKAND","SHANGLA","PURAN","TEHSIL","ALL AGES",171753,89890,81863,NA,171753,89890,81863,NA,NA,NA,NA,NA,NA
"KPK","MALAKAND","SHANGLA","PURAN","TEHSIL","UNDER 1",2552,1327,1225,NA,2552,1327,1225,NA,NA,NA,NA,NA,NA
"KPK","MALAKAND","SHANGLA","PURAN","TEHSIL","UNDER 5",29017,14927,14090,NA,29017,14927,14090,NA,NA,NA,NA,NA,NA
"KPK","MALAKAND","SHANGLA","PURAN","TEHSIL","UNDER 10",57383,29901,27482,NA,57383,29901,27482,NA,NA,NA,NA,NA,NA
"KPK","MALAKAND","SHANGLA","PURAN","TEHSIL","UNDER 15",80398,42329,38069,NA,80398,42329,38069,NA,NA,NA,NA,NA,NA
"KPK","MALAKAND","SHANGLA","PURAN","TEHSIL","05 - 24",82966,44051,38915,NA,82966,44051,38915,NA,NA,NA,NA,NA,NA
"KPK","MALAKAND","SHANGLA","PURAN","TEHSIL","15 - 49",75808,39066,36742,NA,75808,39066,36742,NA,NA,NA,NA,NA,NA
"KPK","MALAKAND","SHANGLA","PURAN","TEHSIL","15 - 64",86292,44740,41552,NA,86292,44740,41552,NA,NA,NA,NA,NA,NA
"KPK","MALAKAND","SHANGLA","PURAN","TEHSIL","18 - 60",72595,37288,35307,NA,72595,37288,35307,NA,NA,NA,NA,NA,NA
"KPK","MALAKAND","SHANGLA","PURAN","TEHSIL","18 &  ABOVE",79579,41119,38460,NA,79579,41119,38460,NA,NA,NA,NA,NA,NA
"KPK","MALAKAND","SHANGLA","PURAN","TEHSIL","60 &  ABOVE",7645,4199,3446,NA,7645,4199,3446,NA,NA,NA,NA,NA,NA
"KPK","MALAKAND","SHANGLA","PURAN","TEHSIL","65 &  ABOVE",5063,2821,2242,NA,5063,2821,2242,NA,NA,NA,NA,NA,NA
"KPK","DERA ISMAIL KHAN","SOUTH WAZIRISTAN","BIRMIL","TEHSIL","ALL AGES",112757,56388,56368,1,112757,56388,56368,1,NA,NA,NA,NA,NA
"KPK","DERA ISMAIL KHAN","SOUTH WAZIRISTAN","BIRMIL","TEHSIL","UNDER 1",1456,710,746,NA,1456,710,746,NA,NA,NA,NA,NA,NA
"KPK","DERA ISMAIL KHAN","SOUTH WAZIRISTAN","BIRMIL","TEHSIL","UNDER 5",21853,10399,11454,NA,21853,10399,11454,NA,NA,NA,NA,NA,NA
"KPK","DERA ISMAIL KHAN","SOUTH WAZIRISTAN","BIRMIL","TEHSIL","UNDER 10",43837,21458,22379,NA,43837,21458,22379,NA,NA,NA,NA,NA,NA
"KPK","DERA ISMAIL KHAN","SOUTH WAZIRISTAN","BIRMIL","TEHSIL","UNDER 15",59459,29494,29965,NA,59459,29494,29965,NA,NA,NA,NA,NA,NA
"KPK","DERA ISMAIL KHAN","SOUTH WAZIRISTAN","BIRMIL","TEHSIL","05 - 24",57164,28911,28253,NA,57164,28911,28253,NA,NA,NA,NA,NA,NA
"KPK","DERA ISMAIL KHAN","SOUTH WAZIRISTAN","BIRMIL","TEHSIL","15 - 49",45626,22659,22967,NA,45626,22659,22967,NA,NA,NA,NA,NA,NA
"KPK","DERA ISMAIL KHAN","SOUTH WAZIRISTAN","BIRMIL","TEHSIL","15 - 64",51305,25679,25625,1,51305,25679,25625,1,NA,NA,NA,NA,NA
"KPK","DERA ISMAIL KHAN","SOUTH WAZIRISTAN","BIRMIL","TEHSIL","18 - 60",44301,22223,22077,1,44301,22223,22077,1,NA,NA,NA,NA,NA
"KPK","DERA ISMAIL KHAN","SOUTH WAZIRISTAN","BIRMIL","TEHSIL","18 &  ABOVE",47301,23988,23312,1,47301,23988,23312,1,NA,NA,NA,NA,NA
"KPK","DERA ISMAIL KHAN","SOUTH WAZIRISTAN","BIRMIL","TEHSIL","60 &  ABOVE",3470,2034,1436,NA,3470,2034,1436,NA,NA,NA,NA,NA,NA
"KPK","DERA ISMAIL KHAN","SOUTH WAZIRISTAN","BIRMIL","TEHSIL","65 &  ABOVE",1993,1215,778,NA,1993,1215,778,NA,NA,NA,NA,NA,NA
"KPK","DERA ISMAIL KHAN","SOUTH WAZIRISTAN","LADHA","TEHSIL","ALL AGES",108344,56820,51521,3,108344,56820,51521,3,NA,NA,NA,NA,NA
"KPK","DERA ISMAIL KHAN","SOUTH WAZIRISTAN","LADHA","TEHSIL","UNDER 1",1660,810,850,NA,1660,810,850,NA,NA,NA,NA,NA,NA
"KPK","DERA ISMAIL KHAN","SOUTH WAZIRISTAN","LADHA","TEHSIL","UNDER 5",15792,8158,7634,NA,15792,8158,7634,NA,NA,NA,NA,NA,NA
"KPK","DERA ISMAIL KHAN","SOUTH WAZIRISTAN","LADHA","TEHSIL","UNDER 10",31111,16095,15016,NA,31111,16095,15016,NA,NA,NA,NA,NA,NA
"KPK","DERA ISMAIL KHAN","SOUTH WAZIRISTAN","LADHA","TEHSIL","UNDER 15",45839,23856,21983,NA,45839,23856,21983,NA,NA,NA,NA,NA,NA
"KPK","DERA ISMAIL KHAN","SOUTH WAZIRISTAN","LADHA","TEHSIL","05 - 24",50024,26023,23999,2,50024,26023,23999,2,NA,NA,NA,NA,NA
"KPK","DERA ISMAIL KHAN","SOUTH WAZIRISTAN","LADHA","TEHSIL","15 - 49",51915,26702,25210,3,51915,26702,25210,3,NA,NA,NA,NA,NA
"KPK","DERA ISMAIL KHAN","SOUTH WAZIRISTAN","LADHA","TEHSIL","15 - 64",59596,31086,28507,3,59596,31086,28507,3,NA,NA,NA,NA,NA
"KPK","DERA ISMAIL KHAN","SOUTH WAZIRISTAN","LADHA","TEHSIL","18 - 60",49907,25710,24195,2,49907,25710,24195,2,NA,NA,NA,NA,NA
"KPK","DERA ISMAIL KHAN","SOUTH WAZIRISTAN","LADHA","TEHSIL","18 &  ABOVE",54181,28380,25799,2,54181,28380,25799,2,NA,NA,NA,NA,NA
"KPK","DERA ISMAIL KHAN","SOUTH WAZIRISTAN","LADHA","TEHSIL","60 &  ABOVE",4858,3028,1830,NA,4858,3028,1830,NA,NA,NA,NA,NA,NA
"KPK","DERA ISMAIL KHAN","SOUTH WAZIRISTAN","LADHA","TEHSIL","65 &  ABOVE",2909,1878,1031,NA,2909,1878,1031,NA,NA,NA,NA,NA,NA
"KPK","DERA ISMAIL KHAN","SOUTH WAZIRISTAN","MAKIN","TEHSIL","ALL AGES",66042,35905,30135,2,66042,35905,30135,2,NA,NA,NA,NA,NA
"KPK","DERA ISMAIL KHAN","SOUTH WAZIRISTAN","MAKIN","TEHSIL","UNDER 1",679,327,352,NA,679,327,352,NA,NA,NA,NA,NA,NA
"KPK","DERA ISMAIL KHAN","SOUTH WAZIRISTAN","MAKIN","TEHSIL","UNDER 5",12295,6925,5370,NA,12295,6925,5370,NA,NA,NA,NA,NA,NA
"KPK","DERA ISMAIL KHAN","SOUTH WAZIRISTAN","MAKIN","TEHSIL","UNDER 10",22037,12131,9906,NA,22037,12131,9906,NA,NA,NA,NA,NA,NA
"KPK","DERA ISMAIL KHAN","SOUTH WAZIRISTAN","MAKIN","TEHSIL","UNDER 15",30482,16662,13820,NA,30482,16662,13820,NA,NA,NA,NA,NA,NA
"KPK","DERA ISMAIL KHAN","SOUTH WAZIRISTAN","MAKIN","TEHSIL","05 - 24",30068,16209,13858,1,30068,16209,13858,1,NA,NA,NA,NA,NA
"KPK","DERA ISMAIL KHAN","SOUTH WAZIRISTAN","MAKIN","TEHSIL","15 - 49",30545,16245,14298,2,30545,16245,14298,2,NA,NA,NA,NA,NA
"KPK","DERA ISMAIL KHAN","SOUTH WAZIRISTAN","MAKIN","TEHSIL","15 - 64",34162,18325,15835,2,34162,18325,15835,2,NA,NA,NA,NA,NA
"KPK","DERA ISMAIL KHAN","SOUTH WAZIRISTAN","MAKIN","TEHSIL","18 - 60",28599,15170,13428,1,28599,15170,13428,1,NA,NA,NA,NA,NA
"KPK","DERA ISMAIL KHAN","SOUTH WAZIRISTAN","MAKIN","TEHSIL","18 &  ABOVE",30596,16445,14150,1,30596,16445,14150,1,NA,NA,NA,NA,NA
"KPK","DERA ISMAIL KHAN","SOUTH WAZIRISTAN","MAKIN","TEHSIL","60 &  ABOVE",2277,1448,829,NA,2277,1448,829,NA,NA,NA,NA,NA,NA
"KPK","DERA ISMAIL KHAN","SOUTH WAZIRISTAN","MAKIN","TEHSIL","65 &  ABOVE",1398,918,480,NA,1398,918,480,NA,NA,NA,NA,NA,NA
"KPK","DERA ISMAIL KHAN","SOUTH WAZIRISTAN","SARAROGHA","TEHSIL","ALL AGES",145118,75860,69256,2,145118,75860,69256,2,NA,NA,NA,NA,NA
"KPK","DERA ISMAIL KHAN","SOUTH WAZIRISTAN","SARAROGHA","TEHSIL","UNDER 1",1363,698,665,NA,1363,698,665,NA,NA,NA,NA,NA,NA
"KPK","DERA ISMAIL KHAN","SOUTH WAZIRISTAN","SARAROGHA","TEHSIL","UNDER 5",22300,11261,11039,NA,22300,11261,11039,NA,NA,NA,NA,NA,NA
"KPK","DERA ISMAIL KHAN","SOUTH WAZIRISTAN","SARAROGHA","TEHSIL","UNDER 10",44867,22718,22149,NA,44867,22718,22149,NA,NA,NA,NA,NA,NA
"KPK","DERA ISMAIL KHAN","SOUTH WAZIRISTAN","SARAROGHA","TEHSIL","UNDER 15",64689,33084,31604,1,64689,33084,31604,1,NA,NA,NA,NA,NA
"KPK","DERA ISMAIL KHAN","SOUTH WAZIRISTAN","SARAROGHA","TEHSIL","05 - 24",68642,35565,33075,2,68642,35565,33075,2,NA,NA,NA,NA,NA
"KPK","DERA ISMAIL KHAN","SOUTH WAZIRISTAN","SARAROGHA","TEHSIL","15 - 49",66479,34999,31479,1,66479,34999,31479,1,NA,NA,NA,NA,NA
"KPK","DERA ISMAIL KHAN","SOUTH WAZIRISTAN","SARAROGHA","TEHSIL","15 - 64",76300,40197,36102,1,76300,40197,36102,1,NA,NA,NA,NA,NA
"KPK","DERA ISMAIL KHAN","SOUTH WAZIRISTAN","SARAROGHA","TEHSIL","18 - 60",64054,33377,30676,1,64054,33377,30676,1,NA,NA,NA,NA,NA
"KPK","DERA ISMAIL KHAN","SOUTH WAZIRISTAN","SARAROGHA","TEHSIL","18 &  ABOVE",70120,36991,33128,1,70120,36991,33128,1,NA,NA,NA,NA,NA
"KPK","DERA ISMAIL KHAN","SOUTH WAZIRISTAN","SARAROGHA","TEHSIL","60 &  ABOVE",6785,4022,2763,NA,6785,4022,2763,NA,NA,NA,NA,NA,NA
"KPK","DERA ISMAIL KHAN","SOUTH WAZIRISTAN","SARAROGHA","TEHSIL","65 &  ABOVE",4129,2579,1550,NA,4129,2579,1550,NA,NA,NA,NA,NA,NA
"KPK","DERA ISMAIL KHAN","SOUTH WAZIRISTAN","SERWEKAI","TEHSIL","ALL AGES",58804,30136,28667,1,58804,30136,28667,1,NA,NA,NA,NA,NA
"KPK","DERA ISMAIL KHAN","SOUTH WAZIRISTAN","SERWEKAI","TEHSIL","UNDER 1",886,436,450,NA,886,436,450,NA,NA,NA,NA,NA,NA
"KPK","DERA ISMAIL KHAN","SOUTH WAZIRISTAN","SERWEKAI","TEHSIL","UNDER 5",10421,5318,5103,NA,10421,5318,5103,NA,NA,NA,NA,NA,NA
"KPK","DERA ISMAIL KHAN","SOUTH WAZIRISTAN","SERWEKAI","TEHSIL","UNDER 10",20116,10232,9884,NA,20116,10232,9884,NA,NA,NA,NA,NA,NA
"KPK","DERA ISMAIL KHAN","SOUTH WAZIRISTAN","SERWEKAI","TEHSIL","UNDER 15",28604,14570,14034,NA,28604,14570,14034,NA,NA,NA,NA,NA,NA
"KPK","DERA ISMAIL KHAN","SOUTH WAZIRISTAN","SERWEKAI","TEHSIL","05 - 24",28345,14303,14041,1,28345,14303,14041,1,NA,NA,NA,NA,NA
"KPK","DERA ISMAIL KHAN","SOUTH WAZIRISTAN","SERWEKAI","TEHSIL","15 - 49",25022,12760,12261,1,25022,12760,12261,1,NA,NA,NA,NA,NA
"KPK","DERA ISMAIL KHAN","SOUTH WAZIRISTAN","SERWEKAI","TEHSIL","15 - 64",28722,14679,14042,1,28722,14679,14042,1,NA,NA,NA,NA,NA
"KPK","DERA ISMAIL KHAN","SOUTH WAZIRISTAN","SERWEKAI","TEHSIL","18 - 60",24226,12396,11830,NA,24226,12396,11830,NA,NA,NA,NA,NA,NA
"KPK","DERA ISMAIL KHAN","SOUTH WAZIRISTAN","SERWEKAI","TEHSIL","18 &  ABOVE",26458,13696,12762,NA,26458,13696,12762,NA,NA,NA,NA,NA,NA
"KPK","DERA ISMAIL KHAN","SOUTH WAZIRISTAN","SERWEKAI","TEHSIL","60 &  ABOVE",2533,1460,1073,NA,2533,1460,1073,NA,NA,NA,NA,NA,NA
"KPK","DERA ISMAIL KHAN","SOUTH WAZIRISTAN","SERWEKAI","TEHSIL","65 &  ABOVE",1478,887,591,NA,1478,887,591,NA,NA,NA,NA,NA,NA
"KPK","DERA ISMAIL KHAN","SOUTH WAZIRISTAN","SHAKTOI","TEHSIL","ALL AGES",44332,23152,21180,NA,44332,23152,21180,NA,NA,NA,NA,NA,NA
"KPK","DERA ISMAIL KHAN","SOUTH WAZIRISTAN","SHAKTOI","TEHSIL","UNDER 1",474,245,229,NA,474,245,229,NA,NA,NA,NA,NA,NA
"KPK","DERA ISMAIL KHAN","SOUTH WAZIRISTAN","SHAKTOI","TEHSIL","UNDER 5",8138,4268,3870,NA,8138,4268,3870,NA,NA,NA,NA,NA,NA
"KPK","DERA ISMAIL KHAN","SOUTH WAZIRISTAN","SHAKTOI","TEHSIL","UNDER 10",15565,8199,7366,NA,15565,8199,7366,NA,NA,NA,NA,NA,NA
"KPK","DERA ISMAIL KHAN","SOUTH WAZIRISTAN","SHAKTOI","TEHSIL","UNDER 15",21857,11550,10307,NA,21857,11550,10307,NA,NA,NA,NA,NA,NA
"KPK","DERA ISMAIL KHAN","SOUTH WAZIRISTAN","SHAKTOI","TEHSIL","05 - 24",21410,11124,10286,NA,21410,11124,10286,NA,NA,NA,NA,NA,NA
"KPK","DERA ISMAIL KHAN","SOUTH WAZIRISTAN","SHAKTOI","TEHSIL","15 - 49",19022,9651,9371,NA,19022,9651,9371,NA,NA,NA,NA,NA,NA
"KPK","DERA ISMAIL KHAN","SOUTH WAZIRISTAN","SHAKTOI","TEHSIL","15 - 64",21645,11030,10615,NA,21645,11030,10615,NA,NA,NA,NA,NA,NA
"KPK","DERA ISMAIL KHAN","SOUTH WAZIRISTAN","SHAKTOI","TEHSIL","18 - 60",18553,9402,9151,NA,18553,9402,9151,NA,NA,NA,NA,NA,NA
"KPK","DERA ISMAIL KHAN","SOUTH WAZIRISTAN","SHAKTOI","TEHSIL","18 &  ABOVE",19869,10241,9628,NA,19869,10241,9628,NA,NA,NA,NA,NA,NA
"KPK","DERA ISMAIL KHAN","SOUTH WAZIRISTAN","SHAKTOI","TEHSIL","60 &  ABOVE",1578,998,580,NA,1578,998,580,NA,NA,NA,NA,NA,NA
"KPK","DERA ISMAIL KHAN","SOUTH WAZIRISTAN","SHAKTOI","TEHSIL","65 &  ABOVE",830,572,258,NA,830,572,258,NA,NA,NA,NA,NA,NA
"KPK","DERA ISMAIL KHAN","SOUTH WAZIRISTAN","TIARZA","TEHSIL","ALL AGES",65798,34896,30902,NA,65798,34896,30902,NA,NA,NA,NA,NA,NA
"KPK","DERA ISMAIL KHAN","SOUTH WAZIRISTAN","TIARZA","TEHSIL","UNDER 1",649,356,293,NA,649,356,293,NA,NA,NA,NA,NA,NA
"KPK","DERA ISMAIL KHAN","SOUTH WAZIRISTAN","TIARZA","TEHSIL","UNDER 5",9826,5205,4621,NA,9826,5205,4621,NA,NA,NA,NA,NA,NA
"KPK","DERA ISMAIL KHAN","SOUTH WAZIRISTAN","TIARZA","TEHSIL","UNDER 10",19861,10491,9370,NA,19861,10491,9370,NA,NA,NA,NA,NA,NA
"KPK","DERA ISMAIL KHAN","SOUTH WAZIRISTAN","TIARZA","TEHSIL","UNDER 15",29209,15301,13908,NA,29209,15301,13908,NA,NA,NA,NA,NA,NA
"KPK","DERA ISMAIL KHAN","SOUTH WAZIRISTAN","TIARZA","TEHSIL","05 - 24",31236,16222,15014,NA,31236,16222,15014,NA,NA,NA,NA,NA,NA
"KPK","DERA ISMAIL KHAN","SOUTH WAZIRISTAN","TIARZA","TEHSIL","15 - 49",30130,15871,14259,NA,30130,15871,14259,NA,NA,NA,NA,NA,NA
"KPK","DERA ISMAIL KHAN","SOUTH WAZIRISTAN","TIARZA","TEHSIL","15 - 64",34589,18308,16281,NA,34589,18308,16281,NA,NA,NA,NA,NA,NA
"KPK","DERA ISMAIL KHAN","SOUTH WAZIRISTAN","TIARZA","TEHSIL","18 - 60",29058,15437,13621,NA,29058,15437,13621,NA,NA,NA,NA,NA,NA
"KPK","DERA ISMAIL KHAN","SOUTH WAZIRISTAN","TIARZA","TEHSIL","18 &  ABOVE",31989,17244,14745,NA,31989,17244,14745,NA,NA,NA,NA,NA,NA
"KPK","DERA ISMAIL KHAN","SOUTH WAZIRISTAN","TIARZA","TEHSIL","60 &  ABOVE",3269,1987,1282,NA,3269,1987,1282,NA,NA,NA,NA,NA,NA
"KPK","DERA ISMAIL KHAN","SOUTH WAZIRISTAN","TIARZA","TEHSIL","65 &  ABOVE",2000,1287,713,NA,2000,1287,713,NA,NA,NA,NA,NA,NA
"KPK","DERA ISMAIL KHAN","SOUTH WAZIRISTAN","TOI KHULLA","TEHSIL","ALL AGES",102835,53706,49127,2,102835,53706,49127,2,NA,NA,NA,NA,NA
"KPK","DERA ISMAIL KHAN","SOUTH WAZIRISTAN","TOI KHULLA","TEHSIL","UNDER 1",1274,629,645,NA,1274,629,645,NA,NA,NA,NA,NA,NA
"KPK","DERA ISMAIL KHAN","SOUTH WAZIRISTAN","TOI KHULLA","TEHSIL","UNDER 5",19833,10221,9612,NA,19833,10221,9612,NA,NA,NA,NA,NA,NA
"KPK","DERA ISMAIL KHAN","SOUTH WAZIRISTAN","TOI KHULLA","TEHSIL","UNDER 10",35723,18525,17198,NA,35723,18525,17198,NA,NA,NA,NA,NA,NA
"KPK","DERA ISMAIL KHAN","SOUTH WAZIRISTAN","TOI KHULLA","TEHSIL","UNDER 15",48458,25303,23155,NA,48458,25303,23155,NA,NA,NA,NA,NA,NA
"KPK","DERA ISMAIL KHAN","SOUTH WAZIRISTAN","TOI KHULLA","TEHSIL","05 - 24",48456,25375,23079,2,48456,25375,23079,2,NA,NA,NA,NA,NA
"KPK","DERA ISMAIL KHAN","SOUTH WAZIRISTAN","TOI KHULLA","TEHSIL","15 - 49",45558,23328,22228,2,45558,23328,22228,2,NA,NA,NA,NA,NA
"KPK","DERA ISMAIL KHAN","SOUTH WAZIRISTAN","TOI KHULLA","TEHSIL","15 - 64",51920,26874,25044,2,51920,26874,25044,2,NA,NA,NA,NA,NA
"KPK","DERA ISMAIL KHAN","SOUTH WAZIRISTAN","TOI KHULLA","TEHSIL","18 - 60",45035,23138,21895,2,45035,23138,21895,2,NA,NA,NA,NA,NA
"KPK","DERA ISMAIL KHAN","SOUTH WAZIRISTAN","TOI KHULLA","TEHSIL","18 &  ABOVE",48737,25399,23336,2,48737,25399,23336,2,NA,NA,NA,NA,NA
"KPK","DERA ISMAIL KHAN","SOUTH WAZIRISTAN","TOI KHULLA","TEHSIL","60 &  ABOVE",4141,2496,1645,NA,4141,2496,1645,NA,NA,NA,NA,NA,NA
"KPK","DERA ISMAIL KHAN","SOUTH WAZIRISTAN","TOI KHULLA","TEHSIL","65 &  ABOVE",2457,1529,928,NA,2457,1529,928,NA,NA,NA,NA,NA,NA
"KPK","DERA ISMAIL KHAN","SOUTH WAZIRISTAN","WANA","TEHSIL","ALL AGES",184645,92668,91974,3,184645,92668,91974,3,NA,NA,NA,NA,NA
"KPK","DERA ISMAIL KHAN","SOUTH WAZIRISTAN","WANA","TEHSIL","UNDER 1",2324,1094,1230,NA,2324,1094,1230,NA,NA,NA,NA,NA,NA
"KPK","DERA ISMAIL KHAN","SOUTH WAZIRISTAN","WANA","TEHSIL","UNDER 5",31824,15734,16090,NA,31824,15734,16090,NA,NA,NA,NA,NA,NA
"KPK","DERA ISMAIL KHAN","SOUTH WAZIRISTAN","WANA","TEHSIL","UNDER 10",62494,30897,31597,NA,62494,30897,31597,NA,NA,NA,NA,NA,NA
"KPK","DERA ISMAIL KHAN","SOUTH WAZIRISTAN","WANA","TEHSIL","UNDER 15",87688,43244,44443,1,87688,43244,44443,1,NA,NA,NA,NA,NA
"KPK","DERA ISMAIL KHAN","SOUTH WAZIRISTAN","WANA","TEHSIL","05 - 24",91819,45509,46308,2,91819,45509,46308,2,NA,NA,NA,NA,NA
"KPK","DERA ISMAIL KHAN","SOUTH WAZIRISTAN","WANA","TEHSIL","15 - 49",83078,41695,41382,1,83078,41695,41382,1,NA,NA,NA,NA,NA
"KPK","DERA ISMAIL KHAN","SOUTH WAZIRISTAN","WANA","TEHSIL","15 - 64",93267,47177,46088,2,93267,47177,46088,2,NA,NA,NA,NA,NA
"KPK","DERA ISMAIL KHAN","SOUTH WAZIRISTAN","WANA","TEHSIL","18 - 60",79738,40405,39332,1,79738,40405,39332,1,NA,NA,NA,NA,NA
"KPK","DERA ISMAIL KHAN","SOUTH WAZIRISTAN","WANA","TEHSIL","18 &  ABOVE",85281,43675,41605,1,85281,43675,41605,1,NA,NA,NA,NA,NA
"KPK","DERA ISMAIL KHAN","SOUTH WAZIRISTAN","WANA","TEHSIL","60 &  ABOVE",6433,3790,2643,NA,6433,3790,2643,NA,NA,NA,NA,NA,NA
"KPK","DERA ISMAIL KHAN","SOUTH WAZIRISTAN","WANA","TEHSIL","65 &  ABOVE",3690,2247,1443,NA,3690,2247,1443,NA,NA,NA,NA,NA,NA
"KPK","MARDAN","SWABI","LAHOR","TEHSIL","ALL AGES",354383,180753,173627,3,308063,157438,150622,3,46320,23315,23005,NA,NA
"KPK","MARDAN","SWABI","LAHOR","TEHSIL","UNDER 1",7340,3766,3574,NA,6455,3313,3142,NA,885,453,432,NA,NA
"KPK","MARDAN","SWABI","LAHOR","TEHSIL","UNDER 5",51415,26564,24851,NA,45129,23353,21776,NA,6286,3211,3075,NA,NA
"KPK","MARDAN","SWABI","LAHOR","TEHSIL","UNDER 10",98281,50703,47578,NA,86201,44527,41674,NA,12080,6176,5904,NA,NA
"KPK","MARDAN","SWABI","LAHOR","TEHSIL","UNDER 15",142340,74208,68132,NA,124605,65026,59579,NA,17735,9182,8553,NA,NA
"KPK","MARDAN","SWABI","LAHOR","TEHSIL","05 - 24",159871,82780,77090,1,139210,72165,67044,1,20661,10615,10046,NA,NA
"KPK","MARDAN","SWABI","LAHOR","TEHSIL","15 - 49",169076,83211,85863,2,146514,72301,74211,2,22562,10910,11652,NA,NA
"KPK","MARDAN","SWABI","LAHOR","TEHSIL","15 - 64",197376,98269,99104,3,170834,85254,85577,3,26542,13015,13527,NA,NA
"KPK","MARDAN","SWABI","LAHOR","TEHSIL","18 - 60",168636,83422,85211,3,146177,72524,73650,3,22459,10898,11561,NA,NA
"KPK","MARDAN","SWABI","LAHOR","TEHSIL","18 &  ABOVE",188622,94559,94060,3,163359,82136,81220,3,25263,12423,12840,NA,NA
"KPK","MARDAN","SWABI","LAHOR","TEHSIL","60 &  ABOVE",21733,12090,9643,NA,18699,10437,8262,NA,3034,1653,1381,NA,NA
"KPK","MARDAN","SWABI","LAHOR","TEHSIL","65 &  ABOVE",14667,8276,6391,NA,12624,7158,5466,NA,2043,1118,925,NA,NA
"KPK","MARDAN","SWABI","RAZAR","TEHSIL","ALL AGES",679967,347056,332902,9,652349,332942,319398,9,27618,14114,13504,NA,NA
"KPK","MARDAN","SWABI","RAZAR","TEHSIL","UNDER 1",12323,6362,5961,NA,11882,6129,5753,NA,441,233,208,NA,NA
"KPK","MARDAN","SWABI","RAZAR","TEHSIL","UNDER 5",94902,48985,45917,NA,91515,47252,44263,NA,3387,1733,1654,NA,NA
"KPK","MARDAN","SWABI","RAZAR","TEHSIL","UNDER 10",189308,98146,91162,NA,182408,94592,87816,NA,6900,3554,3346,NA,NA
"KPK","MARDAN","SWABI","RAZAR","TEHSIL","UNDER 15",274874,142660,132213,1,264657,137369,127287,1,10217,5291,4926,NA,NA
"KPK","MARDAN","SWABI","RAZAR","TEHSIL","05 - 24",310862,160305,150548,9,298631,153998,144624,9,12231,6307,5924,NA,NA
"KPK","MARDAN","SWABI","RAZAR","TEHSIL","15 - 49",323158,159353,163797,8,309568,152619,156941,8,13590,6734,6856,NA,NA
"KPK","MARDAN","SWABI","RAZAR","TEHSIL","15 - 64",378314,188694,189612,8,362178,180604,181566,8,16136,8090,8046,NA,NA
"KPK","MARDAN","SWABI","RAZAR","TEHSIL","18 - 60",323213,159956,163255,2,309270,153004,156264,2,13943,6952,6991,NA,NA
"KPK","MARDAN","SWABI","RAZAR","TEHSIL","18 &  ABOVE",360759,181453,179304,2,345084,173527,171555,2,15675,7926,7749,NA,NA
"KPK","MARDAN","SWABI","RAZAR","TEHSIL","60 &  ABOVE",40869,23288,17581,NA,38971,22226,16745,NA,1898,1062,836,NA,NA
"KPK","MARDAN","SWABI","RAZAR","TEHSIL","65 &  ABOVE",26779,15702,11077,NA,25514,14969,10545,NA,1265,733,532,NA,NA
"KPK","MARDAN","SWABI","SWABI","TEHSIL","ALL AGES",475352,236627,238705,20,284656,141274,143378,4,190696,95353,95327,16,NA
"KPK","MARDAN","SWABI","SWABI","TEHSIL","UNDER 1",8593,4355,4238,NA,5084,2553,2531,NA,3509,1802,1707,NA,NA
"KPK","MARDAN","SWABI","SWABI","TEHSIL","UNDER 5",65514,33752,31762,NA,39459,20301,19158,NA,26055,13451,12604,NA,NA
"KPK","MARDAN","SWABI","SWABI","TEHSIL","UNDER 10",128497,66380,62117,NA,76817,39662,37155,NA,51680,26718,24962,NA,NA
"KPK","MARDAN","SWABI","SWABI","TEHSIL","UNDER 15",187494,97118,90370,6,112098,58121,53976,1,75396,38997,36394,5,NA
"KPK","MARDAN","SWABI","SWABI","TEHSIL","05 - 24",214979,109675,105293,11,128403,65548,62852,3,86576,44127,42441,8,NA
"KPK","MARDAN","SWABI","SWABI","TEHSIL","15 - 49",226397,106985,119399,13,135267,63537,71727,3,91130,43448,47672,10,NA
"KPK","MARDAN","SWABI","SWABI","TEHSIL","15 - 64",266852,127599,139239,14,159575,75794,83778,3,107277,51805,55461,11,NA
"KPK","MARDAN","SWABI","SWABI","TEHSIL","18 - 60",227293,107321,119959,13,135671,63520,72149,2,91622,43801,47810,11,NA
"KPK","MARDAN","SWABI","SWABI","TEHSIL","18 &  ABOVE",256503,123468,133022,13,153617,73430,80185,2,102886,50038,52837,11,NA
"KPK","MARDAN","SWABI","SWABI","TEHSIL","60 &  ABOVE",31785,17458,14327,NA,19525,10698,8827,NA,12260,6760,5500,NA,NA
"KPK","MARDAN","SWABI","SWABI","TEHSIL","65 &  ABOVE",21006,11910,9096,NA,12983,7359,5624,NA,8023,4551,3472,NA,NA
"KPK","MARDAN","SWABI","TOPI","TEHSIL","ALL AGES",380528,192516,188009,3,305822,153938,151881,3,74706,38578,36128,NA,NA
"KPK","MARDAN","SWABI","TOPI","TEHSIL","UNDER 1",7160,3721,3439,NA,5763,2987,2776,NA,1397,734,663,NA,NA
"KPK","MARDAN","SWABI","TOPI","TEHSIL","UNDER 5",52199,27009,25190,NA,41730,21549,20181,NA,10469,5460,5009,NA,NA
"KPK","MARDAN","SWABI","TOPI","TEHSIL","UNDER 10",103777,53809,49968,NA,83202,43013,40189,NA,20575,10796,9779,NA,NA
"KPK","MARDAN","SWABI","TOPI","TEHSIL","UNDER 15",150646,78177,72469,NA,120463,62361,58102,NA,30183,15816,14367,NA,NA
"KPK","MARDAN","SWABI","TOPI","TEHSIL","05 - 24",173405,89480,83925,NA,138581,71334,67247,NA,34824,18146,16678,NA,NA
"KPK","MARDAN","SWABI","TOPI","TEHSIL","15 - 49",182908,89716,93191,1,146599,71386,75212,1,36309,18330,17979,NA,NA
"KPK","MARDAN","SWABI","TOPI","TEHSIL","15 - 64",213785,105455,108328,2,171898,84251,87645,2,41887,21204,20683,NA,NA
"KPK","MARDAN","SWABI","TOPI","TEHSIL","18 - 60",183075,89777,93296,2,147333,71806,75525,2,35742,17971,17771,NA,NA
"KPK","MARDAN","SWABI","TOPI","TEHSIL","18 &  ABOVE",205135,101668,103464,3,165674,81583,84088,3,39461,20085,19376,NA,NA
"KPK","MARDAN","SWABI","TOPI","TEHSIL","60 &  ABOVE",23898,12880,11017,1,19829,10578,9250,1,4069,2302,1767,NA,NA
"KPK","MARDAN","SWABI","TOPI","TEHSIL","65 &  ABOVE",16097,8884,7212,1,13461,7326,6134,1,2636,1558,1078,NA,NA
"KPK","MALAKAND","SWAT","BABUZAI","TEHSIL","ALL AGES",696404,362840,333517,47,335584,174163,161420,1,360820,188677,172097,46,NA
"KPK","MALAKAND","SWAT","BABUZAI","TEHSIL","UNDER 1",13099,6756,6343,NA,6482,3315,3167,NA,6617,3441,3176,NA,NA
"KPK","MALAKAND","SWAT","BABUZAI","TEHSIL","UNDER 5",99099,51073,48026,NA,49412,25434,23978,NA,49687,25639,24048,NA,NA
"KPK","MALAKAND","SWAT","BABUZAI","TEHSIL","UNDER 10",200349,103855,96494,NA,99784,51799,47985,NA,100565,52056,48509,NA,NA
"KPK","MALAKAND","SWAT","BABUZAI","TEHSIL","UNDER 15",292785,152237,140546,2,144910,75524,69386,NA,147875,76713,71160,2,NA
"KPK","MALAKAND","SWAT","BABUZAI","TEHSIL","05 - 24",333634,173353,160264,17,161991,84128,77863,NA,171643,89225,82401,17,NA
"KPK","MALAKAND","SWAT","BABUZAI","TEHSIL","15 - 49",334918,170776,164098,44,157901,79768,78132,1,177017,91008,85966,43,NA
"KPK","MALAKAND","SWAT","BABUZAI","TEHSIL","15 - 64",382836,197704,185087,45,180181,92174,88006,1,202655,105530,97081,44,NA
"KPK","MALAKAND","SWAT","BABUZAI","TEHSIL","18 - 60",324885,166323,158523,39,152363,77219,75143,1,172522,89104,83380,38,NA
"KPK","MALAKAND","SWAT","BABUZAI","TEHSIL","18 &  ABOVE",354830,184691,170100,39,167172,86251,80920,1,187658,98440,89180,38,NA
"KPK","MALAKAND","SWAT","BABUZAI","TEHSIL","60 &  ABOVE",33050,20162,12888,NA,16243,9852,6391,NA,16807,10310,6497,NA,NA
"KPK","MALAKAND","SWAT","BABUZAI","TEHSIL","65 &  ABOVE",20783,12899,7884,NA,10493,6465,4028,NA,10290,6434,3856,NA,NA
"KPK","MALAKAND","SWAT","BARIKOT","TEHSIL","ALL AGES",219843,110588,109253,2,105103,53845,51258,NA,114740,56743,57995,2,NA
"KPK","MALAKAND","SWAT","BARIKOT","TEHSIL","UNDER 1",4914,2482,2432,NA,2277,1159,1118,NA,2637,1323,1314,NA,NA
"KPK","MALAKAND","SWAT","BARIKOT","TEHSIL","UNDER 5",33123,16982,16141,NA,15961,8272,7689,NA,17162,8710,8452,NA,NA
"KPK","MALAKAND","SWAT","BARIKOT","TEHSIL","UNDER 10",65748,33663,32085,NA,31352,16172,15180,NA,34396,17491,16905,NA,NA
"KPK","MALAKAND","SWAT","BARIKOT","TEHSIL","UNDER 15",94501,48479,46022,NA,44694,23102,21592,NA,49807,25377,24430,NA,NA
"KPK","MALAKAND","SWAT","BARIKOT","TEHSIL","05 - 24",105886,53873,52012,1,49983,25689,24294,NA,55903,28184,27718,1,NA
"KPK","MALAKAND","SWAT","BARIKOT","TEHSIL","15 - 49",101887,49215,52670,2,49125,24509,24616,NA,52762,24706,28054,2,NA
"KPK","MALAKAND","SWAT","BARIKOT","TEHSIL","15 - 64",117448,57419,60027,2,56579,28432,28147,NA,60869,28987,31880,2,NA
"KPK","MALAKAND","SWAT","BARIKOT","TEHSIL","18 - 60",98702,47506,51194,2,47656,23700,23956,NA,51046,23806,27238,2,NA
"KPK","MALAKAND","SWAT","BARIKOT","TEHSIL","18 &  ABOVE",109731,53972,55757,2,52955,26827,26128,NA,56776,27145,29629,2,NA
"KPK","MALAKAND","SWAT","BARIKOT","TEHSIL","60 &  ABOVE",11975,6977,4998,NA,5768,3384,2384,NA,6207,3593,2614,NA,NA
"KPK","MALAKAND","SWAT","BARIKOT","TEHSIL","65 &  ABOVE",7894,4690,3204,NA,3830,2311,1519,NA,4064,2379,1685,NA,NA
"KPK","MALAKAND","SWAT","BEHRAIN","TEHSIL","ALL AGES",270620,139432,131182,6,193895,100467,93424,4,76725,38965,37758,2,NA
"KPK","MALAKAND","SWAT","BEHRAIN","TEHSIL","UNDER 1",5853,2981,2872,NA,4299,2199,2100,NA,1554,782,772,NA,NA
"KPK","MALAKAND","SWAT","BEHRAIN","TEHSIL","UNDER 5",41978,21501,20477,NA,30595,15670,14925,NA,11383,5831,5552,NA,NA
"KPK","MALAKAND","SWAT","BEHRAIN","TEHSIL","UNDER 10",85069,44004,41065,NA,61845,32090,29755,NA,23224,11914,11310,NA,NA
"KPK","MALAKAND","SWAT","BEHRAIN","TEHSIL","UNDER 15",122865,63956,58907,2,89255,46615,42639,1,33610,17341,16268,1,NA
"KPK","MALAKAND","SWAT","BEHRAIN","TEHSIL","05 - 24",134904,69540,65360,4,97316,50468,46846,2,37588,19072,18514,2,NA
"KPK","MALAKAND","SWAT","BEHRAIN","TEHSIL","15 - 49",123127,61970,61153,4,87518,44430,43085,3,35609,17540,18068,1,NA
"KPK","MALAKAND","SWAT","BEHRAIN","TEHSIL","15 - 64",139325,70808,68513,4,98743,50593,48147,3,40582,20215,20366,1,NA
"KPK","MALAKAND","SWAT","BEHRAIN","TEHSIL","18 - 60",117657,59697,57957,3,83233,42692,40539,2,34424,17005,17418,1,NA
"KPK","MALAKAND","SWAT","BEHRAIN","TEHSIL","18 &  ABOVE",128881,65916,62962,3,91004,46983,44019,2,37877,18933,18943,1,NA
"KPK","MALAKAND","SWAT","BEHRAIN","TEHSIL","60 &  ABOVE",12250,6809,5441,NA,8503,4711,3792,NA,3747,2098,1649,NA,NA
"KPK","MALAKAND","SWAT","BEHRAIN","TEHSIL","65 &  ABOVE",8430,4668,3762,NA,5897,3259,2638,NA,2533,1409,1124,NA,NA
"KPK","MALAKAND","SWAT","CHARBAGH","TEHSIL","ALL AGES",159269,82143,77125,1,159269,82143,77125,1,NA,NA,NA,NA,NA
"KPK","MALAKAND","SWAT","CHARBAGH","TEHSIL","UNDER 1",3029,1532,1497,NA,3029,1532,1497,NA,NA,NA,NA,NA,NA
"KPK","MALAKAND","SWAT","CHARBAGH","TEHSIL","UNDER 5",25425,13031,12394,NA,25425,13031,12394,NA,NA,NA,NA,NA,NA
"KPK","MALAKAND","SWAT","CHARBAGH","TEHSIL","UNDER 10",50679,26046,24633,NA,50679,26046,24633,NA,NA,NA,NA,NA,NA
"KPK","MALAKAND","SWAT","CHARBAGH","TEHSIL","UNDER 15",72266,37386,34880,NA,72266,37386,34880,NA,NA,NA,NA,NA,NA
"KPK","MALAKAND","SWAT","CHARBAGH","TEHSIL","05 - 24",77504,40131,37372,1,77504,40131,37372,1,NA,NA,NA,NA,NA
"KPK","MALAKAND","SWAT","CHARBAGH","TEHSIL","15 - 49",72100,36377,35722,1,72100,36377,35722,1,NA,NA,NA,NA,NA
"KPK","MALAKAND","SWAT","CHARBAGH","TEHSIL","15 - 64",82242,41933,40308,1,82242,41933,40308,1,NA,NA,NA,NA,NA
"KPK","MALAKAND","SWAT","CHARBAGH","TEHSIL","18 - 60",69401,34956,34444,1,69401,34956,34444,1,NA,NA,NA,NA,NA
"KPK","MALAKAND","SWAT","CHARBAGH","TEHSIL","18 &  ABOVE",76051,38866,37184,1,76051,38866,37184,1,NA,NA,NA,NA,NA
"KPK","MALAKAND","SWAT","CHARBAGH","TEHSIL","60 &  ABOVE",7255,4256,2999,NA,7255,4256,2999,NA,NA,NA,NA,NA,NA
"KPK","MALAKAND","SWAT","CHARBAGH","TEHSIL","65 &  ABOVE",4761,2824,1937,NA,4761,2824,1937,NA,NA,NA,NA,NA,NA
"KPK","MALAKAND","SWAT","KABAL","TEHSIL","ALL AGES",480692,246019,234666,7,348278,176484,171791,3,132414,69535,62875,4,NA
"KPK","MALAKAND","SWAT","KABAL","TEHSIL","UNDER 1",9823,5110,4713,NA,7428,3855,3573,NA,2395,1255,1140,NA,NA
"KPK","MALAKAND","SWAT","KABAL","TEHSIL","UNDER 5",69785,36555,33230,NA,51665,27091,24574,NA,18120,9464,8656,NA,NA
"KPK","MALAKAND","SWAT","KABAL","TEHSIL","UNDER 10",140465,73639,66826,NA,104832,55005,49827,NA,35633,18634,16999,NA,NA
"KPK","MALAKAND","SWAT","KABAL","TEHSIL","UNDER 15",204747,107467,97278,2,152114,80026,72087,1,52633,27441,25191,1,NA
"KPK","MALAKAND","SWAT","KABAL","TEHSIL","05 - 24",233788,121419,112363,6,171560,88907,82650,3,62228,32512,29713,3,NA
"KPK","MALAKAND","SWAT","KABAL","TEHSIL","15 - 49",226880,111054,115821,5,161250,77151,84097,2,65630,33903,31724,3,NA
"KPK","MALAKAND","SWAT","KABAL","TEHSIL","15 - 64",259871,128818,131048,5,184589,89563,95024,2,75282,39255,36024,3,NA
"KPK","MALAKAND","SWAT","KABAL","TEHSIL","18 - 60",218822,106722,112095,5,154661,73578,81081,2,64161,33144,31014,3,NA
"KPK","MALAKAND","SWAT","KABAL","TEHSIL","18 &  ABOVE",241318,120117,121196,5,170843,83045,87796,2,70475,37072,33400,3,NA
"KPK","MALAKAND","SWAT","KABAL","TEHSIL","60 &  ABOVE",24753,14635,10118,NA,17762,10320,7442,NA,6991,4315,2676,NA,NA
"KPK","MALAKAND","SWAT","KABAL","TEHSIL","65 &  ABOVE",16074,9734,6340,NA,11575,6895,4680,NA,4499,2839,1660,NA,NA
"KPK","MALAKAND","SWAT","KHAWAZAKHELA","TEHSIL","ALL AGES",307268,154422,152829,17,250155,124700,125442,13,57113,29722,27387,4,NA
"KPK","MALAKAND","SWAT","KHAWAZAKHELA","TEHSIL","UNDER 1",5689,2922,2767,NA,4473,2315,2158,NA,1216,607,609,NA,NA
"KPK","MALAKAND","SWAT","KHAWAZAKHELA","TEHSIL","UNDER 5",47160,24325,22835,NA,37987,19582,18405,NA,9173,4743,4430,NA,NA
"KPK","MALAKAND","SWAT","KHAWAZAKHELA","TEHSIL","UNDER 10",95598,49472,46126,NA,78373,40523,37850,NA,17225,8949,8276,NA,NA
"KPK","MALAKAND","SWAT","KHAWAZAKHELA","TEHSIL","UNDER 15",138201,71918,66281,2,113483,58900,54583,NA,24718,13018,11698,2,NA
"KPK","MALAKAND","SWAT","KHAWAZAKHELA","TEHSIL","05 - 24",151657,77852,73792,13,124693,63611,61073,9,26964,14241,12719,4,NA
"KPK","MALAKAND","SWAT","KHAWAZAKHELA","TEHSIL","15 - 49",138667,65892,72760,15,111520,52143,59364,13,27147,13749,13396,2,NA
"KPK","MALAKAND","SWAT","KHAWAZAKHELA","TEHSIL","15 - 64",158739,76595,82129,15,128013,60881,67119,13,30726,15714,15010,2,NA
"KPK","MALAKAND","SWAT","KHAWAZAKHELA","TEHSIL","18 - 60",133446,63195,70242,9,107363,50035,57320,8,26083,13160,12922,1,NA
"KPK","MALAKAND","SWAT","KHAWAZAKHELA","TEHSIL","18 &  ABOVE",147567,71191,76367,9,119128,56661,62459,8,28439,14530,13908,1,NA
"KPK","MALAKAND","SWAT","KHAWAZAKHELA","TEHSIL","60 &  ABOVE",15498,8775,6723,NA,12889,7260,5629,NA,2609,1515,1094,NA,NA
"KPK","MALAKAND","SWAT","KHAWAZAKHELA","TEHSIL","65 &  ABOVE",10328,5909,4419,NA,8659,4919,3740,NA,1669,990,679,NA,NA
"KPK","MALAKAND","SWAT","MATTA","TEHSIL","ALL AGES",551980,279288,272685,7,500386,252855,247525,6,51594,26433,25160,1,NA
"KPK","MALAKAND","SWAT","MATTA","TEHSIL","UNDER 1",10580,5469,5111,NA,9435,4883,4552,NA,1145,586,559,NA,NA
"KPK","MALAKAND","SWAT","MATTA","TEHSIL","UNDER 5",84476,43827,40649,NA,77019,39981,37038,NA,7457,3846,3611,NA,NA
"KPK","MALAKAND","SWAT","MATTA","TEHSIL","UNDER 10",170980,89342,81638,NA,155644,81292,74352,NA,15336,8050,7286,NA,NA
"KPK","MALAKAND","SWAT","MATTA","TEHSIL","UNDER 15",249189,130592,118597,NA,226614,118724,107890,NA,22575,11868,10707,NA,NA
"KPK","MALAKAND","SWAT","MATTA","TEHSIL","05 - 24",274087,142158,131925,4,248322,128727,119591,4,25765,13431,12334,NA,NA
"KPK","MALAKAND","SWAT","MATTA","TEHSIL","15 - 49",249191,119344,129840,7,225191,107562,117623,6,24000,11782,12217,1,NA
"KPK","MALAKAND","SWAT","MATTA","TEHSIL","15 - 64",285198,138265,146926,7,257734,124648,133080,6,27464,13617,13846,1,NA
"KPK","MALAKAND","SWAT","MATTA","TEHSIL","18 - 60",239637,114158,125474,5,216560,102902,113654,4,23077,11256,11820,1,NA
"KPK","MALAKAND","SWAT","MATTA","TEHSIL","18 &  ABOVE",263961,128289,135667,5,238686,115702,122980,4,25275,12587,12687,1,NA
"KPK","MALAKAND","SWAT","MATTA","TEHSIL","60 &  ABOVE",26929,15502,11427,NA,24524,14060,10464,NA,2405,1442,963,NA,NA
"KPK","MALAKAND","SWAT","MATTA","TEHSIL","65 &  ABOVE",17593,10431,7162,NA,16038,9483,6555,NA,1555,948,607,NA,NA
"KPK","DERA ISMAIL KHAN","TANK","JANDOLA","SUB-DIVISION","ALL AGES",44794,22938,21856,NA,44794,22938,21856,NA,NA,NA,NA,NA,NA
"KPK","DERA ISMAIL KHAN","TANK","JANDOLA","SUB-DIVISION","UNDER 1",733,357,376,NA,733,357,376,NA,NA,NA,NA,NA,NA
"KPK","DERA ISMAIL KHAN","TANK","JANDOLA","SUB-DIVISION","UNDER 5",7204,3527,3677,NA,7204,3527,3677,NA,NA,NA,NA,NA,NA
"KPK","DERA ISMAIL KHAN","TANK","JANDOLA","SUB-DIVISION","UNDER 10",14895,7353,7542,NA,14895,7353,7542,NA,NA,NA,NA,NA,NA
"KPK","DERA ISMAIL KHAN","TANK","JANDOLA","SUB-DIVISION","UNDER 15",20969,10477,10492,NA,20969,10477,10492,NA,NA,NA,NA,NA,NA
"KPK","DERA ISMAIL KHAN","TANK","JANDOLA","SUB-DIVISION","05 - 24",21390,10778,10612,NA,21390,10778,10612,NA,NA,NA,NA,NA,NA
"KPK","DERA ISMAIL KHAN","TANK","JANDOLA","SUB-DIVISION","15 - 49",19885,10371,9514,NA,19885,10371,9514,NA,NA,NA,NA,NA,NA
"KPK","DERA ISMAIL KHAN","TANK","JANDOLA","SUB-DIVISION","15 - 64",22790,11844,10946,NA,22790,11844,10946,NA,NA,NA,NA,NA,NA
"KPK","DERA ISMAIL KHAN","TANK","JANDOLA","SUB-DIVISION","18 - 60",19448,10143,9305,NA,19448,10143,9305,NA,NA,NA,NA,NA,NA
"KPK","DERA ISMAIL KHAN","TANK","JANDOLA","SUB-DIVISION","18 &  ABOVE",21049,11082,9967,NA,21049,11082,9967,NA,NA,NA,NA,NA,NA
"KPK","DERA ISMAIL KHAN","TANK","JANDOLA","SUB-DIVISION","60 &  ABOVE",1844,1082,762,NA,1844,1082,762,NA,NA,NA,NA,NA,NA
"KPK","DERA ISMAIL KHAN","TANK","JANDOLA","SUB-DIVISION","65 &  ABOVE",1035,617,418,NA,1035,617,418,NA,NA,NA,NA,NA,NA
"KPK","DERA ISMAIL KHAN","TANK","TANK","TEHSIL","ALL AGES",425499,218651,206847,1,376327,192603,183723,1,49172,26048,23124,NA,NA
"KPK","DERA ISMAIL KHAN","TANK","TANK","TEHSIL","UNDER 1",8370,4125,4245,NA,7515,3674,3841,NA,855,451,404,NA,NA
"KPK","DERA ISMAIL KHAN","TANK","TANK","TEHSIL","UNDER 5",74454,37529,36925,NA,67558,33942,33616,NA,6896,3587,3309,NA,NA
"KPK","DERA ISMAIL KHAN","TANK","TANK","TEHSIL","UNDER 10",147866,74724,73142,NA,133740,67411,66329,NA,14126,7313,6813,NA,NA
"KPK","DERA ISMAIL KHAN","TANK","TANK","TEHSIL","UNDER 15",205743,104136,101607,NA,184818,93238,91580,NA,20925,10898,10027,NA,NA
"KPK","DERA ISMAIL KHAN","TANK","TANK","TEHSIL","05 - 24",202410,102876,99533,1,179349,90831,88517,1,23061,12045,11016,NA,NA
"KPK","DERA ISMAIL KHAN","TANK","TANK","TEHSIL","15 - 49",181494,93374,88119,1,157917,80922,76994,1,23577,12452,11125,NA,NA
"KPK","DERA ISMAIL KHAN","TANK","TANK","TEHSIL","15 - 64",208942,108064,100877,1,181967,93677,88289,1,26975,14387,12588,NA,NA
"KPK","DERA ISMAIL KHAN","TANK","TANK","TEHSIL","18 - 60",176941,91586,85354,1,154020,79365,74654,1,22921,12221,10700,NA,NA
"KPK","DERA ISMAIL KHAN","TANK","TANK","TEHSIL","18 &  ABOVE",192960,100855,92104,1,168217,87552,80664,1,24743,13303,11440,NA,NA
"KPK","DERA ISMAIL KHAN","TANK","TANK","TEHSIL","60 &  ABOVE",18018,10388,7630,NA,15945,9160,6785,NA,2073,1228,845,NA,NA
"KPK","DERA ISMAIL KHAN","TANK","TANK","TEHSIL","65 &  ABOVE",10814,6451,4363,NA,9542,5688,3854,NA,1272,763,509,NA,NA
"KPK","HAZARA","TORGHAR","DAUR MERA","TEHSIL","ALL AGES",50503,25936,24565,2,50503,25936,24565,2,NA,NA,NA,NA,NA
"KPK","HAZARA","TORGHAR","DAUR MERA","TEHSIL","UNDER 1",1093,579,514,NA,1093,579,514,NA,NA,NA,NA,NA,NA
"KPK","HAZARA","TORGHAR","DAUR MERA","TEHSIL","UNDER 5",8849,4563,4286,NA,8849,4563,4286,NA,NA,NA,NA,NA,NA
"KPK","HAZARA","TORGHAR","DAUR MERA","TEHSIL","UNDER 10",17898,9193,8705,NA,17898,9193,8705,NA,NA,NA,NA,NA,NA
"KPK","HAZARA","TORGHAR","DAUR MERA","TEHSIL","UNDER 15",24715,12891,11824,NA,24715,12891,11824,NA,NA,NA,NA,NA,NA
"KPK","HAZARA","TORGHAR","DAUR MERA","TEHSIL","05 - 24",24619,12833,11785,1,24619,12833,11785,1,NA,NA,NA,NA,NA
"KPK","HAZARA","TORGHAR","DAUR MERA","TEHSIL","15 - 49",20804,10462,10341,1,20804,10462,10341,1,NA,NA,NA,NA,NA
"KPK","HAZARA","TORGHAR","DAUR MERA","TEHSIL","15 - 64",23885,12038,11845,2,23885,12038,11845,2,NA,NA,NA,NA,NA
"KPK","HAZARA","TORGHAR","DAUR MERA","TEHSIL","18 - 60",20298,10120,10177,1,20298,10120,10177,1,NA,NA,NA,NA,NA
"KPK","HAZARA","TORGHAR","DAUR MERA","TEHSIL","18 &  ABOVE",22805,11421,11383,1,22805,11421,11383,1,NA,NA,NA,NA,NA
"KPK","HAZARA","TORGHAR","DAUR MERA","TEHSIL","60 &  ABOVE",2736,1422,1314,NA,2736,1422,1314,NA,NA,NA,NA,NA,NA
"KPK","HAZARA","TORGHAR","DAUR MERA","TEHSIL","65 &  ABOVE",1903,1007,896,NA,1903,1007,896,NA,NA,NA,NA,NA,NA
"KPK","HAZARA","TORGHAR","JUDBA","TEHSIL","ALL AGES",63083,32095,30987,1,63083,32095,30987,1,NA,NA,NA,NA,NA
"KPK","HAZARA","TORGHAR","JUDBA","TEHSIL","UNDER 1",1419,736,683,NA,1419,736,683,NA,NA,NA,NA,NA,NA
"KPK","HAZARA","TORGHAR","JUDBA","TEHSIL","UNDER 5",11106,5738,5368,NA,11106,5738,5368,NA,NA,NA,NA,NA,NA
"KPK","HAZARA","TORGHAR","JUDBA","TEHSIL","UNDER 10",22302,11642,10660,NA,22302,11642,10660,NA,NA,NA,NA,NA,NA
"KPK","HAZARA","TORGHAR","JUDBA","TEHSIL","UNDER 15",30873,16133,14740,NA,30873,16133,14740,NA,NA,NA,NA,NA,NA
"KPK","HAZARA","TORGHAR","JUDBA","TEHSIL","05 - 24",30682,15894,14788,NA,30682,15894,14788,NA,NA,NA,NA,NA,NA
"KPK","HAZARA","TORGHAR","JUDBA","TEHSIL","15 - 49",25989,12857,13132,NA,25989,12857,13132,NA,NA,NA,NA,NA,NA
"KPK","HAZARA","TORGHAR","JUDBA","TEHSIL","15 - 64",29926,14771,15154,1,29926,14771,15154,1,NA,NA,NA,NA,NA
"KPK","HAZARA","TORGHAR","JUDBA","TEHSIL","18 - 60",25278,12292,12985,1,25278,12292,12985,1,NA,NA,NA,NA,NA
"KPK","HAZARA","TORGHAR","JUDBA","TEHSIL","18 &  ABOVE",28321,13853,14467,1,28321,13853,14467,1,NA,NA,NA,NA,NA
"KPK","HAZARA","TORGHAR","JUDBA","TEHSIL","60 &  ABOVE",3351,1724,1627,NA,3351,1724,1627,NA,NA,NA,NA,NA,NA
"KPK","HAZARA","TORGHAR","JUDBA","TEHSIL","65 &  ABOVE",2284,1191,1093,NA,2284,1191,1093,NA,NA,NA,NA,NA,NA
"KPK","HAZARA","TORGHAR","KHANDER","TEHSIL","ALL AGES",86859,44129,42729,1,86859,44129,42729,1,NA,NA,NA,NA,NA
"KPK","HAZARA","TORGHAR","KHANDER","TEHSIL","UNDER 1",1752,924,828,NA,1752,924,828,NA,NA,NA,NA,NA,NA
"KPK","HAZARA","TORGHAR","KHANDER","TEHSIL","UNDER 5",13439,6890,6549,NA,13439,6890,6549,NA,NA,NA,NA,NA,NA
"KPK","HAZARA","TORGHAR","KHANDER","TEHSIL","UNDER 10",27274,13955,13319,NA,27274,13955,13319,NA,NA,NA,NA,NA,NA
"KPK","HAZARA","TORGHAR","KHANDER","TEHSIL","UNDER 15",38413,19655,18758,NA,38413,19655,18758,NA,NA,NA,NA,NA,NA
"KPK","HAZARA","TORGHAR","KHANDER","TEHSIL","05 - 24",40985,20881,20104,NA,40985,20881,20104,NA,NA,NA,NA,NA,NA
"KPK","HAZARA","TORGHAR","KHANDER","TEHSIL","15 - 49",38685,19459,19225,1,38685,19459,19225,1,NA,NA,NA,NA,NA
"KPK","HAZARA","TORGHAR","KHANDER","TEHSIL","15 - 64",44728,22542,22185,1,44728,22542,22185,1,NA,NA,NA,NA,NA
"KPK","HAZARA","TORGHAR","KHANDER","TEHSIL","18 - 60",37621,18948,18672,1,37621,18948,18672,1,NA,NA,NA,NA,NA
"KPK","HAZARA","TORGHAR","KHANDER","TEHSIL","18 &  ABOVE",42490,21444,21045,1,42490,21444,21045,1,NA,NA,NA,NA,NA
"KPK","HAZARA","TORGHAR","KHANDER","TEHSIL","60 &  ABOVE",5307,2737,2570,NA,5307,2737,2570,NA,NA,NA,NA,NA,NA
"KPK","HAZARA","TORGHAR","KHANDER","TEHSIL","65 &  ABOVE",3718,1932,1786,NA,3718,1932,1786,NA,NA,NA,NA,NA,NA
"KPK","MALAKAND","UPPER CHITRAL","MASTUJ","SUB-DIVISION","ALL AGES",195161,100319,94842,NA,195161,100319,94842,NA,NA,NA,NA,NA,NA
"KPK","MALAKAND","UPPER CHITRAL","MASTUJ","SUB-DIVISION","UNDER 1",4347,2276,2071,NA,4347,2276,2071,NA,NA,NA,NA,NA,NA
"KPK","MALAKAND","UPPER CHITRAL","MASTUJ","SUB-DIVISION","UNDER 5",25227,12996,12231,NA,25227,12996,12231,NA,NA,NA,NA,NA,NA
"KPK","MALAKAND","UPPER CHITRAL","MASTUJ","SUB-DIVISION","UNDER 10",44351,22657,21694,NA,44351,22657,21694,NA,NA,NA,NA,NA,NA
"KPK","MALAKAND","UPPER CHITRAL","MASTUJ","SUB-DIVISION","UNDER 15",62300,31943,30357,NA,62300,31943,30357,NA,NA,NA,NA,NA,NA
"KPK","MALAKAND","UPPER CHITRAL","MASTUJ","SUB-DIVISION","05 - 24",75095,38525,36570,NA,75095,38525,36570,NA,NA,NA,NA,NA,NA
"KPK","MALAKAND","UPPER CHITRAL","MASTUJ","SUB-DIVISION","15 - 49",101706,52098,49608,NA,101706,52098,49608,NA,NA,NA,NA,NA,NA
"KPK","MALAKAND","UPPER CHITRAL","MASTUJ","SUB-DIVISION","15 - 64",120557,61775,58782,NA,120557,61775,58782,NA,NA,NA,NA,NA,NA
"KPK","MALAKAND","UPPER CHITRAL","MASTUJ","SUB-DIVISION","18 - 60",105485,54019,51466,NA,105485,54019,51466,NA,NA,NA,NA,NA,NA
"KPK","MALAKAND","UPPER CHITRAL","MASTUJ","SUB-DIVISION","18 &  ABOVE",121689,62693,58996,NA,121689,62693,58996,NA,NA,NA,NA,NA,NA
"KPK","MALAKAND","UPPER CHITRAL","MASTUJ","SUB-DIVISION","60 &  ABOVE",17139,9216,7923,NA,17139,9216,7923,NA,NA,NA,NA,NA,NA
"KPK","MALAKAND","UPPER CHITRAL","MASTUJ","SUB-DIVISION","65 &  ABOVE",12304,6601,5703,NA,12304,6601,5703,NA,NA,NA,NA,NA,NA
"KPK","MALAKAND","UPPER DIR","DIR","SUB-DIVISION","ALL AGES",383541,191228,192308,5,336703,167402,169297,4,46838,23826,23011,1,NA
"KPK","MALAKAND","UPPER DIR","DIR","SUB-DIVISION","UNDER 1",8242,4208,4034,NA,7258,3709,3549,NA,984,499,485,NA,NA
"KPK","MALAKAND","UPPER DIR","DIR","SUB-DIVISION","UNDER 5",70128,35951,34177,NA,62030,31795,30235,NA,8098,4156,3942,NA,NA
"KPK","MALAKAND","UPPER DIR","DIR","SUB-DIVISION","UNDER 10",135679,69638,66041,NA,120568,61911,58657,NA,15111,7727,7384,NA,NA
"KPK","MALAKAND","UPPER DIR","DIR","SUB-DIVISION","UNDER 15",188511,97447,91062,2,167301,86506,80794,1,21210,10941,10268,1,NA
"KPK","MALAKAND","UPPER DIR","DIR","SUB-DIVISION","05 - 24",189047,96095,92948,4,167196,84950,82243,3,21851,11145,10705,1,NA
"KPK","MALAKAND","UPPER DIR","DIR","SUB-DIVISION","15 - 49",161884,76275,85606,3,140721,65858,74860,3,21163,10417,10746,NA,NA
"KPK","MALAKAND","UPPER DIR","DIR","SUB-DIVISION","15 - 64",183261,87348,95910,3,159065,75285,83777,3,24196,12063,12133,NA,NA
"KPK","MALAKAND","UPPER DIR","DIR","SUB-DIVISION","18 - 60",154879,73143,81735,1,134305,62945,71359,1,20574,10198,10376,NA,NA
"KPK","MALAKAND","UPPER DIR","DIR","SUB-DIVISION","18 &  ABOVE",170492,81477,89014,1,147919,70137,77781,1,22573,11340,11233,NA,NA
"KPK","MALAKAND","UPPER DIR","DIR","SUB-DIVISION","60 &  ABOVE",17129,9154,7975,NA,14918,7890,7028,NA,2211,1264,947,NA,NA
"KPK","MALAKAND","UPPER DIR","DIR","SUB-DIVISION","65 &  ABOVE",11769,6433,5336,NA,10337,5611,4726,NA,1432,822,610,NA,NA
"KPK","MALAKAND","UPPER DIR","LARJUM","SUB-DIVISION","ALL AGES",119396,59975,59418,3,119396,59975,59418,3,NA,NA,NA,NA,NA
"KPK","MALAKAND","UPPER DIR","LARJUM","SUB-DIVISION","UNDER 1",2771,1392,1379,NA,2771,1392,1379,NA,NA,NA,NA,NA,NA
"KPK","MALAKAND","UPPER DIR","LARJUM","SUB-DIVISION","UNDER 5",21935,11260,10675,NA,21935,11260,10675,NA,NA,NA,NA,NA,NA
"KPK","MALAKAND","UPPER DIR","LARJUM","SUB-DIVISION","UNDER 10",41992,21371,20621,NA,41992,21371,20621,NA,NA,NA,NA,NA,NA
"KPK","MALAKAND","UPPER DIR","LARJUM","SUB-DIVISION","UNDER 15",58180,29863,28316,1,58180,29863,28316,1,NA,NA,NA,NA,NA
"KPK","MALAKAND","UPPER DIR","LARJUM","SUB-DIVISION","05 - 24",58750,29920,28828,2,58750,29920,28828,2,NA,NA,NA,NA,NA
"KPK","MALAKAND","UPPER DIR","LARJUM","SUB-DIVISION","15 - 49",50974,24653,26320,1,50974,24653,26320,1,NA,NA,NA,NA,NA
"KPK","MALAKAND","UPPER DIR","LARJUM","SUB-DIVISION","15 - 64",57560,28189,29369,2,57560,28189,29369,2,NA,NA,NA,NA,NA
"KPK","MALAKAND","UPPER DIR","LARJUM","SUB-DIVISION","18 - 60",48518,23565,24952,1,48518,23565,24952,1,NA,NA,NA,NA,NA
"KPK","MALAKAND","UPPER DIR","LARJUM","SUB-DIVISION","18 &  ABOVE",53364,26111,27251,2,53364,26111,27251,2,NA,NA,NA,NA,NA
"KPK","MALAKAND","UPPER DIR","LARJUM","SUB-DIVISION","60 &  ABOVE",5258,2767,2490,1,5258,2767,2490,1,NA,NA,NA,NA,NA
"KPK","MALAKAND","UPPER DIR","LARJUM","SUB-DIVISION","65 &  ABOVE",3656,1923,1733,NA,3656,1923,1733,NA,NA,NA,NA,NA,NA
"KPK","MALAKAND","UPPER DIR","SHARINGAL","SUB-DIVISION","ALL AGES",210356,105129,105227,NA,210356,105129,105227,NA,NA,NA,NA,NA,NA
"KPK","MALAKAND","UPPER DIR","SHARINGAL","SUB-DIVISION","UNDER 1",6474,3350,3124,NA,6474,3350,3124,NA,NA,NA,NA,NA,NA
"KPK","MALAKAND","UPPER DIR","SHARINGAL","SUB-DIVISION","UNDER 5",43774,22469,21305,NA,43774,22469,21305,NA,NA,NA,NA,NA,NA
"KPK","MALAKAND","UPPER DIR","SHARINGAL","SUB-DIVISION","UNDER 10",81247,41695,39552,NA,81247,41695,39552,NA,NA,NA,NA,NA,NA
"KPK","MALAKAND","UPPER DIR","SHARINGAL","SUB-DIVISION","UNDER 15",108658,55992,52666,NA,108658,55992,52666,NA,NA,NA,NA,NA,NA
"KPK","MALAKAND","UPPER DIR","SHARINGAL","SUB-DIVISION","05 - 24",101260,51143,50117,NA,101260,51143,50117,NA,NA,NA,NA,NA,NA
"KPK","MALAKAND","UPPER DIR","SHARINGAL","SUB-DIVISION","15 - 49",84028,40009,44019,NA,84028,40009,44019,NA,NA,NA,NA,NA,NA
"KPK","MALAKAND","UPPER DIR","SHARINGAL","SUB-DIVISION","15 - 64",94915,45583,49332,NA,94915,45583,49332,NA,NA,NA,NA,NA,NA
"KPK","MALAKAND","UPPER DIR","SHARINGAL","SUB-DIVISION","18 - 60",81190,38859,42331,NA,81190,38859,42331,NA,NA,NA,NA,NA,NA
"KPK","MALAKAND","UPPER DIR","SHARINGAL","SUB-DIVISION","18 &  ABOVE",89929,43344,46585,NA,89929,43344,46585,NA,NA,NA,NA,NA,NA
"KPK","MALAKAND","UPPER DIR","SHARINGAL","SUB-DIVISION","60 &  ABOVE",9530,4897,4633,NA,9530,4897,4633,NA,NA,NA,NA,NA,NA
"KPK","MALAKAND","UPPER DIR","SHARINGAL","SUB-DIVISION","65 &  ABOVE",6783,3554,3229,NA,6783,3554,3229,NA,NA,NA,NA,NA,NA
"KPK","MALAKAND","UPPER DIR","WARI","SUB-DIVISION","ALL AGES",369123,180407,188712,4,369123,180407,188712,4,NA,NA,NA,NA,NA
"KPK","MALAKAND","UPPER DIR","WARI","SUB-DIVISION","UNDER 1",9875,5059,4816,NA,9875,5059,4816,NA,NA,NA,NA,NA,NA
"KPK","MALAKAND","UPPER DIR","WARI","SUB-DIVISION","UNDER 5",69156,35634,33522,NA,69156,35634,33522,NA,NA,NA,NA,NA,NA
"KPK","MALAKAND","UPPER DIR","WARI","SUB-DIVISION","UNDER 10",133296,68857,64439,NA,133296,68857,64439,NA,NA,NA,NA,NA,NA
"KPK","MALAKAND","UPPER DIR","WARI","SUB-DIVISION","UNDER 15",184710,95952,88756,2,184710,95952,88756,2,NA,NA,NA,NA,NA
"KPK","MALAKAND","UPPER DIR","WARI","SUB-DIVISION","05 - 24",185305,93642,91659,4,185305,93642,91659,4,NA,NA,NA,NA,NA
"KPK","MALAKAND","UPPER DIR","WARI","SUB-DIVISION","15 - 49",153110,68869,84239,2,153110,68869,84239,2,NA,NA,NA,NA,NA
"KPK","MALAKAND","UPPER DIR","WARI","SUB-DIVISION","15 - 64",172988,78453,94533,2,172988,78453,94533,2,NA,NA,NA,NA,NA
"KPK","MALAKAND","UPPER DIR","WARI","SUB-DIVISION","18 - 60",145360,64881,80478,1,145360,64881,80478,1,NA,NA,NA,NA,NA
"KPK","MALAKAND","UPPER DIR","WARI","SUB-DIVISION","18 &  ABOVE",160408,72556,87851,1,160408,72556,87851,1,NA,NA,NA,NA,NA
"KPK","MALAKAND","UPPER DIR","WARI","SUB-DIVISION","60 &  ABOVE",16649,8500,8149,NA,16649,8500,8149,NA,NA,NA,NA,NA,NA
"KPK","MALAKAND","UPPER DIR","WARI","SUB-DIVISION","65 &  ABOVE",11425,6002,5423,NA,11425,6002,5423,NA,NA,NA,NA,NA,NA
"KPK","HAZARA","UPPER KOHISTAN","DASSU","SUB-DIVISION","ALL AGES",133610,69555,64054,1,133610,69555,64054,1,NA,NA,NA,NA,NA
"KPK","HAZARA","UPPER KOHISTAN","DASSU","SUB-DIVISION","UNDER 1",3432,1482,1950,NA,3432,1482,1950,NA,NA,NA,NA,NA,NA
"KPK","HAZARA","UPPER KOHISTAN","DASSU","SUB-DIVISION","UNDER 5",31104,16402,14702,NA,31104,16402,14702,NA,NA,NA,NA,NA,NA
"KPK","HAZARA","UPPER KOHISTAN","DASSU","SUB-DIVISION","UNDER 10",55299,29217,26082,NA,55299,29217,26082,NA,NA,NA,NA,NA,NA
"KPK","HAZARA","UPPER KOHISTAN","DASSU","SUB-DIVISION","UNDER 15",73351,38726,34625,NA,73351,38726,34625,NA,NA,NA,NA,NA,NA
"KPK","HAZARA","UPPER KOHISTAN","DASSU","SUB-DIVISION","05 - 24",67538,35128,32409,1,67538,35128,32409,1,NA,NA,NA,NA,NA
"KPK","HAZARA","UPPER KOHISTAN","DASSU","SUB-DIVISION","15 - 49",53866,27144,26721,1,53866,27144,26721,1,NA,NA,NA,NA,NA
"KPK","HAZARA","UPPER KOHISTAN","DASSU","SUB-DIVISION","15 - 64",58681,29840,28840,1,58681,29840,28840,1,NA,NA,NA,NA,NA
"KPK","HAZARA","UPPER KOHISTAN","DASSU","SUB-DIVISION","18 - 60",48039,24422,23616,1,48039,24422,23616,1,NA,NA,NA,NA,NA
"KPK","HAZARA","UPPER KOHISTAN","DASSU","SUB-DIVISION","18 &  ABOVE",50308,25812,24495,1,50308,25812,24495,1,NA,NA,NA,NA,NA
"KPK","HAZARA","UPPER KOHISTAN","DASSU","SUB-DIVISION","60 &  ABOVE",2773,1686,1087,NA,2773,1686,1087,NA,NA,NA,NA,NA,NA
"KPK","HAZARA","UPPER KOHISTAN","DASSU","SUB-DIVISION","65 &  ABOVE",1578,989,589,NA,1578,989,589,NA,NA,NA,NA,NA,NA
"KPK","HAZARA","UPPER KOHISTAN","HARBAN BHASHA","TEHSIL","ALL AGES",44676,20708,23967,1,44676,20708,23967,1,NA,NA,NA,NA,NA
"KPK","HAZARA","UPPER KOHISTAN","HARBAN BHASHA","TEHSIL","UNDER 1",2295,959,1336,NA,2295,959,1336,NA,NA,NA,NA,NA,NA
"KPK","HAZARA","UPPER KOHISTAN","HARBAN BHASHA","TEHSIL","UNDER 5",11865,5621,6244,NA,11865,5621,6244,NA,NA,NA,NA,NA,NA
"KPK","HAZARA","UPPER KOHISTAN","HARBAN BHASHA","TEHSIL","UNDER 10",21056,9837,11219,NA,21056,9837,11219,NA,NA,NA,NA,NA,NA
"KPK","HAZARA","UPPER KOHISTAN","HARBAN BHASHA","TEHSIL","UNDER 15",27020,12395,14625,NA,27020,12395,14625,NA,NA,NA,NA,NA,NA
"KPK","HAZARA","UPPER KOHISTAN","HARBAN BHASHA","TEHSIL","05 - 24",22368,10148,12219,1,22368,10148,12219,1,NA,NA,NA,NA,NA
"KPK","HAZARA","UPPER KOHISTAN","HARBAN BHASHA","TEHSIL","15 - 49",15435,7197,8237,1,15435,7197,8237,1,NA,NA,NA,NA,NA
"KPK","HAZARA","UPPER KOHISTAN","HARBAN BHASHA","TEHSIL","15 - 64",16826,7887,8938,1,16826,7887,8938,1,NA,NA,NA,NA,NA
"KPK","HAZARA","UPPER KOHISTAN","HARBAN BHASHA","TEHSIL","18 - 60",14415,6781,7634,NA,14415,6781,7634,NA,NA,NA,NA,NA,NA
"KPK","HAZARA","UPPER KOHISTAN","HARBAN BHASHA","TEHSIL","18 &  ABOVE",15494,7339,8155,NA,15494,7339,8155,NA,NA,NA,NA,NA,NA
"KPK","HAZARA","UPPER KOHISTAN","HARBAN BHASHA","TEHSIL","60 &  ABOVE",1186,605,581,NA,1186,605,581,NA,NA,NA,NA,NA,NA
"KPK","HAZARA","UPPER KOHISTAN","HARBAN BHASHA","TEHSIL","65 &  ABOVE",830,426,404,NA,830,426,404,NA,NA,NA,NA,NA,NA
"KPK","HAZARA","UPPER KOHISTAN","KANDIA","SUB-DIVISION","ALL AGES",141271,75870,65400,1,141271,75870,65400,1,NA,NA,NA,NA,NA
"KPK","HAZARA","UPPER KOHISTAN","KANDIA","SUB-DIVISION","UNDER 1",4120,1909,2211,NA,4120,1909,2211,NA,NA,NA,NA,NA,NA
"KPK","HAZARA","UPPER KOHISTAN","KANDIA","SUB-DIVISION","UNDER 5",32396,17680,14716,NA,32396,17680,14716,NA,NA,NA,NA,NA,NA
"KPK","HAZARA","UPPER KOHISTAN","KANDIA","SUB-DIVISION","UNDER 10",59435,32604,26831,NA,59435,32604,26831,NA,NA,NA,NA,NA,NA
"KPK","HAZARA","UPPER KOHISTAN","KANDIA","SUB-DIVISION","UNDER 15",79943,44337,35605,1,79943,44337,35605,1,NA,NA,NA,NA,NA
"KPK","HAZARA","UPPER KOHISTAN","KANDIA","SUB-DIVISION","05 - 24",71090,39159,31930,1,71090,39159,31930,1,NA,NA,NA,NA,NA
"KPK","HAZARA","UPPER KOHISTAN","KANDIA","SUB-DIVISION","15 - 49",53113,26725,26388,NA,53113,26725,26388,NA,NA,NA,NA,NA,NA
"KPK","HAZARA","UPPER KOHISTAN","KANDIA","SUB-DIVISION","15 - 64",58915,29983,28932,NA,58915,29983,28932,NA,NA,NA,NA,NA,NA
"KPK","HAZARA","UPPER KOHISTAN","KANDIA","SUB-DIVISION","18 - 60",48454,24017,24437,NA,48454,24017,24437,NA,NA,NA,NA,NA,NA
"KPK","HAZARA","UPPER KOHISTAN","KANDIA","SUB-DIVISION","18 &  ABOVE",51779,26108,25671,NA,51779,26108,25671,NA,NA,NA,NA,NA,NA
"KPK","HAZARA","UPPER KOHISTAN","KANDIA","SUB-DIVISION","60 &  ABOVE",3932,2445,1487,NA,3932,2445,1487,NA,NA,NA,NA,NA,NA
"KPK","HAZARA","UPPER KOHISTAN","KANDIA","SUB-DIVISION","65 &  ABOVE",2413,1550,863,NA,2413,1550,863,NA,NA,NA,NA,NA,NA
"KPK","HAZARA","UPPER KOHISTAN","SEO","SUB-DIVISION","ALL AGES",54626,26643,27982,1,54626,26643,27982,1,NA,NA,NA,NA,NA
"KPK","HAZARA","UPPER KOHISTAN","SEO","SUB-DIVISION","UNDER 1",1913,579,1334,NA,1913,579,1334,NA,NA,NA,NA,NA,NA
"KPK","HAZARA","UPPER KOHISTAN","SEO","SUB-DIVISION","UNDER 5",13355,6498,6857,NA,13355,6498,6857,NA,NA,NA,NA,NA,NA
"KPK","HAZARA","UPPER KOHISTAN","SEO","SUB-DIVISION","UNDER 10",23567,11397,12170,NA,23567,11397,12170,NA,NA,NA,NA,NA,NA
"KPK","HAZARA","UPPER KOHISTAN","SEO","SUB-DIVISION","UNDER 15",30875,14912,15962,1,30875,14912,15962,1,NA,NA,NA,NA,NA
"KPK","HAZARA","UPPER KOHISTAN","SEO","SUB-DIVISION","05 - 24",26780,12823,13956,1,26780,12823,13956,1,NA,NA,NA,NA,NA
"KPK","HAZARA","UPPER KOHISTAN","SEO","SUB-DIVISION","15 - 49",20479,9915,10564,NA,20479,9915,10564,NA,NA,NA,NA,NA,NA
"KPK","HAZARA","UPPER KOHISTAN","SEO","SUB-DIVISION","15 - 64",22750,11160,11590,NA,22750,11160,11590,NA,NA,NA,NA,NA,NA
"KPK","HAZARA","UPPER KOHISTAN","SEO","SUB-DIVISION","18 - 60",18874,9308,9566,NA,18874,9308,9566,NA,NA,NA,NA,NA,NA
"KPK","HAZARA","UPPER KOHISTAN","SEO","SUB-DIVISION","18 &  ABOVE",20272,10085,10187,NA,20272,10085,10187,NA,NA,NA,NA,NA,NA
"KPK","HAZARA","UPPER KOHISTAN","SEO","SUB-DIVISION","60 &  ABOVE",1564,871,693,NA,1564,871,693,NA,NA,NA,NA,NA,NA
"KPK","HAZARA","UPPER KOHISTAN","SEO","SUB-DIVISION","65 &  ABOVE",1001,571,430,NA,1001,571,430,NA,NA,NA,NA,NA,NA
"PUNJAB","RAWALPINDI","ATTOCK","ATTOCK","TEHSIL","ALL AGES",479094,241706,237360,28,226155,114308,111842,5,252939,127398,125518,23,NA
"PUNJAB","RAWALPINDI","ATTOCK","ATTOCK","TEHSIL","UNDER 1",8288,4108,4180,NA,4277,2149,2128,NA,4011,1959,2052,NA,NA
"PUNJAB","RAWALPINDI","ATTOCK","ATTOCK","TEHSIL","UNDER 5",56259,28224,28035,NA,28033,14069,13964,NA,28226,14155,14071,NA,NA
"PUNJAB","RAWALPINDI","ATTOCK","ATTOCK","TEHSIL","UNDER 10",109174,54907,54267,NA,52707,26572,26135,NA,56467,28335,28132,NA,NA
"PUNJAB","RAWALPINDI","ATTOCK","ATTOCK","TEHSIL","UNDER 15",162025,81349,80676,NA,76503,38346,38157,NA,85522,43003,42519,NA,NA
"PUNJAB","RAWALPINDI","ATTOCK","ATTOCK","TEHSIL","05 - 24",191932,96339,95585,8,89524,44877,44645,2,102408,51462,50940,6,NA
"PUNJAB","RAWALPINDI","ATTOCK","ATTOCK","TEHSIL","15 - 49",249604,124623,124954,27,117059,58796,58258,5,132545,65827,66696,22,NA
"PUNJAB","RAWALPINDI","ATTOCK","ATTOCK","TEHSIL","15 - 64",296296,149287,146981,28,139174,70336,68833,5,157122,78951,78148,23,NA
"PUNJAB","RAWALPINDI","ATTOCK","ATTOCK","TEHSIL","18 - 60",258515,129731,128758,26,121451,61311,60136,4,137064,68420,68622,22,NA
"PUNJAB","RAWALPINDI","ATTOCK","ATTOCK","TEHSIL","18 &  ABOVE",288646,145903,142716,27,136322,69324,66994,4,152324,76579,75722,23,NA
"PUNJAB","RAWALPINDI","ATTOCK","ATTOCK","TEHSIL","60 &  ABOVE",33120,17728,15391,1,16354,8790,7564,NA,16766,8938,7827,1,NA
"PUNJAB","RAWALPINDI","ATTOCK","ATTOCK","TEHSIL","65 &  ABOVE",20773,11070,9703,NA,10478,5626,4852,NA,10295,5444,4851,NA,NA
"PUNJAB","RAWALPINDI","ATTOCK","FATEH JANG","TEHSIL","ALL AGES",374726,189283,185426,17,293405,148263,145137,5,81321,41020,40289,12,NA
"PUNJAB","RAWALPINDI","ATTOCK","FATEH JANG","TEHSIL","UNDER 1",6295,3239,3056,NA,4838,2500,2338,NA,1457,739,718,NA,NA
"PUNJAB","RAWALPINDI","ATTOCK","FATEH JANG","TEHSIL","UNDER 5",43356,21980,21376,NA,33418,16853,16565,NA,9938,5127,4811,NA,NA
"PUNJAB","RAWALPINDI","ATTOCK","FATEH JANG","TEHSIL","UNDER 10",84285,42511,41774,NA,64969,32649,32320,NA,19316,9862,9454,NA,NA
"PUNJAB","RAWALPINDI","ATTOCK","FATEH JANG","TEHSIL","UNDER 15",124395,62746,61649,NA,95143,47712,47431,NA,29252,15034,14218,NA,NA
"PUNJAB","RAWALPINDI","ATTOCK","FATEH JANG","TEHSIL","05 - 24",145097,73163,71930,4,111387,56010,55376,1,33710,17153,16554,3,NA
"PUNJAB","RAWALPINDI","ATTOCK","FATEH JANG","TEHSIL","15 - 49",188187,93861,94312,14,147647,73938,73705,4,40540,19923,20607,10,NA
"PUNJAB","RAWALPINDI","ATTOCK","FATEH JANG","TEHSIL","15 - 64",228821,115169,113635,17,180362,91114,89243,5,48459,24055,24392,12,NA
"PUNJAB","RAWALPINDI","ATTOCK","FATEH JANG","TEHSIL","18 - 60",199545,99883,99645,17,157524,79223,78296,5,42021,20660,21349,12,NA
"PUNJAB","RAWALPINDI","ATTOCK","FATEH JANG","TEHSIL","18 &  ABOVE",229306,115806,113483,17,182082,92328,89749,5,47224,23478,23734,12,NA
"PUNJAB","RAWALPINDI","ATTOCK","FATEH JANG","TEHSIL","60 &  ABOVE",32295,17229,15066,NA,26555,14160,12395,NA,5740,3069,2671,NA,NA
"PUNJAB","RAWALPINDI","ATTOCK","FATEH JANG","TEHSIL","65 &  ABOVE",21510,11368,10142,NA,17900,9437,8463,NA,3610,1931,1679,NA,NA
"PUNJAB","RAWALPINDI","ATTOCK","HASAN ABDAL","TEHSIL","ALL AGES",253435,128983,124439,13,184082,93489,90592,1,69353,35494,33847,12,NA
"PUNJAB","RAWALPINDI","ATTOCK","HASAN ABDAL","TEHSIL","UNDER 1",4687,2351,2336,NA,3532,1788,1744,NA,1155,563,592,NA,NA
"PUNJAB","RAWALPINDI","ATTOCK","HASAN ABDAL","TEHSIL","UNDER 5",31316,15735,15581,NA,23166,11722,11444,NA,8150,4013,4137,NA,NA
"PUNJAB","RAWALPINDI","ATTOCK","HASAN ABDAL","TEHSIL","UNDER 10",61389,30785,30604,NA,45358,22874,22484,NA,16031,7911,8120,NA,NA
"PUNJAB","RAWALPINDI","ATTOCK","HASAN ABDAL","TEHSIL","UNDER 15",90911,45684,45227,NA,66740,33666,33074,NA,24171,12018,12153,NA,NA
"PUNJAB","RAWALPINDI","ATTOCK","HASAN ABDAL","TEHSIL","05 - 24",105454,53537,51912,5,76024,38486,37537,1,29430,15051,14375,4,NA
"PUNJAB","RAWALPINDI","ATTOCK","HASAN ABDAL","TEHSIL","15 - 49",126356,63898,62446,12,90753,45638,45114,1,35603,18260,17332,11,NA
"PUNJAB","RAWALPINDI","ATTOCK","HASAN ABDAL","TEHSIL","15 - 64",151028,77037,73978,13,108545,54996,53548,1,42483,22041,20430,12,NA
"PUNJAB","RAWALPINDI","ATTOCK","HASAN ABDAL","TEHSIL","18 - 60",130434,66078,64343,13,94024,47388,46635,1,36410,18690,17708,12,NA
"PUNJAB","RAWALPINDI","ATTOCK","HASAN ABDAL","TEHSIL","18 &  ABOVE",147039,75255,71771,13,106566,54332,52233,1,40473,20923,19538,12,NA
"PUNJAB","RAWALPINDI","ATTOCK","HASAN ABDAL","TEHSIL","60 &  ABOVE",18029,9914,8115,NA,13610,7504,6106,NA,4419,2410,2009,NA,NA
"PUNJAB","RAWALPINDI","ATTOCK","HASAN ABDAL","TEHSIL","65 &  ABOVE",11496,6262,5234,NA,8797,4827,3970,NA,2699,1435,1264,NA,NA
"PUNJAB","RAWALPINDI","ATTOCK","HAZRO","TEHSIL","ALL AGES",386544,195013,191525,6,323572,163256,160314,2,62972,31757,31211,4,NA
"PUNJAB","RAWALPINDI","ATTOCK","HAZRO","TEHSIL","UNDER 1",6868,3497,3371,NA,5918,3010,2908,NA,950,487,463,NA,NA
"PUNJAB","RAWALPINDI","ATTOCK","HAZRO","TEHSIL","UNDER 5",45130,22578,22552,NA,38251,19155,19096,NA,6879,3423,3456,NA,NA
"PUNJAB","RAWALPINDI","ATTOCK","HAZRO","TEHSIL","UNDER 10",87196,43560,43636,NA,73639,36823,36816,NA,13557,6737,6820,NA,NA
"PUNJAB","RAWALPINDI","ATTOCK","HAZRO","TEHSIL","UNDER 15",131073,66132,64940,1,110179,55576,54602,1,20894,10556,10338,NA,NA
"PUNJAB","RAWALPINDI","ATTOCK","HAZRO","TEHSIL","05 - 24",159076,80572,78502,2,133206,67333,65871,2,25870,13239,12631,NA,NA
"PUNJAB","RAWALPINDI","ATTOCK","HAZRO","TEHSIL","15 - 49",196446,97715,98726,5,164398,81771,82626,1,32048,15944,16100,4,NA
"PUNJAB","RAWALPINDI","ATTOCK","HAZRO","TEHSIL","15 - 64",235136,117919,117212,5,196476,98549,97926,1,38660,19370,19286,4,NA
"PUNJAB","RAWALPINDI","ATTOCK","HAZRO","TEHSIL","18 - 60",203317,101518,101795,4,169903,84942,84961,NA,33414,16576,16834,4,NA
"PUNJAB","RAWALPINDI","ATTOCK","HAZRO","TEHSIL","18 &  ABOVE",231471,116748,114719,4,193263,97577,95686,NA,38208,19171,19033,4,NA
"PUNJAB","RAWALPINDI","ATTOCK","HAZRO","TEHSIL","60 &  ABOVE",30921,16569,14352,NA,25675,13764,11911,NA,5246,2805,2441,NA,NA
"PUNJAB","RAWALPINDI","ATTOCK","HAZRO","TEHSIL","65 &  ABOVE",20335,10962,9373,NA,16917,9131,7786,NA,3418,1831,1587,NA,NA
"PUNJAB","RAWALPINDI","ATTOCK","JAND","TEHSIL","ALL AGES",330328,162882,167439,7,274074,135158,138913,3,56254,27724,28526,4,NA
"PUNJAB","RAWALPINDI","ATTOCK","JAND","TEHSIL","UNDER 1",4817,2425,2392,NA,3867,1967,1900,NA,950,458,492,NA,NA
"PUNJAB","RAWALPINDI","ATTOCK","JAND","TEHSIL","UNDER 5",33625,16872,16753,NA,27633,13883,13750,NA,5992,2989,3003,NA,NA
"PUNJAB","RAWALPINDI","ATTOCK","JAND","TEHSIL","UNDER 10",67180,33716,33464,NA,54916,27536,27380,NA,12264,6180,6084,NA,NA
"PUNJAB","RAWALPINDI","ATTOCK","JAND","TEHSIL","UNDER 15",100155,50334,49821,NA,81759,41113,40646,NA,18396,9221,9175,NA,NA
"PUNJAB","RAWALPINDI","ATTOCK","JAND","TEHSIL","05 - 24",122016,60826,61188,2,99756,49713,50041,2,22260,11113,11147,NA,NA
"PUNJAB","RAWALPINDI","ATTOCK","JAND","TEHSIL","15 - 49",167794,81175,86613,6,138824,67269,71553,2,28970,13906,15060,4,NA
"PUNJAB","RAWALPINDI","ATTOCK","JAND","TEHSIL","15 - 64",207241,101082,106153,6,172334,84081,88251,2,34907,17001,17902,4,NA
"PUNJAB","RAWALPINDI","ATTOCK","JAND","TEHSIL","18 - 60",180338,87381,92953,4,150110,72820,77290,NA,30228,14561,15663,4,NA
"PUNJAB","RAWALPINDI","ATTOCK","JAND","TEHSIL","18 &  ABOVE",211896,103386,108505,5,177430,86617,90812,1,34466,16769,17693,4,NA
"PUNJAB","RAWALPINDI","ATTOCK","JAND","TEHSIL","60 &  ABOVE",33813,17162,16650,1,29258,14784,14473,1,4555,2378,2177,NA,NA
"PUNJAB","RAWALPINDI","ATTOCK","JAND","TEHSIL","65 &  ABOVE",22932,11466,11465,1,19981,9964,10016,1,2951,1502,1449,NA,NA
"PUNJAB","RAWALPINDI","ATTOCK","PINDI GHEB","TEHSIL","ALL AGES",308878,153826,155042,10,245068,121265,123801,2,63810,32561,31241,8,NA
"PUNJAB","RAWALPINDI","ATTOCK","PINDI GHEB","TEHSIL","UNDER 1",5087,2492,2595,NA,4223,2067,2156,NA,864,425,439,NA,NA
"PUNJAB","RAWALPINDI","ATTOCK","PINDI GHEB","TEHSIL","UNDER 5",32615,16270,16345,NA,25565,12761,12804,NA,7050,3509,3541,NA,NA
"PUNJAB","RAWALPINDI","ATTOCK","PINDI GHEB","TEHSIL","UNDER 10",64239,32070,32169,NA,50600,25229,25371,NA,13639,6841,6798,NA,NA
"PUNJAB","RAWALPINDI","ATTOCK","PINDI GHEB","TEHSIL","UNDER 15",95725,47741,47984,NA,75335,37477,37858,NA,20390,10264,10126,NA,NA
"PUNJAB","RAWALPINDI","ATTOCK","PINDI GHEB","TEHSIL","05 - 24",115174,57497,57673,4,90933,45083,45850,NA,24241,12414,11823,4,NA
"PUNJAB","RAWALPINDI","ATTOCK","PINDI GHEB","TEHSIL","15 - 49",156798,77049,79740,9,123518,60140,63376,2,33280,16909,16364,7,NA
"PUNJAB","RAWALPINDI","ATTOCK","PINDI GHEB","TEHSIL","15 - 64",192763,95638,97116,9,152802,75186,77614,2,39961,20452,19502,7,NA
"PUNJAB","RAWALPINDI","ATTOCK","PINDI GHEB","TEHSIL","18 - 60",168073,82976,85090,7,133102,65189,67911,2,34971,17787,17179,5,NA
"PUNJAB","RAWALPINDI","ATTOCK","PINDI GHEB","TEHSIL","18 &  ABOVE",196200,97619,98573,8,156340,77176,79162,2,39860,20443,19411,6,NA
"PUNJAB","RAWALPINDI","ATTOCK","PINDI GHEB","TEHSIL","60 &  ABOVE",30269,15761,14507,1,24932,12867,12065,NA,5337,2894,2442,1,NA
"PUNJAB","RAWALPINDI","ATTOCK","PINDI GHEB","TEHSIL","65 &  ABOVE",20390,10447,9942,1,16931,8602,8329,NA,3459,1845,1613,1,NA
"PUNJAB","BAHAWALPUR","BAHAWALNAGAR","BAHAWALNAGAR","TEHSIL","ALL AGES",973483,507811,465575,97,692476,361246,331203,27,281007,146565,134372,70,NA
"PUNJAB","BAHAWALPUR","BAHAWALNAGAR","BAHAWALNAGAR","TEHSIL","UNDER 1",23473,12032,11441,NA,17787,9103,8684,NA,5686,2929,2757,NA,NA
"PUNJAB","BAHAWALPUR","BAHAWALNAGAR","BAHAWALNAGAR","TEHSIL","UNDER 5",137252,71251,66001,NA,103356,53869,49487,NA,33896,17382,16514,NA,NA
"PUNJAB","BAHAWALPUR","BAHAWALNAGAR","BAHAWALNAGAR","TEHSIL","UNDER 10",273672,143051,130621,NA,204674,107264,97410,NA,68998,35787,33211,NA,NA
"PUNJAB","BAHAWALPUR","BAHAWALNAGAR","BAHAWALNAGAR","TEHSIL","UNDER 15",400969,212511,188452,6,296406,157065,139337,4,104563,55446,49115,2,NA
"PUNJAB","BAHAWALPUR","BAHAWALNAGAR","BAHAWALNAGAR","TEHSIL","05 - 24",438220,232028,206167,25,313821,166093,147718,10,124399,65935,58449,15,NA
"PUNJAB","BAHAWALPUR","BAHAWALNAGAR","BAHAWALNAGAR","TEHSIL","15 - 49",452028,231501,220451,76,311094,159229,151846,19,140934,72272,68605,57,NA
"PUNJAB","BAHAWALPUR","BAHAWALNAGAR","BAHAWALNAGAR","TEHSIL","15 - 64",536751,276386,260276,89,370258,190393,179842,23,166493,85993,80434,66,NA
"PUNJAB","BAHAWALPUR","BAHAWALNAGAR","BAHAWALNAGAR","TEHSIL","18 - 60",461784,235920,225782,82,317875,162279,155577,19,143909,73641,70205,63,NA
"PUNJAB","BAHAWALPUR","BAHAWALNAGAR","BAHAWALNAGAR","TEHSIL","18 &  ABOVE",513416,263377,249953,86,354689,181903,172767,19,158727,81474,77186,67,NA
"PUNJAB","BAHAWALPUR","BAHAWALNAGAR","BAHAWALNAGAR","TEHSIL","60 &  ABOVE",56643,30070,26567,6,40433,21528,18905,NA,16210,8542,7662,6,NA
"PUNJAB","BAHAWALPUR","BAHAWALNAGAR","BAHAWALNAGAR","TEHSIL","65 &  ABOVE",35763,18914,16847,2,25812,13788,12024,NA,9951,5126,4823,2,NA
"PUNJAB","BAHAWALPUR","BAHAWALNAGAR","CHISHTIAN","TEHSIL","ALL AGES",843342,437370,405853,119,614192,318904,295242,46,229150,118466,110611,73,NA
"PUNJAB","BAHAWALPUR","BAHAWALNAGAR","CHISHTIAN","TEHSIL","UNDER 1",19327,9984,9343,NA,14771,7616,7155,NA,4556,2368,2188,NA,NA
"PUNJAB","BAHAWALPUR","BAHAWALNAGAR","CHISHTIAN","TEHSIL","UNDER 5",112296,57928,54368,NA,85651,44211,41440,NA,26645,13717,12928,NA,NA
"PUNJAB","BAHAWALPUR","BAHAWALNAGAR","CHISHTIAN","TEHSIL","UNDER 10",225170,117080,108090,NA,170773,89064,81709,NA,54397,28016,26381,NA,NA
"PUNJAB","BAHAWALPUR","BAHAWALNAGAR","CHISHTIAN","TEHSIL","UNDER 15",332180,175378,156797,5,247909,130766,117139,4,84271,44612,39658,1,NA
"PUNJAB","BAHAWALPUR","BAHAWALNAGAR","CHISHTIAN","TEHSIL","05 - 24",369621,194662,174926,33,268555,141280,127258,17,101066,53382,47668,16,NA
"PUNJAB","BAHAWALPUR","BAHAWALNAGAR","CHISHTIAN","TEHSIL","15 - 49",397702,201243,196356,103,283770,143923,139810,37,113932,57320,56546,66,NA
"PUNJAB","BAHAWALPUR","BAHAWALNAGAR","CHISHTIAN","TEHSIL","15 - 64",476294,242852,233329,113,340142,173759,166342,41,136152,69093,66987,72,NA
"PUNJAB","BAHAWALPUR","BAHAWALNAGAR","CHISHTIAN","TEHSIL","18 - 60",409744,207204,202437,103,293067,148670,144363,34,116677,58534,58074,69,NA
"PUNJAB","BAHAWALPUR","BAHAWALNAGAR","CHISHTIAN","TEHSIL","18 &  ABOVE",459735,234503,225128,104,330124,168944,161145,35,129611,65559,63983,69,NA
"PUNJAB","BAHAWALPUR","BAHAWALNAGAR","CHISHTIAN","TEHSIL","60 &  ABOVE",54830,29925,24903,2,40686,22248,18436,2,14144,7677,6467,NA,NA
"PUNJAB","BAHAWALPUR","BAHAWALNAGAR","CHISHTIAN","TEHSIL","65 &  ABOVE",34868,19140,15727,1,26141,14379,11761,1,8727,4761,3966,NA,NA
"PUNJAB","BAHAWALPUR","BAHAWALNAGAR","FORT ABBAS","TEHSIL","ALL AGES",509974,266077,243865,32,375999,195869,180124,6,133975,70208,63741,26,NA
"PUNJAB","BAHAWALPUR","BAHAWALNAGAR","FORT ABBAS","TEHSIL","UNDER 1",13364,7003,6361,NA,9865,5135,4730,NA,3499,1868,1631,NA,NA
"PUNJAB","BAHAWALPUR","BAHAWALNAGAR","FORT ABBAS","TEHSIL","UNDER 5",77593,40709,36884,NA,58036,30489,27547,NA,19557,10220,9337,NA,NA
"PUNJAB","BAHAWALPUR","BAHAWALNAGAR","FORT ABBAS","TEHSIL","UNDER 10",144248,75414,68834,NA,107541,56191,51350,NA,36707,19223,17484,NA,NA
"PUNJAB","BAHAWALPUR","BAHAWALNAGAR","FORT ABBAS","TEHSIL","UNDER 15",206665,109474,97189,2,152166,80206,71958,2,54499,29268,25231,NA,NA
"PUNJAB","BAHAWALPUR","BAHAWALNAGAR","FORT ABBAS","TEHSIL","05 - 24",218646,115117,103523,6,158998,83145,75849,4,59648,31972,27674,2,NA
"PUNJAB","BAHAWALPUR","BAHAWALNAGAR","FORT ABBAS","TEHSIL","15 - 49",235904,119932,115950,22,172850,87927,84919,4,63054,32005,31031,18,NA
"PUNJAB","BAHAWALPUR","BAHAWALNAGAR","FORT ABBAS","TEHSIL","15 - 64",281926,144648,137249,29,207146,106333,100809,4,74780,38315,36440,25,NA
"PUNJAB","BAHAWALPUR","BAHAWALNAGAR","FORT ABBAS","TEHSIL","18 - 60",242320,123454,118841,25,178531,91139,87390,2,63789,32315,31451,23,NA
"PUNJAB","BAHAWALPUR","BAHAWALNAGAR","FORT ABBAS","TEHSIL","18 &  ABOVE",272512,140156,132329,27,201833,104021,97810,2,70679,36135,34519,25,NA
"PUNJAB","BAHAWALPUR","BAHAWALNAGAR","FORT ABBAS","TEHSIL","60 &  ABOVE",32978,18159,14816,3,25359,13933,11426,NA,7619,4226,3390,3,NA
"PUNJAB","BAHAWALPUR","BAHAWALNAGAR","FORT ABBAS","TEHSIL","65 &  ABOVE",21383,11955,9427,1,16687,9330,7357,NA,4696,2625,2070,1,NA
"PUNJAB","BAHAWALPUR","BAHAWALNAGAR","HAROONABAD","TEHSIL","ALL AGES",614987,317548,297346,93,403740,208182,195545,13,211247,109366,101801,80,NA
"PUNJAB","BAHAWALPUR","BAHAWALNAGAR","HAROONABAD","TEHSIL","UNDER 1",13582,6919,6663,NA,9578,4869,4709,NA,4004,2050,1954,NA,NA
"PUNJAB","BAHAWALPUR","BAHAWALNAGAR","HAROONABAD","TEHSIL","UNDER 5",78818,40943,37875,NA,54298,28225,26073,NA,24520,12718,11802,NA,NA
"PUNJAB","BAHAWALPUR","BAHAWALNAGAR","HAROONABAD","TEHSIL","UNDER 10",154213,79954,74259,NA,104202,53848,50354,NA,50011,26106,23905,NA,NA
"PUNJAB","BAHAWALPUR","BAHAWALNAGAR","HAROONABAD","TEHSIL","UNDER 15",228438,119739,108698,1,152113,79264,72848,1,76325,40475,35850,NA,NA
"PUNJAB","BAHAWALPUR","BAHAWALNAGAR","HAROONABAD","TEHSIL","05 - 24",263998,137712,126248,38,170366,88508,81852,6,93632,49204,44396,32,NA
"PUNJAB","BAHAWALPUR","BAHAWALNAGAR","HAROONABAD","TEHSIL","15 - 49",298426,150890,147451,85,192170,97388,94771,11,106256,53502,52680,74,NA
"PUNJAB","BAHAWALPUR","BAHAWALNAGAR","HAROONABAD","TEHSIL","15 - 64",358230,182233,175907,90,231517,117894,113611,12,126713,64339,62296,78,NA
"PUNJAB","BAHAWALPUR","BAHAWALNAGAR","HAROONABAD","TEHSIL","18 - 60",307175,155193,151895,87,198625,100613,98002,10,108550,54580,53893,77,NA
"PUNJAB","BAHAWALPUR","BAHAWALNAGAR","HAROONABAD","TEHSIL","18 &  ABOVE",347451,177140,170222,89,226686,115821,110855,10,120765,61319,59367,79,NA
"PUNJAB","BAHAWALPUR","BAHAWALNAGAR","HAROONABAD","TEHSIL","60 &  ABOVE",43838,23742,20094,2,30387,16367,14020,NA,13451,7375,6074,2,NA
"PUNJAB","BAHAWALPUR","BAHAWALNAGAR","HAROONABAD","TEHSIL","65 &  ABOVE",28319,15576,12741,2,20110,11024,9086,NA,8209,4552,3655,2,NA
"PUNJAB","BAHAWALPUR","BAHAWALNAGAR","MINCHINABAD","TEHSIL","ALL AGES",603125,314082,289014,29,484889,252749,232132,8,118236,61333,56882,21,NA
"PUNJAB","BAHAWALPUR","BAHAWALNAGAR","MINCHINABAD","TEHSIL","UNDER 1",12898,6607,6291,NA,10427,5341,5086,NA,2471,1266,1205,NA,NA
"PUNJAB","BAHAWALPUR","BAHAWALNAGAR","MINCHINABAD","TEHSIL","UNDER 5",86719,44674,42045,NA,71085,36614,34471,NA,15634,8060,7574,NA,NA
"PUNJAB","BAHAWALPUR","BAHAWALNAGAR","MINCHINABAD","TEHSIL","UNDER 10",174618,90551,84067,NA,143132,74239,68893,NA,31486,16312,15174,NA,NA
"PUNJAB","BAHAWALPUR","BAHAWALNAGAR","MINCHINABAD","TEHSIL","UNDER 15",254116,133347,120769,NA,206148,108201,97947,NA,47968,25146,22822,NA,NA
"PUNJAB","BAHAWALPUR","BAHAWALNAGAR","MINCHINABAD","TEHSIL","05 - 24",273626,144009,129611,6,218980,115464,103514,2,54646,28545,26097,4,NA
"PUNJAB","BAHAWALPUR","BAHAWALNAGAR","MINCHINABAD","TEHSIL","15 - 49",272648,139766,132859,23,216763,111283,105474,6,55885,28483,27385,17,NA
"PUNJAB","BAHAWALPUR","BAHAWALNAGAR","MINCHINABAD","TEHSIL","15 - 64",324986,167530,157428,28,258859,133603,125248,8,66127,33927,32180,20,NA
"PUNJAB","BAHAWALPUR","BAHAWALNAGAR","MINCHINABAD","TEHSIL","18 - 60",278489,142629,135834,26,222194,113833,108355,6,56295,28796,27479,20,NA
"PUNJAB","BAHAWALPUR","BAHAWALNAGAR","MINCHINABAD","TEHSIL","18 &  ABOVE",312067,160980,151060,27,249727,128912,120809,6,62340,32068,30251,21,NA
"PUNJAB","BAHAWALPUR","BAHAWALNAGAR","MINCHINABAD","TEHSIL","60 &  ABOVE",37020,20133,16885,2,30356,16524,13831,1,6664,3609,3054,1,NA
"PUNJAB","BAHAWALPUR","BAHAWALNAGAR","MINCHINABAD","TEHSIL","65 &  ABOVE",24023,13205,10817,1,19882,10945,8937,NA,4141,2260,1880,1,NA
"PUNJAB","BAHAWALPUR","BAHAWALPUR","AHMADPUR EAST","TEHSIL","ALL AGES",1307408,665954,641322,132,958833,488288,470526,19,348575,177666,170796,113,NA
"PUNJAB","BAHAWALPUR","BAHAWALPUR","AHMADPUR EAST","TEHSIL","UNDER 1",39552,20116,19436,NA,28893,14659,14234,NA,10659,5457,5202,NA,NA
"PUNJAB","BAHAWALPUR","BAHAWALPUR","AHMADPUR EAST","TEHSIL","UNDER 5",245824,125847,119977,NA,181006,91874,89132,NA,64818,33973,30845,NA,NA
"PUNJAB","BAHAWALPUR","BAHAWALPUR","AHMADPUR EAST","TEHSIL","UNDER 10",445252,227467,217785,NA,332758,169106,163652,NA,112494,58361,54133,NA,NA
"PUNJAB","BAHAWALPUR","BAHAWALPUR","AHMADPUR EAST","TEHSIL","UNDER 15",605430,309479,295947,4,451282,229814,221465,3,154148,79665,74482,1,NA
"PUNJAB","BAHAWALPUR","BAHAWALPUR","AHMADPUR EAST","TEHSIL","05 - 24",576808,293006,283761,41,428238,218013,210217,8,148570,74993,73544,33,NA
"PUNJAB","BAHAWALPUR","BAHAWALPUR","AHMADPUR EAST","TEHSIL","15 - 49",562602,283588,278899,115,406665,205917,200734,14,155937,77671,78165,101,NA
"PUNJAB","BAHAWALPUR","BAHAWALPUR","AHMADPUR EAST","TEHSIL","15 - 64",657752,333520,324105,127,474992,241524,233452,16,182760,91996,90653,111,NA
"PUNJAB","BAHAWALPUR","BAHAWALPUR","AHMADPUR EAST","TEHSIL","18 - 60",566290,286781,279394,115,408939,207704,201221,14,157351,79077,78173,101,NA
"PUNJAB","BAHAWALPUR","BAHAWALPUR","AHMADPUR EAST","TEHSIL","18 &  ABOVE",628886,319063,309706,117,454646,231226,223406,14,174240,87837,86300,103,NA
"PUNJAB","BAHAWALPUR","BAHAWALPUR","AHMADPUR EAST","TEHSIL","60 &  ABOVE",68161,35263,32892,6,49698,25637,24060,1,18463,9626,8832,5,NA
"PUNJAB","BAHAWALPUR","BAHAWALPUR","AHMADPUR EAST","TEHSIL","65 &  ABOVE",44226,22955,21270,1,32559,16950,15609,NA,11667,6005,5661,1,NA
"PUNJAB","BAHAWALPUR","BAHAWALPUR","BAHAWALPUR CITY","TEHSIL","ALL AGES",813422,414027,399293,102,NA,NA,NA,NA,813422,414027,399293,102,NA
"PUNJAB","BAHAWALPUR","BAHAWALPUR","BAHAWALPUR CITY","TEHSIL","UNDER 1",14972,7309,7663,NA,NA,NA,NA,NA,14972,7309,7663,NA,NA
"PUNJAB","BAHAWALPUR","BAHAWALPUR","BAHAWALPUR CITY","TEHSIL","UNDER 5",100598,49995,50603,NA,NA,NA,NA,NA,100598,49995,50603,NA,NA
"PUNJAB","BAHAWALPUR","BAHAWALPUR","BAHAWALPUR CITY","TEHSIL","UNDER 10",197025,98686,98339,NA,NA,NA,NA,NA,197025,98686,98339,NA,NA
"PUNJAB","BAHAWALPUR","BAHAWALPUR","BAHAWALPUR CITY","TEHSIL","UNDER 15",291481,147126,144355,NA,NA,NA,NA,NA,291481,147126,144355,NA,NA
"PUNJAB","BAHAWALPUR","BAHAWALPUR","BAHAWALPUR CITY","TEHSIL","05 - 24",360631,183625,176968,38,NA,NA,NA,NA,360631,183625,176968,38,NA
"PUNJAB","BAHAWALPUR","BAHAWALPUR","BAHAWALPUR CITY","TEHSIL","15 - 49",423183,213417,209669,97,NA,NA,NA,NA,423183,213417,209669,97,NA
"PUNJAB","BAHAWALPUR","BAHAWALPUR","BAHAWALPUR CITY","TEHSIL","15 - 64",495209,252164,242944,101,NA,NA,NA,NA,495209,252164,242944,101,NA
"PUNJAB","BAHAWALPUR","BAHAWALPUR","BAHAWALPUR CITY","TEHSIL","18 - 60",430986,217813,213074,99,NA,NA,NA,NA,430986,217813,213074,99,NA
"PUNJAB","BAHAWALPUR","BAHAWALPUR","BAHAWALPUR CITY","TEHSIL","18 &  ABOVE",471673,240406,231167,100,NA,NA,NA,NA,471673,240406,231167,100,NA
"PUNJAB","BAHAWALPUR","BAHAWALPUR","BAHAWALPUR CITY","TEHSIL","60 &  ABOVE",45042,24891,20150,1,NA,NA,NA,NA,45042,24891,20150,1,NA
"PUNJAB","BAHAWALPUR","BAHAWALPUR","BAHAWALPUR CITY","TEHSIL","65 &  ABOVE",26732,14737,11994,1,NA,NA,NA,NA,26732,14737,11994,1,NA
"PUNJAB","BAHAWALPUR","BAHAWALPUR","BAHAWALPUR SADDAR","TEHSIL","ALL AGES",661543,338536,322907,100,524996,266854,258100,42,136547,71682,64807,58,NA
"PUNJAB","BAHAWALPUR","BAHAWALPUR","BAHAWALPUR SADDAR","TEHSIL","UNDER 1",14552,7412,7140,NA,12606,6468,6138,NA,1946,944,1002,NA,NA
"PUNJAB","BAHAWALPUR","BAHAWALPUR","BAHAWALPUR SADDAR","TEHSIL","UNDER 5",101681,51436,50245,NA,83052,41976,41076,NA,18629,9460,9169,NA,NA
"PUNJAB","BAHAWALPUR","BAHAWALPUR","BAHAWALPUR SADDAR","TEHSIL","UNDER 10",193562,98068,95494,NA,157481,79687,77794,NA,36081,18381,17700,NA,NA
"PUNJAB","BAHAWALPUR","BAHAWALPUR","BAHAWALPUR SADDAR","TEHSIL","UNDER 15",273668,139071,134584,13,221058,112139,108913,6,52610,26932,25671,7,NA
"PUNJAB","BAHAWALPUR","BAHAWALPUR","BAHAWALPUR SADDAR","TEHSIL","05 - 24",289335,147022,142270,43,230344,116601,113725,18,58991,30421,28545,25,NA
"PUNJAB","BAHAWALPUR","BAHAWALPUR","BAHAWALPUR SADDAR","TEHSIL","15 - 49",312282,159201,153002,79,243126,122678,120417,31,69156,36523,32585,48,NA
"PUNJAB","BAHAWALPUR","BAHAWALPUR","BAHAWALPUR SADDAR","TEHSIL","15 - 64",365429,187586,177758,85,285371,144992,140345,34,80058,42594,37413,51,NA
"PUNJAB","BAHAWALPUR","BAHAWALPUR","BAHAWALPUR SADDAR","TEHSIL","18 - 60",317114,162580,154460,74,247317,125501,121790,26,69797,37079,32670,48,NA
"PUNJAB","BAHAWALPUR","BAHAWALPUR","BAHAWALPUR SADDAR","TEHSIL","18 &  ABOVE",349447,179818,169553,76,273790,139434,134328,28,75657,40384,35225,48,NA
"PUNJAB","BAHAWALPUR","BAHAWALPUR","BAHAWALPUR SADDAR","TEHSIL","60 &  ABOVE",35644,19048,16594,2,29023,15322,13699,2,6621,3726,2895,NA,NA
"PUNJAB","BAHAWALPUR","BAHAWALPUR","BAHAWALPUR SADDAR","TEHSIL","65 &  ABOVE",22446,11879,10565,2,18567,9723,8842,2,3879,2156,1723,NA,NA
"PUNJAB","BAHAWALPUR","BAHAWALPUR","HASILPUR","TEHSIL","ALL AGES",506604,253429,253133,42,310921,155620,155294,7,195683,97809,97839,35,NA
"PUNJAB","BAHAWALPUR","BAHAWALPUR","HASILPUR","TEHSIL","UNDER 1",9785,4873,4912,NA,6149,3099,3050,NA,3636,1774,1862,NA,NA
"PUNJAB","BAHAWALPUR","BAHAWALPUR","HASILPUR","TEHSIL","UNDER 5",65669,32790,32879,NA,40833,20372,20461,NA,24836,12418,12418,NA,NA
"PUNJAB","BAHAWALPUR","BAHAWALPUR","HASILPUR","TEHSIL","UNDER 10",129785,64593,65192,NA,81075,40298,40777,NA,48710,24295,24415,NA,NA
"PUNJAB","BAHAWALPUR","BAHAWALPUR","HASILPUR","TEHSIL","UNDER 15",190381,94463,95917,1,118231,58742,59488,1,72150,35721,36429,NA,NA
"PUNJAB","BAHAWALPUR","BAHAWALPUR","HASILPUR","TEHSIL","05 - 24",216731,107489,109228,14,132817,65865,66950,2,83914,41624,42278,12,NA
"PUNJAB","BAHAWALPUR","BAHAWALPUR","HASILPUR","TEHSIL","15 - 49",245678,121419,124221,38,148534,73273,75255,6,97144,48146,48966,32,NA
"PUNJAB","BAHAWALPUR","BAHAWALPUR","HASILPUR","TEHSIL","15 - 64",293716,146794,146883,39,177997,88861,89130,6,115719,57933,57753,33,NA
"PUNJAB","BAHAWALPUR","BAHAWALPUR","HASILPUR","TEHSIL","18 - 60",253830,126448,127348,34,153753,76478,77270,5,100077,49970,50078,29,NA
"PUNJAB","BAHAWALPUR","BAHAWALPUR","HASILPUR","TEHSIL","18 &  ABOVE",285701,143569,142096,36,174270,87594,86671,5,111431,55975,55425,31,NA
"PUNJAB","BAHAWALPUR","BAHAWALPUR","HASILPUR","TEHSIL","60 &  ABOVE",34760,18655,16103,2,22330,12075,10255,NA,12430,6580,5848,2,NA
"PUNJAB","BAHAWALPUR","BAHAWALPUR","HASILPUR","TEHSIL","65 &  ABOVE",22507,12172,10333,2,14693,8017,6676,NA,7814,4155,3657,2,NA
"PUNJAB","BAHAWALPUR","BAHAWALPUR","KHAIRPUR TAMEWALI","TEHSIL","ALL AGES",288741,145773,142952,16,241592,122056,119525,11,47149,23717,23427,5,NA
"PUNJAB","BAHAWALPUR","BAHAWALPUR","KHAIRPUR TAMEWALI","TEHSIL","UNDER 1",5883,2913,2970,NA,5019,2503,2516,NA,864,410,454,NA,NA
"PUNJAB","BAHAWALPUR","BAHAWALPUR","KHAIRPUR TAMEWALI","TEHSIL","UNDER 5",39021,19322,19699,NA,33076,16372,16704,NA,5945,2950,2995,NA,NA
"PUNJAB","BAHAWALPUR","BAHAWALPUR","KHAIRPUR TAMEWALI","TEHSIL","UNDER 10",77730,38739,38991,NA,66289,33120,33169,NA,11441,5619,5822,NA,NA
"PUNJAB","BAHAWALPUR","BAHAWALPUR","KHAIRPUR TAMEWALI","TEHSIL","UNDER 15",112747,56410,56337,NA,95614,47906,47708,NA,17133,8504,8629,NA,NA
"PUNJAB","BAHAWALPUR","BAHAWALPUR","KHAIRPUR TAMEWALI","TEHSIL","05 - 24",125963,63047,62912,4,105587,52889,52696,2,20376,10158,10216,2,NA
"PUNJAB","BAHAWALPUR","BAHAWALPUR","KHAIRPUR TAMEWALI","TEHSIL","15 - 49",138649,69515,69123,11,114797,57578,57211,8,23852,11937,11912,3,NA
"PUNJAB","BAHAWALPUR","BAHAWALPUR","KHAIRPUR TAMEWALI","TEHSIL","15 - 64",163903,82957,80933,13,135716,68688,67020,8,28187,14269,13913,5,NA
"PUNJAB","BAHAWALPUR","BAHAWALPUR","KHAIRPUR TAMEWALI","TEHSIL","18 - 60",142415,71957,70447,11,118001,59666,58328,7,24414,12291,12119,4,NA
"PUNJAB","BAHAWALPUR","BAHAWALPUR","KHAIRPUR TAMEWALI","TEHSIL","18 &  ABOVE",159085,80831,78240,14,132057,67149,64898,10,27028,13682,13342,4,NA
"PUNJAB","BAHAWALPUR","BAHAWALPUR","KHAIRPUR TAMEWALI","TEHSIL","60 &  ABOVE",18256,9708,8545,3,15354,8161,7190,3,2902,1547,1355,NA,NA
"PUNJAB","BAHAWALPUR","BAHAWALPUR","KHAIRPUR TAMEWALI","TEHSIL","65 &  ABOVE",12091,6406,5682,3,10262,5462,4797,3,1829,944,885,NA,NA
"PUNJAB","BAHAWALPUR","BAHAWALPUR","YAZMAN","TEHSIL","ALL AGES",686739,347439,339223,77,626145,317328,308759,58,60594,30111,30464,19,NA
"PUNJAB","BAHAWALPUR","BAHAWALPUR","YAZMAN","TEHSIL","UNDER 1",13744,6932,6812,NA,12569,6342,6227,NA,1175,590,585,NA,NA
"PUNJAB","BAHAWALPUR","BAHAWALPUR","YAZMAN","TEHSIL","UNDER 5",95598,47763,47835,NA,87721,43849,43872,NA,7877,3914,3963,NA,NA
"PUNJAB","BAHAWALPUR","BAHAWALPUR","YAZMAN","TEHSIL","UNDER 10",188047,93543,94504,NA,172923,86097,86826,NA,15124,7446,7678,NA,NA
"PUNJAB","BAHAWALPUR","BAHAWALPUR","YAZMAN","TEHSIL","UNDER 15",270005,134354,135651,NA,247826,123422,124404,NA,22179,10932,11247,NA,NA
"PUNJAB","BAHAWALPUR","BAHAWALPUR","YAZMAN","TEHSIL","05 - 24",297662,148515,149130,17,271888,135936,135937,15,25774,12579,13193,2,NA
"PUNJAB","BAHAWALPUR","BAHAWALPUR","YAZMAN","TEHSIL","15 - 49",329956,165990,163901,65,299378,151009,148320,49,30578,14981,15581,16,NA
"PUNJAB","BAHAWALPUR","BAHAWALPUR","YAZMAN","TEHSIL","15 - 64",389191,197936,191179,76,353127,180007,173063,57,36064,17929,18116,19,NA
"PUNJAB","BAHAWALPUR","BAHAWALPUR","YAZMAN","TEHSIL","18 - 60",336660,171003,165584,73,305357,155468,149835,54,31303,15535,15749,19,NA
"PUNJAB","BAHAWALPUR","BAHAWALPUR","YAZMAN","TEHSIL","18 &  ABOVE",375645,192414,183157,74,340931,175047,165829,55,34714,17367,17328,19,NA
"PUNJAB","BAHAWALPUR","BAHAWALPUR","YAZMAN","TEHSIL","60 &  ABOVE",42484,23304,19178,2,38745,21292,17452,1,3739,2012,1726,1,NA
"PUNJAB","BAHAWALPUR","BAHAWALPUR","YAZMAN","TEHSIL","65 &  ABOVE",27543,15149,12393,1,25192,13899,11292,1,2351,1250,1101,NA,NA
"PUNJAB","SARGODHA","BHAKKAR","BHAKKAR","TEHSIL","ALL AGES",809649,421191,388421,37,650306,338051,312238,17,159343,83140,76183,20,NA
"PUNJAB","SARGODHA","BHAKKAR","BHAKKAR","TEHSIL","UNDER 1",27751,14793,12958,NA,22760,12131,10629,NA,4991,2662,2329,NA,NA
"PUNJAB","SARGODHA","BHAKKAR","BHAKKAR","TEHSIL","UNDER 5",150143,81262,68881,NA,121669,65431,56238,NA,28474,15831,12643,NA,NA
"PUNJAB","SARGODHA","BHAKKAR","BHAKKAR","TEHSIL","UNDER 10",250537,133335,117202,NA,204400,108474,95926,NA,46137,24861,21276,NA,NA
"PUNJAB","SARGODHA","BHAKKAR","BHAKKAR","TEHSIL","UNDER 15",341477,180980,160495,2,278490,147140,131348,2,62987,33840,29147,NA,NA
"PUNJAB","SARGODHA","BHAKKAR","BHAKKAR","TEHSIL","05 - 24",333263,173106,160144,13,270969,140771,130190,8,62294,32335,29954,5,NA
"PUNJAB","SARGODHA","BHAKKAR","BHAKKAR","TEHSIL","15 - 49",370750,187638,183083,29,294972,149438,145521,13,75778,38200,37562,16,NA
"PUNJAB","SARGODHA","BHAKKAR","BHAKKAR","TEHSIL","15 - 64",439193,224277,214881,35,348584,178101,170468,15,90609,46176,44413,20,NA
"PUNJAB","SARGODHA","BHAKKAR","BHAKKAR","TEHSIL","18 - 60",377703,191637,186038,28,299286,152048,147226,12,78417,39589,38812,16,NA
"PUNJAB","SARGODHA","BHAKKAR","BHAKKAR","TEHSIL","18 &  ABOVE",419712,214781,204901,30,332582,170376,162194,12,87130,44405,42707,18,NA
"PUNJAB","SARGODHA","BHAKKAR","BHAKKAR","TEHSIL","60 &  ABOVE",45740,25193,20544,3,36194,19940,16254,NA,9546,5253,4290,3,NA
"PUNJAB","SARGODHA","BHAKKAR","BHAKKAR","TEHSIL","65 &  ABOVE",28979,15934,13045,NA,23232,12810,10422,NA,5747,3124,2623,NA,NA
"PUNJAB","SARGODHA","BHAKKAR","DARYA KHAN","TEHSIL","ALL AGES",421233,218489,202719,25,327385,170074,157304,7,93848,48415,45415,18,NA
"PUNJAB","SARGODHA","BHAKKAR","DARYA KHAN","TEHSIL","UNDER 1",13571,7214,6357,NA,10426,5583,4843,NA,3145,1631,1514,NA,NA
"PUNJAB","SARGODHA","BHAKKAR","DARYA KHAN","TEHSIL","UNDER 5",72209,38551,33658,NA,57109,30640,26469,NA,15100,7911,7189,NA,NA
"PUNJAB","SARGODHA","BHAKKAR","DARYA KHAN","TEHSIL","UNDER 10",125463,66103,59360,NA,99183,52445,46738,NA,26280,13658,12622,NA,NA
"PUNJAB","SARGODHA","BHAKKAR","DARYA KHAN","TEHSIL","UNDER 15",171852,90632,81220,NA,135485,71639,63846,NA,36367,18993,17374,NA,NA
"PUNJAB","SARGODHA","BHAKKAR","DARYA KHAN","TEHSIL","05 - 24",172763,89901,82856,6,134276,69966,64308,2,38487,19935,18548,4,NA
"PUNJAB","SARGODHA","BHAKKAR","DARYA KHAN","TEHSIL","15 - 49",196185,99635,96526,24,150055,76132,73916,7,46130,23503,22610,17,NA
"PUNJAB","SARGODHA","BHAKKAR","DARYA KHAN","TEHSIL","15 - 64",232964,119050,113890,24,178774,91313,87454,7,54190,27737,26436,17,NA
"PUNJAB","SARGODHA","BHAKKAR","DARYA KHAN","TEHSIL","18 - 60",201802,102437,99343,22,154936,78588,76342,6,46866,23849,23001,16,NA
"PUNJAB","SARGODHA","BHAKKAR","DARYA KHAN","TEHSIL","18 &  ABOVE",225622,115232,110367,23,173721,88760,84955,6,51901,26472,25412,17,NA
"PUNJAB","SARGODHA","BHAKKAR","DARYA KHAN","TEHSIL","60 &  ABOVE",25781,13869,11911,1,20285,11000,9285,NA,5496,2869,2626,1,NA
"PUNJAB","SARGODHA","BHAKKAR","DARYA KHAN","TEHSIL","65 &  ABOVE",16417,8807,7609,1,13126,7122,6004,NA,3291,1685,1605,1,NA
"PUNJAB","SARGODHA","BHAKKAR","KALUR KOT","TEHSIL","ALL AGES",415546,215118,200419,9,359947,186423,173516,8,55599,28695,26903,1,NA
"PUNJAB","SARGODHA","BHAKKAR","KALUR KOT","TEHSIL","UNDER 1",23194,12857,10337,NA,20263,11259,9004,NA,2931,1598,1333,NA,NA
"PUNJAB","SARGODHA","BHAKKAR","KALUR KOT","TEHSIL","UNDER 5",78018,42021,35997,NA,68518,36936,31582,NA,9500,5085,4415,NA,NA
"PUNJAB","SARGODHA","BHAKKAR","KALUR KOT","TEHSIL","UNDER 10",129407,68437,60970,NA,113520,60153,53367,NA,15887,8284,7603,NA,NA
"PUNJAB","SARGODHA","BHAKKAR","KALUR KOT","TEHSIL","UNDER 15",175019,92646,82373,NA,153194,81178,72016,NA,21825,11468,10357,NA,NA
"PUNJAB","SARGODHA","BHAKKAR","KALUR KOT","TEHSIL","05 - 24",168882,87806,81073,3,146399,76136,70260,3,22483,11670,10813,NA,NA
"PUNJAB","SARGODHA","BHAKKAR","KALUR KOT","TEHSIL","15 - 49",188081,94626,93448,7,161292,81056,80229,7,26789,13570,13219,NA,NA
"PUNJAB","SARGODHA","BHAKKAR","KALUR KOT","TEHSIL","15 - 64",223438,113283,110146,9,191839,97206,94625,8,31599,16077,15521,1,NA
"PUNJAB","SARGODHA","BHAKKAR","KALUR KOT","TEHSIL","18 - 60",192379,96783,95589,7,165180,83065,82109,6,27199,13718,13480,1,NA
"PUNJAB","SARGODHA","BHAKKAR","KALUR KOT","TEHSIL","18 &  ABOVE",216524,109717,106800,7,186096,94287,91803,6,30428,15430,14997,1,NA
"PUNJAB","SARGODHA","BHAKKAR","KALUR KOT","TEHSIL","60 &  ABOVE",26195,14009,12186,NA,22681,12157,10524,NA,3514,1852,1662,NA,NA
"PUNJAB","SARGODHA","BHAKKAR","KALUR KOT","TEHSIL","65 &  ABOVE",17089,9189,7900,NA,14914,8039,6875,NA,2175,1150,1025,NA,NA
"PUNJAB","SARGODHA","BHAKKAR","MANKERA","TEHSIL","ALL AGES",310543,161326,149211,6,267042,138485,128553,4,43501,22841,20658,2,NA
"PUNJAB","SARGODHA","BHAKKAR","MANKERA","TEHSIL","UNDER 1",9806,5361,4445,NA,8294,4535,3759,NA,1512,826,686,NA,NA
"PUNJAB","SARGODHA","BHAKKAR","MANKERA","TEHSIL","UNDER 5",49713,26703,23010,NA,42944,22983,19961,NA,6769,3720,3049,NA,NA
"PUNJAB","SARGODHA","BHAKKAR","MANKERA","TEHSIL","UNDER 10",88517,46783,41734,NA,76786,40409,36377,NA,11731,6374,5357,NA,NA
"PUNJAB","SARGODHA","BHAKKAR","MANKERA","TEHSIL","UNDER 15",122458,64766,57691,1,105985,55834,50150,1,16473,8932,7541,NA,NA
"PUNJAB","SARGODHA","BHAKKAR","MANKERA","TEHSIL","05 - 24",126952,65887,61063,2,109389,56609,52778,2,17563,9278,8285,NA,NA
"PUNJAB","SARGODHA","BHAKKAR","MANKERA","TEHSIL","15 - 49",147611,74386,73221,4,126167,63492,62673,2,21444,10894,10548,2,NA
"PUNJAB","SARGODHA","BHAKKAR","MANKERA","TEHSIL","15 - 64",175325,89359,85961,5,149982,76351,73628,3,25343,13008,12333,2,NA
"PUNJAB","SARGODHA","BHAKKAR","MANKERA","TEHSIL","18 - 60",152044,77159,74881,4,130119,66009,64108,2,21925,11150,10773,2,NA
"PUNJAB","SARGODHA","BHAKKAR","MANKERA","TEHSIL","18 &  ABOVE",170170,87359,82807,4,145743,74835,70906,2,24427,12524,11901,2,NA
"PUNJAB","SARGODHA","BHAKKAR","MANKERA","TEHSIL","60 &  ABOVE",19769,11099,8670,NA,17055,9615,7440,NA,2714,1484,1230,NA,NA
"PUNJAB","SARGODHA","BHAKKAR","MANKERA","TEHSIL","65 &  ABOVE",12760,7201,5559,NA,11075,6300,4775,NA,1685,901,784,NA,NA
"PUNJAB","RAWALPINDI","CHAKWAL","CHAKWAL","TEHSIL","ALL AGES",768622,377549,391013,60,524580,256175,268392,13,244042,121374,122621,47,NA
"PUNJAB","RAWALPINDI","CHAKWAL","CHAKWAL","TEHSIL","UNDER 1",20687,9469,11218,NA,14796,6713,8083,NA,5891,2756,3135,NA,NA
"PUNJAB","RAWALPINDI","CHAKWAL","CHAKWAL","TEHSIL","UNDER 5",106341,51628,54713,NA,70911,34386,36525,NA,35430,17242,18188,NA,NA
"PUNJAB","RAWALPINDI","CHAKWAL","CHAKWAL","TEHSIL","UNDER 10",184189,90800,93389,NA,122509,60525,61984,NA,61680,30275,31405,NA,NA
"PUNJAB","RAWALPINDI","CHAKWAL","CHAKWAL","TEHSIL","UNDER 15",262088,131287,130796,5,173802,87147,86655,NA,88286,44140,44141,5,NA
"PUNJAB","RAWALPINDI","CHAKWAL","CHAKWAL","TEHSIL","05 - 24",282457,143982,138451,24,187070,95202,91864,4,95387,48780,46587,20,NA
"PUNJAB","RAWALPINDI","CHAKWAL","CHAKWAL","TEHSIL","15 - 49",371476,178642,192786,48,252695,120697,131986,12,118781,57945,60800,36,NA
"PUNJAB","RAWALPINDI","CHAKWAL","CHAKWAL","TEHSIL","15 - 64",456696,220889,235754,53,313339,150405,162922,12,143357,70484,72832,41,NA
"PUNJAB","RAWALPINDI","CHAKWAL","CHAKWAL","TEHSIL","18 - 60",395674,189066,206564,44,271809,128930,142868,11,123865,60136,63696,33,NA
"PUNJAB","RAWALPINDI","CHAKWAL","CHAKWAL","TEHSIL","18 &  ABOVE",464421,224101,240273,47,322976,154488,168476,12,141445,69613,71797,35,NA
"PUNJAB","RAWALPINDI","CHAKWAL","CHAKWAL","TEHSIL","60 &  ABOVE",73700,37560,36136,4,54597,27310,27286,1,19103,10250,8850,3,NA
"PUNJAB","RAWALPINDI","CHAKWAL","CHAKWAL","TEHSIL","65 &  ABOVE",49838,25373,24463,2,37439,18623,18815,1,12399,6750,5648,1,NA
"PUNJAB","RAWALPINDI","CHAKWAL","CHOA SAIDAN SHAH","TEHSIL","ALL AGES",167537,83599,83922,16,126463,62826,63637,NA,41074,20773,20285,16,NA
"PUNJAB","RAWALPINDI","CHAKWAL","CHOA SAIDAN SHAH","TEHSIL","UNDER 1",5580,2366,3214,NA,4159,1762,2397,NA,1421,604,817,NA,NA
"PUNJAB","RAWALPINDI","CHAKWAL","CHOA SAIDAN SHAH","TEHSIL","UNDER 5",25898,11698,14200,NA,19993,8990,11003,NA,5905,2708,3197,NA,NA
"PUNJAB","RAWALPINDI","CHAKWAL","CHOA SAIDAN SHAH","TEHSIL","UNDER 10",43152,20235,22917,NA,32357,15104,17253,NA,10795,5131,5664,NA,NA
"PUNJAB","RAWALPINDI","CHAKWAL","CHOA SAIDAN SHAH","TEHSIL","UNDER 15",60022,28932,31090,NA,44582,21372,23210,NA,15440,7560,7880,NA,NA
"PUNJAB","RAWALPINDI","CHAKWAL","CHOA SAIDAN SHAH","TEHSIL","05 - 24",61050,31144,29901,5,44337,22497,21840,NA,16713,8647,8061,5,NA
"PUNJAB","RAWALPINDI","CHAKWAL","CHOA SAIDAN SHAH","TEHSIL","15 - 49",81374,41359,40001,14,61376,31099,30277,NA,19998,10260,9724,14,NA
"PUNJAB","RAWALPINDI","CHAKWAL","CHOA SAIDAN SHAH","TEHSIL","15 - 64",98459,50142,48302,15,74555,37831,36724,NA,23904,12311,11578,15,NA
"PUNJAB","RAWALPINDI","CHAKWAL","CHOA SAIDAN SHAH","TEHSIL","18 - 60",85806,43483,42308,15,65217,33041,32176,NA,20589,10442,10132,15,NA
"PUNJAB","RAWALPINDI","CHAKWAL","CHOA SAIDAN SHAH","TEHSIL","18 &  ABOVE",98574,49920,48638,16,75473,38151,37322,NA,23101,11769,11316,16,NA
"PUNJAB","RAWALPINDI","CHAKWAL","CHOA SAIDAN SHAH","TEHSIL","60 &  ABOVE",13666,6903,6762,1,10959,5472,5487,NA,2707,1431,1275,1,NA
"PUNJAB","RAWALPINDI","CHAKWAL","CHOA SAIDAN SHAH","TEHSIL","65 &  ABOVE",9056,4525,4530,1,7326,3623,3703,NA,1730,902,827,1,NA
NA,NA,"CHAKWAL","KALLAR KAHAR","TEHSIL","ALL AGES",193284,99444,93838,2,143692,73193,70498,1,49592,26251,23340,1,NA
NA,NA,"CHAKWAL","KALLAR KAHAR","TEHSIL","UNDER 1",2750,1395,1355,NA,2009,1031,978,NA,741,364,377,NA,NA
NA,NA,"CHAKWAL","KALLAR KAHAR","TEHSIL","UNDER 5",20446,10425,10021,NA,15243,7757,7486,NA,5203,2668,2535,NA,NA
NA,NA,"CHAKWAL","KALLAR KAHAR","TEHSIL","UNDER 10",39463,20017,19446,NA,29404,14944,14460,NA,10059,5073,4986,NA,NA
NA,NA,"CHAKWAL","KALLAR KAHAR","TEHSIL","UNDER 15",58694,30162,28532,NA,43539,22364,21175,NA,15155,7798,7357,NA,NA
NA,NA,"CHAKWAL","KALLAR KAHAR","TEHSIL","05 - 24",71293,37415,33877,1,51856,26950,24906,NA,19437,10465,8971,1,NA
NA,NA,"CHAKWAL","KALLAR KAHAR","TEHSIL","15 - 49",99727,51561,48164,2,73310,37394,35915,1,26417,14167,12249,1,NA
NA,NA,"CHAKWAL","KALLAR KAHAR","TEHSIL","15 - 64",121579,62782,58795,2,89936,45777,44158,1,31643,17005,14637,1,NA
NA,NA,"CHAKWAL","KALLAR KAHAR","TEHSIL","18 - 60",104991,53861,51129,1,78116,39522,38593,1,26875,14339,12536,NA,NA
NA,NA,"CHAKWAL","KALLAR KAHAR","TEHSIL","18 &  ABOVE",122843,62833,60009,1,92068,46443,45624,1,30775,16390,14385,NA,NA
NA,NA,"CHAKWAL","KALLAR KAHAR","TEHSIL","60 &  ABOVE",19247,9666,9581,NA,14996,7430,7566,NA,4251,2236,2015,NA,NA
NA,NA,"CHAKWAL","KALLAR KAHAR","TEHSIL","65 &  ABOVE",13011,6500,6511,NA,10217,5052,5165,NA,2794,1448,1346,NA,NA
"PUNJAB","RAWALPINDI","CHAKWAL","LAWA","TEHSIL","ALL AGES",144611,72904,71707,NA,123992,62596,61396,NA,20619,10308,10311,NA,NA
"PUNJAB","RAWALPINDI","CHAKWAL","LAWA","TEHSIL","UNDER 1",3963,1904,2059,NA,3026,1524,1502,NA,937,380,557,NA,NA
"PUNJAB","RAWALPINDI","CHAKWAL","LAWA","TEHSIL","UNDER 5",20414,10386,10028,NA,16765,8758,8007,NA,3649,1628,2021,NA,NA
"PUNJAB","RAWALPINDI","CHAKWAL","LAWA","TEHSIL","UNDER 10",34983,17929,17054,NA,29438,15270,14168,NA,5545,2659,2886,NA,NA
"PUNJAB","RAWALPINDI","CHAKWAL","LAWA","TEHSIL","UNDER 15",49149,25452,23697,NA,41702,21762,19940,NA,7447,3690,3757,NA,NA
"PUNJAB","RAWALPINDI","CHAKWAL","LAWA","TEHSIL","05 - 24",52151,27115,25036,NA,45248,23395,21853,NA,6903,3720,3183,NA,NA
"PUNJAB","RAWALPINDI","CHAKWAL","LAWA","TEHSIL","15 - 49",68867,34131,34736,NA,59313,29305,30008,NA,9554,4826,4728,NA,NA
"PUNJAB","RAWALPINDI","CHAKWAL","LAWA","TEHSIL","15 - 64",84737,42064,42673,NA,72963,36136,36827,NA,11774,5928,5846,NA,NA
"PUNJAB","RAWALPINDI","CHAKWAL","LAWA","TEHSIL","18 - 60",73382,36061,37321,NA,63162,31004,32158,NA,10220,5057,5163,NA,NA
"PUNJAB","RAWALPINDI","CHAKWAL","LAWA","TEHSIL","18 &  ABOVE",87962,43483,44479,NA,75819,37454,38365,NA,12143,6029,6114,NA,NA
"PUNJAB","RAWALPINDI","CHAKWAL","LAWA","TEHSIL","60 &  ABOVE",15375,7831,7544,NA,13332,6793,6539,NA,2043,1038,1005,NA,NA
"PUNJAB","RAWALPINDI","CHAKWAL","LAWA","TEHSIL","65 &  ABOVE",10725,5388,5337,NA,9327,4698,4629,NA,1398,690,708,NA,NA
"PUNJAB","RAWALPINDI","CHAKWAL","TALA GANG","TEHSIL","ALL AGES",457635,229013,228611,11,378204,188866,189337,1,79431,40147,39274,10,NA
"PUNJAB","RAWALPINDI","CHAKWAL","TALA GANG","TEHSIL","UNDER 1",8600,4495,4105,NA,7310,3833,3477,NA,1290,662,628,NA,NA
"PUNJAB","RAWALPINDI","CHAKWAL","TALA GANG","TEHSIL","UNDER 5",49908,25987,23921,NA,41396,21531,19865,NA,8512,4456,4056,NA,NA
"PUNJAB","RAWALPINDI","CHAKWAL","TALA GANG","TEHSIL","UNDER 10",96614,49550,47064,NA,79682,40784,38898,NA,16932,8766,8166,NA,NA
"PUNJAB","RAWALPINDI","CHAKWAL","TALA GANG","TEHSIL","UNDER 15",141743,73029,68714,NA,116473,59814,56659,NA,25270,13215,12055,NA,NA
"PUNJAB","RAWALPINDI","CHAKWAL","TALA GANG","TEHSIL","05 - 24",168408,85729,82678,1,138401,70213,68188,NA,30007,15516,14490,1,NA
"PUNJAB","RAWALPINDI","CHAKWAL","TALA GANG","TEHSIL","15 - 49",231122,112967,118148,7,190214,92857,97357,NA,40908,20110,20791,7,NA
"PUNJAB","RAWALPINDI","CHAKWAL","TALA GANG","TEHSIL","15 - 64",284402,139832,144559,11,234863,115389,119473,1,49539,24443,25086,10,NA
"PUNJAB","RAWALPINDI","CHAKWAL","TALA GANG","TEHSIL","18 - 60",247853,120777,127066,10,204568,99648,104919,1,43285,21129,22147,9,NA
"PUNJAB","RAWALPINDI","CHAKWAL","TALA GANG","TEHSIL","18 &  ABOVE",291614,143385,148218,11,241771,118757,123013,1,49843,24628,25205,10,NA
"PUNJAB","RAWALPINDI","CHAKWAL","TALA GANG","TEHSIL","60 &  ABOVE",46661,24122,22538,1,39601,20369,19232,NA,7060,3753,3306,1,NA
"PUNJAB","RAWALPINDI","CHAKWAL","TALA GANG","TEHSIL","65 &  ABOVE",31490,16152,15338,NA,26868,13663,13205,NA,4622,2489,2133,NA,NA
"PUNJAB","FAISALABAD","CHINIOT","BHAWANA","TEHSIL","ALL AGES",428617,217050,211539,28,389347,197351,191978,18,39270,19699,19561,10,NA
"PUNJAB","FAISALABAD","CHINIOT","BHAWANA","TEHSIL","UNDER 1",11440,5853,5587,NA,10754,5516,5238,NA,686,337,349,NA,NA
"PUNJAB","FAISALABAD","CHINIOT","BHAWANA","TEHSIL","UNDER 5",63370,32204,31166,NA,58240,29578,28662,NA,5130,2626,2504,NA,NA
"PUNJAB","FAISALABAD","CHINIOT","BHAWANA","TEHSIL","UNDER 10",121258,61412,59846,NA,110860,56213,54647,NA,10398,5199,5199,NA,NA
"PUNJAB","FAISALABAD","CHINIOT","BHAWANA","TEHSIL","UNDER 15",172153,87107,85046,NA,156648,79365,77283,NA,15505,7742,7763,NA,NA
"PUNJAB","FAISALABAD","CHINIOT","BHAWANA","TEHSIL","05 - 24",182781,92220,90551,10,165243,83526,81709,8,17538,8694,8842,2,NA
"PUNJAB","FAISALABAD","CHINIOT","BHAWANA","TEHSIL","15 - 49",197304,98459,98822,23,178125,88928,89182,15,19179,9531,9640,8,NA
"PUNJAB","FAISALABAD","CHINIOT","BHAWANA","TEHSIL","15 - 64",236867,119256,117584,27,214249,107913,106318,18,22618,11343,11266,9,NA
"PUNJAB","FAISALABAD","CHINIOT","BHAWANA","TEHSIL","18 - 60",202951,101687,101241,23,183554,91983,91557,14,19397,9704,9684,9,NA
"PUNJAB","FAISALABAD","CHINIOT","BHAWANA","TEHSIL","18 &  ABOVE",230653,116611,114018,24,209457,105947,103496,14,21196,10664,10522,10,NA
"PUNJAB","FAISALABAD","CHINIOT","BHAWANA","TEHSIL","60 &  ABOVE",30378,16298,14078,2,28356,15222,13134,NA,2022,1076,944,2,NA
"PUNJAB","FAISALABAD","CHINIOT","BHAWANA","TEHSIL","65 &  ABOVE",19597,10687,8909,1,18450,10073,8377,NA,1147,614,532,1,NA
"PUNJAB","FAISALABAD","CHINIOT","CHINIOT","TEHSIL","ALL AGES",633621,322132,311426,63,315456,160356,155089,11,318165,161776,156337,52,NA
"PUNJAB","FAISALABAD","CHINIOT","CHINIOT","TEHSIL","UNDER 1",13006,6554,6452,NA,6682,3383,3299,NA,6324,3171,3153,NA,NA
"PUNJAB","FAISALABAD","CHINIOT","CHINIOT","TEHSIL","UNDER 5",82952,41579,41373,NA,43984,22182,21802,NA,38968,19397,19571,NA,NA
"PUNJAB","FAISALABAD","CHINIOT","CHINIOT","TEHSIL","UNDER 10",163484,82050,81434,NA,85426,43118,42308,NA,78058,38932,39126,NA,NA
"PUNJAB","FAISALABAD","CHINIOT","CHINIOT","TEHSIL","UNDER 15",241076,121589,119486,1,122593,62114,60478,1,118483,59475,59008,NA,NA
"PUNJAB","FAISALABAD","CHINIOT","CHINIOT","TEHSIL","05 - 24",276660,139756,136880,24,136436,69354,67078,4,140224,70402,69802,20,NA
"PUNJAB","FAISALABAD","CHINIOT","CHINIOT","TEHSIL","15 - 49",309426,155760,153608,58,148827,74670,74148,9,160599,81090,79460,49,NA
"PUNJAB","FAISALABAD","CHINIOT","CHINIOT","TEHSIL","15 - 64",366087,185945,180081,61,177852,90015,87827,10,188235,95930,92254,51,NA
"PUNJAB","FAISALABAD","CHINIOT","CHINIOT","TEHSIL","18 - 60",315096,159525,155517,54,152852,77026,75817,9,162244,82499,79700,45,NA
"PUNJAB","FAISALABAD","CHINIOT","CHINIOT","TEHSIL","18 &  ABOVE",352629,180130,172442,57,173614,88331,85274,9,179015,91799,87168,48,NA
"PUNJAB","FAISALABAD","CHINIOT","CHINIOT","TEHSIL","60 &  ABOVE",41763,22790,18970,3,23105,12507,10598,NA,18658,10283,8372,3,NA
"PUNJAB","FAISALABAD","CHINIOT","CHINIOT","TEHSIL","65 &  ABOVE",26458,14598,11859,1,15011,8227,6784,NA,11447,6371,5075,1,NA
"PUNJAB","FAISALABAD","CHINIOT","LALIAN","TEHSIL","ALL AGES",500786,251549,249161,76,366549,185001,181528,20,134237,66548,67633,56,NA
"PUNJAB","FAISALABAD","CHINIOT","LALIAN","TEHSIL","UNDER 1",12470,6283,6187,NA,9571,4811,4760,NA,2899,1472,1427,NA,NA
"PUNJAB","FAISALABAD","CHINIOT","LALIAN","TEHSIL","UNDER 5",69741,35099,34642,NA,53674,27039,26635,NA,16067,8060,8007,NA,NA
"PUNJAB","FAISALABAD","CHINIOT","LALIAN","TEHSIL","UNDER 10",132328,66472,65856,NA,101767,51258,50509,NA,30561,15214,15347,NA,NA
"PUNJAB","FAISALABAD","CHINIOT","LALIAN","TEHSIL","UNDER 15",189993,95426,94567,NA,144436,72842,71594,NA,45557,22584,22973,NA,NA
"PUNJAB","FAISALABAD","CHINIOT","LALIAN","TEHSIL","05 - 24",209390,104950,104423,17,154221,77621,76594,6,55169,27329,27829,11,NA
"PUNJAB","FAISALABAD","CHINIOT","LALIAN","TEHSIL","15 - 49",236942,117270,119605,67,169160,84001,85144,15,67782,33269,34461,52,NA
"PUNJAB","FAISALABAD","CHINIOT","LALIAN","TEHSIL","15 - 64",284905,142114,142719,72,203322,101943,101361,18,81583,40171,41358,54,NA
"PUNJAB","FAISALABAD","CHINIOT","LALIAN","TEHSIL","18 - 60",245044,121887,123090,67,174700,87299,87385,16,70344,34588,35705,51,NA
"PUNJAB","FAISALABAD","CHINIOT","LALIAN","TEHSIL","18 &  ABOVE",280869,141043,139755,71,200549,101195,99336,18,80320,39848,40419,53,NA
"PUNJAB","FAISALABAD","CHINIOT","LALIAN","TEHSIL","60 &  ABOVE",38843,20737,18102,4,28060,15052,13006,2,10783,5685,5096,2,NA
"PUNJAB","FAISALABAD","CHINIOT","LALIAN","TEHSIL","65 &  ABOVE",25888,14009,11875,4,18791,10216,8573,2,7097,3793,3302,2,NA
"PUNJAB","DERA GHAZI KHAN","DERA GHAZI KHAN","DERA GHAZI KHAN","TEHSIL","ALL AGES",1436937,722648,714235,54,913542,457122,456408,12,523395,265526,257827,42,NA
"PUNJAB","DERA GHAZI KHAN","DERA GHAZI KHAN","DERA GHAZI KHAN","TEHSIL","UNDER 1",34779,17278,17501,NA,23292,11560,11732,NA,11487,5718,5769,NA,NA
"PUNJAB","DERA GHAZI KHAN","DERA GHAZI KHAN","DERA GHAZI KHAN","TEHSIL","UNDER 5",258841,129802,129039,NA,177228,88973,88255,NA,81613,40829,40784,NA,NA
"PUNJAB","DERA GHAZI KHAN","DERA GHAZI KHAN","DERA GHAZI KHAN","TEHSIL","UNDER 10",477612,240599,237013,NA,329046,165978,163068,NA,148566,74621,73945,NA,NA
"PUNJAB","DERA GHAZI KHAN","DERA GHAZI KHAN","DERA GHAZI KHAN","TEHSIL","UNDER 15",661169,334159,327008,2,449124,227190,221933,1,212045,106969,105075,1,NA
"PUNJAB","DERA GHAZI KHAN","DERA GHAZI KHAN","DERA GHAZI KHAN","TEHSIL","05 - 24",661880,334628,327225,27,431868,217969,213892,7,230012,116659,113333,20,NA
"PUNJAB","DERA GHAZI KHAN","DERA GHAZI KHAN","DERA GHAZI KHAN","TEHSIL","15 - 49",632327,312462,319820,45,379217,185308,193900,9,253110,127154,125920,36,NA
"PUNJAB","DERA GHAZI KHAN","DERA GHAZI KHAN","DERA GHAZI KHAN","TEHSIL","15 - 64",730546,364159,366337,50,436229,214837,221382,10,294317,149322,144955,40,NA
"PUNJAB","DERA GHAZI KHAN","DERA GHAZI KHAN","DERA GHAZI KHAN","TEHSIL","18 - 60",627122,310300,316777,45,373352,182370,190977,5,253770,127930,125800,40,NA
"PUNJAB","DERA GHAZI KHAN","DERA GHAZI KHAN","DERA GHAZI KHAN","TEHSIL","18 &  ABOVE",690789,344550,346192,47,412097,203021,209070,6,278692,141529,137122,41,NA
"PUNJAB","DERA GHAZI KHAN","DERA GHAZI KHAN","DERA GHAZI KHAN","TEHSIL","60 &  ABOVE",70065,37606,32457,2,42521,22650,19870,1,27544,14956,12587,1,NA
"PUNJAB","DERA GHAZI KHAN","DERA GHAZI KHAN","DERA GHAZI KHAN","TEHSIL","65 &  ABOVE",45222,24330,20890,2,28189,15095,13093,1,17033,9235,7797,1,NA
"PUNJAB","DERA GHAZI KHAN","DERA GHAZI KHAN","KOH-E-SULEMAN","TEHSIL","ALL AGES",248683,126939,121737,7,248683,126939,121737,7,NA,NA,NA,NA,NA
"PUNJAB","DERA GHAZI KHAN","DERA GHAZI KHAN","KOH-E-SULEMAN","TEHSIL","UNDER 1",6729,3353,3376,NA,6729,3353,3376,NA,NA,NA,NA,NA,NA
"PUNJAB","DERA GHAZI KHAN","DERA GHAZI KHAN","KOH-E-SULEMAN","TEHSIL","UNDER 5",50758,25218,25540,NA,50758,25218,25540,NA,NA,NA,NA,NA,NA
"PUNJAB","DERA GHAZI KHAN","DERA GHAZI KHAN","KOH-E-SULEMAN","TEHSIL","UNDER 10",93743,46825,46918,NA,93743,46825,46918,NA,NA,NA,NA,NA,NA
"PUNJAB","DERA GHAZI KHAN","DERA GHAZI KHAN","KOH-E-SULEMAN","TEHSIL","UNDER 15",124494,62747,61747,NA,124494,62747,61747,NA,NA,NA,NA,NA,NA
"PUNJAB","DERA GHAZI KHAN","DERA GHAZI KHAN","KOH-E-SULEMAN","TEHSIL","05 - 24",113820,58278,55540,2,113820,58278,55540,2,NA,NA,NA,NA,NA
"PUNJAB","DERA GHAZI KHAN","DERA GHAZI KHAN","KOH-E-SULEMAN","TEHSIL","15 - 49",99915,51336,48573,6,99915,51336,48573,6,NA,NA,NA,NA,NA
"PUNJAB","DERA GHAZI KHAN","DERA GHAZI KHAN","KOH-E-SULEMAN","TEHSIL","15 - 64",115505,59521,55977,7,115505,59521,55977,7,NA,NA,NA,NA,NA
"PUNJAB","DERA GHAZI KHAN","DERA GHAZI KHAN","KOH-E-SULEMAN","TEHSIL","18 - 60",99598,50799,48794,5,99598,50799,48794,5,NA,NA,NA,NA,NA
"PUNJAB","DERA GHAZI KHAN","DERA GHAZI KHAN","KOH-E-SULEMAN","TEHSIL","18 &  ABOVE",111387,57124,54257,6,111387,57124,54257,6,NA,NA,NA,NA,NA
"PUNJAB","DERA GHAZI KHAN","DERA GHAZI KHAN","KOH-E-SULEMAN","TEHSIL","60 &  ABOVE",12987,6991,5995,1,12987,6991,5995,1,NA,NA,NA,NA,NA
"PUNJAB","DERA GHAZI KHAN","DERA GHAZI KHAN","KOH-E-SULEMAN","TEHSIL","65 &  ABOVE",8684,4671,4013,NA,8684,4671,4013,NA,NA,NA,NA,NA,NA
"PUNJAB","DERA GHAZI KHAN","DERA GHAZI KHAN","KOT CHHUTTA","TEHSIL","ALL AGES",904701,452413,452247,41,781423,391629,389784,10,123278,60784,62463,31,NA
"PUNJAB","DERA GHAZI KHAN","DERA GHAZI KHAN","KOT CHHUTTA","TEHSIL","UNDER 1",25047,12626,12421,NA,21566,10897,10669,NA,3481,1729,1752,NA,NA
"PUNJAB","DERA GHAZI KHAN","DERA GHAZI KHAN","KOT CHHUTTA","TEHSIL","UNDER 5",175500,88426,87074,NA,152102,76479,75623,NA,23398,11947,11451,NA,NA
"PUNJAB","DERA GHAZI KHAN","DERA GHAZI KHAN","KOT CHHUTTA","TEHSIL","UNDER 10",320022,161486,158536,NA,278284,140281,138003,NA,41738,21205,20533,NA,NA
"PUNJAB","DERA GHAZI KHAN","DERA GHAZI KHAN","KOT CHHUTTA","TEHSIL","UNDER 15",435801,220125,215674,2,378353,191229,187122,2,57448,28896,28552,NA,NA
"PUNJAB","DERA GHAZI KHAN","DERA GHAZI KHAN","KOT CHHUTTA","TEHSIL","05 - 24",418303,210214,208063,26,362527,182737,179785,5,55776,27477,28278,21,NA
"PUNJAB","DERA GHAZI KHAN","DERA GHAZI KHAN","KOT CHHUTTA","TEHSIL","15 - 49",380646,186507,194101,38,327172,160896,166269,7,53474,25611,27832,31,NA
"PUNJAB","DERA GHAZI KHAN","DERA GHAZI KHAN","KOT CHHUTTA","TEHSIL","15 - 64",439147,216608,222500,39,377350,186762,190580,8,61797,29846,31920,31,NA
"PUNJAB","DERA GHAZI KHAN","DERA GHAZI KHAN","KOT CHHUTTA","TEHSIL","18 - 60",376365,184402,191924,39,323410,158994,164408,8,52955,25408,27516,31,NA
"PUNJAB","DERA GHAZI KHAN","DERA GHAZI KHAN","KOT CHHUTTA","TEHSIL","18 &  ABOVE",417495,206096,211360,39,358874,177792,181074,8,58621,28304,30286,31,NA
"PUNJAB","DERA GHAZI KHAN","DERA GHAZI KHAN","KOT CHHUTTA","TEHSIL","60 &  ABOVE",45005,23686,21319,NA,38809,20525,18284,NA,6196,3161,3035,NA,NA
"PUNJAB","DERA GHAZI KHAN","DERA GHAZI KHAN","KOT CHHUTTA","TEHSIL","65 &  ABOVE",29753,15680,14073,NA,25720,13638,12082,NA,4033,2042,1991,NA,NA
"PUNJAB","DERA GHAZI KHAN","DERA GHAZI KHAN","TAUNSA","TEHSIL","ALL AGES",796254,407510,388725,19,638255,326669,311579,7,157999,80841,77146,12,NA
"PUNJAB","DERA GHAZI KHAN","DERA GHAZI KHAN","TAUNSA","TEHSIL","UNDER 1",21370,11202,10168,NA,17693,9401,8292,NA,3677,1801,1876,NA,NA
"PUNJAB","DERA GHAZI KHAN","DERA GHAZI KHAN","TAUNSA","TEHSIL","UNDER 5",138550,70844,67706,NA,113972,58397,55575,NA,24578,12447,12131,NA,NA
"PUNJAB","DERA GHAZI KHAN","DERA GHAZI KHAN","TAUNSA","TEHSIL","UNDER 10",259745,131645,128100,NA,213266,108213,105053,NA,46479,23432,23047,NA,NA
"PUNJAB","DERA GHAZI KHAN","DERA GHAZI KHAN","TAUNSA","TEHSIL","UNDER 15",361355,182789,178566,NA,295069,149404,145665,NA,66286,33385,32901,NA,NA
"PUNJAB","DERA GHAZI KHAN","DERA GHAZI KHAN","TAUNSA","TEHSIL","05 - 24",361452,182386,179061,5,291354,147054,144298,2,70098,35332,34763,3,NA
"PUNJAB","DERA GHAZI KHAN","DERA GHAZI KHAN","TAUNSA","TEHSIL","15 - 49",348600,178478,170104,18,275021,140914,134101,6,73579,37564,36003,12,NA
"PUNJAB","DERA GHAZI KHAN","DERA GHAZI KHAN","TAUNSA","TEHSIL","15 - 64",405731,209052,196660,19,319691,164646,155038,7,86040,44406,41622,12,NA
"PUNJAB","DERA GHAZI KHAN","DERA GHAZI KHAN","TAUNSA","TEHSIL","18 - 60",345569,177603,167948,18,272111,139817,132287,7,73458,37786,35661,11,NA
"PUNJAB","DERA GHAZI KHAN","DERA GHAZI KHAN","TAUNSA","TEHSIL","18 &  ABOVE",386106,199470,186618,18,304467,157220,147240,7,81639,42250,39378,11,NA
"PUNJAB","DERA GHAZI KHAN","DERA GHAZI KHAN","TAUNSA","TEHSIL","60 &  ABOVE",43968,23743,20224,1,35072,18897,16174,1,8896,4846,4050,NA,NA
"PUNJAB","DERA GHAZI KHAN","DERA GHAZI KHAN","TAUNSA","TEHSIL","65 &  ABOVE",29168,15669,13499,NA,23495,12619,10876,NA,5673,3050,2623,NA,NA
"PUNJAB","FAISALABAD","FAISALABAD","CHAK JHUMRA","TEHSIL","ALL AGES",385169,203127,182016,26,325038,172179,152839,20,60131,30948,29177,6,NA
"PUNJAB","FAISALABAD","FAISALABAD","CHAK JHUMRA","TEHSIL","UNDER 1",8397,4372,4025,NA,6913,3639,3274,NA,1484,733,751,NA,NA
"PUNJAB","FAISALABAD","FAISALABAD","CHAK JHUMRA","TEHSIL","UNDER 5",51142,26726,24416,NA,43177,22610,20567,NA,7965,4116,3849,NA,NA
"PUNJAB","FAISALABAD","FAISALABAD","CHAK JHUMRA","TEHSIL","UNDER 10",93185,48360,44825,NA,78992,41107,37885,NA,14193,7253,6940,NA,NA
"PUNJAB","FAISALABAD","FAISALABAD","CHAK JHUMRA","TEHSIL","UNDER 15",135063,70193,64867,3,114348,59608,54737,3,20715,10585,10130,NA,NA
"PUNJAB","FAISALABAD","FAISALABAD","CHAK JHUMRA","TEHSIL","05 - 24",157003,81850,75144,9,132715,69449,63257,9,24288,12401,11887,NA,NA
"PUNJAB","FAISALABAD","FAISALABAD","CHAK JHUMRA","TEHSIL","15 - 49",196578,103672,92891,15,165023,87579,77433,11,31555,16093,15458,4,NA
"PUNJAB","FAISALABAD","FAISALABAD","CHAK JHUMRA","TEHSIL","15 - 64",232489,122936,109532,21,195327,103815,91497,15,37162,19121,18035,6,NA
"PUNJAB","FAISALABAD","FAISALABAD","CHAK JHUMRA","TEHSIL","18 - 60",202006,106862,95125,19,169604,90248,79343,13,32402,16614,15782,6,NA
"PUNJAB","FAISALABAD","FAISALABAD","CHAK JHUMRA","TEHSIL","18 &  ABOVE",226671,120779,105870,22,190941,102331,88594,16,35730,18448,17276,6,NA
"PUNJAB","FAISALABAD","FAISALABAD","CHAK JHUMRA","TEHSIL","60 &  ABOVE",27143,15251,11888,4,23432,13214,10214,4,3711,2037,1674,NA,NA
"PUNJAB","FAISALABAD","FAISALABAD","CHAK JHUMRA","TEHSIL","65 &  ABOVE",17617,9998,7617,2,15363,8756,6605,2,2254,1242,1012,NA,NA
"PUNJAB","FAISALABAD","FAISALABAD","FAISALABAD CITY","TEHSIL","ALL AGES",3682036,1924504,1756934,598,NA,NA,NA,NA,3682036,1924504,1756934,598,NA
"PUNJAB","FAISALABAD","FAISALABAD","FAISALABAD CITY","TEHSIL","UNDER 1",68561,35570,32991,NA,NA,NA,NA,NA,68561,35570,32991,NA,NA
"PUNJAB","FAISALABAD","FAISALABAD","FAISALABAD CITY","TEHSIL","UNDER 5",443903,229631,214272,NA,NA,NA,NA,NA,443903,229631,214272,NA,NA
"PUNJAB","FAISALABAD","FAISALABAD","FAISALABAD CITY","TEHSIL","UNDER 10",836635,430436,406199,NA,NA,NA,NA,NA,836635,430436,406199,NA,NA
"PUNJAB","FAISALABAD","FAISALABAD","FAISALABAD CITY","TEHSIL","UNDER 15",1236591,640889,595690,12,NA,NA,NA,NA,1236591,640889,595690,12,NA
"PUNJAB","FAISALABAD","FAISALABAD","FAISALABAD CITY","TEHSIL","05 - 24",1520769,793001,727599,169,NA,NA,NA,NA,1520769,793001,727599,169,NA
"PUNJAB","FAISALABAD","FAISALABAD","FAISALABAD CITY","TEHSIL","15 - 49",1970521,1024114,945893,514,NA,NA,NA,NA,1970521,1024114,945893,514,NA
"PUNJAB","FAISALABAD","FAISALABAD","FAISALABAD CITY","TEHSIL","15 - 64",2316437,1210928,1104933,576,NA,NA,NA,NA,2316437,1210928,1104933,576,NA
"PUNJAB","FAISALABAD","FAISALABAD","FAISALABAD CITY","TEHSIL","18 - 60",2027520,1056688,970282,550,NA,NA,NA,NA,2027520,1056688,970282,550,NA
"PUNJAB","FAISALABAD","FAISALABAD","FAISALABAD CITY","TEHSIL","18 &  ABOVE",2225176,1167369,1057242,565,NA,NA,NA,NA,2225176,1167369,1057242,565,NA
"PUNJAB","FAISALABAD","FAISALABAD","FAISALABAD CITY","TEHSIL","60 &  ABOVE",218991,122040,96926,25,NA,NA,NA,NA,218991,122040,96926,25,NA
"PUNJAB","FAISALABAD","FAISALABAD","FAISALABAD CITY","TEHSIL","65 &  ABOVE",129008,72687,56311,10,NA,NA,NA,NA,129008,72687,56311,10,NA
"PUNJAB","FAISALABAD","FAISALABAD","FAISALABAD SADAR","TEHSIL","ALL AGES",1742958,907402,835448,108,1646024,857751,788168,105,96934,49651,47280,3,NA
"PUNJAB","FAISALABAD","FAISALABAD","FAISALABAD SADAR","TEHSIL","UNDER 1",41165,21498,19667,NA,39325,20541,18784,NA,1840,957,883,NA,NA
"PUNJAB","FAISALABAD","FAISALABAD","FAISALABAD SADAR","TEHSIL","UNDER 5",231085,119941,111144,NA,218884,113697,105187,NA,12201,6244,5957,NA,NA
"PUNJAB","FAISALABAD","FAISALABAD","FAISALABAD SADAR","TEHSIL","UNDER 10",432026,223163,208863,NA,409046,211508,197538,NA,22980,11655,11325,NA,NA
"PUNJAB","FAISALABAD","FAISALABAD","FAISALABAD SADAR","TEHSIL","UNDER 15",630270,328554,301715,1,596525,311339,285185,1,33745,17215,16530,NA,NA
"PUNJAB","FAISALABAD","FAISALABAD","FAISALABAD SADAR","TEHSIL","05 - 24",725967,378506,347434,27,685974,358100,327848,26,39993,20406,19586,1,NA
"PUNJAB","FAISALABAD","FAISALABAD","FAISALABAD SADAR","TEHSIL","15 - 49",882861,454127,428647,87,833351,429157,404110,84,49510,24970,24537,3,NA
"PUNJAB","FAISALABAD","FAISALABAD","FAISALABAD SADAR","TEHSIL","15 - 64",1043400,539836,503460,104,984229,509695,474433,101,59171,30141,29027,3,NA
"PUNJAB","FAISALABAD","FAISALABAD","FAISALABAD SADAR","TEHSIL","18 - 60",903296,465183,438013,100,852033,439200,412736,97,51263,25983,25277,3,NA
"PUNJAB","FAISALABAD","FAISALABAD","FAISALABAD SADAR","TEHSIL","18 &  ABOVE",1006056,522585,483367,104,948839,493226,455512,101,57217,29359,27855,3,NA
"PUNJAB","FAISALABAD","FAISALABAD","FAISALABAD SADAR","TEHSIL","60 &  ABOVE",112489,62540,49945,4,105938,58837,47097,4,6551,3703,2848,NA,NA
"PUNJAB","FAISALABAD","FAISALABAD","FAISALABAD SADAR","TEHSIL","65 &  ABOVE",69288,39012,30273,3,65270,36717,28550,3,4018,2295,1723,NA,NA
"PUNJAB","FAISALABAD","FAISALABAD","JARANWALA","TEHSIL","ALL AGES",1731148,903122,827910,116,1463533,762403,701041,89,267615,140719,126869,27,NA
"PUNJAB","FAISALABAD","FAISALABAD","JARANWALA","TEHSIL","UNDER 1",37730,19477,18253,NA,33090,17052,16038,NA,4640,2425,2215,NA,NA
"PUNJAB","FAISALABAD","FAISALABAD","JARANWALA","TEHSIL","UNDER 5",226808,116876,109932,NA,194662,100213,94449,NA,32146,16663,15483,NA,NA
"PUNJAB","FAISALABAD","FAISALABAD","JARANWALA","TEHSIL","UNDER 10",436439,224017,212422,NA,374751,192224,182527,NA,61688,31793,29895,NA,NA
"PUNJAB","FAISALABAD","FAISALABAD","JARANWALA","TEHSIL","UNDER 15",630808,325363,305438,7,539247,277970,261270,7,91561,47393,44168,NA,NA
"PUNJAB","FAISALABAD","FAISALABAD","JARANWALA","TEHSIL","05 - 24",727892,378095,349762,35,617325,320490,296801,34,110567,57605,52961,1,NA
"PUNJAB","FAISALABAD","FAISALABAD","JARANWALA","TEHSIL","15 - 49",871811,453058,418661,92,729583,378376,351136,71,142228,74682,67525,21,NA
"PUNJAB","FAISALABAD","FAISALABAD","JARANWALA","TEHSIL","15 - 64",1030860,538799,491956,105,863662,450535,413048,79,167198,88264,78908,26,NA
"PUNJAB","FAISALABAD","FAISALABAD","JARANWALA","TEHSIL","18 - 60",892120,465337,426684,99,746374,388400,357900,74,145746,76937,68784,25,NA
"PUNJAB","FAISALABAD","FAISALABAD","JARANWALA","TEHSIL","18 &  ABOVE",993719,522141,471474,104,834259,437402,396780,77,159460,84739,74694,27,NA
"PUNJAB","FAISALABAD","FAISALABAD","JARANWALA","TEHSIL","60 &  ABOVE",111274,62051,49217,6,96084,53433,42648,3,15190,8618,6569,3,NA
"PUNJAB","FAISALABAD","FAISALABAD","JARANWALA","TEHSIL","65 &  ABOVE",69480,38960,30516,4,60624,33898,26723,3,8856,5062,3793,1,NA
"PUNJAB","FAISALABAD","FAISALABAD","SAMMUNDRI","TEHSIL","ALL AGES",729672,375174,354454,44,543301,280084,263196,21,186371,95090,91258,23,NA
"PUNJAB","FAISALABAD","FAISALABAD","SAMMUNDRI","TEHSIL","UNDER 1",18421,9653,8768,NA,14464,7607,6857,NA,3957,2046,1911,NA,NA
"PUNJAB","FAISALABAD","FAISALABAD","SAMMUNDRI","TEHSIL","UNDER 5",98854,51595,47259,NA,75267,39443,35824,NA,23587,12152,11435,NA,NA
"PUNJAB","FAISALABAD","FAISALABAD","SAMMUNDRI","TEHSIL","UNDER 10",181799,94054,87745,NA,137160,71198,65962,NA,44639,22856,21783,NA,NA
"PUNJAB","FAISALABAD","FAISALABAD","SAMMUNDRI","TEHSIL","UNDER 15",262237,135899,126337,1,196663,102164,94498,1,65574,33735,31839,NA,NA
"PUNJAB","FAISALABAD","FAISALABAD","SAMMUNDRI","TEHSIL","05 - 24",299065,153184,145871,10,221410,113587,107817,6,77655,39597,38054,4,NA
"PUNJAB","FAISALABAD","FAISALABAD","SAMMUNDRI","TEHSIL","15 - 49",363710,182281,181395,34,267859,134551,133294,14,95851,47730,48101,20,NA
"PUNJAB","FAISALABAD","FAISALABAD","SAMMUNDRI","TEHSIL","15 - 64",434313,220262,214011,40,320573,162993,157563,17,113740,57269,56448,23,NA
"PUNJAB","FAISALABAD","FAISALABAD","SAMMUNDRI","TEHSIL","18 - 60",375234,189163,186036,35,276701,139929,136759,13,98533,49234,49277,22,NA
"PUNJAB","FAISALABAD","FAISALABAD","SAMMUNDRI","TEHSIL","18 &  ABOVE",423210,216467,206702,41,314071,161156,152897,18,109139,55311,53805,23,NA
"PUNJAB","FAISALABAD","FAISALABAD","SAMMUNDRI","TEHSIL","60 &  ABOVE",52339,29653,22680,6,40557,22946,17606,5,11782,6707,5074,1,NA
"PUNJAB","FAISALABAD","FAISALABAD","SAMMUNDRI","TEHSIL","65 &  ABOVE",33122,19013,14106,3,26065,14927,11135,3,7057,4086,2971,NA,NA
"PUNJAB","FAISALABAD","FAISALABAD","TANDLIAN WALA","TEHSIL","ALL AGES",794323,412853,381400,70,704844,366538,338249,57,89479,46315,43151,13,NA
"PUNJAB","FAISALABAD","FAISALABAD","TANDLIAN WALA","TEHSIL","UNDER 1",18900,9783,9117,NA,16813,8707,8106,NA,2087,1076,1011,NA,NA
"PUNJAB","FAISALABAD","FAISALABAD","TANDLIAN WALA","TEHSIL","UNDER 5",113640,58807,54833,NA,101723,52724,48999,NA,11917,6083,5834,NA,NA
"PUNJAB","FAISALABAD","FAISALABAD","TANDLIAN WALA","TEHSIL","UNDER 10",220030,113776,106254,NA,197784,102395,95389,NA,22246,11381,10865,NA,NA
"PUNJAB","FAISALABAD","FAISALABAD","TANDLIAN WALA","TEHSIL","UNDER 15",311932,162487,149442,3,278836,145208,133625,3,33096,17279,15817,NA,NA
"PUNJAB","FAISALABAD","FAISALABAD","TANDLIAN WALA","TEHSIL","05 - 24",338475,176569,161883,23,300586,156765,143801,20,37889,19804,18082,3,NA
"PUNJAB","FAISALABAD","FAISALABAD","TANDLIAN WALA","TEHSIL","15 - 49",376823,192514,184254,55,331332,169413,161874,45,45491,23101,22380,10,NA
"PUNJAB","FAISALABAD","FAISALABAD","TANDLIAN WALA","TEHSIL","15 - 64",447219,230415,216741,63,393916,203122,190744,50,53303,27293,25997,13,NA
"PUNJAB","FAISALABAD","FAISALABAD","TANDLIAN WALA","TEHSIL","18 - 60",386162,197257,188847,58,339871,173734,166092,45,46291,23523,22755,13,NA
"PUNJAB","FAISALABAD","FAISALABAD","TANDLIAN WALA","TEHSIL","18 &  ABOVE",435340,224953,210325,62,384420,198825,185546,49,50920,26128,24779,13,NA
"PUNJAB","FAISALABAD","FAISALABAD","TANDLIAN WALA","TEHSIL","60 &  ABOVE",54495,30437,24054,4,49375,27586,21785,4,5120,2851,2269,NA,NA
"PUNJAB","FAISALABAD","FAISALABAD","TANDLIAN WALA","TEHSIL","65 &  ABOVE",35172,19951,15217,4,32092,18208,13880,4,3080,1743,1337,NA,NA
"PUNJAB","GUJRANWALA","GUJRANWALA","GUJRANWALA CITY","TEHSIL","ALL AGES",2510883,1290236,1220437,210,NA,NA,NA,NA,2510883,1290236,1220437,210,NA
"PUNJAB","GUJRANWALA","GUJRANWALA","GUJRANWALA CITY","TEHSIL","UNDER 1",56166,28520,27646,NA,NA,NA,NA,NA,56166,28520,27646,NA,NA
"PUNJAB","GUJRANWALA","GUJRANWALA","GUJRANWALA CITY","TEHSIL","UNDER 5",395253,201114,194139,NA,NA,NA,NA,NA,395253,201114,194139,NA,NA
"PUNJAB","GUJRANWALA","GUJRANWALA","GUJRANWALA CITY","TEHSIL","UNDER 10",670646,339902,330744,NA,NA,NA,NA,NA,670646,339902,330744,NA,NA
"PUNJAB","GUJRANWALA","GUJRANWALA","GUJRANWALA CITY","TEHSIL","UNDER 15",960383,487145,473230,8,NA,NA,NA,NA,960383,487145,473230,8,NA
"PUNJAB","GUJRANWALA","GUJRANWALA","GUJRANWALA CITY","TEHSIL","05 - 24",1041351,529704,511572,75,NA,NA,NA,NA,1041351,529704,511572,75,NA
"PUNJAB","GUJRANWALA","GUJRANWALA","GUJRANWALA CITY","TEHSIL","15 - 49",1260190,640878,619126,186,NA,NA,NA,NA,1260190,640878,619126,186,NA
"PUNJAB","GUJRANWALA","GUJRANWALA","GUJRANWALA CITY","TEHSIL","15 - 64",1470713,755690,714824,199,NA,NA,NA,NA,1470713,755690,714824,199,NA
"PUNJAB","GUJRANWALA","GUJRANWALA","GUJRANWALA CITY","TEHSIL","18 - 60",1277330,654481,622663,186,NA,NA,NA,NA,1277330,654481,622663,186,NA
"PUNJAB","GUJRANWALA","GUJRANWALA","GUJRANWALA CITY","TEHSIL","18 &  ABOVE",1396760,724264,672307,189,NA,NA,NA,NA,1396760,724264,672307,189,NA
"PUNJAB","GUJRANWALA","GUJRANWALA","GUJRANWALA CITY","TEHSIL","60 &  ABOVE",135472,78656,56809,7,NA,NA,NA,NA,135472,78656,56809,7,NA
"PUNJAB","GUJRANWALA","GUJRANWALA","GUJRANWALA CITY","TEHSIL","65 &  ABOVE",79787,47401,32383,3,NA,NA,NA,NA,79787,47401,32383,3,NA
"PUNJAB","GUJRANWALA","GUJRANWALA","GUJRANWALA SADDAR","TEHSIL","ALL AGES",1114167,562374,551752,41,770919,389691,381200,28,343248,172683,170552,13,NA
"PUNJAB","GUJRANWALA","GUJRANWALA","GUJRANWALA SADDAR","TEHSIL","UNDER 1",23974,11753,12221,NA,17155,8418,8737,NA,6819,3335,3484,NA,NA
"PUNJAB","GUJRANWALA","GUJRANWALA","GUJRANWALA SADDAR","TEHSIL","UNDER 5",163208,81393,81815,NA,115760,57765,57995,NA,47448,23628,23820,NA,NA
"PUNJAB","GUJRANWALA","GUJRANWALA","GUJRANWALA SADDAR","TEHSIL","UNDER 10",291771,145646,146125,NA,205333,102568,102765,NA,86438,43078,43360,NA,NA
"PUNJAB","GUJRANWALA","GUJRANWALA","GUJRANWALA SADDAR","TEHSIL","UNDER 15",421158,210245,210909,4,294996,147457,147537,2,126162,62788,63372,2,NA
"PUNJAB","GUJRANWALA","GUJRANWALA","GUJRANWALA SADDAR","TEHSIL","05 - 24",470906,234982,235910,14,327699,163931,163760,8,143207,71051,72150,6,NA
"PUNJAB","GUJRANWALA","GUJRANWALA","GUJRANWALA SADDAR","TEHSIL","15 - 49",558059,277801,280227,31,383211,191236,191952,23,174848,86565,88275,8,NA
"PUNJAB","GUJRANWALA","GUJRANWALA","GUJRANWALA SADDAR","TEHSIL","15 - 64",653567,329399,324131,37,448410,226458,221926,26,205157,102941,102205,11,NA
"PUNJAB","GUJRANWALA","GUJRANWALA","GUJRANWALA SADDAR","TEHSIL","18 - 60",566916,285097,281785,34,388320,195707,192588,25,178596,89390,89197,9,NA
"PUNJAB","GUJRANWALA","GUJRANWALA","GUJRANWALA SADDAR","TEHSIL","18 &  ABOVE",624474,317978,306462,34,428296,218462,209809,25,196178,99516,96653,9,NA
"PUNJAB","GUJRANWALA","GUJRANWALA","GUJRANWALA SADDAR","TEHSIL","60 &  ABOVE",64357,36582,27774,1,44508,25195,19313,NA,19849,11387,8461,1,NA
"PUNJAB","GUJRANWALA","GUJRANWALA","GUJRANWALA SADDAR","TEHSIL","65 &  ABOVE",39442,22730,16712,NA,27513,15776,11737,NA,11929,6954,4975,NA,NA
"PUNJAB","GUJRANWALA","GUJRANWALA","KAMOKE","TEHSIL","ALL AGES",681296,344833,336420,43,389316,197238,192067,11,291980,147595,144353,32,NA
"PUNJAB","GUJRANWALA","GUJRANWALA","KAMOKE","TEHSIL","UNDER 1",20624,10538,10086,NA,12434,6393,6041,NA,8190,4145,4045,NA,NA
"PUNJAB","GUJRANWALA","GUJRANWALA","KAMOKE","TEHSIL","UNDER 5",108837,54758,54079,NA,65587,33257,32330,NA,43250,21501,21749,NA,NA
"PUNJAB","GUJRANWALA","GUJRANWALA","KAMOKE","TEHSIL","UNDER 10",189667,95232,94435,NA,111986,56607,55379,NA,77681,38625,39056,NA,NA
"PUNJAB","GUJRANWALA","GUJRANWALA","KAMOKE","TEHSIL","UNDER 15",267697,133887,133809,1,156496,78675,77820,1,111201,55212,55989,NA,NA
"PUNJAB","GUJRANWALA","GUJRANWALA","KAMOKE","TEHSIL","05 - 24",290004,144583,145416,5,165288,82378,82908,2,124716,62205,62508,3,NA
"PUNJAB","GUJRANWALA","GUJRANWALA","KAMOKE","TEHSIL","15 - 49",332858,166376,166447,35,186095,92705,93380,10,146763,73671,73067,25,NA
"PUNJAB","GUJRANWALA","GUJRANWALA","KAMOKE","TEHSIL","15 - 64",389070,196853,192177,40,217917,109912,107995,10,171153,86941,84182,30,NA
"PUNJAB","GUJRANWALA","GUJRANWALA","KAMOKE","TEHSIL","18 - 60",336057,170021,165997,39,187556,94635,92911,10,148501,75386,73086,29,NA
"PUNJAB","GUJRANWALA","GUJRANWALA","KAMOKE","TEHSIL","18 &  ABOVE",371239,190105,181093,41,208626,106723,101893,10,162613,83382,79200,31,NA
"PUNJAB","GUJRANWALA","GUJRANWALA","KAMOKE","TEHSIL","60 &  ABOVE",39090,22164,16924,2,23369,13310,10059,NA,15721,8854,6865,2,NA
"PUNJAB","GUJRANWALA","GUJRANWALA","KAMOKE","TEHSIL","65 &  ABOVE",24529,14093,10434,2,14903,8651,6252,NA,9626,5442,4182,2,NA
"PUNJAB","GUJRANWALA","GUJRANWALA","NOWSHERA VIRKAN","TEHSIL","ALL AGES",640415,324370,315982,63,580780,294079,286648,53,59635,30291,29334,10,NA
"PUNJAB","GUJRANWALA","GUJRANWALA","NOWSHERA VIRKAN","TEHSIL","UNDER 1",17148,8609,8539,NA,15954,8012,7942,NA,1194,597,597,NA,NA
"PUNJAB","GUJRANWALA","GUJRANWALA","NOWSHERA VIRKAN","TEHSIL","UNDER 5",94975,47522,47453,NA,87881,44049,43832,NA,7094,3473,3621,NA,NA
"PUNJAB","GUJRANWALA","GUJRANWALA","NOWSHERA VIRKAN","TEHSIL","UNDER 10",170323,85540,84783,NA,156070,78451,77619,NA,14253,7089,7164,NA,NA
"PUNJAB","GUJRANWALA","GUJRANWALA","NOWSHERA VIRKAN","TEHSIL","UNDER 15",248611,125835,122775,1,225431,113936,111494,1,23180,11899,11281,NA,NA
"PUNJAB","GUJRANWALA","GUJRANWALA","NOWSHERA VIRKAN","TEHSIL","05 - 24",278446,140505,137914,27,250455,126075,124355,25,27991,14430,13559,2,NA
"PUNJAB","GUJRANWALA","GUJRANWALA","NOWSHERA VIRKAN","TEHSIL","15 - 49",312324,155163,157106,55,282615,140427,142142,46,29709,14736,14964,9,NA
"PUNJAB","GUJRANWALA","GUJRANWALA","NOWSHERA VIRKAN","TEHSIL","15 - 64",367332,184727,182543,62,332904,167461,165391,52,34428,17266,17152,10,NA
"PUNJAB","GUJRANWALA","GUJRANWALA","NOWSHERA VIRKAN","TEHSIL","18 - 60",315021,157898,157064,59,285731,143360,142322,49,29290,14538,14742,10,NA
"PUNJAB","GUJRANWALA","GUJRANWALA","NOWSHERA VIRKAN","TEHSIL","18 &  ABOVE",350153,177641,172452,60,317944,161484,156410,50,32209,16157,16042,10,NA
"PUNJAB","GUJRANWALA","GUJRANWALA","NOWSHERA VIRKAN","TEHSIL","60 &  ABOVE",38571,21565,17004,2,35347,19792,15554,1,3224,1773,1450,1,NA
"PUNJAB","GUJRANWALA","GUJRANWALA","NOWSHERA VIRKAN","TEHSIL","65 &  ABOVE",24472,13808,10664,NA,22445,12682,9763,NA,2027,1126,901,NA,NA
"PUNJAB","GUJRANWALA","GUJRANWALA","WAZIRABAD","TEHSIL","ALL AGES",993412,497082,496150,180,624403,312499,311842,62,369009,184583,184308,118,NA
"PUNJAB","GUJRANWALA","GUJRANWALA","WAZIRABAD","TEHSIL","UNDER 1",28187,14303,13884,NA,18131,9278,8853,NA,10056,5025,5031,NA,NA
"PUNJAB","GUJRANWALA","GUJRANWALA","WAZIRABAD","TEHSIL","UNDER 5",161277,81784,79493,NA,100435,51317,49118,NA,60842,30467,30375,NA,NA
"PUNJAB","GUJRANWALA","GUJRANWALA","WAZIRABAD","TEHSIL","UNDER 10",271868,137462,134406,NA,170593,86578,84015,NA,101275,50884,50391,NA,NA
"PUNJAB","GUJRANWALA","GUJRANWALA","WAZIRABAD","TEHSIL","UNDER 15",382482,193401,189076,5,240202,121675,118524,3,142280,71726,70552,2,NA
"PUNJAB","GUJRANWALA","GUJRANWALA","WAZIRABAD","TEHSIL","05 - 24",402326,200932,201327,67,254653,126763,127866,24,147673,74169,73461,43,NA
"PUNJAB","GUJRANWALA","GUJRANWALA","WAZIRABAD","TEHSIL","15 - 49",474130,229219,244760,151,296284,142739,153501,44,177846,86480,91259,107,NA
"PUNJAB","GUJRANWALA","GUJRANWALA","WAZIRABAD","TEHSIL","15 - 64",566540,278332,288038,170,354799,173966,180779,54,211741,104366,107259,116,NA
"PUNJAB","GUJRANWALA","GUJRANWALA","WAZIRABAD","TEHSIL","18 - 60",488713,238335,250229,149,305399,148724,156634,41,183314,89611,93595,108,NA
"PUNJAB","GUJRANWALA","GUJRANWALA","WAZIRABAD","TEHSIL","18 &  ABOVE",552032,274082,277793,157,346697,172142,174507,48,205335,101940,103286,109,NA
"PUNJAB","GUJRANWALA","GUJRANWALA","WAZIRABAD","TEHSIL","60 &  ABOVE",69652,39081,30561,10,45294,25532,19754,8,24358,13549,10807,2,NA
"PUNJAB","GUJRANWALA","GUJRANWALA","WAZIRABAD","TEHSIL","65 &  ABOVE",44390,25349,19036,5,29402,16858,12539,5,14988,8491,6497,NA,NA
"PUNJAB","GUJRANWALA","GUJRAT","GUJRAT","TEHSIL","ALL AGES",1744046,871388,872564,94,812767,404398,408353,16,931279,466990,464211,78,NA
"PUNJAB","GUJRANWALA","GUJRAT","GUJRAT","TEHSIL","UNDER 1",30750,15322,15428,NA,15598,7705,7893,NA,15152,7617,7535,NA,NA
"PUNJAB","GUJRANWALA","GUJRAT","GUJRAT","TEHSIL","UNDER 5",203645,101187,102458,NA,96776,48071,48705,NA,106869,53116,53753,NA,NA
"PUNJAB","GUJRANWALA","GUJRAT","GUJRAT","TEHSIL","UNDER 10",387963,193242,194721,NA,182562,90920,91642,NA,205401,102322,103079,NA,NA
"PUNJAB","GUJRANWALA","GUJRAT","GUJRAT","TEHSIL","UNDER 15",578279,288175,290101,3,269898,134465,135432,1,308381,153710,154669,2,NA
"PUNJAB","GUJRANWALA","GUJRAT","GUJRAT","TEHSIL","05 - 24",700285,349009,351247,29,325120,161600,163514,6,375165,187409,187733,23,NA
"PUNJAB","GUJRANWALA","GUJRAT","GUJRAT","TEHSIL","15 - 49",892956,438478,454405,73,411258,201154,210095,9,481698,237324,244310,64,NA
"PUNJAB","GUJRANWALA","GUJRAT","GUJRAT","TEHSIL","15 - 64",1071327,531316,539924,87,494223,243907,250302,14,577104,287409,289622,73,NA
"PUNJAB","GUJRANWALA","GUJRAT","GUJRAT","TEHSIL","18 - 60",930208,459425,470709,74,428307,210815,217483,9,501901,248610,253226,65,NA
"PUNJAB","GUJRANWALA","GUJRAT","GUJRAT","TEHSIL","18 &  ABOVE",1062882,531588,531212,82,495180,246294,248875,11,567702,285294,282337,71,NA
"PUNJAB","GUJRANWALA","GUJRAT","GUJRAT","TEHSIL","60 &  ABOVE",144051,78048,65995,8,72174,38187,33985,2,71877,39861,32010,6,NA
"PUNJAB","GUJRANWALA","GUJRAT","GUJRAT","TEHSIL","65 &  ABOVE",94440,51897,42539,4,48646,26026,22619,1,45794,25871,19920,3,NA
"PUNJAB","GUJRANWALA","GUJRAT","KHARIAN","TEHSIL","ALL AGES",1174083,586443,587552,88,855985,417904,438059,22,318098,168539,149493,66,NA
"PUNJAB","GUJRANWALA","GUJRAT","KHARIAN","TEHSIL","UNDER 1",23458,11653,11805,NA,17016,8428,8588,NA,6442,3225,3217,NA,NA
"PUNJAB","GUJRANWALA","GUJRAT","KHARIAN","TEHSIL","UNDER 5",138366,69053,69313,NA,100978,50237,50741,NA,37388,18816,18572,NA,NA
"PUNJAB","GUJRANWALA","GUJRAT","KHARIAN","TEHSIL","UNDER 10",262744,131075,131669,NA,192687,96021,96666,NA,70057,35054,35003,NA,NA
"PUNJAB","GUJRANWALA","GUJRAT","KHARIAN","TEHSIL","UNDER 15",390690,194409,196280,1,287608,142888,144720,NA,103082,51521,51560,1,NA
"PUNJAB","GUJRANWALA","GUJRAT","KHARIAN","TEHSIL","05 - 24",463274,229297,233957,20,341870,168133,173732,5,121404,61164,60225,15,NA
"PUNJAB","GUJRANWALA","GUJRAT","KHARIAN","TEHSIL","15 - 49",598384,296408,301908,68,425329,201472,223841,16,173055,94936,78067,52,NA
"PUNJAB","GUJRANWALA","GUJRAT","KHARIAN","TEHSIL","15 - 64",715018,355257,359680,81,513920,245787,268115,18,201098,109470,91565,63,NA
"PUNJAB","GUJRANWALA","GUJRAT","KHARIAN","TEHSIL","18 - 60",621096,308154,312867,75,443198,210573,232610,15,177898,97581,80257,60,NA
"PUNJAB","GUJRANWALA","GUJRAT","KHARIAN","TEHSIL","18 &  ABOVE",714878,357972,356823,83,517199,249729,267451,19,197679,108243,89372,64,NA
"PUNJAB","GUJRANWALA","GUJRAT","KHARIAN","TEHSIL","60 &  ABOVE",101738,53821,47909,8,80079,42208,37867,4,21659,11613,10042,4,NA
"PUNJAB","GUJRANWALA","GUJRAT","KHARIAN","TEHSIL","65 &  ABOVE",68375,36777,31592,6,54457,29229,25224,4,13918,7548,6368,2,NA
"PUNJAB","GUJRANWALA","GUJRAT","SARAI ALAMGIR","TEHSIL","ALL AGES",297871,148770,149093,8,224068,112152,111912,4,73803,36618,37181,4,NA
"PUNJAB","GUJRANWALA","GUJRAT","SARAI ALAMGIR","TEHSIL","UNDER 1",6763,3473,3290,NA,5226,2692,2534,NA,1537,781,756,NA,NA
"PUNJAB","GUJRANWALA","GUJRAT","SARAI ALAMGIR","TEHSIL","UNDER 5",36846,18670,18176,NA,28215,14326,13889,NA,8631,4344,4287,NA,NA
"PUNJAB","GUJRANWALA","GUJRAT","SARAI ALAMGIR","TEHSIL","UNDER 10",67119,33807,33312,NA,50884,25718,25166,NA,16235,8089,8146,NA,NA
"PUNJAB","GUJRANWALA","GUJRAT","SARAI ALAMGIR","TEHSIL","UNDER 15",99122,49815,49307,NA,74549,37585,36964,NA,24573,12230,12343,NA,NA
"PUNJAB","GUJRANWALA","GUJRAT","SARAI ALAMGIR","TEHSIL","05 - 24",116529,58096,58433,NA,86981,43438,43543,NA,29548,14658,14890,NA,NA
"PUNJAB","GUJRANWALA","GUJRAT","SARAI ALAMGIR","TEHSIL","15 - 49",152715,75106,77604,5,114036,56242,57793,1,38679,18864,19811,4,NA
"PUNJAB","GUJRANWALA","GUJRAT","SARAI ALAMGIR","TEHSIL","15 - 64",183117,90646,92463,8,136985,67952,69029,4,46132,22694,23434,4,NA
"PUNJAB","GUJRANWALA","GUJRAT","SARAI ALAMGIR","TEHSIL","18 - 60",159224,78605,80611,8,119082,58947,60131,4,40142,19658,20480,4,NA
"PUNJAB","GUJRANWALA","GUJRAT","SARAI ALAMGIR","TEHSIL","18 &  ABOVE",181285,90283,90994,8,136521,68123,68394,4,44764,22160,22600,4,NA
"PUNJAB","GUJRANWALA","GUJRAT","SARAI ALAMGIR","TEHSIL","60 &  ABOVE",24019,12684,11335,NA,18973,9955,9018,NA,5046,2729,2317,NA,NA
"PUNJAB","GUJRANWALA","GUJRAT","SARAI ALAMGIR","TEHSIL","65 &  ABOVE",15632,8309,7323,NA,12534,6615,5919,NA,3098,1694,1404,NA,NA
"PUNJAB","GUJRANWALA","HAFIZABAD","HAFIZABAD","TEHSIL","ALL AGES",760900,385117,375749,34,418156,211293,206854,9,342744,173824,168895,25,NA
"PUNJAB","GUJRANWALA","HAFIZABAD","HAFIZABAD","TEHSIL","UNDER 1",16920,8511,8409,NA,9139,4648,4491,NA,7781,3863,3918,NA,NA
"PUNJAB","GUJRANWALA","HAFIZABAD","HAFIZABAD","TEHSIL","UNDER 5",103760,52093,51667,NA,57226,28783,28443,NA,46534,23310,23224,NA,NA
"PUNJAB","GUJRANWALA","HAFIZABAD","HAFIZABAD","TEHSIL","UNDER 10",187688,94111,93577,NA,103572,51896,51676,NA,84116,42215,41901,NA,NA
"PUNJAB","GUJRANWALA","HAFIZABAD","HAFIZABAD","TEHSIL","UNDER 15",274686,137437,137248,1,151068,75444,75623,1,123618,61993,61625,NA,NA
"PUNJAB","GUJRANWALA","HAFIZABAD","HAFIZABAD","TEHSIL","05 - 24",316462,158027,158424,11,173146,86185,86956,5,143316,71842,71468,6,NA
"PUNJAB","GUJRANWALA","HAFIZABAD","HAFIZABAD","TEHSIL","15 - 49",382228,190102,192100,26,207273,102805,104461,7,174955,87297,87639,19,NA
"PUNJAB","GUJRANWALA","HAFIZABAD","HAFIZABAD","TEHSIL","15 - 64",452242,228052,224157,33,246183,123813,122362,8,206059,104239,101795,25,NA
"PUNJAB","GUJRANWALA","HAFIZABAD","HAFIZABAD","TEHSIL","18 - 60",391135,196875,194232,28,212846,106884,105956,6,178289,89991,88276,22,NA
"PUNJAB","GUJRANWALA","HAFIZABAD","HAFIZABAD","TEHSIL","18 &  ABOVE",438362,223854,214480,28,241173,123023,118144,6,197189,100831,96336,22,NA
"PUNJAB","GUJRANWALA","HAFIZABAD","HAFIZABAD","TEHSIL","60 &  ABOVE",52584,29860,22723,1,31413,17766,13647,NA,21171,12094,9076,1,NA
"PUNJAB","GUJRANWALA","HAFIZABAD","HAFIZABAD","TEHSIL","65 &  ABOVE",33972,19628,14344,NA,20905,12036,8869,NA,13067,7592,5475,NA,NA
"PUNJAB","GUJRANWALA","HAFIZABAD","PINDI BHATTIAN","TEHSIL","ALL AGES",558751,284783,273942,26,397361,203238,194112,11,161390,81545,79830,15,NA
"PUNJAB","GUJRANWALA","HAFIZABAD","PINDI BHATTIAN","TEHSIL","UNDER 1",12007,6133,5874,NA,9068,4663,4405,NA,2939,1470,1469,NA,NA
"PUNJAB","GUJRANWALA","HAFIZABAD","PINDI BHATTIAN","TEHSIL","UNDER 5",74301,37391,36910,NA,53998,27381,26617,NA,20303,10010,10293,NA,NA
"PUNJAB","GUJRANWALA","HAFIZABAD","PINDI BHATTIAN","TEHSIL","UNDER 10",143320,72057,71263,NA,103533,52429,51104,NA,39787,19628,20159,NA,NA
"PUNJAB","GUJRANWALA","HAFIZABAD","PINDI BHATTIAN","TEHSIL","UNDER 15",209787,105875,103911,1,150435,76310,74124,1,59352,29565,29787,NA,NA
"PUNJAB","GUJRANWALA","HAFIZABAD","PINDI BHATTIAN","TEHSIL","05 - 24",239467,121159,118301,7,169207,86098,83106,3,70260,35061,35195,4,NA
"PUNJAB","GUJRANWALA","HAFIZABAD","PINDI BHATTIAN","TEHSIL","15 - 49",274005,137873,136109,23,191676,96503,95163,10,82329,41370,40946,13,NA
"PUNJAB","GUJRANWALA","HAFIZABAD","PINDI BHATTIAN","TEHSIL","15 - 64",323854,164718,159111,25,227503,115892,111601,10,96351,48826,47510,15,NA
"PUNJAB","GUJRANWALA","HAFIZABAD","PINDI BHATTIAN","TEHSIL","18 - 60",279467,141889,137554,24,195928,99522,96397,9,83539,42367,41157,15,NA
"PUNJAB","GUJRANWALA","HAFIZABAD","PINDI BHATTIAN","TEHSIL","18 &  ABOVE",314115,161247,152844,24,222308,114323,107976,9,91807,46924,44868,15,NA
"PUNJAB","GUJRANWALA","HAFIZABAD","PINDI BHATTIAN","TEHSIL","60 &  ABOVE",38143,21232,16911,NA,28923,16156,12767,NA,9220,5076,4144,NA,NA
"PUNJAB","GUJRANWALA","HAFIZABAD","PINDI BHATTIAN","TEHSIL","65 &  ABOVE",25110,14190,10920,NA,19423,11036,8387,NA,5687,3154,2533,NA,NA
NA,NA,"JHANG","-HAZARI","TEHSIL","ALL AGES",332295,170981,161284,30,302158,155424,146719,15,30137,15557,14565,15,NA
NA,NA,"JHANG","-HAZARI","TEHSIL","UNDER 1",7559,3932,3627,NA,6936,3626,3310,NA,623,306,317,NA,NA
NA,NA,"JHANG","-HAZARI","TEHSIL","UNDER 5",46956,24219,22737,NA,42856,22126,20730,NA,4100,2093,2007,NA,NA
NA,NA,"JHANG","-HAZARI","TEHSIL","UNDER 10",91255,46963,44292,NA,83289,42935,40354,NA,7966,4028,3938,NA,NA
NA,NA,"JHANG","-HAZARI","TEHSIL","UNDER 15",131565,68117,63447,1,119768,61971,57796,1,11797,6146,5651,NA,NA
NA,NA,"JHANG","-HAZARI","TEHSIL","05 - 24",145136,75206,69917,13,132027,68402,63622,3,13109,6804,6295,10,NA
NA,NA,"JHANG","-HAZARI","TEHSIL","15 - 49",157205,79675,77503,27,142647,72301,70334,12,14558,7374,7169,15,NA
NA,NA,"JHANG","-HAZARI","TEHSIL","15 - 64",186589,95079,91481,29,169441,86355,83072,14,17148,8724,8409,15,NA
NA,NA,"JHANG","-HAZARI","TEHSIL","18 - 60",160577,81231,79318,28,145769,73791,71964,14,14808,7440,7354,14,NA
NA,NA,"JHANG","-HAZARI","TEHSIL","18 &  ABOVE",180607,92205,88374,28,164084,83788,80282,14,16523,8417,8092,14,NA
NA,NA,"JHANG","-HAZARI","TEHSIL","60 &  ABOVE",21770,11857,9913,NA,19900,10804,9096,NA,1870,1053,817,NA,NA
NA,NA,"JHANG","-HAZARI","TEHSIL","65 &  ABOVE",14141,7785,6356,NA,12949,7098,5851,NA,1192,687,505,NA,NA
"PUNJAB","FAISALABAD","JHANG","AHMADPUR SIAL","TEHSIL","ALL AGES",487905,252533,235336,36,407703,211372,196310,21,80202,41161,39026,15,NA
"PUNJAB","FAISALABAD","JHANG","AHMADPUR SIAL","TEHSIL","UNDER 1",16058,8694,7364,NA,13662,7453,6209,NA,2396,1241,1155,NA,NA
"PUNJAB","FAISALABAD","JHANG","AHMADPUR SIAL","TEHSIL","UNDER 5",76961,40301,36660,NA,65295,34272,31023,NA,11666,6029,5637,NA,NA
"PUNJAB","FAISALABAD","JHANG","AHMADPUR SIAL","TEHSIL","UNDER 10",146052,76052,70000,NA,123721,64528,59193,NA,22331,11524,10807,NA,NA
"PUNJAB","FAISALABAD","JHANG","AHMADPUR SIAL","TEHSIL","UNDER 15",206519,108229,98290,NA,174318,91432,82886,NA,32201,16797,15404,NA,NA
"PUNJAB","FAISALABAD","JHANG","AHMADPUR SIAL","TEHSIL","05 - 24",212590,111006,101581,3,177781,93005,84773,3,34809,18001,16808,NA,NA
"PUNJAB","FAISALABAD","JHANG","AHMADPUR SIAL","TEHSIL","15 - 49",220613,112267,108312,34,182545,93085,89441,19,38068,19182,18871,15,NA
"PUNJAB","FAISALABAD","JHANG","AHMADPUR SIAL","TEHSIL","15 - 64",261440,133462,127943,35,216469,110720,105729,20,44971,22742,22214,15,NA
"PUNJAB","FAISALABAD","JHANG","AHMADPUR SIAL","TEHSIL","18 - 60",225042,114270,110739,33,186183,94723,91442,18,38859,19547,19297,15,NA
"PUNJAB","FAISALABAD","JHANG","AHMADPUR SIAL","TEHSIL","18 &  ABOVE",253150,129404,123712,34,209861,107473,102369,19,43289,21931,21343,15,NA
"PUNJAB","FAISALABAD","JHANG","AHMADPUR SIAL","TEHSIL","60 &  ABOVE",30224,16261,13962,1,25453,13695,11757,1,4771,2566,2205,NA,NA
"PUNJAB","FAISALABAD","JHANG","AHMADPUR SIAL","TEHSIL","65 &  ABOVE",19946,10842,9103,1,16916,9220,7695,1,3030,1622,1408,NA,NA
"PUNJAB","FAISALABAD","JHANG","JHANG","TEHSIL","ALL AGES",1640676,849966,790594,116,1017583,527727,489836,20,623093,322239,300758,96,NA
"PUNJAB","FAISALABAD","JHANG","JHANG","TEHSIL","UNDER 1",38657,20198,18459,NA,24502,12875,11627,NA,14155,7323,6832,NA,NA
"PUNJAB","FAISALABAD","JHANG","JHANG","TEHSIL","UNDER 5",227445,118795,108650,NA,148534,77694,70840,NA,78911,41101,37810,NA,NA
"PUNJAB","FAISALABAD","JHANG","JHANG","TEHSIL","UNDER 10",438589,227735,210854,NA,287225,149337,137888,NA,151364,78398,72966,NA,NA
"PUNJAB","FAISALABAD","JHANG","JHANG","TEHSIL","UNDER 15",631926,329449,302475,2,408332,213214,195117,1,223594,116235,107358,1,NA
"PUNJAB","FAISALABAD","JHANG","JHANG","TEHSIL","05 - 24",705089,367170,337883,36,439962,229580,210377,5,265127,137590,127506,31,NA
"PUNJAB","FAISALABAD","JHANG","JHANG","TEHSIL","15 - 49",789266,402424,386746,96,470461,239471,230978,12,318805,162953,155768,84,NA
"PUNJAB","FAISALABAD","JHANG","JHANG","TEHSIL","15 - 64",938926,481977,456841,108,562644,288504,274124,16,376282,193473,182717,92,NA
"PUNJAB","FAISALABAD","JHANG","JHANG","TEHSIL","18 - 60",809429,412303,397030,96,484399,246461,237926,12,325030,165842,159104,84,NA
"PUNJAB","FAISALABAD","JHANG","JHANG","TEHSIL","18 &  ABOVE",908620,466920,441593,107,549235,282435,266784,16,359385,184485,174809,91,NA
"PUNJAB","FAISALABAD","JHANG","JHANG","TEHSIL","60 &  ABOVE",108519,59563,48944,12,70675,39070,31600,5,37844,20493,17344,7,NA
"PUNJAB","FAISALABAD","JHANG","JHANG","TEHSIL","65 &  ABOVE",69824,38540,31278,6,46607,26009,20595,3,23217,12531,10683,3,NA
"PUNJAB","FAISALABAD","JHANG","SHORKOT","TEHSIL","ALL AGES",604763,312136,292557,70,537269,277844,259402,23,67494,34292,33155,47,NA
"PUNJAB","FAISALABAD","JHANG","SHORKOT","TEHSIL","UNDER 1",12218,6414,5804,NA,10966,5758,5208,NA,1252,656,596,NA,NA
"PUNJAB","FAISALABAD","JHANG","SHORKOT","TEHSIL","UNDER 5",80642,41594,39048,NA,73068,37655,35413,NA,7574,3939,3635,NA,NA
"PUNJAB","FAISALABAD","JHANG","SHORKOT","TEHSIL","UNDER 10",161273,83084,78189,NA,145804,75221,70583,NA,15469,7863,7606,NA,NA
"PUNJAB","FAISALABAD","JHANG","SHORKOT","TEHSIL","UNDER 15",235547,122441,113106,NA,212034,110425,101609,NA,23513,12016,11497,NA,NA
"PUNJAB","FAISALABAD","JHANG","SHORKOT","TEHSIL","05 - 24",266693,139167,127502,24,237707,124472,113227,8,28986,14695,14275,16,NA
"PUNJAB","FAISALABAD","JHANG","SHORKOT","TEHSIL","15 - 49",287976,146504,141409,63,253344,129219,124106,19,34632,17285,17303,44,NA
"PUNJAB","FAISALABAD","JHANG","SHORKOT","TEHSIL","15 - 64",342285,175014,167203,68,300964,154164,146778,22,41321,20850,20425,46,NA
"PUNJAB","FAISALABAD","JHANG","SHORKOT","TEHSIL","18 - 60",294345,149420,144860,65,258706,131562,127125,19,35639,17858,17735,46,NA
"PUNJAB","FAISALABAD","JHANG","SHORKOT","TEHSIL","18 &  ABOVE",332037,169840,162129,68,292447,149830,142596,21,39590,20010,19533,47,NA
"PUNJAB","FAISALABAD","JHANG","SHORKOT","TEHSIL","60 &  ABOVE",41252,22187,19060,5,36905,19833,17070,2,4347,2354,1990,3,NA
"PUNJAB","FAISALABAD","JHANG","SHORKOT","TEHSIL","65 &  ABOVE",26931,14681,12248,2,24271,13255,11015,1,2660,1426,1233,1,NA
"PUNJAB","RAWALPINDI","JHELUM","DINA","TEHSIL","ALL AGES",269927,139497,130385,45,170935,87601,83333,1,98992,51896,47052,44,NA
"PUNJAB","RAWALPINDI","JHELUM","DINA","TEHSIL","UNDER 1",4083,2071,2012,NA,2709,1361,1348,NA,1374,710,664,NA,NA
"PUNJAB","RAWALPINDI","JHELUM","DINA","TEHSIL","UNDER 5",28009,14330,13679,NA,17704,9042,8662,NA,10305,5288,5017,NA,NA
"PUNJAB","RAWALPINDI","JHELUM","DINA","TEHSIL","UNDER 10",54274,27609,26665,NA,33668,17092,16576,NA,20606,10517,10089,NA,NA
"PUNJAB","RAWALPINDI","JHELUM","DINA","TEHSIL","UNDER 15",82234,42516,39718,NA,50989,26295,24694,NA,31245,16221,15024,NA,NA
"PUNJAB","RAWALPINDI","JHELUM","DINA","TEHSIL","05 - 24",102906,53855,49043,8,64020,33414,30606,NA,38886,20441,18437,8,NA
"PUNJAB","RAWALPINDI","JHELUM","DINA","TEHSIL","15 - 49",143015,73992,68981,42,89540,45853,43686,1,53475,28139,25295,41,NA
"PUNJAB","RAWALPINDI","JHELUM","DINA","TEHSIL","15 - 64",171708,88596,83068,44,108655,55468,53186,1,63053,33128,29882,43,NA
"PUNJAB","RAWALPINDI","JHELUM","DINA","TEHSIL","18 - 60",149912,77032,72836,44,94678,48138,46539,1,55234,28894,26297,43,NA
"PUNJAB","RAWALPINDI","JHELUM","DINA","TEHSIL","18 &  ABOVE",172215,88661,83509,45,110271,56163,54107,1,61944,32498,29402,44,NA
"PUNJAB","RAWALPINDI","JHELUM","DINA","TEHSIL","60 &  ABOVE",24071,12529,11541,1,16742,8601,8141,NA,7329,3928,3400,1,NA
"PUNJAB","RAWALPINDI","JHELUM","DINA","TEHSIL","65 &  ABOVE",15985,8385,7599,1,11291,5838,5453,NA,4694,2547,2146,1,NA
"PUNJAB","RAWALPINDI","JHELUM","JHELUM","TEHSIL","ALL AGES",499032,254864,244139,29,194788,98909,95876,3,304244,155955,148263,26,NA
"PUNJAB","RAWALPINDI","JHELUM","JHELUM","TEHSIL","UNDER 1",8339,4255,4084,NA,3473,1784,1689,NA,4866,2471,2395,NA,NA
"PUNJAB","RAWALPINDI","JHELUM","JHELUM","TEHSIL","UNDER 5",53405,27343,26062,NA,21976,11255,10721,NA,31429,16088,15341,NA,NA
"PUNJAB","RAWALPINDI","JHELUM","JHELUM","TEHSIL","UNDER 10",103623,52753,50870,NA,41829,21369,20460,NA,61794,31384,30410,NA,NA
"PUNJAB","RAWALPINDI","JHELUM","JHELUM","TEHSIL","UNDER 15",156421,80485,75936,NA,62093,31874,30219,NA,94328,48611,45717,NA,NA
"PUNJAB","RAWALPINDI","JHELUM","JHELUM","TEHSIL","05 - 24",192973,99627,93343,3,74748,38351,36394,3,118225,61276,56949,NA,NA
"PUNJAB","RAWALPINDI","JHELUM","JHELUM","TEHSIL","15 - 49",260128,131129,128976,23,99555,49903,49649,3,160573,81226,79327,20,NA
"PUNJAB","RAWALPINDI","JHELUM","JHELUM","TEHSIL","15 - 64",314825,159362,155434,29,120694,60693,59998,3,194131,98669,95436,26,NA
"PUNJAB","RAWALPINDI","JHELUM","JHELUM","TEHSIL","18 - 60",274123,137942,136155,26,104860,52392,52465,3,169263,85550,83690,23,NA
"PUNJAB","RAWALPINDI","JHELUM","JHELUM","TEHSIL","18 &  ABOVE",313894,159305,154560,29,121603,61219,60381,3,192291,98086,94179,26,NA
"PUNJAB","RAWALPINDI","JHELUM","JHELUM","TEHSIL","60 &  ABOVE",43269,23154,20112,3,18047,9492,8555,NA,25222,13662,11557,3,NA
"PUNJAB","RAWALPINDI","JHELUM","JHELUM","TEHSIL","65 &  ABOVE",27786,15017,12769,NA,12001,6342,5659,NA,15785,8675,7110,NA,NA
"PUNJAB","RAWALPINDI","JHELUM","PIND DADAN KHAN","TEHSIL","ALL AGES",371971,188587,183370,14,307222,155576,151639,7,64749,33011,31731,7,NA
"PUNJAB","RAWALPINDI","JHELUM","PIND DADAN KHAN","TEHSIL","UNDER 1",6299,3274,3025,NA,5320,2756,2564,NA,979,518,461,NA,NA
"PUNJAB","RAWALPINDI","JHELUM","PIND DADAN KHAN","TEHSIL","UNDER 5",41381,21208,20173,NA,34434,17676,16758,NA,6947,3532,3415,NA,NA
"PUNJAB","RAWALPINDI","JHELUM","PIND DADAN KHAN","TEHSIL","UNDER 10",79720,40452,39268,NA,66328,33729,32599,NA,13392,6723,6669,NA,NA
"PUNJAB","RAWALPINDI","JHELUM","PIND DADAN KHAN","TEHSIL","UNDER 15",116631,59786,56845,NA,97017,49739,47278,NA,19614,10047,9567,NA,NA
"PUNJAB","RAWALPINDI","JHELUM","PIND DADAN KHAN","TEHSIL","05 - 24",139738,71241,68496,1,115679,58906,56773,NA,24059,12335,11723,1,NA
"PUNJAB","RAWALPINDI","JHELUM","PIND DADAN KHAN","TEHSIL","15 - 49",191857,95769,96078,10,157434,78431,78997,6,34423,17338,17081,4,NA
"PUNJAB","RAWALPINDI","JHELUM","PIND DADAN KHAN","TEHSIL","15 - 64",233926,117342,116571,13,191993,96058,95928,7,41933,21284,20643,6,NA
"PUNJAB","RAWALPINDI","JHELUM","PIND DADAN KHAN","TEHSIL","18 - 60",203887,101662,102213,12,167275,83173,84095,7,36612,18489,18118,5,NA
"PUNJAB","RAWALPINDI","JHELUM","PIND DADAN KHAN","TEHSIL","18 &  ABOVE",234849,118182,116654,13,193407,97154,96246,7,41442,21028,20408,6,NA
"PUNJAB","RAWALPINDI","JHELUM","PIND DADAN KHAN","TEHSIL","60 &  ABOVE",33397,17794,15602,1,28192,15053,13139,NA,5205,2741,2463,1,NA
"PUNJAB","RAWALPINDI","JHELUM","PIND DADAN KHAN","TEHSIL","65 &  ABOVE",21414,11459,9954,1,18212,9779,8433,NA,3202,1680,1521,1,NA
"PUNJAB","RAWALPINDI","JHELUM","SOHAWA","TEHSIL","ALL AGES",225367,113035,112322,10,164982,82965,82011,6,60385,30070,30311,4,NA
"PUNJAB","RAWALPINDI","JHELUM","SOHAWA","TEHSIL","UNDER 1",4071,2103,1968,NA,2853,1462,1391,NA,1218,641,577,NA,NA
"PUNJAB","RAWALPINDI","JHELUM","SOHAWA","TEHSIL","UNDER 5",24479,12597,11882,NA,17666,9106,8560,NA,6813,3491,3322,NA,NA
"PUNJAB","RAWALPINDI","JHELUM","SOHAWA","TEHSIL","UNDER 10",47310,24217,23093,NA,34488,17701,16787,NA,12822,6516,6306,NA,NA
"PUNJAB","RAWALPINDI","JHELUM","SOHAWA","TEHSIL","UNDER 15",70467,36362,34104,1,51160,26448,24711,1,19307,9914,9393,NA,NA
"PUNJAB","RAWALPINDI","JHELUM","SOHAWA","TEHSIL","05 - 24",85594,44026,41565,3,62049,31950,30096,3,23545,12076,11469,NA,NA
"PUNJAB","RAWALPINDI","JHELUM","SOHAWA","TEHSIL","15 - 49",114184,56257,57920,7,83307,41193,42110,4,30877,15064,15810,3,NA
"PUNJAB","RAWALPINDI","JHELUM","SOHAWA","TEHSIL","15 - 64",139387,68813,70566,8,101971,50493,51473,5,37416,18320,19093,3,NA
"PUNJAB","RAWALPINDI","JHELUM","SOHAWA","TEHSIL","18 - 60",120779,59129,61643,7,88317,43383,44930,4,32462,15746,16713,3,NA
"PUNJAB","RAWALPINDI","JHELUM","SOHAWA","TEHSIL","18 &  ABOVE",142009,69859,72142,8,104465,51561,52900,4,37544,18298,19242,4,NA
"PUNJAB","RAWALPINDI","JHELUM","SOHAWA","TEHSIL","60 &  ABOVE",22675,11478,11196,1,17232,8738,8494,NA,5443,2740,2702,1,NA
"PUNJAB","RAWALPINDI","JHELUM","SOHAWA","TEHSIL","65 &  ABOVE",15513,7860,7652,1,11851,6024,5827,NA,3662,1836,1825,1,NA
"PUNJAB","LAHORE","KASUR","CHUNIAN","TEHSIL","ALL AGES",977028,497971,478944,113,773329,394565,378709,55,203699,103406,100235,58,NA
"PUNJAB","LAHORE","KASUR","CHUNIAN","TEHSIL","UNDER 1",25033,12725,12308,NA,19847,10114,9733,NA,5186,2611,2575,NA,NA
"PUNJAB","LAHORE","KASUR","CHUNIAN","TEHSIL","UNDER 5",150241,76214,74027,NA,119943,60841,59102,NA,30298,15373,14925,NA,NA
"PUNJAB","LAHORE","KASUR","CHUNIAN","TEHSIL","UNDER 10",277574,140428,137146,NA,221338,111921,109417,NA,56236,28507,27729,NA,NA
"PUNJAB","LAHORE","KASUR","CHUNIAN","TEHSIL","UNDER 15",397090,200919,196170,1,315916,159701,156214,1,81174,41218,39956,NA,NA
"PUNJAB","LAHORE","KASUR","CHUNIAN","TEHSIL","05 - 24",425109,214265,210815,29,336420,169636,166766,18,88689,44629,44049,11,NA
"PUNJAB","LAHORE","KASUR","CHUNIAN","TEHSIL","15 - 49",462353,234567,227685,101,363186,184787,178350,49,99167,49780,49335,52,NA
"PUNJAB","LAHORE","KASUR","CHUNIAN","TEHSIL","15 - 64",542112,276753,265250,109,426460,218229,208178,53,115652,58524,57072,56,NA
"PUNJAB","LAHORE","KASUR","CHUNIAN","TEHSIL","18 - 60",464358,237183,227072,103,365123,186999,178074,50,99235,50184,48998,53,NA
"PUNJAB","LAHORE","KASUR","CHUNIAN","TEHSIL","18 &  ABOVE",517990,265840,252044,106,408802,210358,198393,51,109188,55482,53651,55,NA
"PUNJAB","LAHORE","KASUR","CHUNIAN","TEHSIL","60 &  ABOVE",58689,31405,27280,4,47638,25510,22127,1,11051,5895,5153,3,NA
"PUNJAB","LAHORE","KASUR","CHUNIAN","TEHSIL","65 &  ABOVE",37826,20299,17524,3,30953,16635,14317,1,6873,3664,3207,2,NA
"PUNJAB","LAHORE","KASUR","KASUR","TEHSIL","ALL AGES",1603658,819603,783908,147,896310,458907,437393,10,707348,360696,346515,137,NA
"PUNJAB","LAHORE","KASUR","KASUR","TEHSIL","UNDER 1",49653,25763,23890,NA,28713,14817,13896,NA,20940,10946,9994,NA,NA
"PUNJAB","LAHORE","KASUR","KASUR","TEHSIL","UNDER 5",260605,132358,128247,NA,151040,76504,74536,NA,109565,55854,53711,NA,NA
"PUNJAB","LAHORE","KASUR","KASUR","TEHSIL","UNDER 10",457899,231339,226560,NA,265477,133951,131526,NA,192422,97388,95034,NA,NA
"PUNJAB","LAHORE","KASUR","KASUR","TEHSIL","UNDER 15",637951,322182,315768,1,368345,185870,182475,NA,269606,136312,133293,1,NA
"PUNJAB","LAHORE","KASUR","KASUR","TEHSIL","05 - 24",673049,338300,334701,48,383567,193435,190129,3,289482,144865,144572,45,NA
"PUNJAB","LAHORE","KASUR","KASUR","TEHSIL","15 - 49",779559,396059,383370,130,425697,217645,208044,8,353862,178414,175326,122,NA
"PUNJAB","LAHORE","KASUR","KASUR","TEHSIL","15 - 64",909829,466397,443292,140,495789,255144,240636,9,414040,211253,202656,131,NA
"PUNJAB","LAHORE","KASUR","KASUR","TEHSIL","18 - 60",788389,404570,383692,127,427130,220291,206832,7,361259,184279,176860,120,NA
"PUNJAB","LAHORE","KASUR","KASUR","TEHSIL","18 &  ABOVE",869011,449229,419649,133,472776,245488,227280,8,396235,203741,192369,125,NA
"PUNJAB","LAHORE","KASUR","KASUR","TEHSIL","60 &  ABOVE",89748,49529,40213,6,50751,27879,22871,1,38997,21650,17342,5,NA
"PUNJAB","LAHORE","KASUR","KASUR","TEHSIL","65 &  ABOVE",55878,31024,24848,6,32176,17893,14282,1,23702,13131,10566,5,NA
"PUNJAB","LAHORE","KASUR","KOT RADHA KISHAN","TEHSIL","ALL AGES",424875,218498,206359,18,322818,166439,156371,8,102057,52059,49988,10,NA
"PUNJAB","LAHORE","KASUR","KOT RADHA KISHAN","TEHSIL","UNDER 1",11269,5594,5675,NA,8860,4432,4428,NA,2409,1162,1247,NA,NA
"PUNJAB","LAHORE","KASUR","KOT RADHA KISHAN","TEHSIL","UNDER 5",68257,34319,33938,NA,52455,26386,26069,NA,15802,7933,7869,NA,NA
"PUNJAB","LAHORE","KASUR","KOT RADHA KISHAN","TEHSIL","UNDER 10",122475,61612,60863,NA,94991,47730,47261,NA,27484,13882,13602,NA,NA
"PUNJAB","LAHORE","KASUR","KOT RADHA KISHAN","TEHSIL","UNDER 15",172622,86765,85856,1,133770,67180,66589,1,38852,19585,19267,NA,NA
"PUNJAB","LAHORE","KASUR","KOT RADHA KISHAN","TEHSIL","05 - 24",185993,94241,91746,6,143947,73086,70858,3,42046,21155,20888,3,NA
"PUNJAB","LAHORE","KASUR","KOT RADHA KISHAN","TEHSIL","15 - 49",205802,106546,99240,16,154620,80613,74000,7,51182,25933,25240,9,NA
"PUNJAB","LAHORE","KASUR","KOT RADHA KISHAN","TEHSIL","15 - 64",238905,124284,114604,17,179097,93706,85384,7,59808,30578,29220,10,NA
"PUNJAB","LAHORE","KASUR","KOT RADHA KISHAN","TEHSIL","18 - 60",204612,106801,97796,15,152827,80392,72429,6,51785,26409,25367,9,NA
"PUNJAB","LAHORE","KASUR","KOT RADHA KISHAN","TEHSIL","18 &  ABOVE",224646,117919,106712,15,167698,88631,79061,6,56948,29288,27651,9,NA
"PUNJAB","LAHORE","KASUR","KOT RADHA KISHAN","TEHSIL","60 &  ABOVE",22210,12249,9961,NA,16501,9089,7412,NA,5709,3160,2549,NA,NA
"PUNJAB","LAHORE","KASUR","KOT RADHA KISHAN","TEHSIL","65 &  ABOVE",13348,7449,5899,NA,9951,5553,4398,NA,3397,1896,1501,NA,NA
"PUNJAB","LAHORE","KASUR","PATTOKI","TEHSIL","ALL AGES",1076007,549840,526046,121,847742,434447,413229,66,228265,115393,112817,55,NA
"PUNJAB","LAHORE","KASUR","PATTOKI","TEHSIL","UNDER 1",22803,11317,11486,NA,18007,8969,9038,NA,4796,2348,2448,NA,NA
"PUNJAB","LAHORE","KASUR","PATTOKI","TEHSIL","UNDER 5",154665,76718,77947,NA,123489,61604,61885,NA,31176,15114,16062,NA,NA
"PUNJAB","LAHORE","KASUR","PATTOKI","TEHSIL","UNDER 10",289040,144160,144880,NA,231310,115803,115507,NA,57730,28357,29373,NA,NA
"PUNJAB","LAHORE","KASUR","PATTOKI","TEHSIL","UNDER 15",417380,208792,208574,14,332741,166909,165827,5,84639,41883,42747,9,NA
"PUNJAB","LAHORE","KASUR","PATTOKI","TEHSIL","05 - 24",467833,236317,231452,64,371013,187948,183038,27,96820,48369,48414,37,NA
"PUNJAB","LAHORE","KASUR","PATTOKI","TEHSIL","15 - 49",533726,273369,260260,97,416890,214316,202519,55,116836,59053,57741,42,NA
"PUNJAB","LAHORE","KASUR","PATTOKI","TEHSIL","15 - 64",621943,320809,301031,103,485766,251399,234310,57,136177,69410,66721,46,NA
"PUNJAB","LAHORE","KASUR","PATTOKI","TEHSIL","18 - 60",536573,276983,259505,85,418290,216687,201556,47,118283,60296,57949,38,NA
"PUNJAB","LAHORE","KASUR","PATTOKI","TEHSIL","18 &  ABOVE",590254,306529,283636,89,460857,240123,220683,51,129397,66406,62953,38,NA
"PUNJAB","LAHORE","KASUR","PATTOKI","TEHSIL","60 &  ABOVE",59448,32657,26786,5,47122,25908,21210,4,12326,6749,5576,1,NA
"PUNJAB","LAHORE","KASUR","PATTOKI","TEHSIL","65 &  ABOVE",36684,20239,16441,4,29235,16139,13092,4,7449,4100,3349,NA,NA
"PUNJAB","MULTAN","KHANEWAL","JAHANIAN","TEHSIL","ALL AGES",384758,195971,188756,31,334488,170420,164049,19,50270,25551,24707,12,NA
"PUNJAB","MULTAN","KHANEWAL","JAHANIAN","TEHSIL","UNDER 1",9576,4987,4589,NA,8524,4395,4129,NA,1052,592,460,NA,NA
"PUNJAB","MULTAN","KHANEWAL","JAHANIAN","TEHSIL","UNDER 5",52159,26922,25237,NA,46279,23821,22458,NA,5880,3101,2779,NA,NA
"PUNJAB","MULTAN","KHANEWAL","JAHANIAN","TEHSIL","UNDER 10",100060,51367,48693,NA,88270,45229,43041,NA,11790,6138,5652,NA,NA
"PUNJAB","MULTAN","KHANEWAL","JAHANIAN","TEHSIL","UNDER 15",145158,74807,70351,NA,127435,65586,61849,NA,17723,9221,8502,NA,NA
"PUNJAB","MULTAN","KHANEWAL","JAHANIAN","TEHSIL","05 - 24",165135,84483,80643,9,143426,73399,70022,5,21709,11084,10621,4,NA
"PUNJAB","MULTAN","KHANEWAL","JAHANIAN","TEHSIL","15 - 49",189814,95162,94625,27,164084,82471,81596,17,25730,12691,13029,10,NA
"PUNJAB","MULTAN","KHANEWAL","JAHANIAN","TEHSIL","15 - 64",224189,113134,111025,30,193454,97790,95645,19,30735,15344,15380,11,NA
"PUNJAB","MULTAN","KHANEWAL","JAHANIAN","TEHSIL","18 - 60",193385,96927,96432,26,166839,83829,82992,18,26546,13098,13440,8,NA
"PUNJAB","MULTAN","KHANEWAL","JAHANIAN","TEHSIL","18 &  ABOVE",215952,108785,107139,28,186627,94161,92448,18,29325,14624,14691,10,NA
"PUNJAB","MULTAN","KHANEWAL","JAHANIAN","TEHSIL","60 &  ABOVE",24376,12832,11542,2,21320,11152,10168,NA,3056,1680,1374,2,NA
"PUNJAB","MULTAN","KHANEWAL","JAHANIAN","TEHSIL","65 &  ABOVE",15411,8030,7380,1,13599,7044,6555,NA,1812,986,825,1,NA
"PUNJAB","MULTAN","KHANEWAL","KABIRWALA","TEHSIL","ALL AGES",1118944,582219,536548,177,938637,489729,448870,38,180307,92490,87678,139,NA
"PUNJAB","MULTAN","KHANEWAL","KABIRWALA","TEHSIL","UNDER 1",25324,13480,11844,NA,21241,11292,9949,NA,4083,2188,1895,NA,NA
"PUNJAB","MULTAN","KHANEWAL","KABIRWALA","TEHSIL","UNDER 5",169969,89030,80939,NA,145000,76040,68960,NA,24969,12990,11979,NA,NA
"PUNJAB","MULTAN","KHANEWAL","KABIRWALA","TEHSIL","UNDER 10",320515,167281,153234,NA,273577,143037,130540,NA,46938,24244,22694,NA,NA
"PUNJAB","MULTAN","KHANEWAL","KABIRWALA","TEHSIL","UNDER 15",455221,238695,216519,7,386807,203277,183524,6,68414,35418,32995,1,NA
"PUNJAB","MULTAN","KHANEWAL","KABIRWALA","TEHSIL","05 - 24",486576,254338,232164,74,409397,214821,194560,16,77179,39517,37604,58,NA
"PUNJAB","MULTAN","KHANEWAL","KABIRWALA","TEHSIL","15 - 49",528984,271680,257144,160,438943,226177,212739,27,90041,45503,44405,133,NA
"PUNJAB","MULTAN","KHANEWAL","KABIRWALA","TEHSIL","15 - 64",620485,320051,300265,169,515024,266343,248650,31,105461,53708,51615,138,NA
"PUNJAB","MULTAN","KHANEWAL","KABIRWALA","TEHSIL","18 - 60",534292,273863,260275,154,443111,227673,215412,26,91181,46190,44863,128,NA
"PUNJAB","MULTAN","KHANEWAL","KABIRWALA","TEHSIL","18 &  ABOVE",595899,307247,288497,155,495286,256077,239182,27,100613,51170,49315,128,NA
"PUNJAB","MULTAN","KHANEWAL","KABIRWALA","TEHSIL","60 &  ABOVE",67859,36608,31250,1,57475,31148,26326,1,10384,5460,4924,NA,NA
"PUNJAB","MULTAN","KHANEWAL","KABIRWALA","TEHSIL","65 &  ABOVE",43238,23473,19764,1,36806,20109,16696,1,6432,3364,3068,NA,NA
"PUNJAB","MULTAN","KHANEWAL","KHANEWAL","TEHSIL","ALL AGES",987408,511442,475866,100,676490,351092,325340,58,310918,160350,150526,42,NA
"PUNJAB","MULTAN","KHANEWAL","KHANEWAL","TEHSIL","UNDER 1",21337,11132,10205,NA,15412,8036,7376,NA,5925,3096,2829,NA,NA
"PUNJAB","MULTAN","KHANEWAL","KHANEWAL","TEHSIL","UNDER 5",133848,69685,64163,NA,95145,49716,45429,NA,38703,19969,18734,NA,NA
"PUNJAB","MULTAN","KHANEWAL","KHANEWAL","TEHSIL","UNDER 10",258174,134149,124025,NA,182910,95416,87494,NA,75264,38733,36531,NA,NA
"PUNJAB","MULTAN","KHANEWAL","KHANEWAL","TEHSIL","UNDER 15",373952,194738,179213,1,262878,137448,125429,1,111074,57290,53784,NA,NA
"PUNJAB","MULTAN","KHANEWAL","KHANEWAL","TEHSIL","05 - 24",424967,220632,204305,30,293505,153139,140347,19,131462,67493,63958,11,NA
"PUNJAB","MULTAN","KHANEWAL","KHANEWAL","TEHSIL","15 - 49",492274,252013,240170,91,331427,169973,161402,52,160847,82040,78768,39,NA
"PUNJAB","MULTAN","KHANEWAL","KHANEWAL","TEHSIL","15 - 64",578341,297841,280403,97,389009,200494,188459,56,189332,97347,91944,41,NA
"PUNJAB","MULTAN","KHANEWAL","KHANEWAL","TEHSIL","18 - 60",500163,256592,243483,88,335708,172409,163250,49,164455,84183,80233,39,NA
"PUNJAB","MULTAN","KHANEWAL","KHANEWAL","TEHSIL","18 &  ABOVE",552187,284656,267441,90,371747,191733,179964,50,180440,92923,87477,40,NA
"PUNJAB","MULTAN","KHANEWAL","KHANEWAL","TEHSIL","60 &  ABOVE",57342,30820,26519,3,39657,21196,18459,2,17685,9624,8060,1,NA
"PUNJAB","MULTAN","KHANEWAL","KHANEWAL","TEHSIL","65 &  ABOVE",35115,18863,16250,2,24603,13150,11452,1,10512,5713,4798,1,NA
"PUNJAB","MULTAN","KHANEWAL","MIAN CHANNU","TEHSIL","ALL AGES",872479,444789,427612,78,697375,355860,341484,31,175104,88929,86128,47,NA
"PUNJAB","MULTAN","KHANEWAL","MIAN CHANNU","TEHSIL","UNDER 1",22907,11866,11041,NA,18992,9832,9160,NA,3915,2034,1881,NA,NA
"PUNJAB","MULTAN","KHANEWAL","MIAN CHANNU","TEHSIL","UNDER 5",118903,61413,57490,NA,98065,50688,47377,NA,20838,10725,10113,NA,NA
"PUNJAB","MULTAN","KHANEWAL","MIAN CHANNU","TEHSIL","UNDER 10",228692,117888,110804,NA,188105,97068,91037,NA,40587,20820,19767,NA,NA
"PUNJAB","MULTAN","KHANEWAL","MIAN CHANNU","TEHSIL","UNDER 15",331579,172004,159573,2,270476,140375,130099,2,61103,31629,29474,NA,NA
"PUNJAB","MULTAN","KHANEWAL","MIAN CHANNU","TEHSIL","05 - 24",369259,190458,178785,16,296344,152774,143560,10,72915,37684,35225,6,NA
"PUNJAB","MULTAN","KHANEWAL","MIAN CHANNU","TEHSIL","15 - 49",424903,212304,212538,61,335407,167843,167543,21,89496,44461,44995,40,NA
"PUNJAB","MULTAN","KHANEWAL","MIAN CHANNU","TEHSIL","15 - 64",505339,254032,251235,72,398383,200433,197922,28,106956,53599,53313,44,NA
"PUNJAB","MULTAN","KHANEWAL","MIAN CHANNU","TEHSIL","18 - 60",436391,218086,218237,68,343973,172140,171808,25,92418,45946,46429,43,NA
"PUNJAB","MULTAN","KHANEWAL","MIAN CHANNU","TEHSIL","18 &  ABOVE",488880,245693,243113,74,385776,194063,191685,28,103104,51630,51428,46,NA
"PUNJAB","MULTAN","KHANEWAL","MIAN CHANNU","TEHSIL","60 &  ABOVE",56653,29816,26829,8,45147,23706,21437,4,11506,6110,5392,4,NA
"PUNJAB","MULTAN","KHANEWAL","MIAN CHANNU","TEHSIL","65 &  ABOVE",35561,18753,16804,4,28516,15052,13463,1,7045,3701,3341,3,NA
"PUNJAB","SARGODHA","KHUSHAB","KHUSHAB","TEHSIL","ALL AGES",816654,421148,395472,34,461125,237810,223309,6,355529,183338,172163,28,NA
"PUNJAB","SARGODHA","KHUSHAB","KHUSHAB","TEHSIL","UNDER 1",20507,10978,9529,NA,12106,6486,5620,NA,8401,4492,3909,NA,NA
"PUNJAB","SARGODHA","KHUSHAB","KHUSHAB","TEHSIL","UNDER 5",115648,62790,52858,NA,63371,34221,29150,NA,52277,28569,23708,NA,NA
"PUNJAB","SARGODHA","KHUSHAB","KHUSHAB","TEHSIL","UNDER 10",202418,107590,94828,NA,112553,59523,53030,NA,89865,48067,41798,NA,NA
"PUNJAB","SARGODHA","KHUSHAB","KHUSHAB","TEHSIL","UNDER 15",286673,151812,134861,NA,159798,84126,75672,NA,126875,67686,59189,NA,NA
"PUNJAB","SARGODHA","KHUSHAB","KHUSHAB","TEHSIL","05 - 24",317426,164404,153012,10,178889,92535,86351,3,138537,71869,66661,7,NA
"PUNJAB","SARGODHA","KHUSHAB","KHUSHAB","TEHSIL","15 - 49",405219,203598,201588,33,228208,115195,113007,6,177011,88403,88581,27,NA
"PUNJAB","SARGODHA","KHUSHAB","KHUSHAB","TEHSIL","15 - 64",489762,247910,241818,34,276859,140591,136262,6,212903,107319,105556,28,NA
"PUNJAB","SARGODHA","KHUSHAB","KHUSHAB","TEHSIL","18 - 60",424524,213176,211315,33,239798,120904,118889,5,184726,92272,92426,28,NA
"PUNJAB","SARGODHA","KHUSHAB","KHUSHAB","TEHSIL","18 &  ABOVE",482214,244141,238040,33,274460,139511,134944,5,207754,104630,103096,28,NA
"PUNJAB","SARGODHA","KHUSHAB","KHUSHAB","TEHSIL","60 &  ABOVE",62495,33604,28891,NA,37340,20090,17250,NA,25155,13514,11641,NA,NA
"PUNJAB","SARGODHA","KHUSHAB","KHUSHAB","TEHSIL","65 &  ABOVE",40219,21426,18793,NA,24468,13093,11375,NA,15751,8333,7418,NA,NA
"PUNJAB","SARGODHA","KHUSHAB","NOOR PUR","TEHSIL","ALL AGES",264535,133865,130665,5,244435,123677,120753,5,20100,10188,9912,NA,NA
"PUNJAB","SARGODHA","KHUSHAB","NOOR PUR","TEHSIL","UNDER 1",4552,2343,2209,NA,4158,2147,2011,NA,394,196,198,NA,NA
"PUNJAB","SARGODHA","KHUSHAB","NOOR PUR","TEHSIL","UNDER 5",31058,15989,15069,NA,28872,14879,13993,NA,2186,1110,1076,NA,NA
"PUNJAB","SARGODHA","KHUSHAB","NOOR PUR","TEHSIL","UNDER 10",61632,31730,29902,NA,57240,29467,27773,NA,4392,2263,2129,NA,NA
"PUNJAB","SARGODHA","KHUSHAB","NOOR PUR","TEHSIL","UNDER 15",91105,47233,43872,NA,84587,43893,40694,NA,6518,3340,3178,NA,NA
"PUNJAB","SARGODHA","KHUSHAB","NOOR PUR","TEHSIL","05 - 24",107126,55230,51895,1,99047,51128,47918,1,8079,4102,3977,NA,NA
"PUNJAB","SARGODHA","KHUSHAB","NOOR PUR","TEHSIL","15 - 49",130382,64188,66190,4,120053,58995,61054,4,10329,5193,5136,NA,NA
"PUNJAB","SARGODHA","KHUSHAB","NOOR PUR","TEHSIL","15 - 64",158636,78780,79851,5,146205,72515,73685,5,12431,6265,6166,NA,NA
"PUNJAB","SARGODHA","KHUSHAB","NOOR PUR","TEHSIL","18 - 60",137426,67582,69839,5,126638,62151,64482,5,10788,5431,5357,NA,NA
"PUNJAB","SARGODHA","KHUSHAB","NOOR PUR","TEHSIL","18 &  ABOVE",157971,78468,79498,5,145597,72232,73360,5,12374,6236,6138,NA,NA
"PUNJAB","SARGODHA","KHUSHAB","NOOR PUR","TEHSIL","60 &  ABOVE",22145,11716,10429,NA,20452,10855,9597,NA,1693,861,832,NA,NA
"PUNJAB","SARGODHA","KHUSHAB","NOOR PUR","TEHSIL","65 &  ABOVE",14794,7852,6942,NA,13643,7269,6374,NA,1151,583,568,NA,NA
"PUNJAB","SARGODHA","KHUSHAB","NOWSHERA","TEHSIL","ALL AGES",144797,71624,73171,2,126220,62635,63584,1,18577,8989,9587,1,NA
"PUNJAB","SARGODHA","KHUSHAB","NOWSHERA","TEHSIL","UNDER 1",4008,1888,2120,NA,3696,1740,1956,NA,312,148,164,NA,NA
"PUNJAB","SARGODHA","KHUSHAB","NOWSHERA","TEHSIL","UNDER 5",23909,11889,12020,NA,21776,10830,10946,NA,2133,1059,1074,NA,NA
"PUNJAB","SARGODHA","KHUSHAB","NOWSHERA","TEHSIL","UNDER 10",38734,19325,19409,NA,34604,17286,17318,NA,4130,2039,2091,NA,NA
"PUNJAB","SARGODHA","KHUSHAB","NOWSHERA","TEHSIL","UNDER 15",52668,26692,25976,NA,46620,23634,22986,NA,6048,3058,2990,NA,NA
"PUNJAB","SARGODHA","KHUSHAB","NOWSHERA","TEHSIL","05 - 24",51668,26177,25490,1,44601,22626,21974,1,7067,3551,3516,NA,NA
"PUNJAB","SARGODHA","KHUSHAB","NOWSHERA","TEHSIL","15 - 49",67144,32632,34510,2,58003,28341,29661,1,9141,4291,4849,1,NA
"PUNJAB","SARGODHA","KHUSHAB","NOWSHERA","TEHSIL","15 - 64",82625,40238,42385,2,71315,34896,36418,1,11310,5342,5967,1,NA
"PUNJAB","SARGODHA","KHUSHAB","NOWSHERA","TEHSIL","18 - 60",71511,34480,37030,1,61730,29899,31831,NA,9781,4581,5199,1,NA
"PUNJAB","SARGODHA","KHUSHAB","NOWSHERA","TEHSIL","18 &  ABOVE",84563,40977,43585,1,73070,35575,37495,NA,11493,5402,6090,1,NA
"PUNJAB","SARGODHA","KHUSHAB","NOWSHERA","TEHSIL","60 &  ABOVE",14012,6988,7024,NA,12176,6104,6072,NA,1836,884,952,NA,NA
"PUNJAB","SARGODHA","KHUSHAB","NOWSHERA","TEHSIL","65 &  ABOVE",9504,4694,4810,NA,8285,4105,4180,NA,1219,589,630,NA,NA
"PUNJAB","SARGODHA","KHUSHAB","QUAIDABAD","TEHSIL","ALL AGES",274849,141369,133472,8,250344,128253,122087,4,24505,13116,11385,4,NA
"PUNJAB","SARGODHA","KHUSHAB","QUAIDABAD","TEHSIL","UNDER 1",5913,3055,2858,NA,5434,2785,2649,NA,479,270,209,NA,NA
"PUNJAB","SARGODHA","KHUSHAB","QUAIDABAD","TEHSIL","UNDER 5",36609,19129,17480,NA,33397,17392,16005,NA,3212,1737,1475,NA,NA
"PUNJAB","SARGODHA","KHUSHAB","QUAIDABAD","TEHSIL","UNDER 10",68744,35668,33076,NA,62516,32260,30256,NA,6228,3408,2820,NA,NA
"PUNJAB","SARGODHA","KHUSHAB","QUAIDABAD","TEHSIL","UNDER 15",99551,52269,47281,1,90234,47036,43197,1,9317,5233,4084,NA,NA
"PUNJAB","SARGODHA","KHUSHAB","QUAIDABAD","TEHSIL","05 - 24",112252,58791,53458,3,101560,52815,48744,1,10692,5976,4714,2,NA
"PUNJAB","SARGODHA","KHUSHAB","QUAIDABAD","TEHSIL","15 - 49",134371,67485,66880,6,122338,61293,61043,2,12033,6192,5837,4,NA
"PUNJAB","SARGODHA","KHUSHAB","QUAIDABAD","TEHSIL","15 - 64",161554,81618,79929,7,147361,74287,73071,3,14193,7331,6858,4,NA
"PUNJAB","SARGODHA","KHUSHAB","QUAIDABAD","TEHSIL","18 - 60",139686,69872,69807,7,127468,63666,63799,3,12218,6206,6008,4,NA
"PUNJAB","SARGODHA","KHUSHAB","QUAIDABAD","TEHSIL","18 &  ABOVE",158945,80330,78608,7,145309,73338,71968,3,13636,6992,6640,4,NA
"PUNJAB","SARGODHA","KHUSHAB","QUAIDABAD","TEHSIL","60 &  ABOVE",21044,11396,9647,1,19473,10528,8944,1,1571,868,703,NA,NA
"PUNJAB","SARGODHA","KHUSHAB","QUAIDABAD","TEHSIL","65 &  ABOVE",13744,7482,6262,NA,12749,6930,5819,NA,995,552,443,NA,NA
"PUNJAB","LAHORE","LAHORE","LAHORE CANTT","TEHSIL","ALL AGES",1860427,993827,866314,286,NA,NA,NA,NA,1860427,993827,866314,286,NA
"PUNJAB","LAHORE","LAHORE","LAHORE CANTT","TEHSIL","UNDER 1",32297,16903,15394,NA,NA,NA,NA,NA,32297,16903,15394,NA,NA
"PUNJAB","LAHORE","LAHORE","LAHORE CANTT","TEHSIL","UNDER 5",239991,127260,112731,NA,NA,NA,NA,NA,239991,127260,112731,NA,NA
"PUNJAB","LAHORE","LAHORE","LAHORE CANTT","TEHSIL","UNDER 10",436398,228964,207434,NA,NA,NA,NA,NA,436398,228964,207434,NA,NA
"PUNJAB","LAHORE","LAHORE","LAHORE CANTT","TEHSIL","UNDER 15",635529,334391,301131,7,NA,NA,NA,NA,635529,334391,301131,7,NA
"PUNJAB","LAHORE","LAHORE","LAHORE CANTT","TEHSIL","05 - 24",743123,391986,351054,83,NA,NA,NA,NA,743123,391986,351054,83,NA
"PUNJAB","LAHORE","LAHORE","LAHORE CANTT","TEHSIL","15 - 49",981844,523957,457637,250,NA,NA,NA,NA,981844,523957,457637,250,NA
"PUNJAB","LAHORE","LAHORE","LAHORE CANTT","TEHSIL","15 - 64",1150779,616473,534034,272,NA,NA,NA,NA,1150779,616473,534034,272,NA
"PUNJAB","LAHORE","LAHORE","LAHORE CANTT","TEHSIL","18 - 60",1007716,539449,468013,254,NA,NA,NA,NA,1007716,539449,468013,254,NA
"PUNJAB","LAHORE","LAHORE","LAHORE CANTT","TEHSIL","18 &  ABOVE",1115842,601512,514065,265,NA,NA,NA,NA,1115842,601512,514065,265,NA
"PUNJAB","LAHORE","LAHORE","LAHORE CANTT","TEHSIL","60 &  ABOVE",119865,68420,51433,12,NA,NA,NA,NA,119865,68420,51433,12,NA
"PUNJAB","LAHORE","LAHORE","LAHORE CANTT","TEHSIL","65 &  ABOVE",74119,42963,31149,7,NA,NA,NA,NA,74119,42963,31149,7,NA
"PUNJAB","LAHORE","LAHORE","LAHORE CITY","TEHSIL","ALL AGES",4123354,2203776,1917723,1855,NA,NA,NA,NA,4123354,2203776,1917723,1855,NA
"PUNJAB","LAHORE","LAHORE","LAHORE CITY","TEHSIL","UNDER 1",80483,41783,38700,NA,NA,NA,NA,NA,80483,41783,38700,NA,NA
"PUNJAB","LAHORE","LAHORE","LAHORE CITY","TEHSIL","UNDER 5",591520,312552,278968,NA,NA,NA,NA,NA,591520,312552,278968,NA,NA
"PUNJAB","LAHORE","LAHORE","LAHORE CITY","TEHSIL","UNDER 10",1028029,538352,489677,NA,NA,NA,NA,NA,1028029,538352,489677,NA,NA
"PUNJAB","LAHORE","LAHORE","LAHORE CITY","TEHSIL","UNDER 15",1476035,777455,698524,56,NA,NA,NA,NA,1476035,777455,698524,56,NA
"PUNJAB","LAHORE","LAHORE","LAHORE CITY","TEHSIL","05 - 24",1650781,877492,772793,496,NA,NA,NA,NA,1650781,877492,772793,496,NA
"PUNJAB","LAHORE","LAHORE","LAHORE CITY","TEHSIL","15 - 49",2142524,1141298,999545,1681,NA,NA,NA,NA,2142524,1141298,999545,1681,NA
"PUNJAB","LAHORE","LAHORE","LAHORE CITY","TEHSIL","15 - 64",2506551,1343603,1161164,1784,NA,NA,NA,NA,2506551,1343603,1161164,1784,NA
"PUNJAB","LAHORE","LAHORE","LAHORE CITY","TEHSIL","18 - 60",2197895,1173807,1022403,1685,NA,NA,NA,NA,2197895,1173807,1022403,1685,NA
"PUNJAB","LAHORE","LAHORE","LAHORE CITY","TEHSIL","18 &  ABOVE",2408283,1296466,1110112,1705,NA,NA,NA,NA,2408283,1296466,1110112,1705,NA
"PUNJAB","LAHORE","LAHORE","LAHORE CITY","TEHSIL","60 &  ABOVE",237005,137224,99746,35,NA,NA,NA,NA,237005,137224,99746,35,NA
"PUNJAB","LAHORE","LAHORE","LAHORE CITY","TEHSIL","65 &  ABOVE",140768,82718,58035,15,NA,NA,NA,NA,140768,82718,58035,15,NA
"PUNJAB","LAHORE","LAHORE","MODEL TOWN","TEHSIL","ALL AGES",3244906,1687860,1556362,684,NA,NA,NA,NA,3244906,1687860,1556362,684,NA
"PUNJAB","LAHORE","LAHORE","MODEL TOWN","TEHSIL","UNDER 1",64783,32303,32480,NA,NA,NA,NA,NA,64783,32303,32480,NA,NA
"PUNJAB","LAHORE","LAHORE","MODEL TOWN","TEHSIL","UNDER 5",476294,236390,239904,NA,NA,NA,NA,NA,476294,236390,239904,NA,NA
"PUNJAB","LAHORE","LAHORE","MODEL TOWN","TEHSIL","UNDER 10",828335,412730,415605,NA,NA,NA,NA,NA,828335,412730,415605,NA,NA
"PUNJAB","LAHORE","LAHORE","MODEL TOWN","TEHSIL","UNDER 15",1178931,592205,586712,14,NA,NA,NA,NA,1178931,592205,586712,14,NA
"PUNJAB","LAHORE","LAHORE","MODEL TOWN","TEHSIL","05 - 24",1320291,677147,642954,190,NA,NA,NA,NA,1320291,677147,642954,190,NA
"PUNJAB","LAHORE","LAHORE","MODEL TOWN","TEHSIL","15 - 49",1685595,883981,801009,605,NA,NA,NA,NA,1685595,883981,801009,605,NA
"PUNJAB","LAHORE","LAHORE","MODEL TOWN","TEHSIL","15 - 64",1955111,1031486,922964,661,NA,NA,NA,NA,1955111,1031486,922964,661,NA
"PUNJAB","LAHORE","LAHORE","MODEL TOWN","TEHSIL","18 - 60",1711567,903555,807378,634,NA,NA,NA,NA,1711567,903555,807378,634,NA
"PUNJAB","LAHORE","LAHORE","MODEL TOWN","TEHSIL","18 &  ABOVE",1874709,996788,877273,648,NA,NA,NA,NA,1874709,996788,877273,648,NA
"PUNJAB","LAHORE","LAHORE","MODEL TOWN","TEHSIL","60 &  ABOVE",182230,103683,78530,17,NA,NA,NA,NA,182230,103683,78530,17,NA
"PUNJAB","LAHORE","LAHORE","MODEL TOWN","TEHSIL","65 &  ABOVE",110864,64169,46686,9,NA,NA,NA,NA,110864,64169,46686,9,NA
"PUNJAB","LAHORE","LAHORE","RAIWIND","TEHSIL","ALL AGES",1080637,581873,498419,345,NA,NA,NA,NA,1080637,581873,498419,345,NA
"PUNJAB","LAHORE","LAHORE","RAIWIND","TEHSIL","UNDER 1",21283,11239,10044,NA,NA,NA,NA,NA,21283,11239,10044,NA,NA
"PUNJAB","LAHORE","LAHORE","RAIWIND","TEHSIL","UNDER 5",150134,79596,70538,NA,NA,NA,NA,NA,150134,79596,70538,NA,NA
"PUNJAB","LAHORE","LAHORE","RAIWIND","TEHSIL","UNDER 10",275635,145278,130357,NA,NA,NA,NA,NA,275635,145278,130357,NA,NA
"PUNJAB","LAHORE","LAHORE","RAIWIND","TEHSIL","UNDER 15",401251,213888,187354,9,NA,NA,NA,NA,401251,213888,187354,9,NA
"PUNJAB","LAHORE","LAHORE","RAIWIND","TEHSIL","05 - 24",464354,249847,214404,103,NA,NA,NA,NA,464354,249847,214404,103,NA
"PUNJAB","LAHORE","LAHORE","RAIWIND","TEHSIL","15 - 49",555429,298452,256657,320,NA,NA,NA,NA,555429,298452,256657,320,NA
"PUNJAB","LAHORE","LAHORE","RAIWIND","TEHSIL","15 - 64",644393,347370,296691,332,NA,NA,NA,NA,644393,347370,296691,332,NA
"PUNJAB","LAHORE","LAHORE","RAIWIND","TEHSIL","18 - 60",558489,300053,258114,322,NA,NA,NA,NA,558489,300053,258114,322,NA
"PUNJAB","LAHORE","LAHORE","RAIWIND","TEHSIL","18 &  ABOVE",611004,330582,280096,326,NA,NA,NA,NA,611004,330582,280096,326,NA
"PUNJAB","LAHORE","LAHORE","RAIWIND","TEHSIL","60 &  ABOVE",58816,33929,24882,5,NA,NA,NA,NA,58816,33929,24882,5,NA
"PUNJAB","LAHORE","LAHORE","RAIWIND","TEHSIL","65 &  ABOVE",34993,20615,14374,4,NA,NA,NA,NA,34993,20615,14374,4,NA
"PUNJAB","LAHORE","LAHORE","SHALIMAR","TEHSIL","ALL AGES",2669337,1402238,1266893,206,NA,NA,NA,NA,2669337,1402238,1266893,206,NA
"PUNJAB","LAHORE","LAHORE","SHALIMAR","TEHSIL","UNDER 1",54826,28547,26279,NA,NA,NA,NA,NA,54826,28547,26279,NA,NA
"PUNJAB","LAHORE","LAHORE","SHALIMAR","TEHSIL","UNDER 5",369697,193394,176303,NA,NA,NA,NA,NA,369697,193394,176303,NA,NA
"PUNJAB","LAHORE","LAHORE","SHALIMAR","TEHSIL","UNDER 10",663593,345024,318569,NA,NA,NA,NA,NA,663593,345024,318569,NA,NA
"PUNJAB","LAHORE","LAHORE","SHALIMAR","TEHSIL","UNDER 15",958687,500553,458126,8,NA,NA,NA,NA,958687,500553,458126,8,NA
"PUNJAB","LAHORE","LAHORE","SHALIMAR","TEHSIL","05 - 24",1082277,567150,515082,45,NA,NA,NA,NA,1082277,567150,515082,45,NA
"PUNJAB","LAHORE","LAHORE","SHALIMAR","TEHSIL","15 - 49",1382097,718171,663756,170,NA,NA,NA,NA,1382097,718171,663756,170,NA
"PUNJAB","LAHORE","LAHORE","SHALIMAR","TEHSIL","15 - 64",1621068,849109,771764,195,NA,NA,NA,NA,1621068,849109,771764,195,NA
"PUNJAB","LAHORE","LAHORE","SHALIMAR","TEHSIL","18 - 60",1419478,739854,679434,190,NA,NA,NA,NA,1419478,739854,679434,190,NA
"PUNJAB","LAHORE","LAHORE","SHALIMAR","TEHSIL","18 &  ABOVE",1555204,818907,736104,193,NA,NA,NA,NA,1555204,818907,736104,193,NA
"PUNJAB","LAHORE","LAHORE","SHALIMAR","TEHSIL","60 &  ABOVE",152806,88343,64459,4,NA,NA,NA,NA,152806,88343,64459,4,NA
"PUNJAB","LAHORE","LAHORE","SHALIMAR","TEHSIL","65 &  ABOVE",89582,52576,37003,3,NA,NA,NA,NA,89582,52576,37003,3,NA
"PUNJAB","DERA GHAZI KHAN","LAYYAH","CHOUBARA","TEHSIL","ALL AGES",299069,156256,142809,4,242080,126588,115491,1,56989,29668,27318,3,NA
"PUNJAB","DERA GHAZI KHAN","LAYYAH","CHOUBARA","TEHSIL","UNDER 1",11489,6422,5067,NA,9909,5549,4360,NA,1580,873,707,NA,NA
"PUNJAB","DERA GHAZI KHAN","LAYYAH","CHOUBARA","TEHSIL","UNDER 5",54677,29683,24994,NA,45348,24623,20725,NA,9329,5060,4269,NA,NA
"PUNJAB","DERA GHAZI KHAN","LAYYAH","CHOUBARA","TEHSIL","UNDER 10",94091,49978,44113,NA,77330,41086,36244,NA,16761,8892,7869,NA,NA
"PUNJAB","DERA GHAZI KHAN","LAYYAH","CHOUBARA","TEHSIL","UNDER 15",129619,68522,61097,NA,106025,56076,49949,NA,23594,12446,11148,NA,NA
"PUNJAB","DERA GHAZI KHAN","LAYYAH","CHOUBARA","TEHSIL","05 - 24",126833,65867,60964,2,102344,53196,49147,1,24489,12671,11817,1,NA
"PUNJAB","DERA GHAZI KHAN","LAYYAH","CHOUBARA","TEHSIL","15 - 49",134987,69007,65976,4,108171,55360,52810,1,26816,13647,13166,3,NA
"PUNJAB","DERA GHAZI KHAN","LAYYAH","CHOUBARA","TEHSIL","15 - 64",158364,81544,76816,4,127076,65504,61571,1,31288,16040,15245,3,NA
"PUNJAB","DERA GHAZI KHAN","LAYYAH","CHOUBARA","TEHSIL","18 - 60",136480,69932,66546,2,109475,56164,53311,NA,27005,13768,13235,2,NA
"PUNJAB","DERA GHAZI KHAN","LAYYAH","CHOUBARA","TEHSIL","18 &  ABOVE",152171,78636,73533,2,122177,63190,58987,NA,29994,15446,14546,2,NA
"PUNJAB","DERA GHAZI KHAN","LAYYAH","CHOUBARA","TEHSIL","60 &  ABOVE",17041,9460,7581,NA,13759,7624,6135,NA,3282,1836,1446,NA,NA
"PUNJAB","DERA GHAZI KHAN","LAYYAH","CHOUBARA","TEHSIL","65 &  ABOVE",11086,6190,4896,NA,8979,5008,3971,NA,2107,1182,925,NA,NA
"PUNJAB","DERA GHAZI KHAN","LAYYAH","KAROR LAL ESAN","TEHSIL","ALL AGES",684717,352111,332567,39,594087,306100,287983,4,90630,46011,44584,35,NA
"PUNJAB","DERA GHAZI KHAN","LAYYAH","KAROR LAL ESAN","TEHSIL","UNDER 1",20256,10668,9588,NA,18070,9494,8576,NA,2186,1174,1012,NA,NA
"PUNJAB","DERA GHAZI KHAN","LAYYAH","KAROR LAL ESAN","TEHSIL","UNDER 5",105547,55067,50480,NA,93399,48778,44621,NA,12148,6289,5859,NA,NA
"PUNJAB","DERA GHAZI KHAN","LAYYAH","KAROR LAL ESAN","TEHSIL","UNDER 10",193537,99831,93706,NA,170814,88122,82692,NA,22723,11709,11014,NA,NA
"PUNJAB","DERA GHAZI KHAN","LAYYAH","KAROR LAL ESAN","TEHSIL","UNDER 15",275630,142485,133145,NA,242427,125380,117047,NA,33203,17105,16098,NA,NA
"PUNJAB","DERA GHAZI KHAN","LAYYAH","KAROR LAL ESAN","TEHSIL","05 - 24",297158,152527,144622,9,259121,133154,125966,1,38037,19373,18656,8,NA
"PUNJAB","DERA GHAZI KHAN","LAYYAH","KAROR LAL ESAN","TEHSIL","15 - 49",326612,165032,161544,36,280910,142392,138514,4,45702,22640,23030,32,NA
"PUNJAB","DERA GHAZI KHAN","LAYYAH","KAROR LAL ESAN","TEHSIL","15 - 64",384573,196354,188180,39,330324,169141,161179,4,54249,27213,27001,35,NA
"PUNJAB","DERA GHAZI KHAN","LAYYAH","KAROR LAL ESAN","TEHSIL","18 - 60",330901,168141,162721,39,284053,144785,139264,4,46848,23356,23457,35,NA
"PUNJAB","DERA GHAZI KHAN","LAYYAH","KAROR LAL ESAN","TEHSIL","18 &  ABOVE",366253,187435,178779,39,314478,161437,153037,4,51775,25998,25742,35,NA
"PUNJAB","DERA GHAZI KHAN","LAYYAH","KAROR LAL ESAN","TEHSIL","60 &  ABOVE",38210,20920,17290,NA,32874,18051,14823,NA,5336,2869,2467,NA,NA
"PUNJAB","DERA GHAZI KHAN","LAYYAH","KAROR LAL ESAN","TEHSIL","65 &  ABOVE",24514,13272,11242,NA,21336,11579,9757,NA,3178,1693,1485,NA,NA
"PUNJAB","DERA GHAZI KHAN","LAYYAH","LAYYAH","TEHSIL","ALL AGES",1118575,574543,543986,46,879925,452453,427442,30,238650,122090,116544,16,NA
"PUNJAB","DERA GHAZI KHAN","LAYYAH","LAYYAH","TEHSIL","UNDER 1",33518,16857,16661,NA,27424,13662,13762,NA,6094,3195,2899,NA,NA
"PUNJAB","DERA GHAZI KHAN","LAYYAH","LAYYAH","TEHSIL","UNDER 5",170618,87532,83086,NA,139367,71433,67934,NA,31251,16099,15152,NA,NA
"PUNJAB","DERA GHAZI KHAN","LAYYAH","LAYYAH","TEHSIL","UNDER 10",317094,162271,154823,NA,258016,132158,125858,NA,59078,30113,28965,NA,NA
"PUNJAB","DERA GHAZI KHAN","LAYYAH","LAYYAH","TEHSIL","UNDER 15",454238,233474,220764,NA,367897,189071,178826,NA,86341,44403,41938,NA,NA
"PUNJAB","DERA GHAZI KHAN","LAYYAH","LAYYAH","TEHSIL","05 - 24",491696,253231,238457,8,392508,202549,189955,4,99188,50682,48502,4,NA
"PUNJAB","DERA GHAZI KHAN","LAYYAH","LAYYAH","TEHSIL","15 - 49",534886,271915,262933,38,414435,211371,203038,26,120451,60544,59895,12,NA
"PUNJAB","DERA GHAZI KHAN","LAYYAH","LAYYAH","TEHSIL","15 - 64",626074,320678,305351,45,482714,247783,234901,30,143360,72895,70450,15,NA
"PUNJAB","DERA GHAZI KHAN","LAYYAH","LAYYAH","TEHSIL","18 - 60",537558,273552,263963,43,413050,210682,202339,29,124508,62870,61624,14,NA
"PUNJAB","DERA GHAZI KHAN","LAYYAH","LAYYAH","TEHSIL","18 &  ABOVE",593033,303472,289516,45,455158,233339,221789,30,137875,70133,67727,15,NA
"PUNJAB","DERA GHAZI KHAN","LAYYAH","LAYYAH","TEHSIL","60 &  ABOVE",60376,32560,27813,3,45775,24664,21110,1,14601,7896,6703,2,NA
"PUNJAB","DERA GHAZI KHAN","LAYYAH","LAYYAH","TEHSIL","65 &  ABOVE",38263,20391,17871,1,29314,15599,13715,NA,8949,4792,4156,1,NA
"PUNJAB","MULTAN","LODHRAN","DUNYAPUR","TEHSIL","ALL AGES",571328,294328,276973,27,519440,267772,251657,11,51888,26556,25316,16,NA
"PUNJAB","MULTAN","LODHRAN","DUNYAPUR","TEHSIL","UNDER 1",15518,8085,7433,NA,14278,7431,6847,NA,1240,654,586,NA,NA
"PUNJAB","MULTAN","LODHRAN","DUNYAPUR","TEHSIL","UNDER 5",83416,43667,39749,NA,76666,40178,36488,NA,6750,3489,3261,NA,NA
"PUNJAB","MULTAN","LODHRAN","DUNYAPUR","TEHSIL","UNDER 10",156553,81597,74956,NA,143491,74854,68637,NA,13062,6743,6319,NA,NA
"PUNJAB","MULTAN","LODHRAN","DUNYAPUR","TEHSIL","UNDER 15",223971,117274,106697,NA,204681,107251,97430,NA,19290,10023,9267,NA,NA
"PUNJAB","MULTAN","LODHRAN","DUNYAPUR","TEHSIL","05 - 24",244305,127161,117139,5,221906,115589,106315,2,22399,11572,10824,3,NA
"PUNJAB","MULTAN","LODHRAN","DUNYAPUR","TEHSIL","15 - 49",275142,139319,135801,22,248834,126068,122758,8,26308,13251,13043,14,NA
"PUNJAB","MULTAN","LODHRAN","DUNYAPUR","TEHSIL","15 - 64",324742,165257,159458,27,294010,149641,144358,11,30732,15616,15100,16,NA
"PUNJAB","MULTAN","LODHRAN","DUNYAPUR","TEHSIL","18 - 60",280636,141908,138704,24,254046,128474,125563,9,26590,13434,13141,15,NA
"PUNJAB","MULTAN","LODHRAN","DUNYAPUR","TEHSIL","18 &  ABOVE",313016,158869,154120,27,283741,144075,139655,11,29275,14794,14465,16,NA
"PUNJAB","MULTAN","LODHRAN","DUNYAPUR","TEHSIL","60 &  ABOVE",35032,18330,16699,3,32085,16830,15253,2,2947,1500,1446,1,NA
"PUNJAB","MULTAN","LODHRAN","DUNYAPUR","TEHSIL","65 &  ABOVE",22615,11797,10818,NA,20749,10880,9869,NA,1866,917,949,NA,NA
"PUNJAB","MULTAN","LODHRAN","KAHROR PACCA","TEHSIL","ALL AGES",546058,283615,262417,26,419104,218252,200847,5,126954,65363,61570,21,NA
"PUNJAB","MULTAN","LODHRAN","KAHROR PACCA","TEHSIL","UNDER 1",10975,5717,5258,NA,8392,4377,4015,NA,2583,1340,1243,NA,NA
"PUNJAB","MULTAN","LODHRAN","KAHROR PACCA","TEHSIL","UNDER 5",72623,37801,34822,NA,56487,29457,27030,NA,16136,8344,7792,NA,NA
"PUNJAB","MULTAN","LODHRAN","KAHROR PACCA","TEHSIL","UNDER 10",146806,76365,70441,NA,114468,59752,54716,NA,32338,16613,15725,NA,NA
"PUNJAB","MULTAN","LODHRAN","KAHROR PACCA","TEHSIL","UNDER 15",213499,111849,101649,1,166163,87251,78912,NA,47336,24598,22737,1,NA
"PUNJAB","MULTAN","LODHRAN","KAHROR PACCA","TEHSIL","05 - 24",239725,125470,114252,3,184858,97156,87701,1,54867,28314,26551,2,NA
"PUNJAB","MULTAN","LODHRAN","KAHROR PACCA","TEHSIL","15 - 49",264188,135952,128219,17,200346,103417,96925,4,63842,32535,31294,13,NA
"PUNJAB","MULTAN","LODHRAN","KAHROR PACCA","TEHSIL","15 - 64",311066,160548,150493,25,236068,122059,114004,5,74998,38489,36489,20,NA
"PUNJAB","MULTAN","LODHRAN","KAHROR PACCA","TEHSIL","18 - 60",269766,138754,130988,24,204414,105308,99102,4,65352,33446,31886,20,NA
"PUNJAB","MULTAN","LODHRAN","KAHROR PACCA","TEHSIL","18 &  ABOVE",300055,154602,145429,24,228017,117784,110229,4,72038,36818,35200,20,NA
"PUNJAB","MULTAN","LODHRAN","KAHROR PACCA","TEHSIL","60 &  ABOVE",32953,17253,15700,NA,25617,13532,12085,NA,7336,3721,3615,NA,NA
"PUNJAB","MULTAN","LODHRAN","KAHROR PACCA","TEHSIL","65 &  ABOVE",21493,11218,10275,NA,16873,8942,7931,NA,4620,2276,2344,NA,NA
"PUNJAB","MULTAN","LODHRAN","LODHRAN","TEHSIL","ALL AGES",808971,418971,389936,64,664611,344735,319843,33,144360,74236,70093,31,NA
"PUNJAB","MULTAN","LODHRAN","LODHRAN","TEHSIL","UNDER 1",19717,10402,9315,NA,16384,8660,7724,NA,3333,1742,1591,NA,NA
"PUNJAB","MULTAN","LODHRAN","LODHRAN","TEHSIL","UNDER 5",122838,63832,59006,NA,103355,53812,49543,NA,19483,10020,9463,NA,NA
"PUNJAB","MULTAN","LODHRAN","LODHRAN","TEHSIL","UNDER 10",237305,122988,114317,NA,199508,103657,95851,NA,37797,19331,18466,NA,NA
"PUNJAB","MULTAN","LODHRAN","LODHRAN","TEHSIL","UNDER 15",338884,176955,161928,1,283067,148167,134900,NA,55817,28788,27028,1,NA
"PUNJAB","MULTAN","LODHRAN","LODHRAN","TEHSIL","05 - 24",367149,191927,175207,15,302359,158451,143904,4,64790,33476,31303,11,NA
"PUNJAB","MULTAN","LODHRAN","LODHRAN","TEHSIL","15 - 49",382121,195676,186388,57,309315,158719,150568,28,72806,36957,35820,29,NA
"PUNJAB","MULTAN","LODHRAN","LODHRAN","TEHSIL","15 - 64",444321,228349,215911,61,360018,185178,174809,31,84303,43171,41102,30,NA
"PUNJAB","MULTAN","LODHRAN","LODHRAN","TEHSIL","18 - 60",382467,195561,186847,59,309740,158539,151171,30,72727,37022,35676,29,NA
"PUNJAB","MULTAN","LODHRAN","LODHRAN","TEHSIL","18 &  ABOVE",419679,215208,204410,61,340659,174783,165844,32,79020,40425,38566,29,NA
"PUNJAB","MULTAN","LODHRAN","LODHRAN","TEHSIL","60 &  ABOVE",41232,21729,19499,4,34236,17942,16290,4,6996,3787,3209,NA,NA
"PUNJAB","MULTAN","LODHRAN","LODHRAN","TEHSIL","65 &  ABOVE",25766,13667,12097,2,21526,11390,10134,2,4240,2277,1963,NA,NA
"PUNJAB","GUJRANWALA","MANDI BAHAUDDIN","MALAKWAL","TEHSIL","ALL AGES",429189,215489,213641,59,377909,190077,187789,43,51280,25412,25852,16,NA
"PUNJAB","GUJRANWALA","MANDI BAHAUDDIN","MALAKWAL","TEHSIL","UNDER 1",9458,4909,4549,NA,8364,4355,4009,NA,1094,554,540,NA,NA
"PUNJAB","GUJRANWALA","MANDI BAHAUDDIN","MALAKWAL","TEHSIL","UNDER 5",54135,27863,26272,NA,48239,24783,23456,NA,5896,3080,2816,NA,NA
"PUNJAB","GUJRANWALA","MANDI BAHAUDDIN","MALAKWAL","TEHSIL","UNDER 10",102032,52058,49974,NA,90449,46119,44330,NA,11583,5939,5644,NA,NA
"PUNJAB","GUJRANWALA","MANDI BAHAUDDIN","MALAKWAL","TEHSIL","UNDER 15",149084,76576,72507,1,131834,67696,64137,1,17250,8880,8370,NA,NA
"PUNJAB","GUJRANWALA","MANDI BAHAUDDIN","MALAKWAL","TEHSIL","05 - 24",172720,87095,85607,18,152242,76807,75420,15,20478,10288,10187,3,NA
"PUNJAB","GUJRANWALA","MANDI BAHAUDDIN","MALAKWAL","TEHSIL","15 - 49",211316,101732,109533,51,185363,89380,95944,39,25953,12352,13589,12,NA
"PUNJAB","GUJRANWALA","MANDI BAHAUDDIN","MALAKWAL","TEHSIL","15 - 64",256768,125958,130752,58,225221,110735,114444,42,31547,15223,16308,16,NA
"PUNJAB","GUJRANWALA","MANDI BAHAUDDIN","MALAKWAL","TEHSIL","18 - 60",221791,107754,113981,56,194514,94777,99697,40,27277,12977,14284,16,NA
"PUNJAB","GUJRANWALA","MANDI BAHAUDDIN","MALAKWAL","TEHSIL","18 &  ABOVE",254620,126021,128542,57,223636,111062,112533,41,30984,14959,16009,16,NA
"PUNJAB","GUJRANWALA","MANDI BAHAUDDIN","MALAKWAL","TEHSIL","60 &  ABOVE",35657,19767,15888,2,31641,17635,14005,1,4016,2132,1883,1,NA
"PUNJAB","GUJRANWALA","MANDI BAHAUDDIN","MALAKWAL","TEHSIL","65 &  ABOVE",23337,12955,10382,NA,20854,11646,9208,NA,2483,1309,1174,NA,NA
"PUNJAB","GUJRANWALA","MANDI BAHAUDDIN","MANDI BAHAUDDIN","TEHSIL","ALL AGES",764327,382904,381373,50,532167,265639,266515,13,232160,117265,114858,37,NA
"PUNJAB","GUJRANWALA","MANDI BAHAUDDIN","MANDI BAHAUDDIN","TEHSIL","UNDER 1",18058,9414,8644,NA,12678,6626,6052,NA,5380,2788,2592,NA,NA
"PUNJAB","GUJRANWALA","MANDI BAHAUDDIN","MANDI BAHAUDDIN","TEHSIL","UNDER 5",108132,56114,52018,NA,75625,39339,36286,NA,32507,16775,15732,NA,NA
"PUNJAB","GUJRANWALA","MANDI BAHAUDDIN","MANDI BAHAUDDIN","TEHSIL","UNDER 10",194773,100327,94446,NA,135788,70032,65756,NA,58985,30295,28690,NA,NA
"PUNJAB","GUJRANWALA","MANDI BAHAUDDIN","MANDI BAHAUDDIN","TEHSIL","UNDER 15",281128,145518,135609,1,195897,101476,94420,1,85231,44042,41189,NA,NA
"PUNJAB","GUJRANWALA","MANDI BAHAUDDIN","MANDI BAHAUDDIN","TEHSIL","05 - 24",311669,158045,153608,16,216843,109687,107149,7,94826,48358,46459,9,NA
"PUNJAB","GUJRANWALA","MANDI BAHAUDDIN","MANDI BAHAUDDIN","TEHSIL","15 - 49",370344,176388,193913,43,254333,119717,134606,10,116011,56671,59307,33,NA
"PUNJAB","GUJRANWALA","MANDI BAHAUDDIN","MANDI BAHAUDDIN","TEHSIL","15 - 64",445217,215816,229354,47,307267,147617,159639,11,137950,68199,69715,36,NA
"PUNJAB","GUJRANWALA","MANDI BAHAUDDIN","MANDI BAHAUDDIN","TEHSIL","18 - 60",383748,183897,199807,44,264006,125104,138892,10,119742,58793,60915,34,NA
"PUNJAB","GUJRANWALA","MANDI BAHAUDDIN","MANDI BAHAUDDIN","TEHSIL","18 &  ABOVE",437080,213854,223179,47,303945,147624,156310,11,133135,66230,66869,36,NA
"PUNJAB","GUJRANWALA","MANDI BAHAUDDIN","MANDI BAHAUDDIN","TEHSIL","60 &  ABOVE",58453,32687,25763,3,43737,24547,19189,1,14716,8140,6574,2,NA
"PUNJAB","GUJRANWALA","MANDI BAHAUDDIN","MANDI BAHAUDDIN","TEHSIL","65 &  ABOVE",37982,21570,16410,2,29003,16546,12456,1,8979,5024,3954,1,NA
"PUNJAB","GUJRANWALA","MANDI BAHAUDDIN","PHALIA","TEHSIL","ALL AGES",635636,318573,317033,30,573183,287412,285745,26,62453,31161,31288,4,NA
"PUNJAB","GUJRANWALA","MANDI BAHAUDDIN","PHALIA","TEHSIL","UNDER 1",14914,7881,7033,NA,13649,7199,6450,NA,1265,682,583,NA,NA
"PUNJAB","GUJRANWALA","MANDI BAHAUDDIN","PHALIA","TEHSIL","UNDER 5",86909,45131,41778,NA,78821,40938,37883,NA,8088,4193,3895,NA,NA
"PUNJAB","GUJRANWALA","MANDI BAHAUDDIN","PHALIA","TEHSIL","UNDER 10",160742,82974,77768,NA,145410,75020,70390,NA,15332,7954,7378,NA,NA
"PUNJAB","GUJRANWALA","MANDI BAHAUDDIN","PHALIA","TEHSIL","UNDER 15",232062,120330,111732,NA,209575,108591,100984,NA,22487,11739,10748,NA,NA
"PUNJAB","GUJRANWALA","MANDI BAHAUDDIN","PHALIA","TEHSIL","05 - 24",258791,131357,127423,11,232774,118031,114732,11,26017,13326,12691,NA,NA
"PUNJAB","GUJRANWALA","MANDI BAHAUDDIN","PHALIA","TEHSIL","15 - 49",305468,145006,160437,25,274352,130304,144027,21,31116,14702,16410,4,NA
"PUNJAB","GUJRANWALA","MANDI BAHAUDDIN","PHALIA","TEHSIL","15 - 64",369570,179105,190436,29,332260,161134,171101,25,37310,17971,19335,4,NA
"PUNJAB","GUJRANWALA","MANDI BAHAUDDIN","PHALIA","TEHSIL","18 - 60",319571,152862,166683,26,287421,137650,149749,22,32150,15212,16934,4,NA
"PUNJAB","GUJRANWALA","MANDI BAHAUDDIN","PHALIA","TEHSIL","18 &  ABOVE",366641,179140,187474,27,330570,161754,168793,23,36071,17386,18681,4,NA
"PUNJAB","GUJRANWALA","MANDI BAHAUDDIN","PHALIA","TEHSIL","60 &  ABOVE",50803,28343,22459,1,46524,25979,20544,1,4279,2364,1915,NA,NA
"PUNJAB","GUJRANWALA","MANDI BAHAUDDIN","PHALIA","TEHSIL","65 &  ABOVE",34004,19138,14865,1,31348,17687,13660,1,2656,1451,1205,NA,NA
"PUNJAB","SARGODHA","MIANWALI","ISAKHEL","TEHSIL","ALL AGES",414091,206467,207613,11,319550,159565,159983,2,94541,46902,47630,9,NA
"PUNJAB","SARGODHA","MIANWALI","ISAKHEL","TEHSIL","UNDER 1",7721,3928,3793,NA,6038,3076,2962,NA,1683,852,831,NA,NA
"PUNJAB","SARGODHA","MIANWALI","ISAKHEL","TEHSIL","UNDER 5",55374,28492,26882,NA,43526,22366,21160,NA,11848,6126,5722,NA,NA
"PUNJAB","SARGODHA","MIANWALI","ISAKHEL","TEHSIL","UNDER 10",106826,54703,52123,NA,83927,42981,40946,NA,22899,11722,11177,NA,NA
"PUNJAB","SARGODHA","MIANWALI","ISAKHEL","TEHSIL","UNDER 15",154085,79439,74646,NA,121053,62476,58577,NA,33032,16963,16069,NA,NA
"PUNJAB","SARGODHA","MIANWALI","ISAKHEL","TEHSIL","05 - 24",175357,89845,85511,1,137510,70635,66874,1,37847,19210,18637,NA,NA
"PUNJAB","SARGODHA","MIANWALI","ISAKHEL","TEHSIL","15 - 49",201634,97445,104178,11,154850,75053,79795,2,46784,22392,24383,9,NA
"PUNJAB","SARGODHA","MIANWALI","ISAKHEL","TEHSIL","15 - 64",240432,116808,123613,11,183901,89468,94431,2,56531,27340,29182,9,NA
"PUNJAB","SARGODHA","MIANWALI","ISAKHEL","TEHSIL","18 - 60",206010,98769,107230,11,157196,75477,81717,2,48814,23292,25513,9,NA
"PUNJAB","SARGODHA","MIANWALI","ISAKHEL","TEHSIL","18 &  ABOVE",233807,113347,120449,11,177908,86316,91590,2,55899,27031,28859,9,NA
"PUNJAB","SARGODHA","MIANWALI","ISAKHEL","TEHSIL","60 &  ABOVE",30298,15861,14437,NA,22617,11824,10793,NA,7681,4037,3644,NA,NA
"PUNJAB","SARGODHA","MIANWALI","ISAKHEL","TEHSIL","65 &  ABOVE",19574,10220,9354,NA,14596,7621,6975,NA,4978,2599,2379,NA,NA
"PUNJAB","SARGODHA","MIANWALI","MIANWALI","TEHSIL","ALL AGES",906756,465038,441692,26,744174,381037,363125,12,162582,84001,78567,14,NA
"PUNJAB","SARGODHA","MIANWALI","MIANWALI","TEHSIL","UNDER 1",18368,9456,8912,NA,15798,8137,7661,NA,2570,1319,1251,NA,NA
"PUNJAB","SARGODHA","MIANWALI","MIANWALI","TEHSIL","UNDER 5",122313,63492,58821,NA,102200,53125,49075,NA,20113,10367,9746,NA,NA
"PUNJAB","SARGODHA","MIANWALI","MIANWALI","TEHSIL","UNDER 10",222371,114901,107470,NA,185439,95974,89465,NA,36932,18927,18005,NA,NA
"PUNJAB","SARGODHA","MIANWALI","MIANWALI","TEHSIL","UNDER 15",320303,166180,154122,1,266669,138585,128083,1,53634,27595,26039,NA,NA
"PUNJAB","SARGODHA","MIANWALI","MIANWALI","TEHSIL","05 - 24",361713,187422,174281,10,299936,155781,144147,8,61777,31641,30134,2,NA
"PUNJAB","SARGODHA","MIANWALI","MIANWALI","TEHSIL","15 - 49",454273,230780,223472,21,369270,187022,182240,8,85003,43758,41232,13,NA
"PUNJAB","SARGODHA","MIANWALI","MIANWALI","TEHSIL","15 - 64",543355,276333,266998,24,441769,223799,217960,10,101586,52534,49038,14,NA
"PUNJAB","SARGODHA","MIANWALI","MIANWALI","TEHSIL","18 - 60",470380,237842,232517,21,381147,191756,189383,8,89233,46086,43134,13,NA
"PUNJAB","SARGODHA","MIANWALI","MIANWALI","TEHSIL","18 &  ABOVE",532454,270422,262010,22,432424,218622,213793,9,100030,51800,48217,13,NA
"PUNJAB","SARGODHA","MIANWALI","MIANWALI","TEHSIL","60 &  ABOVE",67317,35227,32089,1,55598,29047,26550,1,11719,6180,5539,NA,NA
"PUNJAB","SARGODHA","MIANWALI","MIANWALI","TEHSIL","65 &  ABOVE",43098,22525,20572,1,35736,18653,17082,1,7362,3872,3490,NA,NA
"PUNJAB","SARGODHA","MIANWALI","PIPLAN","TEHSIL","ALL AGES",475050,245472,229550,28,368781,190479,178290,12,106269,54993,51260,16,NA
"PUNJAB","SARGODHA","MIANWALI","PIPLAN","TEHSIL","UNDER 1",11123,5899,5224,NA,8943,4716,4227,NA,2180,1183,997,NA,NA
"PUNJAB","SARGODHA","MIANWALI","PIPLAN","TEHSIL","UNDER 5",68092,35503,32589,NA,54414,28348,26066,NA,13678,7155,6523,NA,NA
"PUNJAB","SARGODHA","MIANWALI","PIPLAN","TEHSIL","UNDER 10",125320,64987,60333,NA,99618,51568,48050,NA,25702,13419,12283,NA,NA
"PUNJAB","SARGODHA","MIANWALI","PIPLAN","TEHSIL","UNDER 15",179249,93636,85612,1,142207,74044,68162,1,37042,19592,17450,NA,NA
"PUNJAB","SARGODHA","MIANWALI","PIPLAN","TEHSIL","05 - 24",198766,103745,95005,16,155984,81260,74718,6,42782,22485,20287,10,NA
"PUNJAB","SARGODHA","MIANWALI","PIPLAN","TEHSIL","15 - 49",233106,118685,114397,24,179082,91179,87892,11,54024,27506,26505,13,NA
"PUNJAB","SARGODHA","MIANWALI","PIPLAN","TEHSIL","15 - 64",276112,141347,134738,27,211732,108409,103312,11,64380,32938,31426,16,NA
"PUNJAB","SARGODHA","MIANWALI","PIPLAN","TEHSIL","18 - 60",238236,121067,117145,24,182310,92676,89624,10,55926,28391,27521,14,NA
"PUNJAB","SARGODHA","MIANWALI","PIPLAN","TEHSIL","18 &  ABOVE",266608,136278,130305,25,203665,104257,99398,10,62943,32021,30907,15,NA
"PUNJAB","SARGODHA","MIANWALI","PIPLAN","TEHSIL","60 &  ABOVE",30996,16519,14476,1,23381,12581,10800,NA,7615,3938,3676,1,NA
"PUNJAB","SARGODHA","MIANWALI","PIPLAN","TEHSIL","65 &  ABOVE",19689,10489,9200,NA,14842,8026,6816,NA,4847,2463,2384,NA,NA
"PUNJAB","MULTAN","MULTAN","JALALPUR PIRWALA","TEHSIL","ALL AGES",608174,304393,303760,21,518714,259531,259173,10,89460,44862,44587,11,NA
"PUNJAB","MULTAN","MULTAN","JALALPUR PIRWALA","TEHSIL","UNDER 1",11679,5816,5863,NA,10139,5012,5127,NA,1540,804,736,NA,NA
"PUNJAB","MULTAN","MULTAN","JALALPUR PIRWALA","TEHSIL","UNDER 5",89307,44363,44944,NA,77236,38315,38921,NA,12071,6048,6023,NA,NA
"PUNJAB","MULTAN","MULTAN","JALALPUR PIRWALA","TEHSIL","UNDER 10",180896,90483,90413,NA,156985,78434,78551,NA,23911,12049,11862,NA,NA
"PUNJAB","MULTAN","MULTAN","JALALPUR PIRWALA","TEHSIL","UNDER 15",256921,128721,128200,NA,221751,110917,110834,NA,35170,17804,17366,NA,NA
"PUNJAB","MULTAN","MULTAN","JALALPUR PIRWALA","TEHSIL","05 - 24",279519,139895,139620,4,239301,119705,119593,3,40218,20190,20027,1,NA
"PUNJAB","MULTAN","MULTAN","JALALPUR PIRWALA","TEHSIL","15 - 49",280606,138979,141610,17,236821,117515,119299,7,43785,21464,22311,10,NA
"PUNJAB","MULTAN","MULTAN","JALALPUR PIRWALA","TEHSIL","15 - 64",328248,163617,164611,20,276997,138155,138833,9,51251,25462,25778,11,NA
"PUNJAB","MULTAN","MULTAN","JALALPUR PIRWALA","TEHSIL","18 - 60",282881,140710,142153,18,238570,118727,119836,7,44311,21983,22317,11,NA
"PUNJAB","MULTAN","MULTAN","JALALPUR PIRWALA","TEHSIL","18 &  ABOVE",315091,157486,157586,19,266370,133166,133196,8,48721,24320,24390,11,NA
"PUNJAB","MULTAN","MULTAN","JALALPUR PIRWALA","TEHSIL","60 &  ABOVE",34991,18217,16773,1,30131,15647,14483,1,4860,2570,2290,NA,NA
"PUNJAB","MULTAN","MULTAN","JALALPUR PIRWALA","TEHSIL","65 &  ABOVE",23005,12055,10949,1,19966,10459,9506,1,3039,1596,1443,NA,NA
"PUNJAB","MULTAN","MULTAN","MULTAN CITY","TEHSIL","ALL AGES",2548828,1306895,1241646,287,385302,198230,187028,44,2163526,1108665,1054618,243,NA
"PUNJAB","MULTAN","MULTAN","MULTAN CITY","TEHSIL","UNDER 1",46889,23643,23246,NA,6928,3453,3475,NA,39961,20190,19771,NA,NA
"PUNJAB","MULTAN","MULTAN","MULTAN CITY","TEHSIL","UNDER 5",323960,164137,159823,NA,50502,25275,25227,NA,273458,138862,134596,NA,NA
"PUNJAB","MULTAN","MULTAN","MULTAN CITY","TEHSIL","UNDER 10",610718,307958,302760,NA,98397,49356,49041,NA,512321,258602,253719,NA,NA
"PUNJAB","MULTAN","MULTAN","MULTAN CITY","TEHSIL","UNDER 15",902588,456058,446526,4,144235,72494,71740,1,758353,383564,374786,3,NA
"PUNJAB","MULTAN","MULTAN","MULTAN CITY","TEHSIL","05 - 24",1071124,542188,528844,92,166658,83651,82999,8,904466,458537,445845,84,NA
"PUNJAB","MULTAN","MULTAN","MULTAN CITY","TEHSIL","15 - 49",1334850,679724,654885,241,198766,102375,96354,37,1136084,577349,558531,204,NA
"PUNJAB","MULTAN","MULTAN","MULTAN CITY","TEHSIL","15 - 64",1562536,804284,757975,277,230017,119569,110405,43,1332519,684715,647570,234,NA
"PUNJAB","MULTAN","MULTAN","MULTAN CITY","TEHSIL","18 - 60",1363139,700045,662843,251,200595,104256,96298,41,1162544,595789,566545,210,NA
"PUNJAB","MULTAN","MULTAN","MULTAN CITY","TEHSIL","18 &  ABOVE",1490304,770912,719134,258,217511,113739,103731,41,1272793,657173,615403,217,NA
"PUNJAB","MULTAN","MULTAN","MULTAN CITY","TEHSIL","60 &  ABOVE",141158,78395,62750,13,18755,10490,8265,NA,122403,67905,54485,13,NA
"PUNJAB","MULTAN","MULTAN","MULTAN CITY","TEHSIL","65 &  ABOVE",83704,46553,37145,6,11050,6167,4883,NA,72654,40386,32262,6,NA
"PUNJAB","MULTAN","MULTAN","MULTAN SADDAR","TEHSIL","ALL AGES",1501453,762847,738526,80,1424032,723582,700380,70,77421,39265,38146,10,NA
"PUNJAB","MULTAN","MULTAN","MULTAN SADDAR","TEHSIL","UNDER 1",34999,17451,17548,NA,33592,16788,16804,NA,1407,663,744,NA,NA
"PUNJAB","MULTAN","MULTAN","MULTAN SADDAR","TEHSIL","UNDER 5",213674,106932,106742,NA,204713,102488,102225,NA,8961,4444,4517,NA,NA
"PUNJAB","MULTAN","MULTAN","MULTAN SADDAR","TEHSIL","UNDER 10",409760,205683,204077,NA,391883,196811,195072,NA,17877,8872,9005,NA,NA
"PUNJAB","MULTAN","MULTAN","MULTAN SADDAR","TEHSIL","UNDER 15",590025,296965,293055,5,563402,283605,279792,5,26623,13360,13263,NA,NA
"PUNJAB","MULTAN","MULTAN","MULTAN SADDAR","TEHSIL","05 - 24",654859,330607,324227,25,624091,315260,308807,24,30768,15347,15420,1,NA
"PUNJAB","MULTAN","MULTAN","MULTAN SADDAR","TEHSIL","15 - 49",736952,373804,363079,69,695851,353047,342744,60,41101,20757,20335,9,NA
"PUNJAB","MULTAN","MULTAN","MULTAN SADDAR","TEHSIL","15 - 64",859627,438539,421015,73,811786,414180,397543,63,47841,24359,23472,10,NA
"PUNJAB","MULTAN","MULTAN","MULTAN SADDAR","TEHSIL","18 - 60",744731,379235,365427,69,702565,357736,344770,59,42166,21499,20657,10,NA
"PUNJAB","MULTAN","MULTAN","MULTAN SADDAR","TEHSIL","18 &  ABOVE",820379,419125,401183,71,773971,395397,378513,61,46408,23728,22670,10,NA
"PUNJAB","MULTAN","MULTAN","MULTAN SADDAR","TEHSIL","60 &  ABOVE",82907,43695,39210,2,78290,41280,37008,2,4617,2415,2202,NA,NA
"PUNJAB","MULTAN","MULTAN","MULTAN SADDAR","TEHSIL","65 &  ABOVE",51801,27343,24456,2,48844,25797,23045,2,2957,1546,1411,NA,NA
"PUNJAB","MULTAN","MULTAN","SHUJABAD","TEHSIL","ALL AGES",682307,346142,336146,19,531212,269468,261732,12,151095,76674,74414,7,NA
"PUNJAB","MULTAN","MULTAN","SHUJABAD","TEHSIL","UNDER 1",16576,8557,8019,NA,13181,6791,6390,NA,3395,1766,1629,NA,NA
"PUNJAB","MULTAN","MULTAN","SHUJABAD","TEHSIL","UNDER 5",103334,52360,50974,NA,81718,41435,40283,NA,21616,10925,10691,NA,NA
"PUNJAB","MULTAN","MULTAN","SHUJABAD","TEHSIL","UNDER 10",196785,99490,97295,NA,156259,79067,77192,NA,40526,20423,20103,NA,NA
"PUNJAB","MULTAN","MULTAN","SHUJABAD","TEHSIL","UNDER 15",282218,142257,139959,2,223077,112518,110557,2,59141,29739,29402,NA,NA
"PUNJAB","MULTAN","MULTAN","SHUJABAD","TEHSIL","05 - 24",303696,152478,151209,9,237524,119389,118128,7,66172,33089,33081,2,NA
"PUNJAB","MULTAN","MULTAN","SHUJABAD","TEHSIL","15 - 49",324703,164254,160434,15,249564,126282,123274,8,75139,37972,37160,7,NA
"PUNJAB","MULTAN","MULTAN","SHUJABAD","TEHSIL","15 - 64",377373,192094,185263,16,290027,147617,142401,9,87346,44477,42862,7,NA
"PUNJAB","MULTAN","MULTAN","SHUJABAD","TEHSIL","18 - 60",326082,165753,160314,15,250377,127265,123104,8,75705,38488,37210,7,NA
"PUNJAB","MULTAN","MULTAN","SHUJABAD","TEHSIL","18 &  ABOVE",358823,182891,175916,16,276247,140744,135494,9,82576,42147,40422,7,NA
"PUNJAB","MULTAN","MULTAN","SHUJABAD","TEHSIL","60 &  ABOVE",35747,18727,17019,1,28247,14722,13524,1,7500,4005,3495,NA,NA
"PUNJAB","MULTAN","MULTAN","SHUJABAD","TEHSIL","65 &  ABOVE",22716,11791,10924,1,18108,9333,8774,1,4608,2458,2150,NA,NA
"PUNJAB","DERA GHAZI KHAN","MUZAFFARGARH","ALIPUR","TEHSIL","ALL AGES",760524,389268,371243,13,582631,298287,284336,8,177893,90981,86907,5,NA
"PUNJAB","DERA GHAZI KHAN","MUZAFFARGARH","ALIPUR","TEHSIL","UNDER 1",25618,13275,12343,NA,19552,10237,9315,NA,6066,3038,3028,NA,NA
"PUNJAB","DERA GHAZI KHAN","MUZAFFARGARH","ALIPUR","TEHSIL","UNDER 5",156566,80999,75567,NA,123776,64148,59628,NA,32790,16851,15939,NA,NA
"PUNJAB","DERA GHAZI KHAN","MUZAFFARGARH","ALIPUR","TEHSIL","UNDER 10",268292,137706,130586,NA,211927,108889,103038,NA,56365,28817,27548,NA,NA
"PUNJAB","DERA GHAZI KHAN","MUZAFFARGARH","ALIPUR","TEHSIL","UNDER 15",363051,186323,176727,1,284700,146027,138673,NA,78351,40296,38054,1,NA
"PUNJAB","DERA GHAZI KHAN","MUZAFFARGARH","ALIPUR","TEHSIL","05 - 24",338538,172337,166198,3,260278,132163,128113,2,78260,40174,38085,1,NA
"PUNJAB","DERA GHAZI KHAN","MUZAFFARGARH","ALIPUR","TEHSIL","15 - 49",326175,165436,160731,8,244715,124190,120519,6,81460,41246,40212,2,NA
"PUNJAB","DERA GHAZI KHAN","MUZAFFARGARH","ALIPUR","TEHSIL","15 - 64",374775,191057,183708,10,280593,143065,137522,6,94182,47992,46186,4,NA
"PUNJAB","DERA GHAZI KHAN","MUZAFFARGARH","ALIPUR","TEHSIL","18 - 60",320408,162763,157636,9,240372,122408,117959,5,80036,40355,39677,4,NA
"PUNJAB","DERA GHAZI KHAN","MUZAFFARGARH","ALIPUR","TEHSIL","18 &  ABOVE",351968,179253,172704,11,264250,134989,129254,7,87718,44264,43450,4,NA
"PUNJAB","DERA GHAZI KHAN","MUZAFFARGARH","ALIPUR","TEHSIL","60 &  ABOVE",34767,18187,16578,2,26244,13819,12423,2,8523,4368,4155,NA,NA
"PUNJAB","DERA GHAZI KHAN","MUZAFFARGARH","ALIPUR","TEHSIL","65 &  ABOVE",22698,11888,10808,2,17338,9195,8141,2,5360,2693,2667,NA,NA
NA,NA,"MUZAFFARGARH","CHOWK SARWAR SHAHEED","TEHSIL","ALL AGES",414200,207527,206668,5,351069,176177,174888,4,63131,31350,31780,1,NA
NA,NA,"MUZAFFARGARH","CHOWK SARWAR SHAHEED","TEHSIL","UNDER 1",8571,4337,4234,NA,7349,3735,3614,NA,1222,602,620,NA,NA
NA,NA,"MUZAFFARGARH","CHOWK SARWAR SHAHEED","TEHSIL","UNDER 5",59029,29497,29532,NA,51262,25681,25581,NA,7767,3816,3951,NA,NA
NA,NA,"MUZAFFARGARH","CHOWK SARWAR SHAHEED","TEHSIL","UNDER 10",119984,59439,60545,NA,104028,51585,52443,NA,15956,7854,8102,NA,NA
NA,NA,"MUZAFFARGARH","CHOWK SARWAR SHAHEED","TEHSIL","UNDER 15",174672,86330,88341,1,150952,74787,76164,1,23720,11543,12177,NA,NA
NA,NA,"MUZAFFARGARH","CHOWK SARWAR SHAHEED","TEHSIL","05 - 24",193518,95488,98028,2,165211,81755,83454,2,28307,13733,14574,NA,NA
NA,NA,"MUZAFFARGARH","CHOWK SARWAR SHAHEED","TEHSIL","15 - 49",193979,96642,97335,2,162172,80994,81177,1,31807,15648,16158,1,NA
NA,NA,"MUZAFFARGARH","CHOWK SARWAR SHAHEED","TEHSIL","15 - 64",225080,113221,111855,4,187789,94601,93185,3,37291,18620,18670,1,NA
NA,NA,"MUZAFFARGARH","CHOWK SARWAR SHAHEED","TEHSIL","18 - 60",192209,96651,95555,3,160060,80615,79443,2,32149,16036,16112,1,NA
NA,NA,"MUZAFFARGARH","CHOWK SARWAR SHAHEED","TEHSIL","18 &  ABOVE",212693,107869,104821,3,177382,90088,87292,2,35311,17781,17529,1,NA
NA,NA,"MUZAFFARGARH","CHOWK SARWAR SHAHEED","TEHSIL","60 &  ABOVE",22197,12131,10065,1,18754,10224,8529,1,3443,1907,1536,NA,NA
NA,NA,"MUZAFFARGARH","CHOWK SARWAR SHAHEED","TEHSIL","65 &  ABOVE",14448,7976,6472,NA,12328,6789,5539,NA,2120,1187,933,NA,NA
"PUNJAB","DERA GHAZI KHAN","MUZAFFARGARH","JATOI","TEHSIL","ALL AGES",861713,436523,425150,40,644502,327383,317098,21,217211,109140,108052,19,NA
"PUNJAB","DERA GHAZI KHAN","MUZAFFARGARH","JATOI","TEHSIL","UNDER 1",23073,11308,11765,NA,17279,8466,8813,NA,5794,2842,2952,NA,NA
"PUNJAB","DERA GHAZI KHAN","MUZAFFARGARH","JATOI","TEHSIL","UNDER 5",163381,81375,82006,NA,122823,61279,61544,NA,40558,20096,20462,NA,NA
"PUNJAB","DERA GHAZI KHAN","MUZAFFARGARH","JATOI","TEHSIL","UNDER 10",298949,149925,149024,NA,226493,113948,112545,NA,72456,35977,36479,NA,NA
"PUNJAB","DERA GHAZI KHAN","MUZAFFARGARH","JATOI","TEHSIL","UNDER 15",411595,207531,204061,3,311721,157702,154018,1,99874,49829,50043,2,NA
"PUNJAB","DERA GHAZI KHAN","MUZAFFARGARH","JATOI","TEHSIL","05 - 24",398292,202193,196080,19,300869,153390,147470,9,97423,48803,48610,10,NA
"PUNJAB","DERA GHAZI KHAN","MUZAFFARGARH","JATOI","TEHSIL","15 - 49",371652,187965,183656,31,274929,139276,135635,18,96723,48689,48021,13,NA
"PUNJAB","DERA GHAZI KHAN","MUZAFFARGARH","JATOI","TEHSIL","15 - 64",425069,215849,209184,36,314237,159817,154401,19,110832,56032,54783,17,NA
"PUNJAB","DERA GHAZI KHAN","MUZAFFARGARH","JATOI","TEHSIL","18 - 60",363413,184154,179231,28,268458,136295,132148,15,94955,47859,47083,13,NA
"PUNJAB","DERA GHAZI KHAN","MUZAFFARGARH","JATOI","TEHSIL","18 &  ABOVE",398445,202481,195935,29,294349,149973,144360,16,104096,52508,51575,13,NA
"PUNJAB","DERA GHAZI KHAN","MUZAFFARGARH","JATOI","TEHSIL","60 &  ABOVE",38524,20174,18349,1,28420,15026,13393,1,10104,5148,4956,NA,NA
"PUNJAB","DERA GHAZI KHAN","MUZAFFARGARH","JATOI","TEHSIL","65 &  ABOVE",25049,13143,11905,1,18544,9864,8679,1,6505,3279,3226,NA,NA
"PUNJAB","DERA GHAZI KHAN","MUZAFFARGARH","KOT ADDU","TEHSIL","ALL AGES",1071282,538365,532895,22,851396,428892,422498,6,219886,109473,110397,16,NA
"PUNJAB","DERA GHAZI KHAN","MUZAFFARGARH","KOT ADDU","TEHSIL","UNDER 1",20836,10361,10475,NA,16585,8208,8377,NA,4251,2153,2098,NA,NA
"PUNJAB","DERA GHAZI KHAN","MUZAFFARGARH","KOT ADDU","TEHSIL","UNDER 5",157935,78108,79827,NA,128663,63549,65114,NA,29272,14559,14713,NA,NA
"PUNJAB","DERA GHAZI KHAN","MUZAFFARGARH","KOT ADDU","TEHSIL","UNDER 10",312600,154815,157785,NA,255790,126766,129024,NA,56810,28049,28761,NA,NA
"PUNJAB","DERA GHAZI KHAN","MUZAFFARGARH","KOT ADDU","TEHSIL","UNDER 15",453209,224853,228356,NA,369754,183687,186067,NA,83455,41166,42289,NA,NA
"PUNJAB","DERA GHAZI KHAN","MUZAFFARGARH","KOT ADDU","TEHSIL","05 - 24",499283,248736,250539,8,402424,201406,201016,2,96859,47330,49523,6,NA
"PUNJAB","DERA GHAZI KHAN","MUZAFFARGARH","KOT ADDU","TEHSIL","15 - 49",506163,254182,251965,16,395269,199377,195887,5,110894,54805,56078,11,NA
"PUNJAB","DERA GHAZI KHAN","MUZAFFARGARH","KOT ADDU","TEHSIL","15 - 64",583498,295191,288286,21,454493,230703,223784,6,129005,64488,64502,15,NA
"PUNJAB","DERA GHAZI KHAN","MUZAFFARGARH","KOT ADDU","TEHSIL","18 - 60",498705,251899,246789,17,387323,196266,191052,5,111382,55633,55737,12,NA
"PUNJAB","DERA GHAZI KHAN","MUZAFFARGARH","KOT ADDU","TEHSIL","18 &  ABOVE",547757,278046,269691,20,425546,216745,208796,5,122211,61301,60895,15,NA
"PUNJAB","DERA GHAZI KHAN","MUZAFFARGARH","KOT ADDU","TEHSIL","60 &  ABOVE",53400,28502,24895,3,41583,22301,19282,NA,11817,6201,5613,3,NA
"PUNJAB","DERA GHAZI KHAN","MUZAFFARGARH","KOT ADDU","TEHSIL","65 &  ABOVE",34575,18321,16253,1,27149,14502,12647,NA,7426,3819,3606,1,NA
"PUNJAB","DERA GHAZI KHAN","MUZAFFARGARH","MUZAFFARGARH","TEHSIL","ALL AGES",1904405,973660,930716,29,1637247,835549,801673,25,267158,138111,129043,4,NA
"PUNJAB","DERA GHAZI KHAN","MUZAFFARGARH","MUZAFFARGARH","TEHSIL","UNDER 1",48847,24315,24532,NA,43004,21428,21576,NA,5843,2887,2956,NA,NA
"PUNJAB","DERA GHAZI KHAN","MUZAFFARGARH","MUZAFFARGARH","TEHSIL","UNDER 5",336900,171038,165862,NA,293130,148021,145109,NA,43770,23017,20753,NA,NA
"PUNJAB","DERA GHAZI KHAN","MUZAFFARGARH","MUZAFFARGARH","TEHSIL","UNDER 10",617823,314258,303565,NA,541570,274480,267090,NA,76253,39778,36475,NA,NA
"PUNJAB","DERA GHAZI KHAN","MUZAFFARGARH","MUZAFFARGARH","TEHSIL","UNDER 15",864874,440393,424478,3,756814,384493,372318,3,108060,55900,52160,NA,NA
"PUNJAB","DERA GHAZI KHAN","MUZAFFARGARH","MUZAFFARGARH","TEHSIL","05 - 24",866215,441363,424837,15,753766,383968,369784,14,112449,57395,55053,1,NA
"PUNJAB","DERA GHAZI KHAN","MUZAFFARGARH","MUZAFFARGARH","TEHSIL","15 - 49",849894,431796,418076,22,720442,365873,354550,19,129452,65923,63526,3,NA
"PUNJAB","DERA GHAZI KHAN","MUZAFFARGARH","MUZAFFARGARH","TEHSIL","15 - 64",981501,501803,479673,25,830238,423932,406285,21,151263,77871,73388,4,NA
"PUNJAB","DERA GHAZI KHAN","MUZAFFARGARH","MUZAFFARGARH","TEHSIL","18 - 60",838717,427118,411582,17,708051,360096,347942,13,130666,67022,63640,4,NA
"PUNJAB","DERA GHAZI KHAN","MUZAFFARGARH","MUZAFFARGARH","TEHSIL","18 &  ABOVE",921422,471979,449425,18,778817,398298,380505,14,142605,73681,68920,4,NA
"PUNJAB","DERA GHAZI KHAN","MUZAFFARGARH","MUZAFFARGARH","TEHSIL","60 &  ABOVE",91159,49434,41724,1,77838,42041,35796,1,13321,7393,5928,NA,NA
"PUNJAB","DERA GHAZI KHAN","MUZAFFARGARH","MUZAFFARGARH","TEHSIL","65 &  ABOVE",58030,31464,26565,1,50195,27124,23070,1,7835,4340,3495,NA,NA
"PUNJAB","LAHORE","NANKANA SAHIB","NANKANA SAHIB","TEHSIL","ALL AGES",1065063,545638,519382,43,935022,480218,454777,27,130041,65420,64605,16,NA
"PUNJAB","LAHORE","NANKANA SAHIB","NANKANA SAHIB","TEHSIL","UNDER 1",20676,10369,10307,NA,18475,9296,9179,NA,2201,1073,1128,NA,NA
"PUNJAB","LAHORE","NANKANA SAHIB","NANKANA SAHIB","TEHSIL","UNDER 5",147824,74267,73557,NA,133105,67081,66024,NA,14719,7186,7533,NA,NA
"PUNJAB","LAHORE","NANKANA SAHIB","NANKANA SAHIB","TEHSIL","UNDER 10",285378,143793,141585,NA,255829,129301,126528,NA,29549,14492,15057,NA,NA
"PUNJAB","LAHORE","NANKANA SAHIB","NANKANA SAHIB","TEHSIL","UNDER 15",415192,210125,205064,3,369075,187140,181933,2,46117,22985,23131,1,NA
"PUNJAB","LAHORE","NANKANA SAHIB","NANKANA SAHIB","TEHSIL","05 - 24",463440,235278,228154,8,406578,206795,199778,5,56862,28483,28376,3,NA
"PUNJAB","LAHORE","NANKANA SAHIB","NANKANA SAHIB","TEHSIL","15 - 49",515807,261841,253937,29,448820,228553,220247,20,66987,33288,33690,9,NA
"PUNJAB","LAHORE","NANKANA SAHIB","NANKANA SAHIB","TEHSIL","15 - 64",607805,311654,296113,38,528693,271815,256854,24,79112,39839,39259,14,NA
"PUNJAB","LAHORE","NANKANA SAHIB","NANKANA SAHIB","TEHSIL","18 - 60",523643,267944,255662,37,455884,234073,221788,23,67759,33871,33874,14,NA
"PUNJAB","LAHORE","NANKANA SAHIB","NANKANA SAHIB","TEHSIL","18 &  ABOVE",583485,301705,281741,39,508599,263945,244630,24,74886,37760,37111,15,NA
"PUNJAB","LAHORE","NANKANA SAHIB","NANKANA SAHIB","TEHSIL","60 &  ABOVE",66573,37330,29239,4,58716,33076,25638,2,7857,4254,3601,2,NA
"PUNJAB","LAHORE","NANKANA SAHIB","NANKANA SAHIB","TEHSIL","65 &  ABOVE",42066,23859,18205,2,37254,21263,15990,1,4812,2596,2215,1,NA
"PUNJAB","LAHORE","NANKANA SAHIB","SANGLA HILL","TEHSIL","ALL AGES",269993,134999,134979,15,166284,83295,82987,2,103709,51704,51992,13,NA
"PUNJAB","LAHORE","NANKANA SAHIB","SANGLA HILL","TEHSIL","UNDER 1",6173,3109,3064,NA,3972,2043,1929,NA,2201,1066,1135,NA,NA
"PUNJAB","LAHORE","NANKANA SAHIB","SANGLA HILL","TEHSIL","UNDER 5",36686,18643,18043,NA,22034,11209,10825,NA,14652,7434,7218,NA,NA
"PUNJAB","LAHORE","NANKANA SAHIB","SANGLA HILL","TEHSIL","UNDER 10",67803,33937,33866,NA,41631,20861,20770,NA,26172,13076,13096,NA,NA
"PUNJAB","LAHORE","NANKANA SAHIB","SANGLA HILL","TEHSIL","UNDER 15",97640,48714,48926,NA,59872,29866,30006,NA,37768,18848,18920,NA,NA
"PUNJAB","LAHORE","NANKANA SAHIB","SANGLA HILL","TEHSIL","05 - 24",110992,54487,56505,NA,68903,33878,35025,NA,42089,20609,21480,NA,NA
"PUNJAB","LAHORE","NANKANA SAHIB","SANGLA HILL","TEHSIL","15 - 49",134368,65494,68863,11,82258,40276,41981,1,52110,25218,26882,10,NA
"PUNJAB","LAHORE","NANKANA SAHIB","SANGLA HILL","TEHSIL","15 - 64",160250,79442,80795,13,98250,48820,49429,1,62000,30622,31366,12,NA
"PUNJAB","LAHORE","NANKANA SAHIB","SANGLA HILL","TEHSIL","18 - 60",139122,68650,70459,13,85141,42099,43041,1,53981,26551,27418,12,NA
"PUNJAB","LAHORE","NANKANA SAHIB","SANGLA HILL","TEHSIL","18 &  ABOVE",156381,78367,77999,15,96610,48547,48061,2,59771,29820,29938,13,NA
"PUNJAB","LAHORE","NANKANA SAHIB","SANGLA HILL","TEHSIL","60 &  ABOVE",18941,10619,8320,2,12525,7004,5520,1,6416,3615,2800,1,NA
"PUNJAB","LAHORE","NANKANA SAHIB","SANGLA HILL","TEHSIL","65 &  ABOVE",12103,6843,5258,2,8162,4609,3552,1,3941,2234,1706,1,NA
"PUNJAB","LAHORE","NANKANA SAHIB","SHAH KOT","TEHSIL","ALL AGES",299815,151294,148498,23,210177,106070,104103,4,89638,45224,44395,19,NA
"PUNJAB","LAHORE","NANKANA SAHIB","SHAH KOT","TEHSIL","UNDER 1",5653,2832,2821,NA,4120,2035,2085,NA,1533,797,736,NA,NA
"PUNJAB","LAHORE","NANKANA SAHIB","SHAH KOT","TEHSIL","UNDER 5",41116,20765,20351,NA,29597,14908,14689,NA,11519,5857,5662,NA,NA
"PUNJAB","LAHORE","NANKANA SAHIB","SHAH KOT","TEHSIL","UNDER 10",75419,37957,37462,NA,53528,26880,26648,NA,21891,11077,10814,NA,NA
"PUNJAB","LAHORE","NANKANA SAHIB","SHAH KOT","TEHSIL","UNDER 15",109191,54572,54619,NA,76905,38321,38584,NA,32286,16251,16035,NA,NA
"PUNJAB","LAHORE","NANKANA SAHIB","SHAH KOT","TEHSIL","05 - 24",124847,62402,62440,5,86971,43399,43570,2,37876,19003,18870,3,NA
"PUNJAB","LAHORE","NANKANA SAHIB","SHAH KOT","TEHSIL","15 - 49",150506,74684,75802,20,104342,51842,52497,3,46164,22842,23305,17,NA
"PUNJAB","LAHORE","NANKANA SAHIB","SHAH KOT","TEHSIL","15 - 64",177924,89348,88553,23,123671,62190,61477,4,54253,27158,27076,19,NA
"PUNJAB","LAHORE","NANKANA SAHIB","SHAH KOT","TEHSIL","18 - 60",154462,77277,77165,20,107254,53827,53426,1,47208,23450,23739,19,NA
"PUNJAB","LAHORE","NANKANA SAHIB","SHAH KOT","TEHSIL","18 &  ABOVE",172551,87647,84883,21,120695,61517,59176,2,51856,26130,25707,19,NA
"PUNJAB","LAHORE","NANKANA SAHIB","SHAH KOT","TEHSIL","60 &  ABOVE",20220,11488,8731,1,15013,8507,6505,1,5207,2981,2226,NA,NA
"PUNJAB","LAHORE","NANKANA SAHIB","SHAH KOT","TEHSIL","65 &  ABOVE",12700,7374,5326,NA,9601,5559,4042,NA,3099,1815,1284,NA,NA
"PUNJAB","GUJRANWALA","NAROWAL","NAROWAL","TEHSIL","ALL AGES",680217,347649,332547,21,510578,261381,249186,11,169639,86268,83361,10,NA
"PUNJAB","GUJRANWALA","NAROWAL","NAROWAL","TEHSIL","UNDER 1",16100,8363,7737,NA,12481,6486,5995,NA,3619,1877,1742,NA,NA
"PUNJAB","GUJRANWALA","NAROWAL","NAROWAL","TEHSIL","UNDER 5",91432,47119,44313,NA,70347,36107,34240,NA,21085,11012,10073,NA,NA
"PUNJAB","GUJRANWALA","NAROWAL","NAROWAL","TEHSIL","UNDER 10",172211,88393,83818,NA,132168,67755,64413,NA,40043,20638,19405,NA,NA
"PUNJAB","GUJRANWALA","NAROWAL","NAROWAL","TEHSIL","UNDER 15",253778,130732,123046,NA,193809,99742,94067,NA,59969,30990,28979,NA,NA
"PUNJAB","GUJRANWALA","NAROWAL","NAROWAL","TEHSIL","05 - 24",297879,152547,145325,7,225093,115507,109580,6,72786,37040,35745,1,NA
"PUNJAB","GUJRANWALA","NAROWAL","NAROWAL","TEHSIL","15 - 49",338782,169577,169185,20,251794,126564,125220,10,86988,43013,43965,10,NA
"PUNJAB","GUJRANWALA","NAROWAL","NAROWAL","TEHSIL","15 - 64",397753,201111,196621,21,294616,149451,145154,11,103137,51660,51467,10,NA
"PUNJAB","GUJRANWALA","NAROWAL","NAROWAL","TEHSIL","18 - 60",342538,172286,170232,20,253280,127918,125352,10,89258,44368,44880,10,NA
"PUNJAB","GUJRANWALA","NAROWAL","NAROWAL","TEHSIL","18 &  ABOVE",382565,194278,188267,20,283790,144663,139117,10,98775,49615,49150,10,NA
"PUNJAB","GUJRANWALA","NAROWAL","NAROWAL","TEHSIL","60 &  ABOVE",43795,24058,19737,NA,33269,18274,14995,NA,10526,5784,4742,NA,NA
"PUNJAB","GUJRANWALA","NAROWAL","NAROWAL","TEHSIL","65 &  ABOVE",28686,15806,12880,NA,22153,12188,9965,NA,6533,3618,2915,NA,NA
"PUNJAB","GUJRANWALA","NAROWAL","SHAKARGARH","TEHSIL","ALL AGES",769339,393500,375809,30,642597,329020,313559,18,126742,64480,62250,12,NA
"PUNJAB","GUJRANWALA","NAROWAL","SHAKARGARH","TEHSIL","UNDER 1",16302,8522,7780,NA,14060,7379,6681,NA,2242,1143,1099,NA,NA
"PUNJAB","GUJRANWALA","NAROWAL","SHAKARGARH","TEHSIL","UNDER 5",105960,54623,51337,NA,90167,46590,43577,NA,15793,8033,7760,NA,NA
"PUNJAB","GUJRANWALA","NAROWAL","SHAKARGARH","TEHSIL","UNDER 10",195467,100279,95188,NA,165703,85167,80536,NA,29764,15112,14652,NA,NA
"PUNJAB","GUJRANWALA","NAROWAL","SHAKARGARH","TEHSIL","UNDER 15",285732,146732,138999,1,240839,123687,117151,1,44893,23045,21848,NA,NA
"PUNJAB","GUJRANWALA","NAROWAL","SHAKARGARH","TEHSIL","05 - 24",328028,167790,160228,10,274059,140123,133931,5,53969,27667,26297,5,NA
"PUNJAB","GUJRANWALA","NAROWAL","SHAKARGARH","TEHSIL","15 - 49",376661,190267,186369,25,312364,158364,153985,15,64297,31903,32384,10,NA
"PUNJAB","GUJRANWALA","NAROWAL","SHAKARGARH","TEHSIL","15 - 64",446402,226968,219406,28,369722,188422,181283,17,76680,38546,38123,11,NA
"PUNJAB","GUJRANWALA","NAROWAL","SHAKARGARH","TEHSIL","18 - 60",382997,194202,188769,26,317110,161349,155744,17,65887,32853,33025,9,NA
"PUNJAB","GUJRANWALA","NAROWAL","SHAKARGARH","TEHSIL","18 &  ABOVE",434510,221821,212662,27,361069,184734,176318,17,73441,37087,36344,10,NA
"PUNJAB","GUJRANWALA","NAROWAL","SHAKARGARH","TEHSIL","60 &  ABOVE",56486,30248,26237,1,48076,25542,22534,NA,8410,4706,3703,1,NA
"PUNJAB","GUJRANWALA","NAROWAL","SHAKARGARH","TEHSIL","65 &  ABOVE",37205,19800,17404,1,32036,16911,15125,NA,5169,2889,2279,1,NA
"PUNJAB","GUJRANWALA","NAROWAL","ZAFARWAL","TEHSIL","ALL AGES",501213,255208,245971,34,448574,228478,220079,17,52639,26730,25892,17,NA
"PUNJAB","GUJRANWALA","NAROWAL","ZAFARWAL","TEHSIL","UNDER 1",11027,5609,5418,NA,9899,5069,4830,NA,1128,540,588,NA,NA
"PUNJAB","GUJRANWALA","NAROWAL","ZAFARWAL","TEHSIL","UNDER 5",67348,34423,32925,NA,60742,31016,29726,NA,6606,3407,3199,NA,NA
"PUNJAB","GUJRANWALA","NAROWAL","ZAFARWAL","TEHSIL","UNDER 10",127121,64931,62190,NA,114071,58166,55905,NA,13050,6765,6285,NA,NA
"PUNJAB","GUJRANWALA","NAROWAL","ZAFARWAL","TEHSIL","UNDER 15",186868,95469,91398,1,167418,85395,82022,1,19450,10074,9376,NA,NA
"PUNJAB","GUJRANWALA","NAROWAL","ZAFARWAL","TEHSIL","05 - 24",217817,110841,106969,7,194484,98859,95620,5,23333,11982,11349,2,NA
"PUNJAB","GUJRANWALA","NAROWAL","ZAFARWAL","TEHSIL","15 - 49",247127,124584,122516,27,220424,111377,109035,12,26703,13207,13481,15,NA
"PUNJAB","GUJRANWALA","NAROWAL","ZAFARWAL","TEHSIL","15 - 64",291646,147782,143831,33,260221,132025,128180,16,31425,15757,15651,17,NA
"PUNJAB","GUJRANWALA","NAROWAL","ZAFARWAL","TEHSIL","18 - 60",250298,126832,123435,31,223236,113365,109857,14,27062,13467,13578,17,NA
"PUNJAB","GUJRANWALA","NAROWAL","ZAFARWAL","TEHSIL","18 &  ABOVE",282071,143682,138358,31,252353,128800,123539,14,29718,14882,14819,17,NA
"PUNJAB","GUJRANWALA","NAROWAL","ZAFARWAL","TEHSIL","60 &  ABOVE",34866,18419,16447,NA,31952,16875,15077,NA,2914,1544,1370,NA,NA
"PUNJAB","GUJRANWALA","NAROWAL","ZAFARWAL","TEHSIL","65 &  ABOVE",22699,11957,10742,NA,20935,11058,9877,NA,1764,899,865,NA,NA
"PUNJAB","SAHIWAL","OKARA","DEPALPUR","TEHSIL","ALL AGES",1592201,810875,781186,140,1130731,577765,552929,37,461470,233110,228257,103,NA
"PUNJAB","SAHIWAL","OKARA","DEPALPUR","TEHSIL","UNDER 1",36097,18049,18048,NA,25804,12989,12815,NA,10293,5060,5233,NA,NA
"PUNJAB","SAHIWAL","OKARA","DEPALPUR","TEHSIL","UNDER 5",232885,117147,115738,NA,169916,85553,84363,NA,62969,31594,31375,NA,NA
"PUNJAB","SAHIWAL","OKARA","DEPALPUR","TEHSIL","UNDER 10",443385,223005,220380,NA,322491,162279,160212,NA,120894,60726,60168,NA,NA
"PUNJAB","SAHIWAL","OKARA","DEPALPUR","TEHSIL","UNDER 15",632619,318457,314160,2,456056,229780,226274,2,176563,88677,87886,NA,NA
"PUNJAB","SAHIWAL","OKARA","DEPALPUR","TEHSIL","05 - 24",686201,345857,340320,24,487074,246367,240700,7,199127,99490,99620,17,NA
"PUNJAB","SAHIWAL","OKARA","DEPALPUR","TEHSIL","15 - 49",755025,381979,372936,110,528460,269006,259428,26,226565,112973,113508,84,NA
"PUNJAB","SAHIWAL","OKARA","DEPALPUR","TEHSIL","15 - 64",893221,455821,437267,133,626237,321207,304997,33,266984,134614,132270,100,NA
"PUNJAB","SAHIWAL","OKARA","DEPALPUR","TEHSIL","18 - 60",771167,392558,378481,128,540520,276609,263880,31,230647,115949,114601,97,NA
"PUNJAB","SAHIWAL","OKARA","DEPALPUR","TEHSIL","18 &  ABOVE",864468,443658,420675,135,608053,313656,294363,34,256415,130002,126312,101,NA
"PUNJAB","SAHIWAL","OKARA","DEPALPUR","TEHSIL","60 &  ABOVE",102597,56049,46540,8,74256,40601,33652,3,28341,15448,12888,5,NA
"PUNJAB","SAHIWAL","OKARA","DEPALPUR","TEHSIL","65 &  ABOVE",66361,36597,29759,5,48438,26778,21658,2,17923,9819,8101,3,NA
"PUNJAB","SAHIWAL","OKARA","OKARA","TEHSIL","ALL AGES",1382002,703712,678127,163,767766,390803,376931,32,614236,312909,301196,131,NA
"PUNJAB","SAHIWAL","OKARA","OKARA","TEHSIL","UNDER 1",33128,16798,16330,NA,20045,10264,9781,NA,13083,6534,6549,NA,NA
"PUNJAB","SAHIWAL","OKARA","OKARA","TEHSIL","UNDER 5",195708,98351,97357,NA,117251,59235,58016,NA,78457,39116,39341,NA,NA
"PUNJAB","SAHIWAL","OKARA","OKARA","TEHSIL","UNDER 10",368415,185018,183397,NA,218134,110105,108029,NA,150281,74913,75368,NA,NA
"PUNJAB","SAHIWAL","OKARA","OKARA","TEHSIL","UNDER 15",528506,265636,262867,3,306982,154850,152131,1,221524,110786,110736,2,NA
"PUNJAB","SAHIWAL","OKARA","OKARA","TEHSIL","05 - 24",583503,293416,290040,47,326701,164819,161873,9,256802,128597,128167,38,NA
"PUNJAB","SAHIWAL","OKARA","OKARA","TEHSIL","15 - 49",675300,340991,334162,147,358721,180607,178085,29,316579,160384,156077,118,NA
"PUNJAB","SAHIWAL","OKARA","OKARA","TEHSIL","15 - 64",797740,406749,390832,159,427020,217091,209898,31,370720,189658,180934,128,NA
"PUNJAB","SAHIWAL","OKARA","OKARA","TEHSIL","18 - 60",691181,351510,339524,147,367928,186405,181496,27,323253,165105,158028,120,NA
"PUNJAB","SAHIWAL","OKARA","OKARA","TEHSIL","18 &  ABOVE",770840,396113,374579,148,415103,212707,202369,27,355737,183406,172210,121,NA
"PUNJAB","SAHIWAL","OKARA","OKARA","TEHSIL","60 &  ABOVE",88177,49092,39084,1,52013,28841,23172,NA,36164,20251,15912,1,NA
"PUNJAB","SAHIWAL","OKARA","OKARA","TEHSIL","65 &  ABOVE",55756,31327,24428,1,33764,18862,14902,NA,21992,12465,9526,1,NA
"PUNJAB","SAHIWAL","OKARA","RENALA KHURD","TEHSIL","ALL AGES",529248,269379,259837,32,429478,218696,210770,12,99770,50683,49067,20,NA
"PUNJAB","SAHIWAL","OKARA","RENALA KHURD","TEHSIL","UNDER 1",13985,7169,6816,NA,11350,5806,5544,NA,2635,1363,1272,NA,NA
"PUNJAB","SAHIWAL","OKARA","RENALA KHURD","TEHSIL","UNDER 5",81903,41856,40047,NA,66655,34117,32538,NA,15248,7739,7509,NA,NA
"PUNJAB","SAHIWAL","OKARA","RENALA KHURD","TEHSIL","UNDER 10",146745,74657,72088,NA,119867,60936,58931,NA,26878,13721,13157,NA,NA
"PUNJAB","SAHIWAL","OKARA","RENALA KHURD","TEHSIL","UNDER 15",205840,104649,101191,NA,167555,84996,82559,NA,38285,19653,18632,NA,NA
"PUNJAB","SAHIWAL","OKARA","RENALA KHURD","TEHSIL","05 - 24",218986,110213,108766,7,177967,89265,88699,3,41019,20948,20067,4,NA
"PUNJAB","SAHIWAL","OKARA","RENALA KHURD","TEHSIL","15 - 49",253486,127168,126296,22,204647,102938,101701,8,48839,24230,24595,14,NA
"PUNJAB","SAHIWAL","OKARA","RENALA KHURD","TEHSIL","15 - 64",301336,152565,148743,28,243323,123471,119841,11,58013,29094,28902,17,NA
"PUNJAB","SAHIWAL","OKARA","RENALA KHURD","TEHSIL","18 - 60",260234,131562,128647,25,210007,106526,103471,10,50227,25036,25176,15,NA
"PUNJAB","SAHIWAL","OKARA","RENALA KHURD","TEHSIL","18 &  ABOVE",292514,149256,143227,31,236877,121214,115652,11,55637,28042,27575,20,NA
"PUNJAB","SAHIWAL","OKARA","RENALA KHURD","TEHSIL","60 &  ABOVE",35151,19235,15910,6,29222,15946,13275,1,5929,3289,2635,5,NA
"PUNJAB","SAHIWAL","OKARA","RENALA KHURD","TEHSIL","65 &  ABOVE",22072,12165,9903,4,18600,10229,8370,1,3472,1936,1533,3,NA
"PUNJAB","SAHIWAL","PAKPATTAN","ARIF WALA","TEHSIL","ALL AGES",999278,506782,492406,90,789720,399609,390083,28,209558,107173,102323,62,NA
"PUNJAB","SAHIWAL","PAKPATTAN","ARIF WALA","TEHSIL","UNDER 1",25393,12881,12512,NA,20292,10284,10008,NA,5101,2597,2504,NA,NA
"PUNJAB","SAHIWAL","PAKPATTAN","ARIF WALA","TEHSIL","UNDER 5",147535,74084,73451,NA,119003,59600,59403,NA,28532,14484,14048,NA,NA
"PUNJAB","SAHIWAL","PAKPATTAN","ARIF WALA","TEHSIL","UNDER 10",274315,137478,136837,NA,220479,110418,110061,NA,53836,27060,26776,NA,NA
"PUNJAB","SAHIWAL","PAKPATTAN","ARIF WALA","TEHSIL","UNDER 15",392706,197483,195223,NA,312974,156942,156032,NA,79732,40541,39191,NA,NA
"PUNJAB","SAHIWAL","PAKPATTAN","ARIF WALA","TEHSIL","05 - 24",422030,212676,209328,26,331936,166814,165115,7,90094,45862,44213,19,NA
"PUNJAB","SAHIWAL","PAKPATTAN","ARIF WALA","TEHSIL","15 - 49",474339,238994,235264,81,370590,186203,184363,24,103749,52791,50901,57,NA
"PUNJAB","SAHIWAL","PAKPATTAN","ARIF WALA","TEHSIL","15 - 64",565234,286894,278250,90,442647,224054,218565,28,122587,62840,59685,62,NA
"PUNJAB","SAHIWAL","PAKPATTAN","ARIF WALA","TEHSIL","18 - 60",486592,246321,240187,84,380940,192344,188571,25,105652,53977,51616,59,NA
"PUNJAB","SAHIWAL","PAKPATTAN","ARIF WALA","TEHSIL","18 &  ABOVE",546752,278657,268011,84,430213,218944,211244,25,116539,59713,56767,59,NA
"PUNJAB","SAHIWAL","PAKPATTAN","ARIF WALA","TEHSIL","60 &  ABOVE",65275,35116,30158,1,53318,28794,24523,1,11957,6322,5635,NA,NA
"PUNJAB","SAHIWAL","PAKPATTAN","ARIF WALA","TEHSIL","65 &  ABOVE",41338,22405,18933,NA,34099,18613,15486,NA,7239,3792,3447,NA,NA
"PUNJAB","SAHIWAL","PAKPATTAN","PAKPATTAN","TEHSIL","ALL AGES",1136233,578218,557945,70,873271,445963,427288,20,262962,132255,130657,50,NA
"PUNJAB","SAHIWAL","PAKPATTAN","PAKPATTAN","TEHSIL","UNDER 1",35209,17775,17434,NA,27655,13952,13703,NA,7554,3823,3731,NA,NA
"PUNJAB","SAHIWAL","PAKPATTAN","PAKPATTAN","TEHSIL","UNDER 5",192214,97753,94461,NA,150942,76839,74103,NA,41272,20914,20358,NA,NA
"PUNJAB","SAHIWAL","PAKPATTAN","PAKPATTAN","TEHSIL","UNDER 10",339242,172099,167143,NA,266841,135711,131130,NA,72401,36388,36013,NA,NA
"PUNJAB","SAHIWAL","PAKPATTAN","PAKPATTAN","TEHSIL","UNDER 15",472440,239263,233175,2,369758,187725,182032,1,102682,51538,51143,1,NA
"PUNJAB","SAHIWAL","PAKPATTAN","PAKPATTAN","TEHSIL","05 - 24",476157,240221,235919,17,368177,186614,181557,6,107980,53607,54362,11,NA
"PUNJAB","SAHIWAL","PAKPATTAN","PAKPATTAN","TEHSIL","15 - 49",522795,263292,259446,57,395477,200211,195252,14,127318,63081,64194,43,NA
"PUNJAB","SAHIWAL","PAKPATTAN","PAKPATTAN","TEHSIL","15 - 64",619152,314545,304539,68,468535,239039,229477,19,150617,75506,75062,49,NA
"PUNJAB","SAHIWAL","PAKPATTAN","PAKPATTAN","TEHSIL","18 - 60",531920,269681,262177,62,401639,204622,197000,17,130281,65059,65177,45,NA
"PUNJAB","SAHIWAL","PAKPATTAN","PAKPATTAN","TEHSIL","18 &  ABOVE",595943,304512,291368,63,451582,231819,219745,18,144361,72693,71623,45,NA
"PUNJAB","SAHIWAL","PAKPATTAN","PAKPATTAN","TEHSIL","60 &  ABOVE",69742,37974,31766,2,54408,29634,24772,2,15334,8340,6994,NA,NA
"PUNJAB","SAHIWAL","PAKPATTAN","PAKPATTAN","TEHSIL","65 &  ABOVE",44641,24410,20231,NA,34978,19199,15779,NA,9663,5211,4452,NA,NA
"PUNJAB","BAHAWALPUR","RAHIM YAR KHAN","KHANPUR","TEHSIL","ALL AGES",1168885,609177,559578,130,844878,440383,404471,24,324007,168794,155107,106,NA
"PUNJAB","BAHAWALPUR","RAHIM YAR KHAN","KHANPUR","TEHSIL","UNDER 1",33079,18061,15018,NA,25009,13660,11349,NA,8070,4401,3669,NA,NA
"PUNJAB","BAHAWALPUR","RAHIM YAR KHAN","KHANPUR","TEHSIL","UNDER 5",197199,105143,92056,NA,145839,77643,68196,NA,51360,27500,23860,NA,NA
"PUNJAB","BAHAWALPUR","RAHIM YAR KHAN","KHANPUR","TEHSIL","UNDER 10",359756,190597,169159,NA,266175,140966,125209,NA,93581,49631,43950,NA,NA
"PUNJAB","BAHAWALPUR","RAHIM YAR KHAN","KHANPUR","TEHSIL","UNDER 15",497869,264371,233494,4,366501,194637,171863,1,131368,69734,61631,3,NA
"PUNJAB","BAHAWALPUR","RAHIM YAR KHAN","KHANPUR","TEHSIL","05 - 24",509470,267714,241719,37,370205,194656,175541,8,139265,73058,66178,29,NA
"PUNJAB","BAHAWALPUR","RAHIM YAR KHAN","KHANPUR","TEHSIL","15 - 49",533552,272643,260792,117,379793,194185,185586,22,153759,78458,75206,95,NA
"PUNJAB","BAHAWALPUR","RAHIM YAR KHAN","KHANPUR","TEHSIL","15 - 64",626564,321507,304932,125,445715,228624,217068,23,180849,92883,87864,102,NA
"PUNJAB","BAHAWALPUR","RAHIM YAR KHAN","KHANPUR","TEHSIL","18 - 60",540141,275841,264182,118,383900,196153,187728,19,156241,79688,76454,99,NA
"PUNJAB","BAHAWALPUR","RAHIM YAR KHAN","KHANPUR","TEHSIL","18 &  ABOVE",602410,308463,293827,120,429159,219756,209384,19,173251,88707,84443,101,NA
"PUNJAB","BAHAWALPUR","RAHIM YAR KHAN","KHANPUR","TEHSIL","60 &  ABOVE",67912,35528,32378,6,49367,25718,23649,NA,18545,9810,8729,6,NA
"PUNJAB","BAHAWALPUR","RAHIM YAR KHAN","KHANPUR","TEHSIL","65 &  ABOVE",44452,23299,21152,1,32662,17122,15540,NA,11790,6177,5612,1,NA
"PUNJAB","BAHAWALPUR","RAHIM YAR KHAN","LIAQUAT PUR","TEHSIL","ALL AGES",1234974,643268,591510,196,1132382,590110,542147,125,102592,53158,49363,71,NA
"PUNJAB","BAHAWALPUR","RAHIM YAR KHAN","LIAQUAT PUR","TEHSIL","UNDER 1",29013,15149,13864,NA,26929,14051,12878,NA,2084,1098,986,NA,NA
"PUNJAB","BAHAWALPUR","RAHIM YAR KHAN","LIAQUAT PUR","TEHSIL","UNDER 5",209469,109417,100052,NA,194465,101509,92956,NA,15004,7908,7096,NA,NA
"PUNJAB","BAHAWALPUR","RAHIM YAR KHAN","LIAQUAT PUR","TEHSIL","UNDER 10",395383,206976,188407,NA,366648,192001,174647,NA,28735,14975,13760,NA,NA
"PUNJAB","BAHAWALPUR","RAHIM YAR KHAN","LIAQUAT PUR","TEHSIL","UNDER 15",547455,288745,258707,3,506001,266981,239018,2,41454,21764,19689,1,NA
"PUNJAB","BAHAWALPUR","RAHIM YAR KHAN","LIAQUAT PUR","TEHSIL","05 - 24",555050,292373,262617,60,509631,268817,240770,44,45419,23556,21847,16,NA
"PUNJAB","BAHAWALPUR","RAHIM YAR KHAN","LIAQUAT PUR","TEHSIL","15 - 49",550366,282514,267671,181,500805,257350,243339,116,49561,25164,24332,65,NA
"PUNJAB","BAHAWALPUR","RAHIM YAR KHAN","LIAQUAT PUR","TEHSIL","15 - 64",643230,331075,311964,191,585500,301519,283858,123,57730,29556,28106,68,NA
"PUNJAB","BAHAWALPUR","RAHIM YAR KHAN","LIAQUAT PUR","TEHSIL","18 - 60",552275,282597,269499,179,502601,257252,245237,112,49674,25345,24262,67,NA
"PUNJAB","BAHAWALPUR","RAHIM YAR KHAN","LIAQUAT PUR","TEHSIL","18 &  ABOVE",614449,315333,298932,184,559807,287314,272379,114,54642,28019,26553,70,NA
"PUNJAB","BAHAWALPUR","RAHIM YAR KHAN","LIAQUAT PUR","TEHSIL","60 &  ABOVE",68419,35805,32609,5,62931,32864,30065,2,5488,2941,2544,3,NA
"PUNJAB","BAHAWALPUR","RAHIM YAR KHAN","LIAQUAT PUR","TEHSIL","65 &  ABOVE",44289,23448,20839,2,40881,21610,19271,NA,3408,1838,1568,2,NA
"PUNJAB","BAHAWALPUR","RAHIM YAR KHAN","RAHIM YAR KHAN","TEHSIL","ALL AGES",1776665,923962,852544,159,1186749,618626,568094,29,589916,305336,284450,130,NA
"PUNJAB","BAHAWALPUR","RAHIM YAR KHAN","RAHIM YAR KHAN","TEHSIL","UNDER 1",43580,23205,20375,NA,29671,15886,13785,NA,13909,7319,6590,NA,NA
"PUNJAB","BAHAWALPUR","RAHIM YAR KHAN","RAHIM YAR KHAN","TEHSIL","UNDER 5",274041,143376,130665,NA,192507,101026,91481,NA,81534,42350,39184,NA,NA
"PUNJAB","BAHAWALPUR","RAHIM YAR KHAN","RAHIM YAR KHAN","TEHSIL","UNDER 10",521153,272445,248708,NA,367520,192584,174936,NA,153633,79861,73772,NA,NA
"PUNJAB","BAHAWALPUR","RAHIM YAR KHAN","RAHIM YAR KHAN","TEHSIL","UNDER 15",738104,388743,349360,1,513311,270730,242581,NA,224793,118013,106779,1,NA
"PUNJAB","BAHAWALPUR","RAHIM YAR KHAN","RAHIM YAR KHAN","TEHSIL","05 - 24",794744,416839,377868,37,537022,281771,255247,4,257722,135068,122621,33,NA
"PUNJAB","BAHAWALPUR","RAHIM YAR KHAN","RAHIM YAR KHAN","TEHSIL","15 - 49",839514,429320,410055,139,544495,279398,265075,22,295019,149922,144980,117,NA
"PUNJAB","BAHAWALPUR","RAHIM YAR KHAN","RAHIM YAR KHAN","TEHSIL","15 - 64",979744,503350,476244,150,633858,326516,307316,26,345886,176834,168928,124,NA
"PUNJAB","BAHAWALPUR","RAHIM YAR KHAN","RAHIM YAR KHAN","TEHSIL","18 - 60",845566,431532,413889,145,546388,279849,266516,23,299178,151683,147373,122,NA
"PUNJAB","BAHAWALPUR","RAHIM YAR KHAN","RAHIM YAR KHAN","TEHSIL","18 &  ABOVE",931167,477886,453127,154,602802,310285,292490,27,328365,167601,160637,127,NA
"PUNJAB","BAHAWALPUR","RAHIM YAR KHAN","RAHIM YAR KHAN","TEHSIL","60 &  ABOVE",94641,50933,43699,9,62411,33461,28946,4,32230,17472,14753,5,NA
"PUNJAB","BAHAWALPUR","RAHIM YAR KHAN","RAHIM YAR KHAN","TEHSIL","65 &  ABOVE",58817,31869,26940,8,39580,21380,18197,3,19237,10489,8743,5,NA
"PUNJAB","BAHAWALPUR","RAHIM YAR KHAN","SADIQABAD","TEHSIL","ALL AGES",1381196,718983,662147,66,1057625,553258,504349,18,323571,165725,157798,48,NA
"PUNJAB","BAHAWALPUR","RAHIM YAR KHAN","SADIQABAD","TEHSIL","UNDER 1",25277,12939,12338,NA,19116,9745,9371,NA,6161,3194,2967,NA,NA
"PUNJAB","BAHAWALPUR","RAHIM YAR KHAN","SADIQABAD","TEHSIL","UNDER 5",203497,104046,99451,NA,162562,82988,79574,NA,40935,21058,19877,NA,NA
"PUNJAB","BAHAWALPUR","RAHIM YAR KHAN","SADIQABAD","TEHSIL","UNDER 10",407949,210654,197295,NA,326145,168687,157458,NA,81804,41967,39837,NA,NA
"PUNJAB","BAHAWALPUR","RAHIM YAR KHAN","SADIQABAD","TEHSIL","UNDER 15",576539,300694,275844,1,456712,238744,217968,NA,119827,61950,57876,1,NA
"PUNJAB","BAHAWALPUR","RAHIM YAR KHAN","SADIQABAD","TEHSIL","05 - 24",626464,329360,297086,18,485116,256775,228331,10,141348,72585,68755,8,NA
"PUNJAB","BAHAWALPUR","RAHIM YAR KHAN","SADIQABAD","TEHSIL","15 - 49",655098,338508,316537,53,490587,255400,235173,14,164511,83108,81364,39,NA
"PUNJAB","BAHAWALPUR","RAHIM YAR KHAN","SADIQABAD","TEHSIL","15 - 64",759963,394189,365713,61,567352,296296,271041,15,192611,97893,94672,46,NA
"PUNJAB","BAHAWALPUR","RAHIM YAR KHAN","SADIQABAD","TEHSIL","18 - 60",658912,340047,318810,55,491489,255190,236289,10,167423,84857,82521,45,NA
"PUNJAB","BAHAWALPUR","RAHIM YAR KHAN","SADIQABAD","TEHSIL","18 &  ABOVE",723461,374609,348792,60,539512,281032,258467,13,183949,93577,90325,47,NA
"PUNJAB","BAHAWALPUR","RAHIM YAR KHAN","SADIQABAD","TEHSIL","60 &  ABOVE",71175,37958,33209,8,52980,28368,24608,4,18195,9590,8601,4,NA
"PUNJAB","BAHAWALPUR","RAHIM YAR KHAN","SADIQABAD","TEHSIL","65 &  ABOVE",44694,24100,20590,4,33561,18218,15340,3,11133,5882,5250,1,NA
"PUNJAB","DERA GHAZI KHAN","RAJANPUR","RAJANPUR","DE-EXCLUDED_AREA","ALL AGES",41741,22156,19585,NA,41741,22156,19585,NA,NA,NA,NA,NA,NA
"PUNJAB","DERA GHAZI KHAN","RAJANPUR","RAJANPUR","DE-EXCLUDED_AREA","UNDER 1",968,496,472,NA,968,496,472,NA,NA,NA,NA,NA,NA
"PUNJAB","DERA GHAZI KHAN","RAJANPUR","RAJANPUR","DE-EXCLUDED_AREA","UNDER 5",9956,5058,4898,NA,9956,5058,4898,NA,NA,NA,NA,NA,NA
"PUNJAB","DERA GHAZI KHAN","RAJANPUR","RAJANPUR","DE-EXCLUDED_AREA","UNDER 10",17867,9224,8643,NA,17867,9224,8643,NA,NA,NA,NA,NA,NA
"PUNJAB","DERA GHAZI KHAN","RAJANPUR","RAJANPUR","DE-EXCLUDED_AREA","UNDER 15",22946,12030,10916,NA,22946,12030,10916,NA,NA,NA,NA,NA,NA
"PUNJAB","DERA GHAZI KHAN","RAJANPUR","RAJANPUR","DE-EXCLUDED_AREA","05 - 24",18259,10023,8236,NA,18259,10023,8236,NA,NA,NA,NA,NA,NA
"PUNJAB","DERA GHAZI KHAN","RAJANPUR","RAJANPUR","DE-EXCLUDED_AREA","15 - 49",15230,8082,7148,NA,15230,8082,7148,NA,NA,NA,NA,NA,NA
"PUNJAB","DERA GHAZI KHAN","RAJANPUR","RAJANPUR","DE-EXCLUDED_AREA","15 - 64",17687,9430,8257,NA,17687,9430,8257,NA,NA,NA,NA,NA,NA
"PUNJAB","DERA GHAZI KHAN","RAJANPUR","RAJANPUR","DE-EXCLUDED_AREA","18 - 60",15529,8047,7482,NA,15529,8047,7482,NA,NA,NA,NA,NA,NA
"PUNJAB","DERA GHAZI KHAN","RAJANPUR","RAJANPUR","DE-EXCLUDED_AREA","18 &  ABOVE",17070,8991,8079,NA,17070,8991,8079,NA,NA,NA,NA,NA,NA
"PUNJAB","DERA GHAZI KHAN","RAJANPUR","RAJANPUR","DE-EXCLUDED_AREA","60 &  ABOVE",1765,1057,708,NA,1765,1057,708,NA,NA,NA,NA,NA,NA
"PUNJAB","DERA GHAZI KHAN","RAJANPUR","RAJANPUR","DE-EXCLUDED_AREA","65 &  ABOVE",1108,696,412,NA,1108,696,412,NA,NA,NA,NA,NA,NA
"PUNJAB","DERA GHAZI KHAN","RAJANPUR","JAMPUR","TEHSIL","ALL AGES",1011499,509507,501912,80,706867,356480,350384,3,304632,153027,151528,77,NA
"PUNJAB","DERA GHAZI KHAN","RAJANPUR","JAMPUR","TEHSIL","UNDER 1",23697,12099,11598,NA,16348,8267,8081,NA,7349,3832,3517,NA,NA
"PUNJAB","DERA GHAZI KHAN","RAJANPUR","JAMPUR","TEHSIL","UNDER 5",184458,92048,92410,NA,131977,65447,66530,NA,52481,26601,25880,NA,NA
"PUNJAB","DERA GHAZI KHAN","RAJANPUR","JAMPUR","TEHSIL","UNDER 10",345625,173095,172530,NA,249967,124886,125081,NA,95658,48209,47449,NA,NA
"PUNJAB","DERA GHAZI KHAN","RAJANPUR","JAMPUR","TEHSIL","UNDER 15",476927,239326,237598,3,343743,172455,171288,NA,133184,66871,66310,3,NA
"PUNJAB","DERA GHAZI KHAN","RAJANPUR","JAMPUR","TEHSIL","05 - 24",472994,237390,235582,22,335452,169286,166165,1,137542,68104,69417,21,NA
"PUNJAB","DERA GHAZI KHAN","RAJANPUR","JAMPUR","TEHSIL","15 - 49",435948,218098,217777,73,295598,148285,147310,3,140350,69813,70467,70,NA
"PUNJAB","DERA GHAZI KHAN","RAJANPUR","JAMPUR","TEHSIL","15 - 64",502915,253629,249210,76,340861,172313,168545,3,162054,81316,80665,73,NA
"PUNJAB","DERA GHAZI KHAN","RAJANPUR","JAMPUR","TEHSIL","18 - 60",429158,215927,213159,72,289992,146095,143895,2,139166,69832,69264,70,NA
"PUNJAB","DERA GHAZI KHAN","RAJANPUR","JAMPUR","TEHSIL","18 &  ABOVE",473316,239135,234108,73,320718,162299,158417,2,152598,76836,75691,71,NA
"PUNJAB","DERA GHAZI KHAN","RAJANPUR","JAMPUR","TEHSIL","60 &  ABOVE",48375,25432,22942,1,33618,17724,15894,NA,14757,7708,7048,1,NA
"PUNJAB","DERA GHAZI KHAN","RAJANPUR","JAMPUR","TEHSIL","65 &  ABOVE",31657,16552,15104,1,22263,11712,10551,NA,9394,4840,4553,1,NA
"PUNJAB","DERA GHAZI KHAN","RAJANPUR","RAJANPUR","TEHSIL","ALL AGES",851729,430020,421677,32,542533,274636,267887,10,309196,155384,153790,22,NA
"PUNJAB","DERA GHAZI KHAN","RAJANPUR","RAJANPUR","TEHSIL","UNDER 1",18911,9507,9404,NA,12612,6324,6288,NA,6299,3183,3116,NA,NA
"PUNJAB","DERA GHAZI KHAN","RAJANPUR","RAJANPUR","TEHSIL","UNDER 5",141932,70492,71440,NA,94299,46761,47538,NA,47633,23731,23902,NA,NA
"PUNJAB","DERA GHAZI KHAN","RAJANPUR","RAJANPUR","TEHSIL","UNDER 10",278807,138814,139993,NA,186700,93049,93651,NA,92107,45765,46342,NA,NA
"PUNJAB","DERA GHAZI KHAN","RAJANPUR","RAJANPUR","TEHSIL","UNDER 15",391197,194970,196225,2,258827,129098,129727,2,132370,65872,66498,NA,NA
"PUNJAB","DERA GHAZI KHAN","RAJANPUR","RAJANPUR","TEHSIL","05 - 24",403123,201996,201116,11,260272,131059,129206,7,142851,70937,71910,4,NA
"PUNJAB","DERA GHAZI KHAN","RAJANPUR","RAJANPUR","TEHSIL","15 - 49",375907,190205,185675,27,231117,117560,113550,7,144790,72645,72125,20,NA
"PUNJAB","DERA GHAZI KHAN","RAJANPUR","RAJANPUR","TEHSIL","15 - 64",433679,220758,212891,30,266509,136283,130218,8,167170,84475,82673,22,NA
"PUNJAB","DERA GHAZI KHAN","RAJANPUR","RAJANPUR","TEHSIL","18 - 60",368546,187321,181201,24,225821,115307,110511,3,142725,72014,70690,21,NA
"PUNJAB","DERA GHAZI KHAN","RAJANPUR","RAJANPUR","TEHSIL","18 &  ABOVE",406409,207508,198876,25,249607,128074,121530,3,156802,79434,77346,22,NA
"PUNJAB","DERA GHAZI KHAN","RAJANPUR","RAJANPUR","TEHSIL","60 &  ABOVE",41626,22131,19494,1,26202,14047,12155,NA,15424,8084,7339,1,NA
"PUNJAB","DERA GHAZI KHAN","RAJANPUR","RAJANPUR","TEHSIL","65 &  ABOVE",26853,14292,12561,NA,17197,9255,7942,NA,9656,5037,4619,NA,NA
"PUNJAB","DERA GHAZI KHAN","RAJANPUR","ROJHAN","TEHSIL","ALL AGES",419011,220106,198899,6,403140,212094,191040,6,15871,8012,7859,NA,NA
"PUNJAB","DERA GHAZI KHAN","RAJANPUR","ROJHAN","TEHSIL","UNDER 1",11217,5748,5469,NA,10814,5557,5257,NA,403,191,212,NA,NA
"PUNJAB","DERA GHAZI KHAN","RAJANPUR","ROJHAN","TEHSIL","UNDER 5",95913,50526,45387,NA,92824,49016,43808,NA,3089,1510,1579,NA,NA
"PUNJAB","DERA GHAZI KHAN","RAJANPUR","ROJHAN","TEHSIL","UNDER 10",174596,91851,82745,NA,169503,89375,80128,NA,5093,2476,2617,NA,NA
"PUNJAB","DERA GHAZI KHAN","RAJANPUR","ROJHAN","TEHSIL","UNDER 15",229095,121176,107918,1,222203,117806,104396,1,6892,3370,3522,NA,NA
"PUNJAB","DERA GHAZI KHAN","RAJANPUR","ROJHAN","TEHSIL","05 - 24",196456,103890,92563,3,189815,100612,89200,3,6641,3278,3363,NA,NA
"PUNJAB","DERA GHAZI KHAN","RAJANPUR","ROJHAN","TEHSIL","15 - 49",156604,80695,75905,4,149245,76887,72354,4,7359,3808,3551,NA,NA
"PUNJAB","DERA GHAZI KHAN","RAJANPUR","ROJHAN","TEHSIL","15 - 64",179540,93094,86441,5,171009,88670,82334,5,8531,4424,4107,NA,NA
"PUNJAB","DERA GHAZI KHAN","RAJANPUR","ROJHAN","TEHSIL","18 - 60",153913,78592,75316,5,146647,74803,71839,5,7266,3789,3477,NA,NA
"PUNJAB","DERA GHAZI KHAN","RAJANPUR","ROJHAN","TEHSIL","18 &  ABOVE",168610,86782,81823,5,160678,82657,78016,5,7932,4125,3807,NA,NA
"PUNJAB","DERA GHAZI KHAN","RAJANPUR","ROJHAN","TEHSIL","60 &  ABOVE",16287,9081,7205,1,15560,8715,6844,1,727,366,361,NA,NA
"PUNJAB","DERA GHAZI KHAN","RAJANPUR","ROJHAN","TEHSIL","65 &  ABOVE",10376,5836,4540,NA,9928,5618,4310,NA,448,218,230,NA,NA
"PUNJAB","RAWALPINDI","RAWALPINDI","GUJAR KHAN","TEHSIL","ALL AGES",781578,382935,398536,107,651057,318294,332748,15,130521,64641,65788,92,NA
"PUNJAB","RAWALPINDI","RAWALPINDI","GUJAR KHAN","TEHSIL","UNDER 1",13774,6722,7052,NA,11178,5459,5719,NA,2596,1263,1333,NA,NA
"PUNJAB","RAWALPINDI","RAWALPINDI","GUJAR KHAN","TEHSIL","UNDER 5",90299,44402,45897,NA,73730,36280,37450,NA,16569,8122,8447,NA,NA
"PUNJAB","RAWALPINDI","RAWALPINDI","GUJAR KHAN","TEHSIL","UNDER 10",170443,83995,86448,NA,139743,68844,70899,NA,30700,15151,15549,NA,NA
"PUNJAB","RAWALPINDI","RAWALPINDI","GUJAR KHAN","TEHSIL","UNDER 15",252808,124751,128056,1,207302,102157,105145,NA,45506,22594,22911,1,NA
"PUNJAB","RAWALPINDI","RAWALPINDI","GUJAR KHAN","TEHSIL","05 - 24",302002,147847,154111,44,248306,121246,127054,6,53696,26601,27057,38,NA
"PUNJAB","RAWALPINDI","RAWALPINDI","GUJAR KHAN","TEHSIL","15 - 49",395975,190799,205071,105,329322,158328,170980,14,66653,32471,34091,91,NA
"PUNJAB","RAWALPINDI","RAWALPINDI","GUJAR KHAN","TEHSIL","15 - 64",480183,233156,246922,105,401077,194265,206798,14,79106,38891,40124,91,NA
"PUNJAB","RAWALPINDI","RAWALPINDI","GUJAR KHAN","TEHSIL","18 - 60",417022,201628,215294,100,348611,168138,180461,12,68411,33490,34833,88,NA
"PUNJAB","RAWALPINDI","RAWALPINDI","GUJAR KHAN","TEHSIL","18 &  ABOVE",483601,236065,247435,101,406745,198065,208667,13,76856,38000,38768,88,NA
"PUNJAB","RAWALPINDI","RAWALPINDI","GUJAR KHAN","TEHSIL","60 &  ABOVE",72454,37291,35162,1,63173,32370,30802,1,9281,4921,4360,NA,NA
"PUNJAB","RAWALPINDI","RAWALPINDI","GUJAR KHAN","TEHSIL","65 &  ABOVE",48587,25028,23558,1,42678,21872,20805,1,5909,3156,2753,NA,NA
"PUNJAB","RAWALPINDI","RAWALPINDI","KAHUTA","TEHSIL","ALL AGES",237843,114959,122882,2,162494,77884,84609,1,75349,37075,38273,1,NA
"PUNJAB","RAWALPINDI","RAWALPINDI","KAHUTA","TEHSIL","UNDER 1",3762,1840,1922,NA,2546,1246,1300,NA,1216,594,622,NA,NA
"PUNJAB","RAWALPINDI","RAWALPINDI","KAHUTA","TEHSIL","UNDER 5",25829,12749,13080,NA,17511,8661,8850,NA,8318,4088,4230,NA,NA
"PUNJAB","RAWALPINDI","RAWALPINDI","KAHUTA","TEHSIL","UNDER 10",50310,24942,25368,NA,33750,16711,17039,NA,16560,8231,8329,NA,NA
"PUNJAB","RAWALPINDI","RAWALPINDI","KAHUTA","TEHSIL","UNDER 15",74938,37038,37900,NA,50107,24668,25439,NA,24831,12370,12461,NA,NA
"PUNJAB","RAWALPINDI","RAWALPINDI","KAHUTA","TEHSIL","05 - 24",90878,44297,46581,NA,60802,29424,31378,NA,30076,14873,15203,NA,NA
"PUNJAB","RAWALPINDI","RAWALPINDI","KAHUTA","TEHSIL","15 - 49",120549,56650,63897,2,81547,38028,43518,1,39002,18622,20379,1,NA
"PUNJAB","RAWALPINDI","RAWALPINDI","KAHUTA","TEHSIL","15 - 64",147658,70245,77411,2,100749,47404,53344,1,46909,22841,24067,1,NA
"PUNJAB","RAWALPINDI","RAWALPINDI","KAHUTA","TEHSIL","18 - 60",127865,60506,67357,2,87190,40807,46382,1,40675,19699,20975,1,NA
"PUNJAB","RAWALPINDI","RAWALPINDI","KAHUTA","TEHSIL","18 &  ABOVE",149185,71329,77854,2,103248,48869,54378,1,45937,22460,23476,1,NA
"PUNJAB","RAWALPINDI","RAWALPINDI","KAHUTA","TEHSIL","60 &  ABOVE",22959,11643,11316,NA,17269,8665,8604,NA,5690,2978,2712,NA,NA
"PUNJAB","RAWALPINDI","RAWALPINDI","KAHUTA","TEHSIL","65 &  ABOVE",15247,7676,7571,NA,11638,5812,5826,NA,3609,1864,1745,NA,NA
NA,NA,"RAWALPINDI","KALLAR SAYADDAN","TEHSIL","ALL AGES",242709,116434,126259,16,181768,87150,94610,8,60941,29284,31649,8,NA
NA,NA,"RAWALPINDI","KALLAR SAYADDAN","TEHSIL","UNDER 1",3959,1942,2017,NA,2875,1419,1456,NA,1084,523,561,NA,NA
NA,NA,"RAWALPINDI","KALLAR SAYADDAN","TEHSIL","UNDER 5",26372,13026,13346,NA,19329,9588,9741,NA,7043,3438,3605,NA,NA
NA,NA,"RAWALPINDI","KALLAR SAYADDAN","TEHSIL","UNDER 10",50990,25336,25654,NA,37689,18775,18914,NA,13301,6561,6740,NA,NA
NA,NA,"RAWALPINDI","KALLAR SAYADDAN","TEHSIL","UNDER 15",76387,37953,38434,NA,56798,28319,28479,NA,19589,9634,9955,NA,NA
NA,NA,"RAWALPINDI","KALLAR SAYADDAN","TEHSIL","05 - 24",92902,45340,47559,3,69444,33897,35546,1,23458,11443,12013,2,NA
NA,NA,"RAWALPINDI","KALLAR SAYADDAN","TEHSIL","15 - 49",121871,56497,65364,10,90965,42066,48894,5,30906,14431,16470,5,NA
NA,NA,"RAWALPINDI","KALLAR SAYADDAN","TEHSIL","15 - 64",149447,70047,79385,15,111926,52361,59557,8,37521,17686,19828,7,NA
NA,NA,"RAWALPINDI","KALLAR SAYADDAN","TEHSIL","18 - 60",129530,60182,69334,14,96852,44904,51941,7,32678,15278,17393,7,NA
NA,NA,"RAWALPINDI","KALLAR SAYADDAN","TEHSIL","18 &  ABOVE",152507,71770,80722,15,114559,53787,60765,7,37948,17983,19957,8,NA
NA,NA,"RAWALPINDI","KALLAR SAYADDAN","TEHSIL","60 &  ABOVE",24612,12400,12210,2,18936,9498,9438,NA,5676,2902,2772,2,NA
NA,NA,"RAWALPINDI","KALLAR SAYADDAN","TEHSIL","65 &  ABOVE",16875,8434,8440,1,13044,6470,6574,NA,3831,1964,1866,1,NA
"PUNJAB","RAWALPINDI","RAWALPINDI","KOTLI SATTIAN","TEHSIL","ALL AGES",120421,60975,59446,NA,96878,49169,47709,NA,23543,11806,11737,NA,NA
"PUNJAB","RAWALPINDI","RAWALPINDI","KOTLI SATTIAN","TEHSIL","UNDER 1",2375,1218,1157,NA,2005,1040,965,NA,370,178,192,NA,NA
"PUNJAB","RAWALPINDI","RAWALPINDI","KOTLI SATTIAN","TEHSIL","UNDER 5",14778,7473,7305,NA,12192,6219,5973,NA,2586,1254,1332,NA,NA
"PUNJAB","RAWALPINDI","RAWALPINDI","KOTLI SATTIAN","TEHSIL","UNDER 10",27121,13574,13547,NA,22009,11062,10947,NA,5112,2512,2600,NA,NA
"PUNJAB","RAWALPINDI","RAWALPINDI","KOTLI SATTIAN","TEHSIL","UNDER 15",39523,19622,19901,NA,31843,15835,16008,NA,7680,3787,3893,NA,NA
"PUNJAB","RAWALPINDI","RAWALPINDI","KOTLI SATTIAN","TEHSIL","05 - 24",45073,22230,22843,NA,36026,17741,18285,NA,9047,4489,4558,NA,NA
"PUNJAB","RAWALPINDI","RAWALPINDI","KOTLI SATTIAN","TEHSIL","15 - 49",61273,31284,29989,NA,49268,25212,24056,NA,12005,6072,5933,NA,NA
"PUNJAB","RAWALPINDI","RAWALPINDI","KOTLI SATTIAN","TEHSIL","15 - 64",74235,37922,36313,NA,59736,30561,29175,NA,14499,7361,7138,NA,NA
"PUNJAB","RAWALPINDI","RAWALPINDI","KOTLI SATTIAN","TEHSIL","18 - 60",64337,32958,31379,NA,51804,26578,25226,NA,12533,6380,6153,NA,NA
"PUNJAB","RAWALPINDI","RAWALPINDI","KOTLI SATTIAN","TEHSIL","18 &  ABOVE",73937,37935,36002,NA,59499,30606,28893,NA,14438,7329,7109,NA,NA
"PUNJAB","RAWALPINDI","RAWALPINDI","KOTLI SATTIAN","TEHSIL","60 &  ABOVE",10332,5380,4952,NA,8280,4342,3938,NA,2052,1038,1014,NA,NA
"PUNJAB","RAWALPINDI","RAWALPINDI","KOTLI SATTIAN","TEHSIL","65 &  ABOVE",6663,3431,3232,NA,5299,2773,2526,NA,1364,658,706,NA,NA
"PUNJAB","RAWALPINDI","RAWALPINDI","MURREE","TEHSIL","ALL AGES",249410,125100,124309,1,227340,113391,113948,1,22070,11709,10361,NA,NA
"PUNJAB","RAWALPINDI","RAWALPINDI","MURREE","TEHSIL","UNDER 1",4191,2158,2033,NA,3831,1958,1873,NA,360,200,160,NA,NA
"PUNJAB","RAWALPINDI","RAWALPINDI","MURREE","TEHSIL","UNDER 5",27522,13679,13843,NA,25168,12517,12651,NA,2354,1162,1192,NA,NA
"PUNJAB","RAWALPINDI","RAWALPINDI","MURREE","TEHSIL","UNDER 10",54942,27000,27942,NA,49933,24490,25443,NA,5009,2510,2499,NA,NA
"PUNJAB","RAWALPINDI","RAWALPINDI","MURREE","TEHSIL","UNDER 15",82621,40744,41877,NA,74924,36830,38094,NA,7697,3914,3783,NA,NA
"PUNJAB","RAWALPINDI","RAWALPINDI","MURREE","TEHSIL","05 - 24",97255,47717,49538,NA,88164,43022,45142,NA,9091,4695,4396,NA,NA
"PUNJAB","RAWALPINDI","RAWALPINDI","MURREE","TEHSIL","15 - 49",127633,63645,63987,1,115851,57371,58479,1,11782,6274,5508,NA,NA
"PUNJAB","RAWALPINDI","RAWALPINDI","MURREE","TEHSIL","15 - 64",153842,77609,76232,1,140137,70182,69954,1,13705,7427,6278,NA,NA
"PUNJAB","RAWALPINDI","RAWALPINDI","MURREE","TEHSIL","18 - 60",133680,67428,66251,1,121602,60856,60745,1,12078,6572,5506,NA,NA
"PUNJAB","RAWALPINDI","RAWALPINDI","MURREE","TEHSIL","18 &  ABOVE",152155,77117,75037,1,139091,69999,69091,1,13064,7118,5946,NA,NA
"PUNJAB","RAWALPINDI","RAWALPINDI","MURREE","TEHSIL","60 &  ABOVE",20004,10527,9477,NA,18897,9912,8985,NA,1107,615,492,NA,NA
"PUNJAB","RAWALPINDI","RAWALPINDI","MURREE","TEHSIL","65 &  ABOVE",12947,6747,6200,NA,12279,6379,5900,NA,668,368,300,NA,NA
"PUNJAB","RAWALPINDI","RAWALPINDI","RAWALPINDI","TEHSIL","ALL AGES",3689775,1907123,1781476,1176,386054,192101,193942,11,3303721,1715022,1587534,1165,NA
"PUNJAB","RAWALPINDI","RAWALPINDI","RAWALPINDI","TEHSIL","UNDER 1",60245,30164,30081,NA,6291,3097,3194,NA,53954,27067,26887,NA,NA
"PUNJAB","RAWALPINDI","RAWALPINDI","RAWALPINDI","TEHSIL","UNDER 5",450755,227097,223658,NA,46577,23239,23338,NA,404178,203858,200320,NA,NA
"PUNJAB","RAWALPINDI","RAWALPINDI","RAWALPINDI","TEHSIL","UNDER 10",843535,424817,418718,NA,89612,44620,44992,NA,753923,380197,373726,NA,NA
"PUNJAB","RAWALPINDI","RAWALPINDI","RAWALPINDI","TEHSIL","UNDER 15",1244384,627231,617141,12,131216,65085,66131,NA,1113168,562146,551010,12,NA
"PUNJAB","RAWALPINDI","RAWALPINDI","RAWALPINDI","TEHSIL","05 - 24",1476389,749597,726572,220,152390,75023,77366,1,1323999,674574,649206,219,NA
"PUNJAB","RAWALPINDI","RAWALPINDI","RAWALPINDI","TEHSIL","15 - 49",1944903,1004480,939342,1081,193982,95636,98340,6,1750921,908844,841002,1075,NA
"PUNJAB","RAWALPINDI","RAWALPINDI","RAWALPINDI","TEHSIL","15 - 64",2295436,1195177,1099110,1149,232954,115559,117387,8,2062482,1079618,981723,1141,NA
"PUNJAB","RAWALPINDI","RAWALPINDI","RAWALPINDI","TEHSIL","18 - 60",2007376,1044602,961648,1126,202098,100015,102075,8,1805278,944587,859573,1118,NA
"PUNJAB","RAWALPINDI","RAWALPINDI","RAWALPINDI","TEHSIL","18 &  ABOVE",2228350,1169320,1057887,1143,232301,115949,116341,11,1996049,1053371,941546,1132,NA
"PUNJAB","RAWALPINDI","RAWALPINDI","RAWALPINDI","TEHSIL","60 &  ABOVE",243825,136848,106952,25,32830,17293,15534,3,210995,119555,91418,22,NA
"PUNJAB","RAWALPINDI","RAWALPINDI","RAWALPINDI","TEHSIL","65 &  ABOVE",149955,84715,65225,15,21884,11457,10424,3,128071,73258,54801,12,NA
"PUNJAB","RAWALPINDI","RAWALPINDI","TAXILA","TEHSIL","ALL AGES",736804,373304,363458,42,201520,102449,99068,3,535284,270855,264390,39,NA
"PUNJAB","RAWALPINDI","RAWALPINDI","TAXILA","TEHSIL","UNDER 1",11688,5782,5906,NA,3205,1641,1564,NA,8483,4141,4342,NA,NA
"PUNJAB","RAWALPINDI","RAWALPINDI","TAXILA","TEHSIL","UNDER 5",85164,42528,42636,NA,24795,12450,12345,NA,60369,30078,30291,NA,NA
"PUNJAB","RAWALPINDI","RAWALPINDI","TAXILA","TEHSIL","UNDER 10",164258,82107,82151,NA,48201,24258,23943,NA,116057,57849,58208,NA,NA
"PUNJAB","RAWALPINDI","RAWALPINDI","TAXILA","TEHSIL","UNDER 15",248018,123829,124189,NA,71043,35731,35312,NA,176975,88098,88877,NA,NA
"PUNJAB","RAWALPINDI","RAWALPINDI","TAXILA","TEHSIL","05 - 24",298022,148809,149200,13,82108,41239,40868,1,215914,107570,108332,12,NA
"PUNJAB","RAWALPINDI","RAWALPINDI","TAXILA","TEHSIL","15 - 49",383369,191301,192029,39,103139,51713,51423,3,280230,139588,140606,36,NA
"PUNJAB","RAWALPINDI","RAWALPINDI","TAXILA","TEHSIL","15 - 64",457277,231782,225455,40,122015,61831,60181,3,335262,169951,165274,37,NA
"PUNJAB","RAWALPINDI","RAWALPINDI","TAXILA","TEHSIL","18 - 60",397855,201095,196721,39,106289,53732,52554,3,291566,147363,144167,36,NA
"PUNJAB","RAWALPINDI","RAWALPINDI","TAXILA","TEHSIL","18 &  ABOVE",444022,227080,216901,41,118805,60915,57887,3,325217,166165,159014,38,NA
"PUNJAB","RAWALPINDI","RAWALPINDI","TAXILA","TEHSIL","60 &  ABOVE",50600,28297,22301,2,13837,7868,5969,NA,36763,20429,16332,2,NA
"PUNJAB","RAWALPINDI","RAWALPINDI","TAXILA","TEHSIL","65 &  ABOVE",31509,17693,13814,2,8462,4887,3575,NA,23047,12806,10239,2,NA
"PUNJAB","SAHIWAL","SAHIWAL","CHICHAWATNI","TEHSIL","ALL AGES",1155978,582558,573354,66,1043787,525774,517963,50,112191,56784,55391,16,NA
"PUNJAB","SAHIWAL","SAHIWAL","CHICHAWATNI","TEHSIL","UNDER 1",27308,13960,13348,NA,25332,12954,12378,NA,1976,1006,970,NA,NA
"PUNJAB","SAHIWAL","SAHIWAL","CHICHAWATNI","TEHSIL","UNDER 5",163197,81801,81396,NA,150466,75477,74989,NA,12731,6324,6407,NA,NA
"PUNJAB","SAHIWAL","SAHIWAL","CHICHAWATNI","TEHSIL","UNDER 10",302538,151654,150884,NA,277592,139331,138261,NA,24946,12323,12623,NA,NA
"PUNJAB","SAHIWAL","SAHIWAL","CHICHAWATNI","TEHSIL","UNDER 15",431974,216936,215033,5,393617,197600,196013,4,38357,19336,19020,1,NA
"PUNJAB","SAHIWAL","SAHIWAL","CHICHAWATNI","TEHSIL","05 - 24",470911,236324,234570,17,424108,212549,211547,12,46803,23775,23023,5,NA
"PUNJAB","SAHIWAL","SAHIWAL","CHICHAWATNI","TEHSIL","15 - 49",559258,278115,281094,49,501039,249087,251917,35,58219,29028,29177,14,NA
"PUNJAB","SAHIWAL","SAHIWAL","CHICHAWATNI","TEHSIL","15 - 64",672217,337609,334550,58,602763,302550,300170,43,69454,35059,34380,15,NA
"PUNJAB","SAHIWAL","SAHIWAL","CHICHAWATNI","TEHSIL","18 - 60",580900,290792,290053,55,520983,260739,260204,40,59917,30053,29849,15,NA
"PUNJAB","SAHIWAL","SAHIWAL","CHICHAWATNI","TEHSIL","18 &  ABOVE",656814,331710,325045,59,590288,298033,292211,44,66526,33677,32834,15,NA
"PUNJAB","SAHIWAL","SAHIWAL","CHICHAWATNI","TEHSIL","60 &  ABOVE",82409,44407,37996,6,75123,40431,34686,6,7286,3976,3310,NA,NA
"PUNJAB","SAHIWAL","SAHIWAL","CHICHAWATNI","TEHSIL","65 &  ABOVE",51787,28013,23771,3,47407,25624,21780,3,4380,2389,1991,NA,NA
"PUNJAB","SAHIWAL","SAHIWAL","SAHIWAL","TEHSIL","ALL AGES",1722144,876423,845634,87,1080341,551286,529018,37,641803,325137,316616,50,NA
"PUNJAB","SAHIWAL","SAHIWAL","SAHIWAL","TEHSIL","UNDER 1",48979,25239,23740,NA,32552,16981,15571,NA,16427,8258,8169,NA,NA
"PUNJAB","SAHIWAL","SAHIWAL","SAHIWAL","TEHSIL","UNDER 5",260263,132004,128259,NA,169130,86065,83065,NA,91133,45939,45194,NA,NA
"PUNJAB","SAHIWAL","SAHIWAL","SAHIWAL","TEHSIL","UNDER 10",469645,237567,232078,NA,306256,155640,150616,NA,163389,81927,81462,NA,NA
"PUNJAB","SAHIWAL","SAHIWAL","SAHIWAL","TEHSIL","UNDER 15",663070,335290,327776,4,428075,217152,210921,2,234995,118138,116855,2,NA
"PUNJAB","SAHIWAL","SAHIWAL","SAHIWAL","TEHSIL","05 - 24",706395,356583,349787,25,447549,226420,221114,15,258846,130163,128673,10,NA
"PUNJAB","SAHIWAL","SAHIWAL","SAHIWAL","TEHSIL","15 - 49",828801,417254,411479,68,507731,256367,251336,28,321070,160887,160143,40,NA
"PUNJAB","SAHIWAL","SAHIWAL","SAHIWAL","TEHSIL","15 - 64",988349,502167,486103,79,605649,308425,297192,32,382700,193742,188911,47,NA
"PUNJAB","SAHIWAL","SAHIWAL","SAHIWAL","TEHSIL","18 - 60",854649,432623,421953,73,522273,265158,257089,26,332376,167465,164864,47,NA
"PUNJAB","SAHIWAL","SAHIWAL","SAHIWAL","TEHSIL","18 &  ABOVE",958510,489565,468868,77,589597,302031,287537,29,368913,187534,181331,48,NA
"PUNJAB","SAHIWAL","SAHIWAL","SAHIWAL","TEHSIL","60 &  ABOVE",113497,62139,51353,5,73409,40169,33237,3,40088,21970,18116,2,NA
"PUNJAB","SAHIWAL","SAHIWAL","SAHIWAL","TEHSIL","65 &  ABOVE",70725,38966,31755,4,46617,25709,20905,3,24108,13257,10850,1,NA
"PUNJAB","SARGODHA","SARGODHA","BHALWAL","TEHSIL","ALL AGES",387194,191880,195290,24,243520,120656,122854,10,143674,71224,72436,14,NA
"PUNJAB","SARGODHA","SARGODHA","BHALWAL","TEHSIL","UNDER 1",7115,3450,3665,NA,4282,2089,2193,NA,2833,1361,1472,NA,NA
"PUNJAB","SARGODHA","SARGODHA","BHALWAL","TEHSIL","UNDER 5",45170,22052,23118,NA,28687,14000,14687,NA,16483,8052,8431,NA,NA
"PUNJAB","SARGODHA","SARGODHA","BHALWAL","TEHSIL","UNDER 10",89321,43932,45389,NA,56730,27765,28965,NA,32591,16167,16424,NA,NA
"PUNJAB","SARGODHA","SARGODHA","BHALWAL","TEHSIL","UNDER 15",133684,65716,67967,1,84514,41350,43163,1,49170,24366,24804,NA,NA
"PUNJAB","SARGODHA","SARGODHA","BHALWAL","TEHSIL","05 - 24",161694,79802,81886,6,101701,50013,51685,3,59993,29789,30201,3,NA
"PUNJAB","SARGODHA","SARGODHA","BHALWAL","TEHSIL","15 - 49",194914,94775,100122,17,120729,58753,61970,6,74185,36022,38152,11,NA
"PUNJAB","SARGODHA","SARGODHA","BHALWAL","TEHSIL","15 - 64",234244,115624,118597,23,145729,72038,73682,9,88515,43586,44915,14,NA
"PUNJAB","SARGODHA","SARGODHA","BHALWAL","TEHSIL","18 - 60",202128,99137,102970,21,125423,61648,63767,8,76705,37489,39203,13,NA
"PUNJAB","SARGODHA","SARGODHA","BHALWAL","TEHSIL","18 &  ABOVE",229348,114121,115204,23,143824,71786,72029,9,85524,42335,43175,14,NA
"PUNJAB","SARGODHA","SARGODHA","BHALWAL","TEHSIL","60 &  ABOVE",29666,16272,13390,4,19989,10979,9008,2,9677,5293,4382,2,NA
"PUNJAB","SARGODHA","SARGODHA","BHALWAL","TEHSIL","65 &  ABOVE",19266,10540,8726,NA,13277,7268,6009,NA,5989,3272,2717,NA,NA
"PUNJAB","SARGODHA","SARGODHA","BHERA","TEHSIL","ALL AGES",384395,193695,190687,13,272701,137510,135184,7,111694,56185,55503,6,NA
"PUNJAB","SARGODHA","SARGODHA","BHERA","TEHSIL","UNDER 1",6615,3372,3243,NA,4596,2428,2168,NA,2019,944,1075,NA,NA
"PUNJAB","SARGODHA","SARGODHA","BHERA","TEHSIL","UNDER 5",48287,24108,24179,NA,35354,17793,17561,NA,12933,6315,6618,NA,NA
"PUNJAB","SARGODHA","SARGODHA","BHERA","TEHSIL","UNDER 10",91852,46283,45569,NA,66594,33706,32888,NA,25258,12577,12681,NA,NA
"PUNJAB","SARGODHA","SARGODHA","BHERA","TEHSIL","UNDER 15",134917,67810,67106,1,97248,48919,48328,1,37669,18891,18778,NA,NA
"PUNJAB","SARGODHA","SARGODHA","BHERA","TEHSIL","05 - 24",159000,79541,79454,5,111809,55825,55980,4,47191,23716,23474,1,NA
"PUNJAB","SARGODHA","SARGODHA","BHERA","TEHSIL","15 - 49",190749,94030,96708,11,132782,65425,67351,6,57967,28605,29357,5,NA
"PUNJAB","SARGODHA","SARGODHA","BHERA","TEHSIL","15 - 64",229515,114572,114931,12,160585,80109,80470,6,68930,34463,34461,6,NA
"PUNJAB","SARGODHA","SARGODHA","BHERA","TEHSIL","18 - 60",197177,98141,99025,11,137886,68579,69301,6,59291,29562,29724,5,NA
"PUNJAB","SARGODHA","SARGODHA","BHERA","TEHSIL","18 &  ABOVE",225182,113882,111289,11,158495,80211,78278,6,66687,33671,33011,5,NA
"PUNJAB","SARGODHA","SARGODHA","BHERA","TEHSIL","60 &  ABOVE",30884,17243,13641,NA,22798,12795,10003,NA,8086,4448,3638,NA,NA
"PUNJAB","SARGODHA","SARGODHA","BHERA","TEHSIL","65 &  ABOVE",19963,11313,8650,NA,14868,8482,6386,NA,5095,2831,2264,NA,NA
"PUNJAB","SARGODHA","SARGODHA","KOT MOMIN","TEHSIL","ALL AGES",544165,278358,265772,35,480754,246048,234681,25,63411,32310,31091,10,NA
"PUNJAB","SARGODHA","SARGODHA","KOT MOMIN","TEHSIL","UNDER 1",15306,7939,7367,NA,13944,7245,6699,NA,1362,694,668,NA,NA
"PUNJAB","SARGODHA","SARGODHA","KOT MOMIN","TEHSIL","UNDER 5",81277,41501,39776,NA,72675,37118,35557,NA,8602,4383,4219,NA,NA
"PUNJAB","SARGODHA","SARGODHA","KOT MOMIN","TEHSIL","UNDER 10",148965,75807,73158,NA,132765,67578,65187,NA,16200,8229,7971,NA,NA
"PUNJAB","SARGODHA","SARGODHA","KOT MOMIN","TEHSIL","UNDER 15",212909,108189,104719,1,189127,96161,92965,1,23782,12028,11754,NA,NA
"PUNJAB","SARGODHA","SARGODHA","KOT MOMIN","TEHSIL","05 - 24",228789,115950,112830,9,201533,102195,99331,7,27256,13755,13499,2,NA
"PUNJAB","SARGODHA","SARGODHA","KOT MOMIN","TEHSIL","15 - 49",255350,128592,126728,30,224207,112945,111241,21,31143,15647,15487,9,NA
"PUNJAB","SARGODHA","SARGODHA","KOT MOMIN","TEHSIL","15 - 64",304271,155107,149131,33,267405,136334,131047,24,36866,18773,18084,9,NA
"PUNJAB","SARGODHA","SARGODHA","KOT MOMIN","TEHSIL","18 - 60",260921,132682,128209,30,229229,116586,112621,22,31692,16096,15588,8,NA
"PUNJAB","SARGODHA","SARGODHA","KOT MOMIN","TEHSIL","18 &  ABOVE",297533,153006,144496,31,262027,134828,127177,22,35506,18178,17319,9,NA
"PUNJAB","SARGODHA","SARGODHA","KOT MOMIN","TEHSIL","60 &  ABOVE",40284,22228,18052,4,36053,19932,16118,3,4231,2296,1934,1,NA
"PUNJAB","SARGODHA","SARGODHA","KOT MOMIN","TEHSIL","65 &  ABOVE",26985,15062,11922,1,24222,13553,10669,NA,2763,1509,1253,1,NA
"PUNJAB","SARGODHA","SARGODHA","SAHIWAL","TEHSIL","ALL AGES",407486,205839,201594,53,313408,158351,155013,44,94078,47488,46581,9,NA
"PUNJAB","SARGODHA","SARGODHA","SAHIWAL","TEHSIL","UNDER 1",12295,6328,5967,NA,9596,4987,4609,NA,2699,1341,1358,NA,NA
"PUNJAB","SARGODHA","SARGODHA","SAHIWAL","TEHSIL","UNDER 5",60844,30910,29934,NA,47550,24323,23227,NA,13294,6587,6707,NA,NA
"PUNJAB","SARGODHA","SARGODHA","SAHIWAL","TEHSIL","UNDER 10",107118,54139,52979,NA,83050,42069,40981,NA,24068,12070,11998,NA,NA
"PUNJAB","SARGODHA","SARGODHA","SAHIWAL","TEHSIL","UNDER 15",151496,76440,75055,1,116681,58866,57814,1,34815,17574,17241,NA,NA
"PUNJAB","SARGODHA","SARGODHA","SAHIWAL","TEHSIL","05 - 24",163727,82208,81498,21,124928,62631,62277,20,38799,19577,19221,1,NA
"PUNJAB","SARGODHA","SARGODHA","SAHIWAL","TEHSIL","15 - 49",197685,98248,99387,50,151391,75275,76074,42,46294,22973,23313,8,NA
"PUNJAB","SARGODHA","SARGODHA","SAHIWAL","TEHSIL","15 - 64",237446,119311,118084,51,181932,91397,90493,42,55514,27914,27591,9,NA
"PUNJAB","SARGODHA","SARGODHA","SAHIWAL","TEHSIL","18 - 60",205563,102827,102687,49,157699,78894,78765,40,47864,23933,23922,9,NA
"PUNJAB","SARGODHA","SARGODHA","SAHIWAL","TEHSIL","18 &  ABOVE",231684,117074,114560,50,178321,90139,88141,41,53363,26935,26419,9,NA
"PUNJAB","SARGODHA","SARGODHA","SAHIWAL","TEHSIL","60 &  ABOVE",28556,15569,12986,1,22431,12234,10196,1,6125,3335,2790,NA,NA
"PUNJAB","SARGODHA","SARGODHA","SAHIWAL","TEHSIL","65 &  ABOVE",18544,10088,8455,1,14795,8088,6706,1,3749,2000,1749,NA,NA
"PUNJAB","SARGODHA","SARGODHA","SARGODHA","TEHSIL","ALL AGES",1793400,910780,882383,237,742693,377503,365161,29,1050707,533277,517222,208,NA
"PUNJAB","SARGODHA","SARGODHA","SARGODHA","TEHSIL","UNDER 1",41725,21149,20576,NA,20567,10601,9966,NA,21158,10548,10610,NA,NA
"PUNJAB","SARGODHA","SARGODHA","SARGODHA","TEHSIL","UNDER 5",254629,128753,125876,NA,115778,59196,56582,NA,138851,69557,69294,NA,NA
"PUNJAB","SARGODHA","SARGODHA","SARGODHA","TEHSIL","UNDER 10",455063,229036,226027,NA,202476,102547,99929,NA,252587,126489,126098,NA,NA
"PUNJAB","SARGODHA","SARGODHA","SARGODHA","TEHSIL","UNDER 15",656324,331056,325266,2,284837,144010,140826,1,371487,187046,184440,1,NA
"PUNJAB","SARGODHA","SARGODHA","SARGODHA","TEHSIL","05 - 24",738907,371918,366912,77,303064,151895,151161,8,435843,220023,215751,69,NA
"PUNJAB","SARGODHA","SARGODHA","SARGODHA","TEHSIL","15 - 49",894740,448451,446075,214,356083,178589,177467,27,538657,269862,268608,187,NA
"PUNJAB","SARGODHA","SARGODHA","SARGODHA","TEHSIL","15 - 64",1061325,537456,523638,231,423705,214568,209109,28,637620,322888,314529,203,NA
"PUNJAB","SARGODHA","SARGODHA","SARGODHA","TEHSIL","18 - 60",919186,463177,455790,219,365773,184530,181218,25,553413,278647,274572,194,NA
"PUNJAB","SARGODHA","SARGODHA","SARGODHA","TEHSIL","18 &  ABOVE",1028906,524366,504315,225,413888,211157,202706,25,615018,313209,301609,200,NA
"PUNJAB","SARGODHA","SARGODHA","SARGODHA","TEHSIL","60 &  ABOVE",120835,67095,53733,7,52538,28978,23560,NA,68297,38117,30173,7,NA
"PUNJAB","SARGODHA","SARGODHA","SARGODHA","TEHSIL","65 &  ABOVE",75751,42268,33479,4,34151,18925,15226,NA,41600,23343,18253,4,NA
"PUNJAB","SARGODHA","SARGODHA","SHAHPUR","TEHSIL","ALL AGES",424745,216140,208597,8,332908,168736,164167,5,91837,47404,44430,3,NA
"PUNJAB","SARGODHA","SARGODHA","SHAHPUR","TEHSIL","UNDER 1",8400,4241,4159,NA,6647,3342,3305,NA,1753,899,854,NA,NA
"PUNJAB","SARGODHA","SARGODHA","SHAHPUR","TEHSIL","UNDER 5",52885,26482,26403,NA,41742,20783,20959,NA,11143,5699,5444,NA,NA
"PUNJAB","SARGODHA","SARGODHA","SHAHPUR","TEHSIL","UNDER 10",100020,50143,49877,NA,79005,39449,39556,NA,21015,10694,10321,NA,NA
"PUNJAB","SARGODHA","SARGODHA","SHAHPUR","TEHSIL","UNDER 15",146315,73508,72807,NA,115232,57603,57629,NA,31083,15905,15178,NA,NA
"PUNJAB","SARGODHA","SARGODHA","SHAHPUR","TEHSIL","05 - 24",171144,86328,84815,1,134626,67686,66939,1,36518,18642,17876,NA,NA
"PUNJAB","SARGODHA","SARGODHA","SHAHPUR","TEHSIL","15 - 49",211912,106737,105169,6,165530,83074,82452,4,46382,23663,22717,2,NA
"PUNJAB","SARGODHA","SARGODHA","SHAHPUR","TEHSIL","15 - 64",256071,130171,125892,8,200155,101418,98732,5,55916,28753,27160,3,NA
"PUNJAB","SARGODHA","SARGODHA","SHAHPUR","TEHSIL","18 - 60",221472,112059,109405,8,172857,87158,85694,5,48615,24901,23711,3,NA
"PUNJAB","SARGODHA","SARGODHA","SHAHPUR","TEHSIL","18 &  ABOVE",252752,129542,123202,8,197333,100781,96547,5,55419,28761,26655,3,NA
"PUNJAB","SARGODHA","SARGODHA","SHAHPUR","TEHSIL","60 &  ABOVE",34055,18976,15079,NA,26663,14792,11871,NA,7392,4184,3208,NA,NA
"PUNJAB","SARGODHA","SARGODHA","SHAHPUR","TEHSIL","65 &  ABOVE",22359,12461,9898,NA,17521,9715,7806,NA,4838,2746,2092,NA,NA
"PUNJAB","SARGODHA","SARGODHA","SILLANWALI","TEHSIL","ALL AGES",385878,194015,191852,11,336575,169222,167349,4,49303,24793,24503,7,NA
"PUNJAB","SARGODHA","SARGODHA","SILLANWALI","TEHSIL","UNDER 1",7028,3431,3597,NA,6248,3029,3219,NA,780,402,378,NA,NA
"PUNJAB","SARGODHA","SARGODHA","SILLANWALI","TEHSIL","UNDER 5",49256,24121,25135,NA,43595,21354,22241,NA,5661,2767,2894,NA,NA
"PUNJAB","SARGODHA","SARGODHA","SILLANWALI","TEHSIL","UNDER 10",97304,48098,49206,NA,85818,42481,43337,NA,11486,5617,5869,NA,NA
"PUNJAB","SARGODHA","SARGODHA","SILLANWALI","TEHSIL","UNDER 15",141742,70222,71520,NA,124490,61789,62701,NA,17252,8433,8819,NA,NA
"PUNJAB","SARGODHA","SARGODHA","SILLANWALI","TEHSIL","05 - 24",164697,82144,82548,5,143508,71710,71795,3,21189,10434,10753,2,NA
"PUNJAB","SARGODHA","SARGODHA","SILLANWALI","TEHSIL","15 - 49",191238,95167,96062,9,165554,82317,83233,4,25684,12850,12829,5,NA
"PUNJAB","SARGODHA","SARGODHA","SILLANWALI","TEHSIL","15 - 64",227150,114452,112689,9,196857,99036,97817,4,30293,15416,14872,5,NA
"PUNJAB","SARGODHA","SARGODHA","SILLANWALI","TEHSIL","18 - 60",196407,98587,97813,7,170108,85228,84876,4,26299,13359,12937,3,NA
"PUNJAB","SARGODHA","SARGODHA","SILLANWALI","TEHSIL","18 &  ABOVE",220396,111849,108538,9,191520,97048,94468,4,28876,14801,14070,5,NA
"PUNJAB","SARGODHA","SARGODHA","SILLANWALI","TEHSIL","60 &  ABOVE",26265,14460,11803,2,23399,12863,10536,NA,2866,1597,1267,2,NA
"PUNJAB","SARGODHA","SARGODHA","SILLANWALI","TEHSIL","65 &  ABOVE",16986,9341,7643,2,15228,8397,6831,NA,1758,944,812,2,NA
"PUNJAB","LAHORE","SHEIKHUPURA","FEROZEWALA","TEHSIL","ALL AGES",997246,519127,477796,323,657978,340675,317069,234,339268,178452,160727,89,NA
"PUNJAB","LAHORE","SHEIKHUPURA","FEROZEWALA","TEHSIL","UNDER 1",24934,12738,12196,NA,17119,8714,8405,NA,7815,4024,3791,NA,NA
"PUNJAB","LAHORE","SHEIKHUPURA","FEROZEWALA","TEHSIL","UNDER 5",175206,90473,84733,NA,114441,58520,55921,NA,60765,31953,28812,NA,NA
"PUNJAB","LAHORE","SHEIKHUPURA","FEROZEWALA","TEHSIL","UNDER 10",296865,152953,143912,NA,196082,100391,95691,NA,100783,52562,48221,NA,NA
"PUNJAB","LAHORE","SHEIKHUPURA","FEROZEWALA","TEHSIL","UNDER 15",412614,211982,200611,21,273522,139488,134017,17,139092,72494,66594,4,NA
"PUNJAB","LAHORE","SHEIKHUPURA","FEROZEWALA","TEHSIL","05 - 24",423658,217295,206191,172,283772,144770,138857,145,139886,72525,67334,27,NA
"PUNJAB","LAHORE","SHEIKHUPURA","FEROZEWALA","TEHSIL","15 - 49",484542,249810,234441,291,318778,163571,154997,210,165764,86239,79444,81,NA
"PUNJAB","LAHORE","SHEIKHUPURA","FEROZEWALA","TEHSIL","15 - 64",558181,290948,266933,300,366856,190438,176202,216,191325,100510,90731,84,NA
"PUNJAB","LAHORE","SHEIKHUPURA","FEROZEWALA","TEHSIL","18 - 60",484318,252234,231860,224,317683,164831,152697,155,166635,87403,79163,69,NA
"PUNJAB","LAHORE","SHEIKHUPURA","FEROZEWALA","TEHSIL","18 &  ABOVE",523602,275887,247488,227,343634,180450,163027,157,179968,95437,84461,70,NA
"PUNJAB","LAHORE","SHEIKHUPURA","FEROZEWALA","TEHSIL","60 &  ABOVE",45509,27207,18297,5,30063,17963,12098,2,15446,9244,6199,3,NA
"PUNJAB","LAHORE","SHEIKHUPURA","FEROZEWALA","TEHSIL","65 &  ABOVE",26451,16197,10252,2,17600,10749,6850,1,8851,5448,3402,1,NA
"PUNJAB","LAHORE","SHEIKHUPURA","MURIDKE","TEHSIL","ALL AGES",721166,367730,353385,51,399764,205034,194721,9,321402,162696,158664,42,NA
"PUNJAB","LAHORE","SHEIKHUPURA","MURIDKE","TEHSIL","UNDER 1",18606,9398,9208,NA,10590,5378,5212,NA,8016,4020,3996,NA,NA
"PUNJAB","LAHORE","SHEIKHUPURA","MURIDKE","TEHSIL","UNDER 5",113754,57909,55845,NA,65529,33361,32168,NA,48225,24548,23677,NA,NA
"PUNJAB","LAHORE","SHEIKHUPURA","MURIDKE","TEHSIL","UNDER 10",202452,102264,100188,NA,116583,58910,57673,NA,85869,43354,42515,NA,NA
"PUNJAB","LAHORE","SHEIKHUPURA","MURIDKE","TEHSIL","UNDER 15",289844,146383,143454,7,165234,83404,81829,1,124610,62979,61625,6,NA
"PUNJAB","LAHORE","SHEIKHUPURA","MURIDKE","TEHSIL","05 - 24",317229,159103,158101,25,177409,89409,87994,6,139820,69694,70107,19,NA
"PUNJAB","LAHORE","SHEIKHUPURA","MURIDKE","TEHSIL","15 - 49",350484,176067,174377,40,189816,96499,93310,7,160668,79568,81067,33,NA
"PUNJAB","LAHORE","SHEIKHUPURA","MURIDKE","TEHSIL","15 - 64",406887,206970,199875,42,220298,113221,107070,7,186589,93749,92805,35,NA
"PUNJAB","LAHORE","SHEIKHUPURA","MURIDKE","TEHSIL","18 - 60",349896,177877,171982,37,188787,97052,91730,5,161109,80825,80252,32,NA
"PUNJAB","LAHORE","SHEIKHUPURA","MURIDKE","TEHSIL","18 &  ABOVE",384538,198011,186488,39,208569,108607,99956,6,175969,89404,86532,33,NA
"PUNJAB","LAHORE","SHEIKHUPURA","MURIDKE","TEHSIL","60 &  ABOVE",39062,22457,16602,3,22247,12848,9398,1,16815,9609,7204,2,NA
"PUNJAB","LAHORE","SHEIKHUPURA","MURIDKE","TEHSIL","65 &  ABOVE",24435,14377,10056,2,14232,8409,5822,1,10203,5968,4234,1,NA
"PUNJAB","LAHORE","SHEIKHUPURA","SAFDARABAD","TEHSIL","ALL AGES",320836,161310,159477,49,231660,116412,115210,38,89176,44898,44267,11,NA
"PUNJAB","LAHORE","SHEIKHUPURA","SAFDARABAD","TEHSIL","UNDER 1",9070,4500,4570,NA,6786,3351,3435,NA,2284,1149,1135,NA,NA
"PUNJAB","LAHORE","SHEIKHUPURA","SAFDARABAD","TEHSIL","UNDER 5",52300,26169,26131,NA,37932,18986,18946,NA,14368,7183,7185,NA,NA
"PUNJAB","LAHORE","SHEIKHUPURA","SAFDARABAD","TEHSIL","UNDER 10",90846,45568,45278,NA,65640,32900,32740,NA,25206,12668,12538,NA,NA
"PUNJAB","LAHORE","SHEIKHUPURA","SAFDARABAD","TEHSIL","UNDER 15",127480,63916,63560,4,91779,45896,45880,3,35701,18020,17680,1,NA
"PUNJAB","LAHORE","SHEIKHUPURA","SAFDARABAD","TEHSIL","05 - 24",134749,66981,67736,32,96820,47910,48880,30,37929,19071,18856,2,NA
"PUNJAB","LAHORE","SHEIKHUPURA","SAFDARABAD","TEHSIL","15 - 49",152201,74720,77441,40,109279,53676,55572,31,42922,21044,21869,9,NA
"PUNJAB","LAHORE","SHEIKHUPURA","SAFDARABAD","TEHSIL","15 - 64",180367,89991,90332,44,130015,64908,65072,35,50352,25083,25260,9,NA
"PUNJAB","LAHORE","SHEIKHUPURA","SAFDARABAD","TEHSIL","18 - 60",154987,77132,77822,33,111649,55668,55956,25,43338,21464,21866,8,NA
"PUNJAB","LAHORE","SHEIKHUPURA","SAFDARABAD","TEHSIL","18 &  ABOVE",173569,87662,85873,34,125710,63629,62056,25,47859,24033,23817,9,NA
"PUNJAB","LAHORE","SHEIKHUPURA","SAFDARABAD","TEHSIL","60 &  ABOVE",20438,11522,8915,1,15394,8685,6709,NA,5044,2837,2206,1,NA
"PUNJAB","LAHORE","SHEIKHUPURA","SAFDARABAD","TEHSIL","65 &  ABOVE",12989,7403,5585,1,9866,5608,4258,NA,3123,1795,1327,1,NA
"PUNJAB","LAHORE","SHEIKHUPURA","SHARAK PUR","TEHSIL","ALL AGES",229292,115754,113523,15,181273,92082,89180,11,48019,23672,24343,4,NA
"PUNJAB","LAHORE","SHEIKHUPURA","SHARAK PUR","TEHSIL","UNDER 1",5522,2735,2787,NA,4537,2265,2272,NA,985,470,515,NA,NA
"PUNJAB","LAHORE","SHEIKHUPURA","SHARAK PUR","TEHSIL","UNDER 5",32616,16293,16323,NA,26476,13276,13200,NA,6140,3017,3123,NA,NA
"PUNJAB","LAHORE","SHEIKHUPURA","SHARAK PUR","TEHSIL","UNDER 10",61027,30472,30555,NA,49567,24833,24734,NA,11460,5639,5821,NA,NA
"PUNJAB","LAHORE","SHEIKHUPURA","SHARAK PUR","TEHSIL","UNDER 15",87359,43674,43683,2,70628,35464,35162,2,16731,8210,8521,NA,NA
"PUNJAB","LAHORE","SHEIKHUPURA","SHARAK PUR","TEHSIL","05 - 24",97082,48319,48760,3,77394,38718,38673,3,19688,9601,10087,NA,NA
"PUNJAB","LAHORE","SHEIKHUPURA","SHARAK PUR","TEHSIL","15 - 49",112047,55412,56625,10,87518,43720,43790,8,24529,11692,12835,2,NA
"PUNJAB","LAHORE","SHEIKHUPURA","SHARAK PUR","TEHSIL","15 - 64",132487,66616,65860,11,103197,52347,50842,8,29290,14269,15018,3,NA
"PUNJAB","LAHORE","SHEIKHUPURA","SHARAK PUR","TEHSIL","18 - 60",114852,57526,57315,11,89321,45144,44169,8,25531,12382,13146,3,NA
"PUNJAB","LAHORE","SHEIKHUPURA","SHARAK PUR","TEHSIL","18 &  ABOVE",128237,65210,63014,13,99798,51131,48658,9,28439,14079,14356,4,NA
"PUNJAB","LAHORE","SHEIKHUPURA","SHARAK PUR","TEHSIL","60 &  ABOVE",14887,8533,6352,2,11649,6644,5004,1,3238,1889,1348,1,NA
"PUNJAB","LAHORE","SHEIKHUPURA","SHARAK PUR","TEHSIL","65 &  ABOVE",9446,5464,3980,2,7448,4271,3176,1,1998,1193,804,1,NA
"PUNJAB","LAHORE","SHEIKHUPURA","SHEIKHUPURA","TEHSIL","ALL AGES",1780837,915438,865231,168,1027950,532230,495657,63,752887,383208,369574,105,NA
"PUNJAB","LAHORE","SHEIKHUPURA","SHEIKHUPURA","TEHSIL","UNDER 1",36007,17872,18135,NA,20854,10509,10345,NA,15153,7363,7790,NA,NA
"PUNJAB","LAHORE","SHEIKHUPURA","SHEIKHUPURA","TEHSIL","UNDER 5",229896,114163,115733,NA,133514,66567,66947,NA,96382,47596,48786,NA,NA
"PUNJAB","LAHORE","SHEIKHUPURA","SHEIKHUPURA","TEHSIL","UNDER 10",436001,216821,219180,NA,255151,127169,127982,NA,180850,89652,91198,NA,NA
"PUNJAB","LAHORE","SHEIKHUPURA","SHEIKHUPURA","TEHSIL","UNDER 15",641057,320155,320900,2,373874,186537,187337,NA,267183,133618,133563,2,NA
"PUNJAB","LAHORE","SHEIKHUPURA","SHEIKHUPURA","TEHSIL","05 - 24",759858,382942,376871,45,443148,223698,219438,12,316710,159244,157433,33,NA
"PUNJAB","LAHORE","SHEIKHUPURA","SHEIKHUPURA","TEHSIL","15 - 49",919493,472110,447229,154,528252,274856,253337,59,391241,197254,193892,95,NA
"PUNJAB","LAHORE","SHEIKHUPURA","SHEIKHUPURA","TEHSIL","15 - 64",1077411,558984,518261,166,617613,324389,293161,63,459798,234595,225100,103,NA
"PUNJAB","LAHORE","SHEIKHUPURA","SHEIKHUPURA","TEHSIL","18 - 60",936374,485966,450253,155,536433,282573,253799,61,399941,203393,196454,94,NA
"PUNJAB","LAHORE","SHEIKHUPURA","SHEIKHUPURA","TEHSIL","18 &  ABOVE",1028417,539106,489155,156,589520,313360,276099,61,438897,225746,213056,95,NA
"PUNJAB","LAHORE","SHEIKHUPURA","SHEIKHUPURA","TEHSIL","60 &  ABOVE",103491,59311,44177,3,59584,34304,25279,1,43907,25007,18898,2,NA
"PUNJAB","LAHORE","SHEIKHUPURA","SHEIKHUPURA","TEHSIL","65 &  ABOVE",62369,36299,26070,NA,36463,21304,15159,NA,25906,14995,10911,NA,NA
"PUNJAB","GUJRANWALA","SIALKOT","DASKA","TEHSIL","ALL AGES",980495,496850,483522,123,721177,365065,356043,69,259318,131785,127479,54,NA
"PUNJAB","GUJRANWALA","SIALKOT","DASKA","TEHSIL","UNDER 1",21164,10755,10409,NA,16015,8144,7871,NA,5149,2611,2538,NA,NA
"PUNJAB","GUJRANWALA","SIALKOT","DASKA","TEHSIL","UNDER 5",134698,69132,65566,NA,100730,51682,49048,NA,33968,17450,16518,NA,NA
"PUNJAB","GUJRANWALA","SIALKOT","DASKA","TEHSIL","UNDER 10",247035,126272,120763,NA,184679,94187,90492,NA,62356,32085,30271,NA,NA
"PUNJAB","GUJRANWALA","SIALKOT","DASKA","TEHSIL","UNDER 15",360876,185595,175280,1,269002,138127,130874,1,91874,47468,44406,NA,NA
"PUNJAB","GUJRANWALA","SIALKOT","DASKA","TEHSIL","05 - 24",417688,213458,204192,38,309077,157387,151671,19,108611,56071,52521,19,NA
"PUNJAB","GUJRANWALA","SIALKOT","DASKA","TEHSIL","15 - 49",489854,241545,248197,112,357080,175843,181176,61,132774,65702,67021,51,NA
"PUNJAB","GUJRANWALA","SIALKOT","DASKA","TEHSIL","15 - 64",579617,288977,290523,117,422208,210243,211901,64,157409,78734,78622,53,NA
"PUNJAB","GUJRANWALA","SIALKOT","DASKA","TEHSIL","18 - 60",499807,247249,252448,110,363397,179703,183633,61,136410,67546,68815,49,NA
"PUNJAB","GUJRANWALA","SIALKOT","DASKA","TEHSIL","18 &  ABOVE",557678,279394,278169,115,406438,203533,202840,65,151240,75861,75329,50,NA
"PUNJAB","GUJRANWALA","SIALKOT","DASKA","TEHSIL","60 &  ABOVE",63781,35288,28488,5,47229,26035,21190,4,16552,9253,7298,1,NA
"PUNJAB","GUJRANWALA","SIALKOT","DASKA","TEHSIL","65 &  ABOVE",40002,22278,17719,5,29967,16695,13268,4,10035,5583,4451,1,NA
"PUNJAB","GUJRANWALA","SIALKOT","PASRUR","TEHSIL","ALL AGES",970043,490047,479895,101,838242,422856,415352,34,131801,67191,64543,67,NA
"PUNJAB","GUJRANWALA","SIALKOT","PASRUR","TEHSIL","UNDER 1",23605,12522,11083,NA,20764,11059,9705,NA,2841,1463,1378,NA,NA
"PUNJAB","GUJRANWALA","SIALKOT","PASRUR","TEHSIL","UNDER 5",137840,72150,65690,NA,119645,62599,57046,NA,18195,9551,8644,NA,NA
"PUNJAB","GUJRANWALA","SIALKOT","PASRUR","TEHSIL","UNDER 10",252880,131038,121842,NA,219768,113753,106015,NA,33112,17285,15827,NA,NA
"PUNJAB","GUJRANWALA","SIALKOT","PASRUR","TEHSIL","UNDER 15",369823,192405,177416,2,320519,166542,153976,1,49304,25863,23440,1,NA
"PUNJAB","GUJRANWALA","SIALKOT","PASRUR","TEHSIL","05 - 24",424539,216781,207734,24,367549,187242,180292,15,56990,29539,27442,9,NA
"PUNJAB","GUJRANWALA","SIALKOT","PASRUR","TEHSIL","15 - 49",471781,229036,242661,84,406212,196813,209373,26,65569,32223,33288,58,NA
"PUNJAB","GUJRANWALA","SIALKOT","PASRUR","TEHSIL","15 - 64",557090,274260,282732,98,479607,235643,243932,32,77483,38617,38800,66,NA
"PUNJAB","GUJRANWALA","SIALKOT","PASRUR","TEHSIL","18 - 60",476923,232337,244497,89,410368,199553,210790,25,66555,32784,33707,64,NA
"PUNJAB","GUJRANWALA","SIALKOT","PASRUR","TEHSIL","18 &  ABOVE",536366,264743,271530,93,462534,227974,234533,27,73832,36769,36997,66,NA
"PUNJAB","GUJRANWALA","SIALKOT","PASRUR","TEHSIL","60 &  ABOVE",65415,35540,29871,4,57398,31161,26235,2,8017,4379,3636,2,NA
"PUNJAB","GUJRANWALA","SIALKOT","PASRUR","TEHSIL","65 &  ABOVE",43130,23382,19747,1,38116,20671,17444,1,5014,2711,2303,NA,NA
"PUNJAB","GUJRANWALA","SIALKOT","SAMBRIAL","TEHSIL","ALL AGES",460280,231496,228723,61,318373,159343,159010,20,141907,72153,69713,41,NA
"PUNJAB","GUJRANWALA","SIALKOT","SAMBRIAL","TEHSIL","UNDER 1",8919,4568,4351,NA,6288,3219,3069,NA,2631,1349,1282,NA,NA
"PUNJAB","GUJRANWALA","SIALKOT","SAMBRIAL","TEHSIL","UNDER 5",57831,29748,28083,NA,39625,20264,19361,NA,18206,9484,8722,NA,NA
"PUNJAB","GUJRANWALA","SIALKOT","SAMBRIAL","TEHSIL","UNDER 10",110048,56248,53800,NA,76052,38785,37267,NA,33996,17463,16533,NA,NA
"PUNJAB","GUJRANWALA","SIALKOT","SAMBRIAL","TEHSIL","UNDER 15",162554,83540,79012,2,112161,57498,54663,NA,50393,26042,24349,2,NA
"PUNJAB","GUJRANWALA","SIALKOT","SAMBRIAL","TEHSIL","05 - 24",195787,99077,96702,8,135487,68418,67066,3,60300,30659,29636,5,NA
"PUNJAB","GUJRANWALA","SIALKOT","SAMBRIAL","TEHSIL","15 - 49",232860,112921,119887,52,160147,77053,83076,18,72713,35868,36811,34,NA
"PUNJAB","GUJRANWALA","SIALKOT","SAMBRIAL","TEHSIL","15 - 64",277089,136235,140795,59,190973,93284,97669,20,86116,42951,43126,39,NA
"PUNJAB","GUJRANWALA","SIALKOT","SAMBRIAL","TEHSIL","18 - 60",239260,116429,122773,58,164641,79432,85189,20,74619,36997,37584,38,NA
"PUNJAB","GUJRANWALA","SIALKOT","SAMBRIAL","TEHSIL","18 &  ABOVE",268724,133168,135498,58,186161,91564,94577,20,82563,41604,40921,38,NA
"PUNJAB","GUJRANWALA","SIALKOT","SAMBRIAL","TEHSIL","60 &  ABOVE",32572,18359,14213,NA,23639,13216,10423,NA,8933,5143,3790,NA,NA
"PUNJAB","GUJRANWALA","SIALKOT","SAMBRIAL","TEHSIL","65 &  ABOVE",20637,11721,8916,NA,15239,8561,6678,NA,5398,3160,2238,NA,NA
"PUNJAB","GUJRANWALA","SIALKOT","SIALKOT","TEHSIL","ALL AGES",2061644,1046619,1014451,574,1139295,572081,567138,76,922349,474538,447313,498,NA
"PUNJAB","GUJRANWALA","SIALKOT","SIALKOT","TEHSIL","UNDER 1",41662,21531,20131,NA,23606,11978,11628,NA,18056,9553,8503,NA,NA
"PUNJAB","GUJRANWALA","SIALKOT","SIALKOT","TEHSIL","UNDER 5",276155,143048,133107,NA,157596,81328,76268,NA,118559,61720,56839,NA,NA
"PUNJAB","GUJRANWALA","SIALKOT","SIALKOT","TEHSIL","UNDER 10",506296,261210,245086,NA,287422,147755,139667,NA,218874,113455,105419,NA,NA
"PUNJAB","GUJRANWALA","SIALKOT","SIALKOT","TEHSIL","UNDER 15",738845,382363,356090,392,417705,215295,202409,1,321140,167068,153681,391,NA
"PUNJAB","GUJRANWALA","SIALKOT","SIALKOT","TEHSIL","05 - 24",858334,439742,418145,447,482306,245047,237240,19,376028,194695,180905,428,NA
"PUNJAB","GUJRANWALA","SIALKOT","SIALKOT","TEHSIL","15 - 49",1041974,513018,528798,158,569586,275412,294107,67,472388,237606,234691,91,NA
"PUNJAB","GUJRANWALA","SIALKOT","SIALKOT","TEHSIL","15 - 64",1236056,615283,620594,179,673784,330084,343626,74,562272,285199,276968,105,NA
"PUNJAB","GUJRANWALA","SIALKOT","SIALKOT","TEHSIL","18 - 60",1071948,529212,542565,171,581980,282298,299612,70,489968,246914,242953,101,NA
"PUNJAB","GUJRANWALA","SIALKOT","SIALKOT","TEHSIL","18 &  ABOVE",1196616,599080,597362,174,650138,320187,329880,71,546478,278893,267482,103,NA
"PUNJAB","GUJRANWALA","SIALKOT","SIALKOT","TEHSIL","60 &  ABOVE",139718,77771,61941,6,76320,42180,34139,1,63398,35591,27802,5,NA
"PUNJAB","GUJRANWALA","SIALKOT","SIALKOT","TEHSIL","65 &  ABOVE",86743,48973,37767,3,47806,26702,21103,1,38937,22271,16664,2,NA
"PUNJAB","FAISALABAD","TOBA TEK SINGH","GOJRA","TEHSIL","ALL AGES",755579,387978,367557,44,541230,277914,263306,10,214349,110064,104251,34,NA
"PUNJAB","FAISALABAD","TOBA TEK SINGH","GOJRA","TEHSIL","UNDER 1",17109,9016,8093,NA,12260,6443,5817,NA,4849,2573,2276,NA,NA
"PUNJAB","FAISALABAD","TOBA TEK SINGH","GOJRA","TEHSIL","UNDER 5",95668,49644,46024,NA,69315,35842,33473,NA,26353,13802,12551,NA,NA
"PUNJAB","FAISALABAD","TOBA TEK SINGH","GOJRA","TEHSIL","UNDER 10",181182,93197,87985,NA,131774,67612,64162,NA,49408,25585,23823,NA,NA
"PUNJAB","FAISALABAD","TOBA TEK SINGH","GOJRA","TEHSIL","UNDER 15",265494,136982,128511,1,191091,98239,92851,1,74403,38743,35660,NA,NA
"PUNJAB","FAISALABAD","TOBA TEK SINGH","GOJRA","TEHSIL","05 - 24",310814,159223,151576,15,221768,113538,108225,5,89046,45685,43351,10,NA
"PUNJAB","FAISALABAD","TOBA TEK SINGH","GOJRA","TEHSIL","15 - 49",378970,191036,187898,36,268778,135804,132967,7,110192,55232,54931,29,NA
"PUNJAB","FAISALABAD","TOBA TEK SINGH","GOJRA","TEHSIL","15 - 64",453749,230567,223139,43,322572,164223,158340,9,131177,66344,64799,34,NA
"PUNJAB","FAISALABAD","TOBA TEK SINGH","GOJRA","TEHSIL","18 - 60",392875,198605,194233,37,279232,141521,137705,6,113643,57084,56528,31,NA
"PUNJAB","FAISALABAD","TOBA TEK SINGH","GOJRA","TEHSIL","18 &  ABOVE",444710,227569,217103,38,318076,163175,154895,6,126634,64394,62208,32,NA
"PUNJAB","FAISALABAD","TOBA TEK SINGH","GOJRA","TEHSIL","60 &  ABOVE",56732,31469,25260,3,42348,23435,18912,1,14384,8034,6348,2,NA
"PUNJAB","FAISALABAD","TOBA TEK SINGH","GOJRA","TEHSIL","65 &  ABOVE",36336,20429,15907,NA,27567,15452,12115,NA,8769,4977,3792,NA,NA
"PUNJAB","FAISALABAD","TOBA TEK SINGH","KAMALIA","TEHSIL","ALL AGES",422477,216549,205877,51,255860,131267,124583,10,166617,85282,81294,41,NA
"PUNJAB","FAISALABAD","TOBA TEK SINGH","KAMALIA","TEHSIL","UNDER 1",8711,4412,4299,NA,5431,2727,2704,NA,3280,1685,1595,NA,NA
"PUNJAB","FAISALABAD","TOBA TEK SINGH","KAMALIA","TEHSIL","UNDER 5",53224,27225,25999,NA,33290,16905,16385,NA,19934,10320,9614,NA,NA
"PUNJAB","FAISALABAD","TOBA TEK SINGH","KAMALIA","TEHSIL","UNDER 10",104798,53422,51376,NA,65803,33406,32397,NA,38995,20016,18979,NA,NA
"PUNJAB","FAISALABAD","TOBA TEK SINGH","KAMALIA","TEHSIL","UNDER 15",152920,78578,74342,NA,95097,48729,46368,NA,57823,29849,27974,NA,NA
"PUNJAB","FAISALABAD","TOBA TEK SINGH","KAMALIA","TEHSIL","05 - 24",178018,91680,86333,5,109019,56287,52731,1,68999,35393,33602,4,NA
"PUNJAB","FAISALABAD","TOBA TEK SINGH","KAMALIA","TEHSIL","15 - 49",210019,106020,103958,41,124124,62840,61274,10,85895,43180,42684,31,NA
"PUNJAB","FAISALABAD","TOBA TEK SINGH","KAMALIA","TEHSIL","15 - 64",250561,127526,122987,48,148515,75750,72755,10,102046,51776,50232,38,NA
"PUNJAB","FAISALABAD","TOBA TEK SINGH","KAMALIA","TEHSIL","18 - 60",216898,109629,107222,47,127912,64750,63152,10,88986,44879,44070,37,NA
"PUNJAB","FAISALABAD","TOBA TEK SINGH","KAMALIA","TEHSIL","18 &  ABOVE",243723,124271,119402,50,144858,74052,70796,10,98865,50219,48606,40,NA
"PUNJAB","FAISALABAD","TOBA TEK SINGH","KAMALIA","TEHSIL","60 &  ABOVE",29434,15910,13521,3,18581,10080,8501,NA,10853,5830,5020,3,NA
"PUNJAB","FAISALABAD","TOBA TEK SINGH","KAMALIA","TEHSIL","65 &  ABOVE",18996,10445,8548,3,12248,6788,5460,NA,6748,3657,3088,3,NA
"PUNJAB","FAISALABAD","TOBA TEK SINGH","PIRMAHAL","TEHSIL","ALL AGES",496636,255241,241334,61,437179,224569,212589,21,59457,30672,28745,40,NA
"PUNJAB","FAISALABAD","TOBA TEK SINGH","PIRMAHAL","TEHSIL","UNDER 1",10936,5728,5208,NA,9870,5178,4692,NA,1066,550,516,NA,NA
"PUNJAB","FAISALABAD","TOBA TEK SINGH","PIRMAHAL","TEHSIL","UNDER 5",64692,33237,31455,NA,57673,29652,28021,NA,7019,3585,3434,NA,NA
"PUNJAB","FAISALABAD","TOBA TEK SINGH","PIRMAHAL","TEHSIL","UNDER 10",127632,65296,62336,NA,113863,58216,55647,NA,13769,7080,6689,NA,NA
"PUNJAB","FAISALABAD","TOBA TEK SINGH","PIRMAHAL","TEHSIL","UNDER 15",186022,96224,89797,1,165128,85252,79875,1,20894,10972,9922,NA,NA
"PUNJAB","FAISALABAD","TOBA TEK SINGH","PIRMAHAL","TEHSIL","05 - 24",212503,109749,102745,9,188123,96881,91239,3,24380,12868,11506,6,NA
"PUNJAB","FAISALABAD","TOBA TEK SINGH","PIRMAHAL","TEHSIL","15 - 49",244973,123642,121286,45,214188,108096,106079,13,30785,15546,15207,32,NA
"PUNJAB","FAISALABAD","TOBA TEK SINGH","PIRMAHAL","TEHSIL","15 - 64",289437,147251,142128,58,253245,128876,124350,19,36192,18375,17778,39,NA
"PUNJAB","FAISALABAD","TOBA TEK SINGH","PIRMAHAL","TEHSIL","18 - 60",250880,126877,123946,57,219296,111085,108193,18,31584,15792,15753,39,NA
"PUNJAB","FAISALABAD","TOBA TEK SINGH","PIRMAHAL","TEHSIL","18 &  ABOVE",280804,143458,137286,60,245755,125736,119999,20,35049,17722,17287,40,NA
"PUNJAB","FAISALABAD","TOBA TEK SINGH","PIRMAHAL","TEHSIL","60 &  ABOVE",33009,18112,14894,3,29199,16015,13182,2,3810,2097,1712,1,NA
"PUNJAB","FAISALABAD","TOBA TEK SINGH","PIRMAHAL","TEHSIL","65 &  ABOVE",21177,11766,9409,2,18806,10441,8364,1,2371,1325,1045,1,NA
"PUNJAB","FAISALABAD","TOBA TEK SINGH","TOBA TEK SINGH","TEHSIL","ALL AGES",849352,435878,413394,80,726250,373244,352956,50,123102,62634,60438,30,NA
"PUNJAB","FAISALABAD","TOBA TEK SINGH","TOBA TEK SINGH","TEHSIL","UNDER 1",17770,9336,8434,NA,15593,8175,7418,NA,2177,1161,1016,NA,NA
"PUNJAB","FAISALABAD","TOBA TEK SINGH","TOBA TEK SINGH","TEHSIL","UNDER 5",109821,57443,52378,NA,96279,50409,45870,NA,13542,7034,6508,NA,NA
"PUNJAB","FAISALABAD","TOBA TEK SINGH","TOBA TEK SINGH","TEHSIL","UNDER 10",207879,107576,100303,NA,181151,93830,87321,NA,26728,13746,12982,NA,NA
"PUNJAB","FAISALABAD","TOBA TEK SINGH","TOBA TEK SINGH","TEHSIL","UNDER 15",302455,157132,145323,NA,261995,136109,125886,NA,40460,21023,19437,NA,NA
"PUNJAB","FAISALABAD","TOBA TEK SINGH","TOBA TEK SINGH","TEHSIL","05 - 24",348458,179773,168670,15,298293,153998,144286,9,50165,25775,24384,6,NA
"PUNJAB","FAISALABAD","TOBA TEK SINGH","TOBA TEK SINGH","TEHSIL","15 - 49",421351,211524,209752,75,357146,179664,177437,45,64205,31860,32315,30,NA
"PUNJAB","FAISALABAD","TOBA TEK SINGH","TOBA TEK SINGH","TEHSIL","15 - 64",506123,256080,249963,80,428756,217356,211350,50,77367,38724,38613,30,NA
"PUNJAB","FAISALABAD","TOBA TEK SINGH","TOBA TEK SINGH","TEHSIL","18 - 60",437614,219786,217751,77,370657,186553,184057,47,66957,33233,33694,30,NA
"PUNJAB","FAISALABAD","TOBA TEK SINGH","TOBA TEK SINGH","TEHSIL","18 &  ABOVE",496504,252228,244198,78,421537,214627,206862,48,74967,37601,37336,30,NA
"PUNJAB","FAISALABAD","TOBA TEK SINGH","TOBA TEK SINGH","TEHSIL","60 &  ABOVE",63737,35024,28712,1,55018,30278,24739,1,8719,4746,3973,NA,NA
"PUNJAB","FAISALABAD","TOBA TEK SINGH","TOBA TEK SINGH","TEHSIL","65 &  ABOVE",40774,22666,18108,NA,35499,19779,15720,NA,5275,2887,2388,NA,NA
"PUNJAB","MULTAN","VEHARI","BUREWALA","TEHSIL","ALL AGES",1203944,605493,598314,137,842323,424768,417523,32,361621,180725,180791,105,NA
"PUNJAB","MULTAN","VEHARI","BUREWALA","TEHSIL","UNDER 1",27667,13606,14061,NA,19503,9622,9881,NA,8164,3984,4180,NA,NA
"PUNJAB","MULTAN","VEHARI","BUREWALA","TEHSIL","UNDER 5",167016,82615,84401,NA,118129,58478,59651,NA,48887,24137,24750,NA,NA
"PUNJAB","MULTAN","VEHARI","BUREWALA","TEHSIL","UNDER 10",314221,155687,158534,NA,222276,110093,112183,NA,91945,45594,46351,NA,NA
"PUNJAB","MULTAN","VEHARI","BUREWALA","TEHSIL","UNDER 15",455020,226551,228469,NA,319987,159632,160355,NA,135033,66919,68114,NA,NA
"PUNJAB","MULTAN","VEHARI","BUREWALA","TEHSIL","05 - 24",507468,253715,253714,39,354302,177766,176524,12,153166,75949,77190,27,NA
"PUNJAB","MULTAN","VEHARI","BUREWALA","TEHSIL","15 - 49",589610,293324,296166,120,408237,203811,204400,26,181373,89513,91766,94,NA
"PUNJAB","MULTAN","VEHARI","BUREWALA","TEHSIL","15 - 64",702650,353331,349186,133,488270,246265,241974,31,214380,107066,107212,102,NA
"PUNJAB","MULTAN","VEHARI","BUREWALA","TEHSIL","18 - 60",607774,304638,303020,116,422263,212341,209898,24,185511,92297,93122,92,NA
"PUNJAB","MULTAN","VEHARI","BUREWALA","TEHSIL","18 &  ABOVE",676918,342640,334155,123,472589,240005,232557,27,204329,102635,101598,96,NA
"PUNJAB","MULTAN","VEHARI","BUREWALA","TEHSIL","60 &  ABOVE",76192,41588,34596,8,55306,30176,25126,4,20886,11412,9470,4,NA
"PUNJAB","MULTAN","VEHARI","BUREWALA","TEHSIL","65 &  ABOVE",46274,25611,20659,4,34066,18871,15194,1,12208,6740,5465,3,NA
"PUNJAB","MULTAN","VEHARI","MAILSI","TEHSIL","ALL AGES",1118673,566611,551943,119,908099,459456,448561,82,210574,107155,103382,37,NA
"PUNJAB","MULTAN","VEHARI","MAILSI","TEHSIL","UNDER 1",23415,11721,11694,NA,19032,9490,9542,NA,4383,2231,2152,NA,NA
"PUNJAB","MULTAN","VEHARI","MAILSI","TEHSIL","UNDER 5",156865,78534,78331,NA,127003,63496,63507,NA,29862,15038,14824,NA,NA
"PUNJAB","MULTAN","VEHARI","MAILSI","TEHSIL","UNDER 10",302853,152212,150641,NA,246344,123665,122679,NA,56509,28547,27962,NA,NA
"PUNJAB","MULTAN","VEHARI","MAILSI","TEHSIL","UNDER 15",435245,218986,216249,10,353804,177705,176089,10,81441,41281,40160,NA,NA
"PUNJAB","MULTAN","VEHARI","MAILSI","TEHSIL","05 - 24",480203,242009,238150,44,390144,196215,193890,39,90059,45794,44260,5,NA
"PUNJAB","MULTAN","VEHARI","MAILSI","TEHSIL","15 - 49",539192,271032,268063,97,436525,219284,217174,67,102667,51748,50889,30,NA
"PUNJAB","MULTAN","VEHARI","MAILSI","TEHSIL","15 - 64",637906,323285,314513,108,516764,261661,255032,71,121142,61624,59481,37,NA
"PUNJAB","MULTAN","VEHARI","MAILSI","TEHSIL","18 - 60",552721,279528,273097,96,447849,226504,221286,59,104872,53024,51811,37,NA
"PUNJAB","MULTAN","VEHARI","MAILSI","TEHSIL","18 &  ABOVE",616688,313711,302880,97,500432,254575,245797,60,116256,59136,57083,37,NA
"PUNJAB","MULTAN","VEHARI","MAILSI","TEHSIL","60 &  ABOVE",70947,37741,33205,1,58212,30917,27294,1,12735,6824,5911,NA,NA
"PUNJAB","MULTAN","VEHARI","MAILSI","TEHSIL","65 &  ABOVE",45522,24340,21181,1,37531,20090,17440,1,7991,4250,3741,NA,NA
"PUNJAB","MULTAN","VEHARI","VEHARI","TEHSIL","ALL AGES",1105574,561561,543830,183,895305,455391,439788,126,210269,106170,104042,57,NA
"PUNJAB","MULTAN","VEHARI","VEHARI","TEHSIL","UNDER 1",31749,16066,15683,NA,26073,13239,12834,NA,5676,2827,2849,NA,NA
"PUNJAB","MULTAN","VEHARI","VEHARI","TEHSIL","UNDER 5",185169,94883,90286,NA,151229,77699,73530,NA,33940,17184,16756,NA,NA
"PUNJAB","MULTAN","VEHARI","VEHARI","TEHSIL","UNDER 10",323682,164704,158978,NA,265450,135285,130165,NA,58232,29419,28813,NA,NA
"PUNJAB","MULTAN","VEHARI","VEHARI","TEHSIL","UNDER 15",447694,227137,220540,17,366395,186035,180348,12,81299,41102,40192,5,NA
"PUNJAB","MULTAN","VEHARI","VEHARI","TEHSIL","05 - 24",454498,228728,225689,81,369322,186062,183192,68,85176,42666,42497,13,NA
"PUNJAB","MULTAN","VEHARI","VEHARI","TEHSIL","15 - 49",520905,261223,259534,148,418045,210190,207748,107,102860,51033,51786,41,NA
"PUNJAB","MULTAN","VEHARI","VEHARI","TEHSIL","15 - 64",616728,311913,304650,165,494792,250733,243946,113,121936,61180,60704,52,NA
"PUNJAB","MULTAN","VEHARI","VEHARI","TEHSIL","18 - 60",534943,269740,265059,144,429141,216848,212199,94,105802,52892,52860,50,NA
"PUNJAB","MULTAN","VEHARI","VEHARI","TEHSIL","18 &  ABOVE",594872,302365,292361,146,478212,243457,234660,95,116660,58908,57701,51,NA
"PUNJAB","MULTAN","VEHARI","VEHARI","TEHSIL","60 &  ABOVE",65727,35698,30026,3,53754,29094,24659,1,11973,6604,5367,2,NA
"PUNJAB","MULTAN","VEHARI","VEHARI","TEHSIL","65 &  ABOVE",41152,22511,18640,1,34118,18623,15494,1,7034,3888,3146,NA,NA
"SINDH","HYDERABAD","BADIN","BADIN","TALUKA","ALL AGES",488722,254879,233825,18,347159,181556,165595,8,141563,73323,68230,10,NA
"SINDH","HYDERABAD","BADIN","BADIN","TALUKA","UNDER 1",9818,5208,4610,NA,7001,3720,3281,NA,2817,1488,1329,NA,NA
"SINDH","HYDERABAD","BADIN","BADIN","TALUKA","UNDER 5",77323,40183,37140,NA,57100,29703,27397,NA,20223,10480,9743,NA,NA
"SINDH","HYDERABAD","BADIN","BADIN","TALUKA","UNDER 10",154819,80559,74260,NA,114080,59567,54513,NA,40739,20992,19747,NA,NA
"SINDH","HYDERABAD","BADIN","BADIN","TALUKA","UNDER 15",213225,111839,101384,2,155914,82209,73703,2,57311,29630,27681,NA,NA
"SINDH","HYDERABAD","BADIN","BADIN","TALUKA","05 - 24",221103,115935,105159,9,158257,83540,74710,7,62846,32395,30449,2,NA
"SINDH","HYDERABAD","BADIN","BADIN","TALUKA","15 - 49",225164,116390,108765,9,156014,80742,75267,5,69150,35648,33498,4,NA
"SINDH","HYDERABAD","BADIN","BADIN","TALUKA","15 - 64",260524,135384,125126,14,180387,93750,86631,6,80137,41634,38495,8,NA
"SINDH","HYDERABAD","BADIN","BADIN","TALUKA","18 - 60",225631,116572,109049,10,156264,80611,75650,3,69367,35961,33399,7,NA
"SINDH","HYDERABAD","BADIN","BADIN","TALUKA","18 &  ABOVE",246703,127314,119377,12,171364,88340,83021,3,75339,38974,36356,9,NA
"SINDH","HYDERABAD","BADIN","BADIN","TALUKA","60 &  ABOVE",23060,11899,11156,5,16482,8538,7943,1,6578,3361,3213,4,NA
"SINDH","HYDERABAD","BADIN","BADIN","TALUKA","65 &  ABOVE",14973,7656,7315,2,10858,5597,5261,NA,4115,2059,2054,2,NA
"SINDH","HYDERABAD","BADIN","GOLARCHI (S.F.RAHU)","TALUKA","ALL AGES",374854,195987,178865,2,317766,166140,151625,1,57088,29847,27240,1,NA
"SINDH","HYDERABAD","BADIN","GOLARCHI (S.F.RAHU)","TALUKA","UNDER 1",8160,4202,3958,NA,6864,3564,3300,NA,1296,638,658,NA,NA
"SINDH","HYDERABAD","BADIN","GOLARCHI (S.F.RAHU)","TALUKA","UNDER 5",66203,34389,31814,NA,57090,29724,27366,NA,9113,4665,4448,NA,NA
"SINDH","HYDERABAD","BADIN","GOLARCHI (S.F.RAHU)","TALUKA","UNDER 10",129712,68038,61674,NA,111527,58483,53044,NA,18185,9555,8630,NA,NA
"SINDH","HYDERABAD","BADIN","GOLARCHI (S.F.RAHU)","TALUKA","UNDER 15",175011,92513,82498,NA,149783,79224,70559,NA,25228,13289,11939,NA,NA
"SINDH","HYDERABAD","BADIN","GOLARCHI (S.F.RAHU)","TALUKA","05 - 24",174863,92287,82576,NA,147895,78025,69870,NA,26968,14262,12706,NA,NA
"SINDH","HYDERABAD","BADIN","GOLARCHI (S.F.RAHU)","TALUKA","15 - 49",164454,84633,79820,1,137839,70882,66956,1,26615,13751,12864,NA,NA
"SINDH","HYDERABAD","BADIN","GOLARCHI (S.F.RAHU)","TALUKA","15 - 64",188952,97835,91115,2,158614,82060,76553,1,30338,15775,14562,1,NA
"SINDH","HYDERABAD","BADIN","GOLARCHI (S.F.RAHU)","TALUKA","18 - 60",164488,84476,80010,2,138139,70869,67269,1,26349,13607,12741,1,NA
"SINDH","HYDERABAD","BADIN","GOLARCHI (S.F.RAHU)","TALUKA","18 &  ABOVE",179414,92191,87221,2,150980,77510,73469,1,28434,14681,13752,1,NA
"SINDH","HYDERABAD","BADIN","GOLARCHI (S.F.RAHU)","TALUKA","60 &  ABOVE",16360,8548,7812,NA,14058,7343,6715,NA,2302,1205,1097,NA,NA
"SINDH","HYDERABAD","BADIN","GOLARCHI (S.F.RAHU)","TALUKA","65 &  ABOVE",10891,5639,5252,NA,9369,4856,4513,NA,1522,783,739,NA,NA
"SINDH","HYDERABAD","BADIN","MATLI","TALUKA","ALL AGES",471100,244672,226398,30,359737,186676,173049,12,111363,57996,53349,18,NA
"SINDH","HYDERABAD","BADIN","MATLI","TALUKA","UNDER 1",9637,4940,4697,NA,7517,3848,3669,NA,2120,1092,1028,NA,NA
"SINDH","HYDERABAD","BADIN","MATLI","TALUKA","UNDER 5",71166,36740,34426,NA,56926,29239,27687,NA,14240,7501,6739,NA,NA
"SINDH","HYDERABAD","BADIN","MATLI","TALUKA","UNDER 10",145052,75422,69630,NA,115532,59994,55538,NA,29520,15428,14092,NA,NA
"SINDH","HYDERABAD","BADIN","MATLI","TALUKA","UNDER 15",199964,104439,95524,1,158082,82578,75503,1,41882,21861,20021,NA,NA
"SINDH","HYDERABAD","BADIN","MATLI","TALUKA","05 - 24",214503,112072,102423,8,165608,86742,78858,8,48895,25330,23565,NA,NA
"SINDH","HYDERABAD","BADIN","MATLI","TALUKA","15 - 49",222257,114861,107372,24,165665,85520,80137,8,56592,29341,27235,16,NA
"SINDH","HYDERABAD","BADIN","MATLI","TALUKA","15 - 64",257038,133310,123701,27,191109,98940,92159,10,65929,34370,31542,17,NA
"SINDH","HYDERABAD","BADIN","MATLI","TALUKA","18 - 60",224357,115794,108543,20,166923,85892,81028,3,57434,29902,27515,17,NA
"SINDH","HYDERABAD","BADIN","MATLI","TALUKA","18 &  ABOVE",244546,125678,118846,22,181860,93153,88703,4,62686,32525,30143,18,NA
"SINDH","HYDERABAD","BADIN","MATLI","TALUKA","60 &  ABOVE",21846,10826,11018,2,16131,7927,8203,1,5715,2899,2815,1,NA
"SINDH","HYDERABAD","BADIN","MATLI","TALUKA","65 &  ABOVE",14098,6923,7173,2,10546,5158,5387,1,3552,1765,1786,1,NA
"SINDH","HYDERABAD","BADIN","TALHAR","TALUKA","ALL AGES",184206,94961,89234,11,135462,69857,65601,4,48744,25104,23633,7,NA
"SINDH","HYDERABAD","BADIN","TALHAR","TALUKA","UNDER 1",3118,1544,1574,NA,2189,1056,1133,NA,929,488,441,NA,NA
"SINDH","HYDERABAD","BADIN","TALHAR","TALUKA","UNDER 5",26886,13505,13381,NA,20100,10021,10079,NA,6786,3484,3302,NA,NA
"SINDH","HYDERABAD","BADIN","TALHAR","TALUKA","UNDER 10",56631,29079,27552,NA,43003,22013,20990,NA,13628,7066,6562,NA,NA
"SINDH","HYDERABAD","BADIN","TALHAR","TALUKA","UNDER 15",78166,40387,37777,2,59202,30598,28602,2,18964,9789,9175,NA,NA
"SINDH","HYDERABAD","BADIN","TALHAR","TALUKA","05 - 24",84547,43975,40569,3,63418,33075,30340,3,21129,10900,10229,NA,NA
"SINDH","HYDERABAD","BADIN","TALHAR","TALUKA","15 - 49",87119,44687,42425,7,62860,32246,30612,2,24259,12441,11813,5,NA
"SINDH","HYDERABAD","BADIN","TALHAR","TALUKA","15 - 64",100374,51726,48639,9,72271,37245,35024,2,28103,14481,13615,7,NA
"SINDH","HYDERABAD","BADIN","TALHAR","TALUKA","18 - 60",87474,44854,42612,8,62966,32259,30706,1,24508,12595,11906,7,NA
"SINDH","HYDERABAD","BADIN","TALHAR","TALUKA","18 &  ABOVE",95445,48841,46596,8,68595,35087,33507,1,26850,13754,13089,7,NA
"SINDH","HYDERABAD","BADIN","TALHAR","TALUKA","60 &  ABOVE",8682,4393,4289,NA,6129,3116,3013,NA,2553,1277,1276,NA,NA
"SINDH","HYDERABAD","BADIN","TALHAR","TALUKA","65 &  ABOVE",5666,2848,2818,NA,3989,2014,1975,NA,1677,834,843,NA,NA
"SINDH","HYDERABAD","BADIN","TANDO BAGO","TALUKA","ALL AGES",426535,221557,204965,13,356443,185480,170953,10,70092,36077,34012,3,NA
"SINDH","HYDERABAD","BADIN","TANDO BAGO","TALUKA","UNDER 1",8195,4186,4009,NA,6725,3432,3293,NA,1470,754,716,NA,NA
"SINDH","HYDERABAD","BADIN","TANDO BAGO","TALUKA","UNDER 5",69286,35274,34012,NA,58724,30021,28703,NA,10562,5253,5309,NA,NA
"SINDH","HYDERABAD","BADIN","TANDO BAGO","TALUKA","UNDER 10",139335,72182,67153,NA,118147,61378,56769,NA,21188,10804,10384,NA,NA
"SINDH","HYDERABAD","BADIN","TANDO BAGO","TALUKA","UNDER 15",189419,99076,90338,5,160249,84115,76129,5,29170,14961,14209,NA,NA
"SINDH","HYDERABAD","BADIN","TANDO BAGO","TALUKA","05 - 24",193136,101741,91390,5,162010,85575,76430,5,31126,16166,14960,NA,NA
"SINDH","HYDERABAD","BADIN","TANDO BAGO","TALUKA","15 - 49",194434,100198,94233,3,161054,83019,78033,2,33380,17179,16200,1,NA
"SINDH","HYDERABAD","BADIN","TANDO BAGO","TALUKA","15 - 64",223696,115726,107965,5,185045,95753,89290,2,38651,19973,18675,3,NA
"SINDH","HYDERABAD","BADIN","TANDO BAGO","TALUKA","18 - 60",195615,100429,95181,5,161750,83013,78735,2,33865,17416,16446,3,NA
"SINDH","HYDERABAD","BADIN","TANDO BAGO","TALUKA","18 &  ABOVE",214199,109692,104499,8,177114,90657,86452,5,37085,19035,18047,3,NA
"SINDH","HYDERABAD","BADIN","TANDO BAGO","TALUKA","60 &  ABOVE",20184,10184,9996,4,16713,8430,8280,3,3471,1754,1716,1,NA
"SINDH","HYDERABAD","BADIN","TANDO BAGO","TALUKA","65 &  ABOVE",13420,6755,6662,3,11149,5612,5534,3,2271,1143,1128,NA,NA
"SINDH","HYDERABAD","DADU","DADU","TALUKA","ALL AGES",508607,257678,250907,22,307590,156218,151366,6,201017,101460,99541,16,NA
"SINDH","HYDERABAD","DADU","DADU","TALUKA","UNDER 1",7791,3915,3876,NA,4763,2408,2355,NA,3028,1507,1521,NA,NA
"SINDH","HYDERABAD","DADU","DADU","TALUKA","UNDER 5",73694,37129,36565,NA,46386,23300,23086,NA,27308,13829,13479,NA,NA
"SINDH","HYDERABAD","DADU","DADU","TALUKA","UNDER 10",149948,75280,74668,NA,95202,47789,47413,NA,54746,27491,27255,NA,NA
"SINDH","HYDERABAD","DADU","DADU","TALUKA","UNDER 15",210831,105633,105197,1,132979,66576,66402,1,77852,39057,38795,NA,NA
"SINDH","HYDERABAD","DADU","DADU","TALUKA","05 - 24",238356,119574,118774,8,146914,73914,72997,3,91442,45660,45777,5,NA
"SINDH","HYDERABAD","DADU","DADU","TALUKA","15 - 49",243757,123467,120273,17,143084,72959,70121,4,100673,50508,50152,13,NA
"SINDH","HYDERABAD","DADU","DADU","TALUKA","15 - 64",282711,144419,138273,19,165588,84992,80591,5,117123,59427,57682,14,NA
"SINDH","HYDERABAD","DADU","DADU","TALUKA","18 - 60",241722,123342,118363,17,141129,72496,68629,4,100593,50846,49734,13,NA
"SINDH","HYDERABAD","DADU","DADU","TALUKA","18 &  ABOVE",263806,134716,129071,19,154293,79332,74957,4,109513,55384,54114,15,NA
"SINDH","HYDERABAD","DADU","DADU","TALUKA","60 &  ABOVE",24307,12584,11721,2,14479,7552,6927,NA,9828,5032,4794,2,NA
"SINDH","HYDERABAD","DADU","DADU","TALUKA","65 &  ABOVE",15065,7626,7437,2,9023,4650,4373,NA,6042,2976,3064,2,NA
"SINDH","HYDERABAD","DADU","JOHI","TALUKA","ALL AGES",333179,170008,163162,9,293093,149667,143419,7,40086,20341,19743,2,NA
"SINDH","HYDERABAD","DADU","JOHI","TALUKA","UNDER 1",5828,2945,2883,NA,4846,2470,2376,NA,982,475,507,NA,NA
"SINDH","HYDERABAD","DADU","JOHI","TALUKA","UNDER 5",56640,28623,28017,NA,49228,24861,24367,NA,7412,3762,3650,NA,NA
"SINDH","HYDERABAD","DADU","JOHI","TALUKA","UNDER 10",109568,55490,54078,NA,96368,48708,47660,NA,13200,6782,6418,NA,NA
"SINDH","HYDERABAD","DADU","JOHI","TALUKA","UNDER 15",151853,77467,74382,4,133763,68169,65591,3,18090,9298,8791,1,NA
"SINDH","HYDERABAD","DADU","JOHI","TALUKA","05 - 24",154985,79616,75361,8,136628,70223,66399,6,18357,9393,8962,2,NA
"SINDH","HYDERABAD","DADU","JOHI","TALUKA","15 - 49",144548,73335,71208,5,126642,64388,62250,4,17906,8947,8958,1,NA
"SINDH","HYDERABAD","DADU","JOHI","TALUKA","15 - 64",169824,86679,83140,5,149024,76217,72803,4,20800,10462,10337,1,NA
"SINDH","HYDERABAD","DADU","JOHI","TALUKA","18 - 60",145226,73725,71498,3,127587,64849,62736,2,17639,8876,8762,1,NA
"SINDH","HYDERABAD","DADU","JOHI","TALUKA","18 &  ABOVE",161527,82049,79475,3,142135,72308,69825,2,19392,9741,9650,1,NA
"SINDH","HYDERABAD","DADU","JOHI","TALUKA","60 &  ABOVE",17693,9115,8578,NA,15787,8167,7620,NA,1906,948,958,NA,NA
"SINDH","HYDERABAD","DADU","JOHI","TALUKA","65 &  ABOVE",11502,5862,5640,NA,10306,5281,5025,NA,1196,581,615,NA,NA
"SINDH","HYDERABAD","DADU","KHAIRPUR NATHAN SHAH","TALUKA","ALL AGES",379962,192037,187903,22,296429,150265,146148,16,83533,41772,41755,6,NA
"SINDH","HYDERABAD","DADU","KHAIRPUR NATHAN SHAH","TALUKA","UNDER 1",6036,3114,2922,NA,4723,2434,2289,NA,1313,680,633,NA,NA
"SINDH","HYDERABAD","DADU","KHAIRPUR NATHAN SHAH","TALUKA","UNDER 5",59038,29416,29622,NA,47421,23633,23788,NA,11617,5783,5834,NA,NA
"SINDH","HYDERABAD","DADU","KHAIRPUR NATHAN SHAH","TALUKA","UNDER 10",117810,58796,59014,NA,93943,46960,46983,NA,23867,11836,12031,NA,NA
"SINDH","HYDERABAD","DADU","KHAIRPUR NATHAN SHAH","TALUKA","UNDER 15",164715,82513,82201,1,130628,65605,65022,1,34087,16908,17179,NA,NA
"SINDH","HYDERABAD","DADU","KHAIRPUR NATHAN SHAH","TALUKA","05 - 24",182565,91952,90602,11,142768,72265,70492,11,39797,19687,20110,NA,NA
"SINDH","HYDERABAD","DADU","KHAIRPUR NATHAN SHAH","TALUKA","15 - 49",175846,89324,86505,17,135137,69000,66124,13,40709,20324,20381,4,NA
"SINDH","HYDERABAD","DADU","KHAIRPUR NATHAN SHAH","TALUKA","15 - 64",203899,103905,99974,20,156727,80166,76546,15,47172,23739,23428,5,NA
"SINDH","HYDERABAD","DADU","KHAIRPUR NATHAN SHAH","TALUKA","18 - 60",173532,88290,85226,16,133271,68042,65218,11,40261,20248,20008,5,NA
"SINDH","HYDERABAD","DADU","KHAIRPUR NATHAN SHAH","TALUKA","18 &  ABOVE",190059,96423,93619,17,146410,74508,71891,11,43649,21915,21728,6,NA
"SINDH","HYDERABAD","DADU","KHAIRPUR NATHAN SHAH","TALUKA","60 &  ABOVE",18019,8936,9082,1,14313,7098,7215,NA,3706,1838,1867,1,NA
"SINDH","HYDERABAD","DADU","KHAIRPUR NATHAN SHAH","TALUKA","65 &  ABOVE",11348,5619,5728,1,9074,4494,4580,NA,2274,1125,1148,1,NA
"SINDH","HYDERABAD","DADU","MEHAR","TALUKA","ALL AGES",520559,264064,256462,33,406174,206717,199449,8,114385,57347,57013,25,NA
"SINDH","HYDERABAD","DADU","MEHAR","TALUKA","UNDER 1",7803,3902,3901,NA,5947,2940,3007,NA,1856,962,894,NA,NA
"SINDH","HYDERABAD","DADU","MEHAR","TALUKA","UNDER 5",84547,42552,41995,NA,67481,33875,33606,NA,17066,8677,8389,NA,NA
"SINDH","HYDERABAD","DADU","MEHAR","TALUKA","UNDER 10",165934,83978,81956,NA,132323,66785,65538,NA,33611,17193,16418,NA,NA
"SINDH","HYDERABAD","DADU","MEHAR","TALUKA","UNDER 15",231330,117034,114296,NA,184241,93234,91007,NA,47089,23800,23289,NA,NA
"SINDH","HYDERABAD","DADU","MEHAR","TALUKA","05 - 24",251490,127053,124426,11,197781,100456,97324,1,53709,26597,27102,10,NA
"SINDH","HYDERABAD","DADU","MEHAR","TALUKA","15 - 49",237270,120270,116971,29,181864,92837,89021,6,55406,27433,27950,23,NA
"SINDH","HYDERABAD","DADU","MEHAR","TALUKA","15 - 64",273977,139402,134542,33,210230,107599,102623,8,63747,31803,31919,25,NA
"SINDH","HYDERABAD","DADU","MEHAR","TALUKA","18 - 60",232593,118344,114219,30,178144,91092,87044,8,54449,27252,27175,22,NA
"SINDH","HYDERABAD","DADU","MEHAR","TALUKA","18 &  ABOVE",254774,129443,125301,30,195193,99671,95514,8,59581,29772,29787,22,NA
"SINDH","HYDERABAD","DADU","MEHAR","TALUKA","60 &  ABOVE",24098,12183,11915,NA,18493,9403,9090,NA,5605,2780,2825,NA,NA
"SINDH","HYDERABAD","DADU","MEHAR","TALUKA","65 &  ABOVE",15252,7628,7624,NA,11703,5884,5819,NA,3549,1744,1805,NA,NA
"SINDH","SUKKUR","GHOTKI","DAHARKI","TALUKA","ALL AGES",335145,174433,160706,6,244968,127570,117395,3,90177,46863,43311,3,NA
"SINDH","SUKKUR","GHOTKI","DAHARKI","TALUKA","UNDER 1",6980,3621,3359,NA,5330,2766,2564,NA,1650,855,795,NA,NA
"SINDH","SUKKUR","GHOTKI","DAHARKI","TALUKA","UNDER 5",53271,27275,25996,NA,41096,21013,20083,NA,12175,6262,5913,NA,NA
"SINDH","SUKKUR","GHOTKI","DAHARKI","TALUKA","UNDER 10",107024,55415,51609,NA,82445,42650,39795,NA,24579,12765,11814,NA,NA
"SINDH","SUKKUR","GHOTKI","DAHARKI","TALUKA","UNDER 15",147669,77194,70474,1,112327,58836,53490,1,35342,18358,16984,NA,NA
"SINDH","SUKKUR","GHOTKI","DAHARKI","TALUKA","05 - 24",159609,84301,75306,2,118032,62576,55455,1,41577,21725,19851,1,NA
"SINDH","SUKKUR","GHOTKI","DAHARKI","TALUKA","15 - 49",156196,80794,75398,4,110361,57077,53282,2,45835,23717,22116,2,NA
"SINDH","SUKKUR","GHOTKI","DAHARKI","TALUKA","15 - 64",178277,92593,85679,5,125805,65267,60536,2,52472,27326,25143,3,NA
"SINDH","SUKKUR","GHOTKI","DAHARKI","TALUKA","18 - 60",154708,79845,74858,5,109174,56226,52946,2,45534,23619,21912,3,NA
"SINDH","SUKKUR","GHOTKI","DAHARKI","TALUKA","18 &  ABOVE",167492,86353,81134,5,118521,60981,57538,2,48971,25372,23596,3,NA
"SINDH","SUKKUR","GHOTKI","DAHARKI","TALUKA","60 &  ABOVE",14222,7276,6946,NA,10410,5323,5087,NA,3812,1953,1859,NA,NA
"SINDH","SUKKUR","GHOTKI","DAHARKI","TALUKA","65 &  ABOVE",9199,4646,4553,NA,6836,3467,3369,NA,2363,1179,1184,NA,NA
"SINDH","SUKKUR","GHOTKI","GHOTKI","TALUKA","ALL AGES",540939,280899,260025,15,410014,213036,196973,5,130925,67863,63052,10,NA
"SINDH","SUKKUR","GHOTKI","GHOTKI","TALUKA","UNDER 1",8129,4177,3952,NA,6152,3105,3047,NA,1977,1072,905,NA,NA
"SINDH","SUKKUR","GHOTKI","GHOTKI","TALUKA","UNDER 5",81576,41785,39791,NA,64045,32662,31383,NA,17531,9123,8408,NA,NA
"SINDH","SUKKUR","GHOTKI","GHOTKI","TALUKA","UNDER 10",164771,85357,79414,NA,129584,67014,62570,NA,35187,18343,16844,NA,NA
"SINDH","SUKKUR","GHOTKI","GHOTKI","TALUKA","UNDER 15",230262,120002,110258,2,180233,93792,86439,2,50029,26210,23819,NA,NA
"SINDH","SUKKUR","GHOTKI","GHOTKI","TALUKA","05 - 24",260705,136363,124338,4,200183,104938,95242,3,60522,31425,29096,1,NA
"SINDH","SUKKUR","GHOTKI","GHOTKI","TALUKA","15 - 49",258510,133320,125180,10,191398,98956,92439,3,67112,34364,32741,7,NA
"SINDH","SUKKUR","GHOTKI","GHOTKI","TALUKA","15 - 64",295779,153233,142533,13,218649,113430,105216,3,77130,39803,37317,10,NA
"SINDH","SUKKUR","GHOTKI","GHOTKI","TALUKA","18 - 60",252911,130581,122319,11,186505,96366,90137,2,66406,34215,32182,9,NA
"SINDH","SUKKUR","GHOTKI","GHOTKI","TALUKA","18 &  ABOVE",274066,141545,132509,12,202253,104614,97637,2,71813,36931,34872,10,NA
"SINDH","SUKKUR","GHOTKI","GHOTKI","TALUKA","60 &  ABOVE",23322,12192,11129,1,17372,9179,8193,NA,5950,3013,2936,1,NA
"SINDH","SUKKUR","GHOTKI","GHOTKI","TALUKA","65 &  ABOVE",14898,7664,7234,NA,11132,5814,5318,NA,3766,1850,1916,NA,NA
"SINDH","SUKKUR","GHOTKI","KHANGARH","TALUKA","ALL AGES",162317,84172,78143,2,129670,67418,62251,1,32647,16754,15892,1,NA
"SINDH","SUKKUR","GHOTKI","KHANGARH","TALUKA","UNDER 1",3034,1558,1476,NA,2413,1247,1166,NA,621,311,310,NA,NA
"SINDH","SUKKUR","GHOTKI","KHANGARH","TALUKA","UNDER 5",27125,13953,13172,NA,22028,11353,10675,NA,5097,2600,2497,NA,NA
"SINDH","SUKKUR","GHOTKI","KHANGARH","TALUKA","UNDER 10",54716,28395,26321,NA,44143,22917,21226,NA,10573,5478,5095,NA,NA
"SINDH","SUKKUR","GHOTKI","KHANGARH","TALUKA","UNDER 15",74114,38655,35458,1,59654,31170,28483,1,14460,7485,6975,NA,NA
"SINDH","SUKKUR","GHOTKI","KHANGARH","TALUKA","05 - 24",78360,40911,37448,1,62610,32719,29890,1,15750,8192,7558,NA,NA
"SINDH","SUKKUR","GHOTKI","KHANGARH","TALUKA","15 - 49",73272,37741,35530,1,58027,29957,28070,NA,15245,7784,7460,1,NA
"SINDH","SUKKUR","GHOTKI","KHANGARH","TALUKA","15 - 64",83879,43396,40482,1,66524,34489,32035,NA,17355,8907,8447,1,NA
"SINDH","SUKKUR","GHOTKI","KHANGARH","TALUKA","18 - 60",72252,37210,35041,1,57360,29621,27739,NA,14892,7589,7302,1,NA
"SINDH","SUKKUR","GHOTKI","KHANGARH","TALUKA","18 &  ABOVE",78276,40226,38049,1,62202,32089,30113,NA,16074,8137,7936,1,NA
"SINDH","SUKKUR","GHOTKI","KHANGARH","TALUKA","60 &  ABOVE",6668,3383,3285,NA,5351,2757,2594,NA,1317,626,691,NA,NA
"SINDH","SUKKUR","GHOTKI","KHANGARH","TALUKA","65 &  ABOVE",4324,2121,2203,NA,3492,1759,1733,NA,832,362,470,NA,NA
"SINDH","SUKKUR","GHOTKI","MIRPUR MATHELO","TALUKA","ALL AGES",350639,181697,168933,9,275996,142822,133169,5,74643,38875,35764,4,NA
"SINDH","SUKKUR","GHOTKI","MIRPUR MATHELO","TALUKA","UNDER 1",6360,3302,3058,NA,5061,2608,2453,NA,1299,694,605,NA,NA
"SINDH","SUKKUR","GHOTKI","MIRPUR MATHELO","TALUKA","UNDER 5",56298,28787,27511,NA,45952,23414,22538,NA,10346,5373,4973,NA,NA
"SINDH","SUKKUR","GHOTKI","MIRPUR MATHELO","TALUKA","UNDER 10",113582,58764,54818,NA,93284,48132,45152,NA,20298,10632,9666,NA,NA
"SINDH","SUKKUR","GHOTKI","MIRPUR MATHELO","TALUKA","UNDER 15",155776,81172,74604,NA,126948,66060,60888,NA,28828,15112,13716,NA,NA
"SINDH","SUKKUR","GHOTKI","MIRPUR MATHELO","TALUKA","05 - 24",166825,87685,79135,5,133085,69914,63166,5,33740,17771,15969,NA,NA
"SINDH","SUKKUR","GHOTKI","MIRPUR MATHELO","TALUKA","15 - 49",162363,83619,78736,8,124206,63856,60345,5,38157,19763,18391,3,NA
"SINDH","SUKKUR","GHOTKI","MIRPUR MATHELO","TALUKA","15 - 64",185616,96023,89584,9,141812,73243,68564,5,43804,22780,21020,4,NA
"SINDH","SUKKUR","GHOTKI","MIRPUR MATHELO","TALUKA","18 - 60",160754,82580,78168,6,122887,63015,59869,3,37867,19565,18299,3,NA
"SINDH","SUKKUR","GHOTKI","MIRPUR MATHELO","TALUKA","18 &  ABOVE",173648,88922,84719,7,132851,67897,64951,3,40797,21025,19768,4,NA
"SINDH","SUKKUR","GHOTKI","MIRPUR MATHELO","TALUKA","60 &  ABOVE",14263,7109,7153,1,11032,5483,5549,NA,3231,1626,1604,1,NA
"SINDH","SUKKUR","GHOTKI","MIRPUR MATHELO","TALUKA","65 &  ABOVE",9247,4502,4745,NA,7236,3519,3717,NA,2011,983,1028,NA,NA
"SINDH","SUKKUR","GHOTKI","UBAURO","TALUKA","ALL AGES",371721,193441,178265,15,320740,167023,153708,9,50981,26418,24557,6,NA
"SINDH","SUKKUR","GHOTKI","UBAURO","TALUKA","UNDER 1",6185,3210,2975,NA,5239,2679,2560,NA,946,531,415,NA,NA
"SINDH","SUKKUR","GHOTKI","UBAURO","TALUKA","UNDER 5",61354,31502,29852,NA,54102,27636,26466,NA,7252,3866,3386,NA,NA
"SINDH","SUKKUR","GHOTKI","UBAURO","TALUKA","UNDER 10",124153,64536,59617,NA,109223,56694,52529,NA,14930,7842,7088,NA,NA
"SINDH","SUKKUR","GHOTKI","UBAURO","TALUKA","UNDER 15",170889,89373,81515,1,149723,78277,71445,1,21166,11096,10070,NA,NA
"SINDH","SUKKUR","GHOTKI","UBAURO","TALUKA","05 - 24",180525,95175,85344,6,156047,82518,73524,5,24478,12657,11820,1,NA
"SINDH","SUKKUR","GHOTKI","UBAURO","TALUKA","15 - 49",166935,86567,80355,13,141953,73717,68229,7,24982,12850,12126,6,NA
"SINDH","SUKKUR","GHOTKI","UBAURO","TALUKA","15 - 64",190524,98948,91563,13,162046,84221,77818,7,28478,14727,13745,6,NA
"SINDH","SUKKUR","GHOTKI","UBAURO","TALUKA","18 - 60",163513,84377,79127,9,139069,71718,67348,3,24444,12659,11779,6,NA
"SINDH","SUKKUR","GHOTKI","UBAURO","TALUKA","18 &  ABOVE",177807,91461,86336,10,151440,77920,73516,4,26367,13541,12820,6,NA
"SINDH","SUKKUR","GHOTKI","UBAURO","TALUKA","60 &  ABOVE",15670,7816,7853,1,13578,6844,6733,1,2092,972,1120,NA,NA
"SINDH","SUKKUR","GHOTKI","UBAURO","TALUKA","65 &  ABOVE",10308,5120,5187,1,8971,4525,4445,1,1337,595,742,NA,NA
"SINDH","HYDERABAD","HYDERABAD","HYDERABAD CITY","TALUKA","ALL AGES",778132,410459,367613,60,NA,NA,NA,NA,778132,410459,367613,60,NA
"SINDH","HYDERABAD","HYDERABAD","HYDERABAD CITY","TALUKA","UNDER 1",15820,8134,7686,NA,NA,NA,NA,NA,15820,8134,7686,NA,NA
"SINDH","HYDERABAD","HYDERABAD","HYDERABAD CITY","TALUKA","UNDER 5",109426,57140,52286,NA,NA,NA,NA,NA,109426,57140,52286,NA,NA
"SINDH","HYDERABAD","HYDERABAD","HYDERABAD CITY","TALUKA","UNDER 10",195002,100936,94066,NA,NA,NA,NA,NA,195002,100936,94066,NA,NA
"SINDH","HYDERABAD","HYDERABAD","HYDERABAD CITY","TALUKA","UNDER 15",276110,143898,132210,2,NA,NA,NA,NA,276110,143898,132210,2,NA
"SINDH","HYDERABAD","HYDERABAD","HYDERABAD CITY","TALUKA","05 - 24",307233,160515,146689,29,NA,NA,NA,NA,307233,160515,146689,29,NA
"SINDH","HYDERABAD","HYDERABAD","HYDERABAD CITY","TALUKA","15 - 49",402332,211350,190933,49,NA,NA,NA,NA,402332,211350,190933,49,NA
"SINDH","HYDERABAD","HYDERABAD","HYDERABAD CITY","TALUKA","15 - 64",475487,252526,222906,55,NA,NA,NA,NA,475487,252526,222906,55,NA
"SINDH","HYDERABAD","HYDERABAD","HYDERABAD CITY","TALUKA","18 - 60",418035,221389,196599,47,NA,NA,NA,NA,418035,221389,196599,47,NA
"SINDH","HYDERABAD","HYDERABAD","HYDERABAD CITY","TALUKA","18 &  ABOVE",456965,242304,214610,51,NA,NA,NA,NA,456965,242304,214610,51,NA
"SINDH","HYDERABAD","HYDERABAD","HYDERABAD CITY","TALUKA","60 &  ABOVE",43732,23616,20110,6,NA,NA,NA,NA,43732,23616,20110,6,NA
"SINDH","HYDERABAD","HYDERABAD","HYDERABAD CITY","TALUKA","65 &  ABOVE",26535,14035,12497,3,NA,NA,NA,NA,26535,14035,12497,3,NA
"SINDH","HYDERABAD","HYDERABAD","HYDERABAD","TALUKA","ALL AGES",511265,270150,241104,11,410161,216718,193436,7,101104,53432,47668,4,NA
"SINDH","HYDERABAD","HYDERABAD","HYDERABAD","TALUKA","UNDER 1",10539,5587,4952,NA,8662,4645,4017,NA,1877,942,935,NA,NA
"SINDH","HYDERABAD","HYDERABAD","HYDERABAD","TALUKA","UNDER 5",82169,43727,38442,NA,67900,36223,31677,NA,14269,7504,6765,NA,NA
"SINDH","HYDERABAD","HYDERABAD","HYDERABAD","TALUKA","UNDER 10",154154,81770,72384,NA,127691,67982,59709,NA,26463,13788,12675,NA,NA
"SINDH","HYDERABAD","HYDERABAD","HYDERABAD","TALUKA","UNDER 15",212543,113538,99002,3,175219,93872,81346,1,37324,19666,17656,2,NA
"SINDH","HYDERABAD","HYDERABAD","HYDERABAD","TALUKA","05 - 24",224673,119729,104935,9,181977,96984,84987,6,42696,22745,19948,3,NA
"SINDH","HYDERABAD","HYDERABAD","HYDERABAD","TALUKA","15 - 49",247287,129279,118001,7,195012,101673,93334,5,52275,27606,24667,2,NA
"SINDH","HYDERABAD","HYDERABAD","HYDERABAD","TALUKA","15 - 64",284774,149409,135357,8,223926,117154,106766,6,60848,32255,28591,2,NA
"SINDH","HYDERABAD","HYDERABAD","HYDERABAD","TALUKA","18 - 60",247604,129050,118551,3,194703,101211,93490,2,52901,27839,25061,1,NA
"SINDH","HYDERABAD","HYDERABAD","HYDERABAD","TALUKA","18 &  ABOVE",267651,139330,128318,3,210355,109202,101151,2,57296,30128,27167,1,NA
"SINDH","HYDERABAD","HYDERABAD","HYDERABAD","TALUKA","60 &  ABOVE",22321,11549,10771,1,17497,9026,8470,1,4824,2523,2301,NA,NA
"SINDH","HYDERABAD","HYDERABAD","HYDERABAD","TALUKA","65 &  ABOVE",13948,7203,6745,NA,11016,5692,5324,NA,2932,1511,1421,NA,NA
"SINDH","HYDERABAD","HYDERABAD","LATIFABAD","TALUKA","ALL AGES",800983,422431,378467,85,NA,NA,NA,NA,800983,422431,378467,85,NA
"SINDH","HYDERABAD","HYDERABAD","LATIFABAD","TALUKA","UNDER 1",20199,10444,9755,NA,NA,NA,NA,NA,20199,10444,9755,NA,NA
"SINDH","HYDERABAD","HYDERABAD","LATIFABAD","TALUKA","UNDER 5",142083,75970,66113,NA,NA,NA,NA,NA,142083,75970,66113,NA,NA
"SINDH","HYDERABAD","HYDERABAD","LATIFABAD","TALUKA","UNDER 10",224490,118081,106409,NA,NA,NA,NA,NA,224490,118081,106409,NA,NA
"SINDH","HYDERABAD","HYDERABAD","LATIFABAD","TALUKA","UNDER 15",301640,159759,141880,1,NA,NA,NA,NA,301640,159759,141880,1,NA
"SINDH","HYDERABAD","HYDERABAD","LATIFABAD","TALUKA","05 - 24",298524,156168,142341,15,NA,NA,NA,NA,298524,156168,142341,15,NA
"SINDH","HYDERABAD","HYDERABAD","LATIFABAD","TALUKA","15 - 49",402440,209525,192846,69,NA,NA,NA,NA,402440,209525,192846,69,NA
"SINDH","HYDERABAD","HYDERABAD","LATIFABAD","TALUKA","15 - 64",474433,249550,224801,82,NA,NA,NA,NA,474433,249550,224801,82,NA
"SINDH","HYDERABAD","HYDERABAD","LATIFABAD","TALUKA","18 - 60",418528,218391,200061,76,NA,NA,NA,NA,418528,218391,200061,76,NA
"SINDH","HYDERABAD","HYDERABAD","LATIFABAD","TALUKA","18 &  ABOVE",455842,238368,217395,79,NA,NA,NA,NA,455842,238368,217395,79,NA
"SINDH","HYDERABAD","HYDERABAD","LATIFABAD","TALUKA","60 &  ABOVE",41701,22435,19259,7,NA,NA,NA,NA,41701,22435,19259,7,NA
"SINDH","HYDERABAD","HYDERABAD","LATIFABAD","TALUKA","65 &  ABOVE",24910,13122,11786,2,NA,NA,NA,NA,24910,13122,11786,2,NA
"SINDH","HYDERABAD","HYDERABAD","QASIMABAD","TALUKA","ALL AGES",342160,186237,155908,15,NA,NA,NA,NA,342160,186237,155908,15,NA
"SINDH","HYDERABAD","HYDERABAD","QASIMABAD","TALUKA","UNDER 1",5315,2832,2483,NA,NA,NA,NA,NA,5315,2832,2483,NA,NA
"SINDH","HYDERABAD","HYDERABAD","QASIMABAD","TALUKA","UNDER 5",44770,24377,20393,NA,NA,NA,NA,NA,44770,24377,20393,NA,NA
"SINDH","HYDERABAD","HYDERABAD","QASIMABAD","TALUKA","UNDER 10",85167,46051,39116,NA,NA,NA,NA,NA,85167,46051,39116,NA,NA
"SINDH","HYDERABAD","HYDERABAD","QASIMABAD","TALUKA","UNDER 15",125834,69159,56675,NA,NA,NA,NA,NA,125834,69159,56675,NA,NA
"SINDH","HYDERABAD","HYDERABAD","QASIMABAD","TALUKA","05 - 24",152093,84389,67698,6,NA,NA,NA,NA,152093,84389,67698,6,NA
"SINDH","HYDERABAD","HYDERABAD","QASIMABAD","TALUKA","15 - 49",177085,95538,81535,12,NA,NA,NA,NA,177085,95538,81535,12,NA
"SINDH","HYDERABAD","HYDERABAD","QASIMABAD","TALUKA","15 - 64",206217,111675,94527,15,NA,NA,NA,NA,206217,111675,94527,15,NA
"SINDH","HYDERABAD","HYDERABAD","QASIMABAD","TALUKA","18 - 60",175677,93682,81982,13,NA,NA,NA,NA,175677,93682,81982,13,NA
"SINDH","HYDERABAD","HYDERABAD","QASIMABAD","TALUKA","18 &  ABOVE",190922,101937,88972,13,NA,NA,NA,NA,190922,101937,88972,13,NA
"SINDH","HYDERABAD","HYDERABAD","QASIMABAD","TALUKA","60 &  ABOVE",17032,9286,7746,NA,NA,NA,NA,NA,17032,9286,7746,NA,NA
"SINDH","HYDERABAD","HYDERABAD","QASIMABAD","TALUKA","65 &  ABOVE",10109,5403,4706,NA,NA,NA,NA,NA,10109,5403,4706,NA,NA
"SINDH","LARKANA","JACOBABAD","GARHI KHAIRO","TALUKA","ALL AGES",193297,97102,96167,28,173290,86937,86350,3,20007,10165,9817,25,NA
"SINDH","LARKANA","JACOBABAD","GARHI KHAIRO","TALUKA","UNDER 1",4603,2244,2359,NA,3932,1891,2041,NA,671,353,318,NA,NA
"SINDH","LARKANA","JACOBABAD","GARHI KHAIRO","TALUKA","UNDER 5",40079,20240,19839,NA,35727,17940,17787,NA,4352,2300,2052,NA,NA
"SINDH","LARKANA","JACOBABAD","GARHI KHAIRO","TALUKA","UNDER 10",76295,38725,37570,NA,68731,34776,33955,NA,7564,3949,3615,NA,NA
"SINDH","LARKANA","JACOBABAD","GARHI KHAIRO","TALUKA","UNDER 15",103136,52167,50967,2,92883,46893,45990,NA,10253,5274,4977,2,NA
"SINDH","LARKANA","JACOBABAD","GARHI KHAIRO","TALUKA","05 - 24",96925,48970,47947,8,87240,44032,43207,1,9685,4938,4740,7,NA
"SINDH","LARKANA","JACOBABAD","GARHI KHAIRO","TALUKA","15 - 49",74770,37278,37470,22,66399,33063,33334,2,8371,4215,4136,20,NA
"SINDH","LARKANA","JACOBABAD","GARHI KHAIRO","TALUKA","15 - 64",86090,43021,43044,25,76660,38272,38386,2,9430,4749,4658,23,NA
"SINDH","LARKANA","JACOBABAD","GARHI KHAIRO","TALUKA","18 - 60",71141,35365,35754,22,63406,31493,31912,1,7735,3872,3842,21,NA
"SINDH","LARKANA","JACOBABAD","GARHI KHAIRO","TALUKA","18 &  ABOVE",77239,38276,38940,23,69016,34186,34828,2,8223,4090,4112,21,NA
"SINDH","LARKANA","JACOBABAD","GARHI KHAIRO","TALUKA","60 &  ABOVE",6724,3233,3490,1,6179,2989,3189,1,545,244,301,NA,NA
"SINDH","LARKANA","JACOBABAD","GARHI KHAIRO","TALUKA","65 &  ABOVE",4071,1914,2156,1,3747,1772,1974,1,324,142,182,NA,NA
"SINDH","LARKANA","JACOBABAD","JACOBABAD","TALUKA","ALL AGES",447647,226993,220600,54,228332,115765,112560,7,219315,111228,108040,47,NA
"SINDH","LARKANA","JACOBABAD","JACOBABAD","TALUKA","UNDER 1",12047,6067,5980,NA,5889,2946,2943,NA,6158,3121,3037,NA,NA
"SINDH","LARKANA","JACOBABAD","JACOBABAD","TALUKA","UNDER 5",92043,47454,44589,NA,48001,24389,23612,NA,44042,23065,20977,NA,NA
"SINDH","LARKANA","JACOBABAD","JACOBABAD","TALUKA","UNDER 10",166804,85164,81640,NA,90987,46417,44570,NA,75817,38747,37070,NA,NA
"SINDH","LARKANA","JACOBABAD","JACOBABAD","TALUKA","UNDER 15",225184,114493,110689,2,122457,62493,59963,1,102727,52000,50726,1,NA
"SINDH","LARKANA","JACOBABAD","JACOBABAD","TALUKA","05 - 24",212107,106742,105338,27,113108,57639,55466,3,98999,49103,49872,24,NA
"SINDH","LARKANA","JACOBABAD","JACOBABAD","TALUKA","15 - 49",186743,94391,92301,51,89374,45012,44356,6,97369,49379,47945,45,NA
"SINDH","LARKANA","JACOBABAD","JACOBABAD","TALUKA","15 - 64",213475,108173,105250,52,101513,51118,50389,6,111962,57055,54861,46,NA
"SINDH","LARKANA","JACOBABAD","JACOBABAD","TALUKA","18 - 60",177846,89882,87920,44,83629,41755,41869,5,94217,48127,46051,39,NA
"SINDH","LARKANA","JACOBABAD","JACOBABAD","TALUKA","18 &  ABOVE",191413,96529,94840,44,90142,44961,45176,5,101271,51568,49664,39,NA
"SINDH","LARKANA","JACOBABAD","JACOBABAD","TALUKA","60 &  ABOVE",15077,7444,7633,NA,7245,3594,3651,NA,7832,3850,3982,NA,NA
"SINDH","LARKANA","JACOBABAD","JACOBABAD","TALUKA","65 &  ABOVE",8988,4327,4661,NA,4362,2154,2208,NA,4626,2173,2453,NA,NA
"SINDH","LARKANA","JACOBABAD","THUL","TALUKA","ALL AGES",533153,271692,261434,27,410558,209081,201459,18,122595,62611,59975,9,NA
"SINDH","LARKANA","JACOBABAD","THUL","TALUKA","UNDER 1",13991,7176,6815,NA,10011,5056,4955,NA,3980,2120,1860,NA,NA
"SINDH","LARKANA","JACOBABAD","THUL","TALUKA","UNDER 5",110657,55594,55063,NA,84739,41961,42778,NA,25918,13633,12285,NA,NA
"SINDH","LARKANA","JACOBABAD","THUL","TALUKA","UNDER 10",203744,103084,100660,NA,157055,78796,78259,NA,46689,24288,22401,NA,NA
"SINDH","LARKANA","JACOBABAD","THUL","TALUKA","UNDER 15",275441,140525,134914,2,212455,107926,104528,1,62986,32599,30386,1,NA
"SINDH","LARKANA","JACOBABAD","THUL","TALUKA","05 - 24",259492,133182,126299,11,199900,102967,96926,7,59592,30215,29373,4,NA
"SINDH","LARKANA","JACOBABAD","THUL","TALUKA","15 - 49",216665,109746,106897,22,166103,84468,81621,14,50562,25278,25276,8,NA
"SINDH","LARKANA","JACOBABAD","THUL","TALUKA","15 - 64",246954,125522,121407,25,189559,96662,92880,17,57395,28860,28527,8,NA
"SINDH","LARKANA","JACOBABAD","THUL","TALUKA","18 - 60",206947,104018,102906,23,159367,80272,79079,16,47580,23746,23827,7,NA
"SINDH","LARKANA","JACOBABAD","THUL","TALUKA","18 &  ABOVE",222921,112324,110574,23,171907,86780,85111,16,51014,25544,25463,7,NA
"SINDH","LARKANA","JACOBABAD","THUL","TALUKA","60 &  ABOVE",17848,9359,8489,NA,14067,7367,6700,NA,3781,1992,1789,NA,NA
"SINDH","LARKANA","JACOBABAD","THUL","TALUKA","65 &  ABOVE",10758,5645,5113,NA,8544,4493,4051,NA,2214,1152,1062,NA,NA
"SINDH","HYDERABAD","JAMSHORO","KOTRI","TALUKA","ALL AGES",472003,244105,227856,42,107585,56585,50999,1,364418,187520,176857,41,NA
"SINDH","HYDERABAD","JAMSHORO","KOTRI","TALUKA","UNDER 1",7961,3964,3997,NA,1271,640,631,NA,6690,3324,3366,NA,NA
"SINDH","HYDERABAD","JAMSHORO","KOTRI","TALUKA","UNDER 5",67257,33972,33285,NA,16814,8507,8307,NA,50443,25465,24978,NA,NA
"SINDH","HYDERABAD","JAMSHORO","KOTRI","TALUKA","UNDER 10",132215,66723,65492,NA,32059,16258,15801,NA,100156,50465,49691,NA,NA
"SINDH","HYDERABAD","JAMSHORO","KOTRI","TALUKA","UNDER 15",187173,94779,92394,NA,44897,23028,21869,NA,142276,71751,70525,NA,NA
"SINDH","HYDERABAD","JAMSHORO","KOTRI","TALUKA","05 - 24",212837,108598,104225,14,48942,25852,23090,NA,163895,82746,81135,14,NA
"SINDH","HYDERABAD","JAMSHORO","KOTRI","TALUKA","15 - 49",236277,122868,113367,42,52042,27756,24285,1,184235,95112,89082,41,NA
"SINDH","HYDERABAD","JAMSHORO","KOTRI","TALUKA","15 - 64",272607,142924,129641,42,59968,32123,27844,1,212639,110801,101797,41,NA
"SINDH","HYDERABAD","JAMSHORO","KOTRI","TALUKA","18 - 60",236673,124037,112598,38,51859,27705,24153,1,184814,96332,88445,37,NA
"SINDH","HYDERABAD","JAMSHORO","KOTRI","TALUKA","18 &  ABOVE",255048,133823,121187,38,55876,29861,26014,1,199172,103962,95173,37,NA
"SINDH","HYDERABAD","JAMSHORO","KOTRI","TALUKA","60 &  ABOVE",20317,10896,9421,NA,4441,2405,2036,NA,15876,8491,7385,NA,NA
"SINDH","HYDERABAD","JAMSHORO","KOTRI","TALUKA","65 &  ABOVE",12223,6402,5821,NA,2720,1434,1286,NA,9503,4968,4535,NA,NA
"SINDH","HYDERABAD","JAMSHORO","MANJHAND","TALUKA","ALL AGES",161794,84442,77350,2,140203,73515,66686,2,21591,10927,10664,NA,NA
"SINDH","HYDERABAD","JAMSHORO","MANJHAND","TALUKA","UNDER 1",2388,1292,1096,NA,2132,1146,986,NA,256,146,110,NA,NA
"SINDH","HYDERABAD","JAMSHORO","MANJHAND","TALUKA","UNDER 5",25621,13323,12298,NA,22611,11826,10785,NA,3010,1497,1513,NA,NA
"SINDH","HYDERABAD","JAMSHORO","MANJHAND","TALUKA","UNDER 10",50801,26504,24297,NA,44804,23505,21299,NA,5997,2999,2998,NA,NA
"SINDH","HYDERABAD","JAMSHORO","MANJHAND","TALUKA","UNDER 15",71358,37401,33957,NA,62943,33147,29796,NA,8415,4254,4161,NA,NA
"SINDH","HYDERABAD","JAMSHORO","MANJHAND","TALUKA","05 - 24",74854,39240,35613,1,65305,34433,30871,1,9549,4807,4742,NA,NA
"SINDH","HYDERABAD","JAMSHORO","MANJHAND","TALUKA","15 - 49",74313,38279,36033,1,63647,32879,30767,1,10666,5400,5266,NA,NA
"SINDH","HYDERABAD","JAMSHORO","MANJHAND","TALUKA","15 - 64",85901,44668,41231,2,73405,38315,35088,2,12496,6353,6143,NA,NA
"SINDH","HYDERABAD","JAMSHORO","MANJHAND","TALUKA","18 - 60",73973,38388,35583,2,63137,32832,30303,2,10836,5556,5280,NA,NA
"SINDH","HYDERABAD","JAMSHORO","MANJHAND","TALUKA","18 &  ABOVE",80364,41711,38651,2,68529,35692,32835,2,11835,6019,5816,NA,NA
"SINDH","HYDERABAD","JAMSHORO","MANJHAND","TALUKA","60 &  ABOVE",7087,3722,3365,NA,6005,3210,2795,NA,1082,512,570,NA,NA
"SINDH","HYDERABAD","JAMSHORO","MANJHAND","TALUKA","65 &  ABOVE",4535,2373,2162,NA,3855,2053,1802,NA,680,320,360,NA,NA
"SINDH","HYDERABAD","JAMSHORO","SEHWAN","TALUKA","ALL AGES",321919,165793,156108,18,203644,104983,98658,3,118275,60810,57450,15,NA
"SINDH","HYDERABAD","JAMSHORO","SEHWAN","TALUKA","UNDER 1",5110,2640,2470,NA,3147,1612,1535,NA,1963,1028,935,NA,NA
"SINDH","HYDERABAD","JAMSHORO","SEHWAN","TALUKA","UNDER 5",51716,26170,25546,NA,34739,17568,17171,NA,16977,8602,8375,NA,NA
"SINDH","HYDERABAD","JAMSHORO","SEHWAN","TALUKA","UNDER 10",100769,51512,49257,NA,66961,34332,32629,NA,33808,17180,16628,NA,NA
"SINDH","HYDERABAD","JAMSHORO","SEHWAN","TALUKA","UNDER 15",140287,72203,68082,2,91914,47588,44324,2,48373,24615,23758,NA,NA
"SINDH","HYDERABAD","JAMSHORO","SEHWAN","TALUKA","05 - 24",149118,77021,72093,4,93966,48764,45200,2,55152,28257,26893,2,NA
"SINDH","HYDERABAD","JAMSHORO","SEHWAN","TALUKA","15 - 49",148084,75556,72516,12,90636,46117,44518,1,57448,29439,27998,11,NA
"SINDH","HYDERABAD","JAMSHORO","SEHWAN","TALUKA","15 - 64",172043,88610,83418,15,105541,54166,51374,1,66502,34444,32044,14,NA
"SINDH","HYDERABAD","JAMSHORO","SEHWAN","TALUKA","18 - 60",146519,75052,71454,13,89806,45806,43999,1,56713,29246,27455,12,NA
"SINDH","HYDERABAD","JAMSHORO","SEHWAN","TALUKA","18 &  ABOVE",160372,82349,78009,14,98706,50490,48215,1,61666,31859,29794,13,NA
"SINDH","HYDERABAD","JAMSHORO","SEHWAN","TALUKA","60 &  ABOVE",15262,8062,7198,2,9785,5159,4626,NA,5477,2903,2572,2,NA
"SINDH","HYDERABAD","JAMSHORO","SEHWAN","TALUKA","65 &  ABOVE",9589,4980,4608,1,6189,3229,2960,NA,3400,1751,1648,1,NA
"SINDH","HYDERABAD","JAMSHORO","THANO BULA KHAN","TALUKA","ALL AGES",161500,83652,77843,5,144038,74529,69506,3,17462,9123,8337,2,NA
"SINDH","HYDERABAD","JAMSHORO","THANO BULA KHAN","TALUKA","UNDER 1",2718,1410,1308,NA,2567,1333,1234,NA,151,77,74,NA,NA
"SINDH","HYDERABAD","JAMSHORO","THANO BULA KHAN","TALUKA","UNDER 5",25017,12806,12211,NA,23011,11684,11327,NA,2006,1122,884,NA,NA
"SINDH","HYDERABAD","JAMSHORO","THANO BULA KHAN","TALUKA","UNDER 10",47774,24587,23187,NA,43999,22540,21459,NA,3775,2047,1728,NA,NA
"SINDH","HYDERABAD","JAMSHORO","THANO BULA KHAN","TALUKA","UNDER 15",66839,34400,32439,NA,61236,31389,29847,NA,5603,3011,2592,NA,NA
"SINDH","HYDERABAD","JAMSHORO","THANO BULA KHAN","TALUKA","05 - 24",69500,35678,33819,3,62577,32106,30468,3,6923,3572,3351,NA,NA
"SINDH","HYDERABAD","JAMSHORO","THANO BULA KHAN","TALUKA","15 - 49",77013,39531,37478,4,67148,34463,32682,3,9865,5068,4796,1,NA
"SINDH","HYDERABAD","JAMSHORO","THANO BULA KHAN","TALUKA","15 - 64",89041,46182,42854,5,77702,40332,37367,3,11339,5850,5487,2,NA
"SINDH","HYDERABAD","JAMSHORO","THANO BULA KHAN","TALUKA","18 - 60",77878,40305,37570,3,67848,35144,32703,1,10030,5161,4867,2,NA
"SINDH","HYDERABAD","JAMSHORO","THANO BULA KHAN","TALUKA","18 &  ABOVE",85471,44402,41066,3,74660,38850,35809,1,10811,5552,5257,2,NA
"SINDH","HYDERABAD","JAMSHORO","THANO BULA KHAN","TALUKA","60 &  ABOVE",8397,4568,3829,NA,7545,4135,3410,NA,852,433,419,NA,NA
"SINDH","HYDERABAD","JAMSHORO","THANO BULA KHAN","TALUKA","65 &  ABOVE",5620,3070,2550,NA,5100,2808,2292,NA,520,262,258,NA,NA
"SINDH","LARKANA","KAMBAR SHAHDAD KOT","KAMBAR ALI KHAN","TALUKA","ALL AGES",448990,234516,214459,15,336677,176244,160427,6,112313,58272,54032,9,NA
"SINDH","LARKANA","KAMBAR SHAHDAD KOT","KAMBAR ALI KHAN","TALUKA","UNDER 1",6651,3422,3229,NA,4968,2551,2417,NA,1683,871,812,NA,NA
"SINDH","LARKANA","KAMBAR SHAHDAD KOT","KAMBAR ALI KHAN","TALUKA","UNDER 5",74513,37998,36515,NA,57617,29365,28252,NA,16896,8633,8263,NA,NA
"SINDH","LARKANA","KAMBAR SHAHDAD KOT","KAMBAR ALI KHAN","TALUKA","UNDER 10",148789,77339,71450,NA,113886,59231,54655,NA,34903,18108,16795,NA,NA
"SINDH","LARKANA","KAMBAR SHAHDAD KOT","KAMBAR ALI KHAN","TALUKA","UNDER 15",205133,107887,97244,2,156715,82631,74083,1,48418,25256,23161,1,NA
"SINDH","LARKANA","KAMBAR SHAHDAD KOT","KAMBAR ALI KHAN","TALUKA","05 - 24",218561,116294,102261,6,163590,87542,76045,3,54971,28752,26216,3,NA
"SINDH","LARKANA","KAMBAR SHAHDAD KOT","KAMBAR ALI KHAN","TALUKA","15 - 49",201941,104540,97390,11,148525,76972,71549,4,53416,27568,25841,7,NA
"SINDH","LARKANA","KAMBAR SHAHDAD KOT","KAMBAR ALI KHAN","TALUKA","15 - 64",231092,119776,111303,13,170337,88360,81972,5,60755,31416,29331,8,NA
"SINDH","LARKANA","KAMBAR SHAHDAD KOT","KAMBAR ALI KHAN","TALUKA","18 - 60",196414,100908,95495,11,144799,74349,70446,4,51615,26559,25049,7,NA
"SINDH","LARKANA","KAMBAR SHAHDAD KOT","KAMBAR ALI KHAN","TALUKA","18 &  ABOVE",214477,110518,103948,11,158422,81684,76734,4,56055,28834,27214,7,NA
"SINDH","LARKANA","KAMBAR SHAHDAD KOT","KAMBAR ALI KHAN","TALUKA","60 &  ABOVE",20165,10703,9461,1,15221,8182,7038,1,4944,2521,2423,NA,NA
"SINDH","LARKANA","KAMBAR SHAHDAD KOT","KAMBAR ALI KHAN","TALUKA","65 &  ABOVE",12765,6853,5912,NA,9625,5253,4372,NA,3140,1600,1540,NA,NA
"SINDH","LARKANA","KAMBAR SHAHDAD KOT","MIRO KHAN","TALUKA","ALL AGES",182461,96091,86368,2,135354,71361,63993,NA,47107,24730,22375,2,NA
"SINDH","LARKANA","KAMBAR SHAHDAD KOT","MIRO KHAN","TALUKA","UNDER 1",4023,2093,1930,NA,2875,1495,1380,NA,1148,598,550,NA,NA
"SINDH","LARKANA","KAMBAR SHAHDAD KOT","MIRO KHAN","TALUKA","UNDER 5",39217,21076,18141,NA,29435,15771,13664,NA,9782,5305,4477,NA,NA
"SINDH","LARKANA","KAMBAR SHAHDAD KOT","MIRO KHAN","TALUKA","UNDER 10",72158,38859,33299,NA,54099,29102,24997,NA,18059,9757,8302,NA,NA
"SINDH","LARKANA","KAMBAR SHAHDAD KOT","MIRO KHAN","TALUKA","UNDER 15",94411,50893,43518,NA,70739,38142,32597,NA,23672,12751,10921,NA,NA
"SINDH","LARKANA","KAMBAR SHAHDAD KOT","MIRO KHAN","TALUKA","05 - 24",86491,46252,40238,1,64130,34315,29815,NA,22361,11937,10423,1,NA
"SINDH","LARKANA","KAMBAR SHAHDAD KOT","MIRO KHAN","TALUKA","15 - 49",72597,37261,35335,1,53139,27262,25877,NA,19458,9999,9458,1,NA
"SINDH","LARKANA","KAMBAR SHAHDAD KOT","MIRO KHAN","TALUKA","15 - 64",83483,42879,40602,2,61237,31446,29791,NA,22246,11433,10811,2,NA
"SINDH","LARKANA","KAMBAR SHAHDAD KOT","MIRO KHAN","TALUKA","18 - 60",70934,36179,34753,2,52135,26613,25522,NA,18799,9566,9231,2,NA
"SINDH","LARKANA","KAMBAR SHAHDAD KOT","MIRO KHAN","TALUKA","18 &  ABOVE",77559,39510,38047,2,57003,29121,27882,NA,20556,10389,10165,2,NA
"SINDH","LARKANA","KAMBAR SHAHDAD KOT","MIRO KHAN","TALUKA","60 &  ABOVE",7272,3667,3605,NA,5377,2772,2605,NA,1895,895,1000,NA,NA
"SINDH","LARKANA","KAMBAR SHAHDAD KOT","MIRO KHAN","TALUKA","65 &  ABOVE",4567,2319,2248,NA,3378,1773,1605,NA,1189,546,643,NA,NA
"SINDH","LARKANA","KAMBAR SHAHDAD KOT","NASIRABAD","TALUKA","ALL AGES",174708,91575,83127,6,136603,71440,65160,3,38105,20135,17967,3,NA
"SINDH","LARKANA","KAMBAR SHAHDAD KOT","NASIRABAD","TALUKA","UNDER 1",4852,2530,2322,NA,3847,1988,1859,NA,1005,542,463,NA,NA
"SINDH","LARKANA","KAMBAR SHAHDAD KOT","NASIRABAD","TALUKA","UNDER 5",33431,17679,15752,NA,26196,13752,12444,NA,7235,3927,3308,NA,NA
"SINDH","LARKANA","KAMBAR SHAHDAD KOT","NASIRABAD","TALUKA","UNDER 10",59878,31616,28262,NA,47415,24907,22508,NA,12463,6709,5754,NA,NA
"SINDH","LARKANA","KAMBAR SHAHDAD KOT","NASIRABAD","TALUKA","UNDER 15",81138,42829,38309,NA,64163,33733,30430,NA,16975,9096,7879,NA,NA
"SINDH","LARKANA","KAMBAR SHAHDAD KOT","NASIRABAD","TALUKA","05 - 24",81532,42882,38648,2,64280,33758,30520,2,17252,9124,8128,NA,NA
"SINDH","LARKANA","KAMBAR SHAHDAD KOT","NASIRABAD","TALUKA","15 - 49",76837,39951,36881,5,59326,30831,28492,3,17511,9120,8389,2,NA
"SINDH","LARKANA","KAMBAR SHAHDAD KOT","NASIRABAD","TALUKA","15 - 64",88588,46100,42482,6,68474,35603,32868,3,20114,10497,9614,3,NA
"SINDH","LARKANA","KAMBAR SHAHDAD KOT","NASIRABAD","TALUKA","18 - 60",74261,38487,35769,5,57372,29703,27667,2,16889,8784,8102,3,NA
"SINDH","LARKANA","KAMBAR SHAHDAD KOT","NASIRABAD","TALUKA","18 &  ABOVE",81518,42294,39219,5,63082,32692,30388,2,18436,9602,8831,3,NA
"SINDH","LARKANA","KAMBAR SHAHDAD KOT","NASIRABAD","TALUKA","60 &  ABOVE",7898,4169,3729,NA,6200,3269,2931,NA,1698,900,798,NA,NA
"SINDH","LARKANA","KAMBAR SHAHDAD KOT","NASIRABAD","TALUKA","65 &  ABOVE",4982,2646,2336,NA,3966,2104,1862,NA,1016,542,474,NA,NA
"SINDH","LARKANA","KAMBAR SHAHDAD KOT","QUBO SAEED KHAN","TALUKA","ALL AGES",99308,51360,47946,2,68662,35528,33134,NA,30646,15832,14812,2,NA
"SINDH","LARKANA","KAMBAR SHAHDAD KOT","QUBO SAEED KHAN","TALUKA","UNDER 1",2379,1284,1095,NA,1869,1003,866,NA,510,281,229,NA,NA
"SINDH","LARKANA","KAMBAR SHAHDAD KOT","QUBO SAEED KHAN","TALUKA","UNDER 5",20039,10302,9737,NA,14720,7571,7149,NA,5319,2731,2588,NA,NA
"SINDH","LARKANA","KAMBAR SHAHDAD KOT","QUBO SAEED KHAN","TALUKA","UNDER 10",37391,19483,17908,NA,26613,13906,12707,NA,10778,5577,5201,NA,NA
"SINDH","LARKANA","KAMBAR SHAHDAD KOT","QUBO SAEED KHAN","TALUKA","UNDER 15",49819,26156,23663,NA,35323,18566,16757,NA,14496,7590,6906,NA,NA
"SINDH","LARKANA","KAMBAR SHAHDAD KOT","QUBO SAEED KHAN","TALUKA","05 - 24",47448,25025,22421,2,32536,17171,15365,NA,14912,7854,7056,2,NA
"SINDH","LARKANA","KAMBAR SHAHDAD KOT","QUBO SAEED KHAN","TALUKA","15 - 49",40303,20675,19626,2,27073,13863,13210,NA,13230,6812,6416,2,NA
"SINDH","LARKANA","KAMBAR SHAHDAD KOT","QUBO SAEED KHAN","TALUKA","15 - 64",46499,23798,22699,2,31308,16005,15303,NA,15191,7793,7396,2,NA
"SINDH","LARKANA","KAMBAR SHAHDAD KOT","QUBO SAEED KHAN","TALUKA","18 - 60",39031,19881,19150,NA,26154,13289,12865,NA,12877,6592,6285,NA,NA
"SINDH","LARKANA","KAMBAR SHAHDAD KOT","QUBO SAEED KHAN","TALUKA","18 &  ABOVE",43272,21850,21422,NA,29041,14631,14410,NA,14231,7219,7012,NA,NA
"SINDH","LARKANA","KAMBAR SHAHDAD KOT","QUBO SAEED KHAN","TALUKA","60 &  ABOVE",4531,2134,2397,NA,3072,1452,1620,NA,1459,682,777,NA,NA
"SINDH","LARKANA","KAMBAR SHAHDAD KOT","QUBO SAEED KHAN","TALUKA","65 &  ABOVE",2990,1406,1584,NA,2031,957,1074,NA,959,449,510,NA,NA
"SINDH","LARKANA","KAMBAR SHAHDAD KOT","SHAHDAD KOT","TALUKA","ALL AGES",225086,117532,107539,15,104399,54824,49572,3,120687,62708,57967,12,NA
"SINDH","LARKANA","KAMBAR SHAHDAD KOT","SHAHDAD KOT","TALUKA","UNDER 1",7856,4401,3455,NA,3908,2264,1644,NA,3948,2137,1811,NA,NA
"SINDH","LARKANA","KAMBAR SHAHDAD KOT","SHAHDAD KOT","TALUKA","UNDER 5",41545,22229,19316,NA,20238,10931,9307,NA,21307,11298,10009,NA,NA
"SINDH","LARKANA","KAMBAR SHAHDAD KOT","SHAHDAD KOT","TALUKA","UNDER 10",76521,40501,36020,NA,37818,20224,17594,NA,38703,20277,18426,NA,NA
"SINDH","LARKANA","KAMBAR SHAHDAD KOT","SHAHDAD KOT","TALUKA","UNDER 15",103794,55053,48738,3,51062,27340,23720,2,52732,27713,25018,1,NA
"SINDH","LARKANA","KAMBAR SHAHDAD KOT","SHAHDAD KOT","TALUKA","05 - 24",104538,54794,49737,7,49850,26311,23537,2,54688,28483,26200,5,NA
"SINDH","LARKANA","KAMBAR SHAHDAD KOT","SHAHDAD KOT","TALUKA","15 - 49",99521,51261,48248,12,43651,22481,21169,1,55870,28780,27079,11,NA
"SINDH","LARKANA","KAMBAR SHAHDAD KOT","SHAHDAD KOT","TALUKA","15 - 64",114949,59289,55648,12,50497,26007,24489,1,64452,33282,31159,11,NA
"SINDH","LARKANA","KAMBAR SHAHDAD KOT","SHAHDAD KOT","TALUKA","18 - 60",97418,49959,47447,12,42675,21789,20885,1,54743,28170,26562,11,NA
"SINDH","LARKANA","KAMBAR SHAHDAD KOT","SHAHDAD KOT","TALUKA","18 &  ABOVE",106690,54625,52053,12,46847,23928,22918,1,59843,30697,29135,11,NA
"SINDH","LARKANA","KAMBAR SHAHDAD KOT","SHAHDAD KOT","TALUKA","60 &  ABOVE",10238,5176,5062,NA,4550,2343,2207,NA,5688,2833,2855,NA,NA
"SINDH","LARKANA","KAMBAR SHAHDAD KOT","SHAHDAD KOT","TALUKA","65 &  ABOVE",6343,3190,3153,NA,2840,1477,1363,NA,3503,1713,1790,NA,NA
"SINDH","LARKANA","KAMBAR SHAHDAD KOT","SUJAWAL JUNEJO","TALUKA","ALL AGES",130635,67877,62756,2,130635,67877,62756,2,NA,NA,NA,NA,NA
"SINDH","LARKANA","KAMBAR SHAHDAD KOT","SUJAWAL JUNEJO","TALUKA","UNDER 1",2406,1157,1249,NA,2406,1157,1249,NA,NA,NA,NA,NA,NA
"SINDH","LARKANA","KAMBAR SHAHDAD KOT","SUJAWAL JUNEJO","TALUKA","UNDER 5",23671,12020,11651,NA,23671,12020,11651,NA,NA,NA,NA,NA,NA
"SINDH","LARKANA","KAMBAR SHAHDAD KOT","SUJAWAL JUNEJO","TALUKA","UNDER 10",47441,24695,22746,NA,47441,24695,22746,NA,NA,NA,NA,NA,NA
"SINDH","LARKANA","KAMBAR SHAHDAD KOT","SUJAWAL JUNEJO","TALUKA","UNDER 15",63425,33106,30317,2,63425,33106,30317,2,NA,NA,NA,NA,NA
"SINDH","LARKANA","KAMBAR SHAHDAD KOT","SUJAWAL JUNEJO","TALUKA","05 - 24",64274,34061,30211,2,64274,34061,30211,2,NA,NA,NA,NA,NA
"SINDH","LARKANA","KAMBAR SHAHDAD KOT","SUJAWAL JUNEJO","TALUKA","15 - 49",55481,28764,26717,NA,55481,28764,26717,NA,NA,NA,NA,NA,NA
"SINDH","LARKANA","KAMBAR SHAHDAD KOT","SUJAWAL JUNEJO","TALUKA","15 - 64",63681,32974,30707,NA,63681,32974,30707,NA,NA,NA,NA,NA,NA
"SINDH","LARKANA","KAMBAR SHAHDAD KOT","SUJAWAL JUNEJO","TALUKA","18 - 60",53864,27706,26158,NA,53864,27706,26158,NA,NA,NA,NA,NA,NA
"SINDH","LARKANA","KAMBAR SHAHDAD KOT","SUJAWAL JUNEJO","TALUKA","18 &  ABOVE",58941,30243,28698,NA,58941,30243,28698,NA,NA,NA,NA,NA,NA
"SINDH","LARKANA","KAMBAR SHAHDAD KOT","SUJAWAL JUNEJO","TALUKA","60 &  ABOVE",5555,2796,2759,NA,5555,2796,2759,NA,NA,NA,NA,NA,NA
"SINDH","LARKANA","KAMBAR SHAHDAD KOT","SUJAWAL JUNEJO","TALUKA","65 &  ABOVE",3529,1797,1732,NA,3529,1797,1732,NA,NA,NA,NA,NA,NA
"SINDH","LARKANA","KAMBAR SHAHDAD KOT","WARAH","TALUKA","ALL AGES",253681,132165,121515,1,180674,94403,86270,1,73007,37762,35245,NA,NA
"SINDH","LARKANA","KAMBAR SHAHDAD KOT","WARAH","TALUKA","UNDER 1",4394,2310,2084,NA,3063,1586,1477,NA,1331,724,607,NA,NA
"SINDH","LARKANA","KAMBAR SHAHDAD KOT","WARAH","TALUKA","UNDER 5",43787,22798,20989,NA,32106,16771,15335,NA,11681,6027,5654,NA,NA
"SINDH","LARKANA","KAMBAR SHAHDAD KOT","WARAH","TALUKA","UNDER 10",85477,45034,40443,NA,62400,33030,29370,NA,23077,12004,11073,NA,NA
"SINDH","LARKANA","KAMBAR SHAHDAD KOT","WARAH","TALUKA","UNDER 15",117192,61841,55350,1,84972,45058,39913,1,32220,16783,15437,NA,NA
"SINDH","LARKANA","KAMBAR SHAHDAD KOT","WARAH","TALUKA","05 - 24",121384,64022,57361,1,86885,45985,40899,1,34499,18037,16462,NA,NA
"SINDH","LARKANA","KAMBAR SHAHDAD KOT","WARAH","TALUKA","15 - 49",111358,57347,54011,NA,78359,40354,38005,NA,32999,16993,16006,NA,NA
"SINDH","LARKANA","KAMBAR SHAHDAD KOT","WARAH","TALUKA","15 - 64",128854,66353,62501,NA,90323,46524,43799,NA,38531,19829,18702,NA,NA
"SINDH","LARKANA","KAMBAR SHAHDAD KOT","WARAH","TALUKA","18 - 60",109403,56148,53255,NA,76723,39355,37368,NA,32680,16793,15887,NA,NA
"SINDH","LARKANA","KAMBAR SHAHDAD KOT","WARAH","TALUKA","18 &  ABOVE",120379,61785,58594,NA,84334,43293,41041,NA,36045,18492,17553,NA,NA
"SINDH","LARKANA","KAMBAR SHAHDAD KOT","WARAH","TALUKA","60 &  ABOVE",11984,6192,5792,NA,8286,4314,3972,NA,3698,1878,1820,NA,NA
"SINDH","LARKANA","KAMBAR SHAHDAD KOT","WARAH","TALUKA","65 &  ABOVE",7635,3971,3664,NA,5379,2821,2558,NA,2256,1150,1106,NA,NA
"SINDH","KARACHI","KARACHI CENTRAL","GULBERG","SUB-DIVISION","ALL AGES",613724,327979,285684,61,NA,NA,NA,NA,613724,327979,285684,61,NA
"SINDH","KARACHI","KARACHI CENTRAL","GULBERG","SUB-DIVISION","UNDER 1",11088,5725,5363,NA,NA,NA,NA,NA,11088,5725,5363,NA,NA
"SINDH","KARACHI","KARACHI CENTRAL","GULBERG","SUB-DIVISION","UNDER 5",74162,39998,34164,NA,NA,NA,NA,NA,74162,39998,34164,NA,NA
"SINDH","KARACHI","KARACHI CENTRAL","GULBERG","SUB-DIVISION","UNDER 10",128620,68330,60290,NA,NA,NA,NA,NA,128620,68330,60290,NA,NA
"SINDH","KARACHI","KARACHI CENTRAL","GULBERG","SUB-DIVISION","UNDER 15",187441,99542,87895,4,NA,NA,NA,NA,187441,99542,87895,4,NA
"SINDH","KARACHI","KARACHI CENTRAL","GULBERG","SUB-DIVISION","05 - 24",223022,118368,104634,20,NA,NA,NA,NA,223022,118368,104634,20,NA
"SINDH","KARACHI","KARACHI CENTRAL","GULBERG","SUB-DIVISION","15 - 49",322557,171970,150535,52,NA,NA,NA,NA,322557,171970,150535,52,NA
"SINDH","KARACHI","KARACHI CENTRAL","GULBERG","SUB-DIVISION","15 - 64",394725,211501,183168,56,NA,NA,NA,NA,394725,211501,183168,56,NA
"SINDH","KARACHI","KARACHI CENTRAL","GULBERG","SUB-DIVISION","18 - 60",344591,184362,160181,48,NA,NA,NA,NA,344591,184362,160181,48,NA
"SINDH","KARACHI","KARACHI CENTRAL","GULBERG","SUB-DIVISION","18 &  ABOVE",390515,209249,181216,50,NA,NA,NA,NA,390515,209249,181216,50,NA
"SINDH","KARACHI","KARACHI CENTRAL","GULBERG","SUB-DIVISION","60 &  ABOVE",50515,27507,23006,2,NA,NA,NA,NA,50515,27507,23006,2,NA
"SINDH","KARACHI","KARACHI CENTRAL","GULBERG","SUB-DIVISION","65 &  ABOVE",31558,16936,14621,1,NA,NA,NA,NA,31558,16936,14621,1,NA
"SINDH","KARACHI","KARACHI CENTRAL","LIAQUATABAD","SUB-DIVISION","ALL AGES",547706,289338,258266,102,NA,NA,NA,NA,547706,289338,258266,102,NA
"SINDH","KARACHI","KARACHI CENTRAL","LIAQUATABAD","SUB-DIVISION","UNDER 1",11839,6107,5732,NA,NA,NA,NA,NA,11839,6107,5732,NA,NA
"SINDH","KARACHI","KARACHI CENTRAL","LIAQUATABAD","SUB-DIVISION","UNDER 5",73098,38194,34904,NA,NA,NA,NA,NA,73098,38194,34904,NA,NA
"SINDH","KARACHI","KARACHI CENTRAL","LIAQUATABAD","SUB-DIVISION","UNDER 10",133727,69799,63928,NA,NA,NA,NA,NA,133727,69799,63928,NA,NA
"SINDH","KARACHI","KARACHI CENTRAL","LIAQUATABAD","SUB-DIVISION","UNDER 15",191272,99918,91353,1,NA,NA,NA,NA,191272,99918,91353,1,NA
"SINDH","KARACHI","KARACHI CENTRAL","LIAQUATABAD","SUB-DIVISION","05 - 24",217250,113879,103351,20,NA,NA,NA,NA,217250,113879,103351,20,NA
"SINDH","KARACHI","KARACHI CENTRAL","LIAQUATABAD","SUB-DIVISION","15 - 49",283382,148540,134755,87,NA,NA,NA,NA,283382,148540,134755,87,NA
"SINDH","KARACHI","KARACHI CENTRAL","LIAQUATABAD","SUB-DIVISION","15 - 64",337054,178810,158144,100,NA,NA,NA,NA,337054,178810,158144,100,NA
"SINDH","KARACHI","KARACHI CENTRAL","LIAQUATABAD","SUB-DIVISION","18 - 60",295508,156343,139067,98,NA,NA,NA,NA,295508,156343,139067,98,NA
"SINDH","KARACHI","KARACHI CENTRAL","LIAQUATABAD","SUB-DIVISION","18 &  ABOVE",324336,172272,151965,99,NA,NA,NA,NA,324336,172272,151965,99,NA
"SINDH","KARACHI","KARACHI CENTRAL","LIAQUATABAD","SUB-DIVISION","60 &  ABOVE",32619,18098,14519,2,NA,NA,NA,NA,32619,18098,14519,2,NA
"SINDH","KARACHI","KARACHI CENTRAL","LIAQUATABAD","SUB-DIVISION","65 &  ABOVE",19380,10610,8769,1,NA,NA,NA,NA,19380,10610,8769,1,NA
"SINDH","KARACHI","KARACHI CENTRAL","NAZIMABAD","SUB-DIVISION","ALL AGES",572740,304391,268273,76,NA,NA,NA,NA,572740,304391,268273,76,NA
"SINDH","KARACHI","KARACHI CENTRAL","NAZIMABAD","SUB-DIVISION","UNDER 1",10341,5298,5043,NA,NA,NA,NA,NA,10341,5298,5043,NA,NA
"SINDH","KARACHI","KARACHI CENTRAL","NAZIMABAD","SUB-DIVISION","UNDER 5",73724,39080,34644,NA,NA,NA,NA,NA,73724,39080,34644,NA,NA
"SINDH","KARACHI","KARACHI CENTRAL","NAZIMABAD","SUB-DIVISION","UNDER 10",137826,73198,64628,NA,NA,NA,NA,NA,137826,73198,64628,NA,NA
"SINDH","KARACHI","KARACHI CENTRAL","NAZIMABAD","SUB-DIVISION","UNDER 15",202948,108819,94126,3,NA,NA,NA,NA,202948,108819,94126,3,NA
"SINDH","KARACHI","KARACHI CENTRAL","NAZIMABAD","SUB-DIVISION","05 - 24",232664,124781,107864,19,NA,NA,NA,NA,232664,124781,107864,19,NA
"SINDH","KARACHI","KARACHI CENTRAL","NAZIMABAD","SUB-DIVISION","15 - 49",288002,150685,137257,60,NA,NA,NA,NA,288002,150685,137257,60,NA
"SINDH","KARACHI","KARACHI CENTRAL","NAZIMABAD","SUB-DIVISION","15 - 64",347178,183249,163859,70,NA,NA,NA,NA,347178,183249,163859,70,NA
"SINDH","KARACHI","KARACHI CENTRAL","NAZIMABAD","SUB-DIVISION","18 - 60",299647,157223,142359,65,NA,NA,NA,NA,299647,157223,142359,65,NA
"SINDH","KARACHI","KARACHI CENTRAL","NAZIMABAD","SUB-DIVISION","18 &  ABOVE",333467,175786,157613,68,NA,NA,NA,NA,333467,175786,157613,68,NA
"SINDH","KARACHI","KARACHI CENTRAL","NAZIMABAD","SUB-DIVISION","60 &  ABOVE",37588,20712,16872,4,NA,NA,NA,NA,37588,20712,16872,4,NA
"SINDH","KARACHI","KARACHI CENTRAL","NAZIMABAD","SUB-DIVISION","65 &  ABOVE",22614,12323,10288,3,NA,NA,NA,NA,22614,12323,10288,3,NA
"SINDH","KARACHI","KARACHI CENTRAL","NEW KARACHI","SUB-DIVISION","ALL AGES",1165742,611178,554387,177,NA,NA,NA,NA,1165742,611178,554387,177,NA
"SINDH","KARACHI","KARACHI CENTRAL","NEW KARACHI","SUB-DIVISION","UNDER 1",22595,11584,11011,NA,NA,NA,NA,NA,22595,11584,11011,NA,NA
"SINDH","KARACHI","KARACHI CENTRAL","NEW KARACHI","SUB-DIVISION","UNDER 5",154935,79888,75047,NA,NA,NA,NA,NA,154935,79888,75047,NA,NA
"SINDH","KARACHI","KARACHI CENTRAL","NEW KARACHI","SUB-DIVISION","UNDER 10",291810,150676,141134,NA,NA,NA,NA,NA,291810,150676,141134,NA,NA
"SINDH","KARACHI","KARACHI CENTRAL","NEW KARACHI","SUB-DIVISION","UNDER 15",425051,220486,204563,2,NA,NA,NA,NA,425051,220486,204563,2,NA
"SINDH","KARACHI","KARACHI CENTRAL","NEW KARACHI","SUB-DIVISION","05 - 24",483533,251455,232027,51,NA,NA,NA,NA,483533,251455,232027,51,NA
"SINDH","KARACHI","KARACHI CENTRAL","NEW KARACHI","SUB-DIVISION","15 - 49",601385,313415,287830,140,NA,NA,NA,NA,601385,313415,287830,140,NA
"SINDH","KARACHI","KARACHI CENTRAL","NEW KARACHI","SUB-DIVISION","15 - 64",703321,370235,332914,172,NA,NA,NA,NA,703321,370235,332914,172,NA
"SINDH","KARACHI","KARACHI CENTRAL","NEW KARACHI","SUB-DIVISION","18 - 60",612947,322025,290771,151,NA,NA,NA,NA,612947,322025,290771,151,NA
"SINDH","KARACHI","KARACHI CENTRAL","NEW KARACHI","SUB-DIVISION","18 &  ABOVE",668278,352246,315874,158,NA,NA,NA,NA,668278,352246,315874,158,NA
"SINDH","KARACHI","KARACHI CENTRAL","NEW KARACHI","SUB-DIVISION","60 &  ABOVE",62137,34144,27986,7,NA,NA,NA,NA,62137,34144,27986,7,NA
"SINDH","KARACHI","KARACHI CENTRAL","NEW KARACHI","SUB-DIVISION","65 &  ABOVE",37370,20457,16910,3,NA,NA,NA,NA,37370,20457,16910,3,NA
"SINDH","KARACHI","KARACHI CENTRAL","NORTH NAZIMABAD","SUB-DIVISION","ALL AGES",920476,485300,435029,147,NA,NA,NA,NA,920476,485300,435029,147,NA
"SINDH","KARACHI","KARACHI CENTRAL","NORTH NAZIMABAD","SUB-DIVISION","UNDER 1",15333,7954,7379,NA,NA,NA,NA,NA,15333,7954,7379,NA,NA
"SINDH","KARACHI","KARACHI CENTRAL","NORTH NAZIMABAD","SUB-DIVISION","UNDER 5",110395,57369,53026,NA,NA,NA,NA,NA,110395,57369,53026,NA,NA
"SINDH","KARACHI","KARACHI CENTRAL","NORTH NAZIMABAD","SUB-DIVISION","UNDER 10",206400,107974,98426,NA,NA,NA,NA,NA,206400,107974,98426,NA,NA
"SINDH","KARACHI","KARACHI CENTRAL","NORTH NAZIMABAD","SUB-DIVISION","UNDER 15",305713,162228,143481,4,NA,NA,NA,NA,305713,162228,143481,4,NA
"SINDH","KARACHI","KARACHI CENTRAL","NORTH NAZIMABAD","SUB-DIVISION","05 - 24",362297,193820,168442,35,NA,NA,NA,NA,362297,193820,168442,35,NA
"SINDH","KARACHI","KARACHI CENTRAL","NORTH NAZIMABAD","SUB-DIVISION","15 - 49",473590,246355,227111,124,NA,NA,NA,NA,473590,246355,227111,124,NA
"SINDH","KARACHI","KARACHI CENTRAL","NORTH NAZIMABAD","SUB-DIVISION","15 - 64",571584,299581,271863,140,NA,NA,NA,NA,571584,299581,271863,140,NA
"SINDH","KARACHI","KARACHI CENTRAL","NORTH NAZIMABAD","SUB-DIVISION","18 - 60",496010,258238,237648,124,NA,NA,NA,NA,496010,258238,237648,124,NA
"SINDH","KARACHI","KARACHI CENTRAL","NORTH NAZIMABAD","SUB-DIVISION","18 &  ABOVE",558473,292140,266205,128,NA,NA,NA,NA,558473,292140,266205,128,NA
"SINDH","KARACHI","KARACHI CENTRAL","NORTH NAZIMABAD","SUB-DIVISION","60 &  ABOVE",68855,37474,31377,4,NA,NA,NA,NA,68855,37474,31377,4,NA
"SINDH","KARACHI","KARACHI CENTRAL","NORTH NAZIMABAD","SUB-DIVISION","65 &  ABOVE",43179,23491,19685,3,NA,NA,NA,NA,43179,23491,19685,3,NA
"SINDH","KARACHI","KARACHI EAST","FEROZABAD","SUB-DIVISION","ALL AGES",1165794,626963,538647,184,NA,NA,NA,NA,1165794,626963,538647,184,NA
"SINDH","KARACHI","KARACHI EAST","FEROZABAD","SUB-DIVISION","UNDER 1",23559,12729,10830,NA,NA,NA,NA,NA,23559,12729,10830,NA,NA
"SINDH","KARACHI","KARACHI EAST","FEROZABAD","SUB-DIVISION","UNDER 5",171144,90698,80446,NA,NA,NA,NA,NA,171144,90698,80446,NA,NA
"SINDH","KARACHI","KARACHI EAST","FEROZABAD","SUB-DIVISION","UNDER 10",300201,158165,142036,NA,NA,NA,NA,NA,300201,158165,142036,NA,NA
"SINDH","KARACHI","KARACHI EAST","FEROZABAD","SUB-DIVISION","UNDER 15",431320,228390,202922,8,NA,NA,NA,NA,431320,228390,202922,8,NA
"SINDH","KARACHI","KARACHI EAST","FEROZABAD","SUB-DIVISION","05 - 24",478914,258379,220473,62,NA,NA,NA,NA,478914,258379,220473,62,NA
"SINDH","KARACHI","KARACHI EAST","FEROZABAD","SUB-DIVISION","15 - 49",584887,315341,269388,158,NA,NA,NA,NA,584887,315341,269388,158,NA
"SINDH","KARACHI","KARACHI EAST","FEROZABAD","SUB-DIVISION","15 - 64",689983,373669,316140,174,NA,NA,NA,NA,689983,373669,316140,174,NA
"SINDH","KARACHI","KARACHI EAST","FEROZABAD","SUB-DIVISION","18 - 60",590375,317509,272712,154,NA,NA,NA,NA,590375,317509,272712,154,NA
"SINDH","KARACHI","KARACHI EAST","FEROZABAD","SUB-DIVISION","18 &  ABOVE",654605,353390,301058,157,NA,NA,NA,NA,654605,353390,301058,157,NA
"SINDH","KARACHI","KARACHI EAST","FEROZABAD","SUB-DIVISION","60 &  ABOVE",70969,39733,31232,4,NA,NA,NA,NA,70969,39733,31232,4,NA
"SINDH","KARACHI","KARACHI EAST","FEROZABAD","SUB-DIVISION","65 &  ABOVE",44491,24904,19585,2,NA,NA,NA,NA,44491,24904,19585,2,NA
"SINDH","KARACHI","KARACHI EAST","GULSHAN-E-IQBAL","SUB-DIVISION","ALL AGES",973314,505800,467387,127,NA,NA,NA,NA,973314,505800,467387,127,NA
"SINDH","KARACHI","KARACHI EAST","GULSHAN-E-IQBAL","SUB-DIVISION","UNDER 1",12670,6554,6116,NA,NA,NA,NA,NA,12670,6554,6116,NA,NA
"SINDH","KARACHI","KARACHI EAST","GULSHAN-E-IQBAL","SUB-DIVISION","UNDER 5",101313,53176,48137,NA,NA,NA,NA,NA,101313,53176,48137,NA,NA
"SINDH","KARACHI","KARACHI EAST","GULSHAN-E-IQBAL","SUB-DIVISION","UNDER 10",196201,102240,93961,NA,NA,NA,NA,NA,196201,102240,93961,NA,NA
"SINDH","KARACHI","KARACHI EAST","GULSHAN-E-IQBAL","SUB-DIVISION","UNDER 15",295693,154802,140887,4,NA,NA,NA,NA,295693,154802,140887,4,NA
"SINDH","KARACHI","KARACHI EAST","GULSHAN-E-IQBAL","SUB-DIVISION","05 - 24",372819,195613,177162,44,NA,NA,NA,NA,372819,195613,177162,44,NA
"SINDH","KARACHI","KARACHI EAST","GULSHAN-E-IQBAL","SUB-DIVISION","15 - 49",511479,262829,248538,112,NA,NA,NA,NA,511479,262829,248538,112,NA
"SINDH","KARACHI","KARACHI EAST","GULSHAN-E-IQBAL","SUB-DIVISION","15 - 64",623932,321944,301866,122,NA,NA,NA,NA,623932,321944,301866,122,NA
"SINDH","KARACHI","KARACHI EAST","GULSHAN-E-IQBAL","SUB-DIVISION","18 - 60",541233,277903,263214,116,NA,NA,NA,NA,541233,277903,263214,116,NA
"SINDH","KARACHI","KARACHI EAST","GULSHAN-E-IQBAL","SUB-DIVISION","18 &  ABOVE",618376,319291,298968,117,NA,NA,NA,NA,618376,319291,298968,117,NA
"SINDH","KARACHI","KARACHI EAST","GULSHAN-E-IQBAL","SUB-DIVISION","60 &  ABOVE",84385,45418,38965,2,NA,NA,NA,NA,84385,45418,38965,2,NA
"SINDH","KARACHI","KARACHI EAST","GULSHAN-E-IQBAL","SUB-DIVISION","65 &  ABOVE",53689,29054,24634,1,NA,NA,NA,NA,53689,29054,24634,1,NA
"SINDH","KARACHI","KARACHI EAST","GULZAR-E-HIJRI","SUB-DIVISION","ALL AGES",1118534,601404,517052,78,NA,NA,NA,NA,1118534,601404,517052,78,NA
"SINDH","KARACHI","KARACHI EAST","GULZAR-E-HIJRI","SUB-DIVISION","UNDER 1",17573,9199,8374,NA,NA,NA,NA,NA,17573,9199,8374,NA,NA
"SINDH","KARACHI","KARACHI EAST","GULZAR-E-HIJRI","SUB-DIVISION","UNDER 5",146531,77159,69372,NA,NA,NA,NA,NA,146531,77159,69372,NA,NA
"SINDH","KARACHI","KARACHI EAST","GULZAR-E-HIJRI","SUB-DIVISION","UNDER 10",292634,154853,137781,NA,NA,NA,NA,NA,292634,154853,137781,NA,NA
"SINDH","KARACHI","KARACHI EAST","GULZAR-E-HIJRI","SUB-DIVISION","UNDER 15",426880,228163,198713,4,NA,NA,NA,NA,426880,228163,198713,4,NA
"SINDH","KARACHI","KARACHI EAST","GULZAR-E-HIJRI","SUB-DIVISION","05 - 24",494927,267818,227077,32,NA,NA,NA,NA,494927,267818,227077,32,NA
"SINDH","KARACHI","KARACHI EAST","GULZAR-E-HIJRI","SUB-DIVISION","15 - 49",570263,304518,265672,73,NA,NA,NA,NA,570263,304518,265672,73,NA
"SINDH","KARACHI","KARACHI EAST","GULZAR-E-HIJRI","SUB-DIVISION","15 - 64",659456,354421,304962,73,NA,NA,NA,NA,659456,354421,304962,73,NA
"SINDH","KARACHI","KARACHI EAST","GULZAR-E-HIJRI","SUB-DIVISION","18 - 60",573021,305876,267074,71,NA,NA,NA,NA,573021,305876,267074,71,NA
"SINDH","KARACHI","KARACHI EAST","GULZAR-E-HIJRI","SUB-DIVISION","18 &  ABOVE",621383,333799,287512,72,NA,NA,NA,NA,621383,333799,287512,72,NA
"SINDH","KARACHI","KARACHI EAST","GULZAR-E-HIJRI","SUB-DIVISION","60 &  ABOVE",54426,31478,22947,1,NA,NA,NA,NA,54426,31478,22947,1,NA
"SINDH","KARACHI","KARACHI EAST","GULZAR-E-HIJRI","SUB-DIVISION","65 &  ABOVE",32198,18820,13377,1,NA,NA,NA,NA,32198,18820,13377,1,NA
"SINDH","KARACHI","KARACHI EAST","JAMSHED QUARTERS","SUB-DIVISION","ALL AGES",656014,346672,309305,37,NA,NA,NA,NA,656014,346672,309305,37,NA
"SINDH","KARACHI","KARACHI EAST","JAMSHED QUARTERS","SUB-DIVISION","UNDER 1",9760,5010,4750,NA,NA,NA,NA,NA,9760,5010,4750,NA,NA
"SINDH","KARACHI","KARACHI EAST","JAMSHED QUARTERS","SUB-DIVISION","UNDER 5",76382,39613,36769,NA,NA,NA,NA,NA,76382,39613,36769,NA,NA
"SINDH","KARACHI","KARACHI EAST","JAMSHED QUARTERS","SUB-DIVISION","UNDER 10",144478,74890,69588,NA,NA,NA,NA,NA,144478,74890,69588,NA,NA
"SINDH","KARACHI","KARACHI EAST","JAMSHED QUARTERS","SUB-DIVISION","UNDER 15",216432,113219,103213,NA,NA,NA,NA,NA,216432,113219,103213,NA,NA
"SINDH","KARACHI","KARACHI EAST","JAMSHED QUARTERS","SUB-DIVISION","05 - 24",263701,140649,123043,9,NA,NA,NA,NA,263701,140649,123043,9,NA
"SINDH","KARACHI","KARACHI EAST","JAMSHED QUARTERS","SUB-DIVISION","15 - 49",338415,178648,159733,34,NA,NA,NA,NA,338415,178648,159733,34,NA
"SINDH","KARACHI","KARACHI EAST","JAMSHED QUARTERS","SUB-DIVISION","15 - 64",407475,216219,191219,37,NA,NA,NA,NA,407475,216219,191219,37,NA
"SINDH","KARACHI","KARACHI EAST","JAMSHED QUARTERS","SUB-DIVISION","18 - 60",349038,183994,165011,33,NA,NA,NA,NA,349038,183994,165011,33,NA
"SINDH","KARACHI","KARACHI EAST","JAMSHED QUARTERS","SUB-DIVISION","18 &  ABOVE",394990,208626,186330,34,NA,NA,NA,NA,394990,208626,186330,34,NA
"SINDH","KARACHI","KARACHI EAST","JAMSHED QUARTERS","SUB-DIVISION","60 &  ABOVE",50523,27213,23309,1,NA,NA,NA,NA,50523,27213,23309,1,NA
"SINDH","KARACHI","KARACHI EAST","JAMSHED QUARTERS","SUB-DIVISION","65 &  ABOVE",32107,17234,14873,NA,NA,NA,NA,NA,32107,17234,14873,NA,NA
"SINDH","KARACHI","KARACHI SOUTH","ARAM BAGH","SUB-DIVISION","ALL AGES",237224,128413,108806,5,NA,NA,NA,NA,237224,128413,108806,5,NA
"SINDH","KARACHI","KARACHI SOUTH","ARAM BAGH","SUB-DIVISION","UNDER 1",2493,1291,1202,NA,NA,NA,NA,NA,2493,1291,1202,NA,NA
"SINDH","KARACHI","KARACHI SOUTH","ARAM BAGH","SUB-DIVISION","UNDER 5",23115,12184,10931,NA,NA,NA,NA,NA,23115,12184,10931,NA,NA
"SINDH","KARACHI","KARACHI SOUTH","ARAM BAGH","SUB-DIVISION","UNDER 10",46233,24285,21948,NA,NA,NA,NA,NA,46233,24285,21948,NA,NA
"SINDH","KARACHI","KARACHI SOUTH","ARAM BAGH","SUB-DIVISION","UNDER 15",74151,39228,34923,NA,NA,NA,NA,NA,74151,39228,34923,NA,NA
"SINDH","KARACHI","KARACHI SOUTH","ARAM BAGH","SUB-DIVISION","05 - 24",96481,52002,44478,1,NA,NA,NA,NA,96481,52002,44478,1,NA
"SINDH","KARACHI","KARACHI SOUTH","ARAM BAGH","SUB-DIVISION","15 - 49",129332,69824,59506,2,NA,NA,NA,NA,129332,69824,59506,2,NA
"SINDH","KARACHI","KARACHI SOUTH","ARAM BAGH","SUB-DIVISION","15 - 64",153384,83729,69651,4,NA,NA,NA,NA,153384,83729,69651,4,NA
"SINDH","KARACHI","KARACHI SOUTH","ARAM BAGH","SUB-DIVISION","18 - 60",131169,71301,59864,4,NA,NA,NA,NA,131169,71301,59864,4,NA
"SINDH","KARACHI","KARACHI SOUTH","ARAM BAGH","SUB-DIVISION","18 &  ABOVE",145254,79274,65975,5,NA,NA,NA,NA,145254,79274,65975,5,NA
"SINDH","KARACHI","KARACHI SOUTH","ARAM BAGH","SUB-DIVISION","60 &  ABOVE",15648,8873,6774,1,NA,NA,NA,NA,15648,8873,6774,1,NA
"SINDH","KARACHI","KARACHI SOUTH","ARAM BAGH","SUB-DIVISION","65 &  ABOVE",9689,5456,4232,1,NA,NA,NA,NA,9689,5456,4232,1,NA
"SINDH","KARACHI","KARACHI SOUTH","CIVIL LINES","SUB-DIVISION","ALL AGES",480480,265482,214800,198,NA,NA,NA,NA,480480,265482,214800,198,NA
"SINDH","KARACHI","KARACHI SOUTH","CIVIL LINES","SUB-DIVISION","UNDER 1",5779,2970,2809,NA,NA,NA,NA,NA,5779,2970,2809,NA,NA
"SINDH","KARACHI","KARACHI SOUTH","CIVIL LINES","SUB-DIVISION","UNDER 5",44047,23151,20896,NA,NA,NA,NA,NA,44047,23151,20896,NA,NA
"SINDH","KARACHI","KARACHI SOUTH","CIVIL LINES","SUB-DIVISION","UNDER 10",87746,45848,41898,NA,NA,NA,NA,NA,87746,45848,41898,NA,NA
"SINDH","KARACHI","KARACHI SOUTH","CIVIL LINES","SUB-DIVISION","UNDER 15",133339,70669,62668,2,NA,NA,NA,NA,133339,70669,62668,2,NA
"SINDH","KARACHI","KARACHI SOUTH","CIVIL LINES","SUB-DIVISION","05 - 24",179100,97613,81444,43,NA,NA,NA,NA,179100,97613,81444,43,NA
"SINDH","KARACHI","KARACHI SOUTH","CIVIL LINES","SUB-DIVISION","15 - 49",265846,148383,117281,182,NA,NA,NA,NA,265846,148383,117281,182,NA
"SINDH","KARACHI","KARACHI SOUTH","CIVIL LINES","SUB-DIVISION","15 - 64",320332,179661,140480,191,NA,NA,NA,NA,320332,179661,140480,191,NA
"SINDH","KARACHI","KARACHI SOUTH","CIVIL LINES","SUB-DIVISION","18 - 60",282541,158740,123617,184,NA,NA,NA,NA,282541,158740,123617,184,NA
"SINDH","KARACHI","KARACHI SOUTH","CIVIL LINES","SUB-DIVISION","18 &  ABOVE",319628,179676,139763,189,NA,NA,NA,NA,319628,179676,139763,189,NA
"SINDH","KARACHI","KARACHI SOUTH","CIVIL LINES","SUB-DIVISION","60 &  ABOVE",40791,23098,17687,6,NA,NA,NA,NA,40791,23098,17687,6,NA
"SINDH","KARACHI","KARACHI SOUTH","CIVIL LINES","SUB-DIVISION","65 &  ABOVE",26809,15152,11652,5,NA,NA,NA,NA,26809,15152,11652,5,NA
"SINDH","KARACHI","KARACHI SOUTH","GARDEN","SUB-DIVISION","ALL AGES",502819,263232,239546,41,NA,NA,NA,NA,502819,263232,239546,41,NA
"SINDH","KARACHI","KARACHI SOUTH","GARDEN","SUB-DIVISION","UNDER 1",9207,4772,4435,NA,NA,NA,NA,NA,9207,4772,4435,NA,NA
"SINDH","KARACHI","KARACHI SOUTH","GARDEN","SUB-DIVISION","UNDER 5",58089,29657,28432,NA,NA,NA,NA,NA,58089,29657,28432,NA,NA
"SINDH","KARACHI","KARACHI SOUTH","GARDEN","SUB-DIVISION","UNDER 10",114928,59097,55831,NA,NA,NA,NA,NA,114928,59097,55831,NA,NA
"SINDH","KARACHI","KARACHI SOUTH","GARDEN","SUB-DIVISION","UNDER 15",167911,86944,80967,NA,NA,NA,NA,NA,167911,86944,80967,NA,NA
"SINDH","KARACHI","KARACHI SOUTH","GARDEN","SUB-DIVISION","05 - 24",197596,103337,94251,8,NA,NA,NA,NA,197596,103337,94251,8,NA
"SINDH","KARACHI","KARACHI SOUTH","GARDEN","SUB-DIVISION","15 - 49",255322,132466,122823,33,NA,NA,NA,NA,255322,132466,122823,33,NA
"SINDH","KARACHI","KARACHI SOUTH","GARDEN","SUB-DIVISION","15 - 64",311896,163685,148173,38,NA,NA,NA,NA,311896,163685,148173,38,NA
"SINDH","KARACHI","KARACHI SOUTH","GARDEN","SUB-DIVISION","18 - 60",272493,142675,129781,37,NA,NA,NA,NA,272493,142675,129781,37,NA
"SINDH","KARACHI","KARACHI SOUTH","GARDEN","SUB-DIVISION","18 &  ABOVE",305820,160904,144876,40,NA,NA,NA,NA,305820,160904,144876,40,NA
"SINDH","KARACHI","KARACHI SOUTH","GARDEN","SUB-DIVISION","60 &  ABOVE",37284,20508,16771,5,NA,NA,NA,NA,37284,20508,16771,5,NA
"SINDH","KARACHI","KARACHI SOUTH","GARDEN","SUB-DIVISION","65 &  ABOVE",23012,12603,10406,3,NA,NA,NA,NA,23012,12603,10406,3,NA
"SINDH","KARACHI","KARACHI SOUTH","LYARI","SUB-DIVISION","ALL AGES",949878,497768,451993,117,NA,NA,NA,NA,949878,497768,451993,117,NA
"SINDH","KARACHI","KARACHI SOUTH","LYARI","SUB-DIVISION","UNDER 1",15777,8105,7672,NA,NA,NA,NA,NA,15777,8105,7672,NA,NA
"SINDH","KARACHI","KARACHI SOUTH","LYARI","SUB-DIVISION","UNDER 5",100294,52116,48178,NA,NA,NA,NA,NA,100294,52116,48178,NA,NA
"SINDH","KARACHI","KARACHI SOUTH","LYARI","SUB-DIVISION","UNDER 10",209072,108908,100164,NA,NA,NA,NA,NA,209072,108908,100164,NA,NA
"SINDH","KARACHI","KARACHI SOUTH","LYARI","SUB-DIVISION","UNDER 15",319598,167201,152397,NA,NA,NA,NA,NA,319598,167201,152397,NA,NA
"SINDH","KARACHI","KARACHI SOUTH","LYARI","SUB-DIVISION","05 - 24",399501,209487,189999,15,NA,NA,NA,NA,399501,209487,189999,15,NA
"SINDH","KARACHI","KARACHI SOUTH","LYARI","SUB-DIVISION","15 - 49",500092,257929,242067,96,NA,NA,NA,NA,500092,257929,242067,96,NA
"SINDH","KARACHI","KARACHI SOUTH","LYARI","SUB-DIVISION","15 - 64",592935,310019,282803,113,NA,NA,NA,NA,592935,310019,282803,113,NA
"SINDH","KARACHI","KARACHI SOUTH","LYARI","SUB-DIVISION","18 - 60",514975,268396,246470,109,NA,NA,NA,NA,514975,268396,246470,109,NA
"SINDH","KARACHI","KARACHI SOUTH","LYARI","SUB-DIVISION","18 &  ABOVE",568518,297976,270428,114,NA,NA,NA,NA,568518,297976,270428,114,NA
"SINDH","KARACHI","KARACHI SOUTH","LYARI","SUB-DIVISION","60 &  ABOVE",59680,33060,26614,6,NA,NA,NA,NA,59680,33060,26614,6,NA
"SINDH","KARACHI","KARACHI SOUTH","LYARI","SUB-DIVISION","65 &  ABOVE",37345,20548,16793,4,NA,NA,NA,NA,37345,20548,16793,4,NA
"SINDH","KARACHI","KARACHI SOUTH","SADDAR","SUB-DIVISION","ALL AGES",159363,85965,73375,23,NA,NA,NA,NA,159363,85965,73375,23,NA
"SINDH","KARACHI","KARACHI SOUTH","SADDAR","SUB-DIVISION","UNDER 1",1848,996,852,NA,NA,NA,NA,NA,1848,996,852,NA,NA
"SINDH","KARACHI","KARACHI SOUTH","SADDAR","SUB-DIVISION","UNDER 5",13547,6981,6566,NA,NA,NA,NA,NA,13547,6981,6566,NA,NA
"SINDH","KARACHI","KARACHI SOUTH","SADDAR","SUB-DIVISION","UNDER 10",29068,15026,14042,NA,NA,NA,NA,NA,29068,15026,14042,NA,NA
"SINDH","KARACHI","KARACHI SOUTH","SADDAR","SUB-DIVISION","UNDER 15",45281,23550,21731,NA,NA,NA,NA,NA,45281,23550,21731,NA,NA
"SINDH","KARACHI","KARACHI SOUTH","SADDAR","SUB-DIVISION","05 - 24",61010,32327,28679,4,NA,NA,NA,NA,61010,32327,28679,4,NA
"SINDH","KARACHI","KARACHI SOUTH","SADDAR","SUB-DIVISION","15 - 49",87364,47376,39967,21,NA,NA,NA,NA,87364,47376,39967,21,NA
"SINDH","KARACHI","KARACHI SOUTH","SADDAR","SUB-DIVISION","15 - 64",105509,57751,47736,22,NA,NA,NA,NA,105509,57751,47736,22,NA
"SINDH","KARACHI","KARACHI SOUTH","SADDAR","SUB-DIVISION","18 - 60",92443,50479,41944,20,NA,NA,NA,NA,92443,50479,41944,20,NA
"SINDH","KARACHI","KARACHI SOUTH","SADDAR","SUB-DIVISION","18 &  ABOVE",104518,57114,47383,21,NA,NA,NA,NA,104518,57114,47383,21,NA
"SINDH","KARACHI","KARACHI SOUTH","SADDAR","SUB-DIVISION","60 &  ABOVE",13293,7360,5932,1,NA,NA,NA,NA,13293,7360,5932,1,NA
"SINDH","KARACHI","KARACHI SOUTH","SADDAR","SUB-DIVISION","65 &  ABOVE",8573,4664,3908,1,NA,NA,NA,NA,8573,4664,3908,1,NA
"SINDH","KARACHI","KARACHI WEST","MANGHOPIR","SUB-DIVISION","ALL AGES",1081753,573084,508614,55,248952,132585,116360,7,832801,440499,392254,48,NA
"SINDH","KARACHI","KARACHI WEST","MANGHOPIR","SUB-DIVISION","UNDER 1",15973,8302,7671,NA,3768,1927,1841,NA,12205,6375,5830,NA,NA
"SINDH","KARACHI","KARACHI WEST","MANGHOPIR","SUB-DIVISION","UNDER 5",123203,63754,59449,NA,28831,15020,13811,NA,94372,48734,45638,NA,NA
"SINDH","KARACHI","KARACHI WEST","MANGHOPIR","SUB-DIVISION","UNDER 10",259854,134588,125266,NA,62753,32696,30057,NA,197101,101892,95209,NA,NA
"SINDH","KARACHI","KARACHI WEST","MANGHOPIR","SUB-DIVISION","UNDER 15",389296,203122,186171,3,94351,49468,44882,1,294945,153654,141289,2,NA
"SINDH","KARACHI","KARACHI WEST","MANGHOPIR","SUB-DIVISION","05 - 24",472385,248511,223853,21,114676,60684,53988,4,357709,187827,169865,17,NA
"SINDH","KARACHI","KARACHI WEST","MANGHOPIR","SUB-DIVISION","15 - 49",566136,297706,268381,49,128197,67602,60589,6,437939,230104,207792,43,NA
"SINDH","KARACHI","KARACHI WEST","MANGHOPIR","SUB-DIVISION","15 - 64",660022,350937,309033,52,147883,78996,68881,6,512139,271941,240152,46,NA
"SINDH","KARACHI","KARACHI WEST","MANGHOPIR","SUB-DIVISION","18 - 60",577331,306200,271086,45,128147,68309,59835,3,449184,237891,211251,42,NA
"SINDH","KARACHI","KARACHI WEST","MANGHOPIR","SUB-DIVISION","18 &  ABOVE",626190,334593,291552,45,138029,74302,63724,3,488161,260291,227828,42,NA
"SINDH","KARACHI","KARACHI WEST","MANGHOPIR","SUB-DIVISION","60 &  ABOVE",54825,31867,22957,1,11195,6778,4417,NA,43630,25089,18540,1,NA
"SINDH","KARACHI","KARACHI WEST","MANGHOPIR","SUB-DIVISION","65 &  ABOVE",32435,19025,13410,NA,6718,4121,2597,NA,25717,14904,10813,NA,NA
"SINDH","KARACHI","KARACHI WEST","MOMINABAD","SUB-DIVISION","ALL AGES",1000708,525476,475118,114,NA,NA,NA,NA,1000708,525476,475118,114,NA
"SINDH","KARACHI","KARACHI WEST","MOMINABAD","SUB-DIVISION","UNDER 1",20501,10664,9837,NA,NA,NA,NA,NA,20501,10664,9837,NA,NA
"SINDH","KARACHI","KARACHI WEST","MOMINABAD","SUB-DIVISION","UNDER 5",130357,67597,62760,NA,NA,NA,NA,NA,130357,67597,62760,NA,NA
"SINDH","KARACHI","KARACHI WEST","MOMINABAD","SUB-DIVISION","UNDER 10",249011,128339,120672,NA,NA,NA,NA,NA,249011,128339,120672,NA,NA
"SINDH","KARACHI","KARACHI WEST","MOMINABAD","SUB-DIVISION","UNDER 15",359644,186020,173623,1,NA,NA,NA,NA,359644,186020,173623,1,NA
"SINDH","KARACHI","KARACHI WEST","MOMINABAD","SUB-DIVISION","05 - 24",417900,215322,202560,18,NA,NA,NA,NA,417900,215322,202560,18,NA
"SINDH","KARACHI","KARACHI WEST","MOMINABAD","SUB-DIVISION","15 - 49",520801,271518,249188,95,NA,NA,NA,NA,520801,271518,249188,95,NA
"SINDH","KARACHI","KARACHI WEST","MOMINABAD","SUB-DIVISION","15 - 64",610136,322049,287977,110,NA,NA,NA,NA,610136,322049,287977,110,NA
"SINDH","KARACHI","KARACHI WEST","MOMINABAD","SUB-DIVISION","18 - 60",534777,282434,252236,107,NA,NA,NA,NA,534777,282434,252236,107,NA
"SINDH","KARACHI","KARACHI WEST","MOMINABAD","SUB-DIVISION","18 &  ABOVE",580896,308321,272465,110,NA,NA,NA,NA,580896,308321,272465,110,NA
"SINDH","KARACHI","KARACHI WEST","MOMINABAD","SUB-DIVISION","60 &  ABOVE",51512,29134,22374,4,NA,NA,NA,NA,51512,29134,22374,4,NA
"SINDH","KARACHI","KARACHI WEST","MOMINABAD","SUB-DIVISION","65 &  ABOVE",30928,17407,13518,3,NA,NA,NA,NA,30928,17407,13518,3,NA
"SINDH","KARACHI","KARACHI WEST","ORANGI","SUB-DIVISION","ALL AGES",596919,316870,280021,28,NA,NA,NA,NA,596919,316870,280021,28,NA
"SINDH","KARACHI","KARACHI WEST","ORANGI","SUB-DIVISION","UNDER 1",12434,6350,6084,NA,NA,NA,NA,NA,12434,6350,6084,NA,NA
"SINDH","KARACHI","KARACHI WEST","ORANGI","SUB-DIVISION","UNDER 5",80861,42000,38861,NA,NA,NA,NA,NA,80861,42000,38861,NA,NA
"SINDH","KARACHI","KARACHI WEST","ORANGI","SUB-DIVISION","UNDER 10",164694,85892,78802,NA,NA,NA,NA,NA,164694,85892,78802,NA,NA
"SINDH","KARACHI","KARACHI WEST","ORANGI","SUB-DIVISION","UNDER 15",241960,127090,114869,1,NA,NA,NA,NA,241960,127090,114869,1,NA
"SINDH","KARACHI","KARACHI WEST","ORANGI","SUB-DIVISION","05 - 24",276848,146263,130577,8,NA,NA,NA,NA,276848,146263,130577,8,NA
"SINDH","KARACHI","KARACHI WEST","ORANGI","SUB-DIVISION","15 - 49",295063,155625,139417,21,NA,NA,NA,NA,295063,155625,139417,21,NA
"SINDH","KARACHI","KARACHI WEST","ORANGI","SUB-DIVISION","15 - 64",338949,180564,158359,26,NA,NA,NA,NA,338949,180564,158359,26,NA
"SINDH","KARACHI","KARACHI WEST","ORANGI","SUB-DIVISION","18 - 60",290598,154284,136288,26,NA,NA,NA,NA,290598,154284,136288,26,NA
"SINDH","KARACHI","KARACHI WEST","ORANGI","SUB-DIVISION","18 &  ABOVE",313937,167619,146291,27,NA,NA,NA,NA,313937,167619,146291,27,NA
"SINDH","KARACHI","KARACHI WEST","ORANGI","SUB-DIVISION","60 &  ABOVE",26168,15006,11160,2,NA,NA,NA,NA,26168,15006,11160,2,NA
"SINDH","KARACHI","KARACHI WEST","ORANGI","SUB-DIVISION","65 &  ABOVE",16010,9216,6793,1,NA,NA,NA,NA,16010,9216,6793,1,NA
"SINDH","LARKANA","KASHMORE","KANDHKOT","TALUKA","ALL AGES",407593,209396,198186,11,264961,139002,125949,10,142632,70394,72237,1,NA
"SINDH","LARKANA","KASHMORE","KANDHKOT","TALUKA","UNDER 1",6645,3197,3448,NA,3947,1886,2061,NA,2698,1311,1387,NA,NA
"SINDH","LARKANA","KASHMORE","KANDHKOT","TALUKA","UNDER 5",76531,38566,37965,NA,53138,27287,25851,NA,23393,11279,12114,NA,NA
"SINDH","LARKANA","KASHMORE","KANDHKOT","TALUKA","UNDER 10",151574,77372,74202,NA,105553,55236,50317,NA,46021,22136,23885,NA,NA
"SINDH","LARKANA","KASHMORE","KANDHKOT","TALUKA","UNDER 15",205833,105761,100071,1,142512,75458,67053,1,63321,30303,33018,NA,NA
"SINDH","LARKANA","KASHMORE","KANDHKOT","TALUKA","05 - 24",201774,104638,97129,7,134270,72311,61952,7,67504,32327,35177,NA,NA
"SINDH","LARKANA","KASHMORE","KANDHKOT","TALUKA","15 - 49",168492,85960,82524,8,102860,52901,49951,8,65632,33059,32573,NA,NA
"SINDH","LARKANA","KASHMORE","KANDHKOT","TALUKA","15 - 64",192549,98647,93892,10,116844,60323,56512,9,75705,38324,37380,1,NA
"SINDH","LARKANA","KASHMORE","KANDHKOT","TALUKA","18 - 60",162152,82146,79998,8,97369,49062,48300,7,64783,33084,31698,1,NA
"SINDH","LARKANA","KASHMORE","KANDHKOT","TALUKA","18 &  ABOVE",175769,89424,86337,8,105544,53643,51894,7,70225,35781,34443,1,NA
"SINDH","LARKANA","KASHMORE","KANDHKOT","TALUKA","60 &  ABOVE",14985,8032,6953,NA,8990,5040,3950,NA,5995,2992,3003,NA,NA
"SINDH","LARKANA","KASHMORE","KANDHKOT","TALUKA","65 &  ABOVE",9211,4988,4223,NA,5605,3221,2384,NA,3606,1767,1839,NA,NA
"SINDH","LARKANA","KASHMORE","KASHMORE","TALUKA","ALL AGES",487601,245486,242090,25,390515,196434,194072,9,97086,49052,48018,16,NA
"SINDH","LARKANA","KASHMORE","KASHMORE","TALUKA","UNDER 1",12657,6548,6109,NA,10517,5445,5072,NA,2140,1103,1037,NA,NA
"SINDH","LARKANA","KASHMORE","KASHMORE","TALUKA","UNDER 5",104963,53214,51749,NA,85265,43067,42198,NA,19698,10147,9551,NA,NA
"SINDH","LARKANA","KASHMORE","KASHMORE","TALUKA","UNDER 10",193240,97247,95993,NA,158606,79771,78835,NA,34634,17476,17158,NA,NA
"SINDH","LARKANA","KASHMORE","KASHMORE","TALUKA","UNDER 15",254133,127952,126181,NA,207316,104340,102976,NA,46817,23612,23205,NA,NA
"SINDH","LARKANA","KASHMORE","KASHMORE","TALUKA","05 - 24",231047,115722,115319,6,185797,93273,92520,4,45250,22449,22799,2,NA
"SINDH","LARKANA","KASHMORE","KASHMORE","TALUKA","15 - 49",193129,96325,96782,22,151136,75318,75812,6,41993,21007,20970,16,NA
"SINDH","LARKANA","KASHMORE","KASHMORE","TALUKA","15 - 64",221730,111265,110441,24,173572,86909,86655,8,48158,24356,23786,16,NA
"SINDH","LARKANA","KASHMORE","KASHMORE","TALUKA","18 - 60",190107,94827,95259,21,149205,74102,75098,5,40902,20725,20161,16,NA
"SINDH","LARKANA","KASHMORE","KASHMORE","TALUKA","18 &  ABOVE",207033,103749,103261,23,163033,81446,81580,7,44000,22303,21681,16,NA
"SINDH","LARKANA","KASHMORE","KASHMORE","TALUKA","60 &  ABOVE",18792,9952,8838,2,15322,8156,7164,2,3470,1796,1674,NA,NA
"SINDH","LARKANA","KASHMORE","KASHMORE","TALUKA","65 &  ABOVE",11738,6269,5468,1,9627,5185,4441,1,2111,1084,1027,NA,NA
"SINDH","LARKANA","KASHMORE","TANGWANI","TALUKA","ALL AGES",338763,173383,165370,10,306698,157204,149491,3,32065,16179,15879,7,NA
"SINDH","LARKANA","KASHMORE","TANGWANI","TALUKA","UNDER 1",9027,4588,4439,NA,7828,3952,3876,NA,1199,636,563,NA,NA
"SINDH","LARKANA","KASHMORE","TANGWANI","TALUKA","UNDER 5",77719,39695,38024,NA,70065,35715,34350,NA,7654,3980,3674,NA,NA
"SINDH","LARKANA","KASHMORE","TANGWANI","TALUKA","UNDER 10",141111,72290,68821,NA,126821,64834,61987,NA,14290,7456,6834,NA,NA
"SINDH","LARKANA","KASHMORE","TANGWANI","TALUKA","UNDER 15",184815,94906,89909,NA,165873,85093,80780,NA,18942,9813,9129,NA,NA
"SINDH","LARKANA","KASHMORE","TANGWANI","TALUKA","05 - 24",161888,83303,78582,3,145161,74849,70310,2,16727,8454,8272,1,NA
"SINDH","LARKANA","KASHMORE","TANGWANI","TALUKA","15 - 49",126810,64377,62423,10,115806,59046,56757,3,11004,5331,5666,7,NA
"SINDH","LARKANA","KASHMORE","TANGWANI","TALUKA","15 - 64",146620,74582,72028,10,134028,68451,65574,3,12592,6131,6454,7,NA
"SINDH","LARKANA","KASHMORE","TANGWANI","TALUKA","18 - 60",123700,62294,61397,9,113740,57463,56275,2,9960,4831,5122,7,NA
"SINDH","LARKANA","KASHMORE","TANGWANI","TALUKA","18 &  ABOVE",134594,68044,66541,9,123864,62866,60996,2,10730,5178,5545,7,NA
"SINDH","LARKANA","KASHMORE","TANGWANI","TALUKA","60 &  ABOVE",12138,6433,5705,NA,11299,6044,5255,NA,839,389,450,NA,NA
"SINDH","LARKANA","KASHMORE","TANGWANI","TALUKA","65 &  ABOVE",7328,3895,3433,NA,6797,3660,3137,NA,531,235,296,NA,NA
"SINDH","KARACHI","KEAMARI","BALDIA","SUB-DIVISION","ALL AGES",948399,498073,450223,103,NA,NA,NA,NA,948399,498073,450223,103,NA
"SINDH","KARACHI","KEAMARI","BALDIA","SUB-DIVISION","UNDER 1",19025,9682,9343,NA,NA,NA,NA,NA,19025,9682,9343,NA,NA
"SINDH","KARACHI","KEAMARI","BALDIA","SUB-DIVISION","UNDER 5",132665,68366,64299,NA,NA,NA,NA,NA,132665,68366,64299,NA,NA
"SINDH","KARACHI","KEAMARI","BALDIA","SUB-DIVISION","UNDER 10",252493,129609,122884,NA,NA,NA,NA,NA,252493,129609,122884,NA,NA
"SINDH","KARACHI","KEAMARI","BALDIA","SUB-DIVISION","UNDER 15",368363,190740,177617,6,NA,NA,NA,NA,368363,190740,177617,6,NA
"SINDH","KARACHI","KEAMARI","BALDIA","SUB-DIVISION","05 - 24",424803,221716,203063,24,NA,NA,NA,NA,424803,221716,203063,24,NA
"SINDH","KARACHI","KEAMARI","BALDIA","SUB-DIVISION","15 - 49",483629,252497,231051,81,NA,NA,NA,NA,483629,252497,231051,81,NA
"SINDH","KARACHI","KEAMARI","BALDIA","SUB-DIVISION","15 - 64",554107,292390,261624,93,NA,NA,NA,NA,554107,292390,261624,93,NA
"SINDH","KARACHI","KEAMARI","BALDIA","SUB-DIVISION","18 - 60",479794,252088,227620,86,NA,NA,NA,NA,479794,252088,227620,86,NA
"SINDH","KARACHI","KEAMARI","BALDIA","SUB-DIVISION","18 &  ABOVE",516926,273452,243381,93,NA,NA,NA,NA,516926,273452,243381,93,NA
"SINDH","KARACHI","KEAMARI","BALDIA","SUB-DIVISION","60 &  ABOVE",42583,24515,18060,8,NA,NA,NA,NA,42583,24515,18060,8,NA
"SINDH","KARACHI","KEAMARI","BALDIA","SUB-DIVISION","65 &  ABOVE",25929,14943,10982,4,NA,NA,NA,NA,25929,14943,10982,4,NA
"SINDH","KARACHI","KEAMARI","KEAMARI","SUB-DIVISION","ALL AGES",451147,242749,208348,50,NA,NA,NA,NA,451147,242749,208348,50,NA
"SINDH","KARACHI","KEAMARI","KEAMARI","SUB-DIVISION","UNDER 1",9294,4856,4438,NA,NA,NA,NA,NA,9294,4856,4438,NA,NA
"SINDH","KARACHI","KEAMARI","KEAMARI","SUB-DIVISION","UNDER 5",61335,32234,29101,NA,NA,NA,NA,NA,61335,32234,29101,NA,NA
"SINDH","KARACHI","KEAMARI","KEAMARI","SUB-DIVISION","UNDER 10",119627,62544,57083,NA,NA,NA,NA,NA,119627,62544,57083,NA,NA
"SINDH","KARACHI","KEAMARI","KEAMARI","SUB-DIVISION","UNDER 15",174264,91521,82739,4,NA,NA,NA,NA,174264,91521,82739,4,NA
"SINDH","KARACHI","KEAMARI","KEAMARI","SUB-DIVISION","05 - 24",204615,107723,96880,12,NA,NA,NA,NA,204615,107723,96880,12,NA
"SINDH","KARACHI","KEAMARI","KEAMARI","SUB-DIVISION","15 - 49",233297,125898,107362,37,NA,NA,NA,NA,233297,125898,107362,37,NA
"SINDH","KARACHI","KEAMARI","KEAMARI","SUB-DIVISION","15 - 64",265582,144610,120926,46,NA,NA,NA,NA,265582,144610,120926,46,NA
"SINDH","KARACHI","KEAMARI","KEAMARI","SUB-DIVISION","18 - 60",230747,126023,104681,43,NA,NA,NA,NA,230747,126023,104681,43,NA
"SINDH","KARACHI","KEAMARI","KEAMARI","SUB-DIVISION","18 &  ABOVE",247230,135623,111563,44,NA,NA,NA,NA,247230,135623,111563,44,NA
"SINDH","KARACHI","KEAMARI","KEAMARI","SUB-DIVISION","60 &  ABOVE",18597,10831,7761,5,NA,NA,NA,NA,18597,10831,7761,5,NA
"SINDH","KARACHI","KEAMARI","KEAMARI","SUB-DIVISION","65 &  ABOVE",11301,6618,4683,NA,NA,NA,NA,NA,11301,6618,4683,NA,NA
"SINDH","KARACHI","KEAMARI","MAURIPUR","SUB-DIVISION","ALL AGES",217930,115133,102774,23,NA,NA,NA,NA,217930,115133,102774,23,NA
"SINDH","KARACHI","KEAMARI","MAURIPUR","SUB-DIVISION","UNDER 1",3832,1947,1885,NA,NA,NA,NA,NA,3832,1947,1885,NA,NA
"SINDH","KARACHI","KEAMARI","MAURIPUR","SUB-DIVISION","UNDER 5",27535,14257,13278,NA,NA,NA,NA,NA,27535,14257,13278,NA,NA
"SINDH","KARACHI","KEAMARI","MAURIPUR","SUB-DIVISION","UNDER 10",56405,29164,27241,NA,NA,NA,NA,NA,56405,29164,27241,NA,NA
"SINDH","KARACHI","KEAMARI","MAURIPUR","SUB-DIVISION","UNDER 15",82394,42834,39560,NA,NA,NA,NA,NA,82394,42834,39560,NA,NA
"SINDH","KARACHI","KEAMARI","MAURIPUR","SUB-DIVISION","05 - 24",97444,51284,46147,13,NA,NA,NA,NA,97444,51284,46147,13,NA
"SINDH","KARACHI","KEAMARI","MAURIPUR","SUB-DIVISION","15 - 49",112385,59609,52754,22,NA,NA,NA,NA,112385,59609,52754,22,NA
"SINDH","KARACHI","KEAMARI","MAURIPUR","SUB-DIVISION","15 - 64",129135,68846,60266,23,NA,NA,NA,NA,129135,68846,60266,23,NA
"SINDH","KARACHI","KEAMARI","MAURIPUR","SUB-DIVISION","18 - 60",112508,59892,52593,23,NA,NA,NA,NA,112508,59892,52593,23,NA
"SINDH","KARACHI","KEAMARI","MAURIPUR","SUB-DIVISION","18 &  ABOVE",121720,64898,56799,23,NA,NA,NA,NA,121720,64898,56799,23,NA
"SINDH","KARACHI","KEAMARI","MAURIPUR","SUB-DIVISION","60 &  ABOVE",10322,5619,4703,NA,NA,NA,NA,NA,10322,5619,4703,NA,NA
"SINDH","KARACHI","KEAMARI","MAURIPUR","SUB-DIVISION","65 &  ABOVE",6401,3453,2948,NA,NA,NA,NA,NA,6401,3453,2948,NA,NA
"SINDH","KARACHI","KEAMARI","SITE","SUB-DIVISION","ALL AGES",449098,243770,205292,36,NA,NA,NA,NA,449098,243770,205292,36,NA
"SINDH","KARACHI","KEAMARI","SITE","SUB-DIVISION","UNDER 1",8207,4214,3993,NA,NA,NA,NA,NA,8207,4214,3993,NA,NA
"SINDH","KARACHI","KEAMARI","SITE","SUB-DIVISION","UNDER 5",61475,32180,29295,NA,NA,NA,NA,NA,61475,32180,29295,NA,NA
"SINDH","KARACHI","KEAMARI","SITE","SUB-DIVISION","UNDER 10",116857,60989,55868,NA,NA,NA,NA,NA,116857,60989,55868,NA,NA
"SINDH","KARACHI","KEAMARI","SITE","SUB-DIVISION","UNDER 15",169872,89464,80408,NA,NA,NA,NA,NA,169872,89464,80408,NA,NA
"SINDH","KARACHI","KEAMARI","SITE","SUB-DIVISION","05 - 24",196376,105204,91162,10,NA,NA,NA,NA,196376,105204,91162,10,NA
"SINDH","KARACHI","KEAMARI","SITE","SUB-DIVISION","15 - 49",232370,127427,104915,28,NA,NA,NA,NA,232370,127427,104915,28,NA
"SINDH","KARACHI","KEAMARI","SITE","SUB-DIVISION","15 - 64",266583,147087,119461,35,NA,NA,NA,NA,266583,147087,119461,35,NA
"SINDH","KARACHI","KEAMARI","SITE","SUB-DIVISION","18 - 60",231820,128214,103572,34,NA,NA,NA,NA,231820,128214,103572,34,NA
"SINDH","KARACHI","KEAMARI","SITE","SUB-DIVISION","18 &  ABOVE",250017,138585,111397,35,NA,NA,NA,NA,250017,138585,111397,35,NA
"SINDH","KARACHI","KEAMARI","SITE","SUB-DIVISION","60 &  ABOVE",20491,11685,8805,1,NA,NA,NA,NA,20491,11685,8805,1,NA
"SINDH","KARACHI","KEAMARI","SITE","SUB-DIVISION","65 &  ABOVE",12643,7219,5423,1,NA,NA,NA,NA,12643,7219,5423,1,NA
"SINDH","SUKKUR","KHAIRPUR","FAIZ GANJ","TALUKA","ALL AGES",243254,122426,120821,7,194539,97913,96621,5,48715,24513,24200,2,NA
"SINDH","SUKKUR","KHAIRPUR","FAIZ GANJ","TALUKA","UNDER 1",5257,2647,2610,NA,4179,2088,2091,NA,1078,559,519,NA,NA
"SINDH","SUKKUR","KHAIRPUR","FAIZ GANJ","TALUKA","UNDER 5",43829,21826,22003,NA,36017,17862,18155,NA,7812,3964,3848,NA,NA
"SINDH","SUKKUR","KHAIRPUR","FAIZ GANJ","TALUKA","UNDER 10",84273,42005,42268,NA,69038,34335,34703,NA,15235,7670,7565,NA,NA
"SINDH","SUKKUR","KHAIRPUR","FAIZ GANJ","TALUKA","UNDER 15",111689,55828,55861,NA,90895,45387,45508,NA,20794,10441,10353,NA,NA
"SINDH","SUKKUR","KHAIRPUR","FAIZ GANJ","TALUKA","05 - 24",109881,55268,54610,3,88017,44241,43775,1,21864,11027,10835,2,NA
"SINDH","SUKKUR","KHAIRPUR","FAIZ GANJ","TALUKA","15 - 49",107069,53967,53095,7,84258,42498,41755,5,22811,11469,11340,2,NA
"SINDH","SUKKUR","KHAIRPUR","FAIZ GANJ","TALUKA","15 - 64",124576,63221,61348,7,98082,49823,48254,5,26494,13398,13094,2,NA
"SINDH","SUKKUR","KHAIRPUR","FAIZ GANJ","TALUKA","18 - 60",108056,54574,53476,6,85114,42988,42121,5,22942,11586,11355,1,NA
"SINDH","SUKKUR","KHAIRPUR","FAIZ GANJ","TALUKA","18 &  ABOVE",117848,59367,58475,6,92879,46812,46062,5,24969,12555,12413,1,NA
"SINDH","SUKKUR","KHAIRPUR","FAIZ GANJ","TALUKA","60 &  ABOVE",10714,5315,5399,NA,8520,4245,4275,NA,2194,1070,1124,NA,NA
"SINDH","SUKKUR","KHAIRPUR","FAIZ GANJ","TALUKA","65 &  ABOVE",6989,3377,3612,NA,5562,2703,2859,NA,1427,674,753,NA,NA
"SINDH","SUKKUR","KHAIRPUR","GAMBAT","TALUKA","ALL AGES",286128,144616,141482,30,181776,92186,89587,3,104352,52430,51895,27,NA
"SINDH","SUKKUR","KHAIRPUR","GAMBAT","TALUKA","UNDER 1",6801,3410,3391,NA,5138,2565,2573,NA,1663,845,818,NA,NA
"SINDH","SUKKUR","KHAIRPUR","GAMBAT","TALUKA","UNDER 5",51723,25880,25843,NA,35442,17822,17620,NA,16281,8058,8223,NA,NA
"SINDH","SUKKUR","KHAIRPUR","GAMBAT","TALUKA","UNDER 10",97476,49069,48407,NA,65551,33209,32342,NA,31925,15860,16065,NA,NA
"SINDH","SUKKUR","KHAIRPUR","GAMBAT","TALUKA","UNDER 15",130625,65933,64691,1,86679,44056,42623,NA,43946,21877,22068,1,NA
"SINDH","SUKKUR","KHAIRPUR","GAMBAT","TALUKA","05 - 24",132277,67199,65070,8,84533,43172,41359,2,47744,24027,23711,6,NA
"SINDH","SUKKUR","KHAIRPUR","GAMBAT","TALUKA","15 - 49",127798,64392,63382,24,78356,39514,38839,3,49442,24878,24543,21,NA
"SINDH","SUKKUR","KHAIRPUR","GAMBAT","TALUKA","15 - 64",147946,75050,72867,29,90446,45867,44576,3,57500,29183,28291,26,NA
"SINDH","SUKKUR","KHAIRPUR","GAMBAT","TALUKA","18 - 60",126359,63709,62625,25,76889,38762,38126,1,49470,24947,24499,24,NA
"SINDH","SUKKUR","KHAIRPUR","GAMBAT","TALUKA","18 &  ABOVE",137170,69025,68119,26,83467,42005,41461,1,53703,27020,26658,25,NA
"SINDH","SUKKUR","KHAIRPUR","GAMBAT","TALUKA","60 &  ABOVE",11976,5942,6032,2,7300,3632,3668,NA,4676,2310,2364,2,NA
"SINDH","SUKKUR","KHAIRPUR","GAMBAT","TALUKA","65 &  ABOVE",7557,3633,3924,NA,4651,2263,2388,NA,2906,1370,1536,NA,NA
"SINDH","SUKKUR","KHAIRPUR","KHAIRPUR","TALUKA","ALL AGES",465233,232791,232409,33,217992,109233,108754,5,247241,123558,123655,28,NA
"SINDH","SUKKUR","KHAIRPUR","KHAIRPUR","TALUKA","UNDER 1",7617,3732,3885,NA,3464,1731,1733,NA,4153,2001,2152,NA,NA
"SINDH","SUKKUR","KHAIRPUR","KHAIRPUR","TALUKA","UNDER 5",71568,34997,36571,NA,37155,18148,19007,NA,34413,16849,17564,NA,NA
"SINDH","SUKKUR","KHAIRPUR","KHAIRPUR","TALUKA","UNDER 10",140776,69381,71395,NA,72938,36161,36777,NA,67838,33220,34618,NA,NA
"SINDH","SUKKUR","KHAIRPUR","KHAIRPUR","TALUKA","UNDER 15",193528,95496,98030,2,98353,48826,49525,2,95175,46670,48505,NA,NA
"SINDH","SUKKUR","KHAIRPUR","KHAIRPUR","TALUKA","05 - 24",212616,105665,106939,12,102247,51273,50970,4,110369,54392,55969,8,NA
"SINDH","SUKKUR","KHAIRPUR","KHAIRPUR","TALUKA","15 - 49",224049,112612,111409,28,99139,50014,49122,3,124910,62598,62287,25,NA
"SINDH","SUKKUR","KHAIRPUR","KHAIRPUR","TALUKA","15 - 64",259217,131307,127879,31,113987,57738,56246,3,145230,73569,71633,28,NA
"SINDH","SUKKUR","KHAIRPUR","KHAIRPUR","TALUKA","18 - 60",223146,112890,110226,30,97515,49291,48221,3,125631,63599,62005,27,NA
"SINDH","SUKKUR","KHAIRPUR","KHAIRPUR","TALUKA","18 &  ABOVE",241494,121992,119472,30,105554,53162,52389,3,135940,68830,67083,27,NA
"SINDH","SUKKUR","KHAIRPUR","KHAIRPUR","TALUKA","60 &  ABOVE",20145,10082,10063,NA,8801,4293,4508,NA,11344,5789,5555,NA,NA
"SINDH","SUKKUR","KHAIRPUR","KHAIRPUR","TALUKA","65 &  ABOVE",12488,5988,6500,NA,5652,2669,2983,NA,6836,3319,3517,NA,NA
"SINDH","SUKKUR","KHAIRPUR","KINGRI","TALUKA","ALL AGES",370218,187994,182206,18,263846,133419,130413,14,106372,54575,51793,4,NA
"SINDH","SUKKUR","KHAIRPUR","KINGRI","TALUKA","UNDER 1",8808,4527,4281,NA,6579,3417,3162,NA,2229,1110,1119,NA,NA
"SINDH","SUKKUR","KHAIRPUR","KINGRI","TALUKA","UNDER 5",67605,34524,33081,NA,49718,25436,24282,NA,17887,9088,8799,NA,NA
"SINDH","SUKKUR","KHAIRPUR","KINGRI","TALUKA","UNDER 10",127528,64715,62813,NA,93329,47434,45895,NA,34199,17281,16918,NA,NA
"SINDH","SUKKUR","KHAIRPUR","KINGRI","TALUKA","UNDER 15",172384,87375,85005,4,124436,63115,61317,4,47948,24260,23688,NA,NA
"SINDH","SUKKUR","KHAIRPUR","KINGRI","TALUKA","05 - 24",175199,88496,86694,9,124501,62634,61858,9,50698,25862,24836,NA,NA
"SINDH","SUKKUR","KHAIRPUR","KINGRI","TALUKA","15 - 49",163989,83090,80887,12,115410,58009,57393,8,48579,25081,23494,4,NA
"SINDH","SUKKUR","KHAIRPUR","KINGRI","TALUKA","15 - 64",188603,96097,92492,14,132773,67059,65704,10,55830,29038,26788,4,NA
"SINDH","SUKKUR","KHAIRPUR","KINGRI","TALUKA","18 - 60",159756,81266,78479,11,112783,56957,55819,7,46973,24309,22660,4,NA
"SINDH","SUKKUR","KHAIRPUR","KINGRI","TALUKA","18 &  ABOVE",172966,87864,85091,11,122223,61630,60586,7,50743,26234,24505,4,NA
"SINDH","SUKKUR","KHAIRPUR","KINGRI","TALUKA","60 &  ABOVE",14926,7430,7496,NA,10667,5270,5397,NA,4259,2160,2099,NA,NA
"SINDH","SUKKUR","KHAIRPUR","KINGRI","TALUKA","65 &  ABOVE",9231,4522,4709,NA,6637,3245,3392,NA,2594,1277,1317,NA,NA
"SINDH","SUKKUR","KHAIRPUR","KOT DIJI","TALUKA","ALL AGES",385872,198634,187216,22,291472,150059,141411,2,94400,48575,45805,20,NA
"SINDH","SUKKUR","KHAIRPUR","KOT DIJI","TALUKA","UNDER 1",10591,5480,5111,NA,7834,4041,3793,NA,2757,1439,1318,NA,NA
"SINDH","SUKKUR","KHAIRPUR","KOT DIJI","TALUKA","UNDER 5",80867,42513,38354,NA,60576,31645,28931,NA,20291,10868,9423,NA,NA
"SINDH","SUKKUR","KHAIRPUR","KOT DIJI","TALUKA","UNDER 10",146521,76742,69779,NA,110758,57924,52834,NA,35763,18818,16945,NA,NA
"SINDH","SUKKUR","KHAIRPUR","KOT DIJI","TALUKA","UNDER 15",190767,99554,91213,NA,144328,75379,68949,NA,46439,24175,22264,NA,NA
"SINDH","SUKKUR","KHAIRPUR","KOT DIJI","TALUKA","05 - 24",175964,90786,85164,14,133839,69280,64557,2,42125,21506,20607,12,NA
"SINDH","SUKKUR","KHAIRPUR","KOT DIJI","TALUKA","15 - 49",159838,80929,78887,22,120309,60774,59533,2,39529,20155,19354,20,NA
"SINDH","SUKKUR","KHAIRPUR","KOT DIJI","TALUKA","15 - 64",184901,94093,90786,22,139258,70775,68481,2,45643,23318,22305,20,NA
"SINDH","SUKKUR","KHAIRPUR","KOT DIJI","TALUKA","18 - 60",158218,80080,78118,20,118985,60141,58843,1,39233,19939,19275,19,NA
"SINDH","SUKKUR","KHAIRPUR","KOT DIJI","TALUKA","18 &  ABOVE",172697,87300,85377,20,130106,65751,64354,1,42591,21549,21023,19,NA
"SINDH","SUKKUR","KHAIRPUR","KOT DIJI","TALUKA","60 &  ABOVE",15722,7878,7844,NA,12070,6105,5965,NA,3652,1773,1879,NA,NA
"SINDH","SUKKUR","KHAIRPUR","KOT DIJI","TALUKA","65 &  ABOVE",10204,4987,5217,NA,7886,3905,3981,NA,2318,1082,1236,NA,NA
"SINDH","SUKKUR","KHAIRPUR","MIRWAH","TALUKA","ALL AGES",379615,192323,187274,18,278046,140773,137260,13,101569,51550,50014,5,NA
"SINDH","SUKKUR","KHAIRPUR","MIRWAH","TALUKA","UNDER 1",11216,6031,5185,NA,8176,4314,3862,NA,3040,1717,1323,NA,NA
"SINDH","SUKKUR","KHAIRPUR","MIRWAH","TALUKA","UNDER 5",69681,34839,34842,NA,51273,25450,25823,NA,18408,9389,9019,NA,NA
"SINDH","SUKKUR","KHAIRPUR","MIRWAH","TALUKA","UNDER 10",131986,66127,65859,NA,98152,48907,49245,NA,33834,17220,16614,NA,NA
"SINDH","SUKKUR","KHAIRPUR","MIRWAH","TALUKA","UNDER 15",175737,88406,87329,2,130493,65412,65079,2,45244,22994,22250,NA,NA
"SINDH","SUKKUR","KHAIRPUR","MIRWAH","TALUKA","05 - 24",175265,89083,86175,7,129642,65954,63681,7,45623,23129,22494,NA,NA
"SINDH","SUKKUR","KHAIRPUR","MIRWAH","TALUKA","15 - 49",167231,84749,82471,11,121296,61610,59677,9,45935,23139,22794,2,NA
"SINDH","SUKKUR","KHAIRPUR","MIRWAH","TALUKA","15 - 64",193554,98848,94691,15,140191,71726,68454,11,53363,27122,26237,4,NA
"SINDH","SUKKUR","KHAIRPUR","MIRWAH","TALUKA","18 - 60",166621,84577,82032,12,120587,61303,59276,8,46034,23274,22756,4,NA
"SINDH","SUKKUR","KHAIRPUR","MIRWAH","TALUKA","18 &  ABOVE",181129,91850,89266,13,130868,66469,64391,8,50261,25381,24875,5,NA
"SINDH","SUKKUR","KHAIRPUR","MIRWAH","TALUKA","60 &  ABOVE",15911,8024,7886,1,11291,5720,5571,NA,4620,2304,2315,1,NA
"SINDH","SUKKUR","KHAIRPUR","MIRWAH","TALUKA","65 &  ABOVE",10324,5069,5254,1,7362,3635,3727,NA,2962,1434,1527,1,NA
"SINDH","SUKKUR","KHAIRPUR","NARA","TALUKA","ALL AGES",173968,89405,84561,2,133663,68903,64760,NA,40305,20502,19801,2,NA
"SINDH","SUKKUR","KHAIRPUR","NARA","TALUKA","UNDER 1",4367,2219,2148,NA,3620,1839,1781,NA,747,380,367,NA,NA
"SINDH","SUKKUR","KHAIRPUR","NARA","TALUKA","UNDER 5",34224,17229,16995,NA,27320,13771,13549,NA,6904,3458,3446,NA,NA
"SINDH","SUKKUR","KHAIRPUR","NARA","TALUKA","UNDER 10",65293,33182,32111,NA,51436,26243,25193,NA,13857,6939,6918,NA,NA
"SINDH","SUKKUR","KHAIRPUR","NARA","TALUKA","UNDER 15",86734,44463,42271,NA,68064,35032,33032,NA,18670,9431,9239,NA,NA
"SINDH","SUKKUR","KHAIRPUR","NARA","TALUKA","05 - 24",82157,42569,39587,1,62789,32776,30013,NA,19368,9793,9574,1,NA
"SINDH","SUKKUR","KHAIRPUR","NARA","TALUKA","15 - 49",72298,36935,35361,2,54124,27712,26412,NA,18174,9223,8949,2,NA
"SINDH","SUKKUR","KHAIRPUR","NARA","TALUKA","15 - 64",82534,42436,40096,2,61901,31872,30029,NA,20633,10564,10067,2,NA
"SINDH","SUKKUR","KHAIRPUR","NARA","TALUKA","18 - 60",72103,36796,35305,2,54163,27632,26531,NA,17940,9164,8774,2,NA
"SINDH","SUKKUR","KHAIRPUR","NARA","TALUKA","18 &  ABOVE",78437,40154,38281,2,59109,30278,28831,NA,19328,9876,9450,2,NA
"SINDH","SUKKUR","KHAIRPUR","NARA","TALUKA","60 &  ABOVE",7039,3757,3282,NA,5517,2967,2550,NA,1522,790,732,NA,NA
"SINDH","SUKKUR","KHAIRPUR","NARA","TALUKA","65 &  ABOVE",4700,2506,2194,NA,3698,1999,1699,NA,1002,507,495,NA,NA
"SINDH","SUKKUR","KHAIRPUR","SOBHO DERO","TALUKA","ALL AGES",293160,147695,145457,8,191852,96548,95303,1,101308,51147,50154,7,NA
"SINDH","SUKKUR","KHAIRPUR","SOBHO DERO","TALUKA","UNDER 1",7851,3969,3882,NA,5357,2727,2630,NA,2494,1242,1252,NA,NA
"SINDH","SUKKUR","KHAIRPUR","SOBHO DERO","TALUKA","UNDER 5",53692,27015,26677,NA,35346,17899,17447,NA,18346,9116,9230,NA,NA
"SINDH","SUKKUR","KHAIRPUR","SOBHO DERO","TALUKA","UNDER 10",97407,49037,48370,NA,64677,32640,32037,NA,32730,16397,16333,NA,NA
"SINDH","SUKKUR","KHAIRPUR","SOBHO DERO","TALUKA","UNDER 15",130304,65702,64601,1,86381,43597,42784,NA,43923,22105,21817,1,NA
"SINDH","SUKKUR","KHAIRPUR","SOBHO DERO","TALUKA","05 - 24",130941,65786,65151,4,86355,43185,43170,NA,44586,22601,21981,4,NA
"SINDH","SUKKUR","KHAIRPUR","SOBHO DERO","TALUKA","15 - 49",132775,66358,66410,7,85844,42796,43047,1,46931,23562,23363,6,NA
"SINDH","SUKKUR","KHAIRPUR","SOBHO DERO","TALUKA","15 - 64",154331,77907,76417,7,99775,50239,49535,1,54556,27668,26882,6,NA
"SINDH","SUKKUR","KHAIRPUR","SOBHO DERO","TALUKA","18 - 60",132495,66828,65662,5,85584,43170,42413,1,46911,23658,23249,4,NA
"SINDH","SUKKUR","KHAIRPUR","SOBHO DERO","TALUKA","18 &  ABOVE",144589,72777,71807,5,93626,47100,46525,1,50963,25677,25282,4,NA
"SINDH","SUKKUR","KHAIRPUR","SOBHO DERO","TALUKA","60 &  ABOVE",13247,6539,6708,NA,8739,4287,4452,NA,4508,2252,2256,NA,NA
"SINDH","SUKKUR","KHAIRPUR","SOBHO DERO","TALUKA","65 &  ABOVE",8525,4086,4439,NA,5696,2712,2984,NA,2829,1374,1455,NA,NA
"SINDH","KARACHI","KORANGI","KORANGI","SUB-DIVISION","ALL AGES",1362998,720610,642166,222,NA,NA,NA,NA,1362998,720610,642166,222,NA
"SINDH","KARACHI","KORANGI","KORANGI","SUB-DIVISION","UNDER 1",24049,12236,11813,NA,NA,NA,NA,NA,24049,12236,11813,NA,NA
"SINDH","KARACHI","KORANGI","KORANGI","SUB-DIVISION","UNDER 5",157720,80559,77161,NA,NA,NA,NA,NA,157720,80559,77161,NA,NA
"SINDH","KARACHI","KORANGI","KORANGI","SUB-DIVISION","UNDER 10",341802,174657,167145,NA,NA,NA,NA,NA,341802,174657,167145,NA,NA
"SINDH","KARACHI","KORANGI","KORANGI","SUB-DIVISION","UNDER 15",530267,272760,257490,17,NA,NA,NA,NA,530267,272760,257490,17,NA
"SINDH","KARACHI","KORANGI","KORANGI","SUB-DIVISION","05 - 24",647885,340589,307210,86,NA,NA,NA,NA,647885,340589,307210,86,NA
"SINDH","KARACHI","KORANGI","KORANGI","SUB-DIVISION","15 - 49",693850,369899,323765,186,NA,NA,NA,NA,693850,369899,323765,186,NA
"SINDH","KARACHI","KORANGI","KORANGI","SUB-DIVISION","15 - 64",796740,427485,369052,203,NA,NA,NA,NA,796740,427485,369052,203,NA
"SINDH","KARACHI","KORANGI","KORANGI","SUB-DIVISION","18 - 60",668438,355873,312402,163,NA,NA,NA,NA,668438,355873,312402,163,NA
"SINDH","KARACHI","KORANGI","KORANGI","SUB-DIVISION","18 &  ABOVE",722334,386262,335905,167,NA,NA,NA,NA,722334,386262,335905,167,NA
"SINDH","KARACHI","KORANGI","KORANGI","SUB-DIVISION","60 &  ABOVE",60620,34354,26259,7,NA,NA,NA,NA,60620,34354,26259,7,NA
"SINDH","KARACHI","KORANGI","KORANGI","SUB-DIVISION","65 &  ABOVE",35991,20365,15624,2,NA,NA,NA,NA,35991,20365,15624,2,NA
"SINDH","KARACHI","KORANGI","LANDHI","SUB-DIVISION","ALL AGES",681293,357792,323408,93,NA,NA,NA,NA,681293,357792,323408,93,NA
"SINDH","KARACHI","KORANGI","LANDHI","SUB-DIVISION","UNDER 1",13498,6738,6760,NA,NA,NA,NA,NA,13498,6738,6760,NA,NA
"SINDH","KARACHI","KORANGI","LANDHI","SUB-DIVISION","UNDER 5",91667,47385,44282,NA,NA,NA,NA,NA,91667,47385,44282,NA,NA
"SINDH","KARACHI","KORANGI","LANDHI","SUB-DIVISION","UNDER 10",171781,88256,83525,NA,NA,NA,NA,NA,171781,88256,83525,NA,NA
"SINDH","KARACHI","KORANGI","LANDHI","SUB-DIVISION","UNDER 15",248505,129057,119445,3,NA,NA,NA,NA,248505,129057,119445,3,NA
"SINDH","KARACHI","KORANGI","LANDHI","SUB-DIVISION","05 - 24",277647,144512,133104,31,NA,NA,NA,NA,277647,144512,133104,31,NA
"SINDH","KARACHI","KORANGI","LANDHI","SUB-DIVISION","15 - 49",347869,181577,166217,75,NA,NA,NA,NA,347869,181577,166217,75,NA
"SINDH","KARACHI","KORANGI","LANDHI","SUB-DIVISION","15 - 64",410420,216713,193620,87,NA,NA,NA,NA,410420,216713,193620,87,NA
"SINDH","KARACHI","KORANGI","LANDHI","SUB-DIVISION","18 - 60",356228,187470,168681,77,NA,NA,NA,NA,356228,187470,168681,77,NA
"SINDH","KARACHI","KORANGI","LANDHI","SUB-DIVISION","18 &  ABOVE",390075,205874,184119,82,NA,NA,NA,NA,390075,205874,184119,82,NA
"SINDH","KARACHI","KORANGI","LANDHI","SUB-DIVISION","60 &  ABOVE",37589,20564,17020,5,NA,NA,NA,NA,37589,20564,17020,5,NA
"SINDH","KARACHI","KORANGI","LANDHI","SUB-DIVISION","65 &  ABOVE",22368,12022,10343,3,NA,NA,NA,NA,22368,12022,10343,3,NA
"SINDH","KARACHI","KORANGI","MODEL COLONY","SUB-DIVISION","ALL AGES",441791,231579,210184,28,NA,NA,NA,NA,441791,231579,210184,28,NA
"SINDH","KARACHI","KORANGI","MODEL COLONY","SUB-DIVISION","UNDER 1",9152,4639,4513,NA,NA,NA,NA,NA,9152,4639,4513,NA,NA
"SINDH","KARACHI","KORANGI","MODEL COLONY","SUB-DIVISION","UNDER 5",65594,34267,31327,NA,NA,NA,NA,NA,65594,34267,31327,NA,NA
"SINDH","KARACHI","KORANGI","MODEL COLONY","SUB-DIVISION","UNDER 10",111908,58395,53513,NA,NA,NA,NA,NA,111908,58395,53513,NA,NA
"SINDH","KARACHI","KORANGI","MODEL COLONY","SUB-DIVISION","UNDER 15",157565,82601,74963,1,NA,NA,NA,NA,157565,82601,74963,1,NA
"SINDH","KARACHI","KORANGI","MODEL COLONY","SUB-DIVISION","05 - 24",167672,87985,79676,11,NA,NA,NA,NA,167672,87985,79676,11,NA
"SINDH","KARACHI","KORANGI","MODEL COLONY","SUB-DIVISION","15 - 49",222415,115162,107230,23,NA,NA,NA,NA,222415,115162,107230,23,NA
"SINDH","KARACHI","KORANGI","MODEL COLONY","SUB-DIVISION","15 - 64",267593,139914,127652,27,NA,NA,NA,NA,267593,139914,127652,27,NA
"SINDH","KARACHI","KORANGI","MODEL COLONY","SUB-DIVISION","18 - 60",232778,120986,111769,23,NA,NA,NA,NA,232778,120986,111769,23,NA
"SINDH","KARACHI","KORANGI","MODEL COLONY","SUB-DIVISION","18 &  ABOVE",258188,134881,123284,23,NA,NA,NA,NA,258188,134881,123284,23,NA
"SINDH","KARACHI","KORANGI","MODEL COLONY","SUB-DIVISION","60 &  ABOVE",28195,15457,12737,1,NA,NA,NA,NA,28195,15457,12737,1,NA
"SINDH","KARACHI","KORANGI","MODEL COLONY","SUB-DIVISION","65 &  ABOVE",16633,9064,7569,NA,NA,NA,NA,NA,16633,9064,7569,NA,NA
"SINDH","KARACHI","KORANGI","SHAH FAISAL","SUB-DIVISION","ALL AGES",641894,339713,301858,323,NA,NA,NA,NA,641894,339713,301858,323,NA
"SINDH","KARACHI","KORANGI","SHAH FAISAL","SUB-DIVISION","UNDER 1",18070,9385,8685,NA,NA,NA,NA,NA,18070,9385,8685,NA,NA
"SINDH","KARACHI","KORANGI","SHAH FAISAL","SUB-DIVISION","UNDER 5",118501,62556,55945,NA,NA,NA,NA,NA,118501,62556,55945,NA,NA
"SINDH","KARACHI","KORANGI","SHAH FAISAL","SUB-DIVISION","UNDER 10",190285,99942,90343,NA,NA,NA,NA,NA,190285,99942,90343,NA,NA
"SINDH","KARACHI","KORANGI","SHAH FAISAL","SUB-DIVISION","UNDER 15",258878,136852,122022,4,NA,NA,NA,NA,258878,136852,122022,4,NA
"SINDH","KARACHI","KORANGI","SHAH FAISAL","SUB-DIVISION","05 - 24",250189,133415,116695,79,NA,NA,NA,NA,250189,133415,116695,79,NA
"SINDH","KARACHI","KORANGI","SHAH FAISAL","SUB-DIVISION","15 - 49",306434,160882,145252,300,NA,NA,NA,NA,306434,160882,145252,300,NA
"SINDH","KARACHI","KORANGI","SHAH FAISAL","SUB-DIVISION","15 - 64",361562,191081,170164,317,NA,NA,NA,NA,361562,191081,170164,317,NA
"SINDH","KARACHI","KORANGI","SHAH FAISAL","SUB-DIVISION","18 - 60",312631,163792,148533,306,NA,NA,NA,NA,312631,163792,148533,306,NA
"SINDH","KARACHI","KORANGI","SHAH FAISAL","SUB-DIVISION","18 &  ABOVE",344614,181398,162906,310,NA,NA,NA,NA,344614,181398,162906,310,NA
"SINDH","KARACHI","KORANGI","SHAH FAISAL","SUB-DIVISION","60 &  ABOVE",35327,19497,15825,5,NA,NA,NA,NA,35327,19497,15825,5,NA
"SINDH","KARACHI","KORANGI","SHAH FAISAL","SUB-DIVISION","65 &  ABOVE",21454,11780,9672,2,NA,NA,NA,NA,21454,11780,9672,2,NA
"SINDH","LARKANA","LARKANA","BAKRANI","TALUKA","ALL AGES",275268,144050,131216,2,234495,122825,111668,2,40773,21225,19548,NA,NA
"SINDH","LARKANA","LARKANA","BAKRANI","TALUKA","UNDER 1",4660,2477,2183,NA,3947,2104,1843,NA,713,373,340,NA,NA
"SINDH","LARKANA","LARKANA","BAKRANI","TALUKA","UNDER 5",47619,24909,22710,NA,40538,21169,19369,NA,7081,3740,3341,NA,NA
"SINDH","LARKANA","LARKANA","BAKRANI","TALUKA","UNDER 10",91572,48358,43214,NA,78091,41268,36823,NA,13481,7090,6391,NA,NA
"SINDH","LARKANA","LARKANA","BAKRANI","TALUKA","UNDER 15",125724,66782,58942,NA,107470,57155,50315,NA,18254,9627,8627,NA,NA
"SINDH","LARKANA","LARKANA","BAKRANI","TALUKA","05 - 24",131237,69881,61354,2,112112,59851,52259,2,19125,10030,9095,NA,NA
"SINDH","LARKANA","LARKANA","BAKRANI","TALUKA","15 - 49",122916,63418,59496,2,104402,53860,50540,2,18514,9558,8956,NA,NA
"SINDH","LARKANA","LARKANA","BAKRANI","TALUKA","15 - 64",142040,73401,68637,2,120553,62280,58271,2,21487,11121,10366,NA,NA
"SINDH","LARKANA","LARKANA","BAKRANI","TALUKA","18 - 60",120221,61638,58582,1,101889,52216,49672,1,18332,9422,8910,NA,NA
"SINDH","LARKANA","LARKANA","BAKRANI","TALUKA","18 &  ABOVE",131053,67239,63813,1,111137,57046,54090,1,19916,10193,9723,NA,NA
"SINDH","LARKANA","LARKANA","BAKRANI","TALUKA","60 &  ABOVE",12128,6306,5822,NA,10377,5442,4935,NA,1751,864,887,NA,NA
"SINDH","LARKANA","LARKANA","BAKRANI","TALUKA","65 &  ABOVE",7504,3867,3637,NA,6472,3390,3082,NA,1032,477,555,NA,NA
"SINDH","LARKANA","LARKANA","DOKRI","TALUKA","ALL AGES",257394,133146,124243,5,186513,96536,89976,1,70881,36610,34267,4,NA
"SINDH","LARKANA","LARKANA","DOKRI","TALUKA","UNDER 1",7128,3754,3374,NA,5685,2986,2699,NA,1443,768,675,NA,NA
"SINDH","LARKANA","LARKANA","DOKRI","TALUKA","UNDER 5",46932,24437,22495,NA,35489,18481,17008,NA,11443,5956,5487,NA,NA
"SINDH","LARKANA","LARKANA","DOKRI","TALUKA","UNDER 10",87211,45543,41668,NA,65709,34330,31379,NA,21502,11213,10289,NA,NA
"SINDH","LARKANA","LARKANA","DOKRI","TALUKA","UNDER 15",118115,61753,56362,NA,88358,46313,42045,NA,29757,15440,14317,NA,NA
"SINDH","LARKANA","LARKANA","DOKRI","TALUKA","05 - 24",120777,63006,57770,1,88118,46134,41983,1,32659,16872,15787,NA,NA
"SINDH","LARKANA","LARKANA","DOKRI","TALUKA","15 - 49",114536,58527,56004,5,80786,41233,39552,1,33750,17294,16452,4,NA
"SINDH","LARKANA","LARKANA","DOKRI","TALUKA","15 - 64",132630,68071,64554,5,93448,47870,45577,1,39182,20201,18977,4,NA
"SINDH","LARKANA","LARKANA","DOKRI","TALUKA","18 - 60",112065,57195,54866,4,78754,40075,38679,NA,33311,17120,16187,4,NA
"SINDH","LARKANA","LARKANA","DOKRI","TALUKA","18 &  ABOVE",121934,62192,59738,4,85717,43574,42143,NA,36217,18618,17595,4,NA
"SINDH","LARKANA","LARKANA","DOKRI","TALUKA","60 &  ABOVE",10839,5539,5300,NA,7607,3857,3750,NA,3232,1682,1550,NA,NA
"SINDH","LARKANA","LARKANA","DOKRI","TALUKA","65 &  ABOVE",6649,3322,3327,NA,4707,2353,2354,NA,1942,969,973,NA,NA
"SINDH","LARKANA","LARKANA","LARKANA","TALUKA","ALL AGES",873868,460406,413375,87,322152,169207,152925,20,551716,291199,260450,67,NA
"SINDH","LARKANA","LARKANA","LARKANA","TALUKA","UNDER 1",13837,7299,6538,NA,5736,2967,2769,NA,8101,4332,3769,NA,NA
"SINDH","LARKANA","LARKANA","LARKANA","TALUKA","UNDER 5",141543,75002,66541,NA,55647,28958,26689,NA,85896,46044,39852,NA,NA
"SINDH","LARKANA","LARKANA","LARKANA","TALUKA","UNDER 10",267949,142128,125821,NA,107730,56646,51084,NA,160219,85482,74737,NA,NA
"SINDH","LARKANA","LARKANA","LARKANA","TALUKA","UNDER 15",372421,198327,174090,4,147661,78186,69474,1,224760,120141,104616,3,NA
"SINDH","LARKANA","LARKANA","LARKANA","TALUKA","05 - 24",404161,214613,189519,29,155032,82531,72497,4,249129,132082,117022,25,NA
"SINDH","LARKANA","LARKANA","LARKANA","TALUKA","15 - 49",417809,217198,200532,79,145114,75464,69632,18,272695,141734,130900,61,NA
"SINDH","LARKANA","LARKANA","LARKANA","TALUKA","15 - 64",479684,250675,228927,82,166294,86751,79524,19,313390,163924,149403,63,NA
"SINDH","LARKANA","LARKANA","LARKANA","TALUKA","18 - 60",410464,213099,197288,77,140769,73095,67657,17,269695,140004,129631,60,NA
"SINDH","LARKANA","LARKANA","LARKANA","TALUKA","18 &  ABOVE",442444,230031,212335,78,152466,79205,73244,17,289978,150826,139091,61,NA
"SINDH","LARKANA","LARKANA","LARKANA","TALUKA","60 &  ABOVE",36041,19117,16922,2,13044,6835,6209,NA,22997,12282,10713,2,NA
"SINDH","LARKANA","LARKANA","LARKANA","TALUKA","65 &  ABOVE",21763,11404,10358,1,8197,4270,3927,NA,13566,7134,6431,1,NA
"SINDH","LARKANA","LARKANA","RATODERO","TALUKA","ALL AGES",377923,195002,182898,23,243142,125570,117566,6,134781,69432,65332,17,NA
"SINDH","LARKANA","LARKANA","RATODERO","TALUKA","UNDER 1",7546,3852,3694,NA,4725,2426,2299,NA,2821,1426,1395,NA,NA
"SINDH","LARKANA","LARKANA","RATODERO","TALUKA","UNDER 5",62867,31987,30880,NA,41507,21029,20478,NA,21360,10958,10402,NA,NA
"SINDH","LARKANA","LARKANA","RATODERO","TALUKA","UNDER 10",122715,63086,59629,NA,81174,41639,39535,NA,41541,21447,20094,NA,NA
"SINDH","LARKANA","LARKANA","RATODERO","TALUKA","UNDER 15",167633,86878,80755,NA,110305,57159,53146,NA,57328,29719,27609,NA,NA
"SINDH","LARKANA","LARKANA","RATODERO","TALUKA","05 - 24",179326,93575,85742,9,116506,60953,55551,2,62820,32622,30191,7,NA
"SINDH","LARKANA","LARKANA","RATODERO","TALUKA","15 - 49",174604,89799,84783,22,110148,56742,53401,5,64456,33057,31382,17,NA
"SINDH","LARKANA","LARKANA","RATODERO","TALUKA","15 - 64",200529,103246,97260,23,126630,65279,61345,6,73899,37967,35915,17,NA
"SINDH","LARKANA","LARKANA","RATODERO","TALUKA","18 - 60",170023,87109,82894,20,106810,54736,52069,5,63213,32373,30825,15,NA
"SINDH","LARKANA","LARKANA","RATODERO","TALUKA","18 &  ABOVE",184239,94285,89934,20,115854,59317,56532,5,68385,34968,33402,15,NA
"SINDH","LARKANA","LARKANA","RATODERO","TALUKA","60 &  ABOVE",15866,8085,7781,NA,10123,5167,4956,NA,5743,2918,2825,NA,NA
"SINDH","LARKANA","LARKANA","RATODERO","TALUKA","65 &  ABOVE",9761,4878,4883,NA,6207,3132,3075,NA,3554,1746,1808,NA,NA
"SINDH","KARACHI","MALIR","AIRPORT","SUB-DIVISION","ALL AGES",249544,128270,121242,32,NA,NA,NA,NA,249544,128270,121242,32,NA
"SINDH","KARACHI","MALIR","AIRPORT","SUB-DIVISION","UNDER 1",3812,1894,1918,NA,NA,NA,NA,NA,3812,1894,1918,NA,NA
"SINDH","KARACHI","MALIR","AIRPORT","SUB-DIVISION","UNDER 5",27282,13645,13637,NA,NA,NA,NA,NA,27282,13645,13637,NA,NA
"SINDH","KARACHI","MALIR","AIRPORT","SUB-DIVISION","UNDER 10",56088,28345,27743,NA,NA,NA,NA,NA,56088,28345,27743,NA,NA
"SINDH","KARACHI","MALIR","AIRPORT","SUB-DIVISION","UNDER 15",83221,42257,40964,NA,NA,NA,NA,NA,83221,42257,40964,NA,NA
"SINDH","KARACHI","MALIR","AIRPORT","SUB-DIVISION","05 - 24",102479,52289,50184,6,NA,NA,NA,NA,102479,52289,50184,6,NA
"SINDH","KARACHI","MALIR","AIRPORT","SUB-DIVISION","15 - 49",132101,67238,64835,28,NA,NA,NA,NA,132101,67238,64835,28,NA
"SINDH","KARACHI","MALIR","AIRPORT","SUB-DIVISION","15 - 64",156505,80551,75922,32,NA,NA,NA,NA,156505,80551,75922,32,NA
"SINDH","KARACHI","MALIR","AIRPORT","SUB-DIVISION","18 - 60",136817,70273,66512,32,NA,NA,NA,NA,136817,70273,66512,32,NA
"SINDH","KARACHI","MALIR","AIRPORT","SUB-DIVISION","18 &  ABOVE",151446,78321,73093,32,NA,NA,NA,NA,151446,78321,73093,32,NA
"SINDH","KARACHI","MALIR","AIRPORT","SUB-DIVISION","60 &  ABOVE",16126,8904,7222,NA,NA,NA,NA,NA,16126,8904,7222,NA,NA
"SINDH","KARACHI","MALIR","AIRPORT","SUB-DIVISION","65 &  ABOVE",9818,5462,4356,NA,NA,NA,NA,NA,9818,5462,4356,NA,NA
"SINDH","KARACHI","MALIR","BIN QASIM","SUB-DIVISION","ALL AGES",322915,172381,150496,38,322915,172381,150496,38,NA,NA,NA,NA,NA
"SINDH","KARACHI","MALIR","BIN QASIM","SUB-DIVISION","UNDER 1",5486,2881,2605,NA,5486,2881,2605,NA,NA,NA,NA,NA,NA
"SINDH","KARACHI","MALIR","BIN QASIM","SUB-DIVISION","UNDER 5",42449,21843,20606,NA,42449,21843,20606,NA,NA,NA,NA,NA,NA
"SINDH","KARACHI","MALIR","BIN QASIM","SUB-DIVISION","UNDER 10",85315,43944,41371,NA,85315,43944,41371,NA,NA,NA,NA,NA,NA
"SINDH","KARACHI","MALIR","BIN QASIM","SUB-DIVISION","UNDER 15",121393,62850,58543,NA,121393,62850,58543,NA,NA,NA,NA,NA,NA
"SINDH","KARACHI","MALIR","BIN QASIM","SUB-DIVISION","05 - 24",138342,72106,66229,7,138342,72106,66229,7,NA,NA,NA,NA,NA
"SINDH","KARACHI","MALIR","BIN QASIM","SUB-DIVISION","15 - 49",167384,90221,77127,36,167384,90221,77127,36,NA,NA,NA,NA,NA
"SINDH","KARACHI","MALIR","BIN QASIM","SUB-DIVISION","15 - 64",192825,104424,88364,37,192825,104424,88364,37,NA,NA,NA,NA,NA
"SINDH","KARACHI","MALIR","BIN QASIM","SUB-DIVISION","18 - 60",168965,91116,77813,36,168965,91116,77813,36,NA,NA,NA,NA,NA
"SINDH","KARACHI","MALIR","BIN QASIM","SUB-DIVISION","18 &  ABOVE",182651,99218,83396,37,182651,99218,83396,37,NA,NA,NA,NA,NA
"SINDH","KARACHI","MALIR","BIN QASIM","SUB-DIVISION","60 &  ABOVE",15277,9012,6264,1,15277,9012,6264,1,NA,NA,NA,NA,NA
"SINDH","KARACHI","MALIR","BIN QASIM","SUB-DIVISION","65 &  ABOVE",8697,5107,3589,1,8697,5107,3589,1,NA,NA,NA,NA,NA
"SINDH","KARACHI","MALIR","GADAP","SUB-DIVISION","ALL AGES",100200,52254,47943,3,100200,52254,47943,3,NA,NA,NA,NA,NA
"SINDH","KARACHI","MALIR","GADAP","SUB-DIVISION","UNDER 1",1952,960,992,NA,1952,960,992,NA,NA,NA,NA,NA,NA
"SINDH","KARACHI","MALIR","GADAP","SUB-DIVISION","UNDER 5",13420,6927,6493,NA,13420,6927,6493,NA,NA,NA,NA,NA,NA
"SINDH","KARACHI","MALIR","GADAP","SUB-DIVISION","UNDER 10",26051,13491,12560,NA,26051,13491,12560,NA,NA,NA,NA,NA,NA
"SINDH","KARACHI","MALIR","GADAP","SUB-DIVISION","UNDER 15",37025,19195,17829,1,37025,19195,17829,1,NA,NA,NA,NA,NA
"SINDH","KARACHI","MALIR","GADAP","SUB-DIVISION","05 - 24",40630,21080,19549,1,40630,21080,19549,1,NA,NA,NA,NA,NA
"SINDH","KARACHI","MALIR","GADAP","SUB-DIVISION","15 - 49",50622,26425,24195,2,50622,26425,24195,2,NA,NA,NA,NA,NA
"SINDH","KARACHI","MALIR","GADAP","SUB-DIVISION","15 - 64",59224,30999,28223,2,59224,30999,28223,2,NA,NA,NA,NA,NA
"SINDH","KARACHI","MALIR","GADAP","SUB-DIVISION","18 - 60",51951,27107,24842,2,51951,27107,24842,2,NA,NA,NA,NA,NA
"SINDH","KARACHI","MALIR","GADAP","SUB-DIVISION","18 &  ABOVE",57604,30069,27533,2,57604,30069,27533,2,NA,NA,NA,NA,NA
"SINDH","KARACHI","MALIR","GADAP","SUB-DIVISION","60 &  ABOVE",6117,3212,2905,NA,6117,3212,2905,NA,NA,NA,NA,NA,NA
"SINDH","KARACHI","MALIR","GADAP","SUB-DIVISION","65 &  ABOVE",3951,2060,1891,NA,3951,2060,1891,NA,NA,NA,NA,NA,NA
"SINDH","KARACHI","MALIR","IBRAHIM HYDRI","SUB-DIVISION","ALL AGES",1334133,714643,619355,135,654857,351057,303729,71,679276,363586,315626,64,NA
"SINDH","KARACHI","MALIR","IBRAHIM HYDRI","SUB-DIVISION","UNDER 1",26643,13623,13020,NA,12032,6238,5794,NA,14611,7385,7226,NA,NA
"SINDH","KARACHI","MALIR","IBRAHIM HYDRI","SUB-DIVISION","UNDER 5",180425,92940,87485,NA,88783,46245,42538,NA,91642,46695,44947,NA,NA
"SINDH","KARACHI","MALIR","IBRAHIM HYDRI","SUB-DIVISION","UNDER 10",361417,186223,175194,NA,178826,92968,85858,NA,182591,93255,89336,NA,NA
"SINDH","KARACHI","MALIR","IBRAHIM HYDRI","SUB-DIVISION","UNDER 15",524079,270891,253179,9,257845,134094,123749,2,266234,136797,129430,7,NA
"SINDH","KARACHI","MALIR","IBRAHIM HYDRI","SUB-DIVISION","05 - 24",604734,315778,288915,41,298978,156638,142324,16,305756,159140,146591,25,NA
"SINDH","KARACHI","MALIR","IBRAHIM HYDRI","SUB-DIVISION","15 - 49",683837,370445,313277,115,334959,180980,153916,63,348878,189465,159361,52,NA
"SINDH","KARACHI","MALIR","IBRAHIM HYDRI","SUB-DIVISION","15 - 64",778168,424667,353377,124,381729,207891,173770,68,396439,216776,179607,56,NA
"SINDH","KARACHI","MALIR","IBRAHIM HYDRI","SUB-DIVISION","18 - 60",677606,370767,306726,113,332527,181304,151161,62,345079,189463,155565,51,NA
"SINDH","KARACHI","MALIR","IBRAHIM HYDRI","SUB-DIVISION","18 &  ABOVE",724550,398623,325810,117,355126,194674,160388,64,369424,203949,165422,53,NA
"SINDH","KARACHI","MALIR","IBRAHIM HYDRI","SUB-DIVISION","60 &  ABOVE",53483,31716,21762,5,25760,15245,10513,2,27723,16471,11249,3,NA
"SINDH","KARACHI","MALIR","IBRAHIM HYDRI","SUB-DIVISION","65 &  ABOVE",31886,19085,12799,2,15283,9072,6210,1,16603,10013,6589,1,NA
"SINDH","KARACHI","MALIR","MURAD MEMON","SUB-DIVISION","ALL AGES",376957,195965,180976,16,150719,78781,71937,1,226238,117184,109039,15,NA
"SINDH","KARACHI","MALIR","MURAD MEMON","SUB-DIVISION","UNDER 1",6343,3144,3199,NA,2783,1373,1410,NA,3560,1771,1789,NA,NA
"SINDH","KARACHI","MALIR","MURAD MEMON","SUB-DIVISION","UNDER 5",41921,21228,20693,NA,18093,9155,8938,NA,23828,12073,11755,NA,NA
"SINDH","KARACHI","MALIR","MURAD MEMON","SUB-DIVISION","UNDER 10",86030,43832,42198,NA,37117,19008,18109,NA,48913,24824,24089,NA,NA
"SINDH","KARACHI","MALIR","MURAD MEMON","SUB-DIVISION","UNDER 15",127230,64830,62399,1,54140,27869,26271,NA,73090,36961,36128,1,NA
"SINDH","KARACHI","MALIR","MURAD MEMON","SUB-DIVISION","05 - 24",155969,79347,76618,4,65320,33543,31777,NA,90649,45804,44841,4,NA
"SINDH","KARACHI","MALIR","MURAD MEMON","SUB-DIVISION","15 - 49",202341,105149,97184,8,79993,41815,38178,NA,122348,63334,59006,8,NA
"SINDH","KARACHI","MALIR","MURAD MEMON","SUB-DIVISION","15 - 64",237323,124490,112818,15,92338,48667,43670,1,144985,75823,69148,14,NA
"SINDH","KARACHI","MALIR","MURAD MEMON","SUB-DIVISION","18 - 60",208623,109484,99127,12,81078,42700,38377,1,127545,66784,60750,11,NA
"SINDH","KARACHI","MALIR","MURAD MEMON","SUB-DIVISION","18 &  ABOVE",227374,119671,107690,13,87466,46161,41304,1,139908,73510,66386,12,NA
"SINDH","KARACHI","MALIR","MURAD MEMON","SUB-DIVISION","60 &  ABOVE",20838,11358,9479,1,7075,3860,3215,NA,13763,7498,6264,1,NA
"SINDH","KARACHI","MALIR","MURAD MEMON","SUB-DIVISION","65 &  ABOVE",12404,6645,5759,NA,4241,2245,1996,NA,8163,4400,3763,NA,NA
"SINDH","KARACHI","MALIR","SHAH MUREED","SUB-DIVISION","ALL AGES",35987,19091,16895,1,35987,19091,16895,1,NA,NA,NA,NA,NA
"SINDH","KARACHI","MALIR","SHAH MUREED","SUB-DIVISION","UNDER 1",490,257,233,NA,490,257,233,NA,NA,NA,NA,NA,NA
"SINDH","KARACHI","MALIR","SHAH MUREED","SUB-DIVISION","UNDER 5",4425,2299,2126,NA,4425,2299,2126,NA,NA,NA,NA,NA,NA
"SINDH","KARACHI","MALIR","SHAH MUREED","SUB-DIVISION","UNDER 10",9271,4846,4425,NA,9271,4846,4425,NA,NA,NA,NA,NA,NA
"SINDH","KARACHI","MALIR","SHAH MUREED","SUB-DIVISION","UNDER 15",13636,7165,6471,NA,13636,7165,6471,NA,NA,NA,NA,NA,NA
"SINDH","KARACHI","MALIR","SHAH MUREED","SUB-DIVISION","05 - 24",16306,8600,7705,1,16306,8600,7705,1,NA,NA,NA,NA,NA
"SINDH","KARACHI","MALIR","SHAH MUREED","SUB-DIVISION","15 - 49",18409,9767,8641,1,18409,9767,8641,1,NA,NA,NA,NA,NA
"SINDH","KARACHI","MALIR","SHAH MUREED","SUB-DIVISION","15 - 64",21307,11347,9959,1,21307,11347,9959,1,NA,NA,NA,NA,NA
"SINDH","KARACHI","MALIR","SHAH MUREED","SUB-DIVISION","18 - 60",18476,9798,8677,1,18476,9798,8677,1,NA,NA,NA,NA,NA
"SINDH","KARACHI","MALIR","SHAH MUREED","SUB-DIVISION","18 &  ABOVE",19973,10619,9353,1,19973,10619,9353,1,NA,NA,NA,NA,NA
"SINDH","KARACHI","MALIR","SHAH MUREED","SUB-DIVISION","60 &  ABOVE",1676,921,755,NA,1676,921,755,NA,NA,NA,NA,NA,NA
"SINDH","KARACHI","MALIR","SHAH MUREED","SUB-DIVISION","65 &  ABOVE",1044,579,465,NA,1044,579,465,NA,NA,NA,NA,NA,NA
"SINDH","HYDERABAD","MATIARI","HALA","TALUKA","ALL AGES",286155,143991,142150,14,155724,78470,77252,2,130431,65521,64898,12,NA
"SINDH","HYDERABAD","MATIARI","HALA","TALUKA","UNDER 1",8919,4519,4400,NA,4289,2175,2114,NA,4630,2344,2286,NA,NA
"SINDH","HYDERABAD","MATIARI","HALA","TALUKA","UNDER 5",49018,24551,24467,NA,27518,13735,13783,NA,21500,10816,10684,NA,NA
"SINDH","HYDERABAD","MATIARI","HALA","TALUKA","UNDER 10",88537,44388,44149,NA,50355,25267,25088,NA,38182,19121,19061,NA,NA
"SINDH","HYDERABAD","MATIARI","HALA","TALUKA","UNDER 15",119839,60074,59765,NA,67504,33918,33586,NA,52335,26156,26179,NA,NA
"SINDH","HYDERABAD","MATIARI","HALA","TALUKA","05 - 24",122523,61385,61135,3,67520,34026,33494,NA,55003,27359,27641,3,NA
"SINDH","HYDERABAD","MATIARI","HALA","TALUKA","15 - 49",135679,67954,67712,13,72188,36194,35992,2,63491,31760,31720,11,NA
"SINDH","HYDERABAD","MATIARI","HALA","TALUKA","15 - 64",158000,79749,78238,13,83833,42334,41497,2,74167,37415,36741,11,NA
"SINDH","HYDERABAD","MATIARI","HALA","TALUKA","18 - 60",136816,69002,67804,10,72560,36609,35949,2,64256,32393,31855,8,NA
"SINDH","HYDERABAD","MATIARI","HALA","TALUKA","18 &  ABOVE",148877,75071,73795,11,78780,39748,39030,2,70097,35323,34765,9,NA
"SINDH","HYDERABAD","MATIARI","HALA","TALUKA","60 &  ABOVE",13182,6704,6477,1,6799,3467,3332,NA,6383,3237,3145,1,NA
"SINDH","HYDERABAD","MATIARI","HALA","TALUKA","65 &  ABOVE",8316,4168,4147,1,4387,2218,2169,NA,3929,1950,1978,1,NA
"SINDH","HYDERABAD","MATIARI","MATIARI","TALUKA","ALL AGES",377945,192613,185326,6,329787,167993,161790,4,48158,24620,23536,2,NA
"SINDH","HYDERABAD","MATIARI","MATIARI","TALUKA","UNDER 1",6349,3082,3267,NA,5643,2741,2902,NA,706,341,365,NA,NA
"SINDH","HYDERABAD","MATIARI","MATIARI","TALUKA","UNDER 5",61560,31198,30362,NA,54685,27795,26890,NA,6875,3403,3472,NA,NA
"SINDH","HYDERABAD","MATIARI","MATIARI","TALUKA","UNDER 10",119983,60914,59069,NA,106062,53950,52112,NA,13921,6964,6957,NA,NA
"SINDH","HYDERABAD","MATIARI","MATIARI","TALUKA","UNDER 15",165538,84350,81187,1,145536,74220,71315,1,20002,10130,9872,NA,NA
"SINDH","HYDERABAD","MATIARI","MATIARI","TALUKA","05 - 24",172349,87946,84401,2,150596,76816,73778,2,21753,11130,10623,NA,NA
"SINDH","HYDERABAD","MATIARI","MATIARI","TALUKA","15 - 49",176188,89199,86986,3,152944,77343,75599,2,23244,11856,11387,1,NA
"SINDH","HYDERABAD","MATIARI","MATIARI","TALUKA","15 - 64",202434,103210,99220,4,175562,89402,86157,3,26872,13808,13063,1,NA
"SINDH","HYDERABAD","MATIARI","MATIARI","TALUKA","18 - 60",174355,88418,85933,4,151285,76678,74604,3,23070,11740,11329,1,NA
"SINDH","HYDERABAD","MATIARI","MATIARI","TALUKA","18 &  ABOVE",188694,95589,93100,5,163686,82831,80852,3,25008,12758,12248,2,NA
"SINDH","HYDERABAD","MATIARI","MATIARI","TALUKA","60 &  ABOVE",15775,7979,7795,1,13630,6842,6788,NA,2145,1137,1007,1,NA
"SINDH","HYDERABAD","MATIARI","MATIARI","TALUKA","65 &  ABOVE",9973,5053,4919,1,8689,4371,4318,NA,1284,682,601,1,NA
"SINDH","HYDERABAD","MATIARI","SAEEDABAD","TALUKA","ALL AGES",185251,93476,91770,5,161177,81402,79772,3,24074,12074,11998,2,NA
"SINDH","HYDERABAD","MATIARI","SAEEDABAD","TALUKA","UNDER 1",4876,2481,2395,NA,4273,2173,2100,NA,603,308,295,NA,NA
"SINDH","HYDERABAD","MATIARI","SAEEDABAD","TALUKA","UNDER 5",31148,15755,15393,NA,27167,13777,13390,NA,3981,1978,2003,NA,NA
"SINDH","HYDERABAD","MATIARI","SAEEDABAD","TALUKA","UNDER 10",58220,29318,28902,NA,51060,25791,25269,NA,7160,3527,3633,NA,NA
"SINDH","HYDERABAD","MATIARI","SAEEDABAD","TALUKA","UNDER 15",79081,39736,39344,1,69373,34972,34400,1,9708,4764,4944,NA,NA
"SINDH","HYDERABAD","MATIARI","SAEEDABAD","TALUKA","05 - 24",81645,40948,40695,2,71455,35937,35516,2,10190,5011,5179,NA,NA
"SINDH","HYDERABAD","MATIARI","SAEEDABAD","TALUKA","15 - 49",87092,43993,43097,2,75168,37973,37193,2,11924,6020,5904,NA,NA
"SINDH","HYDERABAD","MATIARI","SAEEDABAD","TALUKA","15 - 64",100731,51169,49559,3,87101,44212,42887,2,13630,6957,6672,1,NA
"SINDH","HYDERABAD","MATIARI","SAEEDABAD","TALUKA","18 - 60",86942,44234,42706,2,75039,38148,36890,1,11903,6086,5816,1,NA
"SINDH","HYDERABAD","MATIARI","SAEEDABAD","TALUKA","18 &  ABOVE",94691,47958,46730,3,81754,41365,40388,1,12937,6593,6342,2,NA
"SINDH","HYDERABAD","MATIARI","SAEEDABAD","TALUKA","60 &  ABOVE",8428,4110,4317,1,7312,3555,3757,NA,1116,555,560,1,NA
"SINDH","HYDERABAD","MATIARI","SAEEDABAD","TALUKA","65 &  ABOVE",5439,2571,2867,1,4703,2218,2485,NA,736,353,382,1,NA
"SINDH","MIRPUR KHAS","MIRPUR KHAS","DIGRI","TALUKA","ALL AGES",234578,122259,112308,11,151616,78678,72934,4,82962,43581,39374,7,NA
"SINDH","MIRPUR KHAS","MIRPUR KHAS","DIGRI","TALUKA","UNDER 1",5332,2778,2554,NA,3459,1793,1666,NA,1873,985,888,NA,NA
"SINDH","MIRPUR KHAS","MIRPUR KHAS","DIGRI","TALUKA","UNDER 5",36963,19273,17690,NA,24694,12767,11927,NA,12269,6506,5763,NA,NA
"SINDH","MIRPUR KHAS","MIRPUR KHAS","DIGRI","TALUKA","UNDER 10",71873,37552,34321,NA,48664,25277,23387,NA,23209,12275,10934,NA,NA
"SINDH","MIRPUR KHAS","MIRPUR KHAS","DIGRI","TALUKA","UNDER 15",99294,52350,46944,NA,66549,34872,31677,NA,32745,17478,15267,NA,NA
"SINDH","MIRPUR KHAS","MIRPUR KHAS","DIGRI","TALUKA","05 - 24",104447,55279,49168,NA,68949,36312,32637,NA,35498,18967,16531,NA,NA
"SINDH","MIRPUR KHAS","MIRPUR KHAS","DIGRI","TALUKA","15 - 49",109421,56616,52798,7,69500,35855,33641,4,39921,20761,19157,3,NA
"SINDH","MIRPUR KHAS","MIRPUR KHAS","DIGRI","TALUKA","15 - 64",127499,66115,61374,10,80320,41495,38821,4,47179,24620,22553,6,NA
"SINDH","MIRPUR KHAS","MIRPUR KHAS","DIGRI","TALUKA","18 - 60",110310,56860,53441,9,69580,35686,33890,4,40730,21174,19551,5,NA
"SINDH","MIRPUR KHAS","MIRPUR KHAS","DIGRI","TALUKA","18 &  ABOVE",121384,62330,59043,11,76307,38986,37317,4,45077,23344,21726,7,NA
"SINDH","MIRPUR KHAS","MIRPUR KHAS","DIGRI","TALUKA","60 &  ABOVE",12031,6017,6012,2,7318,3642,3676,NA,4713,2375,2336,2,NA
"SINDH","MIRPUR KHAS","MIRPUR KHAS","DIGRI","TALUKA","65 &  ABOVE",7785,3794,3990,1,4747,2311,2436,NA,3038,1483,1554,1,NA
"SINDH","MIRPUR KHAS","MIRPUR KHAS","HUSSAIN BUX MARI","TALUKA","ALL AGES",172143,90140,82002,1,172143,90140,82002,1,NA,NA,NA,NA,NA
"SINDH","MIRPUR KHAS","MIRPUR KHAS","HUSSAIN BUX MARI","TALUKA","UNDER 1",4483,2451,2032,NA,4483,2451,2032,NA,NA,NA,NA,NA,NA
"SINDH","MIRPUR KHAS","MIRPUR KHAS","HUSSAIN BUX MARI","TALUKA","UNDER 5",28364,15000,13364,NA,28364,15000,13364,NA,NA,NA,NA,NA,NA
"SINDH","MIRPUR KHAS","MIRPUR KHAS","HUSSAIN BUX MARI","TALUKA","UNDER 10",55128,28882,26246,NA,55128,28882,26246,NA,NA,NA,NA,NA,NA
"SINDH","MIRPUR KHAS","MIRPUR KHAS","HUSSAIN BUX MARI","TALUKA","UNDER 15",76710,40507,36203,NA,76710,40507,36203,NA,NA,NA,NA,NA,NA
"SINDH","MIRPUR KHAS","MIRPUR KHAS","HUSSAIN BUX MARI","TALUKA","05 - 24",78317,41470,36847,NA,78317,41470,36847,NA,NA,NA,NA,NA,NA
"SINDH","MIRPUR KHAS","MIRPUR KHAS","HUSSAIN BUX MARI","TALUKA","15 - 49",78569,40868,37701,NA,78569,40868,37701,NA,NA,NA,NA,NA,NA
"SINDH","MIRPUR KHAS","MIRPUR KHAS","HUSSAIN BUX MARI","TALUKA","15 - 64",90829,47378,43450,1,90829,47378,43450,1,NA,NA,NA,NA,NA
"SINDH","MIRPUR KHAS","MIRPUR KHAS","HUSSAIN BUX MARI","TALUKA","18 - 60",78840,40745,38094,1,78840,40745,38094,1,NA,NA,NA,NA,NA
"SINDH","MIRPUR KHAS","MIRPUR KHAS","HUSSAIN BUX MARI","TALUKA","18 &  ABOVE",85334,43933,41400,1,85334,43933,41400,1,NA,NA,NA,NA,NA
"SINDH","MIRPUR KHAS","MIRPUR KHAS","HUSSAIN BUX MARI","TALUKA","60 &  ABOVE",7153,3573,3580,NA,7153,3573,3580,NA,NA,NA,NA,NA,NA
"SINDH","MIRPUR KHAS","MIRPUR KHAS","HUSSAIN BUX MARI","TALUKA","65 &  ABOVE",4604,2255,2349,NA,4604,2255,2349,NA,NA,NA,NA,NA,NA
"SINDH","MIRPUR KHAS","MIRPUR KHAS","JHUDO","TALUKA","ALL AGES",230285,122365,107917,3,162610,86492,76116,2,67675,35873,31801,1,NA
"SINDH","MIRPUR KHAS","MIRPUR KHAS","JHUDO","TALUKA","UNDER 1",7288,3800,3488,NA,5021,2613,2408,NA,2267,1187,1080,NA,NA
"SINDH","MIRPUR KHAS","MIRPUR KHAS","JHUDO","TALUKA","UNDER 5",45743,24703,21040,NA,33205,17963,15242,NA,12538,6740,5798,NA,NA
"SINDH","MIRPUR KHAS","MIRPUR KHAS","JHUDO","TALUKA","UNDER 10",81798,44057,37741,NA,60119,32482,27637,NA,21679,11575,10104,NA,NA
"SINDH","MIRPUR KHAS","MIRPUR KHAS","JHUDO","TALUKA","UNDER 15",110187,59856,50331,NA,80788,44008,36780,NA,29399,15848,13551,NA,NA
"SINDH","MIRPUR KHAS","MIRPUR KHAS","JHUDO","TALUKA","05 - 24",104437,56512,47924,1,75539,40983,34555,1,28898,15529,13369,NA,NA
"SINDH","MIRPUR KHAS","MIRPUR KHAS","JHUDO","TALUKA","15 - 49",99345,51734,47609,2,68273,35507,32764,2,31072,16227,14845,NA,NA
"SINDH","MIRPUR KHAS","MIRPUR KHAS","JHUDO","TALUKA","15 - 64",113800,59421,54376,3,77641,40429,37210,2,36159,18992,17166,1,NA
"SINDH","MIRPUR KHAS","MIRPUR KHAS","JHUDO","TALUKA","18 - 60",98606,50737,47867,2,67427,34561,32865,1,31179,16176,15002,1,NA
"SINDH","MIRPUR KHAS","MIRPUR KHAS","JHUDO","TALUKA","18 &  ABOVE",107322,55044,52276,2,73115,37343,35771,1,34207,17701,16505,1,NA
"SINDH","MIRPUR KHAS","MIRPUR KHAS","JHUDO","TALUKA","60 &  ABOVE",9519,4752,4767,NA,6206,3063,3143,NA,3313,1689,1624,NA,NA
"SINDH","MIRPUR KHAS","MIRPUR KHAS","JHUDO","TALUKA","65 &  ABOVE",6298,3088,3210,NA,4181,2055,2126,NA,2117,1033,1084,NA,NA
"SINDH","MIRPUR KHAS","MIRPUR KHAS","KOT GHULAM MUHAMMAD","TALUKA","ALL AGES",309901,162283,147613,5,279988,146686,133299,3,29913,15597,14314,2,NA
"SINDH","MIRPUR KHAS","MIRPUR KHAS","KOT GHULAM MUHAMMAD","TALUKA","UNDER 1",7034,3614,3420,NA,6464,3314,3150,NA,570,300,270,NA,NA
"SINDH","MIRPUR KHAS","MIRPUR KHAS","KOT GHULAM MUHAMMAD","TALUKA","UNDER 5",52486,27714,24772,NA,48529,25597,22932,NA,3957,2117,1840,NA,NA
"SINDH","MIRPUR KHAS","MIRPUR KHAS","KOT GHULAM MUHAMMAD","TALUKA","UNDER 10",102783,54257,48526,NA,95140,50213,44927,NA,7643,4044,3599,NA,NA
"SINDH","MIRPUR KHAS","MIRPUR KHAS","KOT GHULAM MUHAMMAD","TALUKA","UNDER 15",142591,75510,67081,NA,131701,69794,61907,NA,10890,5716,5174,NA,NA
"SINDH","MIRPUR KHAS","MIRPUR KHAS","KOT GHULAM MUHAMMAD","TALUKA","05 - 24",144856,76927,67928,1,132434,70437,61996,1,12422,6490,5932,NA,NA
"SINDH","MIRPUR KHAS","MIRPUR KHAS","KOT GHULAM MUHAMMAD","TALUKA","15 - 49",137845,71570,66272,3,122728,63725,59002,1,15117,7845,7270,2,NA
"SINDH","MIRPUR KHAS","MIRPUR KHAS","KOT GHULAM MUHAMMAD","TALUKA","15 - 64",158712,82651,76058,3,140695,73243,67451,1,18017,9408,8607,2,NA
"SINDH","MIRPUR KHAS","MIRPUR KHAS","KOT GHULAM MUHAMMAD","TALUKA","18 - 60",135990,70194,65794,2,120231,61986,58245,NA,15759,8208,7549,2,NA
"SINDH","MIRPUR KHAS","MIRPUR KHAS","KOT GHULAM MUHAMMAD","TALUKA","18 &  ABOVE",148222,76109,72109,4,130931,67153,63776,2,17291,8956,8333,2,NA
"SINDH","MIRPUR KHAS","MIRPUR KHAS","KOT GHULAM MUHAMMAD","TALUKA","60 &  ABOVE",13227,6496,6729,2,11557,5670,5885,2,1670,826,844,NA,NA
"SINDH","MIRPUR KHAS","MIRPUR KHAS","KOT GHULAM MUHAMMAD","TALUKA","65 &  ABOVE",8598,4122,4474,2,7592,3649,3941,2,1006,473,533,NA,NA
"SINDH","MIRPUR KHAS","MIRPUR KHAS","MIRPUR KHAS","TALUKA","ALL AGES",287637,150365,137227,45,19856,10350,9506,NA,267781,140015,127721,45,NA
"SINDH","MIRPUR KHAS","MIRPUR KHAS","MIRPUR KHAS","TALUKA","UNDER 1",6356,3369,2987,NA,332,161,171,NA,6024,3208,2816,NA,NA
"SINDH","MIRPUR KHAS","MIRPUR KHAS","MIRPUR KHAS","TALUKA","UNDER 5",42182,22270,19912,NA,2613,1346,1267,NA,39569,20924,18645,NA,NA
"SINDH","MIRPUR KHAS","MIRPUR KHAS","MIRPUR KHAS","TALUKA","UNDER 10",76388,39641,36747,NA,5412,2762,2650,NA,70976,36879,34097,NA,NA
"SINDH","MIRPUR KHAS","MIRPUR KHAS","MIRPUR KHAS","TALUKA","UNDER 15",107522,56444,51078,NA,7766,4013,3753,NA,99756,52431,47325,NA,NA
"SINDH","MIRPUR KHAS","MIRPUR KHAS","MIRPUR KHAS","TALUKA","05 - 24",117819,61337,56473,9,9066,4736,4330,NA,108753,56601,52143,9,NA
"SINDH","MIRPUR KHAS","MIRPUR KHAS","MIRPUR KHAS","TALUKA","15 - 49",143782,74586,69158,38,9886,5183,4703,NA,133896,69403,64455,38,NA
"SINDH","MIRPUR KHAS","MIRPUR KHAS","MIRPUR KHAS","TALUKA","15 - 64",170655,89202,81408,45,11506,6055,5451,NA,159149,83147,75957,45,NA
"SINDH","MIRPUR KHAS","MIRPUR KHAS","MIRPUR KHAS","TALUKA","18 - 60",148214,77194,70982,38,9869,5177,4692,NA,138345,72017,66290,38,NA
"SINDH","MIRPUR KHAS","MIRPUR KHAS","MIRPUR KHAS","TALUKA","18 &  ABOVE",162548,84570,77936,42,10732,5611,5121,NA,151816,78959,72815,42,NA
"SINDH","MIRPUR KHAS","MIRPUR KHAS","MIRPUR KHAS","TALUKA","60 &  ABOVE",15627,8133,7490,4,935,476,459,NA,14692,7657,7031,4,NA
"SINDH","MIRPUR KHAS","MIRPUR KHAS","MIRPUR KHAS","TALUKA","65 &  ABOVE",9460,4719,4741,NA,584,282,302,NA,8876,4437,4439,NA,NA
"SINDH","MIRPUR KHAS","MIRPUR KHAS","SHUJAABAD","TALUKA","ALL AGES",185654,96627,89020,7,162606,84580,78022,4,23048,12047,10998,3,NA
"SINDH","MIRPUR KHAS","MIRPUR KHAS","SHUJAABAD","TALUKA","UNDER 1",4459,2264,2195,NA,4002,2011,1991,NA,457,253,204,NA,NA
"SINDH","MIRPUR KHAS","MIRPUR KHAS","SHUJAABAD","TALUKA","UNDER 5",30466,15819,14647,NA,27395,14199,13196,NA,3071,1620,1451,NA,NA
"SINDH","MIRPUR KHAS","MIRPUR KHAS","SHUJAABAD","TALUKA","UNDER 10",56890,29392,27498,NA,50997,26374,24623,NA,5893,3018,2875,NA,NA
"SINDH","MIRPUR KHAS","MIRPUR KHAS","SHUJAABAD","TALUKA","UNDER 15",78668,41024,37644,NA,70120,36562,33558,NA,8548,4462,4086,NA,NA
"SINDH","MIRPUR KHAS","MIRPUR KHAS","SHUJAABAD","TALUKA","05 - 24",82577,43452,39125,NA,72659,38179,34480,NA,9918,5273,4645,NA,NA
"SINDH","MIRPUR KHAS","MIRPUR KHAS","SHUJAABAD","TALUKA","15 - 49",88298,45992,42305,1,76449,39755,36693,1,11849,6237,5612,NA,NA
"SINDH","MIRPUR KHAS","MIRPUR KHAS","SHUJAABAD","TALUKA","15 - 64",101643,53023,48613,7,87885,45789,42092,4,13758,7234,6521,3,NA
"SINDH","MIRPUR KHAS","MIRPUR KHAS","SHUJAABAD","TALUKA","18 - 60",88257,45731,42519,7,76325,39525,36796,4,11932,6206,5723,3,NA
"SINDH","MIRPUR KHAS","MIRPUR KHAS","SHUJAABAD","TALUKA","18 &  ABOVE",95819,49428,46384,7,82827,42711,40112,4,12992,6717,6272,3,NA
"SINDH","MIRPUR KHAS","MIRPUR KHAS","SHUJAABAD","TALUKA","60 &  ABOVE",8240,4054,4185,1,7073,3491,3581,1,1167,563,604,NA,NA
"SINDH","MIRPUR KHAS","MIRPUR KHAS","SHUJAABAD","TALUKA","65 &  ABOVE",5343,2580,2763,NA,4601,2229,2372,NA,742,351,391,NA,NA
"SINDH","MIRPUR KHAS","MIRPUR KHAS","SINDHRI","TALUKA","ALL AGES",260782,137824,122951,7,240213,126969,113238,6,20569,10855,9713,1,NA
"SINDH","MIRPUR KHAS","MIRPUR KHAS","SINDHRI","TALUKA","UNDER 1",6017,3236,2781,NA,5513,2977,2536,NA,504,259,245,NA,NA
"SINDH","MIRPUR KHAS","MIRPUR KHAS","SINDHRI","TALUKA","UNDER 5",49608,26599,23009,NA,45445,24398,21047,NA,4163,2201,1962,NA,NA
"SINDH","MIRPUR KHAS","MIRPUR KHAS","SINDHRI","TALUKA","UNDER 10",92693,49643,43050,NA,85247,45669,39578,NA,7446,3974,3472,NA,NA
"SINDH","MIRPUR KHAS","MIRPUR KHAS","SINDHRI","TALUKA","UNDER 15",125380,67362,58015,3,115316,61962,53351,3,10064,5400,4664,NA,NA
"SINDH","MIRPUR KHAS","MIRPUR KHAS","SINDHRI","TALUKA","05 - 24",118836,63927,54904,5,109646,58911,50730,5,9190,5016,4174,NA,NA
"SINDH","MIRPUR KHAS","MIRPUR KHAS","SINDHRI","TALUKA","15 - 49",112288,58406,53878,4,103471,53796,49672,3,8817,4610,4206,1,NA
"SINDH","MIRPUR KHAS","MIRPUR KHAS","SINDHRI","TALUKA","15 - 64",128510,67086,61420,4,118524,61850,56671,3,9986,5236,4749,1,NA
"SINDH","MIRPUR KHAS","MIRPUR KHAS","SINDHRI","TALUKA","18 - 60",111005,57309,53694,2,102443,52897,49545,1,8562,4412,4149,1,NA
"SINDH","MIRPUR KHAS","MIRPUR KHAS","SINDHRI","TALUKA","18 &  ABOVE",120563,62001,58560,2,111285,57276,54008,1,9278,4725,4552,1,NA
"SINDH","MIRPUR KHAS","MIRPUR KHAS","SINDHRI","TALUKA","60 &  ABOVE",10473,5207,5266,NA,9693,4864,4829,NA,780,343,437,NA,NA
"SINDH","MIRPUR KHAS","MIRPUR KHAS","SINDHRI","TALUKA","65 &  ABOVE",6892,3376,3516,NA,6373,3157,3216,NA,519,219,300,NA,NA
"SINDH","SHAHEED BENAZIRABAD","NAUSHAHRO FEROZE","BHIRIA","TALUKA","ALL AGES",329920,167755,162158,7,257760,131453,126301,6,72160,36302,35857,1,NA
"SINDH","SHAHEED BENAZIRABAD","NAUSHAHRO FEROZE","BHIRIA","TALUKA","UNDER 1",7984,4195,3789,NA,6130,3256,2874,NA,1854,939,915,NA,NA
"SINDH","SHAHEED BENAZIRABAD","NAUSHAHRO FEROZE","BHIRIA","TALUKA","UNDER 5",56921,29000,27921,NA,46213,23675,22538,NA,10708,5325,5383,NA,NA
"SINDH","SHAHEED BENAZIRABAD","NAUSHAHRO FEROZE","BHIRIA","TALUKA","UNDER 10",106445,54105,52340,NA,85845,43833,42012,NA,20600,10272,10328,NA,NA
"SINDH","SHAHEED BENAZIRABAD","NAUSHAHRO FEROZE","BHIRIA","TALUKA","UNDER 15",142990,72565,70422,3,114446,58334,56109,3,28544,14231,14313,NA,NA
"SINDH","SHAHEED BENAZIRABAD","NAUSHAHRO FEROZE","BHIRIA","TALUKA","05 - 24",146931,74087,72838,6,114747,58040,56701,6,32184,16047,16137,NA,NA
"SINDH","SHAHEED BENAZIRABAD","NAUSHAHRO FEROZE","BHIRIA","TALUKA","15 - 49",153040,77098,75939,3,117199,59137,58059,3,35841,17961,17880,NA,NA
"SINDH","SHAHEED BENAZIRABAD","NAUSHAHRO FEROZE","BHIRIA","TALUKA","15 - 64",177465,90255,87206,4,135951,69232,66716,3,41514,21023,20490,1,NA
"SINDH","SHAHEED BENAZIRABAD","NAUSHAHRO FEROZE","BHIRIA","TALUKA","18 - 60",153059,77723,75332,4,117138,59558,57577,3,35921,18165,17755,1,NA
"SINDH","SHAHEED BENAZIRABAD","NAUSHAHRO FEROZE","BHIRIA","TALUKA","18 &  ABOVE",166527,84832,81691,4,127567,65116,62448,3,38960,19716,19243,1,NA
"SINDH","SHAHEED BENAZIRABAD","NAUSHAHRO FEROZE","BHIRIA","TALUKA","60 &  ABOVE",14825,7813,7012,NA,11478,6105,5373,NA,3347,1708,1639,NA,NA
"SINDH","SHAHEED BENAZIRABAD","NAUSHAHRO FEROZE","BHIRIA","TALUKA","65 &  ABOVE",9465,4935,4530,NA,7363,3887,3476,NA,2102,1048,1054,NA,NA
"SINDH","SHAHEED BENAZIRABAD","NAUSHAHRO FEROZE","KANDIARO","TALUKA","ALL AGES",356506,180453,176042,11,312124,158228,153890,6,44382,22225,22152,5,NA
"SINDH","SHAHEED BENAZIRABAD","NAUSHAHRO FEROZE","KANDIARO","TALUKA","UNDER 1",7959,3917,4042,NA,6880,3371,3509,NA,1079,546,533,NA,NA
"SINDH","SHAHEED BENAZIRABAD","NAUSHAHRO FEROZE","KANDIARO","TALUKA","UNDER 5",63549,31879,31670,NA,56694,28397,28297,NA,6855,3482,3373,NA,NA
"SINDH","SHAHEED BENAZIRABAD","NAUSHAHRO FEROZE","KANDIARO","TALUKA","UNDER 10",118892,59782,59110,NA,105932,53285,52647,NA,12960,6497,6463,NA,NA
"SINDH","SHAHEED BENAZIRABAD","NAUSHAHRO FEROZE","KANDIARO","TALUKA","UNDER 15",159799,80499,79299,1,141951,71685,70265,1,17848,8814,9034,NA,NA
"SINDH","SHAHEED BENAZIRABAD","NAUSHAHRO FEROZE","KANDIARO","TALUKA","05 - 24",161491,81771,79714,6,141833,72053,69775,5,19658,9718,9939,1,NA
"SINDH","SHAHEED BENAZIRABAD","NAUSHAHRO FEROZE","KANDIARO","TALUKA","15 - 49",161485,81574,79902,9,139537,70570,68962,5,21948,11004,10940,4,NA
"SINDH","SHAHEED BENAZIRABAD","NAUSHAHRO FEROZE","KANDIARO","TALUKA","15 - 64",186926,95052,91864,10,161521,82168,79348,5,25405,12884,12516,5,NA
"SINDH","SHAHEED BENAZIRABAD","NAUSHAHRO FEROZE","KANDIARO","TALUKA","18 - 60",160132,81213,78911,8,138205,70110,68092,3,21927,11103,10819,5,NA
"SINDH","SHAHEED BENAZIRABAD","NAUSHAHRO FEROZE","KANDIARO","TALUKA","18 &  ABOVE",174114,88367,85739,8,150491,76429,74059,3,23623,11938,11680,5,NA
"SINDH","SHAHEED BENAZIRABAD","NAUSHAHRO FEROZE","KANDIARO","TALUKA","60 &  ABOVE",15387,7915,7471,1,13503,6979,6524,NA,1884,936,947,1,NA
"SINDH","SHAHEED BENAZIRABAD","NAUSHAHRO FEROZE","KANDIARO","TALUKA","65 &  ABOVE",9781,4902,4879,NA,8652,4375,4277,NA,1129,527,602,NA,NA
"SINDH","SHAHEED BENAZIRABAD","NAUSHAHRO FEROZE","MEHRABPUR","TALUKA","ALL AGES",273567,138362,135187,18,190469,96255,94205,9,83098,42107,40982,9,NA
"SINDH","SHAHEED BENAZIRABAD","NAUSHAHRO FEROZE","MEHRABPUR","TALUKA","UNDER 1",7135,3720,3415,NA,5222,2718,2504,NA,1913,1002,911,NA,NA
"SINDH","SHAHEED BENAZIRABAD","NAUSHAHRO FEROZE","MEHRABPUR","TALUKA","UNDER 5",49870,25212,24658,NA,36250,18273,17977,NA,13620,6939,6681,NA,NA
"SINDH","SHAHEED BENAZIRABAD","NAUSHAHRO FEROZE","MEHRABPUR","TALUKA","UNDER 10",91452,46107,45345,NA,67120,33853,33267,NA,24332,12254,12078,NA,NA
"SINDH","SHAHEED BENAZIRABAD","NAUSHAHRO FEROZE","MEHRABPUR","TALUKA","UNDER 15",122669,61825,60844,NA,88874,44760,44114,NA,33795,17065,16730,NA,NA
"SINDH","SHAHEED BENAZIRABAD","NAUSHAHRO FEROZE","MEHRABPUR","TALUKA","05 - 24",122796,61930,60864,2,86575,43802,42773,NA,36221,18128,18091,2,NA
"SINDH","SHAHEED BENAZIRABAD","NAUSHAHRO FEROZE","MEHRABPUR","TALUKA","15 - 49",123279,62311,60954,14,82590,41773,40809,8,40689,20538,20145,6,NA
"SINDH","SHAHEED BENAZIRABAD","NAUSHAHRO FEROZE","MEHRABPUR","TALUKA","15 - 64",143106,72698,70392,16,96111,48826,47277,8,46995,23872,23115,8,NA
"SINDH","SHAHEED BENAZIRABAD","NAUSHAHRO FEROZE","MEHRABPUR","TALUKA","18 - 60",122966,62291,60659,16,82255,41610,40637,8,40711,20681,20022,8,NA
"SINDH","SHAHEED BENAZIRABAD","NAUSHAHRO FEROZE","MEHRABPUR","TALUKA","18 &  ABOVE",134187,67938,66231,18,90115,45535,44571,9,44072,22403,21660,9,NA
"SINDH","SHAHEED BENAZIRABAD","NAUSHAHRO FEROZE","MEHRABPUR","TALUKA","60 &  ABOVE",12287,6217,6067,3,8546,4290,4255,1,3741,1927,1812,2,NA
"SINDH","SHAHEED BENAZIRABAD","NAUSHAHRO FEROZE","MEHRABPUR","TALUKA","65 &  ABOVE",7792,3839,3951,2,5484,2669,2814,1,2308,1170,1137,1,NA
"SINDH","SHAHEED BENAZIRABAD","NAUSHAHRO FEROZE","MORO","TALUKA","ALL AGES",408110,208079,200008,23,265463,135797,129660,6,142647,72282,70348,17,NA
"SINDH","SHAHEED BENAZIRABAD","NAUSHAHRO FEROZE","MORO","TALUKA","UNDER 1",11127,5909,5218,NA,7780,4121,3659,NA,3347,1788,1559,NA,NA
"SINDH","SHAHEED BENAZIRABAD","NAUSHAHRO FEROZE","MORO","TALUKA","UNDER 5",69404,35591,33813,NA,47546,24524,23022,NA,21858,11067,10791,NA,NA
"SINDH","SHAHEED BENAZIRABAD","NAUSHAHRO FEROZE","MORO","TALUKA","UNDER 10",131086,66796,64290,NA,88173,45184,42989,NA,42913,21612,21301,NA,NA
"SINDH","SHAHEED BENAZIRABAD","NAUSHAHRO FEROZE","MORO","TALUKA","UNDER 15",177436,90322,87114,NA,117889,60450,57439,NA,59547,29872,29675,NA,NA
"SINDH","SHAHEED BENAZIRABAD","NAUSHAHRO FEROZE","MORO","TALUKA","05 - 24",182430,92603,89822,5,117630,60014,57614,2,64800,32589,32208,3,NA
"SINDH","SHAHEED BENAZIRABAD","NAUSHAHRO FEROZE","MORO","TALUKA","15 - 49",187616,95079,92516,21,119245,60396,58844,5,68371,34683,33672,16,NA
"SINDH","SHAHEED BENAZIRABAD","NAUSHAHRO FEROZE","MORO","TALUKA","15 - 64",219150,111867,107260,23,139785,71332,68447,6,79365,40535,38813,17,NA
"SINDH","SHAHEED BENAZIRABAD","NAUSHAHRO FEROZE","MORO","TALUKA","18 - 60",188987,96192,92775,20,120797,61503,59290,4,68190,34689,33485,16,NA
"SINDH","SHAHEED BENAZIRABAD","NAUSHAHRO FEROZE","MORO","TALUKA","18 &  ABOVE",205599,104699,100880,20,131822,67188,64630,4,73777,37511,36250,16,NA
"SINDH","SHAHEED BENAZIRABAD","NAUSHAHRO FEROZE","MORO","TALUKA","60 &  ABOVE",18402,9505,8897,NA,12251,6375,5876,NA,6151,3130,3021,NA,NA
"SINDH","SHAHEED BENAZIRABAD","NAUSHAHRO FEROZE","MORO","TALUKA","65 &  ABOVE",11524,5890,5634,NA,7789,4015,3774,NA,3735,1875,1860,NA,NA
"SINDH","SHAHEED BENAZIRABAD","NAUSHAHRO FEROZE","NAUSHAHRO FEROZE","TALUKA","ALL AGES",408356,206674,201666,16,244022,123773,120245,4,164334,82901,81421,12,NA
"SINDH","SHAHEED BENAZIRABAD","NAUSHAHRO FEROZE","NAUSHAHRO FEROZE","TALUKA","UNDER 1",8367,4040,4327,NA,5340,2566,2774,NA,3027,1474,1553,NA,NA
"SINDH","SHAHEED BENAZIRABAD","NAUSHAHRO FEROZE","NAUSHAHRO FEROZE","TALUKA","UNDER 5",71318,35316,36002,NA,45977,22870,23107,NA,25341,12446,12895,NA,NA
"SINDH","SHAHEED BENAZIRABAD","NAUSHAHRO FEROZE","NAUSHAHRO FEROZE","TALUKA","UNDER 10",132117,66051,66066,NA,83583,41974,41609,NA,48534,24077,24457,NA,NA
"SINDH","SHAHEED BENAZIRABAD","NAUSHAHRO FEROZE","NAUSHAHRO FEROZE","TALUKA","UNDER 15",178772,89749,89022,1,110941,55927,55014,NA,67831,33822,34008,1,NA
"SINDH","SHAHEED BENAZIRABAD","NAUSHAHRO FEROZE","NAUSHAHRO FEROZE","TALUKA","05 - 24",182087,91877,90206,4,107765,54679,53084,2,74322,37198,37122,2,NA
"SINDH","SHAHEED BENAZIRABAD","NAUSHAHRO FEROZE","NAUSHAHRO FEROZE","TALUKA","15 - 49",187998,94895,93092,11,108308,54795,53509,4,79690,40100,39583,7,NA
"SINDH","SHAHEED BENAZIRABAD","NAUSHAHRO FEROZE","NAUSHAHRO FEROZE","TALUKA","15 - 64",218095,111050,107032,13,125994,64228,61762,4,92101,46822,45270,9,NA
"SINDH","SHAHEED BENAZIRABAD","NAUSHAHRO FEROZE","NAUSHAHRO FEROZE","TALUKA","18 - 60",188317,95586,92720,11,108840,55242,53595,3,79477,40344,39125,8,NA
"SINDH","SHAHEED BENAZIRABAD","NAUSHAHRO FEROZE","NAUSHAHRO FEROZE","TALUKA","18 &  ABOVE",204804,104117,100674,13,118893,60444,58446,3,85911,43673,42228,10,NA
"SINDH","SHAHEED BENAZIRABAD","NAUSHAHRO FEROZE","NAUSHAHRO FEROZE","TALUKA","60 &  ABOVE",18096,9407,8687,2,10979,5707,5272,NA,7117,3700,3415,2,NA
"SINDH","SHAHEED BENAZIRABAD","NAUSHAHRO FEROZE","NAUSHAHRO FEROZE","TALUKA","65 &  ABOVE",11489,5875,5612,2,7087,3618,3469,NA,4402,2257,2143,2,NA
"SINDH","SHAHEED BENAZIRABAD","SANGHAR","JAM NAWAZ ALI","TALUKA","ALL AGES",171598,86575,85012,11,144341,72835,71498,8,27257,13740,13514,3,NA
"SINDH","SHAHEED BENAZIRABAD","SANGHAR","JAM NAWAZ ALI","TALUKA","UNDER 1",3465,1817,1648,NA,2940,1520,1420,NA,525,297,228,NA,NA
"SINDH","SHAHEED BENAZIRABAD","SANGHAR","JAM NAWAZ ALI","TALUKA","UNDER 5",28914,14453,14461,NA,24612,12300,12312,NA,4302,2153,2149,NA,NA
"SINDH","SHAHEED BENAZIRABAD","SANGHAR","JAM NAWAZ ALI","TALUKA","UNDER 10",57324,28867,28457,NA,48934,24613,24321,NA,8390,4254,4136,NA,NA
"SINDH","SHAHEED BENAZIRABAD","SANGHAR","JAM NAWAZ ALI","TALUKA","UNDER 15",78200,39411,38787,2,66876,33682,33192,2,11324,5729,5595,NA,NA
"SINDH","SHAHEED BENAZIRABAD","SANGHAR","JAM NAWAZ ALI","TALUKA","05 - 24",80276,40486,39784,6,68090,34377,33709,4,12186,6109,6075,2,NA
"SINDH","SHAHEED BENAZIRABAD","SANGHAR","JAM NAWAZ ALI","TALUKA","15 - 49",77714,39146,38560,8,64533,32514,32014,5,13181,6632,6546,3,NA
"SINDH","SHAHEED BENAZIRABAD","SANGHAR","JAM NAWAZ ALI","TALUKA","15 - 64",89084,45088,43987,9,73959,37445,36508,6,15125,7643,7479,3,NA
"SINDH","SHAHEED BENAZIRABAD","SANGHAR","JAM NAWAZ ALI","TALUKA","18 - 60",77111,39028,38076,7,63911,32314,31592,5,13200,6714,6484,2,NA
"SINDH","SHAHEED BENAZIRABAD","SANGHAR","JAM NAWAZ ALI","TALUKA","18 &  ABOVE",83290,42024,41259,7,68980,34796,34179,5,14310,7228,7080,2,NA
"SINDH","SHAHEED BENAZIRABAD","SANGHAR","JAM NAWAZ ALI","TALUKA","60 &  ABOVE",6733,3292,3441,NA,5520,2724,2796,NA,1213,568,645,NA,NA
"SINDH","SHAHEED BENAZIRABAD","SANGHAR","JAM NAWAZ ALI","TALUKA","65 &  ABOVE",4314,2076,2238,NA,3506,1708,1798,NA,808,368,440,NA,NA
"SINDH","SHAHEED BENAZIRABAD","SANGHAR","KHIPRO","TALUKA","ALL AGES",366720,187313,179396,11,308413,157579,150829,5,58307,29734,28567,6,NA
"SINDH","SHAHEED BENAZIRABAD","SANGHAR","KHIPRO","TALUKA","UNDER 1",9313,4777,4536,NA,8052,4149,3903,NA,1261,628,633,NA,NA
"SINDH","SHAHEED BENAZIRABAD","SANGHAR","KHIPRO","TALUKA","UNDER 5",61170,30873,30297,NA,53447,26968,26479,NA,7723,3905,3818,NA,NA
"SINDH","SHAHEED BENAZIRABAD","SANGHAR","KHIPRO","TALUKA","UNDER 10",120088,60811,59277,NA,104071,52725,51346,NA,16017,8086,7931,NA,NA
"SINDH","SHAHEED BENAZIRABAD","SANGHAR","KHIPRO","TALUKA","UNDER 15",165856,84165,81691,NA,142784,72498,70286,NA,23072,11667,11405,NA,NA
"SINDH","SHAHEED BENAZIRABAD","SANGHAR","KHIPRO","TALUKA","05 - 24",171069,87333,83735,1,144367,73749,70617,1,26702,13584,13118,NA,NA
"SINDH","SHAHEED BENAZIRABAD","SANGHAR","KHIPRO","TALUKA","15 - 49",165933,84848,81075,10,136749,69883,66861,5,29184,14965,14214,5,NA
"SINDH","SHAHEED BENAZIRABAD","SANGHAR","KHIPRO","TALUKA","15 - 64",190226,97854,92361,11,156561,80525,76031,5,33665,17329,16330,6,NA
"SINDH","SHAHEED BENAZIRABAD","SANGHAR","KHIPRO","TALUKA","18 - 60",164521,84475,80036,10,135505,69514,65986,5,29016,14961,14050,5,NA
"SINDH","SHAHEED BENAZIRABAD","SANGHAR","KHIPRO","TALUKA","18 &  ABOVE",179307,91866,87430,11,147931,75752,72174,5,31376,16114,15256,6,NA
"SINDH","SHAHEED BENAZIRABAD","SANGHAR","KHIPRO","TALUKA","60 &  ABOVE",16064,8133,7930,1,13518,6873,6645,NA,2546,1260,1285,1,NA
"SINDH","SHAHEED BENAZIRABAD","SANGHAR","KHIPRO","TALUKA","65 &  ABOVE",10638,5294,5344,NA,9068,4556,4512,NA,1570,738,832,NA,NA
"SINDH","SHAHEED BENAZIRABAD","SANGHAR","SANGHAR","TALUKA","ALL AGES",482527,246133,236388,6,387485,198155,189330,NA,95042,47978,47058,6,NA
"SINDH","SHAHEED BENAZIRABAD","SANGHAR","SANGHAR","TALUKA","UNDER 1",11254,5805,5449,NA,9093,4664,4429,NA,2161,1141,1020,NA,NA
"SINDH","SHAHEED BENAZIRABAD","SANGHAR","SANGHAR","TALUKA","UNDER 5",80421,40647,39774,NA,66717,33569,33148,NA,13704,7078,6626,NA,NA
"SINDH","SHAHEED BENAZIRABAD","SANGHAR","SANGHAR","TALUKA","UNDER 10",156906,79658,77248,NA,131189,66503,64686,NA,25717,13155,12562,NA,NA
"SINDH","SHAHEED BENAZIRABAD","SANGHAR","SANGHAR","TALUKA","UNDER 15",217355,110744,106611,NA,180654,92132,88522,NA,36701,18612,18089,NA,NA
"SINDH","SHAHEED BENAZIRABAD","SANGHAR","SANGHAR","TALUKA","05 - 24",224728,115064,109663,1,183133,94300,88833,NA,41595,20764,20830,1,NA
"SINDH","SHAHEED BENAZIRABAD","SANGHAR","SANGHAR","TALUKA","15 - 49",217125,110508,106612,5,169686,86746,82940,NA,47439,23762,23672,5,NA
"SINDH","SHAHEED BENAZIRABAD","SANGHAR","SANGHAR","TALUKA","15 - 64",251327,128543,122778,6,195806,100478,95328,NA,55521,28065,27450,6,NA
"SINDH","SHAHEED BENAZIRABAD","SANGHAR","SANGHAR","TALUKA","18 - 60",216639,110445,106188,6,168505,86114,82391,NA,48134,24331,23797,6,NA
"SINDH","SHAHEED BENAZIRABAD","SANGHAR","SANGHAR","TALUKA","18 &  ABOVE",236159,120225,115928,6,183889,93888,90001,NA,52270,26337,25927,6,NA
"SINDH","SHAHEED BENAZIRABAD","SANGHAR","SANGHAR","TALUKA","60 &  ABOVE",21285,10763,10522,NA,16753,8533,8220,NA,4532,2230,2302,NA,NA
"SINDH","SHAHEED BENAZIRABAD","SANGHAR","SANGHAR","TALUKA","65 &  ABOVE",13845,6846,6999,NA,11025,5545,5480,NA,2820,1301,1519,NA,NA
"SINDH","SHAHEED BENAZIRABAD","SANGHAR","SHAHDADPUR","TALUKA","ALL AGES",525164,265978,259155,31,309113,157038,152070,5,216051,108940,107085,26,NA
"SINDH","SHAHEED BENAZIRABAD","SANGHAR","SHAHDADPUR","TALUKA","UNDER 1",15035,7872,7163,NA,9532,5059,4473,NA,5503,2813,2690,NA,NA
"SINDH","SHAHEED BENAZIRABAD","SANGHAR","SHAHDADPUR","TALUKA","UNDER 5",88469,44888,43581,NA,56066,28593,27473,NA,32403,16295,16108,NA,NA
"SINDH","SHAHEED BENAZIRABAD","SANGHAR","SHAHDADPUR","TALUKA","UNDER 10",167097,84597,82500,NA,105944,53945,51999,NA,61153,30652,30501,NA,NA
"SINDH","SHAHEED BENAZIRABAD","SANGHAR","SHAHDADPUR","TALUKA","UNDER 15",231298,117091,114206,1,144304,73472,70832,NA,86994,43619,43374,1,NA
"SINDH","SHAHEED BENAZIRABAD","SANGHAR","SHAHDADPUR","TALUKA","05 - 24",240617,121289,119314,14,143388,72807,70579,2,97229,48482,48735,12,NA
"SINDH","SHAHEED BENAZIRABAD","SANGHAR","SHAHDADPUR","TALUKA","15 - 49",243944,122896,121023,25,137161,69349,67807,5,106783,53547,53216,20,NA
"SINDH","SHAHEED BENAZIRABAD","SANGHAR","SHAHDADPUR","TALUKA","15 - 64",281077,142672,138377,28,157502,80037,77460,5,123575,62635,60917,23,NA
"SINDH","SHAHEED BENAZIRABAD","SANGHAR","SHAHDADPUR","TALUKA","18 - 60",241323,122052,119246,25,135081,68207,66870,4,106242,53845,52376,21,NA
"SINDH","SHAHEED BENAZIRABAD","SANGHAR","SHAHDADPUR","TALUKA","18 &  ABOVE",260318,131451,128839,28,145775,73392,72379,4,114543,58059,56460,24,NA
"SINDH","SHAHEED BENAZIRABAD","SANGHAR","SHAHDADPUR","TALUKA","60 &  ABOVE",20867,10455,10408,4,11711,5751,5960,NA,9156,4704,4448,4,NA
"SINDH","SHAHEED BENAZIRABAD","SANGHAR","SHAHDADPUR","TALUKA","65 &  ABOVE",12789,6215,6572,2,7307,3529,3778,NA,5482,2686,2794,2,NA
"SINDH","SHAHEED BENAZIRABAD","SANGHAR","SINJHORO","TALUKA","ALL AGES",354594,179943,174632,19,294858,150055,144791,12,59736,29888,29841,7,NA
"SINDH","SHAHEED BENAZIRABAD","SANGHAR","SINJHORO","TALUKA","UNDER 1",8164,4159,4005,NA,6761,3485,3276,NA,1403,674,729,NA,NA
"SINDH","SHAHEED BENAZIRABAD","SANGHAR","SINJHORO","TALUKA","UNDER 5",59985,30369,29616,NA,50638,25744,24894,NA,9347,4625,4722,NA,NA
"SINDH","SHAHEED BENAZIRABAD","SANGHAR","SINJHORO","TALUKA","UNDER 10",114914,57960,56954,NA,97357,49271,48086,NA,17557,8689,8868,NA,NA
"SINDH","SHAHEED BENAZIRABAD","SANGHAR","SINJHORO","TALUKA","UNDER 15",158818,80042,78773,3,134037,67773,66261,3,24781,12269,12512,NA,NA
"SINDH","SHAHEED BENAZIRABAD","SANGHAR","SINJHORO","TALUKA","05 - 24",164243,83034,81199,10,137364,69738,67618,8,26879,13296,13581,2,NA
"SINDH","SHAHEED BENAZIRABAD","SANGHAR","SINJHORO","TALUKA","15 - 49",161959,82247,79699,13,133186,67774,65405,7,28773,14473,14294,6,NA
"SINDH","SHAHEED BENAZIRABAD","SANGHAR","SINJHORO","TALUKA","15 - 64",186415,95241,91159,15,153151,78436,74707,8,33264,16805,16452,7,NA
"SINDH","SHAHEED BENAZIRABAD","SANGHAR","SINJHORO","TALUKA","18 - 60",160773,81992,78770,11,132222,67487,64731,4,28551,14505,14039,7,NA
"SINDH","SHAHEED BENAZIRABAD","SANGHAR","SINJHORO","TALUKA","18 &  ABOVE",174063,88727,85324,12,143059,73015,70039,5,31004,15712,15285,7,NA
"SINDH","SHAHEED BENAZIRABAD","SANGHAR","SINJHORO","TALUKA","60 &  ABOVE",14516,7417,7097,2,11857,6100,5755,2,2659,1317,1342,NA,NA
"SINDH","SHAHEED BENAZIRABAD","SANGHAR","SINJHORO","TALUKA","65 &  ABOVE",9361,4660,4700,1,7670,3846,3823,1,1691,814,877,NA,NA
"SINDH","SHAHEED BENAZIRABAD","SANGHAR","TANDO ADAM","TALUKA","ALL AGES",407228,206361,200835,32,233341,117927,115410,4,173887,88434,85425,28,NA
"SINDH","SHAHEED BENAZIRABAD","SANGHAR","TANDO ADAM","TALUKA","UNDER 1",8386,4228,4158,NA,5135,2567,2568,NA,3251,1661,1590,NA,NA
"SINDH","SHAHEED BENAZIRABAD","SANGHAR","TANDO ADAM","TALUKA","UNDER 5",59330,29675,29655,NA,36869,18417,18452,NA,22461,11258,11203,NA,NA
"SINDH","SHAHEED BENAZIRABAD","SANGHAR","TANDO ADAM","TALUKA","UNDER 10",117793,58878,58915,NA,74458,37289,37169,NA,43335,21589,21746,NA,NA
"SINDH","SHAHEED BENAZIRABAD","SANGHAR","TANDO ADAM","TALUKA","UNDER 15",167356,83897,83456,3,103822,51978,51841,3,63534,31919,31615,NA,NA
"SINDH","SHAHEED BENAZIRABAD","SANGHAR","TANDO ADAM","TALUKA","05 - 24",186511,93856,92642,13,111161,56011,55146,4,75350,37845,37496,9,NA
"SINDH","SHAHEED BENAZIRABAD","SANGHAR","TANDO ADAM","TALUKA","15 - 49",197780,100437,97315,28,107416,54481,52934,1,90364,45956,44381,27,NA
"SINDH","SHAHEED BENAZIRABAD","SANGHAR","TANDO ADAM","TALUKA","15 - 64",228938,117027,111882,29,123714,63069,60644,1,105224,53958,51238,28,NA
"SINDH","SHAHEED BENAZIRABAD","SANGHAR","TANDO ADAM","TALUKA","18 - 60",197321,100827,96467,27,106032,54043,51989,NA,91289,46784,44478,27,NA
"SINDH","SHAHEED BENAZIRABAD","SANGHAR","TANDO ADAM","TALUKA","18 &  ABOVE",213420,108896,104497,27,114493,58246,56247,NA,98927,50650,48250,27,NA
"SINDH","SHAHEED BENAZIRABAD","SANGHAR","TANDO ADAM","TALUKA","60 &  ABOVE",17560,8914,8646,NA,9222,4636,4586,NA,8338,4278,4060,NA,NA
"SINDH","SHAHEED BENAZIRABAD","SANGHAR","TANDO ADAM","TALUKA","65 &  ABOVE",10934,5437,5497,NA,5805,2880,2925,NA,5129,2557,2572,NA,NA
"SINDH","SHAHEED BENAZIRABAD","SHAHEED BENAZIRABAD","DAUR","TALUKA","ALL AGES",532528,269928,262584,16,422431,213998,208426,7,110097,55930,54158,9,NA
"SINDH","SHAHEED BENAZIRABAD","SHAHEED BENAZIRABAD","DAUR","TALUKA","UNDER 1",13985,7284,6701,NA,9964,5077,4887,NA,4021,2207,1814,NA,NA
"SINDH","SHAHEED BENAZIRABAD","SHAHEED BENAZIRABAD","DAUR","TALUKA","UNDER 5",95699,48360,47339,NA,76361,38349,38012,NA,19338,10011,9327,NA,NA
"SINDH","SHAHEED BENAZIRABAD","SHAHEED BENAZIRABAD","DAUR","TALUKA","UNDER 10",180071,91005,89066,NA,144312,72737,71575,NA,35759,18268,17491,NA,NA
"SINDH","SHAHEED BENAZIRABAD","SHAHEED BENAZIRABAD","DAUR","TALUKA","UNDER 15",242711,122474,120237,NA,194077,97706,96371,NA,48634,24768,23866,NA,NA
"SINDH","SHAHEED BENAZIRABAD","SHAHEED BENAZIRABAD","DAUR","TALUKA","05 - 24",241511,122121,119389,1,191723,97098,94624,1,49788,25023,24765,NA,NA
"SINDH","SHAHEED BENAZIRABAD","SHAHEED BENAZIRABAD","DAUR","TALUKA","15 - 49",235724,119463,116250,11,185009,93834,91170,5,50715,25629,25080,6,NA
"SINDH","SHAHEED BENAZIRABAD","SHAHEED BENAZIRABAD","DAUR","TALUKA","15 - 64",274220,139625,134579,16,215733,109890,105836,7,58487,29735,28743,9,NA
"SINDH","SHAHEED BENAZIRABAD","SHAHEED BENAZIRABAD","DAUR","TALUKA","18 - 60",236383,120045,116323,15,186081,94511,91563,7,50302,25534,24760,8,NA
"SINDH","SHAHEED BENAZIRABAD","SHAHEED BENAZIRABAD","DAUR","TALUKA","18 &  ABOVE",258407,131156,127235,16,203870,103546,100317,7,54537,27610,26918,9,NA
"SINDH","SHAHEED BENAZIRABAD","SHAHEED BENAZIRABAD","DAUR","TALUKA","60 &  ABOVE",24018,12212,11805,1,19380,9913,9467,NA,4638,2299,2338,1,NA
"SINDH","SHAHEED BENAZIRABAD","SHAHEED BENAZIRABAD","DAUR","TALUKA","65 &  ABOVE",15597,7829,7768,NA,12621,6402,6219,NA,2976,1427,1549,NA,NA
"SINDH","SHAHEED BENAZIRABAD","SHAHEED BENAZIRABAD","KAZI AHMED","TALUKA","ALL AGES",402797,205053,197721,23,350034,178560,171468,6,52763,26493,26253,17,NA
"SINDH","SHAHEED BENAZIRABAD","SHAHEED BENAZIRABAD","KAZI AHMED","TALUKA","UNDER 1",9887,5059,4828,NA,8604,4435,4169,NA,1283,624,659,NA,NA
"SINDH","SHAHEED BENAZIRABAD","SHAHEED BENAZIRABAD","KAZI AHMED","TALUKA","UNDER 5",70612,35237,35375,NA,61942,30916,31026,NA,8670,4321,4349,NA,NA
"SINDH","SHAHEED BENAZIRABAD","SHAHEED BENAZIRABAD","KAZI AHMED","TALUKA","UNDER 10",133187,67165,66022,NA,117187,59194,57993,NA,16000,7971,8029,NA,NA
"SINDH","SHAHEED BENAZIRABAD","SHAHEED BENAZIRABAD","KAZI AHMED","TALUKA","UNDER 15",179547,90781,88764,2,157606,79904,77700,2,21941,10877,11064,NA,NA
"SINDH","SHAHEED BENAZIRABAD","SHAHEED BENAZIRABAD","KAZI AHMED","TALUKA","05 - 24",182749,93178,89563,8,159409,81648,77756,5,23340,11530,11807,3,NA
"SINDH","SHAHEED BENAZIRABAD","SHAHEED BENAZIRABAD","KAZI AHMED","TALUKA","15 - 49",181630,92384,89226,20,156320,79657,76659,4,25310,12727,12567,16,NA
"SINDH","SHAHEED BENAZIRABAD","SHAHEED BENAZIRABAD","KAZI AHMED","TALUKA","15 - 64",211015,108128,102866,21,181744,93266,88474,4,29271,14862,14392,17,NA
"SINDH","SHAHEED BENAZIRABAD","SHAHEED BENAZIRABAD","KAZI AHMED","TALUKA","18 - 60",181358,92676,88661,21,156119,79865,76250,4,25239,12811,12411,17,NA
"SINDH","SHAHEED BENAZIRABAD","SHAHEED BENAZIRABAD","KAZI AHMED","TALUKA","18 &  ABOVE",198757,101396,97340,21,171291,87499,83788,4,27466,13897,13552,17,NA
"SINDH","SHAHEED BENAZIRABAD","SHAHEED BENAZIRABAD","KAZI AHMED","TALUKA","60 &  ABOVE",18971,9616,9355,NA,16535,8413,8122,NA,2436,1203,1233,NA,NA
"SINDH","SHAHEED BENAZIRABAD","SHAHEED BENAZIRABAD","KAZI AHMED","TALUKA","65 &  ABOVE",12235,6144,6091,NA,10684,5390,5294,NA,1551,754,797,NA,NA
"SINDH","SHAHEED BENAZIRABAD","SHAHEED BENAZIRABAD","NAWABSHAH","TALUKA","ALL AGES",481825,244818,236985,22,118840,60503,58336,1,362985,184315,178649,21,NA
"SINDH","SHAHEED BENAZIRABAD","SHAHEED BENAZIRABAD","NAWABSHAH","TALUKA","UNDER 1",12666,6567,6099,NA,3345,1721,1624,NA,9321,4846,4475,NA,NA
"SINDH","SHAHEED BENAZIRABAD","SHAHEED BENAZIRABAD","NAWABSHAH","TALUKA","UNDER 5",86071,44512,41559,NA,21789,11120,10669,NA,64282,33392,30890,NA,NA
"SINDH","SHAHEED BENAZIRABAD","SHAHEED BENAZIRABAD","NAWABSHAH","TALUKA","UNDER 10",154840,79102,75738,NA,41219,20943,20276,NA,113621,58159,55462,NA,NA
"SINDH","SHAHEED BENAZIRABAD","SHAHEED BENAZIRABAD","NAWABSHAH","TALUKA","UNDER 15",209451,106959,102491,1,55030,28091,26938,1,154421,78868,75553,NA,NA
"SINDH","SHAHEED BENAZIRABAD","SHAHEED BENAZIRABAD","NAWABSHAH","TALUKA","05 - 24",211104,105815,105282,7,53905,27322,26582,1,157199,78493,78700,6,NA
"SINDH","SHAHEED BENAZIRABAD","SHAHEED BENAZIRABAD","NAWABSHAH","TALUKA","15 - 49",222778,111574,111189,15,51778,26167,25611,NA,171000,85407,85578,15,NA
"SINDH","SHAHEED BENAZIRABAD","SHAHEED BENAZIRABAD","NAWABSHAH","TALUKA","15 - 64",259135,131096,128020,19,60483,30724,29759,NA,198652,100372,98261,19,NA
"SINDH","SHAHEED BENAZIRABAD","SHAHEED BENAZIRABAD","NAWABSHAH","TALUKA","18 - 60",224943,113517,111409,17,52209,26521,25688,NA,172734,86996,85721,17,NA
"SINDH","SHAHEED BENAZIRABAD","SHAHEED BENAZIRABAD","NAWABSHAH","TALUKA","18 &  ABOVE",244432,123631,120781,20,56993,28934,28059,NA,187439,94697,92722,20,NA
"SINDH","SHAHEED BENAZIRABAD","SHAHEED BENAZIRABAD","NAWABSHAH","TALUKA","60 &  ABOVE",21405,11158,10243,4,5275,2689,2586,NA,16130,8469,7657,4,NA
"SINDH","SHAHEED BENAZIRABAD","SHAHEED BENAZIRABAD","NAWABSHAH","TALUKA","65 &  ABOVE",13239,6763,6474,2,3327,1688,1639,NA,9912,5075,4835,2,NA
"SINDH","SHAHEED BENAZIRABAD","SHAHEED BENAZIRABAD","SAKRAND","TALUKA","ALL AGES",427477,216925,210546,6,355445,180297,175142,6,72032,36628,35404,NA,NA
"SINDH","SHAHEED BENAZIRABAD","SHAHEED BENAZIRABAD","SAKRAND","TALUKA","UNDER 1",8967,4631,4336,NA,7601,3932,3669,NA,1366,699,667,NA,NA
"SINDH","SHAHEED BENAZIRABAD","SHAHEED BENAZIRABAD","SAKRAND","TALUKA","UNDER 5",72598,36225,36373,NA,61439,30624,30815,NA,11159,5601,5558,NA,NA
"SINDH","SHAHEED BENAZIRABAD","SHAHEED BENAZIRABAD","SAKRAND","TALUKA","UNDER 10",138207,69416,68791,NA,117109,58850,58259,NA,21098,10566,10532,NA,NA
"SINDH","SHAHEED BENAZIRABAD","SHAHEED BENAZIRABAD","SAKRAND","TALUKA","UNDER 15",188988,95267,93721,NA,159698,80513,79185,NA,29290,14754,14536,NA,NA
"SINDH","SHAHEED BENAZIRABAD","SHAHEED BENAZIRABAD","SAKRAND","TALUKA","05 - 24",194808,99243,95564,1,162312,82688,79623,1,32496,16555,15941,NA,NA
"SINDH","SHAHEED BENAZIRABAD","SHAHEED BENAZIRABAD","SAKRAND","TALUKA","15 - 49",195871,99835,96030,6,160387,81702,78679,6,35484,18133,17351,NA,NA
"SINDH","SHAHEED BENAZIRABAD","SHAHEED BENAZIRABAD","SAKRAND","TALUKA","15 - 64",227070,116167,110897,6,186064,95104,90954,6,41006,21063,19943,NA,NA
"SINDH","SHAHEED BENAZIRABAD","SHAHEED BENAZIRABAD","SAKRAND","TALUKA","18 - 60",195117,99599,95513,5,159576,81320,78251,5,35541,18279,17262,NA,NA
"SINDH","SHAHEED BENAZIRABAD","SHAHEED BENAZIRABAD","SAKRAND","TALUKA","18 &  ABOVE",211722,107659,104058,5,173514,88094,85415,5,38208,19565,18643,NA,NA
"SINDH","SHAHEED BENAZIRABAD","SHAHEED BENAZIRABAD","SAKRAND","TALUKA","60 &  ABOVE",18297,8989,9308,NA,15398,7575,7823,NA,2899,1414,1485,NA,NA
"SINDH","SHAHEED BENAZIRABAD","SHAHEED BENAZIRABAD","SAKRAND","TALUKA","65 &  ABOVE",11419,5491,5928,NA,9683,4680,5003,NA,1736,811,925,NA,NA
"SINDH","LARKANA","SHIKARPUR","GARHI YASIN","TALUKA","ALL AGES",333289,166220,167059,10,296604,148184,148412,8,36685,18036,18647,2,NA
"SINDH","LARKANA","SHIKARPUR","GARHI YASIN","TALUKA","UNDER 1",5699,2722,2977,NA,5184,2486,2698,NA,515,236,279,NA,NA
"SINDH","LARKANA","SHIKARPUR","GARHI YASIN","TALUKA","UNDER 5",58237,28407,29830,NA,53600,26164,27436,NA,4637,2243,2394,NA,NA
"SINDH","LARKANA","SHIKARPUR","GARHI YASIN","TALUKA","UNDER 10",114092,56034,58058,NA,104646,51448,53198,NA,9446,4586,4860,NA,NA
"SINDH","LARKANA","SHIKARPUR","GARHI YASIN","TALUKA","UNDER 15",155448,76474,78973,1,141784,69887,71896,1,13664,6587,7077,NA,NA
"SINDH","LARKANA","SHIKARPUR","GARHI YASIN","TALUKA","05 - 24",159549,79238,80306,5,143190,71356,71829,5,16359,7882,8477,NA,NA
"SINDH","LARKANA","SHIKARPUR","GARHI YASIN","TALUKA","15 - 49",147139,74055,73076,8,128282,64746,63530,6,18857,9309,9546,2,NA
"SINDH","LARKANA","SHIKARPUR","GARHI YASIN","TALUKA","15 - 64",169229,85436,83784,9,147364,74544,72813,7,21865,10892,10971,2,NA
"SINDH","LARKANA","SHIKARPUR","GARHI YASIN","TALUKA","18 - 60",143581,72537,71039,5,124658,63040,61615,3,18923,9497,9424,2,NA
"SINDH","LARKANA","SHIKARPUR","GARHI YASIN","TALUKA","18 &  ABOVE",156085,78803,77276,6,135488,68478,67006,4,20597,10325,10270,2,NA
"SINDH","LARKANA","SHIKARPUR","GARHI YASIN","TALUKA","60 &  ABOVE",13984,7058,6925,1,12142,6138,6003,1,1842,920,922,NA,NA
"SINDH","LARKANA","SHIKARPUR","GARHI YASIN","TALUKA","65 &  ABOVE",8612,4310,4302,NA,7456,3753,3703,NA,1156,557,599,NA,NA
"SINDH","LARKANA","SHIKARPUR","KHANPUR","TALUKA","ALL AGES",331219,174013,157200,6,313167,165095,148067,5,18052,8918,9133,1,NA
"SINDH","LARKANA","SHIKARPUR","KHANPUR","TALUKA","UNDER 1",7510,4102,3408,NA,7117,3924,3193,NA,393,178,215,NA,NA
"SINDH","LARKANA","SHIKARPUR","KHANPUR","TALUKA","UNDER 5",65618,36254,29364,NA,62988,35004,27984,NA,2630,1250,1380,NA,NA
"SINDH","LARKANA","SHIKARPUR","KHANPUR","TALUKA","UNDER 10",133619,73528,60091,NA,128529,71112,57417,NA,5090,2416,2674,NA,NA
"SINDH","LARKANA","SHIKARPUR","KHANPUR","TALUKA","UNDER 15",187284,102799,84485,NA,180249,99440,80809,NA,7035,3359,3676,NA,NA
"SINDH","LARKANA","SHIKARPUR","KHANPUR","TALUKA","05 - 24",173710,94350,79357,3,165912,90632,75277,3,7798,3718,4080,NA,NA
"SINDH","LARKANA","SHIKARPUR","KHANPUR","TALUKA","15 - 49",121586,59709,61873,4,112529,55153,57372,4,9057,4556,4501,NA,NA
"SINDH","LARKANA","SHIKARPUR","KHANPUR","TALUKA","15 - 64",138404,68256,70142,6,127842,62924,64913,5,10562,5332,5229,1,NA
"SINDH","LARKANA","SHIKARPUR","KHANPUR","TALUKA","18 - 60",112564,54207,58354,3,103379,49540,53837,2,9185,4667,4517,1,NA
"SINDH","LARKANA","SHIKARPUR","KHANPUR","TALUKA","18 &  ABOVE",120877,58548,62325,4,110966,53506,57457,3,9911,5042,4868,1,NA
"SINDH","LARKANA","SHIKARPUR","KHANPUR","TALUKA","60 &  ABOVE",9233,4861,4371,1,8417,4438,3978,1,816,423,393,NA,NA
"SINDH","LARKANA","SHIKARPUR","KHANPUR","TALUKA","65 &  ABOVE",5531,2958,2573,NA,5076,2731,2345,NA,455,227,228,NA,NA
"SINDH","LARKANA","SHIKARPUR","LAKHI","TALUKA","ALL AGES",300490,148583,151892,15,241427,120217,121199,11,59063,28366,30693,4,NA
"SINDH","LARKANA","SHIKARPUR","LAKHI","TALUKA","UNDER 1",7794,3671,4123,NA,6080,2917,3163,NA,1714,754,960,NA,NA
"SINDH","LARKANA","SHIKARPUR","LAKHI","TALUKA","UNDER 5",66855,31952,34903,NA,54784,26475,28309,NA,12071,5477,6594,NA,NA
"SINDH","LARKANA","SHIKARPUR","LAKHI","TALUKA","UNDER 10",117763,56753,61010,NA,96122,46843,49279,NA,21641,9910,11731,NA,NA
"SINDH","LARKANA","SHIKARPUR","LAKHI","TALUKA","UNDER 15",157424,76298,81123,3,127778,62575,65200,3,29646,13723,15923,NA,NA
"SINDH","LARKANA","SHIKARPUR","LAKHI","TALUKA","05 - 24",142323,70358,71952,13,114051,56889,57152,10,28272,13469,14800,3,NA
"SINDH","LARKANA","SHIKARPUR","LAKHI","TALUKA","15 - 49",120288,60247,60029,12,95512,47999,47505,8,24776,12248,12524,4,NA
"SINDH","LARKANA","SHIKARPUR","LAKHI","TALUKA","15 - 64",137273,69244,68017,12,109031,55179,53844,8,28242,14065,14173,4,NA
"SINDH","LARKANA","SHIKARPUR","LAKHI","TALUKA","18 - 60",113578,57196,56373,9,90483,45661,44816,6,23095,11535,11557,3,NA
"SINDH","LARKANA","SHIKARPUR","LAKHI","TALUKA","18 &  ABOVE",122323,61798,60516,9,97463,49396,48061,6,24860,12402,12455,3,NA
"SINDH","LARKANA","SHIKARPUR","LAKHI","TALUKA","60 &  ABOVE",9755,5139,4616,NA,7807,4182,3625,NA,1948,957,991,NA,NA
"SINDH","LARKANA","SHIKARPUR","LAKHI","TALUKA","65 &  ABOVE",5793,3041,2752,NA,4618,2463,2155,NA,1175,578,597,NA,NA
"SINDH","LARKANA","SHIKARPUR","SHIKARPUR","TALUKA","ALL AGES",421332,211882,209436,14,216394,109831,106560,3,204938,102051,102876,11,NA
"SINDH","LARKANA","SHIKARPUR","SHIKARPUR","TALUKA","UNDER 1",9949,4987,4962,NA,5266,2690,2576,NA,4683,2297,2386,NA,NA
"SINDH","LARKANA","SHIKARPUR","SHIKARPUR","TALUKA","UNDER 5",83501,42078,41423,NA,47194,24046,23148,NA,36307,18032,18275,NA,NA
"SINDH","LARKANA","SHIKARPUR","SHIKARPUR","TALUKA","UNDER 10",148715,74205,74510,NA,84560,42645,41915,NA,64155,31560,32595,NA,NA
"SINDH","LARKANA","SHIKARPUR","SHIKARPUR","TALUKA","UNDER 15",198784,99143,99641,NA,111952,56504,55448,NA,86832,42639,44193,NA,NA
"SINDH","LARKANA","SHIKARPUR","SHIKARPUR","TALUKA","05 - 24",189156,94002,95150,4,101006,51014,49991,1,88150,42988,45159,3,NA
"SINDH","LARKANA","SHIKARPUR","SHIKARPUR","TALUKA","15 - 49",182656,92127,90515,14,86348,44078,42267,3,96308,48049,48248,11,NA
"SINDH","LARKANA","SHIKARPUR","SHIKARPUR","TALUKA","15 - 64",211895,107364,104517,14,99527,50791,48733,3,112368,56573,55784,11,NA
"SINDH","LARKANA","SHIKARPUR","SHIKARPUR","TALUKA","18 - 60",180286,91269,89006,11,83879,42604,41273,2,96407,48665,47733,9,NA
"SINDH","LARKANA","SHIKARPUR","SHIKARPUR","TALUKA","18 &  ABOVE",196265,99348,96906,11,91209,46345,44862,2,105056,53003,52044,9,NA
"SINDH","LARKANA","SHIKARPUR","SHIKARPUR","TALUKA","60 &  ABOVE",17602,8941,8661,NA,8069,4150,3919,NA,9533,4791,4742,NA,NA
"SINDH","LARKANA","SHIKARPUR","SHIKARPUR","TALUKA","65 &  ABOVE",10653,5375,5278,NA,4915,2536,2379,NA,5738,2839,2899,NA,NA
"SINDH","HYDERABAD","SUJAWAL","JATI","TALUKA","ALL AGES",214710,114508,100199,3,204262,109261,94999,2,10448,5247,5200,1,NA
"SINDH","HYDERABAD","SUJAWAL","JATI","TALUKA","UNDER 1",3634,1809,1825,NA,3488,1729,1759,NA,146,80,66,NA,NA
"SINDH","HYDERABAD","SUJAWAL","JATI","TALUKA","UNDER 5",36270,19019,17251,NA,34959,18380,16579,NA,1311,639,672,NA,NA
"SINDH","HYDERABAD","SUJAWAL","JATI","TALUKA","UNDER 10",73295,39446,33849,NA,70498,38071,32427,NA,2797,1375,1422,NA,NA
"SINDH","HYDERABAD","SUJAWAL","JATI","TALUKA","UNDER 15",100495,54466,46028,1,96315,52400,43914,1,4180,2066,2114,NA,NA
"SINDH","HYDERABAD","SUJAWAL","JATI","TALUKA","05 - 24",98172,53402,44768,2,93424,51056,42366,2,4748,2346,2402,NA,NA
"SINDH","HYDERABAD","SUJAWAL","JATI","TALUKA","15 - 49",91650,47658,43991,1,86578,45085,41492,1,5072,2573,2499,NA,NA
"SINDH","HYDERABAD","SUJAWAL","JATI","TALUKA","15 - 64",107622,56436,51185,1,101683,53418,48264,1,5939,3018,2921,NA,NA
"SINDH","HYDERABAD","SUJAWAL","JATI","TALUKA","18 - 60",93231,48491,44739,1,88121,45848,42272,1,5110,2643,2467,NA,NA
"SINDH","HYDERABAD","SUJAWAL","JATI","TALUKA","18 &  ABOVE",102412,53433,48977,2,96825,50562,46262,1,5587,2871,2715,1,NA
"SINDH","HYDERABAD","SUJAWAL","JATI","TALUKA","60 &  ABOVE",10209,5544,4664,1,9674,5284,4390,NA,535,260,274,1,NA
"SINDH","HYDERABAD","SUJAWAL","JATI","TALUKA","65 &  ABOVE",6593,3606,2986,1,6264,3443,2821,NA,329,163,165,1,NA
"SINDH","HYDERABAD","SUJAWAL","KHARO CHAN","TALUKA","ALL AGES",11403,6132,5267,4,11403,6132,5267,4,NA,NA,NA,NA,NA
"SINDH","HYDERABAD","SUJAWAL","KHARO CHAN","TALUKA","UNDER 1",224,118,106,NA,224,118,106,NA,NA,NA,NA,NA,NA
"SINDH","HYDERABAD","SUJAWAL","KHARO CHAN","TALUKA","UNDER 5",2037,1053,984,NA,2037,1053,984,NA,NA,NA,NA,NA,NA
"SINDH","HYDERABAD","SUJAWAL","KHARO CHAN","TALUKA","UNDER 10",4082,2178,1904,NA,4082,2178,1904,NA,NA,NA,NA,NA,NA
"SINDH","HYDERABAD","SUJAWAL","KHARO CHAN","TALUKA","UNDER 15",5561,3016,2545,NA,5561,3016,2545,NA,NA,NA,NA,NA,NA
"SINDH","HYDERABAD","SUJAWAL","KHARO CHAN","TALUKA","05 - 24",5461,2989,2471,1,5461,2989,2471,1,NA,NA,NA,NA,NA
"SINDH","HYDERABAD","SUJAWAL","KHARO CHAN","TALUKA","15 - 49",4818,2525,2289,4,4818,2525,2289,4,NA,NA,NA,NA,NA
"SINDH","HYDERABAD","SUJAWAL","KHARO CHAN","TALUKA","15 - 64",5579,2965,2610,4,5579,2965,2610,4,NA,NA,NA,NA,NA
"SINDH","HYDERABAD","SUJAWAL","KHARO CHAN","TALUKA","18 - 60",4833,2542,2287,4,4833,2542,2287,4,NA,NA,NA,NA,NA
"SINDH","HYDERABAD","SUJAWAL","KHARO CHAN","TALUKA","18 &  ABOVE",5206,2751,2451,4,5206,2751,2451,4,NA,NA,NA,NA,NA
"SINDH","HYDERABAD","SUJAWAL","KHARO CHAN","TALUKA","60 &  ABOVE",426,238,188,NA,426,238,188,NA,NA,NA,NA,NA,NA
"SINDH","HYDERABAD","SUJAWAL","KHARO CHAN","TALUKA","65 &  ABOVE",263,151,112,NA,263,151,112,NA,NA,NA,NA,NA,NA
"SINDH","HYDERABAD","SUJAWAL","MIRPUR BATHORO","TALUKA","ALL AGES",231735,118249,113476,10,210426,107657,102768,1,21309,10592,10708,9,NA
"SINDH","HYDERABAD","SUJAWAL","MIRPUR BATHORO","TALUKA","UNDER 1",4751,2270,2481,NA,4304,2066,2238,NA,447,204,243,NA,NA
"SINDH","HYDERABAD","SUJAWAL","MIRPUR BATHORO","TALUKA","UNDER 5",41372,19664,21708,NA,37977,18080,19897,NA,3395,1584,1811,NA,NA
"SINDH","HYDERABAD","SUJAWAL","MIRPUR BATHORO","TALUKA","UNDER 10",79912,39504,40408,NA,73715,36541,37174,NA,6197,2963,3234,NA,NA
"SINDH","HYDERABAD","SUJAWAL","MIRPUR BATHORO","TALUKA","UNDER 15",107252,54070,53182,NA,98919,50044,48875,NA,8333,4026,4307,NA,NA
"SINDH","HYDERABAD","SUJAWAL","MIRPUR BATHORO","TALUKA","05 - 24",105283,54433,50848,2,96762,50246,46516,NA,8521,4187,4332,2,NA
"SINDH","HYDERABAD","SUJAWAL","MIRPUR BATHORO","TALUKA","15 - 49",100694,51504,49186,4,90327,46279,44047,1,10367,5225,5139,3,NA
"SINDH","HYDERABAD","SUJAWAL","MIRPUR BATHORO","TALUKA","15 - 64",117882,60774,57100,8,105613,54538,51074,1,12269,6236,6026,7,NA
"SINDH","HYDERABAD","SUJAWAL","MIRPUR BATHORO","TALUKA","18 - 60",101196,51993,49195,8,90497,46560,43936,1,10699,5433,5259,7,NA
"SINDH","HYDERABAD","SUJAWAL","MIRPUR BATHORO","TALUKA","18 &  ABOVE",110583,56820,53753,10,98816,50862,47953,1,11767,5958,5800,9,NA
"SINDH","HYDERABAD","SUJAWAL","MIRPUR BATHORO","TALUKA","60 &  ABOVE",10488,5460,5023,5,9303,4873,4430,NA,1185,587,593,5,NA
"SINDH","HYDERABAD","SUJAWAL","MIRPUR BATHORO","TALUKA","65 &  ABOVE",6601,3405,3194,2,5894,3075,2819,NA,707,330,375,2,NA
"SINDH","HYDERABAD","SUJAWAL","SHAH BUNDER","TALUKA","ALL AGES",168911,88997,79908,6,150557,79249,71303,5,18354,9748,8605,1,NA
"SINDH","HYDERABAD","SUJAWAL","SHAH BUNDER","TALUKA","UNDER 1",3174,1567,1607,NA,2868,1409,1459,NA,306,158,148,NA,NA
"SINDH","HYDERABAD","SUJAWAL","SHAH BUNDER","TALUKA","UNDER 5",31042,16032,15010,NA,28094,14448,13646,NA,2948,1584,1364,NA,NA
"SINDH","HYDERABAD","SUJAWAL","SHAH BUNDER","TALUKA","UNDER 10",60061,31452,28609,NA,54641,28582,26059,NA,5420,2870,2550,NA,NA
"SINDH","HYDERABAD","SUJAWAL","SHAH BUNDER","TALUKA","UNDER 15",78999,41788,37209,2,71781,37940,33839,2,7218,3848,3370,NA,NA
"SINDH","HYDERABAD","SUJAWAL","SHAH BUNDER","TALUKA","05 - 24",74700,39984,34714,2,67211,35997,31212,2,7489,3987,3502,NA,NA
"SINDH","HYDERABAD","SUJAWAL","SHAH BUNDER","TALUKA","15 - 49",72768,37898,34869,1,63778,33186,30591,1,8990,4712,4278,NA,NA
"SINDH","HYDERABAD","SUJAWAL","SHAH BUNDER","TALUKA","15 - 64",84624,44414,40206,4,74118,38857,35258,3,10506,5557,4948,1,NA
"SINDH","HYDERABAD","SUJAWAL","SHAH BUNDER","TALUKA","18 - 60",74195,38678,35513,4,64902,33810,31089,3,9293,4868,4424,1,NA
"SINDH","HYDERABAD","SUJAWAL","SHAH BUNDER","TALUKA","18 &  ABOVE",81354,42449,38901,4,71174,37096,34075,3,10180,5353,4826,1,NA
"SINDH","HYDERABAD","SUJAWAL","SHAH BUNDER","TALUKA","60 &  ABOVE",7901,4188,3713,NA,6937,3663,3274,NA,964,525,439,NA,NA
"SINDH","HYDERABAD","SUJAWAL","SHAH BUNDER","TALUKA","65 &  ABOVE",5288,2795,2493,NA,4658,2452,2206,NA,630,343,287,NA,NA
"SINDH","HYDERABAD","SUJAWAL","SUJAWAL","TALUKA","ALL AGES",212533,109265,103259,9,173797,89483,84310,4,38736,19782,18949,5,NA
"SINDH","HYDERABAD","SUJAWAL","SUJAWAL","TALUKA","UNDER 1",3969,1937,2032,NA,3130,1556,1574,NA,839,381,458,NA,NA
"SINDH","HYDERABAD","SUJAWAL","SUJAWAL","TALUKA","UNDER 5",34761,17071,17690,NA,29594,14566,15028,NA,5167,2505,2662,NA,NA
"SINDH","HYDERABAD","SUJAWAL","SUJAWAL","TALUKA","UNDER 10",70177,35421,34756,NA,59536,30168,29368,NA,10641,5253,5388,NA,NA
"SINDH","HYDERABAD","SUJAWAL","SUJAWAL","TALUKA","UNDER 15",96671,49491,47180,NA,81428,41916,39512,NA,15243,7575,7668,NA,NA
"SINDH","HYDERABAD","SUJAWAL","SUJAWAL","TALUKA","05 - 24",98260,51044,47214,2,80981,42286,38694,1,17279,8758,8520,1,NA
"SINDH","HYDERABAD","SUJAWAL","SUJAWAL","TALUKA","15 - 49",93765,48048,45710,7,74697,38201,36493,3,19068,9847,9217,4,NA
"SINDH","HYDERABAD","SUJAWAL","SUJAWAL","TALUKA","15 - 64",109467,56521,52937,9,87154,44900,42250,4,22313,11621,10687,5,NA
"SINDH","HYDERABAD","SUJAWAL","SUJAWAL","TALUKA","18 - 60",94147,48427,45712,8,74792,38344,36445,3,19355,10083,9267,5,NA
"SINDH","HYDERABAD","SUJAWAL","SUJAWAL","TALUKA","18 &  ABOVE",103207,53043,50156,8,82118,42090,40025,3,21089,10953,10131,5,NA
"SINDH","HYDERABAD","SUJAWAL","SUJAWAL","TALUKA","60 &  ABOVE",10001,5112,4889,NA,8077,4142,3935,NA,1924,970,954,NA,NA
"SINDH","HYDERABAD","SUJAWAL","SUJAWAL","TALUKA","65 &  ABOVE",6395,3253,3142,NA,5215,2667,2548,NA,1180,586,594,NA,NA
"SINDH","SUKKUR","SUKKUR","NEW SUKKUR","TALUKA","ALL AGES",356163,188868,167266,29,53951,28824,25125,2,302212,160044,142141,27,NA
"SINDH","SUKKUR","SUKKUR","NEW SUKKUR","TALUKA","UNDER 1",12712,6688,6024,NA,1916,1013,903,NA,10796,5675,5121,NA,NA
"SINDH","SUKKUR","SUKKUR","NEW SUKKUR","TALUKA","UNDER 5",72137,38911,33226,NA,11868,6453,5415,NA,60269,32458,27811,NA,NA
"SINDH","SUKKUR","SUKKUR","NEW SUKKUR","TALUKA","UNDER 10",125421,67240,58181,NA,21123,11516,9607,NA,104298,55724,48574,NA,NA
"SINDH","SUKKUR","SUKKUR","NEW SUKKUR","TALUKA","UNDER 15",166376,89171,77204,1,27325,14912,12413,NA,139051,74259,64791,1,NA
"SINDH","SUKKUR","SUKKUR","NEW SUKKUR","TALUKA","05 - 24",159314,84530,74769,15,24610,13217,11392,1,134704,71313,63377,14,NA
"SINDH","SUKKUR","SUKKUR","NEW SUKKUR","TALUKA","15 - 49",158544,82958,75562,24,22277,11624,10652,1,136267,71334,64910,23,NA
"SINDH","SUKKUR","SUKKUR","NEW SUKKUR","TALUKA","15 - 64",181772,95541,86204,27,25463,13325,12136,2,156309,82216,74068,25,NA
"SINDH","SUKKUR","SUKKUR","NEW SUKKUR","TALUKA","18 - 60",155296,81068,74205,23,21718,11251,10466,1,133578,69817,63739,22,NA
"SINDH","SUKKUR","SUKKUR","NEW SUKKUR","TALUKA","18 &  ABOVE",167483,87531,79928,24,23448,12144,11303,1,144035,75387,68625,23,NA
"SINDH","SUKKUR","SUKKUR","NEW SUKKUR","TALUKA","60 &  ABOVE",13564,7169,6393,2,1907,991,916,NA,11657,6178,5477,2,NA
"SINDH","SUKKUR","SUKKUR","NEW SUKKUR","TALUKA","65 &  ABOVE",8015,4156,3858,1,1163,587,576,NA,6852,3569,3282,1,NA
"SINDH","SUKKUR","SUKKUR","PANO AQIL","TALUKA","ALL AGES",443126,231312,211807,7,354049,184789,169258,2,89077,46523,42549,5,NA
"SINDH","SUKKUR","SUKKUR","PANO AQIL","TALUKA","UNDER 1",7896,4042,3854,NA,6335,3224,3111,NA,1561,818,743,NA,NA
"SINDH","SUKKUR","SUKKUR","PANO AQIL","TALUKA","UNDER 5",70623,35974,34649,NA,57888,29393,28495,NA,12735,6581,6154,NA,NA
"SINDH","SUKKUR","SUKKUR","PANO AQIL","TALUKA","UNDER 10",141103,73070,68033,NA,116134,60171,55963,NA,24969,12899,12070,NA,NA
"SINDH","SUKKUR","SUKKUR","PANO AQIL","TALUKA","UNDER 15",196332,102541,93791,NA,160934,84111,76823,NA,35398,18430,16968,NA,NA
"SINDH","SUKKUR","SUKKUR","PANO AQIL","TALUKA","05 - 24",210805,111239,99562,4,170862,90380,80480,2,39943,20859,19082,2,NA
"SINDH","SUKKUR","SUKKUR","PANO AQIL","TALUKA","15 - 49",206467,107008,99454,5,160831,83358,77471,2,45636,23650,21983,3,NA
"SINDH","SUKKUR","SUKKUR","PANO AQIL","TALUKA","15 - 64",235729,122860,112862,7,184038,95822,88214,2,51691,27038,24648,5,NA
"SINDH","SUKKUR","SUKKUR","PANO AQIL","TALUKA","18 - 60",202131,104468,97657,6,157269,81152,76116,1,44862,23316,21541,5,NA
"SINDH","SUKKUR","SUKKUR","PANO AQIL","TALUKA","18 &  ABOVE",218160,113115,105039,6,170338,88192,82145,1,47822,24923,22894,5,NA
"SINDH","SUKKUR","SUKKUR","PANO AQIL","TALUKA","60 &  ABOVE",17763,9578,8185,NA,14454,7784,6670,NA,3309,1794,1515,NA,NA
"SINDH","SUKKUR","SUKKUR","PANO AQIL","TALUKA","65 &  ABOVE",11065,5911,5154,NA,9077,4856,4221,NA,1988,1055,933,NA,NA
"SINDH","SUKKUR","SUKKUR","ROHRI","TALUKA","ALL AGES",421500,228914,192567,19,307900,166973,140917,10,113600,61941,51650,9,NA
"SINDH","SUKKUR","SUKKUR","ROHRI","TALUKA","UNDER 1",9328,5042,4286,NA,7249,3932,3317,NA,2079,1110,969,NA,NA
"SINDH","SUKKUR","SUKKUR","ROHRI","TALUKA","UNDER 5",84421,46436,37985,NA,64730,35485,29245,NA,19691,10951,8740,NA,NA
"SINDH","SUKKUR","SUKKUR","ROHRI","TALUKA","UNDER 10",156324,86276,70048,NA,119286,65657,53629,NA,37038,20619,16419,NA,NA
"SINDH","SUKKUR","SUKKUR","ROHRI","TALUKA","UNDER 15",209972,116583,93388,1,158593,87869,70723,1,51379,28714,22665,NA,NA
"SINDH","SUKKUR","SUKKUR","ROHRI","TALUKA","05 - 24",200100,110848,89244,8,146948,81189,65752,7,53152,29659,23492,1,NA
"SINDH","SUKKUR","SUKKUR","ROHRI","TALUKA","15 - 49",176438,93511,82910,17,125108,66058,59042,8,51330,27453,23868,9,NA
"SINDH","SUKKUR","SUKKUR","ROHRI","TALUKA","15 - 64",202167,107384,94765,18,142726,75583,67134,9,59441,31801,27631,9,NA
"SINDH","SUKKUR","SUKKUR","ROHRI","TALUKA","18 - 60",171144,89644,81485,15,121153,63223,57924,6,49991,26421,23561,9,NA
"SINDH","SUKKUR","SUKKUR","ROHRI","TALUKA","18 &  ABOVE",184884,96937,87932,15,130677,68309,62362,6,54207,28628,25570,9,NA
"SINDH","SUKKUR","SUKKUR","ROHRI","TALUKA","60 &  ABOVE",15242,8130,7112,NA,10560,5657,4903,NA,4682,2473,2209,NA,NA
"SINDH","SUKKUR","SUKKUR","ROHRI","TALUKA","65 &  ABOVE",9361,4947,4414,NA,6581,3521,3060,NA,2780,1426,1354,NA,NA
"SINDH","SUKKUR","SUKKUR","SALEHPAT","TALUKA","ALL AGES",137738,73149,64584,5,108670,57801,50866,3,29068,15348,13718,2,NA
"SINDH","SUKKUR","SUKKUR","SALEHPAT","TALUKA","UNDER 1",3242,1701,1541,NA,2559,1328,1231,NA,683,373,310,NA,NA
"SINDH","SUKKUR","SUKKUR","SALEHPAT","TALUKA","UNDER 5",26547,14069,12478,NA,21162,11181,9981,NA,5385,2888,2497,NA,NA
"SINDH","SUKKUR","SUKKUR","SALEHPAT","TALUKA","UNDER 10",50657,27116,23541,NA,40440,21558,18882,NA,10217,5558,4659,NA,NA
"SINDH","SUKKUR","SUKKUR","SALEHPAT","TALUKA","UNDER 15",68095,36633,31461,1,54192,29103,25088,1,13903,7530,6373,NA,NA
"SINDH","SUKKUR","SUKKUR","SALEHPAT","TALUKA","05 - 24",65444,35448,29995,1,51516,28006,23509,1,13928,7442,6486,NA,NA
"SINDH","SUKKUR","SUKKUR","SALEHPAT","TALUKA","15 - 49",57593,30043,27547,3,44835,23509,21325,1,12758,6534,6222,2,NA
"SINDH","SUKKUR","SUKKUR","SALEHPAT","TALUKA","15 - 64",65893,34479,31410,4,51379,27015,24362,2,14514,7464,7048,2,NA
"SINDH","SUKKUR","SUKKUR","SALEHPAT","TALUKA","18 - 60",56772,29256,27512,4,44397,22978,21417,2,12375,6278,6095,2,NA
"SINDH","SUKKUR","SUKKUR","SALEHPAT","TALUKA","18 &  ABOVE",61939,32029,29906,4,48604,25236,23366,2,13335,6793,6540,2,NA
"SINDH","SUKKUR","SUKKUR","SALEHPAT","TALUKA","60 &  ABOVE",5662,3046,2616,NA,4605,2474,2131,NA,1057,572,485,NA,NA
"SINDH","SUKKUR","SUKKUR","SALEHPAT","TALUKA","65 &  ABOVE",3750,2037,1713,NA,3099,1683,1416,NA,651,354,297,NA,NA
"SINDH","SUKKUR","SUKKUR","SUKKUR CITY","TALUKA","ALL AGES",266940,140926,126000,14,NA,NA,NA,NA,266940,140926,126000,14,NA
"SINDH","SUKKUR","SUKKUR","SUKKUR CITY","TALUKA","UNDER 1",4429,2306,2123,NA,NA,NA,NA,NA,4429,2306,2123,NA,NA
"SINDH","SUKKUR","SUKKUR","SUKKUR CITY","TALUKA","UNDER 5",34310,18202,16108,NA,NA,NA,NA,NA,34310,18202,16108,NA,NA
"SINDH","SUKKUR","SUKKUR","SUKKUR CITY","TALUKA","UNDER 10",65846,34973,30873,NA,NA,NA,NA,NA,65846,34973,30873,NA,NA
"SINDH","SUKKUR","SUKKUR","SUKKUR CITY","TALUKA","UNDER 15",95763,50955,44807,1,NA,NA,NA,NA,95763,50955,44807,1,NA
"SINDH","SUKKUR","SUKKUR","SUKKUR CITY","TALUKA","05 - 24",112672,60070,52599,3,NA,NA,NA,NA,112672,60070,52599,3,NA
"SINDH","SUKKUR","SUKKUR","SUKKUR CITY","TALUKA","15 - 49",137713,71965,65736,12,NA,NA,NA,NA,137713,71965,65736,12,NA
"SINDH","SUKKUR","SUKKUR","SUKKUR CITY","TALUKA","15 - 64",162260,85291,76957,12,NA,NA,NA,NA,162260,85291,76957,12,NA
"SINDH","SUKKUR","SUKKUR","SUKKUR CITY","TALUKA","18 - 60",140722,73569,67143,10,NA,NA,NA,NA,140722,73569,67143,10,NA
"SINDH","SUKKUR","SUKKUR","SUKKUR CITY","TALUKA","18 &  ABOVE",153939,80595,73333,11,NA,NA,NA,NA,153939,80595,73333,11,NA
"SINDH","SUKKUR","SUKKUR","SUKKUR CITY","TALUKA","60 &  ABOVE",14698,7865,6832,1,NA,NA,NA,NA,14698,7865,6832,1,NA
"SINDH","SUKKUR","SUKKUR","SUKKUR CITY","TALUKA","65 &  ABOVE",8917,4680,4236,1,NA,NA,NA,NA,8917,4680,4236,1,NA
NA,NA,"TANDO ALLAHYAR","CHAMBER","TALUKA","ALL AGES",233424,118248,115174,2,195718,99349,96369,NA,37706,18899,18805,2,NA
NA,NA,"TANDO ALLAHYAR","CHAMBER","TALUKA","UNDER 1",4958,2485,2473,NA,4395,2224,2171,NA,563,261,302,NA,NA
NA,NA,"TANDO ALLAHYAR","CHAMBER","TALUKA","UNDER 5",41019,20504,20515,NA,35492,17799,17693,NA,5527,2705,2822,NA,NA
NA,NA,"TANDO ALLAHYAR","CHAMBER","TALUKA","UNDER 10",79073,39873,39200,NA,67520,34178,33342,NA,11553,5695,5858,NA,NA
NA,NA,"TANDO ALLAHYAR","CHAMBER","TALUKA","UNDER 15",107079,54188,52891,NA,90976,46222,44754,NA,16103,7966,8137,NA,NA
NA,NA,"TANDO ALLAHYAR","CHAMBER","TALUKA","05 - 24",107282,54397,52885,NA,89694,45645,44049,NA,17588,8752,8836,NA,NA
NA,NA,"TANDO ALLAHYAR","CHAMBER","TALUKA","15 - 49",105336,53269,52065,2,87492,44295,43197,NA,17844,8974,8868,2,NA
NA,NA,"TANDO ALLAHYAR","CHAMBER","TALUKA","15 - 64",120430,61206,59222,2,99901,50793,49108,NA,20529,10413,10114,2,NA
NA,NA,"TANDO ALLAHYAR","CHAMBER","TALUKA","18 - 60",104648,53022,51624,2,86774,43981,42793,NA,17874,9041,8831,2,NA
NA,NA,"TANDO ALLAHYAR","CHAMBER","TALUKA","18 &  ABOVE",112934,56999,55933,2,93584,47241,46343,NA,19350,9758,9590,2,NA
NA,NA,"TANDO ALLAHYAR","CHAMBER","TALUKA","60 &  ABOVE",9100,4440,4660,NA,7473,3639,3834,NA,1627,801,826,NA,NA
NA,NA,"TANDO ALLAHYAR","CHAMBER","TALUKA","65 &  ABOVE",5915,2854,3061,NA,4841,2334,2507,NA,1074,520,554,NA,NA
NA,NA,"TANDO ALLAHYAR","JHANDO MARI","TALUKA","ALL AGES",266665,136271,130392,2,245238,125333,119903,2,21427,10938,10489,NA,NA
NA,NA,"TANDO ALLAHYAR","JHANDO MARI","TALUKA","UNDER 1",7548,3765,3783,NA,7070,3525,3545,NA,478,240,238,NA,NA
NA,NA,"TANDO ALLAHYAR","JHANDO MARI","TALUKA","UNDER 5",50950,26272,24678,NA,47039,24245,22794,NA,3911,2027,1884,NA,NA
NA,NA,"TANDO ALLAHYAR","JHANDO MARI","TALUKA","UNDER 10",92641,47586,45055,NA,85336,43812,41524,NA,7305,3774,3531,NA,NA
NA,NA,"TANDO ALLAHYAR","JHANDO MARI","TALUKA","UNDER 15",123941,63704,60236,1,114144,58651,55492,1,9797,5053,4744,NA,NA
NA,NA,"TANDO ALLAHYAR","JHANDO MARI","TALUKA","05 - 24",118834,60745,58087,2,109408,55932,53474,2,9426,4813,4613,NA,NA
NA,NA,"TANDO ALLAHYAR","JHANDO MARI","TALUKA","15 - 49",118477,59967,58509,1,108835,55103,53731,1,9642,4864,4778,NA,NA
NA,NA,"TANDO ALLAHYAR","JHANDO MARI","TALUKA","15 - 64",136059,69237,66821,1,124975,63624,61350,1,11084,5613,5471,NA,NA
NA,NA,"TANDO ALLAHYAR","JHANDO MARI","TALUKA","18 - 60",118189,60074,58114,1,108580,55207,53372,1,9609,4867,4742,NA,NA
NA,NA,"TANDO ALLAHYAR","JHANDO MARI","TALUKA","18 &  ABOVE",127743,64769,62973,1,117341,59527,57813,1,10402,5242,5160,NA,NA
NA,NA,"TANDO ALLAHYAR","JHANDO MARI","TALUKA","60 &  ABOVE",10438,5197,5241,NA,9582,4787,4795,NA,856,410,446,NA,NA
NA,NA,"TANDO ALLAHYAR","JHANDO MARI","TALUKA","65 &  ABOVE",6665,3330,3335,NA,6119,3058,3061,NA,546,272,274,NA,NA
NA,NA,"TANDO ALLAHYAR","TANDO ALLAHYAR","TALUKA","ALL AGES",421923,213985,207921,17,195369,99515,95852,2,226554,114470,112069,15,NA
NA,NA,"TANDO ALLAHYAR","TANDO ALLAHYAR","TALUKA","UNDER 1",9134,4548,4586,NA,4585,2360,2225,NA,4549,2188,2361,NA,NA
NA,NA,"TANDO ALLAHYAR","TANDO ALLAHYAR","TALUKA","UNDER 5",67749,33995,33754,NA,35374,18018,17356,NA,32375,15977,16398,NA,NA
NA,NA,"TANDO ALLAHYAR","TANDO ALLAHYAR","TALUKA","UNDER 10",128502,64417,64085,NA,66434,33722,32712,NA,62068,30695,31373,NA,NA
NA,NA,"TANDO ALLAHYAR","TANDO ALLAHYAR","TALUKA","UNDER 15",178211,89335,88874,2,89979,45666,44311,2,88232,43669,44563,NA,NA
NA,NA,"TANDO ALLAHYAR","TANDO ALLAHYAR","TALUKA","05 - 24",187332,94286,93041,5,89031,45300,43729,2,98301,48986,49312,3,NA
NA,NA,"TANDO ALLAHYAR","TANDO ALLAHYAR","TALUKA","15 - 49",202082,102710,99363,9,88134,44828,43306,NA,113948,57882,56057,9,NA
NA,NA,"TANDO ALLAHYAR","TANDO ALLAHYAR","TALUKA","15 - 64",233293,119441,113837,15,100819,51557,49262,NA,132474,67884,64575,15,NA
NA,NA,"TANDO ALLAHYAR","TANDO ALLAHYAR","TALUKA","18 - 60",202488,103600,98874,14,87026,44333,42693,NA,115462,59267,56181,14,NA
NA,NA,"TANDO ALLAHYAR","TANDO ALLAHYAR","TALUKA","18 &  ABOVE",217902,111361,106527,14,93636,47615,46021,NA,124266,63746,60506,14,NA
NA,NA,"TANDO ALLAHYAR","TANDO ALLAHYAR","TALUKA","60 &  ABOVE",16983,8665,8317,1,7254,3656,3598,NA,9729,5009,4719,1,NA
NA,NA,"TANDO ALLAHYAR","TANDO ALLAHYAR","TALUKA","65 &  ABOVE",10419,5209,5210,NA,4571,2292,2279,NA,5848,2917,2931,NA,NA
"SINDH","HYDERABAD","TANDO MUHAMMAD KHAN","BULRI SHAH KARIM","TALUKA","ALL AGES",247027,128242,118780,5,240568,124905,115659,4,6459,3337,3121,1,NA
"SINDH","HYDERABAD","TANDO MUHAMMAD KHAN","BULRI SHAH KARIM","TALUKA","UNDER 1",4361,2222,2139,NA,4219,2139,2080,NA,142,83,59,NA,NA
"SINDH","HYDERABAD","TANDO MUHAMMAD KHAN","BULRI SHAH KARIM","TALUKA","UNDER 5",37007,18868,18139,NA,36060,18376,17684,NA,947,492,455,NA,NA
"SINDH","HYDERABAD","TANDO MUHAMMAD KHAN","BULRI SHAH KARIM","TALUKA","UNDER 10",76600,39650,36950,NA,74701,38657,36044,NA,1899,993,906,NA,NA
"SINDH","HYDERABAD","TANDO MUHAMMAD KHAN","BULRI SHAH KARIM","TALUKA","UNDER 15",104821,54709,50112,NA,102196,53341,48855,NA,2625,1368,1257,NA,NA
"SINDH","HYDERABAD","TANDO MUHAMMAD KHAN","BULRI SHAH KARIM","TALUKA","05 - 24",112213,58651,53561,1,109352,57171,52180,1,2861,1480,1381,NA,NA
"SINDH","HYDERABAD","TANDO MUHAMMAD KHAN","BULRI SHAH KARIM","TALUKA","15 - 49",116400,60109,56289,2,113243,58485,54756,2,3157,1624,1533,NA,NA
"SINDH","HYDERABAD","TANDO MUHAMMAD KHAN","BULRI SHAH KARIM","TALUKA","15 - 64",134413,69626,64782,5,130766,67748,63014,4,3647,1878,1768,1,NA
"SINDH","HYDERABAD","TANDO MUHAMMAD KHAN","BULRI SHAH KARIM","TALUKA","18 - 60",117437,60599,56834,4,114238,58958,55277,3,3199,1641,1557,1,NA
"SINDH","HYDERABAD","TANDO MUHAMMAD KHAN","BULRI SHAH KARIM","TALUKA","18 &  ABOVE",128341,65898,62439,4,124881,64129,60749,3,3460,1769,1690,1,NA
"SINDH","HYDERABAD","TANDO MUHAMMAD KHAN","BULRI SHAH KARIM","TALUKA","60 &  ABOVE",11932,5874,6058,NA,11648,5735,5913,NA,284,139,145,NA,NA
"SINDH","HYDERABAD","TANDO MUHAMMAD KHAN","BULRI SHAH KARIM","TALUKA","65 &  ABOVE",7793,3907,3886,NA,7606,3816,3790,NA,187,91,96,NA,NA
"SINDH","HYDERABAD","TANDO MUHAMMAD KHAN","TANDO GHULAM HYDER","TALUKA","ALL AGES",206665,107095,99568,2,165388,85519,79868,1,41277,21576,19700,1,NA
"SINDH","HYDERABAD","TANDO MUHAMMAD KHAN","TANDO GHULAM HYDER","TALUKA","UNDER 1",4488,2266,2222,NA,3505,1766,1739,NA,983,500,483,NA,NA
"SINDH","HYDERABAD","TANDO MUHAMMAD KHAN","TANDO GHULAM HYDER","TALUKA","UNDER 5",33663,17194,16469,NA,27162,13792,13370,NA,6501,3402,3099,NA,NA
"SINDH","HYDERABAD","TANDO MUHAMMAD KHAN","TANDO GHULAM HYDER","TALUKA","UNDER 10",69276,35764,33512,NA,55788,28655,27133,NA,13488,7109,6379,NA,NA
"SINDH","HYDERABAD","TANDO MUHAMMAD KHAN","TANDO GHULAM HYDER","TALUKA","UNDER 15",93411,48890,44521,NA,75226,39237,35989,NA,18185,9653,8532,NA,NA
"SINDH","HYDERABAD","TANDO MUHAMMAD KHAN","TANDO GHULAM HYDER","TALUKA","05 - 24",96999,50770,46228,1,77595,40520,37074,1,19404,10250,9154,NA,NA
"SINDH","HYDERABAD","TANDO MUHAMMAD KHAN","TANDO GHULAM HYDER","TALUKA","15 - 49",93346,47938,45406,2,74328,38116,36211,1,19018,9822,9195,1,NA
"SINDH","HYDERABAD","TANDO MUHAMMAD KHAN","TANDO GHULAM HYDER","TALUKA","15 - 64",107387,55292,52093,2,85400,43917,41482,1,21987,11375,10611,1,NA
"SINDH","HYDERABAD","TANDO MUHAMMAD KHAN","TANDO GHULAM HYDER","TALUKA","18 - 60",93895,48057,45836,2,74788,38234,36553,1,19107,9823,9283,1,NA
"SINDH","HYDERABAD","TANDO MUHAMMAD KHAN","TANDO GHULAM HYDER","TALUKA","18 &  ABOVE",102290,52140,50148,2,81532,41502,40029,1,20758,10638,10119,1,NA
"SINDH","HYDERABAD","TANDO MUHAMMAD KHAN","TANDO GHULAM HYDER","TALUKA","60 &  ABOVE",9185,4538,4647,NA,7395,3638,3757,NA,1790,900,890,NA,NA
"SINDH","HYDERABAD","TANDO MUHAMMAD KHAN","TANDO GHULAM HYDER","TALUKA","65 &  ABOVE",5867,2913,2954,NA,4762,2365,2397,NA,1105,548,557,NA,NA
NA,NA,"TANDO MUHAMMAD KHAN","TANDO MUHAMMAD KHAN","TALUKA","ALL AGES",272231,141305,130912,14,157974,82082,75891,1,114257,59223,55021,13,NA
NA,NA,"TANDO MUHAMMAD KHAN","TANDO MUHAMMAD KHAN","TALUKA","UNDER 1",4735,2454,2281,NA,2716,1409,1307,NA,2019,1045,974,NA,NA
NA,NA,"TANDO MUHAMMAD KHAN","TANDO MUHAMMAD KHAN","TALUKA","UNDER 5",37434,19146,18288,NA,23194,11875,11319,NA,14240,7271,6969,NA,NA
NA,NA,"TANDO MUHAMMAD KHAN","TANDO MUHAMMAD KHAN","TALUKA","UNDER 10",77436,39965,37471,NA,48320,24979,23341,NA,29116,14986,14130,NA,NA
NA,NA,"TANDO MUHAMMAD KHAN","TANDO MUHAMMAD KHAN","TALUKA","UNDER 15",108027,56236,51790,1,66340,34643,31696,1,41687,21593,20094,NA,NA
NA,NA,"TANDO MUHAMMAD KHAN","TANDO MUHAMMAD KHAN","TALUKA","05 - 24",121911,63523,58385,3,72373,37948,34424,1,49538,25575,23961,2,NA
NA,NA,"TANDO MUHAMMAD KHAN","TANDO MUHAMMAD KHAN","TALUKA","15 - 49",134907,69688,65209,10,75916,39219,36697,NA,58991,30469,28512,10,NA
NA,NA,"TANDO MUHAMMAD KHAN","TANDO MUHAMMAD KHAN","TALUKA","15 - 64",156006,80927,75066,13,87106,45127,41979,NA,68900,35800,33087,13,NA
NA,NA,"TANDO MUHAMMAD KHAN","TANDO MUHAMMAD KHAN","TALUKA","18 - 60",136431,70612,65807,12,76255,39299,36956,NA,60176,31313,28851,12,NA
NA,NA,"TANDO MUHAMMAD KHAN","TANDO MUHAMMAD KHAN","TALUKA","18 &  ABOVE",148349,76546,71790,13,82680,42494,40186,NA,65669,34052,31604,13,NA
NA,NA,"TANDO MUHAMMAD KHAN","TANDO MUHAMMAD KHAN","TALUKA","60 &  ABOVE",13003,6561,6441,1,7043,3557,3486,NA,5960,3004,2955,1,NA
NA,NA,"TANDO MUHAMMAD KHAN","TANDO MUHAMMAD KHAN","TALUKA","65 &  ABOVE",8198,4142,4056,NA,4528,2312,2216,NA,3670,1830,1840,NA,NA
"SINDH","MIRPUR KHAS","THARPARKAR","CHACHRO","TALUKA","ALL AGES",371769,194503,177252,14,346460,181310,165136,14,25309,13193,12116,NA,NA
"SINDH","MIRPUR KHAS","THARPARKAR","CHACHRO","TALUKA","UNDER 1",14867,7843,7024,NA,13957,7336,6621,NA,910,507,403,NA,NA
"SINDH","MIRPUR KHAS","THARPARKAR","CHACHRO","TALUKA","UNDER 5",87013,46562,40451,NA,82330,44039,38291,NA,4683,2523,2160,NA,NA
"SINDH","MIRPUR KHAS","THARPARKAR","CHACHRO","TALUKA","UNDER 10",156553,84013,72540,NA,147673,79316,68357,NA,8880,4697,4183,NA,NA
"SINDH","MIRPUR KHAS","THARPARKAR","CHACHRO","TALUKA","UNDER 15",208305,111600,96704,1,195981,105025,90955,1,12324,6575,5749,NA,NA
"SINDH","MIRPUR KHAS","THARPARKAR","CHACHRO","TALUKA","05 - 24",178622,93513,85102,7,166607,87243,79357,7,12015,6270,5745,NA,NA
"SINDH","MIRPUR KHAS","THARPARKAR","CHACHRO","TALUKA","15 - 49",133795,67220,66566,9,123090,61816,61265,9,10705,5404,5301,NA,NA
"SINDH","MIRPUR KHAS","THARPARKAR","CHACHRO","TALUKA","15 - 64",152290,77144,75135,11,140010,70875,69124,11,12280,6269,6011,NA,NA
"SINDH","MIRPUR KHAS","THARPARKAR","CHACHRO","TALUKA","18 - 60",127275,64342,62926,7,116889,59076,57806,7,10386,5266,5120,NA,NA
"SINDH","MIRPUR KHAS","THARPARKAR","CHACHRO","TALUKA","18 &  ABOVE",141662,71716,69936,10,130324,65962,64352,10,11338,5754,5584,NA,NA
"SINDH","MIRPUR KHAS","THARPARKAR","CHACHRO","TALUKA","60 &  ABOVE",15540,8074,7463,3,14505,7538,6964,3,1035,536,499,NA,NA
"SINDH","MIRPUR KHAS","THARPARKAR","CHACHRO","TALUKA","65 &  ABOVE",11174,5759,5413,2,10469,5410,5057,2,705,349,356,NA,NA
"SINDH","MIRPUR KHAS","THARPARKAR","DAHLI","TALUKA","ALL AGES",326034,173689,152345,NA,316363,168341,148022,NA,9671,5348,4323,NA,NA
"SINDH","MIRPUR KHAS","THARPARKAR","DAHLI","TALUKA","UNDER 1",17689,9227,8462,NA,17092,8924,8168,NA,597,303,294,NA,NA
"SINDH","MIRPUR KHAS","THARPARKAR","DAHLI","TALUKA","UNDER 5",89379,49638,39741,NA,86850,48200,38650,NA,2529,1438,1091,NA,NA
"SINDH","MIRPUR KHAS","THARPARKAR","DAHLI","TALUKA","UNDER 10",152049,84560,67489,NA,147513,81960,65553,NA,4536,2600,1936,NA,NA
"SINDH","MIRPUR KHAS","THARPARKAR","DAHLI","TALUKA","UNDER 15",198172,109592,88580,NA,192071,106041,86030,NA,6101,3551,2550,NA,NA
"SINDH","MIRPUR KHAS","THARPARKAR","DAHLI","TALUKA","05 - 24",159836,84948,74888,NA,154865,82168,72697,NA,4971,2780,2191,NA,NA
"SINDH","MIRPUR KHAS","THARPARKAR","DAHLI","TALUKA","15 - 49",108124,53652,54472,NA,105094,52149,52945,NA,3030,1503,1527,NA,NA
"SINDH","MIRPUR KHAS","THARPARKAR","DAHLI","TALUKA","15 - 64",120767,60420,60347,NA,117367,58714,58653,NA,3400,1706,1694,NA,NA
"SINDH","MIRPUR KHAS","THARPARKAR","DAHLI","TALUKA","18 - 60",100093,49753,50340,NA,97309,48361,48948,NA,2784,1392,1392,NA,NA
"SINDH","MIRPUR KHAS","THARPARKAR","DAHLI","TALUKA","18 &  ABOVE",109469,54538,54931,NA,106456,53024,53432,NA,3013,1514,1499,NA,NA
"SINDH","MIRPUR KHAS","THARPARKAR","DAHLI","TALUKA","60 &  ABOVE",10180,5244,4936,NA,9923,5105,4818,NA,257,139,118,NA,NA
"SINDH","MIRPUR KHAS","THARPARKAR","DAHLI","TALUKA","65 &  ABOVE",7095,3677,3418,NA,6925,3586,3339,NA,170,91,79,NA,NA
"SINDH","MIRPUR KHAS","THARPARKAR","DIPLO","TALUKA","ALL AGES",162968,84560,78406,2,149862,77818,72044,NA,13106,6742,6362,2,NA
"SINDH","MIRPUR KHAS","THARPARKAR","DIPLO","TALUKA","UNDER 1",5025,2652,2373,NA,4705,2502,2203,NA,320,150,170,NA,NA
"SINDH","MIRPUR KHAS","THARPARKAR","DIPLO","TALUKA","UNDER 5",32994,17443,15551,NA,31107,16489,14618,NA,1887,954,933,NA,NA
"SINDH","MIRPUR KHAS","THARPARKAR","DIPLO","TALUKA","UNDER 10",57669,29941,27728,NA,53915,28021,25894,NA,3754,1920,1834,NA,NA
"SINDH","MIRPUR KHAS","THARPARKAR","DIPLO","TALUKA","UNDER 15",76210,39377,36833,NA,70982,36704,34278,NA,5228,2673,2555,NA,NA
"SINDH","MIRPUR KHAS","THARPARKAR","DIPLO","TALUKA","05 - 24",68820,35023,33797,NA,63192,32134,31058,NA,5628,2889,2739,NA,NA
"SINDH","MIRPUR KHAS","THARPARKAR","DIPLO","TALUKA","15 - 49",67967,35161,32806,NA,61656,31904,29752,NA,6311,3257,3054,NA,NA
"SINDH","MIRPUR KHAS","THARPARKAR","DIPLO","TALUKA","15 - 64",79912,41580,38331,1,72558,37755,34803,NA,7354,3825,3528,1,NA
"SINDH","MIRPUR KHAS","THARPARKAR","DIPLO","TALUKA","18 - 60",68810,35833,32976,1,62361,32486,29875,NA,6449,3347,3101,1,NA
"SINDH","MIRPUR KHAS","THARPARKAR","DIPLO","TALUKA","18 &  ABOVE",77867,40566,37299,2,70716,36884,33832,NA,7151,3682,3467,2,NA
"SINDH","MIRPUR KHAS","THARPARKAR","DIPLO","TALUKA","60 &  ABOVE",9710,5130,4579,1,8958,4762,4196,NA,752,368,383,1,NA
"SINDH","MIRPUR KHAS","THARPARKAR","DIPLO","TALUKA","65 &  ABOVE",6846,3603,3242,1,6322,3359,2963,NA,524,244,279,1,NA
"SINDH","MIRPUR KHAS","THARPARKAR","ISLAMKOT","TALUKA","ALL AGES",265516,137169,128344,3,246537,127441,119093,3,18979,9728,9251,NA,NA
"SINDH","MIRPUR KHAS","THARPARKAR","ISLAMKOT","TALUKA","UNDER 1",7127,3879,3248,NA,6786,3697,3089,NA,341,182,159,NA,NA
"SINDH","MIRPUR KHAS","THARPARKAR","ISLAMKOT","TALUKA","UNDER 5",47895,25110,22785,NA,45305,23775,21530,NA,2590,1335,1255,NA,NA
"SINDH","MIRPUR KHAS","THARPARKAR","ISLAMKOT","TALUKA","UNDER 10",91898,47763,44135,NA,86616,45062,41554,NA,5282,2701,2581,NA,NA
"SINDH","MIRPUR KHAS","THARPARKAR","ISLAMKOT","TALUKA","UNDER 15",126744,65845,60898,1,119244,62017,57226,1,7500,3828,3672,NA,NA
"SINDH","MIRPUR KHAS","THARPARKAR","ISLAMKOT","TALUKA","05 - 24",124319,63608,60708,3,115819,59325,56491,3,8500,4283,4217,NA,NA
"SINDH","MIRPUR KHAS","THARPARKAR","ISLAMKOT","TALUKA","15 - 49",110689,56340,54347,2,101312,51558,49752,2,9377,4782,4595,NA,NA
"SINDH","MIRPUR KHAS","THARPARKAR","ISLAMKOT","TALUKA","15 - 64",128440,65908,62530,2,117614,60340,57272,2,10826,5568,5258,NA,NA
"SINDH","MIRPUR KHAS","THARPARKAR","ISLAMKOT","TALUKA","18 - 60",109776,56312,53464,NA,100363,51463,48900,NA,9413,4849,4564,NA,NA
"SINDH","MIRPUR KHAS","THARPARKAR","ISLAMKOT","TALUKA","18 &  ABOVE",123395,63321,60074,NA,113071,58019,55052,NA,10324,5302,5022,NA,NA
"SINDH","MIRPUR KHAS","THARPARKAR","ISLAMKOT","TALUKA","60 &  ABOVE",14507,7548,6959,NA,13540,7061,6479,NA,967,487,480,NA,NA
"SINDH","MIRPUR KHAS","THARPARKAR","ISLAMKOT","TALUKA","65 &  ABOVE",10332,5416,4916,NA,9679,5084,4595,NA,653,332,321,NA,NA
"SINDH","MIRPUR KHAS","THARPARKAR","KALOI","TALUKA","ALL AGES",129677,67259,62413,5,129677,67259,62413,5,NA,NA,NA,NA,NA
"SINDH","MIRPUR KHAS","THARPARKAR","KALOI","TALUKA","UNDER 1",4373,2311,2062,NA,4373,2311,2062,NA,NA,NA,NA,NA,NA
"SINDH","MIRPUR KHAS","THARPARKAR","KALOI","TALUKA","UNDER 5",29862,16022,13840,NA,29862,16022,13840,NA,NA,NA,NA,NA,NA
"SINDH","MIRPUR KHAS","THARPARKAR","KALOI","TALUKA","UNDER 10",50505,26539,23966,NA,50505,26539,23966,NA,NA,NA,NA,NA,NA
"SINDH","MIRPUR KHAS","THARPARKAR","KALOI","TALUKA","UNDER 15",65251,34279,30972,NA,65251,34279,30972,NA,NA,NA,NA,NA,NA
"SINDH","MIRPUR KHAS","THARPARKAR","KALOI","TALUKA","05 - 24",54813,28131,26682,NA,54813,28131,26682,NA,NA,NA,NA,NA,NA
"SINDH","MIRPUR KHAS","THARPARKAR","KALOI","TALUKA","15 - 49",52241,26520,25718,3,52241,26520,25718,3,NA,NA,NA,NA,NA
"SINDH","MIRPUR KHAS","THARPARKAR","KALOI","TALUKA","15 - 64",60419,30916,29498,5,60419,30916,29498,5,NA,NA,NA,NA,NA
"SINDH","MIRPUR KHAS","THARPARKAR","KALOI","TALUKA","18 - 60",52404,26677,25722,5,52404,26677,25722,5,NA,NA,NA,NA,NA
"SINDH","MIRPUR KHAS","THARPARKAR","KALOI","TALUKA","18 &  ABOVE",57848,29455,28388,5,57848,29455,28388,5,NA,NA,NA,NA,NA
"SINDH","MIRPUR KHAS","THARPARKAR","KALOI","TALUKA","60 &  ABOVE",5894,3042,2852,NA,5894,3042,2852,NA,NA,NA,NA,NA,NA
"SINDH","MIRPUR KHAS","THARPARKAR","KALOI","TALUKA","65 &  ABOVE",4007,2064,1943,NA,4007,2064,1943,NA,NA,NA,NA,NA,NA
"SINDH","MIRPUR KHAS","THARPARKAR","MITHI","TALUKA","ALL AGES",239091,123954,115133,4,174226,89871,84352,3,64865,34083,30781,1,NA
"SINDH","MIRPUR KHAS","THARPARKAR","MITHI","TALUKA","UNDER 1",5529,2890,2639,NA,4440,2315,2125,NA,1089,575,514,NA,NA
"SINDH","MIRPUR KHAS","THARPARKAR","MITHI","TALUKA","UNDER 5",40411,20895,19516,NA,30709,15750,14959,NA,9702,5145,4557,NA,NA
"SINDH","MIRPUR KHAS","THARPARKAR","MITHI","TALUKA","UNDER 10",77612,39914,37698,NA,59142,30308,28834,NA,18470,9606,8864,NA,NA
"SINDH","MIRPUR KHAS","THARPARKAR","MITHI","TALUKA","UNDER 15",107728,55476,52252,NA,81523,41712,39811,NA,26205,13764,12441,NA,NA
"SINDH","MIRPUR KHAS","THARPARKAR","MITHI","TALUKA","05 - 24",107383,55390,51992,1,79069,40413,38655,1,28314,14977,13337,NA,NA
"SINDH","MIRPUR KHAS","THARPARKAR","MITHI","TALUKA","15 - 49",104230,53983,50245,2,73070,37653,35415,2,31160,16330,14830,NA,NA
"SINDH","MIRPUR KHAS","THARPARKAR","MITHI","TALUKA","15 - 64",121902,63595,58303,4,85563,44397,41163,3,36339,19198,17140,1,NA
"SINDH","MIRPUR KHAS","THARPARKAR","MITHI","TALUKA","18 - 60",104841,54664,50173,4,73469,38199,35267,3,31372,16465,14906,1,NA
"SINDH","MIRPUR KHAS","THARPARKAR","MITHI","TALUKA","18 &  ABOVE",117325,61068,56253,4,82794,43036,39755,3,34531,18032,16498,1,NA
"SINDH","MIRPUR KHAS","THARPARKAR","MITHI","TALUKA","60 &  ABOVE",13394,6966,6427,1,10028,5279,4748,1,3366,1687,1679,NA,NA
"SINDH","MIRPUR KHAS","THARPARKAR","MITHI","TALUKA","65 &  ABOVE",9461,4883,4578,NA,7140,3762,3378,NA,2321,1121,1200,NA,NA
"SINDH","MIRPUR KHAS","THARPARKAR","NAGAR PARKAR","TALUKA","ALL AGES",283068,147062,136001,5,270829,140794,130030,5,12239,6268,5971,NA,NA
"SINDH","MIRPUR KHAS","THARPARKAR","NAGAR PARKAR","TALUKA","UNDER 1",7592,4206,3386,NA,7228,4008,3220,NA,364,198,166,NA,NA
"SINDH","MIRPUR KHAS","THARPARKAR","NAGAR PARKAR","TALUKA","UNDER 5",54296,28411,25885,NA,52236,27393,24843,NA,2060,1018,1042,NA,NA
"SINDH","MIRPUR KHAS","THARPARKAR","NAGAR PARKAR","TALUKA","UNDER 10",102862,53574,49288,NA,98627,51447,47180,NA,4235,2127,2108,NA,NA
"SINDH","MIRPUR KHAS","THARPARKAR","NAGAR PARKAR","TALUKA","UNDER 15",140001,73065,66935,1,134360,70212,64147,1,5641,2853,2788,NA,NA
"SINDH","MIRPUR KHAS","THARPARKAR","NAGAR PARKAR","TALUKA","05 - 24",131690,68255,63431,4,126048,65353,60691,4,5642,2902,2740,NA,NA
"SINDH","MIRPUR KHAS","THARPARKAR","NAGAR PARKAR","TALUKA","15 - 49",114046,58637,55405,4,108605,55828,52773,4,5441,2809,2632,NA,NA
"SINDH","MIRPUR KHAS","THARPARKAR","NAGAR PARKAR","TALUKA","15 - 64",132139,68380,63755,4,125962,65171,60787,4,6177,3209,2968,NA,NA
"SINDH","MIRPUR KHAS","THARPARKAR","NAGAR PARKAR","TALUKA","18 - 60",113146,58299,54843,4,107848,55577,52267,4,5298,2722,2576,NA,NA
"SINDH","MIRPUR KHAS","THARPARKAR","NAGAR PARKAR","TALUKA","18 &  ABOVE",127543,65567,61972,4,121656,62570,59082,4,5887,2997,2890,NA,NA
"SINDH","MIRPUR KHAS","THARPARKAR","NAGAR PARKAR","TALUKA","60 &  ABOVE",15430,7884,7546,NA,14808,7588,7220,NA,622,296,326,NA,NA
"SINDH","MIRPUR KHAS","THARPARKAR","NAGAR PARKAR","TALUKA","65 &  ABOVE",10928,5617,5311,NA,10507,5411,5096,NA,421,206,215,NA,NA
"SINDH","HYDERABAD","THATTA","GHORABARI","TALUKA","ALL AGES",198920,102091,96827,2,163775,84097,79676,2,35145,17994,17151,NA,NA
"SINDH","HYDERABAD","THATTA","GHORABARI","TALUKA","UNDER 1",3599,1895,1704,NA,2503,1321,1182,NA,1096,574,522,NA,NA
"SINDH","HYDERABAD","THATTA","GHORABARI","TALUKA","UNDER 5",33788,17177,16611,NA,26541,13373,13168,NA,7247,3804,3443,NA,NA
"SINDH","HYDERABAD","THATTA","GHORABARI","TALUKA","UNDER 10",68764,35235,33529,NA,54859,27913,26946,NA,13905,7322,6583,NA,NA
"SINDH","HYDERABAD","THATTA","GHORABARI","TALUKA","UNDER 15",93057,47638,45419,NA,74938,38192,36746,NA,18119,9446,8673,NA,NA
"SINDH","HYDERABAD","THATTA","GHORABARI","TALUKA","05 - 24",92523,47124,45397,2,76285,38846,37437,2,16238,8278,7960,NA,NA
"SINDH","HYDERABAD","THATTA","GHORABARI","TALUKA","15 - 49",87166,44364,42800,2,72772,37180,35590,2,14394,7184,7210,NA,NA
"SINDH","HYDERABAD","THATTA","GHORABARI","TALUKA","15 - 64",100066,51404,48660,2,83823,43237,40584,2,16243,8167,8076,NA,NA
"SINDH","HYDERABAD","THATTA","GHORABARI","TALUKA","18 - 60",86542,44527,42015,NA,72513,37449,35064,NA,14029,7078,6951,NA,NA
"SINDH","HYDERABAD","THATTA","GHORABARI","TALUKA","18 &  ABOVE",94361,48564,45797,NA,79247,40957,38290,NA,15114,7607,7507,NA,NA
"SINDH","HYDERABAD","THATTA","GHORABARI","TALUKA","60 &  ABOVE",8784,4562,4222,NA,7556,3957,3599,NA,1228,605,623,NA,NA
"SINDH","HYDERABAD","THATTA","GHORABARI","TALUKA","65 &  ABOVE",5797,3049,2748,NA,5014,2668,2346,NA,783,381,402,NA,NA
"SINDH","HYDERABAD","THATTA","KETI BUNDER","TALUKA","ALL AGES",63217,32645,30571,1,63217,32645,30571,1,NA,NA,NA,NA,NA
"SINDH","HYDERABAD","THATTA","KETI BUNDER","TALUKA","UNDER 1",1080,564,516,NA,1080,564,516,NA,NA,NA,NA,NA,NA
"SINDH","HYDERABAD","THATTA","KETI BUNDER","TALUKA","UNDER 5",10072,5060,5012,NA,10072,5060,5012,NA,NA,NA,NA,NA,NA
"SINDH","HYDERABAD","THATTA","KETI BUNDER","TALUKA","UNDER 10",19907,10040,9867,NA,19907,10040,9867,NA,NA,NA,NA,NA,NA
"SINDH","HYDERABAD","THATTA","KETI BUNDER","TALUKA","UNDER 15",27389,13844,13545,NA,27389,13844,13545,NA,NA,NA,NA,NA,NA
"SINDH","HYDERABAD","THATTA","KETI BUNDER","TALUKA","05 - 24",27983,14283,13700,NA,27983,14283,13700,NA,NA,NA,NA,NA,NA
"SINDH","HYDERABAD","THATTA","KETI BUNDER","TALUKA","15 - 49",28931,14999,13931,1,28931,14999,13931,1,NA,NA,NA,NA,NA
"SINDH","HYDERABAD","THATTA","KETI BUNDER","TALUKA","15 - 64",33631,17625,16005,1,33631,17625,16005,1,NA,NA,NA,NA,NA
"SINDH","HYDERABAD","THATTA","KETI BUNDER","TALUKA","18 - 60",28857,15166,13690,1,28857,15166,13690,1,NA,NA,NA,NA,NA
"SINDH","HYDERABAD","THATTA","KETI BUNDER","TALUKA","18 &  ABOVE",31888,16774,15113,1,31888,16774,15113,1,NA,NA,NA,NA,NA
"SINDH","HYDERABAD","THATTA","KETI BUNDER","TALUKA","60 &  ABOVE",3377,1800,1577,NA,3377,1800,1577,NA,NA,NA,NA,NA,NA
"SINDH","HYDERABAD","THATTA","KETI BUNDER","TALUKA","65 &  ABOVE",2197,1176,1021,NA,2197,1176,1021,NA,NA,NA,NA,NA,NA
"SINDH","HYDERABAD","THATTA","MIRPUR SAKRO","TALUKA","ALL AGES",376078,193082,182971,25,323404,166403,156981,20,52674,26679,25990,5,NA
"SINDH","HYDERABAD","THATTA","MIRPUR SAKRO","TALUKA","UNDER 1",7483,3834,3649,NA,6706,3448,3258,NA,777,386,391,NA,NA
"SINDH","HYDERABAD","THATTA","MIRPUR SAKRO","TALUKA","UNDER 5",61778,31636,30142,NA,54166,27841,26325,NA,7612,3795,3817,NA,NA
"SINDH","HYDERABAD","THATTA","MIRPUR SAKRO","TALUKA","UNDER 10",122411,62379,60032,NA,106825,54675,52150,NA,15586,7704,7882,NA,NA
"SINDH","HYDERABAD","THATTA","MIRPUR SAKRO","TALUKA","UNDER 15",168756,85875,82881,NA,146809,75007,71802,NA,21947,10868,11079,NA,NA
"SINDH","HYDERABAD","THATTA","MIRPUR SAKRO","TALUKA","05 - 24",171770,87000,84760,10,147618,75005,72604,9,24152,11995,12156,1,NA
"SINDH","HYDERABAD","THATTA","MIRPUR SAKRO","TALUKA","15 - 49",169794,86863,82913,18,144474,73924,70536,14,25320,12939,12377,4,NA
"SINDH","HYDERABAD","THATTA","MIRPUR SAKRO","TALUKA","15 - 64",196315,101377,94914,24,167152,86362,80771,19,29163,15015,14143,5,NA
"SINDH","HYDERABAD","THATTA","MIRPUR SAKRO","TALUKA","18 - 60",168436,87040,81378,18,143451,74135,69303,13,24985,12905,12075,5,NA
"SINDH","HYDERABAD","THATTA","MIRPUR SAKRO","TALUKA","18 &  ABOVE",183999,95228,88752,19,156788,81174,75600,14,27211,14054,13152,5,NA
"SINDH","HYDERABAD","THATTA","MIRPUR SAKRO","TALUKA","60 &  ABOVE",17219,9131,8085,3,14803,7872,6928,3,2416,1259,1157,NA,NA
"SINDH","HYDERABAD","THATTA","MIRPUR SAKRO","TALUKA","65 &  ABOVE",11007,5830,5176,1,9443,5034,4408,1,1564,796,768,NA,NA
"SINDH","HYDERABAD","THATTA","THATTA","TALUKA","ALL AGES",444976,227434,217526,16,339116,173962,165145,9,105860,53472,52381,7,NA
"SINDH","HYDERABAD","THATTA","THATTA","TALUKA","UNDER 1",6310,3114,3196,NA,4710,2344,2366,NA,1600,770,830,NA,NA
"SINDH","HYDERABAD","THATTA","THATTA","TALUKA","UNDER 5",66008,32985,33023,NA,51585,25750,25835,NA,14423,7235,7188,NA,NA
"SINDH","HYDERABAD","THATTA","THATTA","TALUKA","UNDER 10",135639,67936,67703,NA,106478,53502,52976,NA,29161,14434,14727,NA,NA
"SINDH","HYDERABAD","THATTA","THATTA","TALUKA","UNDER 15",189863,95533,94324,6,148339,74927,73407,5,41524,20606,20917,1,NA
"SINDH","HYDERABAD","THATTA","THATTA","TALUKA","05 - 24",201813,102419,99387,7,154988,79230,75752,6,46825,23189,23635,1,NA
"SINDH","HYDERABAD","THATTA","THATTA","TALUKA","15 - 49",206927,105907,101014,6,154822,79690,75129,3,52105,26217,25885,3,NA
"SINDH","HYDERABAD","THATTA","THATTA","TALUKA","15 - 64",240992,124394,116589,9,180134,93383,86747,4,60858,31011,29842,5,NA
"SINDH","HYDERABAD","THATTA","THATTA","TALUKA","18 - 60",206321,106250,100063,8,153895,79601,74291,3,52426,26649,25772,5,NA
"SINDH","HYDERABAD","THATTA","THATTA","TALUKA","18 &  ABOVE",226346,116882,109455,9,168933,87561,81369,3,57413,29321,28086,6,NA
"SINDH","HYDERABAD","THATTA","THATTA","TALUKA","60 &  ABOVE",22213,11864,10347,2,16651,8885,7766,NA,5562,2979,2581,2,NA
"SINDH","HYDERABAD","THATTA","THATTA","TALUKA","65 &  ABOVE",14121,7507,6613,1,10643,5652,4991,NA,3478,1855,1622,1,NA
"SINDH","MIRPUR KHAS","UMER KOT","KUNRI","TALUKA","ALL AGES",236831,123360,113468,3,196380,102546,93832,2,40451,20814,19636,1,NA
"SINDH","MIRPUR KHAS","UMER KOT","KUNRI","TALUKA","UNDER 1",5680,2910,2770,NA,4908,2494,2414,NA,772,416,356,NA,NA
"SINDH","MIRPUR KHAS","UMER KOT","KUNRI","TALUKA","UNDER 5",43900,22959,20941,NA,38321,19994,18327,NA,5579,2965,2614,NA,NA
"SINDH","MIRPUR KHAS","UMER KOT","KUNRI","TALUKA","UNDER 10",82572,43144,39428,NA,71719,37470,34249,NA,10853,5674,5179,NA,NA
"SINDH","MIRPUR KHAS","UMER KOT","KUNRI","TALUKA","UNDER 15",112099,59136,52963,NA,96394,50933,45461,NA,15705,8203,7502,NA,NA
"SINDH","MIRPUR KHAS","UMER KOT","KUNRI","TALUKA","05 - 24",107665,57305,50360,NA,90166,48221,41945,NA,17499,9084,8415,NA,NA
"SINDH","MIRPUR KHAS","UMER KOT","KUNRI","TALUKA","15 - 49",101865,52600,49263,2,82175,42594,39580,1,19690,10006,9683,1,NA
"SINDH","MIRPUR KHAS","UMER KOT","KUNRI","TALUKA","15 - 64",117597,60809,56785,3,94395,48939,45454,2,23202,11870,11331,1,NA
"SINDH","MIRPUR KHAS","UMER KOT","KUNRI","TALUKA","18 - 60",101613,51861,49749,3,81595,41679,39914,2,20018,10182,9835,1,NA
"SINDH","MIRPUR KHAS","UMER KOT","KUNRI","TALUKA","18 &  ABOVE",111410,56550,54857,3,89256,45319,43935,2,22154,11231,10922,1,NA
"SINDH","MIRPUR KHAS","UMER KOT","KUNRI","TALUKA","60 &  ABOVE",10572,5130,5442,NA,8262,3975,4287,NA,2310,1155,1155,NA,NA
"SINDH","MIRPUR KHAS","UMER KOT","KUNRI","TALUKA","65 &  ABOVE",7135,3415,3720,NA,5591,2674,2917,NA,1544,741,803,NA,NA
"SINDH","MIRPUR KHAS","UMER KOT","PITHORO","TALUKA","ALL AGES",130272,68466,61802,4,117057,61522,55533,2,13215,6944,6269,2,NA
"SINDH","MIRPUR KHAS","UMER KOT","PITHORO","TALUKA","UNDER 1",3104,1652,1452,NA,2885,1529,1356,NA,219,123,96,NA,NA
"SINDH","MIRPUR KHAS","UMER KOT","PITHORO","TALUKA","UNDER 5",23897,12714,11183,NA,22177,11783,10394,NA,1720,931,789,NA,NA
"SINDH","MIRPUR KHAS","UMER KOT","PITHORO","TALUKA","UNDER 10",46106,24570,21536,NA,42526,22636,19890,NA,3580,1934,1646,NA,NA
"SINDH","MIRPUR KHAS","UMER KOT","PITHORO","TALUKA","UNDER 15",62922,33787,29133,2,57624,30883,26739,2,5298,2904,2394,NA,NA
"SINDH","MIRPUR KHAS","UMER KOT","PITHORO","TALUKA","05 - 24",60511,32533,27976,2,54584,29374,25208,2,5927,3159,2768,NA,NA
"SINDH","MIRPUR KHAS","UMER KOT","PITHORO","TALUKA","15 - 49",55382,28662,26719,1,48966,25383,23583,NA,6416,3279,3136,1,NA
"SINDH","MIRPUR KHAS","UMER KOT","PITHORO","TALUKA","15 - 64",63738,33007,30729,2,56266,29168,27098,NA,7472,3839,3631,2,NA
"SINDH","MIRPUR KHAS","UMER KOT","PITHORO","TALUKA","18 - 60",54802,28025,26776,1,48329,24708,23621,NA,6473,3317,3155,1,NA
"SINDH","MIRPUR KHAS","UMER KOT","PITHORO","TALUKA","18 &  ABOVE",59823,30384,29437,2,52736,26778,25958,NA,7087,3606,3479,2,NA
"SINDH","MIRPUR KHAS","UMER KOT","PITHORO","TALUKA","60 &  ABOVE",5436,2591,2844,1,4755,2264,2491,NA,681,327,353,1,NA
"SINDH","MIRPUR KHAS","UMER KOT","PITHORO","TALUKA","65 &  ABOVE",3612,1672,1940,NA,3167,1471,1696,NA,445,201,244,NA,NA
"SINDH","MIRPUR KHAS","UMER KOT","SAMARO","TALUKA","ALL AGES",184051,96629,87420,2,174444,91654,82788,2,9607,4975,4632,NA,NA
"SINDH","MIRPUR KHAS","UMER KOT","SAMARO","TALUKA","UNDER 1",7047,3753,3294,NA,6753,3609,3144,NA,294,144,150,NA,NA
"SINDH","MIRPUR KHAS","UMER KOT","SAMARO","TALUKA","UNDER 5",37388,20074,17314,NA,36114,19404,16710,NA,1274,670,604,NA,NA
"SINDH","MIRPUR KHAS","UMER KOT","SAMARO","TALUKA","UNDER 10",69185,37033,32152,NA,66651,35706,30945,NA,2534,1327,1207,NA,NA
"SINDH","MIRPUR KHAS","UMER KOT","SAMARO","TALUKA","UNDER 15",92399,49708,42691,NA,88781,47795,40986,NA,3618,1913,1705,NA,NA
"SINDH","MIRPUR KHAS","UMER KOT","SAMARO","TALUKA","05 - 24",84968,45488,39479,1,80991,43382,37608,1,3977,2106,1871,NA,NA
"SINDH","MIRPUR KHAS","UMER KOT","SAMARO","TALUKA","15 - 49",75634,38921,36711,2,70839,36429,34408,2,4795,2492,2303,NA,NA
"SINDH","MIRPUR KHAS","UMER KOT","SAMARO","TALUKA","15 - 64",86920,44728,42190,2,81237,41791,39444,2,5683,2937,2746,NA,NA
"SINDH","MIRPUR KHAS","UMER KOT","SAMARO","TALUKA","18 - 60",74661,38047,36612,2,69641,35461,34178,2,5020,2586,2434,NA,NA
"SINDH","MIRPUR KHAS","UMER KOT","SAMARO","TALUKA","18 &  ABOVE",81264,41123,40139,2,75774,38332,37440,2,5490,2791,2699,NA,NA
"SINDH","MIRPUR KHAS","UMER KOT","SAMARO","TALUKA","60 &  ABOVE",7126,3374,3752,NA,6619,3148,3471,NA,507,226,281,NA,NA
"SINDH","MIRPUR KHAS","UMER KOT","SAMARO","TALUKA","65 &  ABOVE",4732,2193,2539,NA,4426,2068,2358,NA,306,125,181,NA,NA
"SINDH","MIRPUR KHAS","UMER KOT","UMER KOT","TALUKA","ALL AGES",607130,317616,289498,16,412448,215650,196789,9,194682,101966,92709,7,NA
"SINDH","MIRPUR KHAS","UMER KOT","UMER KOT","TALUKA","UNDER 1",14818,7895,6923,NA,11154,5984,5170,NA,3664,1911,1753,NA,NA
"SINDH","MIRPUR KHAS","UMER KOT","UMER KOT","TALUKA","UNDER 5",107152,56371,50781,NA,79130,41708,37422,NA,28022,14663,13359,NA,NA
"SINDH","MIRPUR KHAS","UMER KOT","UMER KOT","TALUKA","UNDER 10",208722,109699,99023,NA,151209,79559,71650,NA,57513,30140,27373,NA,NA
"SINDH","MIRPUR KHAS","UMER KOT","UMER KOT","TALUKA","UNDER 15",286324,151440,134881,3,204512,108199,96311,2,81812,43241,38570,1,NA
"SINDH","MIRPUR KHAS","UMER KOT","UMER KOT","TALUKA","05 - 24",281602,149635,131959,8,192177,102065,90106,6,89425,47570,41853,2,NA
"SINDH","MIRPUR KHAS","UMER KOT","UMER KOT","TALUKA","15 - 49",263746,136996,126739,11,170424,88274,82143,7,93322,48722,44596,4,NA
"SINDH","MIRPUR KHAS","UMER KOT","UMER KOT","TALUKA","15 - 64",303241,157766,145463,12,196023,101684,94332,7,107218,56082,51131,5,NA
"SINDH","MIRPUR KHAS","UMER KOT","UMER KOT","TALUKA","18 - 60",262502,135164,127329,9,169487,86916,82566,5,93015,48248,44763,4,NA
"SINDH","MIRPUR KHAS","UMER KOT","UMER KOT","TALUKA","18 &  ABOVE",286577,146906,139661,10,185654,94821,90828,5,100923,52085,48833,5,NA
"SINDH","MIRPUR KHAS","UMER KOT","UMER KOT","TALUKA","60 &  ABOVE",25833,12781,13051,1,17329,8592,8737,NA,8504,4189,4314,1,NA
"SINDH","MIRPUR KHAS","UMER KOT","UMER KOT","TALUKA","65 &  ABOVE",17565,8410,9154,1,11913,5767,6146,NA,5652,2643,3008,1,NA
